start	end	size	name
0x94444	0x94488	0x44	FUN_0000000000094444
0x94488	0x9449C	0x14	FUN_0000000000094488
0x9449C	0x944B8	0x1C	FUN_000000000009449C
0x944B8	0x94520	0x68	FUN_00000000000944B8
0x94520	0x94588	0x68	FUN_0000000000094520
0x94588	0x945F0	0x68	FUN_0000000000094588
0x945F0	0x94660	0x70	FUN_00000000000945F0
0x94660	0x94750	0xF0	FUN_0000000000094660
0x94750	0x9483C	0xEC	FUN_0000000000094750
0x9483C	0x94A54	0x218	FUN_000000000009483C
0x94A54	0x94B44	0xF0	FUN_0000000000094A54
0x94B44	0x94C68	0x124	FUN_0000000000094B44
0x94C68	0x94CD0	0x68	FUN_0000000000094C68
0x94CD0	0x94D40	0x70	FUN_0000000000094CD0
0x94D40	0x94DA8	0x68	FUN_0000000000094D40
0x94DA8	0x94ECC	0x124	FUN_0000000000094DA8
0x94ECC	0x94F34	0x68	FUN_0000000000094ECC
0x94F34	0x95070	0x13C	FUN_0000000000094F34
0x95070	0x9525C	0x1EC	FUN_0000000000095070
0x9525C	0x952C4	0x68	FUN_000000000009525C
0x952C4	0x95400	0x13C	FUN_00000000000952C4
0x95400	0x95468	0x68	FUN_0000000000095400
0x95468	0x955C0	0x158	FUN_0000000000095468
0x955C0	0x95630	0x70	FUN_00000000000955C0
0x95630	0x9576C	0x13C	FUN_0000000000095630
0x9576C	0x95A90	0x324	FUN_000000000009576C
0x95A90	0x95AD0	0x40	FUN_0000000000095A90
0x95AD0	0x95C7C	0x1AC	FUN_0000000000095AD0
0x95C7C	0x95DE4	0x168	FUN_0000000000095C7C
0x95DE4	0x95F24	0x140	FUN_0000000000095DE4
0x95F24	0x96044	0x120	FUN_0000000000095F24
0x96044	0x960C0	0x7C	FUN_0000000000096044
0x960C0	0x961D8	0x118	FUN_00000000000960C0
0x961D8	0x96308	0x130	FUN_00000000000961D8
0x96308	0x9651C	0x214	FUN_0000000000096308
0x9651C	0x96564	0x48	FUN_000000000009651C
0x96564	0x965A4	0x40	FUN_0000000000096564
0x965A4	0x965E4	0x40	FUN_00000000000965A4
0x965E4	0x96624	0x40	FUN_00000000000965E4
0x96624	0x967B0	0x18C	FUN_0000000000096624
0x967B0	0x96844	0x94	FUN_00000000000967B0
0x96844	0x96A88	0x244	FUN_0000000000096844
0x96A88	0x96AE4	0x5C	FUN_0000000000096A88
0x96AE4	0x96B30	0x4C	FUN_0000000000096AE4
0x96B30	0x96E14	0x2E4	FUN_0000000000096B30
0x96E14	0x96E8C	0x78	FUN_0000000000096E14
0x96E8C	0x978AC	0xA20	FUN_0000000000096E8C
0x978AC	0x979DC	0x130	FUN_00000000000978AC
0x979DC	0x97A40	0x64	FUN_00000000000979DC
0x97A40	0x97A84	0x44	FUN_0000000000097A40
0x97A84	0x97B00	0x7C	FUN_0000000000097A84
0x97B00	0x97B30	0x30	FUN_0000000000097B00
0x97B30	0x97D64	0x234	FUN_0000000000097B30
0x97D64	0x97D9C	0x38	FUN_0000000000097D64
0x97D9C	0x97DDC	0x40	FUN_0000000000097D9C
0x97DDC	0x97F40	0x164	FUN_0000000000097DDC
0x97F40	0x9808C	0x14C	FUN_0000000000097F40
0x9808C	0x983A0	0x314	FUN_000000000009808C
0x983A0	0x986A4	0x304	FUN_00000000000983A0
0x986A4	0x987D4	0x130	FUN_00000000000986A4
0x987D4	0x98850	0x7C	FUN_00000000000987D4
0x98850	0x98904	0xB4	FUN_0000000000098850
0x98904	0x98B7C	0x278	FUN_0000000000098904
0x98B7C	0x98E54	0x2D8	FUN_0000000000098B7C
0x98E54	0x98F98	0x144	FUN_0000000000098E54
0x98F98	0x991A8	0x210	FUN_0000000000098F98
0x991A8	0x9922C	0x84	FUN_00000000000991A8
0x9922C	0x99398	0x16C	FUN_000000000009922C
0x99398	0x99474	0xDC	FUN_0000000000099398
0x99474	0x99578	0x104	FUN_0000000000099474
0x99578	0x995A8	0x30	FUN_0000000000099578
0x995A8	0x99660	0xB8	FUN_00000000000995A8
0x99660	0x996A8	0x48	FUN_0000000000099660
0x996A8	0x99C98	0x5F0	FUN_00000000000996A8
0x99C98	0x99DD0	0x138	FUN_0000000000099C98
0x99DD0	0x99F10	0x140	FUN_0000000000099DD0
0x99F10	0x99FA8	0x98	FUN_0000000000099F10
0x99FA8	0x9A050	0xA8	FUN_0000000000099FA8
0x9A050	0x9A3E0	0x390	FUN_000000000009A050
0x9A3E0	0x9A4D0	0xF0	FUN_000000000009A3E0
0x9A4D0	0x9A6AC	0x1DC	FUN_000000000009A4D0
0x9A6AC	0x9A7A0	0xF4	FUN_000000000009A6AC
0x9A7A0	0x9A894	0xF4	FUN_000000000009A7A0
0x9A894	0x9A8E8	0x54	FUN_000000000009A894
0x9A8E8	0x9A934	0x4C	FUN_000000000009A8E8
0x9A934	0x9AC84	0x350	FUN_000000000009A934
0x9AC84	0x9AD9C	0x118	FUN_000000000009AC84
0x9AD9C	0x9AF60	0x1C4	FUN_000000000009AD9C
0x9AF60	0x9AFBC	0x5C	FUN_000000000009AF60
0x9AFBC	0x9B0F4	0x138	FUN_000000000009AFBC
0x9B0F4	0x9B30C	0x218	FUN_000000000009B0F4
0x9B30C	0x9BAB4	0x7A8	FUN_000000000009B30C
0x9BAB4	0x9BD3C	0x288	FUN_000000000009BAB4
0x9BD3C	0x9C078	0x33C	FUN_000000000009BD3C
0x9C078	0x9C18C	0x114	FUN_000000000009C078
0x9C18C	0x9C2CC	0x140	FUN_000000000009C18C
0x9C2CC	0x9C464	0x198	FUN_000000000009C2CC
0x9C464	0x9C788	0x324	FUN_000000000009C464
0x9C788	0x9D018	0x890	FUN_000000000009C788
0x9D018	0x9D0B4	0x9C	FUN_000000000009D018
0x9D0B4	0x9D10C	0x58	FUN_000000000009D0B4
0x9D10C	0x9D25C	0x150	FUN_000000000009D10C
0x9D25C	0x9D298	0x3C	FUN_000000000009D25C
0x9D298	0x9D39C	0x104	FUN_000000000009D298
0x9D39C	0x9D54C	0x1B0	FUN_000000000009D39C
0x9D54C	0x9D5C8	0x7C	FUN_000000000009D54C
0x9D5C8	0x9D834	0x26C	FUN_000000000009D5C8
0x9D834	0x9D92C	0xF8	FUN_000000000009D834
0x9D92C	0x9DA38	0x10C	FUN_000000000009D92C
0x9DA38	0x9DA7C	0x44	FUN_000000000009DA38
0x9DA7C	0x9E28C	0x810	FUN_000000000009DA7C
0x9E28C	0x9E384	0xF8	FUN_000000000009E28C
0x9E384	0x9E59C	0x218	FUN_000000000009E384
0x9E59C	0x9E748	0x1AC	FUN_000000000009E59C
0x9E748	0x9E794	0x4C	FUN_000000000009E748
0x9E794	0x9E7CC	0x38	FUN_000000000009E794
0x9E7CC	0x9E804	0x38	FUN_000000000009E7CC
0x9E804	0x9E8CC	0xC8	FUN_000000000009E804
0x9E8CC	0x9E928	0x5C	FUN_000000000009E8CC
0x9E928	0x9EBF8	0x2D0	FUN_000000000009E928
0x9EBF8	0x9EF64	0x36C	FUN_000000000009EBF8
0x9EF64	0x9F090	0x12C	FUN_000000000009EF64
0x9F090	0x9F0E0	0x50	FUN_000000000009F090
0x9F0E0	0x9F170	0x90	FUN_000000000009F0E0
0x9F170	0x9F1B8	0x48	FUN_000000000009F170
0x9F1B8	0x9F454	0x29C	FUN_000000000009F1B8
0x9F454	0x9F494	0x40	FUN_000000000009F454
0x9F494	0x9F4D4	0x40	FUN_000000000009F494
0x9F4D4	0x9F5FC	0x128	FUN_000000000009F4D4
0x9F5FC	0x9F72C	0x130	FUN_000000000009F5FC
0x9F72C	0x9F780	0x54	FUN_000000000009F72C
0x9F780	0x9F95C	0x1DC	FUN_000000000009F780
0x9F95C	0x9FA98	0x13C	FUN_000000000009F95C
0x9FA98	0xA0AD4	0x103C	FUN_000000000009FA98
0xA0AD4	0xA0B74	0xA0	FUN_00000000000A0AD4
0xA0B74	0xA0CAC	0x138	FUN_00000000000A0B74
0xA0CAC	0xA0CD8	0x2C	FUN_00000000000A0CAC
0xA0CD8	0xA0D0C	0x34	FUN_00000000000A0CD8
0xA0D0C	0xA11F8	0x4EC	FUN_00000000000A0D0C
0xA11F8	0xA12B8	0xC0	FUN_00000000000A11F8
0xA12B8	0xA1350	0x98	FUN_00000000000A12B8
0xA1350	0xA148C	0x13C	FUN_00000000000A1350
0xA148C	0xA15C8	0x13C	FUN_00000000000A148C
0xA15C8	0xA1608	0x40	FUN_00000000000A15C8
0xA1608	0xA1824	0x21C	FUN_00000000000A1608
0xA1824	0xA1998	0x174	FUN_00000000000A1824
0xA1998	0xA19FC	0x64	FUN_00000000000A1998
0xA19FC	0xA1A30	0x34	FUN_00000000000A19FC
0xA1A30	0xA1B38	0x108	FUN_00000000000A1A30
0xA1B38	0xA1B74	0x3C	FUN_00000000000A1B38
0xA1B74	0xA1C84	0x110	FUN_00000000000A1B74
0xA1C84	0xA1CB8	0x34	FUN_00000000000A1C84
0xA1CB8	0xA1E80	0x1C8	FUN_00000000000A1CB8
0xA1E80	0xA22B8	0x438	FUN_00000000000A1E80
0xA22B8	0xA3CA0	0x19E8	FUN_00000000000A22B8
0xA3CA0	0xA3CD0	0x30	FUN_00000000000A3CA0
0xA3CD0	0xA3EBC	0x1EC	FUN_00000000000A3CD0
0xA3EBC	0xA4164	0x2A8	FUN_00000000000A3EBC
0xA4164	0xA42E0	0x17C	FUN_00000000000A4164
0xA42E0	0xA43F0	0x110	FUN_00000000000A42E0
0xA43F0	0xA4504	0x114	FUN_00000000000A43F0
0xA4504	0xA46E0	0x1DC	FUN_00000000000A4504
0xA46E0	0xA473C	0x5C	FUN_00000000000A46E0
0xA473C	0xA4830	0xF4	FUN_00000000000A473C
0xA4830	0xA4974	0x144	FUN_00000000000A4830
0xA4974	0xA4A18	0xA4	FUN_00000000000A4974
0xA4A18	0xA4C50	0x238	FUN_00000000000A4A18
0xA4C50	0xA501C	0x3CC	FUN_00000000000A4C50
0xA501C	0xA52E8	0x2CC	FUN_00000000000A501C
0xA52E8	0xA6E30	0x1B48	FUN_00000000000A52E8
0xA6E30	0xA75F4	0x7C4	FUN_00000000000A6E30
0xA75F4	0xA7710	0x11C	FUN_00000000000A75F4
0xA7710	0xA777C	0x6C	FUN_00000000000A7710
0xA777C	0xA80C8	0x94C	FUN_00000000000A777C
0xA80C8	0xA8108	0x40	FUN_00000000000A80C8
0xA8108	0xA8B0C	0xA04	FUN_00000000000A8108
0xA8B0C	0xA90E4	0x5D8	FUN_00000000000A8B0C
0xA90E4	0xA9840	0x75C	FUN_00000000000A90E4
0xA9840	0xA9B1C	0x2DC	FUN_00000000000A9840
0xA9B1C	0xAA96C	0xE50	FUN_00000000000A9B1C
0xAA96C	0xAB4C4	0xB58	FUN_00000000000AA96C
0xAB4C4	0xABB70	0x6AC	FUN_00000000000AB4C4
0xABB70	0xABD68	0x1F8	FUN_00000000000ABB70
0xABD68	0xABE88	0x120	FUN_00000000000ABD68
0xABE88	0xABF90	0x108	FUN_00000000000ABE88
0xABF90	0xAC2A0	0x310	FUN_00000000000ABF90
0xAC2A0	0xAC434	0x194	FUN_00000000000AC2A0
0xAC434	0xAC574	0x140	FUN_00000000000AC434
0xAC574	0xAC9D8	0x464	FUN_00000000000AC574
0xAC9D8	0xACAEC	0x114	FUN_00000000000AC9D8
0xACAEC	0xACB48	0x5C	FUN_00000000000ACAEC
0xACB48	0xACBA4	0x5C	FUN_00000000000ACB48
0xACBA4	0xACE94	0x2F0	FUN_00000000000ACBA4
0xACE94	0xAD6C8	0x834	FUN_00000000000ACE94
0xAD6C8	0xAD7E4	0x11C	FUN_00000000000AD6C8
0xAD7E4	0xADB50	0x36C	FUN_00000000000AD7E4
0xADB50	0xAE314	0x7C4	FUN_00000000000ADB50
0xAE314	0xAE548	0x234	FUN_00000000000AE314
0xAE548	0xAE8C8	0x380	FUN_00000000000AE548
0xAE8C8	0xAEA4C	0x184	FUN_00000000000AE8C8
0xAEA4C	0xAEC1C	0x1D0	FUN_00000000000AEA4C
0xAEC1C	0xAEF18	0x2FC	FUN_00000000000AEC1C
0xAEF18	0xAF5D0	0x6B8	FUN_00000000000AEF18
0xAF5D0	0xAF634	0x64	FUN_00000000000AF5D0
0xAF634	0xAF67C	0x48	FUN_00000000000AF634
0xAF67C	0xAFBBC	0x540	FUN_00000000000AF67C
0xAFBBC	0xAFFC8	0x40C	FUN_00000000000AFBBC
0xAFFC8	0xB0578	0x5B0	FUN_00000000000AFFC8
0xB0578	0xB076C	0x1F4	FUN_00000000000B0578
0xB076C	0xB07DC	0x70	FUN_00000000000B076C
0xB07DC	0xB0A38	0x25C	FUN_00000000000B07DC
0xB0A38	0xB0EBC	0x484	FUN_00000000000B0A38
0xB0EBC	0xB149C	0x5E0	FUN_00000000000B0EBC
0xB149C	0xB15CC	0x130	FUN_00000000000B149C
0xB15CC	0xB1724	0x158	FUN_00000000000B15CC
0xB1724	0xB18B0	0x18C	FUN_00000000000B1724
0xB18B0	0xB1A80	0x1D0	FUN_00000000000B18B0
0xB1A80	0xB1E08	0x388	FUN_00000000000B1A80
0xB1E08	0xB2180	0x378	FUN_00000000000B1E08
0xB2180	0xB2C68	0xAE8	FUN_00000000000B2180
0xB2C68	0xB2CE8	0x80	FUN_00000000000B2C68
0xB2CE8	0xB2EBC	0x1D4	FUN_00000000000B2CE8
0xB2EBC	0xB2FFC	0x140	FUN_00000000000B2EBC
0xB2FFC	0xB335C	0x360	FUN_00000000000B2FFC
0xB335C	0xB3480	0x124	FUN_00000000000B335C
0xB3480	0xB3724	0x2A4	FUN_00000000000B3480
0xB3724	0xB383C	0x118	FUN_00000000000B3724
0xB383C	0xB3960	0x124	FUN_00000000000B383C
0xB3960	0xB39B8	0x58	FUN_00000000000B3960
0xB39B8	0xB3DE8	0x430	FUN_00000000000B39B8
0xB3DE8	0xB3EC8	0xE0	FUN_00000000000B3DE8
0xB3EC8	0xB5930	0x1A68	FUN_00000000000B3EC8
0xB5930	0xB59BC	0x8C	FUN_00000000000B5930
0xB59BC	0xB5A3C	0x80	FUN_00000000000B59BC
0xB5A3C	0xB5BD8	0x19C	FUN_00000000000B5A3C
0xB5BD8	0xB5E14	0x23C	FUN_00000000000B5BD8
0xB5E14	0xB5F6C	0x158	FUN_00000000000B5E14
0xB5F6C	0xB6698	0x72C	FUN_00000000000B5F6C
0xB6698	0xB6F60	0x8C8	FUN_00000000000B6698
0xB6F60	0xB76C0	0x760	FUN_00000000000B6F60
0xB76C0	0xB774C	0x8C	FUN_00000000000B76C0
0xB774C	0xB798C	0x240	FUN_00000000000B774C
0xB798C	0xB7B24	0x198	FUN_00000000000B798C
0xB7B24	0xB8080	0x55C	FUN_00000000000B7B24
0xB8080	0xB8504	0x484	FUN_00000000000B8080
0xB8504	0xB8D2C	0x828	FUN_00000000000B8504
0xB8D2C	0xB8DD0	0xA4	FUN_00000000000B8D2C
0xB8DD0	0xBA074	0x12A4	FUN_00000000000B8DD0
0xBA074	0xBA0F8	0x84	FUN_00000000000BA074
0xBA0F8	0xBA144	0x4C	FUN_00000000000BA0F8
0xBA144	0xBA17C	0x38	FUN_00000000000BA144
0xBA17C	0xBA1E4	0x68	FUN_00000000000BA17C
0xBA1E4	0xBA214	0x30	FUN_00000000000BA1E4
0xBA214	0xBA250	0x3C	FUN_00000000000BA214
0xBA250	0xBA344	0xF4	FUN_00000000000BA250
0xBA344	0xBABF8	0x8B4	FUN_00000000000BA344
0xBABF8	0xBB37C	0x784	FUN_00000000000BABF8
0xBB37C	0xBB420	0xA4	FUN_00000000000BB37C
0xBB420	0xBB4D0	0xB0	FUN_00000000000BB420
0xBB4D0	0xBB52C	0x5C	FUN_00000000000BB4D0
0xBB52C	0xBB598	0x6C	FUN_00000000000BB52C
0xBB598	0xBBB14	0x57C	FUN_00000000000BB598
0xBBB14	0xBC214	0x700	FUN_00000000000BBB14
0xBC214	0xBC2C8	0xB4	FUN_00000000000BC214
0xBC2C8	0xBDB44	0x187C	FUN_00000000000BC2C8
0xBDB44	0xBDC94	0x150	FUN_00000000000BDB44
0xBDC94	0xBDDB4	0x120	FUN_00000000000BDC94
0xBDDB4	0xBE044	0x290	FUN_00000000000BDDB4
0xBE044	0xBE220	0x1DC	FUN_00000000000BE044
0xBE220	0xBE284	0x64	FUN_00000000000BE220
0xBE284	0xBE390	0x10C	FUN_00000000000BE284
0xBE390	0xBE500	0x170	FUN_00000000000BE390
0xBE500	0xBE5AC	0xAC	FUN_00000000000BE500
0xBE5AC	0xBE704	0x158	FUN_00000000000BE5AC
0xBE704	0xBE93C	0x238	FUN_00000000000BE704
0xBE93C	0xBE9A4	0x68	FUN_00000000000BE93C
0xBE9A4	0xBEA90	0xEC	FUN_00000000000BE9A4
0xBEA90	0xBF65C	0xBCC	FUN_00000000000BEA90
0xBF65C	0xC01E8	0xB8C	FUN_00000000000BF65C
0xC01E8	0xC0330	0x148	FUN_00000000000C01E8
0xC0330	0xC0398	0x68	FUN_00000000000C0330
0xC0398	0xC03FC	0x64	FUN_00000000000C0398
0xC03FC	0xC0460	0x64	FUN_00000000000C03FC
0xC0460	0xC209C	0x1C3C	FUN_00000000000C0460
0xC209C	0xC2534	0x498	FUN_00000000000C209C
0xC2534	0xC35F0	0x10BC	FUN_00000000000C2534
0xC35F0	0xC369C	0xAC	FUN_00000000000C35F0
0xC369C	0xC36DC	0x40	FUN_00000000000C369C
0xC36DC	0xC37D4	0xF8	FUN_00000000000C36DC
0xC37D4	0xC381C	0x48	FUN_00000000000C37D4
0xC381C	0xC3854	0x38	FUN_00000000000C381C
0xC3854	0xC38E0	0x8C	FUN_00000000000C3854
0xC38E0	0xC39C4	0xE4	FUN_00000000000C38E0
0xC39C4	0xC3AB0	0xEC	FUN_00000000000C39C4
0xC3AB0	0xC4970	0xEC0	FUN_00000000000C3AB0
0xC4970	0xC4D38	0x3C8	FUN_00000000000C4970
0xC4D38	0xC4DE0	0xA8	FUN_00000000000C4D38
0xC4DE0	0xC4FC0	0x1E0	FUN_00000000000C4DE0
0xC4FC0	0xC574C	0x78C	FUN_00000000000C4FC0
0xC574C	0xC6284	0xB38	FUN_00000000000C574C
0xC6284	0xC648C	0x208	FUN_00000000000C6284
0xC648C	0xC7054	0xBC8	FUN_00000000000C648C
0xC7054	0xC7088	0x34	FUN_00000000000C7054
0xC7088	0xC70E0	0x58	FUN_00000000000C7088
0xC70E0	0xC720C	0x12C	FUN_00000000000C70E0
0xC720C	0xC7DB8	0xBAC	FUN_00000000000C720C
0xC7DB8	0xC7E08	0x50	FUN_00000000000C7DB8
0xC7E08	0xC8174	0x36C	FUN_00000000000C7E08
0xC8174	0xC82AC	0x138	FUN_00000000000C8174
0xC82AC	0xC8640	0x394	FUN_00000000000C82AC
0xC8640	0xC88A0	0x260	FUN_00000000000C8640
0xC88A0	0xC88D8	0x38	FUN_00000000000C88A0
0xC88D8	0xC893C	0x64	FUN_00000000000C88D8
0xC893C	0xC907C	0x740	FUN_00000000000C893C
0xC907C	0xC91E4	0x168	FUN_00000000000C907C
0xC91E4	0xC9224	0x40	FUN_00000000000C91E4
0xC9224	0xC926C	0x48	FUN_00000000000C9224
0xC926C	0xC945C	0x1F0	FUN_00000000000C926C
0xC945C	0xC948C	0x30	FUN_00000000000C945C
0xC948C	0xC9590	0x104	FUN_00000000000C948C
0xC9590	0xC974C	0x1BC	FUN_00000000000C9590
0xC974C	0xC9844	0xF8	FUN_00000000000C974C
0xC9844	0xC9940	0xFC	FUN_00000000000C9844
0xC9940	0xC9ABC	0x17C	FUN_00000000000C9940
0xC9ABC	0xCB14C	0x1690	FUN_00000000000C9ABC
0xCB14C	0xCB1AC	0x60	FUN_00000000000CB14C
0xCB1AC	0xCB40C	0x260	FUN_00000000000CB1AC
0xCB40C	0xCB444	0x38	FUN_00000000000CB40C
0xCB444	0xCB718	0x2D4	FUN_00000000000CB444
0xCB718	0xCB864	0x14C	FUN_00000000000CB718
0xCB864	0xCBA08	0x1A4	FUN_00000000000CB864
0xCBA08	0xCBB10	0x108	FUN_00000000000CBA08
0xCBB10	0xCD2CC	0x17BC	FUN_00000000000CBB10
0xCD2CC	0xCEC7C	0x19B0	FUN_00000000000CD2CC
0xCEC7C	0xCEE4C	0x1D0	FUN_00000000000CEC7C
0xCEE4C	0xCEF60	0x114	FUN_00000000000CEE4C
0xCEF60	0xCF34C	0x3EC	FUN_00000000000CEF60
0xCF34C	0xCF684	0x338	FUN_00000000000CF34C
0xCF684	0xD0988	0x1304	FUN_00000000000CF684
0xD0988	0xD0AB0	0x128	FUN_00000000000D0988
0xD0AB0	0xD0B58	0xA8	FUN_00000000000D0AB0
0xD0B58	0xD0BB4	0x5C	FUN_00000000000D0B58
0xD0BB4	0xD0C1C	0x68	FUN_00000000000D0BB4
0xD0C1C	0xD10E0	0x4C4	FUN_00000000000D0C1C
0xD10E0	0xD2988	0x18A8	FUN_00000000000D10E0
0xD2988	0xD2C34	0x2AC	FUN_00000000000D2988
0xD2C34	0xD2C7C	0x48	FUN_00000000000D2C34
0xD2C7C	0xD2D7C	0x100	FUN_00000000000D2C7C
0xD2D7C	0xD2FD0	0x254	FUN_00000000000D2D7C
0xD2FD0	0xD31AC	0x1DC	FUN_00000000000D2FD0
0xD31AC	0xD3468	0x2BC	FUN_00000000000D31AC
0xD3468	0xD3498	0x30	FUN_00000000000D3468
0xD3498	0xD4144	0xCAC	FUN_00000000000D3498
0xD4144	0xD424C	0x108	FUN_00000000000D4144
0xD424C	0xD4DB4	0xB68	FUN_00000000000D424C
0xD4DB4	0xD5120	0x36C	FUN_00000000000D4DB4
0xD5120	0xD6088	0xF68	FUN_00000000000D5120
0xD6088	0xD68B4	0x82C	FUN_00000000000D6088
0xD68B4	0xD6F80	0x6CC	FUN_00000000000D68B4
0xD6F80	0xD7870	0x8F0	FUN_00000000000D6F80
0xD7870	0xD83EC	0xB7C	FUN_00000000000D7870
0xD83EC	0xD8A24	0x638	FUN_00000000000D83EC
0xD8A24	0xD8AA8	0x84	FUN_00000000000D8A24
0xD8AA8	0xD8C94	0x1EC	FUN_00000000000D8AA8
0xD8C94	0xD9788	0xAF4	FUN_00000000000D8C94
0xD9788	0xD9D74	0x5EC	FUN_00000000000D9788
0xD9D74	0xDB8F0	0x1B7C	FUN_00000000000D9D74
0xDB8F0	0xDBA30	0x140	FUN_00000000000DB8F0
0xDBA30	0xDBD54	0x324	FUN_00000000000DBA30
0xDBD54	0xDBF54	0x200	FUN_00000000000DBD54
0xDBF54	0xDC26C	0x318	FUN_00000000000DBF54
0xDC26C	0xDC434	0x1C8	FUN_00000000000DC26C
0xDC434	0xDC790	0x35C	FUN_00000000000DC434
0xDC790	0xDD790	0x1000	FUN_00000000000DC790
0xDD790	0xDED38	0x15A8	FUN_00000000000DD790
0xDED38	0xDF0D8	0x3A0	FUN_00000000000DED38
0xDF0D8	0xE00C4	0xFEC	FUN_00000000000DF0D8
0xE00C4	0xE0430	0x36C	FUN_00000000000E00C4
0xE0430	0xE1638	0x1208	FUN_00000000000E0430
0xE1638	0xE1804	0x1CC	FUN_00000000000E1638
0xE1804	0xE2D78	0x1574	FUN_00000000000E1804
0xE2D78	0xE3580	0x808	FUN_00000000000E2D78
0xE3580	0xE3744	0x1C4	FUN_00000000000E3580
0xE3744	0xE3928	0x1E4	FUN_00000000000E3744
0xE3928	0xE3980	0x58	FUN_00000000000E3928
0xE3980	0xE40A0	0x720	FUN_00000000000E3980
0xE40A0	0xE46C8	0x628	FUN_00000000000E40A0
0xE46C8	0xE4AA0	0x3D8	FUN_00000000000E46C8
0xE4AA0	0xE5218	0x778	FUN_00000000000E4AA0
0xE5218	0xE52EC	0xD4	FUN_00000000000E5218
0xE52EC	0xE5710	0x424	FUN_00000000000E52EC
0xE5710	0xE5828	0x118	FUN_00000000000E5710
0xE5828	0xE6B5C	0x1334	FUN_00000000000E5828
0xE6B5C	0xE6D7C	0x220	FUN_00000000000E6B5C
0xE6D7C	0xE6FBC	0x240	FUN_00000000000E6D7C
0xE6FBC	0xE8340	0x1384	FUN_00000000000E6FBC
0xE8340	0xE8934	0x5F4	FUN_00000000000E8340
0xE8934	0xE9410	0xADC	FUN_00000000000E8934
0xE9410	0xE9FC4	0xBB4	FUN_00000000000E9410
0xE9FC4	0xEA3E0	0x41C	FUN_00000000000E9FC4
0xEA3E0	0xEA710	0x330	FUN_00000000000EA3E0
0xEA710	0xEAEF0	0x7E0	FUN_00000000000EA710
0xEAEF0	0xEB2D8	0x3E8	FUN_00000000000EAEF0
0xEB2D8	0xEB910	0x638	FUN_00000000000EB2D8
0xEB910	0xEBBCC	0x2BC	FUN_00000000000EB910
0xEBBCC	0xEC110	0x544	FUN_00000000000EBBCC
0xEC110	0xEC1CC	0xBC	FUN_00000000000EC110
0xEC1CC	0xEC228	0x5C	FUN_00000000000EC1CC
0xEC228	0xEC5E8	0x3C0	FUN_00000000000EC228
0xEC5E8	0xEC6E8	0x100	FUN_00000000000EC5E8
0xEC6E8	0xEC7C0	0xD8	FUN_00000000000EC6E8
0xEC7C0	0xEC98C	0x1CC	FUN_00000000000EC7C0
0xEC98C	0xED218	0x88C	FUN_00000000000EC98C
0xED218	0xED2E8	0xD0	FUN_00000000000ED218
0xED2E8	0xEE57C	0x1294	FUN_00000000000ED2E8
0xEE57C	0xEE5D4	0x58	FUN_00000000000EE57C
0xEE5D4	0xEE9BC	0x3E8	FUN_00000000000EE5D4
0xEE9BC	0xEEA30	0x74	FUN_00000000000EE9BC
0xEEA30	0xEEAD0	0xA0	FUN_00000000000EEA30
0xEEAD0	0xEED60	0x290	FUN_00000000000EEAD0
0xEED60	0xEEEA4	0x144	FUN_00000000000EED60
0xEEEA4	0xEEF1C	0x78	FUN_00000000000EEEA4
0xEEF1C	0xEF198	0x27C	FUN_00000000000EEF1C
0xEF198	0xEF4E8	0x350	FUN_00000000000EF198
0xEF4E8	0xEF630	0x148	FUN_00000000000EF4E8
0xEF630	0xEFAAC	0x47C	FUN_00000000000EF630
0xEFAAC	0xF07B4	0xD08	FUN_00000000000EFAAC
0xF07B4	0xF09C0	0x20C	FUN_00000000000F07B4
0xF09C0	0xF0C48	0x288	FUN_00000000000F09C0
0xF0C48	0xF0CAC	0x64	FUN_00000000000F0C48
0xF0CAC	0xF1090	0x3E4	FUN_00000000000F0CAC
0xF1090	0xF16EC	0x65C	FUN_00000000000F1090
0xF16EC	0xF1734	0x48	FUN_00000000000F16EC
0xF1734	0xF17B4	0x80	FUN_00000000000F1734
0xF17B4	0xF19AC	0x1F8	FUN_00000000000F17B4
0xF19AC	0xF1DC8	0x41C	FUN_00000000000F19AC
0xF1DC8	0xF1E6C	0xA4	FUN_00000000000F1DC8
0xF1E6C	0xF21C4	0x358	FUN_00000000000F1E6C
0xF21C4	0xF2380	0x1BC	FUN_00000000000F21C4
0xF2380	0xF2918	0x598	FUN_00000000000F2380
0xF2918	0xF2B90	0x278	FUN_00000000000F2918
0xF2B90	0xF2FE0	0x450	FUN_00000000000F2B90
0xF2FE0	0xF34AC	0x4CC	FUN_00000000000F2FE0
0xF34AC	0xF42F8	0xE4C	FUN_00000000000F34AC
0xF42F8	0xF48F4	0x5FC	FUN_00000000000F42F8
0xF48F4	0xF4A38	0x144	FUN_00000000000F48F4
0xF4A38	0xF4AC8	0x90	FUN_00000000000F4A38
0xF4AC8	0xF4B84	0xBC	FUN_00000000000F4AC8
0xF4B84	0xF4F80	0x3FC	FUN_00000000000F4B84
0xF4F80	0xF526C	0x2EC	FUN_00000000000F4F80
0xF526C	0xF52C0	0x54	FUN_00000000000F526C
0xF52C0	0xF53B4	0xF4	FUN_00000000000F52C0
0xF53B4	0xF56B8	0x304	FUN_00000000000F53B4
0xF56B8	0xF57F4	0x13C	FUN_00000000000F56B8
0xF57F4	0xF604C	0x858	FUN_00000000000F57F4
0xF604C	0xF623C	0x1F0	FUN_00000000000F604C
0xF623C	0xF632C	0xF0	FUN_00000000000F623C
0xF632C	0xF6378	0x4C	FUN_00000000000F632C
0xF6378	0xF6560	0x1E8	FUN_00000000000F6378
0xF6560	0xF697C	0x41C	FUN_00000000000F6560
0xF697C	0xF6AEC	0x170	FUN_00000000000F697C
0xF6AEC	0xF704C	0x560	FUN_00000000000F6AEC
0xF704C	0xF7194	0x148	FUN_00000000000F704C
0xF7194	0xF7ABC	0x928	FUN_00000000000F7194
0xF7ABC	0xF8150	0x694	FUN_00000000000F7ABC
0xF8150	0xF84E8	0x398	FUN_00000000000F8150
0xF84E8	0xF8580	0x98	FUN_00000000000F84E8
0xF8580	0xF85D8	0x58	FUN_00000000000F8580
0xF85D8	0xF8794	0x1BC	FUN_00000000000F85D8
0xF8794	0xF87D0	0x3C	FUN_00000000000F8794
0xF87D0	0xF9E7C	0x16AC	FUN_00000000000F87D0
0xF9E7C	0xFA930	0xAB4	FUN_00000000000F9E7C
0xFA930	0xFAD08	0x3D8	FUN_00000000000FA930
0xFAD08	0xFBAD0	0xDC8	FUN_00000000000FAD08
0xFBAD0	0xFC1A4	0x6D4	FUN_00000000000FBAD0
0xFC1A4	0xFC2E4	0x140	FUN_00000000000FC1A4
0xFC2E4	0xFC620	0x33C	FUN_00000000000FC2E4
0xFC620	0xFC99C	0x37C	FUN_00000000000FC620
0xFC99C	0xFCBAC	0x210	FUN_00000000000FC99C
0xFCBAC	0xFCCAC	0x100	FUN_00000000000FCBAC
0xFCCAC	0xFCF20	0x274	FUN_00000000000FCCAC
0xFCF20	0xFD404	0x4E4	FUN_00000000000FCF20
0xFD404	0xFD590	0x18C	FUN_00000000000FD404
0xFD590	0xFE104	0xB74	FUN_00000000000FD590
0xFE104	0xFE3B4	0x2B0	FUN_00000000000FE104
0xFE3B4	0xFEDB4	0xA00	FUN_00000000000FE3B4
0xFEDB4	0x100E5C	0x20A8	FUN_00000000000FEDB4
0x100E5C	0x101A00	0xBA4	FUN_0000000000100E5C
0x101A00	0x101FB0	0x5B0	FUN_0000000000101A00
0x101FB0	0x102098	0xE8	FUN_0000000000101FB0
0x102098	0x1025D8	0x540	FUN_0000000000102098
0x1025D8	0x1026EC	0x114	FUN_00000000001025D8
0x1026EC	0x1027EC	0x100	FUN_00000000001026EC
0x1027EC	0x102824	0x38	FUN_00000000001027EC
0x102824	0x1029C8	0x1A4	FUN_0000000000102824
0x1029C8	0x10315C	0x794	FUN_00000000001029C8
0x10315C	0x10327C	0x120	FUN_000000000010315C
0x10327C	0x103564	0x2E8	FUN_000000000010327C
0x103564	0x10378C	0x228	FUN_0000000000103564
0x10378C	0x103930	0x1A4	FUN_000000000010378C
0x103930	0x103A7C	0x14C	FUN_0000000000103930
0x103A7C	0x103AAC	0x30	FUN_0000000000103A7C
0x103AAC	0x103C08	0x15C	FUN_0000000000103AAC
0x103C08	0x103DD8	0x1D0	FUN_0000000000103C08
0x103DD8	0x104330	0x558	FUN_0000000000103DD8
0x104330	0x1044E8	0x1B8	FUN_0000000000104330
0x1044E8	0x1046F4	0x20C	FUN_00000000001044E8
0x1046F4	0x104760	0x6C	FUN_00000000001046F4
0x104760	0x1054F8	0xD98	FUN_0000000000104760
0x1054F8	0x10561C	0x124	FUN_00000000001054F8
0x10561C	0x105728	0x10C	FUN_000000000010561C
0x105728	0x10575C	0x34	FUN_0000000000105728
0x10575C	0x105E14	0x6B8	FUN_000000000010575C
0x105E14	0x106090	0x27C	FUN_0000000000105E14
0x106090	0x10668C	0x5FC	FUN_0000000000106090
0x10668C	0x106F90	0x904	FUN_000000000010668C
0x106F90	0x1070B0	0x120	FUN_0000000000106F90
0x1070B0	0x107288	0x1D8	FUN_00000000001070B0
0x107288	0x1072DC	0x54	FUN_0000000000107288
0x1072DC	0x1073F8	0x11C	FUN_00000000001072DC
0x1073F8	0x1075E4	0x1EC	FUN_00000000001073F8
0x1075E4	0x10764C	0x68	FUN_00000000001075E4
0x10764C	0x1076B8	0x6C	FUN_000000000010764C
0x1076B8	0x107D44	0x68C	FUN_00000000001076B8
0x107D44	0x108564	0x820	FUN_0000000000107D44
0x108564	0x108E54	0x8F0	FUN_0000000000108564
0x108E54	0x109500	0x6AC	FUN_0000000000108E54
0x109500	0x1097FC	0x2FC	FUN_0000000000109500
0x1097FC	0x10B07C	0x1880	FUN_00000000001097FC
0x10B07C	0x10B12C	0xB0	FUN_000000000010B07C
0x10B12C	0x10DB2C	0x2A00	FUN_000000000010B12C
0x10DB2C	0x10DC9C	0x170	FUN_000000000010DB2C
0x10DC9C	0x10DFBC	0x320	FUN_000000000010DC9C
0x10DFBC	0x10E718	0x75C	FUN_000000000010DFBC
0x10E718	0x10E7A0	0x88	FUN_000000000010E718
0x10E7A0	0x10E7E0	0x40	FUN_000000000010E7A0
0x10E7E0	0x10E8F0	0x110	FUN_000000000010E7E0
0x10E8F0	0x10E9F0	0x100	FUN_000000000010E8F0
0x10E9F0	0x10EFE0	0x5F0	FUN_000000000010E9F0
0x10EFE0	0x10F120	0x140	FUN_000000000010EFE0
0x10F120	0x10F270	0x150	FUN_000000000010F120
0x10F270	0x10F31C	0xAC	FUN_000000000010F270
0x10F31C	0x10F650	0x334	FUN_000000000010F31C
0x10F650	0x10FF90	0x940	FUN_000000000010F650
0x10FF90	0x110190	0x200	FUN_000000000010FF90
0x110190	0x1105B8	0x428	FUN_0000000000110190
0x1105B8	0x110614	0x5C	FUN_00000000001105B8
0x110614	0x110674	0x60	FUN_0000000000110614
0x110674	0x11078C	0x118	FUN_0000000000110674
0x11078C	0x1108C0	0x134	FUN_000000000011078C
0x1108C0	0x1109F0	0x130	FUN_00000000001108C0
0x1109F0	0x110B0C	0x11C	FUN_00000000001109F0
0x110B0C	0x110C3C	0x130	FUN_0000000000110B0C
0x110C3C	0x110C98	0x5C	FUN_0000000000110C3C
0x110C98	0x110D30	0x98	FUN_0000000000110C98
0x110D30	0x110F10	0x1E0	FUN_0000000000110D30
0x110F10	0x1111B0	0x2A0	FUN_0000000000110F10
0x1111B0	0x117BB4	0x6A04	FUN_00000000001111B0
0x117BB4	0x117CB4	0x100	FUN_0000000000117BB4
0x117CB4	0x117D8C	0xD8	FUN_0000000000117CB4
0x117D8C	0x117DC4	0x38	FUN_0000000000117D8C
0x117DC4	0x11851C	0x758	FUN_0000000000117DC4
0x11851C	0x118638	0x11C	FUN_000000000011851C
0x118638	0x118688	0x50	FUN_0000000000118638
0x118688	0x1187A8	0x120	FUN_0000000000118688
0x1187A8	0x1188B0	0x108	FUN_00000000001187A8
0x1188B0	0x1188EC	0x3C	FUN_00000000001188B0
0x1188EC	0x1189E4	0xF8	FUN_00000000001188EC
0x1189E4	0x11B128	0x2744	FUN_00000000001189E4
0x11B128	0x11B164	0x3C	FUN_000000000011B128
0x11B164	0x11B29C	0x138	FUN_000000000011B164
0x11B29C	0x11BF18	0xC7C	FUN_000000000011B29C
0x11BF18	0x11BF60	0x48	FUN_000000000011BF18
0x11BF60	0x11C4A8	0x548	FUN_000000000011BF60
0x11C4A8	0x11C4E0	0x38	FUN_000000000011C4A8
0x11C4E0	0x1209B8	0x44D8	FUN_000000000011C4E0
0x1209B8	0x120A38	0x80	FUN_00000000001209B8
0x120A38	0x120C7C	0x244	FUN_0000000000120A38
0x120C7C	0x120CA4	0x28	FUN_0000000000120C7C
0x120CA4	0x120D10	0x6C	FUN_0000000000120CA4
0x120D10	0x120E0C	0xFC	FUN_0000000000120D10
0x120E0C	0x120E4C	0x40	FUN_0000000000120E0C
0x120E4C	0x120F80	0x134	FUN_0000000000120E4C
0x120F80	0x121420	0x4A0	FUN_0000000000120F80
0x121420	0x12169C	0x27C	FUN_0000000000121420
0x12169C	0x1216D8	0x3C	FUN_000000000012169C
0x1216D8	0x121F04	0x82C	FUN_00000000001216D8
0x121F04	0x122B00	0xBFC	FUN_0000000000121F04
0x122B00	0x1235C0	0xAC0	FUN_0000000000122B00
0x1235C0	0x1239DC	0x41C	FUN_00000000001235C0
0x1239DC	0x124D9C	0x13C0	FUN_00000000001239DC
0x124D9C	0x126460	0x16C4	FUN_0000000000124D9C
0x126460	0x126910	0x4B0	FUN_0000000000126460
0x126910	0x127FB8	0x16A8	FUN_0000000000126910
0x127FB8	0x1282C0	0x308	FUN_0000000000127FB8
0x1282C0	0x1283C0	0x100	FUN_00000000001282C0
0x1283C0	0x1283E4	0x24	FUN_00000000001283C0
0x1283E4	0x1285A0	0x1BC	FUN_00000000001283E4
0x1285A0	0x1285EC	0x4C	FUN_00000000001285A0
0x1285EC	0x128720	0x134	FUN_00000000001285EC
0x128720	0x128904	0x1E4	FUN_0000000000128720
0x128904	0x128954	0x50	FUN_0000000000128904
0x128954	0x128C88	0x334	FUN_0000000000128954
0x128C88	0x128CDC	0x54	FUN_0000000000128C88
0x128CDC	0x128CEC	0x10	FUN_0000000000128CDC
0x128CEC	0x128EE8	0x1FC	FUN_0000000000128CEC
0x128EE8	0x128FE0	0xF8	FUN_0000000000128EE8
0x128FE0	0x12904C	0x6C	FUN_0000000000128FE0
0x12904C	0x129074	0x28	FUN_000000000012904C
0x129074	0x1291A8	0x134	FUN_0000000000129074
0x1291A8	0x1291D0	0x28	FUN_00000000001291A8
0x1291D0	0x1291F8	0x28	FUN_00000000001291D0
0x1291F8	0x129200	0x8	FUN_00000000001291F8
0x129200	0x129380	0x180	FUN_0000000000129200
0x129380	0x1293B0	0x30	FUN_0000000000129380
0x1293B0	0x1293E0	0x30	FUN_00000000001293B0
0x1293E0	0x1294C0	0xE0	FUN_00000000001293E0
0x1294C0	0x1294E0	0x20	FUN_00000000001294C0
0x1294E0	0x12995C	0x47C	FUN_00000000001294E0
0x12995C	0x129B34	0x1D8	FUN_000000000012995C
0x129B34	0x129CEC	0x1B8	FUN_0000000000129B34
0x129CEC	0x129EA4	0x1B8	FUN_0000000000129CEC
0x129EA4	0x12A02C	0x188	FUN_0000000000129EA4
0x12A02C	0x12A310	0x2E4	FUN_000000000012A02C
0x12A310	0x12A4A0	0x190	FUN_000000000012A310
0x12A4A0	0x12A5D4	0x134	FUN_000000000012A4A0
0x12A5D4	0x12AAD8	0x504	FUN_000000000012A5D4
0x12AAD8	0x12AC08	0x130	FUN_000000000012AAD8
0x12AC08	0x12AD94	0x18C	FUN_000000000012AC08
0x12AD94	0x12AE80	0xEC	FUN_000000000012AD94
0x12AE80	0x12AF80	0x100	FUN_000000000012AE80
0x12AF80	0x12B004	0x84	FUN_000000000012AF80
0x12B004	0x12B0F8	0xF4	FUN_000000000012B004
0x12B0F8	0x12B1E8	0xF0	FUN_000000000012B0F8
0x12B1E8	0x12B2E4	0xFC	FUN_000000000012B1E8
0x12B2E4	0x12B418	0x134	FUN_000000000012B2E4
0x12B418	0x12B5BC	0x1A4	FUN_000000000012B418
0x12B5BC	0x12B804	0x248	FUN_000000000012B5BC
0x12B804	0x12B948	0x144	FUN_000000000012B804
0x12B948	0x12B980	0x38	FUN_000000000012B948
0x12B980	0x12B9FC	0x7C	FUN_000000000012B980
0x12B9FC	0x12BA44	0x48	FUN_000000000012B9FC
0x12BA44	0x12BB78	0x134	FUN_000000000012BA44
0x12BB78	0x12BCAC	0x134	FUN_000000000012BB78
0x12BCAC	0x12BD00	0x54	FUN_000000000012BCAC
0x12BD00	0x12BE00	0x100	FUN_000000000012BD00
0x12BE00	0x12D364	0x1564	FUN_000000000012BE00
0x12D364	0x12D4C4	0x160	FUN_000000000012D364
0x12D4C4	0x12DAD4	0x610	FUN_000000000012D4C4
0x12DAD4	0x12E030	0x55C	FUN_000000000012DAD4
0x12E030	0x12E748	0x718	FUN_000000000012E030
0x12E748	0x12E780	0x38	FUN_000000000012E748
0x12E780	0x12E7A4	0x24	FUN_000000000012E780
0x12E7A4	0x12EB14	0x370	FUN_000000000012E7A4
0x12EB14	0x12EB70	0x5C	FUN_000000000012EB14
0x12EB70	0x12EC5C	0xEC	FUN_000000000012EB70
0x12EC5C	0x12ECA0	0x44	FUN_000000000012EC5C
0x12ECA0	0x12ECDC	0x3C	FUN_000000000012ECA0
0x12ECDC	0x12EDAC	0xD0	FUN_000000000012ECDC
0x12EDAC	0x12EE9C	0xF0	FUN_000000000012EDAC
0x12EE9C	0x12EF7C	0xE0	FUN_000000000012EE9C
0x12EF7C	0x12EF98	0x1C	FUN_000000000012EF7C
0x12EF98	0x12F168	0x1D0	FUN_000000000012EF98
0x12F168	0x12F2D8	0x170	FUN_000000000012F168
0x12F2D8	0x12F3DC	0x104	FUN_000000000012F2D8
0x12F3DC	0x12F580	0x1A4	FUN_000000000012F3DC
0x12F580	0x12F6BC	0x13C	FUN_000000000012F580
0x12F6BC	0x12F9E0	0x324	FUN_000000000012F6BC
0x12F9E0	0x12FAE0	0x100	FUN_000000000012F9E0
0x12FAE0	0x12FC94	0x1B4	FUN_000000000012FAE0
0x12FC94	0x12FE84	0x1F0	FUN_000000000012FC94
0x12FE84	0x12FEBC	0x38	FUN_000000000012FE84
0x12FEBC	0x12FF04	0x48	FUN_000000000012FEBC
0x12FF04	0x13009C	0x198	FUN_000000000012FF04
0x13009C	0x1300C4	0x28	FUN_000000000013009C
0x1300C4	0x1300E8	0x24	FUN_00000000001300C4
0x1300E8	0x1301CC	0xE4	FUN_00000000001300E8
0x1301CC	0x13030C	0x140	FUN_00000000001301CC
0x13030C	0x1303E8	0xDC	FUN_000000000013030C
0x1303E8	0x130A48	0x660	FUN_00000000001303E8
0x130A48	0x131648	0xC00	FUN_0000000000130A48
0x131648	0x1317F8	0x1B0	FUN_0000000000131648
0x1317F8	0x13183C	0x44	FUN_00000000001317F8
0x13183C	0x131CCC	0x490	FUN_000000000013183C
0x131CCC	0x131E18	0x14C	FUN_0000000000131CCC
0x131E18	0x131E40	0x28	FUN_0000000000131E18
0x131E40	0x132090	0x250	FUN_0000000000131E40
0x132090	0x1320B8	0x28	FUN_0000000000132090
0x1320B8	0x132458	0x3A0	FUN_00000000001320B8
0x132458	0x132C3C	0x7E4	FUN_0000000000132458
0x132C3C	0x132C94	0x58	FUN_0000000000132C3C
0x132C94	0x132DCC	0x138	FUN_0000000000132C94
0x132DCC	0x132F7C	0x1B0	FUN_0000000000132DCC
0x132F7C	0x132FA4	0x28	FUN_0000000000132F7C
0x132FA4	0x133144	0x1A0	FUN_0000000000132FA4
0x133144	0x133270	0x12C	FUN_0000000000133144
0x133270	0x1332D0	0x60	FUN_0000000000133270
0x1332D0	0x133400	0x130	FUN_00000000001332D0
0x133400	0x133660	0x260	FUN_0000000000133400
0x133660	0x133780	0x120	FUN_0000000000133660
0x133780	0x1337B4	0x34	FUN_0000000000133780
0x1337B4	0x133DD4	0x620	FUN_00000000001337B4
0x133DD4	0x133FE4	0x210	FUN_0000000000133DD4
0x133FE4	0x1340D8	0xF4	FUN_0000000000133FE4
0x1340D8	0x1341C8	0xF0	FUN_00000000001340D8
0x1341C8	0x1341F4	0x2C	FUN_00000000001341C8
0x1341F4	0x134218	0x24	FUN_00000000001341F4
0x134218	0x134338	0x120	FUN_0000000000134218
0x134338	0x134950	0x618	FUN_0000000000134338
0x134950	0x1349A4	0x54	FUN_0000000000134950
0x1349A4	0x134ADC	0x138	FUN_00000000001349A4
0x134ADC	0x134C70	0x194	FUN_0000000000134ADC
0x134C70	0x135244	0x5D4	FUN_0000000000134C70
0x135244	0x135470	0x22C	FUN_0000000000135244
0x135470	0x1354A4	0x34	FUN_0000000000135470
0x1354A4	0x1354C8	0x24	FUN_00000000001354A4
0x1354C8	0x1355E0	0x118	FUN_00000000001354C8
0x1355E0	0x1356F0	0x110	FUN_00000000001355E0
0x1356F0	0x13587C	0x18C	FUN_00000000001356F0
0x13587C	0x13599C	0x120	FUN_000000000013587C
0x13599C	0x1359B8	0x1C	FUN_000000000013599C
0x1359B8	0x135A88	0xD0	FUN_00000000001359B8
0x135A88	0x135ABC	0x34	FUN_0000000000135A88
0x135ABC	0x135AE4	0x28	FUN_0000000000135ABC
0x135AE4	0x135BBC	0xD8	FUN_0000000000135AE4
0x135BBC	0x135BC4	0x8	FUN_0000000000135BBC
0x135BC4	0x135BE0	0x1C	FUN_0000000000135BC4
0x135BE0	0x135C38	0x58	FUN_0000000000135BE0
0x135C38	0x135E80	0x248	FUN_0000000000135C38
0x135E80	0x135E90	0x10	FUN_0000000000135E80
0x135E90	0x13606C	0x1DC	FUN_0000000000135E90
0x13606C	0x136150	0xE4	FUN_000000000013606C
0x136150	0x136194	0x44	FUN_0000000000136150
0x136194	0x1362C0	0x12C	FUN_0000000000136194
0x1362C0	0x1362F4	0x34	FUN_00000000001362C0
0x1362F4	0x1363D4	0xE0	FUN_00000000001362F4
0x1363D4	0x136430	0x5C	FUN_00000000001363D4
0x136430	0x136478	0x48	FUN_0000000000136430
0x136478	0x136578	0x100	FUN_0000000000136478
0x136578	0x136794	0x21C	FUN_0000000000136578
0x136794	0x136904	0x170	FUN_0000000000136794
0x136904	0x1369EC	0xE8	FUN_0000000000136904
0x1369EC	0x136B18	0x12C	FUN_00000000001369EC
0x136B18	0x136B54	0x3C	FUN_0000000000136B18
0x136B54	0x136BCC	0x78	FUN_0000000000136B54
0x136BCC	0x136DF8	0x22C	FUN_0000000000136BCC
0x136DF8	0x136E68	0x70	FUN_0000000000136DF8
0x136E68	0x136FA4	0x13C	FUN_0000000000136E68
0x136FA4	0x1370DC	0x138	FUN_0000000000136FA4
0x1370DC	0x1372B8	0x1DC	FUN_00000000001370DC
0x1372B8	0x1373B0	0xF8	FUN_00000000001372B8
0x1373B0	0x1373DC	0x2C	FUN_00000000001373B0
0x1373DC	0x1375F8	0x21C	FUN_00000000001373DC
0x1375F8	0x13770C	0x114	FUN_00000000001375F8
0x13770C	0x137758	0x4C	FUN_000000000013770C
0x137758	0x137794	0x3C	FUN_0000000000137758
0x137794	0x1377E0	0x4C	FUN_0000000000137794
0x1377E0	0x137990	0x1B0	FUN_00000000001377E0
0x137990	0x137B70	0x1E0	FUN_0000000000137990
0x137B70	0x137BD0	0x60	FUN_0000000000137B70
0x137BD0	0x137C2C	0x5C	FUN_0000000000137BD0
0x137C2C	0x137E30	0x204	FUN_0000000000137C2C
0x137E30	0x137F10	0xE0	FUN_0000000000137E30
0x137F10	0x137F38	0x28	FUN_0000000000137F10
0x137F38	0x13814C	0x214	FUN_0000000000137F38
0x13814C	0x13861C	0x4D0	FUN_000000000013814C
0x13861C	0x1386B0	0x94	FUN_000000000013861C
0x1386B0	0x1387A0	0xF0	FUN_00000000001386B0
0x1387A0	0x139360	0xBC0	FUN_00000000001387A0
0x139360	0x1394BC	0x15C	FUN_0000000000139360
0x1394BC	0x139604	0x148	FUN_00000000001394BC
0x139604	0x13965C	0x58	FUN_0000000000139604
0x13965C	0x139704	0xA8	FUN_000000000013965C
0x139704	0x1398B4	0x1B0	FUN_0000000000139704
0x1398B4	0x139984	0xD0	FUN_00000000001398B4
0x139984	0x1399B8	0x34	FUN_0000000000139984
0x1399B8	0x139A20	0x68	FUN_00000000001399B8
0x139A20	0x139E8C	0x46C	FUN_0000000000139A20
0x139E8C	0x139EB4	0x28	FUN_0000000000139E8C
0x139EB4	0x139F90	0xDC	FUN_0000000000139EB4
0x139F90	0x13A09C	0x10C	FUN_0000000000139F90
0x13A09C	0x13A1AC	0x110	FUN_000000000013A09C
0x13A1AC	0x13A318	0x16C	FUN_000000000013A1AC
0x13A318	0x13A35C	0x44	FUN_000000000013A318
0x13A35C	0x13A710	0x3B4	FUN_000000000013A35C
0x13A710	0x13A7C8	0xB8	FUN_000000000013A710
0x13A7C8	0x13AF60	0x798	FUN_000000000013A7C8
0x13AF60	0x13B158	0x1F8	FUN_000000000013AF60
0x13B158	0x13B18C	0x34	FUN_000000000013B158
0x13B18C	0x13B1C8	0x3C	FUN_000000000013B18C
0x13B1C8	0x13B2DC	0x114	FUN_000000000013B1C8
0x13B2DC	0x13B41C	0x140	FUN_000000000013B2DC
0x13B41C	0x13B5EC	0x1D0	FUN_000000000013B41C
0x13B5EC	0x13B7A0	0x1B4	FUN_000000000013B5EC
0x13B7A0	0x13B908	0x168	FUN_000000000013B7A0
0x13B908	0x13B964	0x5C	FUN_000000000013B908
0x13B964	0x13BB1C	0x1B8	FUN_000000000013B964
0x13BB1C	0x13BCE4	0x1C8	FUN_000000000013BB1C
0x13BCE4	0x13BD48	0x64	FUN_000000000013BCE4
0x13BD48	0x13BEA0	0x158	FUN_000000000013BD48
0x13BEA0	0x13BF14	0x74	FUN_000000000013BEA0
0x13BF14	0x13BFD4	0xC0	FUN_000000000013BF14
0x13BFD4	0x13C0BC	0xE8	FUN_000000000013BFD4
0x13C0BC	0x13C120	0x64	FUN_000000000013C0BC
0x13C120	0x13C14C	0x2C	FUN_000000000013C120
0x13C14C	0x13C164	0x18	FUN_000000000013C14C
0x13C164	0x13C19C	0x38	FUN_000000000013C164
0x13C19C	0x13C2F4	0x158	FUN_000000000013C19C
0x13C2F4	0x13C424	0x130	FUN_000000000013C2F4
0x13C424	0x13C458	0x34	FUN_000000000013C424
0x13C458	0x13C524	0xCC	FUN_000000000013C458
0x13C524	0x13C564	0x40	FUN_000000000013C524
0x13C564	0x13C630	0xCC	FUN_000000000013C564
0x13C630	0x13C66C	0x3C	FUN_000000000013C630
0x13C66C	0x13C778	0x10C	FUN_000000000013C66C
0x13C778	0x13C790	0x18	FUN_000000000013C778
0x13C790	0x13D728	0xF98	FUN_000000000013C790
0x13D728	0x13D838	0x110	FUN_000000000013D728
0x13D838	0x13D83C	0x4	FUN_000000000013D838
0x13D83C	0x13D87C	0x40	FUN_000000000013D83C
0x13D87C	0x13D8B8	0x3C	FUN_000000000013D87C
0x13D8B8	0x13D9EC	0x134	FUN_000000000013D8B8
0x13D9EC	0x13DB28	0x13C	FUN_000000000013D9EC
0x13DB28	0x13DC28	0x100	FUN_000000000013DB28
0x13DC28	0x13DED8	0x2B0	FUN_000000000013DC28
0x13DED8	0x13E00C	0x134	FUN_000000000013DED8
0x13E00C	0x13E034	0x28	FUN_000000000013E00C
0x13E034	0x13E13C	0x108	FUN_000000000013E034
0x13E13C	0x13E2E0	0x1A4	FUN_000000000013E13C
0x13E2E0	0x13E314	0x34	FUN_000000000013E2E0
0x13E314	0x13E4D4	0x1C0	FUN_000000000013E314
0x13E4D4	0x13E514	0x40	FUN_000000000013E4D4
0x13E514	0x13E650	0x13C	FUN_000000000013E514
0x13E650	0x13E87C	0x22C	FUN_000000000013E650
0x13E87C	0x13E9D4	0x158	FUN_000000000013E87C
0x13E9D4	0x13E9FC	0x28	FUN_000000000013E9D4
0x13E9FC	0x13EB34	0x138	FUN_000000000013E9FC
0x13EB34	0x13EB70	0x3C	FUN_000000000013EB34
0x13EB70	0x13EBA8	0x38	FUN_000000000013EB70
0x13EBA8	0x13EBE8	0x40	FUN_000000000013EBA8
0x13EBE8	0x13EC34	0x4C	FUN_000000000013EBE8
0x13EC34	0x13EC6C	0x38	FUN_000000000013EC34
0x13EC6C	0x13ED68	0xFC	FUN_000000000013EC6C
0x13ED68	0x13EE74	0x10C	FUN_000000000013ED68
0x13EE74	0x13EF5C	0xE8	FUN_000000000013EE74
0x13EF5C	0x13EF78	0x1C	FUN_000000000013EF5C
0x13EF78	0x13F1F0	0x278	FUN_000000000013EF78
0x13F1F0	0x13F360	0x170	FUN_000000000013F1F0
0x13F360	0x13FE04	0xAA4	FUN_000000000013F360
0x13FE04	0x1403AC	0x5A8	FUN_000000000013FE04
0x1403AC	0x1405C0	0x214	FUN_00000000001403AC
0x1405C0	0x140A04	0x444	FUN_00000000001405C0
0x140A04	0x140C88	0x284	FUN_0000000000140A04
0x140C88	0x140DC8	0x140	FUN_0000000000140C88
0x140DC8	0x140E70	0xA8	FUN_0000000000140DC8
0x140E70	0x140F34	0xC4	FUN_0000000000140E70
0x140F34	0x140F74	0x40	FUN_0000000000140F34
0x140F74	0x141018	0xA4	FUN_0000000000140F74
0x141018	0x141168	0x150	FUN_0000000000141018
0x141168	0x141218	0xB0	FUN_0000000000141168
0x141218	0x1412B4	0x9C	FUN_0000000000141218
0x1412B4	0x141448	0x194	FUN_00000000001412B4
0x141448	0x141628	0x1E0	FUN_0000000000141448
0x141628	0x141710	0xE8	FUN_0000000000141628
0x141710	0x141748	0x38	FUN_0000000000141710
0x141748	0x141834	0xEC	FUN_0000000000141748
0x141834	0x141858	0x24	FUN_0000000000141834
0x141858	0x14188C	0x34	FUN_0000000000141858
0x14188C	0x1418B8	0x2C	FUN_000000000014188C
0x1418B8	0x141A94	0x1DC	FUN_00000000001418B8
0x141A94	0x141C64	0x1D0	FUN_0000000000141A94
0x141C64	0x141D5C	0xF8	FUN_0000000000141C64
0x141D5C	0x141D80	0x24	FUN_0000000000141D5C
0x141D80	0x141E00	0x80	FUN_0000000000141D80
0x141E00	0x141EF0	0xF0	FUN_0000000000141E00
0x141EF0	0x141F24	0x34	FUN_0000000000141EF0
0x141F24	0x142004	0xE0	FUN_0000000000141F24
0x142004	0x1420E4	0xE0	FUN_0000000000142004
0x1420E4	0x142124	0x40	FUN_00000000001420E4
0x142124	0x142168	0x44	FUN_0000000000142124
0x142168	0x142350	0x1E8	FUN_0000000000142168
0x142350	0x1424B0	0x160	FUN_0000000000142350
0x1424B0	0x14251C	0x6C	FUN_00000000001424B0
0x14251C	0x1425FC	0xE0	FUN_000000000014251C
0x1425FC	0x142638	0x3C	FUN_00000000001425FC
0x142638	0x1427E4	0x1AC	FUN_0000000000142638
0x1427E4	0x142808	0x24	FUN_00000000001427E4
0x142808	0x142A34	0x22C	FUN_0000000000142808
0x142A34	0x142BD8	0x1A4	FUN_0000000000142A34
0x142BD8	0x142BF8	0x20	FUN_0000000000142BD8
0x142BF8	0x142C98	0xA0	FUN_0000000000142BF8
0x142C98	0x142E1C	0x184	FUN_0000000000142C98
0x142E1C	0x142F14	0xF8	FUN_0000000000142E1C
0x142F14	0x142FF4	0xE0	FUN_0000000000142F14
0x142FF4	0x1431C4	0x1D0	FUN_0000000000142FF4
0x1431C4	0x143228	0x64	FUN_00000000001431C4
0x143228	0x143264	0x3C	FUN_0000000000143228
0x143264	0x143294	0x30	FUN_0000000000143264
0x143294	0x1432D4	0x40	FUN_0000000000143294
0x1432D4	0x1432F0	0x1C	FUN_00000000001432D4
0x1432F0	0x143324	0x34	FUN_00000000001432F0
0x143324	0x1433FC	0xD8	FUN_0000000000143324
0x1433FC	0x143438	0x3C	FUN_00000000001433FC
0x143438	0x143454	0x1C	FUN_0000000000143438
0x143454	0x143F98	0xB44	FUN_0000000000143454
0x143F98	0x144ED4	0xF3C	FUN_0000000000143F98
0x144ED4	0x1450E8	0x214	FUN_0000000000144ED4
0x1450E8	0x1451C4	0xDC	FUN_00000000001450E8
0x1451C4	0x1452B4	0xF0	FUN_00000000001451C4
0x1452B4	0x1452E8	0x34	FUN_00000000001452B4
0x1452E8	0x1454A0	0x1B8	FUN_00000000001452E8
0x1454A0	0x1455A4	0x104	FUN_00000000001454A0
0x1455A4	0x1455D8	0x34	FUN_00000000001455A4
0x1455D8	0x145610	0x38	FUN_00000000001455D8
0x145610	0x1457E8	0x1D8	FUN_0000000000145610
0x1457E8	0x14581C	0x34	FUN_00000000001457E8
0x14581C	0x145838	0x1C	FUN_000000000014581C
0x145838	0x145930	0xF8	FUN_0000000000145838
0x145930	0x145AB4	0x184	FUN_0000000000145930
0x145AB4	0x145AD8	0x24	FUN_0000000000145AB4
0x145AD8	0x145D54	0x27C	FUN_0000000000145AD8
0x145D54	0x145E68	0x114	FUN_0000000000145D54
0x145E68	0x146060	0x1F8	FUN_0000000000145E68
0x146060	0x1462D0	0x270	FUN_0000000000146060
0x1462D0	0x146308	0x38	FUN_00000000001462D0
0x146308	0x146404	0xFC	FUN_0000000000146308
0x146404	0x146430	0x2C	FUN_0000000000146404
0x146430	0x1466E8	0x2B8	FUN_0000000000146430
0x1466E8	0x14671C	0x34	FUN_00000000001466E8
0x14671C	0x146898	0x17C	FUN_000000000014671C
0x146898	0x146990	0xF8	FUN_0000000000146898
0x146990	0x146A7C	0xEC	FUN_0000000000146990
0x146A7C	0x146C4C	0x1D0	FUN_0000000000146A7C
0x146C4C	0x146C80	0x34	FUN_0000000000146C4C
0x146C80	0x146CA4	0x24	FUN_0000000000146C80
0x146CA4	0x146E58	0x1B4	FUN_0000000000146CA4
0x146E58	0x146F30	0xD8	FUN_0000000000146E58
0x146F30	0x146FCC	0x9C	FUN_0000000000146F30
0x146FCC	0x1473A8	0x3DC	FUN_0000000000146FCC
0x1473A8	0x1474DC	0x134	FUN_00000000001473A8
0x1474DC	0x147680	0x1A4	FUN_00000000001474DC
0x147680	0x1476B4	0x34	FUN_0000000000147680
0x1476B4	0x147874	0x1C0	FUN_00000000001476B4
0x147874	0x1478E8	0x74	FUN_0000000000147874
0x1478E8	0x1479E4	0xFC	FUN_00000000001478E8
0x1479E4	0x147A1C	0x38	FUN_00000000001479E4
0x147A1C	0x147A40	0x24	FUN_0000000000147A1C
0x147A40	0x147B70	0x130	FUN_0000000000147A40
0x147B70	0x147D48	0x1D8	FUN_0000000000147B70
0x147D48	0x148500	0x7B8	FUN_0000000000147D48
0x148500	0x1485F4	0xF4	FUN_0000000000148500
0x1485F4	0x148700	0x10C	FUN_00000000001485F4
0x148700	0x14882C	0x12C	FUN_0000000000148700
0x14882C	0x148930	0x104	FUN_000000000014882C
0x148930	0x148954	0x24	FUN_0000000000148930
0x148954	0x148B54	0x200	FUN_0000000000148954
0x148B54	0x148BFC	0xA8	FUN_0000000000148B54
0x148BFC	0x148CA8	0xAC	FUN_0000000000148BFC
0x148CA8	0x148D9C	0xF4	FUN_0000000000148CA8
0x148D9C	0x148F48	0x1AC	FUN_0000000000148D9C
0x148F48	0x149078	0x130	FUN_0000000000148F48
0x149078	0x1491AC	0x134	FUN_0000000000149078
0x1491AC	0x1491E4	0x38	FUN_00000000001491AC
0x1491E4	0x149220	0x3C	FUN_00000000001491E4
0x149220	0x149408	0x1E8	FUN_0000000000149220
0x149408	0x14946C	0x64	FUN_0000000000149408
0x14946C	0x149584	0x118	FUN_000000000014946C
0x149584	0x149614	0x90	FUN_0000000000149584
0x149614	0x149CF0	0x6DC	FUN_0000000000149614
0x149CF0	0x149D6C	0x7C	FUN_0000000000149CF0
0x149D6C	0x149DA0	0x34	FUN_0000000000149D6C
0x149DA0	0x149ED8	0x138	FUN_0000000000149DA0
0x149ED8	0x14A1AC	0x2D4	FUN_0000000000149ED8
0x14A1AC	0x14A3D8	0x22C	FUN_000000000014A1AC
0x14A3D8	0x14A4BC	0xE4	FUN_000000000014A3D8
0x14A4BC	0x14A608	0x14C	FUN_000000000014A4BC
0x14A608	0x14A680	0x78	FUN_000000000014A608
0x14A680	0x14A83C	0x1BC	FUN_000000000014A680
0x14A83C	0x14AD04	0x4C8	FUN_000000000014A83C
0x14AD04	0x14AD1C	0x18	FUN_000000000014AD04
0x14AD1C	0x14AE08	0xEC	FUN_000000000014AD1C
0x14AE08	0x14B0E0	0x2D8	FUN_000000000014AE08
0x14B0E0	0x14B224	0x144	FUN_000000000014B0E0
0x14B224	0x14B448	0x224	FUN_000000000014B224
0x14B448	0x14B698	0x250	FUN_000000000014B448
0x14B698	0x14B6C4	0x2C	FUN_000000000014B698
0x14B6C4	0x14B6F4	0x30	FUN_000000000014B6C4
0x14B6F4	0x14B7D8	0xE4	FUN_000000000014B6F4
0x14B7D8	0x14CE70	0x1698	FUN_000000000014B7D8
0x14CE70	0x14D15C	0x2EC	FUN_000000000014CE70
0x14D15C	0x14D2FC	0x1A0	FUN_000000000014D15C
0x14D2FC	0x14D4C0	0x1C4	FUN_000000000014D2FC
0x14D4C0	0x14D5A0	0xE0	FUN_000000000014D4C0
0x14D5A0	0x14D7D8	0x238	FUN_000000000014D5A0
0x14D7D8	0x14D82C	0x54	FUN_000000000014D7D8
0x14D82C	0x14D95C	0x130	FUN_000000000014D82C
0x14D95C	0x14DAE0	0x184	FUN_000000000014D95C
0x14DAE0	0x14DC90	0x1B0	FUN_000000000014DAE0
0x14DC90	0x14DD1C	0x8C	FUN_000000000014DC90
0x14DD1C	0x14DD34	0x18	FUN_000000000014DD1C
0x14DD34	0x14DF58	0x224	FUN_000000000014DD34
0x14DF58	0x14E04C	0xF4	FUN_000000000014DF58
0x14E04C	0x14E184	0x138	FUN_000000000014E04C
0x14E184	0x14E35C	0x1D8	FUN_000000000014E184
0x14E35C	0x14E398	0x3C	FUN_000000000014E35C
0x14E398	0x14E3CC	0x34	FUN_000000000014E398
0x14E3CC	0x14E450	0x84	FUN_000000000014E3CC
0x14E450	0x14E4B8	0x68	FUN_000000000014E450
0x14E4B8	0x14E4F8	0x40	FUN_000000000014E4B8
0x14E4F8	0x14E518	0x20	FUN_000000000014E4F8
0x14E518	0x14E548	0x30	FUN_000000000014E518
0x14E548	0x14E728	0x1E0	FUN_000000000014E548
0x14E728	0x14E8EC	0x1C4	FUN_000000000014E728
0x14E8EC	0x14E91C	0x30	FUN_000000000014E8EC
0x14E91C	0x14EA5C	0x140	FUN_000000000014E91C
0x14EA5C	0x14EA90	0x34	FUN_000000000014EA5C
0x14EA90	0x14EB6C	0xDC	FUN_000000000014EA90
0x14EB6C	0x14EC44	0xD8	FUN_000000000014EB6C
0x14EC44	0x14ED38	0xF4	FUN_000000000014EC44
0x14ED38	0x14ED6C	0x34	FUN_000000000014ED38
0x14ED6C	0x14EE40	0xD4	FUN_000000000014ED6C
0x14EE40	0x14EF40	0x100	FUN_000000000014EE40
0x14EF40	0x14EFCC	0x8C	FUN_000000000014EF40
0x14EFCC	0x14F114	0x148	FUN_000000000014EFCC
0x14F114	0x14F384	0x270	FUN_000000000014F114
0x14F384	0x14F3BC	0x38	FUN_000000000014F384
0x14F3BC	0x14F4B0	0xF4	FUN_000000000014F3BC
0x14F4B0	0x14F65C	0x1AC	FUN_000000000014F4B0
0x14F65C	0x14F794	0x138	FUN_000000000014F65C
0x14F794	0x14F7CC	0x38	FUN_000000000014F794
0x14F7CC	0x14F8A8	0xDC	FUN_000000000014F7CC
0x14F8A8	0x14F98C	0xE4	FUN_000000000014F8A8
0x14F98C	0x14FB78	0x1EC	FUN_000000000014F98C
0x14FB78	0x14FC58	0xE0	FUN_000000000014FB78
0x14FC58	0x14FC60	0x8	FUN_000000000014FC58
0x14FC60	0x150044	0x3E4	FUN_000000000014FC60
0x150044	0x150078	0x34	FUN_0000000000150044
0x150078	0x150150	0xD8	FUN_0000000000150078
0x150150	0x150248	0xF8	FUN_0000000000150150
0x150248	0x150328	0xE0	FUN_0000000000150248
0x150328	0x150358	0x30	FUN_0000000000150328
0x150358	0x150544	0x1EC	FUN_0000000000150358
0x150544	0x15067C	0x138	FUN_0000000000150544
0x15067C	0x150754	0xD8	FUN_000000000015067C
0x150754	0x150794	0x40	FUN_0000000000150754
0x150794	0x1507C8	0x34	FUN_0000000000150794
0x1507C8	0x15094C	0x184	FUN_00000000001507C8
0x15094C	0x1509C0	0x74	FUN_000000000015094C
0x1509C0	0x150C14	0x254	FUN_00000000001509C0
0x150C14	0x150C54	0x40	FUN_0000000000150C14
0x150C54	0x150CDC	0x88	FUN_0000000000150C54
0x150CDC	0x150DE0	0x104	FUN_0000000000150CDC
0x150DE0	0x150EE8	0x108	FUN_0000000000150DE0
0x150EE8	0x150F14	0x2C	FUN_0000000000150EE8
0x150F14	0x151034	0x120	FUN_0000000000150F14
0x151034	0x151064	0x30	FUN_0000000000151034
0x151064	0x151184	0x120	FUN_0000000000151064
0x151184	0x1513DC	0x258	FUN_0000000000151184
0x1513DC	0x1514B8	0xDC	FUN_00000000001513DC
0x1514B8	0x1514D8	0x20	FUN_00000000001514B8
0x1514D8	0x151518	0x40	FUN_00000000001514D8
0x151518	0x151648	0x130	FUN_0000000000151518
0x151648	0x15188C	0x244	FUN_0000000000151648
0x15188C	0x151AB0	0x224	FUN_000000000015188C
0x151AB0	0x151AF0	0x40	FUN_0000000000151AB0
0x151AF0	0x151CCC	0x1DC	FUN_0000000000151AF0
0x151CCC	0x151EB0	0x1E4	FUN_0000000000151CCC
0x151EB0	0x151FC4	0x114	FUN_0000000000151EB0
0x151FC4	0x152258	0x294	FUN_0000000000151FC4
0x152258	0x152348	0xF0	FUN_0000000000152258
0x152348	0x15237C	0x34	FUN_0000000000152348
0x15237C	0x1524C0	0x144	FUN_000000000015237C
0x1524C0	0x1524F8	0x38	FUN_00000000001524C0
0x1524F8	0x1525D0	0xD8	FUN_00000000001524F8
0x1525D0	0x1525FC	0x2C	FUN_00000000001525D0
0x1525FC	0x1526D4	0xD8	FUN_00000000001525FC
0x1526D4	0x1527C8	0xF4	FUN_00000000001526D4
0x1527C8	0x1528D0	0x108	FUN_00000000001527C8
0x1528D0	0x15293C	0x6C	FUN_00000000001528D0
0x15293C	0x152ADC	0x1A0	FUN_000000000015293C
0x152ADC	0x152E78	0x39C	FUN_0000000000152ADC
0x152E78	0x152FAC	0x134	FUN_0000000000152E78
0x152FAC	0x152FE4	0x38	FUN_0000000000152FAC
0x152FE4	0x1530D4	0xF0	FUN_0000000000152FE4
0x1530D4	0x153A3C	0x968	FUN_00000000001530D4
0x153A3C	0x15449C	0xA60	FUN_0000000000153A3C
0x15449C	0x1544D8	0x3C	FUN_000000000015449C
0x1544D8	0x154504	0x2C	FUN_00000000001544D8
0x154504	0x154658	0x154	FUN_0000000000154504
0x154658	0x1546A4	0x4C	FUN_0000000000154658
0x1546A4	0x15488C	0x1E8	FUN_00000000001546A4
0x15488C	0x154C88	0x3FC	FUN_000000000015488C
0x154C88	0x154CB4	0x2C	FUN_0000000000154C88
0x154CB4	0x1558D0	0xC1C	FUN_0000000000154CB4
0x1558D0	0x155A3C	0x16C	FUN_00000000001558D0
0x155A3C	0x155B18	0xDC	FUN_0000000000155A3C
0x155B18	0x155DC4	0x2AC	FUN_0000000000155B18
0x155DC4	0x155DF8	0x34	FUN_0000000000155DC4
0x155DF8	0x155F30	0x138	FUN_0000000000155DF8
0x155F30	0x155F7C	0x4C	FUN_0000000000155F30
0x155F7C	0x15604C	0xD0	FUN_0000000000155F7C
0x15604C	0x156220	0x1D4	FUN_000000000015604C
0x156220	0x1563DC	0x1BC	FUN_0000000000156220
0x1563DC	0x156420	0x44	FUN_00000000001563DC
0x156420	0x1565B8	0x198	FUN_0000000000156420
0x1565B8	0x156698	0xE0	FUN_00000000001565B8
0x156698	0x1567C8	0x130	FUN_0000000000156698
0x1567C8	0x1568B4	0xEC	FUN_00000000001567C8
0x1568B4	0x156AA0	0x1EC	FUN_00000000001568B4
0x156AA0	0x156B0C	0x6C	FUN_0000000000156AA0
0x156B0C	0x156C80	0x174	FUN_0000000000156B0C
0x156C80	0x156EA4	0x224	FUN_0000000000156C80
0x156EA4	0x156FE0	0x13C	FUN_0000000000156EA4
0x156FE0	0x157020	0x40	FUN_0000000000156FE0
0x157020	0x1572F0	0x2D0	FUN_0000000000157020
0x1572F0	0x1577E4	0x4F4	FUN_00000000001572F0
0x1577E4	0x15788C	0xA8	FUN_00000000001577E4
0x15788C	0x157E14	0x588	FUN_000000000015788C
0x157E14	0x157E64	0x50	FUN_0000000000157E14
0x157E64	0x157EC4	0x60	FUN_0000000000157E64
0x157EC4	0x157F08	0x44	FUN_0000000000157EC4
0x157F08	0x15803C	0x134	FUN_0000000000157F08
0x15803C	0x158088	0x4C	FUN_000000000015803C
0x158088	0x1586BC	0x634	FUN_0000000000158088
0x1586BC	0x158840	0x184	FUN_00000000001586BC
0x158840	0x158C58	0x418	FUN_0000000000158840
0x158C58	0x158D88	0x130	FUN_0000000000158C58
0x158D88	0x158E0C	0x84	FUN_0000000000158D88
0x158E0C	0x158FC0	0x1B4	FUN_0000000000158E0C
0x158FC0	0x158FFC	0x3C	FUN_0000000000158FC0
0x158FFC	0x159024	0x28	FUN_0000000000158FFC
0x159024	0x15913C	0x118	FUN_0000000000159024
0x15913C	0x1593BC	0x280	FUN_000000000015913C
0x1593BC	0x159580	0x1C4	FUN_00000000001593BC
0x159580	0x159654	0xD4	FUN_0000000000159580
0x159654	0x159780	0x12C	FUN_0000000000159654
0x159780	0x1599AC	0x22C	FUN_0000000000159780
0x1599AC	0x159B48	0x19C	FUN_00000000001599AC
0x159B48	0x159C1C	0xD4	FUN_0000000000159B48
0x159C1C	0x159C54	0x38	FUN_0000000000159C1C
0x159C54	0x159F58	0x304	FUN_0000000000159C54
0x159F58	0x15A040	0xE8	FUN_0000000000159F58
0x15A040	0x15A11C	0xDC	FUN_000000000015A040
0x15A11C	0x15A250	0x134	FUN_000000000015A11C
0x15A250	0x15A428	0x1D8	FUN_000000000015A250
0x15A428	0x15A468	0x40	FUN_000000000015A428
0x15A468	0x15A59C	0x134	FUN_000000000015A468
0x15A59C	0x15A7A0	0x204	FUN_000000000015A59C
0x15A7A0	0x15A8A0	0x100	FUN_000000000015A7A0
0x15A8A0	0x15A9C0	0x120	FUN_000000000015A8A0
0x15A9C0	0x15AAA0	0xE0	FUN_000000000015A9C0
0x15AAA0	0x15AC34	0x194	FUN_000000000015AAA0
0x15AC34	0x15AC78	0x44	FUN_000000000015AC34
0x15AC78	0x15ADEC	0x174	FUN_000000000015AC78
0x15ADEC	0x15AE30	0x44	FUN_000000000015ADEC
0x15AE30	0x15AF28	0xF8	FUN_000000000015AE30
0x15AF28	0x15AF4C	0x24	FUN_000000000015AF28
0x15AF4C	0x15B088	0x13C	FUN_000000000015AF4C
0x15B088	0x15B1B4	0x12C	FUN_000000000015B088
0x15B1B4	0x15B2DC	0x128	FUN_000000000015B1B4
0x15B2DC	0x15B380	0xA4	FUN_000000000015B2DC
0x15B380	0x15B398	0x18	FUN_000000000015B380
0x15B398	0x15B50C	0x174	FUN_000000000015B398
0x15B50C	0x15B54C	0x40	FUN_000000000015B50C
0x15B54C	0x15B6F4	0x1A8	FUN_000000000015B54C
0x15B6F4	0x15B790	0x9C	FUN_000000000015B6F4
0x15B790	0x15B97C	0x1EC	FUN_000000000015B790
0x15B97C	0x15B9E0	0x64	FUN_000000000015B97C
0x15B9E0	0x15BA18	0x38	FUN_000000000015B9E0
0x15BA18	0x15BAA4	0x8C	FUN_000000000015BA18
0x15BAA4	0x15BAEC	0x48	FUN_000000000015BAA4
0x15BAEC	0x15BBE0	0xF4	FUN_000000000015BAEC
0x15BBE0	0x15BD10	0x130	FUN_000000000015BBE0
0x15BD10	0x15BD30	0x20	FUN_000000000015BD10
0x15BD30	0x15BE34	0x104	FUN_000000000015BD30
0x15BE34	0x15BF38	0x104	FUN_000000000015BE34
0x15BF38	0x15BF60	0x28	FUN_000000000015BF38
0x15BF60	0x15C090	0x130	FUN_000000000015BF60
0x15C090	0x15C0B0	0x20	FUN_000000000015C090
0x15C0B0	0x15C24C	0x19C	FUN_000000000015C0B0
0x15C24C	0x15C3B0	0x164	FUN_000000000015C24C
0x15C3B0	0x15C4C0	0x110	FUN_000000000015C3B0
0x15C4C0	0x15C6F4	0x234	FUN_000000000015C4C0
0x15C6F4	0x15C8A8	0x1B4	FUN_000000000015C6F4
0x15C8A8	0x15C8C8	0x20	FUN_000000000015C8A8
0x15C8C8	0x15C900	0x38	FUN_000000000015C8C8
0x15C900	0x15C930	0x30	FUN_000000000015C900
0x15C930	0x15CA5C	0x12C	FUN_000000000015C930
0x15CA5C	0x15CA8C	0x30	FUN_000000000015CA5C
0x15CA8C	0x15CC64	0x1D8	FUN_000000000015CA8C
0x15CC64	0x15CED8	0x274	FUN_000000000015CC64
0x15CED8	0x15D004	0x12C	FUN_000000000015CED8
0x15D004	0x15D0E4	0xE0	FUN_000000000015D004
0x15D0E4	0x15D1C4	0xE0	FUN_000000000015D0E4
0x15D1C4	0x15D458	0x294	FUN_000000000015D1C4
0x15D458	0x15D538	0xE0	FUN_000000000015D458
0x15D538	0x15D6B4	0x17C	FUN_000000000015D538
0x15D6B4	0x15D7AC	0xF8	FUN_000000000015D6B4
0x15D7AC	0x15D7EC	0x40	FUN_000000000015D7AC
0x15D7EC	0x15D860	0x74	FUN_000000000015D7EC
0x15D860	0x15D938	0xD8	FUN_000000000015D860
0x15D938	0x15D95C	0x24	FUN_000000000015D938
0x15D95C	0x15DB24	0x1C8	FUN_000000000015D95C
0x15DB24	0x15DB58	0x34	FUN_000000000015DB24
0x15DB58	0x15DB8C	0x34	FUN_000000000015DB58
0x15DB8C	0x15DCA0	0x114	FUN_000000000015DB8C
0x15DCA0	0x15DCD4	0x34	FUN_000000000015DCA0
0x15DCD4	0x15DCF8	0x24	FUN_000000000015DCD4
0x15DCF8	0x15DE30	0x138	FUN_000000000015DCF8
0x15DE30	0x15E03C	0x20C	FUN_000000000015DE30
0x15E03C	0x15E2B8	0x27C	FUN_000000000015E03C
0x15E2B8	0x15E378	0xC0	FUN_000000000015E2B8
0x15E378	0x15E47C	0x104	FUN_000000000015E378
0x15E47C	0x15F0DC	0xC60	FUN_000000000015E47C
0x15F0DC	0x15F2AC	0x1D0	FUN_000000000015F0DC
0x15F2AC	0x15F3B4	0x108	FUN_000000000015F2AC
0x15F3B4	0x15F3EC	0x38	FUN_000000000015F3B4
0x15F3EC	0x15F4FC	0x110	FUN_000000000015F3EC
0x15F4FC	0x15F5D8	0xDC	FUN_000000000015F4FC
0x15F5D8	0x15F6CC	0xF4	FUN_000000000015F5D8
0x15F6CC	0x15F874	0x1A8	FUN_000000000015F6CC
0x15F874	0x15F960	0xEC	FUN_000000000015F874
0x15F960	0x15F998	0x38	FUN_000000000015F960
0x15F998	0x15FA8C	0xF4	FUN_000000000015F998
0x15FA8C	0x15FB8C	0x100	FUN_000000000015FA8C
0x15FB8C	0x15FBBC	0x30	FUN_000000000015FB8C
0x15FBBC	0x15FCF8	0x13C	FUN_000000000015FBBC
0x15FCF8	0x15FE08	0x110	FUN_000000000015FCF8
0x15FE08	0x15FF3C	0x134	FUN_000000000015FE08
0x15FF3C	0x15FF80	0x44	FUN_000000000015FF3C
0x15FF80	0x15FFD8	0x58	FUN_000000000015FF80
0x15FFD8	0x16000C	0x34	FUN_000000000015FFD8
0x16000C	0x1600EC	0xE0	FUN_000000000016000C
0x1600EC	0x1601E4	0xF8	FUN_00000000001600EC
0x1601E4	0x16021C	0x38	FUN_00000000001601E4
0x16021C	0x160358	0x13C	FUN_000000000016021C
0x160358	0x160384	0x2C	FUN_0000000000160358
0x160384	0x1604B4	0x130	FUN_0000000000160384
0x1604B4	0x1605A4	0xF0	FUN_00000000001604B4
0x1605A4	0x1606D0	0x12C	FUN_00000000001605A4
0x1606D0	0x160704	0x34	FUN_00000000001606D0
0x160704	0x1608DC	0x1D8	FUN_0000000000160704
0x1608DC	0x160920	0x44	FUN_00000000001608DC
0x160920	0x160A38	0x118	FUN_0000000000160920
0x160A38	0x160AAC	0x74	FUN_0000000000160A38
0x160AAC	0x160AF8	0x4C	FUN_0000000000160AAC
0x160AF8	0x160B2C	0x34	FUN_0000000000160AF8
0x160B2C	0x160C68	0x13C	FUN_0000000000160B2C
0x160C68	0x160C9C	0x34	FUN_0000000000160C68
0x160C9C	0x160CC4	0x28	FUN_0000000000160C9C
0x160CC4	0x160D1C	0x58	FUN_0000000000160CC4
0x160D1C	0x160F60	0x244	FUN_0000000000160D1C
0x160F60	0x161058	0xF8	FUN_0000000000160F60
0x161058	0x161160	0x108	FUN_0000000000161058
0x161160	0x1611A0	0x40	FUN_0000000000161160
0x1611A0	0x1611C4	0x24	FUN_00000000001611A0
0x1611C4	0x1611F8	0x34	FUN_00000000001611C4
0x1611F8	0x161234	0x3C	FUN_00000000001611F8
0x161234	0x161AD4	0x8A0	FUN_0000000000161234
0x161AD4	0x16287C	0xDA8	FUN_0000000000161AD4
0x16287C	0x16289C	0x20	FUN_000000000016287C
0x16289C	0x1628D0	0x34	FUN_000000000016289C
0x1628D0	0x162B78	0x2A8	FUN_00000000001628D0
0x162B78	0x162BBC	0x44	FUN_0000000000162B78
0x162BBC	0x162D2C	0x170	FUN_0000000000162BBC
0x162D2C	0x162D60	0x34	FUN_0000000000162D2C
0x162D60	0x162E30	0xD0	FUN_0000000000162D60
0x162E30	0x162E6C	0x3C	FUN_0000000000162E30
0x162E6C	0x162E90	0x24	FUN_0000000000162E6C
0x162E90	0x16302C	0x19C	FUN_0000000000162E90
0x16302C	0x163050	0x24	FUN_000000000016302C
0x163050	0x1633C8	0x378	FUN_0000000000163050
0x1633C8	0x163498	0xD0	FUN_00000000001633C8
0x163498	0x1636D0	0x238	FUN_0000000000163498
0x1636D0	0x163708	0x38	FUN_00000000001636D0
0x163708	0x1637E8	0xE0	FUN_0000000000163708
0x1637E8	0x1638D4	0xEC	FUN_00000000001637E8
0x1638D4	0x1639CC	0xF8	FUN_00000000001638D4
0x1639CC	0x1639F8	0x2C	FUN_00000000001639CC
0x1639F8	0x163A6C	0x74	FUN_00000000001639F8
0x163A6C	0x163B7C	0x110	FUN_0000000000163A6C
0x163B7C	0x163BAC	0x30	FUN_0000000000163B7C
0x163BAC	0x163BEC	0x40	FUN_0000000000163BAC
0x163BEC	0x163C78	0x8C	FUN_0000000000163BEC
0x163C78	0x163F38	0x2C0	FUN_0000000000163C78
0x163F38	0x164190	0x258	FUN_0000000000163F38
0x164190	0x1642E0	0x150	FUN_0000000000164190
0x1642E0	0x164580	0x2A0	FUN_00000000001642E0
0x164580	0x164604	0x84	FUN_0000000000164580
0x164604	0x164650	0x4C	FUN_0000000000164604
0x164650	0x164684	0x34	FUN_0000000000164650
0x164684	0x1647C0	0x13C	FUN_0000000000164684
0x1647C0	0x1647E8	0x28	FUN_00000000001647C0
0x1647E8	0x1648E0	0xF8	FUN_00000000001647E8
0x1648E0	0x164904	0x24	FUN_00000000001648E0
0x164904	0x164958	0x54	FUN_0000000000164904
0x164958	0x1649FC	0xA4	FUN_0000000000164958
0x1649FC	0x164B2C	0x130	FUN_00000000001649FC
0x164B2C	0x164B64	0x38	FUN_0000000000164B2C
0x164B64	0x164C4C	0xE8	FUN_0000000000164B64
0x164C4C	0x164E4C	0x200	FUN_0000000000164C4C
0x164E4C	0x164F38	0xEC	FUN_0000000000164E4C
0x164F38	0x164F60	0x28	FUN_0000000000164F38
0x164F60	0x164F94	0x34	FUN_0000000000164F60
0x164F94	0x1653E0	0x44C	FUN_0000000000164F94
0x1653E0	0x165418	0x38	FUN_00000000001653E0
0x165418	0x165440	0x28	FUN_0000000000165418
0x165440	0x165554	0x114	FUN_0000000000165440
0x165554	0x16562C	0xD8	FUN_0000000000165554
0x16562C	0x16574C	0x120	FUN_000000000016562C
0x16574C	0x165908	0x1BC	FUN_000000000016574C
0x165908	0x165A14	0x10C	FUN_0000000000165908
0x165A14	0x165A74	0x60	FUN_0000000000165A14
0x165A74	0x165B54	0xE0	FUN_0000000000165A74
0x165B54	0x165D90	0x23C	FUN_0000000000165B54
0x165D90	0x165ED4	0x144	FUN_0000000000165D90
0x165ED4	0x165F08	0x34	FUN_0000000000165ED4
0x165F08	0x165F20	0x18	FUN_0000000000165F08
0x165F20	0x165FFC	0xDC	FUN_0000000000165F20
0x165FFC	0x1660F4	0xF8	FUN_0000000000165FFC
0x1660F4	0x1661EC	0xF8	FUN_00000000001660F4
0x1661EC	0x166224	0x38	FUN_00000000001661EC
0x166224	0x1663A0	0x17C	FUN_0000000000166224
0x1663A0	0x166434	0x94	FUN_00000000001663A0
0x166434	0x166660	0x22C	FUN_0000000000166434
0x166660	0x1666A0	0x40	FUN_0000000000166660
0x1666A0	0x1666D4	0x34	FUN_00000000001666A0
0x1666D4	0x166F84	0x8B0	FUN_00000000001666D4
0x166F84	0x16713C	0x1B8	FUN_0000000000166F84
0x16713C	0x167208	0xCC	FUN_000000000016713C
0x167208	0x1674D8	0x2D0	FUN_0000000000167208
0x1674D8	0x167764	0x28C	FUN_00000000001674D8
0x167764	0x167864	0x100	FUN_0000000000167764
0x167864	0x167C60	0x3FC	FUN_0000000000167864
0x167C60	0x16814C	0x4EC	FUN_0000000000167C60
0x16814C	0x1682A0	0x154	FUN_000000000016814C
0x1682A0	0x168490	0x1F0	FUN_00000000001682A0
0x168490	0x16853C	0xAC	FUN_0000000000168490
0x16853C	0x168574	0x38	FUN_000000000016853C
0x168574	0x1685B4	0x40	FUN_0000000000168574
0x1685B4	0x1688A0	0x2EC	FUN_00000000001685B4
0x1688A0	0x1688E0	0x40	FUN_00000000001688A0
0x1688E0	0x168910	0x30	FUN_00000000001688E0
0x168910	0x16893C	0x2C	FUN_0000000000168910
0x16893C	0x168BA0	0x264	FUN_000000000016893C
0x168BA0	0x168BD8	0x38	FUN_0000000000168BA0
0x168BD8	0x168C00	0x28	FUN_0000000000168BD8
0x168C00	0x168C54	0x54	FUN_0000000000168C00
0x168C54	0x168D74	0x120	FUN_0000000000168C54
0x168D74	0x168E84	0x110	FUN_0000000000168D74
0x168E84	0x169070	0x1EC	FUN_0000000000168E84
0x169070	0x1690CC	0x5C	FUN_0000000000169070
0x1690CC	0x169100	0x34	FUN_00000000001690CC
0x169100	0x1692C0	0x1C0	FUN_0000000000169100
0x1692C0	0x1694B8	0x1F8	FUN_00000000001692C0
0x1694B8	0x1694E4	0x2C	FUN_00000000001694B8
0x1694E4	0x169604	0x120	FUN_00000000001694E4
0x169604	0x1696D8	0xD4	FUN_0000000000169604
0x1696D8	0x169814	0x13C	FUN_00000000001696D8
0x169814	0x169848	0x34	FUN_0000000000169814
0x169848	0x169880	0x38	FUN_0000000000169848
0x169880	0x1698F0	0x70	FUN_0000000000169880
0x1698F0	0x16995C	0x6C	FUN_00000000001698F0
0x16995C	0x169B70	0x214	FUN_000000000016995C
0x169B70	0x169BA8	0x38	FUN_0000000000169B70
0x169BA8	0x169CA0	0xF8	FUN_0000000000169BA8
0x169CA0	0x16A254	0x5B4	FUN_0000000000169CA0
0x16A254	0x16A44C	0x1F8	FUN_000000000016A254
0x16A44C	0x16A4A8	0x5C	FUN_000000000016A44C
0x16A4A8	0x16ACC4	0x81C	FUN_000000000016A4A8
0x16ACC4	0x16ADEC	0x128	FUN_000000000016ACC4
0x16ADEC	0x16AE80	0x94	FUN_000000000016ADEC
0x16AE80	0x16AEC0	0x40	FUN_000000000016AE80
0x16AEC0	0x16B4DC	0x61C	FUN_000000000016AEC0
0x16B4DC	0x16BD18	0x83C	FUN_000000000016B4DC
0x16BD18	0x16BDA0	0x88	FUN_000000000016BD18
0x16BDA0	0x16BDC8	0x28	FUN_000000000016BDA0
0x16BDC8	0x16C19C	0x3D4	FUN_000000000016BDC8
0x16C19C	0x16C254	0xB8	FUN_000000000016C19C
0x16C254	0x16C284	0x30	FUN_000000000016C254
0x16C284	0x16C2C4	0x40	FUN_000000000016C284
0x16C2C4	0x16C3B0	0xEC	FUN_000000000016C2C4
0x16C3B0	0x16C3D0	0x20	FUN_000000000016C3B0
0x16C3D0	0x16C4C8	0xF8	FUN_000000000016C3D0
0x16C4C8	0x16C730	0x268	FUN_000000000016C4C8
0x16C730	0x16C860	0x130	FUN_000000000016C730
0x16C860	0x16CA44	0x1E4	FUN_000000000016C860
0x16CA44	0x16CBB4	0x170	FUN_000000000016CA44
0x16CBB4	0x16CCE0	0x12C	FUN_000000000016CBB4
0x16CCE0	0x16CE00	0x120	FUN_000000000016CCE0
0x16CE00	0x16CE28	0x28	FUN_000000000016CE00
0x16CE28	0x16CE70	0x48	FUN_000000000016CE28
0x16CE70	0x16CEBC	0x4C	FUN_000000000016CE70
0x16CEBC	0x16D144	0x288	FUN_000000000016CEBC
0x16D144	0x16D1B8	0x74	FUN_000000000016D144
0x16D1B8	0x16D344	0x18C	FUN_000000000016D1B8
0x16D344	0x16D3EC	0xA8	FUN_000000000016D344
0x16D3EC	0x16D5D8	0x1EC	FUN_000000000016D3EC
0x16D5D8	0x16D6BC	0xE4	FUN_000000000016D5D8
0x16D6BC	0x16D6E0	0x24	FUN_000000000016D6BC
0x16D6E0	0x16D704	0x24	FUN_000000000016D6E0
0x16D704	0x16D740	0x3C	FUN_000000000016D704
0x16D740	0x16D76C	0x2C	FUN_000000000016D740
0x16D76C	0x16D86C	0x100	FUN_000000000016D76C
0x16D86C	0x16D8B0	0x44	FUN_000000000016D86C
0x16D8B0	0x16D9F4	0x144	FUN_000000000016D8B0
0x16D9F4	0x16DC6C	0x278	FUN_000000000016D9F4
0x16DC6C	0x16DCF8	0x8C	FUN_000000000016DC6C
0x16DCF8	0x16DD4C	0x54	FUN_000000000016DCF8
0x16DD4C	0x16DDB8	0x6C	FUN_000000000016DD4C
0x16DDB8	0x16DFEC	0x234	FUN_000000000016DDB8
0x16DFEC	0x16E364	0x378	FUN_000000000016DFEC
0x16E364	0x16E3C8	0x64	FUN_000000000016E364
0x16E3C8	0x16E6A4	0x2DC	FUN_000000000016E3C8
0x16E6A4	0x16E704	0x60	FUN_000000000016E6A4
0x16E704	0x16EA68	0x364	FUN_000000000016E704
0x16EA68	0x16EB6C	0x104	FUN_000000000016EA68
0x16EB6C	0x16EBF4	0x88	FUN_000000000016EB6C
0x16EBF4	0x16ECD8	0xE4	FUN_000000000016EBF4
0x16ECD8	0x16EEB4	0x1DC	FUN_000000000016ECD8
0x16EEB4	0x16EF70	0xBC	FUN_000000000016EEB4
0x16EF70	0x16F064	0xF4	FUN_000000000016EF70
0x16F064	0x16F0B4	0x50	FUN_000000000016F064
0x16F0B4	0x16F1F0	0x13C	FUN_000000000016F0B4
0x16F1F0	0x16F228	0x38	FUN_000000000016F1F0
0x16F228	0x16F28C	0x64	FUN_000000000016F228
0x16F28C	0x16F2C8	0x3C	FUN_000000000016F28C
0x16F2C8	0x16F3A8	0xE0	FUN_000000000016F2C8
0x16F3A8	0x16F414	0x6C	FUN_000000000016F3A8
0x16F414	0x16F450	0x3C	FUN_000000000016F414
0x16F450	0x16F5C8	0x178	FUN_000000000016F450
0x16F5C8	0x16F6D0	0x108	FUN_000000000016F5C8
0x16F6D0	0x16F720	0x50	FUN_000000000016F6D0
0x16F720	0x16F754	0x34	FUN_000000000016F720
0x16F754	0x16F7D8	0x84	FUN_000000000016F754
0x16F7D8	0x16F8C8	0xF0	FUN_000000000016F7D8
0x16F8C8	0x16F9FC	0x134	FUN_000000000016F8C8
0x16F9FC	0x16FB34	0x138	FUN_000000000016F9FC
0x16FB34	0x16FB50	0x1C	FUN_000000000016FB34
0x16FB50	0x16FBC4	0x74	FUN_000000000016FB50
0x16FBC4	0x16FCF8	0x134	FUN_000000000016FBC4
0x16FCF8	0x16FE64	0x16C	FUN_000000000016FCF8
0x16FE64	0x17008C	0x228	FUN_000000000016FE64
0x17008C	0x1700A8	0x1C	FUN_000000000017008C
0x1700A8	0x1700E8	0x40	FUN_00000000001700A8
0x1700E8	0x170220	0x138	FUN_00000000001700E8
0x170220	0x1703E0	0x1C0	FUN_0000000000170220
0x1703E0	0x17041C	0x3C	FUN_00000000001703E0
0x17041C	0x170440	0x24	FUN_000000000017041C
0x170440	0x170478	0x38	FUN_0000000000170440
0x170478	0x1704B8	0x40	FUN_0000000000170478
0x1704B8	0x170690	0x1D8	FUN_00000000001704B8
0x170690	0x170778	0xE8	FUN_0000000000170690
0x170778	0x17079C	0x24	FUN_0000000000170778
0x17079C	0x170894	0xF8	FUN_000000000017079C
0x170894	0x1709C8	0x134	FUN_0000000000170894
0x1709C8	0x170B34	0x16C	FUN_00000000001709C8
0x170B34	0x170C2C	0xF8	FUN_0000000000170B34
0x170C2C	0x170DF4	0x1C8	FUN_0000000000170C2C
0x170DF4	0x170E18	0x24	FUN_0000000000170DF4
0x170E18	0x170E4C	0x34	FUN_0000000000170E18
0x170E4C	0x170E80	0x34	FUN_0000000000170E4C
0x170E80	0x170EB4	0x34	FUN_0000000000170E80
0x170EB4	0x171050	0x19C	FUN_0000000000170EB4
0x171050	0x1710BC	0x6C	FUN_0000000000171050
0x1710BC	0x1711C0	0x104	FUN_00000000001710BC
0x1711C0	0x1712EC	0x12C	FUN_00000000001711C0
0x1712EC	0x1713FC	0x110	FUN_00000000001712EC
0x1713FC	0x171514	0x118	FUN_00000000001713FC
0x171514	0x171660	0x14C	FUN_0000000000171514
0x171660	0x171758	0xF8	FUN_0000000000171660
0x171758	0x171858	0x100	FUN_0000000000171758
0x171858	0x1718F4	0x9C	FUN_0000000000171858
0x1718F4	0x171A04	0x110	FUN_00000000001718F4
0x171A04	0x171A2C	0x28	FUN_0000000000171A04
0x171A2C	0x171A34	0x8	FUN_0000000000171A2C
0x171A34	0x171A74	0x40	FUN_0000000000171A34
0x171A74	0x171B30	0xBC	FUN_0000000000171A74
0x171B30	0x171BB0	0x80	FUN_0000000000171B30
0x171BB0	0x171C94	0xE4	FUN_0000000000171BB0
0x171C94	0x171D0C	0x78	FUN_0000000000171C94
0x171D0C	0x171E64	0x158	FUN_0000000000171D0C
0x171E64	0x171F20	0xBC	FUN_0000000000171E64
0x171F20	0x171F58	0x38	FUN_0000000000171F20
0x171F58	0x171FC0	0x68	FUN_0000000000171F58
0x171FC0	0x17204C	0x8C	FUN_0000000000171FC0
0x17204C	0x17217C	0x130	FUN_000000000017204C
0x17217C	0x172308	0x18C	FUN_000000000017217C
0x172308	0x172348	0x40	FUN_0000000000172308
0x172348	0x1725D0	0x288	FUN_0000000000172348
0x1725D0	0x1725F8	0x28	FUN_00000000001725D0
0x1725F8	0x172680	0x88	FUN_00000000001725F8
0x172680	0x17275C	0xDC	FUN_0000000000172680
0x17275C	0x172784	0x28	FUN_000000000017275C
0x172784	0x17278C	0x8	FUN_0000000000172784
0x17278C	0x1729D0	0x244	FUN_000000000017278C
0x1729D0	0x172D7C	0x3AC	FUN_00000000001729D0
0x172D7C	0x172F60	0x1E4	FUN_0000000000172D7C
0x172F60	0x1731E4	0x284	FUN_0000000000172F60
0x1731E4	0x1732F8	0x114	FUN_00000000001731E4
0x1732F8	0x173414	0x11C	FUN_00000000001732F8
0x173414	0x173444	0x30	FUN_0000000000173414
0x173444	0x173520	0xDC	FUN_0000000000173444
0x173520	0x173548	0x28	FUN_0000000000173520
0x173548	0x173748	0x200	FUN_0000000000173548
0x173748	0x173800	0xB8	FUN_0000000000173748
0x173800	0x173830	0x30	FUN_0000000000173800
0x173830	0x173970	0x140	FUN_0000000000173830
0x173970	0x17399C	0x2C	FUN_0000000000173970
0x17399C	0x173B24	0x188	FUN_000000000017399C
0x173B24	0x173B50	0x2C	FUN_0000000000173B24
0x173B50	0x173B80	0x30	FUN_0000000000173B50
0x173B80	0x173BB4	0x34	FUN_0000000000173B80
0x173BB4	0x173D2C	0x178	FUN_0000000000173BB4
0x173D2C	0x173E60	0x134	FUN_0000000000173D2C
0x173E60	0x173EE4	0x84	FUN_0000000000173E60
0x173EE4	0x173F38	0x54	FUN_0000000000173EE4
0x173F38	0x1741A4	0x26C	FUN_0000000000173F38
0x1741A4	0x1741DC	0x38	FUN_00000000001741A4
0x1741DC	0x174214	0x38	FUN_00000000001741DC
0x174214	0x1743B8	0x1A4	FUN_0000000000174214
0x1743B8	0x1744E8	0x130	FUN_00000000001743B8
0x1744E8	0x174528	0x40	FUN_00000000001744E8
0x174528	0x174544	0x1C	FUN_0000000000174528
0x174544	0x174580	0x3C	FUN_0000000000174544
0x174580	0x1745A4	0x24	FUN_0000000000174580
0x1745A4	0x1748E4	0x340	FUN_00000000001745A4
0x1748E4	0x174918	0x34	FUN_00000000001748E4
0x174918	0x174A00	0xE8	FUN_0000000000174918
0x174A00	0x174B38	0x138	FUN_0000000000174A00
0x174B38	0x174C64	0x12C	FUN_0000000000174B38
0x174C64	0x174F74	0x310	FUN_0000000000174C64
0x174F74	0x175078	0x104	FUN_0000000000174F74
0x175078	0x1750D0	0x58	FUN_0000000000175078
0x1750D0	0x1751B0	0xE0	FUN_00000000001750D0
0x1751B0	0x1752E4	0x134	FUN_00000000001751B0
0x1752E4	0x17541C	0x138	FUN_00000000001752E4
0x17541C	0x1754F4	0xD8	FUN_000000000017541C
0x1754F4	0x1755B0	0xBC	FUN_00000000001754F4
0x1755B0	0x1757F0	0x240	FUN_00000000001755B0
0x1757F0	0x175830	0x40	FUN_00000000001757F0
0x175830	0x1758B8	0x88	FUN_0000000000175830
0x1758B8	0x175910	0x58	FUN_00000000001758B8
0x175910	0x175964	0x54	FUN_0000000000175910
0x175964	0x175990	0x2C	FUN_0000000000175964
0x175990	0x175AB0	0x120	FUN_0000000000175990
0x175AB0	0x175AD8	0x28	FUN_0000000000175AB0
0x175AD8	0x175B10	0x38	FUN_0000000000175AD8
0x175B10	0x175B8C	0x7C	FUN_0000000000175B10
0x175B8C	0x175F6C	0x3E0	FUN_0000000000175B8C
0x175F6C	0x176030	0xC4	FUN_0000000000175F6C
0x176030	0x176050	0x20	FUN_0000000000176030
0x176050	0x176090	0x40	FUN_0000000000176050
0x176090	0x1760EC	0x5C	FUN_0000000000176090
0x1760EC	0x1764D8	0x3EC	FUN_00000000001760EC
0x1764D8	0x176514	0x3C	FUN_00000000001764D8
0x176514	0x176608	0xF4	FUN_0000000000176514
0x176608	0x1767A4	0x19C	FUN_0000000000176608
0x1767A4	0x176908	0x164	FUN_00000000001767A4
0x176908	0x17695C	0x54	FUN_0000000000176908
0x17695C	0x17697C	0x20	FUN_000000000017695C
0x17697C	0x176A7C	0x100	FUN_000000000017697C
0x176A7C	0x176B80	0x104	FUN_0000000000176A7C
0x176B80	0x176BB4	0x34	FUN_0000000000176B80
0x176BB4	0x176BCC	0x18	FUN_0000000000176BB4
0x176BCC	0x176CFC	0x130	FUN_0000000000176BCC
0x176CFC	0x176F40	0x244	FUN_0000000000176CFC
0x176F40	0x1770E0	0x1A0	FUN_0000000000176F40
0x1770E0	0x1770F8	0x18	FUN_00000000001770E0
0x1770F8	0x1771E4	0xEC	FUN_00000000001770F8
0x1771E4	0x177344	0x160	FUN_00000000001771E4
0x177344	0x177374	0x30	FUN_0000000000177344
0x177374	0x1774C4	0x150	FUN_0000000000177374
0x1774C4	0x1776C8	0x204	FUN_00000000001774C4
0x1776C8	0x177870	0x1A8	FUN_00000000001776C8
0x177870	0x177894	0x24	FUN_0000000000177870
0x177894	0x177964	0xD0	FUN_0000000000177894
0x177964	0x1779A8	0x44	FUN_0000000000177964
0x1779A8	0x177BC8	0x220	FUN_00000000001779A8
0x177BC8	0x177C1C	0x54	FUN_0000000000177BC8
0x177C1C	0x177D4C	0x130	FUN_0000000000177C1C
0x177D4C	0x177D70	0x24	FUN_0000000000177D4C
0x177D70	0x177DA8	0x38	FUN_0000000000177D70
0x177DA8	0x177DDC	0x34	FUN_0000000000177DA8
0x177DDC	0x177E00	0x24	FUN_0000000000177DDC
0x177E00	0x177FEC	0x1EC	FUN_0000000000177E00
0x177FEC	0x178090	0xA4	FUN_0000000000177FEC
0x178090	0x178178	0xE8	FUN_0000000000178090
0x178178	0x1782A8	0x130	FUN_0000000000178178
0x1782A8	0x1783D4	0x12C	FUN_00000000001782A8
0x1783D4	0x178470	0x9C	FUN_00000000001783D4
0x178470	0x178510	0xA0	FUN_0000000000178470
0x178510	0x178540	0x30	FUN_0000000000178510
0x178540	0x178588	0x48	FUN_0000000000178540
0x178588	0x1786B0	0x128	FUN_0000000000178588
0x1786B0	0x178B08	0x458	FUN_00000000001786B0
0x178B08	0x178DC8	0x2C0	FUN_0000000000178B08
0x178DC8	0x178F3C	0x174	FUN_0000000000178DC8
0x178F3C	0x178FC8	0x8C	FUN_0000000000178F3C
0x178FC8	0x179074	0xAC	FUN_0000000000178FC8
0x179074	0x1791BC	0x148	FUN_0000000000179074
0x1791BC	0x1792A4	0xE8	FUN_00000000001791BC
0x1792A4	0x1792E4	0x40	FUN_00000000001792A4
0x1792E4	0x179474	0x190	FUN_00000000001792E4
0x179474	0x1794A8	0x34	FUN_0000000000179474
0x1794A8	0x1794C4	0x1C	FUN_00000000001794A8
0x1794C4	0x1795FC	0x138	FUN_00000000001794C4
0x1795FC	0x179710	0x114	FUN_00000000001795FC
0x179710	0x179808	0xF8	FUN_0000000000179710
0x179808	0x1799FC	0x1F4	FUN_0000000000179808
0x1799FC	0x179B44	0x148	FUN_00000000001799FC
0x179B44	0x179D64	0x220	FUN_0000000000179B44
0x179D64	0x179E58	0xF4	FUN_0000000000179D64
0x179E58	0x179F34	0xDC	FUN_0000000000179E58
0x179F34	0x179F68	0x34	FUN_0000000000179F34
0x179F68	0x17A250	0x2E8	FUN_0000000000179F68
0x17A250	0x17A288	0x38	FUN_000000000017A250
0x17A288	0x17A2B0	0x28	FUN_000000000017A288
0x17A2B0	0x17A418	0x168	FUN_000000000017A2B0
0x17A418	0x17A4EC	0xD4	FUN_000000000017A418
0x17A4EC	0x17A60C	0x120	FUN_000000000017A4EC
0x17A60C	0x17A684	0x78	FUN_000000000017A60C
0x17A684	0x17A974	0x2F0	FUN_000000000017A684
0x17A974	0x17AA9C	0x128	FUN_000000000017A974
0x17AA9C	0x17AB94	0xF8	FUN_000000000017AA9C
0x17AB94	0x17ABCC	0x38	FUN_000000000017AB94
0x17ABCC	0x17AC08	0x3C	FUN_000000000017ABCC
0x17AC08	0x17ACF0	0xE8	FUN_000000000017AC08
0x17ACF0	0x17AE68	0x178	FUN_000000000017ACF0
0x17AE68	0x17B044	0x1DC	FUN_000000000017AE68
0x17B044	0x17B07C	0x38	FUN_000000000017B044
0x17B07C	0x17B1B4	0x138	FUN_000000000017B07C
0x17B1B4	0x17B358	0x1A4	FUN_000000000017B1B4
0x17B358	0x17B4B4	0x15C	FUN_000000000017B358
0x17B4B4	0x17B528	0x74	FUN_000000000017B4B4
0x17B528	0x17B6F8	0x1D0	FUN_000000000017B528
0x17B6F8	0x17B834	0x13C	FUN_000000000017B6F8
0x17B834	0x17B870	0x3C	FUN_000000000017B834
0x17B870	0x17B8F4	0x84	FUN_000000000017B870
0x17B8F4	0x17BA58	0x164	FUN_000000000017B8F4
0x17BA58	0x17BBF4	0x19C	FUN_000000000017BA58
0x17BBF4	0x17BD38	0x144	FUN_000000000017BBF4
0x17BD38	0x17BFA4	0x26C	FUN_000000000017BD38
0x17BFA4	0x17BFEC	0x48	FUN_000000000017BFA4
0x17BFEC	0x17C074	0x88	FUN_000000000017BFEC
0x17C074	0x17C210	0x19C	FUN_000000000017C074
0x17C210	0x17C3DC	0x1CC	FUN_000000000017C210
0x17C3DC	0x17C4B0	0xD4	FUN_000000000017C3DC
0x17C4B0	0x17C55C	0xAC	FUN_000000000017C4B0
0x17C55C	0x17CA04	0x4A8	FUN_000000000017C55C
0x17CA04	0x17CB10	0x10C	FUN_000000000017CA04
0x17CB10	0x17CD44	0x234	FUN_000000000017CB10
0x17CD44	0x17CEDC	0x198	FUN_000000000017CD44
0x17CEDC	0x17CF68	0x8C	FUN_000000000017CEDC
0x17CF68	0x17D1C8	0x260	FUN_000000000017CF68
0x17D1C8	0x17D2A0	0xD8	FUN_000000000017D1C8
0x17D2A0	0x17D46C	0x1CC	FUN_000000000017D2A0
0x17D46C	0x17D4BC	0x50	FUN_000000000017D46C
0x17D4BC	0x17D6E8	0x22C	FUN_000000000017D4BC
0x17D6E8	0x17D760	0x78	FUN_000000000017D6E8
0x17D760	0x17D900	0x1A0	FUN_000000000017D760
0x17D900	0x17D954	0x54	FUN_000000000017D900
0x17D954	0x17D980	0x2C	FUN_000000000017D954
0x17D980	0x17DAA0	0x120	FUN_000000000017D980
0x17DAA0	0x17DB84	0xE4	FUN_000000000017DAA0
0x17DB84	0x17DBF8	0x74	FUN_000000000017DB84
0x17DBF8	0x17DC58	0x60	FUN_000000000017DBF8
0x17DC58	0x17DDF4	0x19C	FUN_000000000017DC58
0x17DDF4	0x17DE48	0x54	FUN_000000000017DDF4
0x17DE48	0x17E07C	0x234	FUN_000000000017DE48
0x17E07C	0x17E248	0x1CC	FUN_000000000017E07C
0x17E248	0x17E600	0x3B8	FUN_000000000017E248
0x17E600	0x17E63C	0x3C	FUN_000000000017E600
0x17E63C	0x17E748	0x10C	FUN_000000000017E63C
0x17E748	0x17E784	0x3C	FUN_000000000017E748
0x17E784	0x17E884	0x100	FUN_000000000017E784
0x17E884	0x17E9EC	0x168	FUN_000000000017E884
0x17E9EC	0x17EBD0	0x1E4	FUN_000000000017E9EC
0x17EBD0	0x17EDA0	0x1D0	FUN_000000000017EBD0
0x17EDA0	0x17EDA4	0x4	FUN_000000000017EDA0
0x17EDA4	0x17EE9C	0xF8	FUN_000000000017EDA4
0x17EE9C	0x17F144	0x2A8	FUN_000000000017EE9C
0x17F144	0x17F1AC	0x68	FUN_000000000017F144
0x17F1AC	0x17F258	0xAC	FUN_000000000017F1AC
0x17F258	0x17F398	0x140	FUN_000000000017F258
0x17F398	0x17F6B0	0x318	FUN_000000000017F398
0x17F6B0	0x17F8E0	0x230	FUN_000000000017F6B0
0x17F8E0	0x17FB84	0x2A4	FUN_000000000017F8E0
0x17FB84	0x17FD48	0x1C4	FUN_000000000017FB84
0x17FD48	0x17FDCC	0x84	FUN_000000000017FD48
0x17FDCC	0x17FE44	0x78	FUN_000000000017FDCC
0x17FE44	0x17FF1C	0xD8	FUN_000000000017FE44
0x17FF1C	0x18001C	0x100	FUN_000000000017FF1C
0x18001C	0x1800A0	0x84	FUN_000000000018001C
0x1800A0	0x1801A8	0x108	FUN_00000000001800A0
0x1801A8	0x180260	0xB8	FUN_00000000001801A8
0x180260	0x180368	0x108	FUN_0000000000180260
0x180368	0x1804FC	0x194	FUN_0000000000180368
0x1804FC	0x180594	0x98	FUN_00000000001804FC
0x180594	0x180708	0x174	FUN_0000000000180594
0x180708	0x18076C	0x64	FUN_0000000000180708
0x18076C	0x180868	0xFC	FUN_000000000018076C
0x180868	0x180C24	0x3BC	FUN_0000000000180868
0x180C24	0x180DF4	0x1D0	FUN_0000000000180C24
0x180DF4	0x180E70	0x7C	FUN_0000000000180DF4
0x180E70	0x180FA0	0x130	FUN_0000000000180E70
0x180FA0	0x18101C	0x7C	FUN_0000000000180FA0
0x18101C	0x181054	0x38	FUN_000000000018101C
0x181054	0x181368	0x314	FUN_0000000000181054
0x181368	0x1827E4	0x147C	FUN_0000000000181368
0x1827E4	0x182B3C	0x358	FUN_00000000001827E4
0x182B3C	0x1830E8	0x5AC	FUN_0000000000182B3C
0x1830E8	0x183144	0x5C	FUN_00000000001830E8
0x183144	0x183634	0x4F0	FUN_0000000000183144
0x183634	0x183874	0x240	FUN_0000000000183634
0x183874	0x1839F8	0x184	FUN_0000000000183874
0x1839F8	0x183C1C	0x224	FUN_00000000001839F8
0x183C1C	0x183D44	0x128	FUN_0000000000183C1C
0x183D44	0x18436C	0x628	FUN_0000000000183D44
0x18436C	0x184498	0x12C	FUN_000000000018436C
0x184498	0x18482C	0x394	FUN_0000000000184498
0x18482C	0x1849E0	0x1B4	FUN_000000000018482C
0x1849E0	0x184B4C	0x16C	FUN_00000000001849E0
0x184B4C	0x184BC0	0x74	FUN_0000000000184B4C
0x184BC0	0x184CAC	0xEC	FUN_0000000000184BC0
0x184CAC	0x184CEC	0x40	FUN_0000000000184CAC
0x184CEC	0x18505C	0x370	FUN_0000000000184CEC
0x18505C	0x18523C	0x1E0	FUN_000000000018505C
0x18523C	0x185284	0x48	FUN_000000000018523C
0x185284	0x185308	0x84	FUN_0000000000185284
0x185308	0x185420	0x118	FUN_0000000000185308
0x185420	0x18547C	0x5C	FUN_0000000000185420
0x18547C	0x1855DC	0x160	FUN_000000000018547C
0x1855DC	0x1856B0	0xD4	FUN_00000000001855DC
0x1856B0	0x185964	0x2B4	FUN_00000000001856B0
0x185964	0x185A9C	0x138	FUN_0000000000185964
0x185A9C	0x185B1C	0x80	FUN_0000000000185A9C
0x185B1C	0x185B70	0x54	FUN_0000000000185B1C
0x185B70	0x185BB4	0x44	FUN_0000000000185B70
0x185BB4	0x185C98	0xE4	FUN_0000000000185BB4
0x185C98	0x185D80	0xE8	FUN_0000000000185C98
0x185D80	0x185D84	0x4	FUN_0000000000185D80
0x185D84	0x185F70	0x1EC	FUN_0000000000185D84
0x185F70	0x186094	0x124	FUN_0000000000185F70
0x186094	0x18611C	0x88	FUN_0000000000186094
0x18611C	0x186318	0x1FC	FUN_000000000018611C
0x186318	0x186420	0x108	FUN_0000000000186318
0x186420	0x1865C0	0x1A0	FUN_0000000000186420
0x1865C0	0x1866AC	0xEC	FUN_00000000001865C0
0x1866AC	0x186A0C	0x360	FUN_00000000001866AC
0x186A0C	0x186B80	0x174	FUN_0000000000186A0C
0x186B80	0x186CAC	0x12C	FUN_0000000000186B80
0x186CAC	0x186E60	0x1B4	FUN_0000000000186CAC
0x186E60	0x186F68	0x108	FUN_0000000000186E60
0x186F68	0x186F9C	0x34	FUN_0000000000186F68
0x186F9C	0x187088	0xEC	FUN_0000000000186F9C
0x187088	0x1870F0	0x68	FUN_0000000000187088
0x1870F0	0x187154	0x64	FUN_00000000001870F0
0x187154	0x1871E4	0x90	FUN_0000000000187154
0x1871E4	0x18733C	0x158	FUN_00000000001871E4
0x18733C	0x1874B4	0x178	FUN_000000000018733C
0x1874B4	0x187514	0x60	FUN_00000000001874B4
0x187514	0x187544	0x30	FUN_0000000000187514
0x187544	0x18778C	0x248	FUN_0000000000187544
0x18778C	0x187998	0x20C	FUN_000000000018778C
0x187998	0x187C98	0x300	FUN_0000000000187998
0x187C98	0x187D98	0x100	FUN_0000000000187C98
0x187D98	0x187EE0	0x148	FUN_0000000000187D98
0x187EE0	0x187FC4	0xE4	FUN_0000000000187EE0
0x187FC4	0x187FF8	0x34	FUN_0000000000187FC4
0x187FF8	0x188124	0x12C	FUN_0000000000187FF8
0x188124	0x188494	0x370	FUN_0000000000188124
0x188494	0x18859C	0x108	FUN_0000000000188494
0x18859C	0x188688	0xEC	FUN_000000000018859C
0x188688	0x1886A4	0x1C	FUN_0000000000188688
0x1886A4	0x1887A8	0x104	FUN_00000000001886A4
0x1887A8	0x1888A4	0xFC	FUN_00000000001887A8
0x1888A4	0x188A88	0x1E4	FUN_00000000001888A4
0x188A88	0x188BBC	0x134	FUN_0000000000188A88
0x188BBC	0x188E8C	0x2D0	FUN_0000000000188BBC
0x188E8C	0x1890A4	0x218	FUN_0000000000188E8C
0x1890A4	0x18930C	0x268	FUN_00000000001890A4
0x18930C	0x1895B4	0x2A8	FUN_000000000018930C
0x1895B4	0x189630	0x7C	FUN_00000000001895B4
0x189630	0x189740	0x110	FUN_0000000000189630
0x189740	0x1898BC	0x17C	FUN_0000000000189740
0x1898BC	0x1898F0	0x34	FUN_00000000001898BC
0x1898F0	0x189928	0x38	FUN_00000000001898F0
0x189928	0x189A08	0xE0	FUN_0000000000189928
0x189A08	0x189BF0	0x1E8	FUN_0000000000189A08
0x189BF0	0x189C14	0x24	FUN_0000000000189BF0
0x189C14	0x189D50	0x13C	FUN_0000000000189C14
0x189D50	0x189E7C	0x12C	FUN_0000000000189D50
0x189E7C	0x189F64	0xE8	FUN_0000000000189E7C
0x189F64	0x189FBC	0x58	FUN_0000000000189F64
0x189FBC	0x18A0C0	0x104	FUN_0000000000189FBC
0x18A0C0	0x18A100	0x40	FUN_000000000018A0C0
0x18A100	0x18A140	0x40	FUN_000000000018A100
0x18A140	0x18A220	0xE0	FUN_000000000018A140
0x18A220	0x18A460	0x240	FUN_000000000018A220
0x18A460	0x18A5C8	0x168	FUN_000000000018A460
0x18A5C8	0x18A6C8	0x100	FUN_000000000018A5C8
0x18A6C8	0x18A6F0	0x28	FUN_000000000018A6C8
0x18A6F0	0x18A7D0	0xE0	FUN_000000000018A6F0
0x18A7D0	0x18A894	0xC4	FUN_000000000018A7D0
0x18A894	0x18AB1C	0x288	FUN_000000000018A894
0x18AB1C	0x18AC18	0xFC	FUN_000000000018AB1C
0x18AC18	0x18AD50	0x138	FUN_000000000018AC18
0x18AD50	0x18AE7C	0x12C	FUN_000000000018AD50
0x18AE7C	0x18B080	0x204	FUN_000000000018AE7C
0x18B080	0x18B0A0	0x20	FUN_000000000018B080
0x18B0A0	0x18B228	0x188	FUN_000000000018B0A0
0x18B228	0x18B328	0x100	FUN_000000000018B228
0x18B328	0x18B468	0x140	FUN_000000000018B328
0x18B468	0x18B514	0xAC	FUN_000000000018B468
0x18B514	0x18B5C0	0xAC	FUN_000000000018B514
0x18B5C0	0x18B734	0x174	FUN_000000000018B5C0
0x18B734	0x18B7E8	0xB4	FUN_000000000018B734
0x18B7E8	0x18BA08	0x220	FUN_000000000018B7E8
0x18BA08	0x18BA9C	0x94	FUN_000000000018BA08
0x18BA9C	0x18BAE8	0x4C	FUN_000000000018BA9C
0x18BAE8	0x18BC4C	0x164	FUN_000000000018BAE8
0x18BC4C	0x18BD2C	0xE0	FUN_000000000018BC4C
0x18BD2C	0x18BED0	0x1A4	FUN_000000000018BD2C
0x18BED0	0x18BFBC	0xEC	FUN_000000000018BED0
0x18BFBC	0x18C1D4	0x218	FUN_000000000018BFBC
0x18C1D4	0x18C30C	0x138	FUN_000000000018C1D4
0x18C30C	0x18C310	0x4	FUN_000000000018C30C
0x18C310	0x18C390	0x80	FUN_000000000018C310
0x18C390	0x18C4A0	0x110	FUN_000000000018C390
0x18C4A0	0x18C528	0x88	FUN_000000000018C4A0
0x18C528	0x18C620	0xF8	FUN_000000000018C528
0x18C620	0x18C728	0x108	FUN_000000000018C620
0x18C728	0x18C798	0x70	FUN_000000000018C728
0x18C798	0x18C7D8	0x40	FUN_000000000018C798
0x18C7D8	0x18CB60	0x388	FUN_000000000018C7D8
0x18CB60	0x18CB9C	0x3C	FUN_000000000018CB60
0x18CB9C	0x18CD00	0x164	FUN_000000000018CB9C
0x18CD00	0x18CD48	0x48	FUN_000000000018CD00
0x18CD48	0x18CE34	0xEC	FUN_000000000018CD48
0x18CE34	0x18CE68	0x34	FUN_000000000018CE34
0x18CE68	0x18CEC8	0x60	FUN_000000000018CE68
0x18CEC8	0x18CFF8	0x130	FUN_000000000018CEC8
0x18CFF8	0x18D228	0x230	FUN_000000000018CFF8
0x18D228	0x18D240	0x18	FUN_000000000018D228
0x18D240	0x18D478	0x238	FUN_000000000018D240
0x18D478	0x18D608	0x190	FUN_000000000018D478
0x18D608	0x18D6C8	0xC0	FUN_000000000018D608
0x18D6C8	0x18D6FC	0x34	FUN_000000000018D6C8
0x18D6FC	0x18D71C	0x20	FUN_000000000018D6FC
0x18D71C	0x18D890	0x174	FUN_000000000018D71C
0x18D890	0x18D8C4	0x34	FUN_000000000018D890
0x18D8C4	0x18D8E4	0x20	FUN_000000000018D8C4
0x18D8E4	0x18D9CC	0xE8	FUN_000000000018D8E4
0x18D9CC	0x18DACC	0x100	FUN_000000000018D9CC
0x18DACC	0x18DDC0	0x2F4	FUN_000000000018DACC
0x18DDC0	0x18E000	0x240	FUN_000000000018DDC0
0x18E000	0x18E234	0x234	FUN_000000000018E000
0x18E234	0x18E270	0x3C	FUN_000000000018E234
0x18E270	0x18E29C	0x2C	FUN_000000000018E270
0x18E29C	0x18E2BC	0x20	FUN_000000000018E29C
0x18E2BC	0x18E3A8	0xEC	FUN_000000000018E2BC
0x18E3A8	0x18E4AC	0x104	FUN_000000000018E3A8
0x18E4AC	0x18E630	0x184	FUN_000000000018E4AC
0x18E630	0x18E648	0x18	FUN_000000000018E630
0x18E648	0x18E680	0x38	FUN_000000000018E648
0x18E680	0x18E8EC	0x26C	FUN_000000000018E680
0x18E8EC	0x18EB04	0x218	FUN_000000000018E8EC
0x18EB04	0x18EC48	0x144	FUN_000000000018EB04
0x18EC48	0x18EDFC	0x1B4	FUN_000000000018EC48
0x18EDFC	0x18EE30	0x34	FUN_000000000018EDFC
0x18EE30	0x18EF50	0x120	FUN_000000000018EE30
0x18EF50	0x18EFC8	0x78	FUN_000000000018EF50
0x18EFC8	0x18F1EC	0x224	FUN_000000000018EFC8
0x18F1EC	0x18F248	0x5C	FUN_000000000018F1EC
0x18F248	0x18F34C	0x104	FUN_000000000018F248
0x18F34C	0x18F454	0x108	FUN_000000000018F34C
0x18F454	0x18F610	0x1BC	FUN_000000000018F454
0x18F610	0x18F6C0	0xB0	FUN_000000000018F610
0x18F6C0	0x18F914	0x254	FUN_000000000018F6C0
0x18F914	0x18FAD4	0x1C0	FUN_000000000018F914
0x18FAD4	0x18FD98	0x2C4	FUN_000000000018FAD4
0x18FD98	0x18FEAC	0x114	FUN_000000000018FD98
0x18FEAC	0x18FF24	0x78	FUN_000000000018FEAC
0x18FF24	0x18FFCC	0xA8	FUN_000000000018FF24
0x18FFCC	0x190180	0x1B4	FUN_000000000018FFCC
0x190180	0x190238	0xB8	FUN_0000000000190180
0x190238	0x1903A4	0x16C	FUN_0000000000190238
0x1903A4	0x19048C	0xE8	FUN_00000000001903A4
0x19048C	0x1904B8	0x2C	FUN_000000000019048C
0x1904B8	0x1905BC	0x104	FUN_00000000001904B8
0x1905BC	0x190638	0x7C	FUN_00000000001905BC
0x190638	0x1906F8	0xC0	FUN_0000000000190638
0x1906F8	0x190780	0x88	FUN_00000000001906F8
0x190780	0x190880	0x100	FUN_0000000000190780
0x190880	0x1908F0	0x70	FUN_0000000000190880
0x1908F0	0x190924	0x34	FUN_00000000001908F0
0x190924	0x190A1C	0xF8	FUN_0000000000190924
0x190A1C	0x190B38	0x11C	FUN_0000000000190A1C
0x190B38	0x190DC8	0x290	FUN_0000000000190B38
0x190DC8	0x190F50	0x188	FUN_0000000000190DC8
0x190F50	0x190FEC	0x9C	FUN_0000000000190F50
0x190FEC	0x19108C	0xA0	FUN_0000000000190FEC
0x19108C	0x1911CC	0x140	FUN_000000000019108C
0x1911CC	0x191278	0xAC	FUN_00000000001911CC
0x191278	0x1913E8	0x170	FUN_0000000000191278
0x1913E8	0x191428	0x40	FUN_00000000001913E8
0x191428	0x1916E4	0x2BC	FUN_0000000000191428
0x1916E4	0x191894	0x1B0	FUN_00000000001916E4
0x191894	0x1918C0	0x2C	FUN_0000000000191894
0x1918C0	0x19190C	0x4C	FUN_00000000001918C0
0x19190C	0x191B30	0x224	FUN_000000000019190C
0x191B30	0x191DB8	0x288	FUN_0000000000191B30
0x191DB8	0x191EF0	0x138	FUN_0000000000191DB8
0x191EF0	0x192234	0x344	FUN_0000000000191EF0
0x192234	0x1923CC	0x198	FUN_0000000000192234
0x1923CC	0x1923EC	0x20	FUN_00000000001923CC
0x1923EC	0x192468	0x7C	FUN_00000000001923EC
0x192468	0x19256C	0x104	FUN_0000000000192468
0x19256C	0x192614	0xA8	FUN_000000000019256C
0x192614	0x1928FC	0x2E8	FUN_0000000000192614
0x1928FC	0x192C54	0x358	FUN_00000000001928FC
0x192C54	0x192CF8	0xA4	FUN_0000000000192C54
0x192CF8	0x192F08	0x210	FUN_0000000000192CF8
0x192F08	0x192F3C	0x34	FUN_0000000000192F08
0x192F3C	0x193050	0x114	FUN_0000000000192F3C
0x193050	0x193288	0x238	FUN_0000000000193050
0x193288	0x1932F0	0x68	FUN_0000000000193288
0x1932F0	0x1933B0	0xC0	FUN_00000000001932F0
0x1933B0	0x193428	0x78	FUN_00000000001933B0
0x193428	0x193540	0x118	FUN_0000000000193428
0x193540	0x193574	0x34	FUN_0000000000193540
0x193574	0x193804	0x290	FUN_0000000000193574
0x193804	0x193888	0x84	FUN_0000000000193804
0x193888	0x193954	0xCC	FUN_0000000000193888
0x193954	0x193B10	0x1BC	FUN_0000000000193954
0x193B10	0x193DF8	0x2E8	FUN_0000000000193B10
0x193DF8	0x19407C	0x284	FUN_0000000000193DF8
0x19407C	0x194100	0x84	FUN_000000000019407C
0x194100	0x194160	0x60	FUN_0000000000194100
0x194160	0x194190	0x30	FUN_0000000000194160
0x194190	0x1942A4	0x114	FUN_0000000000194190
0x1942A4	0x1944C0	0x21C	FUN_00000000001942A4
0x1944C0	0x194548	0x88	FUN_00000000001944C0
0x194548	0x1945A4	0x5C	FUN_0000000000194548
0x1945A4	0x1946A4	0x100	FUN_00000000001945A4
0x1946A4	0x194714	0x70	FUN_00000000001946A4
0x194714	0x19493C	0x228	FUN_0000000000194714
0x19493C	0x194AB8	0x17C	FUN_000000000019493C
0x194AB8	0x194BB8	0x100	FUN_0000000000194AB8
0x194BB8	0x194CD8	0x120	FUN_0000000000194BB8
0x194CD8	0x194EA4	0x1CC	FUN_0000000000194CD8
0x194EA4	0x195080	0x1DC	FUN_0000000000194EA4
0x195080	0x195150	0xD0	FUN_0000000000195080
0x195150	0x195538	0x3E8	FUN_0000000000195150
0x195538	0x195660	0x128	FUN_0000000000195538
0x195660	0x1956A0	0x40	FUN_0000000000195660
0x1956A0	0x1957FC	0x15C	FUN_00000000001956A0
0x1957FC	0x1959A4	0x1A8	FUN_00000000001957FC
0x1959A4	0x1959E8	0x44	FUN_00000000001959A4
0x1959E8	0x195B20	0x138	FUN_00000000001959E8
0x195B20	0x195DEC	0x2CC	FUN_0000000000195B20
0x195DEC	0x1962E0	0x4F4	FUN_0000000000195DEC
0x1962E0	0x196468	0x188	FUN_00000000001962E0
0x196468	0x19662C	0x1C4	FUN_0000000000196468
0x19662C	0x196698	0x6C	FUN_000000000019662C
0x196698	0x196828	0x190	FUN_0000000000196698
0x196828	0x19695C	0x134	FUN_0000000000196828
0x19695C	0x1969D4	0x78	FUN_000000000019695C
0x1969D4	0x196B38	0x164	FUN_00000000001969D4
0x196B38	0x196B60	0x28	FUN_0000000000196B38
0x196B60	0x196BE8	0x88	FUN_0000000000196B60
0x196BE8	0x196D7C	0x194	FUN_0000000000196BE8
0x196D7C	0x196E20	0xA4	FUN_0000000000196D7C
0x196E20	0x196FB4	0x194	FUN_0000000000196E20
0x196FB4	0x1972F0	0x33C	FUN_0000000000196FB4
0x1972F0	0x197BF4	0x904	FUN_00000000001972F0
0x197BF4	0x197CFC	0x108	FUN_0000000000197BF4
0x197CFC	0x197E04	0x108	FUN_0000000000197CFC
0x197E04	0x197E48	0x44	FUN_0000000000197E04
0x197E48	0x197EC4	0x7C	FUN_0000000000197E48
0x197EC4	0x197FF0	0x12C	FUN_0000000000197EC4
0x197FF0	0x1981C8	0x1D8	FUN_0000000000197FF0
0x1981C8	0x1982C0	0xF8	FUN_00000000001981C8
0x1982C0	0x198390	0xD0	FUN_00000000001982C0
0x198390	0x1984C4	0x134	FUN_0000000000198390
0x1984C4	0x19855C	0x98	FUN_00000000001984C4
0x19855C	0x19879C	0x240	FUN_000000000019855C
0x19879C	0x198940	0x1A4	FUN_000000000019879C
0x198940	0x198A8C	0x14C	FUN_0000000000198940
0x198A8C	0x198C58	0x1CC	FUN_0000000000198A8C
0x198C58	0x198DC4	0x16C	FUN_0000000000198C58
0x198DC4	0x198F98	0x1D4	FUN_0000000000198DC4
0x198F98	0x199000	0x68	FUN_0000000000198F98
0x199000	0x1990E4	0xE4	FUN_0000000000199000
0x1990E4	0x19936C	0x288	FUN_00000000001990E4
0x19936C	0x199508	0x19C	FUN_000000000019936C
0x199508	0x1995D8	0xD0	FUN_0000000000199508
0x1995D8	0x1997BC	0x1E4	FUN_00000000001995D8
0x1997BC	0x19986C	0xB0	FUN_00000000001997BC
0x19986C	0x1998AC	0x40	FUN_000000000019986C
0x1998AC	0x199A4C	0x1A0	FUN_00000000001998AC
0x199A4C	0x199CF4	0x2A8	FUN_0000000000199A4C
0x199CF4	0x199E48	0x154	FUN_0000000000199CF4
0x199E48	0x199EA0	0x58	FUN_0000000000199E48
0x199EA0	0x199F1C	0x7C	FUN_0000000000199EA0
0x199F1C	0x199F98	0x7C	FUN_0000000000199F1C
0x199F98	0x19A008	0x70	FUN_0000000000199F98
0x19A008	0x19A09C	0x94	FUN_000000000019A008
0x19A09C	0x19A108	0x6C	FUN_000000000019A09C
0x19A108	0x19A3B0	0x2A8	FUN_000000000019A108
0x19A3B0	0x19A3D8	0x28	FUN_000000000019A3B0
0x19A3D8	0x19A3E0	0x8	FUN_000000000019A3D8
0x19A3E0	0x19A4E4	0x104	FUN_000000000019A3E0
0x19A4E4	0x19A6CC	0x1E8	FUN_000000000019A4E4
0x19A6CC	0x19A7F0	0x124	FUN_000000000019A6CC
0x19A7F0	0x19A8FC	0x10C	FUN_000000000019A7F0
0x19A8FC	0x19A994	0x98	FUN_000000000019A8FC
0x19A994	0x19AA5C	0xC8	FUN_000000000019A994
0x19AA5C	0x19ABA4	0x148	FUN_000000000019AA5C
0x19ABA4	0x19AD44	0x1A0	FUN_000000000019ABA4
0x19AD44	0x19AF04	0x1C0	FUN_000000000019AD44
0x19AF04	0x19B024	0x120	FUN_000000000019AF04
0x19B024	0x19B050	0x2C	FUN_000000000019B024
0x19B050	0x19B088	0x38	FUN_000000000019B050
0x19B088	0x19B0BC	0x34	FUN_000000000019B088
0x19B0BC	0x19B188	0xCC	FUN_000000000019B0BC
0x19B188	0x19B308	0x180	FUN_000000000019B188
0x19B308	0x19B3CC	0xC4	FUN_000000000019B308
0x19B3CC	0x19B54C	0x180	FUN_000000000019B3CC
0x19B54C	0x19B564	0x18	FUN_000000000019B54C
0x19B564	0x19B744	0x1E0	FUN_000000000019B564
0x19B744	0x19B844	0x100	FUN_000000000019B744
0x19B844	0x19B980	0x13C	FUN_000000000019B844
0x19B980	0x19B9F0	0x70	FUN_000000000019B980
0x19B9F0	0x19BBE8	0x1F8	FUN_000000000019B9F0
0x19BBE8	0x19BD1C	0x134	FUN_000000000019BBE8
0x19BD1C	0x19BD40	0x24	FUN_000000000019BD1C
0x19BD40	0x19BECC	0x18C	FUN_000000000019BD40
0x19BECC	0x19BF08	0x3C	FUN_000000000019BECC
0x19BF08	0x19C0A4	0x19C	FUN_000000000019BF08
0x19C0A4	0x19C268	0x1C4	FUN_000000000019C0A4
0x19C268	0x19C29C	0x34	FUN_000000000019C268
0x19C29C	0x19C478	0x1DC	FUN_000000000019C29C
0x19C478	0x19C4B8	0x40	FUN_000000000019C478
0x19C4B8	0x19C4EC	0x34	FUN_000000000019C4B8
0x19C4EC	0x19C5CC	0xE0	FUN_000000000019C4EC
0x19C5CC	0x19C604	0x38	FUN_000000000019C5CC
0x19C604	0x19C6B8	0xB4	FUN_000000000019C604
0x19C6B8	0x19C7D0	0x118	FUN_000000000019C6B8
0x19C7D0	0x19C804	0x34	FUN_000000000019C7D0
0x19C804	0x19C8E4	0xE0	FUN_000000000019C804
0x19C8E4	0x19CBA4	0x2C0	FUN_000000000019C8E4
0x19CBA4	0x19CCF4	0x150	FUN_000000000019CBA4
0x19CCF4	0x19CDF4	0x100	FUN_000000000019CCF4
0x19CDF4	0x19CE8C	0x98	FUN_000000000019CDF4
0x19CE8C	0x19D170	0x2E4	FUN_000000000019CE8C
0x19D170	0x19D42C	0x2BC	FUN_000000000019D170
0x19D42C	0x19D584	0x158	FUN_000000000019D42C
0x19D584	0x19D6BC	0x138	FUN_000000000019D584
0x19D6BC	0x19D814	0x158	FUN_000000000019D6BC
0x19D814	0x19D868	0x54	FUN_000000000019D814
0x19D868	0x19D998	0x130	FUN_000000000019D868
0x19D998	0x19D9D0	0x38	FUN_000000000019D998
0x19D9D0	0x19DAA8	0xD8	FUN_000000000019D9D0
0x19DAA8	0x19DADC	0x34	FUN_000000000019DAA8
0x19DADC	0x19DCB0	0x1D4	FUN_000000000019DADC
0x19DCB0	0x19DD04	0x54	FUN_000000000019DCB0
0x19DD04	0x19DD64	0x60	FUN_000000000019DD04
0x19DD64	0x19DE98	0x134	FUN_000000000019DD64
0x19DE98	0x19DF7C	0xE4	FUN_000000000019DE98
0x19DF7C	0x19DFEC	0x70	FUN_000000000019DF7C
0x19DFEC	0x19E314	0x328	FUN_000000000019DFEC
0x19E314	0x19E354	0x40	FUN_000000000019E314
0x19E354	0x19E438	0xE4	FUN_000000000019E354
0x19E438	0x19E464	0x2C	FUN_000000000019E438
0x19E464	0x19E670	0x20C	FUN_000000000019E464
0x19E670	0x19E898	0x228	FUN_000000000019E670
0x19E898	0x19E8C8	0x30	FUN_000000000019E898
0x19E8C8	0x19E9D8	0x110	FUN_000000000019E8C8
0x19E9D8	0x19EA98	0xC0	FUN_000000000019E9D8
0x19EA98	0x19EB64	0xCC	FUN_000000000019EA98
0x19EB64	0x19EC64	0x100	FUN_000000000019EB64
0x19EC64	0x19EE0C	0x1A8	FUN_000000000019EC64
0x19EE0C	0x19F110	0x304	FUN_000000000019EE0C
0x19F110	0x19F2F8	0x1E8	FUN_000000000019F110
0x19F2F8	0x19F3D0	0xD8	FUN_000000000019F2F8
0x19F3D0	0x19F60C	0x23C	FUN_000000000019F3D0
0x19F60C	0x19F6A0	0x94	FUN_000000000019F60C
0x19F6A0	0x19F820	0x180	FUN_000000000019F6A0
0x19F820	0x19FA1C	0x1FC	FUN_000000000019F820
0x19FA1C	0x19FB18	0xFC	FUN_000000000019FA1C
0x19FB18	0x19FB68	0x50	FUN_000000000019FB18
0x19FB68	0x19FD5C	0x1F4	FUN_000000000019FB68
0x19FD5C	0x19FDC4	0x68	FUN_000000000019FD5C
0x19FDC4	0x19FEC4	0x100	FUN_000000000019FDC4
0x19FEC4	0x19FF84	0xC0	FUN_000000000019FEC4
0x19FF84	0x1A0004	0x80	FUN_000000000019FF84
0x1A0004	0x1A0104	0x100	FUN_00000000001A0004
0x1A0104	0x1A0248	0x144	FUN_00000000001A0104
0x1A0248	0x1A0338	0xF0	FUN_00000000001A0248
0x1A0338	0x1A03AC	0x74	FUN_00000000001A0338
0x1A03AC	0x1A04C0	0x114	FUN_00000000001A03AC
0x1A04C0	0x1A0830	0x370	FUN_00000000001A04C0
0x1A0830	0x1A0930	0x100	FUN_00000000001A0830
0x1A0930	0x1A0A20	0xF0	FUN_00000000001A0930
0x1A0A20	0x1A0C6C	0x24C	FUN_00000000001A0A20
0x1A0C6C	0x1A11E8	0x57C	FUN_00000000001A0C6C
0x1A11E8	0x1A12D4	0xEC	FUN_00000000001A11E8
0x1A12D4	0x1A1304	0x30	FUN_00000000001A12D4
0x1A1304	0x1A1408	0x104	FUN_00000000001A1304
0x1A1408	0x1A15F4	0x1EC	FUN_00000000001A1408
0x1A15F4	0x1A1638	0x44	FUN_00000000001A15F4
0x1A1638	0x1A1770	0x138	FUN_00000000001A1638
0x1A1770	0x1A1878	0x108	FUN_00000000001A1770
0x1A1878	0x1A1B1C	0x2A4	FUN_00000000001A1878
0x1A1B1C	0x1A1C0C	0xF0	FUN_00000000001A1B1C
0x1A1C0C	0x1A1D08	0xFC	FUN_00000000001A1C0C
0x1A1D08	0x1A1E0C	0x104	FUN_00000000001A1D08
0x1A1E0C	0x1A1EFC	0xF0	FUN_00000000001A1E0C
0x1A1EFC	0x1A1FDC	0xE0	FUN_00000000001A1EFC
0x1A1FDC	0x1A2108	0x12C	FUN_00000000001A1FDC
0x1A2108	0x1A2140	0x38	FUN_00000000001A2108
0x1A2140	0x1A227C	0x13C	FUN_00000000001A2140
0x1A227C	0x1A22A0	0x24	FUN_00000000001A227C
0x1A22A0	0x1A23CC	0x12C	FUN_00000000001A22A0
0x1A23CC	0x1A25A8	0x1DC	FUN_00000000001A23CC
0x1A25A8	0x1A25CC	0x24	FUN_00000000001A25A8
0x1A25CC	0x1A2608	0x3C	FUN_00000000001A25CC
0x1A2608	0x1A26E0	0xD8	FUN_00000000001A2608
0x1A26E0	0x1A2818	0x138	FUN_00000000001A26E0
0x1A2818	0x1A284C	0x34	FUN_00000000001A2818
0x1A284C	0x1A2878	0x2C	FUN_00000000001A284C
0x1A2878	0x1A2A50	0x1D8	FUN_00000000001A2878
0x1A2A50	0x1A2A90	0x40	FUN_00000000001A2A50
0x1A2A90	0x1A2AAC	0x1C	FUN_00000000001A2A90
0x1A2AAC	0x1A2AEC	0x40	FUN_00000000001A2AAC
0x1A2AEC	0x1A2BDC	0xF0	FUN_00000000001A2AEC
0x1A2BDC	0x1A2CB4	0xD8	FUN_00000000001A2BDC
0x1A2CB4	0x1A2CE8	0x34	FUN_00000000001A2CB4
0x1A2CE8	0x1A2E1C	0x134	FUN_00000000001A2CE8
0x1A2E1C	0x1A3D88	0xF6C	FUN_00000000001A2E1C
0x1A3D88	0x1A402C	0x2A4	FUN_00000000001A3D88
0x1A402C	0x1A406C	0x40	FUN_00000000001A402C
0x1A406C	0x1A40AC	0x40	FUN_00000000001A406C
0x1A40AC	0x1A41A4	0xF8	FUN_00000000001A40AC
0x1A41A4	0x1A4388	0x1E4	FUN_00000000001A41A4
0x1A4388	0x1A43BC	0x34	FUN_00000000001A4388
0x1A43BC	0x1A44B8	0xFC	FUN_00000000001A43BC
0x1A44B8	0x1A44F0	0x38	FUN_00000000001A44B8
0x1A44F0	0x1A4540	0x50	FUN_00000000001A44F0
0x1A4540	0x1A4630	0xF0	FUN_00000000001A4540
0x1A4630	0x1A4764	0x134	FUN_00000000001A4630
0x1A4764	0x1A486C	0x108	FUN_00000000001A4764
0x1A486C	0x1A4AAC	0x240	FUN_00000000001A486C
0x1A4AAC	0x1A4B3C	0x90	FUN_00000000001A4AAC
0x1A4B3C	0x1A4DC0	0x284	FUN_00000000001A4B3C
0x1A4DC0	0x1A4EC8	0x108	FUN_00000000001A4DC0
0x1A4EC8	0x1A4FB0	0xE8	FUN_00000000001A4EC8
0x1A4FB0	0x1A4FE4	0x34	FUN_00000000001A4FB0
0x1A4FE4	0x1A5018	0x34	FUN_00000000001A4FE4
0x1A5018	0x1A5034	0x1C	FUN_00000000001A5018
0x1A5034	0x1A5238	0x204	FUN_00000000001A5034
0x1A5238	0x1A526C	0x34	FUN_00000000001A5238
0x1A526C	0x1A528C	0x20	FUN_00000000001A526C
0x1A528C	0x1A539C	0x110	FUN_00000000001A528C
0x1A539C	0x1A53D0	0x34	FUN_00000000001A539C
0x1A53D0	0x1A5534	0x164	FUN_00000000001A53D0
0x1A5534	0x1A5698	0x164	FUN_00000000001A5534
0x1A5698	0x1A57D4	0x13C	FUN_00000000001A5698
0x1A57D4	0x1A5830	0x5C	FUN_00000000001A57D4
0x1A5830	0x1A5914	0xE4	FUN_00000000001A5830
0x1A5914	0x1A59F4	0xE0	FUN_00000000001A5914
0x1A59F4	0x1A5A28	0x34	FUN_00000000001A59F4
0x1A5A28	0x1A5A5C	0x34	FUN_00000000001A5A28
0x1A5A5C	0x1A6150	0x6F4	FUN_00000000001A5A5C
0x1A6150	0x1A6BEC	0xA9C	FUN_00000000001A6150
0x1A6BEC	0x1A6D0C	0x120	FUN_00000000001A6BEC
0x1A6D0C	0x1A6D40	0x34	FUN_00000000001A6D0C
0x1A6D40	0x1A6E30	0xF0	FUN_00000000001A6D40
0x1A6E30	0x1A6ED0	0xA0	FUN_00000000001A6E30
0x1A6ED0	0x1A7054	0x184	FUN_00000000001A6ED0
0x1A7054	0x1A714C	0xF8	FUN_00000000001A7054
0x1A714C	0x1A7248	0xFC	FUN_00000000001A714C
0x1A7248	0x1A7320	0xD8	FUN_00000000001A7248
0x1A7320	0x1A7354	0x34	FUN_00000000001A7320
0x1A7354	0x1A7378	0x24	FUN_00000000001A7354
0x1A7378	0x1A73AC	0x34	FUN_00000000001A7378
0x1A73AC	0x1A7408	0x5C	FUN_00000000001A73AC
0x1A7408	0x1A7434	0x2C	FUN_00000000001A7408
0x1A7434	0x1A7534	0x100	FUN_00000000001A7434
0x1A7534	0x1A75B0	0x7C	FUN_00000000001A7534
0x1A75B0	0x1A7708	0x158	FUN_00000000001A75B0
0x1A7708	0x1A77F0	0xE8	FUN_00000000001A7708
0x1A77F0	0x1A78C8	0xD8	FUN_00000000001A77F0
0x1A78C8	0x1A7A00	0x138	FUN_00000000001A78C8
0x1A7A00	0x1A7B2C	0x12C	FUN_00000000001A7A00
0x1A7B2C	0x1A7D08	0x1DC	FUN_00000000001A7B2C
0x1A7D08	0x1A7DE0	0xD8	FUN_00000000001A7D08
0x1A7DE0	0x1A7E14	0x34	FUN_00000000001A7DE0
0x1A7E14	0x1A7E40	0x2C	FUN_00000000001A7E14
0x1A7E40	0x1A7FA0	0x160	FUN_00000000001A7E40
0x1A7FA0	0x1A8428	0x488	FUN_00000000001A7FA0
0x1A8428	0x1A848C	0x64	FUN_00000000001A8428
0x1A848C	0x1A84D8	0x4C	FUN_00000000001A848C
0x1A84D8	0x1A85D0	0xF8	FUN_00000000001A84D8
0x1A85D0	0x1A875C	0x18C	FUN_00000000001A85D0
0x1A875C	0x1A8A0C	0x2B0	FUN_00000000001A875C
0x1A8A0C	0x1A8AD0	0xC4	FUN_00000000001A8A0C
0x1A8AD0	0x1A8BD0	0x100	FUN_00000000001A8AD0
0x1A8BD0	0x1A8DB4	0x1E4	FUN_00000000001A8BD0
0x1A8DB4	0x1A9434	0x680	FUN_00000000001A8DB4
0x1A9434	0x1A956C	0x138	FUN_00000000001A9434
0x1A956C	0x1A958C	0x20	FUN_00000000001A956C
0x1A958C	0x1A95F8	0x6C	FUN_00000000001A958C
0x1A95F8	0x1A9664	0x6C	FUN_00000000001A95F8
0x1A9664	0x1A96B0	0x4C	FUN_00000000001A9664
0x1A96B0	0x1A96FC	0x4C	FUN_00000000001A96B0
0x1A96FC	0x1A9760	0x64	FUN_00000000001A96FC
0x1A9760	0x1A978C	0x2C	FUN_00000000001A9760
0x1A978C	0x1A97D4	0x48	FUN_00000000001A978C
0x1A97D4	0x1A9848	0x74	FUN_00000000001A97D4
0x1A9848	0x1A9944	0xFC	FUN_00000000001A9848
0x1A9944	0x1A9A30	0xEC	FUN_00000000001A9944
0x1A9A30	0x1A9B60	0x130	FUN_00000000001A9A30
0x1A9B60	0x1A9C2C	0xCC	FUN_00000000001A9B60
0x1A9C2C	0x1A9C64	0x38	FUN_00000000001A9C2C
0x1A9C64	0x1A9C94	0x30	FUN_00000000001A9C64
0x1A9C94	0x1A9CBC	0x28	FUN_00000000001A9C94
0x1A9CBC	0x1A9D9C	0xE0	FUN_00000000001A9CBC
0x1A9D9C	0x1A9E70	0xD4	FUN_00000000001A9D9C
0x1A9E70	0x1A9EA8	0x38	FUN_00000000001A9E70
0x1A9EA8	0x1AA06C	0x1C4	FUN_00000000001A9EA8
0x1AA06C	0x1AA1C4	0x158	FUN_00000000001AA06C
0x1AA1C4	0x1AA1E4	0x20	FUN_00000000001AA1C4
0x1AA1E4	0x1AAE54	0xC70	FUN_00000000001AA1E4
0x1AAE54	0x1AAEDC	0x88	FUN_00000000001AAE54
0x1AAEDC	0x1AAFC8	0xEC	FUN_00000000001AAEDC
0x1AAFC8	0x1AAFFC	0x34	FUN_00000000001AAFC8
0x1AAFFC	0x1AB0FC	0x100	FUN_00000000001AAFFC
0x1AB0FC	0x1AB144	0x48	FUN_00000000001AB0FC
0x1AB144	0x1AB2E8	0x1A4	FUN_00000000001AB144
0x1AB2E8	0x1AB32C	0x44	FUN_00000000001AB2E8
0x1AB32C	0x1AB354	0x28	FUN_00000000001AB32C
0x1AB354	0x1AB38C	0x38	FUN_00000000001AB354
0x1AB38C	0x1AB4AC	0x120	FUN_00000000001AB38C
0x1AB4AC	0x1AB4D8	0x2C	FUN_00000000001AB4AC
0x1AB4D8	0x1ABAA4	0x5CC	FUN_00000000001AB4D8
0x1ABAA4	0x1ABAE4	0x40	FUN_00000000001ABAA4
0x1ABAE4	0x1ABB24	0x40	FUN_00000000001ABAE4
0x1ABB24	0x1ABB68	0x44	FUN_00000000001ABB24
0x1ABB68	0x1ABBA4	0x3C	FUN_00000000001ABB68
0x1ABBA4	0x1ABBD8	0x34	FUN_00000000001ABBA4
0x1ABBD8	0x1ABCD4	0xFC	FUN_00000000001ABBD8
0x1ABCD4	0x1ABDB8	0xE4	FUN_00000000001ABCD4
0x1ABDB8	0x1ABEC4	0x10C	FUN_00000000001ABDB8
0x1ABEC4	0x1ABEFC	0x38	FUN_00000000001ABEC4
0x1ABEFC	0x1AC0B8	0x1BC	FUN_00000000001ABEFC
0x1AC0B8	0x1AC1EC	0x134	FUN_00000000001AC0B8
0x1AC1EC	0x1AC220	0x34	FUN_00000000001AC1EC
0x1AC220	0x1AC24C	0x2C	FUN_00000000001AC220
0x1AC24C	0x1AC274	0x28	FUN_00000000001AC24C
0x1AC274	0x1AC374	0x100	FUN_00000000001AC274
0x1AC374	0x1AC4A8	0x134	FUN_00000000001AC374
0x1AC4A8	0x1AC4E8	0x40	FUN_00000000001AC4A8
0x1AC4E8	0x1AC66C	0x184	FUN_00000000001AC4E8
0x1AC66C	0x1AC75C	0xF0	FUN_00000000001AC66C
0x1AC75C	0x1AC788	0x2C	FUN_00000000001AC75C
0x1AC788	0x1AC7A4	0x1C	FUN_00000000001AC788
0x1AC7A4	0x1AC894	0xF0	FUN_00000000001AC7A4
0x1AC894	0x1ACA18	0x184	FUN_00000000001AC894
0x1ACA18	0x1ACABC	0xA4	FUN_00000000001ACA18
0x1ACABC	0x1ACAF0	0x34	FUN_00000000001ACABC
0x1ACAF0	0x1ACB24	0x34	FUN_00000000001ACAF0
0x1ACB24	0x1ACCF4	0x1D0	FUN_00000000001ACB24
0x1ACCF4	0x1ACED0	0x1DC	FUN_00000000001ACCF4
0x1ACED0	0x1ACF08	0x38	FUN_00000000001ACED0
0x1ACF08	0x1ACF44	0x3C	FUN_00000000001ACF08
0x1ACF44	0x1AD124	0x1E0	FUN_00000000001ACF44
0x1AD124	0x1AD288	0x164	FUN_00000000001AD124
0x1AD288	0x1AD380	0xF8	FUN_00000000001AD288
0x1AD380	0x1AD3B4	0x34	FUN_00000000001AD380
0x1AD3B4	0x1AD588	0x1D4	FUN_00000000001AD3B4
0x1AD588	0x1AD670	0xE8	FUN_00000000001AD588
0x1AD670	0x1AD694	0x24	FUN_00000000001AD670
0x1AD694	0x1AD7EC	0x158	FUN_00000000001AD694
0x1AD7EC	0x1AD820	0x34	FUN_00000000001AD7EC
0x1AD820	0x1AD948	0x128	FUN_00000000001AD820
0x1AD948	0x1AD9D8	0x90	FUN_00000000001AD948
0x1AD9D8	0x1ADB80	0x1A8	FUN_00000000001AD9D8
0x1ADB80	0x1ADBB4	0x34	FUN_00000000001ADB80
0x1ADBB4	0x1ADCD4	0x120	FUN_00000000001ADBB4
0x1ADCD4	0x1ADEB4	0x1E0	FUN_00000000001ADCD4
0x1ADEB4	0x1ADFB8	0x104	FUN_00000000001ADEB4
0x1ADFB8	0x1ADFF4	0x3C	FUN_00000000001ADFB8
0x1ADFF4	0x1AE01C	0x28	FUN_00000000001ADFF4
0x1AE01C	0x1AE11C	0x100	FUN_00000000001AE01C
0x1AE11C	0x1AE2A0	0x184	FUN_00000000001AE11C
0x1AE2A0	0x1AE2DC	0x3C	FUN_00000000001AE2A0
0x1AE2DC	0x1AE310	0x34	FUN_00000000001AE2DC
0x1AE310	0x1AEBB4	0x8A4	FUN_00000000001AE310
0x1AEBB4	0x1AF914	0xD60	FUN_00000000001AEBB4
0x1AF914	0x1AFA34	0x120	FUN_00000000001AF914
0x1AFA34	0x1AFC18	0x1E4	FUN_00000000001AFA34
0x1AFC18	0x1AFD18	0x100	FUN_00000000001AFC18
0x1AFD18	0x1AFE74	0x15C	FUN_00000000001AFD18
0x1AFE74	0x1AFEB8	0x44	FUN_00000000001AFE74
0x1AFEB8	0x1B009C	0x1E4	FUN_00000000001AFEB8
0x1B009C	0x1B01D0	0x134	FUN_00000000001B009C
0x1B01D0	0x1B01F4	0x24	FUN_00000000001B01D0
0x1B01F4	0x1B03A0	0x1AC	FUN_00000000001B01F4
0x1B03A0	0x1B04CC	0x12C	FUN_00000000001B03A0
0x1B04CC	0x1B05C4	0xF8	FUN_00000000001B04CC
0x1B05C4	0x1B0808	0x244	FUN_00000000001B05C4
0x1B0808	0x1B08E0	0xD8	FUN_00000000001B0808
0x1B08E0	0x1B093C	0x5C	FUN_00000000001B08E0
0x1B093C	0x1B098C	0x50	FUN_00000000001B093C
0x1B098C	0x1B0A18	0x8C	FUN_00000000001B098C
0x1B0A18	0x1B0B10	0xF8	FUN_00000000001B0A18
0x1B0B10	0x1B0B34	0x24	FUN_00000000001B0B10
0x1B0B34	0x1B0C24	0xF0	FUN_00000000001B0B34
0x1B0C24	0x1B0C48	0x24	FUN_00000000001B0C24
0x1B0C48	0x1B0E30	0x1E8	FUN_00000000001B0C48
0x1B0E30	0x1B0E54	0x24	FUN_00000000001B0E30
0x1B0E54	0x1B0E90	0x3C	FUN_00000000001B0E54
0x1B0E90	0x1B0EB4	0x24	FUN_00000000001B0E90
0x1B0EB4	0x1B12E8	0x434	FUN_00000000001B0EB4
0x1B12E8	0x1B1650	0x368	FUN_00000000001B12E8
0x1B1650	0x1B1858	0x208	FUN_00000000001B1650
0x1B1858	0x1B1A04	0x1AC	FUN_00000000001B1858
0x1B1A04	0x1B1A58	0x54	FUN_00000000001B1A04
0x1B1A58	0x1B1ABC	0x64	FUN_00000000001B1A58
0x1B1ABC	0x1B1BA4	0xE8	FUN_00000000001B1ABC
0x1B1BA4	0x1B1D2C	0x188	FUN_00000000001B1BA4
0x1B1D2C	0x1B1E04	0xD8	FUN_00000000001B1D2C
0x1B1E04	0x1B1FE0	0x1DC	FUN_00000000001B1E04
0x1B1FE0	0x1B20C0	0xE0	FUN_00000000001B1FE0
0x1B20C0	0x1B21F0	0x130	FUN_00000000001B20C0
0x1B21F0	0x1B2210	0x20	FUN_00000000001B21F0
0x1B2210	0x1B23D4	0x1C4	FUN_00000000001B2210
0x1B23D4	0x1B24C8	0xF4	FUN_00000000001B23D4
0x1B24C8	0x1B2570	0xA8	FUN_00000000001B24C8
0x1B2570	0x1B25C0	0x50	FUN_00000000001B2570
0x1B25C0	0x1B26D8	0x118	FUN_00000000001B25C0
0x1B26D8	0x1B27B8	0xE0	FUN_00000000001B26D8
0x1B27B8	0x1B281C	0x64	FUN_00000000001B27B8
0x1B281C	0x1B29D8	0x1BC	FUN_00000000001B281C
0x1B29D8	0x1B2A74	0x9C	FUN_00000000001B29D8
0x1B2A74	0x1B2B58	0xE4	FUN_00000000001B2A74
0x1B2B58	0x1B2C38	0xE0	FUN_00000000001B2B58
0x1B2C38	0x1B2D04	0xCC	FUN_00000000001B2C38
0x1B2D04	0x1B2D34	0x30	FUN_00000000001B2D04
0x1B2D34	0x1B2E40	0x10C	FUN_00000000001B2D34
0x1B2E40	0x1B2F1C	0xDC	FUN_00000000001B2E40
0x1B2F1C	0x1B3100	0x1E4	FUN_00000000001B2F1C
0x1B3100	0x1B3120	0x20	FUN_00000000001B3100
0x1B3120	0x1B32D8	0x1B8	FUN_00000000001B3120
0x1B32D8	0x1B32F0	0x18	FUN_00000000001B32D8
0x1B32F0	0x1B33FC	0x10C	FUN_00000000001B32F0
0x1B33FC	0x1B3414	0x18	FUN_00000000001B33FC
0x1B3414	0x1B3B6C	0x758	FUN_00000000001B3414
0x1B3B6C	0x1B3BD0	0x64	FUN_00000000001B3B6C
0x1B3BD0	0x1B3C50	0x80	FUN_00000000001B3BD0
0x1B3C50	0x1B3DA8	0x158	FUN_00000000001B3C50
0x1B3DA8	0x1B3EAC	0x104	FUN_00000000001B3DA8
0x1B3EAC	0x1B3EC8	0x1C	FUN_00000000001B3EAC
0x1B3EC8	0x1B3FC8	0x100	FUN_00000000001B3EC8
0x1B3FC8	0x1B4004	0x3C	FUN_00000000001B3FC8
0x1B4004	0x1B4268	0x264	FUN_00000000001B4004
0x1B4268	0x1B4400	0x198	FUN_00000000001B4268
0x1B4400	0x1B44E4	0xE4	FUN_00000000001B4400
0x1B44E4	0x1B45E0	0xFC	FUN_00000000001B44E4
0x1B45E0	0x1B46C4	0xE4	FUN_00000000001B45E0
0x1B46C4	0x1B4864	0x1A0	FUN_00000000001B46C4
0x1B4864	0x1B4B80	0x31C	FUN_00000000001B4864
0x1B4B80	0x1B4D24	0x1A4	FUN_00000000001B4B80
0x1B4D24	0x1B4EBC	0x198	FUN_00000000001B4D24
0x1B4EBC	0x1B5064	0x1A8	FUN_00000000001B4EBC
0x1B5064	0x1B520C	0x1A8	FUN_00000000001B5064
0x1B520C	0x1B541C	0x210	FUN_00000000001B520C
0x1B541C	0x1B55E8	0x1CC	FUN_00000000001B541C
0x1B55E8	0x1B56BC	0xD4	FUN_00000000001B55E8
0x1B56BC	0x1B5888	0x1CC	FUN_00000000001B56BC
0x1B5888	0x1B5BE4	0x35C	FUN_00000000001B5888
0x1B5BE4	0x1B5E3C	0x258	FUN_00000000001B5BE4
0x1B5E3C	0x1B6098	0x25C	FUN_00000000001B5E3C
0x1B6098	0x1B6244	0x1AC	FUN_00000000001B6098
0x1B6244	0x1B63D4	0x190	FUN_00000000001B6244
0x1B63D4	0x1B64D8	0x104	FUN_00000000001B63D4
0x1B64D8	0x1B65BC	0xE4	FUN_00000000001B64D8
0x1B65BC	0x1B676C	0x1B0	FUN_00000000001B65BC
0x1B676C	0x1B6858	0xEC	FUN_00000000001B676C
0x1B6858	0x1B696C	0x114	FUN_00000000001B6858
0x1B696C	0x1B6C48	0x2DC	FUN_00000000001B696C
0x1B6C48	0x1B6F5C	0x314	FUN_00000000001B6C48
0x1B6F5C	0x1B740C	0x4B0	FUN_00000000001B6F5C
0x1B740C	0x1B75D8	0x1CC	FUN_00000000001B740C
0x1B75D8	0x1B7778	0x1A0	FUN_00000000001B75D8
0x1B7778	0x1B787C	0x104	FUN_00000000001B7778
0x1B787C	0x1B7AE8	0x26C	FUN_00000000001B787C
0x1B7AE8	0x1B7BF8	0x110	FUN_00000000001B7AE8
0x1B7BF8	0x1B7DC8	0x1D0	FUN_00000000001B7BF8
0x1B7DC8	0x1B7EC0	0xF8	FUN_00000000001B7DC8
0x1B7EC0	0x1B7FDC	0x11C	FUN_00000000001B7EC0
0x1B7FDC	0x1B8254	0x278	FUN_00000000001B7FDC
0x1B8254	0x1B8548	0x2F4	FUN_00000000001B8254
0x1B8548	0x1B86EC	0x1A4	FUN_00000000001B8548
0x1B86EC	0x1B88A0	0x1B4	FUN_00000000001B86EC
0x1B88A0	0x1B8A40	0x1A0	FUN_00000000001B88A0
0x1B8A40	0x1B8C08	0x1C8	FUN_00000000001B8A40
0x1B8C08	0x1B8F1C	0x314	FUN_00000000001B8C08
0x1B8F1C	0x1B9324	0x408	FUN_00000000001B8F1C
0x1B9324	0x1B9524	0x200	FUN_00000000001B9324
0x1B9524	0x1B98EC	0x3C8	FUN_00000000001B9524
0x1B98EC	0x1B9A9C	0x1B0	FUN_00000000001B98EC
0x1B9A9C	0x1B9C54	0x1B8	FUN_00000000001B9A9C
0x1B9C54	0x1B9D50	0xFC	FUN_00000000001B9C54
0x1B9D50	0x1B9E44	0xF4	FUN_00000000001B9D50
0x1B9E44	0x1B9F18	0xD4	FUN_00000000001B9E44
0x1B9F18	0x1BA3E4	0x4CC	FUN_00000000001B9F18
0x1BA3E4	0x1BA598	0x1B4	FUN_00000000001BA3E4
0x1BA598	0x1BA818	0x280	FUN_00000000001BA598
0x1BA818	0x1BABB8	0x3A0	FUN_00000000001BA818
0x1BABB8	0x1BAEC8	0x310	FUN_00000000001BABB8
0x1BAEC8	0x1BB1E4	0x31C	FUN_00000000001BAEC8
0x1BB1E4	0x1BB594	0x3B0	FUN_00000000001BB1E4
0x1BB594	0x1BB758	0x1C4	FUN_00000000001BB594
0x1BB758	0x1BB854	0xFC	FUN_00000000001BB758
0x1BB854	0x1BBB48	0x2F4	FUN_00000000001BB854
0x1BBB48	0x1BBC2C	0xE4	FUN_00000000001BBB48
0x1BBC2C	0x1BBE6C	0x240	FUN_00000000001BBC2C
0x1BBE6C	0x1BBF80	0x114	FUN_00000000001BBE6C
0x1BBF80	0x1BC1D0	0x250	FUN_00000000001BBF80
0x1BC1D0	0x1BC398	0x1C8	FUN_00000000001BC1D0
0x1BC398	0x1BC6BC	0x324	FUN_00000000001BC398
0x1BC6BC	0x1BC86C	0x1B0	FUN_00000000001BC6BC
0x1BC86C	0x1BC9F4	0x188	FUN_00000000001BC86C
0x1BC9F4	0x1BCBC4	0x1D0	FUN_00000000001BC9F4
0x1BCBC4	0x1BCCBC	0xF8	FUN_00000000001BCBC4
0x1BCCBC	0x1BCFC8	0x30C	FUN_00000000001BCCBC
0x1BCFC8	0x1BD208	0x240	FUN_00000000001BCFC8
0x1BD208	0x1BD46C	0x264	FUN_00000000001BD208
0x1BD46C	0x1BD608	0x19C	FUN_00000000001BD46C
0x1BD608	0x1BD6DC	0xD4	FUN_00000000001BD608
0x1BD6DC	0x1BD7D8	0xFC	FUN_00000000001BD6DC
0x1BD7D8	0x1BD8F4	0x11C	FUN_00000000001BD7D8
0x1BD8F4	0x1BDB40	0x24C	FUN_00000000001BD8F4
0x1BDB40	0x1BDD50	0x210	FUN_00000000001BDB40
0x1BDD50	0x1BDE4C	0xFC	FUN_00000000001BDD50
0x1BDE4C	0x1BE0BC	0x270	FUN_00000000001BDE4C
0x1BE0BC	0x1BE524	0x468	FUN_00000000001BE0BC
0x1BE524	0x1BE6BC	0x198	FUN_00000000001BE524
0x1BE6BC	0x1BE7B4	0xF8	FUN_00000000001BE6BC
0x1BE7B4	0x1BEA10	0x25C	FUN_00000000001BE7B4
0x1BEA10	0x1BED1C	0x30C	FUN_00000000001BEA10
0x1BED1C	0x1BEF90	0x274	FUN_00000000001BED1C
0x1BEF90	0x1BF1D0	0x240	FUN_00000000001BEF90
0x1BF1D0	0x1BF418	0x248	FUN_00000000001BF1D0
0x1BF418	0x1BF714	0x2FC	FUN_00000000001BF418
0x1BF714	0x1BF8AC	0x198	FUN_00000000001BF714
0x1BF8AC	0x1BFA54	0x1A8	FUN_00000000001BF8AC
0x1BFA54	0x1BFE0C	0x3B8	FUN_00000000001BFA54
0x1BFE0C	0x1C00F4	0x2E8	FUN_00000000001BFE0C
0x1C00F4	0x1C0210	0x11C	FUN_00000000001C00F4
0x1C0210	0x1C0490	0x280	FUN_00000000001C0210
0x1C0490	0x1C0790	0x300	FUN_00000000001C0490
0x1C0790	0x1C0964	0x1D4	FUN_00000000001C0790
0x1C0964	0x1C0A5C	0xF8	FUN_00000000001C0964
0x1C0A5C	0x1C0C74	0x218	FUN_00000000001C0A5C
0x1C0C74	0x1C0E48	0x1D4	FUN_00000000001C0C74
0x1C0E48	0x1C0FD8	0x190	FUN_00000000001C0E48
0x1C0FD8	0x1C1258	0x280	FUN_00000000001C0FD8
0x1C1258	0x1C1518	0x2C0	FUN_00000000001C1258
0x1C1518	0x1C1838	0x320	FUN_00000000001C1518
0x1C1838	0x1C1B58	0x320	FUN_00000000001C1838
0x1C1B58	0x1C1E60	0x308	FUN_00000000001C1B58
0x1C1E60	0x1C2168	0x308	FUN_00000000001C1E60
0x1C2168	0x1C2314	0x1AC	FUN_00000000001C2168
0x1C2314	0x1C2418	0x104	FUN_00000000001C2314
0x1C2418	0x1C25C0	0x1A8	FUN_00000000001C2418
0x1C25C0	0x1C2804	0x244	FUN_00000000001C25C0
0x1C2804	0x1C2C5C	0x458	FUN_00000000001C2804
0x1C2C5C	0x1C2F78	0x31C	FUN_00000000001C2C5C
0x1C2F78	0x1C304C	0xD4	FUN_00000000001C2F78
0x1C304C	0x1C31F8	0x1AC	FUN_00000000001C304C
0x1C31F8	0x1C344C	0x254	FUN_00000000001C31F8
0x1C344C	0x1C3888	0x43C	FUN_00000000001C344C
0x1C3888	0x1C3A28	0x1A0	FUN_00000000001C3888
0x1C3A28	0x1C3BE4	0x1BC	FUN_00000000001C3A28
0x1C3BE4	0x1C3EE4	0x300	FUN_00000000001C3BE4
0x1C3EE4	0x1C3FC8	0xE4	FUN_00000000001C3EE4
0x1C3FC8	0x1C40CC	0x104	FUN_00000000001C3FC8
0x1C40CC	0x1C42D8	0x20C	FUN_00000000001C40CC
0x1C42D8	0x1C4490	0x1B8	FUN_00000000001C42D8
0x1C4490	0x1C4778	0x2E8	FUN_00000000001C4490
0x1C4778	0x1C49FC	0x284	FUN_00000000001C4778
0x1C49FC	0x1C4CAC	0x2B0	FUN_00000000001C49FC
0x1C4CAC	0x1C4DA4	0xF8	FUN_00000000001C4CAC
0x1C4DA4	0x1C4FF0	0x24C	FUN_00000000001C4DA4
0x1C4FF0	0x1C50C4	0xD4	FUN_00000000001C4FF0
0x1C50C4	0x1C5334	0x270	FUN_00000000001C50C4
0x1C5334	0x1C55EC	0x2B8	FUN_00000000001C5334
0x1C55EC	0x1C56E8	0xFC	FUN_00000000001C55EC
0x1C56E8	0x1C59E8	0x300	FUN_00000000001C56E8
0x1C59E8	0x1C5CD8	0x2F0	FUN_00000000001C59E8
0x1C5CD8	0x1C5EA0	0x1C8	FUN_00000000001C5CD8
0x1C5EA0	0x1C61F0	0x350	FUN_00000000001C5EA0
0x1C61F0	0x1C65A8	0x3B8	FUN_00000000001C61F0
0x1C65A8	0x1C67F4	0x24C	FUN_00000000001C65A8
0x1C67F4	0x1C698C	0x198	FUN_00000000001C67F4
0x1C698C	0x1C6A8C	0x100	FUN_00000000001C698C
0x1C6A8C	0x1C6C54	0x1C8	FUN_00000000001C6A8C
0x1C6C54	0x1C6EA0	0x24C	FUN_00000000001C6C54
0x1C6EA0	0x1C7100	0x260	FUN_00000000001C6EA0
0x1C7100	0x1C7344	0x244	FUN_00000000001C7100
0x1C7344	0x1C74F4	0x1B0	FUN_00000000001C7344
0x1C74F4	0x1C76C4	0x1D0	FUN_00000000001C74F4
0x1C76C4	0x1C786C	0x1A8	FUN_00000000001C76C4
0x1C786C	0x1C7A34	0x1C8	FUN_00000000001C786C
0x1C7A34	0x1C7D28	0x2F4	FUN_00000000001C7A34
0x1C7D28	0x1C7ED0	0x1A8	FUN_00000000001C7D28
0x1C7ED0	0x1C8140	0x270	FUN_00000000001C7ED0
0x1C8140	0x1C82F4	0x1B4	FUN_00000000001C8140
0x1C82F4	0x1C84BC	0x1C8	FUN_00000000001C82F4
0x1C84BC	0x1C8718	0x25C	FUN_00000000001C84BC
0x1C8718	0x1C8A04	0x2EC	FUN_00000000001C8718
0x1C8A04	0x1C8D54	0x350	FUN_00000000001C8A04
0x1C8D54	0x1C8FC4	0x270	FUN_00000000001C8D54
0x1C8FC4	0x1C9174	0x1B0	FUN_00000000001C8FC4
0x1C9174	0x1C9260	0xEC	FUN_00000000001C9174
0x1C9260	0x1C9370	0x110	FUN_00000000001C9260
0x1C9370	0x1C9520	0x1B0	FUN_00000000001C9370
0x1C9520	0x1C9784	0x264	FUN_00000000001C9520
0x1C9784	0x1C9A0C	0x288	FUN_00000000001C9784
0x1C9A0C	0x1C9BD4	0x1C8	FUN_00000000001C9A0C
0x1C9BD4	0x1C9CC0	0xEC	FUN_00000000001C9BD4
0x1C9CC0	0x1C9F08	0x248	FUN_00000000001C9CC0
0x1C9F08	0x1CA150	0x248	FUN_00000000001C9F08
0x1CA150	0x1CA308	0x1B8	FUN_00000000001CA150
0x1CA308	0x1CA5F8	0x2F0	FUN_00000000001CA308
0x1CA5F8	0x1CA840	0x248	FUN_00000000001CA5F8
0x1CA840	0x1CAAFC	0x2BC	FUN_00000000001CA840
0x1CAAFC	0x1CAD38	0x23C	FUN_00000000001CAAFC
0x1CAD38	0x1CAF90	0x258	FUN_00000000001CAD38
0x1CAF90	0x1CB1CC	0x23C	FUN_00000000001CAF90
0x1CB1CC	0x1CB2D0	0x104	FUN_00000000001CB1CC
0x1CB2D0	0x1CB740	0x470	FUN_00000000001CB2D0
0x1CB740	0x1CB9B4	0x274	FUN_00000000001CB740
0x1CB9B4	0x1CBB68	0x1B4	FUN_00000000001CB9B4
0x1CBB68	0x1CBF00	0x398	FUN_00000000001CBB68
0x1CBF00	0x1CC09C	0x19C	FUN_00000000001CBF00
0x1CC09C	0x1CC3C8	0x32C	FUN_00000000001CC09C
0x1CC3C8	0x1CC608	0x240	FUN_00000000001CC3C8
0x1CC608	0x1CC7D0	0x1C8	FUN_00000000001CC608
0x1CC7D0	0x1CC8CC	0xFC	FUN_00000000001CC7D0
0x1CC8CC	0x1CC9D0	0x104	FUN_00000000001CC8CC
0x1CC9D0	0x1CCB80	0x1B0	FUN_00000000001CC9D0
0x1CCB80	0x1CCDD4	0x254	FUN_00000000001CCB80
0x1CCDD4	0x1CD008	0x234	FUN_00000000001CCDD4
0x1CD008	0x1CD0E4	0xDC	FUN_00000000001CD008
0x1CD0E4	0x1CD3D4	0x2F0	FUN_00000000001CD0E4
0x1CD3D4	0x1CD574	0x1A0	FUN_00000000001CD3D4
0x1CD574	0x1CD7C0	0x24C	FUN_00000000001CD574
0x1CD7C0	0x1CD8D4	0x114	FUN_00000000001CD7C0
0x1CD8D4	0x1CDBF8	0x324	FUN_00000000001CD8D4
0x1CDBF8	0x1CDE60	0x268	FUN_00000000001CDBF8
0x1CDE60	0x1CE018	0x1B8	FUN_00000000001CDE60
0x1CE018	0x1CE278	0x260	FUN_00000000001CE018
0x1CE278	0x1CE38C	0x114	FUN_00000000001CE278
0x1CE38C	0x1CE52C	0x1A0	FUN_00000000001CE38C
0x1CE52C	0x1CE77C	0x250	FUN_00000000001CE52C
0x1CE77C	0x1CE930	0x1B4	FUN_00000000001CE77C
0x1CE930	0x1CEBAC	0x27C	FUN_00000000001CE930
0x1CEBAC	0x1CEE28	0x27C	FUN_00000000001CEBAC
0x1CEE28	0x1CEFD8	0x1B0	FUN_00000000001CEE28
0x1CEFD8	0x1CF198	0x1C0	FUN_00000000001CEFD8
0x1CF198	0x1CF334	0x19C	FUN_00000000001CF198
0x1CF334	0x1CF598	0x264	FUN_00000000001CF334
0x1CF598	0x1CF878	0x2E0	FUN_00000000001CF598
0x1CF878	0x1CFA28	0x1B0	FUN_00000000001CF878
0x1CFA28	0x1CFCAC	0x284	FUN_00000000001CFA28
0x1CFCAC	0x1CFE4C	0x1A0	FUN_00000000001CFCAC
0x1CFE4C	0x1CFFE4	0x198	FUN_00000000001CFE4C
0x1CFFE4	0x1D02A0	0x2BC	FUN_00000000001CFFE4
0x1D02A0	0x1D0454	0x1B4	FUN_00000000001D02A0
0x1D0454	0x1D0558	0x104	FUN_00000000001D0454
0x1D0558	0x1D0714	0x1BC	FUN_00000000001D0558
0x1D0714	0x1D095C	0x248	FUN_00000000001D0714
0x1D095C	0x1D0BA0	0x244	FUN_00000000001D095C
0x1D0BA0	0x1D0E4C	0x2AC	FUN_00000000001D0BA0
0x1D0E4C	0x1D10BC	0x270	FUN_00000000001D0E4C
0x1D10BC	0x1D14B8	0x3FC	FUN_00000000001D10BC
0x1D14B8	0x1D1664	0x1AC	FUN_00000000001D14B8
0x1D1664	0x1D1810	0x1AC	FUN_00000000001D1664
0x1D1810	0x1D19E4	0x1D4	FUN_00000000001D1810
0x1D19E4	0x1D1B80	0x19C	FUN_00000000001D19E4
0x1D1B80	0x1D1DE8	0x268	FUN_00000000001D1B80
0x1D1DE8	0x1D1FA8	0x1C0	FUN_00000000001D1DE8
0x1D1FA8	0x1D209C	0xF4	FUN_00000000001D1FA8
0x1D209C	0x1D223C	0x1A0	FUN_00000000001D209C
0x1D223C	0x1D2320	0xE4	FUN_00000000001D223C
0x1D2320	0x1D26B0	0x390	FUN_00000000001D2320
0x1D26B0	0x1D2998	0x2E8	FUN_00000000001D26B0
0x1D2998	0x1D2A9C	0x104	FUN_00000000001D2998
0x1D2A9C	0x1D2C60	0x1C4	FUN_00000000001D2A9C
0x1D2C60	0x1D2D58	0xF8	FUN_00000000001D2C60
0x1D2D58	0x1D3074	0x31C	FUN_00000000001D2D58
0x1D3074	0x1D32C0	0x24C	FUN_00000000001D3074
0x1D32C0	0x1D33B4	0xF4	FUN_00000000001D32C0
0x1D33B4	0x1D3614	0x260	FUN_00000000001D33B4
0x1D3614	0x1D3728	0x114	FUN_00000000001D3614
0x1D3728	0x1D38D8	0x1B0	FUN_00000000001D3728
0x1D38D8	0x1D39EC	0x114	FUN_00000000001D38D8
0x1D39EC	0x1D3BA0	0x1B4	FUN_00000000001D39EC
0x1D3BA0	0x1D3D58	0x1B8	FUN_00000000001D3BA0
0x1D3D58	0x1D3F20	0x1C8	FUN_00000000001D3D58
0x1D3F20	0x1D4208	0x2E8	FUN_00000000001D3F20
0x1D4208	0x1D4460	0x258	FUN_00000000001D4208
0x1D4460	0x1D4614	0x1B4	FUN_00000000001D4460
0x1D4614	0x1D4A4C	0x438	FUN_00000000001D4614
0x1D4A4C	0x1D4B50	0x104	FUN_00000000001D4A4C
0x1D4B50	0x1D4DD0	0x280	FUN_00000000001D4B50
0x1D4DD0	0x1D50E0	0x310	FUN_00000000001D4DD0
0x1D50E0	0x1D53DC	0x2FC	FUN_00000000001D50E0
0x1D53DC	0x1D54C8	0xEC	FUN_00000000001D53DC
0x1D54C8	0x1D55C0	0xF8	FUN_00000000001D54C8
0x1D55C0	0x1D5818	0x258	FUN_00000000001D55C0
0x1D5818	0x1D59C8	0x1B0	FUN_00000000001D5818
0x1D59C8	0x1D5B7C	0x1B4	FUN_00000000001D59C8
0x1D5B7C	0x1D5E84	0x308	FUN_00000000001D5B7C
0x1D5E84	0x1D6214	0x390	FUN_00000000001D5E84
0x1D6214	0x1D630C	0xF8	FUN_00000000001D6214
0x1D630C	0x1D6408	0xFC	FUN_00000000001D630C
0x1D6408	0x1D6678	0x270	FUN_00000000001D6408
0x1D6678	0x1D6754	0xDC	FUN_00000000001D6678
0x1D6754	0x1D6A64	0x310	FUN_00000000001D6754
0x1D6A64	0x1D6B68	0x104	FUN_00000000001D6A64
0x1D6B68	0x1D6E44	0x2DC	FUN_00000000001D6B68
0x1D6E44	0x1D70A4	0x260	FUN_00000000001D6E44
0x1D70A4	0x1D7190	0xEC	FUN_00000000001D70A4
0x1D7190	0x1D7288	0xF8	FUN_00000000001D7190
0x1D7288	0x1D7580	0x2F8	FUN_00000000001D7288
0x1D7580	0x1D7714	0x194	FUN_00000000001D7580
0x1D7714	0x1D7984	0x270	FUN_00000000001D7714
0x1D7984	0x1D7AA0	0x11C	FUN_00000000001D7984
0x1D7AA0	0x1D7BBC	0x11C	FUN_00000000001D7AA0
0x1D7BBC	0x1D7D4C	0x190	FUN_00000000001D7BBC
0x1D7D4C	0x1D7E30	0xE4	FUN_00000000001D7D4C
0x1D7E30	0x1D7F34	0x104	FUN_00000000001D7E30
0x1D7F34	0x1D818C	0x258	FUN_00000000001D7F34
0x1D818C	0x1D8408	0x27C	FUN_00000000001D818C
0x1D8408	0x1D8504	0xFC	FUN_00000000001D8408
0x1D8504	0x1D876C	0x268	FUN_00000000001D8504
0x1D876C	0x1D897C	0x210	FUN_00000000001D876C
0x1D897C	0x1D8B44	0x1C8	FUN_00000000001D897C
0x1D8B44	0x1D8ED4	0x390	FUN_00000000001D8B44
0x1D8ED4	0x1D9148	0x274	FUN_00000000001D8ED4
0x1D9148	0x1D94CC	0x384	FUN_00000000001D9148
0x1D94CC	0x1D9678	0x1AC	FUN_00000000001D94CC
0x1D9678	0x1D9788	0x110	FUN_00000000001D9678
0x1D9788	0x1D9C64	0x4DC	FUN_00000000001D9788
0x1D9C64	0x1D9DEC	0x188	FUN_00000000001D9C64
0x1D9DEC	0x1D9F98	0x1AC	FUN_00000000001D9DEC
0x1D9F98	0x1DA14C	0x1B4	FUN_00000000001D9F98
0x1DA14C	0x1DA3B0	0x264	FUN_00000000001DA14C
0x1DA3B0	0x1DA744	0x394	FUN_00000000001DA3B0
0x1DA744	0x1DA980	0x23C	FUN_00000000001DA744
0x1DA980	0x1DAB30	0x1B0	FUN_00000000001DA980
0x1DAB30	0x1DADAC	0x27C	FUN_00000000001DAB30
0x1DADAC	0x1DAF74	0x1C8	FUN_00000000001DADAC
0x1DAF74	0x1DB060	0xEC	FUN_00000000001DAF74
0x1DB060	0x1DB428	0x3C8	FUN_00000000001DB060
0x1DB428	0x1DB6A0	0x278	FUN_00000000001DB428
0x1DB6A0	0x1DB7BC	0x11C	FUN_00000000001DB6A0
0x1DB7BC	0x1DB978	0x1BC	FUN_00000000001DB7BC
0x1DB978	0x1DBBE0	0x268	FUN_00000000001DB978
0x1DBBE0	0x1DBD90	0x1B0	FUN_00000000001DBBE0
0x1DBD90	0x1DC048	0x2B8	FUN_00000000001DBD90
0x1DC048	0x1DC1EC	0x1A4	FUN_00000000001DC048
0x1DC1EC	0x1DC64C	0x460	FUN_00000000001DC1EC
0x1DC64C	0x1DC768	0x11C	FUN_00000000001DC64C
0x1DC768	0x1DC930	0x1C8	FUN_00000000001DC768
0x1DC930	0x1DCADC	0x1AC	FUN_00000000001DC930
0x1DCADC	0x1DCC7C	0x1A0	FUN_00000000001DCADC
0x1DCC7C	0x1DCE10	0x194	FUN_00000000001DCC7C
0x1DCE10	0x1DCFDC	0x1CC	FUN_00000000001DCE10
0x1DCFDC	0x1DD0E0	0x104	FUN_00000000001DCFDC
0x1DD0E0	0x1DD32C	0x24C	FUN_00000000001DD0E0
0x1DD32C	0x1DD588	0x25C	FUN_00000000001DD32C
0x1DD588	0x1DD804	0x27C	FUN_00000000001DD588
0x1DD804	0x1DDB70	0x36C	FUN_00000000001DD804
0x1DDB70	0x1DDD28	0x1B8	FUN_00000000001DDB70
0x1DDD28	0x1DE018	0x2F0	FUN_00000000001DDD28
0x1DE018	0x1DE4F4	0x4DC	FUN_00000000001DE018
0x1DE4F4	0x1DE754	0x260	FUN_00000000001DE4F4
0x1DE754	0x1DE864	0x110	FUN_00000000001DE754
0x1DE864	0x1DEB64	0x300	FUN_00000000001DE864
0x1DEB64	0x1DED0C	0x1A8	FUN_00000000001DEB64
0x1DED0C	0x1DEF54	0x248	FUN_00000000001DED0C
0x1DEF54	0x1DF04C	0xF8	FUN_00000000001DEF54
0x1DF04C	0x1DF340	0x2F4	FUN_00000000001DF04C
0x1DF340	0x1DF628	0x2E8	FUN_00000000001DF340
0x1DF628	0x1DF86C	0x244	FUN_00000000001DF628
0x1DF86C	0x1DFAC8	0x25C	FUN_00000000001DF86C
0x1DFAC8	0x1DFC84	0x1BC	FUN_00000000001DFAC8
0x1DFC84	0x1E0000	0x37C	FUN_00000000001DFC84
0x1E0000	0x1E00FC	0xFC	FUN_00000000001E0000
0x1E00FC	0x1E03EC	0x2F0	FUN_00000000001E00FC
0x1E03EC	0x1E0754	0x368	FUN_00000000001E03EC
0x1E0754	0x1E09D4	0x280	FUN_00000000001E0754
0x1E09D4	0x1E0BA0	0x1CC	FUN_00000000001E09D4
0x1E0BA0	0x1E0C8C	0xEC	FUN_00000000001E0BA0
0x1E0C8C	0x1E0E24	0x198	FUN_00000000001E0C8C
0x1E0E24	0x1E0FDC	0x1B8	FUN_00000000001E0E24
0x1E0FDC	0x1E1224	0x248	FUN_00000000001E0FDC
0x1E1224	0x1E1528	0x304	FUN_00000000001E1224
0x1E1528	0x1E160C	0xE4	FUN_00000000001E1528
0x1E160C	0x1E17CC	0x1C0	FUN_00000000001E160C
0x1E17CC	0x1E1A2C	0x260	FUN_00000000001E17CC
0x1E1A2C	0x1E1C88	0x25C	FUN_00000000001E1A2C
0x1E1C88	0x1E1ECC	0x244	FUN_00000000001E1C88
0x1E1ECC	0x1E21D8	0x30C	FUN_00000000001E1ECC
0x1E21D8	0x1E2570	0x398	FUN_00000000001E21D8
0x1E2570	0x1E27C4	0x254	FUN_00000000001E2570
0x1E27C4	0x1E28D8	0x114	FUN_00000000001E27C4
0x1E28D8	0x1E2A84	0x1AC	FUN_00000000001E28D8
0x1E2A84	0x1E2B7C	0xF8	FUN_00000000001E2A84
0x1E2B7C	0x1E2D20	0x1A4	FUN_00000000001E2B7C
0x1E2D20	0x1E317C	0x45C	FUN_00000000001E2D20
0x1E317C	0x1E3260	0xE4	FUN_00000000001E317C
0x1E3260	0x1E3430	0x1D0	FUN_00000000001E3260
0x1E3430	0x1E35E0	0x1B0	FUN_00000000001E3430
0x1E35E0	0x1E383C	0x25C	FUN_00000000001E35E0
0x1E383C	0x1E39F4	0x1B8	FUN_00000000001E383C
0x1E39F4	0x1E3C4C	0x258	FUN_00000000001E39F4
0x1E3C4C	0x1E3E04	0x1B8	FUN_00000000001E3C4C
0x1E3E04	0x1E406C	0x268	FUN_00000000001E3E04
0x1E406C	0x1E414C	0xE0	FUN_00000000001E406C
0x1E414C	0x1E4310	0x1C4	FUN_00000000001E414C
0x1E4310	0x1E44C8	0x1B8	FUN_00000000001E4310
0x1E44C8	0x1E47B4	0x2EC	FUN_00000000001E44C8
0x1E47B4	0x1E4A18	0x264	FUN_00000000001E47B4
0x1E4A18	0x1E4C70	0x258	FUN_00000000001E4A18
0x1E4C70	0x1E4E10	0x1A0	FUN_00000000001E4C70
0x1E4E10	0x1E4F14	0x104	FUN_00000000001E4E10
0x1E4F14	0x1E5228	0x314	FUN_00000000001E4F14
0x1E5228	0x1E5584	0x35C	FUN_00000000001E5228
0x1E5584	0x1E5898	0x314	FUN_00000000001E5584
0x1E5898	0x1E5BBC	0x324	FUN_00000000001E5898
0x1E5BBC	0x1E5D8C	0x1D0	FUN_00000000001E5BBC
0x1E5D8C	0x1E6004	0x278	FUN_00000000001E5D8C
0x1E6004	0x1E61B4	0x1B0	FUN_00000000001E6004
0x1E61B4	0x1E6364	0x1B0	FUN_00000000001E61B4
0x1E6364	0x1E672C	0x3C8	FUN_00000000001E6364
0x1E672C	0x1E6A08	0x2DC	FUN_00000000001E672C
0x1E6A08	0x1E6BD8	0x1D0	FUN_00000000001E6A08
0x1E6BD8	0x1E6FA0	0x3C8	FUN_00000000001E6BD8
0x1E6FA0	0x1E70A4	0x104	FUN_00000000001E6FA0
0x1E70A4	0x1E726C	0x1C8	FUN_00000000001E70A4
0x1E726C	0x1E740C	0x1A0	FUN_00000000001E726C
0x1E740C	0x1E75BC	0x1B0	FUN_00000000001E740C
0x1E75BC	0x1E76A0	0xE4	FUN_00000000001E75BC
0x1E76A0	0x1E7794	0xF4	FUN_00000000001E76A0
0x1E7794	0x1E79C4	0x230	FUN_00000000001E7794
0x1E79C4	0x1E7D88	0x3C4	FUN_00000000001E79C4
0x1E7D88	0x1E80A0	0x318	FUN_00000000001E7D88
0x1E80A0	0x1E82E8	0x248	FUN_00000000001E80A0
0x1E82E8	0x1E8550	0x268	FUN_00000000001E82E8
0x1E8550	0x1E8708	0x1B8	FUN_00000000001E8550
0x1E8708	0x1E8954	0x24C	FUN_00000000001E8708
0x1E8954	0x1E8C3C	0x2E8	FUN_00000000001E8954
0x1E8C3C	0x1E8DFC	0x1C0	FUN_00000000001E8C3C
0x1E8DFC	0x1E9124	0x328	FUN_00000000001E8DFC
0x1E9124	0x1E933C	0x218	FUN_00000000001E9124
0x1E933C	0x1E94F4	0x1B8	FUN_00000000001E933C
0x1E94F4	0x1E993C	0x448	FUN_00000000001E94F4
0x1E993C	0x1E9D7C	0x440	FUN_00000000001E993C
0x1E9D7C	0x1E9FFC	0x280	FUN_00000000001E9D7C
0x1E9FFC	0x1EA0E8	0xEC	FUN_00000000001E9FFC
0x1EA0E8	0x1EA324	0x23C	FUN_00000000001EA0E8
0x1EA324	0x1EA5D0	0x2AC	FUN_00000000001EA324
0x1EA5D0	0x1EA6EC	0x11C	FUN_00000000001EA5D0
0x1EA6EC	0x1EA928	0x23C	FUN_00000000001EA6EC
0x1EA928	0x1EAAD8	0x1B0	FUN_00000000001EA928
0x1EAAD8	0x1EAD48	0x270	FUN_00000000001EAAD8
0x1EAD48	0x1EAFAC	0x264	FUN_00000000001EAD48
0x1EAFAC	0x1EB0C0	0x114	FUN_00000000001EAFAC
0x1EB0C0	0x1EB320	0x260	FUN_00000000001EB0C0
0x1EB320	0x1EB404	0xE4	FUN_00000000001EB320
0x1EB404	0x1EB5C0	0x1BC	FUN_00000000001EB404
0x1EB5C0	0x1EB6C4	0x104	FUN_00000000001EB5C0
0x1EB6C4	0x1EB91C	0x258	FUN_00000000001EB6C4
0x1EB91C	0x1EBA1C	0x100	FUN_00000000001EB91C
0x1EBA1C	0x1EBBB0	0x194	FUN_00000000001EBA1C
0x1EBBB0	0x1EBD58	0x1A8	FUN_00000000001EBBB0
0x1EBD58	0x1EBE3C	0xE4	FUN_00000000001EBD58
0x1EBE3C	0x1EC1C4	0x388	FUN_00000000001EBE3C
0x1EC1C4	0x1EC488	0x2C4	FUN_00000000001EC1C4
0x1EC488	0x1EC648	0x1C0	FUN_00000000001EC488
0x1EC648	0x1ECA54	0x40C	FUN_00000000001EC648
0x1ECA54	0x1ECC0C	0x1B8	FUN_00000000001ECA54
0x1ECC0C	0x1ECCF0	0xE4	FUN_00000000001ECC0C
0x1ECCF0	0x1ECF5C	0x26C	FUN_00000000001ECCF0
0x1ECF5C	0x1ED110	0x1B4	FUN_00000000001ECF5C
0x1ED110	0x1ED2E4	0x1D4	FUN_00000000001ED110
0x1ED2E4	0x1ED5A8	0x2C4	FUN_00000000001ED2E4
0x1ED5A8	0x1ED8C8	0x320	FUN_00000000001ED5A8
0x1ED8C8	0x1EDBBC	0x2F4	FUN_00000000001ED8C8
0x1EDBBC	0x1EDD78	0x1BC	FUN_00000000001EDBBC
0x1EDD78	0x1EDF18	0x1A0	FUN_00000000001EDD78
0x1EDF18	0x1EE164	0x24C	FUN_00000000001EDF18
0x1EE164	0x1EE260	0xFC	FUN_00000000001EE164
0x1EE260	0x1EE4A8	0x248	FUN_00000000001EE260
0x1EE4A8	0x1EE660	0x1B8	FUN_00000000001EE4A8
0x1EE660	0x1EE94C	0x2EC	FUN_00000000001EE660
0x1EE94C	0x1EEADC	0x190	FUN_00000000001EE94C
0x1EEADC	0x1EEBC8	0xEC	FUN_00000000001EEADC
0x1EEBC8	0x1EECC4	0xFC	FUN_00000000001EEBC8
0x1EECC4	0x1EEE88	0x1C4	FUN_00000000001EECC4
0x1EEE88	0x1EF020	0x198	FUN_00000000001EEE88
0x1EF020	0x1EF250	0x230	FUN_00000000001EF020
0x1EF250	0x1EF400	0x1B0	FUN_00000000001EF250
0x1EF400	0x1EF674	0x274	FUN_00000000001EF400
0x1EF674	0x1EF760	0xEC	FUN_00000000001EF674
0x1EF760	0x1EF848	0xE8	FUN_00000000001EF760
0x1EF848	0x1EFB0C	0x2C4	FUN_00000000001EF848
0x1EFB0C	0x1EFDE8	0x2DC	FUN_00000000001EFB0C
0x1EFDE8	0x1EFF80	0x198	FUN_00000000001EFDE8
0x1EFF80	0x1F01B8	0x238	FUN_00000000001EFF80
0x1F01B8	0x1F0370	0x1B8	FUN_00000000001F01B8
0x1F0370	0x1F04F8	0x188	FUN_00000000001F0370
0x1F04F8	0x1F0894	0x39C	FUN_00000000001F04F8
0x1F0894	0x1F0A40	0x1AC	FUN_00000000001F0894
0x1F0A40	0x1F0C88	0x248	FUN_00000000001F0A40
0x1F0C88	0x1F0F00	0x278	FUN_00000000001F0C88
0x1F0F00	0x1F12B4	0x3B4	FUN_00000000001F0F00
0x1F12B4	0x1F15C0	0x30C	FUN_00000000001F12B4
0x1F15C0	0x1F1778	0x1B8	FUN_00000000001F15C0
0x1F1778	0x1F1874	0xFC	FUN_00000000001F1778
0x1F1874	0x1F1970	0xFC	FUN_00000000001F1874
0x1F1970	0x1F1D38	0x3C8	FUN_00000000001F1970
0x1F1D38	0x1F1FB0	0x278	FUN_00000000001F1D38
0x1F1FB0	0x1F208C	0xDC	FUN_00000000001F1FB0
0x1F208C	0x1F223C	0x1B0	FUN_00000000001F208C
0x1F223C	0x1F2328	0xEC	FUN_00000000001F223C
0x1F2328	0x1F2410	0xE8	FUN_00000000001F2328
0x1F2410	0x1F2668	0x258	FUN_00000000001F2410
0x1F2668	0x1F29D0	0x368	FUN_00000000001F2668
0x1F29D0	0x1F2D44	0x374	FUN_00000000001F29D0
0x1F2D44	0x1F3058	0x314	FUN_00000000001F2D44
0x1F3058	0x1F32D0	0x278	FUN_00000000001F3058
0x1F32D0	0x1F3458	0x188	FUN_00000000001F32D0
0x1F3458	0x1F3770	0x318	FUN_00000000001F3458
0x1F3770	0x1F3920	0x1B0	FUN_00000000001F3770
0x1F3920	0x1F3AC0	0x1A0	FUN_00000000001F3920
0x1F3AC0	0x1F3D20	0x260	FUN_00000000001F3AC0
0x1F3D20	0x1F3FA0	0x280	FUN_00000000001F3D20
0x1F3FA0	0x1F4348	0x3A8	FUN_00000000001F3FA0
0x1F4348	0x1F4594	0x24C	FUN_00000000001F4348
0x1F4594	0x1F473C	0x1A8	FUN_00000000001F4594
0x1F473C	0x1F4904	0x1C8	FUN_00000000001F473C
0x1F4904	0x1F4AB8	0x1B4	FUN_00000000001F4904
0x1F4AB8	0x1F4C6C	0x1B4	FUN_00000000001F4AB8
0x1F4C6C	0x1F4EC4	0x258	FUN_00000000001F4C6C
0x1F4EC4	0x1F5128	0x264	FUN_00000000001F4EC4
0x1F5128	0x1F53A4	0x27C	FUN_00000000001F5128
0x1F53A4	0x1F57E0	0x43C	FUN_00000000001F53A4
0x1F57E0	0x1F58DC	0xFC	FUN_00000000001F57E0
0x1F58DC	0x1F5B34	0x258	FUN_00000000001F58DC
0x1F5B34	0x1F5D9C	0x268	FUN_00000000001F5B34
0x1F5D9C	0x1F5F3C	0x1A0	FUN_00000000001F5D9C
0x1F5F3C	0x1F623C	0x300	FUN_00000000001F5F3C
0x1F623C	0x1F653C	0x300	FUN_00000000001F623C
0x1F653C	0x1F6638	0xFC	FUN_00000000001F653C
0x1F6638	0x1F67EC	0x1B4	FUN_00000000001F6638
0x1F67EC	0x1F6BAC	0x3C0	FUN_00000000001F67EC
0x1F6BAC	0x1F6EA4	0x2F8	FUN_00000000001F6BAC
0x1F6EA4	0x1F7118	0x274	FUN_00000000001F6EA4
0x1F7118	0x1F7370	0x258	FUN_00000000001F7118
0x1F7370	0x1F75D8	0x268	FUN_00000000001F7370
0x1F75D8	0x1F7A50	0x478	FUN_00000000001F75D8
0x1F7A50	0x1F7BF4	0x1A4	FUN_00000000001F7A50
0x1F7BF4	0x1F7CF4	0x100	FUN_00000000001F7BF4
0x1F7CF4	0x1F7FD0	0x2DC	FUN_00000000001F7CF4
0x1F7FD0	0x1F821C	0x24C	FUN_00000000001F7FD0
0x1F821C	0x1F847C	0x260	FUN_00000000001F821C
0x1F847C	0x1F882C	0x3B0	FUN_00000000001F847C
0x1F882C	0x1F89C8	0x19C	FUN_00000000001F882C
0x1F89C8	0x1F8D50	0x388	FUN_00000000001F89C8
0x1F8D50	0x1F8EF4	0x1A4	FUN_00000000001F8D50
0x1F8EF4	0x1F9158	0x264	FUN_00000000001F8EF4
0x1F9158	0x1F9310	0x1B8	FUN_00000000001F9158
0x1F9310	0x1F94E4	0x1D4	FUN_00000000001F9310
0x1F94E4	0x1F9764	0x280	FUN_00000000001F94E4
0x1F9764	0x1F9A78	0x314	FUN_00000000001F9764
0x1F9A78	0x1F9C14	0x19C	FUN_00000000001F9A78
0x1F9C14	0x1F9DC0	0x1AC	FUN_00000000001F9C14
0x1F9DC0	0x1F9EA0	0xE0	FUN_00000000001F9DC0
0x1F9EA0	0x1FA044	0x1A4	FUN_00000000001F9EA0
0x1FA044	0x1FA2A4	0x260	FUN_00000000001FA044
0x1FA2A4	0x1FA45C	0x1B8	FUN_00000000001FA2A4
0x1FA45C	0x1FA570	0x114	FUN_00000000001FA45C
0x1FA570	0x1FA7D8	0x268	FUN_00000000001FA570
0x1FA7D8	0x1FA8D8	0x100	FUN_00000000001FA7D8
0x1FA8D8	0x1FAAA8	0x1D0	FUN_00000000001FA8D8
0x1FAAA8	0x1FAD0C	0x264	FUN_00000000001FAAA8
0x1FAD0C	0x1FAE08	0xFC	FUN_00000000001FAD0C
0x1FAE08	0x1FB138	0x330	FUN_00000000001FAE08
0x1FB138	0x1FB21C	0xE4	FUN_00000000001FB138
0x1FB21C	0x1FB470	0x254	FUN_00000000001FB21C
0x1FB470	0x1FB6A4	0x234	FUN_00000000001FB470
0x1FB6A4	0x1FB8D8	0x234	FUN_00000000001FB6A4
0x1FB8D8	0x1FBA90	0x1B8	FUN_00000000001FB8D8
0x1FBA90	0x1FBD90	0x300	FUN_00000000001FBA90
0x1FBD90	0x1FBF4C	0x1BC	FUN_00000000001FBD90
0x1FBF4C	0x1FC050	0x104	FUN_00000000001FBF4C
0x1FC050	0x1FC204	0x1B4	FUN_00000000001FC050
0x1FC204	0x1FC508	0x304	FUN_00000000001FC204
0x1FC508	0x1FC60C	0x104	FUN_00000000001FC508
0x1FC60C	0x1FC7A8	0x19C	FUN_00000000001FC60C
0x1FC7A8	0x1FC958	0x1B0	FUN_00000000001FC7A8
0x1FC958	0x1FCA4C	0xF4	FUN_00000000001FC958
0x1FCA4C	0x1FCC04	0x1B8	FUN_00000000001FCA4C
0x1FCC04	0x1FCDBC	0x1B8	FUN_00000000001FCC04
0x1FCDBC	0x1FD0D0	0x314	FUN_00000000001FCDBC
0x1FD0D0	0x1FD340	0x270	FUN_00000000001FD0D0
0x1FD340	0x1FD570	0x230	FUN_00000000001FD340
0x1FD570	0x1FD880	0x310	FUN_00000000001FD570
0x1FD880	0x1FDA30	0x1B0	FUN_00000000001FD880
0x1FDA30	0x1FDBDC	0x1AC	FUN_00000000001FDA30
0x1FDBDC	0x1FDD8C	0x1B0	FUN_00000000001FDBDC
0x1FDD8C	0x1FE1C8	0x43C	FUN_00000000001FDD8C
0x1FE1C8	0x1FE2B4	0xEC	FUN_00000000001FE1C8
0x1FE2B4	0x1FE518	0x264	FUN_00000000001FE2B4
0x1FE518	0x1FE5FC	0xE4	FUN_00000000001FE518
0x1FE5FC	0x1FEA2C	0x430	FUN_00000000001FE5FC
0x1FEA2C	0x1FEBD8	0x1AC	FUN_00000000001FEA2C
0x1FEBD8	0x1FECDC	0x104	FUN_00000000001FEBD8
0x1FECDC	0x1FEF30	0x254	FUN_00000000001FECDC
0x1FEF30	0x1FF040	0x110	FUN_00000000001FEF30
0x1FF040	0x1FF214	0x1D4	FUN_00000000001FF040
0x1FF214	0x1FF488	0x274	FUN_00000000001FF214
0x1FF488	0x1FF6DC	0x254	FUN_00000000001FF488
0x1FF6DC	0x1FF9E0	0x304	FUN_00000000001FF6DC
0x1FF9E0	0x1FFAF8	0x118	FUN_00000000001FF9E0
0x1FFAF8	0x1FFBFC	0x104	FUN_00000000001FFAF8
0x1FFBFC	0x1FFF98	0x39C	FUN_00000000001FFBFC
0x1FFF98	0x2001EC	0x254	FUN_00000000001FFF98
0x2001EC	0x200434	0x248	FUN_00000000002001EC
0x200434	0x200538	0x104	FUN_0000000000200434
0x200538	0x20082C	0x2F4	FUN_0000000000200538
0x20082C	0x200A88	0x25C	FUN_000000000020082C
0x200A88	0x200CE4	0x25C	FUN_0000000000200A88
0x200CE4	0x200F28	0x244	FUN_0000000000200CE4
0x200F28	0x2011E4	0x2BC	FUN_0000000000200F28
0x2011E4	0x201444	0x260	FUN_00000000002011E4
0x201444	0x2016A4	0x260	FUN_0000000000201444
0x2016A4	0x2018E0	0x23C	FUN_00000000002016A4
0x2018E0	0x201A90	0x1B0	FUN_00000000002018E0
0x201A90	0x201E28	0x398	FUN_0000000000201A90
0x201E28	0x201F20	0xF8	FUN_0000000000201E28
0x201F20	0x202004	0xE4	FUN_0000000000201F20
0x202004	0x202270	0x26C	FUN_0000000000202004
0x202270	0x2024D0	0x260	FUN_0000000000202270
0x2024D0	0x202694	0x1C4	FUN_00000000002024D0
0x202694	0x2028D4	0x240	FUN_0000000000202694
0x2028D4	0x2029B0	0xDC	FUN_00000000002028D4
0x2029B0	0x202B44	0x194	FUN_00000000002029B0
0x202B44	0x202D90	0x24C	FUN_0000000000202B44
0x202D90	0x203000	0x270	FUN_0000000000202D90
0x203000	0x20325C	0x25C	FUN_0000000000203000
0x20325C	0x203354	0xF8	FUN_000000000020325C
0x203354	0x2034F4	0x1A0	FUN_0000000000203354
0x2034F4	0x203880	0x38C	FUN_00000000002034F4
0x203880	0x203B6C	0x2EC	FUN_0000000000203880
0x203B6C	0x203DA8	0x23C	FUN_0000000000203B6C
0x203DA8	0x203E94	0xEC	FUN_0000000000203DA8
0x203E94	0x2040EC	0x258	FUN_0000000000203E94
0x2040EC	0x204344	0x258	FUN_00000000002040EC
0x204344	0x204440	0xFC	FUN_0000000000204344
0x204440	0x204540	0x100	FUN_0000000000204440
0x204540	0x2047BC	0x27C	FUN_0000000000204540
0x2047BC	0x2048D0	0x114	FUN_00000000002047BC
0x2048D0	0x204C44	0x374	FUN_00000000002048D0
0x204C44	0x204EAC	0x268	FUN_0000000000204C44
0x204EAC	0x20512C	0x280	FUN_0000000000204EAC
0x20512C	0x205408	0x2DC	FUN_000000000020512C
0x205408	0x2055B8	0x1B0	FUN_0000000000205408
0x2055B8	0x205954	0x39C	FUN_00000000002055B8
0x205954	0x205B00	0x1AC	FUN_0000000000205954
0x205B00	0x205D14	0x214	FUN_0000000000205B00
0x205D14	0x205E18	0x104	FUN_0000000000205D14
0x205E18	0x205FC8	0x1B0	FUN_0000000000205E18
0x205FC8	0x20617C	0x1B4	FUN_0000000000205FC8
0x20617C	0x2063C4	0x248	FUN_000000000020617C
0x2063C4	0x206498	0xD4	FUN_00000000002063C4
0x206498	0x206650	0x1B8	FUN_0000000000206498
0x206650	0x2068D4	0x284	FUN_0000000000206650
0x2068D4	0x206B30	0x25C	FUN_00000000002068D4
0x206B30	0x206D74	0x244	FUN_0000000000206B30
0x206D74	0x206F7C	0x208	FUN_0000000000206D74
0x206F7C	0x207130	0x1B4	FUN_0000000000206F7C
0x207130	0x2072EC	0x1BC	FUN_0000000000207130
0x2072EC	0x2075D8	0x2EC	FUN_00000000002072EC
0x2075D8	0x2076C4	0xEC	FUN_00000000002075D8
0x2076C4	0x207940	0x27C	FUN_00000000002076C4
0x207940	0x207BBC	0x27C	FUN_0000000000207940
0x207BBC	0x207E18	0x25C	FUN_0000000000207BBC
0x207E18	0x208088	0x270	FUN_0000000000207E18
0x208088	0x20837C	0x2F4	FUN_0000000000208088
0x20837C	0x208480	0x104	FUN_000000000020837C
0x208480	0x208620	0x1A0	FUN_0000000000208480
0x208620	0x20871C	0xFC	FUN_0000000000208620
0x20871C	0x2088B0	0x194	FUN_000000000020871C
0x2088B0	0x20899C	0xEC	FUN_00000000002088B0
0x20899C	0x208B34	0x198	FUN_000000000020899C
0x208B34	0x208C44	0x110	FUN_0000000000208B34
0x208C44	0x208DF0	0x1AC	FUN_0000000000208C44
0x208DF0	0x20917C	0x38C	FUN_0000000000208DF0
0x20917C	0x209338	0x1BC	FUN_000000000020917C
0x209338	0x20958C	0x254	FUN_0000000000209338
0x20958C	0x209670	0xE4	FUN_000000000020958C
0x209670	0x2098C0	0x250	FUN_0000000000209670
0x2098C0	0x209ACC	0x20C	FUN_00000000002098C0
0x209ACC	0x209BC8	0xFC	FUN_0000000000209ACC
0x209BC8	0x209CE4	0x11C	FUN_0000000000209BC8
0x209CE4	0x20A0EC	0x408	FUN_0000000000209CE4
0x20A0EC	0x20A368	0x27C	FUN_000000000020A0EC
0x20A368	0x20A454	0xEC	FUN_000000000020A368
0x20A454	0x20A6AC	0x258	FUN_000000000020A454
0x20A6AC	0x20A908	0x25C	FUN_000000000020A6AC
0x20A908	0x20AB74	0x26C	FUN_000000000020A908
0x20AB74	0x20ADDC	0x268	FUN_000000000020AB74
0x20ADDC	0x20AF64	0x188	FUN_000000000020ADDC
0x20AF64	0x20B260	0x2FC	FUN_000000000020AF64
0x20B260	0x20B340	0xE0	FUN_000000000020B260
0x20B340	0x20B440	0x100	FUN_000000000020B340
0x20B440	0x20B53C	0xFC	FUN_000000000020B440
0x20B53C	0x20B624	0xE8	FUN_000000000020B53C
0x20B624	0x20B948	0x324	FUN_000000000020B624
0x20B948	0x20BBAC	0x264	FUN_000000000020B948
0x20BBAC	0x20BE30	0x284	FUN_000000000020BBAC
0x20BE30	0x20C00C	0x1DC	FUN_000000000020BE30
0x20C00C	0x20C250	0x244	FUN_000000000020C00C
0x20C250	0x20C498	0x248	FUN_000000000020C250
0x20C498	0x20C660	0x1C8	FUN_000000000020C498
0x20C660	0x20C760	0x100	FUN_000000000020C660
0x20C760	0x20CAF8	0x398	FUN_000000000020C760
0x20CAF8	0x20CBF8	0x100	FUN_000000000020CAF8
0x20CBF8	0x20CCDC	0xE4	FUN_000000000020CBF8
0x20CCDC	0x20CE98	0x1BC	FUN_000000000020CCDC
0x20CE98	0x20D034	0x19C	FUN_000000000020CE98
0x20D034	0x20D2A4	0x270	FUN_000000000020D034
0x20D2A4	0x20D51C	0x278	FUN_000000000020D2A4
0x20D51C	0x20D788	0x26C	FUN_000000000020D51C
0x20D788	0x20DA4C	0x2C4	FUN_000000000020D788
0x20DA4C	0x20DB5C	0x110	FUN_000000000020DA4C
0x20DB5C	0x20DE50	0x2F4	FUN_000000000020DB5C
0x20DE50	0x20E094	0x244	FUN_000000000020DE50
0x20E094	0x20E1A4	0x110	FUN_000000000020E094
0x20E1A4	0x20E420	0x27C	FUN_000000000020E1A4
0x20E420	0x20E5DC	0x1BC	FUN_000000000020E420
0x20E5DC	0x20E6BC	0xE0	FUN_000000000020E5DC
0x20E6BC	0x20E8F8	0x23C	FUN_000000000020E6BC
0x20E8F8	0x20EBE4	0x2EC	FUN_000000000020E8F8
0x20EBE4	0x20ED7C	0x198	FUN_000000000020EBE4
0x20ED7C	0x20EE60	0xE4	FUN_000000000020ED7C
0x20EE60	0x20EF5C	0xFC	FUN_000000000020EE60
0x20EF5C	0x20F2E4	0x388	FUN_000000000020EF5C
0x20F2E4	0x20F3C8	0xE4	FUN_000000000020F2E4
0x20F3C8	0x20F640	0x278	FUN_000000000020F3C8
0x20F640	0x20F738	0xF8	FUN_000000000020F640
0x20F738	0x20F8D0	0x198	FUN_000000000020F738
0x20F8D0	0x20FA74	0x1A4	FUN_000000000020F8D0
0x20FA74	0x20FB60	0xEC	FUN_000000000020FA74
0x20FB60	0x20FD30	0x1D0	FUN_000000000020FB60
0x20FD30	0x210014	0x2E4	FUN_000000000020FD30
0x210014	0x21037C	0x368	FUN_0000000000210014
0x21037C	0x210600	0x284	FUN_000000000021037C
0x210600	0x210800	0x200	FUN_0000000000210600
0x210800	0x2109A0	0x1A0	FUN_0000000000210800
0x2109A0	0x210BF0	0x250	FUN_00000000002109A0
0x210BF0	0x210F84	0x394	FUN_0000000000210BF0
0x210F84	0x21127C	0x2F8	FUN_0000000000210F84
0x21127C	0x2114B4	0x238	FUN_000000000021127C
0x2114B4	0x211710	0x25C	FUN_00000000002114B4
0x211710	0x21182C	0x11C	FUN_0000000000211710
0x21182C	0x2119DC	0x1B0	FUN_000000000021182C
0x2119DC	0x211B8C	0x1B0	FUN_00000000002119DC
0x211B8C	0x211E8C	0x300	FUN_0000000000211B8C
0x211E8C	0x212220	0x394	FUN_0000000000211E8C
0x212220	0x21259C	0x37C	FUN_0000000000212220
0x21259C	0x212750	0x1B4	FUN_000000000021259C
0x212750	0x212A50	0x300	FUN_0000000000212750
0x212A50	0x212B30	0xE0	FUN_0000000000212A50
0x212B30	0x212D6C	0x23C	FUN_0000000000212B30
0x212D6C	0x212FC8	0x25C	FUN_0000000000212D6C
0x212FC8	0x213168	0x1A0	FUN_0000000000212FC8
0x213168	0x213278	0x110	FUN_0000000000213168
0x213278	0x21353C	0x2C4	FUN_0000000000213278
0x21353C	0x213788	0x24C	FUN_000000000021353C
0x213788	0x2139E0	0x258	FUN_0000000000213788
0x2139E0	0x213B94	0x1B4	FUN_00000000002139E0
0x213B94	0x213E80	0x2EC	FUN_0000000000213B94
0x213E80	0x213F64	0xE4	FUN_0000000000213E80
0x213F64	0x2141C4	0x260	FUN_0000000000213F64
0x2141C4	0x21436C	0x1A8	FUN_00000000002141C4
0x21436C	0x214440	0xD4	FUN_000000000021436C
0x214440	0x21468C	0x24C	FUN_0000000000214440
0x21468C	0x214980	0x2F4	FUN_000000000021468C
0x214980	0x214BF4	0x274	FUN_0000000000214980
0x214BF4	0x214CEC	0xF8	FUN_0000000000214BF4
0x214CEC	0x214F38	0x24C	FUN_0000000000214CEC
0x214F38	0x21500C	0xD4	FUN_0000000000214F38
0x21500C	0x215268	0x25C	FUN_000000000021500C
0x215268	0x215404	0x19C	FUN_0000000000215268
0x215404	0x2156E8	0x2E4	FUN_0000000000215404
0x2156E8	0x215A04	0x31C	FUN_00000000002156E8
0x215A04	0x215C70	0x26C	FUN_0000000000215A04
0x215C70	0x215E2C	0x1BC	FUN_0000000000215C70
0x215E2C	0x2161C4	0x398	FUN_0000000000215E2C
0x2161C4	0x2164C0	0x2FC	FUN_00000000002161C4
0x2164C0	0x21668C	0x1CC	FUN_00000000002164C0
0x21668C	0x216904	0x278	FUN_000000000021668C
0x216904	0x216B4C	0x248	FUN_0000000000216904
0x216B4C	0x216C38	0xEC	FUN_0000000000216B4C
0x216C38	0x216D30	0xF8	FUN_0000000000216C38
0x216D30	0x216E3C	0x10C	FUN_0000000000216D30
0x216E3C	0x216FEC	0x1B0	FUN_0000000000216E3C
0x216FEC	0x2171A4	0x1B8	FUN_0000000000216FEC
0x2171A4	0x2175B4	0x410	FUN_00000000002171A4
0x2175B4	0x217770	0x1BC	FUN_00000000002175B4
0x217770	0x2179E0	0x270	FUN_0000000000217770
0x2179E0	0x217D3C	0x35C	FUN_00000000002179E0
0x217D3C	0x218064	0x328	FUN_0000000000217D3C
0x218064	0x218498	0x434	FUN_0000000000218064
0x218498	0x2188A0	0x408	FUN_0000000000218498
0x2188A0	0x218AFC	0x25C	FUN_00000000002188A0
0x218AFC	0x218BD0	0xD4	FUN_0000000000218AFC
0x218BD0	0x218D64	0x194	FUN_0000000000218BD0
0x218D64	0x218E40	0xDC	FUN_0000000000218D64
0x218E40	0x21900C	0x1CC	FUN_0000000000218E40
0x21900C	0x21927C	0x270	FUN_000000000021900C
0x21927C	0x219450	0x1D4	FUN_000000000021927C
0x219450	0x2196B4	0x264	FUN_0000000000219450
0x2196B4	0x219798	0xE4	FUN_00000000002196B4
0x219798	0x219950	0x1B8	FUN_0000000000219798
0x219950	0x219CB8	0x368	FUN_0000000000219950
0x219CB8	0x219FB8	0x300	FUN_0000000000219CB8
0x219FB8	0x21A154	0x19C	FUN_0000000000219FB8
0x21A154	0x21A4F8	0x3A4	FUN_000000000021A154
0x21A4F8	0x21A7E0	0x2E8	FUN_000000000021A4F8
0x21A7E0	0x21AC1C	0x43C	FUN_000000000021A7E0
0x21AC1C	0x21ADE8	0x1CC	FUN_000000000021AC1C
0x21ADE8	0x21AF88	0x1A0	FUN_000000000021ADE8
0x21AF88	0x21B074	0xEC	FUN_000000000021AF88
0x21B074	0x21B178	0x104	FUN_000000000021B074
0x21B178	0x21B274	0xFC	FUN_000000000021B178
0x21B274	0x21B378	0x104	FUN_000000000021B274
0x21B378	0x21B584	0x20C	FUN_000000000021B378
0x21B584	0x21B72C	0x1A8	FUN_000000000021B584
0x21B72C	0x21B828	0xFC	FUN_000000000021B72C
0x21B828	0x21B9DC	0x1B4	FUN_000000000021B828
0x21B9DC	0x21BBB0	0x1D4	FUN_000000000021B9DC
0x21BBB0	0x21BF10	0x360	FUN_000000000021BBB0
0x21BF10	0x21C17C	0x26C	FUN_000000000021BF10
0x21C17C	0x21C34C	0x1D0	FUN_000000000021C17C
0x21C34C	0x21C4FC	0x1B0	FUN_000000000021C34C
0x21C4FC	0x21C744	0x248	FUN_000000000021C4FC
0x21C744	0x21C9BC	0x278	FUN_000000000021C744
0x21C9BC	0x21CD60	0x3A4	FUN_000000000021C9BC
0x21CD60	0x21CE5C	0xFC	FUN_000000000021CD60
0x21CE5C	0x21D0D4	0x278	FUN_000000000021CE5C
0x21D0D4	0x21D1E4	0x110	FUN_000000000021D0D4
0x21D1E4	0x21D598	0x3B4	FUN_000000000021D1E4
0x21D598	0x21D8AC	0x314	FUN_000000000021D598
0x21D8AC	0x21DAE8	0x23C	FUN_000000000021D8AC
0x21DAE8	0x21DC04	0x11C	FUN_000000000021DAE8
0x21DC04	0x21DDBC	0x1B8	FUN_000000000021DC04
0x21DDBC	0x21E0DC	0x320	FUN_000000000021DDBC
0x21E0DC	0x21E33C	0x260	FUN_000000000021E0DC
0x21E33C	0x21E4EC	0x1B0	FUN_000000000021E33C
0x21E4EC	0x21E750	0x264	FUN_000000000021E4EC
0x21E750	0x21E9A0	0x250	FUN_000000000021E750
0x21E9A0	0x21EBF8	0x258	FUN_000000000021E9A0
0x21EBF8	0x21ECD8	0xE0	FUN_000000000021EBF8
0x21ECD8	0x21EF18	0x240	FUN_000000000021ECD8
0x21EF18	0x21F0B8	0x1A0	FUN_000000000021EF18
0x21F0B8	0x21F3A0	0x2E8	FUN_000000000021F0B8
0x21F3A0	0x21F610	0x270	FUN_000000000021F3A0
0x21F610	0x21F7C8	0x1B8	FUN_000000000021F610
0x21F7C8	0x21F95C	0x194	FUN_000000000021F7C8
0x21F95C	0x21FC48	0x2EC	FUN_000000000021F95C
0x21FC48	0x21FE8C	0x244	FUN_000000000021FC48
0x21FE8C	0x22002C	0x1A0	FUN_000000000021FE8C
0x22002C	0x220328	0x2FC	FUN_000000000022002C
0x220328	0x220638	0x310	FUN_0000000000220328
0x220638	0x2207D8	0x1A0	FUN_0000000000220638
0x2207D8	0x2208EC	0x114	FUN_00000000002207D8
0x2208EC	0x220B44	0x258	FUN_00000000002208EC
0x220B44	0x220E44	0x300	FUN_0000000000220B44
0x220E44	0x2210A4	0x260	FUN_0000000000220E44
0x2210A4	0x2212DC	0x238	FUN_00000000002210A4
0x2212DC	0x221608	0x32C	FUN_00000000002212DC
0x221608	0x221870	0x268	FUN_0000000000221608
0x221870	0x221A1C	0x1AC	FUN_0000000000221870
0x221A1C	0x221BA8	0x18C	FUN_0000000000221A1C
0x221BA8	0x221ED0	0x328	FUN_0000000000221BA8
0x221ED0	0x2221BC	0x2EC	FUN_0000000000221ED0
0x2221BC	0x222370	0x1B4	FUN_00000000002221BC
0x222370	0x222528	0x1B8	FUN_0000000000222370
0x222528	0x2226D8	0x1B0	FUN_0000000000222528
0x2226D8	0x22287C	0x1A4	FUN_00000000002226D8
0x22287C	0x222A2C	0x1B0	FUN_000000000022287C
0x222A2C	0x222BF4	0x1C8	FUN_0000000000222A2C
0x222BF4	0x222D08	0x114	FUN_0000000000222BF4
0x222D08	0x222F70	0x268	FUN_0000000000222D08
0x222F70	0x223054	0xE4	FUN_0000000000222F70
0x223054	0x22320C	0x1B8	FUN_0000000000223054
0x22320C	0x223300	0xF4	FUN_000000000022320C
0x223300	0x2234B8	0x1B8	FUN_0000000000223300
0x2234B8	0x22367C	0x1C4	FUN_00000000002234B8
0x22367C	0x223790	0x114	FUN_000000000022367C
0x223790	0x2239F8	0x268	FUN_0000000000223790
0x2239F8	0x223BA8	0x1B0	FUN_00000000002239F8
0x223BA8	0x223CAC	0x104	FUN_0000000000223BA8
0x223CAC	0x223D80	0xD4	FUN_0000000000223CAC
0x223D80	0x224078	0x2F8	FUN_0000000000223D80
0x224078	0x22416C	0xF4	FUN_0000000000224078
0x22416C	0x224424	0x2B8	FUN_000000000022416C
0x224424	0x2245D4	0x1B0	FUN_0000000000224424
0x2245D4	0x2247A8	0x1D4	FUN_00000000002245D4
0x2247A8	0x224948	0x1A0	FUN_00000000002247A8
0x224948	0x224A5C	0x114	FUN_0000000000224948
0x224A5C	0x224CC0	0x264	FUN_0000000000224A5C
0x224CC0	0x224DAC	0xEC	FUN_0000000000224CC0
0x224DAC	0x224E98	0xEC	FUN_0000000000224DAC
0x224E98	0x224F8C	0xF4	FUN_0000000000224E98
0x224F8C	0x225120	0x194	FUN_0000000000224F8C
0x225120	0x22536C	0x24C	FUN_0000000000225120
0x22536C	0x2255BC	0x250	FUN_000000000022536C
0x2255BC	0x225918	0x35C	FUN_00000000002255BC
0x225918	0x225B94	0x27C	FUN_0000000000225918
0x225B94	0x225C7C	0xE8	FUN_0000000000225B94
0x225C7C	0x225EE0	0x264	FUN_0000000000225C7C
0x225EE0	0x226138	0x258	FUN_0000000000225EE0
0x226138	0x2262D4	0x19C	FUN_0000000000226138
0x2262D4	0x2265D8	0x304	FUN_00000000002262D4
0x2265D8	0x226784	0x1AC	FUN_00000000002265D8
0x226784	0x226888	0x104	FUN_0000000000226784
0x226888	0x226C44	0x3BC	FUN_0000000000226888
0x226C44	0x226EA0	0x25C	FUN_0000000000226C44
0x226EA0	0x22724C	0x3AC	FUN_0000000000226EA0
0x22724C	0x2274A4	0x258	FUN_000000000022724C
0x2274A4	0x22786C	0x3C8	FUN_00000000002274A4
0x22786C	0x227A30	0x1C4	FUN_000000000022786C
0x227A30	0x227DC8	0x398	FUN_0000000000227A30
0x227DC8	0x22800C	0x244	FUN_0000000000227DC8
0x22800C	0x22826C	0x260	FUN_000000000022800C
0x22826C	0x22841C	0x1B0	FUN_000000000022826C
0x22841C	0x22870C	0x2F0	FUN_000000000022841C
0x22870C	0x2289EC	0x2E0	FUN_000000000022870C
0x2289EC	0x228C54	0x268	FUN_00000000002289EC
0x228C54	0x228E94	0x240	FUN_0000000000228C54
0x228E94	0x228FB0	0x11C	FUN_0000000000228E94
0x228FB0	0x22931C	0x36C	FUN_0000000000228FB0
0x22931C	0x229648	0x32C	FUN_000000000022931C
0x229648	0x229938	0x2F0	FUN_0000000000229648
0x229938	0x229B7C	0x244	FUN_0000000000229938
0x229B7C	0x229DEC	0x270	FUN_0000000000229B7C
0x229DEC	0x229FA4	0x1B8	FUN_0000000000229DEC
0x229FA4	0x22A088	0xE4	FUN_0000000000229FA4
0x22A088	0x22A19C	0x114	FUN_000000000022A088
0x22A19C	0x22A4C8	0x32C	FUN_000000000022A19C
0x22A4C8	0x22A7DC	0x314	FUN_000000000022A4C8
0x22A7DC	0x22A8E0	0x104	FUN_000000000022A7DC
0x22A8E0	0x22AA94	0x1B4	FUN_000000000022A8E0
0x22AA94	0x22ABB0	0x11C	FUN_000000000022AA94
0x22ABB0	0x22AE14	0x264	FUN_000000000022ABB0
0x22AE14	0x22AF10	0xFC	FUN_000000000022AE14
0x22AF10	0x22B2B8	0x3A8	FUN_000000000022AF10
0x22B2B8	0x22B500	0x248	FUN_000000000022B2B8
0x22B500	0x22B5DC	0xDC	FUN_000000000022B500
0x22B5DC	0x22B838	0x25C	FUN_000000000022B5DC
0x22B838	0x22BAF0	0x2B8	FUN_000000000022B838
0x22BAF0	0x22BD50	0x260	FUN_000000000022BAF0
0x22BD50	0x22BEEC	0x19C	FUN_000000000022BD50
0x22BEEC	0x22C318	0x42C	FUN_000000000022BEEC
0x22C318	0x22C578	0x260	FUN_000000000022C318
0x22C578	0x22C720	0x1A8	FUN_000000000022C578
0x22C720	0x22CA14	0x2F4	FUN_000000000022C720
0x22CA14	0x22CD18	0x304	FUN_000000000022CA14
0x22CD18	0x22D028	0x310	FUN_000000000022CD18
0x22D028	0x22D13C	0x114	FUN_000000000022D028
0x22D13C	0x22D430	0x2F4	FUN_000000000022D13C
0x22D430	0x22D534	0x104	FUN_000000000022D430
0x22D534	0x22D834	0x300	FUN_000000000022D534
0x22D834	0x22D9F0	0x1BC	FUN_000000000022D834
0x22D9F0	0x22DE54	0x464	FUN_000000000022D9F0
0x22DE54	0x22E09C	0x248	FUN_000000000022DE54
0x22E09C	0x22E380	0x2E4	FUN_000000000022E09C
0x22E380	0x22E48C	0x10C	FUN_000000000022E380
0x22E48C	0x22E630	0x1A4	FUN_000000000022E48C
0x22E630	0x22E938	0x308	FUN_000000000022E630
0x22E938	0x22ECA4	0x36C	FUN_000000000022E938
0x22ECA4	0x22EF00	0x25C	FUN_000000000022ECA4
0x22EF00	0x22EFD4	0xD4	FUN_000000000022EF00
0x22EFD4	0x22F0A8	0xD4	FUN_000000000022EFD4
0x22F0A8	0x22F184	0xDC	FUN_000000000022F0A8
0x22F184	0x22F494	0x310	FUN_000000000022F184
0x22F494	0x22F640	0x1AC	FUN_000000000022F494
0x22F640	0x22F800	0x1C0	FUN_000000000022F640
0x22F800	0x22FA40	0x240	FUN_000000000022F800
0x22FA40	0x22FCB8	0x278	FUN_000000000022FA40
0x22FCB8	0x22FDB4	0xFC	FUN_000000000022FCB8
0x22FDB4	0x22FF80	0x1CC	FUN_000000000022FDB4
0x22FF80	0x230064	0xE4	FUN_000000000022FF80
0x230064	0x2303F0	0x38C	FUN_0000000000230064
0x2303F0	0x2304F0	0x100	FUN_00000000002303F0
0x2304F0	0x230698	0x1A8	FUN_00000000002304F0
0x230698	0x2309C4	0x32C	FUN_0000000000230698
0x2309C4	0x230C34	0x270	FUN_00000000002309C4
0x230C34	0x230E04	0x1D0	FUN_0000000000230C34
0x230E04	0x23105C	0x258	FUN_0000000000230E04
0x23105C	0x231160	0x104	FUN_000000000023105C
0x231160	0x2313C8	0x268	FUN_0000000000231160
0x2313C8	0x2314CC	0x104	FUN_00000000002313C8
0x2314CC	0x231684	0x1B8	FUN_00000000002314CC
0x231684	0x2318FC	0x278	FUN_0000000000231684
0x2318FC	0x231B54	0x258	FUN_00000000002318FC
0x231B54	0x231DC0	0x26C	FUN_0000000000231B54
0x231DC0	0x231F70	0x1B0	FUN_0000000000231DC0
0x231F70	0x232244	0x2D4	FUN_0000000000231F70
0x232244	0x232330	0xEC	FUN_0000000000232244
0x232330	0x2324FC	0x1CC	FUN_0000000000232330
0x2324FC	0x2327C4	0x2C8	FUN_00000000002324FC
0x2327C4	0x232A0C	0x248	FUN_00000000002327C4
0x232A0C	0x232B10	0x104	FUN_0000000000232A0C
0x232B10	0x232D8C	0x27C	FUN_0000000000232B10
0x232D8C	0x23311C	0x390	FUN_0000000000232D8C
0x23311C	0x233230	0x114	FUN_000000000023311C
0x233230	0x233470	0x240	FUN_0000000000233230
0x233470	0x2336DC	0x26C	FUN_0000000000233470
0x2336DC	0x2339C8	0x2EC	FUN_00000000002336DC
0x2339C8	0x233C3C	0x274	FUN_00000000002339C8
0x233C3C	0x233E90	0x254	FUN_0000000000233C3C
0x233E90	0x234044	0x1B4	FUN_0000000000233E90
0x234044	0x234160	0x11C	FUN_0000000000234044
0x234160	0x234300	0x1A0	FUN_0000000000234160
0x234300	0x2344C4	0x1C4	FUN_0000000000234300
0x2344C4	0x2347BC	0x2F8	FUN_00000000002344C4
0x2347BC	0x2349C4	0x208	FUN_00000000002347BC
0x2349C4	0x234CA8	0x2E4	FUN_00000000002349C4
0x234CA8	0x234FAC	0x304	FUN_0000000000234CA8
0x234FAC	0x235160	0x1B4	FUN_0000000000234FAC
0x235160	0x2353BC	0x25C	FUN_0000000000235160
0x2353BC	0x2356A4	0x2E8	FUN_00000000002353BC
0x2356A4	0x23585C	0x1B8	FUN_00000000002356A4
0x23585C	0x235958	0xFC	FUN_000000000023585C
0x235958	0x235C68	0x310	FUN_0000000000235958
0x235C68	0x235D64	0xFC	FUN_0000000000235C68
0x235D64	0x236190	0x42C	FUN_0000000000235D64
0x236190	0x2363D8	0x248	FUN_0000000000236190
0x2363D8	0x23658C	0x1B4	FUN_00000000002363D8
0x23658C	0x23674C	0x1C0	FUN_000000000023658C
0x23674C	0x2369A8	0x25C	FUN_000000000023674C
0x2369A8	0x236B78	0x1D0	FUN_00000000002369A8
0x236B78	0x236DD8	0x260	FUN_0000000000236B78
0x236DD8	0x237010	0x238	FUN_0000000000236DD8
0x237010	0x237280	0x270	FUN_0000000000237010
0x237280	0x2374F0	0x270	FUN_0000000000237280
0x2374F0	0x237730	0x240	FUN_00000000002374F0
0x237730	0x237840	0x110	FUN_0000000000237730
0x237840	0x237A80	0x240	FUN_0000000000237840
0x237A80	0x237CCC	0x24C	FUN_0000000000237A80
0x237CCC	0x237E54	0x188	FUN_0000000000237CCC
0x237E54	0x238208	0x3B4	FUN_0000000000237E54
0x238208	0x23846C	0x264	FUN_0000000000238208
0x23846C	0x238764	0x2F8	FUN_000000000023846C
0x238764	0x238A70	0x30C	FUN_0000000000238764
0x238A70	0x238CE0	0x270	FUN_0000000000238A70
0x238CE0	0x238F28	0x248	FUN_0000000000238CE0
0x238F28	0x2390EC	0x1C4	FUN_0000000000238F28
0x2390EC	0x2392B8	0x1CC	FUN_00000000002390EC
0x2392B8	0x239458	0x1A0	FUN_00000000002392B8
0x239458	0x239544	0xEC	FUN_0000000000239458
0x239544	0x23963C	0xF8	FUN_0000000000239544
0x23963C	0x2397E0	0x1A4	FUN_000000000023963C
0x2397E0	0x2398BC	0xDC	FUN_00000000002397E0
0x2398BC	0x239BAC	0x2F0	FUN_00000000002398BC
0x239BAC	0x239DF4	0x248	FUN_0000000000239BAC
0x239DF4	0x239FC8	0x1D4	FUN_0000000000239DF4
0x239FC8	0x23A0D8	0x110	FUN_0000000000239FC8
0x23A0D8	0x23A3F4	0x31C	FUN_000000000023A0D8
0x23A3F4	0x23A5A4	0x1B0	FUN_000000000023A3F4
0x23A5A4	0x23A894	0x2F0	FUN_000000000023A5A4
0x23A894	0x23AB64	0x2D0	FUN_000000000023A894
0x23AB64	0x23AD10	0x1AC	FUN_000000000023AB64
0x23AD10	0x23B0AC	0x39C	FUN_000000000023AD10
0x23B0AC	0x23B2DC	0x230	FUN_000000000023B0AC
0x23B2DC	0x23B494	0x1B8	FUN_000000000023B2DC
0x23B494	0x23B6FC	0x268	FUN_000000000023B494
0x23B6FC	0x23B89C	0x1A0	FUN_000000000023B6FC
0x23B89C	0x23B9B0	0x114	FUN_000000000023B89C
0x23B9B0	0x23BB50	0x1A0	FUN_000000000023B9B0
0x23BB50	0x23BC38	0xE8	FUN_000000000023BB50
0x23BC38	0x23BFA4	0x36C	FUN_000000000023BC38
0x23BFA4	0x23C078	0xD4	FUN_000000000023BFA4
0x23C078	0x23C224	0x1AC	FUN_000000000023C078
0x23C224	0x23C5BC	0x398	FUN_000000000023C224
0x23C5BC	0x23C784	0x1C8	FUN_000000000023C5BC
0x23C784	0x23C9E4	0x260	FUN_000000000023C784
0x23C9E4	0x23CBB8	0x1D4	FUN_000000000023C9E4
0x23CBB8	0x23CCA4	0xEC	FUN_000000000023CBB8
0x23CCA4	0x23CE5C	0x1B8	FUN_000000000023CCA4
0x23CE5C	0x23CF78	0x11C	FUN_000000000023CE5C
0x23CF78	0x23D064	0xEC	FUN_000000000023CF78
0x23D064	0x23D380	0x31C	FUN_000000000023D064
0x23D380	0x23D494	0x114	FUN_000000000023D380
0x23D494	0x23D6A0	0x20C	FUN_000000000023D494
0x23D6A0	0x23D9A0	0x300	FUN_000000000023D6A0
0x23D9A0	0x23DB38	0x198	FUN_000000000023D9A0
0x23DB38	0x23DD08	0x1D0	FUN_000000000023DB38
0x23DD08	0x23DEC4	0x1BC	FUN_000000000023DD08
0x23DEC4	0x23E104	0x240	FUN_000000000023DEC4
0x23E104	0x23E34C	0x248	FUN_000000000023E104
0x23E34C	0x23E5C0	0x274	FUN_000000000023E34C
0x23E5C0	0x23E800	0x240	FUN_000000000023E5C0
0x23E800	0x23E9BC	0x1BC	FUN_000000000023E800
0x23E9BC	0x23EB74	0x1B8	FUN_000000000023E9BC
0x23EB74	0x23ED00	0x18C	FUN_000000000023EB74
0x23ED00	0x23EE04	0x104	FUN_000000000023ED00
0x23EE04	0x23F078	0x274	FUN_000000000023EE04
0x23F078	0x23F250	0x1D8	FUN_000000000023F078
0x23F250	0x23F3F4	0x1A4	FUN_000000000023F250
0x23F3F4	0x23F594	0x1A0	FUN_000000000023F3F4
0x23F594	0x23F7D4	0x240	FUN_000000000023F594
0x23F7D4	0x23FAF4	0x320	FUN_000000000023F7D4
0x23FAF4	0x23FD6C	0x278	FUN_000000000023FAF4
0x23FD6C	0x240068	0x2FC	FUN_000000000023FD6C
0x240068	0x240200	0x198	FUN_0000000000240068
0x240200	0x2402F8	0xF8	FUN_0000000000240200
0x2402F8	0x24055C	0x264	FUN_00000000002402F8
0x24055C	0x2407BC	0x260	FUN_000000000024055C
0x2407BC	0x2408B8	0xFC	FUN_00000000002407BC
0x2408B8	0x240C48	0x390	FUN_00000000002408B8
0x240C48	0x240E88	0x240	FUN_0000000000240C48
0x240E88	0x2410F8	0x270	FUN_0000000000240E88
0x2410F8	0x24147C	0x384	FUN_00000000002410F8
0x24147C	0x2416DC	0x260	FUN_000000000024147C
0x2416DC	0x2419CC	0x2F0	FUN_00000000002416DC
0x2419CC	0x241B80	0x1B4	FUN_00000000002419CC
0x241B80	0x241C60	0xE0	FUN_0000000000241B80
0x241C60	0x241D5C	0xFC	FUN_0000000000241C60
0x241D5C	0x242014	0x2B8	FUN_0000000000241D5C
0x242014	0x2420F4	0xE0	FUN_0000000000242014
0x2420F4	0x2422C0	0x1CC	FUN_00000000002420F4
0x2422C0	0x2423B4	0xF4	FUN_00000000002422C0
0x2423B4	0x24256C	0x1B8	FUN_00000000002423B4
0x24256C	0x242658	0xEC	FUN_000000000024256C
0x242658	0x242810	0x1B8	FUN_0000000000242658
0x242810	0x2429D8	0x1C8	FUN_0000000000242810
0x2429D8	0x242AC4	0xEC	FUN_00000000002429D8
0x242AC4	0x242D2C	0x268	FUN_0000000000242AC4
0x242D2C	0x242E48	0x11C	FUN_0000000000242D2C
0x242E48	0x242FFC	0x1B4	FUN_0000000000242E48
0x242FFC	0x243394	0x398	FUN_0000000000242FFC
0x243394	0x243658	0x2C4	FUN_0000000000243394
0x243658	0x243750	0xF8	FUN_0000000000243658
0x243750	0x243908	0x1B8	FUN_0000000000243750
0x243908	0x243AA8	0x1A0	FUN_0000000000243908
0x243AA8	0x243BA4	0xFC	FUN_0000000000243AA8
0x243BA4	0x243D5C	0x1B8	FUN_0000000000243BA4
0x243D5C	0x243EF8	0x19C	FUN_0000000000243D5C
0x243EF8	0x244368	0x470	FUN_0000000000243EF8
0x244368	0x2445F0	0x288	FUN_0000000000244368
0x2445F0	0x2448CC	0x2DC	FUN_00000000002445F0
0x2448CC	0x244B14	0x248	FUN_00000000002448CC
0x244B14	0x244D70	0x25C	FUN_0000000000244B14
0x244D70	0x245088	0x318	FUN_0000000000244D70
0x245088	0x245224	0x19C	FUN_0000000000245088
0x245224	0x245528	0x304	FUN_0000000000245224
0x245528	0x2456D0	0x1A8	FUN_0000000000245528
0x2456D0	0x2457E4	0x114	FUN_00000000002456D0
0x2457E4	0x2459A8	0x1C4	FUN_00000000002457E4
0x2459A8	0x245C18	0x270	FUN_00000000002459A8
0x245C18	0x245D34	0x11C	FUN_0000000000245C18
0x245D34	0x245EE4	0x1B0	FUN_0000000000245D34
0x245EE4	0x246084	0x1A0	FUN_0000000000245EE4
0x246084	0x246180	0xFC	FUN_0000000000246084
0x246180	0x246330	0x1B0	FUN_0000000000246180
0x246330	0x2466C4	0x394	FUN_0000000000246330
0x2466C4	0x2469AC	0x2E8	FUN_00000000002466C4
0x2469AC	0x246C08	0x25C	FUN_00000000002469AC
0x246C08	0x246DBC	0x1B4	FUN_0000000000246C08
0x246DBC	0x246ED8	0x11C	FUN_0000000000246DBC
0x246ED8	0x246FD4	0xFC	FUN_0000000000246ED8
0x246FD4	0x2470D4	0x100	FUN_0000000000246FD4
0x2470D4	0x2471B0	0xDC	FUN_00000000002470D4
0x2471B0	0x2473F0	0x240	FUN_00000000002471B0
0x2473F0	0x2475A8	0x1B8	FUN_00000000002473F0
0x2475A8	0x247748	0x1A0	FUN_00000000002475A8
0x247748	0x247AD4	0x38C	FUN_0000000000247748
0x247AD4	0x247BCC	0xF8	FUN_0000000000247AD4
0x247BCC	0x247EF0	0x324	FUN_0000000000247BCC
0x247EF0	0x2481E4	0x2F4	FUN_0000000000247EF0
0x2481E4	0x248380	0x19C	FUN_00000000002481E4
0x248380	0x248464	0xE4	FUN_0000000000248380
0x248464	0x248548	0xE4	FUN_0000000000248464
0x248548	0x2487A8	0x260	FUN_0000000000248548
0x2487A8	0x248C20	0x478	FUN_00000000002487A8
0x248C20	0x248F08	0x2E8	FUN_0000000000248C20
0x248F08	0x249368	0x460	FUN_0000000000248F08
0x249368	0x249520	0x1B8	FUN_0000000000249368
0x249520	0x249604	0xE4	FUN_0000000000249520
0x249604	0x249708	0x104	FUN_0000000000249604
0x249708	0x2498B8	0x1B0	FUN_0000000000249708
0x2498B8	0x249A84	0x1CC	FUN_00000000002498B8
0x249A84	0x249D74	0x2F0	FUN_0000000000249A84
0x249D74	0x249FAC	0x238	FUN_0000000000249D74
0x249FAC	0x24A080	0xD4	FUN_0000000000249FAC
0x24A080	0x24A194	0x114	FUN_000000000024A080
0x24A194	0x24A5FC	0x468	FUN_000000000024A194
0x24A5FC	0x24A998	0x39C	FUN_000000000024A5FC
0x24A998	0x24AB50	0x1B8	FUN_000000000024A998
0x24AB50	0x24ACEC	0x19C	FUN_000000000024AB50
0x24ACEC	0x24AEA0	0x1B4	FUN_000000000024ACEC
0x24AEA0	0x24B058	0x1B8	FUN_000000000024AEA0
0x24B058	0x24B1F0	0x198	FUN_000000000024B058
0x24B1F0	0x24B39C	0x1AC	FUN_000000000024B1F0
0x24B39C	0x24B49C	0x100	FUN_000000000024B39C
0x24B49C	0x24B614	0x178	FUN_000000000024B49C
0x24B614	0x24B8EC	0x2D8	FUN_000000000024B614
0x24B8EC	0x24BB78	0x28C	FUN_000000000024B8EC
0x24BB78	0x24C2B0	0x738	FUN_000000000024BB78
0x24C2B0	0x24C304	0x54	FUN_000000000024C2B0
0x24C304	0x24C33C	0x38	FUN_000000000024C304
0x24C33C	0x24C3D0	0x94	FUN_000000000024C33C
0x24C3D0	0x24C458	0x88	FUN_000000000024C3D0
0x24C458	0x24C4EC	0x94	FUN_000000000024C458
0x24C4EC	0x24C574	0x88	FUN_000000000024C4EC
0x24C574	0x24C820	0x2AC	FUN_000000000024C574
0x24C820	0x24C838	0x18	FUN_000000000024C820
0x24C838	0x24C8E0	0xA8	FUN_000000000024C838
0x24C8E0	0x24C934	0x54	FUN_000000000024C8E0
0x24C934	0x24C94C	0x18	FUN_000000000024C934
0x24C960	0x24C9E8	0x88	FUN_000000000024C960
0x24C9E8	0x24CBE0	0x1F8	FUN_000000000024C9E8
0x24CBE0	0x24CD24	0x144	FUN_000000000024CBE0
0x24CD24	0x24CDAC	0x88	FUN_000000000024CD24
0x24CDAC	0x24CEC0	0x114	FUN_000000000024CDAC
0x24CEC0	0x24D04C	0x18C	FUN_000000000024CEC0
0x24D04C	0x24D11C	0xD0	FUN_000000000024D04C
0x24D11C	0x24D194	0x78	FUN_000000000024D11C
0x24D194	0x24D234	0xA0	FUN_000000000024D194
0x24D234	0x24D280	0x4C	FUN_000000000024D234
0x24D280	0x24D398	0x118	FUN_000000000024D280
0x24D398	0x24D520	0x188	FUN_000000000024D398
0x24D520	0x24D570	0x50	FUN_000000000024D520
0x24D570	0x24D644	0xD4	FUN_000000000024D570
0x24D644	0x24D6DC	0x98	FUN_000000000024D644
0x24D6DC	0x24D7A8	0xCC	FUN_000000000024D6DC
0x24D7A8	0x24D7E4	0x3C	FUN_000000000024D7A8
0x24D7E4	0x24D9B4	0x1D0	FUN_000000000024D7E4
0x24D9B4	0x24D9F0	0x3C	FUN_000000000024D9B4
0x24D9F0	0x24DA3C	0x4C	FUN_000000000024D9F0
0x24DA3C	0x24DBAC	0x170	FUN_000000000024DA3C
0x24DBAC	0x24DBC4	0x18	FUN_000000000024DBAC
0x24DBC4	0x24DBDC	0x18	FUN_000000000024DBC4
0x24DBDC	0x24DD04	0x128	FUN_000000000024DBDC
0x24DD04	0x24DDEC	0xE8	FUN_000000000024DD04
0x24DDEC	0x24DE40	0x54	FUN_000000000024DDEC
0x24DE40	0x24DF2C	0xEC	FUN_000000000024DE40
0x24DF2C	0x24E05C	0x130	FUN_000000000024DF2C
0x24E05C	0x24E26C	0x210	FUN_000000000024E05C
0x24E26C	0x24E418	0x1AC	FUN_000000000024E26C
0x24E418	0x24E450	0x38	FUN_000000000024E418
0x24E450	0x24E588	0x138	FUN_000000000024E450
0x24E588	0x24E6C0	0x138	FUN_000000000024E588
0x24E6C0	0x24EA4C	0x38C	FUN_000000000024E6C0
0x24EA4C	0x24EA60	0x14	FUN_000000000024EA4C
0x24EA60	0x24EAA4	0x44	FUN_000000000024EA60
0x24EAA4	0x24EAC0	0x1C	FUN_000000000024EAA4
0x24EAC0	0x24EBCC	0x10C	FUN_000000000024EAC0
0x24EBCC	0x24EBDC	0x10	FUN_000000000024EBCC
0x24EBDC	0x24EC50	0x74	FUN_000000000024EBDC
0x24EC50	0x24EC60	0x10	FUN_000000000024EC50
0x24EC60	0x24ECD0	0x70	FUN_000000000024EC60
0x24ECD0	0x24EDDC	0x10C	FUN_000000000024ECD0
0x24EDDC	0x24EED0	0xF4	FUN_000000000024EDDC
0x24EED0	0x24F01C	0x14C	FUN_000000000024EED0
0x24F01C	0x24F024	0x8	FUN_000000000024F01C
0x24F024	0x24F050	0x2C	FUN_000000000024F024
0x24F050	0x24F0F8	0xA8	FUN_000000000024F050
0x24F0F8	0x24F100	0x8	FUN_000000000024F0F8
0x24F100	0x24F108	0x8	FUN_000000000024F100
0x24F108	0x24F110	0x8	FUN_000000000024F108
0x24F110	0x24F134	0x24	FUN_000000000024F110
0x24F134	0x24F180	0x4C	FUN_000000000024F134
0x24F180	0x24F1C8	0x48	FUN_000000000024F180
0x24F1C8	0x24F244	0x7C	FUN_000000000024F1C8
0x24F244	0x24F2D8	0x94	FUN_000000000024F244
0x24F2D8	0x24F30C	0x34	FUN_000000000024F2D8
0x24F30C	0x24F3D8	0xCC	FUN_000000000024F30C
0x24F3D8	0x24F414	0x3C	FUN_000000000024F3D8
0x24F414	0x24F458	0x44	FUN_000000000024F414
0x24F458	0x24F490	0x38	FUN_000000000024F458
0x24F490	0x24F4B0	0x20	FUN_000000000024F490
0x24F4B0	0x24F4DC	0x2C	FUN_000000000024F4B0
0x24F4DC	0x24F4FC	0x20	FUN_000000000024F4DC
0x24F4FC	0x24F614	0x118	FUN_000000000024F4FC
0x24F614	0x24F65C	0x48	FUN_000000000024F614
0x24F65C	0x24F680	0x24	FUN_000000000024F65C
0x24F680	0x24F688	0x8	FUN_000000000024F680
0x24F688	0x24F698	0x10	FUN_000000000024F688
0x24F698	0x24F718	0x80	FUN_000000000024F698
0x24F718	0x24F758	0x40	FUN_000000000024F718
0x24F758	0x24F760	0x8	FUN_000000000024F758
0x24F760	0x24F78C	0x2C	FUN_000000000024F760
0x24F78C	0x24F79C	0x10	FUN_000000000024F78C
0x24F79C	0x24F828	0x8C	FUN_000000000024F79C
0x24F828	0x24F854	0x2C	FUN_000000000024F828
0x24F854	0x24F898	0x44	FUN_000000000024F854
0x24F898	0x24F954	0xBC	FUN_000000000024F898
0x24F954	0x24F9A0	0x4C	FUN_000000000024F954
0x24F9A0	0x24F9D0	0x30	FUN_000000000024F9A0
0x24F9D0	0x24FA00	0x30	FUN_000000000024F9D0
0x24FA00	0x24FA2C	0x2C	FUN_000000000024FA00
0x24FA2C	0x24FA64	0x38	FUN_000000000024FA2C
0x24FA64	0x24FA6C	0x8	FUN_000000000024FA64
0x24FA6C	0x24FA98	0x2C	FUN_000000000024FA6C
0x24FA98	0x24FAB0	0x18	FUN_000000000024FA98
0x24FAB0	0x24FADC	0x2C	FUN_000000000024FAB0
0x24FADC	0x24FB24	0x48	FUN_000000000024FADC
0x24FB24	0x24FB2C	0x8	FUN_000000000024FB24
0x24FB2C	0x24FB34	0x8	FUN_000000000024FB2C
0x24FB34	0x24FB44	0x10	FUN_000000000024FB34
0x24FB44	0x24FB54	0x10	FUN_000000000024FB44
0x24FB54	0x24FB60	0xC	FUN_000000000024FB54
0x24FB60	0x24FB6C	0xC	FUN_000000000024FB60
0x24FB6C	0x24FC4C	0xE0	FUN_000000000024FB6C
0x24FC4C	0x24FC58	0xC	FUN_000000000024FC4C
0x24FC58	0x24FCA0	0x48	FUN_000000000024FC58
0x24FCA0	0x24FCAC	0xC	FUN_000000000024FCA0
0x24FCAC	0x24FD74	0xC8	FUN_000000000024FCAC
0x24FD74	0x24FD80	0xC	FUN_000000000024FD74
0x24FD80	0x24FD88	0x8	FUN_000000000024FD80
0x24FD88	0x24FD94	0xC	FUN_000000000024FD88
0x24FD94	0x24FDAC	0x18	FUN_000000000024FD94
0x24FDAC	0x24FDDC	0x30	FUN_000000000024FDAC
0x24FDDC	0x24FE14	0x38	FUN_000000000024FDDC
0x24FE14	0x24FFE0	0x1CC	FUN_000000000024FE14
0x24FFE0	0x2500D8	0xF8	FUN_000000000024FFE0
0x2500D8	0x2500E0	0x8	FUN_00000000002500D8
0x2500E0	0x250254	0x174	FUN_00000000002500E0
0x250254	0x25025C	0x8	FUN_0000000000250254
0x25025C	0x250268	0xC	FUN_000000000025025C
0x250268	0x250280	0x18	FUN_0000000000250268
0x250280	0x2502B0	0x30	FUN_0000000000250280
0x2502B0	0x2502E8	0x38	FUN_00000000002502B0
0x2502E8	0x25034C	0x64	FUN_00000000002502E8
0x25034C	0x2503F4	0xA8	FUN_000000000025034C
0x2503F4	0x2505A8	0x1B4	FUN_00000000002503F4
0x2505A8	0x250734	0x18C	FUN_00000000002505A8
0x250734	0x2508C0	0x18C	FUN_0000000000250734
0x2508C0	0x250A4C	0x18C	FUN_00000000002508C0
0x250A4C	0x250BD8	0x18C	FUN_0000000000250A4C
0x250BD8	0x250DEC	0x214	FUN_0000000000250BD8
0x250DEC	0x250EF8	0x10C	FUN_0000000000250DEC
0x250EF8	0x250F00	0x8	FUN_0000000000250EF8
0x250F00	0x250F0C	0xC	FUN_0000000000250F00
0x250F0C	0x250F18	0xC	FUN_0000000000250F0C
0x250F18	0x250F30	0x18	FUN_0000000000250F18
0x250F30	0x250F60	0x30	FUN_0000000000250F30
0x250F60	0x250F90	0x30	FUN_0000000000250F60
0x250F90	0x250FC8	0x38	FUN_0000000000250F90
0x250FC8	0x250FD0	0x8	FUN_0000000000250FC8
0x250FD0	0x250FFC	0x2C	FUN_0000000000250FD0
0x250FFC	0x251014	0x18	FUN_0000000000250FFC
0x251014	0x251040	0x2C	FUN_0000000000251014
0x251040	0x251088	0x48	FUN_0000000000251040
0x251088	0x251090	0x8	FUN_0000000000251088
0x251090	0x251098	0x8	FUN_0000000000251090
0x251098	0x2510A8	0x10	FUN_0000000000251098
0x2510A8	0x2510B8	0x10	FUN_00000000002510A8
0x2510B8	0x2510C4	0xC	FUN_00000000002510B8
0x2510C4	0x2510D0	0xC	FUN_00000000002510C4
0x2510D0	0x2511B8	0xE8	FUN_00000000002510D0
0x2511B8	0x2511C4	0xC	FUN_00000000002511B8
0x2511C4	0x251208	0x44	FUN_00000000002511C4
0x251208	0x251214	0xC	FUN_0000000000251208
0x251214	0x2512E4	0xD0	FUN_0000000000251214
0x2512E4	0x2512F0	0xC	FUN_00000000002512E4
0x2512F0	0x2512FC	0xC	FUN_00000000002512F0
0x2512FC	0x251314	0x18	FUN_00000000002512FC
0x251314	0x251344	0x30	FUN_0000000000251314
0x251344	0x25137C	0x38	FUN_0000000000251344
0x25137C	0x251474	0xF8	FUN_000000000025137C
0x251474	0x251480	0xC	FUN_0000000000251474
0x251480	0x251498	0x18	FUN_0000000000251480
0x251498	0x2514C8	0x30	FUN_0000000000251498
0x2514C8	0x251500	0x38	FUN_00000000002514C8
0x251500	0x251564	0x64	FUN_0000000000251500
0x251564	0x25160C	0xA8	FUN_0000000000251564
0x25160C	0x251C60	0x654	FUN_000000000025160C
0x251C60	0x251CAC	0x4C	FUN_0000000000251C60
0x251CAC	0x251D3C	0x90	FUN_0000000000251CAC
0x251D3C	0x251D44	0x8	FUN_0000000000251D3C
0x251D44	0x251D70	0x2C	FUN_0000000000251D44
0x251D70	0x251DF0	0x80	FUN_0000000000251D70
0x251DF0	0x251DFC	0xC	FUN_0000000000251DF0
0x251DFC	0x251E08	0xC	FUN_0000000000251DFC
0x251E08	0x251F0C	0x104	FUN_0000000000251E08
0x251F0C	0x252074	0x168	FUN_0000000000251F0C
0x252074	0x2520A0	0x2C	FUN_0000000000252074
0x2520A0	0x2520FC	0x5C	FUN_00000000002520A0
0x2520FC	0x2521AC	0xB0	FUN_00000000002520FC
0x2521AC	0x252264	0xB8	FUN_00000000002521AC
0x252264	0x25239C	0x138	FUN_0000000000252264
0x25239C	0x2523C8	0x2C	FUN_000000000025239C
0x2523C8	0x252448	0x80	FUN_00000000002523C8
0x252448	0x252454	0xC	FUN_0000000000252448
0x252454	0x252460	0xC	FUN_0000000000252454
0x252460	0x252564	0x104	FUN_0000000000252460
0x252564	0x2526CC	0x168	FUN_0000000000252564
0x2526CC	0x2526F8	0x2C	FUN_00000000002526CC
0x2526F8	0x252754	0x5C	FUN_00000000002526F8
0x252754	0x252804	0xB0	FUN_0000000000252754
0x252804	0x2528BC	0xB8	FUN_0000000000252804
0x2528BC	0x2529F4	0x138	FUN_00000000002528BC
0x2529F4	0x252A38	0x44	FUN_00000000002529F4
0x252A38	0x252A40	0x8	FUN_0000000000252A38
0x252A40	0x252A6C	0x2C	FUN_0000000000252A40
0x252A6C	0x252AD0	0x64	FUN_0000000000252A6C
0x252AD0	0x252B78	0xA8	FUN_0000000000252AD0
0x252B78	0x252BB0	0x38	FUN_0000000000252B78
0x252BB0	0x252BB8	0x8	FUN_0000000000252BB0
0x252BB8	0x252BE4	0x2C	FUN_0000000000252BB8
0x252BE4	0x252C3C	0x58	FUN_0000000000252BE4
0x252C3C	0x252CF8	0xBC	FUN_0000000000252C3C
0x252CF8	0x252D30	0x38	FUN_0000000000252CF8
0x252D30	0x252FCC	0x29C	FUN_0000000000252D30
0x252FCC	0x253480	0x4B4	FUN_0000000000252FCC
0x253480	0x253488	0x8	FUN_0000000000253480
0x253488	0x253A24	0x59C	FUN_0000000000253488
0x253A24	0x253A2C	0x8	FUN_0000000000253A24
0x253A2C	0x253FC8	0x59C	FUN_0000000000253A2C
0x253FC8	0x253FD0	0x8	FUN_0000000000253FC8
0x253FD0	0x25456C	0x59C	FUN_0000000000253FD0
0x25456C	0x254574	0x8	FUN_000000000025456C
0x254574	0x254B10	0x59C	FUN_0000000000254574
0x254B10	0x254B18	0x8	FUN_0000000000254B10
0x254B18	0x2550B4	0x59C	FUN_0000000000254B18
0x2550B4	0x2550BC	0x8	FUN_00000000002550B4
0x2550BC	0x255658	0x59C	FUN_00000000002550BC
0x255658	0x255660	0x8	FUN_0000000000255658
0x255660	0x255BE4	0x584	FUN_0000000000255660
0x255BE4	0x255BEC	0x8	FUN_0000000000255BE4
0x255BEC	0x256170	0x584	FUN_0000000000255BEC
0x256170	0x256178	0x8	FUN_0000000000256170
0x256178	0x2566FC	0x584	FUN_0000000000256178
0x2566FC	0x256CA0	0x5A4	FUN_00000000002566FC
0x256CA0	0x256FBC	0x31C	FUN_0000000000256CA0
0x256FBC	0x257070	0xB4	FUN_0000000000256FBC
0x257070	0x25730C	0x29C	FUN_0000000000257070
0x25730C	0x2577C8	0x4BC	FUN_000000000025730C
0x2577C8	0x2577D0	0x8	FUN_00000000002577C8
0x2577D0	0x257D68	0x598	FUN_00000000002577D0
0x257D68	0x257D70	0x8	FUN_0000000000257D68
0x257D70	0x258308	0x598	FUN_0000000000257D70
0x258308	0x258310	0x8	FUN_0000000000258308
0x258310	0x2588A8	0x598	FUN_0000000000258310
0x2588A8	0x2588B0	0x8	FUN_00000000002588A8
0x2588B0	0x258E48	0x598	FUN_00000000002588B0
0x258E48	0x258E50	0x8	FUN_0000000000258E48
0x258E50	0x2593E8	0x598	FUN_0000000000258E50
0x2593E8	0x2593F0	0x8	FUN_00000000002593E8
0x2593F0	0x259988	0x598	FUN_00000000002593F0
0x259988	0x259990	0x8	FUN_0000000000259988
0x259990	0x259F0C	0x57C	FUN_0000000000259990
0x259F0C	0x259F14	0x8	FUN_0000000000259F0C
0x259F14	0x25A490	0x57C	FUN_0000000000259F14
0x25A490	0x25A498	0x8	FUN_000000000025A490
0x25A498	0x25AA14	0x57C	FUN_000000000025A498
0x25AA14	0x25AFB4	0x5A0	FUN_000000000025AA14
0x25AFB4	0x25B330	0x37C	FUN_000000000025AFB4
0x25B330	0x25B4E0	0x1B0	FUN_000000000025B330
0x25B4E0	0x25B8EC	0x40C	FUN_000000000025B4E0
0x25B8EC	0x25BA74	0x188	FUN_000000000025B8EC
0x25BA74	0x25BC24	0x1B0	FUN_000000000025BA74
0x25BC24	0x25C0A8	0x484	FUN_000000000025BC24
0x25C0A8	0x25C230	0x188	FUN_000000000025C0A8
0x25C230	0x25C430	0x200	FUN_000000000025C230
0x25C430	0x25C440	0x10	FUN_000000000025C430
0x25C440	0x25C680	0x240	FUN_000000000025C440
0x25C680	0x25C690	0x10	FUN_000000000025C680
0x25C690	0x25C8D0	0x240	FUN_000000000025C690
0x25C8D0	0x25C8E0	0x10	FUN_000000000025C8D0
0x25C8E0	0x25CB04	0x224	FUN_000000000025C8E0
0x25CB04	0x25CB14	0x10	FUN_000000000025CB04
0x25CB14	0x25CD38	0x224	FUN_000000000025CB14
0x25CD38	0x25CD48	0x10	FUN_000000000025CD38
0x25CD48	0x25D1FC	0x4B4	FUN_000000000025CD48
0x25D1FC	0x25D20C	0x10	FUN_000000000025D1FC
0x25D20C	0x25D6B8	0x4AC	FUN_000000000025D20C
0x25D6B8	0x25D8EC	0x234	FUN_000000000025D6B8
0x25D8EC	0x25D9AC	0xC0	FUN_000000000025D8EC
0x25D9AC	0x25DBAC	0x200	FUN_000000000025D9AC
0x25DBAC	0x25DBBC	0x10	FUN_000000000025DBAC
0x25DBBC	0x25DDFC	0x240	FUN_000000000025DBBC
0x25DDFC	0x25DE0C	0x10	FUN_000000000025DDFC
0x25DE0C	0x25E04C	0x240	FUN_000000000025DE0C
0x25E04C	0x25E05C	0x10	FUN_000000000025E04C
0x25E05C	0x25E280	0x224	FUN_000000000025E05C
0x25E280	0x25E290	0x10	FUN_000000000025E280
0x25E290	0x25E4B4	0x224	FUN_000000000025E290
0x25E4B4	0x25E4C4	0x10	FUN_000000000025E4B4
0x25E4C4	0x25E978	0x4B4	FUN_000000000025E4C4
0x25E978	0x25E988	0x10	FUN_000000000025E978
0x25E988	0x25EE34	0x4AC	FUN_000000000025E988
0x25EE34	0x25F074	0x240	FUN_000000000025EE34
0x25F074	0x25F274	0x200	FUN_000000000025F074
0x25F274	0x25F684	0x410	FUN_000000000025F274
0x25F684	0x25FCB8	0x634	FUN_000000000025F684
0x25FCB8	0x2600C4	0x40C	FUN_000000000025FCB8
0x2600C4	0x2606F8	0x634	FUN_00000000002600C4
0x2606F8	0x260BE8	0x4F0	FUN_00000000002606F8
0x260BE8	0x260BF4	0xC	FUN_0000000000260BE8
0x260BF4	0x260C38	0x44	FUN_0000000000260BF4
0x260C38	0x260CC4	0x8C	FUN_0000000000260C38
0x260CC4	0x260E28	0x164	FUN_0000000000260CC4
0x260E28	0x260F88	0x160	FUN_0000000000260E28
0x260F88	0x2610B0	0x128	FUN_0000000000260F88
0x2610B0	0x261734	0x684	FUN_00000000002610B0
0x261734	0x26192C	0x1F8	FUN_0000000000261734
0x26192C	0x261B50	0x224	FUN_000000000026192C
0x261B50	0x261ED0	0x380	FUN_0000000000261B50
0x261ED0	0x262428	0x558	FUN_0000000000261ED0
0x262428	0x262434	0xC	FUN_0000000000262428
0x262434	0x262474	0x40	FUN_0000000000262434
0x262474	0x262504	0x90	FUN_0000000000262474
0x262504	0x262668	0x164	FUN_0000000000262504
0x262668	0x2627C8	0x160	FUN_0000000000262668
0x2627C8	0x2628F0	0x128	FUN_00000000002627C8
0x2628F0	0x262F64	0x674	FUN_00000000002628F0
0x262F64	0x263198	0x234	FUN_0000000000262F64
0x263198	0x2633E0	0x248	FUN_0000000000263198
0x2633E0	0x2637A0	0x3C0	FUN_00000000002633E0
0x2637A0	0x263870	0xD0	FUN_00000000002637A0
0x263870	0x26393C	0xCC	FUN_0000000000263870
0x26393C	0x263A34	0xF8	FUN_000000000026393C
0x263A34	0x263A40	0xC	FUN_0000000000263A34
0x263A40	0x263A4C	0xC	FUN_0000000000263A40
0x263A4C	0x263A5C	0x10	FUN_0000000000263A4C
0x263A5C	0x263A6C	0x10	FUN_0000000000263A5C
0x263A6C	0x263A7C	0x10	FUN_0000000000263A6C
0x263A7C	0x263A90	0x14	FUN_0000000000263A7C
0x263A90	0x263A9C	0xC	FUN_0000000000263A90
0x263A9C	0x263AAC	0x10	FUN_0000000000263A9C
0x263AAC	0x263ABC	0x10	FUN_0000000000263AAC
0x263ABC	0x263AC8	0xC	FUN_0000000000263ABC
0x263AC8	0x263AD4	0xC	FUN_0000000000263AC8
0x263AD4	0x263AE4	0x10	FUN_0000000000263AD4
0x263AE4	0x263AF4	0x10	FUN_0000000000263AE4
0x263AF4	0x263B04	0x10	FUN_0000000000263AF4
0x263B04	0x263B18	0x14	FUN_0000000000263B04
0x263B18	0x263B24	0xC	FUN_0000000000263B18
0x263B24	0x263B34	0x10	FUN_0000000000263B24
0x263B34	0x263B44	0x10	FUN_0000000000263B34
0x263B44	0x263B50	0xC	FUN_0000000000263B44
0x263B50	0x263B5C	0xC	FUN_0000000000263B50
0x263B5C	0x263B6C	0x10	FUN_0000000000263B5C
0x263B6C	0x263B7C	0x10	FUN_0000000000263B6C
0x263B7C	0x263B8C	0x10	FUN_0000000000263B7C
0x263B8C	0x263BA8	0x1C	FUN_0000000000263B8C
0x263BA8	0x263BB4	0xC	FUN_0000000000263BA8
0x263BB4	0x263BC4	0x10	FUN_0000000000263BB4
0x263BC4	0x263BD4	0x10	FUN_0000000000263BC4
0x263BD4	0x263BE0	0xC	FUN_0000000000263BD4
0x263BE0	0x263BEC	0xC	FUN_0000000000263BE0
0x263BEC	0x263BFC	0x10	FUN_0000000000263BEC
0x263BFC	0x263C0C	0x10	FUN_0000000000263BFC
0x263C0C	0x263C1C	0x10	FUN_0000000000263C0C
0x263C1C	0x263C38	0x1C	FUN_0000000000263C1C
0x263C38	0x263C44	0xC	FUN_0000000000263C38
0x263C44	0x263C54	0x10	FUN_0000000000263C44
0x263C54	0x263C64	0x10	FUN_0000000000263C54
0x263C64	0x26407C	0x418	FUN_0000000000263C64
0x26407C	0x264084	0x8	FUN_000000000026407C
0x264084	0x2654CC	0x1448	FUN_0000000000264084
0x2654CC	0x265520	0x54	FUN_00000000002654CC
0x265520	0x265808	0x2E8	FUN_0000000000265520
0x265808	0x265AC0	0x2B8	FUN_0000000000265808
0x265AC0	0x265D00	0x240	FUN_0000000000265AC0
0x265D00	0x26611C	0x41C	FUN_0000000000265D00
0x26611C	0x26758C	0x1470	FUN_000000000026611C
0x26758C	0x267864	0x2D8	FUN_000000000026758C
0x267864	0x267BF0	0x38C	FUN_0000000000267864
0x267BF0	0x267E30	0x240	FUN_0000000000267BF0
0x267E30	0x268300	0x4D0	FUN_0000000000267E30
0x268300	0x2683CC	0xCC	FUN_0000000000268300
0x2683CC	0x26860C	0x240	FUN_00000000002683CC
0x26860C	0x268AA8	0x49C	FUN_000000000026860C
0x268AA8	0x268E78	0x3D0	FUN_0000000000268AA8
0x268E78	0x269354	0x4DC	FUN_0000000000268E78
0x269354	0x269594	0x240	FUN_0000000000269354
0x269594	0x269A88	0x4F4	FUN_0000000000269594
0x269A88	0x269E60	0x3D8	FUN_0000000000269A88
0x269E60	0x269E6C	0xC	FUN_0000000000269E60
0x269E6C	0x269F14	0xA8	FUN_0000000000269E6C
0x269F14	0x269F1C	0x8	FUN_0000000000269F14
0x269F1C	0x269F28	0xC	FUN_0000000000269F1C
0x269F28	0x269FEC	0xC4	FUN_0000000000269F28
0x269FEC	0x269FF4	0x8	FUN_0000000000269FEC
0x269FF4	0x26A5AC	0x5B8	FUN_0000000000269FF4
0x26A5AC	0x26A6E0	0x134	FUN_000000000026A5AC
0x26A6E0	0x26A814	0x134	FUN_000000000026A6E0
0x26A814	0x26A948	0x134	FUN_000000000026A814
0x26A948	0x26AA7C	0x134	FUN_000000000026A948
0x26AA7C	0x26ABB0	0x134	FUN_000000000026AA7C
0x26ABB0	0x26ACE4	0x134	FUN_000000000026ABB0
0x26ACE4	0x26AE18	0x134	FUN_000000000026ACE4
0x26AE18	0x26AF4C	0x134	FUN_000000000026AE18
0x26AF4C	0x26B080	0x134	FUN_000000000026AF4C
0x26B080	0x26B1B4	0x134	FUN_000000000026B080
0x26B1B4	0x26B2E8	0x134	FUN_000000000026B1B4
0x26B2E8	0x26B41C	0x134	FUN_000000000026B2E8
0x26B41C	0x26B550	0x134	FUN_000000000026B41C
0x26B550	0x26B684	0x134	FUN_000000000026B550
0x26B684	0x26B7B8	0x134	FUN_000000000026B684
0x26B7B8	0x26B8EC	0x134	FUN_000000000026B7B8
0x26B8EC	0x26BA20	0x134	FUN_000000000026B8EC
0x26BA20	0x26BB54	0x134	FUN_000000000026BA20
0x26BB54	0x26BC88	0x134	FUN_000000000026BB54
0x26BC88	0x26BDBC	0x134	FUN_000000000026BC88
0x26BDBC	0x26BEF0	0x134	FUN_000000000026BDBC
0x26BEF0	0x26C024	0x134	FUN_000000000026BEF0
0x26C024	0x26C158	0x134	FUN_000000000026C024
0x26C158	0x26C28C	0x134	FUN_000000000026C158
0x26C28C	0x26C3C0	0x134	FUN_000000000026C28C
0x26C3C0	0x26C4F4	0x134	FUN_000000000026C3C0
0x26C4F4	0x26C628	0x134	FUN_000000000026C4F4
0x26C628	0x26C75C	0x134	FUN_000000000026C628
0x26C75C	0x26C890	0x134	FUN_000000000026C75C
0x26C890	0x26C9C4	0x134	FUN_000000000026C890
0x26C9C4	0x26CAA4	0xE0	FUN_000000000026C9C4
0x26CAA4	0x26CB78	0xD4	FUN_000000000026CAA4
0x26CB78	0x26CC14	0x9C	FUN_000000000026CB78
0x26CC14	0x26CCA4	0x90	FUN_000000000026CC14
0x26CCA4	0x26CCD0	0x2C	FUN_000000000026CCA4
0x26CCD0	0x26CD20	0x50	FUN_000000000026CCD0
0x26CD20	0x26CDC8	0xA8	FUN_000000000026CD20
0x26CDC8	0x26CE58	0x90	FUN_000000000026CDC8
0x26CE58	0x26CE84	0x2C	FUN_000000000026CE58
0x26CE84	0x26CE94	0x10	FUN_000000000026CE84
0x26CE94	0x26CED0	0x3C	FUN_000000000026CE94
0x26CED0	0x26CEFC	0x2C	FUN_000000000026CED0
0x26CEFC	0x26CF28	0x2C	FUN_000000000026CEFC
0x26CF28	0x26CF80	0x58	FUN_000000000026CF28
0x26CF80	0x26CFCC	0x4C	FUN_000000000026CF80
0x26CFCC	0x26D010	0x44	FUN_000000000026CFCC
0x26D010	0x26D0C0	0xB0	FUN_000000000026D010
0x26D0C0	0x26D1B4	0xF4	FUN_000000000026D0C0
0x26D1B4	0x26D264	0xB0	FUN_000000000026D1B4
0x26D264	0x26D358	0xF4	FUN_000000000026D264
0x26D358	0x26D364	0xC	FUN_000000000026D358
0x26D364	0x26D488	0x124	FUN_000000000026D364
0x26D488	0x26D498	0x10	FUN_000000000026D488
0x26D498	0x26D624	0x18C	FUN_000000000026D498
0x26D624	0x26D65C	0x38	FUN_000000000026D624
0x26D65C	0x26D6A8	0x4C	FUN_000000000026D65C
0x26D6A8	0x26D6D4	0x2C	FUN_000000000026D6A8
0x26D6D4	0x26D780	0xAC	FUN_000000000026D6D4
0x26D780	0x26D870	0xF0	FUN_000000000026D780
0x26D870	0x26D91C	0xAC	FUN_000000000026D870
0x26D91C	0x26DA0C	0xF0	FUN_000000000026D91C
0x26DA0C	0x26DA18	0xC	FUN_000000000026DA0C
0x26DA18	0x26DAEC	0xD4	FUN_000000000026DA18
0x26DAEC	0x26DB00	0x14	FUN_000000000026DAEC
0x26DB00	0x26DBF8	0xF8	FUN_000000000026DB00
0x26DBF8	0x26DC24	0x2C	FUN_000000000026DBF8
0x26DC24	0x26DC38	0x14	FUN_000000000026DC24
0x26DC38	0x26DC4C	0x14	FUN_000000000026DC38
0x26DC4C	0x26DC5C	0x10	FUN_000000000026DC4C
0x26DC5C	0x26DC68	0xC	FUN_000000000026DC5C
0x26DC68	0x26DC74	0xC	FUN_000000000026DC68
0x26DC74	0x26DC88	0x14	FUN_000000000026DC74
0x26DC88	0x26DC94	0xC	FUN_000000000026DC88
0x26DC94	0x26DD44	0xB0	FUN_000000000026DC94
0x26DD44	0x26DD70	0x2C	FUN_000000000026DD44
0x26DD70	0x26E064	0x2F4	FUN_000000000026DD70
0x26E064	0x26E330	0x2CC	FUN_000000000026E064
0x26E330	0x26E43C	0x10C	FUN_000000000026E330
0x26E43C	0x26E520	0xE4	FUN_000000000026E43C
0x26E520	0x26E52C	0xC	FUN_000000000026E520
0x26E52C	0x26E634	0x108	FUN_000000000026E52C
0x26E634	0x26E6C0	0x8C	FUN_000000000026E634
0x26E6C0	0x26E6EC	0x2C	FUN_000000000026E6C0
0x26E6EC	0x26E754	0x68	FUN_000000000026E6EC
0x26E754	0x26E974	0x220	FUN_000000000026E754
0x26E974	0x26E9DC	0x68	FUN_000000000026E974
0x26E9DC	0x26EC40	0x264	FUN_000000000026E9DC
0x26EC40	0x26EC50	0x10	FUN_000000000026EC40
0x26EC50	0x26EC5C	0xC	FUN_000000000026EC50
0x26EC5C	0x26EC68	0xC	FUN_000000000026EC5C
0x26EC68	0x26EC84	0x1C	FUN_000000000026EC68
0x26EC84	0x26EE90	0x20C	FUN_000000000026EC84
0x26EE90	0x26EE9C	0xC	FUN_000000000026EE90
0x26EE9C	0x26EEC8	0x2C	FUN_000000000026EE9C
0x26EEC8	0x26EF30	0x68	FUN_000000000026EEC8
0x26EF30	0x26EF98	0x68	FUN_000000000026EF30
0x26EF98	0x26EFA8	0x10	FUN_000000000026EF98
0x26EFA8	0x26EFB4	0xC	FUN_000000000026EFA8
0x26EFB4	0x26EFC0	0xC	FUN_000000000026EFB4
0x26EFC0	0x26EFDC	0x1C	FUN_000000000026EFC0
0x26EFDC	0x26EFE8	0xC	FUN_000000000026EFDC
0x26EFE8	0x26F014	0x2C	FUN_000000000026EFE8
0x26F014	0x26F158	0x144	FUN_000000000026F014
0x26F158	0x26F1C0	0x68	FUN_000000000026F158
0x26F1C0	0x26F3DC	0x21C	FUN_000000000026F1C0
0x26F3DC	0x26F3EC	0x10	FUN_000000000026F3DC
0x26F3EC	0x26F3F8	0xC	FUN_000000000026F3EC
0x26F3F8	0x26F404	0xC	FUN_000000000026F3F8
0x26F404	0x26F420	0x1C	FUN_000000000026F404
0x26F420	0x26F630	0x210	FUN_000000000026F420
0x26F630	0x26F63C	0xC	FUN_000000000026F630
0x26F63C	0x26F668	0x2C	FUN_000000000026F63C
0x26F668	0x26F7AC	0x144	FUN_000000000026F668
0x26F7AC	0x26F814	0x68	FUN_000000000026F7AC
0x26F814	0x26F824	0x10	FUN_000000000026F814
0x26F824	0x26F830	0xC	FUN_000000000026F824
0x26F830	0x26F83C	0xC	FUN_000000000026F830
0x26F83C	0x26F858	0x1C	FUN_000000000026F83C
0x26F858	0x26F864	0xC	FUN_000000000026F858
0x26F864	0x26F890	0x2C	FUN_000000000026F864
0x26F890	0x26F8C0	0x30	FUN_000000000026F890
0x26F8C0	0x26F908	0x48	FUN_000000000026F8C0
0x26F908	0x26F934	0x2C	FUN_000000000026F908
0x26F934	0x26F97C	0x48	FUN_000000000026F934
0x26F97C	0x26F9A8	0x2C	FUN_000000000026F97C
0x26F9A8	0x26F9B4	0xC	FUN_000000000026F9A8
0x26F9B4	0x26F9C0	0xC	FUN_000000000026F9B4
0x26F9C0	0x26F9CC	0xC	FUN_000000000026F9C0
0x26F9CC	0x26F9D8	0xC	FUN_000000000026F9CC
0x26F9D8	0x26FA84	0xAC	FUN_000000000026F9D8
0x26FA84	0x26FB30	0xAC	FUN_000000000026FA84
0x26FB30	0x26FB50	0x20	FUN_000000000026FB30
0x26FB50	0x26FB74	0x24	FUN_000000000026FB50
0x26FB74	0x26FC20	0xAC	FUN_000000000026FB74
0x26FC20	0x26FC44	0x24	FUN_000000000026FC20
0x26FC44	0x26FC98	0x54	FUN_000000000026FC44
0x26FC98	0x26FD28	0x90	FUN_000000000026FC98
0x26FD28	0x2701EC	0x4C4	FUN_000000000026FD28
0x2701EC	0x27027C	0x90	FUN_00000000002701EC
0x27027C	0x270900	0x684	FUN_000000000027027C
0x270900	0x270990	0x90	FUN_0000000000270900
0x270990	0x271168	0x7D8	FUN_0000000000270990
0x271168	0x2711F8	0x90	FUN_0000000000271168
0x2711F8	0x271BD4	0x9DC	FUN_00000000002711F8
0x271BD4	0x271C64	0x90	FUN_0000000000271BD4
0x271C64	0x271D6C	0x108	FUN_0000000000271C64
0x271D6C	0x271DFC	0x90	FUN_0000000000271D6C
0x271DFC	0x271EF4	0xF8	FUN_0000000000271DFC
0x271EF4	0x271FA4	0xB0	FUN_0000000000271EF4
0x271FA4	0x272054	0xB0	FUN_0000000000271FA4
0x272054	0x272104	0xB0	FUN_0000000000272054
0x272104	0x2721B4	0xB0	FUN_0000000000272104
0x2721B4	0x272264	0xB0	FUN_00000000002721B4
0x272264	0x272314	0xB0	FUN_0000000000272264
0x272314	0x2723C4	0xB0	FUN_0000000000272314
0x2723C4	0x272474	0xB0	FUN_00000000002723C4
0x272474	0x27251C	0xA8	FUN_0000000000272474
0x27251C	0x2725D8	0xBC	FUN_000000000027251C
0x2725D8	0x272604	0x2C	FUN_00000000002725D8
0x272604	0x272630	0x2C	FUN_0000000000272604
0x272630	0x27265C	0x2C	FUN_0000000000272630
0x27265C	0x272688	0x2C	FUN_000000000027265C
0x272688	0x272690	0x8	FUN_0000000000272688
0x272690	0x2726BC	0x2C	FUN_0000000000272690
0x2726BC	0x2726C4	0x8	FUN_00000000002726BC
0x2726C4	0x2726F0	0x2C	FUN_00000000002726C4
0x2726F0	0x272728	0x38	FUN_00000000002726F0
0x272728	0x272758	0x30	FUN_0000000000272728
0x272758	0x272790	0x38	FUN_0000000000272758
0x272790	0x2727C0	0x30	FUN_0000000000272790
0x2727C0	0x2727EC	0x2C	FUN_00000000002727C0
0x2727EC	0x272818	0x2C	FUN_00000000002727EC
0x272818	0x272820	0x8	FUN_0000000000272818
0x272820	0x27284C	0x2C	FUN_0000000000272820
0x27284C	0x272878	0x2C	FUN_000000000027284C
0x272878	0x2728A4	0x2C	FUN_0000000000272878
0x2728A4	0x2728D0	0x2C	FUN_00000000002728A4
0x2728D0	0x2728FC	0x2C	FUN_00000000002728D0
0x2728FC	0x272928	0x2C	FUN_00000000002728FC
0x272928	0x272954	0x2C	FUN_0000000000272928
0x272954	0x272980	0x2C	FUN_0000000000272954
0x272980	0x2729A8	0x28	FUN_0000000000272980
0x2729A8	0x2729C0	0x18	FUN_00000000002729A8
0x2729C0	0x272B90	0x1D0	FUN_00000000002729C0
0x272B90	0x272D9C	0x20C	FUN_0000000000272B90
0x272D9C	0x272FA8	0x20C	FUN_0000000000272D9C
0x272FA8	0x27331C	0x374	FUN_0000000000272FA8
0x27331C	0x273690	0x374	FUN_000000000027331C
0x273690	0x2736E0	0x50	FUN_0000000000273690
0x2736E0	0x273730	0x50	FUN_00000000002736E0
0x273730	0x273758	0x28	FUN_0000000000273730
0x273758	0x273880	0x128	FUN_0000000000273758
0x273880	0x2739A8	0x128	FUN_0000000000273880
0x2739A8	0x273AFC	0x154	FUN_00000000002739A8
0x273AFC	0x273C4C	0x150	FUN_0000000000273AFC
0x273C4C	0x273D90	0x144	FUN_0000000000273C4C
0x273D90	0x273ED4	0x144	FUN_0000000000273D90
0x273ED4	0x274000	0x12C	FUN_0000000000273ED4
0x274000	0x27412C	0x12C	FUN_0000000000274000
0x27412C	0x274274	0x148	FUN_000000000027412C
0x274274	0x2743B8	0x144	FUN_0000000000274274
0x2743B8	0x274460	0xA8	FUN_00000000002743B8
0x274460	0x2744FC	0x9C	FUN_0000000000274460
0x2744FC	0x274510	0x14	FUN_00000000002744FC
0x274510	0x274550	0x40	FUN_0000000000274510
0x274550	0x274564	0x14	FUN_0000000000274550
0x274564	0x274594	0x30	FUN_0000000000274564
0x274594	0x2745A8	0x14	FUN_0000000000274594
0x2745A8	0x2746F8	0x150	FUN_00000000002745A8
0x2746F8	0x274718	0x20	FUN_00000000002746F8
0x274718	0x274720	0x8	FUN_0000000000274718
0x274720	0x274728	0x8	FUN_0000000000274720
0x274728	0x27474C	0x24	FUN_0000000000274728
0x27474C	0x274770	0x24	FUN_000000000027474C
0x274770	0x274778	0x8	FUN_0000000000274770
0x274778	0x274790	0x18	FUN_0000000000274778
0x274790	0x2747BC	0x2C	FUN_0000000000274790
0x2747BC	0x2747CC	0x10	FUN_00000000002747BC
0x2747CC	0x274838	0x6C	FUN_00000000002747CC
0x274838	0x274864	0x2C	FUN_0000000000274838
0x274864	0x274870	0xC	FUN_0000000000274864
0x274870	0x2748DC	0x6C	FUN_0000000000274870
0x2748DC	0x274908	0x2C	FUN_00000000002748DC
0x274908	0x274914	0xC	FUN_0000000000274908
0x274914	0x274940	0x2C	FUN_0000000000274914
0x274940	0x27496C	0x2C	FUN_0000000000274940
0x27496C	0x274998	0x2C	FUN_000000000027496C
0x274998	0x2749A0	0x8	FUN_0000000000274998
0x2749A0	0x274AA8	0x108	FUN_00000000002749A0
0x274AA8	0x274AB0	0x8	FUN_0000000000274AA8
0x274AB0	0x274AB8	0x8	FUN_0000000000274AB0
0x274AB8	0x274AC0	0x8	FUN_0000000000274AB8
0x274AC0	0x274AEC	0x2C	FUN_0000000000274AC0
0x274AEC	0x274B18	0x2C	FUN_0000000000274AEC
0x274B18	0x274B44	0x2C	FUN_0000000000274B18
0x274B44	0x274C10	0xCC	FUN_0000000000274B44
0x274C10	0x274D48	0x138	FUN_0000000000274C10
0x274D48	0x274DBC	0x74	FUN_0000000000274D48
0x274DBC	0x274E3C	0x80	FUN_0000000000274DBC
0x274E3C	0x275008	0x1CC	FUN_0000000000274E3C
0x275008	0x2753B0	0x3A8	FUN_0000000000275008
0x2753B0	0x27559C	0x1EC	FUN_00000000002753B0
0x27559C	0x275700	0x164	FUN_000000000027559C
0x275700	0x275930	0x230	FUN_0000000000275700
0x275930	0x275A7C	0x14C	FUN_0000000000275930
0x275A7C	0x275B7C	0x100	FUN_0000000000275A7C
0x275B7C	0x27615C	0x5E0	FUN_0000000000275B7C
0x27615C	0x27622C	0xD0	FUN_000000000027615C
0x27622C	0x2762BC	0x90	FUN_000000000027622C
0x2762BC	0x276D48	0xA8C	FUN_00000000002762BC
0x276D48	0x276DD4	0x8C	FUN_0000000000276D48
0x276DD4	0x276E90	0xBC	FUN_0000000000276DD4
0x276E90	0x27806C	0x11DC	FUN_0000000000276E90
0x27806C	0x278724	0x6B8	FUN_000000000027806C
0x278724	0x2789C0	0x29C	FUN_0000000000278724
0x2789C0	0x278A78	0xB8	FUN_00000000002789C0
0x278A78	0x278B1C	0xA4	FUN_0000000000278A78
0x278B1C	0x278C50	0x134	FUN_0000000000278B1C
0x278C50	0x278D38	0xE8	FUN_0000000000278C50
0x278D38	0x278F1C	0x1E4	FUN_0000000000278D38
0x278F1C	0x278FD0	0xB4	FUN_0000000000278F1C
0x278FD0	0x279084	0xB4	FUN_0000000000278FD0
0x279084	0x279138	0xB4	FUN_0000000000279084
0x279138	0x2791EC	0xB4	FUN_0000000000279138
0x2791EC	0x2792A0	0xB4	FUN_00000000002791EC
0x2792A0	0x279478	0x1D8	FUN_00000000002792A0
0x279478	0x27952C	0xB4	FUN_0000000000279478
0x27952C	0x2795D8	0xAC	FUN_000000000027952C
0x2795D8	0x27968C	0xB4	FUN_00000000002795D8
0x27968C	0x279740	0xB4	FUN_000000000027968C
0x279740	0x2797F4	0xB4	FUN_0000000000279740
0x2797F4	0x2798A8	0xB4	FUN_00000000002797F4
0x2798A8	0x279A78	0x1D0	FUN_00000000002798A8
0x279A78	0x279A84	0xC	FUN_0000000000279A78
0x279A84	0x279A90	0xC	FUN_0000000000279A84
0x279A90	0x279A9C	0xC	FUN_0000000000279A90
0x279A9C	0x279AA4	0x8	FUN_0000000000279A9C
0x279AA4	0x279B8C	0xE8	FUN_0000000000279AA4
0x279B8C	0x279B94	0x8	FUN_0000000000279B8C
0x279B94	0x279BA4	0x10	FUN_0000000000279B94
0x279BA4	0x279BAC	0x8	FUN_0000000000279BA4
0x279BAC	0x279D28	0x17C	FUN_0000000000279BAC
0x279D28	0x279D30	0x8	FUN_0000000000279D28
0x279D30	0x279EDC	0x1AC	FUN_0000000000279D30
0x279EDC	0x279F80	0xA4	FUN_0000000000279EDC
0x279F80	0x27A018	0x98	FUN_0000000000279F80
0x27A018	0x27A028	0x10	FUN_000000000027A018
0x27A028	0x27A030	0x8	FUN_000000000027A028
0x27A030	0x27A15C	0x12C	FUN_000000000027A030
0x27A15C	0x27A164	0x8	FUN_000000000027A15C
0x27A164	0x27A2CC	0x168	FUN_000000000027A164
0x27A2CC	0x27A8AC	0x5E0	FUN_000000000027A2CC
0x27A8AC	0x27A958	0xAC	FUN_000000000027A8AC
0x27A958	0x27ACCC	0x374	FUN_000000000027A958
0x27ACCC	0x27AE0C	0x140	FUN_000000000027ACCC
0x27AE0C	0x27B0C8	0x2BC	FUN_000000000027AE0C
0x27B0C8	0x27B604	0x53C	FUN_000000000027B0C8
0x27B604	0x27B6BC	0xB8	FUN_000000000027B604
0x27B6BC	0x27B76C	0xB0	FUN_000000000027B6BC
0x27B76C	0x27B804	0x98	FUN_000000000027B76C
0x27B804	0x27B89C	0x98	FUN_000000000027B804
0x27B89C	0x27B934	0x98	FUN_000000000027B89C
0x27B934	0x27B998	0x64	FUN_000000000027B934
0x27B998	0x27B9F8	0x60	FUN_000000000027B998
0x27B9F8	0x27BA58	0x60	FUN_000000000027B9F8
0x27BA58	0x27BA60	0x8	FUN_000000000027BA58
0x27BA60	0x27CB74	0x1114	FUN_000000000027BA60
0x27CB74	0x27CC34	0xC0	FUN_000000000027CB74
0x27CC34	0x27CCF4	0xC0	FUN_000000000027CC34
0x27CCF4	0x27CDC0	0xCC	FUN_000000000027CCF4
0x27CDC0	0x27CEB4	0xF4	FUN_000000000027CDC0
0x27CEB4	0x27CF74	0xC0	FUN_000000000027CEB4
0x27CF74	0x27D034	0xC0	FUN_000000000027CF74
0x27D034	0x27D100	0xCC	FUN_000000000027D034
0x27D100	0x27D1CC	0xCC	FUN_000000000027D100
0x27D1CC	0x27DFF0	0xE24	FUN_000000000027D1CC
0x27DFF0	0x27E3D4	0x3E4	FUN_000000000027DFF0
0x27E3D4	0x27E690	0x2BC	FUN_000000000027E3D4
0x27E690	0x27E8EC	0x25C	FUN_000000000027E690
0x27E8EC	0x27E990	0xA4	FUN_000000000027E8EC
0x27E990	0x27EB08	0x178	FUN_000000000027E990
0x27EB08	0x27EBCC	0xC4	FUN_000000000027EB08
0x27EBCC	0x27EF20	0x354	FUN_000000000027EBCC
0x27EF20	0x27EFC4	0xA4	FUN_000000000027EF20
0x27EFC4	0x27F068	0xA4	FUN_000000000027EFC4
0x27F068	0x27F120	0xB8	FUN_000000000027F068
0x27F120	0x27F1C0	0xA0	FUN_000000000027F120
0x27F1C0	0x27F26C	0xAC	FUN_000000000027F1C0
0x27F26C	0x27F31C	0xB0	FUN_000000000027F26C
0x27F31C	0x27F3C0	0xA4	FUN_000000000027F31C
0x27F3C0	0x27F9AC	0x5EC	FUN_000000000027F3C0
0x27F9AC	0x27FA78	0xCC	FUN_000000000027F9AC
0x27FA78	0x27FD54	0x2DC	FUN_000000000027FA78
0x27FD54	0x27FD5C	0x8	FUN_000000000027FD54
0x27FD5C	0x27FED4	0x178	FUN_000000000027FD5C
0x27FED4	0x27FF98	0xC4	FUN_000000000027FED4
0x27FF98	0x280048	0xB0	FUN_000000000027FF98
0x280048	0x280050	0x8	FUN_0000000000280048
0x280050	0x280100	0xB0	FUN_0000000000280050
0x280100	0x280108	0x8	FUN_0000000000280100
0x280108	0x280214	0x10C	FUN_0000000000280108
0x280214	0x28021C	0x8	FUN_0000000000280214
0x28021C	0x2802E0	0xC4	FUN_000000000028021C
0x2802E0	0x2802E8	0x8	FUN_00000000002802E0
0x2802E8	0x280820	0x538	FUN_00000000002802E8
0x280820	0x280828	0x8	FUN_0000000000280820
0x280828	0x280A0C	0x1E4	FUN_0000000000280828
0x280A0C	0x280A14	0x8	FUN_0000000000280A0C
0x280A14	0x280C28	0x214	FUN_0000000000280A14
0x280C28	0x280C30	0x8	FUN_0000000000280C28
0x280C30	0x280F00	0x2D0	FUN_0000000000280C30
0x280F00	0x280F08	0x8	FUN_0000000000280F00
0x280F08	0x28102C	0x124	FUN_0000000000280F08
0x28102C	0x281034	0x8	FUN_000000000028102C
0x281034	0x281264	0x230	FUN_0000000000281034
0x281264	0x28126C	0x8	FUN_0000000000281264
0x28126C	0x281490	0x224	FUN_000000000028126C
0x281490	0x281498	0x8	FUN_0000000000281490
0x281498	0x28163C	0x1A4	FUN_0000000000281498
0x28163C	0x2816E0	0xA4	FUN_000000000028163C
0x2816E0	0x281784	0xA4	FUN_00000000002816E0
0x281784	0x281834	0xB0	FUN_0000000000281784
0x281834	0x281F4C	0x718	FUN_0000000000281834
0x281F4C	0x281FF0	0xA4	FUN_0000000000281F4C
0x281FF0	0x28209C	0xAC	FUN_0000000000281FF0
0x28209C	0x282374	0x2D8	FUN_000000000028209C
0x282374	0x28237C	0x8	FUN_0000000000282374
0x28237C	0x282438	0xBC	FUN_000000000028237C
0x282438	0x282440	0x8	FUN_0000000000282438
0x282440	0x282604	0x1C4	FUN_0000000000282440
0x282604	0x28260C	0x8	FUN_0000000000282604
0x28260C	0x28288C	0x280	FUN_000000000028260C
0x28288C	0x282894	0x8	FUN_000000000028288C
0x282894	0x282C98	0x404	FUN_0000000000282894
0x282C98	0x282CA0	0x8	FUN_0000000000282C98
0x282CA0	0x282DB0	0x110	FUN_0000000000282CA0
0x282DB0	0x282DB8	0x8	FUN_0000000000282DB0
0x282DB8	0x28329C	0x4E4	FUN_0000000000282DB8
0x28329C	0x283318	0x7C	FUN_000000000028329C
0x283318	0x283468	0x150	FUN_0000000000283318
0x283468	0x283470	0x8	FUN_0000000000283468
0x283470	0x2835D8	0x168	FUN_0000000000283470
0x2835D8	0x2837E4	0x20C	FUN_00000000002835D8
0x2837E4	0x2837EC	0x8	FUN_00000000002837E4
0x2837EC	0x28387C	0x90	FUN_00000000002837EC
0x28387C	0x2838E4	0x68	FUN_000000000028387C
0x2838E4	0x2838EC	0x8	FUN_00000000002838E4
0x2838EC	0x2839BC	0xD0	FUN_00000000002838EC
0x2839BC	0x283A34	0x78	FUN_00000000002839BC
0x283A34	0x283A3C	0x8	FUN_0000000000283A34
0x283A3C	0x283C2C	0x1F0	FUN_0000000000283A3C
0x283C2C	0x283C94	0x68	FUN_0000000000283C2C
0x283C94	0x283C9C	0x8	FUN_0000000000283C94
0x283C9C	0x283D34	0x98	FUN_0000000000283C9C
0x283D34	0x283D48	0x14	FUN_0000000000283D34
0x283D48	0x283D50	0x8	FUN_0000000000283D48
0x283D50	0x283EB0	0x160	FUN_0000000000283D50
0x283EB0	0x283EB8	0x8	FUN_0000000000283EB0
0x283EB8	0x28422C	0x374	FUN_0000000000283EB8
0x28422C	0x28432C	0x100	FUN_000000000028422C
0x28432C	0x284334	0x8	FUN_000000000028432C
0x284334	0x28454C	0x218	FUN_0000000000284334
0x28454C	0x284554	0x8	FUN_000000000028454C
0x284554	0x2845F8	0xA4	FUN_0000000000284554
0x2845F8	0x2846E8	0xF0	FUN_00000000002845F8
0x2846E8	0x2846F0	0x8	FUN_00000000002846E8
0x2846F0	0x2846F8	0x8	FUN_00000000002846F0
0x2846F8	0x284B20	0x428	FUN_00000000002846F8
0x284B20	0x284B28	0x8	FUN_0000000000284B20
0x284B28	0x284C5C	0x134	FUN_0000000000284B28
0x284C5C	0x284E1C	0x1C0	FUN_0000000000284C5C
0x284E1C	0x284E24	0x8	FUN_0000000000284E1C
0x284E24	0x285080	0x25C	FUN_0000000000284E24
0x285080	0x285088	0x8	FUN_0000000000285080
0x285088	0x2852F8	0x270	FUN_0000000000285088
0x2852F8	0x285300	0x8	FUN_00000000002852F8
0x285300	0x285504	0x204	FUN_0000000000285300
0x285504	0x28550C	0x8	FUN_0000000000285504
0x28550C	0x285728	0x21C	FUN_000000000028550C
0x285728	0x285730	0x8	FUN_0000000000285728
0x285730	0x2857D4	0xA4	FUN_0000000000285730
0x2857D4	0x285AD0	0x2FC	FUN_00000000002857D4
0x285AD0	0x285AD8	0x8	FUN_0000000000285AD0
0x285AD8	0x285C58	0x180	FUN_0000000000285AD8
0x285C58	0x285C60	0x8	FUN_0000000000285C58
0x285C60	0x285D6C	0x10C	FUN_0000000000285C60
0x285D6C	0x285D74	0x8	FUN_0000000000285D6C
0x285D74	0x285E4C	0xD8	FUN_0000000000285D74
0x285E4C	0x285E54	0x8	FUN_0000000000285E4C
0x285E54	0x285FA8	0x154	FUN_0000000000285E54
0x285FA8	0x2860A0	0xF8	FUN_0000000000285FA8
0x2860A0	0x2862F0	0x250	FUN_00000000002860A0
0x2862F0	0x2863FC	0x10C	FUN_00000000002862F0
0x2863FC	0x286410	0x14	FUN_00000000002863FC
0x286410	0x286418	0x8	FUN_0000000000286410
0x286418	0x2867F0	0x3D8	FUN_0000000000286418
0x2867F0	0x286880	0x90	FUN_00000000002867F0
0x286880	0x286888	0x8	FUN_0000000000286880
0x286888	0x286964	0xDC	FUN_0000000000286888
0x286964	0x28696C	0x8	FUN_0000000000286964
0x28696C	0x286A4C	0xE0	FUN_000000000028696C
0x286A4C	0x286A54	0x8	FUN_0000000000286A4C
0x286A54	0x286B1C	0xC8	FUN_0000000000286A54
0x286B1C	0x286B30	0x14	FUN_0000000000286B1C
0x286B30	0x286B38	0x8	FUN_0000000000286B30
0x286B38	0x286CC8	0x190	FUN_0000000000286B38
0x286CC8	0x286ECC	0x204	FUN_0000000000286CC8
0x286ECC	0x286FE8	0x11C	FUN_0000000000286ECC
0x286FE8	0x286FF0	0x8	FUN_0000000000286FE8
0x286FF0	0x28723C	0x24C	FUN_0000000000286FF0
0x28723C	0x28726C	0x30	FUN_000000000028723C
0x28726C	0x287274	0x8	FUN_000000000028726C
0x287274	0x2873D8	0x164	FUN_0000000000287274
0x2873D8	0x2873E0	0x8	FUN_00000000002873D8
0x2873E0	0x2875BC	0x1DC	FUN_00000000002873E0
0x2875BC	0x2875C4	0x8	FUN_00000000002875BC
0x2875C4	0x287688	0xC4	FUN_00000000002875C4
0x287688	0x287790	0x108	FUN_0000000000287688
0x287790	0x287798	0x8	FUN_0000000000287790
0x287798	0x2878A0	0x108	FUN_0000000000287798
0x2878A0	0x2878B4	0x14	FUN_00000000002878A0
0x2878B4	0x2878BC	0x8	FUN_00000000002878B4
0x2878BC	0x2879C8	0x10C	FUN_00000000002878BC
0x2879C8	0x2879DC	0x14	FUN_00000000002879C8
0x2879DC	0x2879E4	0x8	FUN_00000000002879DC
0x2879E4	0x287A94	0xB0	FUN_00000000002879E4
0x287A94	0x287B44	0xB0	FUN_0000000000287A94
0x287B44	0x287BF0	0xAC	FUN_0000000000287B44
0x287BF0	0x287CFC	0x10C	FUN_0000000000287BF0
0x287CFC	0x287D04	0x8	FUN_0000000000287CFC
0x287D04	0x287D70	0x6C	FUN_0000000000287D04
0x287D70	0x287DDC	0x6C	FUN_0000000000287D70
0x287DDC	0x287E48	0x6C	FUN_0000000000287DDC
0x287E48	0x287E94	0x4C	FUN_0000000000287E48
0x287E94	0x287EE0	0x4C	FUN_0000000000287E94
0x287EE0	0x287F2C	0x4C	FUN_0000000000287EE0
0x287F2C	0x287F34	0x8	FUN_0000000000287F2C
0x287F34	0x2880F8	0x1C4	FUN_0000000000287F34
0x2880F8	0x288100	0x8	FUN_00000000002880F8
0x288100	0x2881B4	0xB4	FUN_0000000000288100
0x2881B4	0x2881C8	0x14	FUN_00000000002881B4
0x2881C8	0x2881D0	0x8	FUN_00000000002881C8
0x2881D0	0x2882DC	0x10C	FUN_00000000002881D0
0x2882DC	0x2882E4	0x8	FUN_00000000002882DC
0x2882E4	0x2884A8	0x1C4	FUN_00000000002882E4
0x2884A8	0x2884B0	0x8	FUN_00000000002884A8
0x2884B0	0x2884BC	0xC	FUN_00000000002884B0
0x2884BC	0x2884C8	0xC	FUN_00000000002884BC
0x2884C8	0x2885DC	0x114	FUN_00000000002884C8
0x2885DC	0x288A58	0x47C	FUN_00000000002885DC
0x288A58	0x288A60	0x8	FUN_0000000000288A58
0x288A60	0x288BDC	0x17C	FUN_0000000000288A60
0x288BDC	0x288BE4	0x8	FUN_0000000000288BDC
0x288BE4	0x2891F4	0x610	FUN_0000000000288BE4
0x2891F4	0x28960C	0x418	FUN_00000000002891F4
0x28960C	0x2896BC	0xB0	FUN_000000000028960C
0x2896BC	0x28976C	0xB0	FUN_00000000002896BC
0x28976C	0x28981C	0xB0	FUN_000000000028976C
0x28981C	0x2898C0	0xA4	FUN_000000000028981C
0x2898C0	0x289974	0xB4	FUN_00000000002898C0
0x289974	0x289C84	0x310	FUN_0000000000289974
0x289C84	0x289DFC	0x178	FUN_0000000000289C84
0x289DFC	0x289EAC	0xB0	FUN_0000000000289DFC
0x289EAC	0x289F6C	0xC0	FUN_0000000000289EAC
0x289F6C	0x28A020	0xB4	FUN_0000000000289F6C
0x28A020	0x28A0D4	0xB4	FUN_000000000028A020
0x28A0D4	0x28A228	0x154	FUN_000000000028A0D4
0x28A228	0x28A230	0x8	FUN_000000000028A228
0x28A230	0x28A46C	0x23C	FUN_000000000028A230
0x28A46C	0x28A474	0x8	FUN_000000000028A46C
0x28A474	0x28A480	0xC	FUN_000000000028A474
0x28A480	0x28A48C	0xC	FUN_000000000028A480
0x28A48C	0x28A518	0x8C	FUN_000000000028A48C
0x28A518	0x28A9D0	0x4B8	FUN_000000000028A518
0x28A9D0	0x28A9D8	0x8	FUN_000000000028A9D0
0x28A9D8	0x28AB54	0x17C	FUN_000000000028A9D8
0x28AB54	0x28AB5C	0x8	FUN_000000000028AB54
0x28AB5C	0x28ACD4	0x178	FUN_000000000028AB5C
0x28ACD4	0x28ACDC	0x8	FUN_000000000028ACD4
0x28ACDC	0x28AD0C	0x30	FUN_000000000028ACDC
0x28AD0C	0x28AD3C	0x30	FUN_000000000028AD0C
0x28AD3C	0x28AD6C	0x30	FUN_000000000028AD3C
0x28AD6C	0x28AEF4	0x188	FUN_000000000028AD6C
0x28AEF4	0x28AF08	0x14	FUN_000000000028AEF4
0x28AF08	0x28AF10	0x8	FUN_000000000028AF08
0x28AF10	0x28AFE8	0xD8	FUN_000000000028AF10
0x28AFE8	0x28AFF0	0x8	FUN_000000000028AFE8
0x28AFF0	0x28B1CC	0x1DC	FUN_000000000028AFF0
0x28B1CC	0x28B1D4	0x8	FUN_000000000028B1CC
0x28B1D4	0x28B278	0xA4	FUN_000000000028B1D4
0x28B278	0x28B324	0xAC	FUN_000000000028B278
0x28B324	0x28B448	0x124	FUN_000000000028B324
0x28B448	0x28B450	0x8	FUN_000000000028B448
0x28B450	0x28B5B0	0x160	FUN_000000000028B450
0x28B5B0	0x28B5B8	0x8	FUN_000000000028B5B0
0x28B5B8	0x28B660	0xA8	FUN_000000000028B5B8
0x28B660	0x28B66C	0xC	FUN_000000000028B660
0x28B66C	0x28B678	0xC	FUN_000000000028B66C
0x28B678	0x28B68C	0x14	FUN_000000000028B678
0x28B68C	0x28B83C	0x1B0	FUN_000000000028B68C
0x28B83C	0x28B844	0x8	FUN_000000000028B83C
0x28B844	0x28B8FC	0xB8	FUN_000000000028B844
0x28B8FC	0x28B92C	0x30	FUN_000000000028B8FC
0x28B92C	0x28BB00	0x1D4	FUN_000000000028B92C
0x28BB00	0x28BBEC	0xEC	FUN_000000000028BB00
0x28BBEC	0x28BBF4	0x8	FUN_000000000028BBEC
0x28BBF4	0x28BD30	0x13C	FUN_000000000028BBF4
0x28BD30	0x28BD38	0x8	FUN_000000000028BD30
0x28BD38	0x28BD68	0x30	FUN_000000000028BD38
0x28BD68	0x28C098	0x330	FUN_000000000028BD68
0x28C098	0x28C1E8	0x150	FUN_000000000028C098
0x28C1E8	0x28C1F0	0x8	FUN_000000000028C1E8
0x28C1F0	0x28C220	0x30	FUN_000000000028C1F0
0x28C220	0x28C460	0x240	FUN_000000000028C220
0x28C460	0x28C5A0	0x140	FUN_000000000028C460
0x28C5A0	0x28C5A8	0x8	FUN_000000000028C5A0
0x28C5A8	0x28C748	0x1A0	FUN_000000000028C5A8
0x28C748	0x28C7F4	0xAC	FUN_000000000028C748
0x28C7F4	0x28C7FC	0x8	FUN_000000000028C7F4
0x28C7FC	0x28C870	0x74	FUN_000000000028C7FC
0x28C870	0x28C878	0x8	FUN_000000000028C870
0x28C878	0x28C880	0x8	FUN_000000000028C878
0x28C880	0x28C888	0x8	FUN_000000000028C880
0x28C888	0x28C918	0x90	FUN_000000000028C888
0x28C918	0x28C920	0x8	FUN_000000000028C918
0x28C920	0x28C92C	0xC	FUN_000000000028C920
0x28C92C	0x28C950	0x24	FUN_000000000028C92C
0x28C950	0x28C9A4	0x54	FUN_000000000028C950
0x28C9A4	0x28CA50	0xAC	FUN_000000000028C9A4
0x28CA50	0x28CA74	0x24	FUN_000000000028CA50
0x28CA74	0x28CAF8	0x84	FUN_000000000028CA74
0x28CAF8	0x28CB60	0x68	FUN_000000000028CAF8
0x28CB60	0x28CB84	0x24	FUN_000000000028CB60
0x28CB84	0x28CC84	0x100	FUN_000000000028CB84
0x28CC84	0x28CD68	0xE4	FUN_000000000028CC84
0x28CD68	0x28CD90	0x28	FUN_000000000028CD68
0x28CD90	0x28CDEC	0x5C	FUN_000000000028CD90
0x28CDEC	0x28CF88	0x19C	FUN_000000000028CDEC
0x28CF88	0x28D0C8	0x140	FUN_000000000028CF88
0x28D0C8	0x28D324	0x25C	FUN_000000000028D0C8
0x28D324	0x28D848	0x524	FUN_000000000028D324
0x28D848	0x28DA14	0x1CC	FUN_000000000028D848
0x28DA14	0x28DB34	0x120	FUN_000000000028DA14
0x28DB34	0x28DBD4	0xA0	FUN_000000000028DB34
0x28DBD4	0x28DC40	0x6C	FUN_000000000028DBD4
0x28DC40	0x28E110	0x4D0	FUN_000000000028DC40
0x28E110	0x28E2DC	0x1CC	FUN_000000000028E110
0x28E2DC	0x28E318	0x3C	FUN_000000000028E2DC
0x28E318	0x28E3A0	0x88	FUN_000000000028E318
0x28E3A0	0x28E438	0x98	FUN_000000000028E3A0
0x28E438	0x28E870	0x438	FUN_000000000028E438
0x28E870	0x28E908	0x98	FUN_000000000028E870
0x28E910	0x28E93C	0x2C	FUN_000000000028E910
0x28E940	0x28E96C	0x2C	FUN_000000000028E940
0x28E970	0x28E99C	0x2C	FUN_000000000028E970
0x28E9A0	0x28E9CC	0x2C	FUN_000000000028E9A0
0x28E9D0	0x28EA00	0x30	FUN_000000000028E9D0
0x28EA00	0x28EA30	0x30	FUN_000000000028EA00
0x28EA30	0x28EA60	0x30	FUN_000000000028EA30
0x28EA60	0x28EB58	0xF8	FUN_000000000028EA60
0x28EB58	0x28EC90	0x138	FUN_000000000028EB58
0x28EC90	0x28ED18	0x88	FUN_000000000028EC90
0x28ED18	0x28EE0C	0xF4	FUN_000000000028ED18
0x28EE0C	0x28EE40	0x34	FUN_000000000028EE0C
0x28EE40	0x28EE74	0x34	FUN_000000000028EE40
0x28EE74	0x28EE90	0x1C	FUN_000000000028EE74
0x28EE90	0x28EE98	0x8	FUN_000000000028EE90
0x28EE98	0x28EEC8	0x30	FUN_000000000028EE98
0x28EEC8	0x28EED8	0x10	FUN_000000000028EEC8
0x28EED8	0x28EF84	0xAC	FUN_000000000028EED8
0x28EF84	0x28F000	0x7C	FUN_000000000028EF84
0x28F000	0x28F0EC	0xEC	FUN_000000000028F000
0x28F0EC	0x28F100	0x14	FUN_000000000028F0EC
0x28F100	0x28F114	0x14	FUN_000000000028F100
0x28F114	0x28F154	0x40	FUN_000000000028F114
0x28F154	0x28F17C	0x28	FUN_000000000028F154
0x28F17C	0x28F30C	0x190	FUN_000000000028F17C
0x28F30C	0x28F5CC	0x2C0	FUN_000000000028F30C
0x28F5CC	0x28F5D4	0x8	FUN_000000000028F5CC
0x28F5D4	0x28F5DC	0x8	FUN_000000000028F5D4
0x28F5DC	0x28F61C	0x40	FUN_000000000028F5DC
0x28F61C	0x28F73C	0x120	FUN_000000000028F61C
0x28F73C	0x28F85C	0x120	FUN_000000000028F73C
0x28F85C	0x28F870	0x14	FUN_000000000028F85C
0x28F870	0x28F880	0x10	FUN_000000000028F870
0x28F880	0x28F890	0x10	FUN_000000000028F880
0x28F890	0x28F968	0xD8	FUN_000000000028F890
0x28F968	0x28F9AC	0x44	FUN_000000000028F968
0x28F9AC	0x28F9B8	0xC	FUN_000000000028F9AC
0x28F9B8	0x28F9C4	0xC	FUN_000000000028F9B8
0x28F9C4	0x28F9F0	0x2C	FUN_000000000028F9C4
0x28F9F0	0x28FC70	0x280	FUN_000000000028F9F0
0x28FC70	0x28FC7C	0xC	FUN_000000000028FC70
0x28FC7C	0x28FDA0	0x124	FUN_000000000028FC7C
0x28FDA0	0x29025C	0x4BC	FUN_000000000028FDA0
0x29025C	0x290D70	0xB14	FUN_000000000029025C
0x290D70	0x290E6C	0xFC	FUN_0000000000290D70
0x290E6C	0x291068	0x1FC	FUN_0000000000290E6C
0x291068	0x29138C	0x324	FUN_0000000000291068
0x29138C	0x29155C	0x1D0	FUN_000000000029138C
0x29155C	0x291F20	0x9C4	FUN_000000000029155C
0x291F20	0x292208	0x2E8	FUN_0000000000291F20
0x292208	0x2923A8	0x1A0	FUN_0000000000292208
0x2923A8	0x292570	0x1C8	FUN_00000000002923A8
0x292570	0x29273C	0x1CC	FUN_0000000000292570
0x29273C	0x292824	0xE8	FUN_000000000029273C
0x292824	0x292854	0x30	FUN_0000000000292824
