??,????,????,??,?????
0,0x4000,0x4E20,3616,sub_4000
1,0x4E20,0x4ED4,180,sub_4E20
2,0x4ED4,0x55C0,1772,sub_4ED4
3,0x55C0,0x567C,188,sub_55C0
4,0x567C,0x5730,180,sub_567C
5,0x5730,0x5DC4,1684,sub_5730
6,0x5DC4,0x5F1C,344,sub_5DC4
7,0x5F1C,0x652C,1552,sub_5F1C
8,0x652C,0x6580,84,sub_652C
9,0x6580,0x6620,160,sub_6580
10,0x6620,0x6684,100,sub_6620
11,0x6684,0x6718,148,sub_6684
12,0x6718,0x6934,540,sub_6718
13,0x6934,0x69F0,188,sub_6934
14,0x69F0,0x6AC4,212,sub_69F0
15,0x6AC4,0x6AE8,36,sub_6AC4
16,0x6AE8,0x6BA8,192,sub_6AE8
17,0x6BA8,0x6C74,204,sub_6BA8
18,0x6C74,0x73DC,1896,sub_6C74
19,0x73DC,0x7474,152,sub_73DC
20,0x7474,0x7530,188,sub_7474
21,0x7530,0x75CC,156,sub_7530
22,0x75CC,0x7CFC,1840,sub_75CC
23,0x7CFC,0x7FCC,720,sub_7CFC
24,0x7FCC,0x8378,940,sub_7FCC
25,0x8378,0x846C,244,sub_8378
26,0x846C,0x8584,280,sub_846C
27,0x8584,0x86A8,292,sub_8584
28,0x86A8,0x87AC,260,sub_86A8
29,0x87AC,0x88A4,248,sub_87AC
30,0x88A4,0x8938,148,sub_88A4
31,0x8938,0x8944,12,sub_8938
32,0x8944,0x894C,8,sub_8944
33,0x894C,0x8C00,692,sub_894C
34,0x8C00,0x8CA8,168,sub_8C00
35,0x8CA8,0x8D48,160,sub_8CA8
36,0x8D48,0x8E18,208,sub_8D48
37,0x8E18,0x8F00,232,sub_8E18
38,0x8F00,0x9488,1416,sub_8F00
39,0x9488,0x9494,12,sub_9488
40,0x9494,0x949C,8,sub_9494
41,0x949C,0x9520,132,sub_949C
42,0x9520,0x952C,12,sub_9520
43,0x952C,0x9540,20,sub_952C
44,0x9540,0x954C,12,sub_9540
45,0x954C,0x95DC,144,sub_954C
46,0x95DC,0x95E8,12,sub_95DC
47,0x95E8,0x95F4,12,sub_95E8
48,0x95F4,0x968C,152,sub_95F4
49,0x968C,0x97FC,368,sub_968C
50,0x97FC,0x9898,156,sub_97FC
51,0x9898,0x98A4,12,sub_9898
52,0x98A4,0x98B0,12,sub_98A4
53,0x98B0,0x98BC,12,sub_98B0
54,0x98BC,0x98E0,36,sub_98BC
55,0x98E0,0x9960,128,sub_98E0
56,0x9960,0x9984,36,sub_9960
57,0x9984,0x9FBC,1592,sub_9984
58,0x9FBC,0xA144,392,sub_9FBC
59,0xA144,0xA358,532,sub_A144
60,0xA358,0xA98C,1588,sub_A358
61,0xA98C,0xAAD8,332,sub_A98C
62,0xAAD8,0xAAE0,8,sub_AAD8
63,0xAAE0,0xAAEC,12,sub_AAE0
64,0xAAEC,0xAF0C,1056,sub_AAEC
65,0xAF0C,0xB460,1364,sub_AF0C
66,0xB460,0xB68C,556,sub_B460
67,0xB68C,0xB834,424,sub_B68C
68,0xB834,0xB864,48,sub_B834
69,0xB864,0xB8FC,152,sub_B864
70,0xB8FC,0xC4C4,3016,sub_B8FC
71,0xC4C4,0xCD54,2192,sub_C4C4
72,0xCD54,0xCEEC,408,sub_CD54
73,0xCEEC,0xEC8C,7584,sub_CEEC
74,0xEC8C,0xEF5C,720,sub_EC8C
75,0xEF5C,0xF73C,2016,sub_EF5C
76,0xF73C,0xFF24,2024,sub_F73C
77,0xFF24,0x10080,348,sub_FF24
78,0x10080,0x10510,1168,sub_10080
79,0x10510,0x107A8,664,sub_10510
80,0x107A8,0x10E24,1660,sub_107A8
81,0x10E24,0x110B8,660,sub_10E24
82,0x110B8,0x1146C,948,sub_110B8
83,0x1146C,0x1154C,224,sub_1146C
84,0x1154C,0x11610,196,sub_1154C
85,0x11610,0x116CC,188,sub_11610
86,0x116CC,0x11788,188,sub_116CC
87,0x11788,0x11864,220,sub_11788
88,0x11864,0x11948,228,sub_11864
89,0x11948,0x11A64,284,sub_11948
90,0x11A64,0x11B40,220,sub_11A64
91,0x11B40,0x11C1C,220,sub_11B40
92,0x11C1C,0x12250,1588,sub_11C1C
93,0x12250,0x124A4,596,sub_12250
94,0x124A4,0x125B4,272,sub_124A4
95,0x125B4,0x12A48,1172,sub_125B4
96,0x12A48,0x13078,1584,sub_12A48
97,0x13078,0x13C9C,3108,sub_13078
98,0x13C9C,0x13CE0,68,sub_13C9C
99,0x13CE0,0x13D54,116,sub_13CE0
100,0x13D54,0x13D98,68,sub_13D54
101,0x13D98,0x13DDC,68,sub_13D98
102,0x13DDC,0x13E58,124,sub_13DDC
103,0x13E58,0x13E84,44,sub_13E58
104,0x13E84,0x13EB0,44,sub_13E84
105,0x13EB0,0x14040,400,sub_13EB0
106,0x14040,0x141CC,396,sub_14040
107,0x141CC,0x14350,388,sub_141CC
108,0x14350,0x143FC,172,sub_14350
109,0x143FC,0x14428,44,sub_143FC
110,0x14428,0x14454,44,sub_14428
111,0x14454,0x1450C,184,sub_14454
112,0x1450C,0x147D0,708,sub_1450C
113,0x147D0,0x14B28,856,sub_147D0
114,0x14B28,0x14FAC,1156,sub_14B28
115,0x14FAC,0x1530C,864,sub_14FAC
116,0x1530C,0x154B8,428,sub_1530C
117,0x154B8,0x156C0,520,sub_154B8
118,0x156C0,0x157BC,252,sub_156C0
119,0x157BC,0x15A64,680,sub_157BC
120,0x15A64,0x15D64,768,sub_15A64
121,0x15D64,0x15E1C,184,sub_15D64
122,0x15E1C,0x15E74,88,sub_15E1C
123,0x15E74,0x15ECC,88,sub_15E74
124,0x15ECC,0x15F24,88,sub_15ECC
125,0x15F24,0x16014,240,sub_15F24
126,0x16014,0x160F0,220,sub_16014
127,0x160F0,0x161CC,220,sub_160F0
128,0x161CC,0x16280,180,sub_161CC
129,0x16280,0x16334,180,sub_16280
130,0x16334,0x163A0,108,sub_16334
131,0x163A0,0x16408,104,sub_163A0
132,0x16408,0x164A8,160,sub_16408
133,0x164A8,0x165E8,320,sub_164A8
134,0x165E8,0x1669C,180,sub_165E8
135,0x1669C,0x1672C,144,sub_1669C
136,0x1672C,0x167E4,184,sub_1672C
137,0x167E4,0x1687C,152,sub_167E4
138,0x1687C,0x16E24,1448,sub_1687C
139,0x16E24,0x16F88,356,sub_16E24
140,0x16F88,0x17094,268,sub_16F88
141,0x17094,0x171F8,356,sub_17094
142,0x171F8,0x17204,12,sub_171F8
143,0x17204,0x17264,96,sub_17204
144,0x17264,0x172FC,152,sub_17264
145,0x172FC,0x17504,520,sub_172FC
146,0x17504,0x17584,128,sub_17504
147,0x17584,0x177F8,628,sub_17584
148,0x177F8,0x17C84,1164,sub_177F8
149,0x17C84,0x17D98,276,sub_17C84
150,0x17D98,0x17DD0,56,sub_17D98
151,0x17DD0,0x17E00,48,sub_17DD0
152,0x17E00,0x17F9C,412,sub_17E00
153,0x17F9C,0x18900,2404,sub_17F9C
154,0x18900,0x18A44,324,sub_18900
155,0x18A44,0x18BC8,388,sub_18A44
156,0x18BC8,0x18D48,384,sub_18BC8
157,0x18D48,0x18D7C,52,sub_18D48
158,0x18D7C,0x18DA4,40,sub_18D7C
159,0x18DA4,0x18E08,100,sub_18DA4
160,0x18E08,0x18E14,12,sub_18E08
161,0x18E14,0x18E98,132,sub_18E14
162,0x18E98,0x19078,480,sub_18E98
163,0x19078,0x1907C,4,sub_19078
164,0x1907C,0x193C0,836,sub_1907C
165,0x193C0,0x193D0,16,sub_193C0
166,0x193D0,0x1949C,204,sub_193D0
167,0x1949C,0x194D8,60,sub_1949C
168,0x194D8,0x195E0,264,sub_194D8
169,0x195E0,0x197D8,504,sub_195E0
170,0x197D8,0x19844,108,sub_197D8
171,0x19844,0x19C64,1056,sub_19844
172,0x19C64,0x1A320,1724,sub_19C64
173,0x1A320,0x1A420,256,sub_1A320
174,0x1A420,0x1AB88,1896,sub_1A420
175,0x1AB88,0x1ADA4,540,sub_1AB88
176,0x1ADA4,0x1ADA8,4,sub_1ADA4
177,0x1ADA8,0x1AF00,344,sub_1ADA8
178,0x1AF00,0x1D938,10808,sub_1AF00
179,0x1D938,0x1D9C0,136,sub_1D938
180,0x1D9C0,0x1D9EC,44,sub_1D9C0
181,0x1D9EC,0x1DA5C,112,sub_1D9EC
182,0x1DA5C,0x1DA88,44,sub_1DA5C
183,0x1DA88,0x1DCC4,572,sub_1DA88
184,0x1DCC4,0x1DD3C,120,sub_1DCC4
185,0x1DD3C,0x1DD94,88,sub_1DD3C
186,0x1DD94,0x1DDD8,68,sub_1DD94
187,0x1DDD8,0x1DE1C,68,sub_1DDD8
188,0x1DE1C,0x1DE48,44,sub_1DE1C
189,0x1DE48,0x1DEBC,116,sub_1DE48
190,0x1DEBC,0x1DEE8,44,sub_1DEBC
191,0x1DEE8,0x1DF54,108,sub_1DEE8
192,0x1DF54,0x1DFC0,108,sub_1DF54
193,0x1DFC0,0x1E0B8,248,sub_1DFC0
194,0x1E0B8,0x1E19C,228,sub_1E0B8
195,0x1E19C,0x1E2BC,288,sub_1E19C
196,0x1E2BC,0x1E3DC,288,sub_1E2BC
197,0x1E3DC,0x1E60C,560,sub_1E3DC
198,0x1E60C,0x1E69C,144,sub_1E60C
199,0x1E69C,0x1E6E8,76,sub_1E69C
200,0x1E6E8,0x1E744,92,sub_1E6E8
201,0x1E744,0x1E788,68,sub_1E744
202,0x1E788,0x1E7CC,68,sub_1E788
203,0x1E7CC,0x1E810,68,sub_1E7CC
204,0x1E810,0x1E884,116,sub_1E810
205,0x1E884,0x1E8B0,44,sub_1E884
206,0x1E8B0,0x1E8F4,68,sub_1E8B0
207,0x1E8F4,0x1E968,116,sub_1E8F4
208,0x1E968,0x1E994,44,sub_1E968
209,0x1E994,0x1E9D8,68,sub_1E994
210,0x1E9D8,0x1EA4C,116,sub_1E9D8
211,0x1EA4C,0x1EA78,44,sub_1EA4C
212,0x1EA78,0x1EABC,68,sub_1EA78
213,0x1EABC,0x1EB30,116,sub_1EABC
214,0x1EB30,0x1EB5C,44,sub_1EB30
215,0x1EB5C,0x1EBA0,68,sub_1EB5C
216,0x1EBA0,0x1EC14,116,sub_1EBA0
217,0x1EC14,0x1EC40,44,sub_1EC14
218,0x1EC40,0x1EC84,68,sub_1EC40
219,0x1EC84,0x1ECF8,116,sub_1EC84
220,0x1ECF8,0x1ED24,44,sub_1ECF8
221,0x1ED24,0x1ED68,68,sub_1ED24
222,0x1ED68,0x1EDDC,116,sub_1ED68
223,0x1EDDC,0x1EE08,44,sub_1EDDC
224,0x1EE08,0x1EE4C,68,sub_1EE08
225,0x1EE4C,0x1EEC0,116,sub_1EE4C
226,0x1EEC0,0x1EEEC,44,sub_1EEC0
227,0x1EEEC,0x1EF30,68,sub_1EEEC
228,0x1EF30,0x1EFA4,116,sub_1EF30
229,0x1EFA4,0x1EFD0,44,sub_1EFA4
230,0x1EFD0,0x1F014,68,sub_1EFD0
231,0x1F014,0x1F088,116,sub_1F014
232,0x1F088,0x1F0B4,44,sub_1F088
233,0x1F0B4,0x1F0F8,68,sub_1F0B4
234,0x1F0F8,0x1F16C,116,sub_1F0F8
235,0x1F16C,0x1F198,44,sub_1F16C
236,0x1F198,0x1F1DC,68,sub_1F198
237,0x1F1DC,0x1F250,116,sub_1F1DC
238,0x1F250,0x1F27C,44,sub_1F250
239,0x1F27C,0x1F2C0,68,sub_1F27C
240,0x1F2C0,0x1F334,116,sub_1F2C0
241,0x1F334,0x1F360,44,sub_1F334
242,0x1F360,0x1F3A4,68,sub_1F360
243,0x1F3A4,0x1F418,116,sub_1F3A4
244,0x1F418,0x1F444,44,sub_1F418
245,0x1F444,0x1F488,68,sub_1F444
246,0x1F488,0x1F4FC,116,sub_1F488
247,0x1F4FC,0x1F528,44,sub_1F4FC
248,0x1F528,0x1F554,44,sub_1F528
249,0x1F554,0x1F598,68,sub_1F554
250,0x1F598,0x1F5C4,44,sub_1F598
251,0x1F5C4,0x1F5F0,44,sub_1F5C4
252,0x1F5F0,0x1F634,68,sub_1F5F0
253,0x1F634,0x1F660,44,sub_1F634
254,0x1F660,0x1F68C,44,sub_1F660
255,0x1F68C,0x1F6D0,68,sub_1F68C
256,0x1F6D0,0x1F6FC,44,sub_1F6D0
257,0x1F6FC,0x1F728,44,sub_1F6FC
258,0x1F728,0x1F76C,68,sub_1F728
259,0x1F76C,0x1F798,44,sub_1F76C
260,0x1F798,0x1F8F8,352,sub_1F798
261,0x1F8F8,0x1FA48,336,sub_1F8F8
262,0x1FA48,0x1FAE4,156,sub_1FA48
263,0x1FAE4,0x1FBC8,228,sub_1FAE4
264,0x1FBC8,0x1FC64,156,sub_1FBC8
265,0x1FC64,0x1FCB4,80,sub_1FC64
266,0x1FCB4,0x2034C,1688,sub_1FCB4
267,0x2034C,0x208EC,1440,sub_2034C
268,0x208EC,0x20F0C,1568,sub_208EC
269,0x20F0C,0x216A8,1948,sub_20F0C
270,0x216A8,0x21708,96,sub_216A8
271,0x21708,0x21768,96,sub_21708
272,0x21768,0x217C8,96,sub_21768
273,0x217C8,0x21E88,1728,sub_217C8
274,0x21E88,0x237CC,6468,sub_21E88
275,0x237CC,0x2404C,2176,sub_237CC
276,0x2404C,0x240A4,88,sub_2404C
277,0x240A4,0x2430C,616,sub_240A4
278,0x2430C,0x244DC,464,sub_2430C
279,0x244DC,0x24658,380,sub_244DC
280,0x24658,0x248C4,620,sub_24658
281,0x248C4,0x2492C,104,sub_248C4
282,0x2492C,0x24DF8,1228,sub_2492C
283,0x24DF8,0x24EE8,240,sub_24DF8
284,0x24EE8,0x25104,540,sub_24EE8
285,0x25104,0x25184,128,sub_25104
286,0x25184,0x25460,732,sub_25184
287,0x25460,0x255F4,404,sub_25460
288,0x255F4,0x256B8,196,sub_255F4
289,0x256B8,0x25E14,1884,sub_256B8
290,0x25E14,0x26234,1056,sub_25E14
291,0x26234,0x26318,228,sub_26234
292,0x26318,0x26994,1660,sub_26318
293,0x26994,0x2717C,2024,sub_26994
294,0x2717C,0x271FC,128,sub_2717C
295,0x271FC,0x27204,8,sub_271FC
296,0x27204,0x2720C,8,sub_27204
297,0x2720C,0x272B0,164,sub_2720C
298,0x272B0,0x2799C,1772,sub_272B0
299,0x2799C,0x27AB0,276,sub_2799C
300,0x27AB0,0x27B28,120,sub_27AB0
301,0x27B28,0x28614,2796,sub_27B28
302,0x28614,0x28664,80,sub_28614
303,0x28664,0x286FC,152,sub_28664
304,0x286FC,0x29028,2348,sub_286FC
305,0x29028,0x29034,12,sub_29028
306,0x29034,0x29060,44,sub_29034
307,0x29060,0x291D0,368,sub_29060
308,0x291D0,0x29270,160,sub_291D0
309,0x29270,0x293F4,388,sub_29270
310,0x293F4,0x29414,32,sub_293F4
311,0x29414,0x29478,100,sub_29414
312,0x29478,0x295F8,384,sub_29478
313,0x295F8,0x296D8,224,sub_295F8
314,0x296D8,0x2984C,372,sub_296D8
315,0x2984C,0x29D84,1336,sub_2984C
316,0x29D84,0x29E28,164,sub_29D84
317,0x29E28,0x2ABF4,3532,sub_29E28
318,0x2ABF4,0x2AC28,52,sub_2ABF4
319,0x2AC28,0x2AC5C,52,sub_2AC28
320,0x2AC5C,0x2AC90,52,sub_2AC5C
321,0x2AC90,0x2ACC4,52,sub_2AC90
322,0x2ACC4,0x2AD38,116,sub_2ACC4
323,0x2AD38,0x2AD64,44,sub_2AD38
324,0x2AD64,0x2AD90,44,sub_2AD64
325,0x2AD90,0x2ADBC,44,sub_2AD90
326,0x2ADBC,0x2ADE8,44,sub_2ADBC
327,0x2ADE8,0x2AE54,108,sub_2ADE8
328,0x2AE54,0x2B308,1204,sub_2AE54
329,0x2B308,0x2B6A8,928,sub_2B308
330,0x2B6A8,0x2B6D4,44,sub_2B6A8
331,0x2B6D4,0x2B7EC,280,sub_2B6D4
332,0x2B7EC,0x2B818,44,sub_2B7EC
333,0x2B818,0x2B844,44,sub_2B818
334,0x2B844,0x2B870,44,sub_2B844
335,0x2B870,0x2B89C,44,sub_2B870
336,0x2B89C,0x2B8C8,44,sub_2B89C
337,0x2B8C8,0x2B914,76,sub_2B8C8
338,0x2B914,0x2B9D4,192,sub_2B914
339,0x2B9D4,0x2BA08,52,sub_2B9D4
340,0x2BA08,0x2BA54,76,sub_2BA08
341,0x2BA54,0x2BA80,44,sub_2BA54
342,0x2BA80,0x2BAB4,52,sub_2BA80
343,0x2BAB4,0x2BB00,76,sub_2BAB4
344,0x2BB00,0x2BB2C,44,sub_2BB00
345,0x2BB2C,0x2BB68,60,sub_2BB2C
346,0x2BB68,0x2BE98,816,sub_2BB68
347,0x2BE98,0x2C0B8,544,sub_2BE98
348,0x2C0B8,0x2D93C,6276,sub_2C0B8
349,0x2D93C,0x2DA4C,272,sub_2D93C
350,0x2DA4C,0x2DC40,500,sub_2DA4C
351,0x2DC40,0x2DDB4,372,sub_2DC40
352,0x2DDB4,0x2DE5C,168,sub_2DDB4
353,0x2DE5C,0x2E770,2324,sub_2DE5C
354,0x2E770,0x2E924,436,sub_2E770
355,0x2E924,0x2EBC0,668,sub_2E924
356,0x2EBC0,0x2ED4C,396,sub_2EBC0
357,0x2ED4C,0x2EF7C,560,sub_2ED4C
358,0x2EF7C,0x2F198,540,sub_2EF7C
359,0x2F198,0x2F230,152,sub_2F198
360,0x2F230,0x2F514,740,sub_2F230
361,0x2F514,0x2F51C,8,sub_2F514
362,0x2F51C,0x2F558,60,sub_2F51C
363,0x2F558,0x2F58C,52,sub_2F558
364,0x2F58C,0x2F5B4,40,sub_2F58C
365,0x2F5B4,0x2FA14,1120,sub_2F5B4
366,0x2FA14,0x2FEF8,1252,sub_2FA14
367,0x2FEF8,0x31194,4764,sub_2FEF8
368,0x31194,0x31E64,3280,sub_31194
369,0x31E64,0x326E0,2172,sub_31E64
370,0x326E0,0x32B4C,1132,sub_326E0
371,0x32B4C,0x32F7C,1072,sub_32B4C
372,0x32F7C,0x330E0,356,sub_32F7C
373,0x330E0,0x3363C,1372,sub_330E0
374,0x3363C,0x33714,216,sub_3363C
375,0x33714,0x34230,2844,sub_33714
376,0x34230,0x351A4,3956,sub_34230
377,0x351A4,0x358DC,1848,sub_351A4
378,0x358DC,0x384C0,11236,sub_358DC
379,0x384C0,0x38584,196,sub_384C0
380,0x38584,0x3865C,216,sub_38584
381,0x3865C,0x387F0,404,sub_3865C
382,0x387F0,0x38988,408,sub_387F0
383,0x38988,0x38C4C,708,sub_38988
384,0x38C4C,0x397E0,2964,sub_38C4C
385,0x397E0,0x3A070,2192,sub_397E0
386,0x3A070,0x3A0DC,108,sub_3A070
387,0x3A0DC,0x3A108,44,sub_3A0DC
388,0x3A108,0x3A144,60,sub_3A108
389,0x3A144,0x3A180,60,sub_3A144
390,0x3A180,0x3A1C8,72,sub_3A180
391,0x3A1C8,0x3A1FC,52,sub_3A1C8
392,0x3A1FC,0x3A244,72,sub_3A1FC
393,0x3A244,0x3A278,52,sub_3A244
394,0x3A278,0x3A408,400,sub_3A278
395,0x3A408,0x3A538,304,sub_3A408
396,0x3A538,0x3A6A0,360,sub_3A538
397,0x3A6A0,0x3A79C,252,sub_3A6A0
398,0x3A79C,0x3A9C0,548,sub_3A79C
399,0x3A9C0,0x3AC48,648,sub_3A9C0
400,0x3AC48,0x3AE44,508,sub_3AC48
401,0x3AE44,0x3B068,548,sub_3AE44
402,0x3B068,0x3B0A0,56,sub_3B068
403,0x3B0A0,0x3B14C,172,sub_3B0A0
404,0x3B14C,0x3B1F8,172,sub_3B14C
405,0x3B1F8,0x3B2A4,172,sub_3B1F8
406,0x3B2A4,0x3B690,1004,sub_3B2A4
407,0x3B690,0x3B704,116,sub_3B690
408,0x3B704,0x3BAB8,948,sub_3B704
409,0x3BAB8,0x3BB5C,164,sub_3BAB8
410,0x3BB5C,0x3BC00,164,sub_3BB5C
411,0x3BC00,0x3BE30,560,sub_3BC00
412,0x3BE30,0x3BE78,72,sub_3BE30
413,0x3BE78,0x3BEE4,108,sub_3BE78
414,0x3BEE4,0x3BF10,44,sub_3BEE4
415,0x3BF10,0x3C408,1272,sub_3BF10
416,0x3C408,0x3C43C,52,sub_3C408
417,0x3C43C,0x3C458,28,sub_3C43C
418,0x3C458,0x3C474,28,sub_3C458
419,0x3C474,0x3C4A4,48,sub_3C474
420,0x3C4A4,0x3C4A8,4,sub_3C4A4
421,0x3C4A8,0x3C4AC,4,sub_3C4A8
422,0x3C4AC,0x3D274,3528,sub_3C4AC
423,0x3D274,0x3D2A0,44,sub_3D274
424,0x3D2A0,0x3D340,160,sub_3D2A0
425,0x3D340,0x3D394,84,sub_3D340
426,0x3D394,0x3D6BC,808,sub_3D394
427,0x3D6BC,0x3D6F0,52,sub_3D6BC
428,0x3D6F0,0x3D75C,108,sub_3D6F0
429,0x3D75C,0x3D788,44,sub_3D75C
430,0x3D788,0x3D7B4,44,sub_3D788
431,0x3D7B4,0x3D7E0,44,sub_3D7B4
432,0x3D7E0,0x3D83C,92,sub_3D7E0
433,0x3D83C,0x3D894,88,sub_3D83C
434,0x3D894,0x3D900,108,sub_3D894
435,0x3D900,0x3D95C,92,sub_3D900
436,0x3D95C,0x3D9B4,88,sub_3D95C
437,0x3D9B4,0x3DA20,108,sub_3D9B4
438,0x3DA20,0x3DA7C,92,sub_3DA20
439,0x3DA7C,0x3DAD4,88,sub_3DA7C
440,0x3DAD4,0x3DB40,108,sub_3DAD4
441,0x3DB40,0x3DB9C,92,sub_3DB40
442,0x3DB9C,0x3DBF4,88,sub_3DB9C
443,0x3DBF4,0x3DC60,108,sub_3DBF4
444,0x3DC60,0x3DCA0,64,sub_3DC60
445,0x3DCA0,0x3DCE0,64,sub_3DCA0
446,0x3DCE0,0x3DD20,64,sub_3DCE0
447,0x3DD20,0x3DD4C,44,sub_3DD20
448,0x3DD4C,0x3DDB8,108,sub_3DD4C
449,0x3DDB8,0x3DDE8,48,sub_3DDB8
450,0x3DDE8,0x3DFB8,464,sub_3DDE8
451,0x3DFB8,0x3DFEC,52,sub_3DFB8
452,0x3DFEC,0x3E02C,64,sub_3DFEC
453,0x3E02C,0x3E0C4,152,sub_3E02C
454,0x3E0C4,0x3E0C8,4,sub_3E0C4
455,0x3E0C8,0x3E108,64,sub_3E0C8
456,0x3E108,0x3E1B0,168,sub_3E108
457,0x3E1B0,0x3E1B4,4,sub_3E1B0
458,0x3E1B4,0x3E1E4,48,sub_3E1B4
459,0x3E1E4,0x3E9E4,2048,sub_3E1E4
460,0x3E9E4,0x3EA24,64,sub_3E9E4
461,0x3EA24,0x3EA64,64,sub_3EA24
462,0x3EA64,0x3EAD8,116,sub_3EA64
463,0x3EAD8,0x3EB20,72,sub_3EAD8
464,0x3EB20,0x3EB60,64,sub_3EB20
465,0x3EB60,0x3EC40,224,sub_3EB60
466,0x3EC40,0x3EC6C,44,sub_3EC40
467,0x3EC6C,0x3EC98,44,sub_3EC6C
468,0x3EC98,0x3ECE8,80,sub_3EC98
469,0x3ECE8,0x3ED38,80,sub_3ECE8
470,0x3ED38,0x3F264,1324,sub_3ED38
471,0x3F264,0x3F30C,168,sub_3F264
472,0x3F30C,0x3F38C,128,sub_3F30C
473,0x3F38C,0x3F5A0,532,sub_3F38C
474,0x3F5A0,0x3FCF0,1872,sub_3F5A0
475,0x3FCF0,0x3FD80,144,sub_3FCF0
476,0x3FD80,0x3FF54,468,sub_3FD80
477,0x3FF54,0x3FF5C,8,sub_3FF54
478,0x3FF5C,0x40064,264,sub_3FF5C
479,0x40064,0x40478,1044,sub_40064
480,0x40478,0x4077C,772,sub_40478
481,0x4077C,0x41104,2440,sub_4077C
482,0x41104,0x413EC,744,sub_41104
483,0x413EC,0x428E0,5364,sub_413EC
484,0x428E0,0x42978,152,sub_428E0
485,0x42978,0x429EC,116,sub_42978
486,0x429EC,0x42B90,420,sub_429EC
487,0x42B90,0x42BBC,44,sub_42B90
488,0x42BBC,0x42BE8,44,sub_42BBC
489,0x42BE8,0x42C14,44,sub_42BE8
490,0x42C14,0x42C40,44,sub_42C14
491,0x42C40,0x42DD0,400,sub_42C40
492,0x42DD0,0x42F68,408,sub_42DD0
493,0x42F68,0x43284,796,sub_42F68
494,0x43284,0x43290,12,sub_43284
495,0x43290,0x43300,112,sub_43290
496,0x43300,0x43384,132,sub_43300
497,0x43384,0x43410,140,sub_43384
498,0x43410,0x4349C,140,sub_43410
499,0x4349C,0x43528,140,sub_4349C
500,0x43528,0x43554,44,sub_43528
501,0x43554,0x435F8,164,sub_43554
502,0x435F8,0x436E4,236,sub_435F8
503,0x436E4,0x43710,44,sub_436E4
504,0x43710,0x4373C,44,sub_43710
505,0x4373C,0x43F90,2132,sub_4373C
506,0x43F90,0x43FDC,76,sub_43F90
507,0x43FDC,0x440C0,228,sub_43FDC
508,0x440C0,0x441AC,236,sub_440C0
509,0x441AC,0x442A8,252,sub_441AC
510,0x442A8,0x442C8,32,sub_442A8
511,0x442C8,0x442EC,36,sub_442C8
512,0x442EC,0x44374,136,sub_442EC
513,0x44374,0x443F4,128,sub_44374
514,0x443F4,0x4442C,56,sub_443F4
515,0x4442C,0x44464,56,sub_4442C
516,0x44464,0x44494,48,sub_44464
517,0x44494,0x44604,368,sub_44494
518,0x44604,0x4463C,56,sub_44604
519,0x4463C,0x44F64,2344,sub_4463C
520,0x44F64,0x45038,212,sub_44F64
521,0x45038,0x4518C,340,sub_45038
522,0x4518C,0x451D4,72,sub_4518C
523,0x451D4,0x4521C,72,sub_451D4
524,0x4521C,0x46414,4600,sub_4521C
525,0x46414,0x4676C,856,sub_46414
526,0x4676C,0x471B8,2636,sub_4676C
527,0x471B8,0x47988,2000,sub_471B8
528,0x47988,0x47A48,192,sub_47988
529,0x47A48,0x47B5C,276,sub_47A48
530,0x47B5C,0x47E78,796,sub_47B5C
531,0x47E78,0x47F10,152,sub_47E78
532,0x47F10,0x48264,852,sub_47F10
533,0x48264,0x483F8,404,sub_48264
534,0x483F8,0x48964,1388,sub_483F8
535,0x48964,0x48C1C,696,sub_48964
536,0x48C1C,0x48D60,324,sub_48C1C
537,0x48D60,0x49180,1056,sub_48D60
538,0x49180,0x49230,176,sub_49180
539,0x49230,0x4988C,1628,sub_49230
540,0x4988C,0x49AC4,568,sub_4988C
541,0x49AC4,0x49E44,896,sub_49AC4
542,0x49E44,0x4A278,1076,sub_49E44
543,0x4A278,0x4AA1C,1956,sub_4A278
544,0x4AA1C,0x4AAB4,152,sub_4AA1C
545,0x4AAB4,0x4AC48,404,sub_4AAB4
546,0x4AC48,0x4ADA4,348,sub_4AC48
547,0x4ADA4,0x4AF74,464,sub_4ADA4
548,0x4AF74,0x4B340,972,sub_4AF74
549,0x4B340,0x4B524,484,sub_4B340
550,0x4B524,0x4B6B8,404,sub_4B524
551,0x4B6B8,0x4B748,144,sub_4B6B8
552,0x4B748,0x4B8E8,416,sub_4B748
553,0x4B8E8,0x4B9A4,188,sub_4B8E8
554,0x4B9A4,0x4BB90,492,sub_4B9A4
555,0x4BB90,0x4BC08,120,sub_4BB90
556,0x4BC08,0x4BCF4,236,sub_4BC08
557,0x4BCF4,0x4BD94,160,sub_4BCF4
558,0x4BD94,0x4BDE4,80,sub_4BD94
559,0x4BDE4,0x4C17C,920,sub_4BDE4
560,0x4C17C,0x4D3B0,4660,sub_4C17C
561,0x4D3B0,0x4D64C,668,sub_4D3B0
562,0x4D64C,0x4DB48,1276,sub_4D64C
563,0x4DB48,0x4DC10,200,sub_4DB48
564,0x4DC10,0x4DD40,304,sub_4DC10
565,0x4DD40,0x4E078,824,sub_4DD40
566,0x4E078,0x4E100,136,sub_4E078
567,0x4E100,0x4E28C,396,sub_4E100
568,0x4E28C,0x4E2CC,64,sub_4E28C
569,0x4E2CC,0x4E340,116,sub_4E2CC
570,0x4E340,0x4E3A8,104,sub_4E340
571,0x4E3A8,0x4E3EC,68,sub_4E3A8
572,0x4E3EC,0x4E458,108,sub_4E3EC
573,0x4E458,0x4E544,236,sub_4E458
574,0x4E544,0x4E9C0,1148,sub_4E544
575,0x4E9C0,0x4EA2C,108,sub_4E9C0
576,0x4EA2C,0x4EA58,44,sub_4EA2C
577,0x4EA58,0x4EAC4,108,sub_4EA58
578,0x4EAC4,0x4EAF0,44,sub_4EAC4
579,0x4EAF0,0x4EB4C,92,sub_4EAF0
580,0x4EB4C,0x4F248,1788,sub_4EB4C
581,0x4F248,0x4F684,1084,sub_4F248
582,0x4F684,0x4FA14,912,sub_4F684
583,0x4FA14,0x4FB60,332,sub_4FA14
584,0x4FB60,0x4FD70,528,sub_4FB60
585,0x4FD70,0x50058,744,sub_4FD70
586,0x50058,0x507CC,1908,sub_50058
587,0x507CC,0x50850,132,sub_507CC
588,0x50850,0x508D4,132,sub_50850
589,0x508D4,0x50918,68,sub_508D4
590,0x50918,0x5095C,68,sub_50918
591,0x5095C,0x509D4,120,sub_5095C
592,0x509D4,0x50A50,124,sub_509D4
593,0x50A50,0x50ACC,124,sub_50A50
594,0x50ACC,0x50BA8,220,sub_50ACC
595,0x50BA8,0x50C7C,212,sub_50BA8
596,0x50C7C,0x50C80,4,sub_50C7C
597,0x50C80,0x511F0,1392,sub_50C80
598,0x511F0,0x511F4,4,sub_511F0
599,0x511F4,0x515D0,988,sub_511F4
600,0x515D0,0x51BF8,1576,sub_515D0
601,0x51BF8,0x51E48,592,sub_51BF8
602,0x51E48,0x5225C,1044,sub_51E48
603,0x5225C,0x52474,536,sub_5225C
604,0x52474,0x526E8,628,sub_52474
605,0x526E8,0x530BC,2516,sub_526E8
606,0x530BC,0x533F4,824,sub_530BC
607,0x533F4,0x53860,1132,sub_533F4
608,0x53860,0x54048,2024,sub_53860
609,0x54048,0x54274,556,sub_54048
610,0x54274,0x542FC,136,sub_54274
611,0x542FC,0x54398,156,sub_542FC
612,0x54398,0x54438,160,sub_54398
613,0x54438,0x545E0,424,sub_54438
614,0x545E0,0x54870,656,sub_545E0
615,0x54870,0x54BB8,840,sub_54870
616,0x54BB8,0x55018,1120,sub_54BB8
617,0x55018,0x55308,752,sub_55018
618,0x55308,0x554B8,432,sub_55308
619,0x554B8,0x554C0,8,sub_554B8
620,0x554C0,0x56020,2912,sub_554C0
621,0x56020,0x56038,24,sub_56020
622,0x56038,0x56040,8,sub_56038
623,0x56040,0x56048,8,sub_56040
624,0x56048,0x56054,12,sub_56048
625,0x56054,0x56A88,2612,sub_56054
626,0x56A88,0x56ACC,68,sub_56A88
627,0x56ACC,0x56B10,68,sub_56ACC
628,0x56B10,0x56B54,68,sub_56B10
629,0x56B54,0x56B98,68,sub_56B54
630,0x56B98,0x56BDC,68,sub_56B98
631,0x56BDC,0x56C20,68,sub_56BDC
632,0x56C20,0x56C64,68,sub_56C20
633,0x56C64,0x56CA8,68,sub_56C64
634,0x56CA8,0x56CEC,68,sub_56CA8
635,0x56CEC,0x56D34,72,sub_56CEC
636,0x56D34,0x56D60,44,sub_56D34
637,0x56D60,0x56DA8,72,sub_56D60
638,0x56DA8,0x56DD4,44,sub_56DA8
639,0x56DD4,0x56E1C,72,sub_56DD4
640,0x56E1C,0x56E48,44,sub_56E1C
641,0x56E48,0x57404,1468,sub_56E48
642,0x57404,0x57434,48,sub_57404
643,0x57434,0x57438,4,sub_57434
644,0x57438,0x57514,220,sub_57438
645,0x57514,0x577B4,672,sub_57514
646,0x577B4,0x585C8,3604,sub_577B4
647,0x585C8,0x58738,368,sub_585C8
648,0x58738,0x58A54,796,sub_58738
649,0x58A54,0x590C4,1648,sub_58A54
650,0x590C4,0x59D58,3220,sub_590C4
651,0x59D58,0x59DAC,84,sub_59D58
652,0x59DAC,0x59E38,140,sub_59DAC
653,0x59E38,0x59E8C,84,sub_59E38
654,0x59E8C,0x59F20,148,sub_59E8C
655,0x59F20,0x59FC8,168,sub_59F20
656,0x59FC8,0x5A070,168,sub_59FC8
657,0x5A070,0x5A100,144,sub_5A070
658,0x5A100,0x5A190,144,sub_5A100
659,0x5A190,0x5A224,148,sub_5A190
660,0x5A224,0x5A2B8,148,sub_5A224
661,0x5A2B8,0x5A324,108,sub_5A2B8
662,0x5A324,0x5A3C8,164,sub_5A324
663,0x5A3C8,0x5A434,108,sub_5A3C8
664,0x5A434,0x5A460,44,sub_5A434
665,0x5A460,0x5A48C,44,sub_5A460
666,0x5A48C,0x5A4F8,108,sub_5A48C
667,0x5A4F8,0x5A5A4,172,sub_5A4F8
668,0x5A5A4,0x5A618,116,sub_5A5A4
669,0x5A618,0x5A64C,52,sub_5A618
670,0x5A64C,0x5A6C0,116,sub_5A64C
671,0x5A6C0,0x5A730,112,sub_5A6C0
672,0x5A730,0x5A7A0,112,sub_5A730
673,0x5A7A0,0x5A820,128,sub_5A7A0
674,0x5A820,0x5A898,120,sub_5A820
675,0x5A898,0x5A8C4,44,sub_5A898
676,0x5A8C4,0x5A930,108,sub_5A8C4
677,0x5A930,0x5A9A0,112,sub_5A930
678,0x5A9A0,0x5AA10,112,sub_5A9A0
679,0x5AA10,0x5AAC0,176,sub_5AA10
680,0x5AAC0,0x5AB38,120,sub_5AAC0
681,0x5AB38,0x5ABB0,120,sub_5AB38
682,0x5ABB0,0x5AC18,104,sub_5ABB0
683,0x5AC18,0x5AC80,104,sub_5AC18
684,0x5AC80,0x5ACAC,44,sub_5AC80
685,0x5ACAC,0x5ACF0,68,sub_5ACAC
686,0x5ACF0,0x5AD34,68,sub_5ACF0
687,0x5AD34,0x5AD60,44,sub_5AD34
688,0x5AD60,0x5AE14,180,sub_5AD60
689,0x5AE14,0x5AE6C,88,sub_5AE14
690,0x5AE6C,0x5AEC4,88,sub_5AE6C
691,0x5AEC4,0x5AFC4,256,sub_5AEC4
692,0x5AFC4,0x5B080,188,sub_5AFC4
693,0x5B080,0x5B180,256,sub_5B080
694,0x5B180,0x5B23C,188,sub_5B180
695,0x5B23C,0x5B33C,256,sub_5B23C
696,0x5B33C,0x5B770,1076,sub_5B33C
697,0x5B770,0x5B9A4,564,sub_5B770
698,0x5B9A4,0x5D0BC,5912,sub_5B9A4
699,0x5D0BC,0x5D550,1172,sub_5D0BC
700,0x5D550,0x5D620,208,sub_5D550
701,0x5D620,0x5D874,596,sub_5D620
702,0x5D874,0x5D8E0,108,sub_5D874
703,0x5D8E0,0x5D9FC,284,sub_5D8E0
704,0x5D9FC,0x5E1F0,2036,sub_5D9FC
705,0x5E1F0,0x5F0A4,3764,sub_5E1F0
706,0x5F0A4,0x5F21C,376,sub_5F0A4
707,0x5F21C,0x5F2F0,212,sub_5F21C
708,0x5F2F0,0x5F4E0,496,sub_5F2F0
709,0x5F4E0,0x5F6F0,528,sub_5F4E0
710,0x5F6F0,0x5F880,400,sub_5F6F0
711,0x5F880,0x61500,7296,sub_5F880
712,0x61500,0x61510,16,sub_61500
713,0x61510,0x616EC,476,sub_61510
714,0x616EC,0x61774,136,sub_616EC
715,0x61774,0x61914,416,sub_61774
716,0x61914,0x619A4,144,sub_61914
717,0x619A4,0x61A38,148,sub_619A4
718,0x61A38,0x61A9C,100,sub_61A38
719,0x61A9C,0x61D5C,704,sub_61A9C
720,0x61D5C,0x62144,1000,sub_61D5C
721,0x62144,0x62440,764,sub_62144
722,0x62440,0x6246C,44,sub_62440
723,0x6246C,0x62498,44,sub_6246C
724,0x62498,0x628C8,1072,sub_62498
725,0x628C8,0x62968,160,sub_628C8
726,0x62968,0x62C60,760,sub_62968
727,0x62C60,0x62EA4,580,sub_62C60
728,0x62EA4,0x63120,636,sub_62EA4
729,0x63120,0x63124,4,sub_63120
730,0x63124,0x63D4C,3112,sub_63124
731,0x63D4C,0x63F5C,528,sub_63D4C
732,0x63F5C,0x640FC,416,sub_63F5C
733,0x640FC,0x64110,20,sub_640FC
734,0x64110,0x642EC,476,sub_64110
735,0x642EC,0x645E4,760,sub_642EC
736,0x645E4,0x649DC,1016,sub_645E4
737,0x649DC,0x64A78,156,sub_649DC
738,0x64A78,0x64B14,156,sub_64A78
739,0x64B14,0x64C70,348,sub_64B14
740,0x64C70,0x65268,1528,sub_64C70
741,0x65268,0x652F0,136,sub_65268
742,0x652F0,0x65300,16,sub_652F0
743,0x65300,0x65314,20,sub_65300
744,0x65314,0x65324,16,sub_65314
745,0x65324,0x65338,20,sub_65324
746,0x65338,0x65348,16,sub_65338
747,0x65348,0x6535C,20,sub_65348
748,0x6535C,0x6536C,16,sub_6535C
749,0x6536C,0x65378,12,sub_6536C
750,0x65378,0x653E0,104,sub_65378
751,0x653E0,0x65484,164,sub_653E0
752,0x65484,0x66DDC,6488,sub_65484
753,0x66DDC,0x66EAC,208,sub_66DDC
754,0x66EAC,0x6714C,672,sub_66EAC
755,0x6714C,0x681A8,4188,sub_6714C
756,0x681A8,0x681DC,52,sub_681A8
757,0x681DC,0x68210,52,sub_681DC
758,0x68210,0x6823C,44,sub_68210
759,0x6823C,0x68268,44,sub_6823C
760,0x68268,0x682D4,108,sub_68268
761,0x682D4,0x68340,108,sub_682D4
762,0x68340,0x68384,68,sub_68340
763,0x68384,0x683C8,68,sub_68384
764,0x683C8,0x684DC,276,sub_683C8
765,0x684DC,0x685CC,240,sub_684DC
766,0x685CC,0x686BC,240,sub_685CC
767,0x686BC,0x687AC,240,sub_686BC
768,0x687AC,0x68860,180,sub_687AC
769,0x68860,0x688E4,132,sub_68860
770,0x688E4,0x68950,108,sub_688E4
771,0x68950,0x689BC,108,sub_68950
772,0x689BC,0x68A28,108,sub_689BC
773,0x68A28,0x68A94,108,sub_68A28
774,0x68A94,0x68B00,108,sub_68A94
775,0x68B00,0x68B58,88,sub_68B00
776,0x68B58,0x68BB0,88,sub_68B58
777,0x68BB0,0x68C10,96,sub_68BB0
778,0x68C10,0x68C70,96,sub_68C10
779,0x68C70,0x68D88,280,sub_68C70
780,0x68D88,0x68F08,384,sub_68D88
781,0x68F08,0x690A4,412,sub_68F08
782,0x690A4,0x690A8,4,sub_690A4
783,0x690A8,0x690B0,8,sub_690A8
784,0x690B0,0x69164,180,sub_690B0
785,0x69164,0x69280,284,sub_69164
786,0x69280,0x6928C,12,sub_69280
787,0x6928C,0x692C0,52,sub_6928C
788,0x692C0,0x692F4,52,sub_692C0
789,0x692F4,0x69328,52,sub_692F4
790,0x69328,0x69354,44,sub_69328
791,0x69354,0x693D0,124,sub_69354
792,0x693D0,0x6944C,124,sub_693D0
793,0x6944C,0x69480,52,sub_6944C
794,0x69480,0x694B4,52,sub_69480
795,0x694B4,0x69528,116,sub_694B4
796,0x69528,0x6959C,116,sub_69528
797,0x6959C,0x695C8,44,sub_6959C
798,0x695C8,0x695F4,44,sub_695C8
799,0x695F4,0x69620,44,sub_695F4
800,0x69620,0x6964C,44,sub_69620
801,0x6964C,0x696CC,128,sub_6964C
802,0x696CC,0x6974C,128,sub_696CC
803,0x6974C,0x697B8,108,sub_6974C
804,0x697B8,0x6984C,148,sub_697B8
805,0x6984C,0x698EC,160,sub_6984C
806,0x698EC,0x69DB8,1228,sub_698EC
807,0x69DB8,0x69F7C,452,sub_69DB8
808,0x69F7C,0x6A2E8,876,sub_69F7C
809,0x6A2E8,0x6A390,168,sub_6A2E8
810,0x6A390,0x6A5A8,536,sub_6A390
811,0x6A5A8,0x6AFB0,2568,sub_6A5A8
812,0x6AFB0,0x6B71C,1900,sub_6AFB0
813,0x6B71C,0x6BEB4,1944,sub_6B71C
814,0x6BEB4,0x6C488,1492,sub_6BEB4
815,0x6C488,0x6C728,672,sub_6C488
816,0x6C728,0x6C75C,52,sub_6C728
817,0x6C75C,0x6CCD8,1404,sub_6C75C
818,0x6CCD8,0x6CF1C,580,sub_6CCD8
819,0x6CF1C,0x6D110,500,sub_6CF1C
820,0x6D110,0x6D1A0,144,sub_6D110
821,0x6D1A0,0x6E1AC,4108,sub_6D1A0
822,0x6E1AC,0x6E234,136,sub_6E1AC
823,0x6E234,0x6E2CC,152,sub_6E234
824,0x6E2CC,0x6E910,1604,sub_6E2CC
825,0x6E910,0x6ECB4,932,sub_6E910
826,0x6ECB4,0x6EE34,384,sub_6ECB4
827,0x6EE34,0x6F524,1776,sub_6EE34
828,0x6F524,0x6FC88,1892,sub_6F524
829,0x6FC88,0x6FEA8,544,sub_6FC88
830,0x6FEA8,0x6FFF0,328,sub_6FEA8
831,0x6FFF0,0x702CC,732,sub_6FFF0
832,0x702CC,0x70620,852,sub_702CC
833,0x70620,0x7098C,876,sub_70620
834,0x7098C,0x70A94,264,sub_7098C
835,0x70A94,0x70C48,436,sub_70A94
836,0x70C48,0x70DDC,404,sub_70C48
837,0x70DDC,0x71034,600,sub_70DDC
838,0x71034,0x7115C,296,sub_71034
839,0x7115C,0x712CC,368,sub_7115C
840,0x712CC,0x71594,712,sub_712CC
841,0x71594,0x7178C,504,sub_71594
842,0x7178C,0x71C20,1172,sub_7178C
843,0x71C20,0x71EFC,732,sub_71C20
844,0x71EFC,0x720DC,480,sub_71EFC
845,0x720DC,0x727C0,1764,sub_720DC
846,0x727C0,0x729AC,492,sub_727C0
847,0x729AC,0x729EC,64,sub_729AC
848,0x729EC,0x72ADC,240,sub_729EC
849,0x72ADC,0x72B90,180,sub_72ADC
850,0x72B90,0x72D60,464,sub_72B90
851,0x72D60,0x72D9C,60,sub_72D60
852,0x72D9C,0x72E54,184,sub_72D9C
853,0x72E54,0x72ED4,128,sub_72E54
854,0x72ED4,0x732E4,1040,sub_72ED4
855,0x732E4,0x7350C,552,sub_732E4
856,0x7350C,0x73700,500,sub_7350C
857,0x73700,0x73F44,2116,sub_73700
858,0x73F44,0x7409C,344,sub_73F44
859,0x7409C,0x7417C,224,sub_7409C
860,0x7417C,0x74554,984,sub_7417C
861,0x74554,0x74770,540,sub_74554
862,0x74770,0x74C10,1184,sub_74770
863,0x74C10,0x75184,1396,sub_74C10
864,0x75184,0x75618,1172,sub_75184
865,0x75618,0x758E0,712,sub_75618
866,0x758E0,0x75998,184,sub_758E0
867,0x75998,0x75CE4,844,sub_75998
868,0x75CE4,0x75E08,292,sub_75CE4
869,0x75E08,0x76150,840,sub_75E08
870,0x76150,0x761F4,164,sub_76150
871,0x761F4,0x7638C,408,sub_761F4
872,0x7638C,0x76468,220,sub_7638C
873,0x76468,0x765D8,368,sub_76468
874,0x765D8,0x767E8,528,sub_765D8
875,0x767E8,0x7691C,308,sub_767E8
876,0x7691C,0x76B5C,576,sub_7691C
877,0x76B5C,0x76CB8,348,sub_76B5C
878,0x76CB8,0x76D54,156,sub_76CB8
879,0x76D54,0x77090,828,sub_76D54
880,0x77090,0x774A4,1044,sub_77090
881,0x774A4,0x77EB0,2572,sub_774A4
882,0x77EB0,0x77EC8,24,sub_77EB0
883,0x77EC8,0x77EE0,24,sub_77EC8
884,0x77EE0,0x77F90,176,sub_77EE0
885,0x77F90,0x77FE4,84,sub_77F90
886,0x77FE4,0x780E4,256,sub_77FE4
887,0x780E4,0x7818C,168,sub_780E4
888,0x7818C,0x78318,396,sub_7818C
889,0x78318,0x78518,512,sub_78318
890,0x78518,0x78588,112,sub_78518
891,0x78588,0x78644,188,sub_78588
892,0x78644,0x78BA0,1372,sub_78644
893,0x78BA0,0x78EEC,844,sub_78BA0
894,0x78EEC,0x78F94,168,sub_78EEC
895,0x78F94,0x79354,960,sub_78F94
896,0x79354,0x79498,324,sub_79354
897,0x79498,0x79550,184,sub_79498
898,0x79550,0x795E8,152,sub_79550
899,0x795E8,0x79654,108,sub_795E8
900,0x79654,0x79738,228,sub_79654
901,0x79738,0x79874,316,sub_79738
902,0x79874,0x79CE8,1140,sub_79874
903,0x79CE8,0x79F60,632,sub_79CE8
904,0x79F60,0x79F74,20,sub_79F60
905,0x79F74,0x7A424,1200,sub_79F74
906,0x7A424,0x7A4A0,124,sub_7A424
907,0x7A4A0,0x7A684,484,sub_7A4A0
908,0x7A684,0x7AA9C,1048,sub_7A684
909,0x7AA9C,0x7AB34,152,sub_7AA9C
910,0x7AB34,0x7ADA0,620,sub_7AB34
911,0x7ADA0,0x7AE38,152,sub_7ADA0
912,0x7AE38,0x7AE7C,68,sub_7AE38
913,0x7AE7C,0x7AEC8,76,sub_7AE7C
914,0x7AEC8,0x7AF5C,148,sub_7AEC8
915,0x7AF5C,0x7AFF0,148,sub_7AF5C
916,0x7AFF0,0x7BE7C,3724,sub_7AFF0
917,0x7BE7C,0x7C0A0,548,sub_7BE7C
918,0x7C0A0,0x7C204,356,sub_7C0A0
919,0x7C204,0x7C364,352,sub_7C204
920,0x7C364,0x7C388,36,sub_7C364
921,0x7C388,0x7C398,16,sub_7C388
922,0x7C398,0x7C404,108,sub_7C398
923,0x7C404,0x7CD90,2444,sub_7C404
924,0x7CD90,0x7CDE0,80,sub_7CD90
925,0x7CDE0,0x7DE5C,4220,sub_7CDE0
926,0x7DE5C,0x7E3AC,1360,sub_7DE5C
927,0x7E3AC,0x7E4DC,304,sub_7E3AC
928,0x7E4DC,0x7ED1C,2112,sub_7E4DC
929,0x7ED1C,0x7EDB0,148,sub_7ED1C
930,0x7EDB0,0x7F01C,620,sub_7EDB0
931,0x7F01C,0x7F20C,496,sub_7F01C
932,0x7F20C,0x7F484,632,sub_7F20C
933,0x7F484,0x7F830,940,sub_7F484
934,0x7F830,0x7FC50,1056,sub_7F830
935,0x7FC50,0x800DC,1164,sub_7FC50
936,0x800DC,0x802E4,520,sub_800DC
937,0x802E4,0x80754,1136,sub_802E4
938,0x80754,0x8108C,2360,sub_80754
939,0x8108C,0x810B4,40,sub_8108C
940,0x810B4,0x81548,1172,sub_810B4
941,0x81548,0x81E10,2248,sub_81548
942,0x81E10,0x81FC0,432,sub_81E10
943,0x81FC0,0x81FF0,48,sub_81FC0
944,0x81FF0,0x82020,48,sub_81FF0
945,0x82020,0x8202C,12,sub_82020
946,0x8202C,0x82030,4,sub_8202C
947,0x82030,0x820BC,140,sub_82030
948,0x820BC,0x822A8,492,sub_820BC
949,0x822A8,0x82D80,2776,sub_822A8
950,0x82D80,0x8309C,796,sub_82D80
951,0x8309C,0x83548,1196,sub_8309C
952,0x83548,0x8364C,260,sub_83548
953,0x8364C,0x83910,708,sub_8364C
954,0x83910,0x83C1C,780,sub_83910
955,0x83C1C,0x840B4,1176,sub_83C1C
956,0x840B4,0x842F0,572,sub_840B4
957,0x842F0,0x846E4,1012,sub_842F0
958,0x846E4,0x84734,80,sub_846E4
959,0x84734,0x848B8,388,sub_84734
960,0x848B8,0x84AAC,500,sub_848B8
961,0x84AAC,0x84AB8,12,sub_84AAC
962,0x84AB8,0x84C7C,452,sub_84AB8
963,0x84C7C,0x84D58,220,sub_84C7C
964,0x84D58,0x84D78,32,sub_84D58
965,0x84D78,0x84D8C,20,sub_84D78
966,0x84D8C,0x84D9C,16,sub_84D8C
967,0x84D9C,0x84DAC,16,sub_84D9C
968,0x84DAC,0x84DBC,16,sub_84DAC
969,0x84DBC,0x84DD0,20,sub_84DBC
970,0x84DD0,0x84DE0,16,sub_84DD0
971,0x84DE0,0x84DF4,20,sub_84DE0
972,0x84DF4,0x84E04,16,sub_84DF4
973,0x84E04,0x84E10,12,sub_84E04
974,0x84E10,0x84E20,16,sub_84E10
975,0x84E20,0x84E34,20,sub_84E20
976,0x84E34,0x84E44,16,sub_84E34
977,0x84E44,0x84E58,20,sub_84E44
978,0x84E58,0x84E68,16,sub_84E58
979,0x84E68,0x84E7C,20,sub_84E68
980,0x84E7C,0x84E8C,16,sub_84E7C
981,0x84E8C,0x84EA0,20,sub_84E8C
982,0x84EA0,0x84EB0,16,sub_84EA0
983,0x84EB0,0x84EC4,20,sub_84EB0
984,0x84EC4,0x84ED4,16,sub_84EC4
985,0x84ED4,0x84EE8,20,sub_84ED4
986,0x84EE8,0x84EF8,16,sub_84EE8
987,0x84EF8,0x84F08,16,sub_84EF8
988,0x84F08,0x84F1C,20,sub_84F08
989,0x84F1C,0x84F30,20,sub_84F1C
990,0x84F30,0x8500C,220,sub_84F30
991,0x8500C,0x85394,904,sub_8500C
992,0x85394,0x856E4,848,sub_85394
993,0x856E4,0x85738,84,sub_856E4
994,0x85738,0x8579C,100,sub_85738
995,0x8579C,0x85800,100,sub_8579C
996,0x85800,0x85864,100,sub_85800
997,0x85864,0x858C0,92,sub_85864
998,0x858C0,0x8591C,92,sub_858C0
999,0x8591C,0x86380,2660,sub_8591C
1000,0x86380,0x863AC,44,sub_86380
1001,0x863AC,0x863D8,44,sub_863AC
1002,0x863D8,0x86404,44,sub_863D8
1003,0x86404,0x86430,44,sub_86404
1004,0x86430,0x8649C,108,sub_86430
1005,0x8649C,0x864E0,68,sub_8649C
1006,0x864E0,0x8650C,44,sub_864E0
1007,0x8650C,0x86538,44,sub_8650C
1008,0x86538,0x86564,44,sub_86538
1009,0x86564,0x86590,44,sub_86564
1010,0x86590,0x8662C,156,sub_86590
1011,0x8662C,0x866C8,156,sub_8662C
1012,0x866C8,0x86760,152,sub_866C8
1013,0x86760,0x86858,248,sub_86760
1014,0x86858,0x86950,248,sub_86858
1015,0x86950,0x86A4C,252,sub_86950
1016,0x86A4C,0x86B34,232,sub_86A4C
1017,0x86B34,0x86BD4,160,sub_86B34
1018,0x86BD4,0x86E20,588,sub_86BD4
1019,0x86E20,0x8741C,1532,sub_86E20
1020,0x8741C,0x87424,8,sub_8741C
1021,0x87424,0x8742C,8,sub_87424
1022,0x8742C,0x87468,60,sub_8742C
1023,0x87468,0x8746C,4,sub_87468
1024,0x8746C,0x874BC,80,sub_8746C
1025,0x874BC,0x87554,152,sub_874BC
1026,0x87554,0x875C8,116,sub_87554
1027,0x875C8,0x875CC,4,sub_875C8
1028,0x875CC,0x875D0,4,sub_875CC
1029,0x875D0,0x875EC,28,sub_875D0
1030,0x875EC,0x876A8,188,sub_875EC
1031,0x876A8,0x877EC,324,sub_876A8
1032,0x877EC,0x87C38,1100,sub_877EC
1033,0x87C38,0x88F44,4876,sub_87C38
1034,0x88F44,0x89140,508,sub_88F44
1035,0x89140,0x89330,496,sub_89140
1036,0x89330,0x89524,500,sub_89330
1037,0x89524,0x898F0,972,sub_89524
1038,0x898F0,0x89AF0,512,sub_898F0
1039,0x89AF0,0x89CEC,508,sub_89AF0
1040,0x89CEC,0x89F28,572,sub_89CEC
1041,0x89F28,0x8A884,2396,sub_89F28
1042,0x8A884,0x8ADA4,1312,sub_8A884
1043,0x8ADA4,0x8B710,2412,sub_8ADA4
1044,0x8B710,0x8BCF0,1504,sub_8B710
1045,0x8BCF0,0x8C0DC,1004,sub_8BCF0
1046,0x8C0DC,0x8C2D0,500,sub_8C0DC
1047,0x8C2D0,0x8C4A4,468,sub_8C2D0
1048,0x8C4A4,0x8C6AC,520,sub_8C4A4
1049,0x8C6AC,0x8C8B8,524,sub_8C6AC
1050,0x8C8B8,0x8CAC4,524,sub_8C8B8
1051,0x8CAC4,0x8CCD0,524,sub_8CAC4
1052,0x8CCD0,0x8CF08,568,sub_8CCD0
1053,0x8CF08,0x8D104,508,sub_8CF08
1054,0x8D104,0x8D950,2124,sub_8D104
1055,0x8D950,0x8DE6C,1308,sub_8D950
1056,0x8DE6C,0x8E1D4,872,sub_8DE6C
1057,0x8E1D4,0x8E250,124,sub_8E1D4
1058,0x8E250,0x8E4A4,596,sub_8E250
1059,0x8E4A4,0x8E558,180,sub_8E4A4
1060,0x8E558,0x8E988,1072,sub_8E558
1061,0x8E988,0x8E990,8,sub_8E988
1062,0x8E990,0x8EB9C,524,sub_8E990
1063,0x8EB9C,0x8ED20,388,sub_8EB9C
1064,0x8ED20,0x8F36C,1612,sub_8ED20
1065,0x8F36C,0x8F560,500,sub_8F36C
1066,0x8F560,0x90338,3544,sub_8F560
1067,0x90338,0x90964,1580,sub_90338
1068,0x90964,0x910A0,1852,sub_90964
1069,0x910A0,0x9139C,764,sub_910A0
1070,0x9139C,0x91488,236,sub_9139C
1071,0x91488,0x91598,272,sub_91488
1072,0x91598,0x96220,19592,sub_91598
1073,0x96220,0x96964,1860,sub_96220
1074,0x96964,0x96DF0,1164,sub_96964
1075,0x96DF0,0x96E20,48,sub_96DF0
1076,0x96E20,0x9A0E8,13000,sub_96E20
1077,0x9A0E8,0x9A7C8,1760,sub_9A0E8
1078,0x9A7C8,0x9A9E4,540,sub_9A7C8
1079,0x9A9E4,0x9AB04,288,sub_9A9E4
1080,0x9AB04,0x9AB2C,40,sub_9AB04
1081,0x9AB2C,0x9B0FC,1488,sub_9AB2C
1082,0x9B0FC,0x9B114,24,sub_9B0FC
1083,0x9B114,0x9B214,256,sub_9B114
1084,0x9B214,0x9B464,592,sub_9B214
1085,0x9B464,0x9B480,28,sub_9B464
1086,0x9B480,0x9B4F8,120,sub_9B480
1087,0x9B4F8,0x9B8A8,944,sub_9B4F8
1088,0x9B8A8,0x9BC60,952,sub_9B8A8
1089,0x9BC60,0x9BC64,4,sub_9BC60
1090,0x9BC64,0x9BC84,32,sub_9BC64
1091,0x9BC84,0x9BF34,688,sub_9BC84
1092,0x9BF34,0x9BF54,32,sub_9BF34
1093,0x9BF54,0x9BF74,32,sub_9BF54
1094,0x9BF74,0x9BF94,32,sub_9BF74
1095,0x9BF94,0x9BFB4,32,sub_9BF94
1096,0x9BFB4,0x9BFB8,4,sub_9BFB4
1097,0x9BFB8,0x9BFC0,8,sub_9BFB8
1098,0x9BFC0,0x9BFE0,32,sub_9BFC0
1099,0x9BFE0,0x9C000,32,sub_9BFE0
1100,0x9C000,0x9C020,32,sub_9C000
1101,0x9C020,0x9C040,32,sub_9C020
1102,0x9C040,0x9C060,32,sub_9C040
1103,0x9C060,0x9C068,8,sub_9C060
1104,0x9C068,0x9C070,8,sub_9C068
1105,0x9C070,0x9C078,8,sub_9C070
1106,0x9C078,0x9C914,2204,sub_9C078
1107,0x9C914,0x9CD40,1068,sub_9C914
1108,0x9CD40,0x9D168,1064,sub_9CD40
1109,0x9D168,0x9D258,240,sub_9D168
1110,0x9D258,0x9D318,192,sub_9D258
1111,0x9D318,0x9D378,96,sub_9D318
1112,0x9D378,0x9D74C,980,sub_9D378
1113,0x9D74C,0x9DB84,1080,sub_9D74C
1114,0x9DB84,0x9DD74,496,sub_9DB84
1115,0x9DD74,0x9DE14,160,sub_9DD74
1116,0x9DE14,0x9DF88,372,sub_9DE14
1117,0x9DF88,0x9E118,400,sub_9DF88
1118,0x9E118,0x9EAD8,2496,sub_9E118
1119,0x9EAD8,0x9EB3C,100,sub_9EAD8
1120,0x9EB3C,0x9EC74,312,sub_9EB3C
1121,0x9EC74,0x9EF58,740,sub_9EC74
1122,0x9EF58,0x9F2A8,848,sub_9EF58
1123,0x9F2A8,0x9F338,144,sub_9F2A8
1124,0x9F338,0x9F53C,516,sub_9F338
1125,0x9F53C,0x9F7E0,676,sub_9F53C
1126,0x9F7E0,0x9FF5C,1916,sub_9F7E0
1127,0x9FF5C,0xA01D0,628,sub_9FF5C
1128,0xA01D0,0xA0464,660,sub_A01D0
1129,0xA0464,0xA06B8,596,sub_A0464
1130,0xA06B8,0xA074C,148,sub_A06B8
1131,0xA074C,0xA1E60,5908,sub_A074C
1132,0xA1E60,0xA2744,2276,sub_A1E60
1133,0xA2744,0xA27DC,152,sub_A2744
1134,0xA27DC,0xA3274,2712,sub_A27DC
1135,0xA3274,0xA35F0,892,sub_A3274
1136,0xA35F0,0xA4140,2896,sub_A35F0
1137,0xA4140,0xA4144,4,sub_A4140
1138,0xA4144,0xA41C0,124,sub_A4144
1139,0xA41C0,0xA41C4,4,sub_A41C0
1140,0xA41C4,0xA4578,948,sub_A41C4
1141,0xA4578,0xA48A4,812,sub_A4578
1142,0xA48A4,0xA5474,3024,sub_A48A4
1143,0xA5474,0xA583C,968,sub_A5474
1144,0xA583C,0xA5948,268,sub_A583C
1145,0xA5948,0xA5A60,280,sub_A5948
1146,0xA5A60,0xA5A6C,12,sub_A5A60
1147,0xA5A6C,0xA5A78,12,sub_A5A6C
1148,0xA5A78,0xA5A84,12,sub_A5A78
1149,0xA5A84,0xA5A90,12,sub_A5A84
1150,0xA5A90,0xA5CA8,536,sub_A5A90
1151,0xA5CA8,0xA62C8,1568,sub_A5CA8
1152,0xA62C8,0xA640C,324,sub_A62C8
1153,0xA640C,0xA66F8,748,sub_A640C
1154,0xA66F8,0xA6898,416,sub_A66F8
1155,0xA6898,0xA6964,204,sub_A6898
1156,0xA6964,0xA6D28,964,sub_A6964
1157,0xA6D28,0xA6DDC,180,sub_A6D28
1158,0xA6DDC,0xA6E0C,48,sub_A6DDC
1159,0xA6E0C,0xA73AC,1440,sub_A6E0C
1160,0xA73AC,0xA748C,224,sub_A73AC
1161,0xA748C,0xA74CC,64,sub_A748C
1162,0xA74CC,0xA74FC,48,sub_A74CC
1163,0xA74FC,0xA7524,40,sub_A74FC
1164,0xA7524,0xA7E3C,2328,sub_A7524
1165,0xA7E3C,0xA7E8C,80,sub_A7E3C
1166,0xA7E8C,0xA85C0,1844,sub_A7E8C
1167,0xA85C0,0xA8634,116,sub_A85C0
1168,0xA8634,0xA8694,96,sub_A8634
1169,0xA8694,0xA8948,692,sub_A8694
1170,0xA8948,0xA8A34,236,sub_A8948
1171,0xA8A34,0xA8F70,1340,sub_A8A34
1172,0xA8F70,0xA9048,216,sub_A8F70
1173,0xA9048,0xA913C,244,sub_A9048
1174,0xA913C,0xA9D78,3132,sub_A913C
1175,0xA9D78,0xAA30C,1428,sub_A9D78
1176,0xAA30C,0xAA824,1304,sub_AA30C
1177,0xAA824,0xAAE40,1564,sub_AA824
1178,0xAAE40,0xAAEC8,136,sub_AAE40
1179,0xAAEC8,0xAAF9C,212,sub_AAEC8
1180,0xAAF9C,0xAB108,364,sub_AAF9C
1181,0xAB108,0xAB3C8,704,sub_AB108
1182,0xAB3C8,0xACF58,7056,sub_AB3C8
1183,0xACF58,0xAD86C,2324,sub_ACF58
1184,0xAD86C,0xADA18,428,sub_AD86C
1185,0xADA18,0xADDC0,936,sub_ADA18
1186,0xADDC0,0xAE778,2488,sub_ADDC0
1187,0xAE778,0xAE890,280,sub_AE778
1188,0xAE890,0xAED08,1144,sub_AE890
1189,0xAED08,0xAED44,60,sub_AED08
1190,0xAED44,0xAED50,12,sub_AED44
1191,0xAED50,0xAF19C,1100,sub_AED50
1192,0xAF19C,0xB014C,4016,sub_AF19C
1193,0xB014C,0xB0FA8,3676,sub_B014C
1194,0xB0FA8,0xB10F4,332,sub_B0FA8
1195,0xB10F4,0xB11A4,176,sub_B10F4
1196,0xB11A4,0xB128C,232,sub_B11A4
1197,0xB128C,0xB1598,780,sub_B128C
1198,0xB1598,0xB1AF8,1376,sub_B1598
1199,0xB1AF8,0xB2688,2960,sub_B1AF8
1200,0xB2688,0xB3A00,4984,sub_B2688
1201,0xB3A00,0xB3AF8,248,sub_B3A00
1202,0xB3AF8,0xB4080,1416,sub_B3AF8
1203,0xB4080,0xB47DC,1884,sub_B4080
1204,0xB47DC,0xB4A1C,576,sub_B47DC
1205,0xB4A1C,0xB4AA4,136,sub_B4A1C
1206,0xB4AA4,0xB4F3C,1176,sub_B4AA4
1207,0xB4F3C,0xB4F78,60,sub_B4F3C
1208,0xB4F78,0xB5094,284,sub_B4F78
1209,0xB5094,0xB51D4,320,sub_B5094
1210,0xB51D4,0xB51E0,12,sub_B51D4
1211,0xB51E0,0xB5BDC,2556,sub_B51E0
1212,0xB5BDC,0xB5C1C,64,sub_B5BDC
1213,0xB5C1C,0xB5C44,40,sub_B5C1C
1214,0xB5C44,0xB5C6C,40,sub_B5C44
1215,0xB5C6C,0xB5D94,296,sub_B5C6C
1216,0xB5D94,0xB62E4,1360,sub_B5D94
1217,0xB62E4,0xB62F0,12,sub_B62E4
1218,0xB62F0,0xB63DC,236,sub_B62F0
1219,0xB63DC,0xB63E4,8,sub_B63DC
1220,0xB63E4,0xB6734,848,sub_B63E4
1221,0xB6734,0xB673C,8,sub_B6734
1222,0xB673C,0xB6744,8,sub_B673C
1223,0xB6744,0xB6774,48,sub_B6744
1224,0xB6774,0xB6854,224,sub_B6774
1225,0xB6854,0xB6894,64,sub_B6854
1226,0xB6894,0xB689C,8,sub_B6894
1227,0xB689C,0xB68A4,8,sub_B689C
1228,0xB68A4,0xB69B0,268,sub_B68A4
1229,0xB69B0,0xB6C04,596,sub_B69B0
1230,0xB6C04,0xB6D20,284,sub_B6C04
1231,0xB6D20,0xB6DA4,132,sub_B6D20
1232,0xB6DA4,0xB6E8C,232,sub_B6DA4
1233,0xB6E8C,0xB6F5C,208,sub_B6E8C
1234,0xB6F5C,0xB7158,508,sub_B6F5C
1235,0xB7158,0xB8D44,7148,sub_B7158
1236,0xB8D44,0xB8D80,60,sub_B8D44
1237,0xB8D80,0xB8DBC,60,sub_B8D80
1238,0xB8DBC,0xC0320,30052,sub_B8DBC
1239,0xC0320,0xC046C,332,sub_C0320
1240,0xC046C,0xC134C,3808,sub_C046C
1241,0xC134C,0xC1A84,1848,sub_C134C
1242,0xC1A84,0xC240C,2440,sub_C1A84
1243,0xC240C,0xC268C,640,sub_C240C
1244,0xC268C,0xC2ACC,1088,sub_C268C
1245,0xC2ACC,0xC6C9C,16848,sub_C2ACC
1246,0xC6C9C,0xC7640,2468,sub_C6C9C
1247,0xC7640,0xC851C,3804,sub_C7640
1248,0xC851C,0xC855C,64,sub_C851C
1249,0xC855C,0xC859C,64,sub_C855C
1250,0xC859C,0xC8754,440,sub_C859C
1251,0xC8754,0xC8D40,1516,sub_C8754
1252,0xC8D40,0xC8DBC,124,sub_C8D40
1253,0xC8DBC,0xC92BC,1280,sub_C8DBC
1254,0xC92BC,0xC966C,944,sub_C92BC
1255,0xC966C,0xC969C,48,sub_C966C
1256,0xC969C,0xC96CC,48,sub_C969C
1257,0xC96CC,0xCAD80,5812,sub_C96CC
1258,0xCAD80,0xCE348,13768,sub_CAD80
1259,0xCE348,0xD06BC,9076,sub_CE348
1260,0xD06BC,0xD0D70,1716,sub_D06BC
1261,0xD0D70,0xD30F4,9092,sub_D0D70
1262,0xD30F4,0xD6040,12108,sub_D30F4
1263,0xD6040,0xD9840,14336,sub_D6040
1264,0xD9840,0xD9898,88,sub_D9840
1265,0xD9898,0xDB0C8,6192,sub_D9898
1266,0xDB0C8,0xDB224,348,sub_DB0C8
1267,0xDB224,0xDB310,236,sub_DB224
1268,0xDB310,0xDB478,360,sub_DB310
1269,0xDB478,0xDBDF4,2428,sub_DB478
1270,0xDBDF4,0xDC330,1340,sub_DBDF4
1271,0xDC330,0xDC334,4,sub_DC330
1272,0xDC334,0xDD580,4684,sub_DC334
1273,0xDD580,0xDDD84,2052,sub_DD580
1274,0xDDD84,0xDF224,5280,sub_DDD84
1275,0xDF224,0xDF340,284,sub_DF224
1276,0xDF340,0xDF7B4,1140,sub_DF340
1277,0xDF7B4,0xDFA80,716,sub_DF7B4
1278,0xDFA80,0xDFD2C,684,sub_DFA80
1279,0xDFD2C,0xDFD38,12,sub_DFD2C
1280,0xDFD38,0xDFD44,12,sub_DFD38
1281,0xDFD44,0xDFF64,544,sub_DFD44
1282,0xDFF64,0xE04D0,1388,sub_DFF64
1283,0xE04D0,0xE097C,1196,sub_E04D0
1284,0xE097C,0xE0E24,1192,sub_E097C
1285,0xE0E24,0xE12CC,1192,sub_E0E24
1286,0xE12CC,0xE2C2C,6496,sub_E12CC
1287,0xE2C2C,0xE2FAC,896,sub_E2C2C
1288,0xE2FAC,0xE3174,456,sub_E2FAC
1289,0xE3174,0xE93A8,25140,sub_E3174
1290,0xE93A8,0xE9470,200,sub_E93A8
1291,0xE9470,0xE9A08,1432,sub_E9470
1292,0xE9A08,0xE9FC4,1468,sub_E9A08
1293,0xE9FC4,0xEAD0C,3400,sub_E9FC4
1294,0xEAD0C,0xEB0B0,932,sub_EAD0C
1295,0xEB0B0,0xEB600,1360,sub_EB0B0
1296,0xEB600,0xEBA5C,1116,sub_EB600
1297,0xEBA5C,0xEC048,1516,sub_EBA5C
1298,0xEC048,0xEC98C,2372,sub_EC048
1299,0xEC98C,0xECFC8,1596,sub_EC98C
1300,0xECFC8,0xED234,620,sub_ECFC8
1301,0xED234,0xEE764,5424,sub_ED234
1302,0xEE764,0xEEF00,1948,sub_EE764
1303,0xEEF00,0xEF728,2088,sub_EEF00
1304,0xEF728,0xEFD64,1596,sub_EF728
1305,0xEFD64,0xF079C,2616,sub_EFD64
1306,0xF079C,0xF0904,360,sub_F079C
1307,0xF0904,0xF090C,8,sub_F0904
1308,0xF090C,0xF0BD8,716,sub_F090C
1309,0xF0BD8,0xF0D1C,324,sub_F0BD8
1310,0xF0D1C,0xF0D3C,32,sub_F0D1C
1311,0xF0D3C,0xF19A8,3180,sub_F0D3C
1312,0xF19A8,0xF19B0,8,sub_F19A8
1313,0xF19B0,0xF45E0,11312,sub_F19B0
1314,0xF45E0,0xF4714,308,sub_F45E0
1315,0xF4714,0xF6998,8836,sub_F4714
1316,0xF6998,0xF6B0C,372,sub_F6998
1317,0xF6B0C,0xF6B1C,16,sub_F6B0C
1318,0xF6B1C,0xF6B2C,16,sub_F6B1C
1319,0xF6B2C,0xF6B84,88,sub_F6B2C
1320,0xF6B84,0xFC820,23708,sub_F6B84
1321,0xFC820,0xFD46C,3148,sub_FC820
1322,0xFD46C,0x101354,16104,sub_FD46C
1323,0x101354,0x103D00,10668,sub_101354
1324,0x103D00,0x104928,3112,sub_103D00
1325,0x104928,0x107024,9980,sub_104928
1326,0x107024,0x10780C,2024,sub_107024
1327,0x10780C,0x107E1C,1552,sub_10780C
1328,0x107E1C,0x10C848,18988,sub_107E1C
1329,0x10C848,0x111B2C,21220,sub_10C848
1330,0x111B2C,0x1122A4,1912,sub_111B2C
1331,0x1122A4,0x112344,160,sub_1122A4
1332,0x112344,0x114DC0,10876,sub_112344
1333,0x114DC0,0x117CA4,12004,sub_114DC0
1334,0x117CA4,0x119858,7092,sub_117CA4
1335,0x119858,0x1199F0,408,sub_119858
1336,0x1199F0,0x119A0C,28,sub_1199F0
1337,0x119A0C,0x119A28,28,sub_119A0C
1338,0x119A28,0x119A3C,20,sub_119A28
1339,0x119A3C,0x11A0F4,1720,sub_119A3C
1340,0x11A0F4,0x11A280,396,sub_11A0F4
1341,0x11A280,0x11A4A8,552,sub_11A280
1342,0x11A4A8,0x11A4FC,84,sub_11A4A8
1343,0x11A4FC,0x11A50C,16,sub_11A4FC
1344,0x11A50C,0x11A550,68,sub_11A50C
1345,0x11A550,0x11A558,8,sub_11A550
1346,0x11A558,0x11A560,8,sub_11A558
1347,0x11A560,0x11A568,8,sub_11A560
1348,0x11A568,0x11A570,8,sub_11A568
1349,0x11A570,0x11A578,8,sub_11A570
1350,0x11A578,0x11A584,12,sub_11A578
1351,0x11A584,0x11A5C0,60,sub_11A584
1352,0x11A5C0,0x11AC74,1716,sub_11A5C0
1353,0x11AC74,0x11AFF8,900,sub_11AC74
1354,0x11AFF8,0x11B118,288,sub_11AFF8
1355,0x11B118,0x11B14C,52,sub_11B118
1356,0x11B14C,0x11B2F4,424,sub_11B14C
1357,0x11B2F4,0x11B380,140,sub_11B2F4
1358,0x11B380,0x11B3D0,80,sub_11B380
1359,0x11B3D0,0x11B558,392,sub_11B3D0
1360,0x11B558,0x11BE80,2344,sub_11B558
1361,0x11BE80,0x11BE94,20,sub_11BE80
1362,0x11BE94,0x11BEE0,76,sub_11BE94
1363,0x11BEE0,0x11BF58,120,sub_11BEE0
1364,0x11BF58,0x11C2C8,880,sub_11BF58
1365,0x11C2C8,0x11C490,456,sub_11C2C8
1366,0x11C490,0x11C4AC,28,sub_11C490
1367,0x11C4AC,0x11C4BC,16,sub_11C4AC
1368,0x11C4BC,0x11C4C8,12,sub_11C4BC
1369,0x11C4C8,0x11C4D8,16,sub_11C4C8
1370,0x11C4D8,0x11C4E4,12,sub_11C4D8
1371,0x11C4E4,0x11C4F4,16,sub_11C4E4
1372,0x11C4F4,0x11C500,12,sub_11C4F4
1373,0x11C500,0x11C510,16,sub_11C500
1374,0x11C510,0x11C524,20,sub_11C510
1375,0x11C524,0x11C534,16,sub_11C524
1376,0x11C534,0x11C548,20,sub_11C534
1377,0x11C548,0x11C5C4,124,sub_11C548
1378,0x11C5C4,0x11CAE8,1316,sub_11C5C4
1379,0x11CAE8,0x11CB80,152,sub_11CAE8
1380,0x11CB80,0x11CC38,184,sub_11CB80
1381,0x11CC38,0x11CE4C,532,sub_11CC38
1382,0x11CE4C,0x11CF3C,240,sub_11CE4C
1383,0x11CF3C,0x11D154,536,sub_11CF3C
1384,0x11D154,0x11D308,436,sub_11D154
1385,0x11D308,0x11D540,568,sub_11D308
1386,0x11D540,0x11D574,52,sub_11D540
1387,0x11D574,0x11D5F0,124,sub_11D574
1388,0x11D5F0,0x11D5F8,8,sub_11D5F0
1389,0x11D5F8,0x11D7B8,448,sub_11D5F8
1390,0x11D7B8,0x11DCA4,1260,sub_11D7B8
1391,0x11DCA4,0x11DCD8,52,sub_11DCA4
1392,0x11DCD8,0x11DD9C,196,sub_11DCD8
1393,0x11DD9C,0x11DEB4,280,sub_11DD9C
1394,0x11DEB4,0x11DEFC,72,sub_11DEB4
1395,0x11DEFC,0x11DFE0,228,sub_11DEFC
1396,0x11DFE0,0x11E114,308,sub_11DFE0
1397,0x11E114,0x11E254,320,sub_11E114
1398,0x11E254,0x11E280,44,sub_11E254
1399,0x11E280,0x11E4DC,604,sub_11E280
1400,0x11E4DC,0x11E73C,608,sub_11E4DC
1401,0x11E73C,0x11E95C,544,sub_11E73C
1402,0x11E95C,0x11EB7C,544,sub_11E95C
1403,0x11EB7C,0x11ED88,524,sub_11EB7C
1404,0x11ED88,0x11F3F8,1648,sub_11ED88
1405,0x11F3F8,0x11F924,1324,sub_11F3F8
1406,0x11F924,0x11FC80,860,sub_11F924
1407,0x11FC80,0x11FCFC,124,sub_11FC80
1408,0x11FCFC,0x11FF50,596,sub_11FCFC
1409,0x11FF50,0x120004,180,sub_11FF50
1410,0x120004,0x1201E4,480,sub_120004
1411,0x1201E4,0x120368,388,sub_1201E4
1412,0x120368,0x123B20,14264,sub_120368
1413,0x123B20,0x123B38,24,sub_123B20
1414,0x123B38,0x124280,1864,sub_123B38
1415,0x124280,0x124434,436,sub_124280
1416,0x124434,0x12448C,88,sub_124434
1417,0x12448C,0x12449C,16,sub_12448C
1418,0x12449C,0x1244EC,80,sub_12449C
1419,0x1244EC,0x1245D4,232,sub_1244EC
1420,0x1245D4,0x125060,2700,sub_1245D4
1421,0x125060,0x125708,1704,sub_125060
1422,0x125708,0x125B10,1032,sub_125708
1423,0x125B10,0x125CA4,404,sub_125B10
1424,0x125CA4,0x125D44,160,sub_125CA4
1425,0x125D44,0x125D50,12,sub_125D44
1426,0x125D50,0x125D58,8,sub_125D50
1427,0x125D58,0x125E78,288,sub_125D58
1428,0x125E78,0x125FD0,344,sub_125E78
1429,0x125FD0,0x125FE8,24,sub_125FD0
1430,0x125FE8,0x125FF4,12,sub_125FE8
1431,0x125FF4,0x12600C,24,sub_125FF4
1432,0x12600C,0x126018,12,sub_12600C
1433,0x126018,0x126020,8,sub_126018
1434,0x126020,0x126028,8,sub_126020
1435,0x126028,0x126030,8,sub_126028
1436,0x126030,0x126038,8,sub_126030
1437,0x126038,0x126040,8,sub_126038
1438,0x126040,0x12604C,12,sub_126040
1439,0x12604C,0x126098,76,sub_12604C
1440,0x126098,0x126A0C,2420,sub_126098
1441,0x126A0C,0x126C28,540,sub_126A0C
1442,0x126C28,0x126D1C,244,sub_126C28
1443,0x126D1C,0x126F60,580,sub_126D1C
1444,0x126F60,0x126F64,4,sub_126F60
1445,0x126F64,0x127040,220,sub_126F64
1446,0x127040,0x127094,84,sub_127040
1447,0x127094,0x127110,124,sub_127094
1448,0x127110,0x12756C,1116,sub_127110
1449,0x12756C,0x127800,660,sub_12756C
1450,0x127800,0x1278D4,212,sub_127800
1451,0x1278D4,0x1278F8,36,sub_1278D4
1452,0x1278F8,0x1281A4,2220,sub_1278F8
1453,0x1281A4,0x1283AC,520,sub_1281A4
1454,0x1283AC,0x12866C,704,sub_1283AC
1455,0x12866C,0x128D90,1828,sub_12866C
1456,0x128D90,0x128F58,456,sub_128D90
1457,0x128F58,0x128FB0,88,sub_128F58
1458,0x128FB0,0x1290A0,240,sub_128FB0
1459,0x1290A0,0x12911C,124,sub_1290A0
1460,0x12911C,0x1296AC,1424,sub_12911C
1461,0x1296AC,0x12977C,208,sub_1296AC
1462,0x12977C,0x129888,268,sub_12977C
1463,0x129888,0x129AF8,624,sub_129888
1464,0x129AF8,0x129B7C,132,sub_129AF8
1465,0x129B7C,0x129D44,456,sub_129B7C
1466,0x129D44,0x129E14,208,sub_129D44
1467,0x129E14,0x12A27C,1128,sub_129E14
1468,0x12A27C,0x12A67C,1024,sub_12A27C
1469,0x12A67C,0x12A9DC,864,sub_12A67C
1470,0x12A9DC,0x12B6A8,3276,sub_12A9DC
1471,0x12B6A8,0x12B7B4,268,sub_12B6A8
1472,0x12B7B4,0x12B7F0,60,sub_12B7B4
1473,0x12B7F0,0x12B838,72,sub_12B7F0
1474,0x12B838,0x12B874,60,sub_12B838
1475,0x12B874,0x12BB38,708,sub_12B874
1476,0x12BB38,0x12BB6C,52,sub_12BB38
1477,0x12BB6C,0x12BC7C,272,sub_12BB6C
1478,0x12BC7C,0x12BE18,412,sub_12BC7C
1479,0x12BE18,0x12BEA4,140,sub_12BE18
1480,0x12BEA4,0x12BF58,180,sub_12BEA4
1481,0x12BF58,0x12C0B8,352,sub_12BF58
1482,0x12C0B8,0x12C224,364,sub_12C0B8
1483,0x12C224,0x12C2A4,128,sub_12C224
1484,0x12C2A4,0x12C324,128,sub_12C2A4
1485,0x12C324,0x12C410,236,sub_12C324
1486,0x12C410,0x12CDE4,2516,sub_12C410
1487,0x12CDE4,0x12D2A4,1216,sub_12CDE4
1488,0x12D2A4,0x12D46C,456,sub_12D2A4
1489,0x12D46C,0x12D580,276,sub_12D46C
1490,0x12D580,0x12D658,216,sub_12D580
1491,0x12D658,0x12D6BC,100,sub_12D658
1492,0x12D6BC,0x12D8C4,520,sub_12D6BC
1493,0x12D8C4,0x12DA78,436,sub_12D8C4
1494,0x12DA78,0x12DB2C,180,sub_12DA78
1495,0x12DB2C,0x12E05C,1328,sub_12DB2C
1496,0x12E05C,0x12E314,696,sub_12E05C
1497,0x12E314,0x12E644,816,sub_12E314
1498,0x12E644,0x12EEB0,2156,sub_12E644
1499,0x12EEB0,0x12F0C0,528,sub_12EEB0
1500,0x12F0C0,0x12F30C,588,sub_12F0C0
1501,0x12F30C,0x12F80C,1280,sub_12F30C
1502,0x12F80C,0x12FA74,616,sub_12F80C
1503,0x12FA74,0x12FDCC,856,sub_12FA74
1504,0x12FDCC,0x12FE80,180,sub_12FDCC
1505,0x12FE80,0x12FF30,176,sub_12FE80
1506,0x12FF30,0x133834,14596,sub_12FF30
1507,0x133834,0x1338BC,136,sub_133834
1508,0x1338BC,0x1340C4,2056,sub_1338BC
1509,0x1340C4,0x134150,140,sub_1340C4
1510,0x134150,0x13428C,316,sub_134150
1511,0x13428C,0x134450,452,sub_13428C
1512,0x134450,0x134684,564,sub_134450
1513,0x134684,0x1351DC,2904,sub_134684
1514,0x1351DC,0x135664,1160,sub_1351DC
1515,0x135664,0x135708,164,sub_135664
1516,0x135708,0x135AA0,920,sub_135708
1517,0x135AA0,0x135D94,756,sub_135AA0
1518,0x135D94,0x135E60,204,sub_135D94
1519,0x135E60,0x13764C,6124,sub_135E60
1520,0x13764C,0x138250,3076,sub_13764C
1521,0x138250,0x138430,480,sub_138250
1522,0x138430,0x138780,848,sub_138430
1523,0x138780,0x1389B0,560,sub_138780
1524,0x1389B0,0x138F0C,1372,sub_1389B0
1525,0x138F0C,0x1395DC,1744,sub_138F0C
1526,0x1395DC,0x1396A4,200,sub_1395DC
1527,0x1396A4,0x13977C,216,sub_1396A4
1528,0x13977C,0x139800,132,sub_13977C
1529,0x139800,0x139870,112,sub_139800
1530,0x139870,0x139AF8,648,sub_139870
1531,0x139AF8,0x139CC4,460,sub_139AF8
1532,0x139CC4,0x139E44,384,sub_139CC4
1533,0x139E44,0x13A0BC,632,sub_139E44
1534,0x13A0BC,0x13A8E8,2092,sub_13A0BC
1535,0x13A8E8,0x13AC9C,948,sub_13A8E8
1536,0x13AC9C,0x13B860,3012,sub_13AC9C
1537,0x13B860,0x13BACC,620,sub_13B860
1538,0x13BACC,0x13E8F4,11816,sub_13BACC
1539,0x13E8F4,0x13EBB8,708,sub_13E8F4
1540,0x13EBB8,0x13ECD8,288,sub_13EBB8
1541,0x13ECD8,0x13EDC4,236,sub_13ECD8
1542,0x13EDC4,0x13EF78,436,sub_13EDC4
1543,0x13EF78,0x13F1E8,624,sub_13EF78
1544,0x13F1E8,0x13F498,688,sub_13F1E8
1545,0x13F498,0x13FAA8,1552,sub_13F498
1546,0x13FAA8,0x13FB58,176,sub_13FAA8
1547,0x13FB58,0x13FC30,216,sub_13FB58
1548,0x13FC30,0x13FCE0,176,sub_13FC30
1549,0x13FCE0,0x140208,1320,sub_13FCE0
1550,0x140208,0x140338,304,sub_140208
1551,0x140338,0x14934C,36884,sub_140338
1552,0x14934C,0x149FE0,3220,sub_14934C
1553,0x149FE0,0x14A16C,396,sub_149FE0
1554,0x14A16C,0x14A3E4,632,sub_14A16C
1555,0x14A3E4,0x14A898,1204,sub_14A3E4
1556,0x14A898,0x14AA20,392,sub_14A898
1557,0x14AA20,0x14AAB0,144,sub_14AA20
1558,0x14AAB0,0x14B75C,3244,sub_14AAB0
1559,0x14B75C,0x14BC5C,1280,sub_14B75C
1560,0x14BC5C,0x14CF9C,4928,sub_14BC5C
1561,0x14CF9C,0x14D19C,512,sub_14CF9C
1562,0x14D19C,0x14D714,1400,sub_14D19C
1563,0x14D714,0x14D994,640,sub_14D714
1564,0x14D994,0x14D9A8,20,sub_14D994
1565,0x14D9A8,0x14D9F0,72,sub_14D9A8
1566,0x14D9F0,0x14DBF0,512,sub_14D9F0
1567,0x14DBF0,0x14DC24,52,sub_14DBF0
1568,0x14DC24,0x14DCC4,160,sub_14DC24
1569,0x14DCC4,0x14E4C0,2044,sub_14DCC4
1570,0x14E4C0,0x14EA20,1376,sub_14E4C0
1571,0x14EA20,0x14EB64,324,sub_14EA20
1572,0x14EB64,0x14ECF4,400,sub_14EB64
1573,0x14ECF4,0x14EDEC,248,sub_14ECF4
1574,0x14EDEC,0x14EE80,148,sub_14EDEC
1575,0x14EE80,0x14EFD0,336,sub_14EE80
1576,0x14EFD0,0x14F870,2208,sub_14EFD0
1577,0x14F870,0x14F948,216,sub_14F870
1578,0x14F948,0x14F9D8,144,sub_14F948
1579,0x14F9D8,0x14FB8C,436,sub_14F9D8
1580,0x14FB8C,0x14FD44,440,sub_14FB8C
1581,0x14FD44,0x14FED0,396,sub_14FD44
1582,0x14FED0,0x14FF94,196,sub_14FED0
1583,0x14FF94,0x1500FC,360,sub_14FF94
1584,0x1500FC,0x150270,372,sub_1500FC
1585,0x150270,0x150670,1024,sub_150270
1586,0x150670,0x150814,420,sub_150670
1587,0x150814,0x15086C,88,sub_150814
1588,0x15086C,0x150BFC,912,sub_15086C
1589,0x150BFC,0x150C50,84,sub_150BFC
1590,0x150C50,0x150EF4,676,sub_150C50
1591,0x150EF4,0x1510C0,460,sub_150EF4
1592,0x1510C0,0x151614,1364,sub_1510C0
1593,0x151614,0x1516B8,164,sub_151614
1594,0x1516B8,0x151D20,1640,sub_1516B8
1595,0x151D20,0x15204C,812,sub_151D20
1596,0x15204C,0x1523A0,852,sub_15204C
1597,0x1523A0,0x152534,404,sub_1523A0
1598,0x152534,0x152670,316,sub_152534
1599,0x152670,0x152C64,1524,sub_152670
1600,0x152C64,0x153348,1764,sub_152C64
1601,0x153348,0x153384,60,sub_153348
1602,0x153384,0x153404,128,sub_153384
1603,0x153404,0x153484,128,sub_153404
1604,0x153484,0x1534EC,104,sub_153484
1605,0x1534EC,0x153630,324,sub_1534EC
1606,0x153630,0x153724,244,sub_153630
1607,0x153724,0x153820,252,sub_153724
1608,0x153820,0x153828,8,sub_153820
1609,0x153828,0x153D48,1312,sub_153828
1610,0x153D48,0x154030,744,sub_153D48
1611,0x154030,0x154164,308,sub_154030
1612,0x154164,0x154410,684,sub_154164
1613,0x154410,0x15E348,40760,sub_154410
1614,0x15E348,0x15E434,236,sub_15E348
1615,0x15E434,0x15E66C,568,sub_15E434
1616,0x15E66C,0x15E924,696,sub_15E66C
1617,0x15E924,0x15EAD0,428,sub_15E924
1618,0x15EAD0,0x15EC6C,412,sub_15EAD0
1619,0x15EC6C,0x15ED48,220,sub_15EC6C
1620,0x15ED48,0x15F25C,1300,sub_15ED48
1621,0x15F25C,0x1627CC,13680,sub_15F25C
1622,0x1627CC,0x162AB4,744,sub_1627CC
1623,0x162AB4,0x16B33C,34952,sub_162AB4
1624,0x16B33C,0x16B53C,512,sub_16B33C
1625,0x16B53C,0x173360,32292,sub_16B53C
1626,0x173360,0x173464,260,sub_173360
1627,0x173464,0x17919C,23864,sub_173464
1628,0x17919C,0x179564,968,sub_17919C
1629,0x179564,0x179950,1004,sub_179564
1630,0x179950,0x1799B8,104,sub_179950
1631,0x1799B8,0x179B40,392,sub_1799B8
1632,0x179B40,0x179DB4,628,sub_179B40
1633,0x179DB4,0x17A078,708,sub_179DB4
1634,0x17A078,0x17A0F8,128,sub_17A078
1635,0x17A0F8,0x17A19C,164,sub_17A0F8
1636,0x17A19C,0x17ADB8,3100,sub_17A19C
1637,0x17ADB8,0x17AFB4,508,sub_17ADB8
1638,0x17AFB4,0x17B008,84,sub_17AFB4
1639,0x17B008,0x17B154,332,sub_17B008
1640,0x17B154,0x17B208,180,sub_17B154
1641,0x17B208,0x17B288,128,sub_17B208
1642,0x17B288,0x17B2F8,112,sub_17B288
1643,0x17B2F8,0x17DAC0,10184,sub_17B2F8
1644,0x17DAC0,0x17DCC8,520,sub_17DAC0
1645,0x17DCC8,0x17E23C,1396,sub_17DCC8
1646,0x17E23C,0x17E88C,1616,sub_17E23C
1647,0x17E88C,0x17E8C8,60,sub_17E88C
1648,0x17E8C8,0x17ED60,1176,sub_17E8C8
1649,0x17ED60,0x17F6C4,2404,sub_17ED60
1650,0x17F6C4,0x17F7C0,252,sub_17F6C4
1651,0x17F7C0,0x17F7D4,20,sub_17F7C0
1652,0x17F7D4,0x17F8C0,236,sub_17F7D4
1653,0x17F8C0,0x17FF5C,1692,sub_17F8C0
1654,0x17FF5C,0x182B34,11224,sub_17FF5C
1655,0x182B34,0x182BE8,180,sub_182B34
1656,0x182BE8,0x182D54,364,sub_182BE8
1657,0x182D54,0x182D8C,56,sub_182D54
1658,0x182D8C,0x182F10,388,sub_182D8C
1659,0x182F10,0x182FC0,176,sub_182F10
1660,0x182FC0,0x18310C,332,sub_182FC0
1661,0x18310C,0x183D84,3192,sub_18310C
1662,0x183D84,0x183E6C,232,sub_183D84
1663,0x183E6C,0x183F14,168,sub_183E6C
1664,0x183F14,0x183F88,116,sub_183F14
1665,0x183F88,0x1840F4,364,sub_183F88
1666,0x1840F4,0x1841F0,252,sub_1840F4
1667,0x1841F0,0x18435C,364,sub_1841F0
1668,0x18435C,0x184520,452,sub_18435C
1669,0x184520,0x184958,1080,sub_184520
1670,0x184958,0x184970,24,sub_184958
1671,0x184970,0x184BF0,640,sub_184970
1672,0x184BF0,0x184E94,676,sub_184BF0
1673,0x184E94,0x184F08,116,sub_184E94
1674,0x184F08,0x184F20,24,sub_184F08
1675,0x184F20,0x185900,2528,sub_184F20
1676,0x185900,0x185958,88,sub_185900
1677,0x185958,0x185968,16,sub_185958
1678,0x185968,0x185F58,1520,sub_185968
1679,0x185F58,0x185FD8,128,sub_185F58
1680,0x185FD8,0x18601C,68,sub_185FD8
1681,0x18601C,0x186094,120,sub_18601C
1682,0x186094,0x1862D4,576,sub_186094
1683,0x1862D4,0x186434,352,sub_1862D4
1684,0x186434,0x186EC8,2708,sub_186434
1685,0x186EC8,0x188320,5208,sub_186EC8
1686,0x188320,0x189604,4836,sub_188320
1687,0x189604,0x18BB34,9520,sub_189604
1688,0x18BB34,0x18BB64,48,sub_18BB34
1689,0x18BB64,0x18BB94,48,sub_18BB64
1690,0x18BB94,0x18D7FC,7272,sub_18BB94
1691,0x18D7FC,0x18D890,148,sub_18D7FC
1692,0x18D890,0x18D8D8,72,sub_18D890
1693,0x18D8D8,0x18E804,3884,sub_18D8D8
1694,0x18E804,0x18E8F0,236,sub_18E804
1695,0x18E8F0,0x18E938,72,sub_18E8F0
1696,0x18E938,0x18E980,72,sub_18E938
1697,0x18E980,0x18E9A0,32,sub_18E980
1698,0x18E9A0,0x18EB5C,444,sub_18E9A0
1699,0x18EB5C,0x18F274,1816,sub_18EB5C
1700,0x18F274,0x18F2FC,136,sub_18F274
1701,0x18F2FC,0x18F370,116,sub_18F2FC
1702,0x18F370,0x18F434,196,sub_18F370
1703,0x18F434,0x18F48C,88,sub_18F434
1704,0x18F48C,0x18F4D0,68,sub_18F48C
1705,0x18F4D0,0x18F584,180,sub_18F4D0
1706,0x18F584,0x18F608,132,sub_18F584
1707,0x18F608,0x18F64C,68,sub_18F608
1708,0x18F64C,0x18F6A4,88,sub_18F64C
1709,0x18F6A4,0x18F760,188,sub_18F6A4
1710,0x18F760,0x18F7A4,68,sub_18F760
1711,0x18F7A4,0x18FAA4,768,sub_18F7A4
1712,0x18FAA4,0x18FD24,640,sub_18FAA4
1713,0x18FD24,0x18FE38,276,sub_18FD24
1714,0x18FE38,0x18FFF8,448,sub_18FE38
1715,0x18FFF8,0x19000C,20,sub_18FFF8
1716,0x19000C,0x1900A8,156,sub_19000C
1717,0x1900A8,0x1900BC,20,sub_1900A8
1718,0x1900BC,0x190158,156,sub_1900BC
1719,0x190158,0x1903D8,640,sub_190158
1720,0x1903D8,0x1904A8,208,sub_1903D8
1721,0x1904A8,0x190724,636,sub_1904A8
1722,0x190724,0x1907BC,152,sub_190724
1723,0x1907BC,0x1907CC,16,sub_1907BC
1724,0x1907CC,0x1907D8,12,sub_1907CC
1725,0x1907D8,0x190D58,1408,sub_1907D8
1726,0x190D58,0x190F64,524,sub_190D58
1727,0x190F64,0x19100C,168,sub_190F64
1728,0x19100C,0x1911D4,456,sub_19100C
1729,0x1911D4,0x191490,700,sub_1911D4
1730,0x191490,0x1915F8,360,sub_191490
1731,0x1915F8,0x191668,112,sub_1915F8
1732,0x191668,0x1916AC,68,sub_191668
1733,0x1916AC,0x1916F0,68,sub_1916AC
1734,0x1916F0,0x191AB8,968,sub_1916F0
1735,0x191AB8,0x191D74,700,sub_191AB8
1736,0x191D74,0x192030,700,sub_191D74
1737,0x192030,0x192070,64,sub_192030
1738,0x192070,0x1920EC,124,sub_192070
1739,0x1920EC,0x19214C,96,sub_1920EC
1740,0x19214C,0x1921E8,156,sub_19214C
1741,0x1921E8,0x192660,1144,sub_1921E8
1742,0x192660,0x192A04,932,sub_192660
1743,0x192A04,0x192A68,100,sub_192A04
1744,0x192A68,0x1931CC,1892,sub_192A68
1745,0x1931CC,0x19352C,864,sub_1931CC
1746,0x19352C,0x193540,20,sub_19352C
1747,0x193540,0x19392C,1004,sub_193540
1748,0x19392C,0x193E10,1252,sub_19392C
1749,0x193E10,0x19562C,6172,sub_193E10
1750,0x19562C,0x195CB0,1668,sub_19562C
1751,0x195CB0,0x1962F4,1604,sub_195CB0
1752,0x1962F4,0x19639C,168,sub_1962F4
1753,0x19639C,0x1964F0,340,sub_19639C
1754,0x1964F0,0x196AC4,1492,sub_1964F0
1755,0x196AC4,0x196BAC,232,sub_196AC4
1756,0x196BAC,0x196D30,388,sub_196BAC
1757,0x196D30,0x1970BC,908,sub_196D30
1758,0x1970BC,0x1971AC,240,sub_1970BC
1759,0x1971AC,0x197514,872,sub_1971AC
1760,0x197514,0x197518,4,sub_197514
1761,0x197518,0x197530,24,sub_197518
1762,0x197530,0x19753C,12,sub_197530
1763,0x19753C,0x197544,8,sub_19753C
1764,0x197544,0x19754C,8,sub_197544
1765,0x19754C,0x197554,8,sub_19754C
1766,0x197554,0x19755C,8,sub_197554
1767,0x19755C,0x197564,8,sub_19755C
1768,0x197564,0x197570,12,sub_197564
1769,0x197570,0x197578,8,sub_197570
1770,0x197578,0x197584,12,sub_197578
1771,0x197584,0x19758C,8,sub_197584
1772,0x19758C,0x197598,12,sub_19758C
1773,0x197598,0x1975A0,8,sub_197598
1774,0x1975A0,0x1975AC,12,sub_1975A0
1775,0x1975AC,0x1975B4,8,sub_1975AC
1776,0x1975B4,0x1975BC,8,sub_1975B4
1777,0x1975BC,0x1975C4,8,sub_1975BC
1778,0x1975C4,0x1975CC,8,sub_1975C4
1779,0x1975CC,0x1975D4,8,sub_1975CC
1780,0x1975D4,0x1975DC,8,sub_1975D4
1781,0x1975DC,0x1975E4,8,sub_1975DC
1782,0x1975E4,0x1975EC,8,sub_1975E4
1783,0x1975EC,0x1975F4,8,sub_1975EC
1784,0x1975F4,0x1975FC,8,sub_1975F4
1785,0x1975FC,0x197604,8,sub_1975FC
1786,0x197604,0x19760C,8,sub_197604
1787,0x19760C,0x19765C,80,sub_19760C
1788,0x19765C,0x1976C8,108,sub_19765C
1789,0x1976C8,0x1976D0,8,sub_1976C8
1790,0x1976D0,0x1976D8,8,sub_1976D0
1791,0x1976D8,0x1976E0,8,sub_1976D8
1792,0x1976E0,0x1976E8,8,sub_1976E0
1793,0x1976E8,0x1976F0,8,sub_1976E8
1794,0x1976F0,0x1976F8,8,sub_1976F0
1795,0x1976F8,0x197700,8,sub_1976F8
1796,0x197700,0x197708,8,sub_197700
1797,0x197708,0x197710,8,sub_197708
1798,0x197710,0x197718,8,sub_197710
1799,0x197718,0x197720,8,sub_197718
1800,0x197720,0x197728,8,sub_197720
1801,0x197728,0x197730,8,sub_197728
1802,0x197730,0x197738,8,sub_197730
1803,0x197738,0x197740,8,sub_197738
1804,0x197740,0x197748,8,sub_197740
1805,0x197748,0x197750,8,sub_197748
1806,0x197750,0x197758,8,sub_197750
1807,0x197758,0x197760,8,sub_197758
1808,0x197760,0x197768,8,sub_197760
1809,0x197768,0x197770,8,sub_197768
1810,0x197770,0x197778,8,sub_197770
1811,0x197778,0x197780,8,sub_197778
1812,0x197780,0x197788,8,sub_197780
1813,0x197788,0x1977A0,24,sub_197788
1814,0x1977A0,0x1977AC,12,sub_1977A0
1815,0x1977AC,0x1977C4,24,sub_1977AC
1816,0x1977C4,0x1977D0,12,sub_1977C4
1817,0x1977D0,0x1977D8,8,sub_1977D0
1818,0x1977D8,0x1977E0,8,sub_1977D8
1819,0x1977E0,0x1977E8,8,sub_1977E0
1820,0x1977E8,0x1977F0,8,sub_1977E8
1821,0x1977F0,0x1977F8,8,sub_1977F0
1822,0x1977F8,0x197800,8,sub_1977F8
1823,0x197800,0x197808,8,sub_197800
1824,0x197808,0x197810,8,sub_197808
1825,0x197810,0x197818,8,sub_197810
1826,0x197818,0x197820,8,sub_197818
1827,0x197820,0x197828,8,sub_197820
1828,0x197828,0x197834,12,sub_197828
1829,0x197834,0x197874,64,sub_197834
1830,0x197874,0x197944,208,sub_197874
1831,0x197944,0x197AE0,412,sub_197944
1832,0x197AE0,0x197B78,152,sub_197AE0
1833,0x197B78,0x197D28,432,sub_197B78
1834,0x197D28,0x197F4C,548,sub_197D28
1835,0x197F4C,0x198348,1020,sub_197F4C
1836,0x198348,0x198400,184,sub_198348
1837,0x198400,0x1984BC,188,sub_198400
1838,0x1984BC,0x1985DC,288,sub_1984BC
1839,0x1985DC,0x198680,164,sub_1985DC
1840,0x198680,0x19874C,204,sub_198680
1841,0x19874C,0x19AC14,9416,sub_19874C
1842,0x19AC14,0x19AD4C,312,sub_19AC14
1843,0x19AD4C,0x19AEB4,360,sub_19AD4C
1844,0x19AEB4,0x19B638,1924,sub_19AEB4
1845,0x19B638,0x19B794,348,sub_19B638
1846,0x19B794,0x19BAD8,836,sub_19B794
1847,0x19BAD8,0x19BDF4,796,sub_19BAD8
1848,0x19BDF4,0x19C080,652,sub_19BDF4
1849,0x19C080,0x19C0B8,56,sub_19C080
1850,0x19C0B8,0x19F2C8,12816,sub_19C0B8
1851,0x19F2C8,0x19F3C0,248,sub_19F2C8
1852,0x19F3C0,0x19FC18,2136,sub_19F3C0
1853,0x19FC18,0x19FD44,300,sub_19FC18
1854,0x19FD44,0x1A0010,716,sub_19FD44
1855,0x1A0010,0x1A03CC,956,sub_1A0010
1856,0x1A03CC,0x1A0BA4,2008,sub_1A03CC
1857,0x1A0BA4,0x1A10F0,1356,sub_1A0BA4
1858,0x1A10F0,0x1A12CC,476,sub_1A10F0
1859,0x1A12CC,0x1A1494,456,sub_1A12CC
1860,0x1A1494,0x1A1658,452,sub_1A1494
1861,0x1A1658,0x1A186C,532,sub_1A1658
1862,0x1A186C,0x1A18D0,100,sub_1A186C
1863,0x1A18D0,0x1A1E44,1396,sub_1A18D0
1864,0x1A1E44,0x1A2240,1020,sub_1A1E44
1865,0x1A2240,0x1A4650,9232,sub_1A2240
1866,0x1A4650,0x1A473C,236,sub_1A4650
1867,0x1A473C,0x1A4924,488,sub_1A473C
1868,0x1A4924,0x1A5250,2348,sub_1A4924
1869,0x1A5250,0x1A55FC,940,sub_1A5250
1870,0x1A55FC,0x1A6A6C,5232,sub_1A55FC
1871,0x1A6A6C,0x1A6BB8,332,sub_1A6A6C
1872,0x1A6BB8,0x1A6EEC,820,sub_1A6BB8
1873,0x1A6EEC,0x1A6F7C,144,sub_1A6EEC
1874,0x1A6F7C,0x1A76B8,1852,sub_1A6F7C
1875,0x1A76B8,0x1A7ABC,1028,sub_1A76B8
1876,0x1A7ABC,0x1A8128,1644,sub_1A7ABC
1877,0x1A8128,0x1A821C,244,sub_1A8128
1878,0x1A821C,0x1A8288,108,sub_1A821C
1879,0x1A8288,0x1A854C,708,sub_1A8288
1880,0x1A854C,0x1A86CC,384,sub_1A854C
1881,0x1A86CC,0x1A8AD8,1036,sub_1A86CC
1882,0x1A8AD8,0x1A8BE0,264,sub_1A8AD8
1883,0x1A8BE0,0x1A8FE8,1032,sub_1A8BE0
1884,0x1A8FE8,0x1A93AC,964,sub_1A8FE8
1885,0x1A93AC,0x1A9424,120,sub_1A93AC
1886,0x1A9424,0x1A9824,1024,sub_1A9424
1887,0x1A9824,0x1A99B4,400,sub_1A9824
1888,0x1A99B4,0x1A99E4,48,sub_1A99B4
1889,0x1A99E4,0x1A9A18,52,sub_1A99E4
1890,0x1A9A18,0x1A9B3C,292,sub_1A9A18
1891,0x1A9B3C,0x1AA19C,1632,sub_1A9B3C
1892,0x1AA19C,0x1AA1A4,8,sub_1AA19C
1893,0x1AA1A4,0x1AA1B0,12,sub_1AA1A4
1894,0x1AA1B0,0x1AA1BC,12,sub_1AA1B0
1895,0x1AA1BC,0x1ABA08,6220,sub_1AA1BC
1896,0x1ABA08,0x1ABB00,248,sub_1ABA08
1897,0x1ABB00,0x1ABBC8,200,sub_1ABB00
1898,0x1ABBC8,0x1AC00C,1092,sub_1ABBC8
1899,0x1AC00C,0x1AC380,884,sub_1AC00C
1900,0x1AC380,0x1AC6EC,876,sub_1AC380
1901,0x1AC6EC,0x1AD260,2932,sub_1AC6EC
1902,0x1AD260,0x1AD4DC,636,sub_1AD260
1903,0x1AD4DC,0x1AD968,1164,sub_1AD4DC
1904,0x1AD968,0x1ADB20,440,sub_1AD968
1905,0x1ADB20,0x1ADCE8,456,sub_1ADB20
1906,0x1ADCE8,0x1ADEE4,508,sub_1ADCE8
1907,0x1ADEE4,0x1AE1B0,716,sub_1ADEE4
1908,0x1AE1B0,0x1AE208,88,sub_1AE1B0
1909,0x1AE208,0x1AE448,576,sub_1AE208
1910,0x1AE448,0x1AE6DC,660,sub_1AE448
1911,0x1AE6DC,0x1AE744,104,sub_1AE6DC
1912,0x1AE744,0x1AEB2C,1000,sub_1AE744
1913,0x1AEB2C,0x1AEF58,1068,sub_1AEB2C
1914,0x1AEF58,0x1AF248,752,sub_1AEF58
1915,0x1AF248,0x1AF534,748,sub_1AF248
1916,0x1AF534,0x1B0050,2844,sub_1AF534
1917,0x1B0050,0x1B0910,2240,sub_1B0050
1918,0x1B0910,0x1B09D4,196,sub_1B0910
1919,0x1B09D4,0x1B0A98,196,sub_1B09D4
1920,0x1B0A98,0x1B0C50,440,sub_1B0A98
1921,0x1B0C50,0x1B1820,3024,sub_1B0C50
1922,0x1B1820,0x1B19BC,412,sub_1B1820
1923,0x1B19BC,0x1B1AD4,280,sub_1B19BC
1924,0x1B1AD4,0x1B1B9C,200,sub_1B1AD4
1925,0x1B1B9C,0x1B1D28,396,sub_1B1B9C
1926,0x1B1D28,0x1B2274,1356,sub_1B1D28
1927,0x1B2274,0x1B2398,292,sub_1B2274
1928,0x1B2398,0x1B2AE0,1864,sub_1B2398
1929,0x1B2AE0,0x1B31B0,1744,sub_1B2AE0
1930,0x1B31B0,0x1B3234,132,sub_1B31B0
1931,0x1B3234,0x1B7A98,18532,sub_1B3234
1932,0x1B7A98,0x1B8850,3512,sub_1B7A98
1933,0x1B8850,0x1B8DF4,1444,sub_1B8850
1934,0x1B8DF4,0x1B9068,628,sub_1B8DF4
1935,0x1B9068,0x1B90F0,136,sub_1B9068
1936,0x1B90F0,0x1B93F8,776,sub_1B90F0
1937,0x1B93F8,0x1B9560,360,sub_1B93F8
1938,0x1B9560,0x1BA1EC,3212,sub_1B9560
1939,0x1BA1EC,0x1BAD88,2972,sub_1BA1EC
1940,0x1BAD88,0x1BB37C,1524,sub_1BAD88
1941,0x1BB37C,0x1BB444,200,sub_1BB37C
1942,0x1BB444,0x1BB4D0,140,sub_1BB444
1943,0x1BB4D0,0x1BBACC,1532,sub_1BB4D0
1944,0x1BBACC,0x1BBD30,612,sub_1BBACC
1945,0x1BBD30,0x1BC324,1524,sub_1BBD30
1946,0x1BC324,0x1BCD20,2556,sub_1BC324
1947,0x1BCD20,0x1BCEF4,468,sub_1BCD20
1948,0x1BCEF4,0x1BD4E4,1520,sub_1BCEF4
1949,0x1BD4E4,0x1BD81C,824,sub_1BD4E4
1950,0x1BD81C,0x1BE118,2300,sub_1BD81C
1951,0x1BE118,0x1BE4E0,968,sub_1BE118
1952,0x1BE4E0,0x1BE5A0,192,sub_1BE4E0
1953,0x1BE5A0,0x1BE8C4,804,sub_1BE5A0
1954,0x1BE8C4,0x1BEA70,428,sub_1BE8C4
1955,0x1BEA70,0x1BECBC,588,sub_1BEA70
1956,0x1BECBC,0x1BED38,124,sub_1BECBC
1957,0x1BED38,0x1BEDA0,104,sub_1BED38
1958,0x1BEDA0,0x1BEE60,192,sub_1BEDA0
1959,0x1BEE60,0x1BEF2C,204,sub_1BEE60
1960,0x1BEF2C,0x1BF81C,2288,sub_1BEF2C
1961,0x1BF81C,0x1BF94C,304,sub_1BF81C
1962,0x1BF94C,0x1C0F54,5640,sub_1BF94C
1963,0x1C0F54,0x1C12B8,868,sub_1C0F54
1964,0x1C12B8,0x1C1C3C,2436,sub_1C12B8
1965,0x1C1C3C,0x1C1FFC,960,sub_1C1C3C
1966,0x1C1FFC,0x1C23C4,968,sub_1C1FFC
1967,0x1C23C4,0x1C26CC,776,sub_1C23C4
1968,0x1C26CC,0x1C2998,716,sub_1C26CC
1969,0x1C2998,0x1C2CA4,780,sub_1C2998
1970,0x1C2CA4,0x1C355C,2232,sub_1C2CA4
1971,0x1C355C,0x1C35C0,100,sub_1C355C
1972,0x1C35C0,0x1C37C0,512,sub_1C35C0
1973,0x1C37C0,0x1C3B50,912,sub_1C37C0
1974,0x1C3B50,0x1C41E0,1680,sub_1C3B50
1975,0x1C41E0,0x1C4698,1208,sub_1C41E0
1976,0x1C4698,0x1C489C,516,sub_1C4698
1977,0x1C489C,0x1C4F34,1688,sub_1C489C
1978,0x1C4F34,0x1C5088,340,sub_1C4F34
1979,0x1C5088,0x1C5104,124,sub_1C5088
1980,0x1C5104,0x1C583C,1848,sub_1C5104
1981,0x1C583C,0x1C6178,2364,sub_1C583C
1982,0x1C6178,0x1C68BC,1860,sub_1C6178
1983,0x1C68BC,0x1C9190,10452,sub_1C68BC
1984,0x1C9190,0x1C9218,136,sub_1C9190
1985,0x1C9218,0x1C990C,1780,sub_1C9218
1986,0x1C990C,0x1C9A98,396,sub_1C990C
1987,0x1C9A98,0x1C9B74,220,sub_1C9A98
1988,0x1C9B74,0x1C9EE4,880,sub_1C9B74
1989,0x1C9EE4,0x1CA20C,808,sub_1C9EE4
1990,0x1CA20C,0x1CA398,396,sub_1CA20C
1991,0x1CA398,0x1CA458,192,sub_1CA398
1992,0x1CA458,0x1CAABC,1636,sub_1CA458
1993,0x1CAABC,0x1CAF1C,1120,sub_1CAABC
1994,0x1CAF1C,0x1CB330,1044,sub_1CAF1C
1995,0x1CB330,0x1CB81C,1260,sub_1CB330
1996,0x1CB81C,0x1CBA58,572,sub_1CB81C
1997,0x1CBA58,0x1CBBB4,348,sub_1CBA58
1998,0x1CBBB4,0x1CBFD4,1056,sub_1CBBB4
1999,0x1CBFD4,0x1CC5B8,1508,sub_1CBFD4
2000,0x1CC5B8,0x1CC7AC,500,sub_1CC5B8
2001,0x1CC7AC,0x1CC8A4,248,sub_1CC7AC
2002,0x1CC8A4,0x1CCEB4,1552,sub_1CC8A4
2003,0x1CCEB4,0x1CD0C8,532,sub_1CCEB4
2004,0x1CD0C8,0x1CD2E0,536,sub_1CD0C8
2005,0x1CD2E0,0x1CD3E0,256,sub_1CD2E0
2006,0x1CD3E0,0x1CDE7C,2716,sub_1CD3E0
2007,0x1CDE7C,0x1CE748,2252,sub_1CDE7C
2008,0x1CE748,0x1D00C0,6520,sub_1CE748
2009,0x1D00C0,0x1D050C,1100,sub_1D00C0
2010,0x1D050C,0x1D0CF8,2028,sub_1D050C
2011,0x1D0CF8,0x1D0E9C,420,sub_1D0CF8
2012,0x1D0E9C,0x1D0F14,120,sub_1D0E9C
2013,0x1D0F14,0x1D1294,896,sub_1D0F14
2014,0x1D1294,0x1D12EC,88,sub_1D1294
2015,0x1D12EC,0x1D1380,148,sub_1D12EC
2016,0x1D1380,0x1D14A4,292,sub_1D1380
2017,0x1D14A4,0x1D172C,648,sub_1D14A4
2018,0x1D172C,0x1D177C,80,sub_1D172C
2019,0x1D177C,0x1D187C,256,sub_1D177C
2020,0x1D187C,0x1D1944,200,sub_1D187C
2021,0x1D1944,0x1D1A34,240,sub_1D1944
2022,0x1D1A34,0x1D1B50,284,sub_1D1A34
2023,0x1D1B50,0x1D2240,1776,sub_1D1B50
2024,0x1D2240,0x1D2494,596,sub_1D2240
2025,0x1D2494,0x1D2804,880,sub_1D2494
2026,0x1D2804,0x1D2938,308,sub_1D2804
2027,0x1D2938,0x1D2E20,1256,sub_1D2938
2028,0x1D2E20,0x1D2FCC,428,sub_1D2E20
2029,0x1D2FCC,0x1D33DC,1040,sub_1D2FCC
2030,0x1D33DC,0x1D3538,348,sub_1D33DC
2031,0x1D3538,0x1D3BF8,1728,sub_1D3538
2032,0x1D3BF8,0x1D4B2C,3892,sub_1D3BF8
2033,0x1D4B2C,0x1D4C84,344,sub_1D4B2C
2034,0x1D4C84,0x1D5BEC,3944,sub_1D4C84
2035,0x1D5BEC,0x1D6060,1140,sub_1D5BEC
2036,0x1D6060,0x1D63B0,848,sub_1D6060
2037,0x1D63B0,0x1D66A8,760,sub_1D63B0
2038,0x1D66A8,0x1D7070,2504,sub_1D66A8
2039,0x1D7070,0x1D77CC,1884,sub_1D7070
2040,0x1D77CC,0x1D7B24,856,sub_1D77CC
2041,0x1D7B24,0x1D80A8,1412,sub_1D7B24
2042,0x1D80A8,0x1D87F0,1864,sub_1D80A8
2043,0x1D87F0,0x1D88A4,180,sub_1D87F0
2044,0x1D88A4,0x1D8D10,1132,sub_1D88A4
2045,0x1D8D10,0x1D8F2C,540,sub_1D8D10
2046,0x1D8F2C,0x1D98F0,2500,sub_1D8F2C
2047,0x1D98F0,0x1D99B4,196,sub_1D98F0
2048,0x1D99B4,0x1D9C54,672,sub_1D99B4
2049,0x1D9C54,0x1DA204,1456,sub_1D9C54
2050,0x1DA204,0x1DA57C,888,sub_1DA204
2051,0x1DA57C,0x1DA864,744,sub_1DA57C
2052,0x1DA864,0x1DAC9C,1080,sub_1DA864
2053,0x1DAC9C,0x1DAD50,180,sub_1DAC9C
2054,0x1DAD50,0x1DB118,968,sub_1DAD50
2055,0x1DB118,0x1DB160,72,sub_1DB118
2056,0x1DB160,0x1DB2A8,328,sub_1DB160
2057,0x1DB2A8,0x1DB3C0,280,sub_1DB2A8
2058,0x1DB3C0,0x1DB3FC,60,sub_1DB3C0
2059,0x1DB3FC,0x1DB438,60,sub_1DB3FC
2060,0x1DB438,0x1DB6C0,648,sub_1DB438
2061,0x1DB6C0,0x1DB720,96,sub_1DB6C0
2062,0x1DB720,0x1DB880,352,sub_1DB720
2063,0x1DB880,0x1DB898,24,sub_1DB880
2064,0x1DB898,0x1DB8B0,24,sub_1DB898
2065,0x1DB8B0,0x1DB8C0,16,sub_1DB8B0
2066,0x1DB8C0,0x1DB8D0,16,sub_1DB8C0
2067,0x1DB8D0,0x1DCF8C,5820,sub_1DB8D0
2068,0x1DCF8C,0x1DCF94,8,sub_1DCF8C
2069,0x1DCF94,0x1DCF9C,8,sub_1DCF94
2070,0x1DCF9C,0x1DE0C0,4388,sub_1DCF9C
2071,0x1DE0C0,0x1DE510,1104,sub_1DE0C0
2072,0x1DE510,0x1DE5A0,144,sub_1DE510
2073,0x1DE5A0,0x1DE5A4,4,sub_1DE5A0
2074,0x1DE5A4,0x1E27F4,16976,sub_1DE5A4
2075,0x1E27F4,0x1E2878,132,sub_1E27F4
2076,0x1E2878,0x1E41E8,6512,sub_1E2878
2077,0x1E41E8,0x1E41EC,4,sub_1E41E8
2078,0x1E41EC,0x1E7F34,15688,sub_1E41EC
2079,0x1E7F34,0x1E7F38,4,sub_1E7F34
2080,0x1E7F38,0x1E89F0,2744,sub_1E7F38
2081,0x1E89F0,0x1E8B70,384,sub_1E89F0
2082,0x1E8B70,0x1E8DD0,608,sub_1E8B70
2083,0x1E8DD0,0x1E90D4,772,sub_1E8DD0
2084,0x1E90D4,0x1E920C,312,sub_1E90D4
2085,0x1E920C,0x1E92DC,208,sub_1E920C
2086,0x1E92DC,0x1E93C0,228,sub_1E92DC
2087,0x1E93C0,0x1EA9F0,5680,sub_1E93C0
2088,0x1EA9F0,0x1EB0A4,1716,sub_1EA9F0
2089,0x1EB0A4,0x1EB88C,2024,sub_1EB0A4
2090,0x1EB88C,0x1EC028,1948,sub_1EB88C
2091,0x1EC028,0x1EC350,808,sub_1EC028
2092,0x1EC350,0x1EC4A0,336,sub_1EC350
2093,0x1EC4A0,0x1EC5B0,272,sub_1EC4A0
2094,0x1EC5B0,0x1EC780,464,sub_1EC5B0
2095,0x1EC780,0x1ED010,2192,sub_1EC780
2096,0x1ED010,0x1EDAB0,2720,sub_1ED010
2097,0x1EDAB0,0x1EE5FC,2892,sub_1EDAB0
2098,0x1EE5FC,0x1EF1E8,3052,sub_1EE5FC
2099,0x1EF1E8,0x1EFB2C,2372,sub_1EF1E8
2100,0x1EFB2C,0x1F0BB0,4228,sub_1EFB2C
2101,0x1F0BB0,0x1F0DD4,548,sub_1F0BB0
2102,0x1F0DD4,0x1F0E90,188,sub_1F0DD4
2103,0x1F0E90,0x1F0F70,224,sub_1F0E90
2104,0x1F0F70,0x1F1148,472,sub_1F0F70
2105,0x1F1148,0x1F1928,2016,sub_1F1148
2106,0x1F1928,0x1F1A70,328,sub_1F1928
2107,0x1F1A70,0x1F210C,1692,sub_1F1A70
2108,0x1F210C,0x1F39A8,6300,sub_1F210C
2109,0x1F39A8,0x1F4940,3992,sub_1F39A8
2110,0x1F4940,0x1F4A64,292,sub_1F4940
2111,0x1F4A64,0x1F5CE0,4732,sub_1F4A64
2112,0x1F5CE0,0x1F5F7C,668,sub_1F5CE0
2113,0x1F5F7C,0x1F62C0,836,sub_1F5F7C
2114,0x1F62C0,0x1F6E58,2968,sub_1F62C0
2115,0x1F6E58,0x1F6FD4,380,sub_1F6E58
2116,0x1F6FD4,0x1F70F4,288,sub_1F6FD4
2117,0x1F70F4,0x1F71E0,236,sub_1F70F4
2118,0x1F71E0,0x1F7330,336,sub_1F71E0
2119,0x1F7330,0x1F76B0,896,sub_1F7330
2120,0x1F76B0,0x1F7D60,1712,sub_1F76B0
2121,0x1F7D60,0x1F80C0,864,sub_1F7D60
2122,0x1F80C0,0x1F8108,72,sub_1F80C0
2123,0x1F8108,0x1F8148,64,sub_1F8108
2124,0x1F8148,0x1F8404,700,sub_1F8148
2125,0x1F8404,0x1F8414,16,sub_1F8404
2126,0x1F8414,0x1F841C,8,sub_1F8414
2127,0x1F841C,0x1F850C,240,sub_1F841C
2128,0x1F850C,0x1F8540,52,sub_1F850C
2129,0x1F8540,0x1F856C,44,sub_1F8540
2130,0x1F856C,0x1F8628,188,sub_1F856C
2131,0x1F8628,0x1F86C0,152,sub_1F8628
2132,0x1F86C0,0x1F877C,188,sub_1F86C0
2133,0x1F877C,0x1F8834,184,sub_1F877C
2134,0x1F8834,0x1F887C,72,sub_1F8834
2135,0x1F887C,0x1F88B8,60,sub_1F887C
2136,0x1F88B8,0x1F88F4,60,sub_1F88B8
2137,0x1F88F4,0x1F8AD0,476,sub_1F88F4
2138,0x1F8AD0,0x1F8B54,132,sub_1F8AD0
2139,0x1F8B54,0x1F8C08,180,sub_1F8B54
2140,0x1F8C08,0x1F8C18,16,sub_1F8C08
2141,0x1F8C18,0x1F8C24,12,sub_1F8C18
2142,0x1F8C24,0x1F8C74,80,sub_1F8C24
2143,0x1F8C74,0x1F8D0C,152,sub_1F8C74
2144,0x1F8D0C,0x1F8D5C,80,sub_1F8D0C
2145,0x1F8D5C,0x1F8DF4,152,sub_1F8D5C
2146,0x1F8DF4,0x1F902C,568,sub_1F8DF4
2147,0x1F902C,0x1F90B0,132,sub_1F902C
2148,0x1F90B0,0x1F916C,188,sub_1F90B0
2149,0x1F916C,0x1F9180,20,sub_1F916C
2150,0x1F9180,0x1F92F0,368,sub_1F9180
2151,0x1F92F0,0x1F9488,408,sub_1F92F0
2152,0x1F9488,0x1FAB54,5836,sub_1F9488
2153,0x1FAB54,0x1FAC20,204,sub_1FAB54
2154,0x1FAC20,0x1FACF8,216,sub_1FAC20
2155,0x1FACF8,0x1FAE28,304,sub_1FACF8
2156,0x1FAE28,0x1FAF24,252,sub_1FAE28
2157,0x1FAF24,0x1FAF98,116,sub_1FAF24
2158,0x1FAF98,0x1FB228,656,sub_1FAF98
2159,0x1FB228,0x1FB314,236,sub_1FB228
2160,0x1FB314,0x1FB42C,280,sub_1FB314
2161,0x1FB42C,0x1FB4BC,144,sub_1FB42C
2162,0x1FB4BC,0x1FBE38,2428,sub_1FB4BC
2163,0x1FBE38,0x1FC428,1520,sub_1FBE38
2164,0x1FC428,0x1FC528,256,sub_1FC428
2165,0x1FC528,0x1FC554,44,sub_1FC528
2166,0x1FC554,0x1FC66C,280,sub_1FC554
2167,0x1FC66C,0x1FC698,44,sub_1FC66C
2168,0x1FC698,0x1FC958,704,sub_1FC698
2169,0x1FC958,0x1FCAA4,332,sub_1FC958
2170,0x1FCAA4,0x1FCBBC,280,sub_1FCAA4
2171,0x1FCBBC,0x1FCC14,88,sub_1FCBBC
2172,0x1FCC14,0x1FD784,2928,sub_1FCC14
2173,0x1FD784,0x1FDBBC,1080,sub_1FD784
2174,0x1FDBBC,0x1FDFFC,1088,sub_1FDBBC
2175,0x1FDFFC,0x1FE08C,144,sub_1FDFFC
2176,0x1FE08C,0x1FE2C4,568,sub_1FE08C
2177,0x1FE2C4,0x1FE354,144,sub_1FE2C4
2178,0x1FE354,0x1FE450,252,sub_1FE354
2179,0x1FE450,0x1FE59C,332,sub_1FE450
2180,0x1FE59C,0x1FEC74,1752,sub_1FE59C
2181,0x1FEC74,0x1FFA40,3532,sub_1FEC74
2182,0x1FFA40,0x20035C,2332,sub_1FFA40
2183,0x20035C,0x202138,7644,sub_20035C
2184,0x202138,0x202210,216,sub_202138
2185,0x202210,0x2023B0,416,sub_202210
2186,0x2023B0,0x2026AC,764,sub_2023B0
2187,0x2026AC,0x203660,4020,sub_2026AC
2188,0x203660,0x20396C,780,sub_203660
2189,0x20396C,0x204A64,4344,sub_20396C
2190,0x204A64,0x205210,1964,sub_204A64
2191,0x205210,0x205350,320,sub_205210
2192,0x205350,0x205DD8,2696,sub_205350
2193,0x205DD8,0x205E74,156,sub_205DD8
2194,0x205E74,0x2077FC,6536,sub_205E74
2195,0x2077FC,0x207D64,1384,sub_2077FC
2196,0x207D64,0x208360,1532,sub_207D64
2197,0x208360,0x208484,292,sub_208360
2198,0x208484,0x20853C,184,sub_208484
2199,0x20853C,0x20B3D0,11924,sub_20853C
2200,0x20B3D0,0x20B6C0,752,sub_20B3D0
2201,0x20B6C0,0x20B704,68,sub_20B6C0
2202,0x20B704,0x20B73C,56,sub_20B704
2203,0x20B73C,0x20BD48,1548,sub_20B73C
2204,0x20BD48,0x20BE40,248,sub_20BD48
2205,0x20BE40,0x20CBD4,3476,sub_20BE40
2206,0x20CBD4,0x20CD10,316,sub_20CBD4
2207,0x20CD10,0x20CE74,356,sub_20CD10
2208,0x20CE74,0x2118A0,18988,sub_20CE74
2209,0x2118A0,0x211FBC,1820,sub_2118A0
2210,0x211FBC,0x212238,636,sub_211FBC
2211,0x212238,0x212498,608,sub_212238
2212,0x212498,0x2125EC,340,sub_212498
2213,0x2125EC,0x213B38,5452,sub_2125EC
2214,0x213B38,0x213C38,256,sub_213B38
2215,0x213C38,0x213DDC,420,sub_213C38
2216,0x213DDC,0x215E00,8228,sub_213DDC
2217,0x215E00,0x2160C0,704,sub_215E00
2218,0x2160C0,0x2160F4,52,sub_2160C0
2219,0x2160F4,0x21611C,40,sub_2160F4
2220,0x21611C,0x216178,92,sub_21611C
2221,0x216178,0x2161B4,60,sub_216178
2222,0x2161B4,0x2161E4,48,sub_2161B4
2223,0x2161E4,0x216488,676,sub_2161E4
2224,0x216488,0x2164C8,64,sub_216488
2225,0x2164C8,0x21651C,84,sub_2164C8
2226,0x21651C,0x216590,116,sub_21651C
2227,0x216590,0x2165B8,40,sub_216590
2228,0x2165B8,0x21678C,468,sub_2165B8
2229,0x21678C,0x2169EC,608,sub_21678C
2230,0x2169EC,0x216BAC,448,sub_2169EC
2231,0x216BAC,0x217DC8,4636,sub_216BAC
2232,0x217DC8,0x217E58,144,sub_217DC8
2233,0x217E58,0x218224,972,sub_217E58
2234,0x218224,0x21877C,1368,sub_218224
2235,0x21877C,0x218F58,2012,sub_21877C
2236,0x218F58,0x219070,280,sub_218F58
2237,0x219070,0x2193EC,892,sub_219070
2238,0x2193EC,0x2195D8,492,sub_2193EC
2239,0x2195D8,0x219A30,1112,sub_2195D8
2240,0x219A30,0x219C94,612,sub_219A30
2241,0x219C94,0x219C9C,8,sub_219C94
2242,0x219C9C,0x219CA4,8,sub_219C9C
2243,0x219CA4,0x219EF0,588,sub_219CA4
2244,0x219EF0,0x219FF0,256,sub_219EF0
2245,0x219FF0,0x21A62C,1596,sub_219FF0
2246,0x21A62C,0x21A794,360,sub_21A62C
2247,0x21A794,0x21B71C,3976,sub_21A794
2248,0x21B71C,0x21BA8C,880,sub_21B71C
2249,0x21BA8C,0x21BFAC,1312,sub_21BA8C
2250,0x21BFAC,0x21C008,92,sub_21BFAC
2251,0x21C008,0x21C2E0,728,sub_21C008
2252,0x21C2E0,0x21C6B4,980,sub_21C2E0
2253,0x21C6B4,0x21CC94,1504,sub_21C6B4
2254,0x21CC94,0x21D818,2948,sub_21CC94
2255,0x21D818,0x21DA90,632,sub_21D818
2256,0x21DA90,0x21DF04,1140,sub_21DA90
2257,0x21DF04,0x21E3A0,1180,sub_21DF04
2258,0x21E3A0,0x21ED28,2440,sub_21E3A0
2259,0x21ED28,0x21EE50,296,sub_21ED28
2260,0x21EE50,0x21EF90,320,sub_21EE50
2261,0x21EF90,0x21F0A8,280,sub_21EF90
2262,0x21F0A8,0x21F324,636,sub_21F0A8
2263,0x21F324,0x21F448,292,sub_21F324
2264,0x21F448,0x21F6FC,692,sub_21F448
2265,0x21F6FC,0x21FA80,900,sub_21F6FC
2266,0x21FA80,0x21FD00,640,sub_21FA80
2267,0x21FD00,0x22037C,1660,sub_21FD00
2268,0x22037C,0x2205B0,564,sub_22037C
2269,0x2205B0,0x22086C,700,sub_2205B0
2270,0x22086C,0x220D5C,1264,sub_22086C
2271,0x220D5C,0x220FE0,644,sub_220D5C
2272,0x220FE0,0x2211E4,516,sub_220FE0
2273,0x2211E4,0x2217F4,1552,sub_2211E4
2274,0x2217F4,0x221AB8,708,sub_2217F4
2275,0x221AB8,0x221F98,1248,sub_221AB8
2276,0x221F98,0x2222B4,796,sub_221F98
2277,0x2222B4,0x222AB4,2048,sub_2222B4
2278,0x222AB4,0x222EC0,1036,sub_222AB4
2279,0x222EC0,0x2232E8,1064,sub_222EC0
2280,0x2232E8,0x223658,880,sub_2232E8
2281,0x223658,0x223C90,1592,sub_223658
2282,0x223C90,0x224028,920,sub_223C90
2283,0x224028,0x2241D0,424,sub_224028
2284,0x2241D0,0x224298,200,sub_2241D0
2285,0x224298,0x224DF8,2912,sub_224298
2286,0x224DF8,0x22576C,2420,sub_224DF8
2287,0x22576C,0x22590C,416,sub_22576C
2288,0x22590C,0x2259F8,236,sub_22590C
2289,0x2259F8,0x225E80,1160,sub_2259F8
2290,0x225E80,0x225E8C,12,sub_225E80
2291,0x225E8C,0x2263E8,1372,sub_225E8C
2292,0x2263E8,0x226484,156,sub_2263E8
2293,0x226484,0x226918,1172,sub_226484
2294,0x226918,0x226B04,492,sub_226918
2295,0x226B04,0x226B14,16,sub_226B04
2296,0x226B14,0x226B20,12,sub_226B14
2297,0x226B20,0x226B30,16,sub_226B20
2298,0x226B30,0x226B44,20,sub_226B30
2299,0x226B44,0x226B54,16,sub_226B44
2300,0x226B54,0x226B68,20,sub_226B54
2301,0x226B68,0x226B78,16,sub_226B68
2302,0x226B78,0x226B8C,20,sub_226B78
2303,0x226B8C,0x226B9C,16,sub_226B8C
2304,0x226B9C,0x226BBC,32,sub_226B9C
2305,0x226BBC,0x226BD0,20,sub_226BBC
2306,0x226BD0,0x226BE0,16,sub_226BD0
2307,0x226BE0,0x226BF0,16,sub_226BE0
2308,0x226BF0,0x226C7C,140,sub_226BF0
2309,0x226C7C,0x226F48,716,sub_226C7C
2310,0x226F48,0x227188,576,sub_226F48
2311,0x227188,0x227470,744,sub_227188
2312,0x227470,0x227E1C,2476,sub_227470
2313,0x227E1C,0x227E30,20,sub_227E1C
2314,0x227E30,0x227FE8,440,sub_227E30
2315,0x227FE8,0x228454,1132,sub_227FE8
2316,0x228454,0x2285D8,388,sub_228454
2317,0x2285D8,0x228ED8,2304,sub_2285D8
2318,0x228ED8,0x2291DC,772,sub_228ED8
2319,0x2291DC,0x229564,904,sub_2291DC
2320,0x229564,0x229CAC,1864,sub_229564
2321,0x229CAC,0x229D60,180,sub_229CAC
2322,0x229D60,0x22A064,772,sub_229D60
2323,0x22A064,0x22A214,432,sub_22A064
2324,0x22A214,0x22A388,372,sub_22A214
2325,0x22A388,0x22A3A8,32,sub_22A388
2326,0x22A3A8,0x22A3BC,20,sub_22A3A8
2327,0x22A3BC,0x22A3CC,16,sub_22A3BC
2328,0x22A3CC,0x22A3DC,16,sub_22A3CC
2329,0x22A3DC,0x22A3EC,16,sub_22A3DC
2330,0x22A3EC,0x22A400,20,sub_22A3EC
2331,0x22A400,0x22A43C,60,sub_22A400
2332,0x22A43C,0x22A784,840,sub_22A43C
2333,0x22A784,0x22A934,432,sub_22A784
2334,0x22A934,0x22A954,32,sub_22A934
2335,0x22A954,0x22A968,20,sub_22A954
2336,0x22A968,0x22A978,16,sub_22A968
2337,0x22A978,0x22A98C,20,sub_22A978
2338,0x22A98C,0x22A99C,16,sub_22A98C
2339,0x22A99C,0x22A9AC,16,sub_22A99C
2340,0x22A9AC,0x22A9E8,60,sub_22A9AC
2341,0x22A9E8,0x22AA38,80,sub_22A9E8
2342,0x22AA38,0x22AB68,304,sub_22AA38
2343,0x22AB68,0x22AFE4,1148,sub_22AB68
2344,0x22AFE4,0x22AFF0,12,sub_22AFE4
2345,0x22AFF0,0x22B818,2088,sub_22AFF0
2346,0x22B818,0x22B994,380,sub_22B818
2347,0x22B994,0x22B99C,8,sub_22B994
2348,0x22B99C,0x22BC68,716,sub_22B99C
2349,0x22BC68,0x22BCE8,128,sub_22BC68
2350,0x22BCE8,0x22BE94,428,sub_22BCE8
2351,0x22BE94,0x22BE98,4,sub_22BE94
2352,0x22BE98,0x22C038,416,sub_22BE98
2353,0x22C038,0x22C03C,4,sub_22C038
2354,0x22C03C,0x22C044,8,sub_22C03C
2355,0x22C044,0x22C170,300,sub_22C044
2356,0x22C170,0x22C1E0,112,sub_22C170
2357,0x22C1E0,0x22C294,180,sub_22C1E0
2358,0x22C294,0x22C330,156,sub_22C294
2359,0x22C330,0x22C4D4,420,sub_22C330
2360,0x22C4D4,0x22C5F0,284,sub_22C4D4
2361,0x22C5F0,0x22C5FC,12,sub_22C5F0
2362,0x22C5FC,0x22C884,648,sub_22C5FC
2363,0x22C884,0x22D070,2028,sub_22C884
2364,0x22D070,0x22D07C,12,sub_22D070
2365,0x22D07C,0x22D080,4,sub_22D07C
2366,0x22D080,0x22D0D4,84,sub_22D080
2367,0x22D0D4,0x22D2C4,496,sub_22D0D4
2368,0x22D2C4,0x22D388,196,sub_22D2C4
2369,0x22D388,0x22DBF8,2160,sub_22D388
2370,0x22DBF8,0x22EE68,4720,sub_22DBF8
2371,0x22EE68,0x22F078,528,sub_22EE68
2372,0x22F078,0x22F1B0,312,sub_22F078
2373,0x22F1B0,0x22F2E0,304,sub_22F1B0
2374,0x22F2E0,0x22FC6C,2444,sub_22F2E0
2375,0x22FC6C,0x230094,1064,sub_22FC6C
2376,0x230094,0x2300D4,64,sub_230094
2377,0x2300D4,0x230540,1132,sub_2300D4
2378,0x230540,0x2305F4,180,sub_230540
2379,0x2305F4,0x230834,576,sub_2305F4
2380,0x230834,0x230874,64,sub_230834
2381,0x230874,0x2309D0,348,sub_230874
2382,0x2309D0,0x230B84,436,sub_2309D0
2383,0x230B84,0x230CC0,316,sub_230B84
2384,0x230CC0,0x23121C,1372,sub_230CC0
2385,0x23121C,0x2313CC,432,sub_23121C
2386,0x2313CC,0x23140C,64,sub_2313CC
2387,0x23140C,0x231544,312,sub_23140C
2388,0x231544,0x2316C0,380,sub_231544
2389,0x2316C0,0x2316D8,24,sub_2316C0
2390,0x2316D8,0x231770,152,sub_2316D8
2391,0x231770,0x231EC0,1872,sub_231770
2392,0x231EC0,0x231F90,208,sub_231EC0
2393,0x231F90,0x23287C,2284,sub_231F90
2394,0x23287C,0x2329D8,348,sub_23287C
2395,0x2329D8,0x232D18,832,sub_2329D8
2396,0x232D18,0x233754,2620,sub_232D18
2397,0x233754,0x233BF8,1188,sub_233754
2398,0x233BF8,0x233CD4,220,sub_233BF8
2399,0x233CD4,0x233F60,652,sub_233CD4
2400,0x233F60,0x23408C,300,sub_233F60
2401,0x23408C,0x2340AC,32,sub_23408C
2402,0x2340AC,0x2340C0,20,sub_2340AC
2403,0x2340C0,0x2340D0,16,sub_2340C0
2404,0x2340D0,0x2340E0,16,sub_2340D0
2405,0x2340E0,0x2340F0,16,sub_2340E0
2406,0x2340F0,0x234100,16,sub_2340F0
2407,0x234100,0x23410C,12,sub_234100
2408,0x23410C,0x23411C,16,sub_23410C
2409,0x23411C,0x234130,20,sub_23411C
2410,0x234130,0x234140,16,sub_234130
2411,0x234140,0x234154,20,sub_234140
2412,0x234154,0x2341B8,100,sub_234154
2413,0x2341B8,0x2343B8,512,sub_2341B8
2414,0x2343B8,0x2343D4,28,sub_2343B8
2415,0x2343D4,0x2344CC,248,sub_2343D4
2416,0x2344CC,0x2348A8,988,sub_2344CC
2417,0x2348A8,0x234F14,1644,sub_2348A8
2418,0x234F14,0x235148,564,sub_234F14
2419,0x235148,0x23544C,772,sub_235148
2420,0x23544C,0x2354FC,176,sub_23544C
2421,0x2354FC,0x2355EC,240,sub_2354FC
2422,0x2355EC,0x235AB8,1228,sub_2355EC
2423,0x235AB8,0x235B98,224,sub_235AB8
2424,0x235B98,0x235F80,1000,sub_235B98
2425,0x235F80,0x236028,168,sub_235F80
2426,0x236028,0x23608C,100,sub_236028
2427,0x23608C,0x2361EC,352,sub_23608C
2428,0x2361EC,0x23625C,112,sub_2361EC
2429,0x23625C,0x23626C,16,sub_23625C
2430,0x23626C,0x2364C4,600,sub_23626C
2431,0x2364C4,0x2364E4,32,sub_2364C4
2432,0x2364E4,0x2364F8,20,sub_2364E4
2433,0x2364F8,0x236508,16,sub_2364F8
2434,0x236508,0x236518,16,sub_236508
2435,0x236518,0x236528,16,sub_236518
2436,0x236528,0x23653C,20,sub_236528
2437,0x23653C,0x23654C,16,sub_23653C
2438,0x23654C,0x23655C,16,sub_23654C
2439,0x23655C,0x23656C,16,sub_23655C
2440,0x23656C,0x23657C,16,sub_23656C
2441,0x23657C,0x23658C,16,sub_23657C
2442,0x23658C,0x23659C,16,sub_23658C
2443,0x23659C,0x2365AC,16,sub_23659C
2444,0x2365AC,0x2365BC,16,sub_2365AC
2445,0x2365BC,0x2365CC,16,sub_2365BC
2446,0x2365CC,0x2365E0,20,sub_2365CC
2447,0x2365E0,0x2365F0,16,sub_2365E0
2448,0x2365F0,0x236604,20,sub_2365F0
2449,0x236604,0x236614,16,sub_236604
2450,0x236614,0x236624,16,sub_236614
2451,0x236624,0x236634,16,sub_236624
2452,0x236634,0x236644,16,sub_236634
2453,0x236644,0x2366A8,100,sub_236644
2454,0x2366A8,0x236868,448,sub_2366A8
2455,0x236868,0x236988,288,sub_236868
2456,0x236988,0x236D90,1032,sub_236988
2457,0x236D90,0x23719C,1036,sub_236D90
2458,0x23719C,0x237268,204,sub_23719C
2459,0x237268,0x237754,1260,sub_237268
2460,0x237754,0x237808,180,sub_237754
2461,0x237808,0x238630,3624,sub_237808
2462,0x238630,0x238764,308,sub_238630
2463,0x238764,0x238778,20,sub_238764
2464,0x238778,0x238954,476,sub_238778
2465,0x238954,0x238E64,1296,sub_238954
2466,0x238E64,0x2392B8,1108,sub_238E64
2467,0x2392B8,0x239364,172,sub_2392B8
2468,0x239364,0x2394F8,404,sub_239364
2469,0x2394F8,0x23A578,4224,sub_2394F8
2470,0x23A578,0x23A6FC,388,sub_23A578
2471,0x23A6FC,0x23A88C,400,sub_23A6FC
2472,0x23A88C,0x23A924,152,sub_23A88C
2473,0x23A924,0x23B274,2384,sub_23A924
2474,0x23B274,0x23B5C0,844,sub_23B274
2475,0x23B5C0,0x23BB9C,1500,sub_23B5C0
2476,0x23BB9C,0x23BF5C,960,sub_23BB9C
2477,0x23BF5C,0x23BFF4,152,sub_23BF5C
2478,0x23BFF4,0x23C1A0,428,sub_23BFF4
2479,0x23C1A0,0x23C30C,364,sub_23C1A0
2480,0x23C30C,0x23C3B0,164,sub_23C30C
2481,0x23C3B0,0x23C430,128,sub_23C3B0
2482,0x23C430,0x23C61C,492,sub_23C430
2483,0x23C61C,0x23C668,76,sub_23C61C
2484,0x23C668,0x23C73C,212,sub_23C668
2485,0x23C73C,0x23CA1C,736,sub_23C73C
2486,0x23CA1C,0x23CD98,892,sub_23CA1C
2487,0x23CD98,0x23CE34,156,sub_23CD98
2488,0x23CE34,0x23CED8,164,sub_23CE34
2489,0x23CED8,0x23CF4C,116,sub_23CED8
2490,0x23CF4C,0x23D0F4,424,sub_23CF4C
2491,0x23D0F4,0x23D184,144,sub_23D0F4
2492,0x23D184,0x23DFAC,3624,sub_23D184
2493,0x23DFAC,0x23E144,408,sub_23DFAC
2494,0x23E144,0x23E400,700,sub_23E144
2495,0x23E400,0x23E408,8,sub_23E400
2496,0x23E408,0x23E6F4,748,sub_23E408
2497,0x23E6F4,0x23E708,20,sub_23E6F4
2498,0x23E708,0x23EC80,1400,sub_23E708
2499,0x23EC80,0x23EE48,456,sub_23EC80
2500,0x23EE48,0x23F334,1260,sub_23EE48
2501,0x23F334,0x23F368,52,sub_23F334
2502,0x23F368,0x23F590,552,sub_23F368
2503,0x23F590,0x23F598,8,sub_23F590
2504,0x23F598,0x23F5A0,8,sub_23F598
2505,0x23F5A0,0x23F5A8,8,sub_23F5A0
2506,0x23F5A8,0x23F5B0,8,sub_23F5A8
2507,0x23F5B0,0x23F5B8,8,sub_23F5B0
2508,0x23F5B8,0x23F5C0,8,sub_23F5B8
2509,0x23F5C0,0x23F5C8,8,sub_23F5C0
2510,0x23F5C8,0x23F5D4,12,sub_23F5C8
2511,0x23F5D4,0x23F610,60,sub_23F5D4
2512,0x23F610,0x23FC78,1640,sub_23F610
2513,0x23FC78,0x240044,972,sub_23FC78
2514,0x240044,0x2400E0,156,sub_240044
2515,0x2400E0,0x240158,120,sub_2400E0
2516,0x240158,0x240504,940,sub_240158
2517,0x240504,0x2406C4,448,sub_240504
2518,0x2406C4,0x240770,172,sub_2406C4
2519,0x240770,0x241790,4128,sub_240770
2520,0x241790,0x241828,152,sub_241790
2521,0x241828,0x241964,316,sub_241828
2522,0x241964,0x241A04,160,sub_241964
2523,0x241A04,0x241D90,908,sub_241A04
2524,0x241D90,0x241E34,164,sub_241D90
2525,0x241E34,0x2423DC,1448,sub_241E34
2526,0x2423DC,0x242484,168,sub_2423DC
2527,0x242484,0x24273C,696,sub_242484
2528,0x24273C,0x24283C,256,sub_24273C
2529,0x24283C,0x242DE0,1444,sub_24283C
2530,0x242DE0,0x242E0C,44,sub_242DE0
2531,0x242E0C,0x2432E0,1236,sub_242E0C
2532,0x2432E0,0x243540,608,sub_2432E0
2533,0x243540,0x243770,560,sub_243540
2534,0x243770,0x243874,260,sub_243770
2535,0x243874,0x244308,2708,sub_243874
2536,0x244308,0x2444C8,448,sub_244308
2537,0x2444C8,0x24453C,116,sub_2444C8
2538,0x24453C,0x244DE0,2212,sub_24453C
2539,0x244DE0,0x244E5C,124,sub_244DE0
2540,0x244E5C,0x244E8C,48,sub_244E5C
2541,0x244E8C,0x2450A8,540,sub_244E8C
2542,0x2450A8,0x245104,92,sub_2450A8
2543,0x245104,0x2452FC,504,sub_245104
2544,0x2452FC,0x245684,904,sub_2452FC
2545,0x245684,0x24580C,392,sub_245684
2546,0x24580C,0x245E50,1604,sub_24580C
2547,0x245E50,0x245ED0,128,sub_245E50
2548,0x245ED0,0x2462E0,1040,sub_245ED0
2549,0x2462E0,0x2463B4,212,sub_2462E0
2550,0x2463B4,0x2463C8,20,sub_2463B4
2551,0x2463C8,0x2466D0,776,sub_2463C8
2552,0x2466D0,0x246A80,944,sub_2466D0
2553,0x246A80,0x246B18,152,sub_246A80
2554,0x246B18,0x246C08,240,sub_246B18
2555,0x246C08,0x246C40,56,sub_246C08
2556,0x246C40,0x246C70,48,sub_246C40
2557,0x246C70,0x247104,1172,sub_246C70
2558,0x247104,0x247184,128,sub_247104
2559,0x247184,0x24758C,1032,sub_247184
2560,0x24758C,0x2475C0,52,sub_24758C
2561,0x2475C0,0x2475F4,52,sub_2475C0
2562,0x2475F4,0x247BF4,1536,sub_2475F4
2563,0x247BF4,0x247CE8,244,sub_247BF4
2564,0x247CE8,0x2482A0,1464,sub_247CE8
2565,0x2482A0,0x2482EC,76,sub_2482A0
2566,0x2482EC,0x248ABC,2000,sub_2482EC
2567,0x248ABC,0x248B68,172,sub_248ABC
2568,0x248B68,0x248BB0,72,sub_248B68
2569,0x248BB0,0x248BB8,8,sub_248BB0
2570,0x248BB8,0x248BC0,8,sub_248BB8
2571,0x248BC0,0x248BC8,8,sub_248BC0
2572,0x248BC8,0x248EDC,788,sub_248BC8
2573,0x248EDC,0x24907C,416,sub_248EDC
2574,0x24907C,0x249528,1196,sub_24907C
2575,0x249528,0x249564,60,sub_249528
2576,0x249564,0x2495A0,60,sub_249564
2577,0x2495A0,0x2495A4,4,sub_2495A0
2578,0x2495A4,0x2498EC,840,sub_2495A4
2579,0x2498EC,0x2498FC,16,sub_2498EC
2580,0x2498FC,0x249908,12,sub_2498FC
2581,0x249908,0x249918,16,sub_249908
2582,0x249918,0x249924,12,sub_249918
2583,0x249924,0x249934,16,sub_249924
2584,0x249934,0x249948,20,sub_249934
2585,0x249948,0x249958,16,sub_249948
2586,0x249958,0x249964,12,sub_249958
2587,0x249964,0x249974,16,sub_249964
2588,0x249974,0x249988,20,sub_249974
2589,0x249988,0x249998,16,sub_249988
2590,0x249998,0x2499AC,20,sub_249998
2591,0x2499AC,0x2499BC,16,sub_2499AC
2592,0x2499BC,0x2499D0,20,sub_2499BC
2593,0x2499D0,0x2499E0,16,sub_2499D0
2594,0x2499E0,0x2499F4,20,sub_2499E0
2595,0x2499F4,0x249A04,16,sub_2499F4
2596,0x249A04,0x249A18,20,sub_249A04
2597,0x249A18,0x249A28,16,sub_249A18
2598,0x249A28,0x249A3C,20,sub_249A28
2599,0x249A3C,0x249B1C,224,sub_249A3C
2600,0x249B1C,0x249C8C,368,sub_249B1C
2601,0x249C8C,0x24A0D4,1096,sub_249C8C
2602,0x24A0D4,0x24A570,1180,sub_24A0D4
2603,0x24A570,0x24A628,184,sub_24A570
2604,0x24A628,0x24A9E8,960,sub_24A628
2605,0x24A9E8,0x24A9F8,16,sub_24A9E8
2606,0x24A9F8,0x24AA0C,20,sub_24A9F8
2607,0x24AA0C,0x24AB3C,304,sub_24AA0C
2608,0x24AB3C,0x24AB50,20,sub_24AB3C
2609,0x24AB50,0x24AB60,16,sub_24AB50
2610,0x24AB60,0x24AB74,20,sub_24AB60
2611,0x24AB74,0x24AB84,16,sub_24AB74
2612,0x24AB84,0x24ABD8,84,sub_24AB84
2613,0x24ABD8,0x24AD58,384,sub_24ABD8
2614,0x24AD58,0x24AFF0,664,sub_24AD58
2615,0x24AFF0,0x24B840,2128,sub_24AFF0
2616,0x24B840,0x24B850,16,sub_24B840
2617,0x24B850,0x24B988,312,sub_24B850
2618,0x24B988,0x24BBE0,600,sub_24B988
2619,0x24BBE0,0x24BBFC,28,sub_24BBE0
2620,0x24BBFC,0x24BD8C,400,sub_24BBFC
2621,0x24BD8C,0x24BF38,428,sub_24BD8C
2622,0x24BF38,0x24BF88,80,sub_24BF38
2623,0x24BF88,0x24CEB0,3880,sub_24BF88
2624,0x24CEB0,0x24DB20,3184,sub_24CEB0
2625,0x24DB20,0x24F324,6148,sub_24DB20
2626,0x24F324,0x24F584,608,sub_24F324
2627,0x24F584,0x24F9A4,1056,sub_24F584
2628,0x24F9A4,0x24FDE0,1084,sub_24F9A4
2629,0x24FDE0,0x250028,584,sub_24FDE0
2630,0x250028,0x25026C,580,sub_250028
2631,0x25026C,0x2509A8,1852,sub_25026C
2632,0x2509A8,0x250BB4,524,sub_2509A8
2633,0x250BB4,0x250CE0,300,sub_250BB4
2634,0x250CE0,0x250D38,88,sub_250CE0
2635,0x250D38,0x250F64,556,sub_250D38
2636,0x250F64,0x251064,256,sub_250F64
2637,0x251064,0x251280,540,sub_251064
2638,0x251280,0x2513B4,308,sub_251280
2639,0x2513B4,0x251B4C,1944,sub_2513B4
2640,0x251B4C,0x251D8C,576,sub_251B4C
2641,0x251D8C,0x2523B8,1580,sub_251D8C
2642,0x2523B8,0x252424,108,sub_2523B8
2643,0x252424,0x255DE0,14780,sub_252424
2644,0x255DE0,0x255EA4,196,sub_255DE0
2645,0x255EA4,0x2560D8,564,sub_255EA4
2646,0x2560D8,0x2562A8,464,sub_2560D8
2647,0x2562A8,0x256338,144,sub_2562A8
2648,0x256338,0x257D18,6624,sub_256338
2649,0x257D18,0x258BEC,3796,sub_257D18
2650,0x258BEC,0x2590F4,1288,sub_258BEC
2651,0x2590F4,0x2593B4,704,sub_2590F4
2652,0x2593B4,0x25A334,3968,sub_2593B4
2653,0x25A334,0x25AB88,2132,sub_25A334
2654,0x25AB88,0x25B2DC,1876,sub_25AB88
2655,0x25B2DC,0x25B580,676,sub_25B2DC
2656,0x25B580,0x25B620,160,sub_25B580
2657,0x25B620,0x25B91C,764,sub_25B620
2658,0x25B91C,0x25BA98,380,sub_25B91C
2659,0x25BA98,0x25BBA4,268,sub_25BA98
2660,0x25BBA4,0x25BFD0,1068,sub_25BBA4
2661,0x25BFD0,0x25C188,440,sub_25BFD0
2662,0x25C188,0x25D2EC,4452,sub_25C188
2663,0x25D2EC,0x25D474,392,sub_25D2EC
2664,0x25D474,0x25D860,1004,sub_25D474
2665,0x25D860,0x25D884,36,sub_25D860
2666,0x25D884,0x25D894,16,sub_25D884
2667,0x25D894,0x25D9B8,292,sub_25D894
2668,0x25D9B8,0x25D9C8,16,sub_25D9B8
2669,0x25D9C8,0x25DAEC,292,sub_25D9C8
2670,0x25DAEC,0x25DBF8,268,sub_25DAEC
2671,0x25DBF8,0x25DC04,12,sub_25DBF8
2672,0x25DC04,0x25DC14,16,sub_25DC04
2673,0x25DC14,0x25DC20,12,sub_25DC14
2674,0x25DC20,0x25DD54,308,sub_25DC20
2675,0x25DD54,0x25DD68,20,sub_25DD54
2676,0x25DD68,0x25DD78,16,sub_25DD68
2677,0x25DD78,0x25DD8C,20,sub_25DD78
2678,0x25DD8C,0x25DD9C,16,sub_25DD8C
2679,0x25DD9C,0x25DF04,360,sub_25DD9C
2680,0x25DF04,0x25DF14,16,sub_25DF04
2681,0x25DF14,0x25DF28,20,sub_25DF14
2682,0x25DF28,0x25E028,256,sub_25DF28
2683,0x25E028,0x25E1A8,384,sub_25E028
2684,0x25E1A8,0x25E2B4,268,sub_25E1A8
2685,0x25E2B4,0x25E2C8,20,sub_25E2B4
2686,0x25E2C8,0x25E2D8,16,sub_25E2C8
2687,0x25E2D8,0x25E2EC,20,sub_25E2D8
2688,0x25E2EC,0x25E2FC,16,sub_25E2EC
2689,0x25E2FC,0x25E47C,384,sub_25E2FC
2690,0x25E47C,0x25E48C,16,sub_25E47C
2691,0x25E48C,0x25E5F4,360,sub_25E48C
2692,0x25E5F4,0x25E604,16,sub_25E5F4
2693,0x25E604,0x25E77C,376,sub_25E604
2694,0x25E77C,0x25E78C,16,sub_25E77C
2695,0x25E78C,0x25E90C,384,sub_25E78C
2696,0x25E90C,0x25E91C,16,sub_25E90C
2697,0x25E91C,0x25E930,20,sub_25E91C
2698,0x25E930,0x25EA64,308,sub_25E930
2699,0x25EA64,0x25EA78,20,sub_25EA64
2700,0x25EA78,0x25EBBC,324,sub_25EA78
2701,0x25EBBC,0x25ED3C,384,sub_25EBBC
2702,0x25ED3C,0x25EE60,292,sub_25ED3C
2703,0x25EE60,0x25EE74,20,sub_25EE60
2704,0x25EE74,0x25EE84,16,sub_25EE74
2705,0x25EE84,0x25EFF4,368,sub_25EE84
2706,0x25EFF4,0x25F004,16,sub_25EFF4
2707,0x25F004,0x25F018,20,sub_25F004
2708,0x25F018,0x25F028,16,sub_25F018
2709,0x25F028,0x25F170,328,sub_25F028
2710,0x25F170,0x25F180,16,sub_25F170
2711,0x25F180,0x25F18C,12,sub_25F180
2712,0x25F18C,0x25F268,220,sub_25F18C
2713,0x25F268,0x25F274,12,sub_25F268
2714,0x25F274,0x25F284,16,sub_25F274
2715,0x25F284,0x25F3F4,368,sub_25F284
2716,0x25F3F4,0x25F404,16,sub_25F3F4
2717,0x25F404,0x25F410,12,sub_25F404
2718,0x25F410,0x25F420,16,sub_25F410
2719,0x25F420,0x25F42C,12,sub_25F420
2720,0x25F42C,0x25F43C,16,sub_25F42C
2721,0x25F43C,0x25F448,12,sub_25F43C
2722,0x25F448,0x25F458,16,sub_25F448
2723,0x25F458,0x25F464,12,sub_25F458
2724,0x25F464,0x25F558,244,sub_25F464
2725,0x25F558,0x25F564,12,sub_25F558
2726,0x25F564,0x25F574,16,sub_25F564
2727,0x25F574,0x25F588,20,sub_25F574
2728,0x25F588,0x25F6BC,308,sub_25F588
2729,0x25F6BC,0x25F6D0,20,sub_25F6BC
2730,0x25F6D0,0x25F6E0,16,sub_25F6D0
2731,0x25F6E0,0x25F6F4,20,sub_25F6E0
2732,0x25F6F4,0x25F704,16,sub_25F6F4
2733,0x25F704,0x25F718,20,sub_25F704
2734,0x25F718,0x25F728,16,sub_25F718
2735,0x25F728,0x25F738,16,sub_25F728
2736,0x25F738,0x25F748,16,sub_25F738
2737,0x25F748,0x25F87C,308,sub_25F748
2738,0x25F87C,0x25F88C,16,sub_25F87C
2739,0x25F88C,0x25F89C,16,sub_25F88C
2740,0x25F89C,0x25F8AC,16,sub_25F89C
2741,0x25F8AC,0x25F8BC,16,sub_25F8AC
2742,0x25F8BC,0x25F8CC,16,sub_25F8BC
2743,0x25F8CC,0x25F8DC,16,sub_25F8CC
2744,0x25F8DC,0x25F8EC,16,sub_25F8DC
2745,0x25F8EC,0x25F8FC,16,sub_25F8EC
2746,0x25F8FC,0x25FA24,296,sub_25F8FC
2747,0x25FA24,0x25FB58,308,sub_25FA24
2748,0x25FB58,0x25FB68,16,sub_25FB58
2749,0x25FB68,0x25FB78,16,sub_25FB68
2750,0x25FB78,0x25FB88,16,sub_25FB78
2751,0x25FB88,0x25FB98,16,sub_25FB88
2752,0x25FB98,0x25FBA8,16,sub_25FB98
2753,0x25FBA8,0x25FBB8,16,sub_25FBA8
2754,0x25FBB8,0x25FCE0,296,sub_25FBB8
2755,0x25FCE0,0x25FE0C,300,sub_25FCE0
2756,0x25FE0C,0x25FE1C,16,sub_25FE0C
2757,0x25FE1C,0x25FE2C,16,sub_25FE1C
2758,0x25FE2C,0x25FE3C,16,sub_25FE2C
2759,0x25FE3C,0x25FE4C,16,sub_25FE3C
2760,0x25FE4C,0x25FF3C,240,sub_25FE4C
2761,0x25FF3C,0x260064,296,sub_25FF3C
2762,0x260064,0x260074,16,sub_260064
2763,0x260074,0x2601D8,356,sub_260074
2764,0x2601D8,0x2601E8,16,sub_2601D8
2765,0x2601E8,0x2601F8,16,sub_2601E8
2766,0x2601F8,0x260208,16,sub_2601F8
2767,0x260208,0x26032C,292,sub_260208
2768,0x26032C,0x2605D8,684,sub_26032C
2769,0x2605D8,0x2605E8,16,sub_2605D8
2770,0x2605E8,0x260674,140,sub_2605E8
2771,0x260674,0x2606F8,132,sub_260674
2772,0x2606F8,0x260854,348,sub_2606F8
2773,0x260854,0x260910,188,sub_260854
2774,0x260910,0x26094C,60,sub_260910
2775,0x26094C,0x260988,60,sub_26094C
2776,0x260988,0x260A24,156,sub_260988
2777,0x260A24,0x260A7C,88,sub_260A24
2778,0x260A7C,0x260AD4,88,sub_260A7C
2779,0x260AD4,0x260B14,64,sub_260AD4
2780,0x260B14,0x260B38,36,sub_260B14
2781,0x260B38,0x260B5C,36,sub_260B38
2782,0x260B5C,0x260B78,28,sub_260B5C
2783,0x260B78,0x260BA4,44,sub_260B78
2784,0x260BA4,0x260BD0,44,sub_260BA4
2785,0x260BD0,0x260C10,64,sub_260BD0
2786,0x260C10,0x260CD0,192,sub_260C10
2787,0x260CD0,0x260DD4,260,sub_260CD0
2788,0x260DD4,0x260E08,52,sub_260DD4
2789,0x260E08,0x260E38,48,sub_260E08
2790,0x260E38,0x260E80,72,sub_260E38
2791,0x260E80,0x260F1C,156,sub_260E80
2792,0x260F1C,0x260F78,92,sub_260F1C
2793,0x260F78,0x260FA4,44,sub_260F78
2794,0x260FA4,0x260FE0,60,sub_260FA4
2795,0x260FE0,0x26101C,60,sub_260FE0
2796,0x26101C,0x261088,108,sub_26101C
2797,0x261088,0x2610C4,60,sub_261088
2798,0x2610C4,0x2610F0,44,sub_2610C4
2799,0x2610F0,0x26132C,572,sub_2610F0
2800,0x26132C,0x261414,232,sub_26132C
2801,0x261414,0x2618A8,1172,sub_261414
2802,0x2618A8,0x261B64,700,sub_2618A8
2803,0x261B64,0x261D64,512,sub_261B64
2804,0x261D64,0x2621D4,1136,sub_261D64
2805,0x2621D4,0x2626B4,1248,sub_2621D4
2806,0x2626B4,0x262A9C,1000,sub_2626B4
2807,0x262A9C,0x262C4C,432,sub_262A9C
2808,0x262C4C,0x262D7C,304,sub_262C4C
2809,0x262D7C,0x262FFC,640,sub_262D7C
2810,0x262FFC,0x2630D8,220,sub_262FFC
2811,0x2630D8,0x2633B4,732,sub_2630D8
2812,0x2633B4,0x2634E4,304,sub_2633B4
2813,0x2634E4,0x263514,48,sub_2634E4
2814,0x263514,0x2635D8,196,sub_263514
2815,0x2635D8,0x26387C,676,sub_2635D8
2816,0x26387C,0x2638C4,72,sub_26387C
2817,0x2638C4,0x26397C,184,sub_2638C4
2818,0x26397C,0x263AB4,312,sub_26397C
2819,0x263AB4,0x263D5C,680,sub_263AB4
2820,0x263D5C,0x263EC4,360,sub_263D5C
2821,0x263EC4,0x26434C,1160,sub_263EC4
2822,0x26434C,0x264734,1000,sub_26434C
2823,0x264734,0x26483C,264,sub_264734
2824,0x26483C,0x264A64,552,sub_26483C
2825,0x264A64,0x264C9C,568,sub_264A64
2826,0x264C9C,0x264DB8,284,sub_264C9C
2827,0x264DB8,0x264FF4,572,sub_264DB8
2828,0x264FF4,0x265244,592,sub_264FF4
2829,0x265244,0x265460,540,sub_265244
2830,0x265460,0x265694,564,sub_265460
2831,0x265694,0x2657D8,324,sub_265694
2832,0x2657D8,0x265888,176,sub_2657D8
2833,0x265888,0x2659CC,324,sub_265888
2834,0x2659CC,0x265A14,72,sub_2659CC
2835,0x265A14,0x265AA4,144,sub_265A14
2836,0x265AA4,0x265B7C,216,sub_265AA4
2837,0x265B7C,0x265C7C,256,sub_265B7C
2838,0x265C7C,0x265CF0,116,sub_265C7C
2839,0x265CF0,0x265D18,40,sub_265CF0
2840,0x265D18,0x265E88,368,sub_265D18
2841,0x265E88,0x265F0C,132,sub_265E88
2842,0x265F0C,0x26EE74,36712,sub_265F0C
2843,0x26EE74,0x27CAC0,56396,sub_26EE74
2844,0x27CAC0,0x28BA1C,61276,sub_27CAC0
2845,0x28BA1C,0x28BA98,124,sub_28BA1C
2846,0x28BA98,0x28BC9C,516,sub_28BA98
2847,0x28BC9C,0x28BE4C,432,sub_28BC9C
2848,0x28BE4C,0x28BE5C,16,sub_28BE4C
2849,0x28BE5C,0x28BFB8,348,sub_28BE5C
2850,0x28BFB8,0x28C060,168,sub_28BFB8
2851,0x28C060,0x28C070,16,sub_28C060
2852,0x28C070,0x28C124,180,sub_28C070
2853,0x28C124,0x28C134,16,sub_28C124
2854,0x28C134,0x28C1A8,116,sub_28C134
2855,0x28C1A8,0x28C21C,116,sub_28C1A8
2856,0x28C21C,0x28C228,12,sub_28C21C
2857,0x28C228,0x28CB04,2268,sub_28C228
2858,0x28CB04,0x28CEE0,988,sub_28CB04
2859,0x28CEE0,0x28CF6C,140,sub_28CEE0
2860,0x28CF6C,0x28CFF8,140,sub_28CF6C
2861,0x28CFF8,0x28D004,12,sub_28CFF8
2862,0x28D004,0x28D040,60,sub_28D004
2863,0x28D040,0x28D368,808,sub_28D040
2864,0x28D368,0x28D68C,804,sub_28D368
2865,0x28D68C,0x28D994,776,sub_28D68C
2866,0x28D994,0x28DCBC,808,sub_28D994
2867,0x28DCBC,0x28DFD4,792,sub_28DCBC
2868,0x28DFD4,0x28E2E8,788,sub_28DFD4
2869,0x28E2E8,0x28E5BC,724,sub_28E2E8
2870,0x28E5BC,0x28E88C,720,sub_28E5BC
2871,0x28E88C,0x28E89C,16,sub_28E88C
2872,0x28E89C,0x28E8AC,16,sub_28E89C
2873,0x28E8AC,0x28E8BC,16,sub_28E8AC
2874,0x28E8BC,0x28E8CC,16,sub_28E8BC
2875,0x28E8CC,0x28E8DC,16,sub_28E8CC
2876,0x28E8DC,0x28E8EC,16,sub_28E8DC
2877,0x28E8EC,0x28EB70,644,sub_28E8EC
2878,0x28EB70,0x28EB80,16,sub_28EB70
2879,0x28EB80,0x28EB8C,12,sub_28EB80
2880,0x28EB8C,0x28EB9C,16,sub_28EB8C
2881,0x28EB9C,0x28EBA8,12,sub_28EB9C
2882,0x28EBA8,0x28EBB8,16,sub_28EBA8
2883,0x28EBB8,0x28EBC4,12,sub_28EBB8
2884,0x28EBC4,0x28EBD0,12,sub_28EBC4
2885,0x28EBD0,0x28EBE0,16,sub_28EBD0
2886,0x28EBE0,0x28EBF0,16,sub_28EBE0
2887,0x28EBF0,0x28EC00,16,sub_28EBF0
2888,0x28EC00,0x28ED94,404,sub_28EC00
2889,0x28ED94,0x28EDA4,16,sub_28ED94
2890,0x28EDA4,0x28EDB4,16,sub_28EDA4
2891,0x28EDB4,0x28EDC4,16,sub_28EDB4
2892,0x28EDC4,0x28EDD4,16,sub_28EDC4
2893,0x28EDD4,0x28EDE4,16,sub_28EDD4
2894,0x28EDE4,0x28EDF4,16,sub_28EDE4
2895,0x28EDF4,0x28EE04,16,sub_28EDF4
2896,0x28EE04,0x28EE14,16,sub_28EE04
2897,0x28EE14,0x28EE24,16,sub_28EE14
2898,0x28EE24,0x28EE30,12,sub_28EE24
2899,0x28EE30,0x28EE3C,12,sub_28EE30
2900,0x28EE3C,0x28EE4C,16,sub_28EE3C
2901,0x28EE4C,0x28EE58,12,sub_28EE4C
2902,0x28EE58,0x28EE68,16,sub_28EE58
2903,0x28EE68,0x28EE74,12,sub_28EE68
2904,0x28EE74,0x28EE84,16,sub_28EE74
2905,0x28EE84,0x28EE90,12,sub_28EE84
2906,0x28EE90,0x28EEA0,16,sub_28EE90
2907,0x28EEA0,0x28EEB0,16,sub_28EEA0
2908,0x28EEB0,0x28EEC0,16,sub_28EEB0
2909,0x28EEC0,0x28EED0,16,sub_28EEC0
2910,0x28EED0,0x28EEE0,16,sub_28EED0
2911,0x28EEE0,0x28EEF0,16,sub_28EEE0
2912,0x28EEF0,0x28EEF8,8,sub_28EEF0
2913,0x28EEF8,0x28EF08,16,sub_28EEF8
2914,0x28EF08,0x28EF18,16,sub_28EF08
2915,0x28EF18,0x28EF28,16,sub_28EF18
2916,0x28EF28,0x28EF38,16,sub_28EF28
2917,0x28EF38,0x28EF48,16,sub_28EF38
2918,0x28EF48,0x28EF58,16,sub_28EF48
2919,0x28EF58,0x28EF68,16,sub_28EF58
2920,0x28EF68,0x28EF78,16,sub_28EF68
2921,0x28EF78,0x28EF88,16,sub_28EF78
2922,0x28EF88,0x28EF98,16,sub_28EF88
2923,0x28EF98,0x28EFA8,16,sub_28EF98
2924,0x28EFA8,0x28EFB8,16,sub_28EFA8
2925,0x28EFB8,0x28EFC8,16,sub_28EFB8
2926,0x28EFC8,0x28F160,408,sub_28EFC8
2927,0x28F160,0x28F16C,12,sub_28F160
2928,0x28F16C,0x28F314,424,sub_28F16C
2929,0x28F314,0x28F324,16,sub_28F314
2930,0x28F324,0x28F334,16,sub_28F324
2931,0x28F334,0x28F344,16,sub_28F334
2932,0x28F344,0x28F534,496,sub_28F344
2933,0x28F534,0x28F794,608,sub_28F534
2934,0x28F794,0x28F7A0,12,sub_28F794
2935,0x28F7A0,0x28F7AC,12,sub_28F7A0
2936,0x28F7AC,0x28F7B8,12,sub_28F7AC
2937,0x28F7B8,0x28F7C4,12,sub_28F7B8
2938,0x28F7C4,0x28F7D0,12,sub_28F7C4
2939,0x28F7D0,0x28F7DC,12,sub_28F7D0
2940,0x28F7DC,0x28F7E8,12,sub_28F7DC
2941,0x28F7E8,0x28F7F4,12,sub_28F7E8
2942,0x28F7F4,0x28F800,12,sub_28F7F4
2943,0x28F800,0x28F80C,12,sub_28F800
2944,0x28F80C,0x28F818,12,sub_28F80C
2945,0x28F818,0x28F824,12,sub_28F818
2946,0x28F824,0x28F834,16,sub_28F824
2947,0x28F834,0x28F840,12,sub_28F834
2948,0x28F840,0x28F84C,12,sub_28F840
2949,0x28F84C,0x28F858,12,sub_28F84C
2950,0x28F858,0x28F864,12,sub_28F858
2951,0x28F864,0x28F874,16,sub_28F864
2952,0x28F874,0x28F880,12,sub_28F874
2953,0x28F880,0x28F88C,12,sub_28F880
2954,0x28F88C,0x28F898,12,sub_28F88C
2955,0x28F898,0x28F8A4,12,sub_28F898
2956,0x28F8A4,0x28F8B0,12,sub_28F8A4
2957,0x28F8B0,0x28F8C0,16,sub_28F8B0
2958,0x28F8C0,0x28F8CC,12,sub_28F8C0
2959,0x28F8CC,0x28F8D8,12,sub_28F8CC
2960,0x28F8D8,0x28F8E4,12,sub_28F8D8
2961,0x28F8E4,0x28F8F0,12,sub_28F8E4
2962,0x28F8F0,0x28F900,16,sub_28F8F0
2963,0x28F900,0x28F90C,12,sub_28F900
2964,0x28F90C,0x28F918,12,sub_28F90C
2965,0x28F918,0x28F928,16,sub_28F918
2966,0x28F928,0x28F938,16,sub_28F928
2967,0x28F938,0x28F948,16,sub_28F938
2968,0x28F948,0x28F958,16,sub_28F948
2969,0x28F958,0x28F968,16,sub_28F958
2970,0x28F968,0x28F978,16,sub_28F968
2971,0x28F978,0x28F984,12,sub_28F978
2972,0x28F984,0x28F990,12,sub_28F984
2973,0x28F990,0x28F99C,12,sub_28F990
2974,0x28F99C,0x28F9AC,16,sub_28F99C
2975,0x28F9AC,0x28F9B8,12,sub_28F9AC
2976,0x28F9B8,0x28F9C4,12,sub_28F9B8
2977,0x28F9C4,0x28F9D0,12,sub_28F9C4
2978,0x28F9D0,0x28F9DC,12,sub_28F9D0
2979,0x28F9DC,0x28F9E8,12,sub_28F9DC
2980,0x28F9E8,0x28F9F4,12,sub_28F9E8
2981,0x28F9F4,0x28FA00,12,sub_28F9F4
2982,0x28FA00,0x28FA0C,12,sub_28FA00
2983,0x28FA0C,0x28FA18,12,sub_28FA0C
2984,0x28FA18,0x28FA24,12,sub_28FA18
2985,0x28FA24,0x28FEB8,1172,sub_28FA24
2986,0x28FEB8,0x28FF0C,84,sub_28FEB8
2987,0x28FF0C,0x29008C,384,sub_28FF0C
2988,0x29008C,0x290134,168,sub_29008C
2989,0x290134,0x290164,48,sub_290134
2990,0x290164,0x29606C,24328,sub_290164
2991,0x29606C,0x297720,5812,sub_29606C
2992,0x297720,0x297FB4,2196,sub_297720
2993,0x297FB4,0x297FC4,16,sub_297FB4
2994,0x297FC4,0x297FD8,20,sub_297FC4
2995,0x297FD8,0x297FE8,16,sub_297FD8
2996,0x297FE8,0x297FFC,20,sub_297FE8
2997,0x297FFC,0x29800C,16,sub_297FFC
2998,0x29800C,0x298020,20,sub_29800C
2999,0x298020,0x298030,16,sub_298020
3000,0x298030,0x298044,20,sub_298030
3001,0x298044,0x298054,16,sub_298044
3002,0x298054,0x298068,20,sub_298054
3003,0x298068,0x298078,16,sub_298068
3004,0x298078,0x29808C,20,sub_298078
3005,0x29808C,0x29809C,16,sub_29808C
3006,0x29809C,0x2980B0,20,sub_29809C
3007,0x2980B0,0x298154,164,sub_2980B0
3008,0x298154,0x298F30,3548,sub_298154
3009,0x298F30,0x2991B8,648,sub_298F30
3010,0x2991B8,0x29920C,84,sub_2991B8
3011,0x29920C,0x29964C,1088,sub_29920C
3012,0x29964C,0x299788,316,sub_29964C
3013,0x299788,0x299C90,1288,sub_299788
3014,0x299C90,0x299DD4,324,sub_299C90
3015,0x299DD4,0x299E50,124,sub_299DD4
3016,0x299E50,0x299ED8,136,sub_299E50
3017,0x299ED8,0x299F24,76,sub_299ED8
3018,0x299F24,0x29A078,340,sub_299F24
3019,0x29A078,0x29A140,200,sub_29A078
3020,0x29A140,0x29A2B8,376,sub_29A140
3021,0x29A2B8,0x29A2EC,52,sub_29A2B8
3022,0x29A2EC,0x29A300,20,sub_29A2EC
3023,0x29A300,0x29A37C,124,sub_29A300
3024,0x29A37C,0x29A38C,16,sub_29A37C
3025,0x29A38C,0x29A3A0,20,sub_29A38C
3026,0x29A3A0,0x29A3B0,16,sub_29A3A0
3027,0x29A3B0,0x29A3C4,20,sub_29A3B0
3028,0x29A3C4,0x29A3D4,16,sub_29A3C4
3029,0x29A3D4,0x29A3E8,20,sub_29A3D4
3030,0x29A3E8,0x29A3F8,16,sub_29A3E8
3031,0x29A3F8,0x29A40C,20,sub_29A3F8
3032,0x29A40C,0x29A41C,16,sub_29A40C
3033,0x29A41C,0x29A430,20,sub_29A41C
3034,0x29A430,0x29A440,16,sub_29A430
3035,0x29A440,0x29A454,20,sub_29A440
3036,0x29A454,0x29A464,16,sub_29A454
3037,0x29A464,0x29A478,20,sub_29A464
3038,0x29A478,0x29A488,16,sub_29A478
3039,0x29A488,0x29A49C,20,sub_29A488
3040,0x29A49C,0x29A4AC,16,sub_29A49C
3041,0x29A4AC,0x29A4BC,16,sub_29A4AC
3042,0x29A4BC,0x29A574,184,sub_29A4BC
3043,0x29A574,0x29A6DC,360,sub_29A574
3044,0x29A6DC,0x29A9DC,768,sub_29A6DC
3045,0x29A9DC,0x29AA8C,176,sub_29A9DC
3046,0x29AA8C,0x29AA9C,16,sub_29AA8C
3047,0x29AA9C,0x29AAB0,20,sub_29AA9C
3048,0x29AAB0,0x29AAC0,16,sub_29AAB0
3049,0x29AAC0,0x29AAD4,20,sub_29AAC0
3050,0x29AAD4,0x29AAE8,20,sub_29AAD4
3051,0x29AAE8,0x29AAFC,20,sub_29AAE8
3052,0x29AAFC,0x29AB0C,16,sub_29AAFC
3053,0x29AB0C,0x29AB1C,16,sub_29AB0C
3054,0x29AB1C,0x29AB2C,16,sub_29AB1C
3055,0x29AB2C,0x29AB3C,16,sub_29AB2C
3056,0x29AB3C,0x29AB4C,16,sub_29AB3C
3057,0x29AB4C,0x29AB5C,16,sub_29AB4C
3058,0x29AB5C,0x29AB9C,64,sub_29AB5C
3059,0x29AB9C,0x29ABCC,48,sub_29AB9C
3060,0x29ABCC,0x29AC28,92,sub_29ABCC
3061,0x29AC28,0x29AF14,748,sub_29AC28
3062,0x29AF14,0x29AFA4,144,sub_29AF14
3063,0x29AFA4,0x29B1D4,560,sub_29AFA4
3064,0x29B1D4,0x29B548,884,sub_29B1D4
3065,0x29B548,0x29C588,4160,sub_29B548
3066,0x29C588,0x29C598,16,sub_29C588
3067,0x29C598,0x29C5A8,16,sub_29C598
3068,0x29C5A8,0x29C5B8,16,sub_29C5A8
3069,0x29C5B8,0x29C5CC,20,sub_29C5B8
3070,0x29C5CC,0x29C5DC,16,sub_29C5CC
3071,0x29C5DC,0x29C5F0,20,sub_29C5DC
3072,0x29C5F0,0x29C600,16,sub_29C5F0
3073,0x29C600,0x29C614,20,sub_29C600
3074,0x29C614,0x29C624,16,sub_29C614
3075,0x29C624,0x29C638,20,sub_29C624
3076,0x29C638,0x29C648,16,sub_29C638
3077,0x29C648,0x29C65C,20,sub_29C648
3078,0x29C65C,0x29C66C,16,sub_29C65C
3079,0x29C66C,0x29C67C,16,sub_29C66C
3080,0x29C67C,0x29C68C,16,sub_29C67C
3081,0x29C68C,0x29C69C,16,sub_29C68C
3082,0x29C69C,0x29C6B4,24,sub_29C69C
3083,0x29C6B4,0x29C6CC,24,sub_29C6B4
3084,0x29C6CC,0x29C6DC,16,sub_29C6CC
3085,0x29C6DC,0x29C6EC,16,sub_29C6DC
3086,0x29C6EC,0x29C6FC,16,sub_29C6EC
3087,0x29C6FC,0x29C70C,16,sub_29C6FC
3088,0x29C70C,0x29C71C,16,sub_29C70C
3089,0x29C71C,0x29C72C,16,sub_29C71C
3090,0x29C72C,0x29C7A8,124,sub_29C72C
3091,0x29C7A8,0x29CC28,1152,sub_29C7A8
3092,0x29CC28,0x29CC3C,20,sub_29CC28
3093,0x29CC3C,0x29CD28,236,sub_29CC3C
3094,0x29CD28,0x29CE40,280,sub_29CD28
3095,0x29CE40,0x29CF8C,332,sub_29CE40
3096,0x29CF8C,0x29CFEC,96,sub_29CF8C
3097,0x29CFEC,0x29D038,76,sub_29CFEC
3098,0x29D038,0x29D074,60,sub_29D038
3099,0x29D074,0x29D2EC,632,sub_29D074
3100,0x29D2EC,0x29D300,20,sub_29D2EC
3101,0x29D300,0x29EFB4,7348,sub_29D300
3102,0x29EFB4,0x29F5F0,1596,sub_29EFB4
3103,0x29F5F0,0x29F984,916,sub_29F5F0
3104,0x29F984,0x29F9C4,64,sub_29F984
3105,0x29F9C4,0x29F9FC,56,sub_29F9C4
3106,0x29F9FC,0x29FAFC,256,sub_29F9FC
3107,0x29FAFC,0x29FB5C,96,sub_29FAFC
3108,0x29FB5C,0x29FCE0,388,sub_29FB5C
3109,0x29FCE0,0x2A03D8,1784,sub_29FCE0
3110,0x2A03D8,0x2A090C,1332,sub_2A03D8
3111,0x2A090C,0x2A0C74,872,sub_2A090C
3112,0x2A0C74,0x2A1208,1428,sub_2A0C74
3113,0x2A1208,0x2A1318,272,sub_2A1208
3114,0x2A1318,0x2A1444,300,sub_2A1318
3115,0x2A1444,0x2A16E0,668,sub_2A1444
3116,0x2A16E0,0x2A2E14,5940,sub_2A16E0
3117,0x2A2E14,0x2A3240,1068,sub_2A2E14
3118,0x2A3240,0x2A3714,1236,sub_2A3240
3119,0x2A3714,0x2A3C28,1300,sub_2A3714
3120,0x2A3C28,0x2A4214,1516,sub_2A3C28
3121,0x2A4214,0x2A43EC,472,sub_2A4214
3122,0x2A43EC,0x2A6B1C,10032,sub_2A43EC
3123,0x2A6B1C,0x2A6B30,20,sub_2A6B1C
3124,0x2A6B30,0x2A6B40,16,sub_2A6B30
3125,0x2A6B40,0x2A6B54,20,sub_2A6B40
3126,0x2A6B54,0x2A6B64,16,sub_2A6B54
3127,0x2A6B64,0x2A782C,3272,sub_2A6B64
3128,0x2A782C,0x2A7840,20,sub_2A782C
3129,0x2A7840,0x2A7850,16,sub_2A7840
3130,0x2A7850,0x2A7864,20,sub_2A7850
3131,0x2A7864,0x2A7874,16,sub_2A7864
3132,0x2A7874,0x2A78BC,72,sub_2A7874
3133,0x2A78BC,0x2A7904,72,sub_2A78BC
3134,0x2A7904,0x2A7A38,308,sub_2A7904
3135,0x2A7A38,0x2A7A50,24,sub_2A7A38
3136,0x2A7A50,0x2A7A5C,12,sub_2A7A50
3137,0x2A7A5C,0x2A7A64,8,sub_2A7A5C
3138,0x2A7A64,0x2A7A6C,8,sub_2A7A64
3139,0x2A7A6C,0x2A7A74,8,sub_2A7A6C
3140,0x2A7A74,0x2A7A80,12,sub_2A7A74
3141,0x2A7A80,0x2A7A88,8,sub_2A7A80
3142,0x2A7A88,0x2A7A94,12,sub_2A7A88
3143,0x2A7A94,0x2A7A9C,8,sub_2A7A94
3144,0x2A7A9C,0x2A7AA8,12,sub_2A7A9C
3145,0x2A7AA8,0x2A7AB0,8,sub_2A7AA8
3146,0x2A7AB0,0x2A7ABC,12,sub_2A7AB0
3147,0x2A7ABC,0x2A7AC4,8,sub_2A7ABC
3148,0x2A7AC4,0x2A7AD0,12,sub_2A7AC4
3149,0x2A7AD0,0x2A7AD8,8,sub_2A7AD0
3150,0x2A7AD8,0x2A7AE4,12,sub_2A7AD8
3151,0x2A7AE4,0x2A7AEC,8,sub_2A7AE4
3152,0x2A7AEC,0x2A7AF4,8,sub_2A7AEC
3153,0x2A7AF4,0x2A7AFC,8,sub_2A7AF4
3154,0x2A7AFC,0x2A7B04,8,sub_2A7AFC
3155,0x2A7B04,0x2A7B0C,8,sub_2A7B04
3156,0x2A7B0C,0x2A7B14,8,sub_2A7B0C
3157,0x2A7B14,0x2A7B1C,8,sub_2A7B14
3158,0x2A7B1C,0x2A7B24,8,sub_2A7B1C
3159,0x2A7B24,0x2A7BBC,152,sub_2A7B24
3160,0x2A7BBC,0x2A88EC,3376,sub_2A7BBC
3161,0x2A88EC,0x2D9C98,201644,sub_2A88EC
3162,0x2D9C98,0x2D9D44,172,sub_2D9C98
3163,0x2D9D44,0x2D9DD4,144,sub_2D9D44
3164,0x2D9DD4,0x2D9E94,192,sub_2D9DD4
3165,0x2D9E94,0x2DA1D0,828,sub_2D9E94
3166,0x2DA1D0,0x2DA364,404,sub_2DA1D0
3167,0x2DA364,0x2DA48C,296,sub_2DA364
3168,0x2DA48C,0x2DA7FC,880,sub_2DA48C
3169,0x2DA7FC,0x2DB304,2824,sub_2DA7FC
3170,0x2DB304,0x2DB46C,360,sub_2DB304
3171,0x2DB46C,0x2DB8C0,1108,sub_2DB46C
3172,0x2DB8C0,0x2DBA6C,428,sub_2DB8C0
3173,0x2DBA6C,0x2DC1D8,1900,sub_2DBA6C
3174,0x2DC1D8,0x2DC204,44,sub_2DC1D8
3175,0x2DC204,0x2DC240,60,sub_2DC204
3176,0x2DC240,0x2DD6F8,5304,sub_2DC240
3177,0x2DD6F8,0x2DDB4C,1108,sub_2DD6F8
3178,0x2DDB4C,0x2DDBA8,92,sub_2DDB4C
3179,0x2DDBA8,0x2DDC04,92,sub_2DDBA8
3180,0x2DDC04,0x2DDC60,92,sub_2DDC04
3181,0x2DDC60,0x2DDEC8,616,sub_2DDC60
3182,0x2DDEC8,0x2DDED4,12,sub_2DDEC8
3183,0x2DDED4,0x2DE5A4,1744,sub_2DDED4
3184,0x2DE5A4,0x2DF440,3740,sub_2DE5A4
3185,0x2DF440,0x2DF6F0,688,sub_2DF440
3186,0x2DF6F0,0x2DFCE0,1520,sub_2DF6F0
3187,0x2DFCE0,0x2E016C,1164,sub_2DFCE0
3188,0x2E016C,0x2E025C,240,sub_2E016C
3189,0x2E025C,0x2E0A30,2004,sub_2E025C
3190,0x2E0A30,0x2E0BDC,428,sub_2E0A30
3191,0x2E0BDC,0x2E0BE0,4,sub_2E0BDC
3192,0x2E0BE0,0x2E0D0C,300,sub_2E0BE0
3193,0x2E0D0C,0x2E0DA4,152,sub_2E0D0C
3194,0x2E0DA4,0x2E0E38,148,sub_2E0DA4
3195,0x2E0E38,0x2E0EE4,172,sub_2E0E38
3196,0x2E0EE4,0x2E1230,844,sub_2E0EE4
3197,0x2E1230,0x2E12C8,152,sub_2E1230
3198,0x2E12C8,0x2E1360,152,sub_2E12C8
3199,0x2E1360,0x2E1414,180,sub_2E1360
3200,0x2E1414,0x2E142C,24,sub_2E1414
3201,0x2E142C,0x2E1538,268,sub_2E142C
3202,0x2E1538,0x2E1778,576,sub_2E1538
3203,0x2E1778,0x2E17FC,132,sub_2E1778
3204,0x2E17FC,0x2E18A0,164,sub_2E17FC
3205,0x2E18A0,0x2E18E0,64,sub_2E18A0
3206,0x2E18E0,0x2E1A10,304,sub_2E18E0
3207,0x2E1A10,0x2E1AD8,200,sub_2E1A10
3208,0x2E1AD8,0x2E1C10,312,sub_2E1AD8
3209,0x2E1C10,0x2E1CD8,200,sub_2E1C10
3210,0x2E1CD8,0x2E1D44,108,sub_2E1CD8
3211,0x2E1D44,0x2E1D54,16,sub_2E1D44
3212,0x2E1D54,0x2E1D68,20,sub_2E1D54
3213,0x2E1D68,0x2E1D78,16,sub_2E1D68
3214,0x2E1D78,0x2E1D8C,20,sub_2E1D78
3215,0x2E1D8C,0x2E1D9C,16,sub_2E1D8C
3216,0x2E1D9C,0x2E1DB0,20,sub_2E1D9C
3217,0x2E1DB0,0x2E1DC0,16,sub_2E1DB0
3218,0x2E1DC0,0x2E1DD4,20,sub_2E1DC0
3219,0x2E1DD4,0x2E1DE4,16,sub_2E1DD4
3220,0x2E1DE4,0x2E1DF8,20,sub_2E1DE4
3221,0x2E1DF8,0x2E1E08,16,sub_2E1DF8
3222,0x2E1E08,0x2E1E1C,20,sub_2E1E08
3223,0x2E1E1C,0x2E1E2C,16,sub_2E1E1C
3224,0x2E1E2C,0x2E1E40,20,sub_2E1E2C
3225,0x2E1E40,0x2E1E50,16,sub_2E1E40
3226,0x2E1E50,0x2E1E64,20,sub_2E1E50
3227,0x2E1E64,0x2E1E74,16,sub_2E1E64
3228,0x2E1E74,0x2E1E88,20,sub_2E1E74
3229,0x2E1E88,0x2E1E9C,20,sub_2E1E88
3230,0x2E1E9C,0x2E1EB0,20,sub_2E1E9C
3231,0x2E1EB0,0x2E1EC0,16,sub_2E1EB0
3232,0x2E1EC0,0x2E1ED0,16,sub_2E1EC0
3233,0x2E1ED0,0x2E1F9C,204,sub_2E1ED0
3234,0x2E1F9C,0x2E2198,508,sub_2E1F9C
3235,0x2E2198,0x2E219C,4,sub_2E2198
3236,0x2E219C,0x2E2450,692,sub_2E219C
3237,0x2E2450,0x2E24B4,100,sub_2E2450
3238,0x2E24B4,0x2E24B8,4,sub_2E24B4
3239,0x2E24B8,0x2E2528,112,sub_2E24B8
3240,0x2E2528,0x2E2538,16,sub_2E2528
3241,0x2E2538,0x2E2540,8,sub_2E2538
3242,0x2E2540,0x2E2548,8,sub_2E2540
3243,0x2E2548,0x2E2550,8,sub_2E2548
3244,0x2E2550,0x2E2558,8,sub_2E2550
3245,0x2E2558,0x2E2560,8,sub_2E2558
3246,0x2E2560,0x2E2568,8,sub_2E2560
3247,0x2E2568,0x2E2570,8,sub_2E2568
3248,0x2E2570,0x2E2578,8,sub_2E2570
3249,0x2E2578,0x2E2580,8,sub_2E2578
3250,0x2E2580,0x2E2588,8,sub_2E2580
3251,0x2E2588,0x2E2590,8,sub_2E2588
3252,0x2E2590,0x2E2598,8,sub_2E2590
3253,0x2E2598,0x2E25A0,8,sub_2E2598
3254,0x2E25A0,0x2E25A8,8,sub_2E25A0
3255,0x2E25A8,0x2E25B0,8,sub_2E25A8
3256,0x2E25B0,0x2E25B8,8,sub_2E25B0
3257,0x2E25B8,0x2E25C0,8,sub_2E25B8
3258,0x2E25C0,0x2E25C8,8,sub_2E25C0
3259,0x2E25C8,0x2E2628,96,sub_2E25C8
3260,0x2E2628,0x2E282C,516,sub_2E2628
3261,0x2E282C,0x2E2990,356,sub_2E282C
3262,0x2E2990,0x2E2AE4,340,sub_2E2990
3263,0x2E2AE4,0x2E2C50,364,sub_2E2AE4
3264,0x2E2C50,0x2E4C10,8128,sub_2E2C50
3265,0x2E4C10,0x2E4D54,324,sub_2E4C10
3266,0x2E4D54,0x2E4DD8,132,sub_2E4D54
3267,0x2E4DD8,0x2E59AC,3028,sub_2E4DD8
3268,0x2E59AC,0x2E5C04,600,sub_2E59AC
3269,0x2E5C04,0x2E5CE8,228,sub_2E5C04
3270,0x2E5CE8,0x2E5ECC,484,sub_2E5CE8
3271,0x2E5ECC,0x2E7228,4956,sub_2E5ECC
3272,0x2E7228,0x2E727C,84,sub_2E7228
3273,0x2E727C,0x2E75A4,808,sub_2E727C
3274,0x2E75A4,0x2E7A30,1164,sub_2E75A4
3275,0x2E7A30,0x2E7AA0,112,sub_2E7A30
3276,0x2E7AA0,0x2E7E40,928,sub_2E7AA0
3277,0x2E7E40,0x2E8160,800,sub_2E7E40
3278,0x2E8160,0x2E8B28,2504,sub_2E8160
3279,0x2E8B28,0x2E8B9C,116,sub_2E8B28
3280,0x2E8B9C,0x2E8DB4,536,sub_2E8B9C
3281,0x2E8DB4,0x2E8F30,380,sub_2E8DB4
3282,0x2E8F30,0x2E9610,1760,sub_2E8F30
3283,0x2E9610,0x2EA4FC,3820,sub_2E9610
3284,0x2EA4FC,0x2EA7D0,724,sub_2EA4FC
3285,0x2EA7D0,0x2EA9F8,552,sub_2EA7D0
3286,0x2EA9F8,0x2EB1BC,1988,sub_2EA9F8
3287,0x2EB1BC,0x2EB270,180,sub_2EB1BC
3288,0x2EB270,0x2EB3BC,332,sub_2EB270
3289,0x2EB3BC,0x2EBA44,1672,sub_2EB3BC
3290,0x2EBA44,0x2EC504,2752,sub_2EBA44
3291,0x2EC504,0x2EC574,112,sub_2EC504
3292,0x2EC574,0x2EC8AC,824,sub_2EC574
3293,0x2EC8AC,0x2EC918,108,sub_2EC8AC
3294,0x2EC918,0x2ECAD8,448,sub_2EC918
3295,0x2ECAD8,0x2ECC9C,452,sub_2ECAD8
3296,0x2ECC9C,0x2ECCB0,20,sub_2ECC9C
3297,0x2ECCB0,0x2ECE94,484,sub_2ECCB0
3298,0x2ECE94,0x2ED1F4,864,sub_2ECE94
3299,0x2ED1F4,0x2ED314,288,sub_2ED1F4
3300,0x2ED314,0x2ED31C,8,sub_2ED314
3301,0x2ED31C,0x2ED324,8,sub_2ED31C
3302,0x2ED324,0x2ED32C,8,sub_2ED324
3303,0x2ED32C,0x2ED334,8,sub_2ED32C
3304,0x2ED334,0x2ED33C,8,sub_2ED334
3305,0x2ED33C,0x2ED344,8,sub_2ED33C
3306,0x2ED344,0x2ED34C,8,sub_2ED344
3307,0x2ED34C,0x2ED354,8,sub_2ED34C
3308,0x2ED354,0x2ED35C,8,sub_2ED354
3309,0x2ED35C,0x2ED364,8,sub_2ED35C
3310,0x2ED364,0x2ED36C,8,sub_2ED364
3311,0x2ED36C,0x2ED374,8,sub_2ED36C
3312,0x2ED374,0x2ED37C,8,sub_2ED374
3313,0x2ED37C,0x2ED384,8,sub_2ED37C
3314,0x2ED384,0x2ED38C,8,sub_2ED384
3315,0x2ED38C,0x2ED394,8,sub_2ED38C
3316,0x2ED394,0x2ED39C,8,sub_2ED394
3317,0x2ED39C,0x2ED3A4,8,sub_2ED39C
3318,0x2ED3A4,0x2ED3AC,8,sub_2ED3A4
3319,0x2ED3AC,0x2ED3B4,8,sub_2ED3AC
3320,0x2ED3B4,0x2ED3BC,8,sub_2ED3B4
3321,0x2ED3BC,0x2ED3C4,8,sub_2ED3BC
3322,0x2ED3C4,0x2ED3CC,8,sub_2ED3C4
3323,0x2ED3CC,0x2ED3D4,8,sub_2ED3CC
3324,0x2ED3D4,0x2ED3DC,8,sub_2ED3D4
3325,0x2ED3DC,0x2ED3E4,8,sub_2ED3DC
3326,0x2ED3E4,0x2ED3EC,8,sub_2ED3E4
3327,0x2ED3EC,0x2ED3F4,8,sub_2ED3EC
3328,0x2ED3F4,0x2ED3FC,8,sub_2ED3F4
3329,0x2ED3FC,0x2ED404,8,sub_2ED3FC
3330,0x2ED404,0x2ED40C,8,sub_2ED404
3331,0x2ED40C,0x2ED414,8,sub_2ED40C
3332,0x2ED414,0x2ED4A4,144,sub_2ED414
3333,0x2ED4A4,0x2ED928,1156,sub_2ED4A4
3334,0x2ED928,0x2ED9CC,164,sub_2ED928
3335,0x2ED9CC,0x2ED9DC,16,sub_2ED9CC
3336,0x2ED9DC,0x2EDE68,1164,sub_2ED9DC
3337,0x2EDE68,0x2EDF4C,228,sub_2EDE68
3338,0x2EDF4C,0x2EE110,452,sub_2EDF4C
3339,0x2EE110,0x2EE2C8,440,sub_2EE110
3340,0x2EE2C8,0x2EE2FC,52,sub_2EE2C8
3341,0x2EE2FC,0x2EE384,136,sub_2EE2FC
3342,0x2EE384,0x2EE44C,200,sub_2EE384
3343,0x2EE44C,0x2EE454,8,sub_2EE44C
3344,0x2EE454,0x2EE45C,8,sub_2EE454
3345,0x2EE45C,0x2EE464,8,sub_2EE45C
3346,0x2EE464,0x2EE46C,8,sub_2EE464
3347,0x2EE46C,0x2EE474,8,sub_2EE46C
3348,0x2EE474,0x2EE47C,8,sub_2EE474
3349,0x2EE47C,0x2EE484,8,sub_2EE47C
3350,0x2EE484,0x2EE48C,8,sub_2EE484
3351,0x2EE48C,0x2EE494,8,sub_2EE48C
3352,0x2EE494,0x2EE4A0,12,sub_2EE494
3353,0x2EE4A0,0x2EE4A8,8,sub_2EE4A0
3354,0x2EE4A8,0x2EE4B0,8,sub_2EE4A8
3355,0x2EE4B0,0x2EE4B8,8,sub_2EE4B0
3356,0x2EE4B8,0x2EE4C0,8,sub_2EE4B8
3357,0x2EE4C0,0x2EE4C8,8,sub_2EE4C0
3358,0x2EE4C8,0x2EE4D0,8,sub_2EE4C8
3359,0x2EE4D0,0x2EE4D8,8,sub_2EE4D0
3360,0x2EE4D8,0x2EE4E4,12,sub_2EE4D8
3361,0x2EE4E4,0x2EE4EC,8,sub_2EE4E4
3362,0x2EE4EC,0x2EE4F8,12,sub_2EE4EC
3363,0x2EE4F8,0x2EE500,8,sub_2EE4F8
3364,0x2EE500,0x2EE508,8,sub_2EE500
3365,0x2EE508,0x2EE510,8,sub_2EE508
3366,0x2EE510,0x2EE518,8,sub_2EE510
3367,0x2EE518,0x2EE520,8,sub_2EE518
3368,0x2EE520,0x2EE528,8,sub_2EE520
3369,0x2EE528,0x2EE530,8,sub_2EE528
3370,0x2EE530,0x2EE538,8,sub_2EE530
3371,0x2EE538,0x2EE5A4,108,sub_2EE538
3372,0x2EE5A4,0x2EE5D4,48,sub_2EE5A4
3373,0x2EE5D4,0x2EE608,52,sub_2EE5D4
3374,0x2EE608,0x2EFDC8,6080,sub_2EE608
3375,0x2EFDC8,0x2EFE5C,148,sub_2EFDC8
3376,0x2EFE5C,0x2EFF9C,320,sub_2EFE5C
3377,0x2EFF9C,0x2F0118,380,sub_2EFF9C
3378,0x2F0118,0x2F01A0,136,sub_2F0118
3379,0x2F01A0,0x2F1934,6036,sub_2F01A0
3380,0x2F1934,0x2F198C,88,sub_2F1934
3381,0x2F198C,0x2F2B94,4616,sub_2F198C
3382,0x2F2B94,0x2F2C2C,152,sub_2F2B94
3383,0x2F2C2C,0x2F2E10,484,sub_2F2C2C
3384,0x2F2E10,0x2F3020,528,sub_2F2E10
3385,0x2F3020,0x2F3140,288,sub_2F3020
3386,0x2F3140,0x2F4364,4644,sub_2F3140
3387,0x2F4364,0x2F45B4,592,sub_2F4364
3388,0x2F45B4,0x2F4FAC,2552,sub_2F45B4
3389,0x2F4FAC,0x2F5114,360,sub_2F4FAC
3390,0x2F5114,0x2F51A4,144,sub_2F5114
3391,0x2F51A4,0x2F525C,184,sub_2F51A4
3392,0x2F525C,0x2F52A0,68,sub_2F525C
3393,0x2F52A0,0x2F52D8,56,sub_2F52A0
3394,0x2F52D8,0x2F63FC,4388,sub_2F52D8
3395,0x2F63FC,0x2F6A40,1604,sub_2F63FC
3396,0x2F6A40,0x2F706C,1580,sub_2F6A40
3397,0x2F706C,0x2F78CC,2144,sub_2F706C
3398,0x2F78CC,0x2F79C8,252,sub_2F78CC
3399,0x2F79C8,0x2F79DC,20,sub_2F79C8
3400,0x2F79DC,0x2F7A18,60,sub_2F79DC
3401,0x2F7A18,0x2F9210,6136,sub_2F7A18
3402,0x2F9210,0x2F9224,20,sub_2F9210
3403,0x2F9224,0x2F9888,1636,sub_2F9224
3404,0x2F9888,0x2F9954,204,sub_2F9888
3405,0x2F9954,0x2F9968,20,sub_2F9954
3406,0x2F9968,0x2F9F98,1584,sub_2F9968
3407,0x2F9F98,0x2F9FA4,12,sub_2F9F98
3408,0x2F9FA4,0x2FA16C,456,sub_2F9FA4
3409,0x2FA16C,0x2FA504,920,sub_2FA16C
3410,0x2FA504,0x2FA63C,312,sub_2FA504
3411,0x2FA63C,0x2FA680,68,sub_2FA63C
3412,0x2FA680,0x2FA6DC,92,sub_2FA680
3413,0x2FA6DC,0x2FA730,84,sub_2FA6DC
3414,0x2FA730,0x2FA73C,12,sub_2FA730
3415,0x2FA73C,0x2FA94C,528,sub_2FA73C
3416,0x2FA94C,0x2FADB8,1132,sub_2FA94C
3417,0x2FADB8,0x2FAEC0,264,sub_2FADB8
3418,0x2FAEC0,0x2FAEC8,8,sub_2FAEC0
3419,0x2FAEC8,0x2FAED0,8,sub_2FAEC8
3420,0x2FAED0,0x2FB370,1184,sub_2FAED0
3421,0x2FB370,0x2FB3C0,80,sub_2FB370
3422,0x2FB3C0,0x2FB620,608,sub_2FB3C0
3423,0x2FB620,0x2FB884,612,sub_2FB620
3424,0x2FB884,0x2FBA44,448,sub_2FB884
3425,0x2FBA44,0x2FBB9C,344,sub_2FBA44
3426,0x2FBB9C,0x2FBC68,204,sub_2FBB9C
3427,0x2FBC68,0x2FBE94,556,sub_2FBC68
3428,0x2FBE94,0x2FBEA4,16,sub_2FBE94
3429,0x2FBEA4,0x2FBEB8,20,sub_2FBEA4
3430,0x2FBEB8,0x2FBEC8,16,sub_2FBEB8
3431,0x2FBEC8,0x2FBEDC,20,sub_2FBEC8
3432,0x2FBEDC,0x2FBF1C,64,sub_2FBEDC
3433,0x2FBF1C,0x2FBF38,28,sub_2FBF1C
3434,0x2FBF38,0x2FBF8C,84,sub_2FBF38
3435,0x2FBF8C,0x2FBFA8,28,sub_2FBF8C
3436,0x2FBFA8,0x2FBFFC,84,sub_2FBFA8
3437,0x2FBFFC,0x2FC028,44,sub_2FBFFC
3438,0x2FC028,0x2FC164,316,sub_2FC028
3439,0x2FC164,0x2FC260,252,sub_2FC164
3440,0x2FC260,0x2FC878,1560,sub_2FC260
3441,0x2FC878,0x2FCE94,1564,sub_2FC878
3442,0x2FCE94,0x2FCEAC,24,sub_2FCE94
3443,0x2FCEAC,0x2FCF10,100,sub_2FCEAC
3444,0x2FCF10,0x2FD008,248,sub_2FCF10
3445,0x2FD008,0x2FD074,108,sub_2FD008
3446,0x2FD074,0x2FD084,16,sub_2FD074
3447,0x2FD084,0x2FD0B4,48,sub_2FD084
3448,0x2FD0B4,0x2FD118,100,sub_2FD0B4
3449,0x2FD118,0x2FD148,48,sub_2FD118
3450,0x2FD148,0x2FD3C4,636,sub_2FD148
3451,0x2FD3C4,0x2FD3F4,48,sub_2FD3C4
3452,0x2FD3F4,0x2FD430,60,sub_2FD3F4
3453,0x2FD430,0x2FD6A8,632,sub_2FD430
3454,0x2FD6A8,0x2FD6D8,48,sub_2FD6A8
3455,0x2FD6D8,0x2FDA7C,932,sub_2FD6D8
3456,0x2FDA7C,0x2FDCF8,636,sub_2FDA7C
3457,0x2FDCF8,0x2FDD68,112,sub_2FDCF8
3458,0x2FDD68,0x2FDE6C,260,sub_2FDD68
3459,0x2FDE6C,0x2FE150,740,sub_2FDE6C
3460,0x2FE150,0x2FE8B8,1896,sub_2FE150
3461,0x2FE8B8,0x2FE9D0,280,sub_2FE8B8
3462,0x2FE9D0,0x2FEB60,400,sub_2FE9D0
3463,0x2FEB60,0x2FECD8,376,sub_2FEB60
3464,0x2FECD8,0x2FEDE8,272,sub_2FECD8
3465,0x2FEDE8,0x2FF158,880,sub_2FEDE8
3466,0x2FF158,0x2FF168,16,sub_2FF158
3467,0x2FF168,0x2FF46C,772,sub_2FF168
3468,0x2FF46C,0x2FF608,412,sub_2FF46C
3469,0x2FF608,0x2FF77C,372,sub_2FF608
3470,0x2FF77C,0x2FFA24,680,sub_2FF77C
3471,0x2FFA24,0x2FFBCC,424,sub_2FFA24
3472,0x2FFBCC,0x2FFBE0,20,sub_2FFBCC
3473,0x2FFBE0,0x2FFF6C,908,sub_2FFBE0
3474,0x2FFF6C,0x30000C,160,sub_2FFF6C
3475,0x30000C,0x300860,2132,sub_30000C
3476,0x300860,0x30108C,2092,sub_300860
3477,0x30108C,0x301B44,2744,sub_30108C
3478,0x301B44,0x302398,2132,sub_301B44
3479,0x302398,0x302718,896,sub_302398
3480,0x302718,0x3035D0,3768,sub_302718
3481,0x3035D0,0x3036AC,220,sub_3035D0
3482,0x3036AC,0x303D7C,1744,sub_3036AC
3483,0x303D7C,0x30527C,5376,sub_303D7C
3484,0x30527C,0x306040,3524,sub_30527C
3485,0x306040,0x306CA4,3172,sub_306040
3486,0x306CA4,0x3073DC,1848,sub_306CA4
3487,0x3073DC,0x30795C,1408,sub_3073DC
3488,0x30795C,0x3079E8,140,sub_30795C
3489,0x3079E8,0x307B50,360,sub_3079E8
3490,0x307B50,0x307C9C,332,sub_307B50
3491,0x307C9C,0x307D30,148,sub_307C9C
3492,0x307D30,0x307DB4,132,sub_307D30
3493,0x307DB4,0x307E74,192,sub_307DB4
3494,0x307E74,0x309944,6864,sub_307E74
3495,0x309944,0x309F18,1492,sub_309944
3496,0x309F18,0x30A970,2648,sub_309F18
3497,0x30A970,0x30C448,6872,sub_30A970
3498,0x30C448,0x30C58C,324,sub_30C448
3499,0x30C58C,0x30C5F8,108,sub_30C58C
3500,0x30C5F8,0x30C690,152,sub_30C5F8
3501,0x30C690,0x30C6FC,108,sub_30C690
3502,0x30C6FC,0x30C798,156,sub_30C6FC
3503,0x30C798,0x30C800,104,sub_30C798
3504,0x30C800,0x30C89C,156,sub_30C800
3505,0x30C89C,0x30C908,108,sub_30C89C
3506,0x30C908,0x30C990,136,sub_30C908
3507,0x30C990,0x30C9FC,108,sub_30C990
3508,0x30C9FC,0x30CA98,156,sub_30C9FC
3509,0x30CA98,0x30CB00,104,sub_30CA98
3510,0x30CB00,0x30CB7C,124,sub_30CB00
3511,0x30CB7C,0x30CBE4,104,sub_30CB7C
3512,0x30CBE4,0x30CC80,156,sub_30CBE4
3513,0x30CC80,0x30CCE8,104,sub_30CC80
3514,0x30CCE8,0x30CD7C,148,sub_30CCE8
3515,0x30CD7C,0x30CDE4,104,sub_30CD7C
3516,0x30CDE4,0x30CE7C,152,sub_30CDE4
3517,0x30CE7C,0x30CEE8,108,sub_30CE7C
3518,0x30CEE8,0x30CF50,104,sub_30CEE8
3519,0x30CF50,0x30CFBC,108,sub_30CF50
3520,0x30CFBC,0x30D02C,112,sub_30CFBC
3521,0x30D02C,0x30D09C,112,sub_30D02C
3522,0x30D09C,0x30D0FC,96,sub_30D09C
3523,0x30D0FC,0x30D164,104,sub_30D0FC
3524,0x30D164,0x30D1C8,100,sub_30D164
3525,0x30D1C8,0x30D230,104,sub_30D1C8
3526,0x30D230,0x30D2C8,152,sub_30D230
3527,0x30D2C8,0x30D330,104,sub_30D2C8
3528,0x30D330,0x30D3D0,160,sub_30D330
3529,0x30D3D0,0x30D438,104,sub_30D3D0
3530,0x30D438,0x30D4A4,108,sub_30D438
3531,0x30D4A4,0x30D50C,104,sub_30D4A4
3532,0x30D50C,0x30D5A0,148,sub_30D50C
3533,0x30D5A0,0x30D60C,108,sub_30D5A0
3534,0x30D60C,0x30D6A4,152,sub_30D60C
3535,0x30D6A4,0x30D70C,104,sub_30D6A4
3536,0x30D70C,0x30D7A0,148,sub_30D70C
3537,0x30D7A0,0x30D808,104,sub_30D7A0
3538,0x30D808,0x30D86C,100,sub_30D808
3539,0x30D86C,0x30DA28,444,sub_30D86C
3540,0x30DA28,0x30DC90,616,sub_30DA28
3541,0x30DC90,0x30E000,880,sub_30DC90
3542,0x30E000,0x30E808,2056,sub_30E000
3543,0x30E808,0x30EFAC,1956,sub_30E808
3544,0x30EFAC,0x30F220,628,sub_30EFAC
3545,0x30F220,0x30F868,1608,sub_30F220
3546,0x30F868,0x30FD64,1276,sub_30F868
3547,0x30FD64,0x31075C,2552,sub_30FD64
3548,0x31075C,0x3114A0,3396,sub_31075C
3549,0x3114A0,0x311BCC,1836,sub_3114A0
3550,0x311BCC,0x311E34,616,sub_311BCC
3551,0x311E34,0x3120C4,656,sub_311E34
3552,0x3120C4,0x3122F4,560,sub_3120C4
3553,0x3122F4,0x31238C,152,sub_3122F4
3554,0x31238C,0x3123A0,20,sub_31238C
3555,0x3123A0,0x3123AC,12,sub_3123A0
3556,0x3123AC,0x31247C,208,sub_3123AC
3557,0x31247C,0x3126FC,640,sub_31247C
3558,0x3126FC,0x312704,8,sub_3126FC
3559,0x312704,0x312778,116,sub_312704
3560,0x312778,0x3127EC,116,sub_312778
3561,0x3127EC,0x31298C,416,sub_3127EC
3562,0x31298C,0x312B20,404,sub_31298C
3563,0x312B20,0x312B48,40,sub_312B20
3564,0x312B48,0x312C08,192,sub_312B48
3565,0x312C08,0x312C30,40,sub_312C08
3566,0x312C30,0x312C50,32,sub_312C30
3567,0x312C50,0x312C70,32,sub_312C50
3568,0x312C70,0x312C94,36,sub_312C70
3569,0x312C94,0x312CB8,36,sub_312C94
3570,0x312CB8,0x312CD0,24,sub_312CB8
3571,0x312CD0,0x312CF0,32,sub_312CD0
3572,0x312CF0,0x312D0C,28,sub_312CF0
3573,0x312D0C,0x312D28,28,sub_312D0C
3574,0x312D28,0x312D44,28,sub_312D28
3575,0x312D44,0x312D60,28,sub_312D44
3576,0x312D60,0x312DEC,140,sub_312D60
3577,0x312DEC,0x312E80,148,sub_312DEC
3578,0x312E80,0x312F10,144,sub_312E80
3579,0x312F10,0x312FA0,144,sub_312F10
3580,0x312FA0,0x313030,144,sub_312FA0
3581,0x313030,0x3130C0,144,sub_313030
3582,0x3130C0,0x313348,648,sub_3130C0
3583,0x313348,0x3138E4,1436,sub_313348
3584,0x3138E4,0x3139B0,204,sub_3138E4
3585,0x3139B0,0x313A58,168,sub_3139B0
3586,0x313A58,0x313B00,168,sub_313A58
3587,0x313B00,0x313BE8,232,sub_313B00
3588,0x313BE8,0x314040,1112,sub_313BE8
3589,0x314040,0x3141C4,388,sub_314040
3590,0x3141C4,0x314508,836,sub_3141C4
3591,0x314508,0x314CA4,1948,sub_314508
3592,0x314CA4,0x314D94,240,sub_314CA4
3593,0x314D94,0x314E6C,216,sub_314D94
3594,0x314E6C,0x314F18,172,sub_314E6C
3595,0x314F18,0x315030,280,sub_314F18
3596,0x315030,0x315160,304,sub_315030
3597,0x315160,0x315170,16,sub_315160
3598,0x315170,0x31517C,12,sub_315170
3599,0x31517C,0x31518C,16,sub_31517C
3600,0x31518C,0x3151A0,20,sub_31518C
3601,0x3151A0,0x3151B0,16,sub_3151A0
3602,0x3151B0,0x3151C4,20,sub_3151B0
3603,0x3151C4,0x3151D4,16,sub_3151C4
3604,0x3151D4,0x3151E8,20,sub_3151D4
3605,0x3151E8,0x3151F8,16,sub_3151E8
3606,0x3151F8,0x31520C,20,sub_3151F8
3607,0x31520C,0x31521C,16,sub_31520C
3608,0x31521C,0x315230,20,sub_31521C
3609,0x315230,0x315240,16,sub_315230
3610,0x315240,0x31524C,12,sub_315240
3611,0x31524C,0x31525C,16,sub_31524C
3612,0x31525C,0x315268,12,sub_31525C
3613,0x315268,0x315320,184,sub_315268
3614,0x315320,0x315324,4,sub_315320
3615,0x315324,0x315CFC,2520,sub_315324
3616,0x315CFC,0x316070,884,sub_315CFC
3617,0x316070,0x31611C,172,sub_316070
3618,0x31611C,0x316158,60,sub_31611C
3619,0x316158,0x316204,172,sub_316158
3620,0x316204,0x316240,60,sub_316204
3621,0x316240,0x3162EC,172,sub_316240
3622,0x3162EC,0x316328,60,sub_3162EC
3623,0x316328,0x316368,64,sub_316328
3624,0x316368,0x3163A4,60,sub_316368
3625,0x3163A4,0x3163D4,48,sub_3163A4
3626,0x3163D4,0x316408,52,sub_3163D4
3627,0x316408,0x3165C8,448,sub_316408
3628,0x3165C8,0x3165F8,48,sub_3165C8
3629,0x3165F8,0x316600,8,sub_3165F8
3630,0x316600,0x316C1C,1564,sub_316600
3631,0x316C1C,0x316C9C,128,sub_316C1C
3632,0x316C9C,0x316D48,172,sub_316C9C
3633,0x316D48,0x316E30,232,sub_316D48
3634,0x316E30,0x316FFC,460,sub_316E30
3635,0x316FFC,0x3171F4,504,sub_316FFC
3636,0x3171F4,0x31732C,312,sub_3171F4
3637,0x31732C,0x3175BC,656,sub_31732C
3638,0x3175BC,0x3176B8,252,sub_3175BC
3639,0x3176B8,0x3177B0,248,sub_3176B8
3640,0x3177B0,0x317968,440,sub_3177B0
3641,0x317968,0x3179D0,104,sub_317968
3642,0x3179D0,0x317A34,100,sub_3179D0
3643,0x317A34,0x317A3C,8,sub_317A34
3644,0x317A3C,0x317A44,8,sub_317A3C
3645,0x317A44,0x317A50,12,sub_317A44
3646,0x317A50,0x318464,2580,sub_317A50
3647,0x318464,0x31869C,568,sub_318464
3648,0x31869C,0x3186BC,32,sub_31869C
3649,0x3186BC,0x319308,3148,sub_3186BC
3650,0x319308,0x31955C,596,sub_319308
3651,0x31955C,0x319564,8,sub_31955C
3652,0x319564,0x3195B4,80,sub_319564
3653,0x3195B4,0x31963C,136,sub_3195B4
3654,0x31963C,0x319680,68,sub_31963C
3655,0x319680,0x319A58,984,sub_319680
3656,0x319A58,0x319CB4,604,sub_319A58
3657,0x319CB4,0x319DC8,276,sub_319CB4
3658,0x319DC8,0x31A044,636,sub_319DC8
3659,0x31A044,0x31A128,228,sub_31A044
3660,0x31A128,0x31A20C,228,sub_31A128
3661,0x31A20C,0x31A248,60,sub_31A20C
3662,0x31A248,0x31A284,60,sub_31A248
3663,0x31A284,0x31A624,928,sub_31A284
3664,0x31A624,0x31A778,340,sub_31A624
3665,0x31A778,0x31A8B4,316,sub_31A778
3666,0x31A8B4,0x31A8E0,44,sub_31A8B4
3667,0x31A8E0,0x31AAC0,480,sub_31A8E0
3668,0x31AAC0,0x31ABB8,248,sub_31AAC0
3669,0x31ABB8,0x31AC38,128,sub_31ABB8
3670,0x31AC38,0x31AC40,8,sub_31AC38
3671,0x31AC40,0x31AC48,8,sub_31AC40
3672,0x31AC48,0x31AC58,16,sub_31AC48
3673,0x31AC58,0x31ACF4,156,sub_31AC58
3674,0x31ACF4,0x31ADCC,216,sub_31ACF4
3675,0x31ADCC,0x31AE5C,144,sub_31ADCC
3676,0x31AE5C,0x31AE6C,16,sub_31AE5C
3677,0x31AE6C,0x31AF18,172,sub_31AE6C
3678,0x31AF18,0x31AF7C,100,sub_31AF18
3679,0x31AF7C,0x31AFE0,100,sub_31AF7C
3680,0x31AFE0,0x31B048,104,sub_31AFE0
3681,0x31B048,0x31B0C4,124,sub_31B048
3682,0x31B0C4,0x31D188,8388,sub_31B0C4
3683,0x31D188,0x31D18C,4,sub_31D188
3684,0x31D18C,0x31D208,124,sub_31D18C
3685,0x31D208,0x31D20C,4,sub_31D208
3686,0x31D20C,0x31D210,4,sub_31D20C
3687,0x31D210,0x31D28C,124,sub_31D210
3688,0x31D28C,0x31D290,4,sub_31D28C
3689,0x31D290,0x31D2B4,36,sub_31D290
3690,0x31D2B4,0x31D3A8,244,sub_31D2B4
3691,0x31D3A8,0x31D3CC,36,sub_31D3A8
3692,0x31D3CC,0x31D3F4,40,sub_31D3CC
3693,0x31D3F4,0x31D418,36,sub_31D3F4
3694,0x31D418,0x31D440,40,sub_31D418
3695,0x31D440,0x31D460,32,sub_31D440
3696,0x31D460,0x31D47C,28,sub_31D460
3697,0x31D47C,0x31D49C,32,sub_31D47C
3698,0x31D49C,0x31D4C0,36,sub_31D49C
3699,0x31D4C0,0x31D4E4,36,sub_31D4C0
3700,0x31D4E4,0x31D5D0,236,sub_31D4E4
3701,0x31D5D0,0x31D90C,828,sub_31D5D0
3702,0x31D90C,0x31D9B4,168,sub_31D90C
3703,0x31D9B4,0x31D9C8,20,sub_31D9B4
3704,0x31D9C8,0x31ED88,5056,sub_31D9C8
3705,0x31ED88,0x31F19C,1044,sub_31ED88
3706,0x31F19C,0x31F1DC,64,sub_31F19C
3707,0x31F1DC,0x31F9B0,2004,sub_31F1DC
3708,0x31F9B0,0x31F9E0,48,sub_31F9B0
3709,0x31F9E0,0x31FA0C,44,sub_31F9E0
3710,0x31FA0C,0x31FA3C,48,sub_31FA0C
3711,0x31FA3C,0x31FA44,8,sub_31FA3C
3712,0x31FA44,0x31FAE0,156,sub_31FA44
3713,0x31FAE0,0x31FB00,32,sub_31FAE0
3714,0x31FB00,0x321600,6912,sub_31FB00
3715,0x321600,0x321E3C,2108,sub_321600
3716,0x321E3C,0x321F04,200,sub_321E3C
3717,0x321F04,0x322208,772,sub_321F04
3718,0x322208,0x3227C8,1472,sub_322208
3719,0x3227C8,0x322960,408,sub_3227C8
3720,0x322960,0x322970,16,sub_322960
3721,0x322970,0x322978,8,sub_322970
3722,0x322978,0x322980,8,sub_322978
3723,0x322980,0x322988,8,sub_322980
3724,0x322988,0x322994,12,sub_322988
3725,0x322994,0x3229C4,48,sub_322994
3726,0x3229C4,0x322BE0,540,sub_3229C4
3727,0x322BE0,0x3232FC,1820,sub_322BE0
3728,0x3232FC,0x3233EC,240,sub_3232FC
3729,0x3233EC,0x32341C,48,sub_3233EC
3730,0x32341C,0x3236E0,708,sub_32341C
3731,0x3236E0,0x323710,48,sub_3236E0
3732,0x323710,0x323B90,1152,sub_323710
3733,0x323B90,0x323C28,152,sub_323B90
3734,0x323C28,0x323EBC,660,sub_323C28
3735,0x323EBC,0x323F48,140,sub_323EBC
3736,0x323F48,0x32421C,724,sub_323F48
3737,0x32421C,0x3242C8,172,sub_32421C
3738,0x3242C8,0x324614,844,sub_3242C8
3739,0x324614,0x324B74,1376,sub_324614
3740,0x324B74,0x325064,1264,sub_324B74
3741,0x325064,0x325654,1520,sub_325064
3742,0x325654,0x325A78,1060,sub_325654
3743,0x325A78,0x327500,6792,sub_325A78
3744,0x327500,0x3277B4,692,sub_327500
3745,0x3277B4,0x3279F4,576,sub_3277B4
3746,0x3279F4,0x327F40,1356,sub_3279F4
3747,0x327F40,0x3282E0,928,sub_327F40
3748,0x3282E0,0x328B88,2216,sub_3282E0
3749,0x328B88,0x328E78,752,sub_328B88
3750,0x328E78,0x3290D8,608,sub_328E78
3751,0x3290D8,0x329144,108,sub_3290D8
3752,0x329144,0x3291B0,108,sub_329144
3753,0x3291B0,0x32921C,108,sub_3291B0
3754,0x32921C,0x3292B4,152,sub_32921C
3755,0x3292B4,0x329320,108,sub_3292B4
3756,0x329320,0x3293B8,152,sub_329320
3757,0x3293B8,0x329424,108,sub_3293B8
3758,0x329424,0x3294B8,148,sub_329424
3759,0x3294B8,0x329524,108,sub_3294B8
3760,0x329524,0x329590,108,sub_329524
3761,0x329590,0x3295F8,104,sub_329590
3762,0x3295F8,0x32969C,164,sub_3295F8
3763,0x32969C,0x329708,108,sub_32969C
3764,0x329708,0x32976C,100,sub_329708
3765,0x32976C,0x3297D8,108,sub_32976C
3766,0x3297D8,0x329840,104,sub_3297D8
3767,0x329840,0x3298A8,104,sub_329840
3768,0x3298A8,0x329910,104,sub_3298A8
3769,0x329910,0x329978,104,sub_329910
3770,0x329978,0x3299DC,100,sub_329978
3771,0x3299DC,0x329AA8,204,sub_3299DC
3772,0x329AA8,0x329B68,192,sub_329AA8
3773,0x329B68,0x329ED0,872,sub_329B68
3774,0x329ED0,0x329F90,192,sub_329ED0
3775,0x329F90,0x32A014,132,sub_329F90
3776,0x32A014,0x32A6A8,1684,sub_32A014
3777,0x32A6A8,0x32A908,608,sub_32A6A8
3778,0x32A908,0x32AB8C,644,sub_32A908
3779,0x32AB8C,0x32B504,2424,sub_32AB8C
3780,0x32B504,0x32B890,908,sub_32B504
3781,0x32B890,0x32B914,132,sub_32B890
3782,0x32B914,0x32C388,2676,sub_32B914
3783,0x32C388,0x32CE8C,2820,sub_32C388
3784,0x32CE8C,0x32DAA8,3100,sub_32CE8C
3785,0x32DAA8,0x32DC44,412,sub_32DAA8
3786,0x32DC44,0x32DCD8,148,sub_32DC44
3787,0x32DCD8,0x32DD44,108,sub_32DCD8
3788,0x32DD44,0x32DDAC,104,sub_32DD44
3789,0x32DDAC,0x32DE48,156,sub_32DDAC
3790,0x32DE48,0x32DEB4,108,sub_32DE48
3791,0x32DEB4,0x32DF58,164,sub_32DEB4
3792,0x32DF58,0x32DFC4,108,sub_32DF58
3793,0x32DFC4,0x32E028,100,sub_32DFC4
3794,0x32E028,0x32E094,108,sub_32E028
3795,0x32E094,0x32E0F8,100,sub_32E094
3796,0x32E0F8,0x32E1BC,196,sub_32E0F8
3797,0x32E1BC,0x32E29C,224,sub_32E1BC
3798,0x32E29C,0x32E8B0,1556,sub_32E29C
3799,0x32E8B0,0x32EAB0,512,sub_32E8B0
3800,0x32EAB0,0x32EB8C,220,sub_32EAB0
3801,0x32EB8C,0x32EBEC,96,sub_32EB8C
3802,0x32EBEC,0x32F290,1700,sub_32EBEC
3803,0x32F290,0x32F818,1416,sub_32F290
3804,0x32F818,0x32FB28,784,sub_32F818
3805,0x32FB28,0x32FCD4,428,sub_32FB28
3806,0x32FCD4,0x32FD70,156,sub_32FCD4
3807,0x32FD70,0x330520,1968,sub_32FD70
3808,0x330520,0x330800,736,sub_330520
3809,0x330800,0x330B10,784,sub_330800
3810,0x330B10,0x330EBC,940,sub_330B10
3811,0x330EBC,0x331F34,4216,sub_330EBC
3812,0x331F34,0x332AE4,2992,sub_331F34
3813,0x332AE4,0x332BC0,220,sub_332AE4
3814,0x332BC0,0x332CA8,232,sub_332BC0
3815,0x332CA8,0x332CBC,20,sub_332CA8
3816,0x332CBC,0x332CC8,12,sub_332CBC
3817,0x332CC8,0x332CD8,16,sub_332CC8
3818,0x332CD8,0x332F48,624,sub_332CD8
3819,0x332F48,0x3331E4,668,sub_332F48
3820,0x3331E4,0x3334A0,700,sub_3331E4
3821,0x3334A0,0x3339E0,1344,sub_3334A0
3822,0x3339E0,0x333DF8,1048,sub_3339E0
3823,0x333DF8,0x3351B8,5056,sub_333DF8
3824,0x3351B8,0x3354B0,760,sub_3351B8
3825,0x3354B0,0x3354C0,16,sub_3354B0
3826,0x3354C0,0x335538,120,sub_3354C0
3827,0x335538,0x3356E8,432,sub_335538
3828,0x3356E8,0x335820,312,sub_3356E8
3829,0x335820,0x33599C,380,sub_335820
3830,0x33599C,0x335A6C,208,sub_33599C
3831,0x335A6C,0x336094,1576,sub_335A6C
3832,0x336094,0x33616C,216,sub_336094
3833,0x33616C,0x336180,20,sub_33616C
3834,0x336180,0x336340,448,sub_336180
3835,0x336340,0x336350,16,sub_336340
3836,0x336350,0x336468,280,sub_336350
3837,0x336468,0x336488,32,sub_336468
3838,0x336488,0x33649C,20,sub_336488
3839,0x33649C,0x3364AC,16,sub_33649C
3840,0x3364AC,0x3364C0,20,sub_3364AC
3841,0x3364C0,0x3364D0,16,sub_3364C0
3842,0x3364D0,0x3364E4,20,sub_3364D0
3843,0x3364E4,0x3364F4,16,sub_3364E4
3844,0x3364F4,0x336504,16,sub_3364F4
3845,0x336504,0x336514,16,sub_336504
3846,0x336514,0x336524,16,sub_336514
3847,0x336524,0x336534,16,sub_336524
3848,0x336534,0x336544,16,sub_336534
3849,0x336544,0x336554,16,sub_336544
3850,0x336554,0x336568,20,sub_336554
3851,0x336568,0x336578,16,sub_336568
3852,0x336578,0x336598,32,sub_336578
3853,0x336598,0x3365AC,20,sub_336598
3854,0x3365AC,0x3365BC,16,sub_3365AC
3855,0x3365BC,0x3365D0,20,sub_3365BC
3856,0x3365D0,0x336658,136,sub_3365D0
3857,0x336658,0x3366CC,116,sub_336658
3858,0x3366CC,0x3366F4,40,sub_3366CC
3859,0x3366F4,0x336944,592,sub_3366F4
3860,0x336944,0x336A18,212,sub_336944
3861,0x336A18,0x336A60,72,sub_336A18
3862,0x336A60,0x336A68,8,sub_336A60
3863,0x336A68,0x336FF0,1416,sub_336A68
3864,0x336FF0,0x337034,68,sub_336FF0
3865,0x337034,0x337404,976,sub_337034
3866,0x337404,0x33746C,104,sub_337404
3867,0x33746C,0x337C10,1956,sub_33746C
3868,0x337C10,0x337CA8,152,sub_337C10
3869,0x337CA8,0x337CD8,48,sub_337CA8
3870,0x337CD8,0x3394F4,6172,sub_337CD8
3871,0x3394F4,0x339A38,1348,sub_3394F4
3872,0x339A38,0x33A230,2040,sub_339A38
3873,0x33A230,0x33A6A8,1144,sub_33A230
3874,0x33A6A8,0x33B240,2968,sub_33A6A8
3875,0x33B240,0x33B2AC,108,sub_33B240
3876,0x33B2AC,0x33B2DC,48,sub_33B2AC
3877,0x33B2DC,0x33B5C4,744,sub_33B2DC
3878,0x33B5C4,0x33B6E0,284,sub_33B5C4
3879,0x33B6E0,0x33B714,52,sub_33B6E0
3880,0x33B714,0x33C03C,2344,sub_33B714
3881,0x33C03C,0x33C33C,768,sub_33C03C
3882,0x33C33C,0x33C484,328,sub_33C33C
3883,0x33C484,0x33C48C,8,sub_33C484
3884,0x33C48C,0x33C494,8,sub_33C48C
3885,0x33C494,0x33C49C,8,sub_33C494
3886,0x33C49C,0x33C548,172,sub_33C49C
3887,0x33C548,0x33C610,200,sub_33C548
3888,0x33C610,0x33C688,120,sub_33C610
3889,0x33C688,0x33C70C,132,sub_33C688
3890,0x33C70C,0x33C724,24,sub_33C70C
3891,0x33C724,0x33C738,20,sub_33C724
3892,0x33C738,0x33C74C,20,sub_33C738
3893,0x33C74C,0x33C760,20,sub_33C74C
3894,0x33C760,0x33CBF8,1176,sub_33C760
3895,0x33CBF8,0x33CC0C,20,sub_33CBF8
3896,0x33CC0C,0x33CC80,116,sub_33CC0C
3897,0x33CC80,0x33CC88,8,sub_33CC80
3898,0x33CC88,0x33CCCC,68,sub_33CC88
3899,0x33CCCC,0x33CCD4,8,sub_33CCCC
3900,0x33CCD4,0x33CD48,116,sub_33CCD4
3901,0x33CD48,0x33CD84,60,sub_33CD48
3902,0x33CD84,0x33D9DC,3160,sub_33CD84
3903,0x33D9DC,0x33EAA8,4300,sub_33D9DC
3904,0x33EAA8,0x33F23C,1940,sub_33EAA8
3905,0x33F23C,0x33F304,200,sub_33F23C
3906,0x33F304,0x33F4B4,432,sub_33F304
3907,0x33F4B4,0x34073C,4744,sub_33F4B4
3908,0x34073C,0x340DF4,1720,sub_34073C
3909,0x340DF4,0x342124,4912,sub_340DF4
3910,0x342124,0x342C30,2828,sub_342124
3911,0x342C30,0x3436E0,2736,sub_342C30
3912,0x3436E0,0x343BC0,1248,sub_3436E0
3913,0x343BC0,0x343D1C,348,sub_343BC0
3914,0x343D1C,0x3440AC,912,sub_343D1C
3915,0x3440AC,0x344340,660,sub_3440AC
3916,0x344340,0x3445A0,608,sub_344340
3917,0x3445A0,0x3446E4,324,sub_3445A0
3918,0x3446E4,0x344904,544,sub_3446E4
3919,0x344904,0x34496C,104,sub_344904
3920,0x34496C,0x345460,2804,sub_34496C
3921,0x345460,0x346474,4116,sub_345460
3922,0x346474,0x34663C,456,sub_346474
3923,0x34663C,0x3468F0,692,sub_34663C
3924,0x3468F0,0x347364,2676,sub_3468F0
3925,0x347364,0x347534,464,sub_347364
3926,0x347534,0x347B80,1612,sub_347534
3927,0x347B80,0x3483CC,2124,sub_347B80
3928,0x3483CC,0x348844,1144,sub_3483CC
3929,0x348844,0x348CF8,1204,sub_348844
3930,0x348CF8,0x3493A0,1704,sub_348CF8
3931,0x3493A0,0x34A3CC,4140,sub_3493A0
3932,0x34A3CC,0x34A430,100,sub_34A3CC
3933,0x34A430,0x34A478,72,sub_34A430
3934,0x34A478,0x34A4DC,100,sub_34A478
3935,0x34A4DC,0x34A524,72,sub_34A4DC
3936,0x34A524,0x34A588,100,sub_34A524
3937,0x34A588,0x34A5D0,72,sub_34A588
3938,0x34A5D0,0x34A634,100,sub_34A5D0
3939,0x34A634,0x34A690,92,sub_34A634
3940,0x34A690,0x34A724,148,sub_34A690
3941,0x34A724,0x34A940,540,sub_34A724
3942,0x34A940,0x34A9D0,144,sub_34A940
3943,0x34A9D0,0x34AB94,452,sub_34A9D0
3944,0x34AB94,0x34B920,3468,sub_34AB94
3945,0x34B920,0x34C254,2356,sub_34B920
3946,0x34C254,0x34CA90,2108,sub_34C254
3947,0x34CA90,0x34CE30,928,sub_34CA90
3948,0x34CE30,0x34D1C4,916,sub_34CE30
3949,0x34D1C4,0x34D55C,920,sub_34D1C4
3950,0x34D55C,0x34D8E0,900,sub_34D55C
3951,0x34D8E0,0x34DC4C,876,sub_34D8E0
3952,0x34DC4C,0x34E014,968,sub_34DC4C
3953,0x34E014,0x34E464,1104,sub_34E014
3954,0x34E464,0x34E85C,1016,sub_34E464
3955,0x34E85C,0x34ED0C,1200,sub_34E85C
3956,0x34ED0C,0x34F100,1012,sub_34ED0C
3957,0x34F100,0x34F660,1376,sub_34F100
3958,0x34F660,0x34FAF4,1172,sub_34F660
3959,0x34FAF4,0x34FFDC,1256,sub_34FAF4
3960,0x34FFDC,0x350418,1084,sub_34FFDC
3961,0x350418,0x350824,1036,sub_350418
3962,0x350824,0x350C40,1052,sub_350824
3963,0x350C40,0x351010,976,sub_350C40
3964,0x351010,0x351408,1016,sub_351010
3965,0x351408,0x351800,1016,sub_351408
3966,0x351800,0x351C1C,1052,sub_351800
3967,0x351C1C,0x351FEC,976,sub_351C1C
3968,0x351FEC,0x3523DC,1008,sub_351FEC
3969,0x3523DC,0x352788,940,sub_3523DC
3970,0x352788,0x352B4C,964,sub_352788
3971,0x352B4C,0x352F34,1000,sub_352B4C
3972,0x352F34,0x353368,1076,sub_352F34
3973,0x353368,0x3536F4,908,sub_353368
3974,0x3536F4,0x353A98,932,sub_3536F4
3975,0x353A98,0x353F3C,1188,sub_353A98
3976,0x353F3C,0x354340,1028,sub_353F3C
3977,0x354340,0x3547DC,1180,sub_354340
3978,0x3547DC,0x354BE4,1032,sub_3547DC
3979,0x354BE4,0x355114,1328,sub_354BE4
3980,0x355114,0x3555A4,1168,sub_355114
3981,0x3555A4,0x355A70,1228,sub_3555A4
3982,0x355A70,0x355EAC,1084,sub_355A70
3983,0x355EAC,0x35637C,1232,sub_355EAC
3984,0x35637C,0x3567F0,1140,sub_35637C
3985,0x3567F0,0x356D1C,1324,sub_3567F0
3986,0x356D1C,0x3571B8,1180,sub_356D1C
3987,0x3571B8,0x357708,1360,sub_3571B8
3988,0x357708,0x357BC0,1208,sub_357708
3989,0x357BC0,0x358108,1352,sub_357BC0
3990,0x358108,0x3585A8,1184,sub_358108
3991,0x3585A8,0x358A38,1168,sub_3585A8
3992,0x358A38,0x358DF8,960,sub_358A38
3993,0x358DF8,0x35935C,1380,sub_358DF8
3994,0x35935C,0x3597E0,1156,sub_35935C
3995,0x3597E0,0x359B54,884,sub_3597E0
3996,0x359B54,0x35A1C4,1648,sub_359B54
3997,0x35A1C4,0x35A3F0,556,sub_35A1C4
3998,0x35A3F0,0x35A824,1076,sub_35A3F0
3999,0x35A824,0x35AD10,1260,sub_35A824
4000,0x35AD10,0x35B0B0,928,sub_35AD10
4001,0x35B0B0,0x35B540,1168,sub_35B0B0
4002,0x35B540,0x35B954,1044,sub_35B540
4003,0x35B954,0x35BC70,796,sub_35B954
4004,0x35BC70,0x35BD18,168,sub_35BC70
4005,0x35BD18,0x35BF68,592,sub_35BD18
4006,0x35BF68,0x35C9FC,2708,sub_35BF68
4007,0x35C9FC,0x35CC1C,544,sub_35C9FC
4008,0x35CC1C,0x35CF08,748,sub_35CC1C
4009,0x35CF08,0x35D684,1916,sub_35CF08
4010,0x35D684,0x35D97C,760,sub_35D684
4011,0x35D97C,0x35DA38,188,sub_35D97C
4012,0x35DA38,0x35DBE0,424,sub_35DA38
4013,0x35DBE0,0x35DEC0,736,sub_35DBE0
4014,0x35DEC0,0x35E018,344,sub_35DEC0
4015,0x35E018,0x35E7F0,2008,sub_35E018
4016,0x35E7F0,0x35EC9C,1196,sub_35E7F0
4017,0x35EC9C,0x35EF88,748,sub_35EC9C
4018,0x35EF88,0x35F804,2172,sub_35EF88
4019,0x35F804,0x360498,3220,sub_35F804
4020,0x360498,0x361628,4496,sub_360498
4021,0x361628,0x361C84,1628,sub_361628
4022,0x361C84,0x362324,1696,sub_361C84
4023,0x362324,0x362620,764,sub_362324
4024,0x362620,0x362E9C,2172,sub_362620
4025,0x362E9C,0x362F34,152,sub_362E9C
4026,0x362F34,0x362FDC,168,sub_362F34
4027,0x362FDC,0x3630B4,216,sub_362FDC
4028,0x3630B4,0x36362C,1400,sub_3630B4
4029,0x36362C,0x363D8C,1888,sub_36362C
4030,0x363D8C,0x363E34,168,sub_363D8C
4031,0x363E34,0x363EA0,108,sub_363E34
4032,0x363EA0,0x363FA4,260,sub_363EA0
4033,0x363FA4,0x36431C,888,sub_363FA4
4034,0x36431C,0x364784,1128,sub_36431C
4035,0x364784,0x36480C,136,sub_364784
4036,0x36480C,0x365B2C,4896,sub_36480C
4037,0x365B2C,0x365B40,20,sub_365B2C
4038,0x365B40,0x365B4C,12,sub_365B40
4039,0x365B4C,0x365B5C,16,sub_365B4C
4040,0x365B5C,0x365B68,12,sub_365B5C
4041,0x365B68,0x365B74,12,sub_365B68
4042,0x365B74,0x365B80,12,sub_365B74
4043,0x365B80,0x365B88,8,sub_365B80
4044,0x365B88,0x365B90,8,sub_365B88
4045,0x365B90,0x365B98,8,sub_365B90
4046,0x365B98,0x365BA0,8,sub_365B98
4047,0x365BA0,0x365BA8,8,sub_365BA0
4048,0x365BA8,0x365BB0,8,sub_365BA8
4049,0x365BB0,0x365BB8,8,sub_365BB0
4050,0x365BB8,0x365BC0,8,sub_365BB8
4051,0x365BC0,0x365BC8,8,sub_365BC0
4052,0x365BC8,0x365BD0,8,sub_365BC8
4053,0x365BD0,0x365BD8,8,sub_365BD0
4054,0x365BD8,0x365BE0,8,sub_365BD8
4055,0x365BE0,0x365BE8,8,sub_365BE0
4056,0x365BE8,0x365BF0,8,sub_365BE8
4057,0x365BF0,0x365C80,144,sub_365BF0
4058,0x365C80,0x365CE8,104,sub_365C80
4059,0x365CE8,0x365F00,536,sub_365CE8
4060,0x365F00,0x36640C,1292,sub_365F00
4061,0x36640C,0x3669A8,1436,sub_36640C
4062,0x3669A8,0x368C4C,8868,sub_3669A8
4063,0x368C4C,0x368EC8,636,sub_368C4C
4064,0x368EC8,0x369128,608,sub_368EC8
4065,0x369128,0x3691E8,192,sub_369128
4066,0x3691E8,0x369228,64,sub_3691E8
4067,0x369228,0x369F88,3424,sub_369228
4068,0x369F88,0x369FC0,56,sub_369F88
4069,0x369FC0,0x36A304,836,sub_369FC0
4070,0x36A304,0x36A31C,24,sub_36A304
4071,0x36A31C,0x36A328,12,sub_36A31C
4072,0x36A328,0x36A330,8,sub_36A328
4073,0x36A330,0x36A3AC,124,sub_36A330
4074,0x36A3AC,0x36A60C,608,sub_36A3AC
4075,0x36A60C,0x36A9D8,972,sub_36A60C
4076,0x36A9D8,0x36AA0C,52,sub_36A9D8
4077,0x36AA0C,0x36AAA4,152,sub_36AA0C
4078,0x36AAA4,0x36AB14,112,sub_36AAA4
4079,0x36AB14,0x36ADAC,664,sub_36AB14
4080,0x36ADAC,0x36B488,1756,sub_36ADAC
4081,0x36B488,0x36B62C,420,sub_36B488
4082,0x36B62C,0x36B838,524,sub_36B62C
4083,0x36B838,0x36B918,224,sub_36B838
4084,0x36B918,0x36BA2C,276,sub_36B918
4085,0x36BA2C,0x36BC78,588,sub_36BA2C
4086,0x36BC78,0x36BD58,224,sub_36BC78
4087,0x36BD58,0x36BDDC,132,sub_36BD58
4088,0x36BDDC,0x36BEA8,204,sub_36BDDC
4089,0x36BEA8,0x36BEB8,16,sub_36BEA8
4090,0x36BEB8,0x36BEC4,12,sub_36BEB8
4091,0x36BEC4,0x36BEFC,56,sub_36BEC4
4092,0x36BEFC,0x36BF0C,16,sub_36BEFC
4093,0x36BF0C,0x36BF18,12,sub_36BF0C
4094,0x36BF18,0x36C07C,356,sub_36BF18
4095,0x36C07C,0x36C1B8,316,sub_36C07C
4096,0x36C1B8,0x36C4F4,828,sub_36C1B8
4097,0x36C4F4,0x36C62C,312,sub_36C4F4
4098,0x36C62C,0x36C694,104,sub_36C62C
4099,0x36C694,0x36C854,448,sub_36C694
4100,0x36C854,0x36C980,300,sub_36C854
4101,0x36C980,0x36CEE0,1376,sub_36C980
4102,0x36CEE0,0x36CF70,144,sub_36CEE0
4103,0x36CF70,0x36D19C,556,sub_36CF70
4104,0x36D19C,0x36D20C,112,sub_36D19C
4105,0x36D20C,0x36D858,1612,sub_36D20C
4106,0x36D858,0x36DA3C,484,sub_36D858
4107,0x36DA3C,0x36DA5C,32,sub_36DA3C
4108,0x36DA5C,0x36DAE4,136,sub_36DA5C
4109,0x36DAE4,0x36DB8C,168,sub_36DAE4
4110,0x36DB8C,0x36E48C,2304,sub_36DB8C
4111,0x36E48C,0x36E534,168,sub_36E48C
4112,0x36E534,0x36E984,1104,sub_36E534
4113,0x36E984,0x36EAE0,348,sub_36E984
4114,0x36EAE0,0x36F01C,1340,sub_36EAE0
4115,0x36F01C,0x36F128,268,sub_36F01C
4116,0x36F128,0x36F244,284,sub_36F128
4117,0x36F244,0x36F248,4,sub_36F244
4118,0x36F248,0x36F250,8,sub_36F248
4119,0x36F250,0x3703A4,4436,sub_36F250
4120,0x3703A4,0x3703B8,20,sub_3703A4
4121,0x3703B8,0x370844,1164,sub_3703B8
4122,0x370844,0x370A08,452,sub_370844
4123,0x370A08,0x370A10,8,sub_370A08
4124,0x370A10,0x370A18,8,sub_370A10
4125,0x370A18,0x370B58,320,sub_370A18
4126,0x370B58,0x370D08,432,sub_370B58
4127,0x370D08,0x37120C,1284,sub_370D08
4128,0x37120C,0x371364,344,sub_37120C
4129,0x371364,0x3713CC,104,sub_371364
4130,0x3713CC,0x3713FC,48,sub_3713CC
4131,0x3713FC,0x371430,52,sub_3713FC
4132,0x371430,0x371434,4,sub_371430
4133,0x371434,0x3715EC,440,sub_371434
4134,0x3715EC,0x37161C,48,sub_3715EC
4135,0x37161C,0x371650,52,sub_37161C
4136,0x371650,0x371844,500,sub_371650
4137,0x371844,0x37184C,8,sub_371844
4138,0x37184C,0x37199C,336,sub_37184C
4139,0x37199C,0x371B78,476,sub_37199C
4140,0x371B78,0x371DBC,580,sub_371B78
4141,0x371DBC,0x3722EC,1328,sub_371DBC
4142,0x3722EC,0x372824,1336,sub_3722EC
4143,0x372824,0x3729B0,396,sub_372824
4144,0x3729B0,0x372B38,392,sub_3729B0
4145,0x372B38,0x372B80,72,sub_372B38
4146,0x372B80,0x372BBC,60,sub_372B80
4147,0x372BBC,0x372DEC,560,sub_372BBC
4148,0x372DEC,0x372DFC,16,sub_372DEC
4149,0x372DFC,0x372EF4,248,sub_372DFC
4150,0x372EF4,0x37306C,376,sub_372EF4
4151,0x37306C,0x3733C4,856,sub_37306C
4152,0x3733C4,0x373410,76,sub_3733C4
4153,0x373410,0x373968,1368,sub_373410
4154,0x373968,0x3739C0,88,sub_373968
4155,0x3739C0,0x373A18,88,sub_3739C0
4156,0x373A18,0x373A20,8,sub_373A18
4157,0x373A20,0x373B5C,316,sub_373A20
4158,0x373B5C,0x373BEC,144,sub_373B5C
4159,0x373BEC,0x373C40,84,sub_373BEC
4160,0x373C40,0x373CBC,124,sub_373C40
4161,0x373CBC,0x373DE0,292,sub_373CBC
4162,0x373DE0,0x373F10,304,sub_373DE0
4163,0x373F10,0x373FEC,220,sub_373F10
4164,0x373FEC,0x37411C,304,sub_373FEC
4165,0x37411C,0x374150,52,sub_37411C
4166,0x374150,0x374578,1064,sub_374150
4167,0x374578,0x374704,396,sub_374578
4168,0x374704,0x37479C,152,sub_374704
4169,0x37479C,0x374954,440,sub_37479C
4170,0x374954,0x374D24,976,sub_374954
4171,0x374D24,0x374EF0,460,sub_374D24
4172,0x374EF0,0x3752F0,1024,sub_374EF0
4173,0x3752F0,0x3757D8,1256,sub_3752F0
4174,0x3757D8,0x3757E8,16,sub_3757D8
4175,0x3757E8,0x37602C,2116,sub_3757E8
4176,0x37602C,0x376168,316,sub_37602C
4177,0x376168,0x3765F0,1160,sub_376168
4178,0x3765F0,0x376B9C,1452,sub_3765F0
4179,0x376B9C,0x376BD4,56,sub_376B9C
4180,0x376BD4,0x376E20,588,sub_376BD4
4181,0x376E20,0x376F10,240,sub_376E20
4182,0x376F10,0x3778BC,2476,sub_376F10
4183,0x3778BC,0x377A00,324,sub_3778BC
4184,0x377A00,0x377A08,8,sub_377A00
4185,0x377A08,0x377A0C,4,sub_377A08
4186,0x377A0C,0x377AB0,164,sub_377A0C
4187,0x377AB0,0x377B4C,156,sub_377AB0
4188,0x377B4C,0x377BF0,164,sub_377B4C
4189,0x377BF0,0x377C2C,60,sub_377BF0
4190,0x377C2C,0x377C60,52,sub_377C2C
4191,0x377C60,0x377C8C,44,sub_377C60
4192,0x377C8C,0x377C98,12,sub_377C8C
4193,0x377C98,0x377F50,696,sub_377C98
4194,0x377F50,0x377F54,4,sub_377F50
4195,0x377F54,0x3780F0,412,sub_377F54
4196,0x3780F0,0x378430,832,sub_3780F0
4197,0x378430,0x378458,40,sub_378430
4198,0x378458,0x378500,168,sub_378458
4199,0x378500,0x3785C8,200,sub_378500
4200,0x3785C8,0x378900,824,sub_3785C8
4201,0x378900,0x378938,56,sub_378900
4202,0x378938,0x378B04,460,sub_378938
4203,0x378B04,0x378E00,764,sub_378B04
4204,0x378E00,0x379260,1120,sub_378E00
4205,0x379260,0x379330,208,sub_379260
4206,0x379330,0x3793FC,204,sub_379330
4207,0x3793FC,0x379790,916,sub_3793FC
4208,0x379790,0x379794,4,sub_379790
4209,0x379794,0x37A630,3740,sub_379794
4210,0x37A630,0x37A73C,268,sub_37A630
4211,0x37A73C,0x37A7D8,156,sub_37A73C
4212,0x37A7D8,0x37A840,104,sub_37A7D8
4213,0x37A840,0x37A8D0,144,sub_37A840
4214,0x37A8D0,0x37A988,184,sub_37A8D0
4215,0x37A988,0x37AA40,184,sub_37A988
4216,0x37AA40,0x37AAA8,104,sub_37AA40
4217,0x37AAA8,0x37AB40,152,sub_37AAA8
4218,0x37AB40,0x37ABD8,152,sub_37AB40
4219,0x37ABD8,0x37AC3C,100,sub_37ABD8
4220,0x37AC3C,0x37ACA0,100,sub_37AC3C
4221,0x37ACA0,0x37AD04,100,sub_37ACA0
4222,0x37AD04,0x37AD68,100,sub_37AD04
4223,0x37AD68,0x37AE3C,212,sub_37AD68
4224,0x37AE3C,0x37AF2C,240,sub_37AE3C
4225,0x37AF2C,0x37AF58,44,sub_37AF2C
4226,0x37AF58,0x37AFD0,120,sub_37AF58
4227,0x37AFD0,0x37B050,128,sub_37AFD0
4228,0x37B050,0x37B0D0,128,sub_37B050
4229,0x37B0D0,0x37B350,640,sub_37B0D0
4230,0x37B350,0x37C1DC,3724,sub_37B350
4231,0x37C1DC,0x37C4F0,788,sub_37C1DC
4232,0x37C4F0,0x37C940,1104,sub_37C4F0
4233,0x37C940,0x37CEC8,1416,sub_37C940
4234,0x37CEC8,0x37D294,972,sub_37CEC8
4235,0x37D294,0x37D46C,472,sub_37D294
4236,0x37D46C,0x37D510,164,sub_37D46C
4237,0x37D510,0x37D584,116,sub_37D510
4238,0x37D584,0x37D604,128,sub_37D584
4239,0x37D604,0x37D684,128,sub_37D604
4240,0x37D684,0x37D6F0,108,sub_37D684
4241,0x37D6F0,0x37D810,288,sub_37D6F0
4242,0x37D810,0x37D8CC,188,sub_37D810
4243,0x37D8CC,0x37FE38,9580,sub_37D8CC
4244,0x37FE38,0x37FEF4,188,sub_37FE38
4245,0x37FEF4,0x37FF8C,152,sub_37FEF4
4246,0x37FF8C,0x380060,212,sub_37FF8C
4247,0x380060,0x380114,180,sub_380060
4248,0x380114,0x380178,100,sub_380114
4249,0x380178,0x38081C,1700,sub_380178
4250,0x38081C,0x38097C,352,sub_38081C
4251,0x38097C,0x3809B8,60,sub_38097C
4252,0x3809B8,0x3809BC,4,sub_3809B8
4253,0x3809BC,0x380CA4,744,sub_3809BC
4254,0x380CA4,0x380CA8,4,sub_380CA4
4255,0x380CA8,0x380D08,96,sub_380CA8
4256,0x380D08,0x380DDC,212,sub_380D08
4257,0x380DDC,0x3810E4,776,sub_380DDC
4258,0x3810E4,0x381A9C,2488,sub_3810E4
4259,0x381A9C,0x381B04,104,sub_381A9C
4260,0x381B04,0x381B6C,104,sub_381B04
4261,0x381B6C,0x381BAC,64,sub_381B6C
4262,0x381BAC,0x381BE8,60,sub_381BAC
4263,0x381BE8,0x381C40,88,sub_381BE8
4264,0x381C40,0x381C44,4,sub_381C40
4265,0x381C44,0x381E24,480,sub_381C44
4266,0x381E24,0x381F98,372,sub_381E24
4267,0x381F98,0x382228,656,sub_381F98
4268,0x382228,0x38230C,228,sub_382228
4269,0x38230C,0x3823FC,240,sub_38230C
4270,0x3823FC,0x3825F8,508,sub_3823FC
4271,0x3825F8,0x3826EC,244,sub_3825F8
4272,0x3826EC,0x382724,56,sub_3826EC
4273,0x382724,0x3830EC,2504,sub_382724
4274,0x3830EC,0x383144,88,sub_3830EC
4275,0x383144,0x38319C,88,sub_383144
4276,0x38319C,0x3831B8,28,sub_38319C
4277,0x3831B8,0x3831D4,28,sub_3831B8
4278,0x3831D4,0x3832E8,276,sub_3831D4
4279,0x3832E8,0x3834EC,516,sub_3832E8
4280,0x3834EC,0x38357C,144,sub_3834EC
4281,0x38357C,0x3835F4,120,sub_38357C
4282,0x3835F4,0x3835FC,8,sub_3835F4
4283,0x3835FC,0x383604,8,sub_3835FC
4284,0x383604,0x38360C,8,sub_383604
4285,0x38360C,0x383618,12,sub_38360C
4286,0x383618,0x383648,48,sub_383618
4287,0x383648,0x3851E8,7072,sub_383648
4288,0x3851E8,0x38541C,564,sub_3851E8
4289,0x38541C,0x385500,228,sub_38541C
4290,0x385500,0x3858F4,1012,sub_385500
4291,0x3858F4,0x38597C,136,sub_3858F4
4292,0x38597C,0x385A0C,144,sub_38597C
4293,0x385A0C,0x385D14,776,sub_385A0C
4294,0x385D14,0x385F40,556,sub_385D14
4295,0x385F40,0x3861AC,620,sub_385F40
4296,0x3861AC,0x3862C0,276,sub_3861AC
4297,0x3862C0,0x386364,164,sub_3862C0
4298,0x386364,0x3863E8,132,sub_386364
4299,0x3863E8,0x386598,432,sub_3863E8
4300,0x386598,0x386A9C,1284,sub_386598
4301,0x386A9C,0x386AC8,44,sub_386A9C
4302,0x386AC8,0x386FA0,1240,sub_386AC8
4303,0x386FA0,0x38704C,172,sub_386FA0
4304,0x38704C,0x387164,280,sub_38704C
4305,0x387164,0x387320,444,sub_387164
4306,0x387320,0x3874DC,444,sub_387320
4307,0x3874DC,0x389868,9100,sub_3874DC
4308,0x389868,0x389CA0,1080,sub_389868
4309,0x389CA0,0x389CFC,92,sub_389CA0
4310,0x389CFC,0x389D58,92,sub_389CFC
4311,0x389D58,0x389DB4,92,sub_389D58
4312,0x389DB4,0x38A01C,616,sub_389DB4
4313,0x38A01C,0x38A704,1768,sub_38A01C
4314,0x38A704,0x38ABCC,1224,sub_38A704
4315,0x38ABCC,0x38ACDC,272,sub_38ABCC
4316,0x38ACDC,0x38B01C,832,sub_38ACDC
4317,0x38B01C,0x38B240,548,sub_38B01C
4318,0x38B240,0x38B330,240,sub_38B240
4319,0x38B330,0x38B554,548,sub_38B330
4320,0x38B554,0x38B6B0,348,sub_38B554
4321,0x38B6B0,0x38B854,420,sub_38B6B0
4322,0x38B854,0x38BE9C,1608,sub_38B854
4323,0x38BE9C,0x38C020,388,sub_38BE9C
4324,0x38C020,0x38C1C8,424,sub_38C020
4325,0x38C1C8,0x38C3A0,472,sub_38C1C8
4326,0x38C3A0,0x38C3A4,4,sub_38C3A0
4327,0x38C3A4,0x38C4C4,288,sub_38C3A4
4328,0x38C4C4,0x38C4C8,4,sub_38C4C4
4329,0x38C4C8,0x38C5F4,300,sub_38C4C8
4330,0x38C5F4,0x38CA58,1124,sub_38C5F4
4331,0x38CA58,0x38CB64,268,sub_38CA58
4332,0x38CB64,0x38CBD0,108,sub_38CB64
4333,0x38CBD0,0x38CC6C,156,sub_38CBD0
4334,0x38CC6C,0x38D018,940,sub_38CC6C
4335,0x38D018,0x38D340,808,sub_38D018
4336,0x38D340,0x38D5D8,664,sub_38D340
4337,0x38D5D8,0x38D664,140,sub_38D5D8
4338,0x38D664,0x38D708,164,sub_38D664
4339,0x38D708,0x38D748,64,sub_38D708
4340,0x38D748,0x38D880,312,sub_38D748
4341,0x38D880,0x38D948,200,sub_38D880
4342,0x38D948,0x38D9B4,108,sub_38D948
4343,0x38D9B4,0x38D9C4,16,sub_38D9B4
4344,0x38D9C4,0x38D9D8,20,sub_38D9C4
4345,0x38D9D8,0x38D9E8,16,sub_38D9D8
4346,0x38D9E8,0x38D9FC,20,sub_38D9E8
4347,0x38D9FC,0x38DA0C,16,sub_38D9FC
4348,0x38DA0C,0x38DA20,20,sub_38DA0C
4349,0x38DA20,0x38DA30,16,sub_38DA20
4350,0x38DA30,0x38DA44,20,sub_38DA30
4351,0x38DA44,0x38DA54,16,sub_38DA44
4352,0x38DA54,0x38DA68,20,sub_38DA54
4353,0x38DA68,0x38DA7C,20,sub_38DA68
4354,0x38DA7C,0x38DA90,20,sub_38DA7C
4355,0x38DA90,0x38DAA0,16,sub_38DA90
4356,0x38DAA0,0x38DAB0,16,sub_38DAA0
4357,0x38DAB0,0x38DB2C,124,sub_38DAB0
4358,0x38DB2C,0x38DD28,508,sub_38DB2C
4359,0x38DD28,0x38DD2C,4,sub_38DD28
4360,0x38DD2C,0x38DFE0,692,sub_38DD2C
4361,0x38DFE0,0x38E044,100,sub_38DFE0
4362,0x38E044,0x38E048,4,sub_38E044
4363,0x38E048,0x38E0B8,112,sub_38E048
4364,0x38E0B8,0x38E0C8,16,sub_38E0B8
4365,0x38E0C8,0x38E354,652,sub_38E0C8
4366,0x38E354,0x38E78C,1080,sub_38E354
4367,0x38E78C,0x38EA64,728,sub_38E78C
4368,0x38EA64,0x38EC48,484,sub_38EA64
4369,0x38EC48,0x38ECD0,136,sub_38EC48
4370,0x38ECD0,0x38ED84,180,sub_38ECD0
4371,0x38ED84,0x38ED9C,24,sub_38ED84
4372,0x38ED9C,0x38EDC0,36,sub_38ED9C
4373,0x38EDC0,0x38EDD8,24,sub_38EDC0
4374,0x38EDD8,0x38F094,700,sub_38EDD8
4375,0x38F094,0x38F3D0,828,sub_38F094
4376,0x38F3D0,0x38F55C,396,sub_38F3D0
4377,0x38F55C,0x38F5F8,156,sub_38F55C
4378,0x38F5F8,0x38F674,124,sub_38F5F8
4379,0x38F674,0x390420,3500,sub_38F674
4380,0x390420,0x3904A0,128,sub_390420
4381,0x3904A0,0x390768,712,sub_3904A0
4382,0x390768,0x39076C,4,sub_390768
4383,0x39076C,0x39079C,48,sub_39076C
4384,0x39079C,0x3907C8,44,sub_39079C
4385,0x3907C8,0x3907FC,52,sub_3907C8
4386,0x3907FC,0x390D60,1380,sub_3907FC
4387,0x390D60,0x3912B8,1368,sub_390D60
4388,0x3912B8,0x391538,640,sub_3912B8
4389,0x391538,0x39153C,4,sub_391538
4390,0x39153C,0x395F4C,18960,sub_39153C
4391,0x395F4C,0x39606C,288,sub_395F4C
4392,0x39606C,0x3960B8,76,sub_39606C
4393,0x3960B8,0x3960E8,48,sub_3960B8
4394,0x3960E8,0x39676C,1668,sub_3960E8
4395,0x39676C,0x39690C,416,sub_39676C
4396,0x39690C,0x396A94,392,sub_39690C
4397,0x396A94,0x396C5C,456,sub_396A94
4398,0x396C5C,0x396CD8,124,sub_396C5C
4399,0x396CD8,0x396D08,48,sub_396CD8
4400,0x396D08,0x39720C,1284,sub_396D08
4401,0x39720C,0x3973F4,488,sub_39720C
4402,0x3973F4,0x39744C,88,sub_3973F4
4403,0x39744C,0x397944,1272,sub_39744C
4404,0x397944,0x397B08,452,sub_397944
4405,0x397B08,0x397DE8,736,sub_397B08
4406,0x397DE8,0x39805C,628,sub_397DE8
4407,0x39805C,0x398224,456,sub_39805C
4408,0x398224,0x3983A0,380,sub_398224
4409,0x3983A0,0x398734,916,sub_3983A0
4410,0x398734,0x398784,80,sub_398734
4411,0x398784,0x398904,384,sub_398784
4412,0x398904,0x398FD8,1748,sub_398904
4413,0x398FD8,0x39907C,164,sub_398FD8
4414,0x39907C,0x399138,188,sub_39907C
4415,0x399138,0x399200,200,sub_399138
4416,0x399200,0x3992B8,184,sub_399200
4417,0x3992B8,0x399370,184,sub_3992B8
4418,0x399370,0x3993DC,108,sub_399370
4419,0x3993DC,0x3994C8,236,sub_3993DC
4420,0x3994C8,0x399530,104,sub_3994C8
4421,0x399530,0x399584,84,sub_399530
4422,0x399584,0x3995A0,28,sub_399584
4423,0x3995A0,0x3995FC,92,sub_3995A0
4424,0x3995FC,0x3996D0,212,sub_3995FC
4425,0x3996D0,0x399720,80,sub_3996D0
4426,0x399720,0x399A00,736,sub_399720
4427,0x399A00,0x399D90,912,sub_399A00
4428,0x399D90,0x399E2C,156,sub_399D90
4429,0x399E2C,0x399ED0,164,sub_399E2C
4430,0x399ED0,0x39A9A8,2776,sub_399ED0
4431,0x39A9A8,0x39AC58,688,sub_39A9A8
4432,0x39AC58,0x39AF80,808,sub_39AC58
4433,0x39AF80,0x39B490,1296,sub_39AF80
4434,0x39B490,0x39B754,708,sub_39B490
4435,0x39B754,0x39B768,20,sub_39B754
4436,0x39B768,0x39B9D0,616,sub_39B768
4437,0x39B9D0,0x39BCE8,792,sub_39B9D0
4438,0x39BCE8,0x39BD04,28,sub_39BCE8
4439,0x39BD04,0x39BFD8,724,sub_39BD04
4440,0x39BFD8,0x39C204,556,sub_39BFD8
4441,0x39C204,0x39C3B4,432,sub_39C204
4442,0x39C3B4,0x39C89C,1256,sub_39C3B4
4443,0x39C89C,0x39C8D0,52,sub_39C89C
4444,0x39C8D0,0x39CC5C,908,sub_39C8D0
4445,0x39CC5C,0x39D6EC,2704,sub_39CC5C
4446,0x39D6EC,0x39D784,152,sub_39D6EC
4447,0x39D784,0x39D840,188,sub_39D784
4448,0x39D840,0x39DB44,772,sub_39D840
4449,0x39DB44,0x39DBE0,156,sub_39DB44
4450,0x39DBE0,0x39DD00,288,sub_39DBE0
4451,0x39DD00,0x39DD70,112,sub_39DD00
4452,0x39DD70,0x39E11C,940,sub_39DD70
4453,0x39E11C,0x39E2D8,444,sub_39E11C
4454,0x39E2D8,0x39E83C,1380,sub_39E2D8
4455,0x39E83C,0x39EC28,1004,sub_39E83C
4456,0x39EC28,0x39ECC4,156,sub_39EC28
4457,0x39ECC4,0x39ED0C,72,sub_39ECC4
4458,0x39ED0C,0x39EFA4,664,sub_39ED0C
4459,0x39EFA4,0x39F470,1228,sub_39EFA4
4460,0x39F470,0x39F6C0,592,sub_39F470
4461,0x39F6C0,0x3A083C,4476,sub_39F6C0
4462,0x3A083C,0x3A0DE8,1452,sub_3A083C
4463,0x3A0DE8,0x3A1D78,3984,sub_3A0DE8
4464,0x3A1D78,0x3A1F84,524,sub_3A1D78
4465,0x3A1F84,0x3A2AD4,2896,sub_3A1F84
4466,0x3A2AD4,0x3A2F00,1068,sub_3A2AD4
4467,0x3A2F00,0x3A2F44,68,sub_3A2F00
4468,0x3A2F44,0x3A33A4,1120,sub_3A2F44
4469,0x3A33A4,0x3A37F4,1104,sub_3A33A4
4470,0x3A37F4,0x3A4EC8,5844,sub_3A37F4
4471,0x3A4EC8,0x3A5028,352,sub_3A4EC8
4472,0x3A5028,0x3A6690,5736,sub_3A5028
4473,0x3A6690,0x3A6790,256,sub_3A6690
4474,0x3A6790,0x3A67D8,72,sub_3A6790
4475,0x3A67D8,0x3A6F3C,1892,sub_3A67D8
4476,0x3A6F3C,0x3A7204,712,sub_3A6F3C
4477,0x3A7204,0x3A77F8,1524,sub_3A7204
4478,0x3A77F8,0x3A79C0,456,sub_3A77F8
4479,0x3A79C0,0x3A7A88,200,sub_3A79C0
4480,0x3A7A88,0x3A7B24,156,sub_3A7A88
4481,0x3A7B24,0x3A7E4C,808,sub_3A7B24
4482,0x3A7E4C,0x3A85B4,1896,sub_3A7E4C
4483,0x3A85B4,0x3A878C,472,sub_3A85B4
4484,0x3A878C,0x3A8A4C,704,sub_3A878C
4485,0x3A8A4C,0x3A8C18,460,sub_3A8A4C
4486,0x3A8C18,0x3A9170,1368,sub_3A8C18
4487,0x3A9170,0x3A91D8,104,sub_3A9170
4488,0x3A91D8,0x3A9744,1388,sub_3A91D8
4489,0x3A9744,0x3A9B28,996,sub_3A9744
4490,0x3A9B28,0x3A9BD0,168,sub_3A9B28
4491,0x3A9BD0,0x3A9BE4,20,sub_3A9BD0
4492,0x3A9BE4,0x3A9BF0,12,sub_3A9BE4
4493,0x3A9BF0,0x3A9C00,16,sub_3A9BF0
4494,0x3A9C00,0x3A9C0C,12,sub_3A9C00
4495,0x3A9C0C,0x3A9C18,12,sub_3A9C0C
4496,0x3A9C18,0x3A9C8C,116,sub_3A9C18
4497,0x3A9C8C,0x3A9CB4,40,sub_3A9C8C
4498,0x3A9CB4,0x3AA13C,1160,sub_3A9CB4
4499,0x3AA13C,0x3AA14C,16,sub_3AA13C
4500,0x3AA14C,0x3AA15C,16,sub_3AA14C
4501,0x3AA15C,0x3AA16C,16,sub_3AA15C
4502,0x3AA16C,0x3AA17C,16,sub_3AA16C
4503,0x3AA17C,0x3AA194,24,sub_3AA17C
4504,0x3AA194,0x3AA1AC,24,sub_3AA194
4505,0x3AA1AC,0x3AA1D4,40,sub_3AA1AC
4506,0x3AA1D4,0x3AA334,352,sub_3AA1D4
4507,0x3AA334,0x3AA344,16,sub_3AA334
4508,0x3AA344,0x3AA3A4,96,sub_3AA344
4509,0x3AA3A4,0x3AA548,420,sub_3AA3A4
4510,0x3AA548,0x3AA5BC,116,sub_3AA548
4511,0x3AA5BC,0x3AA5E4,40,sub_3AA5BC
4512,0x3AA5E4,0x3AA924,832,sub_3AA5E4
4513,0x3AA924,0x3AA94C,40,sub_3AA924
4514,0x3AA94C,0x3AA9DC,144,sub_3AA94C
4515,0x3AA9DC,0x3AAA1C,64,sub_3AA9DC
4516,0x3AAA1C,0x3AAC78,604,sub_3AAA1C
4517,0x3AAC78,0x3AAC88,16,sub_3AAC78
4518,0x3AAC88,0x3AAC9C,20,sub_3AAC88
4519,0x3AAC9C,0x3AACB0,20,sub_3AAC9C
4520,0x3AACB0,0x3AAE1C,364,sub_3AACB0
4521,0x3AAE1C,0x3AAFC0,420,sub_3AAE1C
4522,0x3AAFC0,0x3AB1AC,492,sub_3AAFC0
4523,0x3AB1AC,0x3AB2D4,296,sub_3AB1AC
4524,0x3AB2D4,0x3AB424,336,sub_3AB2D4
4525,0x3AB424,0x3AB428,4,sub_3AB424
4526,0x3AB428,0x3AC0FC,3284,sub_3AB428
4527,0x3AC0FC,0x3ACA6C,2416,sub_3AC0FC
4528,0x3ACA6C,0x3ACC2C,448,sub_3ACA6C
4529,0x3ACC2C,0x3AE4A8,6268,sub_3ACC2C
4530,0x3AE4A8,0x3AFBF0,5960,sub_3AE4A8
4531,0x3AFBF0,0x3B0050,1120,sub_3AFBF0
4532,0x3B0050,0x3B06F8,1704,sub_3B0050
4533,0x3B06F8,0x3B2320,7208,sub_3B06F8
4534,0x3B2320,0x3B3A18,5880,sub_3B2320
4535,0x3B3A18,0x3B3CE8,720,sub_3B3A18
4536,0x3B3CE8,0x3B40E0,1016,sub_3B3CE8
4537,0x3B40E0,0x3B44A8,968,sub_3B40E0
4538,0x3B44A8,0x3B4B78,1744,sub_3B44A8
4539,0x3B4B78,0x3B5040,1224,sub_3B4B78
4540,0x3B5040,0x3B5BCC,2956,sub_3B5040
4541,0x3B5BCC,0x3B5CD8,268,sub_3B5BCC
4542,0x3B5CD8,0x3B5E60,392,sub_3B5CD8
4543,0x3B5E60,0x3B5F30,208,sub_3B5E60
4544,0x3B5F30,0x3B6178,584,sub_3B5F30
4545,0x3B6178,0x3B68E8,1904,sub_3B6178
4546,0x3B68E8,0x3B751C,3124,sub_3B68E8
4547,0x3B751C,0x3B8040,2852,sub_3B751C
4548,0x3B8040,0x3B8660,1568,sub_3B8040
4549,0x3B8660,0x3B937C,3356,sub_3B8660
4550,0x3B937C,0x3B98A4,1320,sub_3B937C
4551,0x3B98A4,0x3BA50C,3176,sub_3B98A4
4552,0x3BA50C,0x3BAD9C,2192,sub_3BA50C
4553,0x3BAD9C,0x3C1470,26324,sub_3BAD9C
4554,0x3C1470,0x3C1704,660,sub_3C1470
4555,0x3C1704,0x3C1EA4,1952,sub_3C1704
4556,0x3C1EA4,0x3C232C,1160,sub_3C1EA4
4557,0x3C232C,0x3C3040,3348,sub_3C232C
4558,0x3C3040,0x3C305C,28,sub_3C3040
4559,0x3C305C,0x3C3068,12,sub_3C305C
4560,0x3C3068,0x3C3078,16,sub_3C3068
4561,0x3C3078,0x3C3094,28,sub_3C3078
4562,0x3C3094,0x3C30EC,88,sub_3C3094
4563,0x3C30EC,0x3C3284,408,sub_3C30EC
4564,0x3C3284,0x3C32D4,80,sub_3C3284
4565,0x3C32D4,0x3C359C,712,sub_3C32D4
4566,0x3C359C,0x3C3944,936,sub_3C359C
4567,0x3C3944,0x3C3BB4,624,sub_3C3944
4568,0x3C3BB4,0x3C3D8C,472,sub_3C3BB4
4569,0x3C3D8C,0x3C41A0,1044,sub_3C3D8C
4570,0x3C41A0,0x3C423C,156,sub_3C41A0
4571,0x3C423C,0x3C43D4,408,sub_3C423C
4572,0x3C43D4,0x3C441C,72,sub_3C43D4
4573,0x3C441C,0x3C4454,56,sub_3C441C
4574,0x3C4454,0x3C46B8,612,sub_3C4454
4575,0x3C46B8,0x3C4F30,2168,sub_3C46B8
4576,0x3C4F30,0x3C5198,616,sub_3C4F30
4577,0x3C5198,0x3C592C,1940,sub_3C5198
4578,0x3C592C,0x3C6EF8,5580,sub_3C592C
4579,0x3C6EF8,0x3C7098,416,sub_3C6EF8
4580,0x3C7098,0x3C731C,644,sub_3C7098
4581,0x3C731C,0x3C79D0,1716,sub_3C731C
4582,0x3C79D0,0x3C7B20,336,sub_3C79D0
4583,0x3C7B20,0x3C7B44,36,sub_3C7B20
4584,0x3C7B44,0x3C8748,3076,sub_3C7B44
4585,0x3C8748,0x3C8B1C,980,sub_3C8748
4586,0x3C8B1C,0x3C90FC,1504,sub_3C8B1C
4587,0x3C90FC,0x3C9354,600,sub_3C90FC
4588,0x3C9354,0x3CB8AC,9560,sub_3C9354
4589,0x3CB8AC,0x3CBAE8,572,sub_3CB8AC
4590,0x3CBAE8,0x3CBB74,140,sub_3CBAE8
4591,0x3CBB74,0x3CBD44,464,sub_3CBB74
4592,0x3CBD44,0x3CBD90,76,sub_3CBD44
4593,0x3CBD90,0x3CBDC8,56,sub_3CBD90
4594,0x3CBDC8,0x3CC118,848,sub_3CBDC8
4595,0x3CC118,0x3CC1D0,184,sub_3CC118
4596,0x3CC1D0,0x3CC25C,140,sub_3CC1D0
4597,0x3CC25C,0x3CC5A8,844,sub_3CC25C
4598,0x3CC5A8,0x3CC5BC,20,sub_3CC5A8
4599,0x3CC5BC,0x3CC60C,80,sub_3CC5BC
4600,0x3CC60C,0x3CC61C,16,sub_3CC60C
4601,0x3CC61C,0x3CC6C0,164,sub_3CC61C
4602,0x3CC6C0,0x3CC720,96,sub_3CC6C0
4603,0x3CC720,0x3CC9B8,664,sub_3CC720
4604,0x3CC9B8,0x3CCC50,664,sub_3CC9B8
4605,0x3CCC50,0x3CCCB4,100,sub_3CCC50
4606,0x3CCCB4,0x3CCEC8,532,sub_3CCCB4
4607,0x3CCEC8,0x3CD1D8,784,sub_3CCEC8
4608,0x3CD1D8,0x3CD270,152,sub_3CD1D8
4609,0x3CD270,0x3CD33C,204,sub_3CD270
4610,0x3CD33C,0x3CD3BC,128,sub_3CD33C
4611,0x3CD3BC,0x3CD788,972,sub_3CD3BC
4612,0x3CD788,0x3CD928,416,sub_3CD788
4613,0x3CD928,0x3CDA2C,260,sub_3CD928
4614,0x3CDA2C,0x3CDBB4,392,sub_3CDA2C
4615,0x3CDBB4,0x3CDC7C,200,sub_3CDBB4
4616,0x3CDC7C,0x3CDE20,420,sub_3CDC7C
4617,0x3CDE20,0x3CF9B8,7064,sub_3CDE20
4618,0x3CF9B8,0x3CFA08,80,sub_3CF9B8
4619,0x3CFA08,0x3CFA1C,20,sub_3CFA08
4620,0x3CFA1C,0x3CFA3C,32,sub_3CFA1C
4621,0x3CFA3C,0x3CFA50,20,sub_3CFA3C
4622,0x3CFA50,0x3CFA60,16,sub_3CFA50
4623,0x3CFA60,0x3CFA6C,12,sub_3CFA60
4624,0x3CFA6C,0x3CFA7C,16,sub_3CFA6C
4625,0x3CFA7C,0x3CFA90,20,sub_3CFA7C
4626,0x3CFA90,0x3CFAA0,16,sub_3CFA90
4627,0x3CFAA0,0x3CFAB4,20,sub_3CFAA0
4628,0x3CFAB4,0x3CFAC4,16,sub_3CFAB4
4629,0x3CFAC4,0x3CFAD8,20,sub_3CFAC4
4630,0x3CFAD8,0x3CFAE8,16,sub_3CFAD8
4631,0x3CFAE8,0x3CFAFC,20,sub_3CFAE8
4632,0x3CFAFC,0x3CFB0C,16,sub_3CFAFC
4633,0x3CFB0C,0x3CFB20,20,sub_3CFB0C
4634,0x3CFB20,0x3CFB30,16,sub_3CFB20
4635,0x3CFB30,0x3CFB44,20,sub_3CFB30
4636,0x3CFB44,0x3CFB54,16,sub_3CFB44
4637,0x3CFB54,0x3CFB68,20,sub_3CFB54
4638,0x3CFB68,0x3CFB78,16,sub_3CFB68
4639,0x3CFB78,0x3CFB8C,20,sub_3CFB78
4640,0x3CFB8C,0x3CFB9C,16,sub_3CFB8C
4641,0x3CFB9C,0x3CFBB0,20,sub_3CFB9C
4642,0x3CFBB0,0x3CFBC0,16,sub_3CFBB0
4643,0x3CFBC0,0x3CFBD4,20,sub_3CFBC0
4644,0x3CFBD4,0x3CFBE4,16,sub_3CFBD4
4645,0x3CFBE4,0x3CFBF8,20,sub_3CFBE4
4646,0x3CFBF8,0x3CFC08,16,sub_3CFBF8
4647,0x3CFC08,0x3CFC1C,20,sub_3CFC08
4648,0x3CFC1C,0x3CFC2C,16,sub_3CFC1C
4649,0x3CFC2C,0x3CFC40,20,sub_3CFC2C
4650,0x3CFC40,0x3CFC50,16,sub_3CFC40
4651,0x3CFC50,0x3CFC64,20,sub_3CFC50
4652,0x3CFC64,0x3CFC74,16,sub_3CFC64
4653,0x3CFC74,0x3CFC84,16,sub_3CFC74
4654,0x3CFC84,0x3CFC94,16,sub_3CFC84
4655,0x3CFC94,0x3CFCA4,16,sub_3CFC94
4656,0x3CFCA4,0x3CFCB4,16,sub_3CFCA4
4657,0x3CFCB4,0x3CFCC4,16,sub_3CFCB4
4658,0x3CFCC4,0x3CFCD4,16,sub_3CFCC4
4659,0x3CFCD4,0x3CFCE4,16,sub_3CFCD4
4660,0x3CFCE4,0x3CFCF4,16,sub_3CFCE4
4661,0x3CFCF4,0x3CFD04,16,sub_3CFCF4
4662,0x3CFD04,0x3CFD14,16,sub_3CFD04
4663,0x3CFD14,0x3CFD24,16,sub_3CFD14
4664,0x3CFD24,0x3CFD34,16,sub_3CFD24
4665,0x3CFD34,0x3CFD44,16,sub_3CFD34
4666,0x3CFD44,0x3CFD54,16,sub_3CFD44
4667,0x3CFD54,0x3CFD64,16,sub_3CFD54
4668,0x3CFD64,0x3CFD74,16,sub_3CFD64
4669,0x3CFD74,0x3CFD84,16,sub_3CFD74
4670,0x3CFD84,0x3CFD94,16,sub_3CFD84
4671,0x3CFD94,0x3CFDA4,16,sub_3CFD94
4672,0x3CFDA4,0x3CFDB4,16,sub_3CFDA4
4673,0x3CFDB4,0x3CFDC4,16,sub_3CFDB4
4674,0x3CFDC4,0x3CFDDC,24,sub_3CFDC4
4675,0x3CFDDC,0x3CFDF4,24,sub_3CFDDC
4676,0x3CFDF4,0x3CFF48,340,sub_3CFDF4
4677,0x3CFF48,0x3D04E8,1440,sub_3CFF48
4678,0x3D04E8,0x3D0E10,2344,sub_3D04E8
4679,0x3D0E10,0x3D1138,808,sub_3D0E10
4680,0x3D1138,0x3D1268,304,sub_3D1138
4681,0x3D1268,0x3D13C4,348,sub_3D1268
4682,0x3D13C4,0x3D1564,416,sub_3D13C4
4683,0x3D1564,0x3D1604,160,sub_3D1564
4684,0x3D1604,0x3D1708,260,sub_3D1604
4685,0x3D1708,0x3D1B94,1164,sub_3D1708
4686,0x3D1B94,0x3D2114,1408,sub_3D1B94
4687,0x3D2114,0x3D21E4,208,sub_3D2114
4688,0x3D21E4,0x3D2280,156,sub_3D21E4
4689,0x3D2280,0x3D2540,704,sub_3D2280
4690,0x3D2540,0x3D30D4,2964,sub_3D2540
4691,0x3D30D4,0x3D3228,340,sub_3D30D4
4692,0x3D3228,0x3D3DE0,3000,sub_3D3228
4693,0x3D3DE0,0x3D3EF8,280,sub_3D3DE0
4694,0x3D3EF8,0x3D4520,1576,sub_3D3EF8
4695,0x3D4520,0x3D45B0,144,sub_3D4520
4696,0x3D45B0,0x3D4618,104,sub_3D45B0
4697,0x3D4618,0x3D46D8,192,sub_3D4618
4698,0x3D46D8,0x3D47B0,216,sub_3D46D8
4699,0x3D47B0,0x3D47FC,76,sub_3D47B0
4700,0x3D47FC,0x3D49B4,440,sub_3D47FC
4701,0x3D49B4,0x3D4BD8,548,sub_3D49B4
4702,0x3D4BD8,0x3D4D88,432,sub_3D4BD8
4703,0x3D4D88,0x3D5988,3072,sub_3D4D88
4704,0x3D5988,0x3D5A34,172,sub_3D5988
4705,0x3D5A34,0x3D5AAC,120,sub_3D5A34
4706,0x3D5AAC,0x3D5C08,348,sub_3D5AAC
4707,0x3D5C08,0x3D629C,1684,sub_3D5C08
4708,0x3D629C,0x3D62EC,80,sub_3D629C
4709,0x3D62EC,0x3D6548,604,sub_3D62EC
4710,0x3D6548,0x3D65B8,112,sub_3D6548
4711,0x3D65B8,0x3D6860,680,sub_3D65B8
4712,0x3D6860,0x3D6870,16,sub_3D6860
4713,0x3D6870,0x3D6970,256,sub_3D6870
4714,0x3D6970,0x3D6980,16,sub_3D6970
4715,0x3D6980,0x3D698C,12,sub_3D6980
4716,0x3D698C,0x3D699C,16,sub_3D698C
4717,0x3D699C,0x3D69A8,12,sub_3D699C
4718,0x3D69A8,0x3D69B8,16,sub_3D69A8
4719,0x3D69B8,0x3D69C4,12,sub_3D69B8
4720,0x3D69C4,0x3D69D4,16,sub_3D69C4
4721,0x3D69D4,0x3D69E8,20,sub_3D69D4
4722,0x3D69E8,0x3D69F8,16,sub_3D69E8
4723,0x3D69F8,0x3D6A0C,20,sub_3D69F8
4724,0x3D6A0C,0x3D6A1C,16,sub_3D6A0C
4725,0x3D6A1C,0x3D6A2C,16,sub_3D6A1C
4726,0x3D6A2C,0x3D6AA8,124,sub_3D6A2C
4727,0x3D6AA8,0x3D6AB8,16,sub_3D6AA8
4728,0x3D6AB8,0x3D6B08,80,sub_3D6AB8
4729,0x3D6B08,0x3D6B2C,36,sub_3D6B08
4730,0x3D6B2C,0x3D6B40,20,sub_3D6B2C
4731,0x3D6B40,0x3D6CD4,404,sub_3D6B40
4732,0x3D6CD4,0x3D6CE0,12,sub_3D6CD4
4733,0x3D6CE0,0x3D6F20,576,sub_3D6CE0
4734,0x3D6F20,0x3D6F2C,12,sub_3D6F20
4735,0x3D6F2C,0x3D6F38,12,sub_3D6F2C
4736,0x3D6F38,0x3D6F44,12,sub_3D6F38
4737,0x3D6F44,0x3D6F94,80,sub_3D6F44
4738,0x3D6F94,0x3D6FF4,96,sub_3D6F94
4739,0x3D6FF4,0x3D7058,100,sub_3D6FF4
4740,0x3D7058,0x3D70BC,100,sub_3D7058
4741,0x3D70BC,0x3D7194,216,sub_3D70BC
4742,0x3D7194,0x3D726C,216,sub_3D7194
4743,0x3D726C,0x3D74CC,608,sub_3D726C
4744,0x3D74CC,0x3D7730,612,sub_3D74CC
4745,0x3D7730,0x3D7F00,2000,sub_3D7730
4746,0x3D7F00,0x3D81B8,696,sub_3D7F00
4747,0x3D81B8,0x3D872C,1396,sub_3D81B8
4748,0x3D872C,0x3D8808,220,sub_3D872C
4749,0x3D8808,0x3D8948,320,sub_3D8808
4750,0x3D8948,0x3D8AC8,384,sub_3D8948
4751,0x3D8AC8,0x3D9390,2248,sub_3D8AC8
4752,0x3D9390,0x3D9548,440,sub_3D9390
4753,0x3D9548,0x3D9620,216,sub_3D9548
4754,0x3D9620,0x3D96E0,192,sub_3D9620
4755,0x3D96E0,0x3D97B8,216,sub_3D96E0
4756,0x3D97B8,0x3D9828,112,sub_3D97B8
4757,0x3D9828,0x3D9994,364,sub_3D9828
4758,0x3D9994,0x3D9B58,452,sub_3D9994
4759,0x3D9B58,0x3DA134,1500,sub_3D9B58
4760,0x3DA134,0x3DABAC,2680,sub_3DA134
4761,0x3DABAC,0x3DBD1C,4464,sub_3DABAC
4762,0x3DBD1C,0x3DBDE8,204,sub_3DBD1C
4763,0x3DBDE8,0x3DBEF0,264,sub_3DBDE8
4764,0x3DBEF0,0x3DCCF8,3592,sub_3DBEF0
4765,0x3DCCF8,0x3DD830,2872,sub_3DCCF8
4766,0x3DD830,0x3DD910,224,sub_3DD830
4767,0x3DD910,0x3DDD04,1012,sub_3DD910
4768,0x3DDD04,0x3DDD70,108,sub_3DDD04
4769,0x3DDD70,0x3DDD78,8,sub_3DDD70
4770,0x3DDD78,0x3DDD80,8,sub_3DDD78
4771,0x3DDD80,0x3DDDEC,108,sub_3DDD80
4772,0x3DDDEC,0x3DDE90,164,sub_3DDDEC
4773,0x3DDE90,0x3DDFE4,340,sub_3DDE90
4774,0x3DDFE4,0x3DEC80,3228,sub_3DDFE4
4775,0x3DEC80,0x3DECD4,84,sub_3DEC80
4776,0x3DECD4,0x3E158C,10424,sub_3DECD4
4777,0x3E158C,0x3E18E8,860,sub_3E158C
4778,0x3E18E8,0x3E19E4,252,sub_3E18E8
4779,0x3E19E4,0x3E20E0,1788,sub_3E19E4
4780,0x3E20E0,0x3E22F0,528,sub_3E20E0
4781,0x3E22F0,0x3E2A88,1944,sub_3E22F0
4782,0x3E2A88,0x3E2C20,408,sub_3E2A88
4783,0x3E2C20,0x3E2D98,376,sub_3E2C20
4784,0x3E2D98,0x3E3040,680,sub_3E2D98
4785,0x3E3040,0x3E314C,268,sub_3E3040
4786,0x3E314C,0x3E31EC,160,sub_3E314C
4787,0x3E31EC,0x3E369C,1200,sub_3E31EC
4788,0x3E369C,0x3E38F8,604,sub_3E369C
4789,0x3E38F8,0x3E4154,2140,sub_3E38F8
4790,0x3E4154,0x3E41D4,128,sub_3E4154
4791,0x3E41D4,0x3E42A8,212,sub_3E41D4
4792,0x3E42A8,0x3E4B34,2188,sub_3E42A8
4793,0x3E4B34,0x3E4CB4,384,sub_3E4B34
4794,0x3E4CB4,0x3E50B0,1020,sub_3E4CB4
4795,0x3E50B0,0x3E5550,1184,sub_3E50B0
4796,0x3E5550,0x3E5998,1096,sub_3E5550
4797,0x3E5998,0x3E63E8,2640,sub_3E5998
4798,0x3E63E8,0x3E9628,12864,sub_3E63E8
4799,0x3E9628,0x4045D4,110508,sub_3E9628
4800,0x4045D4,0x404784,432,sub_4045D4
4801,0x404784,0x404C38,1204,sub_404784
4802,0x404C38,0x404C98,96,sub_404C38
4803,0x404C98,0x405110,1144,sub_404C98
4804,0x405110,0x405264,340,sub_405110
4805,0x405264,0x4053BC,344,sub_405264
4806,0x4053BC,0x405450,148,sub_4053BC
4807,0x405450,0x4054F0,160,sub_405450
4808,0x4054F0,0x405590,160,sub_4054F0
4809,0x405590,0x40572C,412,sub_405590
4810,0x40572C,0x405968,572,sub_40572C
4811,0x405968,0x405A94,300,sub_405968
4812,0x405A94,0x405B7C,232,sub_405A94
4813,0x405B7C,0x405C0C,144,sub_405B7C
4814,0x405C0C,0x405DBC,432,sub_405C0C
4815,0x405DBC,0x406208,1100,sub_405DBC
4816,0x406208,0x4063C8,448,sub_406208
4817,0x4063C8,0x406688,704,sub_4063C8
4818,0x406688,0x406694,12,sub_406688
4819,0x406694,0x4066A0,12,sub_406694
4820,0x4066A0,0x40670C,108,sub_4066A0
4821,0x40670C,0x4069D4,712,sub_40670C
4822,0x4069D4,0x406D8C,952,sub_4069D4
4823,0x406D8C,0x406DF8,108,sub_406D8C
4824,0x406DF8,0x406E08,16,sub_406DF8
4825,0x406E08,0x406F4C,324,sub_406E08
4826,0x406F4C,0x407964,2584,sub_406F4C
4827,0x407964,0x40A904,12192,sub_407964
4828,0x40A904,0x40A960,92,sub_40A904
4829,0x40A960,0x40A9BC,92,sub_40A960
4830,0x40A9BC,0x40AC98,732,sub_40A9BC
4831,0x40AC98,0x40AF80,744,sub_40AC98
4832,0x40AF80,0x40B180,512,sub_40AF80
4833,0x40B180,0x40B2F8,376,sub_40B180
4834,0x40B2F8,0x40BEC0,3016,sub_40B2F8
4835,0x40BEC0,0x40BF14,84,sub_40BEC0
4836,0x40BF14,0x40C2D8,964,sub_40BF14
4837,0x40C2D8,0x40C36C,148,sub_40C2D8
4838,0x40C36C,0x40C64C,736,sub_40C36C
4839,0x40C64C,0x40C718,204,sub_40C64C
4840,0x40C718,0x40C824,268,sub_40C718
4841,0x40C824,0x40CB50,812,sub_40C824
4842,0x40CB50,0x40CC64,276,sub_40CB50
4843,0x40CC64,0x40CD78,276,sub_40CC64
4844,0x40CD78,0x40D914,2972,sub_40CD78
4845,0x40D914,0x40D9AC,152,sub_40D914
4846,0x40D9AC,0x40DA3C,144,sub_40D9AC
4847,0x40DA3C,0x40DA78,60,sub_40DA3C
4848,0x40DA78,0x40DB14,156,sub_40DA78
4849,0x40DB14,0x40DBAC,152,sub_40DB14
4850,0x40DBAC,0x40DC44,152,sub_40DBAC
4851,0x40DC44,0x40DCD4,144,sub_40DC44
4852,0x40DCD4,0x40E28C,1464,sub_40DCD4
4853,0x40E28C,0x40E650,964,sub_40E28C
4854,0x40E650,0x40E6C0,112,sub_40E650
4855,0x40E6C0,0x40EA68,936,sub_40E6C0
4856,0x40EA68,0x40EE18,944,sub_40EA68
4857,0x40EE18,0x40F1C4,940,sub_40EE18
4858,0x40F1C4,0x40F3D0,524,sub_40F1C4
4859,0x40F3D0,0x40F5E8,536,sub_40F3D0
4860,0x40F5E8,0x40F98C,932,sub_40F5E8
4861,0x40F98C,0x40FB88,508,sub_40F98C
4862,0x40FB88,0x40FC60,216,sub_40FB88
4863,0x40FC60,0x410214,1460,sub_40FC60
4864,0x410214,0x4103B4,416,sub_410214
4865,0x4103B4,0x410428,116,sub_4103B4
4866,0x410428,0x411300,3800,sub_410428
4867,0x411300,0x411524,548,sub_411300
4868,0x411524,0x4118E8,964,sub_411524
4869,0x4118E8,0x411A0C,292,sub_4118E8
4870,0x411A0C,0x412A04,4088,sub_411A0C
4871,0x412A04,0x412A9C,152,sub_412A04
4872,0x412A9C,0x412B3C,160,sub_412A9C
4873,0x412B3C,0x412EAC,880,sub_412B3C
4874,0x412EAC,0x413088,476,sub_412EAC
4875,0x413088,0x413208,384,sub_413088
4876,0x413208,0x4132E0,216,sub_413208
4877,0x4132E0,0x413890,1456,sub_4132E0
4878,0x413890,0x413C78,1000,sub_413890
4879,0x413C78,0x413CE8,112,sub_413C78
4880,0x413CE8,0x4142CC,1508,sub_413CE8
4881,0x4142CC,0x4146C4,1016,sub_4142CC
4882,0x4146C4,0x414734,112,sub_4146C4
4883,0x414734,0x414B18,996,sub_414734
4884,0x414B18,0x414D34,540,sub_414B18
4885,0x414D34,0x414DA8,116,sub_414D34
4886,0x414DA8,0x41519C,1012,sub_414DA8
4887,0x41519C,0x4153BC,544,sub_41519C
4888,0x4153BC,0x41542C,112,sub_4153BC
4889,0x41542C,0x4159C4,1432,sub_41542C
4890,0x4159C4,0x415D88,964,sub_4159C4
4891,0x415D88,0x415DF8,112,sub_415D88
4892,0x415DF8,0x4160CC,724,sub_415DF8
4893,0x4160CC,0x416954,2184,sub_4160CC
4894,0x416954,0x4169BC,104,sub_416954
4895,0x4169BC,0x416D08,844,sub_4169BC
4896,0x416D08,0x417828,2848,sub_416D08
4897,0x417828,0x417890,104,sub_417828
4898,0x417890,0x4178F8,104,sub_417890
4899,0x4178F8,0x41828C,2452,sub_4178F8
4900,0x41828C,0x4182E8,92,sub_41828C
4901,0x4182E8,0x418340,88,sub_4182E8
4902,0x418340,0x418C4C,2316,sub_418340
4903,0x418C4C,0x418CA8,92,sub_418C4C
4904,0x418CA8,0x418D04,92,sub_418CA8
4905,0x418D04,0x419274,1392,sub_418D04
4906,0x419274,0x4192D0,92,sub_419274
4907,0x4192D0,0x41970C,1084,sub_4192D0
4908,0x41970C,0x4199C8,700,sub_41970C
4909,0x4199C8,0x419A70,168,sub_4199C8
4910,0x419A70,0x419E94,1060,sub_419A70
4911,0x419E94,0x41A0F4,608,sub_419E94
4912,0x41A0F4,0x41A1F4,256,sub_41A0F4
4913,0x41A1F4,0x41A608,1044,sub_41A1F4
4914,0x41A608,0x41A744,316,sub_41A608
4915,0x41A744,0x41A764,32,sub_41A744
4916,0x41A764,0x41A9F4,656,sub_41A764
4917,0x41A9F4,0x41AACC,216,sub_41A9F4
4918,0x41AACC,0x41BB40,4212,sub_41AACC
4919,0x41BB40,0x41BBDC,156,sub_41BB40
4920,0x41BBDC,0x41BED8,764,sub_41BBDC
4921,0x41BED8,0x41BF8C,180,sub_41BED8
4922,0x41BF8C,0x41C1F4,616,sub_41BF8C
4923,0x41C1F4,0x41C2A8,180,sub_41C1F4
4924,0x41C2A8,0x41C508,608,sub_41C2A8
4925,0x41C508,0x41C5BC,180,sub_41C508
4926,0x41C5BC,0x41C7B0,500,sub_41C5BC
4927,0x41C7B0,0x41C85C,172,sub_41C7B0
4928,0x41C85C,0x41CE74,1560,sub_41C85C
4929,0x41CE74,0x41D014,416,sub_41CE74
4930,0x41D014,0x41D250,572,sub_41D014
4931,0x41D250,0x41D590,832,sub_41D250
4932,0x41D590,0x41D624,148,sub_41D590
4933,0x41D624,0x41D6F4,208,sub_41D624
4934,0x41D6F4,0x41DB48,1108,sub_41D6F4
4935,0x41DB48,0x41DC14,204,sub_41DB48
4936,0x41DC14,0x41DD70,348,sub_41DC14
4937,0x41DD70,0x41DDD4,100,sub_41DD70
4938,0x41DDD4,0x41DE28,84,sub_41DDD4
4939,0x41DE28,0x41E1F0,968,sub_41DE28
4940,0x41E1F0,0x41E3A0,432,sub_41E1F0
4941,0x41E3A0,0x41E53C,412,sub_41E3A0
4942,0x41E53C,0x41E608,204,sub_41E53C
4943,0x41E608,0x41E7B8,432,sub_41E608
4944,0x41E7B8,0x41E85C,164,sub_41E7B8
4945,0x41E85C,0x41EA88,556,sub_41E85C
4946,0x41EA88,0x41EB5C,212,sub_41EA88
4947,0x41EB5C,0x41EFA8,1100,sub_41EB5C
4948,0x41EFA8,0x41F03C,148,sub_41EFA8
4949,0x41F03C,0x41F10C,208,sub_41F03C
4950,0x41F10C,0x41F54C,1088,sub_41F10C
4951,0x41F54C,0x41FA10,1220,sub_41F54C
4952,0x41FA10,0x41FAA4,148,sub_41FA10
4953,0x41FAA4,0x41FB74,208,sub_41FAA4
4954,0x41FB74,0x41FFC8,1108,sub_41FB74
4955,0x41FFC8,0x4202FC,820,sub_41FFC8
4956,0x4202FC,0x4203CC,208,sub_4202FC
4957,0x4203CC,0x4205E8,540,sub_4203CC
4958,0x4205E8,0x420948,864,sub_4205E8
4959,0x420948,0x420A80,312,sub_420948
4960,0x420A80,0x420DC4,836,sub_420A80
4961,0x420DC4,0x420E94,208,sub_420DC4
4962,0x420E94,0x421040,428,sub_420E94
4963,0x421040,0x421238,504,sub_421040
4964,0x421238,0x421300,200,sub_421238
4965,0x421300,0x421528,552,sub_421300
4966,0x421528,0x421600,216,sub_421528
4967,0x421600,0x421800,512,sub_421600
4968,0x421800,0x4218C8,200,sub_421800
4969,0x4218C8,0x4226C0,3576,sub_4218C8
4970,0x4226C0,0x422774,180,sub_4226C0
4971,0x422774,0x4228D4,352,sub_422774
4972,0x4228D4,0x422C6C,920,sub_4228D4
4973,0x422C6C,0x422D34,200,sub_422C6C
4974,0x422D34,0x422EB0,380,sub_422D34
4975,0x422EB0,0x422F88,216,sub_422EB0
4976,0x422F88,0x423484,1276,sub_422F88
4977,0x423484,0x4235E0,348,sub_423484
4978,0x4235E0,0x423764,388,sub_4235E0
4979,0x423764,0x4238DC,376,sub_423764
4980,0x4238DC,0x4239B4,216,sub_4238DC
4981,0x4239B4,0x423C88,724,sub_4239B4
4982,0x423C88,0x423C9C,20,sub_423C88
4983,0x423C9C,0x423CB8,28,sub_423C9C
4984,0x423CB8,0x423F20,616,sub_423CB8
4985,0x423F20,0x424504,1508,sub_423F20
4986,0x424504,0x4251F4,3312,sub_424504
4987,0x4251F4,0x42522C,56,sub_4251F4
4988,0x42522C,0x425264,56,sub_42522C
4989,0x425264,0x42529C,56,sub_425264
4990,0x42529C,0x4252D4,56,sub_42529C
4991,0x4252D4,0x42533C,104,sub_4252D4
4992,0x42533C,0x4253A4,104,sub_42533C
4993,0x4253A4,0x4253C0,28,sub_4253A4
4994,0x4253C0,0x4253DC,28,sub_4253C0
4995,0x4253DC,0x425A98,1724,sub_4253DC
4996,0x425A98,0x425ACC,52,sub_425A98
4997,0x425ACC,0x425B2C,96,sub_425ACC
4998,0x425B2C,0x426278,1868,sub_425B2C
4999,0x426278,0x4262B4,60,sub_426278
5000,0x4262B4,0x426318,100,sub_4262B4
5001,0x426318,0x426AB0,1944,sub_426318
5002,0x426AB0,0x426AEC,60,sub_426AB0
5003,0x426AEC,0x426B50,100,sub_426AEC
5004,0x426B50,0x426EB0,864,sub_426B50
5005,0x426EB0,0x4281AC,4860,sub_426EB0
5006,0x4281AC,0x428214,104,sub_4281AC
5007,0x428214,0x4284F8,740,sub_428214
5008,0x4284F8,0x428734,572,sub_4284F8
5009,0x428734,0x42878C,88,sub_428734
5010,0x42878C,0x42879C,16,sub_42878C
5011,0x42879C,0x428AC8,812,sub_42879C
5012,0x428AC8,0x428B3C,116,sub_428AC8
5013,0x428B3C,0x428B4C,16,sub_428B3C
5014,0x428B4C,0x42914C,1536,sub_428B4C
5015,0x42914C,0x429188,60,sub_42914C
5016,0x429188,0x4291C4,60,sub_429188
5017,0x4291C4,0x42935C,408,sub_4291C4
5018,0x42935C,0x42986C,1296,sub_42935C
5019,0x42986C,0x4298EC,128,sub_42986C
5020,0x4298EC,0x429A24,312,sub_4298EC
5021,0x429A24,0x42A358,2356,sub_429A24
5022,0x42A358,0x42A3A4,76,sub_42A358
5023,0x42A3A4,0x42A3F0,76,sub_42A3A4
5024,0x42A3F0,0x42A43C,76,sub_42A3F0
5025,0x42A43C,0x42A488,76,sub_42A43C
5026,0x42A488,0x42A4D4,76,sub_42A488
5027,0x42A4D4,0x42A918,1092,sub_42A4D4
5028,0x42A918,0x42A964,76,sub_42A918
5029,0x42A964,0x42A9B8,84,sub_42A964
5030,0x42A9B8,0x42AB4C,404,sub_42A9B8
5031,0x42AB4C,0x42B464,2328,sub_42AB4C
5032,0x42B464,0x42B79C,824,sub_42B464
5033,0x42B79C,0x42B9F4,600,sub_42B79C
5034,0x42B9F4,0x42BA74,128,sub_42B9F4
5035,0x42BA74,0x42BAC4,80,sub_42BA74
5036,0x42BAC4,0x42BE2C,872,sub_42BAC4
5037,0x42BE2C,0x42C2AC,1152,sub_42BE2C
5038,0x42C2AC,0x42C304,88,sub_42C2AC
5039,0x42C304,0x42EC74,10608,sub_42C304
5040,0x42EC74,0x42ECC8,84,sub_42EC74
5041,0x42ECC8,0x42ED24,92,sub_42ECC8
5042,0x42ED24,0x42ED7C,88,sub_42ED24
5043,0x42ED7C,0x42EDCC,80,sub_42ED7C
5044,0x42EDCC,0x42F37C,1456,sub_42EDCC
5045,0x42F37C,0x42F40C,144,sub_42F37C
5046,0x42F40C,0x42F4BC,176,sub_42F40C
5047,0x42F4BC,0x42FAF8,1596,sub_42F4BC
5048,0x42FAF8,0x42FB88,144,sub_42FAF8
5049,0x42FB88,0x42FC60,216,sub_42FB88
5050,0x42FC60,0x42FE0C,428,sub_42FC60
5051,0x42FE0C,0x42FF04,248,sub_42FE0C
5052,0x42FF04,0x4300B8,436,sub_42FF04
5053,0x4300B8,0x4301B8,256,sub_4300B8
5054,0x4301B8,0x430964,1964,sub_4301B8
5055,0x430964,0x4309CC,104,sub_430964
5056,0x4309CC,0x430C40,628,sub_4309CC
5057,0x430C40,0x430CD0,144,sub_430C40
5058,0x430CD0,0x430F44,628,sub_430CD0
5059,0x430F44,0x430FD4,144,sub_430F44
5060,0x430FD4,0x43126C,664,sub_430FD4
5061,0x43126C,0x431270,4,sub_43126C
5062,0x431270,0x431280,16,sub_431270
5063,0x431280,0x431294,20,sub_431280
5064,0x431294,0x4312A4,16,sub_431294
5065,0x4312A4,0x4312B8,20,sub_4312A4
5066,0x4312B8,0x4312C8,16,sub_4312B8
5067,0x4312C8,0x4312DC,20,sub_4312C8
5068,0x4312DC,0x4312EC,16,sub_4312DC
5069,0x4312EC,0x431300,20,sub_4312EC
5070,0x431300,0x431310,16,sub_431300
5071,0x431310,0x431320,16,sub_431310
5072,0x431320,0x431330,16,sub_431320
5073,0x431330,0x431340,16,sub_431330
5074,0x431340,0x431350,16,sub_431340
5075,0x431350,0x431364,20,sub_431350
5076,0x431364,0x431374,16,sub_431364
5077,0x431374,0x431388,20,sub_431374
5078,0x431388,0x431398,16,sub_431388
5079,0x431398,0x4313AC,20,sub_431398
5080,0x4313AC,0x431450,164,sub_4313AC
5081,0x431450,0x4314D0,128,sub_431450
5082,0x4314D0,0x431524,84,sub_4314D0
5083,0x431524,0x4316C8,420,sub_431524
5084,0x4316C8,0x431B58,1168,sub_4316C8
5085,0x431B58,0x432638,2784,sub_431B58
5086,0x432638,0x432644,12,sub_432638
5087,0x432644,0x43277C,312,sub_432644
5088,0x43277C,0x432920,420,sub_43277C
5089,0x432920,0x432924,4,sub_432920
5090,0x432924,0x432B94,624,sub_432924
5091,0x432B94,0x432D10,380,sub_432B94
5092,0x432D10,0x432DE0,208,sub_432D10
5093,0x432DE0,0x432E50,112,sub_432DE0
5094,0x432E50,0x43353C,1772,sub_432E50
5095,0x43353C,0x433780,580,sub_43353C
5096,0x433780,0x433B20,928,sub_433780
5097,0x433B20,0x433C2C,268,sub_433B20
5098,0x433C2C,0x433E94,616,sub_433C2C
5099,0x433E94,0x434990,2812,sub_433E94
5100,0x434990,0x434A1C,140,sub_434990
5101,0x434A1C,0x4356E4,3272,sub_434A1C
5102,0x4356E4,0x435A38,852,sub_4356E4
5103,0x435A38,0x435A3C,4,sub_435A38
5104,0x435A3C,0x435AE8,172,sub_435A3C
5105,0x435AE8,0x435B8C,164,sub_435AE8
5106,0x435B8C,0x4360CC,1344,sub_435B8C
5107,0x4360CC,0x4361C4,248,sub_4360CC
5108,0x4361C4,0x4362E0,284,sub_4361C4
5109,0x4362E0,0x436598,696,sub_4362E0
5110,0x436598,0x436640,168,sub_436598
5111,0x436640,0x436AB0,1136,sub_436640
5112,0x436AB0,0x436D34,644,sub_436AB0
5113,0x436D34,0x436E2C,248,sub_436D34
5114,0x436E2C,0x436EF8,204,sub_436E2C
5115,0x436EF8,0x436F50,88,sub_436EF8
5116,0x436F50,0x437384,1076,sub_436F50
5117,0x437384,0x437424,160,sub_437384
5118,0x437424,0x437658,564,sub_437424
5119,0x437658,0x438458,3584,sub_437658
5120,0x438458,0x4387CC,884,sub_438458
5121,0x4387CC,0x4389EC,544,sub_4387CC
5122,0x4389EC,0x438B14,296,sub_4389EC
5123,0x438B14,0x438B60,76,sub_438B14
5124,0x438B60,0x438C80,288,sub_438B60
5125,0x438C80,0x438CCC,76,sub_438C80
5126,0x438CCC,0x438D90,196,sub_438CCC
5127,0x438D90,0x43914C,956,sub_438D90
5128,0x43914C,0x43963C,1264,sub_43914C
5129,0x43963C,0x43993C,768,sub_43963C
5130,0x43993C,0x439A50,276,sub_43993C
5131,0x439A50,0x439BA8,344,sub_439A50
5132,0x439BA8,0x439D70,456,sub_439BA8
5133,0x439D70,0x43A52C,1980,sub_439D70
5134,0x43A52C,0x43AA30,1284,sub_43A52C
5135,0x43AA30,0x43AB88,344,sub_43AA30
5136,0x43AB88,0x43AC30,168,sub_43AB88
5137,0x43AC30,0x43AEE0,688,sub_43AC30
5138,0x43AEE0,0x43B068,392,sub_43AEE0
5139,0x43B068,0x43B1BC,340,sub_43B068
5140,0x43B1BC,0x43B35C,416,sub_43B1BC
5141,0x43B35C,0x43B7C8,1132,sub_43B35C
5142,0x43B7C8,0x43BDA4,1500,sub_43B7C8
5143,0x43BDA4,0x43BDFC,88,sub_43BDA4
5144,0x43BDFC,0x43BE80,132,sub_43BDFC
5145,0x43BE80,0x43C758,2264,sub_43BE80
5146,0x43C758,0x43CF28,2000,sub_43C758
5147,0x43CF28,0x43D0DC,436,sub_43CF28
5148,0x43D0DC,0x43D280,420,sub_43D0DC
5149,0x43D280,0x43D52C,684,sub_43D280
5150,0x43D52C,0x43D55C,48,sub_43D52C
5151,0x43D55C,0x43D590,52,sub_43D55C
5152,0x43D590,0x43D704,372,sub_43D590
5153,0x43D704,0x43E728,4132,sub_43D704
5154,0x43E728,0x43EC14,1260,sub_43E728
5155,0x43EC14,0x43EFD4,960,sub_43EC14
5156,0x43EFD4,0x43F1F4,544,sub_43EFD4
5157,0x43F1F4,0x43F8A0,1708,sub_43F1F4
5158,0x43F8A0,0x43FE14,1396,sub_43F8A0
5159,0x43FE14,0x43FF78,356,sub_43FE14
5160,0x43FF78,0x43FFAC,52,sub_43FF78
5161,0x43FFAC,0x4404CC,1312,sub_43FFAC
5162,0x4404CC,0x440584,184,sub_4404CC
5163,0x440584,0x440B34,1456,sub_440584
5164,0x440B34,0x4410D4,1440,sub_440B34
5165,0x4410D4,0x441638,1380,sub_4410D4
5166,0x441638,0x442114,2780,sub_441638
5167,0x442114,0x442720,1548,sub_442114
5168,0x442720,0x4427EC,204,sub_442720
5169,0x4427EC,0x442E38,1612,sub_4427EC
5170,0x442E38,0x442FD4,412,sub_442E38
5171,0x442FD4,0x442FDC,8,sub_442FD4
5172,0x442FDC,0x443560,1412,sub_442FDC
5173,0x443560,0x443578,24,sub_443560
5174,0x443578,0x44369C,292,sub_443578
5175,0x44369C,0x443CB0,1556,sub_44369C
5176,0x443CB0,0x443D88,216,sub_443CB0
5177,0x443D88,0x443EF4,364,sub_443D88
5178,0x443EF4,0x443FFC,264,sub_443EF4
5179,0x443FFC,0x4448B8,2236,sub_443FFC
5180,0x4448B8,0x4449D4,284,sub_4448B8
5181,0x4449D4,0x444A44,112,sub_4449D4
5182,0x444A44,0x444BF0,428,sub_444A44
5183,0x444BF0,0x444DEC,508,sub_444BF0
5184,0x444DEC,0x444E2C,64,sub_444DEC
5185,0x444E2C,0x444E70,68,sub_444E2C
5186,0x444E70,0x444FB8,328,sub_444E70
5187,0x444FB8,0x444FC8,16,sub_444FB8
5188,0x444FC8,0x4451C4,508,sub_444FC8
5189,0x4451C4,0x445204,64,sub_4451C4
5190,0x445204,0x445378,372,sub_445204
5191,0x445378,0x445424,172,sub_445378
5192,0x445424,0x4454B8,148,sub_445424
5193,0x4454B8,0x4454CC,20,sub_4454B8
5194,0x4454CC,0x4454E8,28,sub_4454CC
5195,0x4454E8,0x4454F4,12,sub_4454E8
5196,0x4454F4,0x445E00,2316,sub_4454F4
5197,0x445E00,0x445F00,256,sub_445E00
5198,0x445F00,0x446050,336,sub_445F00
5199,0x446050,0x4460F8,168,sub_446050
5200,0x4460F8,0x446480,904,sub_4460F8
5201,0x446480,0x446510,144,sub_446480
5202,0x446510,0x446520,16,sub_446510
5203,0x446520,0x44652C,12,sub_446520
5204,0x44652C,0x44653C,16,sub_44652C
5205,0x44653C,0x446550,20,sub_44653C
5206,0x446550,0x446560,16,sub_446550
5207,0x446560,0x446574,20,sub_446560
5208,0x446574,0x446584,16,sub_446574
5209,0x446584,0x446598,20,sub_446584
5210,0x446598,0x4465A8,16,sub_446598
5211,0x4465A8,0x4465BC,20,sub_4465A8
5212,0x4465BC,0x4465CC,16,sub_4465BC
5213,0x4465CC,0x4465E0,20,sub_4465CC
5214,0x4465E0,0x4465F0,16,sub_4465E0
5215,0x4465F0,0x446604,20,sub_4465F0
5216,0x446604,0x446614,16,sub_446604
5217,0x446614,0x4466B8,164,sub_446614
5218,0x4466B8,0x446740,136,sub_4466B8
5219,0x446740,0x446C50,1296,sub_446740
5220,0x446C50,0x446C5C,12,sub_446C50
5221,0x446C5C,0x446CF0,148,sub_446C5C
5222,0x446CF0,0x446D04,20,sub_446CF0
5223,0x446D04,0x446D14,16,sub_446D04
5224,0x446D14,0x446D28,20,sub_446D14
5225,0x446D28,0x446D38,16,sub_446D28
5226,0x446D38,0x446D4C,20,sub_446D38
5227,0x446D4C,0x446D5C,16,sub_446D4C
5228,0x446D5C,0x446D70,20,sub_446D5C
5229,0x446D70,0x446DC4,84,sub_446D70
5230,0x446DC4,0x446E7C,184,sub_446DC4
5231,0x446E7C,0x446EE0,100,sub_446E7C
5232,0x446EE0,0x447240,864,sub_446EE0
5233,0x447240,0x447504,708,sub_447240
5234,0x447504,0x447C98,1940,sub_447504
5235,0x447C98,0x449AF0,7768,sub_447C98
5236,0x449AF0,0x449B24,52,sub_449AF0
5237,0x449B24,0x44AA60,3900,sub_449B24
5238,0x44AA60,0x44AC3C,476,sub_44AA60
5239,0x44AC3C,0x44AC40,4,sub_44AC3C
5240,0x44AC40,0x44AC54,20,sub_44AC40
5241,0x44AC54,0x44B984,3376,sub_44AC54
5242,0x44B984,0x44BD4C,968,sub_44B984
5243,0x44BD4C,0x44BE24,216,sub_44BD4C
5244,0x44BE24,0x44C298,1140,sub_44BE24
5245,0x44C298,0x44C610,888,sub_44C298
5246,0x44C610,0x44C9D8,968,sub_44C610
5247,0x44C9D8,0x44CDC8,1008,sub_44C9D8
5248,0x44CDC8,0x44CEB8,240,sub_44CDC8
5249,0x44CEB8,0x44CED0,24,sub_44CEB8
5250,0x44CED0,0x44CEE8,24,sub_44CED0
5251,0x44CEE8,0x44D394,1196,sub_44CEE8
5252,0x44D394,0x44D45C,200,sub_44D394
5253,0x44D45C,0x44D55C,256,sub_44D45C
5254,0x44D55C,0x44D660,260,sub_44D55C
5255,0x44D660,0x44D8D4,628,sub_44D660
5256,0x44D8D4,0x44DBF8,804,sub_44D8D4
5257,0x44DBF8,0x44E32C,1844,sub_44DBF8
5258,0x44E32C,0x44E9E0,1716,sub_44E32C
5259,0x44E9E0,0x44EAB0,208,sub_44E9E0
5260,0x44EAB0,0x44EC98,488,sub_44EAB0
5261,0x44EC98,0x44ED14,124,sub_44EC98
5262,0x44ED14,0x44ED24,16,sub_44ED14
5263,0x44ED24,0x44ED38,20,sub_44ED24
5264,0x44ED38,0x44ED48,16,sub_44ED38
5265,0x44ED48,0x44ED54,12,sub_44ED48
5266,0x44ED54,0x44ED64,16,sub_44ED54
5267,0x44ED64,0x44ED78,20,sub_44ED64
5268,0x44ED78,0x44ED88,16,sub_44ED78
5269,0x44ED88,0x44ED9C,20,sub_44ED88
5270,0x44ED9C,0x44EDAC,16,sub_44ED9C
5271,0x44EDAC,0x44EDC0,20,sub_44EDAC
5272,0x44EDC0,0x44EDD0,16,sub_44EDC0
5273,0x44EDD0,0x44EDE4,20,sub_44EDD0
5274,0x44EDE4,0x44EDF4,16,sub_44EDE4
5275,0x44EDF4,0x44EE04,16,sub_44EDF4
5276,0x44EE04,0x44EE14,16,sub_44EE04
5277,0x44EE14,0x44EE24,16,sub_44EE14
5278,0x44EE24,0x44EE34,16,sub_44EE24
5279,0x44EE34,0x44EE44,16,sub_44EE34
5280,0x44EE44,0x44EE54,16,sub_44EE44
5281,0x44EE54,0x44EE68,20,sub_44EE54
5282,0x44EE68,0x44EE78,16,sub_44EE68
5283,0x44EE78,0x44EE8C,20,sub_44EE78
5284,0x44EE8C,0x44EE9C,16,sub_44EE8C
5285,0x44EE9C,0x44EEB0,20,sub_44EE9C
5286,0x44EEB0,0x44EEC0,16,sub_44EEB0
5287,0x44EEC0,0x44EED4,20,sub_44EEC0
5288,0x44EED4,0x44EEE4,16,sub_44EED4
5289,0x44EEE4,0x44EEF0,12,sub_44EEE4
5290,0x44EEF0,0x44EF00,16,sub_44EEF0
5291,0x44EF00,0x44EF14,20,sub_44EF00
5292,0x44EF14,0x44EF24,16,sub_44EF14
5293,0x44EF24,0x44EF38,20,sub_44EF24
5294,0x44EF38,0x44EF48,16,sub_44EF38
5295,0x44EF48,0x44EF58,16,sub_44EF48
5296,0x44EF58,0x44EF68,16,sub_44EF58
5297,0x44EF68,0x44EF78,16,sub_44EF68
5298,0x44EF78,0x44F094,284,sub_44EF78
5299,0x44F094,0x450530,5276,sub_44F094
5300,0x450530,0x450A60,1328,sub_450530
5301,0x450A60,0x451088,1576,sub_450A60
5302,0x451088,0x451098,16,sub_451088
5303,0x451098,0x4510AC,20,sub_451098
5304,0x4510AC,0x4510BC,16,sub_4510AC
5305,0x4510BC,0x4510D0,20,sub_4510BC
5306,0x4510D0,0x4510E0,16,sub_4510D0
5307,0x4510E0,0x4510F4,20,sub_4510E0
5308,0x4510F4,0x451104,16,sub_4510F4
5309,0x451104,0x451118,20,sub_451104
5310,0x451118,0x451128,16,sub_451118
5311,0x451128,0x45113C,20,sub_451128
5312,0x45113C,0x4511B8,124,sub_45113C
5313,0x4511B8,0x451E2C,3188,sub_4511B8
5314,0x451E2C,0x451E7C,80,sub_451E2C
5315,0x451E7C,0x452100,644,sub_451E7C
5316,0x452100,0x452580,1152,sub_452100
5317,0x452580,0x452680,256,sub_452580
5318,0x452680,0x45275C,220,sub_452680
5319,0x45275C,0x452A94,824,sub_45275C
5320,0x452A94,0x452AF8,100,sub_452A94
5321,0x452AF8,0x452B74,124,sub_452AF8
5322,0x452B74,0x452CC4,336,sub_452B74
5323,0x452CC4,0x452D20,92,sub_452CC4
5324,0x452D20,0x452DA8,136,sub_452D20
5325,0x452DA8,0x4530B0,776,sub_452DA8
5326,0x4530B0,0x453134,132,sub_4530B0
5327,0x453134,0x453180,76,sub_453134
5328,0x453180,0x45334C,460,sub_453180
5329,0x45334C,0x4534A0,340,sub_45334C
5330,0x4534A0,0x453850,944,sub_4534A0
5331,0x453850,0x453E60,1552,sub_453850
5332,0x453E60,0x453E9C,60,sub_453E60
5333,0x453E9C,0x453ED8,60,sub_453E9C
5334,0x453ED8,0x453F64,140,sub_453ED8
5335,0x453F64,0x453FA0,60,sub_453F64
5336,0x453FA0,0x45466C,1740,sub_453FA0
5337,0x45466C,0x4546A8,60,sub_45466C
5338,0x4546A8,0x4549A0,760,sub_4546A8
5339,0x4549A0,0x454B04,356,sub_4549A0
5340,0x454B04,0x454CAC,424,sub_454B04
5341,0x454CAC,0x454E24,376,sub_454CAC
5342,0x454E24,0x454EA0,124,sub_454E24
5343,0x454EA0,0x454EB4,20,sub_454EA0
5344,0x454EB4,0x454EC4,16,sub_454EB4
5345,0x454EC4,0x454ED8,20,sub_454EC4
5346,0x454ED8,0x454EE8,16,sub_454ED8
5347,0x454EE8,0x454EFC,20,sub_454EE8
5348,0x454EFC,0x454F0C,16,sub_454EFC
5349,0x454F0C,0x454F20,20,sub_454F0C
5350,0x454F20,0x454F30,16,sub_454F20
5351,0x454F30,0x454F44,20,sub_454F30
5352,0x454F44,0x454F54,16,sub_454F44
5353,0x454F54,0x454F68,20,sub_454F54
5354,0x454F68,0x454F78,16,sub_454F68
5355,0x454F78,0x454F8C,20,sub_454F78
5356,0x454F8C,0x454F9C,16,sub_454F8C
5357,0x454F9C,0x454FB0,20,sub_454F9C
5358,0x454FB0,0x454FC0,16,sub_454FB0
5359,0x454FC0,0x454FD4,20,sub_454FC0
5360,0x454FD4,0x454FE4,16,sub_454FD4
5361,0x454FE4,0x454FF0,12,sub_454FE4
5362,0x454FF0,0x455000,16,sub_454FF0
5363,0x455000,0x455010,16,sub_455000
5364,0x455010,0x455020,16,sub_455010
5365,0x455020,0x455030,16,sub_455020
5366,0x455030,0x4550FC,204,sub_455030
5367,0x4550FC,0x455264,360,sub_4550FC
5368,0x455264,0x4552A8,68,sub_455264
5369,0x4552A8,0x4552E4,60,sub_4552A8
5370,0x4552E4,0x455388,164,sub_4552E4
5371,0x455388,0x45542C,164,sub_455388
5372,0x45542C,0x4554A4,120,sub_45542C
5373,0x4554A4,0x45551C,120,sub_4554A4
5374,0x45551C,0x4555C4,168,sub_45551C
5375,0x4555C4,0x455668,164,sub_4555C4
5376,0x455668,0x4556E4,124,sub_455668
5377,0x4556E4,0x45575C,120,sub_4556E4
5378,0x45575C,0x455804,168,sub_45575C
5379,0x455804,0x455880,124,sub_455804
5380,0x455880,0x455890,16,sub_455880
5381,0x455890,0x45592C,156,sub_455890
5382,0x45592C,0x45593C,16,sub_45592C
5383,0x45593C,0x45594C,16,sub_45593C
5384,0x45594C,0x4559C4,120,sub_45594C
5385,0x4559C4,0x455A3C,120,sub_4559C4
5386,0x455A3C,0x455AB4,120,sub_455A3C
5387,0x455AB4,0x455AD0,28,sub_455AB4
5388,0x455AD0,0x455B70,160,sub_455AD0
5389,0x455B70,0x455B90,32,sub_455B70
5390,0x455B90,0x455BAC,28,sub_455B90
5391,0x455BAC,0x455BCC,32,sub_455BAC
5392,0x455BCC,0x455BE8,28,sub_455BCC
5393,0x455BE8,0x455C08,32,sub_455BE8
5394,0x455C08,0x455C84,124,sub_455C08
5395,0x455C84,0x455D00,124,sub_455C84
5396,0x455D00,0x455D7C,124,sub_455D00
5397,0x455D7C,0x455DF8,124,sub_455D7C
5398,0x455DF8,0x455E74,124,sub_455DF8
5399,0x455E74,0x455EF0,124,sub_455E74
5400,0x455EF0,0x455F0C,28,sub_455EF0
5401,0x455F0C,0x455F2C,32,sub_455F0C
5402,0x455F2C,0x455F3C,16,sub_455F2C
5403,0x455F3C,0x455FB8,124,sub_455F3C
5404,0x455FB8,0x456034,124,sub_455FB8
5405,0x456034,0x4560AC,120,sub_456034
5406,0x4560AC,0x4561AC,256,sub_4560AC
5407,0x4561AC,0x456458,684,sub_4561AC
5408,0x456458,0x456704,684,sub_456458
5409,0x456704,0x4569B4,688,sub_456704
5410,0x4569B4,0x456C90,732,sub_4569B4
5411,0x456C90,0x456EB4,548,sub_456C90
5412,0x456EB4,0x4570D8,548,sub_456EB4
5413,0x4570D8,0x45738C,692,sub_4570D8
5414,0x45738C,0x4573A0,20,sub_45738C
5415,0x4573A0,0x4573D0,48,sub_4573A0
5416,0x4573D0,0x457518,328,sub_4573D0
5417,0x457518,0x4578A4,908,sub_457518
5418,0x4578A4,0x457A24,384,sub_4578A4
5419,0x457A24,0x457B70,332,sub_457A24
5420,0x457B70,0x457E6C,764,sub_457B70
5421,0x457E6C,0x458864,2552,sub_457E6C
5422,0x458864,0x458F44,1760,sub_458864
5423,0x458F44,0x459490,1356,sub_458F44
5424,0x459490,0x4596F0,608,sub_459490
5425,0x4596F0,0x459AF0,1024,sub_4596F0
5426,0x459AF0,0x459B80,144,sub_459AF0
5427,0x459B80,0x459C60,224,sub_459B80
5428,0x459C60,0x459E50,496,sub_459C60
5429,0x459E50,0x459EB4,100,sub_459E50
5430,0x459EB4,0x459F20,108,sub_459EB4
5431,0x459F20,0x459FFC,220,sub_459F20
5432,0x459FFC,0x45A004,8,sub_459FFC
5433,0x45A004,0x45A20C,520,sub_45A004
5434,0x45A20C,0x45A234,40,sub_45A20C
5435,0x45A234,0x45A284,80,sub_45A234
5436,0x45A284,0x45A29C,24,sub_45A284
5437,0x45A29C,0x45A4B8,540,sub_45A29C
5438,0x45A4B8,0x45A510,88,sub_45A4B8
5439,0x45A510,0x45A770,608,sub_45A510
5440,0x45A770,0x45A81C,172,sub_45A770
5441,0x45A81C,0x45A82C,16,sub_45A81C
5442,0x45A82C,0x45A83C,16,sub_45A82C
5443,0x45A83C,0x45A84C,16,sub_45A83C
5444,0x45A84C,0x45A85C,16,sub_45A84C
5445,0x45A85C,0x45A870,20,sub_45A85C
5446,0x45A870,0x45A880,16,sub_45A870
5447,0x45A880,0x45A894,20,sub_45A880
5448,0x45A894,0x45A8A4,16,sub_45A894
5449,0x45A8A4,0x45A8B8,20,sub_45A8A4
5450,0x45A8B8,0x45A8C8,16,sub_45A8B8
5451,0x45A8C8,0x45A8D8,16,sub_45A8C8
5452,0x45A8D8,0x45A8E8,16,sub_45A8D8
5453,0x45A8E8,0x45A8F8,16,sub_45A8E8
5454,0x45A8F8,0x45A960,104,sub_45A8F8
5455,0x45A960,0x45A974,20,sub_45A960
5456,0x45A974,0x45A984,16,sub_45A974
5457,0x45A984,0x45A998,20,sub_45A984
5458,0x45A998,0x45A9AC,20,sub_45A998
5459,0x45A9AC,0x45A9C0,20,sub_45A9AC
5460,0x45A9C0,0x45A9C4,4,sub_45A9C0
5461,0x45A9C4,0x45ACD0,780,sub_45A9C4
5462,0x45ACD0,0x45AD0C,60,sub_45ACD0
5463,0x45AD0C,0x45B168,1116,sub_45AD0C
5464,0x45B168,0x45B40C,676,sub_45B168
5465,0x45B40C,0x45B538,300,sub_45B40C
5466,0x45B538,0x45B744,524,sub_45B538
5467,0x45B744,0x45BB00,956,sub_45B744
5468,0x45BB00,0x45BB5C,92,sub_45BB00
5469,0x45BB5C,0x45BC4C,240,sub_45BB5C
5470,0x45BC4C,0x45BCBC,112,sub_45BC4C
5471,0x45BCBC,0x45BE28,364,sub_45BCBC
5472,0x45BE28,0x45C304,1244,sub_45BE28
5473,0x45C304,0x45CA20,1820,sub_45C304
5474,0x45CA20,0x45D1E8,1992,sub_45CA20
5475,0x45D1E8,0x45D7C8,1504,sub_45D1E8
5476,0x45D7C8,0x45DFD4,2060,sub_45D7C8
5477,0x45DFD4,0x45E2D8,772,sub_45DFD4
5478,0x45E2D8,0x45E458,384,sub_45E2D8
5479,0x45E458,0x45E720,712,sub_45E458
5480,0x45E720,0x45E7D0,176,sub_45E720
5481,0x45E7D0,0x45E7D8,8,sub_45E7D0
5482,0x45E7D8,0x45E960,392,sub_45E7D8
5483,0x45E960,0x45E968,8,sub_45E960
5484,0x45E968,0x45EC80,792,sub_45E968
5485,0x45EC80,0x45EC98,24,sub_45EC80
5486,0x45EC98,0x45ECAC,20,sub_45EC98
5487,0x45ECAC,0x45ECC0,20,sub_45ECAC
5488,0x45ECC0,0x45ECD4,20,sub_45ECC0
5489,0x45ECD4,0x45ECF8,36,sub_45ECD4
5490,0x45ECF8,0x45ED0C,20,sub_45ECF8
5491,0x45ED0C,0x45ED20,20,sub_45ED0C
5492,0x45ED20,0x45ED34,20,sub_45ED20
5493,0x45ED34,0x45ED48,20,sub_45ED34
5494,0x45ED48,0x45ED5C,20,sub_45ED48
5495,0x45ED5C,0x45ED70,20,sub_45ED5C
5496,0x45ED70,0x45ED84,20,sub_45ED70
5497,0x45ED84,0x45ED98,20,sub_45ED84
5498,0x45ED98,0x45EDAC,20,sub_45ED98
5499,0x45EDAC,0x45EDD0,36,sub_45EDAC
5500,0x45EDD0,0x45EDE4,20,sub_45EDD0
5501,0x45EDE4,0x45EDF8,20,sub_45EDE4
5502,0x45EDF8,0x45EE0C,20,sub_45EDF8
5503,0x45EE0C,0x45EE20,20,sub_45EE0C
5504,0x45EE20,0x45EE34,20,sub_45EE20
5505,0x45EE34,0x45EE48,20,sub_45EE34
5506,0x45EE48,0x45EE5C,20,sub_45EE48
5507,0x45EE5C,0x45EE70,20,sub_45EE5C
5508,0x45EE70,0x45EE84,20,sub_45EE70
5509,0x45EE84,0x45EE98,20,sub_45EE84
5510,0x45EE98,0x45EEAC,20,sub_45EE98
5511,0x45EEAC,0x45EEC0,20,sub_45EEAC
5512,0x45EEC0,0x45EED4,20,sub_45EEC0
5513,0x45EED4,0x45EEE8,20,sub_45EED4
5514,0x45EEE8,0x45EEFC,20,sub_45EEE8
5515,0x45EEFC,0x45EF10,20,sub_45EEFC
5516,0x45EF10,0x45EF24,20,sub_45EF10
5517,0x45EF24,0x45EF38,20,sub_45EF24
5518,0x45EF38,0x45EF4C,20,sub_45EF38
5519,0x45EF4C,0x45EF60,20,sub_45EF4C
5520,0x45EF60,0x45EF74,20,sub_45EF60
5521,0x45EF74,0x45EF88,20,sub_45EF74
5522,0x45EF88,0x45EF9C,20,sub_45EF88
5523,0x45EF9C,0x45EFB0,20,sub_45EF9C
5524,0x45EFB0,0x45EFC4,20,sub_45EFB0
5525,0x45EFC4,0x45EFD8,20,sub_45EFC4
5526,0x45EFD8,0x45EFEC,20,sub_45EFD8
5527,0x45EFEC,0x45F000,20,sub_45EFEC
5528,0x45F000,0x45F014,20,sub_45F000
5529,0x45F014,0x45F028,20,sub_45F014
5530,0x45F028,0x45F03C,20,sub_45F028
5531,0x45F03C,0x45F060,36,sub_45F03C
5532,0x45F060,0x45F084,36,sub_45F060
5533,0x45F084,0x45F0A8,36,sub_45F084
5534,0x45F0A8,0x45F0BC,20,sub_45F0A8
5535,0x45F0BC,0x45F224,360,sub_45F0BC
5536,0x45F224,0x45F450,556,sub_45F224
5537,0x45F450,0x45F774,804,sub_45F450
5538,0x45F774,0x45F788,20,sub_45F774
5539,0x45F788,0x45F79C,20,sub_45F788
5540,0x45F79C,0x45F7B0,20,sub_45F79C
5541,0x45F7B0,0x45F7C4,20,sub_45F7B0
5542,0x45F7C4,0x45F7D8,20,sub_45F7C4
5543,0x45F7D8,0x45F7EC,20,sub_45F7D8
5544,0x45F7EC,0x45F800,20,sub_45F7EC
5545,0x45F800,0x45F814,20,sub_45F800
5546,0x45F814,0x45F828,20,sub_45F814
5547,0x45F828,0x45F83C,20,sub_45F828
5548,0x45F83C,0x45F850,20,sub_45F83C
5549,0x45F850,0x45F864,20,sub_45F850
5550,0x45F864,0x45F878,20,sub_45F864
5551,0x45F878,0x45F88C,20,sub_45F878
5552,0x45F88C,0x45F8A0,20,sub_45F88C
5553,0x45F8A0,0x45F8B4,20,sub_45F8A0
5554,0x45F8B4,0x45F8C8,20,sub_45F8B4
5555,0x45F8C8,0x45F8DC,20,sub_45F8C8
5556,0x45F8DC,0x45F8F0,20,sub_45F8DC
5557,0x45F8F0,0x45F904,20,sub_45F8F0
5558,0x45F904,0x45F918,20,sub_45F904
5559,0x45F918,0x45F92C,20,sub_45F918
5560,0x45F92C,0x45F940,20,sub_45F92C
5561,0x45F940,0x45F954,20,sub_45F940
5562,0x45F954,0x45F968,20,sub_45F954
5563,0x45F968,0x45F97C,20,sub_45F968
5564,0x45F97C,0x45F990,20,sub_45F97C
5565,0x45F990,0x45F9A4,20,sub_45F990
5566,0x45F9A4,0x45F9B8,20,sub_45F9A4
5567,0x45F9B8,0x45F9CC,20,sub_45F9B8
5568,0x45F9CC,0x45F9E0,20,sub_45F9CC
5569,0x45F9E0,0x45F9F4,20,sub_45F9E0
5570,0x45F9F4,0x45FA08,20,sub_45F9F4
5571,0x45FA08,0x45FA1C,20,sub_45FA08
5572,0x45FA1C,0x45FA40,36,sub_45FA1C
5573,0x45FA40,0x45FA64,36,sub_45FA40
5574,0x45FA64,0x45FA88,36,sub_45FA64
5575,0x45FA88,0x45FA9C,20,sub_45FA88
5576,0x45FA9C,0x45FAB0,20,sub_45FA9C
5577,0x45FAB0,0x45FAC4,20,sub_45FAB0
5578,0x45FAC4,0x45FAD8,20,sub_45FAC4
5579,0x45FAD8,0x45FAEC,20,sub_45FAD8
5580,0x45FAEC,0x45FB00,20,sub_45FAEC
5581,0x45FB00,0x45FB24,36,sub_45FB00
5582,0x45FB24,0x45FB38,20,sub_45FB24
5583,0x45FB38,0x45FB4C,20,sub_45FB38
5584,0x45FB4C,0x45FB60,20,sub_45FB4C
5585,0x45FB60,0x45FB80,32,sub_45FB60
5586,0x45FB80,0x45FBA4,36,sub_45FB80
5587,0x45FBA4,0x45FBB8,20,sub_45FBA4
5588,0x45FBB8,0x45FBCC,20,sub_45FBB8
5589,0x45FBCC,0x45FBE0,20,sub_45FBCC
5590,0x45FBE0,0x45FC04,36,sub_45FBE0
5591,0x45FC04,0x45FC18,20,sub_45FC04
5592,0x45FC18,0x45FC2C,20,sub_45FC18
5593,0x45FC2C,0x45FC40,20,sub_45FC2C
5594,0x45FC40,0x45FC54,20,sub_45FC40
5595,0x45FC54,0x45FC68,20,sub_45FC54
5596,0x45FC68,0x45FC8C,36,sub_45FC68
5597,0x45FC8C,0x45FCA0,20,sub_45FC8C
5598,0x45FCA0,0x45FCB4,20,sub_45FCA0
5599,0x45FCB4,0x45FCC8,20,sub_45FCB4
5600,0x45FCC8,0x45FCDC,20,sub_45FCC8
5601,0x45FCDC,0x45FCF0,20,sub_45FCDC
5602,0x45FCF0,0x45FD04,20,sub_45FCF0
5603,0x45FD04,0x45FD18,20,sub_45FD04
5604,0x45FD18,0x45FD2C,20,sub_45FD18
5605,0x45FD2C,0x45FD50,36,sub_45FD2C
5606,0x45FD50,0x45FD64,20,sub_45FD50
5607,0x45FD64,0x45FD78,20,sub_45FD64
5608,0x45FD78,0x45FD8C,20,sub_45FD78
5609,0x45FD8C,0x45FDA0,20,sub_45FD8C
5610,0x45FDA0,0x45FDB4,20,sub_45FDA0
5611,0x45FDB4,0x45FDC8,20,sub_45FDB4
5612,0x45FDC8,0x45FDDC,20,sub_45FDC8
5613,0x45FDDC,0x45FDF0,20,sub_45FDDC
5614,0x45FDF0,0x45FE14,36,sub_45FDF0
5615,0x45FE14,0x45FE28,20,sub_45FE14
5616,0x45FE28,0x45FE3C,20,sub_45FE28
5617,0x45FE3C,0x45FE50,20,sub_45FE3C
5618,0x45FE50,0x45FE64,20,sub_45FE50
5619,0x45FE64,0x45FE78,20,sub_45FE64
5620,0x45FE78,0x45FE8C,20,sub_45FE78
5621,0x45FE8C,0x45FEA0,20,sub_45FE8C
5622,0x45FEA0,0x45FEB4,20,sub_45FEA0
5623,0x45FEB4,0x45FED8,36,sub_45FEB4
5624,0x45FED8,0x45FEFC,36,sub_45FED8
5625,0x45FEFC,0x45FF20,36,sub_45FEFC
5626,0x45FF20,0x45FF44,36,sub_45FF20
5627,0x45FF44,0x45FF68,36,sub_45FF44
5628,0x45FF68,0x45FF7C,20,sub_45FF68
5629,0x45FF7C,0x45FF90,20,sub_45FF7C
5630,0x45FF90,0x45FFB4,36,sub_45FF90
5631,0x45FFB4,0x45FFD8,36,sub_45FFB4
5632,0x45FFD8,0x45FFEC,20,sub_45FFD8
5633,0x45FFEC,0x460010,36,sub_45FFEC
5634,0x460010,0x460034,36,sub_460010
5635,0x460034,0x460058,36,sub_460034
5636,0x460058,0x46006C,20,sub_460058
5637,0x46006C,0x460080,20,sub_46006C
5638,0x460080,0x460094,20,sub_460080
5639,0x460094,0x4600A8,20,sub_460094
5640,0x4600A8,0x4600BC,20,sub_4600A8
5641,0x4600BC,0x4600D0,20,sub_4600BC
5642,0x4600D0,0x4600E4,20,sub_4600D0
5643,0x4600E4,0x4600F8,20,sub_4600E4
5644,0x4600F8,0x46010C,20,sub_4600F8
5645,0x46010C,0x460120,20,sub_46010C
5646,0x460120,0x460134,20,sub_460120
5647,0x460134,0x460158,36,sub_460134
5648,0x460158,0x46016C,20,sub_460158
5649,0x46016C,0x460180,20,sub_46016C
5650,0x460180,0x4601A4,36,sub_460180
5651,0x4601A4,0x4601B8,20,sub_4601A4
5652,0x4601B8,0x4601CC,20,sub_4601B8
5653,0x4601CC,0x4601E0,20,sub_4601CC
5654,0x4601E0,0x4601F4,20,sub_4601E0
5655,0x4601F4,0x460208,20,sub_4601F4
5656,0x460208,0x46021C,20,sub_460208
5657,0x46021C,0x460230,20,sub_46021C
5658,0x460230,0x460244,20,sub_460230
5659,0x460244,0x460258,20,sub_460244
5660,0x460258,0x46026C,20,sub_460258
5661,0x46026C,0x460280,20,sub_46026C
5662,0x460280,0x460294,20,sub_460280
5663,0x460294,0x4602A8,20,sub_460294
5664,0x4602A8,0x4602BC,20,sub_4602A8
5665,0x4602BC,0x4602D0,20,sub_4602BC
5666,0x4602D0,0x4602E4,20,sub_4602D0
5667,0x4602E4,0x460308,36,sub_4602E4
5668,0x460308,0x46032C,36,sub_460308
5669,0x46032C,0x460340,20,sub_46032C
5670,0x460340,0x460354,20,sub_460340
5671,0x460354,0x460368,20,sub_460354
5672,0x460368,0x46037C,20,sub_460368
5673,0x46037C,0x460390,20,sub_46037C
5674,0x460390,0x4603A4,20,sub_460390
5675,0x4603A4,0x4603B8,20,sub_4603A4
5676,0x4603B8,0x4603CC,20,sub_4603B8
5677,0x4603CC,0x46045C,144,sub_4603CC
5678,0x46045C,0x4604EC,144,sub_46045C
5679,0x4604EC,0x460510,36,sub_4604EC
5680,0x460510,0x460524,20,sub_460510
5681,0x460524,0x460538,20,sub_460524
5682,0x460538,0x46055C,36,sub_460538
5683,0x46055C,0x460570,20,sub_46055C
5684,0x460570,0x460584,20,sub_460570
5685,0x460584,0x460598,20,sub_460584
5686,0x460598,0x4605AC,20,sub_460598
5687,0x4605AC,0x4605C0,20,sub_4605AC
5688,0x4605C0,0x4605D4,20,sub_4605C0
5689,0x4605D4,0x4605E8,20,sub_4605D4
5690,0x4605E8,0x4605FC,20,sub_4605E8
5691,0x4605FC,0x460620,36,sub_4605FC
5692,0x460620,0x460644,36,sub_460620
5693,0x460644,0x460658,20,sub_460644
5694,0x460658,0x46066C,20,sub_460658
5695,0x46066C,0x4606F4,136,sub_46066C
5696,0x4606F4,0x46077C,136,sub_4606F4
5697,0x46077C,0x460804,136,sub_46077C
5698,0x460804,0x460880,124,sub_460804
5699,0x460880,0x460900,128,sub_460880
5700,0x460900,0x46097C,124,sub_460900
5701,0x46097C,0x4609F8,124,sub_46097C
5702,0x4609F8,0x460A74,124,sub_4609F8
5703,0x460A74,0x460A98,36,sub_460A74
5704,0x460A98,0x460ABC,36,sub_460A98
5705,0x460ABC,0x460AE0,36,sub_460ABC
5706,0x460AE0,0x460AF4,20,sub_460AE0
5707,0x460AF4,0x460B08,20,sub_460AF4
5708,0x460B08,0x460B1C,20,sub_460B08
5709,0x460B1C,0x460B30,20,sub_460B1C
5710,0x460B30,0x460B44,20,sub_460B30
5711,0x460B44,0x460B58,20,sub_460B44
5712,0x460B58,0x460B7C,36,sub_460B58
5713,0x460B7C,0x460BA0,36,sub_460B7C
5714,0x460BA0,0x460BB4,20,sub_460BA0
5715,0x460BB4,0x460BC8,20,sub_460BB4
5716,0x460BC8,0x460BDC,20,sub_460BC8
5717,0x460BDC,0x460BF0,20,sub_460BDC
5718,0x460BF0,0x460C04,20,sub_460BF0
5719,0x460C04,0x460C18,20,sub_460C04
5720,0x460C18,0x460C2C,20,sub_460C18
5721,0x460C2C,0x460C40,20,sub_460C2C
5722,0x460C40,0x460C64,36,sub_460C40
5723,0x460C64,0x460C78,20,sub_460C64
5724,0x460C78,0x460C8C,20,sub_460C78
5725,0x460C8C,0x460CA0,20,sub_460C8C
5726,0x460CA0,0x460CB4,20,sub_460CA0
5727,0x460CB4,0x460D34,128,sub_460CB4
5728,0x460D34,0x460DB4,128,sub_460D34
5729,0x460DB4,0x460E34,128,sub_460DB4
5730,0x460E34,0x460EB4,128,sub_460E34
5731,0x460EB4,0x460EC8,20,sub_460EB4
5732,0x460EC8,0x460EDC,20,sub_460EC8
5733,0x460EDC,0x460EF0,20,sub_460EDC
5734,0x460EF0,0x461024,308,sub_460EF0
5735,0x461024,0x461178,340,sub_461024
5736,0x461178,0x4611E8,112,sub_461178
5737,0x4611E8,0x461340,344,sub_4611E8
5738,0x461340,0x4613B0,112,sub_461340
5739,0x4613B0,0x4613C4,20,sub_4613B0
5740,0x4613C4,0x4613D8,20,sub_4613C4
5741,0x4613D8,0x4613EC,20,sub_4613D8
5742,0x4613EC,0x461400,20,sub_4613EC
5743,0x461400,0x461414,20,sub_461400
5744,0x461414,0x461428,20,sub_461414
5745,0x461428,0x46143C,20,sub_461428
5746,0x46143C,0x461440,4,sub_46143C
5747,0x461440,0x461458,24,sub_461440
5748,0x461458,0x462458,4096,sub_461458
