file	line	text
smali\androidx\activity\ComponentActivity.smali	2724	    sget-object v1, Landroidx/lifecycle/飘花落叶言子苏楪哲世兰;->飘花落叶言子楪世苏哲兰:Lio/ktor/client/plugins/api/飘花落叶言子楪世苏兰哲;
smali\androidx\activity\ComponentActivity.smali	2774	    sget-object v1, Landroidx/lifecycle/飘花落叶言子苏楪哲世兰;->飘花落叶言子楪世哲苏兰:Lio/ktor/client/plugins/api/飘花落叶言子楪世苏兰哲;
smali\androidx\activity\compose\飘花落叶言子楪世哲兰苏.smali	1399	    new-instance v2, Ltop/suzhelan/qstory/ui/components/飘花落叶言子楪苏兰哲世;
smali\androidx\activity\compose\飘花落叶言子楪世哲兰苏.smali	1403	    invoke-direct {v2, v4, v0}, Ltop/suzhelan/qstory/ui/components/飘花落叶言子楪苏兰哲世;-><init>(ILjava/util/List;)V
smali\androidx\activity\compose\飘花落叶言子楪世哲兰苏.smali	1408	    new-instance v5, Ltop/suzhelan/qstory/ui/components/飘花落叶言子楪哲兰世苏;
smali\androidx\activity\compose\飘花落叶言子楪世哲兰苏.smali	1412	    invoke-direct {v5, v0, p0}, Ltop/suzhelan/qstory/ui/components/飘花落叶言子楪哲兰世苏;-><init>(Ljava/util/List;L飘花落叶言世子哲兰苏楪/飘花落叶言子楪苏兰哲世;)V
smali\androidx\appcompat\app\飘花落叶言子楪哲苏世兰.smali	418	    sget-object v2, Landroidx/profileinstaller/飘花落叶言子楪世兰哲苏;->飘花落叶言子楪世苏哲兰:Lio/ktor/client/plugins/api/飘花落叶言子楪世苏兰哲;
smali\androidx\appcompat\app\飘花落叶言子苏楪哲兰世.smali	119	    new-instance p1, Lio/ktor/client/plugins/api/飘花落叶言子楪世苏兰哲;
smali\androidx\appcompat\app\飘花落叶言子苏楪哲兰世.smali	1235	    invoke-static {v5, v0}, Llin/xposed/hook/javaplugin/飘花落叶言子楪世苏哲兰;->飘花落叶言子楪世哲兰苏(ILjava/lang/String;)V
smali\androidx\compose\animation\core\飘花落叶言子世兰楪苏哲.smali	49	    new-instance p0, Lio/ktor/client/plugins/api/飘花落叶言子楪世苏兰哲;
smali\androidx\compose\animation\core\飘花落叶言子世兰楪苏哲.smali	61	    new-instance p0, Lio/ktor/client/plugins/api/飘花落叶言子楪世苏兰哲;
smali\androidx\compose\animation\core\飘花落叶言子哲楪苏世兰.smali	1265	    invoke-static {v0, p4}, Lio/ktor/client/plugins/飘花落叶言子楪哲兰苏世;->飘花落叶言子楪兰苏哲世(L飘花落叶言世楪兰苏子哲/飘花落叶言子楪苏世哲兰;I)Lkotlin/reflect/jvm/internal/impl/name/飘花落叶言子楪世苏兰哲;
smali\androidx\compose\animation\core\飘花落叶言子哲楪苏世兰.smali	1358	    invoke-static {v4, v3}, Lio/ktor/client/plugins/飘花落叶言子楪哲兰苏世;->飘花落叶言子世楪苏哲兰(L飘花落叶言世楪兰苏子哲/飘花落叶言子楪苏世哲兰;I)Lkotlin/reflect/jvm/internal/impl/name/飘花落叶言子楪苏世哲兰;
smali\androidx\compose\animation\core\飘花落叶言子苏哲兰楪世.smali	417	    sget-object v3, Ltop/suzhelan/qstory/ui/components/飘花落叶言子楪世苏哲兰;->飘花落叶言子楪世哲兰苏:Landroidx/compose/runtime/internal/飘花落叶言子楪世兰苏哲;
smali\androidx\compose\animation\core\飘花落叶言子苏哲兰楪世.smali	513	    invoke-static/range {v7 .. v13}, Ltop/suzhelan/qstory/ui/components/飘花落叶言子楪世苏哲兰;->飘花落叶言子楪苏哲兰世(Ljava/lang/String;Ljava/lang/String;L飘花落叶言世子哲兰苏楪/飘花落叶言子楪世苏哲兰;L飘花落叶言世子哲兰苏楪/飘花落叶言子楪世苏哲兰;L飘花落叶言世子哲兰苏楪/飘花落叶言子楪世苏哲兰;Landroidx/compose/runtime/飘花落叶言子楪苏哲世兰;I)V
smali\androidx\compose\foundation\飘花落叶言子楪兰苏世哲.smali	211	    check-cast v1, Ltop/suzhelan/plugin/sdk/online/presenter/飘花落叶言子楪世苏兰哲;
smali\androidx\compose\foundation\飘花落叶言子楪兰苏世哲.smali	223	    invoke-virtual {v1, v2, v3}, Ltop/suzhelan/plugin/sdk/online/presenter/飘花落叶言子楪世苏兰哲;->飘花落叶言子楪世苏兰哲(Ljava/lang/String;L飘花落叶言世子哲兰苏楪/飘花落叶言子楪苏兰哲世;)Lkotlinx/coroutines/飘花落叶言子哲楪兰世苏;
smali\androidx\compose\foundation\飘花落叶言子楪兰苏世哲.smali	729	    invoke-static {v0, v11, v2, v1}, Ltop/suzhelan/qstory/ui/components/飘花落叶言子楪世苏哲兰;->飘花落叶言子楪世苏兰哲(L飘花落叶言世兰楪苏子哲/飘花落叶言子楪哲苏兰世;L飘花落叶言世子哲兰苏楪/飘花落叶言子楪世苏哲兰;Landroidx/compose/runtime/飘花落叶言子楪苏哲世兰;I)V
smali\androidx\compose\foundation\飘花落叶言子楪哲苏兰世.smali	2185	    iget-object v9, v0, Landroidx/compose/foundation/lazy/grid/飘花落叶言子楪世苏兰哲;->飘花落叶言子楪世苏哲兰:Lio/ktor/client/plugins/api/飘花落叶言子楪世苏兰哲;
smali\androidx\compose\foundation\draganddrop\飘花落叶言子楪世苏哲兰.smali	486	    check-cast v2, Ltop/suzhelan/qstory/hook/item/mcp/config/飘花落叶言子楪世兰苏哲;
smali\androidx\compose\foundation\draganddrop\飘花落叶言子楪世苏哲兰.smali	490	    iget-boolean v2, v2, Ltop/suzhelan/qstory/hook/item/mcp/config/飘花落叶言子楪世兰苏哲;->飘花落叶言子楪世哲兰苏:Z
smali\androidx\compose\foundation\draganddrop\飘花落叶言子楪世苏哲兰.smali	5021	    new-instance v11, Lio/ktor/client/plugins/api/飘花落叶言子楪世苏兰哲;
smali\androidx\compose\foundation\layout\飘花落叶言子楪哲兰世苏.smali	198	    new-instance v3, Ltop/suzhelan/qstory/ui/components/飘花落叶言子楪世哲苏兰;
smali\androidx\compose\foundation\layout\飘花落叶言子楪哲兰世苏.smali	205	    invoke-direct {v3, v8, v4}, Ltop/suzhelan/qstory/ui/components/飘花落叶言子楪世哲苏兰;-><init>(BI)V
smali\androidx\compose\foundation\layout\飘花落叶言子楪哲兰世苏.smali	234	    new-instance v3, Ltop/suzhelan/qstory/ui/components/飘花落叶言子楪苏兰哲世;
smali\androidx\compose\foundation\layout\飘花落叶言子楪哲兰世苏.smali	238	    invoke-direct {v3, v8, v10}, Ltop/suzhelan/qstory/ui/components/飘花落叶言子楪苏兰哲世;-><init>(ILjava/util/List;)V
smali\androidx\compose\foundation\layout\飘花落叶言子楪哲兰世苏.smali	243	    new-instance v9, Ltop/suzhelan/qstory/ui/components/飘花落叶言子楪哲世苏兰;
smali\androidx\compose\foundation\layout\飘花落叶言子楪哲兰世苏.smali	250	    invoke-direct/range {v9 .. v16}, Ltop/suzhelan/qstory/ui/components/飘花落叶言子楪哲世苏兰;-><init>(Ljava/util/List;Ljava/util/List;L飘花落叶言世子哲兰苏楪/飘花落叶言子楪苏兰哲世;L飘花落叶言世子哲兰苏楪/飘花落叶言子楪哲苏兰世;L飘花落叶言世子哲兰苏楪/飘花落叶言子楪哲苏兰世;L飘花落叶言世子哲兰苏楪/飘花落叶言子楪哲苏兰世;Landroidx/compose/runtime/飘花落叶言子苏楪哲兰世;)V
smali\androidx\compose\foundation\lazy\飘花落叶言子楪哲兰世苏.smali	631	    check-cast v4, Llin/xposed/hook/javaplugin/PluginMessageCallbackAPI;
smali\androidx\compose\foundation\lazy\飘花落叶言子楪哲兰世苏.smali	635	    invoke-virtual {v4, v2}, Llin/xposed/hook/javaplugin/PluginMessageCallbackAPI;->isGrayMessage(Ljava/lang/Object;)Z
smali\androidx\compose\foundation\lazy\飘花落叶言子楪哲兰世苏.smali	668	    check-cast v3, Llin/xposed/hook/javaplugin/PluginMessageCallbackAPI;
smali\androidx\compose\foundation\lazy\飘花落叶言子楪哲兰世苏.smali	672	    invoke-virtual {v3, v2}, Llin/xposed/hook/javaplugin/PluginMessageCallbackAPI;->parseMessage(Ljava/lang/Object;)Llin/xposed/hook/javaplugin/bean/MessageData;
smali\androidx\compose\foundation\lazy\飘花落叶言子楪哲兰世苏.smali	680	    iget-object v3, v2, Llin/xposed/hook/javaplugin/bean/MessageData;->UserUin:Ljava/lang/String;
smali\androidx\compose\foundation\lazy\飘花落叶言子楪哲兰世苏.smali	693	    iget-object v5, v2, Llin/xposed/hook/javaplugin/bean/MessageData;->RecordMsg:Llin/xposed/hook/javaplugin/bean/MessageData;
smali\androidx\compose\foundation\lazy\飘花落叶言子楪哲兰世苏.smali	734	    invoke-direct {v6, v2, v3, v5, v4}, Lio/ktor/server/http/content/飘花落叶言子楪苏哲世兰;-><init>(Llin/xposed/hook/javaplugin/bean/MessageData;Ljava/lang/String;L飘花落叶言世哲子苏兰楪/飘花落叶言子世楪哲兰苏;L飘花落叶言苏世兰哲楪子/飘花落叶言子楪世苏哲兰;)V
smali\androidx\compose\foundation\lazy\飘花落叶言子楪苏世哲兰.smali	200	    sget-object p2, Ltop/suzhelan/qstory/ui/components/飘花落叶言子楪世苏哲兰;->飘花落叶言子楪世哲苏兰:Landroidx/compose/runtime/internal/飘花落叶言子楪世兰苏哲;
smali\androidx\compose\foundation\lazy\grid\飘花落叶言子楪世苏兰哲.smali	24	.field public final 飘花落叶言子楪世苏哲兰:Lio/ktor/client/plugins/api/飘花落叶言子楪世苏兰哲;
smali\androidx\compose\foundation\lazy\grid\飘花落叶言子楪世苏兰哲.smali	77	    new-instance v0, Lio/ktor/client/plugins/api/飘花落叶言子楪世苏兰哲;
smali\androidx\compose\foundation\lazy\grid\飘花落叶言子楪世苏兰哲.smali	91	    iput-object v0, p0, Landroidx/compose/foundation/lazy/grid/飘花落叶言子楪世苏兰哲;->飘花落叶言子楪世苏哲兰:Lio/ktor/client/plugins/api/飘花落叶言子楪世苏兰哲;
smali\androidx\compose\foundation\lazy\layout\飘花落叶言子楪世苏哲兰.smali	325	    invoke-static {p1, p2}, Llin/xposed/hook/javaplugin/dialog/PluginDialog;->飘花落叶言子楪苏世兰哲(Ljava/lang/String;Ljava/lang/String;)I
smali\androidx\compose\foundation\lazy\layout\飘花落叶言子苏楪世兰哲.smali	2632	    sget-object v3, Lkotlin/time/飘花落叶言子楪世苏哲兰;->飘花落叶言子楪哲兰世苏:Lio/ktor/client/plugins/api/飘花落叶言子楪世苏兰哲;
smali\androidx\compose\foundation\lazy\layout\飘花落叶言子苏楪世兰哲.smali	2809	    sget-object v3, Lkotlin/time/飘花落叶言子楪世苏哲兰;->飘花落叶言子楪哲兰世苏:Lio/ktor/client/plugins/api/飘花落叶言子楪世苏兰哲;
smali\androidx\compose\foundation\lazy\layout\飘花落叶言子苏楪世兰哲.smali	2890	    sget-object v6, Lkotlin/time/飘花落叶言子楪世苏哲兰;->飘花落叶言子楪哲兰世苏:Lio/ktor/client/plugins/api/飘花落叶言子楪世苏兰哲;
smali\androidx\compose\foundation\text\contextmenu\provider\飘花落叶言子楪世兰苏哲.smali	85	    iget-object p1, p1, L飘花落叶言苏哲世兰楪子/飘花落叶言子楪世兰哲苏;->飘花落叶言子楪世兰哲苏:Ltop/suzhelan/qstory/ui/viewmodel/SettingPageTransitionDirection;
smali\androidx\compose\foundation\text\contextmenu\provider\飘花落叶言子楪世兰苏哲.smali	89	    sget-object v0, Ltop/suzhelan/qstory/ui/viewmodel/SettingPageTransitionDirection;->Forward:Ltop/suzhelan/qstory/ui/viewmodel/SettingPageTransitionDirection;
smali\androidx\compose\foundation\text\contextmenu\provider\飘花落叶言子楪世兰苏哲.smali	194	    iget-object p0, p0, L飘花落叶言苏哲世兰楪子/飘花落叶言子楪世兰哲苏;->飘花落叶言子楪世兰哲苏:Ltop/suzhelan/qstory/ui/viewmodel/SettingPageTransitionDirection;
smali\androidx\compose\foundation\text\input\internal\selection\PressDownGestureKt$detectPressDownGesture$2.smali	451	    check-cast p0, Lio/ktor/client/plugins/api/飘花落叶言子楪世苏兰哲;
smali\androidx\compose\foundation\text\input\internal\selection\TextFieldSelectionState$selectionHandleGestures$2$2.smali	287	    new-instance v1, Lio/ktor/client/plugins/api/飘花落叶言子楪世苏兰哲;
smali\androidx\compose\material\ripple\飘花落叶言子楪苏世兰哲.smali	214	    check-cast v6, Llin/xposed/hook/javaplugin/bean/GroupInfo;
smali\androidx\compose\material\ripple\飘花落叶言子楪苏世兰哲.smali	218	    iget-object v7, v6, Llin/xposed/hook/javaplugin/bean/GroupInfo;->GroupOwner:Ljava/lang/String;
smali\androidx\compose\material\ripple\飘花落叶言子楪苏世兰哲.smali	234	    invoke-direct {v8, v6, v7}, L飘花落叶言苏哲世楪子兰/飘花落叶言子楪哲世兰苏;-><init>(Llin/xposed/hook/javaplugin/bean/GroupInfo;Z)V
smali\androidx\compose\material\ripple\飘花落叶言子楪苏世兰哲.smali	3090	    check-cast v0, Ltop/suzhelan/qstory/ui/activity/SettingActivity;
smali\androidx\compose\material\ripple\飘花落叶言子楪苏世兰哲.smali	3094	    invoke-static {v0}, Ltop/suzhelan/qstory/ui/activity/SettingActivity;->飘花落叶言子楪哲苏世兰(Ltop/suzhelan/qstory/ui/activity/SettingActivity;)V
smali\androidx\compose\material\ripple\飘花落叶言子楪苏世兰哲.smali	3107	    check-cast v0, Ltop/suzhelan/qstory/hook/item/chat/飘花落叶言子世苏兰哲楪;
smali\androidx\compose\material\ripple\飘花落叶言子楪苏世兰哲.smali	3251	    iput-object v1, v0, Ltop/suzhelan/qstory/hook/item/chat/飘花落叶言子世苏兰哲楪;->飘花落叶言子楪兰苏世哲:Landroid/graphics/drawable/BitmapDrawable;
smali\androidx\compose\material\ripple\飘花落叶言子楪苏世兰哲.smali	3283	    check-cast v0, Ltop/suzhelan/qstory/hook/item/飘花落叶言子楪兰世苏哲;
smali\androidx\compose\material\ripple\飘花落叶言子楪苏世兰哲.smali	3287	    invoke-virtual {v0}, Ltop/suzhelan/qstory/hook/item/飘花落叶言子楪兰世苏哲;->飘花落叶言子楪苏哲兰世()Z
smali\androidx\compose\material\ripple\飘花落叶言子楪苏世兰哲.smali	3311	    iget-object v0, v0, Ltop/suzhelan/qstory/hook/item/飘花落叶言子楪兰世苏哲;->飘花落叶言子楪哲兰苏世:Ljava/lang/String;
smali\androidx\compose\material\ripple\飘花落叶言子楪苏世兰哲.smali	3333	    sget v1, Ltop/suzhelan/plugin/sdk/online/manager/飘花落叶言子楪世苏哲兰;->飘花落叶言子楪世苏哲兰:I
smali\androidx\compose\material\ripple\飘花落叶言子楪苏世兰哲.smali	3350	    check-cast v0, Llin/xposed/hook/javaplugin/dialog/PluginMenuDialog;
smali\androidx\compose\material\ripple\飘花落叶言子楪苏世兰哲.smali	3354	    invoke-static {v0}, Llin/xposed/hook/javaplugin/dialog/PluginMenuDialog;->飘花落叶言子楪世苏哲兰(Llin/xposed/hook/javaplugin/dialog/PluginMenuDialog;)V
smali\androidx\compose\material\ripple\飘花落叶言子楪苏世兰哲.smali	3367	    check-cast v0, Llin/xposed/hook/javaplugin/controller/AutoLoadPlugin;
smali\androidx\compose\material\ripple\飘花落叶言子楪苏世兰哲.smali	3371	    invoke-static {v0}, Llin/xposed/hook/javaplugin/controller/AutoLoadPlugin;->飘花落叶言子楪世兰哲苏(Llin/xposed/hook/javaplugin/controller/AutoLoadPlugin;)V
smali\androidx\compose\runtime\飘花落叶言子世苏楪哲兰.smali	1690	    invoke-static {p2, v0, p1}, Lio/ktor/client/plugins/飘花落叶言子楪哲兰苏世;->飘花落叶言子世兰哲楪苏(L飘花落叶言子世苏楪兰哲/飘花落叶言子世哲楪苏兰;ILjava/lang/Object;)V
smali\androidx\compose\runtime\飘花落叶言子世苏楪哲兰.smali	3563	    invoke-static {v1, v14, v3}, Lio/ktor/client/plugins/飘花落叶言子楪哲兰苏世;->飘花落叶言子世兰哲楪苏(L飘花落叶言子世苏楪兰哲/飘花落叶言子世哲楪苏兰;ILjava/lang/Object;)V
smali\androidx\compose\runtime\飘花落叶言子世苏楪哲兰.smali	4075	    invoke-static {p1, v1, p2}, Lio/ktor/client/plugins/飘花落叶言子楪哲兰苏世;->飘花落叶言子世兰哲楪苏(L飘花落叶言子世苏楪兰哲/飘花落叶言子世哲楪苏兰;ILjava/lang/Object;)V
smali\androidx\compose\runtime\飘花落叶言子世苏楪哲兰.smali	5657	    invoke-static {v5, v9, v12, v13, v3}, Lio/ktor/client/plugins/飘花落叶言子楪哲兰苏世;->飘花落叶言子世兰哲苏楪(L飘花落叶言子世苏楪兰哲/飘花落叶言子世哲楪苏兰;ILjava/lang/Object;ILjava/lang/Object;)V
smali\androidx\compose\runtime\飘花落叶言子世苏楪哲兰.smali	5796	    invoke-static {v0, v9, v15, v13, v12}, Lio/ktor/client/plugins/飘花落叶言子楪哲兰苏世;->飘花落叶言子世兰哲苏楪(L飘花落叶言子世苏楪兰哲/飘花落叶言子世哲楪苏兰;ILjava/lang/Object;ILjava/lang/Object;)V
smali\androidx\compose\runtime\飘花落叶言子世苏楪哲兰.smali	6267	    invoke-static {v1, v0, v3}, Lio/ktor/client/plugins/飘花落叶言子楪哲兰苏世;->飘花落叶言子世兰哲楪苏(L飘花落叶言子世苏楪兰哲/飘花落叶言子世哲楪苏兰;ILjava/lang/Object;)V
smali\androidx\compose\runtime\飘花落叶言子世苏楪哲兰.smali	9037	    invoke-static {p0, v3, p1}, Lio/ktor/client/plugins/飘花落叶言子楪哲兰苏世;->飘花落叶言子世兰哲楪苏(L飘花落叶言子世苏楪兰哲/飘花落叶言子世哲楪苏兰;ILjava/lang/Object;)V
smali\androidx\compose\runtime\飘花落叶言子世苏楪哲兰.smali	9052	    invoke-static {p0, v2, p2}, Lio/ktor/client/plugins/飘花落叶言子楪哲兰苏世;->飘花落叶言子世兰哲楪苏(L飘花落叶言子世苏楪兰哲/飘花落叶言子世哲楪苏兰;ILjava/lang/Object;)V
smali\androidx\compose\runtime\飘花落叶言子世苏楪哲兰.smali	9097	    invoke-static {p0, v3, p1, v2, p2}, Lio/ktor/client/plugins/飘花落叶言子楪哲兰苏世;->飘花落叶言子世兰哲苏楪(L飘花落叶言子世苏楪兰哲/飘花落叶言子世哲楪苏兰;ILjava/lang/Object;ILjava/lang/Object;)V
smali\androidx\compose\runtime\飘花落叶言子世苏楪哲兰.smali	10774	    invoke-static {v4, v6, v2, v15, v5}, Lio/ktor/client/plugins/飘花落叶言子楪哲兰苏世;->飘花落叶言子世兰哲苏楪(L飘花落叶言子世苏楪兰哲/飘花落叶言子世哲楪苏兰;ILjava/lang/Object;ILjava/lang/Object;)V
smali\androidx\compose\runtime\飘花落叶言子世苏楪哲兰.smali	10820	    invoke-static {v2, v6, v1}, Lio/ktor/client/plugins/飘花落叶言子楪哲兰苏世;->飘花落叶言子世兰哲楪苏(L飘花落叶言子世苏楪兰哲/飘花落叶言子世哲楪苏兰;ILjava/lang/Object;)V
smali\androidx\compose\runtime\飘花落叶言子世苏楪哲兰.smali	13251	    invoke-static {v7, v4, v6}, Lio/ktor/client/plugins/飘花落叶言子楪哲兰苏世;->飘花落叶言子世兰哲楪苏(L飘花落叶言子世苏楪兰哲/飘花落叶言子世哲楪苏兰;ILjava/lang/Object;)V
smali\androidx\compose\runtime\飘花落叶言子世苏楪哲兰.smali	13810	    invoke-static {v6, v8, v3}, Lio/ktor/client/plugins/飘花落叶言子楪哲兰苏世;->飘花落叶言子世兰哲楪苏(L飘花落叶言子世苏楪兰哲/飘花落叶言子世哲楪苏兰;ILjava/lang/Object;)V
smali\androidx\compose\runtime\飘花落叶言子世苏楪哲兰.smali	13855	    invoke-static {v3, v6, v5, v8, v7}, Lio/ktor/client/plugins/飘花落叶言子楪哲兰苏世;->飘花落叶言子世兰哲苏楪(L飘花落叶言子世苏楪兰哲/飘花落叶言子世哲楪苏兰;ILjava/lang/Object;ILjava/lang/Object;)V
smali\androidx\compose\runtime\飘花落叶言子世苏楪哲兰.smali	14012	    invoke-static {v10, v6, v3}, Lio/ktor/client/plugins/飘花落叶言子楪哲兰苏世;->飘花落叶言子世兰哲楪苏(L飘花落叶言子世苏楪兰哲/飘花落叶言子世哲楪苏兰;ILjava/lang/Object;)V
smali\androidx\compose\runtime\飘花落叶言子世苏楪哲兰.smali	14666	    invoke-static {v4, v0, p1}, Lio/ktor/client/plugins/飘花落叶言子楪哲兰苏世;->飘花落叶言子世兰哲楪苏(L飘花落叶言子世苏楪兰哲/飘花落叶言子世哲楪苏兰;ILjava/lang/Object;)V
smali\androidx\compose\runtime\飘花落叶言子世苏楪哲兰.smali	14705	    invoke-static {v4, v3, v2}, Lio/ktor/client/plugins/飘花落叶言子楪哲兰苏世;->飘花落叶言子世兰哲楪苏(L飘花落叶言子世苏楪兰哲/飘花落叶言子世哲楪苏兰;ILjava/lang/Object;)V
smali\androidx\compose\runtime\飘花落叶言子世苏楪哲兰.smali	14757	    invoke-static {p0, v0, v2}, Lio/ktor/client/plugins/飘花落叶言子楪哲兰苏世;->飘花落叶言子世兰哲楪苏(L飘花落叶言子世苏楪兰哲/飘花落叶言子世哲楪苏兰;ILjava/lang/Object;)V
smali\androidx\compose\runtime\飘花落叶言子世苏楪哲兰.smali	15529	    invoke-static {v0, v3, p1, v4, p0}, Lio/ktor/client/plugins/飘花落叶言子楪哲兰苏世;->飘花落叶言子世兰哲苏楪(L飘花落叶言子世苏楪兰哲/飘花落叶言子世哲楪苏兰;ILjava/lang/Object;ILjava/lang/Object;)V
smali\androidx\compose\runtime\飘花落叶言子世苏楪哲兰.smali	15594	    invoke-static {p0, v3, p1}, Lio/ktor/client/plugins/飘花落叶言子楪哲兰苏世;->飘花落叶言子世兰哲楪苏(L飘花落叶言子世苏楪兰哲/飘花落叶言子世哲楪苏兰;ILjava/lang/Object;)V
smali\androidx\compose\runtime\飘花落叶言子世苏楪哲兰.smali	15666	    invoke-static {v0, v3, p0, v4, p1}, Lio/ktor/client/plugins/飘花落叶言子楪哲兰苏世;->飘花落叶言子世兰哲苏楪(L飘花落叶言子世苏楪兰哲/飘花落叶言子世哲楪苏兰;ILjava/lang/Object;ILjava/lang/Object;)V
smali\androidx\compose\runtime\飘花落叶言子世苏楪哲兰.smali	15742	    invoke-static {v1, v2, v0}, Lio/ktor/client/plugins/飘花落叶言子楪哲兰苏世;->飘花落叶言子世兰哲楪苏(L飘花落叶言子世苏楪兰哲/飘花落叶言子世哲楪苏兰;ILjava/lang/Object;)V
smali\androidx\compose\runtime\飘花落叶言子世苏楪哲兰.smali	16839	    invoke-static {p1, v2, v3}, Lio/ktor/client/plugins/飘花落叶言子楪哲兰苏世;->飘花落叶言子世兰哲楪苏(L飘花落叶言子世苏楪兰哲/飘花落叶言子世哲楪苏兰;ILjava/lang/Object;)V
smali\androidx\compose\runtime\飘花落叶言子楪哲苏世兰.smali	2999	    invoke-static {p1, v0, p0}, Lio/ktor/client/plugins/飘花落叶言子楪哲兰苏世;->飘花落叶言子世兰哲楪苏(L飘花落叶言子世苏楪兰哲/飘花落叶言子世哲楪苏兰;ILjava/lang/Object;)V
smali\androidx\compose\runtime\composer\gapbuffer\飘花落叶言子楪苏兰世哲.smali	2785	    invoke-static/range {v1 .. v6}, Lio/ktor/client/plugins/飘花落叶言子楪哲兰苏世;->飘花落叶言子世苏哲兰楪(Landroidx/compose/runtime/composer/gapbuffer/飘花落叶言子楪苏兰世哲;ILandroidx/compose/runtime/composer/gapbuffer/飘花落叶言子楪苏兰世哲;ZZZ)Ljava/util/List;
smali\androidx\compose\runtime\internal\飘花落叶言子楪苏兰世哲.smali	142	    new-instance p1, Ltop/suzhelan/plugin/sdk/online/presenter/飘花落叶言子楪世苏兰哲;
smali\androidx\compose\runtime\internal\飘花落叶言子楪苏兰世哲.smali	144	    invoke-direct {p1, p0}, Ltop/suzhelan/plugin/sdk/online/presenter/飘花落叶言子楪世苏兰哲;-><init>(Landroidx/compose/runtime/internal/飘花落叶言子楪苏兰世哲;)V
smali\androidx\compose\ui\graphics\vector\飘花落叶言子楪世兰哲苏.smali	9	.field public static final 飘花落叶言子楪苏兰哲世:Lio/ktor/client/plugins/api/飘花落叶言子楪世苏兰哲;
smali\androidx\compose\ui\graphics\vector\飘花落叶言子楪世兰哲苏.smali	39	    new-instance v0, Lio/ktor/client/plugins/api/飘花落叶言子楪世苏兰哲;
smali\androidx\compose\ui\graphics\vector\飘花落叶言子楪世兰哲苏.smali	48	    sput-object v0, Landroidx/compose/ui/graphics/vector/飘花落叶言子楪世兰哲苏;->飘花落叶言子楪苏兰哲世:Lio/ktor/client/plugins/api/飘花落叶言子楪世苏兰哲;
smali\androidx\compose\ui\graphics\vector\飘花落叶言子楪世兰哲苏.smali	59	    sget-object v0, Landroidx/compose/ui/graphics/vector/飘花落叶言子楪世兰哲苏;->飘花落叶言子楪苏兰哲世:Lio/ktor/client/plugins/api/飘花落叶言子楪世苏兰哲;
smali\androidx\compose\ui\semantics\飘花落叶言子楪苏兰世哲.smali	853	    invoke-static {p1, p0, v0}, Llin/xposed/hook/javaplugin/飘花落叶言子楪世苏哲兰;->飘花落叶言子楪苏世兰哲(Ljava/lang/Object;Ljava/lang/String;Ljava/lang/Object;)V
smali\androidx\compose\ui\text\飘花落叶言子楪兰苏哲世.smali	2524	    invoke-static {}, Llin/xposed/hook/javaplugin/飘花落叶言子楪世苏哲兰;->飘花落叶言子楪哲苏兰世()V
smali\androidx\compose\ui\viewinterop\飘花落叶言子楪世兰苏哲.smali	7	.field public static final 飘花落叶言子楪世苏哲兰:Lio/ktor/client/plugins/api/飘花落叶言子楪世苏兰哲;
smali\androidx\compose\ui\viewinterop\飘花落叶言子楪世兰苏哲.smali	15	    new-instance v0, Lio/ktor/client/plugins/api/飘花落叶言子楪世苏兰哲;
smali\androidx\compose\ui\viewinterop\飘花落叶言子楪世兰苏哲.smali	24	    sput-object v0, Landroidx/compose/ui/viewinterop/飘花落叶言子楪世兰苏哲;->飘花落叶言子楪世苏哲兰:Lio/ktor/client/plugins/api/飘花落叶言子楪世苏兰哲;
smali\androidx\compose\ui\viewinterop\飘花落叶言子楪世哲兰苏.smali	296	    sget-object p3, Landroidx/compose/ui/viewinterop/飘花落叶言子楪世兰苏哲;->飘花落叶言子楪世苏哲兰:Lio/ktor/client/plugins/api/飘花落叶言子楪世苏兰哲;
smali\androidx\concurrent\futures\飘花落叶言子楪世兰哲苏.smali	46	    sget-object v0, Landroidx/concurrent/futures/飘花落叶言子楪苏世哲兰;->飘花落叶言子楪兰苏世哲:Lio/ktor/client/plugins/飘花落叶言子楪哲兰苏世;
smali\androidx\concurrent\futures\飘花落叶言子楪世兰哲苏.smali	58	    invoke-virtual {v0, p0, v1}, Lio/ktor/client/plugins/飘花落叶言子楪哲兰苏世;->飘花落叶言子世哲兰楪苏(Landroidx/concurrent/futures/飘花落叶言子楪世兰哲苏;Ljava/lang/Thread;)V
smali\androidx\concurrent\futures\飘花落叶言子楪世兰苏哲.smali	2	.super Lio/ktor/client/plugins/飘花落叶言子楪哲兰苏世;
smali\androidx\concurrent\futures\飘花落叶言子楪世哲兰苏.smali	2	.super Lio/ktor/client/plugins/飘花落叶言子楪哲兰苏世;
smali\androidx\concurrent\futures\飘花落叶言子楪苏世哲兰.smali	14	.field public static final 飘花落叶言子楪兰苏世哲:Lio/ktor/client/plugins/飘花落叶言子楪哲兰苏世;
smali\androidx\concurrent\futures\飘花落叶言子楪苏世哲兰.smali	192	    sput-object v3, Landroidx/concurrent/futures/飘花落叶言子楪苏世哲兰;->飘花落叶言子楪兰苏世哲:Lio/ktor/client/plugins/飘花落叶言子楪哲兰苏世;
smali\androidx\concurrent\futures\飘花落叶言子楪苏世哲兰.smali	397	    sget-object v1, Landroidx/concurrent/futures/飘花落叶言子楪苏世哲兰;->飘花落叶言子楪兰苏世哲:Lio/ktor/client/plugins/飘花落叶言子楪哲兰苏世;
smali\androidx\concurrent\futures\飘花落叶言子楪苏世哲兰.smali	405	    invoke-virtual {v1, p0, v0, v2}, Lio/ktor/client/plugins/飘花落叶言子楪哲兰苏世;->飘花落叶言子楪世兰苏哲(Landroidx/concurrent/futures/飘花落叶言子楪苏世哲兰;Landroidx/concurrent/futures/飘花落叶言子楪世兰哲苏;Landroidx/concurrent/futures/飘花落叶言子楪世兰哲苏;)Z
smali\androidx\concurrent\futures\飘花落叶言子楪苏世哲兰.smali	455	    sget-object v2, Landroidx/concurrent/futures/飘花落叶言子楪苏世哲兰;->飘花落叶言子楪兰苏世哲:Lio/ktor/client/plugins/飘花落叶言子楪哲兰苏世;
smali\androidx\concurrent\futures\飘花落叶言子楪苏世哲兰.smali	459	    invoke-virtual {v2, p0, v0}, Lio/ktor/client/plugins/飘花落叶言子楪哲兰苏世;->飘花落叶言子楪世哲苏兰(Landroidx/concurrent/futures/飘花落叶言子楪苏世哲兰;Landroidx/concurrent/futures/飘花落叶言子楪世哲苏兰;)Z
smali\androidx\concurrent\futures\飘花落叶言子楪苏世哲兰.smali	605	    sget-object p1, Landroidx/concurrent/futures/飘花落叶言子楪苏世哲兰;->飘花落叶言子楪兰苏世哲:Lio/ktor/client/plugins/飘花落叶言子楪哲兰苏世;
smali\androidx\concurrent\futures\飘花落叶言子楪苏世哲兰.smali	609	    invoke-virtual {p1, p0, v0, v1}, Lio/ktor/client/plugins/飘花落叶言子楪哲兰苏世;->飘花落叶言子楪世哲兰苏(Landroidx/concurrent/futures/飘花落叶言子楪苏世哲兰;Ljava/lang/Object;Ljava/lang/Object;)Z
smali\androidx\concurrent\futures\飘花落叶言子楪苏世哲兰.smali	676	    sget-object v3, Landroidx/concurrent/futures/飘花落叶言子楪苏世哲兰;->飘花落叶言子楪兰苏世哲:Lio/ktor/client/plugins/飘花落叶言子楪哲兰苏世;
smali\androidx\concurrent\futures\飘花落叶言子楪苏世哲兰.smali	678	    invoke-virtual {v3, v2, v1}, Lio/ktor/client/plugins/飘花落叶言子楪哲兰苏世;->飘花落叶言子世哲楪兰苏(Landroidx/concurrent/futures/飘花落叶言子楪世兰哲苏;Landroidx/concurrent/futures/飘花落叶言子楪世兰哲苏;)V
smali\androidx\concurrent\futures\飘花落叶言子楪苏世哲兰.smali	681	    invoke-virtual {v3, p0, v1, v2}, Lio/ktor/client/plugins/飘花落叶言子楪哲兰苏世;->飘花落叶言子楪世兰苏哲(Landroidx/concurrent/futures/飘花落叶言子楪苏世哲兰;Landroidx/concurrent/futures/飘花落叶言子楪世兰哲苏;Landroidx/concurrent/futures/飘花落叶言子楪世兰哲苏;)Z
smali\androidx\concurrent\futures\飘花落叶言子楪苏世哲兰.smali	867	    sget-object v15, Landroidx/concurrent/futures/飘花落叶言子楪苏世哲兰;->飘花落叶言子楪兰苏世哲:Lio/ktor/client/plugins/飘花落叶言子楪哲兰苏世;
smali\androidx\concurrent\futures\飘花落叶言子楪苏世哲兰.smali	871	    invoke-virtual {v15, v14, v13}, Lio/ktor/client/plugins/飘花落叶言子楪哲兰苏世;->飘花落叶言子世哲楪兰苏(Landroidx/concurrent/futures/飘花落叶言子楪世兰哲苏;Landroidx/concurrent/futures/飘花落叶言子楪世兰哲苏;)V
smali\androidx\concurrent\futures\飘花落叶言子楪苏世哲兰.smali	876	    invoke-virtual {v15, v0, v13, v14}, Lio/ktor/client/plugins/飘花落叶言子楪哲兰苏世;->飘花落叶言子楪世兰苏哲(Landroidx/concurrent/futures/飘花落叶言子楪苏世哲兰;Landroidx/concurrent/futures/飘花落叶言子楪世兰哲苏;Landroidx/concurrent/futures/飘花落叶言子楪世兰哲苏;)Z
smali\androidx\concurrent\futures\飘花落叶言子楪苏世哲兰.smali	1854	    sget-object v3, Landroidx/concurrent/futures/飘花落叶言子楪苏世哲兰;->飘花落叶言子楪兰苏世哲:Lio/ktor/client/plugins/飘花落叶言子楪哲兰苏世;
smali\androidx\concurrent\futures\飘花落叶言子楪苏世哲兰.smali	1858	    invoke-virtual {v3, p0, p1, v2}, Lio/ktor/client/plugins/飘花落叶言子楪哲兰苏世;->飘花落叶言子楪世兰苏哲(Landroidx/concurrent/futures/飘花落叶言子楪苏世哲兰;Landroidx/concurrent/futures/飘花落叶言子楪世兰哲苏;Landroidx/concurrent/futures/飘花落叶言子楪世兰哲苏;)Z
smali\androidx\coordinatorlayout\widget\CoordinatorLayout.smali	8233	    invoke-static {v3, v0, v1, v2}, Llin/xposed/hook/javaplugin/飘花落叶言子楪世苏哲兰;->飘花落叶言子楪兰世哲苏(Ljava/lang/String;Ljava/lang/Object;Ljava/lang/Object;Ljava/lang/Object;)V
smali\androidx\core\view\飘花落叶言子世苏楪兰哲.smali	49	    new-instance p1, Lio/ktor/client/plugins/api/飘花落叶言子楪世苏兰哲;
smali\androidx\core\view\飘花落叶言子楪世哲兰苏.smali	153	    invoke-static {v1, p0, v3, p1, v0}, Ltop/suzhelan/qstory/hook/item/飘花落叶言子楪哲苏兰世;->飘花落叶言子楪苏世兰哲(Ljava/lang/String;Ljava/lang/Object;Ljava/lang/Object;Ljava/lang/Object;Ljava/lang/Object;)V
smali\androidx\core\view\飘花落叶言子苏世兰哲楪.smali	79	    check-cast p0, Ltop/suzhelan/qstory/ui/views/CustomMaterialSwitch;
smali\androidx\core\view\飘花落叶言子苏世兰哲楪.smali	83	    sget v0, Ltop/suzhelan/qstory/ui/views/CustomMaterialSwitch;->飘花落叶言子世苏楪兰哲:I
smali\androidx\core\view\飘花落叶言子苏世兰哲楪.smali	127	    iput p1, p0, Ltop/suzhelan/qstory/ui/views/CustomMaterialSwitch;->飘花落叶言子楪兰哲苏世:F
smali\androidx\core\view\飘花落叶言子苏世兰哲楪.smali	140	    check-cast p0, Ltop/suzhelan/qstory/ui/views/CustomMaterialCheckBox;
smali\androidx\core\view\飘花落叶言子苏世兰哲楪.smali	144	    sget v0, Ltop/suzhelan/qstory/ui/views/CustomMaterialCheckBox;->飘花落叶言子世苏哲楪兰:I
smali\androidx\core\view\飘花落叶言子苏世兰哲楪.smali	188	    iput p1, p0, Ltop/suzhelan/qstory/ui/views/CustomMaterialCheckBox;->飘花落叶言子楪兰苏哲世:F
smali\androidx\fragment\app\FragmentActivity.smali	1918	    invoke-static {p1, p0, p2}, Llin/xposed/hook/javaplugin/飘花落叶言子楪世苏哲兰;->飘花落叶言子楪苏世兰哲(Ljava/lang/Object;Ljava/lang/String;Ljava/lang/Object;)V
smali\androidx\fragment\app\FragmentActivity.smali	2413	    invoke-static {p1, v0, p0}, Llin/xposed/hook/javaplugin/飘花落叶言子楪世苏哲兰;->飘花落叶言子楪苏世兰哲(Ljava/lang/Object;Ljava/lang/String;Ljava/lang/Object;)V
smali\androidx\fragment\app\FragmentContainerView.smali	644	    invoke-static {p1, p0, p2}, Ltop/suzhelan/qstory/hook/item/飘花落叶言子楪哲苏兰世;->飘花落叶言子楪苏世哲兰(Ljava/lang/Object;Ljava/lang/String;Ljava/lang/Object;)V
smali\androidx\fragment\app\FragmentContainerView.smali	1213	    invoke-static {p0, v0, v2}, Llin/xposed/hook/javaplugin/飘花落叶言子楪世苏哲兰;->飘花落叶言子楪苏世兰哲(Ljava/lang/Object;Ljava/lang/String;Ljava/lang/Object;)V
smali\androidx\fragment\app\飘花落叶言子世哲苏兰楪.smali	14677	    invoke-static {p2, p1, v0, p0}, Llin/xposed/hook/javaplugin/飘花落叶言子楪世苏哲兰;->飘花落叶言子楪兰哲苏世(Ljava/lang/String;Ljava/lang/Object;Ljava/lang/Object;Ljava/lang/Object;)V
smali\androidx\fragment\app\飘花落叶言子世哲苏兰楪.smali	14882	    invoke-static {v0, p1, v1, p0}, Llin/xposed/hook/javaplugin/飘花落叶言子楪世苏哲兰;->飘花落叶言子楪兰哲苏世(Ljava/lang/String;Ljava/lang/Object;Ljava/lang/Object;Ljava/lang/Object;)V
smali\androidx\fragment\app\飘花落叶言子楪兰苏哲世.smali	563	    sget-object v0, Landroidx/lifecycle/飘花落叶言子苏楪哲世兰;->飘花落叶言子楪世苏哲兰:Lio/ktor/client/plugins/api/飘花落叶言子楪世苏兰哲;
smali\androidx\fragment\app\飘花落叶言子楪兰苏哲世.smali	589	    sget-object v0, Landroidx/lifecycle/飘花落叶言子苏楪哲世兰;->飘花落叶言子楪世哲苏兰:Lio/ktor/client/plugins/api/飘花落叶言子楪世苏兰哲;
smali\androidx\fragment\app\飘花落叶言子楪兰苏哲世.smali	1272	    invoke-static {p0, v0, v1}, Llin/xposed/hook/javaplugin/飘花落叶言子楪世苏哲兰;->飘花落叶言子楪苏世兰哲(Ljava/lang/Object;Ljava/lang/String;Ljava/lang/Object;)V
smali\androidx\fragment\app\飘花落叶言子楪兰苏哲世.smali	1311	    invoke-static {p0, v0, v1}, Llin/xposed/hook/javaplugin/飘花落叶言子楪世苏哲兰;->飘花落叶言子楪苏世兰哲(Ljava/lang/Object;Ljava/lang/String;Ljava/lang/Object;)V
smali\androidx\fragment\app\飘花落叶言子楪兰苏哲世.smali	1350	    invoke-static {p0, v0, v1}, Llin/xposed/hook/javaplugin/飘花落叶言子楪世苏哲兰;->飘花落叶言子楪苏世兰哲(Ljava/lang/Object;Ljava/lang/String;Ljava/lang/Object;)V
smali\androidx\fragment\app\飘花落叶言子楪兰苏哲世.smali	1844	    invoke-static {p0, v0, v1}, Llin/xposed/hook/javaplugin/飘花落叶言子楪世苏哲兰;->飘花落叶言子楪苏世兰哲(Ljava/lang/Object;Ljava/lang/String;Ljava/lang/Object;)V
smali\androidx\fragment\app\飘花落叶言子楪兰苏哲世.smali	2448	    invoke-static {p0, v0, v1}, Llin/xposed/hook/javaplugin/飘花落叶言子楪世苏哲兰;->飘花落叶言子楪苏世兰哲(Ljava/lang/Object;Ljava/lang/String;Ljava/lang/Object;)V
smali\androidx\fragment\app\飘花落叶言子楪哲兰世苏.smali	94	    invoke-static {p0, p1, v0}, Llin/xposed/hook/javaplugin/飘花落叶言子楪世苏哲兰;->飘花落叶言子楪苏世兰哲(Ljava/lang/Object;Ljava/lang/String;Ljava/lang/Object;)V
smali\androidx\fragment\app\飘花落叶言子苏楪世兰哲.smali	162	    sget-object v1, Landroidx/lifecycle/飘花落叶言子苏楪哲世兰;->飘花落叶言子楪世苏哲兰:Lio/ktor/client/plugins/api/飘花落叶言子楪世苏兰哲;
smali\androidx\fragment\app\飘花落叶言子苏楪世兰哲.smali	188	    sget-object v0, Landroidx/lifecycle/飘花落叶言子苏楪哲世兰;->飘花落叶言子楪世哲苏兰:Lio/ktor/client/plugins/api/飘花落叶言子楪世苏兰哲;
smali\androidx\lifecycle\飘花落叶言子世苏兰哲楪.smali	333	    invoke-static {p0}, Ltop/suzhelan/qstory/hook/item/飘花落叶言子楪哲苏兰世;->飘花落叶言子楪苏哲世兰(Ljava/lang/Throwable;)V
smali\androidx\lifecycle\飘花落叶言子世苏兰楪哲.smali	544	    invoke-static {p0}, Ltop/suzhelan/qstory/hook/item/飘花落叶言子楪哲苏兰世;->飘花落叶言子楪世哲苏兰(Ljava/lang/Object;)V
smali\androidx\lifecycle\飘花落叶言子楪世哲苏兰.smali	279	    invoke-static {p0}, Ltop/suzhelan/qstory/hook/item/飘花落叶言子楪哲苏兰世;->飘花落叶言子楪苏哲世兰(Ljava/lang/Throwable;)V
smali\androidx\lifecycle\飘花落叶言子苏哲楪世兰.smali	553	    sget-object v3, Landroidx/lifecycle/飘花落叶言子苏楪哲世兰;->飘花落叶言子楪世苏哲兰:Lio/ktor/client/plugins/api/飘花落叶言子楪世苏兰哲;
smali\androidx\lifecycle\飘花落叶言子苏楪哲世兰.smali	7	.field public static final 飘花落叶言子楪世哲苏兰:Lio/ktor/client/plugins/api/飘花落叶言子楪世苏兰哲;
smali\androidx\lifecycle\飘花落叶言子苏楪哲世兰.smali	11	.field public static final 飘花落叶言子楪世苏哲兰:Lio/ktor/client/plugins/api/飘花落叶言子楪世苏兰哲;
smali\androidx\lifecycle\飘花落叶言子苏楪哲世兰.smali	19	    new-instance v0, Lio/ktor/client/plugins/api/飘花落叶言子楪世苏兰哲;
smali\androidx\lifecycle\飘花落叶言子苏楪哲世兰.smali	28	    sput-object v0, Landroidx/lifecycle/飘花落叶言子苏楪哲世兰;->飘花落叶言子楪世苏哲兰:Lio/ktor/client/plugins/api/飘花落叶言子楪世苏兰哲;
smali\androidx\lifecycle\飘花落叶言子苏楪哲世兰.smali	49	    new-instance v0, Lio/ktor/client/plugins/api/飘花落叶言子楪世苏兰哲;
smali\androidx\lifecycle\飘花落叶言子苏楪哲世兰.smali	58	    sput-object v0, Landroidx/lifecycle/飘花落叶言子苏楪哲世兰;->飘花落叶言子楪世哲苏兰:Lio/ktor/client/plugins/api/飘花落叶言子楪世苏兰哲;
smali\androidx\lifecycle\飘花落叶言子苏楪哲世兰.smali	401	    sget-object v0, Landroidx/lifecycle/飘花落叶言子苏楪哲世兰;->飘花落叶言子楪世苏哲兰:Lio/ktor/client/plugins/api/飘花落叶言子楪世苏兰哲;
smali\androidx\lifecycle\飘花落叶言子苏楪哲世兰.smali	444	    sget-object v3, Landroidx/lifecycle/飘花落叶言子苏楪哲世兰;->飘花落叶言子楪世哲苏兰:Lio/ktor/client/plugins/api/飘花落叶言子楪世苏兰哲;
smali\androidx\lifecycle\飘花落叶言子苏楪哲世兰.smali	1336	    invoke-static {p0, v0, v1}, Lio/ktor/client/plugins/api/飘花落叶言子楪世苏兰哲;->飘花落叶言子楪哲世兰苏(Landroidx/lifecycle/飘花落叶言子苏兰世楪哲;Landroidx/lifecycle/飘花落叶言子苏世哲楪兰;I)Landroidx/lifecycle/飘花落叶言子苏兰楪世哲;
smali\androidx\profileinstaller\ProfileInstallerInitializer.smali	67	    new-instance p0, Lio/ktor/client/plugins/api/飘花落叶言子楪世苏兰哲;
smali\androidx\profileinstaller\飘花落叶言子楪世兰哲苏.smali	17	.field public static final 飘花落叶言子楪世苏哲兰:Lio/ktor/client/plugins/api/飘花落叶言子楪世苏兰哲;
smali\androidx\profileinstaller\飘花落叶言子楪世兰哲苏.smali	33	    new-instance v0, Lio/ktor/client/plugins/api/飘花落叶言子楪世苏兰哲;
smali\androidx\profileinstaller\飘花落叶言子楪世兰哲苏.smali	42	    sput-object v0, Landroidx/profileinstaller/飘花落叶言子楪世兰哲苏;->飘花落叶言子楪世苏哲兰:Lio/ktor/client/plugins/api/飘花落叶言子楪世苏兰哲;
smali\androidx\profileinstaller\飘花落叶言子楪世兰哲苏.smali	7584	    const-string p0, "Requires new Baseline Profile Metadata. Please rebuild the APK with Android Gradle Plugin 7.2 Canary 7 or higher"
smali\androidx\profileinstaller\飘花落叶言子楪苏哲兰世.smali	730	    sget-object v2, Landroidx/concurrent/futures/飘花落叶言子楪苏世哲兰;->飘花落叶言子楪兰苏世哲:Lio/ktor/client/plugins/飘花落叶言子楪哲兰苏世;
smali\androidx\profileinstaller\飘花落叶言子楪苏哲兰世.smali	737	    invoke-virtual {v2, v1, v3, v0}, Lio/ktor/client/plugins/飘花落叶言子楪哲兰苏世;->飘花落叶言子楪世哲兰苏(Landroidx/concurrent/futures/飘花落叶言子楪苏世哲兰;Ljava/lang/Object;Ljava/lang/Object;)Z
smali\androidx\recyclerview\widget\RecyclerView.smali	11729	    invoke-static {p0, v0, p1}, Llin/xposed/hook/javaplugin/飘花落叶言子楪世苏哲兰;->飘花落叶言子楪兰苏哲世(Ljava/lang/StringBuilder;Ljava/lang/Object;Ljava/lang/Object;)V
smali\androidx\recyclerview\widget\RecyclerView.smali	14890	    invoke-static {v0, p1, v1, p0}, Llin/xposed/hook/javaplugin/飘花落叶言子楪世苏哲兰;->飘花落叶言子楪兰哲苏世(Ljava/lang/String;Ljava/lang/Object;Ljava/lang/Object;Ljava/lang/Object;)V
smali\androidx\recyclerview\widget\飘花落叶言子世楪兰苏哲.smali	84	    iget-object v2, v0, Landroidx/recyclerview/widget/飘花落叶言子世苏楪哲兰;->飘花落叶言子楪哲兰苏世:Ltop/suzhelan/qstory/ui/views/DialogXRecycleView;
smali\androidx\recyclerview\widget\飘花落叶言子世楪兰苏哲.smali	100	    iget-object p0, v0, Landroidx/recyclerview/widget/飘花落叶言子世苏楪哲兰;->飘花落叶言子楪哲兰苏世:Ltop/suzhelan/qstory/ui/views/DialogXRecycleView;
smali\androidx\recyclerview\widget\飘花落叶言子世楪哲兰苏.smali	417	.method public final 飘花落叶言子楪世哲兰苏(Ltop/suzhelan/qstory/ui/views/DialogXRecycleView;IIJ)I
smali\androidx\recyclerview\widget\飘花落叶言子世楪苏兰哲.smali	271	    iget-object v2, v1, Landroidx/recyclerview/widget/飘花落叶言子世苏楪哲兰;->飘花落叶言子楪哲兰苏世:Ltop/suzhelan/qstory/ui/views/DialogXRecycleView;
smali\androidx\recyclerview\widget\飘花落叶言子世楪苏哲兰.smali	661	    iget-object p1, p0, Landroidx/recyclerview/widget/飘花落叶言子世苏楪哲兰;->飘花落叶言子楪哲兰苏世:Ltop/suzhelan/qstory/ui/views/DialogXRecycleView;
smali\androidx\recyclerview\widget\飘花落叶言子世楪苏哲兰.smali	675	    iget-object p0, p0, Landroidx/recyclerview/widget/飘花落叶言子世苏楪哲兰;->飘花落叶言子楪哲兰苏世:Ltop/suzhelan/qstory/ui/views/DialogXRecycleView;
smali\androidx\recyclerview\widget\飘花落叶言子世苏楪哲兰.smali	48	.field public 飘花落叶言子楪哲兰苏世:Ltop/suzhelan/qstory/ui/views/DialogXRecycleView;
smali\androidx\recyclerview\widget\飘花落叶言子世苏楪哲兰.smali	293	    iget-object v0, p0, Landroidx/recyclerview/widget/飘花落叶言子世苏楪哲兰;->飘花落叶言子楪哲兰苏世:Ltop/suzhelan/qstory/ui/views/DialogXRecycleView;
smali\androidx\recyclerview\widget\飘花落叶言子世苏楪哲兰.smali	684	    iget-object p0, p0, Landroidx/recyclerview/widget/飘花落叶言子世苏楪哲兰;->飘花落叶言子楪哲兰苏世:Ltop/suzhelan/qstory/ui/views/DialogXRecycleView;
smali\androidx\recyclerview\widget\飘花落叶言子世苏楪哲兰.smali	1028	    iget-object v6, v1, Landroidx/recyclerview/widget/飘花落叶言子世苏楪哲兰;->飘花落叶言子楪哲兰苏世:Ltop/suzhelan/qstory/ui/views/DialogXRecycleView;
smali\androidx\recyclerview\widget\飘花落叶言子世苏楪哲兰.smali	1111	    iget-object v6, v1, Landroidx/recyclerview/widget/飘花落叶言子世苏楪哲兰;->飘花落叶言子楪哲兰苏世:Ltop/suzhelan/qstory/ui/views/DialogXRecycleView;
smali\androidx\recyclerview\widget\飘花落叶言子世苏楪哲兰.smali	1182	    iget-object v8, v1, Landroidx/recyclerview/widget/飘花落叶言子世苏楪哲兰;->飘花落叶言子楪哲兰苏世:Ltop/suzhelan/qstory/ui/views/DialogXRecycleView;
smali\androidx\recyclerview\widget\飘花落叶言子世苏楪哲兰.smali	1293	    iget-object v5, v1, Landroidx/recyclerview/widget/飘花落叶言子世苏楪哲兰;->飘花落叶言子楪哲兰苏世:Ltop/suzhelan/qstory/ui/views/DialogXRecycleView;
smali\androidx\recyclerview\widget\飘花落叶言子世苏楪哲兰.smali	1345	    iget-object v5, v1, Landroidx/recyclerview/widget/飘花落叶言子世苏楪哲兰;->飘花落叶言子楪哲兰苏世:Ltop/suzhelan/qstory/ui/views/DialogXRecycleView;
smali\androidx\recyclerview\widget\飘花落叶言子世苏楪哲兰.smali	1447	    iget-object v3, v1, Landroidx/recyclerview/widget/飘花落叶言子世苏楪哲兰;->飘花落叶言子楪哲兰苏世:Ltop/suzhelan/qstory/ui/views/DialogXRecycleView;
smali\androidx\recyclerview\widget\飘花落叶言子世苏楪哲兰.smali	1614	    iget-object v0, v1, Landroidx/recyclerview/widget/飘花落叶言子世苏楪哲兰;->飘花落叶言子楪哲兰苏世:Ltop/suzhelan/qstory/ui/views/DialogXRecycleView;
smali\androidx\recyclerview\widget\飘花落叶言子世苏楪哲兰.smali	1720	    iget-object v0, v1, Landroidx/recyclerview/widget/飘花落叶言子世苏楪哲兰;->飘花落叶言子楪哲兰苏世:Ltop/suzhelan/qstory/ui/views/DialogXRecycleView;
smali\androidx\recyclerview\widget\飘花落叶言子世苏楪哲兰.smali	1758	    iget-object v0, v1, Landroidx/recyclerview/widget/飘花落叶言子世苏楪哲兰;->飘花落叶言子楪哲兰苏世:Ltop/suzhelan/qstory/ui/views/DialogXRecycleView;
smali\androidx\recyclerview\widget\飘花落叶言子世苏楪哲兰.smali	1783	    iget-object v0, v1, Landroidx/recyclerview/widget/飘花落叶言子世苏楪哲兰;->飘花落叶言子楪哲兰苏世:Ltop/suzhelan/qstory/ui/views/DialogXRecycleView;
smali\androidx\recyclerview\widget\飘花落叶言子世苏楪哲兰.smali	1951	    iget-object v2, v0, Landroidx/recyclerview/widget/飘花落叶言子世苏楪哲兰;->飘花落叶言子楪哲兰苏世:Ltop/suzhelan/qstory/ui/views/DialogXRecycleView;
smali\androidx\recyclerview\widget\飘花落叶言子世苏楪哲兰.smali	2275	    iget-object v12, v0, Landroidx/recyclerview/widget/飘花落叶言子世苏楪哲兰;->飘花落叶言子楪哲兰苏世:Ltop/suzhelan/qstory/ui/views/DialogXRecycleView;
smali\androidx\recyclerview\widget\飘花落叶言子世苏楪哲兰.smali	2394	    iget-object v14, v0, Landroidx/recyclerview/widget/飘花落叶言子世苏楪哲兰;->飘花落叶言子楪哲兰苏世:Ltop/suzhelan/qstory/ui/views/DialogXRecycleView;
smali\androidx\recyclerview\widget\飘花落叶言子世苏楪哲兰.smali	3081	    iget-object v4, v0, Landroidx/recyclerview/widget/飘花落叶言子世苏楪哲兰;->飘花落叶言子楪哲兰苏世:Ltop/suzhelan/qstory/ui/views/DialogXRecycleView;
smali\androidx\recyclerview\widget\飘花落叶言子世苏楪哲兰.smali	3196	    check-cast v7, Ltop/suzhelan/qstory/hook/item/mcp/config/飘花落叶言子楪世兰苏哲;
smali\androidx\recyclerview\widget\飘花落叶言子世苏楪哲兰.smali	3238	    iget-object v0, v0, Landroidx/recyclerview/widget/飘花落叶言子世苏楪哲兰;->飘花落叶言子楪哲兰苏世:Ltop/suzhelan/qstory/ui/views/DialogXRecycleView;
smali\androidx\recyclerview\widget\飘花落叶言子世苏楪哲兰.smali	4297	    iget-object v1, p0, Landroidx/recyclerview/widget/飘花落叶言子世苏楪哲兰;->飘花落叶言子楪哲兰苏世:Ltop/suzhelan/qstory/ui/views/DialogXRecycleView;
smali\androidx\recyclerview\widget\飘花落叶言子世苏楪哲兰.smali	4637	    iget-object v1, p0, Landroidx/recyclerview/widget/飘花落叶言子世苏楪哲兰;->飘花落叶言子楪哲兰苏世:Ltop/suzhelan/qstory/ui/views/DialogXRecycleView;
smali\androidx\recyclerview\widget\飘花落叶言子世苏楪哲兰.smali	4737	    iget-object p1, p0, Landroidx/recyclerview/widget/飘花落叶言子世苏楪哲兰;->飘花落叶言子楪哲兰苏世:Ltop/suzhelan/qstory/ui/views/DialogXRecycleView;
smali\androidx\recyclerview\widget\飘花落叶言子世苏楪哲兰.smali	4761	    iget-object p1, p0, Landroidx/recyclerview/widget/飘花落叶言子世苏楪哲兰;->飘花落叶言子楪哲兰苏世:Ltop/suzhelan/qstory/ui/views/DialogXRecycleView;
smali\androidx\recyclerview\widget\飘花落叶言子世苏楪哲兰.smali	4936	    iget-object v2, p0, Landroidx/recyclerview/widget/飘花落叶言子世苏楪哲兰;->飘花落叶言子楪哲兰苏世:Ltop/suzhelan/qstory/ui/views/DialogXRecycleView;
smali\androidx\recyclerview\widget\飘花落叶言子世苏楪哲兰.smali	4958	    iget-object p1, p0, Landroidx/recyclerview/widget/飘花落叶言子世苏楪哲兰;->飘花落叶言子楪哲兰苏世:Ltop/suzhelan/qstory/ui/views/DialogXRecycleView;
smali\androidx\recyclerview\widget\飘花落叶言子哲楪苏世兰.smali	1464	    invoke-static {p0, v0, v1}, Llin/xposed/hook/javaplugin/飘花落叶言子楪世苏哲兰;->飘花落叶言子楪苏世兰哲(Ljava/lang/Object;Ljava/lang/String;Ljava/lang/Object;)V
smali\androidx\recyclerview\widget\飘花落叶言子楪世兰哲苏.smali	882	    invoke-static {v0, p1, v1, p0}, Llin/xposed/hook/javaplugin/飘花落叶言子楪世苏哲兰;->飘花落叶言子楪苏哲世兰(Ljava/lang/String;Ljava/lang/Object;Ljava/lang/Object;Ljava/lang/Object;)V
smali\androidx\recyclerview\widget\飘花落叶言子楪世兰哲苏.smali	1630	    invoke-virtual {v4}, Lkotlin/reflect/jvm/internal/types/飘花落叶言子楪世兰苏哲;->飘花落叶言子世苏哲兰楪()Lio/ktor/client/plugins/飘花落叶言子楪哲兰苏世;
smali\androidx\recyclerview\widget\飘花落叶言子楪世兰苏哲.smali	1364	    invoke-static {v0, p1, v1, p0}, Llin/xposed/hook/javaplugin/飘花落叶言子楪世苏哲兰;->飘花落叶言子楪苏哲世兰(Ljava/lang/String;Ljava/lang/Object;Ljava/lang/Object;Ljava/lang/Object;)V
smali\androidx\recyclerview\widget\飘花落叶言子楪世兰苏哲.smali	1433	    invoke-static {v0, p1, v1, p0}, Llin/xposed/hook/javaplugin/飘花落叶言子楪世苏哲兰;->飘花落叶言子楪苏哲世兰(Ljava/lang/String;Ljava/lang/Object;Ljava/lang/Object;Ljava/lang/Object;)V
smali\androidx\recyclerview\widget\飘花落叶言子楪哲世兰苏.smali	134	    iget-object v1, v4, Landroidx/recyclerview/widget/飘花落叶言子世苏楪哲兰;->飘花落叶言子楪哲兰苏世:Ltop/suzhelan/qstory/ui/views/DialogXRecycleView;
smali\androidx\recyclerview\widget\飘花落叶言子楪哲世兰苏.smali	223	    iget-object v11, v4, Landroidx/recyclerview/widget/飘花落叶言子世苏楪哲兰;->飘花落叶言子楪哲兰苏世:Ltop/suzhelan/qstory/ui/views/DialogXRecycleView;
smali\androidx\recyclerview\widget\飘花落叶言子楪哲世兰苏.smali	300	    iget-object v7, v4, Landroidx/recyclerview/widget/飘花落叶言子世苏楪哲兰;->飘花落叶言子楪哲兰苏世:Ltop/suzhelan/qstory/ui/views/DialogXRecycleView;
smali\androidx\recyclerview\widget\飘花落叶言子楪哲世兰苏.smali	312	    iget-object v11, v4, Landroidx/recyclerview/widget/飘花落叶言子世苏楪哲兰;->飘花落叶言子楪哲兰苏世:Ltop/suzhelan/qstory/ui/views/DialogXRecycleView;
smali\androidx\recyclerview\widget\飘花落叶言子楪哲世兰苏.smali	380	    iget-object v8, v4, Landroidx/recyclerview/widget/飘花落叶言子世苏楪哲兰;->飘花落叶言子楪哲兰苏世:Ltop/suzhelan/qstory/ui/views/DialogXRecycleView;
smali\androidx\recyclerview\widget\飘花落叶言子楪哲世兰苏.smali	456	    iget-object v1, v4, Landroidx/recyclerview/widget/飘花落叶言子世苏楪哲兰;->飘花落叶言子楪哲兰苏世:Ltop/suzhelan/qstory/ui/views/DialogXRecycleView;
smali\androidx\recyclerview\widget\飘花落叶言子楪哲世兰苏.smali	468	    iget-object v7, v4, Landroidx/recyclerview/widget/飘花落叶言子世苏楪哲兰;->飘花落叶言子楪哲兰苏世:Ltop/suzhelan/qstory/ui/views/DialogXRecycleView;
smali\androidx\recyclerview\widget\飘花落叶言子楪哲世兰苏.smali	503	    iget-object v12, v4, Landroidx/recyclerview/widget/飘花落叶言子世苏楪哲兰;->飘花落叶言子楪哲兰苏世:Ltop/suzhelan/qstory/ui/views/DialogXRecycleView;
smali\androidx\recyclerview\widget\飘花落叶言子楪哲世兰苏.smali	523	    iget-object v1, v4, Landroidx/recyclerview/widget/飘花落叶言子世苏楪哲兰;->飘花落叶言子楪哲兰苏世:Ltop/suzhelan/qstory/ui/views/DialogXRecycleView;
smali\androidx\recyclerview\widget\飘花落叶言子楪哲世兰苏.smali	532	    invoke-virtual/range {v11 .. v16}, Landroidx/recyclerview/widget/飘花落叶言子世楪哲兰苏;->飘花落叶言子楪世哲兰苏(Ltop/suzhelan/qstory/ui/views/DialogXRecycleView;IIJ)I
smali\androidx\recyclerview\widget\飘花落叶言子楪哲世兰苏.smali	552	    iget-object v12, v4, Landroidx/recyclerview/widget/飘花落叶言子世苏楪哲兰;->飘花落叶言子楪哲兰苏世:Ltop/suzhelan/qstory/ui/views/DialogXRecycleView;
smali\androidx\recyclerview\widget\飘花落叶言子楪哲世兰苏.smali	572	    iget-object v3, v4, Landroidx/recyclerview/widget/飘花落叶言子世苏楪哲兰;->飘花落叶言子楪哲兰苏世:Ltop/suzhelan/qstory/ui/views/DialogXRecycleView;
smali\androidx\recyclerview\widget\飘花落叶言子楪哲世兰苏.smali	584	    invoke-virtual/range {v11 .. v16}, Landroidx/recyclerview/widget/飘花落叶言子世楪哲兰苏;->飘花落叶言子楪世哲兰苏(Ltop/suzhelan/qstory/ui/views/DialogXRecycleView;IIJ)I
smali\androidx\recyclerview\widget\飘花落叶言子楪哲世兰苏.smali	638	    iget-object v3, v4, Landroidx/recyclerview/widget/飘花落叶言子世苏楪哲兰;->飘花落叶言子楪哲兰苏世:Ltop/suzhelan/qstory/ui/views/DialogXRecycleView;
smali\androidx\recyclerview\widget\飘花落叶言子楪哲世兰苏.smali	661	    iget-object v1, v4, Landroidx/recyclerview/widget/飘花落叶言子世苏楪哲兰;->飘花落叶言子楪哲兰苏世:Ltop/suzhelan/qstory/ui/views/DialogXRecycleView;
smali\androidx\recyclerview\widget\飘花落叶言子楪哲世兰苏.smali	674	    iget-object v1, v4, Landroidx/recyclerview/widget/飘花落叶言子世苏楪哲兰;->飘花落叶言子楪哲兰苏世:Ltop/suzhelan/qstory/ui/views/DialogXRecycleView;
smali\androidx\recyclerview\widget\飘花落叶言子楪苏世哲兰.smali	102	    iget-object v1, v3, Landroidx/recyclerview/widget/飘花落叶言子世苏楪哲兰;->飘花落叶言子楪哲兰苏世:Ltop/suzhelan/qstory/ui/views/DialogXRecycleView;
smali\androidx\recyclerview\widget\飘花落叶言子楪苏世哲兰.smali	141	    iget-object v1, v3, Landroidx/recyclerview/widget/飘花落叶言子世苏楪哲兰;->飘花落叶言子楪哲兰苏世:Ltop/suzhelan/qstory/ui/views/DialogXRecycleView;
smali\androidx\recyclerview\widget\飘花落叶言子楪苏世哲兰.smali	211	    iget-object v0, v3, Landroidx/recyclerview/widget/飘花落叶言子世苏楪哲兰;->飘花落叶言子楪哲兰苏世:Ltop/suzhelan/qstory/ui/views/DialogXRecycleView;
smali\androidx\room\TriggerBasedInvalidationTracker$createFlow$1.smali	530	    iget-object v3, v3, Landroidx/room/飘花落叶言子世苏兰楪哲;->飘花落叶言子楪世苏哲兰:Ltop/suzhelan/qstory/database/RecallDatabase_Impl;
smali\androidx\room\飘花落叶言子世苏兰楪哲.smali	21	.field public final 飘花落叶言子楪世苏哲兰:Ltop/suzhelan/qstory/database/RecallDatabase_Impl;
smali\androidx\room\飘花落叶言子世苏兰楪哲.smali	66	.method public constructor <init>(Ltop/suzhelan/qstory/database/RecallDatabase_Impl;Ljava/util/LinkedHashMap;Ljava/util/LinkedHashMap;[Ljava/lang/String;ZL飘花落叶言世子哲兰苏楪/飘花落叶言子楪苏兰哲世;)V
smali\androidx\room\飘花落叶言子世苏兰楪哲.smali	75	    iput-object p1, p0, Landroidx/room/飘花落叶言子世苏兰楪哲;->飘花落叶言子楪世苏哲兰:Ltop/suzhelan/qstory/database/RecallDatabase_Impl;
smali\androidx\room\飘花落叶言子世苏兰楪哲.smali	1537	    iget-object p1, p0, Landroidx/room/飘花落叶言子世苏兰楪哲;->飘花落叶言子楪世苏哲兰:Ltop/suzhelan/qstory/database/RecallDatabase_Impl;
smali\androidx\room\飘花落叶言子世苏兰楪哲.smali	2265	    iget-object p1, p0, Landroidx/room/飘花落叶言子世苏兰楪哲;->飘花落叶言子楪世苏哲兰:Ltop/suzhelan/qstory/database/RecallDatabase_Impl;
smali\androidx\room\飘花落叶言子世苏兰楪哲.smali	2726	    iget-object p1, p0, Landroidx/room/飘花落叶言子世苏兰楪哲;->飘花落叶言子楪世苏哲兰:Ltop/suzhelan/qstory/database/RecallDatabase_Impl;
smali\androidx\room\飘花落叶言子楪世哲苏兰.smali	13	.field public final 飘花落叶言子楪世哲苏兰:Lio/ktor/client/plugins/api/飘花落叶言子楪世苏兰哲;
smali\androidx\room\飘花落叶言子楪世哲苏兰.smali	43	.method public constructor <init>(Landroid/content/Context;Ljava/lang/String;Lio/ktor/client/plugins/api/飘花落叶言子楪世苏兰哲;Landroidx/room/飘花落叶言子楪兰哲世苏;Ljava/util/List;ZLandroidx/room/RoomDatabase$JournalMode;Ljava/util/concurrent/Executor;Ljava/util/concurrent/Executor;Landroid/content/Intent;ZZLjava/util/Set;Ljava/lang/String;Ljava/io/File;Ljava/util/concurrent/Callable;Ljava/util/List;Ljava/util/List;ZL飘花落叶言子兰世苏哲楪/飘花落叶言子楪世苏兰哲;Lkotlin/coroutines/飘花落叶言子楪苏世兰哲;)V
smali\androidx\room\飘花落叶言子楪世哲苏兰.smali	70	    iput-object p3, p0, Landroidx/room/飘花落叶言子楪世哲苏兰;->飘花落叶言子楪世哲苏兰:Lio/ktor/client/plugins/api/飘花落叶言子楪世苏兰哲;
smali\androidx\room\飘花落叶言子楪兰苏世哲.smali	165	    const-class v1, Ltop/suzhelan/qstory/database/RecallDatabase;
smali\androidx\room\飘花落叶言子楪兰苏世哲.smali	387	    new-instance v5, Lio/ktor/client/plugins/api/飘花落叶言子楪世苏兰哲;
smali\androidx\room\飘花落叶言子楪兰苏世哲.smali	559	    invoke-direct/range {v2 .. v23}, Landroidx/room/飘花落叶言子楪世哲苏兰;-><init>(Landroid/content/Context;Ljava/lang/String;Lio/ktor/client/plugins/api/飘花落叶言子楪世苏兰哲;Landroidx/room/飘花落叶言子楪兰哲世苏;Ljava/util/List;ZLandroidx/room/RoomDatabase$JournalMode;Ljava/util/concurrent/Executor;Ljava/util/concurrent/Executor;Landroid/content/Intent;ZZLjava/util/Set;Ljava/lang/String;Ljava/io/File;Ljava/util/concurrent/Callable;Ljava/util/List;Ljava/util/List;ZL飘花落叶言子兰世苏哲楪/飘花落叶言子楪世苏兰哲;Lkotlin/coroutines/飘花落叶言子楪苏世兰哲;)V
smali\androidx\room\飘花落叶言子楪兰苏世哲.smali	928	    iget-object v15, v2, Landroidx/room/飘花落叶言子楪世哲苏兰;->飘花落叶言子楪世哲苏兰:Lio/ktor/client/plugins/api/飘花落叶言子楪世苏兰哲;
smali\androidx\room\飘花落叶言子楪苏哲世兰.smali	17	.field public final 飘花落叶言子楪世苏哲兰:Ltop/suzhelan/qstory/database/RecallDatabase_Impl;
smali\androidx\room\飘花落叶言子楪苏哲世兰.smali	23	.method public varargs constructor <init>(Ltop/suzhelan/qstory/database/RecallDatabase_Impl;Ljava/util/LinkedHashMap;Ljava/util/LinkedHashMap;[Ljava/lang/String;)V
smali\androidx\room\飘花落叶言子楪苏哲世兰.smali	32	    iput-object p1, p0, Landroidx/room/飘花落叶言子楪苏哲世兰;->飘花落叶言子楪世苏哲兰:Ltop/suzhelan/qstory/database/RecallDatabase_Impl;
smali\androidx\room\飘花落叶言子楪苏哲世兰.smali	65	    invoke-direct/range {v0 .. v6}, Landroidx/room/飘花落叶言子世苏兰楪哲;-><init>(Ltop/suzhelan/qstory/database/RecallDatabase_Impl;Ljava/util/LinkedHashMap;Ljava/util/LinkedHashMap;[Ljava/lang/String;ZL飘花落叶言世子哲兰苏楪/飘花落叶言子楪苏兰哲世;)V
smali\androidx\room\coroutines\飘花落叶言子楪世兰苏哲.smali	49	    sget-object v0, Lkotlin/time/飘花落叶言子楪世苏哲兰;->飘花落叶言子楪哲兰世苏:Lio/ktor/client/plugins/api/飘花落叶言子楪世苏兰哲;
smali\androidx\room\coroutines\飘花落叶言子楪世兰苏哲.smali	130	    sget-object v0, Lkotlin/time/飘花落叶言子楪世苏哲兰;->飘花落叶言子楪哲兰世苏:Lio/ktor/client/plugins/api/飘花落叶言子楪世苏兰哲;
smali\androidx\room\coroutines\飘花落叶言子楪哲世兰苏.smali	124	    sget-object v0, Landroidx/room/coroutines/飘花落叶言子楪哲世苏兰;->飘花落叶言子楪哲兰世苏:Lio/ktor/client/plugins/api/飘花落叶言子楪世苏兰哲;
smali\androidx\room\coroutines\飘花落叶言子楪哲世苏兰.smali	10	.field public static final 飘花落叶言子楪哲兰世苏:Lio/ktor/client/plugins/api/飘花落叶言子楪世苏兰哲;
smali\androidx\room\coroutines\飘花落叶言子楪哲世苏兰.smali	22	    new-instance v0, Lio/ktor/client/plugins/api/飘花落叶言子楪世苏兰哲;
smali\androidx\room\coroutines\飘花落叶言子楪哲世苏兰.smali	31	    sput-object v0, Landroidx/room/coroutines/飘花落叶言子楪哲世苏兰;->飘花落叶言子楪哲兰世苏:Lio/ktor/client/plugins/api/飘花落叶言子楪世苏兰哲;
smali\androidx\room\coroutines\飘花落叶言子楪哲世苏兰.smali	90	    sget-object p0, Landroidx/room/coroutines/飘花落叶言子楪哲世苏兰;->飘花落叶言子楪哲兰世苏:Lio/ktor/client/plugins/api/飘花落叶言子楪世苏兰哲;
smali\androidx\window\layout\飘花落叶言子楪苏哲兰世.smali	140	    invoke-static {v0, p0}, Llin/xposed/hook/javaplugin/飘花落叶言子楪世苏哲兰;->飘花落叶言子楪兰世苏哲(Ljava/lang/Object;Ljava/lang/String;)V
smali\com\alibaba\fastjson2\飘花落叶言子世哲楪兰苏.smali	184	    invoke-static {}, Llin/xposed/hook/javaplugin/飘花落叶言子楪世苏哲兰;->飘花落叶言子楪哲苏兰世()V
smali\com\alibaba\fastjson2\飘花落叶言子世哲苏兰楪.smali	156	    invoke-static {}, Llin/xposed/hook/javaplugin/飘花落叶言子楪世苏哲兰;->飘花落叶言子楪哲苏兰世()V
smali\com\alibaba\fastjson2\飘花落叶言子世哲苏楪兰.smali	178	    invoke-static {}, Llin/xposed/hook/javaplugin/飘花落叶言子楪世苏哲兰;->飘花落叶言子楪哲苏兰世()V
smali\com\alibaba\fastjson2\飘花落叶言子世楪兰哲苏.smali	306	    invoke-static {}, Llin/xposed/hook/javaplugin/飘花落叶言子楪世苏哲兰;->飘花落叶言子楪哲苏兰世()V
smali\com\alibaba\fastjson2\飘花落叶言子世楪兰哲苏.smali	745	    invoke-static {}, Llin/xposed/hook/javaplugin/飘花落叶言子楪世苏哲兰;->飘花落叶言子楪哲苏兰世()V
smali\com\alibaba\fastjson2\飘花落叶言子世楪兰苏哲.smali	244	    invoke-static {}, Llin/xposed/hook/javaplugin/飘花落叶言子楪世苏哲兰;->飘花落叶言子楪哲苏兰世()V
smali\com\alibaba\fastjson2\飘花落叶言子世楪兰苏哲.smali	299	    invoke-static {}, Llin/xposed/hook/javaplugin/飘花落叶言子楪世苏哲兰;->飘花落叶言子楪哲苏兰世()V
smali\com\alibaba\fastjson2\飘花落叶言子世楪哲兰苏.smali	285	    invoke-static {}, Llin/xposed/hook/javaplugin/飘花落叶言子楪世苏哲兰;->飘花落叶言子楪哲苏兰世()V
smali\com\alibaba\fastjson2\飘花落叶言子世楪哲兰苏.smali	502	    invoke-static {}, Llin/xposed/hook/javaplugin/飘花落叶言子楪世苏哲兰;->飘花落叶言子楪哲苏兰世()V
smali\com\alibaba\fastjson2\飘花落叶言子世楪哲兰苏.smali	590	    invoke-static {}, Llin/xposed/hook/javaplugin/飘花落叶言子楪世苏哲兰;->飘花落叶言子楪哲苏兰世()V
smali\com\alibaba\fastjson2\飘花落叶言子世苏哲兰楪.smali	506	    invoke-static {}, Llin/xposed/hook/javaplugin/飘花落叶言子楪世苏哲兰;->飘花落叶言子楪哲苏兰世()V
smali\com\alibaba\fastjson2\飘花落叶言子世苏哲兰楪.smali	575	    invoke-static {}, Llin/xposed/hook/javaplugin/飘花落叶言子楪世苏哲兰;->飘花落叶言子楪哲苏兰世()V
smali\com\alibaba\fastjson2\飘花落叶言子世苏哲兰楪.smali	682	    invoke-static {}, Llin/xposed/hook/javaplugin/飘花落叶言子楪世苏哲兰;->飘花落叶言子楪哲苏兰世()V
smali\com\alibaba\fastjson2\飘花落叶言子哲楪苏兰世.smali	1710	    invoke-static {}, Llin/xposed/hook/javaplugin/飘花落叶言子楪世苏哲兰;->飘花落叶言子楪哲苏兰世()V
smali\com\alibaba\fastjson2\飘花落叶言子哲楪苏兰世.smali	10800	    invoke-static {}, Llin/xposed/hook/javaplugin/飘花落叶言子楪世苏哲兰;->飘花落叶言子楪哲苏兰世()V
smali\com\alibaba\fastjson2\飘花落叶言子哲楪苏兰世.smali	37084	    invoke-static {}, Llin/xposed/hook/javaplugin/飘花落叶言子楪世苏哲兰;->飘花落叶言子楪哲苏兰世()V
smali\com\alibaba\fastjson2\飘花落叶言子苏世楪哲兰.smali	876	    invoke-static {}, Llin/xposed/hook/javaplugin/飘花落叶言子楪世苏哲兰;->飘花落叶言子楪哲苏兰世()V
smali\com\alibaba\fastjson2\飘花落叶言子苏世楪哲兰.smali	1154	    invoke-static {}, Llin/xposed/hook/javaplugin/飘花落叶言子楪世苏哲兰;->飘花落叶言子楪哲苏兰世()V
smali\com\alibaba\fastjson2\飘花落叶言子苏世楪哲兰.smali	1432	    invoke-static {}, Llin/xposed/hook/javaplugin/飘花落叶言子楪世苏哲兰;->飘花落叶言子楪哲苏兰世()V
smali\com\alibaba\fastjson2\reader\飘花落叶言子兰世苏楪哲.smali	350	    check-cast p1, Llin/xposed/hook/javaplugin/bean/PluginInfo;
smali\com\alibaba\fastjson2\reader\飘花落叶言子兰世苏楪哲.smali	354	    invoke-virtual {p1}, Llin/xposed/hook/javaplugin/bean/PluginInfo;->getDate()Ljava/lang/String;
smali\com\alibaba\fastjson2\reader\飘花落叶言子哲楪世兰苏.smali	1269	    invoke-static {v3}, Lio/ktor/client/plugins/飘花落叶言子楪哲兰苏世;->飘花落叶言子楪兰世苏哲(I)Ljava/lang/String;
smali\com\alibaba\fastjson2\reader\飘花落叶言子哲楪世兰苏.smali	2600	    invoke-static/range {p4 .. p4}, Lio/ktor/client/plugins/飘花落叶言子楪哲兰苏世;->飘花落叶言子楪兰世苏哲(I)Ljava/lang/String;
smali\com\alibaba\fastjson2\reader\飘花落叶言子哲楪世兰苏.smali	3180	    invoke-static {p2}, Lio/ktor/client/plugins/飘花落叶言子楪哲兰苏世;->飘花落叶言子楪兰世苏哲(I)Ljava/lang/String;
smali\com\alibaba\fastjson2\reader\飘花落叶言子哲楪世兰苏.smali	3580	    invoke-static/range {p3 .. p3}, Lio/ktor/client/plugins/飘花落叶言子楪哲兰苏世;->飘花落叶言子楪兰世苏哲(I)Ljava/lang/String;
smali\com\alibaba\fastjson2\reader\飘花落叶言子哲楪世兰苏.smali	5222	    invoke-static {p5}, Lio/ktor/client/plugins/飘花落叶言子楪哲兰苏世;->飘花落叶言子楪兰世苏哲(I)Ljava/lang/String;
smali\com\alibaba\fastjson2\reader\飘花落叶言子哲楪世兰苏.smali	5286	    invoke-static {p2}, Lio/ktor/client/plugins/飘花落叶言子楪哲兰苏世;->飘花落叶言子楪兰世苏哲(I)Ljava/lang/String;
smali\com\alibaba\fastjson2\reader\飘花落叶言子哲楪世兰苏.smali	7922	    invoke-static {v5}, Lio/ktor/client/plugins/飘花落叶言子楪哲兰苏世;->飘花落叶言子楪兰世苏哲(I)Ljava/lang/String;
smali\com\alibaba\fastjson2\reader\飘花落叶言子哲楪世兰苏.smali	8144	    invoke-static {v0}, Lio/ktor/client/plugins/飘花落叶言子楪哲兰苏世;->飘花落叶言子楪兰世苏哲(I)Ljava/lang/String;
smali\com\alibaba\fastjson2\reader\飘花落叶言子哲楪世兰苏.smali	8689	    invoke-static {v13}, Lio/ktor/client/plugins/飘花落叶言子楪哲兰苏世;->飘花落叶言子楪兰世苏哲(I)Ljava/lang/String;
smali\com\alibaba\fastjson2\reader\飘花落叶言子哲楪世兰苏.smali	8818	    invoke-static {v0}, Lio/ktor/client/plugins/飘花落叶言子楪哲兰苏世;->飘花落叶言子楪兰世苏哲(I)Ljava/lang/String;
smali\com\alibaba\fastjson2\reader\飘花落叶言子哲楪世兰苏.smali	9136	    invoke-static/range {p6 .. p6}, Lio/ktor/client/plugins/飘花落叶言子楪哲兰苏世;->飘花落叶言子楪兰世苏哲(I)Ljava/lang/String;
smali\com\alibaba\fastjson2\reader\飘花落叶言子哲楪世兰苏.smali	10486	    invoke-static/range {p6 .. p6}, Lio/ktor/client/plugins/飘花落叶言子楪哲兰苏世;->飘花落叶言子楪兰世苏哲(I)Ljava/lang/String;
smali\com\alibaba\fastjson2\reader\飘花落叶言子哲楪世兰苏.smali	11127	    invoke-static/range {p6 .. p6}, Lio/ktor/client/plugins/飘花落叶言子楪哲兰苏世;->飘花落叶言子楪兰世苏哲(I)Ljava/lang/String;
smali\com\alibaba\fastjson2\reader\飘花落叶言子哲楪世兰苏.smali	12070	    invoke-static/range {p6 .. p6}, Lio/ktor/client/plugins/飘花落叶言子楪哲兰苏世;->飘花落叶言子楪兰世苏哲(I)Ljava/lang/String;
smali\com\alibaba\fastjson2\reader\飘花落叶言子苏哲世兰楪.smali	4510	    invoke-static {v0}, Ltop/suzhelan/qstory/hook/item/飘花落叶言子楪哲苏兰世;->飘花落叶言子楪苏哲世兰(Ljava/lang/Throwable;)V
smali\com\alibaba\fastjson2\util\飘花落叶言子楪苏哲世兰.smali	4869	    invoke-static {v1, p0, v2, v0}, Llin/xposed/hook/javaplugin/飘花落叶言子楪世苏哲兰;->飘花落叶言子楪兰哲苏世(Ljava/lang/String;Ljava/lang/Object;Ljava/lang/Object;Ljava/lang/Object;)V
smali\com\alibaba\fastjson2\util\飘花落叶言子楪苏哲兰世.smali	41593	    invoke-static {}, Llin/xposed/hook/javaplugin/飘花落叶言子楪世苏哲兰;->飘花落叶言子楪哲苏兰世()V
smali\com\alibaba\fastjson2\util\飘花落叶言子楪苏哲兰世.smali	42752	    invoke-static {}, Llin/xposed/hook/javaplugin/飘花落叶言子楪世苏哲兰;->飘花落叶言子楪哲苏兰世()V
smali\com\android\dx\command\dump\BaseDumper.smali	746	    invoke-static {p0}, Ltop/suzhelan/qstory/hook/item/飘花落叶言子楪哲苏兰世;->飘花落叶言子楪苏哲世兰(Ljava/lang/Throwable;)V
smali\com\android\dx\dex\code\DalvInsnList.smali	169	    invoke-static {p0}, Ltop/suzhelan/qstory/hook/item/飘花落叶言子楪哲苏兰世;->飘花落叶言子楪苏哲世兰(Ljava/lang/Throwable;)V
smali\com\android\dx\dex\code\DalvInsnList.smali	292	    invoke-static {p0}, Ltop/suzhelan/qstory/hook/item/飘花落叶言子楪哲苏兰世;->飘花落叶言子楪苏哲世兰(Ljava/lang/Throwable;)V
smali\com\android\dx\dex\code\form\Form12x.smali	206	    invoke-static {}, Llin/xposed/hook/javaplugin/飘花落叶言子楪世苏哲兰;->飘花落叶言子楪世苏兰哲()V
smali\com\android\dx\dex\file\DexFile.smali	770	    invoke-static {p0}, Ltop/suzhelan/qstory/hook/item/飘花落叶言子楪哲苏兰世;->飘花落叶言子楪苏哲世兰(Ljava/lang/Throwable;)V
smali\com\android\dx\dex\file\DexFile.smali	782	    invoke-static {p0}, Ltop/suzhelan/qstory/hook/item/飘花落叶言子楪哲苏兰世;->飘花落叶言子楪苏哲世兰(Ljava/lang/Throwable;)V
smali\com\android\dx\merge\DexMerger$1.smali	242	    invoke-static {}, Llin/xposed/hook/javaplugin/飘花落叶言子楪世苏哲兰;->飘花落叶言子楪世苏兰哲()V
smali\com\android\dx\merge\DexMerger.smali	2310	    invoke-static {}, Llin/xposed/hook/javaplugin/飘花落叶言子楪世苏哲兰;->飘花落叶言子楪世苏兰哲()V
smali\com\android\dx\util\TwoColumnOutput.smali	721	    invoke-static {p0}, Ltop/suzhelan/qstory/hook/item/飘花落叶言子楪哲苏兰世;->飘花落叶言子楪苏哲世兰(Ljava/lang/Throwable;)V
smali\com\bumptech\glide\飘花落叶言子楪世哲兰苏.smali	2369	    invoke-static {v10, p0, v1, v7, v2}, Ltop/suzhelan/qstory/hook/item/飘花落叶言子楪哲苏兰世;->飘花落叶言子楪苏世兰哲(Ljava/lang/String;Ljava/lang/Object;Ljava/lang/Object;Ljava/lang/Object;Ljava/lang/Object;)V
smali\com\bumptech\glide\飘花落叶言子楪世哲兰苏.smali	2394	    invoke-static {v10, p0, v1, v7, v2}, Ltop/suzhelan/qstory/hook/item/飘花落叶言子楪哲苏兰世;->飘花落叶言子楪苏世兰哲(Ljava/lang/String;Ljava/lang/Object;Ljava/lang/Object;Ljava/lang/Object;Ljava/lang/Object;)V
smali\com\bumptech\glide\飘花落叶言子楪世哲苏兰.smali	32	.method public constructor <init>(Landroid/content/Context;Lcom/bumptech/glide/load/engine/飘花落叶言子楪哲苏世兰;L飘花落叶言楪世子兰哲苏/飘花落叶言子楪世哲苏兰;Lcom/bumptech/glide/load/engine/bitmap_recycle/飘花落叶言子楪世苏哲兰;Lcom/bumptech/glide/load/engine/bitmap_recycle/飘花落叶言子楪世兰哲苏;L飘花落叶言楪世哲苏兰子/飘花落叶言子楪苏兰哲世;L飘花落叶言世哲苏子楪兰/飘花落叶言子苏楪世哲兰;Lio/ktor/client/plugins/api/飘花落叶言子楪世苏兰哲;Landroidx/collection/飘花落叶言子楪世兰哲苏;Ljava/util/List;Ljava/util/ArrayList;Lcom/bumptech/glide/飘花落叶言子楪世兰苏哲;Landroidx/core/view/飘花落叶言子楪世兰哲苏;)V
smali\com\bumptech\glide\飘花落叶言子楪世哲苏兰.smali	146	    invoke-direct/range {p4 .. p13}, Lcom/bumptech/glide/飘花落叶言子楪苏哲世兰;-><init>(Landroid/content/Context;Lcom/bumptech/glide/load/engine/bitmap_recycle/飘花落叶言子楪世兰哲苏;L飘花落叶言楪世哲苏兰子/飘花落叶言子楪哲兰世苏;L飘花落叶言世哲苏子楪兰/飘花落叶言子苏楪世哲兰;Lio/ktor/client/plugins/api/飘花落叶言子楪世苏兰哲;Landroidx/collection/飘花落叶言子楪世兰哲苏;Ljava/util/List;Lcom/bumptech/glide/load/engine/飘花落叶言子楪哲苏世兰;Landroidx/core/view/飘花落叶言子楪世兰哲苏;)V
smali\com\bumptech\glide\飘花落叶言子楪世哲苏兰.smali	812	    new-instance v8, Lio/ktor/client/plugins/api/飘花落叶言子楪世苏兰哲;
smali\com\bumptech\glide\飘花落叶言子楪世哲苏兰.smali	2397	    invoke-direct/range {v0 .. v13}, Lcom/bumptech/glide/飘花落叶言子楪世哲苏兰;-><init>(Landroid/content/Context;Lcom/bumptech/glide/load/engine/飘花落叶言子楪哲苏世兰;L飘花落叶言楪世子兰哲苏/飘花落叶言子楪世哲苏兰;Lcom/bumptech/glide/load/engine/bitmap_recycle/飘花落叶言子楪世苏哲兰;Lcom/bumptech/glide/load/engine/bitmap_recycle/飘花落叶言子楪世兰哲苏;L飘花落叶言楪世哲苏兰子/飘花落叶言子楪苏兰哲世;L飘花落叶言世哲苏子楪兰/飘花落叶言子苏楪世哲兰;Lio/ktor/client/plugins/api/飘花落叶言子楪世苏兰哲;Landroidx/collection/飘花落叶言子楪世兰哲苏;Ljava/util/List;Ljava/util/ArrayList;Lcom/bumptech/glide/飘花落叶言子楪世兰苏哲;Landroidx/core/view/飘花落叶言子楪世兰哲苏;)V
smali\com\bumptech\glide\飘花落叶言子楪世苏哲兰.smali	179	    invoke-static {p0}, Ltop/suzhelan/qstory/hook/item/飘花落叶言子楪哲苏兰世;->飘花落叶言子楪苏哲世兰(Ljava/lang/Throwable;)V
smali\com\bumptech\glide\飘花落叶言子楪哲苏兰世.smali	492	    iget-object p2, p1, Lcom/bumptech/glide/飘花落叶言子楪苏哲世兰;->飘花落叶言子楪世哲兰苏:Lio/ktor/client/plugins/api/飘花落叶言子楪世苏兰哲;
smali\com\bumptech\glide\飘花落叶言子楪苏哲世兰.smali	15	.field public final 飘花落叶言子楪世哲兰苏:Lio/ktor/client/plugins/api/飘花落叶言子楪世苏兰哲;
smali\com\bumptech\glide\飘花落叶言子楪苏哲世兰.smali	61	.method public constructor <init>(Landroid/content/Context;Lcom/bumptech/glide/load/engine/bitmap_recycle/飘花落叶言子楪世兰哲苏;L飘花落叶言楪世哲苏兰子/飘花落叶言子楪哲兰世苏;L飘花落叶言世哲苏子楪兰/飘花落叶言子苏楪世哲兰;Lio/ktor/client/plugins/api/飘花落叶言子楪世苏兰哲;Landroidx/collection/飘花落叶言子楪世兰哲苏;Ljava/util/List;Lcom/bumptech/glide/load/engine/飘花落叶言子楪哲苏世兰;Landroidx/core/view/飘花落叶言子楪世兰哲苏;)V
smali\com\bumptech\glide\飘花落叶言子楪苏哲世兰.smali	86	    iput-object p5, p0, Lcom/bumptech/glide/飘花落叶言子楪苏哲世兰;->飘花落叶言子楪世哲兰苏:Lio/ktor/client/plugins/api/飘花落叶言子楪世苏兰哲;
smali\com\bumptech\glide\load\engine\GlideException.smali	239	    invoke-static {p0}, Ltop/suzhelan/qstory/hook/item/飘花落叶言子楪哲苏兰世;->飘花落叶言子楪苏哲世兰(Ljava/lang/Throwable;)V
smali\com\bumptech\glide\load\engine\GlideException.smali	467	    invoke-static {p0}, Ltop/suzhelan/qstory/hook/item/飘花落叶言子楪哲苏兰世;->飘花落叶言子楪苏哲世兰(Ljava/lang/Throwable;)V
smali\com\bumptech\glide\load\engine\飘花落叶言子世楪哲苏兰.smali	669	    invoke-static {v2, v1, v0}, Llin/xposed/hook/javaplugin/飘花落叶言子楪世苏哲兰;->飘花落叶言子楪哲苏世兰(Ljava/lang/StringBuilder;Ljava/lang/Object;Ljava/lang/Object;)V
smali\com\bumptech\glide\load\engine\飘花落叶言子世楪苏哲兰.smali	29	    new-instance v0, Lio/ktor/client/plugins/api/飘花落叶言子楪世苏兰哲;
smali\com\bumptech\glide\load\engine\飘花落叶言子楪兰世苏哲.smali	10	.field public static final 飘花落叶言子世哲楪苏兰:Lio/ktor/client/plugins/api/飘花落叶言子楪世苏兰哲;
smali\com\bumptech\glide\load\engine\飘花落叶言子楪兰世苏哲.smali	38	.field public final 飘花落叶言子楪兰世哲苏:Lio/ktor/client/plugins/api/飘花落叶言子楪世苏兰哲;
smali\com\bumptech\glide\load\engine\飘花落叶言子楪兰世苏哲.smali	62	    new-instance v0, Lio/ktor/client/plugins/api/飘花落叶言子楪世苏兰哲;
smali\com\bumptech\glide\load\engine\飘花落叶言子楪兰世苏哲.smali	71	    sput-object v0, Lcom/bumptech/glide/load/engine/飘花落叶言子楪兰世苏哲;->飘花落叶言子世哲楪苏兰:Lio/ktor/client/plugins/api/飘花落叶言子楪世苏兰哲;
smali\com\bumptech\glide\load\engine\飘花落叶言子楪兰世苏哲.smali	162	    sget-object p1, Lcom/bumptech/glide/load/engine/飘花落叶言子楪兰世苏哲;->飘花落叶言子世哲楪苏兰:Lio/ktor/client/plugins/api/飘花落叶言子楪世苏兰哲;
smali\com\bumptech\glide\load\engine\飘花落叶言子楪兰世苏哲.smali	166	    iput-object p1, p0, Lcom/bumptech/glide/load/engine/飘花落叶言子楪兰世苏哲;->飘花落叶言子楪兰世哲苏:Lio/ktor/client/plugins/api/飘花落叶言子楪世苏兰哲;
smali\com\bumptech\glide\load\engine\飘花落叶言子楪哲世苏兰.smali	74	    new-instance p1, Ltop/suzhelan/plugin/sdk/online/presenter/飘花落叶言子楪世哲兰苏;
smali\com\bumptech\glide\load\engine\飘花落叶言子楪哲世苏兰.smali	76	    invoke-direct {p1, p0}, Ltop/suzhelan/plugin/sdk/online/presenter/飘花落叶言子楪世哲兰苏;-><init>(Lcom/bumptech/glide/load/engine/飘花落叶言子楪哲世苏兰;)V
smali\com\bumptech\glide\load\engine\飘花落叶言子楪哲世苏兰.smali	103	    new-instance p1, Ltop/suzhelan/sticker/sdk/presenter/飘花落叶言子楪世苏哲兰;
smali\com\bumptech\glide\load\engine\飘花落叶言子楪哲世苏兰.smali	105	    invoke-direct {p1, p0}, Ltop/suzhelan/sticker/sdk/presenter/飘花落叶言子楪世苏哲兰;-><init>(Lcom/bumptech/glide/load/engine/飘花落叶言子楪哲世苏兰;)V
smali\com\bumptech\glide\load\engine\飘花落叶言子楪哲世苏兰.smali	1690	    check-cast p0, Ltop/suzhelan/sticker/sdk/widget/FollowLinearLayout;
smali\com\bumptech\glide\load\engine\飘花落叶言子楪哲世苏兰.smali	1711	    check-cast v0, Ltop/suzhelan/sticker/sdk/widget/CustomRecycleView;
smali\com\bumptech\glide\load\engine\飘花落叶言子楪哲世苏兰.smali	1715	    invoke-virtual {p0, v0}, Ltop/suzhelan/sticker/sdk/widget/FollowLinearLayout;->setFollowRecycleView(Ltop/suzhelan/sticker/sdk/widget/CustomRecycleView;)V
smali\com\bumptech\glide\load\engine\飘花落叶言子楪哲世苏兰.smali	2110	    new-instance p1, Llin/xposed/hook/javaplugin/view/飘花落叶言子楪苏哲兰世;
smali\com\bumptech\glide\load\engine\飘花落叶言子楪哲世苏兰.smali	2117	    invoke-direct {p1, v0}, Llin/xposed/hook/javaplugin/view/飘花落叶言子楪苏哲兰世;-><init>(I)V
smali\com\bumptech\glide\load\engine\飘花落叶言子楪苏哲兰世.smali	1011	    iget-object v0, v3, Lcom/bumptech/glide/load/engine/飘花落叶言子楪兰世苏哲;->飘花落叶言子楪兰世哲苏:Lio/ktor/client/plugins/api/飘花落叶言子楪世苏兰哲;
smali\com\bumptech\glide\load\engine\bitmap_recycle\飘花落叶言子楪苏世哲兰.smali	28	.field public final 飘花落叶言子楪哲兰苏世:Lio/ktor/client/plugins/api/飘花落叶言子楪世苏兰哲;
smali\com\bumptech\glide\load\engine\bitmap_recycle\飘花落叶言子楪苏世哲兰.smali	129	    new-instance p1, Lio/ktor/client/plugins/api/飘花落叶言子楪世苏兰哲;
smali\com\bumptech\glide\load\engine\bitmap_recycle\飘花落叶言子楪苏世哲兰.smali	138	    iput-object p1, p0, Lcom/bumptech/glide/load/engine/bitmap_recycle/飘花落叶言子楪苏世哲兰;->飘花落叶言子楪哲兰苏世:Lio/ktor/client/plugins/api/飘花落叶言子楪世苏兰哲;
smali\com\bumptech\glide\load\engine\bitmap_recycle\飘花落叶言子楪苏世哲兰.smali	285	    iget-object v0, p0, Lcom/bumptech/glide/load/engine/bitmap_recycle/飘花落叶言子楪苏世哲兰;->飘花落叶言子楪哲兰苏世:Lio/ktor/client/plugins/api/飘花落叶言子楪世苏兰哲;
smali\com\bumptech\glide\load\engine\bitmap_recycle\飘花落叶言子楪苏世哲兰.smali	679	    iget-object v1, p0, Lcom/bumptech/glide/load/engine/bitmap_recycle/飘花落叶言子楪苏世哲兰;->飘花落叶言子楪哲兰苏世:Lio/ktor/client/plugins/api/飘花落叶言子楪世苏兰哲;
smali\com\bumptech\glide\load\engine\bitmap_recycle\飘花落叶言子楪苏世哲兰.smali	988	    iget-object v2, p0, Lcom/bumptech/glide/load/engine/bitmap_recycle/飘花落叶言子楪苏世哲兰;->飘花落叶言子楪哲兰苏世:Lio/ktor/client/plugins/api/飘花落叶言子楪世苏兰哲;
smali\com\bumptech\glide\load\resource\bitmap\飘花落叶言子世苏楪兰哲.smali	10	.field public static final 飘花落叶言子楪世兰哲苏:Lio/ktor/client/plugins/api/飘花落叶言子楪世苏兰哲;
smali\com\bumptech\glide\load\resource\bitmap\飘花落叶言子世苏楪兰哲.smali	20	.field public final 飘花落叶言子楪世哲苏兰:Lio/ktor/client/plugins/api/飘花落叶言子楪世苏兰哲;
smali\com\bumptech\glide\load\resource\bitmap\飘花落叶言子世苏楪兰哲.smali	110	    new-instance v0, Lio/ktor/client/plugins/api/飘花落叶言子楪世苏兰哲;
smali\com\bumptech\glide\load\resource\bitmap\飘花落叶言子世苏楪兰哲.smali	119	    sput-object v0, Lcom/bumptech/glide/load/resource/bitmap/飘花落叶言子世苏楪兰哲;->飘花落叶言子楪世兰哲苏:Lio/ktor/client/plugins/api/飘花落叶言子楪世苏兰哲;
smali\com\bumptech\glide\load\resource\bitmap\飘花落叶言子世苏楪兰哲.smali	179	    sget-object p1, Lcom/bumptech/glide/load/resource/bitmap/飘花落叶言子世苏楪兰哲;->飘花落叶言子楪世兰哲苏:Lio/ktor/client/plugins/api/飘花落叶言子楪世苏兰哲;
smali\com\bumptech\glide\load\resource\bitmap\飘花落叶言子世苏楪兰哲.smali	183	    iput-object p1, p0, Lcom/bumptech/glide/load/resource/bitmap/飘花落叶言子世苏楪兰哲;->飘花落叶言子楪世哲苏兰:Lio/ktor/client/plugins/api/飘花落叶言子楪世苏兰哲;
smali\com\bumptech\glide\load\resource\bitmap\飘花落叶言子世苏楪兰哲.smali	1196	    iget-object v1, p0, Lcom/bumptech/glide/load/resource/bitmap/飘花落叶言子世苏楪兰哲;->飘花落叶言子楪世哲苏兰:Lio/ktor/client/plugins/api/飘花落叶言子楪世苏兰哲;
smali\com\bumptech\glide\request\飘花落叶言子楪世兰哲苏.smali	710	    invoke-static {v2, v2, v1, v0}, Lio/ktor/client/plugins/飘花落叶言子楪哲兰苏世;->飘花落叶言子楪兰哲世苏(Landroid/content/Context;Landroid/content/Context;ILandroid/content/res/Resources$Theme;)Landroid/graphics/drawable/Drawable;
smali\com\bumptech\glide\request\飘花落叶言子楪世兰哲苏.smali	3622	    invoke-static {p2, p2, p1, v2}, Lio/ktor/client/plugins/飘花落叶言子楪哲兰苏世;->飘花落叶言子楪兰哲世苏(Landroid/content/Context;Landroid/content/Context;ILandroid/content/res/Resources$Theme;)Landroid/graphics/drawable/Drawable;
smali\com\bumptech\glide\request\飘花落叶言子楪世苏哲兰.smali	1030	    invoke-static {p0}, Ltop/suzhelan/qstory/hook/item/飘花落叶言子楪哲苏兰世;->飘花落叶言子楪苏哲世兰(Ljava/lang/Throwable;)V
smali\com\esotericsoftware\reflectasm\AccessClassLoader.smali	876	    invoke-static {p0}, Ltop/suzhelan/qstory/hook/item/飘花落叶言子楪哲苏兰世;->飘花落叶言子楪苏哲世兰(Ljava/lang/Throwable;)V
smali\com\google\android\flexbox\FlexboxLayout.smali	1817	    invoke-static {v0, v1}, Ltop/suzhelan/qstory/hook/item/飘花落叶言子楪哲苏兰世;->飘花落叶言子楪苏哲兰世(ILjava/lang/String;)V
smali\com\google\android\flexbox\FlexboxLayout.smali	2216	    invoke-static {v0, v1}, Ltop/suzhelan/qstory/hook/item/飘花落叶言子楪哲苏兰世;->飘花落叶言子楪苏哲兰世(ILjava/lang/String;)V
smali\com\google\android\flexbox\FlexboxLayout.smali	4026	    invoke-static {v0, v1}, Ltop/suzhelan/qstory/hook/item/飘花落叶言子楪哲苏兰世;->飘花落叶言子楪苏哲兰世(ILjava/lang/String;)V
smali\com\google\android\flexbox\FlexboxLayout.smali	5116	    invoke-static {v0, v1}, Ltop/suzhelan/qstory/hook/item/飘花落叶言子楪哲苏兰世;->飘花落叶言子楪苏哲兰世(ILjava/lang/String;)V
smali\com\google\android\material\chip\Chip.smali	2045	    new-instance v1, Llin/xposed/hook/javaplugin/view/飘花落叶言子楪世兰哲苏;
smali\com\google\android\material\chip\Chip.smali	2052	    invoke-direct {v1, v0, v2}, Llin/xposed/hook/javaplugin/view/飘花落叶言子楪世兰哲苏;-><init>(Ljava/lang/Object;I)V
smali\com\google\android\material\datepicker\飘花落叶言子楪兰苏哲世.smali	1906	    invoke-static {p0, v2, v1}, Llin/xposed/hook/javaplugin/飘花落叶言子楪世苏哲兰;->飘花落叶言子楪苏世兰哲(Ljava/lang/Object;Ljava/lang/String;Ljava/lang/Object;)V
smali\com\google\android\material\datepicker\飘花落叶言子楪兰苏哲世.smali	1915	    invoke-static {p0, v2, v1}, Llin/xposed/hook/javaplugin/飘花落叶言子楪世苏哲兰;->飘花落叶言子楪苏世兰哲(Ljava/lang/Object;Ljava/lang/String;Ljava/lang/Object;)V
smali\com\google\android\material\sidesheet\SideSheetBehavior.smali	2530	    invoke-static {p0, p1}, Ltop/suzhelan/qstory/hook/item/飘花落叶言子楪哲苏兰世;->飘花落叶言子楪苏哲兰世(ILjava/lang/String;)V
smali\com\google\gson\internal\飘花落叶言子楪世兰哲苏.smali	1015	    invoke-static {v1, p0, v2, v0}, Llin/xposed/hook/javaplugin/飘花落叶言子楪世苏哲兰;->飘花落叶言子楪兰哲苏世(Ljava/lang/String;Ljava/lang/Object;Ljava/lang/Object;Ljava/lang/Object;)V
smali\com\google\protobuf\GeneratedMessage$飘花落叶言子楪世苏哲兰.smali	1688	    invoke-static {p1, p0}, Llin/xposed/hook/javaplugin/飘花落叶言子楪世苏哲兰;->飘花落叶言子楪世哲苏兰(ILjava/lang/Object;)V
smali\com\google\protobuf\MapFieldLite.smali	267	    invoke-static {}, Llin/xposed/hook/javaplugin/飘花落叶言子楪世苏哲兰;->飘花落叶言子楪哲苏兰世()V
smali\com\google\protobuf\MapFieldLite.smali	539	    invoke-static {}, Llin/xposed/hook/javaplugin/飘花落叶言子楪世苏哲兰;->飘花落叶言子楪哲苏兰世()V
smali\com\google\protobuf\飘花落叶言世兰楪子苏哲.smali	1108	    invoke-static {}, Llin/xposed/hook/javaplugin/飘花落叶言子楪世苏哲兰;->飘花落叶言子楪哲苏兰世()V
smali\com\google\protobuf\飘花落叶言世楪兰哲苏子.smali	523	    invoke-static {}, Llin/xposed/hook/javaplugin/飘花落叶言子楪世苏哲兰;->飘花落叶言子楪哲苏兰世()V
smali\com\google\protobuf\飘花落叶言世苏兰楪子哲.smali	22898	    invoke-static {p0}, Ltop/suzhelan/qstory/hook/item/飘花落叶言子楪哲苏兰世;->飘花落叶言子楪苏哲世兰(Ljava/lang/Throwable;)V
smali\com\google\protobuf\飘花落叶言子楪苏世哲兰.smali	393	    invoke-static {}, Llin/xposed/hook/javaplugin/飘花落叶言子楪世苏哲兰;->飘花落叶言子楪哲苏兰世()V
smali\com\google\protobuf\飘花落叶言苏子兰哲楪世.smali	1144	    invoke-static {}, Llin/xposed/hook/javaplugin/飘花落叶言子楪世苏哲兰;->飘花落叶言子楪哲苏兰世()V
smali\com\google\protobuf\飘花落叶言苏子兰哲楪世.smali	1277	    invoke-static {p0}, Ltop/suzhelan/qstory/hook/item/飘花落叶言子楪哲苏兰世;->飘花落叶言子楪苏哲世兰(Ljava/lang/Throwable;)V
smali\com\google\protobuf\飘花落叶言苏子哲兰世楪.smali	767	    invoke-static {p1, v1}, Llin/xposed/hook/javaplugin/飘花落叶言子楪世苏哲兰;->飘花落叶言子楪世哲苏兰(ILjava/lang/Object;)V
smali\com\google\protobuf\飘花落叶言苏子哲兰世楪.smali	776	    invoke-static {p1, v1}, Llin/xposed/hook/javaplugin/飘花落叶言子楪世苏哲兰;->飘花落叶言子楪世哲苏兰(ILjava/lang/Object;)V
smali\com\google\protobuf\飘花落叶言苏子哲兰世楪.smali	1240	    invoke-static {p1, p0}, Llin/xposed/hook/javaplugin/飘花落叶言子楪世苏哲兰;->飘花落叶言子楪世哲苏兰(ILjava/lang/Object;)V
smali\com\google\protobuf\compiler\PluginProtos$CodeGeneratorRequest$飘花落叶言子楪世苏哲兰.smali	1	.class public final Lcom/google/protobuf/compiler/PluginProtos$CodeGeneratorRequest$飘花落叶言子楪世苏哲兰;
smali\com\google\protobuf\compiler\PluginProtos$CodeGeneratorRequest$飘花落叶言子楪世苏哲兰.smali	11	    value = Lcom/google/protobuf/compiler/PluginProtos$CodeGeneratorRequest;
smali\com\google\protobuf\compiler\PluginProtos$CodeGeneratorRequest$飘花落叶言子楪世苏哲兰.smali	31	.field private compilerVersion_:Lcom/google/protobuf/compiler/PluginProtos$Version;
smali\com\google\protobuf\compiler\PluginProtos$CodeGeneratorRequest$飘花落叶言子楪世苏哲兰.smali	88	    iput-object v0, p0, Lcom/google/protobuf/compiler/PluginProtos$CodeGeneratorRequest$飘花落叶言子楪世苏哲兰;->fileToGenerate_:Lcom/google/protobuf/飘花落叶言世子兰哲苏楪;
smali\com\google\protobuf\compiler\PluginProtos$CodeGeneratorRequest$飘花落叶言子楪世苏哲兰.smali	96	    iput-object v0, p0, Lcom/google/protobuf/compiler/PluginProtos$CodeGeneratorRequest$飘花落叶言子楪世苏哲兰;->parameter_:Ljava/lang/Object;
smali\com\google\protobuf\compiler\PluginProtos$CodeGeneratorRequest$飘花落叶言子楪世苏哲兰.smali	104	    iput-object v0, p0, Lcom/google/protobuf/compiler/PluginProtos$CodeGeneratorRequest$飘花落叶言子楪世苏哲兰;->protoFile_:Ljava/util/List;
smali\com\google\protobuf\compiler\PluginProtos$CodeGeneratorRequest$飘花落叶言子楪世苏哲兰.smali	108	    iput-object v0, p0, Lcom/google/protobuf/compiler/PluginProtos$CodeGeneratorRequest$飘花落叶言子楪世苏哲兰;->sourceFileDescriptors_:Ljava/util/List;
smali\com\google\protobuf\compiler\PluginProtos$CodeGeneratorRequest$飘花落叶言子楪世苏哲兰.smali	112	    invoke-direct {p0}, Lcom/google/protobuf/compiler/PluginProtos$CodeGeneratorRequest$飘花落叶言子楪世苏哲兰;->maybeForceBuilderInitialization()V
smali\com\google\protobuf\compiler\PluginProtos$CodeGeneratorRequest$飘花落叶言子楪世苏哲兰.smali	130	    iput-object p1, p0, Lcom/google/protobuf/compiler/PluginProtos$CodeGeneratorRequest$飘花落叶言子楪世苏哲兰;->fileToGenerate_:Lcom/google/protobuf/飘花落叶言世子兰哲苏楪;
smali\com\google\protobuf\compiler\PluginProtos$CodeGeneratorRequest$飘花落叶言子楪世苏哲兰.smali	135	    iput-object p1, p0, Lcom/google/protobuf/compiler/PluginProtos$CodeGeneratorRequest$飘花落叶言子楪世苏哲兰;->parameter_:Ljava/lang/Object;
smali\com\google\protobuf\compiler\PluginProtos$CodeGeneratorRequest$飘花落叶言子楪世苏哲兰.smali	140	    iput-object p1, p0, Lcom/google/protobuf/compiler/PluginProtos$CodeGeneratorRequest$飘花落叶言子楪世苏哲兰;->protoFile_:Ljava/util/List;
smali\com\google\protobuf\compiler\PluginProtos$CodeGeneratorRequest$飘花落叶言子楪世苏哲兰.smali	143	    iput-object p1, p0, Lcom/google/protobuf/compiler/PluginProtos$CodeGeneratorRequest$飘花落叶言子楪世苏哲兰;->sourceFileDescriptors_:Ljava/util/List;
smali\com\google\protobuf\compiler\PluginProtos$CodeGeneratorRequest$飘花落叶言子楪世苏哲兰.smali	146	    invoke-direct {p0}, Lcom/google/protobuf/compiler/PluginProtos$CodeGeneratorRequest$飘花落叶言子楪世苏哲兰;->maybeForceBuilderInitialization()V
smali\com\google\protobuf\compiler\PluginProtos$CodeGeneratorRequest$飘花落叶言子楪世苏哲兰.smali	155	    invoke-direct {p0, p1}, Lcom/google/protobuf/compiler/PluginProtos$CodeGeneratorRequest$飘花落叶言子楪世苏哲兰;-><init>(Lcom/google/protobuf/飘花落叶言子楪世苏兰哲;)V
smali\com\google\protobuf\compiler\PluginProtos$CodeGeneratorRequest$飘花落叶言子楪世苏哲兰.smali	164	    invoke-direct {p0}, Lcom/google/protobuf/compiler/PluginProtos$CodeGeneratorRequest$飘花落叶言子楪世苏哲兰;-><init>()V
smali\com\google\protobuf\compiler\PluginProtos$CodeGeneratorRequest$飘花落叶言子楪世苏哲兰.smali	169	.method private buildPartial0(Lcom/google/protobuf/compiler/PluginProtos$CodeGeneratorRequest;)V
smali\com\google\protobuf\compiler\PluginProtos$CodeGeneratorRequest$飘花落叶言子楪世苏哲兰.smali	173	    iget v0, p0, Lcom/google/protobuf/compiler/PluginProtos$CodeGeneratorRequest$飘花落叶言子楪世苏哲兰;->bitField0_:I
smali\com\google\protobuf\compiler\PluginProtos$CodeGeneratorRequest$飘花落叶言子楪世苏哲兰.smali	185	    iget-object v1, p0, Lcom/google/protobuf/compiler/PluginProtos$CodeGeneratorRequest$飘花落叶言子楪世苏哲兰;->fileToGenerate_:Lcom/google/protobuf/飘花落叶言世子兰哲苏楪;
smali\com\google\protobuf\compiler\PluginProtos$CodeGeneratorRequest$飘花落叶言子楪世苏哲兰.smali	194	    iget-object v1, p0, Lcom/google/protobuf/compiler/PluginProtos$CodeGeneratorRequest$飘花落叶言子楪世苏哲兰;->fileToGenerate_:Lcom/google/protobuf/飘花落叶言世子兰哲苏楪;
smali\com\google\protobuf\compiler\PluginProtos$CodeGeneratorRequest$飘花落叶言子楪世苏哲兰.smali	198	    invoke-static {p1, v1}, Lcom/google/protobuf/compiler/PluginProtos$CodeGeneratorRequest;->access$1802(Lcom/google/protobuf/compiler/PluginProtos$CodeGeneratorRequest;Lcom/google/protobuf/飘花落叶言世子兰哲苏楪;)Lcom/google/protobuf/飘花落叶言世子兰哲苏楪;
smali\com\google\protobuf\compiler\PluginProtos$CodeGeneratorRequest$飘花落叶言子楪世苏哲兰.smali	212	    iget-object v1, p0, Lcom/google/protobuf/compiler/PluginProtos$CodeGeneratorRequest$飘花落叶言子楪世苏哲兰;->parameter_:Ljava/lang/Object;
smali\com\google\protobuf\compiler\PluginProtos$CodeGeneratorRequest$飘花落叶言子楪世苏哲兰.smali	216	    invoke-static {p1, v1}, Lcom/google/protobuf/compiler/PluginProtos$CodeGeneratorRequest;->access$1902(Lcom/google/protobuf/compiler/PluginProtos$CodeGeneratorRequest;Ljava/lang/Object;)Ljava/lang/Object;
smali\com\google\protobuf\compiler\PluginProtos$CodeGeneratorRequest$飘花落叶言子楪世苏哲兰.smali	240	    iget-object v0, p0, Lcom/google/protobuf/compiler/PluginProtos$CodeGeneratorRequest$飘花落叶言子楪世苏哲兰;->compilerVersionBuilder_:Lcom/google/protobuf/飘花落叶言世兰子哲苏楪;
smali\com\google\protobuf\compiler\PluginProtos$CodeGeneratorRequest$飘花落叶言子楪世苏哲兰.smali	248	    iget-object p0, p0, Lcom/google/protobuf/compiler/PluginProtos$CodeGeneratorRequest$飘花落叶言子楪世苏哲兰;->compilerVersion_:Lcom/google/protobuf/compiler/PluginProtos$Version;
smali\com\google\protobuf\compiler\PluginProtos$CodeGeneratorRequest$飘花落叶言子楪世苏哲兰.smali	264	    check-cast p0, Lcom/google/protobuf/compiler/PluginProtos$Version;
smali\com\google\protobuf\compiler\PluginProtos$CodeGeneratorRequest$飘花落叶言子楪世苏哲兰.smali	269	    invoke-static {p1, p0}, Lcom/google/protobuf/compiler/PluginProtos$CodeGeneratorRequest;->access$2002(Lcom/google/protobuf/compiler/PluginProtos$CodeGeneratorRequest;Lcom/google/protobuf/compiler/PluginProtos$Version;)Lcom/google/protobuf/compiler/PluginProtos$Version;
smali\com\google\protobuf\compiler\PluginProtos$CodeGeneratorRequest$飘花落叶言子楪世苏哲兰.smali	279	    invoke-static {p1, v1}, Lcom/google/protobuf/compiler/PluginProtos$CodeGeneratorRequest;->access$2176(Lcom/google/protobuf/compiler/PluginProtos$CodeGeneratorRequest;I)I
smali\com\google\protobuf\compiler\PluginProtos$CodeGeneratorRequest$飘花落叶言子楪世苏哲兰.smali	287	.method private buildPartialRepeatedFields(Lcom/google/protobuf/compiler/PluginProtos$CodeGeneratorRequest;)V
smali\com\google\protobuf\compiler\PluginProtos$CodeGeneratorRequest$飘花落叶言子楪世苏哲兰.smali	291	    iget-object v0, p0, Lcom/google/protobuf/compiler/PluginProtos$CodeGeneratorRequest$飘花落叶言子楪世苏哲兰;->protoFileBuilder_:Lcom/google/protobuf/飘花落叶言世哲兰苏子楪;
smali\com\google\protobuf\compiler\PluginProtos$CodeGeneratorRequest$飘花落叶言子楪世苏哲兰.smali	299	    iget v0, p0, Lcom/google/protobuf/compiler/PluginProtos$CodeGeneratorRequest$飘花落叶言子楪世苏哲兰;->bitField0_:I
smali\com\google\protobuf\compiler\PluginProtos$CodeGeneratorRequest$飘花落叶言子楪世苏哲兰.smali	311	    iget-object v0, p0, Lcom/google/protobuf/compiler/PluginProtos$CodeGeneratorRequest$飘花落叶言子楪世苏哲兰;->protoFile_:Ljava/util/List;
smali\com\google\protobuf\compiler\PluginProtos$CodeGeneratorRequest$飘花落叶言子楪世苏哲兰.smali	323	    iput-object v0, p0, Lcom/google/protobuf/compiler/PluginProtos$CodeGeneratorRequest$飘花落叶言子楪世苏哲兰;->protoFile_:Ljava/util/List;
smali\com\google\protobuf\compiler\PluginProtos$CodeGeneratorRequest$飘花落叶言子楪世苏哲兰.smali	327	    iget v0, p0, Lcom/google/protobuf/compiler/PluginProtos$CodeGeneratorRequest$飘花落叶言子楪世苏哲兰;->bitField0_:I
smali\com\google\protobuf\compiler\PluginProtos$CodeGeneratorRequest$飘花落叶言子楪世苏哲兰.smali	335	    iput v0, p0, Lcom/google/protobuf/compiler/PluginProtos$CodeGeneratorRequest$飘花落叶言子楪世苏哲兰;->bitField0_:I
smali\com\google\protobuf\compiler\PluginProtos$CodeGeneratorRequest$飘花落叶言子楪世苏哲兰.smali	340	    iget-object v0, p0, Lcom/google/protobuf/compiler/PluginProtos$CodeGeneratorRequest$飘花落叶言子楪世苏哲兰;->protoFile_:Ljava/util/List;
smali\com\google\protobuf\compiler\PluginProtos$CodeGeneratorRequest$飘花落叶言子楪世苏哲兰.smali	344	    invoke-static {p1, v0}, Lcom/google/protobuf/compiler/PluginProtos$CodeGeneratorRequest;->access$1602(Lcom/google/protobuf/compiler/PluginProtos$CodeGeneratorRequest;Ljava/util/List;)Ljava/util/List;
smali\com\google\protobuf\compiler\PluginProtos$CodeGeneratorRequest$飘花落叶言子楪世苏哲兰.smali	361	    invoke-static {p1, v0}, Lcom/google/protobuf/compiler/PluginProtos$CodeGeneratorRequest;->access$1602(Lcom/google/protobuf/compiler/PluginProtos$CodeGeneratorRequest;Ljava/util/List;)Ljava/util/List;
smali\com\google\protobuf\compiler\PluginProtos$CodeGeneratorRequest$飘花落叶言子楪世苏哲兰.smali	367	    iget-object v0, p0, Lcom/google/protobuf/compiler/PluginProtos$CodeGeneratorRequest$飘花落叶言子楪世苏哲兰;->sourceFileDescriptorsBuilder_:Lcom/google/protobuf/飘花落叶言世哲兰苏子楪;
smali\com\google\protobuf\compiler\PluginProtos$CodeGeneratorRequest$飘花落叶言子楪世苏哲兰.smali	375	    iget v0, p0, Lcom/google/protobuf/compiler/PluginProtos$CodeGeneratorRequest$飘花落叶言子楪世苏哲兰;->bitField0_:I
smali\com\google\protobuf\compiler\PluginProtos$CodeGeneratorRequest$飘花落叶言子楪世苏哲兰.smali	387	    iget-object v0, p0, Lcom/google/protobuf/compiler/PluginProtos$CodeGeneratorRequest$飘花落叶言子楪世苏哲兰;->sourceFileDescriptors_:Ljava/util/List;
smali\com\google\protobuf\compiler\PluginProtos$CodeGeneratorRequest$飘花落叶言子楪世苏哲兰.smali	399	    iput-object v0, p0, Lcom/google/protobuf/compiler/PluginProtos$CodeGeneratorRequest$飘花落叶言子楪世苏哲兰;->sourceFileDescriptors_:Ljava/util/List;
smali\com\google\protobuf\compiler\PluginProtos$CodeGeneratorRequest$飘花落叶言子楪世苏哲兰.smali	403	    iget v0, p0, Lcom/google/protobuf/compiler/PluginProtos$CodeGeneratorRequest$飘花落叶言子楪世苏哲兰;->bitField0_:I
smali\com\google\protobuf\compiler\PluginProtos$CodeGeneratorRequest$飘花落叶言子楪世苏哲兰.smali	411	    iput v0, p0, Lcom/google/protobuf/compiler/PluginProtos$CodeGeneratorRequest$飘花落叶言子楪世苏哲兰;->bitField0_:I
smali\com\google\protobuf\compiler\PluginProtos$CodeGeneratorRequest$飘花落叶言子楪世苏哲兰.smali	416	    iget-object p0, p0, Lcom/google/protobuf/compiler/PluginProtos$CodeGeneratorRequest$飘花落叶言子楪世苏哲兰;->sourceFileDescriptors_:Ljava/util/List;
smali\com\google\protobuf\compiler\PluginProtos$CodeGeneratorRequest$飘花落叶言子楪世苏哲兰.smali	420	    invoke-static {p1, p0}, Lcom/google/protobuf/compiler/PluginProtos$CodeGeneratorRequest;->access$1702(Lcom/google/protobuf/compiler/PluginProtos$CodeGeneratorRequest;Ljava/util/List;)Ljava/util/List;
smali\com\google\protobuf\compiler\PluginProtos$CodeGeneratorRequest$飘花落叶言子楪世苏哲兰.smali	437	    invoke-static {p1, p0}, Lcom/google/protobuf/compiler/PluginProtos$CodeGeneratorRequest;->access$1702(Lcom/google/protobuf/compiler/PluginProtos$CodeGeneratorRequest;Ljava/util/List;)Ljava/util/List;
smali\com\google\protobuf\compiler\PluginProtos$CodeGeneratorRequest$飘花落叶言子楪世苏哲兰.smali	449	    iget-object v0, p0, Lcom/google/protobuf/compiler/PluginProtos$CodeGeneratorRequest$飘花落叶言子楪世苏哲兰;->fileToGenerate_:Lcom/google/protobuf/飘花落叶言世子兰哲苏楪;
smali\com\google\protobuf\compiler\PluginProtos$CodeGeneratorRequest$飘花落叶言子楪世苏哲兰.smali	465	    iget-object v1, p0, Lcom/google/protobuf/compiler/PluginProtos$CodeGeneratorRequest$飘花落叶言子楪世苏哲兰;->fileToGenerate_:Lcom/google/protobuf/飘花落叶言世子兰哲苏楪;
smali\com\google\protobuf\compiler\PluginProtos$CodeGeneratorRequest$飘花落叶言子楪世苏哲兰.smali	474	    iput-object v0, p0, Lcom/google/protobuf/compiler/PluginProtos$CodeGeneratorRequest$飘花落叶言子楪世苏哲兰;->fileToGenerate_:Lcom/google/protobuf/飘花落叶言世子兰哲苏楪;
smali\com\google\protobuf\compiler\PluginProtos$CodeGeneratorRequest$飘花落叶言子楪世苏哲兰.smali	479	    iget v0, p0, Lcom/google/protobuf/compiler/PluginProtos$CodeGeneratorRequest$飘花落叶言子楪世苏哲兰;->bitField0_:I
smali\com\google\protobuf\compiler\PluginProtos$CodeGeneratorRequest$飘花落叶言子楪世苏哲兰.smali	487	    iput v0, p0, Lcom/google/protobuf/compiler/PluginProtos$CodeGeneratorRequest$飘花落叶言子楪世苏哲兰;->bitField0_:I
smali\com\google\protobuf\compiler\PluginProtos$CodeGeneratorRequest$飘花落叶言子楪世苏哲兰.smali	498	    iget v0, p0, Lcom/google/protobuf/compiler/PluginProtos$CodeGeneratorRequest$飘花落叶言子楪世苏哲兰;->bitField0_:I
smali\com\google\protobuf\compiler\PluginProtos$CodeGeneratorRequest$飘花落叶言子楪世苏哲兰.smali	514	    iget-object v1, p0, Lcom/google/protobuf/compiler/PluginProtos$CodeGeneratorRequest$飘花落叶言子楪世苏哲兰;->protoFile_:Ljava/util/List;
smali\com\google\protobuf\compiler\PluginProtos$CodeGeneratorRequest$飘花落叶言子楪世苏哲兰.smali	523	    iput-object v0, p0, Lcom/google/protobuf/compiler/PluginProtos$CodeGeneratorRequest$飘花落叶言子楪世苏哲兰;->protoFile_:Ljava/util/List;
smali\com\google\protobuf\compiler\PluginProtos$CodeGeneratorRequest$飘花落叶言子楪世苏哲兰.smali	527	    iget v0, p0, Lcom/google/protobuf/compiler/PluginProtos$CodeGeneratorRequest$飘花落叶言子楪世苏哲兰;->bitField0_:I
smali\com\google\protobuf\compiler\PluginProtos$CodeGeneratorRequest$飘花落叶言子楪世苏哲兰.smali	535	    iput v0, p0, Lcom/google/protobuf/compiler/PluginProtos$CodeGeneratorRequest$飘花落叶言子楪世苏哲兰;->bitField0_:I
smali\com\google\protobuf\compiler\PluginProtos$CodeGeneratorRequest$飘花落叶言子楪世苏哲兰.smali	547	    iget v0, p0, Lcom/google/protobuf/compiler/PluginProtos$CodeGeneratorRequest$飘花落叶言子楪世苏哲兰;->bitField0_:I
smali\com\google\protobuf\compiler\PluginProtos$CodeGeneratorRequest$飘花落叶言子楪世苏哲兰.smali	563	    iget-object v1, p0, Lcom/google/protobuf/compiler/PluginProtos$CodeGeneratorRequest$飘花落叶言子楪世苏哲兰;->sourceFileDescriptors_:Ljava/util/List;
smali\com\google\protobuf\compiler\PluginProtos$CodeGeneratorRequest$飘花落叶言子楪世苏哲兰.smali	572	    iput-object v0, p0, Lcom/google/protobuf/compiler/PluginProtos$CodeGeneratorRequest$飘花落叶言子楪世苏哲兰;->sourceFileDescriptors_:Ljava/util/List;
smali\com\google\protobuf\compiler\PluginProtos$CodeGeneratorRequest$飘花落叶言子楪世苏哲兰.smali	576	    iget v0, p0, Lcom/google/protobuf/compiler/PluginProtos$CodeGeneratorRequest$飘花落叶言子楪世苏哲兰;->bitField0_:I
smali\com\google\protobuf\compiler\PluginProtos$CodeGeneratorRequest$飘花落叶言子楪世苏哲兰.smali	584	    iput v0, p0, Lcom/google/protobuf/compiler/PluginProtos$CodeGeneratorRequest$飘花落叶言子楪世苏哲兰;->bitField0_:I
smali\com\google\protobuf\compiler\PluginProtos$CodeGeneratorRequest$飘花落叶言子楪世苏哲兰.smali	613	    iget-object v0, p0, Lcom/google/protobuf/compiler/PluginProtos$CodeGeneratorRequest$飘花落叶言子楪世苏哲兰;->compilerVersionBuilder_:Lcom/google/protobuf/飘花落叶言世兰子哲苏楪;
smali\com\google\protobuf\compiler\PluginProtos$CodeGeneratorRequest$飘花落叶言子楪世苏哲兰.smali	625	    invoke-virtual {p0}, Lcom/google/protobuf/compiler/PluginProtos$CodeGeneratorRequest$飘花落叶言子楪世苏哲兰;->getCompilerVersion()Lcom/google/protobuf/compiler/PluginProtos$Version;
smali\com\google\protobuf\compiler\PluginProtos$CodeGeneratorRequest$飘花落叶言子楪世苏哲兰.smali	654	    iput-object v0, p0, Lcom/google/protobuf/compiler/PluginProtos$CodeGeneratorRequest$飘花落叶言子楪世苏哲兰;->compilerVersionBuilder_:Lcom/google/protobuf/飘花落叶言世兰子哲苏楪;
smali\com\google\protobuf\compiler\PluginProtos$CodeGeneratorRequest$飘花落叶言子楪世苏哲兰.smali	661	    iput-object v0, p0, Lcom/google/protobuf/compiler/PluginProtos$CodeGeneratorRequest$飘花落叶言子楪世苏哲兰;->compilerVersion_:Lcom/google/protobuf/compiler/PluginProtos$Version;
smali\com\google\protobuf\compiler\PluginProtos$CodeGeneratorRequest$飘花落叶言子楪世苏哲兰.smali	666	    iget-object p0, p0, Lcom/google/protobuf/compiler/PluginProtos$CodeGeneratorRequest$飘花落叶言子楪世苏哲兰;->compilerVersionBuilder_:Lcom/google/protobuf/飘花落叶言世兰子哲苏楪;
smali\com\google\protobuf\compiler\PluginProtos$CodeGeneratorRequest$飘花落叶言子楪世苏哲兰.smali	683	    iget-object v0, p0, Lcom/google/protobuf/compiler/PluginProtos$CodeGeneratorRequest$飘花落叶言子楪世苏哲兰;->protoFileBuilder_:Lcom/google/protobuf/飘花落叶言世哲兰苏子楪;
smali\com\google\protobuf\compiler\PluginProtos$CodeGeneratorRequest$飘花落叶言子楪世苏哲兰.smali	695	    iget-object v1, p0, Lcom/google/protobuf/compiler/PluginProtos$CodeGeneratorRequest$飘花落叶言子楪世苏哲兰;->protoFile_:Ljava/util/List;
smali\com\google\protobuf\compiler\PluginProtos$CodeGeneratorRequest$飘花落叶言子楪世苏哲兰.smali	720	    iput-object v0, p0, Lcom/google/protobuf/compiler/PluginProtos$CodeGeneratorRequest$飘花落叶言子楪世苏哲兰;->protoFileBuilder_:Lcom/google/protobuf/飘花落叶言世哲兰苏子楪;
smali\com\google\protobuf\compiler\PluginProtos$CodeGeneratorRequest$飘花落叶言子楪世苏哲兰.smali	727	    iput-object v0, p0, Lcom/google/protobuf/compiler/PluginProtos$CodeGeneratorRequest$飘花落叶言子楪世苏哲兰;->protoFile_:Ljava/util/List;
smali\com\google\protobuf\compiler\PluginProtos$CodeGeneratorRequest$飘花落叶言子楪世苏哲兰.smali	732	    iget-object p0, p0, Lcom/google/protobuf/compiler/PluginProtos$CodeGeneratorRequest$飘花落叶言子楪世苏哲兰;->protoFileBuilder_:Lcom/google/protobuf/飘花落叶言世哲兰苏子楪;
smali\com\google\protobuf\compiler\PluginProtos$CodeGeneratorRequest$飘花落叶言子楪世苏哲兰.smali	749	    iget-object v0, p0, Lcom/google/protobuf/compiler/PluginProtos$CodeGeneratorRequest$飘花落叶言子楪世苏哲兰;->sourceFileDescriptorsBuilder_:Lcom/google/protobuf/飘花落叶言世哲兰苏子楪;
smali\com\google\protobuf\compiler\PluginProtos$CodeGeneratorRequest$飘花落叶言子楪世苏哲兰.smali	761	    iget-object v1, p0, Lcom/google/protobuf/compiler/PluginProtos$CodeGeneratorRequest$飘花落叶言子楪世苏哲兰;->sourceFileDescriptors_:Ljava/util/List;
smali\com\google\protobuf\compiler\PluginProtos$CodeGeneratorRequest$飘花落叶言子楪世苏哲兰.smali	786	    iput-object v0, p0, Lcom/google/protobuf/compiler/PluginProtos$CodeGeneratorRequest$飘花落叶言子楪世苏哲兰;->sourceFileDescriptorsBuilder_:Lcom/google/protobuf/飘花落叶言世哲兰苏子楪;
smali\com\google\protobuf\compiler\PluginProtos$CodeGeneratorRequest$飘花落叶言子楪世苏哲兰.smali	793	    iput-object v0, p0, Lcom/google/protobuf/compiler/PluginProtos$CodeGeneratorRequest$飘花落叶言子楪世苏哲兰;->sourceFileDescriptors_:Ljava/util/List;
smali\com\google\protobuf\compiler\PluginProtos$CodeGeneratorRequest$飘花落叶言子楪世苏哲兰.smali	798	    iget-object p0, p0, Lcom/google/protobuf/compiler/PluginProtos$CodeGeneratorRequest$飘花落叶言子楪世苏哲兰;->sourceFileDescriptorsBuilder_:Lcom/google/protobuf/飘花落叶言世哲兰苏子楪;
smali\com\google\protobuf\compiler\PluginProtos$CodeGeneratorRequest$飘花落叶言子楪世苏哲兰.smali	809	    invoke-static {}, Lcom/google/protobuf/compiler/PluginProtos$CodeGeneratorRequest;->access$1400()Z
smali\com\google\protobuf\compiler\PluginProtos$CodeGeneratorRequest$飘花落叶言子楪世苏哲兰.smali	821	    invoke-direct {p0}, Lcom/google/protobuf/compiler/PluginProtos$CodeGeneratorRequest$飘花落叶言子楪世苏哲兰;->internalGetProtoFileFieldBuilder()Lcom/google/protobuf/飘花落叶言世哲兰苏子楪;
smali\com\google\protobuf\compiler\PluginProtos$CodeGeneratorRequest$飘花落叶言子楪世苏哲兰.smali	826	    invoke-direct {p0}, Lcom/google/protobuf/compiler/PluginProtos$CodeGeneratorRequest$飘花落叶言子楪世苏哲兰;->internalGetSourceFileDescriptorsFieldBuilder()Lcom/google/protobuf/飘花落叶言世哲兰苏子楪;
smali\com\google\protobuf\compiler\PluginProtos$CodeGeneratorRequest$飘花落叶言子楪世苏哲兰.smali	831	    invoke-direct {p0}, Lcom/google/protobuf/compiler/PluginProtos$CodeGeneratorRequest$飘花落叶言子楪世苏哲兰;->internalGetCompilerVersionFieldBuilder()Lcom/google/protobuf/飘花落叶言世兰子哲苏楪;
smali\com\google\protobuf\compiler\PluginProtos$CodeGeneratorRequest$飘花落叶言子楪世苏哲兰.smali	842	.method public addAllFileToGenerate(Ljava/lang/Iterable;)Lcom/google/protobuf/compiler/PluginProtos$CodeGeneratorRequest$飘花落叶言子楪世苏哲兰;
smali\com\google\protobuf\compiler\PluginProtos$CodeGeneratorRequest$飘花落叶言子楪世苏哲兰.smali	850	            "Lcom/google/protobuf/compiler/PluginProtos$CodeGeneratorRequest$\u98d8\u82b1\u843d\u53f6\u8a00\u5b50\u696a\u4e16\u82cf\u54f2\u5170;"
smali\com\google\protobuf\compiler\PluginProtos$CodeGeneratorRequest$飘花落叶言子楪世苏哲兰.smali	855	    invoke-direct {p0}, Lcom/google/protobuf/compiler/PluginProtos$CodeGeneratorRequest$飘花落叶言子楪世苏哲兰;->ensureFileToGenerateIsMutable()V
smali\com\google\protobuf\compiler\PluginProtos$CodeGeneratorRequest$飘花落叶言子楪世苏哲兰.smali	860	    iget-object v0, p0, Lcom/google/protobuf/compiler/PluginProtos$CodeGeneratorRequest$飘花落叶言子楪世苏哲兰;->fileToGenerate_:Lcom/google/protobuf/飘花落叶言世子兰哲苏楪;
smali\com\google\protobuf\compiler\PluginProtos$CodeGeneratorRequest$飘花落叶言子楪世苏哲兰.smali	869	    iget p1, p0, Lcom/google/protobuf/compiler/PluginProtos$CodeGeneratorRequest$飘花落叶言子楪世苏哲兰;->bitField0_:I
smali\com\google\protobuf\compiler\PluginProtos$CodeGeneratorRequest$飘花落叶言子楪世苏哲兰.smali	877	    iput p1, p0, Lcom/google/protobuf/compiler/PluginProtos$CodeGeneratorRequest$飘花落叶言子楪世苏哲兰;->bitField0_:I
smali\com\google\protobuf\compiler\PluginProtos$CodeGeneratorRequest$飘花落叶言子楪世苏哲兰.smali	889	.method public addAllProtoFile(Ljava/lang/Iterable;)Lcom/google/protobuf/compiler/PluginProtos$CodeGeneratorRequest$飘花落叶言子楪世苏哲兰;
smali\com\google\protobuf\compiler\PluginProtos$CodeGeneratorRequest$飘花落叶言子楪世苏哲兰.smali	898	            "Lcom/google/protobuf/compiler/PluginProtos$CodeGeneratorRequest$\u98d8\u82b1\u843d\u53f6\u8a00\u5b50\u696a\u4e16\u82cf\u54f2\u5170;"
smali\com\google\protobuf\compiler\PluginProtos$CodeGeneratorRequest$飘花落叶言子楪世苏哲兰.smali	903	    iget-object v0, p0, Lcom/google/protobuf/compiler/PluginProtos$CodeGeneratorRequest$飘花落叶言子楪世苏哲兰;->protoFileBuilder_:Lcom/google/protobuf/飘花落叶言世哲兰苏子楪;
smali\com\google\protobuf\compiler\PluginProtos$CodeGeneratorRequest$飘花落叶言子楪世苏哲兰.smali	911	    invoke-direct {p0}, Lcom/google/protobuf/compiler/PluginProtos$CodeGeneratorRequest$飘花落叶言子楪世苏哲兰;->ensureProtoFileIsMutable()V
smali\com\google\protobuf\compiler\PluginProtos$CodeGeneratorRequest$飘花落叶言子楪世苏哲兰.smali	916	    iget-object v0, p0, Lcom/google/protobuf/compiler/PluginProtos$CodeGeneratorRequest$飘花落叶言子楪世苏哲兰;->protoFile_:Ljava/util/List;
smali\com\google\protobuf\compiler\PluginProtos$CodeGeneratorRequest$飘花落叶言子楪世苏哲兰.smali	942	.method public addAllSourceFileDescriptors(Ljava/lang/Iterable;)Lcom/google/protobuf/compiler/PluginProtos$CodeGeneratorRequest$飘花落叶言子楪世苏哲兰;
smali\com\google\protobuf\compiler\PluginProtos$CodeGeneratorRequest$飘花落叶言子楪世苏哲兰.smali	951	            "Lcom/google/protobuf/compiler/PluginProtos$CodeGeneratorRequest$\u98d8\u82b1\u843d\u53f6\u8a00\u5b50\u696a\u4e16\u82cf\u54f2\u5170;"
smali\com\google\protobuf\compiler\PluginProtos$CodeGeneratorRequest$飘花落叶言子楪世苏哲兰.smali	956	    iget-object v0, p0, Lcom/google/protobuf/compiler/PluginProtos$CodeGeneratorRequest$飘花落叶言子楪世苏哲兰;->sourceFileDescriptorsBuilder_:Lcom/google/protobuf/飘花落叶言世哲兰苏子楪;
smali\com\google\protobuf\compiler\PluginProtos$CodeGeneratorRequest$飘花落叶言子楪世苏哲兰.smali	964	    invoke-direct {p0}, Lcom/google/protobuf/compiler/PluginProtos$CodeGeneratorRequest$飘花落叶言子楪世苏哲兰;->ensureSourceFileDescriptorsIsMutable()V
smali\com\google\protobuf\compiler\PluginProtos$CodeGeneratorRequest$飘花落叶言子楪世苏哲兰.smali	969	    iget-object v0, p0, Lcom/google/protobuf/compiler/PluginProtos$CodeGeneratorRequest$飘花落叶言子楪世苏哲兰;->sourceFileDescriptors_:Ljava/util/List;
smali\com\google\protobuf\compiler\PluginProtos$CodeGeneratorRequest$飘花落叶言子楪世苏哲兰.smali	995	.method public addFileToGenerate(Ljava/lang/String;)Lcom/google/protobuf/compiler/PluginProtos$CodeGeneratorRequest$飘花落叶言子楪世苏哲兰;
smali\com\google\protobuf\compiler\PluginProtos$CodeGeneratorRequest$飘花落叶言子楪世苏哲兰.smali	1004	    invoke-direct {p0}, Lcom/google/protobuf/compiler/PluginProtos$CodeGeneratorRequest$飘花落叶言子楪世苏哲兰;->ensureFileToGenerateIsMutable()V
smali\com\google\protobuf\compiler\PluginProtos$CodeGeneratorRequest$飘花落叶言子楪世苏哲兰.smali	1009	    iget-object v0, p0, Lcom/google/protobuf/compiler/PluginProtos$CodeGeneratorRequest$飘花落叶言子楪世苏哲兰;->fileToGenerate_:Lcom/google/protobuf/飘花落叶言世子兰哲苏楪;
smali\com\google\protobuf\compiler\PluginProtos$CodeGeneratorRequest$飘花落叶言子楪世苏哲兰.smali	1018	    iget p1, p0, Lcom/google/protobuf/compiler/PluginProtos$CodeGeneratorRequest$飘花落叶言子楪世苏哲兰;->bitField0_:I
smali\com\google\protobuf\compiler\PluginProtos$CodeGeneratorRequest$飘花落叶言子楪世苏哲兰.smali	1026	    iput p1, p0, Lcom/google/protobuf/compiler/PluginProtos$CodeGeneratorRequest$飘花落叶言子楪世苏哲兰;->bitField0_:I
smali\com\google\protobuf\compiler\PluginProtos$CodeGeneratorRequest$飘花落叶言子楪世苏哲兰.smali	1038	.method public addFileToGenerateBytes(Lcom/google/protobuf/ByteString;)Lcom/google/protobuf/compiler/PluginProtos$CodeGeneratorRequest$飘花落叶言子楪世苏哲兰;
smali\com\google\protobuf\compiler\PluginProtos$CodeGeneratorRequest$飘花落叶言子楪世苏哲兰.smali	1047	    invoke-direct {p0}, Lcom/google/protobuf/compiler/PluginProtos$CodeGeneratorRequest$飘花落叶言子楪世苏哲兰;->ensureFileToGenerateIsMutable()V
smali\com\google\protobuf\compiler\PluginProtos$CodeGeneratorRequest$飘花落叶言子楪世苏哲兰.smali	1052	    iget-object v0, p0, Lcom/google/protobuf/compiler/PluginProtos$CodeGeneratorRequest$飘花落叶言子楪世苏哲兰;->fileToGenerate_:Lcom/google/protobuf/飘花落叶言世子兰哲苏楪;
smali\com\google\protobuf\compiler\PluginProtos$CodeGeneratorRequest$飘花落叶言子楪世苏哲兰.smali	1061	    iget p1, p0, Lcom/google/protobuf/compiler/PluginProtos$CodeGeneratorRequest$飘花落叶言子楪世苏哲兰;->bitField0_:I
smali\com\google\protobuf\compiler\PluginProtos$CodeGeneratorRequest$飘花落叶言子楪世苏哲兰.smali	1069	    iput p1, p0, Lcom/google/protobuf/compiler/PluginProtos$CodeGeneratorRequest$飘花落叶言子楪世苏哲兰;->bitField0_:I
smali\com\google\protobuf\compiler\PluginProtos$CodeGeneratorRequest$飘花落叶言子楪世苏哲兰.smali	1081	.method public addProtoFile(ILcom/google/protobuf/DescriptorProtos$FileDescriptorProto$飘花落叶言子楪世苏哲兰;)Lcom/google/protobuf/compiler/PluginProtos$CodeGeneratorRequest$飘花落叶言子楪世苏哲兰;
smali\com\google\protobuf\compiler\PluginProtos$CodeGeneratorRequest$飘花落叶言子楪世苏哲兰.smali	1085	    iget-object v0, p0, Lcom/google/protobuf/compiler/PluginProtos$CodeGeneratorRequest$飘花落叶言子楪世苏哲兰;->protoFileBuilder_:Lcom/google/protobuf/飘花落叶言世哲兰苏子楪;
smali\com\google\protobuf\compiler\PluginProtos$CodeGeneratorRequest$飘花落叶言子楪世苏哲兰.smali	1090	    invoke-direct {p0}, Lcom/google/protobuf/compiler/PluginProtos$CodeGeneratorRequest$飘花落叶言子楪世苏哲兰;->ensureProtoFileIsMutable()V
smali\com\google\protobuf\compiler\PluginProtos$CodeGeneratorRequest$飘花落叶言子楪世苏哲兰.smali	1093	    iget-object v0, p0, Lcom/google/protobuf/compiler/PluginProtos$CodeGeneratorRequest$飘花落叶言子楪世苏哲兰;->protoFile_:Ljava/util/List;
smali\com\google\protobuf\compiler\PluginProtos$CodeGeneratorRequest$飘花落叶言子楪世苏哲兰.smali	1117	.method public addProtoFile(ILcom/google/protobuf/DescriptorProtos$FileDescriptorProto;)Lcom/google/protobuf/compiler/PluginProtos$CodeGeneratorRequest$飘花落叶言子楪世苏哲兰;
smali\com\google\protobuf\compiler\PluginProtos$CodeGeneratorRequest$飘花落叶言子楪世苏哲兰.smali	1121	    iget-object v0, p0, Lcom/google/protobuf/compiler/PluginProtos$CodeGeneratorRequest$飘花落叶言子楪世苏哲兰;->protoFileBuilder_:Lcom/google/protobuf/飘花落叶言世哲兰苏子楪;
smali\com\google\protobuf\compiler\PluginProtos$CodeGeneratorRequest$飘花落叶言子楪世苏哲兰.smali	1129	    invoke-direct {p0}, Lcom/google/protobuf/compiler/PluginProtos$CodeGeneratorRequest$飘花落叶言子楪世苏哲兰;->ensureProtoFileIsMutable()V
smali\com\google\protobuf\compiler\PluginProtos$CodeGeneratorRequest$飘花落叶言子楪世苏哲兰.smali	1132	    iget-object v0, p0, Lcom/google/protobuf/compiler/PluginProtos$CodeGeneratorRequest$飘花落叶言子楪世苏哲兰;->protoFile_:Ljava/util/List;
smali\com\google\protobuf\compiler\PluginProtos$CodeGeneratorRequest$飘花落叶言子楪世苏哲兰.smali	1148	.method public addProtoFile(Lcom/google/protobuf/DescriptorProtos$FileDescriptorProto$飘花落叶言子楪世苏哲兰;)Lcom/google/protobuf/compiler/PluginProtos$CodeGeneratorRequest$飘花落叶言子楪世苏哲兰;
smali\com\google\protobuf\compiler\PluginProtos$CodeGeneratorRequest$飘花落叶言子楪世苏哲兰.smali	1152	    iget-object v0, p0, Lcom/google/protobuf/compiler/PluginProtos$CodeGeneratorRequest$飘花落叶言子楪世苏哲兰;->protoFileBuilder_:Lcom/google/protobuf/飘花落叶言世哲兰苏子楪;
smali\com\google\protobuf\compiler\PluginProtos$CodeGeneratorRequest$飘花落叶言子楪世苏哲兰.smali	1160	    invoke-direct {p0}, Lcom/google/protobuf/compiler/PluginProtos$CodeGeneratorRequest$飘花落叶言子楪世苏哲兰;->ensureProtoFileIsMutable()V
smali\com\google\protobuf\compiler\PluginProtos$CodeGeneratorRequest$飘花落叶言子楪世苏哲兰.smali	1165	    iget-object v0, p0, Lcom/google/protobuf/compiler/PluginProtos$CodeGeneratorRequest$飘花落叶言子楪世苏哲兰;->protoFile_:Ljava/util/List;
smali\com\google\protobuf\compiler\PluginProtos$CodeGeneratorRequest$飘花落叶言子楪世苏哲兰.smali	1207	.method public addProtoFile(Lcom/google/protobuf/DescriptorProtos$FileDescriptorProto;)Lcom/google/protobuf/compiler/PluginProtos$CodeGeneratorRequest$飘花落叶言子楪世苏哲兰;
smali\com\google\protobuf\compiler\PluginProtos$CodeGeneratorRequest$飘花落叶言子楪世苏哲兰.smali	1211	    iget-object v0, p0, Lcom/google/protobuf/compiler/PluginProtos$CodeGeneratorRequest$飘花落叶言子楪世苏哲兰;->protoFileBuilder_:Lcom/google/protobuf/飘花落叶言世哲兰苏子楪;
smali\com\google\protobuf\compiler\PluginProtos$CodeGeneratorRequest$飘花落叶言子楪世苏哲兰.smali	1219	    invoke-direct {p0}, Lcom/google/protobuf/compiler/PluginProtos$CodeGeneratorRequest$飘花落叶言子楪世苏哲兰;->ensureProtoFileIsMutable()V
smali\com\google\protobuf\compiler\PluginProtos$CodeGeneratorRequest$飘花落叶言子楪世苏哲兰.smali	1222	    iget-object v0, p0, Lcom/google/protobuf/compiler/PluginProtos$CodeGeneratorRequest$飘花落叶言子楪世苏哲兰;->protoFile_:Ljava/util/List;
smali\com\google\protobuf\compiler\PluginProtos$CodeGeneratorRequest$飘花落叶言子楪世苏哲兰.smali	1242	    invoke-direct {p0}, Lcom/google/protobuf/compiler/PluginProtos$CodeGeneratorRequest$飘花落叶言子楪世苏哲兰;->internalGetProtoFileFieldBuilder()Lcom/google/protobuf/飘花落叶言世哲兰苏子楪;
smali\com\google\protobuf\compiler\PluginProtos$CodeGeneratorRequest$飘花落叶言子楪世苏哲兰.smali	1277	    invoke-direct {p0}, Lcom/google/protobuf/compiler/PluginProtos$CodeGeneratorRequest$飘花落叶言子楪世苏哲兰;->internalGetProtoFileFieldBuilder()Lcom/google/protobuf/飘花落叶言世哲兰苏子楪;
smali\com\google\protobuf\compiler\PluginProtos$CodeGeneratorRequest$飘花落叶言子楪世苏哲兰.smali	1296	.method public addSourceFileDescriptors(ILcom/google/protobuf/DescriptorProtos$FileDescriptorProto$飘花落叶言子楪世苏哲兰;)Lcom/google/protobuf/compiler/PluginProtos$CodeGeneratorRequest$飘花落叶言子楪世苏哲兰;
smali\com\google\protobuf\compiler\PluginProtos$CodeGeneratorRequest$飘花落叶言子楪世苏哲兰.smali	1300	    iget-object v0, p0, Lcom/google/protobuf/compiler/PluginProtos$CodeGeneratorRequest$飘花落叶言子楪世苏哲兰;->sourceFileDescriptorsBuilder_:Lcom/google/protobuf/飘花落叶言世哲兰苏子楪;
smali\com\google\protobuf\compiler\PluginProtos$CodeGeneratorRequest$飘花落叶言子楪世苏哲兰.smali	1305	    invoke-direct {p0}, Lcom/google/protobuf/compiler/PluginProtos$CodeGeneratorRequest$飘花落叶言子楪世苏哲兰;->ensureSourceFileDescriptorsIsMutable()V
smali\com\google\protobuf\compiler\PluginProtos$CodeGeneratorRequest$飘花落叶言子楪世苏哲兰.smali	1308	    iget-object v0, p0, Lcom/google/protobuf/compiler/PluginProtos$CodeGeneratorRequest$飘花落叶言子楪世苏哲兰;->sourceFileDescriptors_:Ljava/util/List;
smali\com\google\protobuf\compiler\PluginProtos$CodeGeneratorRequest$飘花落叶言子楪世苏哲兰.smali	1332	.method public addSourceFileDescriptors(ILcom/google/protobuf/DescriptorProtos$FileDescriptorProto;)Lcom/google/protobuf/compiler/PluginProtos$CodeGeneratorRequest$飘花落叶言子楪世苏哲兰;
smali\com\google\protobuf\compiler\PluginProtos$CodeGeneratorRequest$飘花落叶言子楪世苏哲兰.smali	1336	    iget-object v0, p0, Lcom/google/protobuf/compiler/PluginProtos$CodeGeneratorRequest$飘花落叶言子楪世苏哲兰;->sourceFileDescriptorsBuilder_:Lcom/google/protobuf/飘花落叶言世哲兰苏子楪;
smali\com\google\protobuf\compiler\PluginProtos$CodeGeneratorRequest$飘花落叶言子楪世苏哲兰.smali	1344	    invoke-direct {p0}, Lcom/google/protobuf/compiler/PluginProtos$CodeGeneratorRequest$飘花落叶言子楪世苏哲兰;->ensureSourceFileDescriptorsIsMutable()V
smali\com\google\protobuf\compiler\PluginProtos$CodeGeneratorRequest$飘花落叶言子楪世苏哲兰.smali	1347	    iget-object v0, p0, Lcom/google/protobuf/compiler/PluginProtos$CodeGeneratorRequest$飘花落叶言子楪世苏哲兰;->sourceFileDescriptors_:Ljava/util/List;
smali\com\google\protobuf\compiler\PluginProtos$CodeGeneratorRequest$飘花落叶言子楪世苏哲兰.smali	1363	.method public addSourceFileDescriptors(Lcom/google/protobuf/DescriptorProtos$FileDescriptorProto$飘花落叶言子楪世苏哲兰;)Lcom/google/protobuf/compiler/PluginProtos$CodeGeneratorRequest$飘花落叶言子楪世苏哲兰;
smali\com\google\protobuf\compiler\PluginProtos$CodeGeneratorRequest$飘花落叶言子楪世苏哲兰.smali	1367	    iget-object v0, p0, Lcom/google/protobuf/compiler/PluginProtos$CodeGeneratorRequest$飘花落叶言子楪世苏哲兰;->sourceFileDescriptorsBuilder_:Lcom/google/protobuf/飘花落叶言世哲兰苏子楪;
smali\com\google\protobuf\compiler\PluginProtos$CodeGeneratorRequest$飘花落叶言子楪世苏哲兰.smali	1375	    invoke-direct {p0}, Lcom/google/protobuf/compiler/PluginProtos$CodeGeneratorRequest$飘花落叶言子楪世苏哲兰;->ensureSourceFileDescriptorsIsMutable()V
smali\com\google\protobuf\compiler\PluginProtos$CodeGeneratorRequest$飘花落叶言子楪世苏哲兰.smali	1380	    iget-object v0, p0, Lcom/google/protobuf/compiler/PluginProtos$CodeGeneratorRequest$飘花落叶言子楪世苏哲兰;->sourceFileDescriptors_:Ljava/util/List;
smali\com\google\protobuf\compiler\PluginProtos$CodeGeneratorRequest$飘花落叶言子楪世苏哲兰.smali	1422	.method public addSourceFileDescriptors(Lcom/google/protobuf/DescriptorProtos$FileDescriptorProto;)Lcom/google/protobuf/compiler/PluginProtos$CodeGeneratorRequest$飘花落叶言子楪世苏哲兰;
smali\com\google\protobuf\compiler\PluginProtos$CodeGeneratorRequest$飘花落叶言子楪世苏哲兰.smali	1426	    iget-object v0, p0, Lcom/google/protobuf/compiler/PluginProtos$CodeGeneratorRequest$飘花落叶言子楪世苏哲兰;->sourceFileDescriptorsBuilder_:Lcom/google/protobuf/飘花落叶言世哲兰苏子楪;
smali\com\google\protobuf\compiler\PluginProtos$CodeGeneratorRequest$飘花落叶言子楪世苏哲兰.smali	1434	    invoke-direct {p0}, Lcom/google/protobuf/compiler/PluginProtos$CodeGeneratorRequest$飘花落叶言子楪世苏哲兰;->ensureSourceFileDescriptorsIsMutable()V
smali\com\google\protobuf\compiler\PluginProtos$CodeGeneratorRequest$飘花落叶言子楪世苏哲兰.smali	1437	    iget-object v0, p0, Lcom/google/protobuf/compiler/PluginProtos$CodeGeneratorRequest$飘花落叶言子楪世苏哲兰;->sourceFileDescriptors_:Ljava/util/List;
smali\com\google\protobuf\compiler\PluginProtos$CodeGeneratorRequest$飘花落叶言子楪世苏哲兰.smali	1457	    invoke-direct {p0}, Lcom/google/protobuf/compiler/PluginProtos$CodeGeneratorRequest$飘花落叶言子楪世苏哲兰;->internalGetSourceFileDescriptorsFieldBuilder()Lcom/google/protobuf/飘花落叶言世哲兰苏子楪;
smali\com\google\protobuf\compiler\PluginProtos$CodeGeneratorRequest$飘花落叶言子楪世苏哲兰.smali	1492	    invoke-direct {p0}, Lcom/google/protobuf/compiler/PluginProtos$CodeGeneratorRequest$飘花落叶言子楪世苏哲兰;->internalGetSourceFileDescriptorsFieldBuilder()Lcom/google/protobuf/飘花落叶言世哲兰苏子楪;
smali\com\google\protobuf\compiler\PluginProtos$CodeGeneratorRequest$飘花落叶言子楪世苏哲兰.smali	1511	.method public build()Lcom/google/protobuf/compiler/PluginProtos$CodeGeneratorRequest;
smali\com\google\protobuf\compiler\PluginProtos$CodeGeneratorRequest$飘花落叶言子楪世苏哲兰.smali	1515	    invoke-virtual {p0}, Lcom/google/protobuf/compiler/PluginProtos$CodeGeneratorRequest$飘花落叶言子楪世苏哲兰;->buildPartial()Lcom/google/protobuf/compiler/PluginProtos$CodeGeneratorRequest;
smali\com\google\protobuf\compiler\PluginProtos$CodeGeneratorRequest$飘花落叶言子楪世苏哲兰.smali	1523	    invoke-virtual {p0}, Lcom/google/protobuf/compiler/PluginProtos$CodeGeneratorRequest;->isInitialized()Z
smali\com\google\protobuf\compiler\PluginProtos$CodeGeneratorRequest$飘花落叶言子楪世苏哲兰.smali	1554	    invoke-virtual {p0}, Lcom/google/protobuf/compiler/PluginProtos$CodeGeneratorRequest$飘花落叶言子楪世苏哲兰;->build()Lcom/google/protobuf/compiler/PluginProtos$CodeGeneratorRequest;
smali\com\google\protobuf\compiler\PluginProtos$CodeGeneratorRequest$飘花落叶言子楪世苏哲兰.smali	1565	    invoke-virtual {p0}, Lcom/google/protobuf/compiler/PluginProtos$CodeGeneratorRequest$飘花落叶言子楪世苏哲兰;->build()Lcom/google/protobuf/compiler/PluginProtos$CodeGeneratorRequest;
smali\com\google\protobuf\compiler\PluginProtos$CodeGeneratorRequest$飘花落叶言子楪世苏哲兰.smali	1572	.method public buildPartial()Lcom/google/protobuf/compiler/PluginProtos$CodeGeneratorRequest;
smali\com\google\protobuf\compiler\PluginProtos$CodeGeneratorRequest$飘花落叶言子楪世苏哲兰.smali	1576	    new-instance v0, Lcom/google/protobuf/compiler/PluginProtos$CodeGeneratorRequest;
smali\com\google\protobuf\compiler\PluginProtos$CodeGeneratorRequest$飘花落叶言子楪世苏哲兰.smali	1583	    invoke-direct {v0, p0, v1}, Lcom/google/protobuf/compiler/PluginProtos$CodeGeneratorRequest;-><init>(Lcom/google/protobuf/GeneratedMessage$飘花落叶言子楪世苏哲兰;L飘花落叶言楪哲苏子世兰/飘花落叶言子楪世苏哲兰;)V
smali\com\google\protobuf\compiler\PluginProtos$CodeGeneratorRequest$飘花落叶言子楪世苏哲兰.smali	1588	    invoke-direct {p0, v0}, Lcom/google/protobuf/compiler/PluginProtos$CodeGeneratorRequest$飘花落叶言子楪世苏哲兰;->buildPartialRepeatedFields(Lcom/google/protobuf/compiler/PluginProtos$CodeGeneratorRequest;)V
smali\com\google\protobuf\compiler\PluginProtos$CodeGeneratorRequest$飘花落叶言子楪世苏哲兰.smali	1593	    iget v1, p0, Lcom/google/protobuf/compiler/PluginProtos$CodeGeneratorRequest$飘花落叶言子楪世苏哲兰;->bitField0_:I
smali\com\google\protobuf\compiler\PluginProtos$CodeGeneratorRequest$飘花落叶言子楪世苏哲兰.smali	1601	    invoke-direct {p0, v0}, Lcom/google/protobuf/compiler/PluginProtos$CodeGeneratorRequest$飘花落叶言子楪世苏哲兰;->buildPartial0(Lcom/google/protobuf/compiler/PluginProtos$CodeGeneratorRequest;)V
smali\com\google\protobuf\compiler\PluginProtos$CodeGeneratorRequest$飘花落叶言子楪世苏哲兰.smali	1619	    invoke-virtual {p0}, Lcom/google/protobuf/compiler/PluginProtos$CodeGeneratorRequest$飘花落叶言子楪世苏哲兰;->buildPartial()Lcom/google/protobuf/compiler/PluginProtos$CodeGeneratorRequest;
smali\com\google\protobuf\compiler\PluginProtos$CodeGeneratorRequest$飘花落叶言子楪世苏哲兰.smali	1630	    invoke-virtual {p0}, Lcom/google/protobuf/compiler/PluginProtos$CodeGeneratorRequest$飘花落叶言子楪世苏哲兰;->buildPartial()Lcom/google/protobuf/compiler/PluginProtos$CodeGeneratorRequest;
smali\com\google\protobuf\compiler\PluginProtos$CodeGeneratorRequest$飘花落叶言子楪世苏哲兰.smali	1641	    invoke-virtual {p0}, Lcom/google/protobuf/compiler/PluginProtos$CodeGeneratorRequest$飘花落叶言子楪世苏哲兰;->clear()Lcom/google/protobuf/compiler/PluginProtos$CodeGeneratorRequest$飘花落叶言子楪世苏哲兰;
smali\com\google\protobuf\compiler\PluginProtos$CodeGeneratorRequest$飘花落叶言子楪世苏哲兰.smali	1648	.method public clear()Lcom/google/protobuf/compiler/PluginProtos$CodeGeneratorRequest$飘花落叶言子楪世苏哲兰;
smali\com\google\protobuf\compiler\PluginProtos$CodeGeneratorRequest$飘花落叶言子楪世苏哲兰.smali	1660	    iput v0, p0, Lcom/google/protobuf/compiler/PluginProtos$CodeGeneratorRequest$飘花落叶言子楪世苏哲兰;->bitField0_:I
smali\com\google\protobuf\compiler\PluginProtos$CodeGeneratorRequest$飘花落叶言子楪世苏哲兰.smali	1668	    iput-object v0, p0, Lcom/google/protobuf/compiler/PluginProtos$CodeGeneratorRequest$飘花落叶言子楪世苏哲兰;->fileToGenerate_:Lcom/google/protobuf/飘花落叶言世子兰哲苏楪;
smali\com\google\protobuf\compiler\PluginProtos$CodeGeneratorRequest$飘花落叶言子楪世苏哲兰.smali	1676	    iput-object v0, p0, Lcom/google/protobuf/compiler/PluginProtos$CodeGeneratorRequest$飘花落叶言子楪世苏哲兰;->parameter_:Ljava/lang/Object;
smali\com\google\protobuf\compiler\PluginProtos$CodeGeneratorRequest$飘花落叶言子楪世苏哲兰.smali	1680	    iget-object v0, p0, Lcom/google/protobuf/compiler/PluginProtos$CodeGeneratorRequest$飘花落叶言子楪世苏哲兰;->protoFileBuilder_:Lcom/google/protobuf/飘花落叶言世哲兰苏子楪;
smali\com\google\protobuf\compiler\PluginProtos$CodeGeneratorRequest$飘花落叶言子楪世苏哲兰.smali	1695	    iput-object v0, p0, Lcom/google/protobuf/compiler/PluginProtos$CodeGeneratorRequest$飘花落叶言子楪世苏哲兰;->protoFile_:Ljava/util/List;
smali\com\google\protobuf\compiler\PluginProtos$CodeGeneratorRequest$飘花落叶言子楪世苏哲兰.smali	1703	    iput-object v1, p0, Lcom/google/protobuf/compiler/PluginProtos$CodeGeneratorRequest$飘花落叶言子楪世苏哲兰;->protoFile_:Ljava/util/List;
smali\com\google\protobuf\compiler\PluginProtos$CodeGeneratorRequest$飘花落叶言子楪世苏哲兰.smali	1713	    iget v0, p0, Lcom/google/protobuf/compiler/PluginProtos$CodeGeneratorRequest$飘花落叶言子楪世苏哲兰;->bitField0_:I
smali\com\google\protobuf\compiler\PluginProtos$CodeGeneratorRequest$飘花落叶言子楪世苏哲兰.smali	1721	    iput v0, p0, Lcom/google/protobuf/compiler/PluginProtos$CodeGeneratorRequest$飘花落叶言子楪世苏哲兰;->bitField0_:I
smali\com\google\protobuf\compiler\PluginProtos$CodeGeneratorRequest$飘花落叶言子楪世苏哲兰.smali	1725	    iget-object v0, p0, Lcom/google/protobuf/compiler/PluginProtos$CodeGeneratorRequest$飘花落叶言子楪世苏哲兰;->sourceFileDescriptorsBuilder_:Lcom/google/protobuf/飘花落叶言世哲兰苏子楪;
smali\com\google\protobuf\compiler\PluginProtos$CodeGeneratorRequest$飘花落叶言子楪世苏哲兰.smali	1737	    iput-object v0, p0, Lcom/google/protobuf/compiler/PluginProtos$CodeGeneratorRequest$飘花落叶言子楪世苏哲兰;->sourceFileDescriptors_:Ljava/util/List;
smali\com\google\protobuf\compiler\PluginProtos$CodeGeneratorRequest$飘花落叶言子楪世苏哲兰.smali	1745	    iput-object v1, p0, Lcom/google/protobuf/compiler/PluginProtos$CodeGeneratorRequest$飘花落叶言子楪世苏哲兰;->sourceFileDescriptors_:Ljava/util/List;
smali\com\google\protobuf\compiler\PluginProtos$CodeGeneratorRequest$飘花落叶言子楪世苏哲兰.smali	1755	    iget v0, p0, Lcom/google/protobuf/compiler/PluginProtos$CodeGeneratorRequest$飘花落叶言子楪世苏哲兰;->bitField0_:I
smali\com\google\protobuf\compiler\PluginProtos$CodeGeneratorRequest$飘花落叶言子楪世苏哲兰.smali	1763	    iput v0, p0, Lcom/google/protobuf/compiler/PluginProtos$CodeGeneratorRequest$飘花落叶言子楪世苏哲兰;->bitField0_:I
smali\com\google\protobuf\compiler\PluginProtos$CodeGeneratorRequest$飘花落叶言子楪世苏哲兰.smali	1767	    iput-object v1, p0, Lcom/google/protobuf/compiler/PluginProtos$CodeGeneratorRequest$飘花落叶言子楪世苏哲兰;->compilerVersion_:Lcom/google/protobuf/compiler/PluginProtos$Version;
smali\com\google\protobuf\compiler\PluginProtos$CodeGeneratorRequest$飘花落叶言子楪世苏哲兰.smali	1771	    iget-object v0, p0, Lcom/google/protobuf/compiler/PluginProtos$CodeGeneratorRequest$飘花落叶言子楪世苏哲兰;->compilerVersionBuilder_:Lcom/google/protobuf/飘花落叶言世兰子哲苏楪;
smali\com\google\protobuf\compiler\PluginProtos$CodeGeneratorRequest$飘花落叶言子楪世苏哲兰.smali	1783	    iput-object v1, p0, Lcom/google/protobuf/compiler/PluginProtos$CodeGeneratorRequest$飘花落叶言子楪世苏哲兰;->compilerVersionBuilder_:Lcom/google/protobuf/飘花落叶言世兰子哲苏楪;
smali\com\google\protobuf\compiler\PluginProtos$CodeGeneratorRequest$飘花落叶言子楪世苏哲兰.smali	1795	    invoke-virtual {p0}, Lcom/google/protobuf/compiler/PluginProtos$CodeGeneratorRequest$飘花落叶言子楪世苏哲兰;->clear()Lcom/google/protobuf/compiler/PluginProtos$CodeGeneratorRequest$飘花落叶言子楪世苏哲兰;
smali\com\google\protobuf\compiler\PluginProtos$CodeGeneratorRequest$飘花落叶言子楪世苏哲兰.smali	1806	    invoke-virtual {p0}, Lcom/google/protobuf/compiler/PluginProtos$CodeGeneratorRequest$飘花落叶言子楪世苏哲兰;->clear()Lcom/google/protobuf/compiler/PluginProtos$CodeGeneratorRequest$飘花落叶言子楪世苏哲兰;
smali\com\google\protobuf\compiler\PluginProtos$CodeGeneratorRequest$飘花落叶言子楪世苏哲兰.smali	1817	    invoke-virtual {p0}, Lcom/google/protobuf/compiler/PluginProtos$CodeGeneratorRequest$飘花落叶言子楪世苏哲兰;->clear()Lcom/google/protobuf/compiler/PluginProtos$CodeGeneratorRequest$飘花落叶言子楪世苏哲兰;
smali\com\google\protobuf\compiler\PluginProtos$CodeGeneratorRequest$飘花落叶言子楪世苏哲兰.smali	1824	.method public clearCompilerVersion()Lcom/google/protobuf/compiler/PluginProtos$CodeGeneratorRequest$飘花落叶言子楪世苏哲兰;
smali\com\google\protobuf\compiler\PluginProtos$CodeGeneratorRequest$飘花落叶言子楪世苏哲兰.smali	1828	    iget v0, p0, Lcom/google/protobuf/compiler/PluginProtos$CodeGeneratorRequest$飘花落叶言子楪世苏哲兰;->bitField0_:I
smali\com\google\protobuf\compiler\PluginProtos$CodeGeneratorRequest$飘花落叶言子楪世苏哲兰.smali	1836	    iput v0, p0, Lcom/google/protobuf/compiler/PluginProtos$CodeGeneratorRequest$飘花落叶言子楪世苏哲兰;->bitField0_:I
smali\com\google\protobuf\compiler\PluginProtos$CodeGeneratorRequest$飘花落叶言子楪世苏哲兰.smali	1843	    iput-object v0, p0, Lcom/google/protobuf/compiler/PluginProtos$CodeGeneratorRequest$飘花落叶言子楪世苏哲兰;->compilerVersion_:Lcom/google/protobuf/compiler/PluginProtos$Version;
smali\com\google\protobuf\compiler\PluginProtos$CodeGeneratorRequest$飘花落叶言子楪世苏哲兰.smali	1847	    iget-object v1, p0, Lcom/google/protobuf/compiler/PluginProtos$CodeGeneratorRequest$飘花落叶言子楪世苏哲兰;->compilerVersionBuilder_:Lcom/google/protobuf/飘花落叶言世兰子哲苏楪;
smali\com\google\protobuf\compiler\PluginProtos$CodeGeneratorRequest$飘花落叶言子楪世苏哲兰.smali	1859	    iput-object v0, p0, Lcom/google/protobuf/compiler/PluginProtos$CodeGeneratorRequest$飘花落叶言子楪世苏哲兰;->compilerVersionBuilder_:Lcom/google/protobuf/飘花落叶言世兰子哲苏楪;
smali\com\google\protobuf\compiler\PluginProtos$CodeGeneratorRequest$飘花落叶言子楪世苏哲兰.smali	1872	.method public clearFileToGenerate()Lcom/google/protobuf/compiler/PluginProtos$CodeGeneratorRequest$飘花落叶言子楪世苏哲兰;
smali\com\google\protobuf\compiler\PluginProtos$CodeGeneratorRequest$飘花落叶言子楪世苏哲兰.smali	1880	    iput-object v0, p0, Lcom/google/protobuf/compiler/PluginProtos$CodeGeneratorRequest$飘花落叶言子楪世苏哲兰;->fileToGenerate_:Lcom/google/protobuf/飘花落叶言世子兰哲苏楪;
smali\com\google\protobuf\compiler\PluginProtos$CodeGeneratorRequest$飘花落叶言子楪世苏哲兰.smali	1884	    iget v0, p0, Lcom/google/protobuf/compiler/PluginProtos$CodeGeneratorRequest$飘花落叶言子楪世苏哲兰;->bitField0_:I
smali\com\google\protobuf\compiler\PluginProtos$CodeGeneratorRequest$飘花落叶言子楪世苏哲兰.smali	1892	    iput v0, p0, Lcom/google/protobuf/compiler/PluginProtos$CodeGeneratorRequest$飘花落叶言子楪世苏哲兰;->bitField0_:I
smali\com\google\protobuf\compiler\PluginProtos$CodeGeneratorRequest$飘花落叶言子楪世苏哲兰.smali	1904	.method public clearParameter()Lcom/google/protobuf/compiler/PluginProtos$CodeGeneratorRequest$飘花落叶言子楪世苏哲兰;
smali\com\google\protobuf\compiler\PluginProtos$CodeGeneratorRequest$飘花落叶言子楪世苏哲兰.smali	1908	    invoke-static {}, Lcom/google/protobuf/compiler/PluginProtos$CodeGeneratorRequest;->getDefaultInstance()Lcom/google/protobuf/compiler/PluginProtos$CodeGeneratorRequest;
smali\com\google\protobuf\compiler\PluginProtos$CodeGeneratorRequest$飘花落叶言子楪世苏哲兰.smali	1916	    invoke-virtual {v0}, Lcom/google/protobuf/compiler/PluginProtos$CodeGeneratorRequest;->getParameter()Ljava/lang/String;
smali\com\google\protobuf\compiler\PluginProtos$CodeGeneratorRequest$飘花落叶言子楪世苏哲兰.smali	1924	    iput-object v0, p0, Lcom/google/protobuf/compiler/PluginProtos$CodeGeneratorRequest$飘花落叶言子楪世苏哲兰;->parameter_:Ljava/lang/Object;
smali\com\google\protobuf\compiler\PluginProtos$CodeGeneratorRequest$飘花落叶言子楪世苏哲兰.smali	1928	    iget v0, p0, Lcom/google/protobuf/compiler/PluginProtos$CodeGeneratorRequest$飘花落叶言子楪世苏哲兰;->bitField0_:I
smali\com\google\protobuf\compiler\PluginProtos$CodeGeneratorRequest$飘花落叶言子楪世苏哲兰.smali	1936	    iput v0, p0, Lcom/google/protobuf/compiler/PluginProtos$CodeGeneratorRequest$飘花落叶言子楪世苏哲兰;->bitField0_:I
smali\com\google\protobuf\compiler\PluginProtos$CodeGeneratorRequest$飘花落叶言子楪世苏哲兰.smali	1948	.method public clearProtoFile()Lcom/google/protobuf/compiler/PluginProtos$CodeGeneratorRequest$飘花落叶言子楪世苏哲兰;
smali\com\google\protobuf\compiler\PluginProtos$CodeGeneratorRequest$飘花落叶言子楪世苏哲兰.smali	1952	    iget-object v0, p0, Lcom/google/protobuf/compiler/PluginProtos$CodeGeneratorRequest$飘花落叶言子楪世苏哲兰;->protoFileBuilder_:Lcom/google/protobuf/飘花落叶言世哲兰苏子楪;
smali\com\google\protobuf\compiler\PluginProtos$CodeGeneratorRequest$飘花落叶言子楪世苏哲兰.smali	1964	    iput-object v0, p0, Lcom/google/protobuf/compiler/PluginProtos$CodeGeneratorRequest$飘花落叶言子楪世苏哲兰;->protoFile_:Ljava/util/List;
smali\com\google\protobuf\compiler\PluginProtos$CodeGeneratorRequest$飘花落叶言子楪世苏哲兰.smali	1968	    iget v0, p0, Lcom/google/protobuf/compiler/PluginProtos$CodeGeneratorRequest$飘花落叶言子楪世苏哲兰;->bitField0_:I
smali\com\google\protobuf\compiler\PluginProtos$CodeGeneratorRequest$飘花落叶言子楪世苏哲兰.smali	1976	    iput v0, p0, Lcom/google/protobuf/compiler/PluginProtos$CodeGeneratorRequest$飘花落叶言子楪世苏哲兰;->bitField0_:I
smali\com\google\protobuf\compiler\PluginProtos$CodeGeneratorRequest$飘花落叶言子楪世苏哲兰.smali	1997	.method public clearSourceFileDescriptors()Lcom/google/protobuf/compiler/PluginProtos$CodeGeneratorRequest$飘花落叶言子楪世苏哲兰;
smali\com\google\protobuf\compiler\PluginProtos$CodeGeneratorRequest$飘花落叶言子楪世苏哲兰.smali	2001	    iget-object v0, p0, Lcom/google/protobuf/compiler/PluginProtos$CodeGeneratorRequest$飘花落叶言子楪世苏哲兰;->sourceFileDescriptorsBuilder_:Lcom/google/protobuf/飘花落叶言世哲兰苏子楪;
smali\com\google\protobuf\compiler\PluginProtos$CodeGeneratorRequest$飘花落叶言子楪世苏哲兰.smali	2013	    iput-object v0, p0, Lcom/google/protobuf/compiler/PluginProtos$CodeGeneratorRequest$飘花落叶言子楪世苏哲兰;->sourceFileDescriptors_:Ljava/util/List;
smali\com\google\protobuf\compiler\PluginProtos$CodeGeneratorRequest$飘花落叶言子楪世苏哲兰.smali	2017	    iget v0, p0, Lcom/google/protobuf/compiler/PluginProtos$CodeGeneratorRequest$飘花落叶言子楪世苏哲兰;->bitField0_:I
smali\com\google\protobuf\compiler\PluginProtos$CodeGeneratorRequest$飘花落叶言子楪世苏哲兰.smali	2025	    iput v0, p0, Lcom/google/protobuf/compiler/PluginProtos$CodeGeneratorRequest$飘花落叶言子楪世苏哲兰;->bitField0_:I
smali\com\google\protobuf\compiler\PluginProtos$CodeGeneratorRequest$飘花落叶言子楪世苏哲兰.smali	2046	.method public getCompilerVersion()Lcom/google/protobuf/compiler/PluginProtos$Version;
smali\com\google\protobuf\compiler\PluginProtos$CodeGeneratorRequest$飘花落叶言子楪世苏哲兰.smali	2050	    iget-object v0, p0, Lcom/google/protobuf/compiler/PluginProtos$CodeGeneratorRequest$飘花落叶言子楪世苏哲兰;->compilerVersionBuilder_:Lcom/google/protobuf/飘花落叶言世兰子哲苏楪;
smali\com\google\protobuf\compiler\PluginProtos$CodeGeneratorRequest$飘花落叶言子楪世苏哲兰.smali	2058	    iget-object p0, p0, Lcom/google/protobuf/compiler/PluginProtos$CodeGeneratorRequest$飘花落叶言子楪世苏哲兰;->compilerVersion_:Lcom/google/protobuf/compiler/PluginProtos$Version;
smali\com\google\protobuf\compiler\PluginProtos$CodeGeneratorRequest$飘花落叶言子楪世苏哲兰.smali	2066	    invoke-static {}, Lcom/google/protobuf/compiler/PluginProtos$Version;->getDefaultInstance()Lcom/google/protobuf/compiler/PluginProtos$Version;
smali\com\google\protobuf\compiler\PluginProtos$CodeGeneratorRequest$飘花落叶言子楪世苏哲兰.smali	2087	    check-cast p0, Lcom/google/protobuf/compiler/PluginProtos$Version;
smali\com\google\protobuf\compiler\PluginProtos$CodeGeneratorRequest$飘花落叶言子楪世苏哲兰.smali	2094	.method public getCompilerVersionBuilder()Lcom/google/protobuf/compiler/PluginProtos$Version$飘花落叶言子楪世苏哲兰;
smali\com\google\protobuf\compiler\PluginProtos$CodeGeneratorRequest$飘花落叶言子楪世苏哲兰.smali	2098	    iget v0, p0, Lcom/google/protobuf/compiler/PluginProtos$CodeGeneratorRequest$飘花落叶言子楪世苏哲兰;->bitField0_:I
smali\com\google\protobuf\compiler\PluginProtos$CodeGeneratorRequest$飘花落叶言子楪世苏哲兰.smali	2106	    iput v0, p0, Lcom/google/protobuf/compiler/PluginProtos$CodeGeneratorRequest$飘花落叶言子楪世苏哲兰;->bitField0_:I
smali\com\google\protobuf\compiler\PluginProtos$CodeGeneratorRequest$飘花落叶言子楪世苏哲兰.smali	2115	    invoke-direct {p0}, Lcom/google/protobuf/compiler/PluginProtos$CodeGeneratorRequest$飘花落叶言子楪世苏哲兰;->internalGetCompilerVersionFieldBuilder()Lcom/google/protobuf/飘花落叶言世兰子哲苏楪;
smali\com\google\protobuf\compiler\PluginProtos$CodeGeneratorRequest$飘花落叶言子楪世苏哲兰.smali	2131	    check-cast p0, Lcom/google/protobuf/compiler/PluginProtos$Version$飘花落叶言子楪世苏哲兰;
smali\com\google\protobuf\compiler\PluginProtos$CodeGeneratorRequest$飘花落叶言子楪世苏哲兰.smali	2142	    iget-object v0, p0, Lcom/google/protobuf/compiler/PluginProtos$CodeGeneratorRequest$飘花落叶言子楪世苏哲兰;->compilerVersionBuilder_:Lcom/google/protobuf/飘花落叶言世兰子哲苏楪;
smali\com\google\protobuf\compiler\PluginProtos$CodeGeneratorRequest$飘花落叶言子楪世苏哲兰.smali	2166	    iget-object p0, p0, Lcom/google/protobuf/compiler/PluginProtos$CodeGeneratorRequest$飘花落叶言子楪世苏哲兰;->compilerVersion_:Lcom/google/protobuf/compiler/PluginProtos$Version;
smali\com\google\protobuf\compiler\PluginProtos$CodeGeneratorRequest$飘花落叶言子楪世苏哲兰.smali	2174	    invoke-static {}, Lcom/google/protobuf/compiler/PluginProtos$Version;->getDefaultInstance()Lcom/google/protobuf/compiler/PluginProtos$Version;
smali\com\google\protobuf\compiler\PluginProtos$CodeGeneratorRequest$飘花落叶言子楪世苏哲兰.smali	2186	.method public getDefaultInstanceForType()Lcom/google/protobuf/compiler/PluginProtos$CodeGeneratorRequest;
smali\com\google\protobuf\compiler\PluginProtos$CodeGeneratorRequest$飘花落叶言子楪世苏哲兰.smali	2190	    invoke-static {}, Lcom/google/protobuf/compiler/PluginProtos$CodeGeneratorRequest;->getDefaultInstance()Lcom/google/protobuf/compiler/PluginProtos$CodeGeneratorRequest;
smali\com\google\protobuf\compiler\PluginProtos$CodeGeneratorRequest$飘花落叶言子楪世苏哲兰.smali	2201	    invoke-virtual {p0}, Lcom/google/protobuf/compiler/PluginProtos$CodeGeneratorRequest$飘花落叶言子楪世苏哲兰;->getDefaultInstanceForType()Lcom/google/protobuf/compiler/PluginProtos$CodeGeneratorRequest;
smali\com\google\protobuf\compiler\PluginProtos$CodeGeneratorRequest$飘花落叶言子楪世苏哲兰.smali	2212	    invoke-virtual {p0}, Lcom/google/protobuf/compiler/PluginProtos$CodeGeneratorRequest$飘花落叶言子楪世苏哲兰;->getDefaultInstanceForType()Lcom/google/protobuf/compiler/PluginProtos$CodeGeneratorRequest;
smali\com\google\protobuf\compiler\PluginProtos$CodeGeneratorRequest$飘花落叶言子楪世苏哲兰.smali	2238	    iget-object p0, p0, Lcom/google/protobuf/compiler/PluginProtos$CodeGeneratorRequest$飘花落叶言子楪世苏哲兰;->fileToGenerate_:Lcom/google/protobuf/飘花落叶言世子兰哲苏楪;
smali\com\google\protobuf\compiler\PluginProtos$CodeGeneratorRequest$飘花落叶言子楪世苏哲兰.smali	2257	    iget-object p0, p0, Lcom/google/protobuf/compiler/PluginProtos$CodeGeneratorRequest$飘花落叶言子楪世苏哲兰;->fileToGenerate_:Lcom/google/protobuf/飘花落叶言世子兰哲苏楪;
smali\com\google\protobuf\compiler\PluginProtos$CodeGeneratorRequest$飘花落叶言子楪世苏哲兰.smali	2276	    iget-object p0, p0, Lcom/google/protobuf/compiler/PluginProtos$CodeGeneratorRequest$飘花落叶言子楪世苏哲兰;->fileToGenerate_:Lcom/google/protobuf/飘花落叶言世子兰哲苏楪;
smali\com\google\protobuf\compiler\PluginProtos$CodeGeneratorRequest$飘花落叶言子楪世苏哲兰.smali	2299	    iget-object v0, p0, Lcom/google/protobuf/compiler/PluginProtos$CodeGeneratorRequest$飘花落叶言子楪世苏哲兰;->fileToGenerate_:Lcom/google/protobuf/飘花落叶言世子兰哲苏楪;
smali\com\google\protobuf\compiler\PluginProtos$CodeGeneratorRequest$飘花落叶言子楪世苏哲兰.smali	2308	    iget-object p0, p0, Lcom/google/protobuf/compiler/PluginProtos$CodeGeneratorRequest$飘花落叶言子楪世苏哲兰;->fileToGenerate_:Lcom/google/protobuf/飘花落叶言世子兰哲苏楪;
smali\com\google\protobuf\compiler\PluginProtos$CodeGeneratorRequest$飘花落叶言子楪世苏哲兰.smali	2319	    invoke-virtual {p0}, Lcom/google/protobuf/compiler/PluginProtos$CodeGeneratorRequest$飘花落叶言子楪世苏哲兰;->getFileToGenerateList()Lcom/google/protobuf/飘花落叶言世哲苏兰子楪;
smali\com\google\protobuf\compiler\PluginProtos$CodeGeneratorRequest$飘花落叶言子楪世苏哲兰.smali	2330	    iget-object v0, p0, Lcom/google/protobuf/compiler/PluginProtos$CodeGeneratorRequest$飘花落叶言子楪世苏哲兰;->parameter_:Ljava/lang/Object;
smali\com\google\protobuf\compiler\PluginProtos$CodeGeneratorRequest$飘花落叶言子楪世苏哲兰.smali	2366	    iput-object v1, p0, Lcom/google/protobuf/compiler/PluginProtos$CodeGeneratorRequest$飘花落叶言子楪世苏哲兰;->parameter_:Ljava/lang/Object;
smali\com\google\protobuf\compiler\PluginProtos$CodeGeneratorRequest$飘花落叶言子楪世苏哲兰.smali	2386	    iget-object v0, p0, Lcom/google/protobuf/compiler/PluginProtos$CodeGeneratorRequest$飘花落叶言子楪世苏哲兰;->parameter_:Ljava/lang/Object;
smali\com\google\protobuf\compiler\PluginProtos$CodeGeneratorRequest$飘花落叶言子楪世苏哲兰.smali	2410	    iput-object v0, p0, Lcom/google/protobuf/compiler/PluginProtos$CodeGeneratorRequest$飘花落叶言子楪世苏哲兰;->parameter_:Ljava/lang/Object;
smali\com\google\protobuf\compiler\PluginProtos$CodeGeneratorRequest$飘花落叶言子楪世苏哲兰.smali	2429	    iget-object v0, p0, Lcom/google/protobuf/compiler/PluginProtos$CodeGeneratorRequest$飘花落叶言子楪世苏哲兰;->protoFileBuilder_:Lcom/google/protobuf/飘花落叶言世哲兰苏子楪;
smali\com\google\protobuf\compiler\PluginProtos$CodeGeneratorRequest$飘花落叶言子楪世苏哲兰.smali	2437	    iget-object p0, p0, Lcom/google/protobuf/compiler/PluginProtos$CodeGeneratorRequest$飘花落叶言子楪世苏哲兰;->protoFile_:Ljava/util/List;
smali\com\google\protobuf\compiler\PluginProtos$CodeGeneratorRequest$飘花落叶言子楪世苏哲兰.smali	2479	    invoke-direct {p0}, Lcom/google/protobuf/compiler/PluginProtos$CodeGeneratorRequest$飘花落叶言子楪世苏哲兰;->internalGetProtoFileFieldBuilder()Lcom/google/protobuf/飘花落叶言世哲兰苏子楪;
smali\com\google\protobuf\compiler\PluginProtos$CodeGeneratorRequest$飘花落叶言子楪世苏哲兰.smali	2514	    invoke-direct {p0}, Lcom/google/protobuf/compiler/PluginProtos$CodeGeneratorRequest$飘花落叶言子楪世苏哲兰;->internalGetProtoFileFieldBuilder()Lcom/google/protobuf/飘花落叶言世哲兰苏子楪;
smali\com\google\protobuf\compiler\PluginProtos$CodeGeneratorRequest$飘花落叶言子楪世苏哲兰.smali	2537	    iget-object v0, p0, Lcom/google/protobuf/compiler/PluginProtos$CodeGeneratorRequest$飘花落叶言子楪世苏哲兰;->protoFileBuilder_:Lcom/google/protobuf/飘花落叶言世哲兰苏子楪;
smali\com\google\protobuf\compiler\PluginProtos$CodeGeneratorRequest$飘花落叶言子楪世苏哲兰.smali	2545	    iget-object p0, p0, Lcom/google/protobuf/compiler/PluginProtos$CodeGeneratorRequest$飘花落叶言子楪世苏哲兰;->protoFile_:Ljava/util/List;
smali\com\google\protobuf\compiler\PluginProtos$CodeGeneratorRequest$飘花落叶言子楪世苏哲兰.smali	2588	    iget-object v0, p0, Lcom/google/protobuf/compiler/PluginProtos$CodeGeneratorRequest$飘花落叶言子楪世苏哲兰;->protoFileBuilder_:Lcom/google/protobuf/飘花落叶言世哲兰苏子楪;
smali\com\google\protobuf\compiler\PluginProtos$CodeGeneratorRequest$飘花落叶言子楪世苏哲兰.smali	2596	    iget-object p0, p0, Lcom/google/protobuf/compiler/PluginProtos$CodeGeneratorRequest$飘花落叶言子楪世苏哲兰;->protoFile_:Ljava/util/List;
smali\com\google\protobuf\compiler\PluginProtos$CodeGeneratorRequest$飘花落叶言子楪世苏哲兰.smali	2627	    iget-object v0, p0, Lcom/google/protobuf/compiler/PluginProtos$CodeGeneratorRequest$飘花落叶言子楪世苏哲兰;->protoFileBuilder_:Lcom/google/protobuf/飘花落叶言世哲兰苏子楪;
smali\com\google\protobuf\compiler\PluginProtos$CodeGeneratorRequest$飘花落叶言子楪世苏哲兰.smali	2635	    iget-object p0, p0, Lcom/google/protobuf/compiler/PluginProtos$CodeGeneratorRequest$飘花落叶言子楪世苏哲兰;->protoFile_:Ljava/util/List;
smali\com\google\protobuf\compiler\PluginProtos$CodeGeneratorRequest$飘花落叶言子楪世苏哲兰.smali	2683	    iget-object v0, p0, Lcom/google/protobuf/compiler/PluginProtos$CodeGeneratorRequest$飘花落叶言子楪世苏哲兰;->protoFileBuilder_:Lcom/google/protobuf/飘花落叶言世哲兰苏子楪;
smali\com\google\protobuf\compiler\PluginProtos$CodeGeneratorRequest$飘花落叶言子楪世苏哲兰.smali	2703	    iget-object p0, p0, Lcom/google/protobuf/compiler/PluginProtos$CodeGeneratorRequest$飘花落叶言子楪世苏哲兰;->protoFile_:Ljava/util/List;
smali\com\google\protobuf\compiler\PluginProtos$CodeGeneratorRequest$飘花落叶言子楪世苏哲兰.smali	2722	    iget-object v0, p0, Lcom/google/protobuf/compiler/PluginProtos$CodeGeneratorRequest$飘花落叶言子楪世苏哲兰;->sourceFileDescriptorsBuilder_:Lcom/google/protobuf/飘花落叶言世哲兰苏子楪;
smali\com\google\protobuf\compiler\PluginProtos$CodeGeneratorRequest$飘花落叶言子楪世苏哲兰.smali	2730	    iget-object p0, p0, Lcom/google/protobuf/compiler/PluginProtos$CodeGeneratorRequest$飘花落叶言子楪世苏哲兰;->sourceFileDescriptors_:Ljava/util/List;
smali\com\google\protobuf\compiler\PluginProtos$CodeGeneratorRequest$飘花落叶言子楪世苏哲兰.smali	2772	    invoke-direct {p0}, Lcom/google/protobuf/compiler/PluginProtos$CodeGeneratorRequest$飘花落叶言子楪世苏哲兰;->internalGetSourceFileDescriptorsFieldBuilder()Lcom/google/protobuf/飘花落叶言世哲兰苏子楪;
smali\com\google\protobuf\compiler\PluginProtos$CodeGeneratorRequest$飘花落叶言子楪世苏哲兰.smali	2807	    invoke-direct {p0}, Lcom/google/protobuf/compiler/PluginProtos$CodeGeneratorRequest$飘花落叶言子楪世苏哲兰;->internalGetSourceFileDescriptorsFieldBuilder()Lcom/google/protobuf/飘花落叶言世哲兰苏子楪;
smali\com\google\protobuf\compiler\PluginProtos$CodeGeneratorRequest$飘花落叶言子楪世苏哲兰.smali	2830	    iget-object v0, p0, Lcom/google/protobuf/compiler/PluginProtos$CodeGeneratorRequest$飘花落叶言子楪世苏哲兰;->sourceFileDescriptorsBuilder_:Lcom/google/protobuf/飘花落叶言世哲兰苏子楪;
smali\com\google\protobuf\compiler\PluginProtos$CodeGeneratorRequest$飘花落叶言子楪世苏哲兰.smali	2838	    iget-object p0, p0, Lcom/google/protobuf/compiler/PluginProtos$CodeGeneratorRequest$飘花落叶言子楪世苏哲兰;->sourceFileDescriptors_:Ljava/util/List;
smali\com\google\protobuf\compiler\PluginProtos$CodeGeneratorRequest$飘花落叶言子楪世苏哲兰.smali	2881	    iget-object v0, p0, Lcom/google/protobuf/compiler/PluginProtos$CodeGeneratorRequest$飘花落叶言子楪世苏哲兰;->sourceFileDescriptorsBuilder_:Lcom/google/protobuf/飘花落叶言世哲兰苏子楪;
smali\com\google\protobuf\compiler\PluginProtos$CodeGeneratorRequest$飘花落叶言子楪世苏哲兰.smali	2889	    iget-object p0, p0, Lcom/google/protobuf/compiler/PluginProtos$CodeGeneratorRequest$飘花落叶言子楪世苏哲兰;->sourceFileDescriptors_:Ljava/util/List;
smali\com\google\protobuf\compiler\PluginProtos$CodeGeneratorRequest$飘花落叶言子楪世苏哲兰.smali	2920	    iget-object v0, p0, Lcom/google/protobuf/compiler/PluginProtos$CodeGeneratorRequest$飘花落叶言子楪世苏哲兰;->sourceFileDescriptorsBuilder_:Lcom/google/protobuf/飘花落叶言世哲兰苏子楪;
smali\com\google\protobuf\compiler\PluginProtos$CodeGeneratorRequest$飘花落叶言子楪世苏哲兰.smali	2928	    iget-object p0, p0, Lcom/google/protobuf/compiler/PluginProtos$CodeGeneratorRequest$飘花落叶言子楪世苏哲兰;->sourceFileDescriptors_:Ljava/util/List;
smali\com\google\protobuf\compiler\PluginProtos$CodeGeneratorRequest$飘花落叶言子楪世苏哲兰.smali	2976	    iget-object v0, p0, Lcom/google/protobuf/compiler/PluginProtos$CodeGeneratorRequest$飘花落叶言子楪世苏哲兰;->sourceFileDescriptorsBuilder_:Lcom/google/protobuf/飘花落叶言世哲兰苏子楪;
smali\com\google\protobuf\compiler\PluginProtos$CodeGeneratorRequest$飘花落叶言子楪世苏哲兰.smali	2996	    iget-object p0, p0, Lcom/google/protobuf/compiler/PluginProtos$CodeGeneratorRequest$飘花落叶言子楪世苏哲兰;->sourceFileDescriptors_:Ljava/util/List;
smali\com\google\protobuf\compiler\PluginProtos$CodeGeneratorRequest$飘花落叶言子楪世苏哲兰.smali	3015	    iget p0, p0, Lcom/google/protobuf/compiler/PluginProtos$CodeGeneratorRequest$飘花落叶言子楪世苏哲兰;->bitField0_:I
smali\com\google\protobuf\compiler\PluginProtos$CodeGeneratorRequest$飘花落叶言子楪世苏哲兰.smali	3044	    iget p0, p0, Lcom/google/protobuf/compiler/PluginProtos$CodeGeneratorRequest$飘花落叶言子楪世苏哲兰;->bitField0_:I
smali\com\google\protobuf\compiler\PluginProtos$CodeGeneratorRequest$飘花落叶言子楪世苏哲兰.smali	3077	    const-class v0, Lcom/google/protobuf/compiler/PluginProtos$CodeGeneratorRequest;
smali\com\google\protobuf\compiler\PluginProtos$CodeGeneratorRequest$飘花落叶言子楪世苏哲兰.smali	3081	    const-class v1, Lcom/google/protobuf/compiler/PluginProtos$CodeGeneratorRequest$飘花落叶言子楪世苏哲兰;
smali\com\google\protobuf\compiler\PluginProtos$CodeGeneratorRequest$飘花落叶言子楪世苏哲兰.smali	3104	    invoke-virtual {p0}, Lcom/google/protobuf/compiler/PluginProtos$CodeGeneratorRequest$飘花落叶言子楪世苏哲兰;->getProtoFileCount()I
smali\com\google\protobuf\compiler\PluginProtos$CodeGeneratorRequest$飘花落叶言子楪世苏哲兰.smali	3116	    invoke-virtual {p0, v1}, Lcom/google/protobuf/compiler/PluginProtos$CodeGeneratorRequest$飘花落叶言子楪世苏哲兰;->getProtoFile(I)Lcom/google/protobuf/DescriptorProtos$FileDescriptorProto;
smali\com\google\protobuf\compiler\PluginProtos$CodeGeneratorRequest$飘花落叶言子楪世苏哲兰.smali	3152	    invoke-virtual {p0}, Lcom/google/protobuf/compiler/PluginProtos$CodeGeneratorRequest$飘花落叶言子楪世苏哲兰;->getSourceFileDescriptorsCount()I
smali\com\google\protobuf\compiler\PluginProtos$CodeGeneratorRequest$飘花落叶言子楪世苏哲兰.smali	3164	    invoke-virtual {p0, v1}, Lcom/google/protobuf/compiler/PluginProtos$CodeGeneratorRequest$飘花落叶言子楪世苏哲兰;->getSourceFileDescriptors(I)Lcom/google/protobuf/DescriptorProtos$FileDescriptorProto;
smali\com\google\protobuf\compiler\PluginProtos$CodeGeneratorRequest$飘花落叶言子楪世苏哲兰.smali	3202	.method public mergeCompilerVersion(Lcom/google/protobuf/compiler/PluginProtos$Version;)Lcom/google/protobuf/compiler/PluginProtos$CodeGeneratorRequest$飘花落叶言子楪世苏哲兰;
smali\com\google\protobuf\compiler\PluginProtos$CodeGeneratorRequest$飘花落叶言子楪世苏哲兰.smali	3206	    iget-object v0, p0, Lcom/google/protobuf/compiler/PluginProtos$CodeGeneratorRequest$飘花落叶言子楪世苏哲兰;->compilerVersionBuilder_:Lcom/google/protobuf/飘花落叶言世兰子哲苏楪;
smali\com\google\protobuf\compiler\PluginProtos$CodeGeneratorRequest$飘花落叶言子楪世苏哲兰.smali	3214	    iget v0, p0, Lcom/google/protobuf/compiler/PluginProtos$CodeGeneratorRequest$飘花落叶言子楪世苏哲兰;->bitField0_:I
smali\com\google\protobuf\compiler\PluginProtos$CodeGeneratorRequest$飘花落叶言子楪世苏哲兰.smali	3226	    iget-object v0, p0, Lcom/google/protobuf/compiler/PluginProtos$CodeGeneratorRequest$飘花落叶言子楪世苏哲兰;->compilerVersion_:Lcom/google/protobuf/compiler/PluginProtos$Version;
smali\com\google\protobuf\compiler\PluginProtos$CodeGeneratorRequest$飘花落叶言子楪世苏哲兰.smali	3234	    invoke-static {}, Lcom/google/protobuf/compiler/PluginProtos$Version;->getDefaultInstance()Lcom/google/protobuf/compiler/PluginProtos$Version;
smali\com\google\protobuf\compiler\PluginProtos$CodeGeneratorRequest$飘花落叶言子楪世苏哲兰.smali	3246	    invoke-virtual {p0}, Lcom/google/protobuf/compiler/PluginProtos$CodeGeneratorRequest$飘花落叶言子楪世苏哲兰;->getCompilerVersionBuilder()Lcom/google/protobuf/compiler/PluginProtos$Version$飘花落叶言子楪世苏哲兰;
smali\com\google\protobuf\compiler\PluginProtos$CodeGeneratorRequest$飘花落叶言子楪世苏哲兰.smali	3254	    invoke-virtual {v0, p1}, Lcom/google/protobuf/compiler/PluginProtos$Version$飘花落叶言子楪世苏哲兰;->mergeFrom(Lcom/google/protobuf/compiler/PluginProtos$Version;)Lcom/google/protobuf/compiler/PluginProtos$Version$飘花落叶言子楪世苏哲兰;
smali\com\google\protobuf\compiler\PluginProtos$CodeGeneratorRequest$飘花落叶言子楪世苏哲兰.smali	3263	    iput-object p1, p0, Lcom/google/protobuf/compiler/PluginProtos$CodeGeneratorRequest$飘花落叶言子楪世苏哲兰;->compilerVersion_:Lcom/google/protobuf/compiler/PluginProtos$Version;
smali\com\google\protobuf\compiler\PluginProtos$CodeGeneratorRequest$飘花落叶言子楪世苏哲兰.smali	3277	    iget-object p1, p0, Lcom/google/protobuf/compiler/PluginProtos$CodeGeneratorRequest$飘花落叶言子楪世苏哲兰;->compilerVersion_:Lcom/google/protobuf/compiler/PluginProtos$Version;
smali\com\google\protobuf\compiler\PluginProtos$CodeGeneratorRequest$飘花落叶言子楪世苏哲兰.smali	3285	    iget p1, p0, Lcom/google/protobuf/compiler/PluginProtos$CodeGeneratorRequest$飘花落叶言子楪世苏哲兰;->bitField0_:I
smali\com\google\protobuf\compiler\PluginProtos$CodeGeneratorRequest$飘花落叶言子楪世苏哲兰.smali	3293	    iput p1, p0, Lcom/google/protobuf/compiler/PluginProtos$CodeGeneratorRequest$飘花落叶言子楪世苏哲兰;->bitField0_:I
smali\com\google\protobuf\compiler\PluginProtos$CodeGeneratorRequest$飘花落叶言子楪世苏哲兰.smali	3306	.method public mergeFrom(Lcom/google/protobuf/compiler/PluginProtos$CodeGeneratorRequest;)Lcom/google/protobuf/compiler/PluginProtos$CodeGeneratorRequest$飘花落叶言子楪世苏哲兰;
smali\com\google\protobuf\compiler\PluginProtos$CodeGeneratorRequest$飘花落叶言子楪世苏哲兰.smali	3310	    invoke-static {}, Lcom/google/protobuf/compiler/PluginProtos$CodeGeneratorRequest;->getDefaultInstance()Lcom/google/protobuf/compiler/PluginProtos$CodeGeneratorRequest;
smali\com\google\protobuf\compiler\PluginProtos$CodeGeneratorRequest$飘花落叶言子楪世苏哲兰.smali	3326	    invoke-static {p1}, Lcom/google/protobuf/compiler/PluginProtos$CodeGeneratorRequest;->access$1800(Lcom/google/protobuf/compiler/PluginProtos$CodeGeneratorRequest;)Lcom/google/protobuf/飘花落叶言世子兰哲苏楪;
smali\com\google\protobuf\compiler\PluginProtos$CodeGeneratorRequest$飘花落叶言子楪世苏哲兰.smali	3346	    iget-object v0, p0, Lcom/google/protobuf/compiler/PluginProtos$CodeGeneratorRequest$飘花落叶言子楪世苏哲兰;->fileToGenerate_:Lcom/google/protobuf/飘花落叶言世子兰哲苏楪;
smali\com\google\protobuf\compiler\PluginProtos$CodeGeneratorRequest$飘花落叶言子楪世苏哲兰.smali	3362	    invoke-static {p1}, Lcom/google/protobuf/compiler/PluginProtos$CodeGeneratorRequest;->access$1800(Lcom/google/protobuf/compiler/PluginProtos$CodeGeneratorRequest;)Lcom/google/protobuf/飘花落叶言世子兰哲苏楪;
smali\com\google\protobuf\compiler\PluginProtos$CodeGeneratorRequest$飘花落叶言子楪世苏哲兰.smali	3370	    iput-object v0, p0, Lcom/google/protobuf/compiler/PluginProtos$CodeGeneratorRequest$飘花落叶言子楪世苏哲兰;->fileToGenerate_:Lcom/google/protobuf/飘花落叶言世子兰哲苏楪;
smali\com\google\protobuf\compiler\PluginProtos$CodeGeneratorRequest$飘花落叶言子楪世苏哲兰.smali	3374	    iget v0, p0, Lcom/google/protobuf/compiler/PluginProtos$CodeGeneratorRequest$飘花落叶言子楪世苏哲兰;->bitField0_:I
smali\com\google\protobuf\compiler\PluginProtos$CodeGeneratorRequest$飘花落叶言子楪世苏哲兰.smali	3382	    iput v0, p0, Lcom/google/protobuf/compiler/PluginProtos$CodeGeneratorRequest$飘花落叶言子楪世苏哲兰;->bitField0_:I
smali\com\google\protobuf\compiler\PluginProtos$CodeGeneratorRequest$飘花落叶言子楪世苏哲兰.smali	3390	    invoke-direct {p0}, Lcom/google/protobuf/compiler/PluginProtos$CodeGeneratorRequest$飘花落叶言子楪世苏哲兰;->ensureFileToGenerateIsMutable()V
smali\com\google\protobuf\compiler\PluginProtos$CodeGeneratorRequest$飘花落叶言子楪世苏哲兰.smali	3395	    iget-object v0, p0, Lcom/google/protobuf/compiler/PluginProtos$CodeGeneratorRequest$飘花落叶言子楪世苏哲兰;->fileToGenerate_:Lcom/google/protobuf/飘花落叶言世子兰哲苏楪;
smali\com\google\protobuf\compiler\PluginProtos$CodeGeneratorRequest$飘花落叶言子楪世苏哲兰.smali	3399	    invoke-static {p1}, Lcom/google/protobuf/compiler/PluginProtos$CodeGeneratorRequest;->access$1800(Lcom/google/protobuf/compiler/PluginProtos$CodeGeneratorRequest;)Lcom/google/protobuf/飘花落叶言世子兰哲苏楪;
smali\com\google\protobuf\compiler\PluginProtos$CodeGeneratorRequest$飘花落叶言子楪世苏哲兰.smali	3419	    invoke-virtual {p1}, Lcom/google/protobuf/compiler/PluginProtos$CodeGeneratorRequest;->hasParameter()Z
smali\com\google\protobuf\compiler\PluginProtos$CodeGeneratorRequest$飘花落叶言子楪世苏哲兰.smali	3431	    invoke-static {p1}, Lcom/google/protobuf/compiler/PluginProtos$CodeGeneratorRequest;->access$1900(Lcom/google/protobuf/compiler/PluginProtos$CodeGeneratorRequest;)Ljava/lang/Object;
smali\com\google\protobuf\compiler\PluginProtos$CodeGeneratorRequest$飘花落叶言子楪世苏哲兰.smali	3439	    iput-object v0, p0, Lcom/google/protobuf/compiler/PluginProtos$CodeGeneratorRequest$飘花落叶言子楪世苏哲兰;->parameter_:Ljava/lang/Object;
smali\com\google\protobuf\compiler\PluginProtos$CodeGeneratorRequest$飘花落叶言子楪世苏哲兰.smali	3443	    iget v0, p0, Lcom/google/protobuf/compiler/PluginProtos$CodeGeneratorRequest$飘花落叶言子楪世苏哲兰;->bitField0_:I
smali\com\google\protobuf\compiler\PluginProtos$CodeGeneratorRequest$飘花落叶言子楪世苏哲兰.smali	3451	    iput v0, p0, Lcom/google/protobuf/compiler/PluginProtos$CodeGeneratorRequest$飘花落叶言子楪世苏哲兰;->bitField0_:I
smali\com\google\protobuf\compiler\PluginProtos$CodeGeneratorRequest$飘花落叶言子楪世苏哲兰.smali	3461	    iget-object v0, p0, Lcom/google/protobuf/compiler/PluginProtos$CodeGeneratorRequest$飘花落叶言子楪世苏哲兰;->protoFileBuilder_:Lcom/google/protobuf/飘花落叶言世哲兰苏子楪;
smali\com\google\protobuf\compiler\PluginProtos$CodeGeneratorRequest$飘花落叶言子楪世苏哲兰.smali	3472	    invoke-static {p1}, Lcom/google/protobuf/compiler/PluginProtos$CodeGeneratorRequest;->access$1600(Lcom/google/protobuf/compiler/PluginProtos$CodeGeneratorRequest;)Ljava/util/List;
smali\com\google\protobuf\compiler\PluginProtos$CodeGeneratorRequest$飘花落叶言子楪世苏哲兰.smali	3492	    iget-object v0, p0, Lcom/google/protobuf/compiler/PluginProtos$CodeGeneratorRequest$飘花落叶言子楪世苏哲兰;->protoFile_:Ljava/util/List;
smali\com\google\protobuf\compiler\PluginProtos$CodeGeneratorRequest$飘花落叶言子楪世苏哲兰.smali	3508	    invoke-static {p1}, Lcom/google/protobuf/compiler/PluginProtos$CodeGeneratorRequest;->access$1600(Lcom/google/protobuf/compiler/PluginProtos$CodeGeneratorRequest;)Ljava/util/List;
smali\com\google\protobuf\compiler\PluginProtos$CodeGeneratorRequest$飘花落叶言子楪世苏哲兰.smali	3516	    iput-object v0, p0, Lcom/google/protobuf/compiler/PluginProtos$CodeGeneratorRequest$飘花落叶言子楪世苏哲兰;->protoFile_:Ljava/util/List;
smali\com\google\protobuf\compiler\PluginProtos$CodeGeneratorRequest$飘花落叶言子楪世苏哲兰.smali	3520	    iget v0, p0, Lcom/google/protobuf/compiler/PluginProtos$CodeGeneratorRequest$飘花落叶言子楪世苏哲兰;->bitField0_:I
smali\com\google\protobuf\compiler\PluginProtos$CodeGeneratorRequest$飘花落叶言子楪世苏哲兰.smali	3528	    iput v0, p0, Lcom/google/protobuf/compiler/PluginProtos$CodeGeneratorRequest$飘花落叶言子楪世苏哲兰;->bitField0_:I
smali\com\google\protobuf\compiler\PluginProtos$CodeGeneratorRequest$飘花落叶言子楪世苏哲兰.smali	3536	    invoke-direct {p0}, Lcom/google/protobuf/compiler/PluginProtos$CodeGeneratorRequest$飘花落叶言子楪世苏哲兰;->ensureProtoFileIsMutable()V
smali\com\google\protobuf\compiler\PluginProtos$CodeGeneratorRequest$飘花落叶言子楪世苏哲兰.smali	3541	    iget-object v0, p0, Lcom/google/protobuf/compiler/PluginProtos$CodeGeneratorRequest$飘花落叶言子楪世苏哲兰;->protoFile_:Ljava/util/List;
smali\com\google\protobuf\compiler\PluginProtos$CodeGeneratorRequest$飘花落叶言子楪世苏哲兰.smali	3545	    invoke-static {p1}, Lcom/google/protobuf/compiler/PluginProtos$CodeGeneratorRequest;->access$1600(Lcom/google/protobuf/compiler/PluginProtos$CodeGeneratorRequest;)Ljava/util/List;
smali\com\google\protobuf\compiler\PluginProtos$CodeGeneratorRequest$飘花落叶言子楪世苏哲兰.smali	3568	    invoke-static {p1}, Lcom/google/protobuf/compiler/PluginProtos$CodeGeneratorRequest;->access$1600(Lcom/google/protobuf/compiler/PluginProtos$CodeGeneratorRequest;)Ljava/util/List;
smali\com\google\protobuf\compiler\PluginProtos$CodeGeneratorRequest$飘花落叶言子楪世苏哲兰.smali	3588	    iget-object v0, p0, Lcom/google/protobuf/compiler/PluginProtos$CodeGeneratorRequest$飘花落叶言子楪世苏哲兰;->protoFileBuilder_:Lcom/google/protobuf/飘花落叶言世哲兰苏子楪;
smali\com\google\protobuf\compiler\PluginProtos$CodeGeneratorRequest$飘花落叶言子楪世苏哲兰.smali	3604	    iget-object v2, p0, Lcom/google/protobuf/compiler/PluginProtos$CodeGeneratorRequest$飘花落叶言子楪世苏哲兰;->protoFileBuilder_:Lcom/google/protobuf/飘花落叶言世哲兰苏子楪;
smali\com\google\protobuf\compiler\PluginProtos$CodeGeneratorRequest$飘花落叶言子楪世苏哲兰.smali	3616	    iput-object v1, p0, Lcom/google/protobuf/compiler/PluginProtos$CodeGeneratorRequest$飘花落叶言子楪世苏哲兰;->protoFileBuilder_:Lcom/google/protobuf/飘花落叶言世哲兰苏子楪;
smali\com\google\protobuf\compiler\PluginProtos$CodeGeneratorRequest$飘花落叶言子楪世苏哲兰.smali	3620	    invoke-static {p1}, Lcom/google/protobuf/compiler/PluginProtos$CodeGeneratorRequest;->access$1600(Lcom/google/protobuf/compiler/PluginProtos$CodeGeneratorRequest;)Ljava/util/List;
smali\com\google\protobuf\compiler\PluginProtos$CodeGeneratorRequest$飘花落叶言子楪世苏哲兰.smali	3628	    iput-object v0, p0, Lcom/google/protobuf/compiler/PluginProtos$CodeGeneratorRequest$飘花落叶言子楪世苏哲兰;->protoFile_:Ljava/util/List;
smali\com\google\protobuf\compiler\PluginProtos$CodeGeneratorRequest$飘花落叶言子楪世苏哲兰.smali	3632	    iget v0, p0, Lcom/google/protobuf/compiler/PluginProtos$CodeGeneratorRequest$飘花落叶言子楪世苏哲兰;->bitField0_:I
smali\com\google\protobuf\compiler\PluginProtos$CodeGeneratorRequest$飘花落叶言子楪世苏哲兰.smali	3640	    iput v0, p0, Lcom/google/protobuf/compiler/PluginProtos$CodeGeneratorRequest$飘花落叶言子楪世苏哲兰;->bitField0_:I
smali\com\google\protobuf\compiler\PluginProtos$CodeGeneratorRequest$飘花落叶言子楪世苏哲兰.smali	3644	    invoke-static {}, Lcom/google/protobuf/compiler/PluginProtos$CodeGeneratorRequest;->access$2200()Z
smali\com\google\protobuf\compiler\PluginProtos$CodeGeneratorRequest$飘花落叶言子楪世苏哲兰.smali	3656	    invoke-direct {p0}, Lcom/google/protobuf/compiler/PluginProtos$CodeGeneratorRequest$飘花落叶言子楪世苏哲兰;->internalGetProtoFileFieldBuilder()Lcom/google/protobuf/飘花落叶言世哲兰苏子楪;
smali\com\google\protobuf\compiler\PluginProtos$CodeGeneratorRequest$飘花落叶言子楪世苏哲兰.smali	3672	    iput-object v0, p0, Lcom/google/protobuf/compiler/PluginProtos$CodeGeneratorRequest$飘花落叶言子楪世苏哲兰;->protoFileBuilder_:Lcom/google/protobuf/飘花落叶言世哲兰苏子楪;
smali\com\google\protobuf\compiler\PluginProtos$CodeGeneratorRequest$飘花落叶言子楪世苏哲兰.smali	3680	    invoke-static {p1}, Lcom/google/protobuf/compiler/PluginProtos$CodeGeneratorRequest;->access$1600(Lcom/google/protobuf/compiler/PluginProtos$CodeGeneratorRequest;)Ljava/util/List;
smali\com\google\protobuf\compiler\PluginProtos$CodeGeneratorRequest$飘花落叶言子楪世苏哲兰.smali	3695	    iget-object v0, p0, Lcom/google/protobuf/compiler/PluginProtos$CodeGeneratorRequest$飘花落叶言子楪世苏哲兰;->sourceFileDescriptorsBuilder_:Lcom/google/protobuf/飘花落叶言世哲兰苏子楪;
smali\com\google\protobuf\compiler\PluginProtos$CodeGeneratorRequest$飘花落叶言子楪世苏哲兰.smali	3703	    invoke-static {p1}, Lcom/google/protobuf/compiler/PluginProtos$CodeGeneratorRequest;->access$1700(Lcom/google/protobuf/compiler/PluginProtos$CodeGeneratorRequest;)Ljava/util/List;
smali\com\google\protobuf\compiler\PluginProtos$CodeGeneratorRequest$飘花落叶言子楪世苏哲兰.smali	3723	    iget-object v0, p0, Lcom/google/protobuf/compiler/PluginProtos$CodeGeneratorRequest$飘花落叶言子楪世苏哲兰;->sourceFileDescriptors_:Ljava/util/List;
smali\com\google\protobuf\compiler\PluginProtos$CodeGeneratorRequest$飘花落叶言子楪世苏哲兰.smali	3739	    invoke-static {p1}, Lcom/google/protobuf/compiler/PluginProtos$CodeGeneratorRequest;->access$1700(Lcom/google/protobuf/compiler/PluginProtos$CodeGeneratorRequest;)Ljava/util/List;
smali\com\google\protobuf\compiler\PluginProtos$CodeGeneratorRequest$飘花落叶言子楪世苏哲兰.smali	3747	    iput-object v0, p0, Lcom/google/protobuf/compiler/PluginProtos$CodeGeneratorRequest$飘花落叶言子楪世苏哲兰;->sourceFileDescriptors_:Ljava/util/List;
smali\com\google\protobuf\compiler\PluginProtos$CodeGeneratorRequest$飘花落叶言子楪世苏哲兰.smali	3751	    iget v0, p0, Lcom/google/protobuf/compiler/PluginProtos$CodeGeneratorRequest$飘花落叶言子楪世苏哲兰;->bitField0_:I
smali\com\google\protobuf\compiler\PluginProtos$CodeGeneratorRequest$飘花落叶言子楪世苏哲兰.smali	3759	    iput v0, p0, Lcom/google/protobuf/compiler/PluginProtos$CodeGeneratorRequest$飘花落叶言子楪世苏哲兰;->bitField0_:I
smali\com\google\protobuf\compiler\PluginProtos$CodeGeneratorRequest$飘花落叶言子楪世苏哲兰.smali	3767	    invoke-direct {p0}, Lcom/google/protobuf/compiler/PluginProtos$CodeGeneratorRequest$飘花落叶言子楪世苏哲兰;->ensureSourceFileDescriptorsIsMutable()V
smali\com\google\protobuf\compiler\PluginProtos$CodeGeneratorRequest$飘花落叶言子楪世苏哲兰.smali	3772	    iget-object v0, p0, Lcom/google/protobuf/compiler/PluginProtos$CodeGeneratorRequest$飘花落叶言子楪世苏哲兰;->sourceFileDescriptors_:Ljava/util/List;
smali\com\google\protobuf\compiler\PluginProtos$CodeGeneratorRequest$飘花落叶言子楪世苏哲兰.smali	3776	    invoke-static {p1}, Lcom/google/protobuf/compiler/PluginProtos$CodeGeneratorRequest;->access$1700(Lcom/google/protobuf/compiler/PluginProtos$CodeGeneratorRequest;)Ljava/util/List;
smali\com\google\protobuf\compiler\PluginProtos$CodeGeneratorRequest$飘花落叶言子楪世苏哲兰.smali	3799	    invoke-static {p1}, Lcom/google/protobuf/compiler/PluginProtos$CodeGeneratorRequest;->access$1700(Lcom/google/protobuf/compiler/PluginProtos$CodeGeneratorRequest;)Ljava/util/List;
smali\com\google\protobuf\compiler\PluginProtos$CodeGeneratorRequest$飘花落叶言子楪世苏哲兰.smali	3819	    iget-object v0, p0, Lcom/google/protobuf/compiler/PluginProtos$CodeGeneratorRequest$飘花落叶言子楪世苏哲兰;->sourceFileDescriptorsBuilder_:Lcom/google/protobuf/飘花落叶言世哲兰苏子楪;
smali\com\google\protobuf\compiler\PluginProtos$CodeGeneratorRequest$飘花落叶言子楪世苏哲兰.smali	3835	    iget-object v2, p0, Lcom/google/protobuf/compiler/PluginProtos$CodeGeneratorRequest$飘花落叶言子楪世苏哲兰;->sourceFileDescriptorsBuilder_:Lcom/google/protobuf/飘花落叶言世哲兰苏子楪;
smali\com\google\protobuf\compiler\PluginProtos$CodeGeneratorRequest$飘花落叶言子楪世苏哲兰.smali	3847	    iput-object v1, p0, Lcom/google/protobuf/compiler/PluginProtos$CodeGeneratorRequest$飘花落叶言子楪世苏哲兰;->sourceFileDescriptorsBuilder_:Lcom/google/protobuf/飘花落叶言世哲兰苏子楪;
smali\com\google\protobuf\compiler\PluginProtos$CodeGeneratorRequest$飘花落叶言子楪世苏哲兰.smali	3851	    invoke-static {p1}, Lcom/google/protobuf/compiler/PluginProtos$CodeGeneratorRequest;->access$1700(Lcom/google/protobuf/compiler/PluginProtos$CodeGeneratorRequest;)Ljava/util/List;
smali\com\google\protobuf\compiler\PluginProtos$CodeGeneratorRequest$飘花落叶言子楪世苏哲兰.smali	3859	    iput-object v0, p0, Lcom/google/protobuf/compiler/PluginProtos$CodeGeneratorRequest$飘花落叶言子楪世苏哲兰;->sourceFileDescriptors_:Ljava/util/List;
smali\com\google\protobuf\compiler\PluginProtos$CodeGeneratorRequest$飘花落叶言子楪世苏哲兰.smali	3863	    iget v0, p0, Lcom/google/protobuf/compiler/PluginProtos$CodeGeneratorRequest$飘花落叶言子楪世苏哲兰;->bitField0_:I
smali\com\google\protobuf\compiler\PluginProtos$CodeGeneratorRequest$飘花落叶言子楪世苏哲兰.smali	3871	    iput v0, p0, Lcom/google/protobuf/compiler/PluginProtos$CodeGeneratorRequest$飘花落叶言子楪世苏哲兰;->bitField0_:I
smali\com\google\protobuf\compiler\PluginProtos$CodeGeneratorRequest$飘花落叶言子楪世苏哲兰.smali	3875	    invoke-static {}, Lcom/google/protobuf/compiler/PluginProtos$CodeGeneratorRequest;->access$2300()Z
smali\com\google\protobuf\compiler\PluginProtos$CodeGeneratorRequest$飘花落叶言子楪世苏哲兰.smali	3887	    invoke-direct {p0}, Lcom/google/protobuf/compiler/PluginProtos$CodeGeneratorRequest$飘花落叶言子楪世苏哲兰;->internalGetSourceFileDescriptorsFieldBuilder()Lcom/google/protobuf/飘花落叶言世哲兰苏子楪;
smali\com\google\protobuf\compiler\PluginProtos$CodeGeneratorRequest$飘花落叶言子楪世苏哲兰.smali	3896	    iput-object v1, p0, Lcom/google/protobuf/compiler/PluginProtos$CodeGeneratorRequest$飘花落叶言子楪世苏哲兰;->sourceFileDescriptorsBuilder_:Lcom/google/protobuf/飘花落叶言世哲兰苏子楪;
smali\com\google\protobuf\compiler\PluginProtos$CodeGeneratorRequest$飘花落叶言子楪世苏哲兰.smali	3904	    invoke-static {p1}, Lcom/google/protobuf/compiler/PluginProtos$CodeGeneratorRequest;->access$1700(Lcom/google/protobuf/compiler/PluginProtos$CodeGeneratorRequest;)Ljava/util/List;
smali\com\google\protobuf\compiler\PluginProtos$CodeGeneratorRequest$飘花落叶言子楪世苏哲兰.smali	3919	    invoke-virtual {p1}, Lcom/google/protobuf/compiler/PluginProtos$CodeGeneratorRequest;->hasCompilerVersion()Z
smali\com\google\protobuf\compiler\PluginProtos$CodeGeneratorRequest$飘花落叶言子楪世苏哲兰.smali	3931	    invoke-virtual {p1}, Lcom/google/protobuf/compiler/PluginProtos$CodeGeneratorRequest;->getCompilerVersion()Lcom/google/protobuf/compiler/PluginProtos$Version;
smali\com\google\protobuf\compiler\PluginProtos$CodeGeneratorRequest$飘花落叶言子楪世苏哲兰.smali	3939	    invoke-virtual {p0, v0}, Lcom/google/protobuf/compiler/PluginProtos$CodeGeneratorRequest$飘花落叶言子楪世苏哲兰;->mergeCompilerVersion(Lcom/google/protobuf/compiler/PluginProtos$Version;)Lcom/google/protobuf/compiler/PluginProtos$CodeGeneratorRequest$飘花落叶言子楪世苏哲兰;
smali\com\google\protobuf\compiler\PluginProtos$CodeGeneratorRequest$飘花落叶言子楪世苏哲兰.smali	3966	.method public mergeFrom(Lcom/google/protobuf/飘花落叶言世苏楪哲子兰;)Lcom/google/protobuf/compiler/PluginProtos$CodeGeneratorRequest$飘花落叶言子楪世苏哲兰;
smali\com\google\protobuf\compiler\PluginProtos$CodeGeneratorRequest$飘花落叶言子楪世苏哲兰.smali	3970	    instance-of v0, p1, Lcom/google/protobuf/compiler/PluginProtos$CodeGeneratorRequest;
smali\com\google\protobuf\compiler\PluginProtos$CodeGeneratorRequest$飘花落叶言子楪世苏哲兰.smali	3975	    check-cast p1, Lcom/google/protobuf/compiler/PluginProtos$CodeGeneratorRequest;
smali\com\google\protobuf\compiler\PluginProtos$CodeGeneratorRequest$飘花落叶言子楪世苏哲兰.smali	3977	    invoke-virtual {p0, p1}, Lcom/google/protobuf/compiler/PluginProtos$CodeGeneratorRequest$飘花落叶言子楪世苏哲兰;->mergeFrom(Lcom/google/protobuf/compiler/PluginProtos$CodeGeneratorRequest;)Lcom/google/protobuf/compiler/PluginProtos$CodeGeneratorRequest$飘花落叶言子楪世苏哲兰;
smali\com\google\protobuf\compiler\PluginProtos$CodeGeneratorRequest$飘花落叶言子楪世苏哲兰.smali	3990	.method public mergeFrom(Lcom/google/protobuf/飘花落叶言子世苏兰哲楪;Lcom/google/protobuf/飘花落叶言楪苏子哲兰世;)Lcom/google/protobuf/compiler/PluginProtos$CodeGeneratorRequest$飘花落叶言子楪世苏哲兰;
smali\com\google\protobuf\compiler\PluginProtos$CodeGeneratorRequest$飘花落叶言子楪世苏哲兰.smali	4068	    iget-object v2, p0, Lcom/google/protobuf/compiler/PluginProtos$CodeGeneratorRequest$飘花落叶言子楪世苏哲兰;->sourceFileDescriptorsBuilder_:Lcom/google/protobuf/飘花落叶言世哲兰苏子楪;
smali\com\google\protobuf\compiler\PluginProtos$CodeGeneratorRequest$飘花落叶言子楪世苏哲兰.smali	4073	    invoke-direct {p0}, Lcom/google/protobuf/compiler/PluginProtos$CodeGeneratorRequest$飘花落叶言子楪世苏哲兰;->ensureSourceFileDescriptorsIsMutable()V
smali\com\google\protobuf\compiler\PluginProtos$CodeGeneratorRequest$飘花落叶言子楪世苏哲兰.smali	4076	    iget-object v2, p0, Lcom/google/protobuf/compiler/PluginProtos$CodeGeneratorRequest$飘花落叶言子楪世苏哲兰;->sourceFileDescriptors_:Ljava/util/List;
smali\com\google\protobuf\compiler\PluginProtos$CodeGeneratorRequest$飘花落叶言子楪世苏哲兰.smali	4102	    iget-object v2, p0, Lcom/google/protobuf/compiler/PluginProtos$CodeGeneratorRequest$飘花落叶言子楪世苏哲兰;->protoFileBuilder_:Lcom/google/protobuf/飘花落叶言世哲兰苏子楪;
smali\com\google\protobuf\compiler\PluginProtos$CodeGeneratorRequest$飘花落叶言子楪世苏哲兰.smali	4107	    invoke-direct {p0}, Lcom/google/protobuf/compiler/PluginProtos$CodeGeneratorRequest$飘花落叶言子楪世苏哲兰;->ensureProtoFileIsMutable()V
smali\com\google\protobuf\compiler\PluginProtos$CodeGeneratorRequest$飘花落叶言子楪世苏哲兰.smali	4110	    iget-object v2, p0, Lcom/google/protobuf/compiler/PluginProtos$CodeGeneratorRequest$飘花落叶言子楪世苏哲兰;->protoFile_:Ljava/util/List;
smali\com\google\protobuf\compiler\PluginProtos$CodeGeneratorRequest$飘花落叶言子楪世苏哲兰.smali	4124	    invoke-direct {p0}, Lcom/google/protobuf/compiler/PluginProtos$CodeGeneratorRequest$飘花落叶言子楪世苏哲兰;->internalGetCompilerVersionFieldBuilder()Lcom/google/protobuf/飘花落叶言世兰子哲苏楪;
smali\com\google\protobuf\compiler\PluginProtos$CodeGeneratorRequest$飘花落叶言子楪世苏哲兰.smali	4136	    iget v1, p0, Lcom/google/protobuf/compiler/PluginProtos$CodeGeneratorRequest$飘花落叶言子楪世苏哲兰;->bitField0_:I
smali\com\google\protobuf\compiler\PluginProtos$CodeGeneratorRequest$飘花落叶言子楪世苏哲兰.smali	4140	    iput v1, p0, Lcom/google/protobuf/compiler/PluginProtos$CodeGeneratorRequest$飘花落叶言子楪世苏哲兰;->bitField0_:I
smali\com\google\protobuf\compiler\PluginProtos$CodeGeneratorRequest$飘花落叶言子楪世苏哲兰.smali	4150	    iput-object v1, p0, Lcom/google/protobuf/compiler/PluginProtos$CodeGeneratorRequest$飘花落叶言子楪世苏哲兰;->parameter_:Ljava/lang/Object;
smali\com\google\protobuf\compiler\PluginProtos$CodeGeneratorRequest$飘花落叶言子楪世苏哲兰.smali	4153	    iget v1, p0, Lcom/google/protobuf/compiler/PluginProtos$CodeGeneratorRequest$飘花落叶言子楪世苏哲兰;->bitField0_:I
smali\com\google\protobuf\compiler\PluginProtos$CodeGeneratorRequest$飘花落叶言子楪世苏哲兰.smali	4157	    iput v1, p0, Lcom/google/protobuf/compiler/PluginProtos$CodeGeneratorRequest$飘花落叶言子楪世苏哲兰;->bitField0_:I
smali\com\google\protobuf\compiler\PluginProtos$CodeGeneratorRequest$飘花落叶言子楪世苏哲兰.smali	4168	    invoke-direct {p0}, Lcom/google/protobuf/compiler/PluginProtos$CodeGeneratorRequest$飘花落叶言子楪世苏哲兰;->ensureFileToGenerateIsMutable()V
smali\com\google\protobuf\compiler\PluginProtos$CodeGeneratorRequest$飘花落叶言子楪世苏哲兰.smali	4171	    iget-object v2, p0, Lcom/google/protobuf/compiler/PluginProtos$CodeGeneratorRequest$飘花落叶言子楪世苏哲兰;->fileToGenerate_:Lcom/google/protobuf/飘花落叶言世子兰哲苏楪;
smali\com\google\protobuf\compiler\PluginProtos$CodeGeneratorRequest$飘花落叶言子楪世苏哲兰.smali	4209	    invoke-virtual {p0, p1, p2}, Lcom/google/protobuf/compiler/PluginProtos$CodeGeneratorRequest$飘花落叶言子楪世苏哲兰;->mergeFrom(Lcom/google/protobuf/飘花落叶言子世苏兰哲楪;Lcom/google/protobuf/飘花落叶言楪苏子哲兰世;)Lcom/google/protobuf/compiler/PluginProtos$CodeGeneratorRequest$飘花落叶言子楪世苏哲兰;
smali\com\google\protobuf\compiler\PluginProtos$CodeGeneratorRequest$飘花落叶言子楪世苏哲兰.smali	4220	    invoke-virtual {p0, p1}, Lcom/google/protobuf/compiler/PluginProtos$CodeGeneratorRequest$飘花落叶言子楪世苏哲兰;->mergeFrom(Lcom/google/protobuf/飘花落叶言世苏楪哲子兰;)Lcom/google/protobuf/compiler/PluginProtos$CodeGeneratorRequest$飘花落叶言子楪世苏哲兰;
smali\com\google\protobuf\compiler\PluginProtos$CodeGeneratorRequest$飘花落叶言子楪世苏哲兰.smali	4231	    invoke-virtual {p0, p1, p2}, Lcom/google/protobuf/compiler/PluginProtos$CodeGeneratorRequest$飘花落叶言子楪世苏哲兰;->mergeFrom(Lcom/google/protobuf/飘花落叶言子世苏兰哲楪;Lcom/google/protobuf/飘花落叶言楪苏子哲兰世;)Lcom/google/protobuf/compiler/PluginProtos$CodeGeneratorRequest$飘花落叶言子楪世苏哲兰;
smali\com\google\protobuf\compiler\PluginProtos$CodeGeneratorRequest$飘花落叶言子楪世苏哲兰.smali	4242	    invoke-virtual {p0, p1, p2}, Lcom/google/protobuf/compiler/PluginProtos$CodeGeneratorRequest$飘花落叶言子楪世苏哲兰;->mergeFrom(Lcom/google/protobuf/飘花落叶言子世苏兰哲楪;Lcom/google/protobuf/飘花落叶言楪苏子哲兰世;)Lcom/google/protobuf/compiler/PluginProtos$CodeGeneratorRequest$飘花落叶言子楪世苏哲兰;
smali\com\google\protobuf\compiler\PluginProtos$CodeGeneratorRequest$飘花落叶言子楪世苏哲兰.smali	4253	    invoke-virtual {p0, p1}, Lcom/google/protobuf/compiler/PluginProtos$CodeGeneratorRequest$飘花落叶言子楪世苏哲兰;->mergeFrom(Lcom/google/protobuf/飘花落叶言世苏楪哲子兰;)Lcom/google/protobuf/compiler/PluginProtos$CodeGeneratorRequest$飘花落叶言子楪世苏哲兰;
smali\com\google\protobuf\compiler\PluginProtos$CodeGeneratorRequest$飘花落叶言子楪世苏哲兰.smali	4264	    invoke-virtual {p0, p1, p2}, Lcom/google/protobuf/compiler/PluginProtos$CodeGeneratorRequest$飘花落叶言子楪世苏哲兰;->mergeFrom(Lcom/google/protobuf/飘花落叶言子世苏兰哲楪;Lcom/google/protobuf/飘花落叶言楪苏子哲兰世;)Lcom/google/protobuf/compiler/PluginProtos$CodeGeneratorRequest$飘花落叶言子楪世苏哲兰;
smali\com\google\protobuf\compiler\PluginProtos$CodeGeneratorRequest$飘花落叶言子楪世苏哲兰.smali	4271	.method public removeProtoFile(I)Lcom/google/protobuf/compiler/PluginProtos$CodeGeneratorRequest$飘花落叶言子楪世苏哲兰;
smali\com\google\protobuf\compiler\PluginProtos$CodeGeneratorRequest$飘花落叶言子楪世苏哲兰.smali	4275	    iget-object v0, p0, Lcom/google/protobuf/compiler/PluginProtos$CodeGeneratorRequest$飘花落叶言子楪世苏哲兰;->protoFileBuilder_:Lcom/google/protobuf/飘花落叶言世哲兰苏子楪;
smali\com\google\protobuf\compiler\PluginProtos$CodeGeneratorRequest$飘花落叶言子楪世苏哲兰.smali	4283	    invoke-direct {p0}, Lcom/google/protobuf/compiler/PluginProtos$CodeGeneratorRequest$飘花落叶言子楪世苏哲兰;->ensureProtoFileIsMutable()V
smali\com\google\protobuf\compiler\PluginProtos$CodeGeneratorRequest$飘花落叶言子楪世苏哲兰.smali	4288	    iget-object v0, p0, Lcom/google/protobuf/compiler/PluginProtos$CodeGeneratorRequest$飘花落叶言子楪世苏哲兰;->protoFile_:Ljava/util/List;
smali\com\google\protobuf\compiler\PluginProtos$CodeGeneratorRequest$飘花落叶言子楪世苏哲兰.smali	4314	.method public removeSourceFileDescriptors(I)Lcom/google/protobuf/compiler/PluginProtos$CodeGeneratorRequest$飘花落叶言子楪世苏哲兰;
smali\com\google\protobuf\compiler\PluginProtos$CodeGeneratorRequest$飘花落叶言子楪世苏哲兰.smali	4318	    iget-object v0, p0, Lcom/google/protobuf/compiler/PluginProtos$CodeGeneratorRequest$飘花落叶言子楪世苏哲兰;->sourceFileDescriptorsBuilder_:Lcom/google/protobuf/飘花落叶言世哲兰苏子楪;
smali\com\google\protobuf\compiler\PluginProtos$CodeGeneratorRequest$飘花落叶言子楪世苏哲兰.smali	4326	    invoke-direct {p0}, Lcom/google/protobuf/compiler/PluginProtos$CodeGeneratorRequest$飘花落叶言子楪世苏哲兰;->ensureSourceFileDescriptorsIsMutable()V
smali\com\google\protobuf\compiler\PluginProtos$CodeGeneratorRequest$飘花落叶言子楪世苏哲兰.smali	4331	    iget-object v0, p0, Lcom/google/protobuf/compiler/PluginProtos$CodeGeneratorRequest$飘花落叶言子楪世苏哲兰;->sourceFileDescriptors_:Ljava/util/List;
smali\com\google\protobuf\compiler\PluginProtos$CodeGeneratorRequest$飘花落叶言子楪世苏哲兰.smali	4357	.method public setCompilerVersion(Lcom/google/protobuf/compiler/PluginProtos$Version$飘花落叶言子楪世苏哲兰;)Lcom/google/protobuf/compiler/PluginProtos$CodeGeneratorRequest$飘花落叶言子楪世苏哲兰;
smali\com\google\protobuf\compiler\PluginProtos$CodeGeneratorRequest$飘花落叶言子楪世苏哲兰.smali	4361	    iget-object v0, p0, Lcom/google/protobuf/compiler/PluginProtos$CodeGeneratorRequest$飘花落叶言子楪世苏哲兰;->compilerVersionBuilder_:Lcom/google/protobuf/飘花落叶言世兰子哲苏楪;
smali\com\google\protobuf\compiler\PluginProtos$CodeGeneratorRequest$飘花落叶言子楪世苏哲兰.smali	4369	    invoke-virtual {p1}, Lcom/google/protobuf/compiler/PluginProtos$Version$飘花落叶言子楪世苏哲兰;->build()Lcom/google/protobuf/compiler/PluginProtos$Version;
smali\com\google\protobuf\compiler\PluginProtos$CodeGeneratorRequest$飘花落叶言子楪世苏哲兰.smali	4377	    iput-object p1, p0, Lcom/google/protobuf/compiler/PluginProtos$CodeGeneratorRequest$飘花落叶言子楪世苏哲兰;->compilerVersion_:Lcom/google/protobuf/compiler/PluginProtos$Version;
smali\com\google\protobuf\compiler\PluginProtos$CodeGeneratorRequest$飘花落叶言子楪世苏哲兰.smali	4385	    invoke-virtual {p1}, Lcom/google/protobuf/compiler/PluginProtos$Version$飘花落叶言子楪世苏哲兰;->build()Lcom/google/protobuf/compiler/PluginProtos$Version;
smali\com\google\protobuf\compiler\PluginProtos$CodeGeneratorRequest$飘花落叶言子楪世苏哲兰.smali	4399	    iget p1, p0, Lcom/google/protobuf/compiler/PluginProtos$CodeGeneratorRequest$飘花落叶言子楪世苏哲兰;->bitField0_:I
smali\com\google\protobuf\compiler\PluginProtos$CodeGeneratorRequest$飘花落叶言子楪世苏哲兰.smali	4407	    iput p1, p0, Lcom/google/protobuf/compiler/PluginProtos$CodeGeneratorRequest$飘花落叶言子楪世苏哲兰;->bitField0_:I
smali\com\google\protobuf\compiler\PluginProtos$CodeGeneratorRequest$飘花落叶言子楪世苏哲兰.smali	4419	.method public setCompilerVersion(Lcom/google/protobuf/compiler/PluginProtos$Version;)Lcom/google/protobuf/compiler/PluginProtos$CodeGeneratorRequest$飘花落叶言子楪世苏哲兰;
smali\com\google\protobuf\compiler\PluginProtos$CodeGeneratorRequest$飘花落叶言子楪世苏哲兰.smali	4423	    iget-object v0, p0, Lcom/google/protobuf/compiler/PluginProtos$CodeGeneratorRequest$飘花落叶言子楪世苏哲兰;->compilerVersionBuilder_:Lcom/google/protobuf/飘花落叶言世兰子哲苏楪;
smali\com\google\protobuf\compiler\PluginProtos$CodeGeneratorRequest$飘花落叶言子楪世苏哲兰.smali	4431	    iput-object p1, p0, Lcom/google/protobuf/compiler/PluginProtos$CodeGeneratorRequest$飘花落叶言子楪世苏哲兰;->compilerVersion_:Lcom/google/protobuf/compiler/PluginProtos$Version;
smali\com\google\protobuf\compiler\PluginProtos$CodeGeneratorRequest$飘花落叶言子楪世苏哲兰.smali	4441	    iget p1, p0, Lcom/google/protobuf/compiler/PluginProtos$CodeGeneratorRequest$飘花落叶言子楪世苏哲兰;->bitField0_:I
smali\com\google\protobuf\compiler\PluginProtos$CodeGeneratorRequest$飘花落叶言子楪世苏哲兰.smali	4445	    iput p1, p0, Lcom/google/protobuf/compiler/PluginProtos$CodeGeneratorRequest$飘花落叶言子楪世苏哲兰;->bitField0_:I
smali\com\google\protobuf\compiler\PluginProtos$CodeGeneratorRequest$飘花落叶言子楪世苏哲兰.smali	4453	.method public setFileToGenerate(ILjava/lang/String;)Lcom/google/protobuf/compiler/PluginProtos$CodeGeneratorRequest$飘花落叶言子楪世苏哲兰;
smali\com\google\protobuf\compiler\PluginProtos$CodeGeneratorRequest$飘花落叶言子楪世苏哲兰.smali	4462	    invoke-direct {p0}, Lcom/google/protobuf/compiler/PluginProtos$CodeGeneratorRequest$飘花落叶言子楪世苏哲兰;->ensureFileToGenerateIsMutable()V
smali\com\google\protobuf\compiler\PluginProtos$CodeGeneratorRequest$飘花落叶言子楪世苏哲兰.smali	4467	    iget-object v0, p0, Lcom/google/protobuf/compiler/PluginProtos$CodeGeneratorRequest$飘花落叶言子楪世苏哲兰;->fileToGenerate_:Lcom/google/protobuf/飘花落叶言世子兰哲苏楪;
smali\com\google\protobuf\compiler\PluginProtos$CodeGeneratorRequest$飘花落叶言子楪世苏哲兰.smali	4476	    iget p1, p0, Lcom/google/protobuf/compiler/PluginProtos$CodeGeneratorRequest$飘花落叶言子楪世苏哲兰;->bitField0_:I
smali\com\google\protobuf\compiler\PluginProtos$CodeGeneratorRequest$飘花落叶言子楪世苏哲兰.smali	4484	    iput p1, p0, Lcom/google/protobuf/compiler/PluginProtos$CodeGeneratorRequest$飘花落叶言子楪世苏哲兰;->bitField0_:I
smali\com\google\protobuf\compiler\PluginProtos$CodeGeneratorRequest$飘花落叶言子楪世苏哲兰.smali	4496	.method public setParameter(Ljava/lang/String;)Lcom/google/protobuf/compiler/PluginProtos$CodeGeneratorRequest$飘花落叶言子楪世苏哲兰;
smali\com\google\protobuf\compiler\PluginProtos$CodeGeneratorRequest$飘花落叶言子楪世苏哲兰.smali	4505	    iput-object p1, p0, Lcom/google/protobuf/compiler/PluginProtos$CodeGeneratorRequest$飘花落叶言子楪世苏哲兰;->parameter_:Ljava/lang/Object;
smali\com\google\protobuf\compiler\PluginProtos$CodeGeneratorRequest$飘花落叶言子楪世苏哲兰.smali	4509	    iget p1, p0, Lcom/google/protobuf/compiler/PluginProtos$CodeGeneratorRequest$飘花落叶言子楪世苏哲兰;->bitField0_:I
smali\com\google\protobuf\compiler\PluginProtos$CodeGeneratorRequest$飘花落叶言子楪世苏哲兰.smali	4517	    iput p1, p0, Lcom/google/protobuf/compiler/PluginProtos$CodeGeneratorRequest$飘花落叶言子楪世苏哲兰;->bitField0_:I
smali\com\google\protobuf\compiler\PluginProtos$CodeGeneratorRequest$飘花落叶言子楪世苏哲兰.smali	4529	.method public setParameterBytes(Lcom/google/protobuf/ByteString;)Lcom/google/protobuf/compiler/PluginProtos$CodeGeneratorRequest$飘花落叶言子楪世苏哲兰;
smali\com\google\protobuf\compiler\PluginProtos$CodeGeneratorRequest$飘花落叶言子楪世苏哲兰.smali	4538	    iput-object p1, p0, Lcom/google/protobuf/compiler/PluginProtos$CodeGeneratorRequest$飘花落叶言子楪世苏哲兰;->parameter_:Ljava/lang/Object;
smali\com\google\protobuf\compiler\PluginProtos$CodeGeneratorRequest$飘花落叶言子楪世苏哲兰.smali	4542	    iget p1, p0, Lcom/google/protobuf/compiler/PluginProtos$CodeGeneratorRequest$飘花落叶言子楪世苏哲兰;->bitField0_:I
smali\com\google\protobuf\compiler\PluginProtos$CodeGeneratorRequest$飘花落叶言子楪世苏哲兰.smali	4550	    iput p1, p0, Lcom/google/protobuf/compiler/PluginProtos$CodeGeneratorRequest$飘花落叶言子楪世苏哲兰;->bitField0_:I
smali\com\google\protobuf\compiler\PluginProtos$CodeGeneratorRequest$飘花落叶言子楪世苏哲兰.smali	4562	.method public setProtoFile(ILcom/google/protobuf/DescriptorProtos$FileDescriptorProto$飘花落叶言子楪世苏哲兰;)Lcom/google/protobuf/compiler/PluginProtos$CodeGeneratorRequest$飘花落叶言子楪世苏哲兰;
smali\com\google\protobuf\compiler\PluginProtos$CodeGeneratorRequest$飘花落叶言子楪世苏哲兰.smali	4566	    iget-object v0, p0, Lcom/google/protobuf/compiler/PluginProtos$CodeGeneratorRequest$飘花落叶言子楪世苏哲兰;->protoFileBuilder_:Lcom/google/protobuf/飘花落叶言世哲兰苏子楪;
smali\com\google\protobuf\compiler\PluginProtos$CodeGeneratorRequest$飘花落叶言子楪世苏哲兰.smali	4574	    invoke-direct {p0}, Lcom/google/protobuf/compiler/PluginProtos$CodeGeneratorRequest$飘花落叶言子楪世苏哲兰;->ensureProtoFileIsMutable()V
smali\com\google\protobuf\compiler\PluginProtos$CodeGeneratorRequest$飘花落叶言子楪世苏哲兰.smali	4579	    iget-object v0, p0, Lcom/google/protobuf/compiler/PluginProtos$CodeGeneratorRequest$飘花落叶言子楪世苏哲兰;->protoFile_:Ljava/util/List;
smali\com\google\protobuf\compiler\PluginProtos$CodeGeneratorRequest$飘花落叶言子楪世苏哲兰.smali	4621	.method public setProtoFile(ILcom/google/protobuf/DescriptorProtos$FileDescriptorProto;)Lcom/google/protobuf/compiler/PluginProtos$CodeGeneratorRequest$飘花落叶言子楪世苏哲兰;
smali\com\google\protobuf\compiler\PluginProtos$CodeGeneratorRequest$飘花落叶言子楪世苏哲兰.smali	4625	    iget-object v0, p0, Lcom/google/protobuf/compiler/PluginProtos$CodeGeneratorRequest$飘花落叶言子楪世苏哲兰;->protoFileBuilder_:Lcom/google/protobuf/飘花落叶言世哲兰苏子楪;
smali\com\google\protobuf\compiler\PluginProtos$CodeGeneratorRequest$飘花落叶言子楪世苏哲兰.smali	4633	    invoke-direct {p0}, Lcom/google/protobuf/compiler/PluginProtos$CodeGeneratorRequest$飘花落叶言子楪世苏哲兰;->ensureProtoFileIsMutable()V
smali\com\google\protobuf\compiler\PluginProtos$CodeGeneratorRequest$飘花落叶言子楪世苏哲兰.smali	4636	    iget-object v0, p0, Lcom/google/protobuf/compiler/PluginProtos$CodeGeneratorRequest$飘花落叶言子楪世苏哲兰;->protoFile_:Ljava/util/List;
smali\com\google\protobuf\compiler\PluginProtos$CodeGeneratorRequest$飘花落叶言子楪世苏哲兰.smali	4652	.method public setSourceFileDescriptors(ILcom/google/protobuf/DescriptorProtos$FileDescriptorProto$飘花落叶言子楪世苏哲兰;)Lcom/google/protobuf/compiler/PluginProtos$CodeGeneratorRequest$飘花落叶言子楪世苏哲兰;
smali\com\google\protobuf\compiler\PluginProtos$CodeGeneratorRequest$飘花落叶言子楪世苏哲兰.smali	4656	    iget-object v0, p0, Lcom/google/protobuf/compiler/PluginProtos$CodeGeneratorRequest$飘花落叶言子楪世苏哲兰;->sourceFileDescriptorsBuilder_:Lcom/google/protobuf/飘花落叶言世哲兰苏子楪;
smali\com\google\protobuf\compiler\PluginProtos$CodeGeneratorRequest$飘花落叶言子楪世苏哲兰.smali	4664	    invoke-direct {p0}, Lcom/google/protobuf/compiler/PluginProtos$CodeGeneratorRequest$飘花落叶言子楪世苏哲兰;->ensureSourceFileDescriptorsIsMutable()V
smali\com\google\protobuf\compiler\PluginProtos$CodeGeneratorRequest$飘花落叶言子楪世苏哲兰.smali	4669	    iget-object v0, p0, Lcom/google/protobuf/compiler/PluginProtos$CodeGeneratorRequest$飘花落叶言子楪世苏哲兰;->sourceFileDescriptors_:Ljava/util/List;
smali\com\google\protobuf\compiler\PluginProtos$CodeGeneratorRequest$飘花落叶言子楪世苏哲兰.smali	4711	.method public setSourceFileDescriptors(ILcom/google/protobuf/DescriptorProtos$FileDescriptorProto;)Lcom/google/protobuf/compiler/PluginProtos$CodeGeneratorRequest$飘花落叶言子楪世苏哲兰;
smali\com\google\protobuf\compiler\PluginProtos$CodeGeneratorRequest$飘花落叶言子楪世苏哲兰.smali	4715	    iget-object v0, p0, Lcom/google/protobuf/compiler/PluginProtos$CodeGeneratorRequest$飘花落叶言子楪世苏哲兰;->sourceFileDescriptorsBuilder_:Lcom/google/protobuf/飘花落叶言世哲兰苏子楪;
smali\com\google\protobuf\compiler\PluginProtos$CodeGeneratorRequest$飘花落叶言子楪世苏哲兰.smali	4723	    invoke-direct {p0}, Lcom/google/protobuf/compiler/PluginProtos$CodeGeneratorRequest$飘花落叶言子楪世苏哲兰;->ensureSourceFileDescriptorsIsMutable()V
smali\com\google\protobuf\compiler\PluginProtos$CodeGeneratorRequest$飘花落叶言子楪世苏哲兰.smali	4726	    iget-object v0, p0, Lcom/google/protobuf/compiler/PluginProtos$CodeGeneratorRequest$飘花落叶言子楪世苏哲兰;->sourceFileDescriptors_:Ljava/util/List;
smali\com\google\protobuf\compiler\PluginProtos$CodeGeneratorRequest.smali	1	.class public final Lcom/google/protobuf/compiler/PluginProtos$CodeGeneratorRequest;
smali\com\google\protobuf\compiler\PluginProtos$CodeGeneratorRequest.smali	12	        Lcom/google/protobuf/compiler/PluginProtos$CodeGeneratorRequest$飘花落叶言子楪世苏哲兰;
smali\com\google\protobuf\compiler\PluginProtos$CodeGeneratorRequest.smali	20	.field private static final DEFAULT_INSTANCE:Lcom/google/protobuf/compiler/PluginProtos$CodeGeneratorRequest;
smali\com\google\protobuf\compiler\PluginProtos$CodeGeneratorRequest.smali	44	.field private compilerVersion_:Lcom/google/protobuf/compiler/PluginProtos$Version;
smali\com\google\protobuf\compiler\PluginProtos$CodeGeneratorRequest.smali	91	    new-instance v0, Lcom/google/protobuf/compiler/PluginProtos$CodeGeneratorRequest;
smali\com\google\protobuf\compiler\PluginProtos$CodeGeneratorRequest.smali	95	    invoke-direct {v0}, Lcom/google/protobuf/compiler/PluginProtos$CodeGeneratorRequest;-><init>()V
smali\com\google\protobuf\compiler\PluginProtos$CodeGeneratorRequest.smali	100	    sput-object v0, Lcom/google/protobuf/compiler/PluginProtos$CodeGeneratorRequest;->DEFAULT_INSTANCE:Lcom/google/protobuf/compiler/PluginProtos$CodeGeneratorRequest;
smali\com\google\protobuf\compiler\PluginProtos$CodeGeneratorRequest.smali	113	    sput-object v0, Lcom/google/protobuf/compiler/PluginProtos$CodeGeneratorRequest;->PARSER:Lcom/google/protobuf/飘花落叶言世哲楪苏兰子;
smali\com\google\protobuf\compiler\PluginProtos$CodeGeneratorRequest.smali	133	    iput-object v0, p0, Lcom/google/protobuf/compiler/PluginProtos$CodeGeneratorRequest;->fileToGenerate_:Lcom/google/protobuf/飘花落叶言世子兰哲苏楪;
smali\com\google\protobuf\compiler\PluginProtos$CodeGeneratorRequest.smali	141	    iput-object v1, p0, Lcom/google/protobuf/compiler/PluginProtos$CodeGeneratorRequest;->parameter_:Ljava/lang/Object;
smali\com\google\protobuf\compiler\PluginProtos$CodeGeneratorRequest.smali	148	    iput-byte v2, p0, Lcom/google/protobuf/compiler/PluginProtos$CodeGeneratorRequest;->memoizedIsInitialized:B
smali\com\google\protobuf\compiler\PluginProtos$CodeGeneratorRequest.smali	152	    iput-object v0, p0, Lcom/google/protobuf/compiler/PluginProtos$CodeGeneratorRequest;->fileToGenerate_:Lcom/google/protobuf/飘花落叶言世子兰哲苏楪;
smali\com\google\protobuf\compiler\PluginProtos$CodeGeneratorRequest.smali	156	    iput-object v1, p0, Lcom/google/protobuf/compiler/PluginProtos$CodeGeneratorRequest;->parameter_:Ljava/lang/Object;
smali\com\google\protobuf\compiler\PluginProtos$CodeGeneratorRequest.smali	164	    iput-object v0, p0, Lcom/google/protobuf/compiler/PluginProtos$CodeGeneratorRequest;->protoFile_:Ljava/util/List;
smali\com\google\protobuf\compiler\PluginProtos$CodeGeneratorRequest.smali	168	    iput-object v0, p0, Lcom/google/protobuf/compiler/PluginProtos$CodeGeneratorRequest;->sourceFileDescriptors_:Ljava/util/List;
smali\com\google\protobuf\compiler\PluginProtos$CodeGeneratorRequest.smali	192	    iput-object p1, p0, Lcom/google/protobuf/compiler/PluginProtos$CodeGeneratorRequest;->fileToGenerate_:Lcom/google/protobuf/飘花落叶言世子兰哲苏楪;
smali\com\google\protobuf\compiler\PluginProtos$CodeGeneratorRequest.smali	197	    iput-object p1, p0, Lcom/google/protobuf/compiler/PluginProtos$CodeGeneratorRequest;->parameter_:Ljava/lang/Object;
smali\com\google\protobuf\compiler\PluginProtos$CodeGeneratorRequest.smali	202	    iput-byte p1, p0, Lcom/google/protobuf/compiler/PluginProtos$CodeGeneratorRequest;->memoizedIsInitialized:B
smali\com\google\protobuf\compiler\PluginProtos$CodeGeneratorRequest.smali	211	    invoke-direct {p0, p1}, Lcom/google/protobuf/compiler/PluginProtos$CodeGeneratorRequest;-><init>(Lcom/google/protobuf/GeneratedMessage$飘花落叶言子楪世苏哲兰;)V
smali\com\google\protobuf\compiler\PluginProtos$CodeGeneratorRequest.smali	227	.method public static synthetic access$1600(Lcom/google/protobuf/compiler/PluginProtos$CodeGeneratorRequest;)Ljava/util/List;
smali\com\google\protobuf\compiler\PluginProtos$CodeGeneratorRequest.smali	231	    iget-object p0, p0, Lcom/google/protobuf/compiler/PluginProtos$CodeGeneratorRequest;->protoFile_:Ljava/util/List;
smali\com\google\protobuf\compiler\PluginProtos$CodeGeneratorRequest.smali	238	.method public static synthetic access$1602(Lcom/google/protobuf/compiler/PluginProtos$CodeGeneratorRequest;Ljava/util/List;)Ljava/util/List;
smali\com\google\protobuf\compiler\PluginProtos$CodeGeneratorRequest.smali	242	    iput-object p1, p0, Lcom/google/protobuf/compiler/PluginProtos$CodeGeneratorRequest;->protoFile_:Ljava/util/List;
smali\com\google\protobuf\compiler\PluginProtos$CodeGeneratorRequest.smali	249	.method public static synthetic access$1700(Lcom/google/protobuf/compiler/PluginProtos$CodeGeneratorRequest;)Ljava/util/List;
smali\com\google\protobuf\compiler\PluginProtos$CodeGeneratorRequest.smali	253	    iget-object p0, p0, Lcom/google/protobuf/compiler/PluginProtos$CodeGeneratorRequest;->sourceFileDescriptors_:Ljava/util/List;
smali\com\google\protobuf\compiler\PluginProtos$CodeGeneratorRequest.smali	260	.method public static synthetic access$1702(Lcom/google/protobuf/compiler/PluginProtos$CodeGeneratorRequest;Ljava/util/List;)Ljava/util/List;
smali\com\google\protobuf\compiler\PluginProtos$CodeGeneratorRequest.smali	264	    iput-object p1, p0, Lcom/google/protobuf/compiler/PluginProtos$CodeGeneratorRequest;->sourceFileDescriptors_:Ljava/util/List;
smali\com\google\protobuf\compiler\PluginProtos$CodeGeneratorRequest.smali	271	.method public static synthetic access$1800(Lcom/google/protobuf/compiler/PluginProtos$CodeGeneratorRequest;)Lcom/google/protobuf/飘花落叶言世子兰哲苏楪;
smali\com\google\protobuf\compiler\PluginProtos$CodeGeneratorRequest.smali	275	    iget-object p0, p0, Lcom/google/protobuf/compiler/PluginProtos$CodeGeneratorRequest;->fileToGenerate_:Lcom/google/protobuf/飘花落叶言世子兰哲苏楪;
smali\com\google\protobuf\compiler\PluginProtos$CodeGeneratorRequest.smali	282	.method public static synthetic access$1802(Lcom/google/protobuf/compiler/PluginProtos$CodeGeneratorRequest;Lcom/google/protobuf/飘花落叶言世子兰哲苏楪;)Lcom/google/protobuf/飘花落叶言世子兰哲苏楪;
smali\com\google\protobuf\compiler\PluginProtos$CodeGeneratorRequest.smali	286	    iput-object p1, p0, Lcom/google/protobuf/compiler/PluginProtos$CodeGeneratorRequest;->fileToGenerate_:Lcom/google/protobuf/飘花落叶言世子兰哲苏楪;
smali\com\google\protobuf\compiler\PluginProtos$CodeGeneratorRequest.smali	293	.method public static synthetic access$1900(Lcom/google/protobuf/compiler/PluginProtos$CodeGeneratorRequest;)Ljava/lang/Object;
smali\com\google\protobuf\compiler\PluginProtos$CodeGeneratorRequest.smali	297	    iget-object p0, p0, Lcom/google/protobuf/compiler/PluginProtos$CodeGeneratorRequest;->parameter_:Ljava/lang/Object;
smali\com\google\protobuf\compiler\PluginProtos$CodeGeneratorRequest.smali	304	.method public static synthetic access$1902(Lcom/google/protobuf/compiler/PluginProtos$CodeGeneratorRequest;Ljava/lang/Object;)Ljava/lang/Object;
smali\com\google\protobuf\compiler\PluginProtos$CodeGeneratorRequest.smali	308	    iput-object p1, p0, Lcom/google/protobuf/compiler/PluginProtos$CodeGeneratorRequest;->parameter_:Ljava/lang/Object;
smali\com\google\protobuf\compiler\PluginProtos$CodeGeneratorRequest.smali	315	.method public static synthetic access$2002(Lcom/google/protobuf/compiler/PluginProtos$CodeGeneratorRequest;Lcom/google/protobuf/compiler/PluginProtos$Version;)Lcom/google/protobuf/compiler/PluginProtos$Version;
smali\com\google\protobuf\compiler\PluginProtos$CodeGeneratorRequest.smali	319	    iput-object p1, p0, Lcom/google/protobuf/compiler/PluginProtos$CodeGeneratorRequest;->compilerVersion_:Lcom/google/protobuf/compiler/PluginProtos$Version;
smali\com\google\protobuf\compiler\PluginProtos$CodeGeneratorRequest.smali	326	.method public static synthetic access$2176(Lcom/google/protobuf/compiler/PluginProtos$CodeGeneratorRequest;I)I
smali\com\google\protobuf\compiler\PluginProtos$CodeGeneratorRequest.smali	330	    iget v0, p0, Lcom/google/protobuf/compiler/PluginProtos$CodeGeneratorRequest;->bitField0_:I
smali\com\google\protobuf\compiler\PluginProtos$CodeGeneratorRequest.smali	337	    iput p1, p0, Lcom/google/protobuf/compiler/PluginProtos$CodeGeneratorRequest;->bitField0_:I
smali\com\google\protobuf\compiler\PluginProtos$CodeGeneratorRequest.smali	380	    iget-object v3, p0, Lcom/google/protobuf/compiler/PluginProtos$CodeGeneratorRequest;->fileToGenerate_:Lcom/google/protobuf/飘花落叶言世子兰哲苏楪;
smali\com\google\protobuf\compiler\PluginProtos$CodeGeneratorRequest.smali	400	    iget-object v3, p0, Lcom/google/protobuf/compiler/PluginProtos$CodeGeneratorRequest;->fileToGenerate_:Lcom/google/protobuf/飘花落叶言世子兰哲苏楪;
smali\com\google\protobuf\compiler\PluginProtos$CodeGeneratorRequest.smali	435	    invoke-virtual {p0}, Lcom/google/protobuf/compiler/PluginProtos$CodeGeneratorRequest;->getFileToGenerateList()Lcom/google/protobuf/飘花落叶言世哲苏兰子楪;
smali\com\google\protobuf\compiler\PluginProtos$CodeGeneratorRequest.smali	454	    iget v2, p0, Lcom/google/protobuf/compiler/PluginProtos$CodeGeneratorRequest;->bitField0_:I
smali\com\google\protobuf\compiler\PluginProtos$CodeGeneratorRequest.smali	469	    iget-object v2, p0, Lcom/google/protobuf/compiler/PluginProtos$CodeGeneratorRequest;->parameter_:Ljava/lang/Object;
smali\com\google\protobuf\compiler\PluginProtos$CodeGeneratorRequest.smali	485	    iget v2, p0, Lcom/google/protobuf/compiler/PluginProtos$CodeGeneratorRequest;->bitField0_:I
smali\com\google\protobuf\compiler\PluginProtos$CodeGeneratorRequest.smali	499	    invoke-virtual {p0}, Lcom/google/protobuf/compiler/PluginProtos$CodeGeneratorRequest;->getCompilerVersion()Lcom/google/protobuf/compiler/PluginProtos$Version;
smali\com\google\protobuf\compiler\PluginProtos$CodeGeneratorRequest.smali	519	    iget-object v2, p0, Lcom/google/protobuf/compiler/PluginProtos$CodeGeneratorRequest;->protoFile_:Ljava/util/List;
smali\com\google\protobuf\compiler\PluginProtos$CodeGeneratorRequest.smali	539	    iget-object v5, p0, Lcom/google/protobuf/compiler/PluginProtos$CodeGeneratorRequest;->protoFile_:Ljava/util/List;
smali\com\google\protobuf\compiler\PluginProtos$CodeGeneratorRequest.smali	577	    iget-object v2, p0, Lcom/google/protobuf/compiler/PluginProtos$CodeGeneratorRequest;->sourceFileDescriptors_:Ljava/util/List;
smali\com\google\protobuf\compiler\PluginProtos$CodeGeneratorRequest.smali	594	    iget-object v4, p0, Lcom/google/protobuf/compiler/PluginProtos$CodeGeneratorRequest;->sourceFileDescriptors_:Ljava/util/List;
smali\com\google\protobuf\compiler\PluginProtos$CodeGeneratorRequest.smali	638	.method public static getDefaultInstance()Lcom/google/protobuf/compiler/PluginProtos$CodeGeneratorRequest;
smali\com\google\protobuf\compiler\PluginProtos$CodeGeneratorRequest.smali	642	    sget-object v0, Lcom/google/protobuf/compiler/PluginProtos$CodeGeneratorRequest;->DEFAULT_INSTANCE:Lcom/google/protobuf/compiler/PluginProtos$CodeGeneratorRequest;
smali\com\google\protobuf\compiler\PluginProtos$CodeGeneratorRequest.smali	660	.method public static newBuilder()Lcom/google/protobuf/compiler/PluginProtos$CodeGeneratorRequest$飘花落叶言子楪世苏哲兰;
smali\com\google\protobuf\compiler\PluginProtos$CodeGeneratorRequest.smali	664	    sget-object v0, Lcom/google/protobuf/compiler/PluginProtos$CodeGeneratorRequest;->DEFAULT_INSTANCE:Lcom/google/protobuf/compiler/PluginProtos$CodeGeneratorRequest;
smali\com\google\protobuf\compiler\PluginProtos$CodeGeneratorRequest.smali	666	    invoke-virtual {v0}, Lcom/google/protobuf/compiler/PluginProtos$CodeGeneratorRequest;->toBuilder()Lcom/google/protobuf/compiler/PluginProtos$CodeGeneratorRequest$飘花落叶言子楪世苏哲兰;
smali\com\google\protobuf\compiler\PluginProtos$CodeGeneratorRequest.smali	673	.method public static newBuilder(Lcom/google/protobuf/compiler/PluginProtos$CodeGeneratorRequest;)Lcom/google/protobuf/compiler/PluginProtos$CodeGeneratorRequest$飘花落叶言子楪世苏哲兰;
smali\com\google\protobuf\compiler\PluginProtos$CodeGeneratorRequest.smali	677	    sget-object v0, Lcom/google/protobuf/compiler/PluginProtos$CodeGeneratorRequest;->DEFAULT_INSTANCE:Lcom/google/protobuf/compiler/PluginProtos$CodeGeneratorRequest;
smali\com\google\protobuf\compiler\PluginProtos$CodeGeneratorRequest.smali	681	    invoke-virtual {v0}, Lcom/google/protobuf/compiler/PluginProtos$CodeGeneratorRequest;->toBuilder()Lcom/google/protobuf/compiler/PluginProtos$CodeGeneratorRequest$飘花落叶言子楪世苏哲兰;
smali\com\google\protobuf\compiler\PluginProtos$CodeGeneratorRequest.smali	689	    invoke-virtual {v0, p0}, Lcom/google/protobuf/compiler/PluginProtos$CodeGeneratorRequest$飘花落叶言子楪世苏哲兰;->mergeFrom(Lcom/google/protobuf/compiler/PluginProtos$CodeGeneratorRequest;)Lcom/google/protobuf/compiler/PluginProtos$CodeGeneratorRequest$飘花落叶言子楪世苏哲兰;
smali\com\google\protobuf\compiler\PluginProtos$CodeGeneratorRequest.smali	700	.method public static parseDelimitedFrom(Ljava/io/InputStream;)Lcom/google/protobuf/compiler/PluginProtos$CodeGeneratorRequest;
smali\com\google\protobuf\compiler\PluginProtos$CodeGeneratorRequest.smali	704	    sget-object v0, Lcom/google/protobuf/compiler/PluginProtos$CodeGeneratorRequest;->PARSER:Lcom/google/protobuf/飘花落叶言世哲楪苏兰子;
smali\com\google\protobuf\compiler\PluginProtos$CodeGeneratorRequest.smali	716	    check-cast p0, Lcom/google/protobuf/compiler/PluginProtos$CodeGeneratorRequest;
smali\com\google\protobuf\compiler\PluginProtos$CodeGeneratorRequest.smali	723	.method public static parseDelimitedFrom(Ljava/io/InputStream;Lcom/google/protobuf/飘花落叶言楪苏子哲兰世;)Lcom/google/protobuf/compiler/PluginProtos$CodeGeneratorRequest;
smali\com\google\protobuf\compiler\PluginProtos$CodeGeneratorRequest.smali	727	    sget-object v0, Lcom/google/protobuf/compiler/PluginProtos$CodeGeneratorRequest;->PARSER:Lcom/google/protobuf/飘花落叶言世哲楪苏兰子;
smali\com\google\protobuf\compiler\PluginProtos$CodeGeneratorRequest.smali	734	    check-cast p0, Lcom/google/protobuf/compiler/PluginProtos$CodeGeneratorRequest;
smali\com\google\protobuf\compiler\PluginProtos$CodeGeneratorRequest.smali	739	.method public static parseFrom(Lcom/google/protobuf/ByteString;)Lcom/google/protobuf/compiler/PluginProtos$CodeGeneratorRequest;
smali\com\google\protobuf\compiler\PluginProtos$CodeGeneratorRequest.smali	743	    sget-object v0, Lcom/google/protobuf/compiler/PluginProtos$CodeGeneratorRequest;->PARSER:Lcom/google/protobuf/飘花落叶言世哲楪苏兰子;
smali\com\google\protobuf\compiler\PluginProtos$CodeGeneratorRequest.smali	756	    check-cast p0, Lcom/google/protobuf/compiler/PluginProtos$CodeGeneratorRequest;
smali\com\google\protobuf\compiler\PluginProtos$CodeGeneratorRequest.smali	761	.method public static parseFrom(Lcom/google/protobuf/ByteString;Lcom/google/protobuf/飘花落叶言楪苏子哲兰世;)Lcom/google/protobuf/compiler/PluginProtos$CodeGeneratorRequest;
smali\com\google\protobuf\compiler\PluginProtos$CodeGeneratorRequest.smali	765	    sget-object v0, Lcom/google/protobuf/compiler/PluginProtos$CodeGeneratorRequest;->PARSER:Lcom/google/protobuf/飘花落叶言世哲楪苏兰子;
smali\com\google\protobuf\compiler\PluginProtos$CodeGeneratorRequest.smali	775	    check-cast p0, Lcom/google/protobuf/compiler/PluginProtos$CodeGeneratorRequest;
smali\com\google\protobuf\compiler\PluginProtos$CodeGeneratorRequest.smali	780	.method public static parseFrom(Lcom/google/protobuf/飘花落叶言子世苏兰哲楪;)Lcom/google/protobuf/compiler/PluginProtos$CodeGeneratorRequest;
smali\com\google\protobuf\compiler\PluginProtos$CodeGeneratorRequest.smali	784	    sget-object v0, Lcom/google/protobuf/compiler/PluginProtos$CodeGeneratorRequest;->PARSER:Lcom/google/protobuf/飘花落叶言世哲楪苏兰子;
smali\com\google\protobuf\compiler\PluginProtos$CodeGeneratorRequest.smali	791	    check-cast p0, Lcom/google/protobuf/compiler/PluginProtos$CodeGeneratorRequest;
smali\com\google\protobuf\compiler\PluginProtos$CodeGeneratorRequest.smali	796	.method public static parseFrom(Lcom/google/protobuf/飘花落叶言子世苏兰哲楪;Lcom/google/protobuf/飘花落叶言楪苏子哲兰世;)Lcom/google/protobuf/compiler/PluginProtos$CodeGeneratorRequest;
smali\com\google\protobuf\compiler\PluginProtos$CodeGeneratorRequest.smali	800	    sget-object v0, Lcom/google/protobuf/compiler/PluginProtos$CodeGeneratorRequest;->PARSER:Lcom/google/protobuf/飘花落叶言世哲楪苏兰子;
smali\com\google\protobuf\compiler\PluginProtos$CodeGeneratorRequest.smali	807	    check-cast p0, Lcom/google/protobuf/compiler/PluginProtos$CodeGeneratorRequest;
smali\com\google\protobuf\compiler\PluginProtos$CodeGeneratorRequest.smali	812	.method public static parseFrom(Ljava/io/InputStream;)Lcom/google/protobuf/compiler/PluginProtos$CodeGeneratorRequest;
smali\com\google\protobuf\compiler\PluginProtos$CodeGeneratorRequest.smali	816	    sget-object v0, Lcom/google/protobuf/compiler/PluginProtos$CodeGeneratorRequest;->PARSER:Lcom/google/protobuf/飘花落叶言世哲楪苏兰子;
smali\com\google\protobuf\compiler\PluginProtos$CodeGeneratorRequest.smali	823	    check-cast p0, Lcom/google/protobuf/compiler/PluginProtos$CodeGeneratorRequest;
smali\com\google\protobuf\compiler\PluginProtos$CodeGeneratorRequest.smali	828	.method public static parseFrom(Ljava/io/InputStream;Lcom/google/protobuf/飘花落叶言楪苏子哲兰世;)Lcom/google/protobuf/compiler/PluginProtos$CodeGeneratorRequest;
smali\com\google\protobuf\compiler\PluginProtos$CodeGeneratorRequest.smali	832	    sget-object v0, Lcom/google/protobuf/compiler/PluginProtos$CodeGeneratorRequest;->PARSER:Lcom/google/protobuf/飘花落叶言世哲楪苏兰子;
smali\com\google\protobuf\compiler\PluginProtos$CodeGeneratorRequest.smali	839	    check-cast p0, Lcom/google/protobuf/compiler/PluginProtos$CodeGeneratorRequest;
smali\com\google\protobuf\compiler\PluginProtos$CodeGeneratorRequest.smali	844	.method public static parseFrom(Ljava/nio/ByteBuffer;)Lcom/google/protobuf/compiler/PluginProtos$CodeGeneratorRequest;
smali\com\google\protobuf\compiler\PluginProtos$CodeGeneratorRequest.smali	848	    sget-object v0, Lcom/google/protobuf/compiler/PluginProtos$CodeGeneratorRequest;->PARSER:Lcom/google/protobuf/飘花落叶言世哲楪苏兰子;
smali\com\google\protobuf\compiler\PluginProtos$CodeGeneratorRequest.smali	868	    check-cast p0, Lcom/google/protobuf/compiler/PluginProtos$CodeGeneratorRequest;
smali\com\google\protobuf\compiler\PluginProtos$CodeGeneratorRequest.smali	875	.method public static parseFrom(Ljava/nio/ByteBuffer;Lcom/google/protobuf/飘花落叶言楪苏子哲兰世;)Lcom/google/protobuf/compiler/PluginProtos$CodeGeneratorRequest;
smali\com\google\protobuf\compiler\PluginProtos$CodeGeneratorRequest.smali	879	    sget-object v0, Lcom/google/protobuf/compiler/PluginProtos$CodeGeneratorRequest;->PARSER:Lcom/google/protobuf/飘花落叶言世哲楪苏兰子;
smali\com\google\protobuf\compiler\PluginProtos$CodeGeneratorRequest.smali	889	    check-cast p0, Lcom/google/protobuf/compiler/PluginProtos$CodeGeneratorRequest;
smali\com\google\protobuf\compiler\PluginProtos$CodeGeneratorRequest.smali	894	.method public static parseFrom([B)Lcom/google/protobuf/compiler/PluginProtos$CodeGeneratorRequest;
smali\com\google\protobuf\compiler\PluginProtos$CodeGeneratorRequest.smali	898	    sget-object v0, Lcom/google/protobuf/compiler/PluginProtos$CodeGeneratorRequest;->PARSER:Lcom/google/protobuf/飘花落叶言世哲楪苏兰子;
smali\com\google\protobuf\compiler\PluginProtos$CodeGeneratorRequest.smali	911	    check-cast p0, Lcom/google/protobuf/compiler/PluginProtos$CodeGeneratorRequest;
smali\com\google\protobuf\compiler\PluginProtos$CodeGeneratorRequest.smali	916	.method public static parseFrom([BLcom/google/protobuf/飘花落叶言楪苏子哲兰世;)Lcom/google/protobuf/compiler/PluginProtos$CodeGeneratorRequest;
smali\com\google\protobuf\compiler\PluginProtos$CodeGeneratorRequest.smali	920	    sget-object v0, Lcom/google/protobuf/compiler/PluginProtos$CodeGeneratorRequest;->PARSER:Lcom/google/protobuf/飘花落叶言世哲楪苏兰子;
smali\com\google\protobuf\compiler\PluginProtos$CodeGeneratorRequest.smali	930	    check-cast p0, Lcom/google/protobuf/compiler/PluginProtos$CodeGeneratorRequest;
smali\com\google\protobuf\compiler\PluginProtos$CodeGeneratorRequest.smali	945	    sget-object v0, Lcom/google/protobuf/compiler/PluginProtos$CodeGeneratorRequest;->PARSER:Lcom/google/protobuf/飘花落叶言世哲楪苏兰子;
smali\com\google\protobuf\compiler\PluginProtos$CodeGeneratorRequest.smali	969	    instance-of v1, p1, Lcom/google/protobuf/compiler/PluginProtos$CodeGeneratorRequest;
smali\com\google\protobuf\compiler\PluginProtos$CodeGeneratorRequest.smali	989	    check-cast p1, Lcom/google/protobuf/compiler/PluginProtos$CodeGeneratorRequest;
smali\com\google\protobuf\compiler\PluginProtos$CodeGeneratorRequest.smali	993	    invoke-virtual {p0}, Lcom/google/protobuf/compiler/PluginProtos$CodeGeneratorRequest;->getFileToGenerateList()Lcom/google/protobuf/飘花落叶言世哲苏兰子楪;
smali\com\google\protobuf\compiler\PluginProtos$CodeGeneratorRequest.smali	1001	    invoke-virtual {p1}, Lcom/google/protobuf/compiler/PluginProtos$CodeGeneratorRequest;->getFileToGenerateList()Lcom/google/protobuf/飘花落叶言世哲苏兰子楪;
smali\com\google\protobuf\compiler\PluginProtos$CodeGeneratorRequest.smali	1028	    invoke-virtual {p0}, Lcom/google/protobuf/compiler/PluginProtos$CodeGeneratorRequest;->hasParameter()Z
smali\com\google\protobuf\compiler\PluginProtos$CodeGeneratorRequest.smali	1036	    invoke-virtual {p1}, Lcom/google/protobuf/compiler/PluginProtos$CodeGeneratorRequest;->hasParameter()Z
smali\com\google\protobuf\compiler\PluginProtos$CodeGeneratorRequest.smali	1052	    invoke-virtual {p0}, Lcom/google/protobuf/compiler/PluginProtos$CodeGeneratorRequest;->hasParameter()Z
smali\com\google\protobuf\compiler\PluginProtos$CodeGeneratorRequest.smali	1064	    invoke-virtual {p0}, Lcom/google/protobuf/compiler/PluginProtos$CodeGeneratorRequest;->getParameter()Ljava/lang/String;
smali\com\google\protobuf\compiler\PluginProtos$CodeGeneratorRequest.smali	1072	    invoke-virtual {p1}, Lcom/google/protobuf/compiler/PluginProtos$CodeGeneratorRequest;->getParameter()Ljava/lang/String;
smali\com\google\protobuf\compiler\PluginProtos$CodeGeneratorRequest.smali	1096	    invoke-virtual {p0}, Lcom/google/protobuf/compiler/PluginProtos$CodeGeneratorRequest;->getProtoFileList()Ljava/util/List;
smali\com\google\protobuf\compiler\PluginProtos$CodeGeneratorRequest.smali	1104	    invoke-virtual {p1}, Lcom/google/protobuf/compiler/PluginProtos$CodeGeneratorRequest;->getProtoFileList()Ljava/util/List;
smali\com\google\protobuf\compiler\PluginProtos$CodeGeneratorRequest.smali	1128	    invoke-virtual {p0}, Lcom/google/protobuf/compiler/PluginProtos$CodeGeneratorRequest;->getSourceFileDescriptorsList()Ljava/util/List;
smali\com\google\protobuf\compiler\PluginProtos$CodeGeneratorRequest.smali	1136	    invoke-virtual {p1}, Lcom/google/protobuf/compiler/PluginProtos$CodeGeneratorRequest;->getSourceFileDescriptorsList()Ljava/util/List;
smali\com\google\protobuf\compiler\PluginProtos$CodeGeneratorRequest.smali	1160	    invoke-virtual {p0}, Lcom/google/protobuf/compiler/PluginProtos$CodeGeneratorRequest;->hasCompilerVersion()Z
smali\com\google\protobuf\compiler\PluginProtos$CodeGeneratorRequest.smali	1168	    invoke-virtual {p1}, Lcom/google/protobuf/compiler/PluginProtos$CodeGeneratorRequest;->hasCompilerVersion()Z
smali\com\google\protobuf\compiler\PluginProtos$CodeGeneratorRequest.smali	1184	    invoke-virtual {p0}, Lcom/google/protobuf/compiler/PluginProtos$CodeGeneratorRequest;->hasCompilerVersion()Z
smali\com\google\protobuf\compiler\PluginProtos$CodeGeneratorRequest.smali	1196	    invoke-virtual {p0}, Lcom/google/protobuf/compiler/PluginProtos$CodeGeneratorRequest;->getCompilerVersion()Lcom/google/protobuf/compiler/PluginProtos$Version;
smali\com\google\protobuf\compiler\PluginProtos$CodeGeneratorRequest.smali	1204	    invoke-virtual {p1}, Lcom/google/protobuf/compiler/PluginProtos$CodeGeneratorRequest;->getCompilerVersion()Lcom/google/protobuf/compiler/PluginProtos$Version;
smali\com\google\protobuf\compiler\PluginProtos$CodeGeneratorRequest.smali	1212	    invoke-virtual {v1, v3}, Lcom/google/protobuf/compiler/PluginProtos$Version;->equals(Ljava/lang/Object;)Z
smali\com\google\protobuf\compiler\PluginProtos$CodeGeneratorRequest.smali	1263	.method public getCompilerVersion()Lcom/google/protobuf/compiler/PluginProtos$Version;
smali\com\google\protobuf\compiler\PluginProtos$CodeGeneratorRequest.smali	1267	    iget-object p0, p0, Lcom/google/protobuf/compiler/PluginProtos$CodeGeneratorRequest;->compilerVersion_:Lcom/google/protobuf/compiler/PluginProtos$Version;
smali\com\google\protobuf\compiler\PluginProtos$CodeGeneratorRequest.smali	1275	    invoke-static {}, Lcom/google/protobuf/compiler/PluginProtos$Version;->getDefaultInstance()Lcom/google/protobuf/compiler/PluginProtos$Version;
smali\com\google\protobuf\compiler\PluginProtos$CodeGeneratorRequest.smali	1291	    iget-object p0, p0, Lcom/google/protobuf/compiler/PluginProtos$CodeGeneratorRequest;->compilerVersion_:Lcom/google/protobuf/compiler/PluginProtos$Version;
smali\com\google\protobuf\compiler\PluginProtos$CodeGeneratorRequest.smali	1299	    invoke-static {}, Lcom/google/protobuf/compiler/PluginProtos$Version;->getDefaultInstance()Lcom/google/protobuf/compiler/PluginProtos$Version;
smali\com\google\protobuf\compiler\PluginProtos$CodeGeneratorRequest.smali	1311	.method public getDefaultInstanceForType()Lcom/google/protobuf/compiler/PluginProtos$CodeGeneratorRequest;
smali\com\google\protobuf\compiler\PluginProtos$CodeGeneratorRequest.smali	1315	    sget-object p0, Lcom/google/protobuf/compiler/PluginProtos$CodeGeneratorRequest;->DEFAULT_INSTANCE:Lcom/google/protobuf/compiler/PluginProtos$CodeGeneratorRequest;
smali\com\google\protobuf\compiler\PluginProtos$CodeGeneratorRequest.smali	1324	    invoke-virtual {p0}, Lcom/google/protobuf/compiler/PluginProtos$CodeGeneratorRequest;->getDefaultInstanceForType()Lcom/google/protobuf/compiler/PluginProtos$CodeGeneratorRequest;
smali\com\google\protobuf\compiler\PluginProtos$CodeGeneratorRequest.smali	1335	    invoke-virtual {p0}, Lcom/google/protobuf/compiler/PluginProtos$CodeGeneratorRequest;->getDefaultInstanceForType()Lcom/google/protobuf/compiler/PluginProtos$CodeGeneratorRequest;
smali\com\google\protobuf\compiler\PluginProtos$CodeGeneratorRequest.smali	1361	    iget-object p0, p0, Lcom/google/protobuf/compiler/PluginProtos$CodeGeneratorRequest;->fileToGenerate_:Lcom/google/protobuf/飘花落叶言世子兰哲苏楪;
smali\com\google\protobuf\compiler\PluginProtos$CodeGeneratorRequest.smali	1380	    iget-object p0, p0, Lcom/google/protobuf/compiler/PluginProtos$CodeGeneratorRequest;->fileToGenerate_:Lcom/google/protobuf/飘花落叶言世子兰哲苏楪;
smali\com\google\protobuf\compiler\PluginProtos$CodeGeneratorRequest.smali	1399	    iget-object p0, p0, Lcom/google/protobuf/compiler/PluginProtos$CodeGeneratorRequest;->fileToGenerate_:Lcom/google/protobuf/飘花落叶言世子兰哲苏楪;
smali\com\google\protobuf\compiler\PluginProtos$CodeGeneratorRequest.smali	1422	    iget-object p0, p0, Lcom/google/protobuf/compiler/PluginProtos$CodeGeneratorRequest;->fileToGenerate_:Lcom/google/protobuf/飘花落叶言世子兰哲苏楪;
smali\com\google\protobuf\compiler\PluginProtos$CodeGeneratorRequest.smali	1431	    invoke-virtual {p0}, Lcom/google/protobuf/compiler/PluginProtos$CodeGeneratorRequest;->getFileToGenerateList()Lcom/google/protobuf/飘花落叶言世哲苏兰子楪;
smali\com\google\protobuf\compiler\PluginProtos$CodeGeneratorRequest.smali	1446	    iget-object v0, p0, Lcom/google/protobuf/compiler/PluginProtos$CodeGeneratorRequest;->parameter_:Ljava/lang/Object;
smali\com\google\protobuf\compiler\PluginProtos$CodeGeneratorRequest.smali	1490	    iput-object v1, p0, Lcom/google/protobuf/compiler/PluginProtos$CodeGeneratorRequest;->parameter_:Ljava/lang/Object;
smali\com\google\protobuf\compiler\PluginProtos$CodeGeneratorRequest.smali	1502	    iget-object v0, p0, Lcom/google/protobuf/compiler/PluginProtos$CodeGeneratorRequest;->parameter_:Ljava/lang/Object;
smali\com\google\protobuf\compiler\PluginProtos$CodeGeneratorRequest.smali	1526	    iput-object v0, p0, Lcom/google/protobuf/compiler/PluginProtos$CodeGeneratorRequest;->parameter_:Ljava/lang/Object;
smali\com\google\protobuf\compiler\PluginProtos$CodeGeneratorRequest.smali	1551	    sget-object p0, Lcom/google/protobuf/compiler/PluginProtos$CodeGeneratorRequest;->PARSER:Lcom/google/protobuf/飘花落叶言世哲楪苏兰子;
smali\com\google\protobuf\compiler\PluginProtos$CodeGeneratorRequest.smali	1562	    iget-object p0, p0, Lcom/google/protobuf/compiler/PluginProtos$CodeGeneratorRequest;->protoFile_:Ljava/util/List;
smali\com\google\protobuf\compiler\PluginProtos$CodeGeneratorRequest.smali	1585	    iget-object p0, p0, Lcom/google/protobuf/compiler/PluginProtos$CodeGeneratorRequest;->protoFile_:Ljava/util/List;
smali\com\google\protobuf\compiler\PluginProtos$CodeGeneratorRequest.smali	1612	    iget-object p0, p0, Lcom/google/protobuf/compiler/PluginProtos$CodeGeneratorRequest;->protoFile_:Ljava/util/List;
smali\com\google\protobuf\compiler\PluginProtos$CodeGeneratorRequest.smali	1623	    iget-object p0, p0, Lcom/google/protobuf/compiler/PluginProtos$CodeGeneratorRequest;->protoFile_:Ljava/util/List;
smali\com\google\protobuf\compiler\PluginProtos$CodeGeneratorRequest.smali	1655	    iget-object p0, p0, Lcom/google/protobuf/compiler/PluginProtos$CodeGeneratorRequest;->protoFile_:Ljava/util/List;
smali\com\google\protobuf\compiler\PluginProtos$CodeGeneratorRequest.smali	1681	    invoke-direct {p0}, Lcom/google/protobuf/compiler/PluginProtos$CodeGeneratorRequest;->computeSerializedSize_0()I
smali\com\google\protobuf\compiler\PluginProtos$CodeGeneratorRequest.smali	1719	    iget-object p0, p0, Lcom/google/protobuf/compiler/PluginProtos$CodeGeneratorRequest;->sourceFileDescriptors_:Ljava/util/List;
smali\com\google\protobuf\compiler\PluginProtos$CodeGeneratorRequest.smali	1742	    iget-object p0, p0, Lcom/google/protobuf/compiler/PluginProtos$CodeGeneratorRequest;->sourceFileDescriptors_:Ljava/util/List;
smali\com\google\protobuf\compiler\PluginProtos$CodeGeneratorRequest.smali	1769	    iget-object p0, p0, Lcom/google/protobuf/compiler/PluginProtos$CodeGeneratorRequest;->sourceFileDescriptors_:Ljava/util/List;
smali\com\google\protobuf\compiler\PluginProtos$CodeGeneratorRequest.smali	1780	    iget-object p0, p0, Lcom/google/protobuf/compiler/PluginProtos$CodeGeneratorRequest;->sourceFileDescriptors_:Ljava/util/List;
smali\com\google\protobuf\compiler\PluginProtos$CodeGeneratorRequest.smali	1812	    iget-object p0, p0, Lcom/google/protobuf/compiler/PluginProtos$CodeGeneratorRequest;->sourceFileDescriptors_:Ljava/util/List;
smali\com\google\protobuf\compiler\PluginProtos$CodeGeneratorRequest.smali	1823	    iget p0, p0, Lcom/google/protobuf/compiler/PluginProtos$CodeGeneratorRequest;->bitField0_:I
smali\com\google\protobuf\compiler\PluginProtos$CodeGeneratorRequest.smali	1852	    iget p0, p0, Lcom/google/protobuf/compiler/PluginProtos$CodeGeneratorRequest;->bitField0_:I
smali\com\google\protobuf\compiler\PluginProtos$CodeGeneratorRequest.smali	1892	    invoke-static {}, Lcom/google/protobuf/compiler/PluginProtos$CodeGeneratorRequest;->getDescriptor()Lcom/google/protobuf/飘花落叶言楪子哲世苏兰;
smali\com\google\protobuf\compiler\PluginProtos$CodeGeneratorRequest.smali	1912	    invoke-virtual {p0}, Lcom/google/protobuf/compiler/PluginProtos$CodeGeneratorRequest;->getFileToGenerateCount()I
smali\com\google\protobuf\compiler\PluginProtos$CodeGeneratorRequest.smali	1943	    invoke-virtual {p0}, Lcom/google/protobuf/compiler/PluginProtos$CodeGeneratorRequest;->getFileToGenerateList()Lcom/google/protobuf/飘花落叶言世哲苏兰子楪;
smali\com\google\protobuf\compiler\PluginProtos$CodeGeneratorRequest.smali	1963	    invoke-virtual {p0}, Lcom/google/protobuf/compiler/PluginProtos$CodeGeneratorRequest;->hasParameter()Z
smali\com\google\protobuf\compiler\PluginProtos$CodeGeneratorRequest.smali	1986	    invoke-virtual {p0}, Lcom/google/protobuf/compiler/PluginProtos$CodeGeneratorRequest;->getParameter()Ljava/lang/String;
smali\com\google\protobuf\compiler\PluginProtos$CodeGeneratorRequest.smali	2006	    invoke-virtual {p0}, Lcom/google/protobuf/compiler/PluginProtos$CodeGeneratorRequest;->getProtoFileCount()I
smali\com\google\protobuf\compiler\PluginProtos$CodeGeneratorRequest.smali	2030	    invoke-virtual {p0}, Lcom/google/protobuf/compiler/PluginProtos$CodeGeneratorRequest;->getProtoFileList()Ljava/util/List;
smali\com\google\protobuf\compiler\PluginProtos$CodeGeneratorRequest.smali	2050	    invoke-virtual {p0}, Lcom/google/protobuf/compiler/PluginProtos$CodeGeneratorRequest;->getSourceFileDescriptorsCount()I
smali\com\google\protobuf\compiler\PluginProtos$CodeGeneratorRequest.smali	2074	    invoke-virtual {p0}, Lcom/google/protobuf/compiler/PluginProtos$CodeGeneratorRequest;->getSourceFileDescriptorsList()Ljava/util/List;
smali\com\google\protobuf\compiler\PluginProtos$CodeGeneratorRequest.smali	2094	    invoke-virtual {p0}, Lcom/google/protobuf/compiler/PluginProtos$CodeGeneratorRequest;->hasCompilerVersion()Z
smali\com\google\protobuf\compiler\PluginProtos$CodeGeneratorRequest.smali	2117	    invoke-virtual {p0}, Lcom/google/protobuf/compiler/PluginProtos$CodeGeneratorRequest;->getCompilerVersion()Lcom/google/protobuf/compiler/PluginProtos$Version;
smali\com\google\protobuf\compiler\PluginProtos$CodeGeneratorRequest.smali	2125	    invoke-virtual {v1}, Lcom/google/protobuf/compiler/PluginProtos$Version;->hashCode()I
smali\com\google\protobuf\compiler\PluginProtos$CodeGeneratorRequest.smali	2175	    const-class v0, Lcom/google/protobuf/compiler/PluginProtos$CodeGeneratorRequest;
smali\com\google\protobuf\compiler\PluginProtos$CodeGeneratorRequest.smali	2179	    const-class v1, Lcom/google/protobuf/compiler/PluginProtos$CodeGeneratorRequest$飘花落叶言子楪世苏哲兰;
smali\com\google\protobuf\compiler\PluginProtos$CodeGeneratorRequest.smali	2195	    iget-byte v0, p0, Lcom/google/protobuf/compiler/PluginProtos$CodeGeneratorRequest;->memoizedIsInitialized:B
smali\com\google\protobuf\compiler\PluginProtos$CodeGeneratorRequest.smali	2225	    invoke-virtual {p0}, Lcom/google/protobuf/compiler/PluginProtos$CodeGeneratorRequest;->getProtoFileCount()I
smali\com\google\protobuf\compiler\PluginProtos$CodeGeneratorRequest.smali	2237	    invoke-virtual {p0, v0}, Lcom/google/protobuf/compiler/PluginProtos$CodeGeneratorRequest;->getProtoFile(I)Lcom/google/protobuf/DescriptorProtos$FileDescriptorProto;
smali\com\google\protobuf\compiler\PluginProtos$CodeGeneratorRequest.smali	2257	    iput-byte v2, p0, Lcom/google/protobuf/compiler/PluginProtos$CodeGeneratorRequest;->memoizedIsInitialized:B
smali\com\google\protobuf\compiler\PluginProtos$CodeGeneratorRequest.smali	2277	    invoke-virtual {p0}, Lcom/google/protobuf/compiler/PluginProtos$CodeGeneratorRequest;->getSourceFileDescriptorsCount()I
smali\com\google\protobuf\compiler\PluginProtos$CodeGeneratorRequest.smali	2289	    invoke-virtual {p0, v0}, Lcom/google/protobuf/compiler/PluginProtos$CodeGeneratorRequest;->getSourceFileDescriptors(I)Lcom/google/protobuf/DescriptorProtos$FileDescriptorProto;
smali\com\google\protobuf\compiler\PluginProtos$CodeGeneratorRequest.smali	2309	    iput-byte v2, p0, Lcom/google/protobuf/compiler/PluginProtos$CodeGeneratorRequest;->memoizedIsInitialized:B
smali\com\google\protobuf\compiler\PluginProtos$CodeGeneratorRequest.smali	2325	    iput-byte v1, p0, Lcom/google/protobuf/compiler/PluginProtos$CodeGeneratorRequest;->memoizedIsInitialized:B
smali\com\google\protobuf\compiler\PluginProtos$CodeGeneratorRequest.smali	2332	.method public newBuilderForType()Lcom/google/protobuf/compiler/PluginProtos$CodeGeneratorRequest$飘花落叶言子楪世苏哲兰;
smali\com\google\protobuf\compiler\PluginProtos$CodeGeneratorRequest.smali	2336	    invoke-static {}, Lcom/google/protobuf/compiler/PluginProtos$CodeGeneratorRequest;->newBuilder()Lcom/google/protobuf/compiler/PluginProtos$CodeGeneratorRequest$飘花落叶言子楪世苏哲兰;
smali\com\google\protobuf\compiler\PluginProtos$CodeGeneratorRequest.smali	2343	.method public newBuilderForType(Lcom/google/protobuf/飘花落叶言子楪世苏兰哲;)Lcom/google/protobuf/compiler/PluginProtos$CodeGeneratorRequest$飘花落叶言子楪世苏哲兰;
smali\com\google\protobuf\compiler\PluginProtos$CodeGeneratorRequest.smali	2347	    new-instance p0, Lcom/google/protobuf/compiler/PluginProtos$CodeGeneratorRequest$飘花落叶言子楪世苏哲兰;
smali\com\google\protobuf\compiler\PluginProtos$CodeGeneratorRequest.smali	2354	    invoke-direct {p0, p1, v0}, Lcom/google/protobuf/compiler/PluginProtos$CodeGeneratorRequest$飘花落叶言子楪世苏哲兰;-><init>(Lcom/google/protobuf/飘花落叶言子楪世苏兰哲;L飘花落叶言楪哲苏子世兰/飘花落叶言子楪世苏哲兰;)V
smali\com\google\protobuf\compiler\PluginProtos$CodeGeneratorRequest.smali	2366	    invoke-virtual {p0}, Lcom/google/protobuf/compiler/PluginProtos$CodeGeneratorRequest;->newBuilderForType()Lcom/google/protobuf/compiler/PluginProtos$CodeGeneratorRequest$飘花落叶言子楪世苏哲兰;
smali\com\google\protobuf\compiler\PluginProtos$CodeGeneratorRequest.smali	2377	    invoke-virtual {p0}, Lcom/google/protobuf/compiler/PluginProtos$CodeGeneratorRequest;->newBuilderForType()Lcom/google/protobuf/compiler/PluginProtos$CodeGeneratorRequest$飘花落叶言子楪世苏哲兰;
smali\com\google\protobuf\compiler\PluginProtos$CodeGeneratorRequest.smali	2388	    invoke-virtual {p0, p1}, Lcom/google/protobuf/compiler/PluginProtos$CodeGeneratorRequest;->newBuilderForType(Lcom/google/protobuf/飘花落叶言子楪世苏兰哲;)Lcom/google/protobuf/compiler/PluginProtos$CodeGeneratorRequest$飘花落叶言子楪世苏哲兰;
smali\com\google\protobuf\compiler\PluginProtos$CodeGeneratorRequest.smali	2395	.method public toBuilder()Lcom/google/protobuf/compiler/PluginProtos$CodeGeneratorRequest$飘花落叶言子楪世苏哲兰;
smali\com\google\protobuf\compiler\PluginProtos$CodeGeneratorRequest.smali	2399	    sget-object v0, Lcom/google/protobuf/compiler/PluginProtos$CodeGeneratorRequest;->DEFAULT_INSTANCE:Lcom/google/protobuf/compiler/PluginProtos$CodeGeneratorRequest;
smali\com\google\protobuf\compiler\PluginProtos$CodeGeneratorRequest.smali	2410	    new-instance p0, Lcom/google/protobuf/compiler/PluginProtos$CodeGeneratorRequest$飘花落叶言子楪世苏哲兰;
smali\com\google\protobuf\compiler\PluginProtos$CodeGeneratorRequest.smali	2414	    invoke-direct {p0, v1}, Lcom/google/protobuf/compiler/PluginProtos$CodeGeneratorRequest$飘花落叶言子楪世苏哲兰;-><init>(L飘花落叶言楪哲苏子世兰/飘花落叶言子楪世苏哲兰;)V
smali\com\google\protobuf\compiler\PluginProtos$CodeGeneratorRequest.smali	2423	    new-instance v0, Lcom/google/protobuf/compiler/PluginProtos$CodeGeneratorRequest$飘花落叶言子楪世苏哲兰;
smali\com\google\protobuf\compiler\PluginProtos$CodeGeneratorRequest.smali	2427	    invoke-direct {v0, v1}, Lcom/google/protobuf/compiler/PluginProtos$CodeGeneratorRequest$飘花落叶言子楪世苏哲兰;-><init>(L飘花落叶言楪哲苏子世兰/飘花落叶言子楪世苏哲兰;)V
smali\com\google\protobuf\compiler\PluginProtos$CodeGeneratorRequest.smali	2432	    invoke-virtual {v0, p0}, Lcom/google/protobuf/compiler/PluginProtos$CodeGeneratorRequest$飘花落叶言子楪世苏哲兰;->mergeFrom(Lcom/google/protobuf/compiler/PluginProtos$CodeGeneratorRequest;)Lcom/google/protobuf/compiler/PluginProtos$CodeGeneratorRequest$飘花落叶言子楪世苏哲兰;
smali\com\google\protobuf\compiler\PluginProtos$CodeGeneratorRequest.smali	2447	    invoke-virtual {p0}, Lcom/google/protobuf/compiler/PluginProtos$CodeGeneratorRequest;->toBuilder()Lcom/google/protobuf/compiler/PluginProtos$CodeGeneratorRequest$飘花落叶言子楪世苏哲兰;
smali\com\google\protobuf\compiler\PluginProtos$CodeGeneratorRequest.smali	2458	    invoke-virtual {p0}, Lcom/google/protobuf/compiler/PluginProtos$CodeGeneratorRequest;->toBuilder()Lcom/google/protobuf/compiler/PluginProtos$CodeGeneratorRequest$飘花落叶言子楪世苏哲兰;
smali\com\google\protobuf\compiler\PluginProtos$CodeGeneratorRequest.smali	2476	    iget-object v2, p0, Lcom/google/protobuf/compiler/PluginProtos$CodeGeneratorRequest;->fileToGenerate_:Lcom/google/protobuf/飘花落叶言世子兰哲苏楪;
smali\com\google\protobuf\compiler\PluginProtos$CodeGeneratorRequest.smali	2499	    iget-object v2, p0, Lcom/google/protobuf/compiler/PluginProtos$CodeGeneratorRequest;->fileToGenerate_:Lcom/google/protobuf/飘花落叶言世子兰哲苏楪;
smali\com\google\protobuf\compiler\PluginProtos$CodeGeneratorRequest.smali	2528	    iget v1, p0, Lcom/google/protobuf/compiler/PluginProtos$CodeGeneratorRequest;->bitField0_:I
smali\com\google\protobuf\compiler\PluginProtos$CodeGeneratorRequest.smali	2542	    iget-object v1, p0, Lcom/google/protobuf/compiler/PluginProtos$CodeGeneratorRequest;->parameter_:Ljava/lang/Object;
smali\com\google\protobuf\compiler\PluginProtos$CodeGeneratorRequest.smali	2552	    iget v1, p0, Lcom/google/protobuf/compiler/PluginProtos$CodeGeneratorRequest;->bitField0_:I
smali\com\google\protobuf\compiler\PluginProtos$CodeGeneratorRequest.smali	2566	    invoke-virtual {p0}, Lcom/google/protobuf/compiler/PluginProtos$CodeGeneratorRequest;->getCompilerVersion()Lcom/google/protobuf/compiler/PluginProtos$Version;
smali\com\google\protobuf\compiler\PluginProtos$CodeGeneratorRequest.smali	2584	    iget-object v2, p0, Lcom/google/protobuf/compiler/PluginProtos$CodeGeneratorRequest;->protoFile_:Ljava/util/List;
smali\com\google\protobuf\compiler\PluginProtos$CodeGeneratorRequest.smali	2600	    iget-object v2, p0, Lcom/google/protobuf/compiler/PluginProtos$CodeGeneratorRequest;->protoFile_:Ljava/util/List;
smali\com\google\protobuf\compiler\PluginProtos$CodeGeneratorRequest.smali	2634	    iget-object v1, p0, Lcom/google/protobuf/compiler/PluginProtos$CodeGeneratorRequest;->sourceFileDescriptors_:Ljava/util/List;
smali\com\google\protobuf\compiler\PluginProtos$CodeGeneratorRequest.smali	2650	    iget-object v1, p0, Lcom/google/protobuf/compiler/PluginProtos$CodeGeneratorRequest;->sourceFileDescriptors_:Ljava/util/List;
smali\com\google\protobuf\compiler\PluginProtos$CodeGeneratorResponse$Feature.smali	1	.class public final enum Lcom/google/protobuf/compiler/PluginProtos$CodeGeneratorResponse$Feature;
smali\com\google\protobuf\compiler\PluginProtos$CodeGeneratorResponse$Feature.smali	11	    value = Lcom/google/protobuf/compiler/PluginProtos$CodeGeneratorResponse;
smali\com\google\protobuf\compiler\PluginProtos$CodeGeneratorResponse$Feature.smali	22	        "Lcom/google/protobuf/compiler/PluginProtos$CodeGeneratorResponse$Feature;",
smali\com\google\protobuf\compiler\PluginProtos$CodeGeneratorResponse$Feature.smali	30	.field private static final synthetic $VALUES:[Lcom/google/protobuf/compiler/PluginProtos$CodeGeneratorResponse$Feature;
smali\com\google\protobuf\compiler\PluginProtos$CodeGeneratorResponse$Feature.smali	32	.field public static final enum FEATURE_NONE:Lcom/google/protobuf/compiler/PluginProtos$CodeGeneratorResponse$Feature;
smali\com\google\protobuf\compiler\PluginProtos$CodeGeneratorResponse$Feature.smali	36	.field public static final enum FEATURE_PROTO3_OPTIONAL:Lcom/google/protobuf/compiler/PluginProtos$CodeGeneratorResponse$Feature;
smali\com\google\protobuf\compiler\PluginProtos$CodeGeneratorResponse$Feature.smali	40	.field public static final enum FEATURE_SUPPORTS_EDITIONS:Lcom/google/protobuf/compiler/PluginProtos$CodeGeneratorResponse$Feature;
smali\com\google\protobuf\compiler\PluginProtos$CodeGeneratorResponse$Feature.smali	44	.field private static final VALUES:[Lcom/google/protobuf/compiler/PluginProtos$CodeGeneratorResponse$Feature;
smali\com\google\protobuf\compiler\PluginProtos$CodeGeneratorResponse$Feature.smali	60	.method private static synthetic $values()[Lcom/google/protobuf/compiler/PluginProtos$CodeGeneratorResponse$Feature;
smali\com\google\protobuf\compiler\PluginProtos$CodeGeneratorResponse$Feature.smali	64	    sget-object v0, Lcom/google/protobuf/compiler/PluginProtos$CodeGeneratorResponse$Feature;->FEATURE_NONE:Lcom/google/protobuf/compiler/PluginProtos$CodeGeneratorResponse$Feature;
smali\com\google\protobuf\compiler\PluginProtos$CodeGeneratorResponse$Feature.smali	68	    sget-object v1, Lcom/google/protobuf/compiler/PluginProtos$CodeGeneratorResponse$Feature;->FEATURE_PROTO3_OPTIONAL:Lcom/google/protobuf/compiler/PluginProtos$CodeGeneratorResponse$Feature;
smali\com\google\protobuf\compiler\PluginProtos$CodeGeneratorResponse$Feature.smali	72	    sget-object v2, Lcom/google/protobuf/compiler/PluginProtos$CodeGeneratorResponse$Feature;->FEATURE_SUPPORTS_EDITIONS:Lcom/google/protobuf/compiler/PluginProtos$CodeGeneratorResponse$Feature;
smali\com\google\protobuf\compiler\PluginProtos$CodeGeneratorResponse$Feature.smali	76	    filled-new-array {v0, v1, v2}, [Lcom/google/protobuf/compiler/PluginProtos$CodeGeneratorResponse$Feature;
smali\com\google\protobuf\compiler\PluginProtos$CodeGeneratorResponse$Feature.smali	91	    new-instance v0, Lcom/google/protobuf/compiler/PluginProtos$CodeGeneratorResponse$Feature;
smali\com\google\protobuf\compiler\PluginProtos$CodeGeneratorResponse$Feature.smali	102	    invoke-direct {v0, v1, v2, v2}, Lcom/google/protobuf/compiler/PluginProtos$CodeGeneratorResponse$Feature;-><init>(Ljava/lang/String;II)V
smali\com\google\protobuf\compiler\PluginProtos$CodeGeneratorResponse$Feature.smali	107	    sput-object v0, Lcom/google/protobuf/compiler/PluginProtos$CodeGeneratorResponse$Feature;->FEATURE_NONE:Lcom/google/protobuf/compiler/PluginProtos$CodeGeneratorResponse$Feature;
smali\com\google\protobuf\compiler\PluginProtos$CodeGeneratorResponse$Feature.smali	111	    new-instance v0, Lcom/google/protobuf/compiler/PluginProtos$CodeGeneratorResponse$Feature;
smali\com\google\protobuf\compiler\PluginProtos$CodeGeneratorResponse$Feature.smali	122	    invoke-direct {v0, v1, v2, v2}, Lcom/google/protobuf/compiler/PluginProtos$CodeGeneratorResponse$Feature;-><init>(Ljava/lang/String;II)V
smali\com\google\protobuf\compiler\PluginProtos$CodeGeneratorResponse$Feature.smali	127	    sput-object v0, Lcom/google/protobuf/compiler/PluginProtos$CodeGeneratorResponse$Feature;->FEATURE_PROTO3_OPTIONAL:Lcom/google/protobuf/compiler/PluginProtos$CodeGeneratorResponse$Feature;
smali\com\google\protobuf\compiler\PluginProtos$CodeGeneratorResponse$Feature.smali	131	    new-instance v0, Lcom/google/protobuf/compiler/PluginProtos$CodeGeneratorResponse$Feature;
smali\com\google\protobuf\compiler\PluginProtos$CodeGeneratorResponse$Feature.smali	142	    invoke-direct {v0, v1, v2, v2}, Lcom/google/protobuf/compiler/PluginProtos$CodeGeneratorResponse$Feature;-><init>(Ljava/lang/String;II)V
smali\com\google\protobuf\compiler\PluginProtos$CodeGeneratorResponse$Feature.smali	147	    sput-object v0, Lcom/google/protobuf/compiler/PluginProtos$CodeGeneratorResponse$Feature;->FEATURE_SUPPORTS_EDITIONS:Lcom/google/protobuf/compiler/PluginProtos$CodeGeneratorResponse$Feature;
smali\com\google\protobuf\compiler\PluginProtos$CodeGeneratorResponse$Feature.smali	151	    invoke-static {}, Lcom/google/protobuf/compiler/PluginProtos$CodeGeneratorResponse$Feature;->$values()[Lcom/google/protobuf/compiler/PluginProtos$CodeGeneratorResponse$Feature;
smali\com\google\protobuf\compiler\PluginProtos$CodeGeneratorResponse$Feature.smali	159	    sput-object v0, Lcom/google/protobuf/compiler/PluginProtos$CodeGeneratorResponse$Feature;->$VALUES:[Lcom/google/protobuf/compiler/PluginProtos$CodeGeneratorResponse$Feature;
smali\com\google\protobuf\compiler\PluginProtos$CodeGeneratorResponse$Feature.smali	185	    sput-object v0, Lcom/google/protobuf/compiler/PluginProtos$CodeGeneratorResponse$Feature;->internalValueMap:Lcom/google/protobuf/飘花落叶言世子楪哲苏兰;
smali\com\google\protobuf\compiler\PluginProtos$CodeGeneratorResponse$Feature.smali	189	    invoke-static {}, Lcom/google/protobuf/compiler/PluginProtos$CodeGeneratorResponse$Feature;->values()[Lcom/google/protobuf/compiler/PluginProtos$CodeGeneratorResponse$Feature;
smali\com\google\protobuf\compiler\PluginProtos$CodeGeneratorResponse$Feature.smali	197	    sput-object v0, Lcom/google/protobuf/compiler/PluginProtos$CodeGeneratorResponse$Feature;->VALUES:[Lcom/google/protobuf/compiler/PluginProtos$CodeGeneratorResponse$Feature;
smali\com\google\protobuf\compiler\PluginProtos$CodeGeneratorResponse$Feature.smali	218	    iput p3, p0, Lcom/google/protobuf/compiler/PluginProtos$CodeGeneratorResponse$Feature;->value:I
smali\com\google\protobuf\compiler\PluginProtos$CodeGeneratorResponse$Feature.smali	225	.method public static forNumber(I)Lcom/google/protobuf/compiler/PluginProtos$CodeGeneratorResponse$Feature;
smali\com\google\protobuf\compiler\PluginProtos$CodeGeneratorResponse$Feature.smali	254	    sget-object p0, Lcom/google/protobuf/compiler/PluginProtos$CodeGeneratorResponse$Feature;->FEATURE_SUPPORTS_EDITIONS:Lcom/google/protobuf/compiler/PluginProtos$CodeGeneratorResponse$Feature;
smali\com\google\protobuf\compiler\PluginProtos$CodeGeneratorResponse$Feature.smali	262	    sget-object p0, Lcom/google/protobuf/compiler/PluginProtos$CodeGeneratorResponse$Feature;->FEATURE_PROTO3_OPTIONAL:Lcom/google/protobuf/compiler/PluginProtos$CodeGeneratorResponse$Feature;
smali\com\google\protobuf\compiler\PluginProtos$CodeGeneratorResponse$Feature.smali	270	    sget-object p0, Lcom/google/protobuf/compiler/PluginProtos$CodeGeneratorResponse$Feature;->FEATURE_NONE:Lcom/google/protobuf/compiler/PluginProtos$CodeGeneratorResponse$Feature;
smali\com\google\protobuf\compiler\PluginProtos$CodeGeneratorResponse$Feature.smali	281	    invoke-static {}, Lcom/google/protobuf/compiler/PluginProtos$CodeGeneratorResponse;->getDescriptor()Lcom/google/protobuf/飘花落叶言楪子哲世苏兰;
smali\com\google\protobuf\compiler\PluginProtos$CodeGeneratorResponse$Feature.smali	313	    sget-object v0, Lcom/google/protobuf/compiler/PluginProtos$CodeGeneratorResponse$Feature;->internalValueMap:Lcom/google/protobuf/飘花落叶言世子楪哲苏兰;
smali\com\google\protobuf\compiler\PluginProtos$CodeGeneratorResponse$Feature.smali	320	.method public static valueOf(I)Lcom/google/protobuf/compiler/PluginProtos$CodeGeneratorResponse$Feature;
smali\com\google\protobuf\compiler\PluginProtos$CodeGeneratorResponse$Feature.smali	326	    invoke-static {p0}, Lcom/google/protobuf/compiler/PluginProtos$CodeGeneratorResponse$Feature;->forNumber(I)Lcom/google/protobuf/compiler/PluginProtos$CodeGeneratorResponse$Feature;
smali\com\google\protobuf\compiler\PluginProtos$CodeGeneratorResponse$Feature.smali	333	.method public static valueOf(Lcom/google/protobuf/飘花落叶言楪子哲兰世苏;)Lcom/google/protobuf/compiler/PluginProtos$CodeGeneratorResponse$Feature;
smali\com\google\protobuf\compiler\PluginProtos$CodeGeneratorResponse$Feature.smali	341	    invoke-static {}, Lcom/google/protobuf/compiler/PluginProtos$CodeGeneratorResponse$Feature;->getDescriptor()Lcom/google/protobuf/飘花落叶言楪子哲苏世兰;
smali\com\google\protobuf\compiler\PluginProtos$CodeGeneratorResponse$Feature.smali	353	    sget-object v0, Lcom/google/protobuf/compiler/PluginProtos$CodeGeneratorResponse$Feature;->VALUES:[Lcom/google/protobuf/compiler/PluginProtos$CodeGeneratorResponse$Feature;
smali\com\google\protobuf\compiler\PluginProtos$CodeGeneratorResponse$Feature.smali	384	.method public static valueOf(Ljava/lang/String;)Lcom/google/protobuf/compiler/PluginProtos$CodeGeneratorResponse$Feature;
smali\com\google\protobuf\compiler\PluginProtos$CodeGeneratorResponse$Feature.smali	388	    const-class v0, Lcom/google/protobuf/compiler/PluginProtos$CodeGeneratorResponse$Feature;
smali\com\google\protobuf\compiler\PluginProtos$CodeGeneratorResponse$Feature.smali	394	    check-cast p0, Lcom/google/protobuf/compiler/PluginProtos$CodeGeneratorResponse$Feature;
smali\com\google\protobuf\compiler\PluginProtos$CodeGeneratorResponse$Feature.smali	399	.method public static values()[Lcom/google/protobuf/compiler/PluginProtos$CodeGeneratorResponse$Feature;
smali\com\google\protobuf\compiler\PluginProtos$CodeGeneratorResponse$Feature.smali	403	    sget-object v0, Lcom/google/protobuf/compiler/PluginProtos$CodeGeneratorResponse$Feature;->$VALUES:[Lcom/google/protobuf/compiler/PluginProtos$CodeGeneratorResponse$Feature;
smali\com\google\protobuf\compiler\PluginProtos$CodeGeneratorResponse$Feature.smali	407	    invoke-virtual {v0}, [Lcom/google/protobuf/compiler/PluginProtos$CodeGeneratorResponse$Feature;->clone()Ljava/lang/Object;
smali\com\google\protobuf\compiler\PluginProtos$CodeGeneratorResponse$Feature.smali	415	    check-cast v0, [Lcom/google/protobuf/compiler/PluginProtos$CodeGeneratorResponse$Feature;
smali\com\google\protobuf\compiler\PluginProtos$CodeGeneratorResponse$Feature.smali	428	    invoke-static {}, Lcom/google/protobuf/compiler/PluginProtos$CodeGeneratorResponse$Feature;->getDescriptor()Lcom/google/protobuf/飘花落叶言楪子哲苏世兰;
smali\com\google\protobuf\compiler\PluginProtos$CodeGeneratorResponse$Feature.smali	443	    iget p0, p0, Lcom/google/protobuf/compiler/PluginProtos$CodeGeneratorResponse$Feature;->value:I
smali\com\google\protobuf\compiler\PluginProtos$CodeGeneratorResponse$Feature.smali	454	    invoke-static {}, Lcom/google/protobuf/compiler/PluginProtos$CodeGeneratorResponse$Feature;->getDescriptor()Lcom/google/protobuf/飘花落叶言楪子哲苏世兰;
smali\com\google\protobuf\compiler\PluginProtos$CodeGeneratorResponse$File$飘花落叶言子楪世苏哲兰.smali	1	.class public final Lcom/google/protobuf/compiler/PluginProtos$CodeGeneratorResponse$File$飘花落叶言子楪世苏哲兰;
smali\com\google\protobuf\compiler\PluginProtos$CodeGeneratorResponse$File$飘花落叶言子楪世苏哲兰.smali	11	    value = Lcom/google/protobuf/compiler/PluginProtos$CodeGeneratorResponse$File;
smali\com\google\protobuf\compiler\PluginProtos$CodeGeneratorResponse$File$飘花落叶言子楪世苏哲兰.smali	54	    iput-object v0, p0, Lcom/google/protobuf/compiler/PluginProtos$CodeGeneratorResponse$File$飘花落叶言子楪世苏哲兰;->name_:Ljava/lang/Object;
smali\com\google\protobuf\compiler\PluginProtos$CodeGeneratorResponse$File$飘花落叶言子楪世苏哲兰.smali	58	    iput-object v0, p0, Lcom/google/protobuf/compiler/PluginProtos$CodeGeneratorResponse$File$飘花落叶言子楪世苏哲兰;->insertionPoint_:Ljava/lang/Object;
smali\com\google\protobuf\compiler\PluginProtos$CodeGeneratorResponse$File$飘花落叶言子楪世苏哲兰.smali	62	    iput-object v0, p0, Lcom/google/protobuf/compiler/PluginProtos$CodeGeneratorResponse$File$飘花落叶言子楪世苏哲兰;->content_:Ljava/lang/Object;
smali\com\google\protobuf\compiler\PluginProtos$CodeGeneratorResponse$File$飘花落叶言子楪世苏哲兰.smali	66	    invoke-direct {p0}, Lcom/google/protobuf/compiler/PluginProtos$CodeGeneratorResponse$File$飘花落叶言子楪世苏哲兰;->maybeForceBuilderInitialization()V
smali\com\google\protobuf\compiler\PluginProtos$CodeGeneratorResponse$File$飘花落叶言子楪世苏哲兰.smali	83	    iput-object p1, p0, Lcom/google/protobuf/compiler/PluginProtos$CodeGeneratorResponse$File$飘花落叶言子楪世苏哲兰;->name_:Ljava/lang/Object;
smali\com\google\protobuf\compiler\PluginProtos$CodeGeneratorResponse$File$飘花落叶言子楪世苏哲兰.smali	86	    iput-object p1, p0, Lcom/google/protobuf/compiler/PluginProtos$CodeGeneratorResponse$File$飘花落叶言子楪世苏哲兰;->insertionPoint_:Ljava/lang/Object;
smali\com\google\protobuf\compiler\PluginProtos$CodeGeneratorResponse$File$飘花落叶言子楪世苏哲兰.smali	89	    iput-object p1, p0, Lcom/google/protobuf/compiler/PluginProtos$CodeGeneratorResponse$File$飘花落叶言子楪世苏哲兰;->content_:Ljava/lang/Object;
smali\com\google\protobuf\compiler\PluginProtos$CodeGeneratorResponse$File$飘花落叶言子楪世苏哲兰.smali	92	    invoke-direct {p0}, Lcom/google/protobuf/compiler/PluginProtos$CodeGeneratorResponse$File$飘花落叶言子楪世苏哲兰;->maybeForceBuilderInitialization()V
smali\com\google\protobuf\compiler\PluginProtos$CodeGeneratorResponse$File$飘花落叶言子楪世苏哲兰.smali	101	    invoke-direct {p0, p1}, Lcom/google/protobuf/compiler/PluginProtos$CodeGeneratorResponse$File$飘花落叶言子楪世苏哲兰;-><init>(Lcom/google/protobuf/飘花落叶言子楪世苏兰哲;)V
smali\com\google\protobuf\compiler\PluginProtos$CodeGeneratorResponse$File$飘花落叶言子楪世苏哲兰.smali	110	    invoke-direct {p0}, Lcom/google/protobuf/compiler/PluginProtos$CodeGeneratorResponse$File$飘花落叶言子楪世苏哲兰;-><init>()V
smali\com\google\protobuf\compiler\PluginProtos$CodeGeneratorResponse$File$飘花落叶言子楪世苏哲兰.smali	115	.method private buildPartial0(Lcom/google/protobuf/compiler/PluginProtos$CodeGeneratorResponse$File;)V
smali\com\google\protobuf\compiler\PluginProtos$CodeGeneratorResponse$File$飘花落叶言子楪世苏哲兰.smali	119	    iget v0, p0, Lcom/google/protobuf/compiler/PluginProtos$CodeGeneratorResponse$File$飘花落叶言子楪世苏哲兰;->bitField0_:I
smali\com\google\protobuf\compiler\PluginProtos$CodeGeneratorResponse$File$飘花落叶言子楪世苏哲兰.smali	131	    iget-object v1, p0, Lcom/google/protobuf/compiler/PluginProtos$CodeGeneratorResponse$File$飘花落叶言子楪世苏哲兰;->name_:Ljava/lang/Object;
smali\com\google\protobuf\compiler\PluginProtos$CodeGeneratorResponse$File$飘花落叶言子楪世苏哲兰.smali	135	    invoke-static {p1, v1}, Lcom/google/protobuf/compiler/PluginProtos$CodeGeneratorResponse$File;->access$3202(Lcom/google/protobuf/compiler/PluginProtos$CodeGeneratorResponse$File;Ljava/lang/Object;)Ljava/lang/Object;
smali\com\google\protobuf\compiler\PluginProtos$CodeGeneratorResponse$File$飘花落叶言子楪世苏哲兰.smali	159	    iget-object v2, p0, Lcom/google/protobuf/compiler/PluginProtos$CodeGeneratorResponse$File$飘花落叶言子楪世苏哲兰;->insertionPoint_:Ljava/lang/Object;
smali\com\google\protobuf\compiler\PluginProtos$CodeGeneratorResponse$File$飘花落叶言子楪世苏哲兰.smali	163	    invoke-static {p1, v2}, Lcom/google/protobuf/compiler/PluginProtos$CodeGeneratorResponse$File;->access$3302(Lcom/google/protobuf/compiler/PluginProtos$CodeGeneratorResponse$File;Ljava/lang/Object;)Ljava/lang/Object;
smali\com\google\protobuf\compiler\PluginProtos$CodeGeneratorResponse$File$飘花落叶言子楪世苏哲兰.smali	181	    iget-object v2, p0, Lcom/google/protobuf/compiler/PluginProtos$CodeGeneratorResponse$File$飘花落叶言子楪世苏哲兰;->content_:Ljava/lang/Object;
smali\com\google\protobuf\compiler\PluginProtos$CodeGeneratorResponse$File$飘花落叶言子楪世苏哲兰.smali	185	    invoke-static {p1, v2}, Lcom/google/protobuf/compiler/PluginProtos$CodeGeneratorResponse$File;->access$3402(Lcom/google/protobuf/compiler/PluginProtos$CodeGeneratorResponse$File;Ljava/lang/Object;)Ljava/lang/Object;
smali\com\google\protobuf\compiler\PluginProtos$CodeGeneratorResponse$File$飘花落叶言子楪世苏哲兰.smali	203	    iget-object v0, p0, Lcom/google/protobuf/compiler/PluginProtos$CodeGeneratorResponse$File$飘花落叶言子楪世苏哲兰;->generatedCodeInfoBuilder_:Lcom/google/protobuf/飘花落叶言世兰子哲苏楪;
smali\com\google\protobuf\compiler\PluginProtos$CodeGeneratorResponse$File$飘花落叶言子楪世苏哲兰.smali	211	    iget-object p0, p0, Lcom/google/protobuf/compiler/PluginProtos$CodeGeneratorResponse$File$飘花落叶言子楪世苏哲兰;->generatedCodeInfo_:Lcom/google/protobuf/DescriptorProtos$GeneratedCodeInfo;
smali\com\google\protobuf\compiler\PluginProtos$CodeGeneratorResponse$File$飘花落叶言子楪世苏哲兰.smali	232	    invoke-static {p1, p0}, Lcom/google/protobuf/compiler/PluginProtos$CodeGeneratorResponse$File;->access$3502(Lcom/google/protobuf/compiler/PluginProtos$CodeGeneratorResponse$File;Lcom/google/protobuf/DescriptorProtos$GeneratedCodeInfo;)Lcom/google/protobuf/DescriptorProtos$GeneratedCodeInfo;
smali\com\google\protobuf\compiler\PluginProtos$CodeGeneratorResponse$File$飘花落叶言子楪世苏哲兰.smali	242	    invoke-static {p1, v1}, Lcom/google/protobuf/compiler/PluginProtos$CodeGeneratorResponse$File;->access$3676(Lcom/google/protobuf/compiler/PluginProtos$CodeGeneratorResponse$File;I)I
smali\com\google\protobuf\compiler\PluginProtos$CodeGeneratorResponse$File$飘花落叶言子楪世苏哲兰.smali	271	    iget-object v0, p0, Lcom/google/protobuf/compiler/PluginProtos$CodeGeneratorResponse$File$飘花落叶言子楪世苏哲兰;->generatedCodeInfoBuilder_:Lcom/google/protobuf/飘花落叶言世兰子哲苏楪;
smali\com\google\protobuf\compiler\PluginProtos$CodeGeneratorResponse$File$飘花落叶言子楪世苏哲兰.smali	283	    invoke-virtual {p0}, Lcom/google/protobuf/compiler/PluginProtos$CodeGeneratorResponse$File$飘花落叶言子楪世苏哲兰;->getGeneratedCodeInfo()Lcom/google/protobuf/DescriptorProtos$GeneratedCodeInfo;
smali\com\google\protobuf\compiler\PluginProtos$CodeGeneratorResponse$File$飘花落叶言子楪世苏哲兰.smali	312	    iput-object v0, p0, Lcom/google/protobuf/compiler/PluginProtos$CodeGeneratorResponse$File$飘花落叶言子楪世苏哲兰;->generatedCodeInfoBuilder_:Lcom/google/protobuf/飘花落叶言世兰子哲苏楪;
smali\com\google\protobuf\compiler\PluginProtos$CodeGeneratorResponse$File$飘花落叶言子楪世苏哲兰.smali	319	    iput-object v0, p0, Lcom/google/protobuf/compiler/PluginProtos$CodeGeneratorResponse$File$飘花落叶言子楪世苏哲兰;->generatedCodeInfo_:Lcom/google/protobuf/DescriptorProtos$GeneratedCodeInfo;
smali\com\google\protobuf\compiler\PluginProtos$CodeGeneratorResponse$File$飘花落叶言子楪世苏哲兰.smali	324	    iget-object p0, p0, Lcom/google/protobuf/compiler/PluginProtos$CodeGeneratorResponse$File$飘花落叶言子楪世苏哲兰;->generatedCodeInfoBuilder_:Lcom/google/protobuf/飘花落叶言世兰子哲苏楪;
smali\com\google\protobuf\compiler\PluginProtos$CodeGeneratorResponse$File$飘花落叶言子楪世苏哲兰.smali	335	    invoke-static {}, Lcom/google/protobuf/compiler/PluginProtos$CodeGeneratorResponse$File;->access$3000()Z
smali\com\google\protobuf\compiler\PluginProtos$CodeGeneratorResponse$File$飘花落叶言子楪世苏哲兰.smali	347	    invoke-direct {p0}, Lcom/google/protobuf/compiler/PluginProtos$CodeGeneratorResponse$File$飘花落叶言子楪世苏哲兰;->internalGetGeneratedCodeInfoFieldBuilder()Lcom/google/protobuf/飘花落叶言世兰子哲苏楪;
smali\com\google\protobuf\compiler\PluginProtos$CodeGeneratorResponse$File$飘花落叶言子楪世苏哲兰.smali	358	.method public build()Lcom/google/protobuf/compiler/PluginProtos$CodeGeneratorResponse$File;
smali\com\google\protobuf\compiler\PluginProtos$CodeGeneratorResponse$File$飘花落叶言子楪世苏哲兰.smali	362	    invoke-virtual {p0}, Lcom/google/protobuf/compiler/PluginProtos$CodeGeneratorResponse$File$飘花落叶言子楪世苏哲兰;->buildPartial()Lcom/google/protobuf/compiler/PluginProtos$CodeGeneratorResponse$File;
smali\com\google\protobuf\compiler\PluginProtos$CodeGeneratorResponse$File$飘花落叶言子楪世苏哲兰.smali	370	    invoke-virtual {p0}, Lcom/google/protobuf/compiler/PluginProtos$CodeGeneratorResponse$File;->isInitialized()Z
smali\com\google\protobuf\compiler\PluginProtos$CodeGeneratorResponse$File$飘花落叶言子楪世苏哲兰.smali	401	    invoke-virtual {p0}, Lcom/google/protobuf/compiler/PluginProtos$CodeGeneratorResponse$File$飘花落叶言子楪世苏哲兰;->build()Lcom/google/protobuf/compiler/PluginProtos$CodeGeneratorResponse$File;
smali\com\google\protobuf\compiler\PluginProtos$CodeGeneratorResponse$File$飘花落叶言子楪世苏哲兰.smali	412	    invoke-virtual {p0}, Lcom/google/protobuf/compiler/PluginProtos$CodeGeneratorResponse$File$飘花落叶言子楪世苏哲兰;->build()Lcom/google/protobuf/compiler/PluginProtos$CodeGeneratorResponse$File;
smali\com\google\protobuf\compiler\PluginProtos$CodeGeneratorResponse$File$飘花落叶言子楪世苏哲兰.smali	419	.method public buildPartial()Lcom/google/protobuf/compiler/PluginProtos$CodeGeneratorResponse$File;
smali\com\google\protobuf\compiler\PluginProtos$CodeGeneratorResponse$File$飘花落叶言子楪世苏哲兰.smali	423	    new-instance v0, Lcom/google/protobuf/compiler/PluginProtos$CodeGeneratorResponse$File;
smali\com\google\protobuf\compiler\PluginProtos$CodeGeneratorResponse$File$飘花落叶言子楪世苏哲兰.smali	430	    invoke-direct {v0, p0, v1}, Lcom/google/protobuf/compiler/PluginProtos$CodeGeneratorResponse$File;-><init>(Lcom/google/protobuf/GeneratedMessage$飘花落叶言子楪世苏哲兰;L飘花落叶言楪哲苏子世兰/飘花落叶言子楪世苏哲兰;)V
smali\com\google\protobuf\compiler\PluginProtos$CodeGeneratorResponse$File$飘花落叶言子楪世苏哲兰.smali	435	    iget v1, p0, Lcom/google/protobuf/compiler/PluginProtos$CodeGeneratorResponse$File$飘花落叶言子楪世苏哲兰;->bitField0_:I
smali\com\google\protobuf\compiler\PluginProtos$CodeGeneratorResponse$File$飘花落叶言子楪世苏哲兰.smali	443	    invoke-direct {p0, v0}, Lcom/google/protobuf/compiler/PluginProtos$CodeGeneratorResponse$File$飘花落叶言子楪世苏哲兰;->buildPartial0(Lcom/google/protobuf/compiler/PluginProtos$CodeGeneratorResponse$File;)V
smali\com\google\protobuf\compiler\PluginProtos$CodeGeneratorResponse$File$飘花落叶言子楪世苏哲兰.smali	461	    invoke-virtual {p0}, Lcom/google/protobuf/compiler/PluginProtos$CodeGeneratorResponse$File$飘花落叶言子楪世苏哲兰;->buildPartial()Lcom/google/protobuf/compiler/PluginProtos$CodeGeneratorResponse$File;
smali\com\google\protobuf\compiler\PluginProtos$CodeGeneratorResponse$File$飘花落叶言子楪世苏哲兰.smali	472	    invoke-virtual {p0}, Lcom/google/protobuf/compiler/PluginProtos$CodeGeneratorResponse$File$飘花落叶言子楪世苏哲兰;->buildPartial()Lcom/google/protobuf/compiler/PluginProtos$CodeGeneratorResponse$File;
smali\com\google\protobuf\compiler\PluginProtos$CodeGeneratorResponse$File$飘花落叶言子楪世苏哲兰.smali	483	    invoke-virtual {p0}, Lcom/google/protobuf/compiler/PluginProtos$CodeGeneratorResponse$File$飘花落叶言子楪世苏哲兰;->clear()Lcom/google/protobuf/compiler/PluginProtos$CodeGeneratorResponse$File$飘花落叶言子楪世苏哲兰;
smali\com\google\protobuf\compiler\PluginProtos$CodeGeneratorResponse$File$飘花落叶言子楪世苏哲兰.smali	490	.method public clear()Lcom/google/protobuf/compiler/PluginProtos$CodeGeneratorResponse$File$飘花落叶言子楪世苏哲兰;
smali\com\google\protobuf\compiler\PluginProtos$CodeGeneratorResponse$File$飘花落叶言子楪世苏哲兰.smali	502	    iput v0, p0, Lcom/google/protobuf/compiler/PluginProtos$CodeGeneratorResponse$File$飘花落叶言子楪世苏哲兰;->bitField0_:I
smali\com\google\protobuf\compiler\PluginProtos$CodeGeneratorResponse$File$飘花落叶言子楪世苏哲兰.smali	510	    iput-object v0, p0, Lcom/google/protobuf/compiler/PluginProtos$CodeGeneratorResponse$File$飘花落叶言子楪世苏哲兰;->name_:Ljava/lang/Object;
smali\com\google\protobuf\compiler\PluginProtos$CodeGeneratorResponse$File$飘花落叶言子楪世苏哲兰.smali	514	    iput-object v0, p0, Lcom/google/protobuf/compiler/PluginProtos$CodeGeneratorResponse$File$飘花落叶言子楪世苏哲兰;->insertionPoint_:Ljava/lang/Object;
smali\com\google\protobuf\compiler\PluginProtos$CodeGeneratorResponse$File$飘花落叶言子楪世苏哲兰.smali	518	    iput-object v0, p0, Lcom/google/protobuf/compiler/PluginProtos$CodeGeneratorResponse$File$飘花落叶言子楪世苏哲兰;->content_:Ljava/lang/Object;
smali\com\google\protobuf\compiler\PluginProtos$CodeGeneratorResponse$File$飘花落叶言子楪世苏哲兰.smali	525	    iput-object v0, p0, Lcom/google/protobuf/compiler/PluginProtos$CodeGeneratorResponse$File$飘花落叶言子楪世苏哲兰;->generatedCodeInfo_:Lcom/google/protobuf/DescriptorProtos$GeneratedCodeInfo;
smali\com\google\protobuf\compiler\PluginProtos$CodeGeneratorResponse$File$飘花落叶言子楪世苏哲兰.smali	529	    iget-object v1, p0, Lcom/google/protobuf/compiler/PluginProtos$CodeGeneratorResponse$File$飘花落叶言子楪世苏哲兰;->generatedCodeInfoBuilder_:Lcom/google/protobuf/飘花落叶言世兰子哲苏楪;
smali\com\google\protobuf\compiler\PluginProtos$CodeGeneratorResponse$File$飘花落叶言子楪世苏哲兰.smali	541	    iput-object v0, p0, Lcom/google/protobuf/compiler/PluginProtos$CodeGeneratorResponse$File$飘花落叶言子楪世苏哲兰;->generatedCodeInfoBuilder_:Lcom/google/protobuf/飘花落叶言世兰子哲苏楪;
smali\com\google\protobuf\compiler\PluginProtos$CodeGeneratorResponse$File$飘花落叶言子楪世苏哲兰.smali	553	    invoke-virtual {p0}, Lcom/google/protobuf/compiler/PluginProtos$CodeGeneratorResponse$File$飘花落叶言子楪世苏哲兰;->clear()Lcom/google/protobuf/compiler/PluginProtos$CodeGeneratorResponse$File$飘花落叶言子楪世苏哲兰;
smali\com\google\protobuf\compiler\PluginProtos$CodeGeneratorResponse$File$飘花落叶言子楪世苏哲兰.smali	564	    invoke-virtual {p0}, Lcom/google/protobuf/compiler/PluginProtos$CodeGeneratorResponse$File$飘花落叶言子楪世苏哲兰;->clear()Lcom/google/protobuf/compiler/PluginProtos$CodeGeneratorResponse$File$飘花落叶言子楪世苏哲兰;
smali\com\google\protobuf\compiler\PluginProtos$CodeGeneratorResponse$File$飘花落叶言子楪世苏哲兰.smali	575	    invoke-virtual {p0}, Lcom/google/protobuf/compiler/PluginProtos$CodeGeneratorResponse$File$飘花落叶言子楪世苏哲兰;->clear()Lcom/google/protobuf/compiler/PluginProtos$CodeGeneratorResponse$File$飘花落叶言子楪世苏哲兰;
smali\com\google\protobuf\compiler\PluginProtos$CodeGeneratorResponse$File$飘花落叶言子楪世苏哲兰.smali	582	.method public clearContent()Lcom/google/protobuf/compiler/PluginProtos$CodeGeneratorResponse$File$飘花落叶言子楪世苏哲兰;
smali\com\google\protobuf\compiler\PluginProtos$CodeGeneratorResponse$File$飘花落叶言子楪世苏哲兰.smali	586	    invoke-static {}, Lcom/google/protobuf/compiler/PluginProtos$CodeGeneratorResponse$File;->getDefaultInstance()Lcom/google/protobuf/compiler/PluginProtos$CodeGeneratorResponse$File;
smali\com\google\protobuf\compiler\PluginProtos$CodeGeneratorResponse$File$飘花落叶言子楪世苏哲兰.smali	594	    invoke-virtual {v0}, Lcom/google/protobuf/compiler/PluginProtos$CodeGeneratorResponse$File;->getContent()Ljava/lang/String;
smali\com\google\protobuf\compiler\PluginProtos$CodeGeneratorResponse$File$飘花落叶言子楪世苏哲兰.smali	602	    iput-object v0, p0, Lcom/google/protobuf/compiler/PluginProtos$CodeGeneratorResponse$File$飘花落叶言子楪世苏哲兰;->content_:Ljava/lang/Object;
smali\com\google\protobuf\compiler\PluginProtos$CodeGeneratorResponse$File$飘花落叶言子楪世苏哲兰.smali	606	    iget v0, p0, Lcom/google/protobuf/compiler/PluginProtos$CodeGeneratorResponse$File$飘花落叶言子楪世苏哲兰;->bitField0_:I
smali\com\google\protobuf\compiler\PluginProtos$CodeGeneratorResponse$File$飘花落叶言子楪世苏哲兰.smali	614	    iput v0, p0, Lcom/google/protobuf/compiler/PluginProtos$CodeGeneratorResponse$File$飘花落叶言子楪世苏哲兰;->bitField0_:I
smali\com\google\protobuf\compiler\PluginProtos$CodeGeneratorResponse$File$飘花落叶言子楪世苏哲兰.smali	626	.method public clearGeneratedCodeInfo()Lcom/google/protobuf/compiler/PluginProtos$CodeGeneratorResponse$File$飘花落叶言子楪世苏哲兰;
smali\com\google\protobuf\compiler\PluginProtos$CodeGeneratorResponse$File$飘花落叶言子楪世苏哲兰.smali	630	    iget v0, p0, Lcom/google/protobuf/compiler/PluginProtos$CodeGeneratorResponse$File$飘花落叶言子楪世苏哲兰;->bitField0_:I
smali\com\google\protobuf\compiler\PluginProtos$CodeGeneratorResponse$File$飘花落叶言子楪世苏哲兰.smali	638	    iput v0, p0, Lcom/google/protobuf/compiler/PluginProtos$CodeGeneratorResponse$File$飘花落叶言子楪世苏哲兰;->bitField0_:I
smali\com\google\protobuf\compiler\PluginProtos$CodeGeneratorResponse$File$飘花落叶言子楪世苏哲兰.smali	645	    iput-object v0, p0, Lcom/google/protobuf/compiler/PluginProtos$CodeGeneratorResponse$File$飘花落叶言子楪世苏哲兰;->generatedCodeInfo_:Lcom/google/protobuf/DescriptorProtos$GeneratedCodeInfo;
smali\com\google\protobuf\compiler\PluginProtos$CodeGeneratorResponse$File$飘花落叶言子楪世苏哲兰.smali	649	    iget-object v1, p0, Lcom/google/protobuf/compiler/PluginProtos$CodeGeneratorResponse$File$飘花落叶言子楪世苏哲兰;->generatedCodeInfoBuilder_:Lcom/google/protobuf/飘花落叶言世兰子哲苏楪;
smali\com\google\protobuf\compiler\PluginProtos$CodeGeneratorResponse$File$飘花落叶言子楪世苏哲兰.smali	661	    iput-object v0, p0, Lcom/google/protobuf/compiler/PluginProtos$CodeGeneratorResponse$File$飘花落叶言子楪世苏哲兰;->generatedCodeInfoBuilder_:Lcom/google/protobuf/飘花落叶言世兰子哲苏楪;
smali\com\google\protobuf\compiler\PluginProtos$CodeGeneratorResponse$File$飘花落叶言子楪世苏哲兰.smali	674	.method public clearInsertionPoint()Lcom/google/protobuf/compiler/PluginProtos$CodeGeneratorResponse$File$飘花落叶言子楪世苏哲兰;
smali\com\google\protobuf\compiler\PluginProtos$CodeGeneratorResponse$File$飘花落叶言子楪世苏哲兰.smali	678	    invoke-static {}, Lcom/google/protobuf/compiler/PluginProtos$CodeGeneratorResponse$File;->getDefaultInstance()Lcom/google/protobuf/compiler/PluginProtos$CodeGeneratorResponse$File;
smali\com\google\protobuf\compiler\PluginProtos$CodeGeneratorResponse$File$飘花落叶言子楪世苏哲兰.smali	686	    invoke-virtual {v0}, Lcom/google/protobuf/compiler/PluginProtos$CodeGeneratorResponse$File;->getInsertionPoint()Ljava/lang/String;
smali\com\google\protobuf\compiler\PluginProtos$CodeGeneratorResponse$File$飘花落叶言子楪世苏哲兰.smali	694	    iput-object v0, p0, Lcom/google/protobuf/compiler/PluginProtos$CodeGeneratorResponse$File$飘花落叶言子楪世苏哲兰;->insertionPoint_:Ljava/lang/Object;
smali\com\google\protobuf\compiler\PluginProtos$CodeGeneratorResponse$File$飘花落叶言子楪世苏哲兰.smali	698	    iget v0, p0, Lcom/google/protobuf/compiler/PluginProtos$CodeGeneratorResponse$File$飘花落叶言子楪世苏哲兰;->bitField0_:I
smali\com\google\protobuf\compiler\PluginProtos$CodeGeneratorResponse$File$飘花落叶言子楪世苏哲兰.smali	706	    iput v0, p0, Lcom/google/protobuf/compiler/PluginProtos$CodeGeneratorResponse$File$飘花落叶言子楪世苏哲兰;->bitField0_:I
smali\com\google\protobuf\compiler\PluginProtos$CodeGeneratorResponse$File$飘花落叶言子楪世苏哲兰.smali	718	.method public clearName()Lcom/google/protobuf/compiler/PluginProtos$CodeGeneratorResponse$File$飘花落叶言子楪世苏哲兰;
smali\com\google\protobuf\compiler\PluginProtos$CodeGeneratorResponse$File$飘花落叶言子楪世苏哲兰.smali	722	    invoke-static {}, Lcom/google/protobuf/compiler/PluginProtos$CodeGeneratorResponse$File;->getDefaultInstance()Lcom/google/protobuf/compiler/PluginProtos$CodeGeneratorResponse$File;
smali\com\google\protobuf\compiler\PluginProtos$CodeGeneratorResponse$File$飘花落叶言子楪世苏哲兰.smali	730	    invoke-virtual {v0}, Lcom/google/protobuf/compiler/PluginProtos$CodeGeneratorResponse$File;->getName()Ljava/lang/String;
smali\com\google\protobuf\compiler\PluginProtos$CodeGeneratorResponse$File$飘花落叶言子楪世苏哲兰.smali	738	    iput-object v0, p0, Lcom/google/protobuf/compiler/PluginProtos$CodeGeneratorResponse$File$飘花落叶言子楪世苏哲兰;->name_:Ljava/lang/Object;
smali\com\google\protobuf\compiler\PluginProtos$CodeGeneratorResponse$File$飘花落叶言子楪世苏哲兰.smali	742	    iget v0, p0, Lcom/google/protobuf/compiler/PluginProtos$CodeGeneratorResponse$File$飘花落叶言子楪世苏哲兰;->bitField0_:I
smali\com\google\protobuf\compiler\PluginProtos$CodeGeneratorResponse$File$飘花落叶言子楪世苏哲兰.smali	750	    iput v0, p0, Lcom/google/protobuf/compiler/PluginProtos$CodeGeneratorResponse$File$飘花落叶言子楪世苏哲兰;->bitField0_:I
smali\com\google\protobuf\compiler\PluginProtos$CodeGeneratorResponse$File$飘花落叶言子楪世苏哲兰.smali	766	    iget-object v0, p0, Lcom/google/protobuf/compiler/PluginProtos$CodeGeneratorResponse$File$飘花落叶言子楪世苏哲兰;->content_:Ljava/lang/Object;
smali\com\google\protobuf\compiler\PluginProtos$CodeGeneratorResponse$File$飘花落叶言子楪世苏哲兰.smali	802	    iput-object v1, p0, Lcom/google/protobuf/compiler/PluginProtos$CodeGeneratorResponse$File$飘花落叶言子楪世苏哲兰;->content_:Ljava/lang/Object;
smali\com\google\protobuf\compiler\PluginProtos$CodeGeneratorResponse$File$飘花落叶言子楪世苏哲兰.smali	822	    iget-object v0, p0, Lcom/google/protobuf/compiler/PluginProtos$CodeGeneratorResponse$File$飘花落叶言子楪世苏哲兰;->content_:Ljava/lang/Object;
smali\com\google\protobuf\compiler\PluginProtos$CodeGeneratorResponse$File$飘花落叶言子楪世苏哲兰.smali	846	    iput-object v0, p0, Lcom/google/protobuf/compiler/PluginProtos$CodeGeneratorResponse$File$飘花落叶言子楪世苏哲兰;->content_:Ljava/lang/Object;
smali\com\google\protobuf\compiler\PluginProtos$CodeGeneratorResponse$File$飘花落叶言子楪世苏哲兰.smali	861	.method public getDefaultInstanceForType()Lcom/google/protobuf/compiler/PluginProtos$CodeGeneratorResponse$File;
smali\com\google\protobuf\compiler\PluginProtos$CodeGeneratorResponse$File$飘花落叶言子楪世苏哲兰.smali	865	    invoke-static {}, Lcom/google/protobuf/compiler/PluginProtos$CodeGeneratorResponse$File;->getDefaultInstance()Lcom/google/protobuf/compiler/PluginProtos$CodeGeneratorResponse$File;
smali\com\google\protobuf\compiler\PluginProtos$CodeGeneratorResponse$File$飘花落叶言子楪世苏哲兰.smali	876	    invoke-virtual {p0}, Lcom/google/protobuf/compiler/PluginProtos$CodeGeneratorResponse$File$飘花落叶言子楪世苏哲兰;->getDefaultInstanceForType()Lcom/google/protobuf/compiler/PluginProtos$CodeGeneratorResponse$File;
smali\com\google\protobuf\compiler\PluginProtos$CodeGeneratorResponse$File$飘花落叶言子楪世苏哲兰.smali	887	    invoke-virtual {p0}, Lcom/google/protobuf/compiler/PluginProtos$CodeGeneratorResponse$File$飘花落叶言子楪世苏哲兰;->getDefaultInstanceForType()Lcom/google/protobuf/compiler/PluginProtos$CodeGeneratorResponse$File;
smali\com\google\protobuf\compiler\PluginProtos$CodeGeneratorResponse$File$飘花落叶言子楪世苏哲兰.smali	913	    iget-object v0, p0, Lcom/google/protobuf/compiler/PluginProtos$CodeGeneratorResponse$File$飘花落叶言子楪世苏哲兰;->generatedCodeInfoBuilder_:Lcom/google/protobuf/飘花落叶言世兰子哲苏楪;
smali\com\google\protobuf\compiler\PluginProtos$CodeGeneratorResponse$File$飘花落叶言子楪世苏哲兰.smali	921	    iget-object p0, p0, Lcom/google/protobuf/compiler/PluginProtos$CodeGeneratorResponse$File$飘花落叶言子楪世苏哲兰;->generatedCodeInfo_:Lcom/google/protobuf/DescriptorProtos$GeneratedCodeInfo;
smali\com\google\protobuf\compiler\PluginProtos$CodeGeneratorResponse$File$飘花落叶言子楪世苏哲兰.smali	961	    iget v0, p0, Lcom/google/protobuf/compiler/PluginProtos$CodeGeneratorResponse$File$飘花落叶言子楪世苏哲兰;->bitField0_:I
smali\com\google\protobuf\compiler\PluginProtos$CodeGeneratorResponse$File$飘花落叶言子楪世苏哲兰.smali	969	    iput v0, p0, Lcom/google/protobuf/compiler/PluginProtos$CodeGeneratorResponse$File$飘花落叶言子楪世苏哲兰;->bitField0_:I
smali\com\google\protobuf\compiler\PluginProtos$CodeGeneratorResponse$File$飘花落叶言子楪世苏哲兰.smali	978	    invoke-direct {p0}, Lcom/google/protobuf/compiler/PluginProtos$CodeGeneratorResponse$File$飘花落叶言子楪世苏哲兰;->internalGetGeneratedCodeInfoFieldBuilder()Lcom/google/protobuf/飘花落叶言世兰子哲苏楪;
smali\com\google\protobuf\compiler\PluginProtos$CodeGeneratorResponse$File$飘花落叶言子楪世苏哲兰.smali	1005	    iget-object v0, p0, Lcom/google/protobuf/compiler/PluginProtos$CodeGeneratorResponse$File$飘花落叶言子楪世苏哲兰;->generatedCodeInfoBuilder_:Lcom/google/protobuf/飘花落叶言世兰子哲苏楪;
smali\com\google\protobuf\compiler\PluginProtos$CodeGeneratorResponse$File$飘花落叶言子楪世苏哲兰.smali	1029	    iget-object p0, p0, Lcom/google/protobuf/compiler/PluginProtos$CodeGeneratorResponse$File$飘花落叶言子楪世苏哲兰;->generatedCodeInfo_:Lcom/google/protobuf/DescriptorProtos$GeneratedCodeInfo;
smali\com\google\protobuf\compiler\PluginProtos$CodeGeneratorResponse$File$飘花落叶言子楪世苏哲兰.smali	1053	    iget-object v0, p0, Lcom/google/protobuf/compiler/PluginProtos$CodeGeneratorResponse$File$飘花落叶言子楪世苏哲兰;->insertionPoint_:Ljava/lang/Object;
smali\com\google\protobuf\compiler\PluginProtos$CodeGeneratorResponse$File$飘花落叶言子楪世苏哲兰.smali	1089	    iput-object v1, p0, Lcom/google/protobuf/compiler/PluginProtos$CodeGeneratorResponse$File$飘花落叶言子楪世苏哲兰;->insertionPoint_:Ljava/lang/Object;
smali\com\google\protobuf\compiler\PluginProtos$CodeGeneratorResponse$File$飘花落叶言子楪世苏哲兰.smali	1109	    iget-object v0, p0, Lcom/google/protobuf/compiler/PluginProtos$CodeGeneratorResponse$File$飘花落叶言子楪世苏哲兰;->insertionPoint_:Ljava/lang/Object;
smali\com\google\protobuf\compiler\PluginProtos$CodeGeneratorResponse$File$飘花落叶言子楪世苏哲兰.smali	1133	    iput-object v0, p0, Lcom/google/protobuf/compiler/PluginProtos$CodeGeneratorResponse$File$飘花落叶言子楪世苏哲兰;->insertionPoint_:Ljava/lang/Object;
smali\com\google\protobuf\compiler\PluginProtos$CodeGeneratorResponse$File$飘花落叶言子楪世苏哲兰.smali	1152	    iget-object v0, p0, Lcom/google/protobuf/compiler/PluginProtos$CodeGeneratorResponse$File$飘花落叶言子楪世苏哲兰;->name_:Ljava/lang/Object;
smali\com\google\protobuf\compiler\PluginProtos$CodeGeneratorResponse$File$飘花落叶言子楪世苏哲兰.smali	1188	    iput-object v1, p0, Lcom/google/protobuf/compiler/PluginProtos$CodeGeneratorResponse$File$飘花落叶言子楪世苏哲兰;->name_:Ljava/lang/Object;
smali\com\google\protobuf\compiler\PluginProtos$CodeGeneratorResponse$File$飘花落叶言子楪世苏哲兰.smali	1208	    iget-object v0, p0, Lcom/google/protobuf/compiler/PluginProtos$CodeGeneratorResponse$File$飘花落叶言子楪世苏哲兰;->name_:Ljava/lang/Object;
smali\com\google\protobuf\compiler\PluginProtos$CodeGeneratorResponse$File$飘花落叶言子楪世苏哲兰.smali	1232	    iput-object v0, p0, Lcom/google/protobuf/compiler/PluginProtos$CodeGeneratorResponse$File$飘花落叶言子楪世苏哲兰;->name_:Ljava/lang/Object;
smali\com\google\protobuf\compiler\PluginProtos$CodeGeneratorResponse$File$飘花落叶言子楪世苏哲兰.smali	1251	    iget p0, p0, Lcom/google/protobuf/compiler/PluginProtos$CodeGeneratorResponse$File$飘花落叶言子楪世苏哲兰;->bitField0_:I
smali\com\google\protobuf\compiler\PluginProtos$CodeGeneratorResponse$File$飘花落叶言子楪世苏哲兰.smali	1280	    iget p0, p0, Lcom/google/protobuf/compiler/PluginProtos$CodeGeneratorResponse$File$飘花落叶言子楪世苏哲兰;->bitField0_:I
smali\com\google\protobuf\compiler\PluginProtos$CodeGeneratorResponse$File$飘花落叶言子楪世苏哲兰.smali	1309	    iget p0, p0, Lcom/google/protobuf/compiler/PluginProtos$CodeGeneratorResponse$File$飘花落叶言子楪世苏哲兰;->bitField0_:I
smali\com\google\protobuf\compiler\PluginProtos$CodeGeneratorResponse$File$飘花落叶言子楪世苏哲兰.smali	1338	    iget p0, p0, Lcom/google/protobuf/compiler/PluginProtos$CodeGeneratorResponse$File$飘花落叶言子楪世苏哲兰;->bitField0_:I
smali\com\google\protobuf\compiler\PluginProtos$CodeGeneratorResponse$File$飘花落叶言子楪世苏哲兰.smali	1370	    const-class v0, Lcom/google/protobuf/compiler/PluginProtos$CodeGeneratorResponse$File;
smali\com\google\protobuf\compiler\PluginProtos$CodeGeneratorResponse$File$飘花落叶言子楪世苏哲兰.smali	1374	    const-class v1, Lcom/google/protobuf/compiler/PluginProtos$CodeGeneratorResponse$File$飘花落叶言子楪世苏哲兰;
smali\com\google\protobuf\compiler\PluginProtos$CodeGeneratorResponse$File$飘花落叶言子楪世苏哲兰.smali	1396	.method public mergeFrom(Lcom/google/protobuf/compiler/PluginProtos$CodeGeneratorResponse$File;)Lcom/google/protobuf/compiler/PluginProtos$CodeGeneratorResponse$File$飘花落叶言子楪世苏哲兰;
smali\com\google\protobuf\compiler\PluginProtos$CodeGeneratorResponse$File$飘花落叶言子楪世苏哲兰.smali	1400	    invoke-static {}, Lcom/google/protobuf/compiler/PluginProtos$CodeGeneratorResponse$File;->getDefaultInstance()Lcom/google/protobuf/compiler/PluginProtos$CodeGeneratorResponse$File;
smali\com\google\protobuf\compiler\PluginProtos$CodeGeneratorResponse$File$飘花落叶言子楪世苏哲兰.smali	1410	    invoke-virtual {p1}, Lcom/google/protobuf/compiler/PluginProtos$CodeGeneratorResponse$File;->hasName()Z
smali\com\google\protobuf\compiler\PluginProtos$CodeGeneratorResponse$File$飘花落叶言子楪世苏哲兰.smali	1417	    invoke-static {p1}, Lcom/google/protobuf/compiler/PluginProtos$CodeGeneratorResponse$File;->access$3200(Lcom/google/protobuf/compiler/PluginProtos$CodeGeneratorResponse$File;)Ljava/lang/Object;
smali\com\google\protobuf\compiler\PluginProtos$CodeGeneratorResponse$File$飘花落叶言子楪世苏哲兰.smali	1421	    iput-object v0, p0, Lcom/google/protobuf/compiler/PluginProtos$CodeGeneratorResponse$File$飘花落叶言子楪世苏哲兰;->name_:Ljava/lang/Object;
smali\com\google\protobuf\compiler\PluginProtos$CodeGeneratorResponse$File$飘花落叶言子楪世苏哲兰.smali	1424	    iget v0, p0, Lcom/google/protobuf/compiler/PluginProtos$CodeGeneratorResponse$File$飘花落叶言子楪世苏哲兰;->bitField0_:I
smali\com\google\protobuf\compiler\PluginProtos$CodeGeneratorResponse$File$飘花落叶言子楪世苏哲兰.smali	1428	    iput v0, p0, Lcom/google/protobuf/compiler/PluginProtos$CodeGeneratorResponse$File$飘花落叶言子楪世苏哲兰;->bitField0_:I
smali\com\google\protobuf\compiler\PluginProtos$CodeGeneratorResponse$File$飘花落叶言子楪世苏哲兰.smali	1435	    invoke-virtual {p1}, Lcom/google/protobuf/compiler/PluginProtos$CodeGeneratorResponse$File;->hasInsertionPoint()Z
smali\com\google\protobuf\compiler\PluginProtos$CodeGeneratorResponse$File$飘花落叶言子楪世苏哲兰.smali	1442	    invoke-static {p1}, Lcom/google/protobuf/compiler/PluginProtos$CodeGeneratorResponse$File;->access$3300(Lcom/google/protobuf/compiler/PluginProtos$CodeGeneratorResponse$File;)Ljava/lang/Object;
smali\com\google\protobuf\compiler\PluginProtos$CodeGeneratorResponse$File$飘花落叶言子楪世苏哲兰.smali	1446	    iput-object v0, p0, Lcom/google/protobuf/compiler/PluginProtos$CodeGeneratorResponse$File$飘花落叶言子楪世苏哲兰;->insertionPoint_:Ljava/lang/Object;
smali\com\google\protobuf\compiler\PluginProtos$CodeGeneratorResponse$File$飘花落叶言子楪世苏哲兰.smali	1449	    iget v0, p0, Lcom/google/protobuf/compiler/PluginProtos$CodeGeneratorResponse$File$飘花落叶言子楪世苏哲兰;->bitField0_:I
smali\com\google\protobuf\compiler\PluginProtos$CodeGeneratorResponse$File$飘花落叶言子楪世苏哲兰.smali	1453	    iput v0, p0, Lcom/google/protobuf/compiler/PluginProtos$CodeGeneratorResponse$File$飘花落叶言子楪世苏哲兰;->bitField0_:I
smali\com\google\protobuf\compiler\PluginProtos$CodeGeneratorResponse$File$飘花落叶言子楪世苏哲兰.smali	1460	    invoke-virtual {p1}, Lcom/google/protobuf/compiler/PluginProtos$CodeGeneratorResponse$File;->hasContent()Z
smali\com\google\protobuf\compiler\PluginProtos$CodeGeneratorResponse$File$飘花落叶言子楪世苏哲兰.smali	1467	    invoke-static {p1}, Lcom/google/protobuf/compiler/PluginProtos$CodeGeneratorResponse$File;->access$3400(Lcom/google/protobuf/compiler/PluginProtos$CodeGeneratorResponse$File;)Ljava/lang/Object;
smali\com\google\protobuf\compiler\PluginProtos$CodeGeneratorResponse$File$飘花落叶言子楪世苏哲兰.smali	1471	    iput-object v0, p0, Lcom/google/protobuf/compiler/PluginProtos$CodeGeneratorResponse$File$飘花落叶言子楪世苏哲兰;->content_:Ljava/lang/Object;
smali\com\google\protobuf\compiler\PluginProtos$CodeGeneratorResponse$File$飘花落叶言子楪世苏哲兰.smali	1474	    iget v0, p0, Lcom/google/protobuf/compiler/PluginProtos$CodeGeneratorResponse$File$飘花落叶言子楪世苏哲兰;->bitField0_:I
smali\com\google\protobuf\compiler\PluginProtos$CodeGeneratorResponse$File$飘花落叶言子楪世苏哲兰.smali	1478	    iput v0, p0, Lcom/google/protobuf/compiler/PluginProtos$CodeGeneratorResponse$File$飘花落叶言子楪世苏哲兰;->bitField0_:I
smali\com\google\protobuf\compiler\PluginProtos$CodeGeneratorResponse$File$飘花落叶言子楪世苏哲兰.smali	1485	    invoke-virtual {p1}, Lcom/google/protobuf/compiler/PluginProtos$CodeGeneratorResponse$File;->hasGeneratedCodeInfo()Z
smali\com\google\protobuf\compiler\PluginProtos$CodeGeneratorResponse$File$飘花落叶言子楪世苏哲兰.smali	1492	    invoke-virtual {p1}, Lcom/google/protobuf/compiler/PluginProtos$CodeGeneratorResponse$File;->getGeneratedCodeInfo()Lcom/google/protobuf/DescriptorProtos$GeneratedCodeInfo;
smali\com\google\protobuf\compiler\PluginProtos$CodeGeneratorResponse$File$飘花落叶言子楪世苏哲兰.smali	1496	    invoke-virtual {p0, v0}, Lcom/google/protobuf/compiler/PluginProtos$CodeGeneratorResponse$File$飘花落叶言子楪世苏哲兰;->mergeGeneratedCodeInfo(Lcom/google/protobuf/DescriptorProtos$GeneratedCodeInfo;)Lcom/google/protobuf/compiler/PluginProtos$CodeGeneratorResponse$File$飘花落叶言子楪世苏哲兰;
smali\com\google\protobuf\compiler\PluginProtos$CodeGeneratorResponse$File$飘花落叶言子楪世苏哲兰.smali	1512	.method public mergeFrom(Lcom/google/protobuf/飘花落叶言世苏楪哲子兰;)Lcom/google/protobuf/compiler/PluginProtos$CodeGeneratorResponse$File$飘花落叶言子楪世苏哲兰;
smali\com\google\protobuf\compiler\PluginProtos$CodeGeneratorResponse$File$飘花落叶言子楪世苏哲兰.smali	1516	    instance-of v0, p1, Lcom/google/protobuf/compiler/PluginProtos$CodeGeneratorResponse$File;
smali\com\google\protobuf\compiler\PluginProtos$CodeGeneratorResponse$File$飘花落叶言子楪世苏哲兰.smali	1521	    check-cast p1, Lcom/google/protobuf/compiler/PluginProtos$CodeGeneratorResponse$File;
smali\com\google\protobuf\compiler\PluginProtos$CodeGeneratorResponse$File$飘花落叶言子楪世苏哲兰.smali	1523	    invoke-virtual {p0, p1}, Lcom/google/protobuf/compiler/PluginProtos$CodeGeneratorResponse$File$飘花落叶言子楪世苏哲兰;->mergeFrom(Lcom/google/protobuf/compiler/PluginProtos$CodeGeneratorResponse$File;)Lcom/google/protobuf/compiler/PluginProtos$CodeGeneratorResponse$File$飘花落叶言子楪世苏哲兰;
smali\com\google\protobuf\compiler\PluginProtos$CodeGeneratorResponse$File$飘花落叶言子楪世苏哲兰.smali	1536	.method public mergeFrom(Lcom/google/protobuf/飘花落叶言子世苏兰哲楪;Lcom/google/protobuf/飘花落叶言楪苏子哲兰世;)Lcom/google/protobuf/compiler/PluginProtos$CodeGeneratorResponse$File$飘花落叶言子楪世苏哲兰;
smali\com\google\protobuf\compiler\PluginProtos$CodeGeneratorResponse$File$飘花落叶言子楪世苏哲兰.smali	1636	    invoke-direct {p0}, Lcom/google/protobuf/compiler/PluginProtos$CodeGeneratorResponse$File$飘花落叶言子楪世苏哲兰;->internalGetGeneratedCodeInfoFieldBuilder()Lcom/google/protobuf/飘花落叶言世兰子哲苏楪;
smali\com\google\protobuf\compiler\PluginProtos$CodeGeneratorResponse$File$飘花落叶言子楪世苏哲兰.smali	1657	    iget v1, p0, Lcom/google/protobuf/compiler/PluginProtos$CodeGeneratorResponse$File$飘花落叶言子楪世苏哲兰;->bitField0_:I
smali\com\google\protobuf\compiler\PluginProtos$CodeGeneratorResponse$File$飘花落叶言子楪世苏哲兰.smali	1665	    iput v1, p0, Lcom/google/protobuf/compiler/PluginProtos$CodeGeneratorResponse$File$飘花落叶言子楪世苏哲兰;->bitField0_:I
smali\com\google\protobuf\compiler\PluginProtos$CodeGeneratorResponse$File$飘花落叶言子楪世苏哲兰.smali	1681	    iput-object v1, p0, Lcom/google/protobuf/compiler/PluginProtos$CodeGeneratorResponse$File$飘花落叶言子楪世苏哲兰;->content_:Ljava/lang/Object;
smali\com\google\protobuf\compiler\PluginProtos$CodeGeneratorResponse$File$飘花落叶言子楪世苏哲兰.smali	1685	    iget v1, p0, Lcom/google/protobuf/compiler/PluginProtos$CodeGeneratorResponse$File$飘花落叶言子楪世苏哲兰;->bitField0_:I
smali\com\google\protobuf\compiler\PluginProtos$CodeGeneratorResponse$File$飘花落叶言子楪世苏哲兰.smali	1693	    iput v1, p0, Lcom/google/protobuf/compiler/PluginProtos$CodeGeneratorResponse$File$飘花落叶言子楪世苏哲兰;->bitField0_:I
smali\com\google\protobuf\compiler\PluginProtos$CodeGeneratorResponse$File$飘花落叶言子楪世苏哲兰.smali	1709	    iput-object v1, p0, Lcom/google/protobuf/compiler/PluginProtos$CodeGeneratorResponse$File$飘花落叶言子楪世苏哲兰;->insertionPoint_:Ljava/lang/Object;
smali\com\google\protobuf\compiler\PluginProtos$CodeGeneratorResponse$File$飘花落叶言子楪世苏哲兰.smali	1713	    iget v1, p0, Lcom/google/protobuf/compiler/PluginProtos$CodeGeneratorResponse$File$飘花落叶言子楪世苏哲兰;->bitField0_:I
smali\com\google\protobuf\compiler\PluginProtos$CodeGeneratorResponse$File$飘花落叶言子楪世苏哲兰.smali	1721	    iput v1, p0, Lcom/google/protobuf/compiler/PluginProtos$CodeGeneratorResponse$File$飘花落叶言子楪世苏哲兰;->bitField0_:I
smali\com\google\protobuf\compiler\PluginProtos$CodeGeneratorResponse$File$飘花落叶言子楪世苏哲兰.smali	1737	    iput-object v1, p0, Lcom/google/protobuf/compiler/PluginProtos$CodeGeneratorResponse$File$飘花落叶言子楪世苏哲兰;->name_:Ljava/lang/Object;
smali\com\google\protobuf\compiler\PluginProtos$CodeGeneratorResponse$File$飘花落叶言子楪世苏哲兰.smali	1741	    iget v1, p0, Lcom/google/protobuf/compiler/PluginProtos$CodeGeneratorResponse$File$飘花落叶言子楪世苏哲兰;->bitField0_:I
smali\com\google\protobuf\compiler\PluginProtos$CodeGeneratorResponse$File$飘花落叶言子楪世苏哲兰.smali	1748	    iput v1, p0, Lcom/google/protobuf/compiler/PluginProtos$CodeGeneratorResponse$File$飘花落叶言子楪世苏哲兰;->bitField0_:I
smali\com\google\protobuf\compiler\PluginProtos$CodeGeneratorResponse$File$飘花落叶言子楪世苏哲兰.smali	1795	    invoke-virtual {p0, p1, p2}, Lcom/google/protobuf/compiler/PluginProtos$CodeGeneratorResponse$File$飘花落叶言子楪世苏哲兰;->mergeFrom(Lcom/google/protobuf/飘花落叶言子世苏兰哲楪;Lcom/google/protobuf/飘花落叶言楪苏子哲兰世;)Lcom/google/protobuf/compiler/PluginProtos$CodeGeneratorResponse$File$飘花落叶言子楪世苏哲兰;
smali\com\google\protobuf\compiler\PluginProtos$CodeGeneratorResponse$File$飘花落叶言子楪世苏哲兰.smali	1806	    invoke-virtual {p0, p1}, Lcom/google/protobuf/compiler/PluginProtos$CodeGeneratorResponse$File$飘花落叶言子楪世苏哲兰;->mergeFrom(Lcom/google/protobuf/飘花落叶言世苏楪哲子兰;)Lcom/google/protobuf/compiler/PluginProtos$CodeGeneratorResponse$File$飘花落叶言子楪世苏哲兰;
smali\com\google\protobuf\compiler\PluginProtos$CodeGeneratorResponse$File$飘花落叶言子楪世苏哲兰.smali	1817	    invoke-virtual {p0, p1, p2}, Lcom/google/protobuf/compiler/PluginProtos$CodeGeneratorResponse$File$飘花落叶言子楪世苏哲兰;->mergeFrom(Lcom/google/protobuf/飘花落叶言子世苏兰哲楪;Lcom/google/protobuf/飘花落叶言楪苏子哲兰世;)Lcom/google/protobuf/compiler/PluginProtos$CodeGeneratorResponse$File$飘花落叶言子楪世苏哲兰;
smali\com\google\protobuf\compiler\PluginProtos$CodeGeneratorResponse$File$飘花落叶言子楪世苏哲兰.smali	1828	    invoke-virtual {p0, p1, p2}, Lcom/google/protobuf/compiler/PluginProtos$CodeGeneratorResponse$File$飘花落叶言子楪世苏哲兰;->mergeFrom(Lcom/google/protobuf/飘花落叶言子世苏兰哲楪;Lcom/google/protobuf/飘花落叶言楪苏子哲兰世;)Lcom/google/protobuf/compiler/PluginProtos$CodeGeneratorResponse$File$飘花落叶言子楪世苏哲兰;
smali\com\google\protobuf\compiler\PluginProtos$CodeGeneratorResponse$File$飘花落叶言子楪世苏哲兰.smali	1839	    invoke-virtual {p0, p1}, Lcom/google/protobuf/compiler/PluginProtos$CodeGeneratorResponse$File$飘花落叶言子楪世苏哲兰;->mergeFrom(Lcom/google/protobuf/飘花落叶言世苏楪哲子兰;)Lcom/google/protobuf/compiler/PluginProtos$CodeGeneratorResponse$File$飘花落叶言子楪世苏哲兰;
smali\com\google\protobuf\compiler\PluginProtos$CodeGeneratorResponse$File$飘花落叶言子楪世苏哲兰.smali	1850	    invoke-virtual {p0, p1, p2}, Lcom/google/protobuf/compiler/PluginProtos$CodeGeneratorResponse$File$飘花落叶言子楪世苏哲兰;->mergeFrom(Lcom/google/protobuf/飘花落叶言子世苏兰哲楪;Lcom/google/protobuf/飘花落叶言楪苏子哲兰世;)Lcom/google/protobuf/compiler/PluginProtos$CodeGeneratorResponse$File$飘花落叶言子楪世苏哲兰;
smali\com\google\protobuf\compiler\PluginProtos$CodeGeneratorResponse$File$飘花落叶言子楪世苏哲兰.smali	1857	.method public mergeGeneratedCodeInfo(Lcom/google/protobuf/DescriptorProtos$GeneratedCodeInfo;)Lcom/google/protobuf/compiler/PluginProtos$CodeGeneratorResponse$File$飘花落叶言子楪世苏哲兰;
smali\com\google\protobuf\compiler\PluginProtos$CodeGeneratorResponse$File$飘花落叶言子楪世苏哲兰.smali	1861	    iget-object v0, p0, Lcom/google/protobuf/compiler/PluginProtos$CodeGeneratorResponse$File$飘花落叶言子楪世苏哲兰;->generatedCodeInfoBuilder_:Lcom/google/protobuf/飘花落叶言世兰子哲苏楪;
smali\com\google\protobuf\compiler\PluginProtos$CodeGeneratorResponse$File$飘花落叶言子楪世苏哲兰.smali	1869	    iget v0, p0, Lcom/google/protobuf/compiler/PluginProtos$CodeGeneratorResponse$File$飘花落叶言子楪世苏哲兰;->bitField0_:I
smali\com\google\protobuf\compiler\PluginProtos$CodeGeneratorResponse$File$飘花落叶言子楪世苏哲兰.smali	1881	    iget-object v0, p0, Lcom/google/protobuf/compiler/PluginProtos$CodeGeneratorResponse$File$飘花落叶言子楪世苏哲兰;->generatedCodeInfo_:Lcom/google/protobuf/DescriptorProtos$GeneratedCodeInfo;
smali\com\google\protobuf\compiler\PluginProtos$CodeGeneratorResponse$File$飘花落叶言子楪世苏哲兰.smali	1901	    invoke-virtual {p0}, Lcom/google/protobuf/compiler/PluginProtos$CodeGeneratorResponse$File$飘花落叶言子楪世苏哲兰;->getGeneratedCodeInfoBuilder()Lcom/google/protobuf/DescriptorProtos$GeneratedCodeInfo$飘花落叶言子楪世苏哲兰;
smali\com\google\protobuf\compiler\PluginProtos$CodeGeneratorResponse$File$飘花落叶言子楪世苏哲兰.smali	1918	    iput-object p1, p0, Lcom/google/protobuf/compiler/PluginProtos$CodeGeneratorResponse$File$飘花落叶言子楪世苏哲兰;->generatedCodeInfo_:Lcom/google/protobuf/DescriptorProtos$GeneratedCodeInfo;
smali\com\google\protobuf\compiler\PluginProtos$CodeGeneratorResponse$File$飘花落叶言子楪世苏哲兰.smali	1932	    iget-object p1, p0, Lcom/google/protobuf/compiler/PluginProtos$CodeGeneratorResponse$File$飘花落叶言子楪世苏哲兰;->generatedCodeInfo_:Lcom/google/protobuf/DescriptorProtos$GeneratedCodeInfo;
smali\com\google\protobuf\compiler\PluginProtos$CodeGeneratorResponse$File$飘花落叶言子楪世苏哲兰.smali	1940	    iget p1, p0, Lcom/google/protobuf/compiler/PluginProtos$CodeGeneratorResponse$File$飘花落叶言子楪世苏哲兰;->bitField0_:I
smali\com\google\protobuf\compiler\PluginProtos$CodeGeneratorResponse$File$飘花落叶言子楪世苏哲兰.smali	1948	    iput p1, p0, Lcom/google/protobuf/compiler/PluginProtos$CodeGeneratorResponse$File$飘花落叶言子楪世苏哲兰;->bitField0_:I
smali\com\google\protobuf\compiler\PluginProtos$CodeGeneratorResponse$File$飘花落叶言子楪世苏哲兰.smali	1961	.method public setContent(Ljava/lang/String;)Lcom/google/protobuf/compiler/PluginProtos$CodeGeneratorResponse$File$飘花落叶言子楪世苏哲兰;
smali\com\google\protobuf\compiler\PluginProtos$CodeGeneratorResponse$File$飘花落叶言子楪世苏哲兰.smali	1970	    iput-object p1, p0, Lcom/google/protobuf/compiler/PluginProtos$CodeGeneratorResponse$File$飘花落叶言子楪世苏哲兰;->content_:Ljava/lang/Object;
smali\com\google\protobuf\compiler\PluginProtos$CodeGeneratorResponse$File$飘花落叶言子楪世苏哲兰.smali	1974	    iget p1, p0, Lcom/google/protobuf/compiler/PluginProtos$CodeGeneratorResponse$File$飘花落叶言子楪世苏哲兰;->bitField0_:I
smali\com\google\protobuf\compiler\PluginProtos$CodeGeneratorResponse$File$飘花落叶言子楪世苏哲兰.smali	1982	    iput p1, p0, Lcom/google/protobuf/compiler/PluginProtos$CodeGeneratorResponse$File$飘花落叶言子楪世苏哲兰;->bitField0_:I
smali\com\google\protobuf\compiler\PluginProtos$CodeGeneratorResponse$File$飘花落叶言子楪世苏哲兰.smali	1994	.method public setContentBytes(Lcom/google/protobuf/ByteString;)Lcom/google/protobuf/compiler/PluginProtos$CodeGeneratorResponse$File$飘花落叶言子楪世苏哲兰;
smali\com\google\protobuf\compiler\PluginProtos$CodeGeneratorResponse$File$飘花落叶言子楪世苏哲兰.smali	2003	    iput-object p1, p0, Lcom/google/protobuf/compiler/PluginProtos$CodeGeneratorResponse$File$飘花落叶言子楪世苏哲兰;->content_:Ljava/lang/Object;
smali\com\google\protobuf\compiler\PluginProtos$CodeGeneratorResponse$File$飘花落叶言子楪世苏哲兰.smali	2007	    iget p1, p0, Lcom/google/protobuf/compiler/PluginProtos$CodeGeneratorResponse$File$飘花落叶言子楪世苏哲兰;->bitField0_:I
smali\com\google\protobuf\compiler\PluginProtos$CodeGeneratorResponse$File$飘花落叶言子楪世苏哲兰.smali	2015	    iput p1, p0, Lcom/google/protobuf/compiler/PluginProtos$CodeGeneratorResponse$File$飘花落叶言子楪世苏哲兰;->bitField0_:I
smali\com\google\protobuf\compiler\PluginProtos$CodeGeneratorResponse$File$飘花落叶言子楪世苏哲兰.smali	2027	.method public setGeneratedCodeInfo(Lcom/google/protobuf/DescriptorProtos$GeneratedCodeInfo$飘花落叶言子楪世苏哲兰;)Lcom/google/protobuf/compiler/PluginProtos$CodeGeneratorResponse$File$飘花落叶言子楪世苏哲兰;
smali\com\google\protobuf\compiler\PluginProtos$CodeGeneratorResponse$File$飘花落叶言子楪世苏哲兰.smali	2031	    iget-object v0, p0, Lcom/google/protobuf/compiler/PluginProtos$CodeGeneratorResponse$File$飘花落叶言子楪世苏哲兰;->generatedCodeInfoBuilder_:Lcom/google/protobuf/飘花落叶言世兰子哲苏楪;
smali\com\google\protobuf\compiler\PluginProtos$CodeGeneratorResponse$File$飘花落叶言子楪世苏哲兰.smali	2047	    iput-object p1, p0, Lcom/google/protobuf/compiler/PluginProtos$CodeGeneratorResponse$File$飘花落叶言子楪世苏哲兰;->generatedCodeInfo_:Lcom/google/protobuf/DescriptorProtos$GeneratedCodeInfo;
smali\com\google\protobuf\compiler\PluginProtos$CodeGeneratorResponse$File$飘花落叶言子楪世苏哲兰.smali	2069	    iget p1, p0, Lcom/google/protobuf/compiler/PluginProtos$CodeGeneratorResponse$File$飘花落叶言子楪世苏哲兰;->bitField0_:I
smali\com\google\protobuf\compiler\PluginProtos$CodeGeneratorResponse$File$飘花落叶言子楪世苏哲兰.smali	2077	    iput p1, p0, Lcom/google/protobuf/compiler/PluginProtos$CodeGeneratorResponse$File$飘花落叶言子楪世苏哲兰;->bitField0_:I
smali\com\google\protobuf\compiler\PluginProtos$CodeGeneratorResponse$File$飘花落叶言子楪世苏哲兰.smali	2089	.method public setGeneratedCodeInfo(Lcom/google/protobuf/DescriptorProtos$GeneratedCodeInfo;)Lcom/google/protobuf/compiler/PluginProtos$CodeGeneratorResponse$File$飘花落叶言子楪世苏哲兰;
smali\com\google\protobuf\compiler\PluginProtos$CodeGeneratorResponse$File$飘花落叶言子楪世苏哲兰.smali	2093	    iget-object v0, p0, Lcom/google/protobuf/compiler/PluginProtos$CodeGeneratorResponse$File$飘花落叶言子楪世苏哲兰;->generatedCodeInfoBuilder_:Lcom/google/protobuf/飘花落叶言世兰子哲苏楪;
smali\com\google\protobuf\compiler\PluginProtos$CodeGeneratorResponse$File$飘花落叶言子楪世苏哲兰.smali	2101	    iput-object p1, p0, Lcom/google/protobuf/compiler/PluginProtos$CodeGeneratorResponse$File$飘花落叶言子楪世苏哲兰;->generatedCodeInfo_:Lcom/google/protobuf/DescriptorProtos$GeneratedCodeInfo;
smali\com\google\protobuf\compiler\PluginProtos$CodeGeneratorResponse$File$飘花落叶言子楪世苏哲兰.smali	2111	    iget p1, p0, Lcom/google/protobuf/compiler/PluginProtos$CodeGeneratorResponse$File$飘花落叶言子楪世苏哲兰;->bitField0_:I
smali\com\google\protobuf\compiler\PluginProtos$CodeGeneratorResponse$File$飘花落叶言子楪世苏哲兰.smali	2115	    iput p1, p0, Lcom/google/protobuf/compiler/PluginProtos$CodeGeneratorResponse$File$飘花落叶言子楪世苏哲兰;->bitField0_:I
smali\com\google\protobuf\compiler\PluginProtos$CodeGeneratorResponse$File$飘花落叶言子楪世苏哲兰.smali	2123	.method public setInsertionPoint(Ljava/lang/String;)Lcom/google/protobuf/compiler/PluginProtos$CodeGeneratorResponse$File$飘花落叶言子楪世苏哲兰;
smali\com\google\protobuf\compiler\PluginProtos$CodeGeneratorResponse$File$飘花落叶言子楪世苏哲兰.smali	2132	    iput-object p1, p0, Lcom/google/protobuf/compiler/PluginProtos$CodeGeneratorResponse$File$飘花落叶言子楪世苏哲兰;->insertionPoint_:Ljava/lang/Object;
smali\com\google\protobuf\compiler\PluginProtos$CodeGeneratorResponse$File$飘花落叶言子楪世苏哲兰.smali	2136	    iget p1, p0, Lcom/google/protobuf/compiler/PluginProtos$CodeGeneratorResponse$File$飘花落叶言子楪世苏哲兰;->bitField0_:I
smali\com\google\protobuf\compiler\PluginProtos$CodeGeneratorResponse$File$飘花落叶言子楪世苏哲兰.smali	2144	    iput p1, p0, Lcom/google/protobuf/compiler/PluginProtos$CodeGeneratorResponse$File$飘花落叶言子楪世苏哲兰;->bitField0_:I
smali\com\google\protobuf\compiler\PluginProtos$CodeGeneratorResponse$File$飘花落叶言子楪世苏哲兰.smali	2156	.method public setInsertionPointBytes(Lcom/google/protobuf/ByteString;)Lcom/google/protobuf/compiler/PluginProtos$CodeGeneratorResponse$File$飘花落叶言子楪世苏哲兰;
smali\com\google\protobuf\compiler\PluginProtos$CodeGeneratorResponse$File$飘花落叶言子楪世苏哲兰.smali	2165	    iput-object p1, p0, Lcom/google/protobuf/compiler/PluginProtos$CodeGeneratorResponse$File$飘花落叶言子楪世苏哲兰;->insertionPoint_:Ljava/lang/Object;
smali\com\google\protobuf\compiler\PluginProtos$CodeGeneratorResponse$File$飘花落叶言子楪世苏哲兰.smali	2169	    iget p1, p0, Lcom/google/protobuf/compiler/PluginProtos$CodeGeneratorResponse$File$飘花落叶言子楪世苏哲兰;->bitField0_:I
smali\com\google\protobuf\compiler\PluginProtos$CodeGeneratorResponse$File$飘花落叶言子楪世苏哲兰.smali	2177	    iput p1, p0, Lcom/google/protobuf/compiler/PluginProtos$CodeGeneratorResponse$File$飘花落叶言子楪世苏哲兰;->bitField0_:I
smali\com\google\protobuf\compiler\PluginProtos$CodeGeneratorResponse$File$飘花落叶言子楪世苏哲兰.smali	2189	.method public setName(Ljava/lang/String;)Lcom/google/protobuf/compiler/PluginProtos$CodeGeneratorResponse$File$飘花落叶言子楪世苏哲兰;
smali\com\google\protobuf\compiler\PluginProtos$CodeGeneratorResponse$File$飘花落叶言子楪世苏哲兰.smali	2198	    iput-object p1, p0, Lcom/google/protobuf/compiler/PluginProtos$CodeGeneratorResponse$File$飘花落叶言子楪世苏哲兰;->name_:Ljava/lang/Object;
smali\com\google\protobuf\compiler\PluginProtos$CodeGeneratorResponse$File$飘花落叶言子楪世苏哲兰.smali	2202	    iget p1, p0, Lcom/google/protobuf/compiler/PluginProtos$CodeGeneratorResponse$File$飘花落叶言子楪世苏哲兰;->bitField0_:I
smali\com\google\protobuf\compiler\PluginProtos$CodeGeneratorResponse$File$飘花落叶言子楪世苏哲兰.smali	2210	    iput p1, p0, Lcom/google/protobuf/compiler/PluginProtos$CodeGeneratorResponse$File$飘花落叶言子楪世苏哲兰;->bitField0_:I
smali\com\google\protobuf\compiler\PluginProtos$CodeGeneratorResponse$File$飘花落叶言子楪世苏哲兰.smali	2222	.method public setNameBytes(Lcom/google/protobuf/ByteString;)Lcom/google/protobuf/compiler/PluginProtos$CodeGeneratorResponse$File$飘花落叶言子楪世苏哲兰;
smali\com\google\protobuf\compiler\PluginProtos$CodeGeneratorResponse$File$飘花落叶言子楪世苏哲兰.smali	2231	    iput-object p1, p0, Lcom/google/protobuf/compiler/PluginProtos$CodeGeneratorResponse$File$飘花落叶言子楪世苏哲兰;->name_:Ljava/lang/Object;
smali\com\google\protobuf\compiler\PluginProtos$CodeGeneratorResponse$File$飘花落叶言子楪世苏哲兰.smali	2235	    iget p1, p0, Lcom/google/protobuf/compiler/PluginProtos$CodeGeneratorResponse$File$飘花落叶言子楪世苏哲兰;->bitField0_:I
smali\com\google\protobuf\compiler\PluginProtos$CodeGeneratorResponse$File$飘花落叶言子楪世苏哲兰.smali	2243	    iput p1, p0, Lcom/google/protobuf/compiler/PluginProtos$CodeGeneratorResponse$File$飘花落叶言子楪世苏哲兰;->bitField0_:I
smali\com\google\protobuf\compiler\PluginProtos$CodeGeneratorResponse$File.smali	1	.class public final Lcom/google/protobuf/compiler/PluginProtos$CodeGeneratorResponse$File;
smali\com\google\protobuf\compiler\PluginProtos$CodeGeneratorResponse$File.smali	11	    value = Lcom/google/protobuf/compiler/PluginProtos$CodeGeneratorResponse;
smali\com\google\protobuf\compiler\PluginProtos$CodeGeneratorResponse$File.smali	21	        Lcom/google/protobuf/compiler/PluginProtos$CodeGeneratorResponse$File$飘花落叶言子楪世苏哲兰;
smali\com\google\protobuf\compiler\PluginProtos$CodeGeneratorResponse$File.smali	29	.field private static final DEFAULT_INSTANCE:Lcom/google/protobuf/compiler/PluginProtos$CodeGeneratorResponse$File;
smali\com\google\protobuf\compiler\PluginProtos$CodeGeneratorResponse$File.smali	80	    new-instance v0, Lcom/google/protobuf/compiler/PluginProtos$CodeGeneratorResponse$File;
smali\com\google\protobuf\compiler\PluginProtos$CodeGeneratorResponse$File.smali	84	    invoke-direct {v0}, Lcom/google/protobuf/compiler/PluginProtos$CodeGeneratorResponse$File;-><init>()V
smali\com\google\protobuf\compiler\PluginProtos$CodeGeneratorResponse$File.smali	89	    sput-object v0, Lcom/google/protobuf/compiler/PluginProtos$CodeGeneratorResponse$File;->DEFAULT_INSTANCE:Lcom/google/protobuf/compiler/PluginProtos$CodeGeneratorResponse$File;
smali\com\google\protobuf\compiler\PluginProtos$CodeGeneratorResponse$File.smali	102	    sput-object v0, Lcom/google/protobuf/compiler/PluginProtos$CodeGeneratorResponse$File;->PARSER:Lcom/google/protobuf/飘花落叶言世哲楪苏兰子;
smali\com\google\protobuf\compiler\PluginProtos$CodeGeneratorResponse$File.smali	122	    iput-object v0, p0, Lcom/google/protobuf/compiler/PluginProtos$CodeGeneratorResponse$File;->name_:Ljava/lang/Object;
smali\com\google\protobuf\compiler\PluginProtos$CodeGeneratorResponse$File.smali	126	    iput-object v0, p0, Lcom/google/protobuf/compiler/PluginProtos$CodeGeneratorResponse$File;->insertionPoint_:Ljava/lang/Object;
smali\com\google\protobuf\compiler\PluginProtos$CodeGeneratorResponse$File.smali	130	    iput-object v0, p0, Lcom/google/protobuf/compiler/PluginProtos$CodeGeneratorResponse$File;->content_:Ljava/lang/Object;
smali\com\google\protobuf\compiler\PluginProtos$CodeGeneratorResponse$File.smali	137	    iput-byte v1, p0, Lcom/google/protobuf/compiler/PluginProtos$CodeGeneratorResponse$File;->memoizedIsInitialized:B
smali\com\google\protobuf\compiler\PluginProtos$CodeGeneratorResponse$File.smali	141	    iput-object v0, p0, Lcom/google/protobuf/compiler/PluginProtos$CodeGeneratorResponse$File;->name_:Ljava/lang/Object;
smali\com\google\protobuf\compiler\PluginProtos$CodeGeneratorResponse$File.smali	145	    iput-object v0, p0, Lcom/google/protobuf/compiler/PluginProtos$CodeGeneratorResponse$File;->insertionPoint_:Ljava/lang/Object;
smali\com\google\protobuf\compiler\PluginProtos$CodeGeneratorResponse$File.smali	149	    iput-object v0, p0, Lcom/google/protobuf/compiler/PluginProtos$CodeGeneratorResponse$File;->content_:Ljava/lang/Object;
smali\com\google\protobuf\compiler\PluginProtos$CodeGeneratorResponse$File.smali	172	    iput-object p1, p0, Lcom/google/protobuf/compiler/PluginProtos$CodeGeneratorResponse$File;->name_:Ljava/lang/Object;
smali\com\google\protobuf\compiler\PluginProtos$CodeGeneratorResponse$File.smali	175	    iput-object p1, p0, Lcom/google/protobuf/compiler/PluginProtos$CodeGeneratorResponse$File;->insertionPoint_:Ljava/lang/Object;
smali\com\google\protobuf\compiler\PluginProtos$CodeGeneratorResponse$File.smali	178	    iput-object p1, p0, Lcom/google/protobuf/compiler/PluginProtos$CodeGeneratorResponse$File;->content_:Ljava/lang/Object;
smali\com\google\protobuf\compiler\PluginProtos$CodeGeneratorResponse$File.smali	183	    iput-byte p1, p0, Lcom/google/protobuf/compiler/PluginProtos$CodeGeneratorResponse$File;->memoizedIsInitialized:B
smali\com\google\protobuf\compiler\PluginProtos$CodeGeneratorResponse$File.smali	192	    invoke-direct {p0, p1}, Lcom/google/protobuf/compiler/PluginProtos$CodeGeneratorResponse$File;-><init>(Lcom/google/protobuf/GeneratedMessage$飘花落叶言子楪世苏哲兰;)V
smali\com\google\protobuf\compiler\PluginProtos$CodeGeneratorResponse$File.smali	208	.method public static synthetic access$3200(Lcom/google/protobuf/compiler/PluginProtos$CodeGeneratorResponse$File;)Ljava/lang/Object;
smali\com\google\protobuf\compiler\PluginProtos$CodeGeneratorResponse$File.smali	212	    iget-object p0, p0, Lcom/google/protobuf/compiler/PluginProtos$CodeGeneratorResponse$File;->name_:Ljava/lang/Object;
smali\com\google\protobuf\compiler\PluginProtos$CodeGeneratorResponse$File.smali	219	.method public static synthetic access$3202(Lcom/google/protobuf/compiler/PluginProtos$CodeGeneratorResponse$File;Ljava/lang/Object;)Ljava/lang/Object;
smali\com\google\protobuf\compiler\PluginProtos$CodeGeneratorResponse$File.smali	223	    iput-object p1, p0, Lcom/google/protobuf/compiler/PluginProtos$CodeGeneratorResponse$File;->name_:Ljava/lang/Object;
smali\com\google\protobuf\compiler\PluginProtos$CodeGeneratorResponse$File.smali	230	.method public static synthetic access$3300(Lcom/google/protobuf/compiler/PluginProtos$CodeGeneratorResponse$File;)Ljava/lang/Object;
smali\com\google\protobuf\compiler\PluginProtos$CodeGeneratorResponse$File.smali	234	    iget-object p0, p0, Lcom/google/protobuf/compiler/PluginProtos$CodeGeneratorResponse$File;->insertionPoint_:Ljava/lang/Object;
smali\com\google\protobuf\compiler\PluginProtos$CodeGeneratorResponse$File.smali	241	.method public static synthetic access$3302(Lcom/google/protobuf/compiler/PluginProtos$CodeGeneratorResponse$File;Ljava/lang/Object;)Ljava/lang/Object;
smali\com\google\protobuf\compiler\PluginProtos$CodeGeneratorResponse$File.smali	245	    iput-object p1, p0, Lcom/google/protobuf/compiler/PluginProtos$CodeGeneratorResponse$File;->insertionPoint_:Ljava/lang/Object;
smali\com\google\protobuf\compiler\PluginProtos$CodeGeneratorResponse$File.smali	252	.method public static synthetic access$3400(Lcom/google/protobuf/compiler/PluginProtos$CodeGeneratorResponse$File;)Ljava/lang/Object;
smali\com\google\protobuf\compiler\PluginProtos$CodeGeneratorResponse$File.smali	256	    iget-object p0, p0, Lcom/google/protobuf/compiler/PluginProtos$CodeGeneratorResponse$File;->content_:Ljava/lang/Object;
smali\com\google\protobuf\compiler\PluginProtos$CodeGeneratorResponse$File.smali	263	.method public static synthetic access$3402(Lcom/google/protobuf/compiler/PluginProtos$CodeGeneratorResponse$File;Ljava/lang/Object;)Ljava/lang/Object;
smali\com\google\protobuf\compiler\PluginProtos$CodeGeneratorResponse$File.smali	267	    iput-object p1, p0, Lcom/google/protobuf/compiler/PluginProtos$CodeGeneratorResponse$File;->content_:Ljava/lang/Object;
smali\com\google\protobuf\compiler\PluginProtos$CodeGeneratorResponse$File.smali	274	.method public static synthetic access$3502(Lcom/google/protobuf/compiler/PluginProtos$CodeGeneratorResponse$File;Lcom/google/protobuf/DescriptorProtos$GeneratedCodeInfo;)Lcom/google/protobuf/DescriptorProtos$GeneratedCodeInfo;
smali\com\google\protobuf\compiler\PluginProtos$CodeGeneratorResponse$File.smali	278	    iput-object p1, p0, Lcom/google/protobuf/compiler/PluginProtos$CodeGeneratorResponse$File;->generatedCodeInfo_:Lcom/google/protobuf/DescriptorProtos$GeneratedCodeInfo;
smali\com\google\protobuf\compiler\PluginProtos$CodeGeneratorResponse$File.smali	285	.method public static synthetic access$3676(Lcom/google/protobuf/compiler/PluginProtos$CodeGeneratorResponse$File;I)I
smali\com\google\protobuf\compiler\PluginProtos$CodeGeneratorResponse$File.smali	289	    iget v0, p0, Lcom/google/protobuf/compiler/PluginProtos$CodeGeneratorResponse$File;->bitField0_:I
smali\com\google\protobuf\compiler\PluginProtos$CodeGeneratorResponse$File.smali	296	    iput p1, p0, Lcom/google/protobuf/compiler/PluginProtos$CodeGeneratorResponse$File;->bitField0_:I
smali\com\google\protobuf\compiler\PluginProtos$CodeGeneratorResponse$File.smali	307	    iget v0, p0, Lcom/google/protobuf/compiler/PluginProtos$CodeGeneratorResponse$File;->bitField0_:I
smali\com\google\protobuf\compiler\PluginProtos$CodeGeneratorResponse$File.smali	321	    iget-object v0, p0, Lcom/google/protobuf/compiler/PluginProtos$CodeGeneratorResponse$File;->name_:Ljava/lang/Object;
smali\com\google\protobuf\compiler\PluginProtos$CodeGeneratorResponse$File.smali	341	    iget v1, p0, Lcom/google/protobuf/compiler/PluginProtos$CodeGeneratorResponse$File;->bitField0_:I
smali\com\google\protobuf\compiler\PluginProtos$CodeGeneratorResponse$File.smali	355	    iget-object v1, p0, Lcom/google/protobuf/compiler/PluginProtos$CodeGeneratorResponse$File;->insertionPoint_:Ljava/lang/Object;
smali\com\google\protobuf\compiler\PluginProtos$CodeGeneratorResponse$File.smali	371	    iget v1, p0, Lcom/google/protobuf/compiler/PluginProtos$CodeGeneratorResponse$File;->bitField0_:I
smali\com\google\protobuf\compiler\PluginProtos$CodeGeneratorResponse$File.smali	387	    iget-object v2, p0, Lcom/google/protobuf/compiler/PluginProtos$CodeGeneratorResponse$File;->content_:Ljava/lang/Object;
smali\com\google\protobuf\compiler\PluginProtos$CodeGeneratorResponse$File.smali	403	    iget v1, p0, Lcom/google/protobuf/compiler/PluginProtos$CodeGeneratorResponse$File;->bitField0_:I
smali\com\google\protobuf\compiler\PluginProtos$CodeGeneratorResponse$File.smali	419	    invoke-virtual {p0}, Lcom/google/protobuf/compiler/PluginProtos$CodeGeneratorResponse$File;->getGeneratedCodeInfo()Lcom/google/protobuf/DescriptorProtos$GeneratedCodeInfo;
smali\com\google\protobuf\compiler\PluginProtos$CodeGeneratorResponse$File.smali	445	.method public static getDefaultInstance()Lcom/google/protobuf/compiler/PluginProtos$CodeGeneratorResponse$File;
smali\com\google\protobuf\compiler\PluginProtos$CodeGeneratorResponse$File.smali	449	    sget-object v0, Lcom/google/protobuf/compiler/PluginProtos$CodeGeneratorResponse$File;->DEFAULT_INSTANCE:Lcom/google/protobuf/compiler/PluginProtos$CodeGeneratorResponse$File;
smali\com\google\protobuf\compiler\PluginProtos$CodeGeneratorResponse$File.smali	467	.method public static newBuilder()Lcom/google/protobuf/compiler/PluginProtos$CodeGeneratorResponse$File$飘花落叶言子楪世苏哲兰;
smali\com\google\protobuf\compiler\PluginProtos$CodeGeneratorResponse$File.smali	471	    sget-object v0, Lcom/google/protobuf/compiler/PluginProtos$CodeGeneratorResponse$File;->DEFAULT_INSTANCE:Lcom/google/protobuf/compiler/PluginProtos$CodeGeneratorResponse$File;
smali\com\google\protobuf\compiler\PluginProtos$CodeGeneratorResponse$File.smali	473	    invoke-virtual {v0}, Lcom/google/protobuf/compiler/PluginProtos$CodeGeneratorResponse$File;->toBuilder()Lcom/google/protobuf/compiler/PluginProtos$CodeGeneratorResponse$File$飘花落叶言子楪世苏哲兰;
smali\com\google\protobuf\compiler\PluginProtos$CodeGeneratorResponse$File.smali	480	.method public static newBuilder(Lcom/google/protobuf/compiler/PluginProtos$CodeGeneratorResponse$File;)Lcom/google/protobuf/compiler/PluginProtos$CodeGeneratorResponse$File$飘花落叶言子楪世苏哲兰;
smali\com\google\protobuf\compiler\PluginProtos$CodeGeneratorResponse$File.smali	484	    sget-object v0, Lcom/google/protobuf/compiler/PluginProtos$CodeGeneratorResponse$File;->DEFAULT_INSTANCE:Lcom/google/protobuf/compiler/PluginProtos$CodeGeneratorResponse$File;
smali\com\google\protobuf\compiler\PluginProtos$CodeGeneratorResponse$File.smali	488	    invoke-virtual {v0}, Lcom/google/protobuf/compiler/PluginProtos$CodeGeneratorResponse$File;->toBuilder()Lcom/google/protobuf/compiler/PluginProtos$CodeGeneratorResponse$File$飘花落叶言子楪世苏哲兰;
smali\com\google\protobuf\compiler\PluginProtos$CodeGeneratorResponse$File.smali	496	    invoke-virtual {v0, p0}, Lcom/google/protobuf/compiler/PluginProtos$CodeGeneratorResponse$File$飘花落叶言子楪世苏哲兰;->mergeFrom(Lcom/google/protobuf/compiler/PluginProtos$CodeGeneratorResponse$File;)Lcom/google/protobuf/compiler/PluginProtos$CodeGeneratorResponse$File$飘花落叶言子楪世苏哲兰;
smali\com\google\protobuf\compiler\PluginProtos$CodeGeneratorResponse$File.smali	507	.method public static parseDelimitedFrom(Ljava/io/InputStream;)Lcom/google/protobuf/compiler/PluginProtos$CodeGeneratorResponse$File;
smali\com\google\protobuf\compiler\PluginProtos$CodeGeneratorResponse$File.smali	511	    sget-object v0, Lcom/google/protobuf/compiler/PluginProtos$CodeGeneratorResponse$File;->PARSER:Lcom/google/protobuf/飘花落叶言世哲楪苏兰子;
smali\com\google\protobuf\compiler\PluginProtos$CodeGeneratorResponse$File.smali	523	    check-cast p0, Lcom/google/protobuf/compiler/PluginProtos$CodeGeneratorResponse$File;
smali\com\google\protobuf\compiler\PluginProtos$CodeGeneratorResponse$File.smali	530	.method public static parseDelimitedFrom(Ljava/io/InputStream;Lcom/google/protobuf/飘花落叶言楪苏子哲兰世;)Lcom/google/protobuf/compiler/PluginProtos$CodeGeneratorResponse$File;
smali\com\google\protobuf\compiler\PluginProtos$CodeGeneratorResponse$File.smali	534	    sget-object v0, Lcom/google/protobuf/compiler/PluginProtos$CodeGeneratorResponse$File;->PARSER:Lcom/google/protobuf/飘花落叶言世哲楪苏兰子;
smali\com\google\protobuf\compiler\PluginProtos$CodeGeneratorResponse$File.smali	541	    check-cast p0, Lcom/google/protobuf/compiler/PluginProtos$CodeGeneratorResponse$File;
smali\com\google\protobuf\compiler\PluginProtos$CodeGeneratorResponse$File.smali	546	.method public static parseFrom(Lcom/google/protobuf/ByteString;)Lcom/google/protobuf/compiler/PluginProtos$CodeGeneratorResponse$File;
smali\com\google\protobuf\compiler\PluginProtos$CodeGeneratorResponse$File.smali	550	    sget-object v0, Lcom/google/protobuf/compiler/PluginProtos$CodeGeneratorResponse$File;->PARSER:Lcom/google/protobuf/飘花落叶言世哲楪苏兰子;
smali\com\google\protobuf\compiler\PluginProtos$CodeGeneratorResponse$File.smali	563	    check-cast p0, Lcom/google/protobuf/compiler/PluginProtos$CodeGeneratorResponse$File;
smali\com\google\protobuf\compiler\PluginProtos$CodeGeneratorResponse$File.smali	568	.method public static parseFrom(Lcom/google/protobuf/ByteString;Lcom/google/protobuf/飘花落叶言楪苏子哲兰世;)Lcom/google/protobuf/compiler/PluginProtos$CodeGeneratorResponse$File;
smali\com\google\protobuf\compiler\PluginProtos$CodeGeneratorResponse$File.smali	572	    sget-object v0, Lcom/google/protobuf/compiler/PluginProtos$CodeGeneratorResponse$File;->PARSER:Lcom/google/protobuf/飘花落叶言世哲楪苏兰子;
smali\com\google\protobuf\compiler\PluginProtos$CodeGeneratorResponse$File.smali	582	    check-cast p0, Lcom/google/protobuf/compiler/PluginProtos$CodeGeneratorResponse$File;
smali\com\google\protobuf\compiler\PluginProtos$CodeGeneratorResponse$File.smali	587	.method public static parseFrom(Lcom/google/protobuf/飘花落叶言子世苏兰哲楪;)Lcom/google/protobuf/compiler/PluginProtos$CodeGeneratorResponse$File;
smali\com\google\protobuf\compiler\PluginProtos$CodeGeneratorResponse$File.smali	591	    sget-object v0, Lcom/google/protobuf/compiler/PluginProtos$CodeGeneratorResponse$File;->PARSER:Lcom/google/protobuf/飘花落叶言世哲楪苏兰子;
smali\com\google\protobuf\compiler\PluginProtos$CodeGeneratorResponse$File.smali	598	    check-cast p0, Lcom/google/protobuf/compiler/PluginProtos$CodeGeneratorResponse$File;
smali\com\google\protobuf\compiler\PluginProtos$CodeGeneratorResponse$File.smali	603	.method public static parseFrom(Lcom/google/protobuf/飘花落叶言子世苏兰哲楪;Lcom/google/protobuf/飘花落叶言楪苏子哲兰世;)Lcom/google/protobuf/compiler/PluginProtos$CodeGeneratorResponse$File;
smali\com\google\protobuf\compiler\PluginProtos$CodeGeneratorResponse$File.smali	607	    sget-object v0, Lcom/google/protobuf/compiler/PluginProtos$CodeGeneratorResponse$File;->PARSER:Lcom/google/protobuf/飘花落叶言世哲楪苏兰子;
smali\com\google\protobuf\compiler\PluginProtos$CodeGeneratorResponse$File.smali	614	    check-cast p0, Lcom/google/protobuf/compiler/PluginProtos$CodeGeneratorResponse$File;
smali\com\google\protobuf\compiler\PluginProtos$CodeGeneratorResponse$File.smali	619	.method public static parseFrom(Ljava/io/InputStream;)Lcom/google/protobuf/compiler/PluginProtos$CodeGeneratorResponse$File;
smali\com\google\protobuf\compiler\PluginProtos$CodeGeneratorResponse$File.smali	623	    sget-object v0, Lcom/google/protobuf/compiler/PluginProtos$CodeGeneratorResponse$File;->PARSER:Lcom/google/protobuf/飘花落叶言世哲楪苏兰子;
smali\com\google\protobuf\compiler\PluginProtos$CodeGeneratorResponse$File.smali	630	    check-cast p0, Lcom/google/protobuf/compiler/PluginProtos$CodeGeneratorResponse$File;
smali\com\google\protobuf\compiler\PluginProtos$CodeGeneratorResponse$File.smali	635	.method public static parseFrom(Ljava/io/InputStream;Lcom/google/protobuf/飘花落叶言楪苏子哲兰世;)Lcom/google/protobuf/compiler/PluginProtos$CodeGeneratorResponse$File;
smali\com\google\protobuf\compiler\PluginProtos$CodeGeneratorResponse$File.smali	639	    sget-object v0, Lcom/google/protobuf/compiler/PluginProtos$CodeGeneratorResponse$File;->PARSER:Lcom/google/protobuf/飘花落叶言世哲楪苏兰子;
smali\com\google\protobuf\compiler\PluginProtos$CodeGeneratorResponse$File.smali	646	    check-cast p0, Lcom/google/protobuf/compiler/PluginProtos$CodeGeneratorResponse$File;
smali\com\google\protobuf\compiler\PluginProtos$CodeGeneratorResponse$File.smali	651	.method public static parseFrom(Ljava/nio/ByteBuffer;)Lcom/google/protobuf/compiler/PluginProtos$CodeGeneratorResponse$File;
smali\com\google\protobuf\compiler\PluginProtos$CodeGeneratorResponse$File.smali	655	    sget-object v0, Lcom/google/protobuf/compiler/PluginProtos$CodeGeneratorResponse$File;->PARSER:Lcom/google/protobuf/飘花落叶言世哲楪苏兰子;
smali\com\google\protobuf\compiler\PluginProtos$CodeGeneratorResponse$File.smali	675	    check-cast p0, Lcom/google/protobuf/compiler/PluginProtos$CodeGeneratorResponse$File;
smali\com\google\protobuf\compiler\PluginProtos$CodeGeneratorResponse$File.smali	682	.method public static parseFrom(Ljava/nio/ByteBuffer;Lcom/google/protobuf/飘花落叶言楪苏子哲兰世;)Lcom/google/protobuf/compiler/PluginProtos$CodeGeneratorResponse$File;
smali\com\google\protobuf\compiler\PluginProtos$CodeGeneratorResponse$File.smali	686	    sget-object v0, Lcom/google/protobuf/compiler/PluginProtos$CodeGeneratorResponse$File;->PARSER:Lcom/google/protobuf/飘花落叶言世哲楪苏兰子;
smali\com\google\protobuf\compiler\PluginProtos$CodeGeneratorResponse$File.smali	696	    check-cast p0, Lcom/google/protobuf/compiler/PluginProtos$CodeGeneratorResponse$File;
smali\com\google\protobuf\compiler\PluginProtos$CodeGeneratorResponse$File.smali	701	.method public static parseFrom([B)Lcom/google/protobuf/compiler/PluginProtos$CodeGeneratorResponse$File;
smali\com\google\protobuf\compiler\PluginProtos$CodeGeneratorResponse$File.smali	705	    sget-object v0, Lcom/google/protobuf/compiler/PluginProtos$CodeGeneratorResponse$File;->PARSER:Lcom/google/protobuf/飘花落叶言世哲楪苏兰子;
smali\com\google\protobuf\compiler\PluginProtos$CodeGeneratorResponse$File.smali	718	    check-cast p0, Lcom/google/protobuf/compiler/PluginProtos$CodeGeneratorResponse$File;
smali\com\google\protobuf\compiler\PluginProtos$CodeGeneratorResponse$File.smali	723	.method public static parseFrom([BLcom/google/protobuf/飘花落叶言楪苏子哲兰世;)Lcom/google/protobuf/compiler/PluginProtos$CodeGeneratorResponse$File;
smali\com\google\protobuf\compiler\PluginProtos$CodeGeneratorResponse$File.smali	727	    sget-object v0, Lcom/google/protobuf/compiler/PluginProtos$CodeGeneratorResponse$File;->PARSER:Lcom/google/protobuf/飘花落叶言世哲楪苏兰子;
smali\com\google\protobuf\compiler\PluginProtos$CodeGeneratorResponse$File.smali	737	    check-cast p0, Lcom/google/protobuf/compiler/PluginProtos$CodeGeneratorResponse$File;
smali\com\google\protobuf\compiler\PluginProtos$CodeGeneratorResponse$File.smali	752	    sget-object v0, Lcom/google/protobuf/compiler/PluginProtos$CodeGeneratorResponse$File;->PARSER:Lcom/google/protobuf/飘花落叶言世哲楪苏兰子;
smali\com\google\protobuf\compiler\PluginProtos$CodeGeneratorResponse$File.smali	776	    instance-of v1, p1, Lcom/google/protobuf/compiler/PluginProtos$CodeGeneratorResponse$File;
smali\com\google\protobuf\compiler\PluginProtos$CodeGeneratorResponse$File.smali	796	    check-cast p1, Lcom/google/protobuf/compiler/PluginProtos$CodeGeneratorResponse$File;
smali\com\google\protobuf\compiler\PluginProtos$CodeGeneratorResponse$File.smali	800	    invoke-virtual {p0}, Lcom/google/protobuf/compiler/PluginProtos$CodeGeneratorResponse$File;->hasName()Z
smali\com\google\protobuf\compiler\PluginProtos$CodeGeneratorResponse$File.smali	808	    invoke-virtual {p1}, Lcom/google/protobuf/compiler/PluginProtos$CodeGeneratorResponse$File;->hasName()Z
smali\com\google\protobuf\compiler\PluginProtos$CodeGeneratorResponse$File.smali	827	    invoke-virtual {p0}, Lcom/google/protobuf/compiler/PluginProtos$CodeGeneratorResponse$File;->hasName()Z
smali\com\google\protobuf\compiler\PluginProtos$CodeGeneratorResponse$File.smali	839	    invoke-virtual {p0}, Lcom/google/protobuf/compiler/PluginProtos$CodeGeneratorResponse$File;->getName()Ljava/lang/String;
smali\com\google\protobuf\compiler\PluginProtos$CodeGeneratorResponse$File.smali	847	    invoke-virtual {p1}, Lcom/google/protobuf/compiler/PluginProtos$CodeGeneratorResponse$File;->getName()Ljava/lang/String;
smali\com\google\protobuf\compiler\PluginProtos$CodeGeneratorResponse$File.smali	871	    invoke-virtual {p0}, Lcom/google/protobuf/compiler/PluginProtos$CodeGeneratorResponse$File;->hasInsertionPoint()Z
smali\com\google\protobuf\compiler\PluginProtos$CodeGeneratorResponse$File.smali	879	    invoke-virtual {p1}, Lcom/google/protobuf/compiler/PluginProtos$CodeGeneratorResponse$File;->hasInsertionPoint()Z
smali\com\google\protobuf\compiler\PluginProtos$CodeGeneratorResponse$File.smali	895	    invoke-virtual {p0}, Lcom/google/protobuf/compiler/PluginProtos$CodeGeneratorResponse$File;->hasInsertionPoint()Z
smali\com\google\protobuf\compiler\PluginProtos$CodeGeneratorResponse$File.smali	907	    invoke-virtual {p0}, Lcom/google/protobuf/compiler/PluginProtos$CodeGeneratorResponse$File;->getInsertionPoint()Ljava/lang/String;
smali\com\google\protobuf\compiler\PluginProtos$CodeGeneratorResponse$File.smali	915	    invoke-virtual {p1}, Lcom/google/protobuf/compiler/PluginProtos$CodeGeneratorResponse$File;->getInsertionPoint()Ljava/lang/String;
smali\com\google\protobuf\compiler\PluginProtos$CodeGeneratorResponse$File.smali	939	    invoke-virtual {p0}, Lcom/google/protobuf/compiler/PluginProtos$CodeGeneratorResponse$File;->hasContent()Z
smali\com\google\protobuf\compiler\PluginProtos$CodeGeneratorResponse$File.smali	947	    invoke-virtual {p1}, Lcom/google/protobuf/compiler/PluginProtos$CodeGeneratorResponse$File;->hasContent()Z
smali\com\google\protobuf\compiler\PluginProtos$CodeGeneratorResponse$File.smali	963	    invoke-virtual {p0}, Lcom/google/protobuf/compiler/PluginProtos$CodeGeneratorResponse$File;->hasContent()Z
smali\com\google\protobuf\compiler\PluginProtos$CodeGeneratorResponse$File.smali	975	    invoke-virtual {p0}, Lcom/google/protobuf/compiler/PluginProtos$CodeGeneratorResponse$File;->getContent()Ljava/lang/String;
smali\com\google\protobuf\compiler\PluginProtos$CodeGeneratorResponse$File.smali	983	    invoke-virtual {p1}, Lcom/google/protobuf/compiler/PluginProtos$CodeGeneratorResponse$File;->getContent()Ljava/lang/String;
smali\com\google\protobuf\compiler\PluginProtos$CodeGeneratorResponse$File.smali	1007	    invoke-virtual {p0}, Lcom/google/protobuf/compiler/PluginProtos$CodeGeneratorResponse$File;->hasGeneratedCodeInfo()Z
smali\com\google\protobuf\compiler\PluginProtos$CodeGeneratorResponse$File.smali	1015	    invoke-virtual {p1}, Lcom/google/protobuf/compiler/PluginProtos$CodeGeneratorResponse$File;->hasGeneratedCodeInfo()Z
smali\com\google\protobuf\compiler\PluginProtos$CodeGeneratorResponse$File.smali	1031	    invoke-virtual {p0}, Lcom/google/protobuf/compiler/PluginProtos$CodeGeneratorResponse$File;->hasGeneratedCodeInfo()Z
smali\com\google\protobuf\compiler\PluginProtos$CodeGeneratorResponse$File.smali	1043	    invoke-virtual {p0}, Lcom/google/protobuf/compiler/PluginProtos$CodeGeneratorResponse$File;->getGeneratedCodeInfo()Lcom/google/protobuf/DescriptorProtos$GeneratedCodeInfo;
smali\com\google\protobuf\compiler\PluginProtos$CodeGeneratorResponse$File.smali	1051	    invoke-virtual {p1}, Lcom/google/protobuf/compiler/PluginProtos$CodeGeneratorResponse$File;->getGeneratedCodeInfo()Lcom/google/protobuf/DescriptorProtos$GeneratedCodeInfo;
smali\com\google\protobuf\compiler\PluginProtos$CodeGeneratorResponse$File.smali	1114	    iget-object v0, p0, Lcom/google/protobuf/compiler/PluginProtos$CodeGeneratorResponse$File;->content_:Ljava/lang/Object;
smali\com\google\protobuf\compiler\PluginProtos$CodeGeneratorResponse$File.smali	1158	    iput-object v1, p0, Lcom/google/protobuf/compiler/PluginProtos$CodeGeneratorResponse$File;->content_:Ljava/lang/Object;
smali\com\google\protobuf\compiler\PluginProtos$CodeGeneratorResponse$File.smali	1170	    iget-object v0, p0, Lcom/google/protobuf/compiler/PluginProtos$CodeGeneratorResponse$File;->content_:Ljava/lang/Object;
smali\com\google\protobuf\compiler\PluginProtos$CodeGeneratorResponse$File.smali	1194	    iput-object v0, p0, Lcom/google/protobuf/compiler/PluginProtos$CodeGeneratorResponse$File;->content_:Ljava/lang/Object;
smali\com\google\protobuf\compiler\PluginProtos$CodeGeneratorResponse$File.smali	1209	.method public getDefaultInstanceForType()Lcom/google/protobuf/compiler/PluginProtos$CodeGeneratorResponse$File;
smali\com\google\protobuf\compiler\PluginProtos$CodeGeneratorResponse$File.smali	1213	    sget-object p0, Lcom/google/protobuf/compiler/PluginProtos$CodeGeneratorResponse$File;->DEFAULT_INSTANCE:Lcom/google/protobuf/compiler/PluginProtos$CodeGeneratorResponse$File;
smali\com\google\protobuf\compiler\PluginProtos$CodeGeneratorResponse$File.smali	1222	    invoke-virtual {p0}, Lcom/google/protobuf/compiler/PluginProtos$CodeGeneratorResponse$File;->getDefaultInstanceForType()Lcom/google/protobuf/compiler/PluginProtos$CodeGeneratorResponse$File;
smali\com\google\protobuf\compiler\PluginProtos$CodeGeneratorResponse$File.smali	1233	    invoke-virtual {p0}, Lcom/google/protobuf/compiler/PluginProtos$CodeGeneratorResponse$File;->getDefaultInstanceForType()Lcom/google/protobuf/compiler/PluginProtos$CodeGeneratorResponse$File;
smali\com\google\protobuf\compiler\PluginProtos$CodeGeneratorResponse$File.smali	1259	    iget-object p0, p0, Lcom/google/protobuf/compiler/PluginProtos$CodeGeneratorResponse$File;->generatedCodeInfo_:Lcom/google/protobuf/DescriptorProtos$GeneratedCodeInfo;
smali\com\google\protobuf\compiler\PluginProtos$CodeGeneratorResponse$File.smali	1283	    iget-object p0, p0, Lcom/google/protobuf/compiler/PluginProtos$CodeGeneratorResponse$File;->generatedCodeInfo_:Lcom/google/protobuf/DescriptorProtos$GeneratedCodeInfo;
smali\com\google\protobuf\compiler\PluginProtos$CodeGeneratorResponse$File.smali	1307	    iget-object v0, p0, Lcom/google/protobuf/compiler/PluginProtos$CodeGeneratorResponse$File;->insertionPoint_:Ljava/lang/Object;
smali\com\google\protobuf\compiler\PluginProtos$CodeGeneratorResponse$File.smali	1351	    iput-object v1, p0, Lcom/google/protobuf/compiler/PluginProtos$CodeGeneratorResponse$File;->insertionPoint_:Ljava/lang/Object;
smali\com\google\protobuf\compiler\PluginProtos$CodeGeneratorResponse$File.smali	1363	    iget-object v0, p0, Lcom/google/protobuf/compiler/PluginProtos$CodeGeneratorResponse$File;->insertionPoint_:Ljava/lang/Object;
smali\com\google\protobuf\compiler\PluginProtos$CodeGeneratorResponse$File.smali	1387	    iput-object v0, p0, Lcom/google/protobuf/compiler/PluginProtos$CodeGeneratorResponse$File;->insertionPoint_:Ljava/lang/Object;
smali\com\google\protobuf\compiler\PluginProtos$CodeGeneratorResponse$File.smali	1406	    iget-object v0, p0, Lcom/google/protobuf/compiler/PluginProtos$CodeGeneratorResponse$File;->name_:Ljava/lang/Object;
smali\com\google\protobuf\compiler\PluginProtos$CodeGeneratorResponse$File.smali	1450	    iput-object v1, p0, Lcom/google/protobuf/compiler/PluginProtos$CodeGeneratorResponse$File;->name_:Ljava/lang/Object;
smali\com\google\protobuf\compiler\PluginProtos$CodeGeneratorResponse$File.smali	1462	    iget-object v0, p0, Lcom/google/protobuf/compiler/PluginProtos$CodeGeneratorResponse$File;->name_:Ljava/lang/Object;
smali\com\google\protobuf\compiler\PluginProtos$CodeGeneratorResponse$File.smali	1486	    iput-object v0, p0, Lcom/google/protobuf/compiler/PluginProtos$CodeGeneratorResponse$File;->name_:Ljava/lang/Object;
smali\com\google\protobuf\compiler\PluginProtos$CodeGeneratorResponse$File.smali	1511	    sget-object p0, Lcom/google/protobuf/compiler/PluginProtos$CodeGeneratorResponse$File;->PARSER:Lcom/google/protobuf/飘花落叶言世哲楪苏兰子;
smali\com\google\protobuf\compiler\PluginProtos$CodeGeneratorResponse$File.smali	1537	    invoke-direct {p0}, Lcom/google/protobuf/compiler/PluginProtos$CodeGeneratorResponse$File;->computeSerializedSize_0()I
smali\com\google\protobuf\compiler\PluginProtos$CodeGeneratorResponse$File.smali	1575	    iget p0, p0, Lcom/google/protobuf/compiler/PluginProtos$CodeGeneratorResponse$File;->bitField0_:I
smali\com\google\protobuf\compiler\PluginProtos$CodeGeneratorResponse$File.smali	1604	    iget p0, p0, Lcom/google/protobuf/compiler/PluginProtos$CodeGeneratorResponse$File;->bitField0_:I
smali\com\google\protobuf\compiler\PluginProtos$CodeGeneratorResponse$File.smali	1633	    iget p0, p0, Lcom/google/protobuf/compiler/PluginProtos$CodeGeneratorResponse$File;->bitField0_:I
smali\com\google\protobuf\compiler\PluginProtos$CodeGeneratorResponse$File.smali	1662	    iget p0, p0, Lcom/google/protobuf/compiler/PluginProtos$CodeGeneratorResponse$File;->bitField0_:I
smali\com\google\protobuf\compiler\PluginProtos$CodeGeneratorResponse$File.smali	1702	    invoke-static {}, Lcom/google/protobuf/compiler/PluginProtos$CodeGeneratorResponse$File;->getDescriptor()Lcom/google/protobuf/飘花落叶言楪子哲世苏兰;
smali\com\google\protobuf\compiler\PluginProtos$CodeGeneratorResponse$File.smali	1722	    invoke-virtual {p0}, Lcom/google/protobuf/compiler/PluginProtos$CodeGeneratorResponse$File;->hasName()Z
smali\com\google\protobuf\compiler\PluginProtos$CodeGeneratorResponse$File.smali	1753	    invoke-virtual {p0}, Lcom/google/protobuf/compiler/PluginProtos$CodeGeneratorResponse$File;->getName()Ljava/lang/String;
smali\com\google\protobuf\compiler\PluginProtos$CodeGeneratorResponse$File.smali	1773	    invoke-virtual {p0}, Lcom/google/protobuf/compiler/PluginProtos$CodeGeneratorResponse$File;->hasInsertionPoint()Z
smali\com\google\protobuf\compiler\PluginProtos$CodeGeneratorResponse$File.smali	1796	    invoke-virtual {p0}, Lcom/google/protobuf/compiler/PluginProtos$CodeGeneratorResponse$File;->getInsertionPoint()Ljava/lang/String;
smali\com\google\protobuf\compiler\PluginProtos$CodeGeneratorResponse$File.smali	1816	    invoke-virtual {p0}, Lcom/google/protobuf/compiler/PluginProtos$CodeGeneratorResponse$File;->hasContent()Z
smali\com\google\protobuf\compiler\PluginProtos$CodeGeneratorResponse$File.smali	1840	    invoke-virtual {p0}, Lcom/google/protobuf/compiler/PluginProtos$CodeGeneratorResponse$File;->getContent()Ljava/lang/String;
smali\com\google\protobuf\compiler\PluginProtos$CodeGeneratorResponse$File.smali	1860	    invoke-virtual {p0}, Lcom/google/protobuf/compiler/PluginProtos$CodeGeneratorResponse$File;->hasGeneratedCodeInfo()Z
smali\com\google\protobuf\compiler\PluginProtos$CodeGeneratorResponse$File.smali	1884	    invoke-virtual {p0}, Lcom/google/protobuf/compiler/PluginProtos$CodeGeneratorResponse$File;->getGeneratedCodeInfo()Lcom/google/protobuf/DescriptorProtos$GeneratedCodeInfo;
smali\com\google\protobuf\compiler\PluginProtos$CodeGeneratorResponse$File.smali	1942	    const-class v0, Lcom/google/protobuf/compiler/PluginProtos$CodeGeneratorResponse$File;
smali\com\google\protobuf\compiler\PluginProtos$CodeGeneratorResponse$File.smali	1946	    const-class v1, Lcom/google/protobuf/compiler/PluginProtos$CodeGeneratorResponse$File$飘花落叶言子楪世苏哲兰;
smali\com\google\protobuf\compiler\PluginProtos$CodeGeneratorResponse$File.smali	1962	    iget-byte v0, p0, Lcom/google/protobuf/compiler/PluginProtos$CodeGeneratorResponse$File;->memoizedIsInitialized:B
smali\com\google\protobuf\compiler\PluginProtos$CodeGeneratorResponse$File.smali	1988	    iput-byte v1, p0, Lcom/google/protobuf/compiler/PluginProtos$CodeGeneratorResponse$File;->memoizedIsInitialized:B
smali\com\google\protobuf\compiler\PluginProtos$CodeGeneratorResponse$File.smali	1995	.method public newBuilderForType()Lcom/google/protobuf/compiler/PluginProtos$CodeGeneratorResponse$File$飘花落叶言子楪世苏哲兰;
smali\com\google\protobuf\compiler\PluginProtos$CodeGeneratorResponse$File.smali	1999	    invoke-static {}, Lcom/google/protobuf/compiler/PluginProtos$CodeGeneratorResponse$File;->newBuilder()Lcom/google/protobuf/compiler/PluginProtos$CodeGeneratorResponse$File$飘花落叶言子楪世苏哲兰;
smali\com\google\protobuf\compiler\PluginProtos$CodeGeneratorResponse$File.smali	2006	.method public newBuilderForType(Lcom/google/protobuf/飘花落叶言子楪世苏兰哲;)Lcom/google/protobuf/compiler/PluginProtos$CodeGeneratorResponse$File$飘花落叶言子楪世苏哲兰;
smali\com\google\protobuf\compiler\PluginProtos$CodeGeneratorResponse$File.smali	2010	    new-instance p0, Lcom/google/protobuf/compiler/PluginProtos$CodeGeneratorResponse$File$飘花落叶言子楪世苏哲兰;
smali\com\google\protobuf\compiler\PluginProtos$CodeGeneratorResponse$File.smali	2017	    invoke-direct {p0, p1, v0}, Lcom/google/protobuf/compiler/PluginProtos$CodeGeneratorResponse$File$飘花落叶言子楪世苏哲兰;-><init>(Lcom/google/protobuf/飘花落叶言子楪世苏兰哲;L飘花落叶言楪哲苏子世兰/飘花落叶言子楪世苏哲兰;)V
smali\com\google\protobuf\compiler\PluginProtos$CodeGeneratorResponse$File.smali	2029	    invoke-virtual {p0}, Lcom/google/protobuf/compiler/PluginProtos$CodeGeneratorResponse$File;->newBuilderForType()Lcom/google/protobuf/compiler/PluginProtos$CodeGeneratorResponse$File$飘花落叶言子楪世苏哲兰;
smali\com\google\protobuf\compiler\PluginProtos$CodeGeneratorResponse$File.smali	2040	    invoke-virtual {p0}, Lcom/google/protobuf/compiler/PluginProtos$CodeGeneratorResponse$File;->newBuilderForType()Lcom/google/protobuf/compiler/PluginProtos$CodeGeneratorResponse$File$飘花落叶言子楪世苏哲兰;
smali\com\google\protobuf\compiler\PluginProtos$CodeGeneratorResponse$File.smali	2051	    invoke-virtual {p0, p1}, Lcom/google/protobuf/compiler/PluginProtos$CodeGeneratorResponse$File;->newBuilderForType(Lcom/google/protobuf/飘花落叶言子楪世苏兰哲;)Lcom/google/protobuf/compiler/PluginProtos$CodeGeneratorResponse$File$飘花落叶言子楪世苏哲兰;
smali\com\google\protobuf\compiler\PluginProtos$CodeGeneratorResponse$File.smali	2058	.method public toBuilder()Lcom/google/protobuf/compiler/PluginProtos$CodeGeneratorResponse$File$飘花落叶言子楪世苏哲兰;
smali\com\google\protobuf\compiler\PluginProtos$CodeGeneratorResponse$File.smali	2062	    sget-object v0, Lcom/google/protobuf/compiler/PluginProtos$CodeGeneratorResponse$File;->DEFAULT_INSTANCE:Lcom/google/protobuf/compiler/PluginProtos$CodeGeneratorResponse$File;
smali\com\google\protobuf\compiler\PluginProtos$CodeGeneratorResponse$File.smali	2073	    new-instance p0, Lcom/google/protobuf/compiler/PluginProtos$CodeGeneratorResponse$File$飘花落叶言子楪世苏哲兰;
smali\com\google\protobuf\compiler\PluginProtos$CodeGeneratorResponse$File.smali	2077	    invoke-direct {p0, v1}, Lcom/google/protobuf/compiler/PluginProtos$CodeGeneratorResponse$File$飘花落叶言子楪世苏哲兰;-><init>(L飘花落叶言楪哲苏子世兰/飘花落叶言子楪世苏哲兰;)V
smali\com\google\protobuf\compiler\PluginProtos$CodeGeneratorResponse$File.smali	2086	    new-instance v0, Lcom/google/protobuf/compiler/PluginProtos$CodeGeneratorResponse$File$飘花落叶言子楪世苏哲兰;
smali\com\google\protobuf\compiler\PluginProtos$CodeGeneratorResponse$File.smali	2090	    invoke-direct {v0, v1}, Lcom/google/protobuf/compiler/PluginProtos$CodeGeneratorResponse$File$飘花落叶言子楪世苏哲兰;-><init>(L飘花落叶言楪哲苏子世兰/飘花落叶言子楪世苏哲兰;)V
smali\com\google\protobuf\compiler\PluginProtos$CodeGeneratorResponse$File.smali	2095	    invoke-virtual {v0, p0}, Lcom/google/protobuf/compiler/PluginProtos$CodeGeneratorResponse$File$飘花落叶言子楪世苏哲兰;->mergeFrom(Lcom/google/protobuf/compiler/PluginProtos$CodeGeneratorResponse$File;)Lcom/google/protobuf/compiler/PluginProtos$CodeGeneratorResponse$File$飘花落叶言子楪世苏哲兰;
smali\com\google\protobuf\compiler\PluginProtos$CodeGeneratorResponse$File.smali	2110	    invoke-virtual {p0}, Lcom/google/protobuf/compiler/PluginProtos$CodeGeneratorResponse$File;->toBuilder()Lcom/google/protobuf/compiler/PluginProtos$CodeGeneratorResponse$File$飘花落叶言子楪世苏哲兰;
smali\com\google\protobuf\compiler\PluginProtos$CodeGeneratorResponse$File.smali	2121	    invoke-virtual {p0}, Lcom/google/protobuf/compiler/PluginProtos$CodeGeneratorResponse$File;->toBuilder()Lcom/google/protobuf/compiler/PluginProtos$CodeGeneratorResponse$File$飘花落叶言子楪世苏哲兰;
smali\com\google\protobuf\compiler\PluginProtos$CodeGeneratorResponse$File.smali	2132	    iget v0, p0, Lcom/google/protobuf/compiler/PluginProtos$CodeGeneratorResponse$File;->bitField0_:I
smali\com\google\protobuf\compiler\PluginProtos$CodeGeneratorResponse$File.smali	2146	    iget-object v0, p0, Lcom/google/protobuf/compiler/PluginProtos$CodeGeneratorResponse$File;->name_:Ljava/lang/Object;
smali\com\google\protobuf\compiler\PluginProtos$CodeGeneratorResponse$File.smali	2156	    iget v0, p0, Lcom/google/protobuf/compiler/PluginProtos$CodeGeneratorResponse$File;->bitField0_:I
smali\com\google\protobuf\compiler\PluginProtos$CodeGeneratorResponse$File.smali	2170	    iget-object v0, p0, Lcom/google/protobuf/compiler/PluginProtos$CodeGeneratorResponse$File;->insertionPoint_:Ljava/lang/Object;
smali\com\google\protobuf\compiler\PluginProtos$CodeGeneratorResponse$File.smali	2180	    iget v0, p0, Lcom/google/protobuf/compiler/PluginProtos$CodeGeneratorResponse$File;->bitField0_:I
smali\com\google\protobuf\compiler\PluginProtos$CodeGeneratorResponse$File.smali	2196	    iget-object v1, p0, Lcom/google/protobuf/compiler/PluginProtos$CodeGeneratorResponse$File;->content_:Ljava/lang/Object;
smali\com\google\protobuf\compiler\PluginProtos$CodeGeneratorResponse$File.smali	2206	    iget v0, p0, Lcom/google/protobuf/compiler/PluginProtos$CodeGeneratorResponse$File;->bitField0_:I
smali\com\google\protobuf\compiler\PluginProtos$CodeGeneratorResponse$File.smali	2222	    invoke-virtual {p0}, Lcom/google/protobuf/compiler/PluginProtos$CodeGeneratorResponse$File;->getGeneratedCodeInfo()Lcom/google/protobuf/DescriptorProtos$GeneratedCodeInfo;
smali\com\google\protobuf\compiler\PluginProtos$CodeGeneratorResponse$飘花落叶言子楪世苏哲兰.smali	1	.class public final Lcom/google/protobuf/compiler/PluginProtos$CodeGeneratorResponse$飘花落叶言子楪世苏哲兰;
smali\com\google\protobuf\compiler\PluginProtos$CodeGeneratorResponse$飘花落叶言子楪世苏哲兰.smali	11	    value = Lcom/google/protobuf/compiler/PluginProtos$CodeGeneratorResponse;
smali\com\google\protobuf\compiler\PluginProtos$CodeGeneratorResponse$飘花落叶言子楪世苏哲兰.smali	37	            "Lcom/google/protobuf/compiler/PluginProtos$CodeGeneratorResponse$File;",
smali\com\google\protobuf\compiler\PluginProtos$CodeGeneratorResponse$飘花落叶言子楪世苏哲兰.smali	64	    iput-object v0, p0, Lcom/google/protobuf/compiler/PluginProtos$CodeGeneratorResponse$飘花落叶言子楪世苏哲兰;->error_:Ljava/lang/Object;
smali\com\google\protobuf\compiler\PluginProtos$CodeGeneratorResponse$飘花落叶言子楪世苏哲兰.smali	72	    iput-object v0, p0, Lcom/google/protobuf/compiler/PluginProtos$CodeGeneratorResponse$飘花落叶言子楪世苏哲兰;->file_:Ljava/util/List;
smali\com\google\protobuf\compiler\PluginProtos$CodeGeneratorResponse$飘花落叶言子楪世苏哲兰.smali	88	    iput-object p1, p0, Lcom/google/protobuf/compiler/PluginProtos$CodeGeneratorResponse$飘花落叶言子楪世苏哲兰;->error_:Ljava/lang/Object;
smali\com\google\protobuf\compiler\PluginProtos$CodeGeneratorResponse$飘花落叶言子楪世苏哲兰.smali	93	    iput-object p1, p0, Lcom/google/protobuf/compiler/PluginProtos$CodeGeneratorResponse$飘花落叶言子楪世苏哲兰;->file_:Ljava/util/List;
smali\com\google\protobuf\compiler\PluginProtos$CodeGeneratorResponse$飘花落叶言子楪世苏哲兰.smali	102	    invoke-direct {p0, p1}, Lcom/google/protobuf/compiler/PluginProtos$CodeGeneratorResponse$飘花落叶言子楪世苏哲兰;-><init>(Lcom/google/protobuf/飘花落叶言子楪世苏兰哲;)V
smali\com\google\protobuf\compiler\PluginProtos$CodeGeneratorResponse$飘花落叶言子楪世苏哲兰.smali	111	    invoke-direct {p0}, Lcom/google/protobuf/compiler/PluginProtos$CodeGeneratorResponse$飘花落叶言子楪世苏哲兰;-><init>()V
smali\com\google\protobuf\compiler\PluginProtos$CodeGeneratorResponse$飘花落叶言子楪世苏哲兰.smali	116	.method private buildPartial0(Lcom/google/protobuf/compiler/PluginProtos$CodeGeneratorResponse;)V
smali\com\google\protobuf\compiler\PluginProtos$CodeGeneratorResponse$飘花落叶言子楪世苏哲兰.smali	120	    iget v0, p0, Lcom/google/protobuf/compiler/PluginProtos$CodeGeneratorResponse$飘花落叶言子楪世苏哲兰;->bitField0_:I
smali\com\google\protobuf\compiler\PluginProtos$CodeGeneratorResponse$飘花落叶言子楪世苏哲兰.smali	132	    iget-object v1, p0, Lcom/google/protobuf/compiler/PluginProtos$CodeGeneratorResponse$飘花落叶言子楪世苏哲兰;->error_:Ljava/lang/Object;
smali\com\google\protobuf\compiler\PluginProtos$CodeGeneratorResponse$飘花落叶言子楪世苏哲兰.smali	136	    invoke-static {p1, v1}, Lcom/google/protobuf/compiler/PluginProtos$CodeGeneratorResponse;->access$4102(Lcom/google/protobuf/compiler/PluginProtos$CodeGeneratorResponse;Ljava/lang/Object;)Ljava/lang/Object;
smali\com\google\protobuf\compiler\PluginProtos$CodeGeneratorResponse$飘花落叶言子楪世苏哲兰.smali	160	    iget-wide v2, p0, Lcom/google/protobuf/compiler/PluginProtos$CodeGeneratorResponse$飘花落叶言子楪世苏哲兰;->supportedFeatures_:J
smali\com\google\protobuf\compiler\PluginProtos$CodeGeneratorResponse$飘花落叶言子楪世苏哲兰.smali	164	    invoke-static {p1, v2, v3}, Lcom/google/protobuf/compiler/PluginProtos$CodeGeneratorResponse;->access$4202(Lcom/google/protobuf/compiler/PluginProtos$CodeGeneratorResponse;J)J
smali\com\google\protobuf\compiler\PluginProtos$CodeGeneratorResponse$飘花落叶言子楪世苏哲兰.smali	182	    iget v2, p0, Lcom/google/protobuf/compiler/PluginProtos$CodeGeneratorResponse$飘花落叶言子楪世苏哲兰;->minimumEdition_:I
smali\com\google\protobuf\compiler\PluginProtos$CodeGeneratorResponse$飘花落叶言子楪世苏哲兰.smali	186	    invoke-static {p1, v2}, Lcom/google/protobuf/compiler/PluginProtos$CodeGeneratorResponse;->access$4302(Lcom/google/protobuf/compiler/PluginProtos$CodeGeneratorResponse;I)I
smali\com\google\protobuf\compiler\PluginProtos$CodeGeneratorResponse$飘花落叶言子楪世苏哲兰.smali	204	    iget p0, p0, Lcom/google/protobuf/compiler/PluginProtos$CodeGeneratorResponse$飘花落叶言子楪世苏哲兰;->maximumEdition_:I
smali\com\google\protobuf\compiler\PluginProtos$CodeGeneratorResponse$飘花落叶言子楪世苏哲兰.smali	208	    invoke-static {p1, p0}, Lcom/google/protobuf/compiler/PluginProtos$CodeGeneratorResponse;->access$4402(Lcom/google/protobuf/compiler/PluginProtos$CodeGeneratorResponse;I)I
smali\com\google\protobuf\compiler\PluginProtos$CodeGeneratorResponse$飘花落叶言子楪世苏哲兰.smali	218	    invoke-static {p1, v1}, Lcom/google/protobuf/compiler/PluginProtos$CodeGeneratorResponse;->access$4576(Lcom/google/protobuf/compiler/PluginProtos$CodeGeneratorResponse;I)I
smali\com\google\protobuf\compiler\PluginProtos$CodeGeneratorResponse$飘花落叶言子楪世苏哲兰.smali	226	.method private buildPartialRepeatedFields(Lcom/google/protobuf/compiler/PluginProtos$CodeGeneratorResponse;)V
smali\com\google\protobuf\compiler\PluginProtos$CodeGeneratorResponse$飘花落叶言子楪世苏哲兰.smali	230	    iget-object v0, p0, Lcom/google/protobuf/compiler/PluginProtos$CodeGeneratorResponse$飘花落叶言子楪世苏哲兰;->fileBuilder_:Lcom/google/protobuf/飘花落叶言世哲兰苏子楪;
smali\com\google\protobuf\compiler\PluginProtos$CodeGeneratorResponse$飘花落叶言子楪世苏哲兰.smali	238	    iget v0, p0, Lcom/google/protobuf/compiler/PluginProtos$CodeGeneratorResponse$飘花落叶言子楪世苏哲兰;->bitField0_:I
smali\com\google\protobuf\compiler\PluginProtos$CodeGeneratorResponse$飘花落叶言子楪世苏哲兰.smali	250	    iget-object v0, p0, Lcom/google/protobuf/compiler/PluginProtos$CodeGeneratorResponse$飘花落叶言子楪世苏哲兰;->file_:Ljava/util/List;
smali\com\google\protobuf\compiler\PluginProtos$CodeGeneratorResponse$飘花落叶言子楪世苏哲兰.smali	262	    iput-object v0, p0, Lcom/google/protobuf/compiler/PluginProtos$CodeGeneratorResponse$飘花落叶言子楪世苏哲兰;->file_:Ljava/util/List;
smali\com\google\protobuf\compiler\PluginProtos$CodeGeneratorResponse$飘花落叶言子楪世苏哲兰.smali	266	    iget v0, p0, Lcom/google/protobuf/compiler/PluginProtos$CodeGeneratorResponse$飘花落叶言子楪世苏哲兰;->bitField0_:I
smali\com\google\protobuf\compiler\PluginProtos$CodeGeneratorResponse$飘花落叶言子楪世苏哲兰.smali	274	    iput v0, p0, Lcom/google/protobuf/compiler/PluginProtos$CodeGeneratorResponse$飘花落叶言子楪世苏哲兰;->bitField0_:I
smali\com\google\protobuf\compiler\PluginProtos$CodeGeneratorResponse$飘花落叶言子楪世苏哲兰.smali	279	    iget-object p0, p0, Lcom/google/protobuf/compiler/PluginProtos$CodeGeneratorResponse$飘花落叶言子楪世苏哲兰;->file_:Ljava/util/List;
smali\com\google\protobuf\compiler\PluginProtos$CodeGeneratorResponse$飘花落叶言子楪世苏哲兰.smali	283	    invoke-static {p1, p0}, Lcom/google/protobuf/compiler/PluginProtos$CodeGeneratorResponse;->access$4002(Lcom/google/protobuf/compiler/PluginProtos$CodeGeneratorResponse;Ljava/util/List;)Ljava/util/List;
smali\com\google\protobuf\compiler\PluginProtos$CodeGeneratorResponse$飘花落叶言子楪世苏哲兰.smali	300	    invoke-static {p1, p0}, Lcom/google/protobuf/compiler/PluginProtos$CodeGeneratorResponse;->access$4002(Lcom/google/protobuf/compiler/PluginProtos$CodeGeneratorResponse;Ljava/util/List;)Ljava/util/List;
smali\com\google\protobuf\compiler\PluginProtos$CodeGeneratorResponse$飘花落叶言子楪世苏哲兰.smali	312	    iget v0, p0, Lcom/google/protobuf/compiler/PluginProtos$CodeGeneratorResponse$飘花落叶言子楪世苏哲兰;->bitField0_:I
smali\com\google\protobuf\compiler\PluginProtos$CodeGeneratorResponse$飘花落叶言子楪世苏哲兰.smali	328	    iget-object v1, p0, Lcom/google/protobuf/compiler/PluginProtos$CodeGeneratorResponse$飘花落叶言子楪世苏哲兰;->file_:Ljava/util/List;
smali\com\google\protobuf\compiler\PluginProtos$CodeGeneratorResponse$飘花落叶言子楪世苏哲兰.smali	337	    iput-object v0, p0, Lcom/google/protobuf/compiler/PluginProtos$CodeGeneratorResponse$飘花落叶言子楪世苏哲兰;->file_:Ljava/util/List;
smali\com\google\protobuf\compiler\PluginProtos$CodeGeneratorResponse$飘花落叶言子楪世苏哲兰.smali	341	    iget v0, p0, Lcom/google/protobuf/compiler/PluginProtos$CodeGeneratorResponse$飘花落叶言子楪世苏哲兰;->bitField0_:I
smali\com\google\protobuf\compiler\PluginProtos$CodeGeneratorResponse$飘花落叶言子楪世苏哲兰.smali	349	    iput v0, p0, Lcom/google/protobuf/compiler/PluginProtos$CodeGeneratorResponse$飘花落叶言子楪世苏哲兰;->bitField0_:I
smali\com\google\protobuf\compiler\PluginProtos$CodeGeneratorResponse$飘花落叶言子楪世苏哲兰.smali	378	    iget-object v0, p0, Lcom/google/protobuf/compiler/PluginProtos$CodeGeneratorResponse$飘花落叶言子楪世苏哲兰;->fileBuilder_:Lcom/google/protobuf/飘花落叶言世哲兰苏子楪;
smali\com\google\protobuf\compiler\PluginProtos$CodeGeneratorResponse$飘花落叶言子楪世苏哲兰.smali	390	    iget-object v1, p0, Lcom/google/protobuf/compiler/PluginProtos$CodeGeneratorResponse$飘花落叶言子楪世苏哲兰;->file_:Ljava/util/List;
smali\com\google\protobuf\compiler\PluginProtos$CodeGeneratorResponse$飘花落叶言子楪世苏哲兰.smali	415	    iput-object v0, p0, Lcom/google/protobuf/compiler/PluginProtos$CodeGeneratorResponse$飘花落叶言子楪世苏哲兰;->fileBuilder_:Lcom/google/protobuf/飘花落叶言世哲兰苏子楪;
smali\com\google\protobuf\compiler\PluginProtos$CodeGeneratorResponse$飘花落叶言子楪世苏哲兰.smali	422	    iput-object v0, p0, Lcom/google/protobuf/compiler/PluginProtos$CodeGeneratorResponse$飘花落叶言子楪世苏哲兰;->file_:Ljava/util/List;
smali\com\google\protobuf\compiler\PluginProtos$CodeGeneratorResponse$飘花落叶言子楪世苏哲兰.smali	427	    iget-object p0, p0, Lcom/google/protobuf/compiler/PluginProtos$CodeGeneratorResponse$飘花落叶言子楪世苏哲兰;->fileBuilder_:Lcom/google/protobuf/飘花落叶言世哲兰苏子楪;
smali\com\google\protobuf\compiler\PluginProtos$CodeGeneratorResponse$飘花落叶言子楪世苏哲兰.smali	436	.method public addAllFile(Ljava/lang/Iterable;)Lcom/google/protobuf/compiler/PluginProtos$CodeGeneratorResponse$飘花落叶言子楪世苏哲兰;
smali\com\google\protobuf\compiler\PluginProtos$CodeGeneratorResponse$飘花落叶言子楪世苏哲兰.smali	443	            "Lcom/google/protobuf/compiler/PluginProtos$CodeGeneratorResponse$File;",
smali\com\google\protobuf\compiler\PluginProtos$CodeGeneratorResponse$飘花落叶言子楪世苏哲兰.smali	445	            "Lcom/google/protobuf/compiler/PluginProtos$CodeGeneratorResponse$\u98d8\u82b1\u843d\u53f6\u8a00\u5b50\u696a\u4e16\u82cf\u54f2\u5170;"
smali\com\google\protobuf\compiler\PluginProtos$CodeGeneratorResponse$飘花落叶言子楪世苏哲兰.smali	450	    iget-object v0, p0, Lcom/google/protobuf/compiler/PluginProtos$CodeGeneratorResponse$飘花落叶言子楪世苏哲兰;->fileBuilder_:Lcom/google/protobuf/飘花落叶言世哲兰苏子楪;
smali\com\google\protobuf\compiler\PluginProtos$CodeGeneratorResponse$飘花落叶言子楪世苏哲兰.smali	458	    invoke-direct {p0}, Lcom/google/protobuf/compiler/PluginProtos$CodeGeneratorResponse$飘花落叶言子楪世苏哲兰;->ensureFileIsMutable()V
smali\com\google\protobuf\compiler\PluginProtos$CodeGeneratorResponse$飘花落叶言子楪世苏哲兰.smali	463	    iget-object v0, p0, Lcom/google/protobuf/compiler/PluginProtos$CodeGeneratorResponse$飘花落叶言子楪世苏哲兰;->file_:Ljava/util/List;
smali\com\google\protobuf\compiler\PluginProtos$CodeGeneratorResponse$飘花落叶言子楪世苏哲兰.smali	489	.method public addFile(ILcom/google/protobuf/compiler/PluginProtos$CodeGeneratorResponse$File$飘花落叶言子楪世苏哲兰;)Lcom/google/protobuf/compiler/PluginProtos$CodeGeneratorResponse$飘花落叶言子楪世苏哲兰;
smali\com\google\protobuf\compiler\PluginProtos$CodeGeneratorResponse$飘花落叶言子楪世苏哲兰.smali	493	    iget-object v0, p0, Lcom/google/protobuf/compiler/PluginProtos$CodeGeneratorResponse$飘花落叶言子楪世苏哲兰;->fileBuilder_:Lcom/google/protobuf/飘花落叶言世哲兰苏子楪;
smali\com\google\protobuf\compiler\PluginProtos$CodeGeneratorResponse$飘花落叶言子楪世苏哲兰.smali	498	    invoke-direct {p0}, Lcom/google/protobuf/compiler/PluginProtos$CodeGeneratorResponse$飘花落叶言子楪世苏哲兰;->ensureFileIsMutable()V
smali\com\google\protobuf\compiler\PluginProtos$CodeGeneratorResponse$飘花落叶言子楪世苏哲兰.smali	501	    iget-object v0, p0, Lcom/google/protobuf/compiler/PluginProtos$CodeGeneratorResponse$飘花落叶言子楪世苏哲兰;->file_:Ljava/util/List;
smali\com\google\protobuf\compiler\PluginProtos$CodeGeneratorResponse$飘花落叶言子楪世苏哲兰.smali	503	    invoke-virtual {p2}, Lcom/google/protobuf/compiler/PluginProtos$CodeGeneratorResponse$File$飘花落叶言子楪世苏哲兰;->build()Lcom/google/protobuf/compiler/PluginProtos$CodeGeneratorResponse$File;
smali\com\google\protobuf\compiler\PluginProtos$CodeGeneratorResponse$飘花落叶言子楪世苏哲兰.smali	516	    invoke-virtual {p2}, Lcom/google/protobuf/compiler/PluginProtos$CodeGeneratorResponse$File$飘花落叶言子楪世苏哲兰;->build()Lcom/google/protobuf/compiler/PluginProtos$CodeGeneratorResponse$File;
smali\com\google\protobuf\compiler\PluginProtos$CodeGeneratorResponse$飘花落叶言子楪世苏哲兰.smali	525	.method public addFile(ILcom/google/protobuf/compiler/PluginProtos$CodeGeneratorResponse$File;)Lcom/google/protobuf/compiler/PluginProtos$CodeGeneratorResponse$飘花落叶言子楪世苏哲兰;
smali\com\google\protobuf\compiler\PluginProtos$CodeGeneratorResponse$飘花落叶言子楪世苏哲兰.smali	529	    iget-object v0, p0, Lcom/google/protobuf/compiler/PluginProtos$CodeGeneratorResponse$飘花落叶言子楪世苏哲兰;->fileBuilder_:Lcom/google/protobuf/飘花落叶言世哲兰苏子楪;
smali\com\google\protobuf\compiler\PluginProtos$CodeGeneratorResponse$飘花落叶言子楪世苏哲兰.smali	537	    invoke-direct {p0}, Lcom/google/protobuf/compiler/PluginProtos$CodeGeneratorResponse$飘花落叶言子楪世苏哲兰;->ensureFileIsMutable()V
smali\com\google\protobuf\compiler\PluginProtos$CodeGeneratorResponse$飘花落叶言子楪世苏哲兰.smali	540	    iget-object v0, p0, Lcom/google/protobuf/compiler/PluginProtos$CodeGeneratorResponse$飘花落叶言子楪世苏哲兰;->file_:Ljava/util/List;
smali\com\google\protobuf\compiler\PluginProtos$CodeGeneratorResponse$飘花落叶言子楪世苏哲兰.smali	556	.method public addFile(Lcom/google/protobuf/compiler/PluginProtos$CodeGeneratorResponse$File$飘花落叶言子楪世苏哲兰;)Lcom/google/protobuf/compiler/PluginProtos$CodeGeneratorResponse$飘花落叶言子楪世苏哲兰;
smali\com\google\protobuf\compiler\PluginProtos$CodeGeneratorResponse$飘花落叶言子楪世苏哲兰.smali	560	    iget-object v0, p0, Lcom/google/protobuf/compiler/PluginProtos$CodeGeneratorResponse$飘花落叶言子楪世苏哲兰;->fileBuilder_:Lcom/google/protobuf/飘花落叶言世哲兰苏子楪;
smali\com\google\protobuf\compiler\PluginProtos$CodeGeneratorResponse$飘花落叶言子楪世苏哲兰.smali	568	    invoke-direct {p0}, Lcom/google/protobuf/compiler/PluginProtos$CodeGeneratorResponse$飘花落叶言子楪世苏哲兰;->ensureFileIsMutable()V
smali\com\google\protobuf\compiler\PluginProtos$CodeGeneratorResponse$飘花落叶言子楪世苏哲兰.smali	573	    iget-object v0, p0, Lcom/google/protobuf/compiler/PluginProtos$CodeGeneratorResponse$飘花落叶言子楪世苏哲兰;->file_:Ljava/util/List;
smali\com\google\protobuf\compiler\PluginProtos$CodeGeneratorResponse$飘花落叶言子楪世苏哲兰.smali	577	    invoke-virtual {p1}, Lcom/google/protobuf/compiler/PluginProtos$CodeGeneratorResponse$File$飘花落叶言子楪世苏哲兰;->build()Lcom/google/protobuf/compiler/PluginProtos$CodeGeneratorResponse$File;
smali\com\google\protobuf\compiler\PluginProtos$CodeGeneratorResponse$飘花落叶言子楪世苏哲兰.smali	599	    invoke-virtual {p1}, Lcom/google/protobuf/compiler/PluginProtos$CodeGeneratorResponse$File$飘花落叶言子楪世苏哲兰;->build()Lcom/google/protobuf/compiler/PluginProtos$CodeGeneratorResponse$File;
smali\com\google\protobuf\compiler\PluginProtos$CodeGeneratorResponse$飘花落叶言子楪世苏哲兰.smali	615	.method public addFile(Lcom/google/protobuf/compiler/PluginProtos$CodeGeneratorResponse$File;)Lcom/google/protobuf/compiler/PluginProtos$CodeGeneratorResponse$飘花落叶言子楪世苏哲兰;
smali\com\google\protobuf\compiler\PluginProtos$CodeGeneratorResponse$飘花落叶言子楪世苏哲兰.smali	619	    iget-object v0, p0, Lcom/google/protobuf/compiler/PluginProtos$CodeGeneratorResponse$飘花落叶言子楪世苏哲兰;->fileBuilder_:Lcom/google/protobuf/飘花落叶言世哲兰苏子楪;
smali\com\google\protobuf\compiler\PluginProtos$CodeGeneratorResponse$飘花落叶言子楪世苏哲兰.smali	627	    invoke-direct {p0}, Lcom/google/protobuf/compiler/PluginProtos$CodeGeneratorResponse$飘花落叶言子楪世苏哲兰;->ensureFileIsMutable()V
smali\com\google\protobuf\compiler\PluginProtos$CodeGeneratorResponse$飘花落叶言子楪世苏哲兰.smali	630	    iget-object v0, p0, Lcom/google/protobuf/compiler/PluginProtos$CodeGeneratorResponse$飘花落叶言子楪世苏哲兰;->file_:Ljava/util/List;
smali\com\google\protobuf\compiler\PluginProtos$CodeGeneratorResponse$飘花落叶言子楪世苏哲兰.smali	646	.method public addFileBuilder()Lcom/google/protobuf/compiler/PluginProtos$CodeGeneratorResponse$File$飘花落叶言子楪世苏哲兰;
smali\com\google\protobuf\compiler\PluginProtos$CodeGeneratorResponse$飘花落叶言子楪世苏哲兰.smali	650	    invoke-direct {p0}, Lcom/google/protobuf/compiler/PluginProtos$CodeGeneratorResponse$飘花落叶言子楪世苏哲兰;->internalGetFileFieldBuilder()Lcom/google/protobuf/飘花落叶言世哲兰苏子楪;
smali\com\google\protobuf\compiler\PluginProtos$CodeGeneratorResponse$飘花落叶言子楪世苏哲兰.smali	658	    invoke-static {}, Lcom/google/protobuf/compiler/PluginProtos$CodeGeneratorResponse$File;->getDefaultInstance()Lcom/google/protobuf/compiler/PluginProtos$CodeGeneratorResponse$File;
smali\com\google\protobuf\compiler\PluginProtos$CodeGeneratorResponse$飘花落叶言子楪世苏哲兰.smali	674	    check-cast p0, Lcom/google/protobuf/compiler/PluginProtos$CodeGeneratorResponse$File$飘花落叶言子楪世苏哲兰;
smali\com\google\protobuf\compiler\PluginProtos$CodeGeneratorResponse$飘花落叶言子楪世苏哲兰.smali	681	.method public addFileBuilder(I)Lcom/google/protobuf/compiler/PluginProtos$CodeGeneratorResponse$File$飘花落叶言子楪世苏哲兰;
smali\com\google\protobuf\compiler\PluginProtos$CodeGeneratorResponse$飘花落叶言子楪世苏哲兰.smali	685	    invoke-direct {p0}, Lcom/google/protobuf/compiler/PluginProtos$CodeGeneratorResponse$飘花落叶言子楪世苏哲兰;->internalGetFileFieldBuilder()Lcom/google/protobuf/飘花落叶言世哲兰苏子楪;
smali\com\google\protobuf\compiler\PluginProtos$CodeGeneratorResponse$飘花落叶言子楪世苏哲兰.smali	690	    invoke-static {}, Lcom/google/protobuf/compiler/PluginProtos$CodeGeneratorResponse$File;->getDefaultInstance()Lcom/google/protobuf/compiler/PluginProtos$CodeGeneratorResponse$File;
smali\com\google\protobuf\compiler\PluginProtos$CodeGeneratorResponse$飘花落叶言子楪世苏哲兰.smali	699	    check-cast p0, Lcom/google/protobuf/compiler/PluginProtos$CodeGeneratorResponse$File$飘花落叶言子楪世苏哲兰;
smali\com\google\protobuf\compiler\PluginProtos$CodeGeneratorResponse$飘花落叶言子楪世苏哲兰.smali	704	.method public build()Lcom/google/protobuf/compiler/PluginProtos$CodeGeneratorResponse;
smali\com\google\protobuf\compiler\PluginProtos$CodeGeneratorResponse$飘花落叶言子楪世苏哲兰.smali	708	    invoke-virtual {p0}, Lcom/google/protobuf/compiler/PluginProtos$CodeGeneratorResponse$飘花落叶言子楪世苏哲兰;->buildPartial()Lcom/google/protobuf/compiler/PluginProtos$CodeGeneratorResponse;
smali\com\google\protobuf\compiler\PluginProtos$CodeGeneratorResponse$飘花落叶言子楪世苏哲兰.smali	716	    invoke-virtual {p0}, Lcom/google/protobuf/compiler/PluginProtos$CodeGeneratorResponse;->isInitialized()Z
smali\com\google\protobuf\compiler\PluginProtos$CodeGeneratorResponse$飘花落叶言子楪世苏哲兰.smali	747	    invoke-virtual {p0}, Lcom/google/protobuf/compiler/PluginProtos$CodeGeneratorResponse$飘花落叶言子楪世苏哲兰;->build()Lcom/google/protobuf/compiler/PluginProtos$CodeGeneratorResponse;
smali\com\google\protobuf\compiler\PluginProtos$CodeGeneratorResponse$飘花落叶言子楪世苏哲兰.smali	758	    invoke-virtual {p0}, Lcom/google/protobuf/compiler/PluginProtos$CodeGeneratorResponse$飘花落叶言子楪世苏哲兰;->build()Lcom/google/protobuf/compiler/PluginProtos$CodeGeneratorResponse;
smali\com\google\protobuf\compiler\PluginProtos$CodeGeneratorResponse$飘花落叶言子楪世苏哲兰.smali	765	.method public buildPartial()Lcom/google/protobuf/compiler/PluginProtos$CodeGeneratorResponse;
smali\com\google\protobuf\compiler\PluginProtos$CodeGeneratorResponse$飘花落叶言子楪世苏哲兰.smali	769	    new-instance v0, Lcom/google/protobuf/compiler/PluginProtos$CodeGeneratorResponse;
smali\com\google\protobuf\compiler\PluginProtos$CodeGeneratorResponse$飘花落叶言子楪世苏哲兰.smali	776	    invoke-direct {v0, p0, v1}, Lcom/google/protobuf/compiler/PluginProtos$CodeGeneratorResponse;-><init>(Lcom/google/protobuf/GeneratedMessage$飘花落叶言子楪世苏哲兰;L飘花落叶言楪哲苏子世兰/飘花落叶言子楪世苏哲兰;)V
smali\com\google\protobuf\compiler\PluginProtos$CodeGeneratorResponse$飘花落叶言子楪世苏哲兰.smali	781	    invoke-direct {p0, v0}, Lcom/google/protobuf/compiler/PluginProtos$CodeGeneratorResponse$飘花落叶言子楪世苏哲兰;->buildPartialRepeatedFields(Lcom/google/protobuf/compiler/PluginProtos$CodeGeneratorResponse;)V
smali\com\google\protobuf\compiler\PluginProtos$CodeGeneratorResponse$飘花落叶言子楪世苏哲兰.smali	786	    iget v1, p0, Lcom/google/protobuf/compiler/PluginProtos$CodeGeneratorResponse$飘花落叶言子楪世苏哲兰;->bitField0_:I
smali\com\google\protobuf\compiler\PluginProtos$CodeGeneratorResponse$飘花落叶言子楪世苏哲兰.smali	794	    invoke-direct {p0, v0}, Lcom/google/protobuf/compiler/PluginProtos$CodeGeneratorResponse$飘花落叶言子楪世苏哲兰;->buildPartial0(Lcom/google/protobuf/compiler/PluginProtos$CodeGeneratorResponse;)V
smali\com\google\protobuf\compiler\PluginProtos$CodeGeneratorResponse$飘花落叶言子楪世苏哲兰.smali	812	    invoke-virtual {p0}, Lcom/google/protobuf/compiler/PluginProtos$CodeGeneratorResponse$飘花落叶言子楪世苏哲兰;->buildPartial()Lcom/google/protobuf/compiler/PluginProtos$CodeGeneratorResponse;
smali\com\google\protobuf\compiler\PluginProtos$CodeGeneratorResponse$飘花落叶言子楪世苏哲兰.smali	823	    invoke-virtual {p0}, Lcom/google/protobuf/compiler/PluginProtos$CodeGeneratorResponse$飘花落叶言子楪世苏哲兰;->buildPartial()Lcom/google/protobuf/compiler/PluginProtos$CodeGeneratorResponse;
smali\com\google\protobuf\compiler\PluginProtos$CodeGeneratorResponse$飘花落叶言子楪世苏哲兰.smali	834	    invoke-virtual {p0}, Lcom/google/protobuf/compiler/PluginProtos$CodeGeneratorResponse$飘花落叶言子楪世苏哲兰;->clear()Lcom/google/protobuf/compiler/PluginProtos$CodeGeneratorResponse$飘花落叶言子楪世苏哲兰;
smali\com\google\protobuf\compiler\PluginProtos$CodeGeneratorResponse$飘花落叶言子楪世苏哲兰.smali	841	.method public clear()Lcom/google/protobuf/compiler/PluginProtos$CodeGeneratorResponse$飘花落叶言子楪世苏哲兰;
smali\com\google\protobuf\compiler\PluginProtos$CodeGeneratorResponse$飘花落叶言子楪世苏哲兰.smali	853	    iput v0, p0, Lcom/google/protobuf/compiler/PluginProtos$CodeGeneratorResponse$飘花落叶言子楪世苏哲兰;->bitField0_:I
smali\com\google\protobuf\compiler\PluginProtos$CodeGeneratorResponse$飘花落叶言子楪世苏哲兰.smali	861	    iput-object v1, p0, Lcom/google/protobuf/compiler/PluginProtos$CodeGeneratorResponse$飘花落叶言子楪世苏哲兰;->error_:Ljava/lang/Object;
smali\com\google\protobuf\compiler\PluginProtos$CodeGeneratorResponse$飘花落叶言子楪世苏哲兰.smali	869	    iput-wide v1, p0, Lcom/google/protobuf/compiler/PluginProtos$CodeGeneratorResponse$飘花落叶言子楪世苏哲兰;->supportedFeatures_:J
smali\com\google\protobuf\compiler\PluginProtos$CodeGeneratorResponse$飘花落叶言子楪世苏哲兰.smali	873	    iput v0, p0, Lcom/google/protobuf/compiler/PluginProtos$CodeGeneratorResponse$飘花落叶言子楪世苏哲兰;->minimumEdition_:I
smali\com\google\protobuf\compiler\PluginProtos$CodeGeneratorResponse$飘花落叶言子楪世苏哲兰.smali	877	    iput v0, p0, Lcom/google/protobuf/compiler/PluginProtos$CodeGeneratorResponse$飘花落叶言子楪世苏哲兰;->maximumEdition_:I
smali\com\google\protobuf\compiler\PluginProtos$CodeGeneratorResponse$飘花落叶言子楪世苏哲兰.smali	881	    iget-object v0, p0, Lcom/google/protobuf/compiler/PluginProtos$CodeGeneratorResponse$飘花落叶言子楪世苏哲兰;->fileBuilder_:Lcom/google/protobuf/飘花落叶言世哲兰苏子楪;
smali\com\google\protobuf\compiler\PluginProtos$CodeGeneratorResponse$飘花落叶言子楪世苏哲兰.smali	893	    iput-object v0, p0, Lcom/google/protobuf/compiler/PluginProtos$CodeGeneratorResponse$飘花落叶言子楪世苏哲兰;->file_:Ljava/util/List;
smali\com\google\protobuf\compiler\PluginProtos$CodeGeneratorResponse$飘花落叶言子楪世苏哲兰.smali	904	    iput-object v1, p0, Lcom/google/protobuf/compiler/PluginProtos$CodeGeneratorResponse$飘花落叶言子楪世苏哲兰;->file_:Ljava/util/List;
smali\com\google\protobuf\compiler\PluginProtos$CodeGeneratorResponse$飘花落叶言子楪世苏哲兰.smali	914	    iget v0, p0, Lcom/google/protobuf/compiler/PluginProtos$CodeGeneratorResponse$飘花落叶言子楪世苏哲兰;->bitField0_:I
smali\com\google\protobuf\compiler\PluginProtos$CodeGeneratorResponse$飘花落叶言子楪世苏哲兰.smali	922	    iput v0, p0, Lcom/google/protobuf/compiler/PluginProtos$CodeGeneratorResponse$飘花落叶言子楪世苏哲兰;->bitField0_:I
smali\com\google\protobuf\compiler\PluginProtos$CodeGeneratorResponse$飘花落叶言子楪世苏哲兰.smali	933	    invoke-virtual {p0}, Lcom/google/protobuf/compiler/PluginProtos$CodeGeneratorResponse$飘花落叶言子楪世苏哲兰;->clear()Lcom/google/protobuf/compiler/PluginProtos$CodeGeneratorResponse$飘花落叶言子楪世苏哲兰;
smali\com\google\protobuf\compiler\PluginProtos$CodeGeneratorResponse$飘花落叶言子楪世苏哲兰.smali	944	    invoke-virtual {p0}, Lcom/google/protobuf/compiler/PluginProtos$CodeGeneratorResponse$飘花落叶言子楪世苏哲兰;->clear()Lcom/google/protobuf/compiler/PluginProtos$CodeGeneratorResponse$飘花落叶言子楪世苏哲兰;
smali\com\google\protobuf\compiler\PluginProtos$CodeGeneratorResponse$飘花落叶言子楪世苏哲兰.smali	955	    invoke-virtual {p0}, Lcom/google/protobuf/compiler/PluginProtos$CodeGeneratorResponse$飘花落叶言子楪世苏哲兰;->clear()Lcom/google/protobuf/compiler/PluginProtos$CodeGeneratorResponse$飘花落叶言子楪世苏哲兰;
smali\com\google\protobuf\compiler\PluginProtos$CodeGeneratorResponse$飘花落叶言子楪世苏哲兰.smali	962	.method public clearError()Lcom/google/protobuf/compiler/PluginProtos$CodeGeneratorResponse$飘花落叶言子楪世苏哲兰;
smali\com\google\protobuf\compiler\PluginProtos$CodeGeneratorResponse$飘花落叶言子楪世苏哲兰.smali	966	    invoke-static {}, Lcom/google/protobuf/compiler/PluginProtos$CodeGeneratorResponse;->getDefaultInstance()Lcom/google/protobuf/compiler/PluginProtos$CodeGeneratorResponse;
smali\com\google\protobuf\compiler\PluginProtos$CodeGeneratorResponse$飘花落叶言子楪世苏哲兰.smali	974	    invoke-virtual {v0}, Lcom/google/protobuf/compiler/PluginProtos$CodeGeneratorResponse;->getError()Ljava/lang/String;
smali\com\google\protobuf\compiler\PluginProtos$CodeGeneratorResponse$飘花落叶言子楪世苏哲兰.smali	982	    iput-object v0, p0, Lcom/google/protobuf/compiler/PluginProtos$CodeGeneratorResponse$飘花落叶言子楪世苏哲兰;->error_:Ljava/lang/Object;
smali\com\google\protobuf\compiler\PluginProtos$CodeGeneratorResponse$飘花落叶言子楪世苏哲兰.smali	986	    iget v0, p0, Lcom/google/protobuf/compiler/PluginProtos$CodeGeneratorResponse$飘花落叶言子楪世苏哲兰;->bitField0_:I
smali\com\google\protobuf\compiler\PluginProtos$CodeGeneratorResponse$飘花落叶言子楪世苏哲兰.smali	994	    iput v0, p0, Lcom/google/protobuf/compiler/PluginProtos$CodeGeneratorResponse$飘花落叶言子楪世苏哲兰;->bitField0_:I
smali\com\google\protobuf\compiler\PluginProtos$CodeGeneratorResponse$飘花落叶言子楪世苏哲兰.smali	1006	.method public clearFile()Lcom/google/protobuf/compiler/PluginProtos$CodeGeneratorResponse$飘花落叶言子楪世苏哲兰;
smali\com\google\protobuf\compiler\PluginProtos$CodeGeneratorResponse$飘花落叶言子楪世苏哲兰.smali	1010	    iget-object v0, p0, Lcom/google/protobuf/compiler/PluginProtos$CodeGeneratorResponse$飘花落叶言子楪世苏哲兰;->fileBuilder_:Lcom/google/protobuf/飘花落叶言世哲兰苏子楪;
smali\com\google\protobuf\compiler\PluginProtos$CodeGeneratorResponse$飘花落叶言子楪世苏哲兰.smali	1022	    iput-object v0, p0, Lcom/google/protobuf/compiler/PluginProtos$CodeGeneratorResponse$飘花落叶言子楪世苏哲兰;->file_:Ljava/util/List;
smali\com\google\protobuf\compiler\PluginProtos$CodeGeneratorResponse$飘花落叶言子楪世苏哲兰.smali	1026	    iget v0, p0, Lcom/google/protobuf/compiler/PluginProtos$CodeGeneratorResponse$飘花落叶言子楪世苏哲兰;->bitField0_:I
smali\com\google\protobuf\compiler\PluginProtos$CodeGeneratorResponse$飘花落叶言子楪世苏哲兰.smali	1034	    iput v0, p0, Lcom/google/protobuf/compiler/PluginProtos$CodeGeneratorResponse$飘花落叶言子楪世苏哲兰;->bitField0_:I
smali\com\google\protobuf\compiler\PluginProtos$CodeGeneratorResponse$飘花落叶言子楪世苏哲兰.smali	1055	.method public clearMaximumEdition()Lcom/google/protobuf/compiler/PluginProtos$CodeGeneratorResponse$飘花落叶言子楪世苏哲兰;
smali\com\google\protobuf\compiler\PluginProtos$CodeGeneratorResponse$飘花落叶言子楪世苏哲兰.smali	1059	    iget v0, p0, Lcom/google/protobuf/compiler/PluginProtos$CodeGeneratorResponse$飘花落叶言子楪世苏哲兰;->bitField0_:I
smali\com\google\protobuf\compiler\PluginProtos$CodeGeneratorResponse$飘花落叶言子楪世苏哲兰.smali	1067	    iput v0, p0, Lcom/google/protobuf/compiler/PluginProtos$CodeGeneratorResponse$飘花落叶言子楪世苏哲兰;->bitField0_:I
smali\com\google\protobuf\compiler\PluginProtos$CodeGeneratorResponse$飘花落叶言子楪世苏哲兰.smali	1074	    iput v0, p0, Lcom/google/protobuf/compiler/PluginProtos$CodeGeneratorResponse$飘花落叶言子楪世苏哲兰;->maximumEdition_:I
smali\com\google\protobuf\compiler\PluginProtos$CodeGeneratorResponse$飘花落叶言子楪世苏哲兰.smali	1086	.method public clearMinimumEdition()Lcom/google/protobuf/compiler/PluginProtos$CodeGeneratorResponse$飘花落叶言子楪世苏哲兰;
smali\com\google\protobuf\compiler\PluginProtos$CodeGeneratorResponse$飘花落叶言子楪世苏哲兰.smali	1090	    iget v0, p0, Lcom/google/protobuf/compiler/PluginProtos$CodeGeneratorResponse$飘花落叶言子楪世苏哲兰;->bitField0_:I
smali\com\google\protobuf\compiler\PluginProtos$CodeGeneratorResponse$飘花落叶言子楪世苏哲兰.smali	1098	    iput v0, p0, Lcom/google/protobuf/compiler/PluginProtos$CodeGeneratorResponse$飘花落叶言子楪世苏哲兰;->bitField0_:I
smali\com\google\protobuf\compiler\PluginProtos$CodeGeneratorResponse$飘花落叶言子楪世苏哲兰.smali	1105	    iput v0, p0, Lcom/google/protobuf/compiler/PluginProtos$CodeGeneratorResponse$飘花落叶言子楪世苏哲兰;->minimumEdition_:I
smali\com\google\protobuf\compiler\PluginProtos$CodeGeneratorResponse$飘花落叶言子楪世苏哲兰.smali	1117	.method public clearSupportedFeatures()Lcom/google/protobuf/compiler/PluginProtos$CodeGeneratorResponse$飘花落叶言子楪世苏哲兰;
smali\com\google\protobuf\compiler\PluginProtos$CodeGeneratorResponse$飘花落叶言子楪世苏哲兰.smali	1121	    iget v0, p0, Lcom/google/protobuf/compiler/PluginProtos$CodeGeneratorResponse$飘花落叶言子楪世苏哲兰;->bitField0_:I
smali\com\google\protobuf\compiler\PluginProtos$CodeGeneratorResponse$飘花落叶言子楪世苏哲兰.smali	1129	    iput v0, p0, Lcom/google/protobuf/compiler/PluginProtos$CodeGeneratorResponse$飘花落叶言子楪世苏哲兰;->bitField0_:I
smali\com\google\protobuf\compiler\PluginProtos$CodeGeneratorResponse$飘花落叶言子楪世苏哲兰.smali	1137	    iput-wide v0, p0, Lcom/google/protobuf/compiler/PluginProtos$CodeGeneratorResponse$飘花落叶言子楪世苏哲兰;->supportedFeatures_:J
smali\com\google\protobuf\compiler\PluginProtos$CodeGeneratorResponse$飘花落叶言子楪世苏哲兰.smali	1149	.method public getDefaultInstanceForType()Lcom/google/protobuf/compiler/PluginProtos$CodeGeneratorResponse;
smali\com\google\protobuf\compiler\PluginProtos$CodeGeneratorResponse$飘花落叶言子楪世苏哲兰.smali	1153	    invoke-static {}, Lcom/google/protobuf/compiler/PluginProtos$CodeGeneratorResponse;->getDefaultInstance()Lcom/google/protobuf/compiler/PluginProtos$CodeGeneratorResponse;
smali\com\google\protobuf\compiler\PluginProtos$CodeGeneratorResponse$飘花落叶言子楪世苏哲兰.smali	1164	    invoke-virtual {p0}, Lcom/google/protobuf/compiler/PluginProtos$CodeGeneratorResponse$飘花落叶言子楪世苏哲兰;->getDefaultInstanceForType()Lcom/google/protobuf/compiler/PluginProtos$CodeGeneratorResponse;
smali\com\google\protobuf\compiler\PluginProtos$CodeGeneratorResponse$飘花落叶言子楪世苏哲兰.smali	1175	    invoke-virtual {p0}, Lcom/google/protobuf/compiler/PluginProtos$CodeGeneratorResponse$飘花落叶言子楪世苏哲兰;->getDefaultInstanceForType()Lcom/google/protobuf/compiler/PluginProtos$CodeGeneratorResponse;
smali\com\google\protobuf\compiler\PluginProtos$CodeGeneratorResponse$飘花落叶言子楪世苏哲兰.smali	1201	    iget-object v0, p0, Lcom/google/protobuf/compiler/PluginProtos$CodeGeneratorResponse$飘花落叶言子楪世苏哲兰;->error_:Ljava/lang/Object;
smali\com\google\protobuf\compiler\PluginProtos$CodeGeneratorResponse$飘花落叶言子楪世苏哲兰.smali	1237	    iput-object v1, p0, Lcom/google/protobuf/compiler/PluginProtos$CodeGeneratorResponse$飘花落叶言子楪世苏哲兰;->error_:Ljava/lang/Object;
smali\com\google\protobuf\compiler\PluginProtos$CodeGeneratorResponse$飘花落叶言子楪世苏哲兰.smali	1257	    iget-object v0, p0, Lcom/google/protobuf/compiler/PluginProtos$CodeGeneratorResponse$飘花落叶言子楪世苏哲兰;->error_:Ljava/lang/Object;
smali\com\google\protobuf\compiler\PluginProtos$CodeGeneratorResponse$飘花落叶言子楪世苏哲兰.smali	1281	    iput-object v0, p0, Lcom/google/protobuf/compiler/PluginProtos$CodeGeneratorResponse$飘花落叶言子楪世苏哲兰;->error_:Ljava/lang/Object;
smali\com\google\protobuf\compiler\PluginProtos$CodeGeneratorResponse$飘花落叶言子楪世苏哲兰.smali	1296	.method public getFile(I)Lcom/google/protobuf/compiler/PluginProtos$CodeGeneratorResponse$File;
smali\com\google\protobuf\compiler\PluginProtos$CodeGeneratorResponse$飘花落叶言子楪世苏哲兰.smali	1300	    iget-object v0, p0, Lcom/google/protobuf/compiler/PluginProtos$CodeGeneratorResponse$飘花落叶言子楪世苏哲兰;->fileBuilder_:Lcom/google/protobuf/飘花落叶言世哲兰苏子楪;
smali\com\google\protobuf\compiler\PluginProtos$CodeGeneratorResponse$飘花落叶言子楪世苏哲兰.smali	1308	    iget-object p0, p0, Lcom/google/protobuf/compiler/PluginProtos$CodeGeneratorResponse$飘花落叶言子楪世苏哲兰;->file_:Ljava/util/List;
smali\com\google\protobuf\compiler\PluginProtos$CodeGeneratorResponse$飘花落叶言子楪世苏哲兰.smali	1320	    check-cast p0, Lcom/google/protobuf/compiler/PluginProtos$CodeGeneratorResponse$File;
smali\com\google\protobuf\compiler\PluginProtos$CodeGeneratorResponse$飘花落叶言子楪世苏哲兰.smali	1339	    check-cast p0, Lcom/google/protobuf/compiler/PluginProtos$CodeGeneratorResponse$File;
smali\com\google\protobuf\compiler\PluginProtos$CodeGeneratorResponse$飘花落叶言子楪世苏哲兰.smali	1346	.method public getFileBuilder(I)Lcom/google/protobuf/compiler/PluginProtos$CodeGeneratorResponse$File$飘花落叶言子楪世苏哲兰;
smali\com\google\protobuf\compiler\PluginProtos$CodeGeneratorResponse$飘花落叶言子楪世苏哲兰.smali	1350	    invoke-direct {p0}, Lcom/google/protobuf/compiler/PluginProtos$CodeGeneratorResponse$飘花落叶言子楪世苏哲兰;->internalGetFileFieldBuilder()Lcom/google/protobuf/飘花落叶言世哲兰苏子楪;
smali\com\google\protobuf\compiler\PluginProtos$CodeGeneratorResponse$飘花落叶言子楪世苏哲兰.smali	1366	    check-cast p0, Lcom/google/protobuf/compiler/PluginProtos$CodeGeneratorResponse$File$飘花落叶言子楪世苏哲兰;
smali\com\google\protobuf\compiler\PluginProtos$CodeGeneratorResponse$飘花落叶言子楪世苏哲兰.smali	1379	            "Lcom/google/protobuf/compiler/PluginProtos$CodeGeneratorResponse$File$\u98d8\u82b1\u843d\u53f6\u8a00\u5b50\u696a\u4e16\u82cf\u54f2\u5170;",
smali\com\google\protobuf\compiler\PluginProtos$CodeGeneratorResponse$飘花落叶言子楪世苏哲兰.smali	1385	    invoke-direct {p0}, Lcom/google/protobuf/compiler/PluginProtos$CodeGeneratorResponse$飘花落叶言子楪世苏哲兰;->internalGetFileFieldBuilder()Lcom/google/protobuf/飘花落叶言世哲兰苏子楪;
smali\com\google\protobuf\compiler\PluginProtos$CodeGeneratorResponse$飘花落叶言子楪世苏哲兰.smali	1408	    iget-object v0, p0, Lcom/google/protobuf/compiler/PluginProtos$CodeGeneratorResponse$飘花落叶言子楪世苏哲兰;->fileBuilder_:Lcom/google/protobuf/飘花落叶言世哲兰苏子楪;
smali\com\google\protobuf\compiler\PluginProtos$CodeGeneratorResponse$飘花落叶言子楪世苏哲兰.smali	1416	    iget-object p0, p0, Lcom/google/protobuf/compiler/PluginProtos$CodeGeneratorResponse$飘花落叶言子楪世苏哲兰;->file_:Ljava/util/List;
smali\com\google\protobuf\compiler\PluginProtos$CodeGeneratorResponse$飘花落叶言子楪世苏哲兰.smali	1453	            "Lcom/google/protobuf/compiler/PluginProtos$CodeGeneratorResponse$File;",
smali\com\google\protobuf\compiler\PluginProtos$CodeGeneratorResponse$飘花落叶言子楪世苏哲兰.smali	1459	    iget-object v0, p0, Lcom/google/protobuf/compiler/PluginProtos$CodeGeneratorResponse$飘花落叶言子楪世苏哲兰;->fileBuilder_:Lcom/google/protobuf/飘花落叶言世哲兰苏子楪;
smali\com\google\protobuf\compiler\PluginProtos$CodeGeneratorResponse$飘花落叶言子楪世苏哲兰.smali	1467	    iget-object p0, p0, Lcom/google/protobuf/compiler/PluginProtos$CodeGeneratorResponse$飘花落叶言子楪世苏哲兰;->file_:Ljava/util/List;
smali\com\google\protobuf\compiler\PluginProtos$CodeGeneratorResponse$飘花落叶言子楪世苏哲兰.smali	1498	    iget-object v0, p0, Lcom/google/protobuf/compiler/PluginProtos$CodeGeneratorResponse$飘花落叶言子楪世苏哲兰;->fileBuilder_:Lcom/google/protobuf/飘花落叶言世哲兰苏子楪;
smali\com\google\protobuf\compiler\PluginProtos$CodeGeneratorResponse$飘花落叶言子楪世苏哲兰.smali	1506	    iget-object p0, p0, Lcom/google/protobuf/compiler/PluginProtos$CodeGeneratorResponse$飘花落叶言子楪世苏哲兰;->file_:Ljava/util/List;
smali\com\google\protobuf\compiler\PluginProtos$CodeGeneratorResponse$飘花落叶言子楪世苏哲兰.smali	1554	    iget-object v0, p0, Lcom/google/protobuf/compiler/PluginProtos$CodeGeneratorResponse$飘花落叶言子楪世苏哲兰;->fileBuilder_:Lcom/google/protobuf/飘花落叶言世哲兰苏子楪;
smali\com\google\protobuf\compiler\PluginProtos$CodeGeneratorResponse$飘花落叶言子楪世苏哲兰.smali	1574	    iget-object p0, p0, Lcom/google/protobuf/compiler/PluginProtos$CodeGeneratorResponse$飘花落叶言子楪世苏哲兰;->file_:Ljava/util/List;
smali\com\google\protobuf\compiler\PluginProtos$CodeGeneratorResponse$飘花落叶言子楪世苏哲兰.smali	1593	    iget p0, p0, Lcom/google/protobuf/compiler/PluginProtos$CodeGeneratorResponse$飘花落叶言子楪世苏哲兰;->maximumEdition_:I
smali\com\google\protobuf\compiler\PluginProtos$CodeGeneratorResponse$飘花落叶言子楪世苏哲兰.smali	1604	    iget p0, p0, Lcom/google/protobuf/compiler/PluginProtos$CodeGeneratorResponse$飘花落叶言子楪世苏哲兰;->minimumEdition_:I
smali\com\google\protobuf\compiler\PluginProtos$CodeGeneratorResponse$飘花落叶言子楪世苏哲兰.smali	1615	    iget-wide v0, p0, Lcom/google/protobuf/compiler/PluginProtos$CodeGeneratorResponse$飘花落叶言子楪世苏哲兰;->supportedFeatures_:J
smali\com\google\protobuf\compiler\PluginProtos$CodeGeneratorResponse$飘花落叶言子楪世苏哲兰.smali	1626	    iget p0, p0, Lcom/google/protobuf/compiler/PluginProtos$CodeGeneratorResponse$飘花落叶言子楪世苏哲兰;->bitField0_:I
smali\com\google\protobuf\compiler\PluginProtos$CodeGeneratorResponse$飘花落叶言子楪世苏哲兰.smali	1654	    iget p0, p0, Lcom/google/protobuf/compiler/PluginProtos$CodeGeneratorResponse$飘花落叶言子楪世苏哲兰;->bitField0_:I
smali\com\google\protobuf\compiler\PluginProtos$CodeGeneratorResponse$飘花落叶言子楪世苏哲兰.smali	1683	    iget p0, p0, Lcom/google/protobuf/compiler/PluginProtos$CodeGeneratorResponse$飘花落叶言子楪世苏哲兰;->bitField0_:I
smali\com\google\protobuf\compiler\PluginProtos$CodeGeneratorResponse$飘花落叶言子楪世苏哲兰.smali	1712	    iget p0, p0, Lcom/google/protobuf/compiler/PluginProtos$CodeGeneratorResponse$飘花落叶言子楪世苏哲兰;->bitField0_:I
smali\com\google\protobuf\compiler\PluginProtos$CodeGeneratorResponse$飘花落叶言子楪世苏哲兰.smali	1745	    const-class v0, Lcom/google/protobuf/compiler/PluginProtos$CodeGeneratorResponse;
smali\com\google\protobuf\compiler\PluginProtos$CodeGeneratorResponse$飘花落叶言子楪世苏哲兰.smali	1749	    const-class v1, Lcom/google/protobuf/compiler/PluginProtos$CodeGeneratorResponse$飘花落叶言子楪世苏哲兰;
smali\com\google\protobuf\compiler\PluginProtos$CodeGeneratorResponse$飘花落叶言子楪世苏哲兰.smali	1771	.method public mergeFrom(Lcom/google/protobuf/compiler/PluginProtos$CodeGeneratorResponse;)Lcom/google/protobuf/compiler/PluginProtos$CodeGeneratorResponse$飘花落叶言子楪世苏哲兰;
smali\com\google\protobuf\compiler\PluginProtos$CodeGeneratorResponse$飘花落叶言子楪世苏哲兰.smali	1775	    invoke-static {}, Lcom/google/protobuf/compiler/PluginProtos$CodeGeneratorResponse;->getDefaultInstance()Lcom/google/protobuf/compiler/PluginProtos$CodeGeneratorResponse;
smali\com\google\protobuf\compiler\PluginProtos$CodeGeneratorResponse$飘花落叶言子楪世苏哲兰.smali	1791	    invoke-virtual {p1}, Lcom/google/protobuf/compiler/PluginProtos$CodeGeneratorResponse;->hasError()Z
smali\com\google\protobuf\compiler\PluginProtos$CodeGeneratorResponse$飘花落叶言子楪世苏哲兰.smali	1803	    invoke-static {p1}, Lcom/google/protobuf/compiler/PluginProtos$CodeGeneratorResponse;->access$4100(Lcom/google/protobuf/compiler/PluginProtos$CodeGeneratorResponse;)Ljava/lang/Object;
smali\com\google\protobuf\compiler\PluginProtos$CodeGeneratorResponse$飘花落叶言子楪世苏哲兰.smali	1811	    iput-object v0, p0, Lcom/google/protobuf/compiler/PluginProtos$CodeGeneratorResponse$飘花落叶言子楪世苏哲兰;->error_:Ljava/lang/Object;
smali\com\google\protobuf\compiler\PluginProtos$CodeGeneratorResponse$飘花落叶言子楪世苏哲兰.smali	1815	    iget v0, p0, Lcom/google/protobuf/compiler/PluginProtos$CodeGeneratorResponse$飘花落叶言子楪世苏哲兰;->bitField0_:I
smali\com\google\protobuf\compiler\PluginProtos$CodeGeneratorResponse$飘花落叶言子楪世苏哲兰.smali	1823	    iput v0, p0, Lcom/google/protobuf/compiler/PluginProtos$CodeGeneratorResponse$飘花落叶言子楪世苏哲兰;->bitField0_:I
smali\com\google\protobuf\compiler\PluginProtos$CodeGeneratorResponse$飘花落叶言子楪世苏哲兰.smali	1833	    invoke-virtual {p1}, Lcom/google/protobuf/compiler/PluginProtos$CodeGeneratorResponse;->hasSupportedFeatures()Z
smali\com\google\protobuf\compiler\PluginProtos$CodeGeneratorResponse$飘花落叶言子楪世苏哲兰.smali	1845	    invoke-virtual {p1}, Lcom/google/protobuf/compiler/PluginProtos$CodeGeneratorResponse;->getSupportedFeatures()J
smali\com\google\protobuf\compiler\PluginProtos$CodeGeneratorResponse$飘花落叶言子楪世苏哲兰.smali	1853	    invoke-virtual {p0, v0, v1}, Lcom/google/protobuf/compiler/PluginProtos$CodeGeneratorResponse$飘花落叶言子楪世苏哲兰;->setSupportedFeatures(J)Lcom/google/protobuf/compiler/PluginProtos$CodeGeneratorResponse$飘花落叶言子楪世苏哲兰;
smali\com\google\protobuf\compiler\PluginProtos$CodeGeneratorResponse$飘花落叶言子楪世苏哲兰.smali	1859	    invoke-virtual {p1}, Lcom/google/protobuf/compiler/PluginProtos$CodeGeneratorResponse;->hasMinimumEdition()Z
smali\com\google\protobuf\compiler\PluginProtos$CodeGeneratorResponse$飘花落叶言子楪世苏哲兰.smali	1871	    invoke-virtual {p1}, Lcom/google/protobuf/compiler/PluginProtos$CodeGeneratorResponse;->getMinimumEdition()I
smali\com\google\protobuf\compiler\PluginProtos$CodeGeneratorResponse$飘花落叶言子楪世苏哲兰.smali	1879	    invoke-virtual {p0, v0}, Lcom/google/protobuf/compiler/PluginProtos$CodeGeneratorResponse$飘花落叶言子楪世苏哲兰;->setMinimumEdition(I)Lcom/google/protobuf/compiler/PluginProtos$CodeGeneratorResponse$飘花落叶言子楪世苏哲兰;
smali\com\google\protobuf\compiler\PluginProtos$CodeGeneratorResponse$飘花落叶言子楪世苏哲兰.smali	1885	    invoke-virtual {p1}, Lcom/google/protobuf/compiler/PluginProtos$CodeGeneratorResponse;->hasMaximumEdition()Z
smali\com\google\protobuf\compiler\PluginProtos$CodeGeneratorResponse$飘花落叶言子楪世苏哲兰.smali	1897	    invoke-virtual {p1}, Lcom/google/protobuf/compiler/PluginProtos$CodeGeneratorResponse;->getMaximumEdition()I
smali\com\google\protobuf\compiler\PluginProtos$CodeGeneratorResponse$飘花落叶言子楪世苏哲兰.smali	1905	    invoke-virtual {p0, v0}, Lcom/google/protobuf/compiler/PluginProtos$CodeGeneratorResponse$飘花落叶言子楪世苏哲兰;->setMaximumEdition(I)Lcom/google/protobuf/compiler/PluginProtos$CodeGeneratorResponse$飘花落叶言子楪世苏哲兰;
smali\com\google\protobuf\compiler\PluginProtos$CodeGeneratorResponse$飘花落叶言子楪世苏哲兰.smali	1911	    iget-object v0, p0, Lcom/google/protobuf/compiler/PluginProtos$CodeGeneratorResponse$飘花落叶言子楪世苏哲兰;->fileBuilder_:Lcom/google/protobuf/飘花落叶言世哲兰苏子楪;
smali\com\google\protobuf\compiler\PluginProtos$CodeGeneratorResponse$飘花落叶言子楪世苏哲兰.smali	1919	    invoke-static {p1}, Lcom/google/protobuf/compiler/PluginProtos$CodeGeneratorResponse;->access$4000(Lcom/google/protobuf/compiler/PluginProtos$CodeGeneratorResponse;)Ljava/util/List;
smali\com\google\protobuf\compiler\PluginProtos$CodeGeneratorResponse$飘花落叶言子楪世苏哲兰.smali	1939	    iget-object v0, p0, Lcom/google/protobuf/compiler/PluginProtos$CodeGeneratorResponse$飘花落叶言子楪世苏哲兰;->file_:Ljava/util/List;
smali\com\google\protobuf\compiler\PluginProtos$CodeGeneratorResponse$飘花落叶言子楪世苏哲兰.smali	1955	    invoke-static {p1}, Lcom/google/protobuf/compiler/PluginProtos$CodeGeneratorResponse;->access$4000(Lcom/google/protobuf/compiler/PluginProtos$CodeGeneratorResponse;)Ljava/util/List;
smali\com\google\protobuf\compiler\PluginProtos$CodeGeneratorResponse$飘花落叶言子楪世苏哲兰.smali	1963	    iput-object v0, p0, Lcom/google/protobuf/compiler/PluginProtos$CodeGeneratorResponse$飘花落叶言子楪世苏哲兰;->file_:Ljava/util/List;
smali\com\google\protobuf\compiler\PluginProtos$CodeGeneratorResponse$飘花落叶言子楪世苏哲兰.smali	1967	    iget v0, p0, Lcom/google/protobuf/compiler/PluginProtos$CodeGeneratorResponse$飘花落叶言子楪世苏哲兰;->bitField0_:I
smali\com\google\protobuf\compiler\PluginProtos$CodeGeneratorResponse$飘花落叶言子楪世苏哲兰.smali	1975	    iput v0, p0, Lcom/google/protobuf/compiler/PluginProtos$CodeGeneratorResponse$飘花落叶言子楪世苏哲兰;->bitField0_:I
smali\com\google\protobuf\compiler\PluginProtos$CodeGeneratorResponse$飘花落叶言子楪世苏哲兰.smali	1983	    invoke-direct {p0}, Lcom/google/protobuf/compiler/PluginProtos$CodeGeneratorResponse$飘花落叶言子楪世苏哲兰;->ensureFileIsMutable()V
smali\com\google\protobuf\compiler\PluginProtos$CodeGeneratorResponse$飘花落叶言子楪世苏哲兰.smali	1988	    iget-object v0, p0, Lcom/google/protobuf/compiler/PluginProtos$CodeGeneratorResponse$飘花落叶言子楪世苏哲兰;->file_:Ljava/util/List;
smali\com\google\protobuf\compiler\PluginProtos$CodeGeneratorResponse$飘花落叶言子楪世苏哲兰.smali	1992	    invoke-static {p1}, Lcom/google/protobuf/compiler/PluginProtos$CodeGeneratorResponse;->access$4000(Lcom/google/protobuf/compiler/PluginProtos$CodeGeneratorResponse;)Ljava/util/List;
smali\com\google\protobuf\compiler\PluginProtos$CodeGeneratorResponse$飘花落叶言子楪世苏哲兰.smali	2015	    invoke-static {p1}, Lcom/google/protobuf/compiler/PluginProtos$CodeGeneratorResponse;->access$4000(Lcom/google/protobuf/compiler/PluginProtos$CodeGeneratorResponse;)Ljava/util/List;
smali\com\google\protobuf\compiler\PluginProtos$CodeGeneratorResponse$飘花落叶言子楪世苏哲兰.smali	2035	    iget-object v0, p0, Lcom/google/protobuf/compiler/PluginProtos$CodeGeneratorResponse$飘花落叶言子楪世苏哲兰;->fileBuilder_:Lcom/google/protobuf/飘花落叶言世哲兰苏子楪;
smali\com\google\protobuf\compiler\PluginProtos$CodeGeneratorResponse$飘花落叶言子楪世苏哲兰.smali	2051	    iget-object v1, p0, Lcom/google/protobuf/compiler/PluginProtos$CodeGeneratorResponse$飘花落叶言子楪世苏哲兰;->fileBuilder_:Lcom/google/protobuf/飘花落叶言世哲兰苏子楪;
smali\com\google\protobuf\compiler\PluginProtos$CodeGeneratorResponse$飘花落叶言子楪世苏哲兰.smali	2066	    iput-object v0, p0, Lcom/google/protobuf/compiler/PluginProtos$CodeGeneratorResponse$飘花落叶言子楪世苏哲兰;->fileBuilder_:Lcom/google/protobuf/飘花落叶言世哲兰苏子楪;
smali\com\google\protobuf\compiler\PluginProtos$CodeGeneratorResponse$飘花落叶言子楪世苏哲兰.smali	2070	    invoke-static {p1}, Lcom/google/protobuf/compiler/PluginProtos$CodeGeneratorResponse;->access$4000(Lcom/google/protobuf/compiler/PluginProtos$CodeGeneratorResponse;)Ljava/util/List;
smali\com\google\protobuf\compiler\PluginProtos$CodeGeneratorResponse$飘花落叶言子楪世苏哲兰.smali	2078	    iput-object v1, p0, Lcom/google/protobuf/compiler/PluginProtos$CodeGeneratorResponse$飘花落叶言子楪世苏哲兰;->file_:Ljava/util/List;
smali\com\google\protobuf\compiler\PluginProtos$CodeGeneratorResponse$飘花落叶言子楪世苏哲兰.smali	2082	    iget v1, p0, Lcom/google/protobuf/compiler/PluginProtos$CodeGeneratorResponse$飘花落叶言子楪世苏哲兰;->bitField0_:I
smali\com\google\protobuf\compiler\PluginProtos$CodeGeneratorResponse$飘花落叶言子楪世苏哲兰.smali	2090	    iput v1, p0, Lcom/google/protobuf/compiler/PluginProtos$CodeGeneratorResponse$飘花落叶言子楪世苏哲兰;->bitField0_:I
smali\com\google\protobuf\compiler\PluginProtos$CodeGeneratorResponse$飘花落叶言子楪世苏哲兰.smali	2094	    invoke-static {}, Lcom/google/protobuf/compiler/PluginProtos$CodeGeneratorResponse;->access$4600()Z
smali\com\google\protobuf\compiler\PluginProtos$CodeGeneratorResponse$飘花落叶言子楪世苏哲兰.smali	2106	    invoke-direct {p0}, Lcom/google/protobuf/compiler/PluginProtos$CodeGeneratorResponse$飘花落叶言子楪世苏哲兰;->internalGetFileFieldBuilder()Lcom/google/protobuf/飘花落叶言世哲兰苏子楪;
smali\com\google\protobuf\compiler\PluginProtos$CodeGeneratorResponse$飘花落叶言子楪世苏哲兰.smali	2115	    iput-object v0, p0, Lcom/google/protobuf/compiler/PluginProtos$CodeGeneratorResponse$飘花落叶言子楪世苏哲兰;->fileBuilder_:Lcom/google/protobuf/飘花落叶言世哲兰苏子楪;
smali\com\google\protobuf\compiler\PluginProtos$CodeGeneratorResponse$飘花落叶言子楪世苏哲兰.smali	2123	    invoke-static {p1}, Lcom/google/protobuf/compiler/PluginProtos$CodeGeneratorResponse;->access$4000(Lcom/google/protobuf/compiler/PluginProtos$CodeGeneratorResponse;)Ljava/util/List;
smali\com\google\protobuf\compiler\PluginProtos$CodeGeneratorResponse$飘花落叶言子楪世苏哲兰.smali	2159	.method public mergeFrom(Lcom/google/protobuf/飘花落叶言世苏楪哲子兰;)Lcom/google/protobuf/compiler/PluginProtos$CodeGeneratorResponse$飘花落叶言子楪世苏哲兰;
smali\com\google\protobuf\compiler\PluginProtos$CodeGeneratorResponse$飘花落叶言子楪世苏哲兰.smali	2163	    instance-of v0, p1, Lcom/google/protobuf/compiler/PluginProtos$CodeGeneratorResponse;
smali\com\google\protobuf\compiler\PluginProtos$CodeGeneratorResponse$飘花落叶言子楪世苏哲兰.smali	2168	    check-cast p1, Lcom/google/protobuf/compiler/PluginProtos$CodeGeneratorResponse;
smali\com\google\protobuf\compiler\PluginProtos$CodeGeneratorResponse$飘花落叶言子楪世苏哲兰.smali	2170	    invoke-virtual {p0, p1}, Lcom/google/protobuf/compiler/PluginProtos$CodeGeneratorResponse$飘花落叶言子楪世苏哲兰;->mergeFrom(Lcom/google/protobuf/compiler/PluginProtos$CodeGeneratorResponse;)Lcom/google/protobuf/compiler/PluginProtos$CodeGeneratorResponse$飘花落叶言子楪世苏哲兰;
smali\com\google\protobuf\compiler\PluginProtos$CodeGeneratorResponse$飘花落叶言子楪世苏哲兰.smali	2183	.method public mergeFrom(Lcom/google/protobuf/飘花落叶言子世苏兰哲楪;Lcom/google/protobuf/飘花落叶言楪苏子哲兰世;)Lcom/google/protobuf/compiler/PluginProtos$CodeGeneratorResponse$飘花落叶言子楪世苏哲兰;
smali\com\google\protobuf\compiler\PluginProtos$CodeGeneratorResponse$飘花落叶言子楪世苏哲兰.smali	2249	    invoke-static {}, Lcom/google/protobuf/compiler/PluginProtos$CodeGeneratorResponse$File;->parser()Lcom/google/protobuf/飘花落叶言世哲楪苏兰子;
smali\com\google\protobuf\compiler\PluginProtos$CodeGeneratorResponse$飘花落叶言子楪世苏哲兰.smali	2258	    check-cast v1, Lcom/google/protobuf/compiler/PluginProtos$CodeGeneratorResponse$File;
smali\com\google\protobuf\compiler\PluginProtos$CodeGeneratorResponse$飘花落叶言子楪世苏哲兰.smali	2261	    iget-object v2, p0, Lcom/google/protobuf/compiler/PluginProtos$CodeGeneratorResponse$飘花落叶言子楪世苏哲兰;->fileBuilder_:Lcom/google/protobuf/飘花落叶言世哲兰苏子楪;
smali\com\google\protobuf\compiler\PluginProtos$CodeGeneratorResponse$飘花落叶言子楪世苏哲兰.smali	2266	    invoke-direct {p0}, Lcom/google/protobuf/compiler/PluginProtos$CodeGeneratorResponse$飘花落叶言子楪世苏哲兰;->ensureFileIsMutable()V
smali\com\google\protobuf\compiler\PluginProtos$CodeGeneratorResponse$飘花落叶言子楪世苏哲兰.smali	2269	    iget-object v2, p0, Lcom/google/protobuf/compiler/PluginProtos$CodeGeneratorResponse$飘花落叶言子楪世苏哲兰;->file_:Ljava/util/List;
smali\com\google\protobuf\compiler\PluginProtos$CodeGeneratorResponse$飘花落叶言子楪世苏哲兰.smali	2287	    iput v1, p0, Lcom/google/protobuf/compiler/PluginProtos$CodeGeneratorResponse$飘花落叶言子楪世苏哲兰;->maximumEdition_:I
smali\com\google\protobuf\compiler\PluginProtos$CodeGeneratorResponse$飘花落叶言子楪世苏哲兰.smali	2290	    iget v1, p0, Lcom/google/protobuf/compiler/PluginProtos$CodeGeneratorResponse$飘花落叶言子楪世苏哲兰;->bitField0_:I
smali\com\google\protobuf\compiler\PluginProtos$CodeGeneratorResponse$飘花落叶言子楪世苏哲兰.smali	2294	    iput v1, p0, Lcom/google/protobuf/compiler/PluginProtos$CodeGeneratorResponse$飘花落叶言子楪世苏哲兰;->bitField0_:I
smali\com\google\protobuf\compiler\PluginProtos$CodeGeneratorResponse$飘花落叶言子楪世苏哲兰.smali	2304	    iput v1, p0, Lcom/google/protobuf/compiler/PluginProtos$CodeGeneratorResponse$飘花落叶言子楪世苏哲兰;->minimumEdition_:I
smali\com\google\protobuf\compiler\PluginProtos$CodeGeneratorResponse$飘花落叶言子楪世苏哲兰.smali	2307	    iget v1, p0, Lcom/google/protobuf/compiler/PluginProtos$CodeGeneratorResponse$飘花落叶言子楪世苏哲兰;->bitField0_:I
smali\com\google\protobuf\compiler\PluginProtos$CodeGeneratorResponse$飘花落叶言子楪世苏哲兰.smali	2311	    iput v1, p0, Lcom/google/protobuf/compiler/PluginProtos$CodeGeneratorResponse$飘花落叶言子楪世苏哲兰;->bitField0_:I
smali\com\google\protobuf\compiler\PluginProtos$CodeGeneratorResponse$飘花落叶言子楪世苏哲兰.smali	2321	    iput-wide v1, p0, Lcom/google/protobuf/compiler/PluginProtos$CodeGeneratorResponse$飘花落叶言子楪世苏哲兰;->supportedFeatures_:J
smali\com\google\protobuf\compiler\PluginProtos$CodeGeneratorResponse$飘花落叶言子楪世苏哲兰.smali	2324	    iget v1, p0, Lcom/google/protobuf/compiler/PluginProtos$CodeGeneratorResponse$飘花落叶言子楪世苏哲兰;->bitField0_:I
smali\com\google\protobuf\compiler\PluginProtos$CodeGeneratorResponse$飘花落叶言子楪世苏哲兰.smali	2328	    iput v1, p0, Lcom/google/protobuf/compiler/PluginProtos$CodeGeneratorResponse$飘花落叶言子楪世苏哲兰;->bitField0_:I
smali\com\google\protobuf\compiler\PluginProtos$CodeGeneratorResponse$飘花落叶言子楪世苏哲兰.smali	2338	    iput-object v1, p0, Lcom/google/protobuf/compiler/PluginProtos$CodeGeneratorResponse$飘花落叶言子楪世苏哲兰;->error_:Ljava/lang/Object;
smali\com\google\protobuf\compiler\PluginProtos$CodeGeneratorResponse$飘花落叶言子楪世苏哲兰.smali	2341	    iget v1, p0, Lcom/google/protobuf/compiler/PluginProtos$CodeGeneratorResponse$飘花落叶言子楪世苏哲兰;->bitField0_:I
smali\com\google\protobuf\compiler\PluginProtos$CodeGeneratorResponse$飘花落叶言子楪世苏哲兰.smali	2345	    iput v1, p0, Lcom/google/protobuf/compiler/PluginProtos$CodeGeneratorResponse$飘花落叶言子楪世苏哲兰;->bitField0_:I
smali\com\google\protobuf\compiler\PluginProtos$CodeGeneratorResponse$飘花落叶言子楪世苏哲兰.smali	2381	    invoke-virtual {p0, p1, p2}, Lcom/google/protobuf/compiler/PluginProtos$CodeGeneratorResponse$飘花落叶言子楪世苏哲兰;->mergeFrom(Lcom/google/protobuf/飘花落叶言子世苏兰哲楪;Lcom/google/protobuf/飘花落叶言楪苏子哲兰世;)Lcom/google/protobuf/compiler/PluginProtos$CodeGeneratorResponse$飘花落叶言子楪世苏哲兰;
smali\com\google\protobuf\compiler\PluginProtos$CodeGeneratorResponse$飘花落叶言子楪世苏哲兰.smali	2392	    invoke-virtual {p0, p1}, Lcom/google/protobuf/compiler/PluginProtos$CodeGeneratorResponse$飘花落叶言子楪世苏哲兰;->mergeFrom(Lcom/google/protobuf/飘花落叶言世苏楪哲子兰;)Lcom/google/protobuf/compiler/PluginProtos$CodeGeneratorResponse$飘花落叶言子楪世苏哲兰;
smali\com\google\protobuf\compiler\PluginProtos$CodeGeneratorResponse$飘花落叶言子楪世苏哲兰.smali	2403	    invoke-virtual {p0, p1, p2}, Lcom/google/protobuf/compiler/PluginProtos$CodeGeneratorResponse$飘花落叶言子楪世苏哲兰;->mergeFrom(Lcom/google/protobuf/飘花落叶言子世苏兰哲楪;Lcom/google/protobuf/飘花落叶言楪苏子哲兰世;)Lcom/google/protobuf/compiler/PluginProtos$CodeGeneratorResponse$飘花落叶言子楪世苏哲兰;
smali\com\google\protobuf\compiler\PluginProtos$CodeGeneratorResponse$飘花落叶言子楪世苏哲兰.smali	2414	    invoke-virtual {p0, p1, p2}, Lcom/google/protobuf/compiler/PluginProtos$CodeGeneratorResponse$飘花落叶言子楪世苏哲兰;->mergeFrom(Lcom/google/protobuf/飘花落叶言子世苏兰哲楪;Lcom/google/protobuf/飘花落叶言楪苏子哲兰世;)Lcom/google/protobuf/compiler/PluginProtos$CodeGeneratorResponse$飘花落叶言子楪世苏哲兰;
smali\com\google\protobuf\compiler\PluginProtos$CodeGeneratorResponse$飘花落叶言子楪世苏哲兰.smali	2425	    invoke-virtual {p0, p1}, Lcom/google/protobuf/compiler/PluginProtos$CodeGeneratorResponse$飘花落叶言子楪世苏哲兰;->mergeFrom(Lcom/google/protobuf/飘花落叶言世苏楪哲子兰;)Lcom/google/protobuf/compiler/PluginProtos$CodeGeneratorResponse$飘花落叶言子楪世苏哲兰;
smali\com\google\protobuf\compiler\PluginProtos$CodeGeneratorResponse$飘花落叶言子楪世苏哲兰.smali	2436	    invoke-virtual {p0, p1, p2}, Lcom/google/protobuf/compiler/PluginProtos$CodeGeneratorResponse$飘花落叶言子楪世苏哲兰;->mergeFrom(Lcom/google/protobuf/飘花落叶言子世苏兰哲楪;Lcom/google/protobuf/飘花落叶言楪苏子哲兰世;)Lcom/google/protobuf/compiler/PluginProtos$CodeGeneratorResponse$飘花落叶言子楪世苏哲兰;
smali\com\google\protobuf\compiler\PluginProtos$CodeGeneratorResponse$飘花落叶言子楪世苏哲兰.smali	2443	.method public removeFile(I)Lcom/google/protobuf/compiler/PluginProtos$CodeGeneratorResponse$飘花落叶言子楪世苏哲兰;
smali\com\google\protobuf\compiler\PluginProtos$CodeGeneratorResponse$飘花落叶言子楪世苏哲兰.smali	2447	    iget-object v0, p0, Lcom/google/protobuf/compiler/PluginProtos$CodeGeneratorResponse$飘花落叶言子楪世苏哲兰;->fileBuilder_:Lcom/google/protobuf/飘花落叶言世哲兰苏子楪;
smali\com\google\protobuf\compiler\PluginProtos$CodeGeneratorResponse$飘花落叶言子楪世苏哲兰.smali	2455	    invoke-direct {p0}, Lcom/google/protobuf/compiler/PluginProtos$CodeGeneratorResponse$飘花落叶言子楪世苏哲兰;->ensureFileIsMutable()V
smali\com\google\protobuf\compiler\PluginProtos$CodeGeneratorResponse$飘花落叶言子楪世苏哲兰.smali	2460	    iget-object v0, p0, Lcom/google/protobuf/compiler/PluginProtos$CodeGeneratorResponse$飘花落叶言子楪世苏哲兰;->file_:Ljava/util/List;
smali\com\google\protobuf\compiler\PluginProtos$CodeGeneratorResponse$飘花落叶言子楪世苏哲兰.smali	2486	.method public setError(Ljava/lang/String;)Lcom/google/protobuf/compiler/PluginProtos$CodeGeneratorResponse$飘花落叶言子楪世苏哲兰;
smali\com\google\protobuf\compiler\PluginProtos$CodeGeneratorResponse$飘花落叶言子楪世苏哲兰.smali	2495	    iput-object p1, p0, Lcom/google/protobuf/compiler/PluginProtos$CodeGeneratorResponse$飘花落叶言子楪世苏哲兰;->error_:Ljava/lang/Object;
smali\com\google\protobuf\compiler\PluginProtos$CodeGeneratorResponse$飘花落叶言子楪世苏哲兰.smali	2499	    iget p1, p0, Lcom/google/protobuf/compiler/PluginProtos$CodeGeneratorResponse$飘花落叶言子楪世苏哲兰;->bitField0_:I
smali\com\google\protobuf\compiler\PluginProtos$CodeGeneratorResponse$飘花落叶言子楪世苏哲兰.smali	2507	    iput p1, p0, Lcom/google/protobuf/compiler/PluginProtos$CodeGeneratorResponse$飘花落叶言子楪世苏哲兰;->bitField0_:I
smali\com\google\protobuf\compiler\PluginProtos$CodeGeneratorResponse$飘花落叶言子楪世苏哲兰.smali	2519	.method public setErrorBytes(Lcom/google/protobuf/ByteString;)Lcom/google/protobuf/compiler/PluginProtos$CodeGeneratorResponse$飘花落叶言子楪世苏哲兰;
smali\com\google\protobuf\compiler\PluginProtos$CodeGeneratorResponse$飘花落叶言子楪世苏哲兰.smali	2528	    iput-object p1, p0, Lcom/google/protobuf/compiler/PluginProtos$CodeGeneratorResponse$飘花落叶言子楪世苏哲兰;->error_:Ljava/lang/Object;
smali\com\google\protobuf\compiler\PluginProtos$CodeGeneratorResponse$飘花落叶言子楪世苏哲兰.smali	2532	    iget p1, p0, Lcom/google/protobuf/compiler/PluginProtos$CodeGeneratorResponse$飘花落叶言子楪世苏哲兰;->bitField0_:I
smali\com\google\protobuf\compiler\PluginProtos$CodeGeneratorResponse$飘花落叶言子楪世苏哲兰.smali	2540	    iput p1, p0, Lcom/google/protobuf/compiler/PluginProtos$CodeGeneratorResponse$飘花落叶言子楪世苏哲兰;->bitField0_:I
smali\com\google\protobuf\compiler\PluginProtos$CodeGeneratorResponse$飘花落叶言子楪世苏哲兰.smali	2552	.method public setFile(ILcom/google/protobuf/compiler/PluginProtos$CodeGeneratorResponse$File$飘花落叶言子楪世苏哲兰;)Lcom/google/protobuf/compiler/PluginProtos$CodeGeneratorResponse$飘花落叶言子楪世苏哲兰;
smali\com\google\protobuf\compiler\PluginProtos$CodeGeneratorResponse$飘花落叶言子楪世苏哲兰.smali	2556	    iget-object v0, p0, Lcom/google/protobuf/compiler/PluginProtos$CodeGeneratorResponse$飘花落叶言子楪世苏哲兰;->fileBuilder_:Lcom/google/protobuf/飘花落叶言世哲兰苏子楪;
smali\com\google\protobuf\compiler\PluginProtos$CodeGeneratorResponse$飘花落叶言子楪世苏哲兰.smali	2564	    invoke-direct {p0}, Lcom/google/protobuf/compiler/PluginProtos$CodeGeneratorResponse$飘花落叶言子楪世苏哲兰;->ensureFileIsMutable()V
smali\com\google\protobuf\compiler\PluginProtos$CodeGeneratorResponse$飘花落叶言子楪世苏哲兰.smali	2569	    iget-object v0, p0, Lcom/google/protobuf/compiler/PluginProtos$CodeGeneratorResponse$飘花落叶言子楪世苏哲兰;->file_:Ljava/util/List;
smali\com\google\protobuf\compiler\PluginProtos$CodeGeneratorResponse$飘花落叶言子楪世苏哲兰.smali	2573	    invoke-virtual {p2}, Lcom/google/protobuf/compiler/PluginProtos$CodeGeneratorResponse$File$飘花落叶言子楪世苏哲兰;->build()Lcom/google/protobuf/compiler/PluginProtos$CodeGeneratorResponse$File;
smali\com\google\protobuf\compiler\PluginProtos$CodeGeneratorResponse$飘花落叶言子楪世苏哲兰.smali	2595	    invoke-virtual {p2}, Lcom/google/protobuf/compiler/PluginProtos$CodeGeneratorResponse$File$飘花落叶言子楪世苏哲兰;->build()Lcom/google/protobuf/compiler/PluginProtos$CodeGeneratorResponse$File;
smali\com\google\protobuf\compiler\PluginProtos$CodeGeneratorResponse$飘花落叶言子楪世苏哲兰.smali	2611	.method public setFile(ILcom/google/protobuf/compiler/PluginProtos$CodeGeneratorResponse$File;)Lcom/google/protobuf/compiler/PluginProtos$CodeGeneratorResponse$飘花落叶言子楪世苏哲兰;
smali\com\google\protobuf\compiler\PluginProtos$CodeGeneratorResponse$飘花落叶言子楪世苏哲兰.smali	2615	    iget-object v0, p0, Lcom/google/protobuf/compiler/PluginProtos$CodeGeneratorResponse$飘花落叶言子楪世苏哲兰;->fileBuilder_:Lcom/google/protobuf/飘花落叶言世哲兰苏子楪;
smali\com\google\protobuf\compiler\PluginProtos$CodeGeneratorResponse$飘花落叶言子楪世苏哲兰.smali	2623	    invoke-direct {p0}, Lcom/google/protobuf/compiler/PluginProtos$CodeGeneratorResponse$飘花落叶言子楪世苏哲兰;->ensureFileIsMutable()V
smali\com\google\protobuf\compiler\PluginProtos$CodeGeneratorResponse$飘花落叶言子楪世苏哲兰.smali	2626	    iget-object v0, p0, Lcom/google/protobuf/compiler/PluginProtos$CodeGeneratorResponse$飘花落叶言子楪世苏哲兰;->file_:Ljava/util/List;
smali\com\google\protobuf\compiler\PluginProtos$CodeGeneratorResponse$飘花落叶言子楪世苏哲兰.smali	2642	.method public setMaximumEdition(I)Lcom/google/protobuf/compiler/PluginProtos$CodeGeneratorResponse$飘花落叶言子楪世苏哲兰;
smali\com\google\protobuf\compiler\PluginProtos$CodeGeneratorResponse$飘花落叶言子楪世苏哲兰.smali	2646	    iput p1, p0, Lcom/google/protobuf/compiler/PluginProtos$CodeGeneratorResponse$飘花落叶言子楪世苏哲兰;->maximumEdition_:I
smali\com\google\protobuf\compiler\PluginProtos$CodeGeneratorResponse$飘花落叶言子楪世苏哲兰.smali	2650	    iget p1, p0, Lcom/google/protobuf/compiler/PluginProtos$CodeGeneratorResponse$飘花落叶言子楪世苏哲兰;->bitField0_:I
smali\com\google\protobuf\compiler\PluginProtos$CodeGeneratorResponse$飘花落叶言子楪世苏哲兰.smali	2658	    iput p1, p0, Lcom/google/protobuf/compiler/PluginProtos$CodeGeneratorResponse$飘花落叶言子楪世苏哲兰;->bitField0_:I
smali\com\google\protobuf\compiler\PluginProtos$CodeGeneratorResponse$飘花落叶言子楪世苏哲兰.smali	2670	.method public setMinimumEdition(I)Lcom/google/protobuf/compiler/PluginProtos$CodeGeneratorResponse$飘花落叶言子楪世苏哲兰;
smali\com\google\protobuf\compiler\PluginProtos$CodeGeneratorResponse$飘花落叶言子楪世苏哲兰.smali	2674	    iput p1, p0, Lcom/google/protobuf/compiler/PluginProtos$CodeGeneratorResponse$飘花落叶言子楪世苏哲兰;->minimumEdition_:I
smali\com\google\protobuf\compiler\PluginProtos$CodeGeneratorResponse$飘花落叶言子楪世苏哲兰.smali	2678	    iget p1, p0, Lcom/google/protobuf/compiler/PluginProtos$CodeGeneratorResponse$飘花落叶言子楪世苏哲兰;->bitField0_:I
smali\com\google\protobuf\compiler\PluginProtos$CodeGeneratorResponse$飘花落叶言子楪世苏哲兰.smali	2686	    iput p1, p0, Lcom/google/protobuf/compiler/PluginProtos$CodeGeneratorResponse$飘花落叶言子楪世苏哲兰;->bitField0_:I
smali\com\google\protobuf\compiler\PluginProtos$CodeGeneratorResponse$飘花落叶言子楪世苏哲兰.smali	2698	.method public setSupportedFeatures(J)Lcom/google/protobuf/compiler/PluginProtos$CodeGeneratorResponse$飘花落叶言子楪世苏哲兰;
smali\com\google\protobuf\compiler\PluginProtos$CodeGeneratorResponse$飘花落叶言子楪世苏哲兰.smali	2702	    iput-wide p1, p0, Lcom/google/protobuf/compiler/PluginProtos$CodeGeneratorResponse$飘花落叶言子楪世苏哲兰;->supportedFeatures_:J
smali\com\google\protobuf\compiler\PluginProtos$CodeGeneratorResponse$飘花落叶言子楪世苏哲兰.smali	2706	    iget p1, p0, Lcom/google/protobuf/compiler/PluginProtos$CodeGeneratorResponse$飘花落叶言子楪世苏哲兰;->bitField0_:I
smali\com\google\protobuf\compiler\PluginProtos$CodeGeneratorResponse$飘花落叶言子楪世苏哲兰.smali	2714	    iput p1, p0, Lcom/google/protobuf/compiler/PluginProtos$CodeGeneratorResponse$飘花落叶言子楪世苏哲兰;->bitField0_:I
smali\com\google\protobuf\compiler\PluginProtos$CodeGeneratorResponse.smali	1	.class public final Lcom/google/protobuf/compiler/PluginProtos$CodeGeneratorResponse;
smali\com\google\protobuf\compiler\PluginProtos$CodeGeneratorResponse.smali	12	        Lcom/google/protobuf/compiler/PluginProtos$CodeGeneratorResponse$飘花落叶言子楪世苏哲兰;,
smali\com\google\protobuf\compiler\PluginProtos$CodeGeneratorResponse.smali	13	        Lcom/google/protobuf/compiler/PluginProtos$CodeGeneratorResponse$File;,
smali\com\google\protobuf\compiler\PluginProtos$CodeGeneratorResponse.smali	14	        Lcom/google/protobuf/compiler/PluginProtos$CodeGeneratorResponse$Feature;
smali\com\google\protobuf\compiler\PluginProtos$CodeGeneratorResponse.smali	20	.field private static final DEFAULT_INSTANCE:Lcom/google/protobuf/compiler/PluginProtos$CodeGeneratorResponse;
smali\com\google\protobuf\compiler\PluginProtos$CodeGeneratorResponse.smali	52	            "Lcom/google/protobuf/compiler/PluginProtos$CodeGeneratorResponse$File;",
smali\com\google\protobuf\compiler\PluginProtos$CodeGeneratorResponse.smali	85	    new-instance v0, Lcom/google/protobuf/compiler/PluginProtos$CodeGeneratorResponse;
smali\com\google\protobuf\compiler\PluginProtos$CodeGeneratorResponse.smali	89	    invoke-direct {v0}, Lcom/google/protobuf/compiler/PluginProtos$CodeGeneratorResponse;-><init>()V
smali\com\google\protobuf\compiler\PluginProtos$CodeGeneratorResponse.smali	94	    sput-object v0, Lcom/google/protobuf/compiler/PluginProtos$CodeGeneratorResponse;->DEFAULT_INSTANCE:Lcom/google/protobuf/compiler/PluginProtos$CodeGeneratorResponse;
smali\com\google\protobuf\compiler\PluginProtos$CodeGeneratorResponse.smali	107	    sput-object v0, Lcom/google/protobuf/compiler/PluginProtos$CodeGeneratorResponse;->PARSER:Lcom/google/protobuf/飘花落叶言世哲楪苏兰子;
smali\com\google\protobuf\compiler\PluginProtos$CodeGeneratorResponse.smali	127	    iput-object v0, p0, Lcom/google/protobuf/compiler/PluginProtos$CodeGeneratorResponse;->error_:Ljava/lang/Object;
smali\com\google\protobuf\compiler\PluginProtos$CodeGeneratorResponse.smali	135	    iput-wide v1, p0, Lcom/google/protobuf/compiler/PluginProtos$CodeGeneratorResponse;->supportedFeatures_:J
smali\com\google\protobuf\compiler\PluginProtos$CodeGeneratorResponse.smali	142	    iput v1, p0, Lcom/google/protobuf/compiler/PluginProtos$CodeGeneratorResponse;->minimumEdition_:I
smali\com\google\protobuf\compiler\PluginProtos$CodeGeneratorResponse.smali	146	    iput v1, p0, Lcom/google/protobuf/compiler/PluginProtos$CodeGeneratorResponse;->maximumEdition_:I
smali\com\google\protobuf\compiler\PluginProtos$CodeGeneratorResponse.smali	153	    iput-byte v1, p0, Lcom/google/protobuf/compiler/PluginProtos$CodeGeneratorResponse;->memoizedIsInitialized:B
smali\com\google\protobuf\compiler\PluginProtos$CodeGeneratorResponse.smali	157	    iput-object v0, p0, Lcom/google/protobuf/compiler/PluginProtos$CodeGeneratorResponse;->error_:Ljava/lang/Object;
smali\com\google\protobuf\compiler\PluginProtos$CodeGeneratorResponse.smali	165	    iput-object v0, p0, Lcom/google/protobuf/compiler/PluginProtos$CodeGeneratorResponse;->file_:Ljava/util/List;
smali\com\google\protobuf\compiler\PluginProtos$CodeGeneratorResponse.smali	188	    iput-object p1, p0, Lcom/google/protobuf/compiler/PluginProtos$CodeGeneratorResponse;->error_:Ljava/lang/Object;
smali\com\google\protobuf\compiler\PluginProtos$CodeGeneratorResponse.smali	193	    iput-wide v0, p0, Lcom/google/protobuf/compiler/PluginProtos$CodeGeneratorResponse;->supportedFeatures_:J
smali\com\google\protobuf\compiler\PluginProtos$CodeGeneratorResponse.smali	198	    iput p1, p0, Lcom/google/protobuf/compiler/PluginProtos$CodeGeneratorResponse;->minimumEdition_:I
smali\com\google\protobuf\compiler\PluginProtos$CodeGeneratorResponse.smali	201	    iput p1, p0, Lcom/google/protobuf/compiler/PluginProtos$CodeGeneratorResponse;->maximumEdition_:I
smali\com\google\protobuf\compiler\PluginProtos$CodeGeneratorResponse.smali	206	    iput-byte p1, p0, Lcom/google/protobuf/compiler/PluginProtos$CodeGeneratorResponse;->memoizedIsInitialized:B
smali\com\google\protobuf\compiler\PluginProtos$CodeGeneratorResponse.smali	215	    invoke-direct {p0, p1}, Lcom/google/protobuf/compiler/PluginProtos$CodeGeneratorResponse;-><init>(Lcom/google/protobuf/GeneratedMessage$飘花落叶言子楪世苏哲兰;)V
smali\com\google\protobuf\compiler\PluginProtos$CodeGeneratorResponse.smali	220	.method public static synthetic access$4000(Lcom/google/protobuf/compiler/PluginProtos$CodeGeneratorResponse;)Ljava/util/List;
smali\com\google\protobuf\compiler\PluginProtos$CodeGeneratorResponse.smali	224	    iget-object p0, p0, Lcom/google/protobuf/compiler/PluginProtos$CodeGeneratorResponse;->file_:Ljava/util/List;
smali\com\google\protobuf\compiler\PluginProtos$CodeGeneratorResponse.smali	231	.method public static synthetic access$4002(Lcom/google/protobuf/compiler/PluginProtos$CodeGeneratorResponse;Ljava/util/List;)Ljava/util/List;
smali\com\google\protobuf\compiler\PluginProtos$CodeGeneratorResponse.smali	235	    iput-object p1, p0, Lcom/google/protobuf/compiler/PluginProtos$CodeGeneratorResponse;->file_:Ljava/util/List;
smali\com\google\protobuf\compiler\PluginProtos$CodeGeneratorResponse.smali	242	.method public static synthetic access$4100(Lcom/google/protobuf/compiler/PluginProtos$CodeGeneratorResponse;)Ljava/lang/Object;
smali\com\google\protobuf\compiler\PluginProtos$CodeGeneratorResponse.smali	246	    iget-object p0, p0, Lcom/google/protobuf/compiler/PluginProtos$CodeGeneratorResponse;->error_:Ljava/lang/Object;
smali\com\google\protobuf\compiler\PluginProtos$CodeGeneratorResponse.smali	253	.method public static synthetic access$4102(Lcom/google/protobuf/compiler/PluginProtos$CodeGeneratorResponse;Ljava/lang/Object;)Ljava/lang/Object;
smali\com\google\protobuf\compiler\PluginProtos$CodeGeneratorResponse.smali	257	    iput-object p1, p0, Lcom/google/protobuf/compiler/PluginProtos$CodeGeneratorResponse;->error_:Ljava/lang/Object;
smali\com\google\protobuf\compiler\PluginProtos$CodeGeneratorResponse.smali	264	.method public static synthetic access$4202(Lcom/google/protobuf/compiler/PluginProtos$CodeGeneratorResponse;J)J
smali\com\google\protobuf\compiler\PluginProtos$CodeGeneratorResponse.smali	268	    iput-wide p1, p0, Lcom/google/protobuf/compiler/PluginProtos$CodeGeneratorResponse;->supportedFeatures_:J
smali\com\google\protobuf\compiler\PluginProtos$CodeGeneratorResponse.smali	275	.method public static synthetic access$4302(Lcom/google/protobuf/compiler/PluginProtos$CodeGeneratorResponse;I)I
smali\com\google\protobuf\compiler\PluginProtos$CodeGeneratorResponse.smali	279	    iput p1, p0, Lcom/google/protobuf/compiler/PluginProtos$CodeGeneratorResponse;->minimumEdition_:I
smali\com\google\protobuf\compiler\PluginProtos$CodeGeneratorResponse.smali	286	.method public static synthetic access$4402(Lcom/google/protobuf/compiler/PluginProtos$CodeGeneratorResponse;I)I
smali\com\google\protobuf\compiler\PluginProtos$CodeGeneratorResponse.smali	290	    iput p1, p0, Lcom/google/protobuf/compiler/PluginProtos$CodeGeneratorResponse;->maximumEdition_:I
smali\com\google\protobuf\compiler\PluginProtos$CodeGeneratorResponse.smali	297	.method public static synthetic access$4576(Lcom/google/protobuf/compiler/PluginProtos$CodeGeneratorResponse;I)I
smali\com\google\protobuf\compiler\PluginProtos$CodeGeneratorResponse.smali	301	    iget v0, p0, Lcom/google/protobuf/compiler/PluginProtos$CodeGeneratorResponse;->bitField0_:I
smali\com\google\protobuf\compiler\PluginProtos$CodeGeneratorResponse.smali	308	    iput p1, p0, Lcom/google/protobuf/compiler/PluginProtos$CodeGeneratorResponse;->bitField0_:I
smali\com\google\protobuf\compiler\PluginProtos$CodeGeneratorResponse.smali	330	    iget v0, p0, Lcom/google/protobuf/compiler/PluginProtos$CodeGeneratorResponse;->bitField0_:I
smali\com\google\protobuf\compiler\PluginProtos$CodeGeneratorResponse.smali	347	    iget-object v0, p0, Lcom/google/protobuf/compiler/PluginProtos$CodeGeneratorResponse;->error_:Ljava/lang/Object;
smali\com\google\protobuf\compiler\PluginProtos$CodeGeneratorResponse.smali	367	    iget v1, p0, Lcom/google/protobuf/compiler/PluginProtos$CodeGeneratorResponse;->bitField0_:I
smali\com\google\protobuf\compiler\PluginProtos$CodeGeneratorResponse.smali	381	    iget-wide v4, p0, Lcom/google/protobuf/compiler/PluginProtos$CodeGeneratorResponse;->supportedFeatures_:J
smali\com\google\protobuf\compiler\PluginProtos$CodeGeneratorResponse.smali	397	    iget v1, p0, Lcom/google/protobuf/compiler/PluginProtos$CodeGeneratorResponse;->bitField0_:I
smali\com\google\protobuf\compiler\PluginProtos$CodeGeneratorResponse.smali	414	    iget v4, p0, Lcom/google/protobuf/compiler/PluginProtos$CodeGeneratorResponse;->minimumEdition_:I
smali\com\google\protobuf\compiler\PluginProtos$CodeGeneratorResponse.smali	430	    iget v1, p0, Lcom/google/protobuf/compiler/PluginProtos$CodeGeneratorResponse;->bitField0_:I
smali\com\google\protobuf\compiler\PluginProtos$CodeGeneratorResponse.smali	442	    iget v1, p0, Lcom/google/protobuf/compiler/PluginProtos$CodeGeneratorResponse;->maximumEdition_:I
smali\com\google\protobuf\compiler\PluginProtos$CodeGeneratorResponse.smali	458	    iget-object v1, p0, Lcom/google/protobuf/compiler/PluginProtos$CodeGeneratorResponse;->file_:Ljava/util/List;
smali\com\google\protobuf\compiler\PluginProtos$CodeGeneratorResponse.smali	475	    iget-object v3, p0, Lcom/google/protobuf/compiler/PluginProtos$CodeGeneratorResponse;->file_:Ljava/util/List;
smali\com\google\protobuf\compiler\PluginProtos$CodeGeneratorResponse.smali	516	.method public static getDefaultInstance()Lcom/google/protobuf/compiler/PluginProtos$CodeGeneratorResponse;
smali\com\google\protobuf\compiler\PluginProtos$CodeGeneratorResponse.smali	520	    sget-object v0, Lcom/google/protobuf/compiler/PluginProtos$CodeGeneratorResponse;->DEFAULT_INSTANCE:Lcom/google/protobuf/compiler/PluginProtos$CodeGeneratorResponse;
smali\com\google\protobuf\compiler\PluginProtos$CodeGeneratorResponse.smali	538	.method public static newBuilder()Lcom/google/protobuf/compiler/PluginProtos$CodeGeneratorResponse$飘花落叶言子楪世苏哲兰;
smali\com\google\protobuf\compiler\PluginProtos$CodeGeneratorResponse.smali	542	    sget-object v0, Lcom/google/protobuf/compiler/PluginProtos$CodeGeneratorResponse;->DEFAULT_INSTANCE:Lcom/google/protobuf/compiler/PluginProtos$CodeGeneratorResponse;
smali\com\google\protobuf\compiler\PluginProtos$CodeGeneratorResponse.smali	544	    invoke-virtual {v0}, Lcom/google/protobuf/compiler/PluginProtos$CodeGeneratorResponse;->toBuilder()Lcom/google/protobuf/compiler/PluginProtos$CodeGeneratorResponse$飘花落叶言子楪世苏哲兰;
smali\com\google\protobuf\compiler\PluginProtos$CodeGeneratorResponse.smali	551	.method public static newBuilder(Lcom/google/protobuf/compiler/PluginProtos$CodeGeneratorResponse;)Lcom/google/protobuf/compiler/PluginProtos$CodeGeneratorResponse$飘花落叶言子楪世苏哲兰;
smali\com\google\protobuf\compiler\PluginProtos$CodeGeneratorResponse.smali	555	    sget-object v0, Lcom/google/protobuf/compiler/PluginProtos$CodeGeneratorResponse;->DEFAULT_INSTANCE:Lcom/google/protobuf/compiler/PluginProtos$CodeGeneratorResponse;
smali\com\google\protobuf\compiler\PluginProtos$CodeGeneratorResponse.smali	559	    invoke-virtual {v0}, Lcom/google/protobuf/compiler/PluginProtos$CodeGeneratorResponse;->toBuilder()Lcom/google/protobuf/compiler/PluginProtos$CodeGeneratorResponse$飘花落叶言子楪世苏哲兰;
smali\com\google\protobuf\compiler\PluginProtos$CodeGeneratorResponse.smali	567	    invoke-virtual {v0, p0}, Lcom/google/protobuf/compiler/PluginProtos$CodeGeneratorResponse$飘花落叶言子楪世苏哲兰;->mergeFrom(Lcom/google/protobuf/compiler/PluginProtos$CodeGeneratorResponse;)Lcom/google/protobuf/compiler/PluginProtos$CodeGeneratorResponse$飘花落叶言子楪世苏哲兰;
smali\com\google\protobuf\compiler\PluginProtos$CodeGeneratorResponse.smali	578	.method public static parseDelimitedFrom(Ljava/io/InputStream;)Lcom/google/protobuf/compiler/PluginProtos$CodeGeneratorResponse;
smali\com\google\protobuf\compiler\PluginProtos$CodeGeneratorResponse.smali	582	    sget-object v0, Lcom/google/protobuf/compiler/PluginProtos$CodeGeneratorResponse;->PARSER:Lcom/google/protobuf/飘花落叶言世哲楪苏兰子;
smali\com\google\protobuf\compiler\PluginProtos$CodeGeneratorResponse.smali	594	    check-cast p0, Lcom/google/protobuf/compiler/PluginProtos$CodeGeneratorResponse;
smali\com\google\protobuf\compiler\PluginProtos$CodeGeneratorResponse.smali	601	.method public static parseDelimitedFrom(Ljava/io/InputStream;Lcom/google/protobuf/飘花落叶言楪苏子哲兰世;)Lcom/google/protobuf/compiler/PluginProtos$CodeGeneratorResponse;
smali\com\google\protobuf\compiler\PluginProtos$CodeGeneratorResponse.smali	605	    sget-object v0, Lcom/google/protobuf/compiler/PluginProtos$CodeGeneratorResponse;->PARSER:Lcom/google/protobuf/飘花落叶言世哲楪苏兰子;
smali\com\google\protobuf\compiler\PluginProtos$CodeGeneratorResponse.smali	612	    check-cast p0, Lcom/google/protobuf/compiler/PluginProtos$CodeGeneratorResponse;
smali\com\google\protobuf\compiler\PluginProtos$CodeGeneratorResponse.smali	617	.method public static parseFrom(Lcom/google/protobuf/ByteString;)Lcom/google/protobuf/compiler/PluginProtos$CodeGeneratorResponse;
smali\com\google\protobuf\compiler\PluginProtos$CodeGeneratorResponse.smali	621	    sget-object v0, Lcom/google/protobuf/compiler/PluginProtos$CodeGeneratorResponse;->PARSER:Lcom/google/protobuf/飘花落叶言世哲楪苏兰子;
smali\com\google\protobuf\compiler\PluginProtos$CodeGeneratorResponse.smali	634	    check-cast p0, Lcom/google/protobuf/compiler/PluginProtos$CodeGeneratorResponse;
smali\com\google\protobuf\compiler\PluginProtos$CodeGeneratorResponse.smali	639	.method public static parseFrom(Lcom/google/protobuf/ByteString;Lcom/google/protobuf/飘花落叶言楪苏子哲兰世;)Lcom/google/protobuf/compiler/PluginProtos$CodeGeneratorResponse;
smali\com\google\protobuf\compiler\PluginProtos$CodeGeneratorResponse.smali	643	    sget-object v0, Lcom/google/protobuf/compiler/PluginProtos$CodeGeneratorResponse;->PARSER:Lcom/google/protobuf/飘花落叶言世哲楪苏兰子;
smali\com\google\protobuf\compiler\PluginProtos$CodeGeneratorResponse.smali	653	    check-cast p0, Lcom/google/protobuf/compiler/PluginProtos$CodeGeneratorResponse;
smali\com\google\protobuf\compiler\PluginProtos$CodeGeneratorResponse.smali	658	.method public static parseFrom(Lcom/google/protobuf/飘花落叶言子世苏兰哲楪;)Lcom/google/protobuf/compiler/PluginProtos$CodeGeneratorResponse;
smali\com\google\protobuf\compiler\PluginProtos$CodeGeneratorResponse.smali	662	    sget-object v0, Lcom/google/protobuf/compiler/PluginProtos$CodeGeneratorResponse;->PARSER:Lcom/google/protobuf/飘花落叶言世哲楪苏兰子;
smali\com\google\protobuf\compiler\PluginProtos$CodeGeneratorResponse.smali	669	    check-cast p0, Lcom/google/protobuf/compiler/PluginProtos$CodeGeneratorResponse;
smali\com\google\protobuf\compiler\PluginProtos$CodeGeneratorResponse.smali	674	.method public static parseFrom(Lcom/google/protobuf/飘花落叶言子世苏兰哲楪;Lcom/google/protobuf/飘花落叶言楪苏子哲兰世;)Lcom/google/protobuf/compiler/PluginProtos$CodeGeneratorResponse;
smali\com\google\protobuf\compiler\PluginProtos$CodeGeneratorResponse.smali	678	    sget-object v0, Lcom/google/protobuf/compiler/PluginProtos$CodeGeneratorResponse;->PARSER:Lcom/google/protobuf/飘花落叶言世哲楪苏兰子;
smali\com\google\protobuf\compiler\PluginProtos$CodeGeneratorResponse.smali	685	    check-cast p0, Lcom/google/protobuf/compiler/PluginProtos$CodeGeneratorResponse;
smali\com\google\protobuf\compiler\PluginProtos$CodeGeneratorResponse.smali	690	.method public static parseFrom(Ljava/io/InputStream;)Lcom/google/protobuf/compiler/PluginProtos$CodeGeneratorResponse;
smali\com\google\protobuf\compiler\PluginProtos$CodeGeneratorResponse.smali	694	    sget-object v0, Lcom/google/protobuf/compiler/PluginProtos$CodeGeneratorResponse;->PARSER:Lcom/google/protobuf/飘花落叶言世哲楪苏兰子;
smali\com\google\protobuf\compiler\PluginProtos$CodeGeneratorResponse.smali	701	    check-cast p0, Lcom/google/protobuf/compiler/PluginProtos$CodeGeneratorResponse;
smali\com\google\protobuf\compiler\PluginProtos$CodeGeneratorResponse.smali	706	.method public static parseFrom(Ljava/io/InputStream;Lcom/google/protobuf/飘花落叶言楪苏子哲兰世;)Lcom/google/protobuf/compiler/PluginProtos$CodeGeneratorResponse;
smali\com\google\protobuf\compiler\PluginProtos$CodeGeneratorResponse.smali	710	    sget-object v0, Lcom/google/protobuf/compiler/PluginProtos$CodeGeneratorResponse;->PARSER:Lcom/google/protobuf/飘花落叶言世哲楪苏兰子;
smali\com\google\protobuf\compiler\PluginProtos$CodeGeneratorResponse.smali	717	    check-cast p0, Lcom/google/protobuf/compiler/PluginProtos$CodeGeneratorResponse;
smali\com\google\protobuf\compiler\PluginProtos$CodeGeneratorResponse.smali	722	.method public static parseFrom(Ljava/nio/ByteBuffer;)Lcom/google/protobuf/compiler/PluginProtos$CodeGeneratorResponse;
smali\com\google\protobuf\compiler\PluginProtos$CodeGeneratorResponse.smali	726	    sget-object v0, Lcom/google/protobuf/compiler/PluginProtos$CodeGeneratorResponse;->PARSER:Lcom/google/protobuf/飘花落叶言世哲楪苏兰子;
smali\com\google\protobuf\compiler\PluginProtos$CodeGeneratorResponse.smali	746	    check-cast p0, Lcom/google/protobuf/compiler/PluginProtos$CodeGeneratorResponse;
smali\com\google\protobuf\compiler\PluginProtos$CodeGeneratorResponse.smali	753	.method public static parseFrom(Ljava/nio/ByteBuffer;Lcom/google/protobuf/飘花落叶言楪苏子哲兰世;)Lcom/google/protobuf/compiler/PluginProtos$CodeGeneratorResponse;
smali\com\google\protobuf\compiler\PluginProtos$CodeGeneratorResponse.smali	757	    sget-object v0, Lcom/google/protobuf/compiler/PluginProtos$CodeGeneratorResponse;->PARSER:Lcom/google/protobuf/飘花落叶言世哲楪苏兰子;
smali\com\google\protobuf\compiler\PluginProtos$CodeGeneratorResponse.smali	767	    check-cast p0, Lcom/google/protobuf/compiler/PluginProtos$CodeGeneratorResponse;
smali\com\google\protobuf\compiler\PluginProtos$CodeGeneratorResponse.smali	772	.method public static parseFrom([B)Lcom/google/protobuf/compiler/PluginProtos$CodeGeneratorResponse;
smali\com\google\protobuf\compiler\PluginProtos$CodeGeneratorResponse.smali	776	    sget-object v0, Lcom/google/protobuf/compiler/PluginProtos$CodeGeneratorResponse;->PARSER:Lcom/google/protobuf/飘花落叶言世哲楪苏兰子;
smali\com\google\protobuf\compiler\PluginProtos$CodeGeneratorResponse.smali	789	    check-cast p0, Lcom/google/protobuf/compiler/PluginProtos$CodeGeneratorResponse;
smali\com\google\protobuf\compiler\PluginProtos$CodeGeneratorResponse.smali	794	.method public static parseFrom([BLcom/google/protobuf/飘花落叶言楪苏子哲兰世;)Lcom/google/protobuf/compiler/PluginProtos$CodeGeneratorResponse;
smali\com\google\protobuf\compiler\PluginProtos$CodeGeneratorResponse.smali	798	    sget-object v0, Lcom/google/protobuf/compiler/PluginProtos$CodeGeneratorResponse;->PARSER:Lcom/google/protobuf/飘花落叶言世哲楪苏兰子;
smali\com\google\protobuf\compiler\PluginProtos$CodeGeneratorResponse.smali	808	    check-cast p0, Lcom/google/protobuf/compiler/PluginProtos$CodeGeneratorResponse;
smali\com\google\protobuf\compiler\PluginProtos$CodeGeneratorResponse.smali	823	    sget-object v0, Lcom/google/protobuf/compiler/PluginProtos$CodeGeneratorResponse;->PARSER:Lcom/google/protobuf/飘花落叶言世哲楪苏兰子;
smali\com\google\protobuf\compiler\PluginProtos$CodeGeneratorResponse.smali	847	    instance-of v1, p1, Lcom/google/protobuf/compiler/PluginProtos$CodeGeneratorResponse;
smali\com\google\protobuf\compiler\PluginProtos$CodeGeneratorResponse.smali	867	    check-cast p1, Lcom/google/protobuf/compiler/PluginProtos$CodeGeneratorResponse;
smali\com\google\protobuf\compiler\PluginProtos$CodeGeneratorResponse.smali	871	    invoke-virtual {p0}, Lcom/google/protobuf/compiler/PluginProtos$CodeGeneratorResponse;->hasError()Z
smali\com\google\protobuf\compiler\PluginProtos$CodeGeneratorResponse.smali	879	    invoke-virtual {p1}, Lcom/google/protobuf/compiler/PluginProtos$CodeGeneratorResponse;->hasError()Z
smali\com\google\protobuf\compiler\PluginProtos$CodeGeneratorResponse.smali	898	    invoke-virtual {p0}, Lcom/google/protobuf/compiler/PluginProtos$CodeGeneratorResponse;->hasError()Z
smali\com\google\protobuf\compiler\PluginProtos$CodeGeneratorResponse.smali	910	    invoke-virtual {p0}, Lcom/google/protobuf/compiler/PluginProtos$CodeGeneratorResponse;->getError()Ljava/lang/String;
smali\com\google\protobuf\compiler\PluginProtos$CodeGeneratorResponse.smali	918	    invoke-virtual {p1}, Lcom/google/protobuf/compiler/PluginProtos$CodeGeneratorResponse;->getError()Ljava/lang/String;
smali\com\google\protobuf\compiler\PluginProtos$CodeGeneratorResponse.smali	942	    invoke-virtual {p0}, Lcom/google/protobuf/compiler/PluginProtos$CodeGeneratorResponse;->hasSupportedFeatures()Z
smali\com\google\protobuf\compiler\PluginProtos$CodeGeneratorResponse.smali	950	    invoke-virtual {p1}, Lcom/google/protobuf/compiler/PluginProtos$CodeGeneratorResponse;->hasSupportedFeatures()Z
smali\com\google\protobuf\compiler\PluginProtos$CodeGeneratorResponse.smali	966	    invoke-virtual {p0}, Lcom/google/protobuf/compiler/PluginProtos$CodeGeneratorResponse;->hasSupportedFeatures()Z
smali\com\google\protobuf\compiler\PluginProtos$CodeGeneratorResponse.smali	978	    invoke-virtual {p0}, Lcom/google/protobuf/compiler/PluginProtos$CodeGeneratorResponse;->getSupportedFeatures()J
smali\com\google\protobuf\compiler\PluginProtos$CodeGeneratorResponse.smali	986	    invoke-virtual {p1}, Lcom/google/protobuf/compiler/PluginProtos$CodeGeneratorResponse;->getSupportedFeatures()J
smali\com\google\protobuf\compiler\PluginProtos$CodeGeneratorResponse.smali	1006	    invoke-virtual {p0}, Lcom/google/protobuf/compiler/PluginProtos$CodeGeneratorResponse;->hasMinimumEdition()Z
smali\com\google\protobuf\compiler\PluginProtos$CodeGeneratorResponse.smali	1014	    invoke-virtual {p1}, Lcom/google/protobuf/compiler/PluginProtos$CodeGeneratorResponse;->hasMinimumEdition()Z
smali\com\google\protobuf\compiler\PluginProtos$CodeGeneratorResponse.smali	1030	    invoke-virtual {p0}, Lcom/google/protobuf/compiler/PluginProtos$CodeGeneratorResponse;->hasMinimumEdition()Z
smali\com\google\protobuf\compiler\PluginProtos$CodeGeneratorResponse.smali	1042	    invoke-virtual {p0}, Lcom/google/protobuf/compiler/PluginProtos$CodeGeneratorResponse;->getMinimumEdition()I
smali\com\google\protobuf\compiler\PluginProtos$CodeGeneratorResponse.smali	1050	    invoke-virtual {p1}, Lcom/google/protobuf/compiler/PluginProtos$CodeGeneratorResponse;->getMinimumEdition()I
smali\com\google\protobuf\compiler\PluginProtos$CodeGeneratorResponse.smali	1066	    invoke-virtual {p0}, Lcom/google/protobuf/compiler/PluginProtos$CodeGeneratorResponse;->hasMaximumEdition()Z
smali\com\google\protobuf\compiler\PluginProtos$CodeGeneratorResponse.smali	1074	    invoke-virtual {p1}, Lcom/google/protobuf/compiler/PluginProtos$CodeGeneratorResponse;->hasMaximumEdition()Z
smali\com\google\protobuf\compiler\PluginProtos$CodeGeneratorResponse.smali	1090	    invoke-virtual {p0}, Lcom/google/protobuf/compiler/PluginProtos$CodeGeneratorResponse;->hasMaximumEdition()Z
smali\com\google\protobuf\compiler\PluginProtos$CodeGeneratorResponse.smali	1102	    invoke-virtual {p0}, Lcom/google/protobuf/compiler/PluginProtos$CodeGeneratorResponse;->getMaximumEdition()I
smali\com\google\protobuf\compiler\PluginProtos$CodeGeneratorResponse.smali	1110	    invoke-virtual {p1}, Lcom/google/protobuf/compiler/PluginProtos$CodeGeneratorResponse;->getMaximumEdition()I
smali\com\google\protobuf\compiler\PluginProtos$CodeGeneratorResponse.smali	1126	    invoke-virtual {p0}, Lcom/google/protobuf/compiler/PluginProtos$CodeGeneratorResponse;->getFileList()Ljava/util/List;
smali\com\google\protobuf\compiler\PluginProtos$CodeGeneratorResponse.smali	1134	    invoke-virtual {p1}, Lcom/google/protobuf/compiler/PluginProtos$CodeGeneratorResponse;->getFileList()Ljava/util/List;
smali\com\google\protobuf\compiler\PluginProtos$CodeGeneratorResponse.smali	1193	.method public getDefaultInstanceForType()Lcom/google/protobuf/compiler/PluginProtos$CodeGeneratorResponse;
smali\com\google\protobuf\compiler\PluginProtos$CodeGeneratorResponse.smali	1197	    sget-object p0, Lcom/google/protobuf/compiler/PluginProtos$CodeGeneratorResponse;->DEFAULT_INSTANCE:Lcom/google/protobuf/compiler/PluginProtos$CodeGeneratorResponse;
smali\com\google\protobuf\compiler\PluginProtos$CodeGeneratorResponse.smali	1206	    invoke-virtual {p0}, Lcom/google/protobuf/compiler/PluginProtos$CodeGeneratorResponse;->getDefaultInstanceForType()Lcom/google/protobuf/compiler/PluginProtos$CodeGeneratorResponse;
smali\com\google\protobuf\compiler\PluginProtos$CodeGeneratorResponse.smali	1217	    invoke-virtual {p0}, Lcom/google/protobuf/compiler/PluginProtos$CodeGeneratorResponse;->getDefaultInstanceForType()Lcom/google/protobuf/compiler/PluginProtos$CodeGeneratorResponse;
smali\com\google\protobuf\compiler\PluginProtos$CodeGeneratorResponse.smali	1243	    iget-object v0, p0, Lcom/google/protobuf/compiler/PluginProtos$CodeGeneratorResponse;->error_:Ljava/lang/Object;
smali\com\google\protobuf\compiler\PluginProtos$CodeGeneratorResponse.smali	1287	    iput-object v1, p0, Lcom/google/protobuf/compiler/PluginProtos$CodeGeneratorResponse;->error_:Ljava/lang/Object;
smali\com\google\protobuf\compiler\PluginProtos$CodeGeneratorResponse.smali	1299	    iget-object v0, p0, Lcom/google/protobuf/compiler/PluginProtos$CodeGeneratorResponse;->error_:Ljava/lang/Object;
smali\com\google\protobuf\compiler\PluginProtos$CodeGeneratorResponse.smali	1323	    iput-object v0, p0, Lcom/google/protobuf/compiler/PluginProtos$CodeGeneratorResponse;->error_:Ljava/lang/Object;
smali\com\google\protobuf\compiler\PluginProtos$CodeGeneratorResponse.smali	1338	.method public getFile(I)Lcom/google/protobuf/compiler/PluginProtos$CodeGeneratorResponse$File;
smali\com\google\protobuf\compiler\PluginProtos$CodeGeneratorResponse.smali	1342	    iget-object p0, p0, Lcom/google/protobuf/compiler/PluginProtos$CodeGeneratorResponse;->file_:Ljava/util/List;
smali\com\google\protobuf\compiler\PluginProtos$CodeGeneratorResponse.smali	1354	    check-cast p0, Lcom/google/protobuf/compiler/PluginProtos$CodeGeneratorResponse$File;
smali\com\google\protobuf\compiler\PluginProtos$CodeGeneratorResponse.smali	1365	    iget-object p0, p0, Lcom/google/protobuf/compiler/PluginProtos$CodeGeneratorResponse;->file_:Ljava/util/List;
smali\com\google\protobuf\compiler\PluginProtos$CodeGeneratorResponse.smali	1386	            "Lcom/google/protobuf/compiler/PluginProtos$CodeGeneratorResponse$File;",
smali\com\google\protobuf\compiler\PluginProtos$CodeGeneratorResponse.smali	1392	    iget-object p0, p0, Lcom/google/protobuf/compiler/PluginProtos$CodeGeneratorResponse;->file_:Ljava/util/List;
smali\com\google\protobuf\compiler\PluginProtos$CodeGeneratorResponse.smali	1403	    iget-object p0, p0, Lcom/google/protobuf/compiler/PluginProtos$CodeGeneratorResponse;->file_:Ljava/util/List;
smali\com\google\protobuf\compiler\PluginProtos$CodeGeneratorResponse.smali	1435	    iget-object p0, p0, Lcom/google/protobuf/compiler/PluginProtos$CodeGeneratorResponse;->file_:Ljava/util/List;
smali\com\google\protobuf\compiler\PluginProtos$CodeGeneratorResponse.smali	1446	    iget p0, p0, Lcom/google/protobuf/compiler/PluginProtos$CodeGeneratorResponse;->maximumEdition_:I
smali\com\google\protobuf\compiler\PluginProtos$CodeGeneratorResponse.smali	1457	    iget p0, p0, Lcom/google/protobuf/compiler/PluginProtos$CodeGeneratorResponse;->minimumEdition_:I
smali\com\google\protobuf\compiler\PluginProtos$CodeGeneratorResponse.smali	1474	    sget-object p0, Lcom/google/protobuf/compiler/PluginProtos$CodeGeneratorResponse;->PARSER:Lcom/google/protobuf/飘花落叶言世哲楪苏兰子;
smali\com\google\protobuf\compiler\PluginProtos$CodeGeneratorResponse.smali	1500	    invoke-direct {p0}, Lcom/google/protobuf/compiler/PluginProtos$CodeGeneratorResponse;->computeSerializedSize_0()I
smali\com\google\protobuf\compiler\PluginProtos$CodeGeneratorResponse.smali	1538	    iget-wide v0, p0, Lcom/google/protobuf/compiler/PluginProtos$CodeGeneratorResponse;->supportedFeatures_:J
smali\com\google\protobuf\compiler\PluginProtos$CodeGeneratorResponse.smali	1549	    iget p0, p0, Lcom/google/protobuf/compiler/PluginProtos$CodeGeneratorResponse;->bitField0_:I
smali\com\google\protobuf\compiler\PluginProtos$CodeGeneratorResponse.smali	1577	    iget p0, p0, Lcom/google/protobuf/compiler/PluginProtos$CodeGeneratorResponse;->bitField0_:I
smali\com\google\protobuf\compiler\PluginProtos$CodeGeneratorResponse.smali	1606	    iget p0, p0, Lcom/google/protobuf/compiler/PluginProtos$CodeGeneratorResponse;->bitField0_:I
smali\com\google\protobuf\compiler\PluginProtos$CodeGeneratorResponse.smali	1635	    iget p0, p0, Lcom/google/protobuf/compiler/PluginProtos$CodeGeneratorResponse;->bitField0_:I
smali\com\google\protobuf\compiler\PluginProtos$CodeGeneratorResponse.smali	1676	    invoke-static {}, Lcom/google/protobuf/compiler/PluginProtos$CodeGeneratorResponse;->getDescriptor()Lcom/google/protobuf/飘花落叶言楪子哲世苏兰;
smali\com\google\protobuf\compiler\PluginProtos$CodeGeneratorResponse.smali	1696	    invoke-virtual {p0}, Lcom/google/protobuf/compiler/PluginProtos$CodeGeneratorResponse;->hasError()Z
smali\com\google\protobuf\compiler\PluginProtos$CodeGeneratorResponse.smali	1727	    invoke-virtual {p0}, Lcom/google/protobuf/compiler/PluginProtos$CodeGeneratorResponse;->getError()Ljava/lang/String;
smali\com\google\protobuf\compiler\PluginProtos$CodeGeneratorResponse.smali	1747	    invoke-virtual {p0}, Lcom/google/protobuf/compiler/PluginProtos$CodeGeneratorResponse;->hasSupportedFeatures()Z
smali\com\google\protobuf\compiler\PluginProtos$CodeGeneratorResponse.smali	1770	    invoke-virtual {p0}, Lcom/google/protobuf/compiler/PluginProtos$CodeGeneratorResponse;->getSupportedFeatures()J
smali\com\google\protobuf\compiler\PluginProtos$CodeGeneratorResponse.smali	1790	    invoke-virtual {p0}, Lcom/google/protobuf/compiler/PluginProtos$CodeGeneratorResponse;->hasMinimumEdition()Z
smali\com\google\protobuf\compiler\PluginProtos$CodeGeneratorResponse.smali	1813	    invoke-virtual {p0}, Lcom/google/protobuf/compiler/PluginProtos$CodeGeneratorResponse;->getMinimumEdition()I
smali\com\google\protobuf\compiler\PluginProtos$CodeGeneratorResponse.smali	1825	    invoke-virtual {p0}, Lcom/google/protobuf/compiler/PluginProtos$CodeGeneratorResponse;->hasMaximumEdition()Z
smali\com\google\protobuf\compiler\PluginProtos$CodeGeneratorResponse.smali	1848	    invoke-virtual {p0}, Lcom/google/protobuf/compiler/PluginProtos$CodeGeneratorResponse;->getMaximumEdition()I
smali\com\google\protobuf\compiler\PluginProtos$CodeGeneratorResponse.smali	1860	    invoke-virtual {p0}, Lcom/google/protobuf/compiler/PluginProtos$CodeGeneratorResponse;->getFileCount()I
smali\com\google\protobuf\compiler\PluginProtos$CodeGeneratorResponse.smali	1884	    invoke-virtual {p0}, Lcom/google/protobuf/compiler/PluginProtos$CodeGeneratorResponse;->getFileList()Ljava/util/List;
smali\com\google\protobuf\compiler\PluginProtos$CodeGeneratorResponse.smali	1942	    const-class v0, Lcom/google/protobuf/compiler/PluginProtos$CodeGeneratorResponse;
smali\com\google\protobuf\compiler\PluginProtos$CodeGeneratorResponse.smali	1946	    const-class v1, Lcom/google/protobuf/compiler/PluginProtos$CodeGeneratorResponse$飘花落叶言子楪世苏哲兰;
smali\com\google\protobuf\compiler\PluginProtos$CodeGeneratorResponse.smali	1962	    iget-byte v0, p0, Lcom/google/protobuf/compiler/PluginProtos$CodeGeneratorResponse;->memoizedIsInitialized:B
smali\com\google\protobuf\compiler\PluginProtos$CodeGeneratorResponse.smali	1988	    iput-byte v1, p0, Lcom/google/protobuf/compiler/PluginProtos$CodeGeneratorResponse;->memoizedIsInitialized:B
smali\com\google\protobuf\compiler\PluginProtos$CodeGeneratorResponse.smali	1995	.method public newBuilderForType()Lcom/google/protobuf/compiler/PluginProtos$CodeGeneratorResponse$飘花落叶言子楪世苏哲兰;
smali\com\google\protobuf\compiler\PluginProtos$CodeGeneratorResponse.smali	1999	    invoke-static {}, Lcom/google/protobuf/compiler/PluginProtos$CodeGeneratorResponse;->newBuilder()Lcom/google/protobuf/compiler/PluginProtos$CodeGeneratorResponse$飘花落叶言子楪世苏哲兰;
smali\com\google\protobuf\compiler\PluginProtos$CodeGeneratorResponse.smali	2006	.method public newBuilderForType(Lcom/google/protobuf/飘花落叶言子楪世苏兰哲;)Lcom/google/protobuf/compiler/PluginProtos$CodeGeneratorResponse$飘花落叶言子楪世苏哲兰;
smali\com\google\protobuf\compiler\PluginProtos$CodeGeneratorResponse.smali	2010	    new-instance p0, Lcom/google/protobuf/compiler/PluginProtos$CodeGeneratorResponse$飘花落叶言子楪世苏哲兰;
smali\com\google\protobuf\compiler\PluginProtos$CodeGeneratorResponse.smali	2017	    invoke-direct {p0, p1, v0}, Lcom/google/protobuf/compiler/PluginProtos$CodeGeneratorResponse$飘花落叶言子楪世苏哲兰;-><init>(Lcom/google/protobuf/飘花落叶言子楪世苏兰哲;L飘花落叶言楪哲苏子世兰/飘花落叶言子楪世苏哲兰;)V
smali\com\google\protobuf\compiler\PluginProtos$CodeGeneratorResponse.smali	2029	    invoke-virtual {p0}, Lcom/google/protobuf/compiler/PluginProtos$CodeGeneratorResponse;->newBuilderForType()Lcom/google/protobuf/compiler/PluginProtos$CodeGeneratorResponse$飘花落叶言子楪世苏哲兰;
smali\com\google\protobuf\compiler\PluginProtos$CodeGeneratorResponse.smali	2040	    invoke-virtual {p0}, Lcom/google/protobuf/compiler/PluginProtos$CodeGeneratorResponse;->newBuilderForType()Lcom/google/protobuf/compiler/PluginProtos$CodeGeneratorResponse$飘花落叶言子楪世苏哲兰;
smali\com\google\protobuf\compiler\PluginProtos$CodeGeneratorResponse.smali	2051	    invoke-virtual {p0, p1}, Lcom/google/protobuf/compiler/PluginProtos$CodeGeneratorResponse;->newBuilderForType(Lcom/google/protobuf/飘花落叶言子楪世苏兰哲;)Lcom/google/protobuf/compiler/PluginProtos$CodeGeneratorResponse$飘花落叶言子楪世苏哲兰;
smali\com\google\protobuf\compiler\PluginProtos$CodeGeneratorResponse.smali	2058	.method public toBuilder()Lcom/google/protobuf/compiler/PluginProtos$CodeGeneratorResponse$飘花落叶言子楪世苏哲兰;
smali\com\google\protobuf\compiler\PluginProtos$CodeGeneratorResponse.smali	2062	    sget-object v0, Lcom/google/protobuf/compiler/PluginProtos$CodeGeneratorResponse;->DEFAULT_INSTANCE:Lcom/google/protobuf/compiler/PluginProtos$CodeGeneratorResponse;
smali\com\google\protobuf\compiler\PluginProtos$CodeGeneratorResponse.smali	2073	    new-instance p0, Lcom/google/protobuf/compiler/PluginProtos$CodeGeneratorResponse$飘花落叶言子楪世苏哲兰;
smali\com\google\protobuf\compiler\PluginProtos$CodeGeneratorResponse.smali	2077	    invoke-direct {p0, v1}, Lcom/google/protobuf/compiler/PluginProtos$CodeGeneratorResponse$飘花落叶言子楪世苏哲兰;-><init>(L飘花落叶言楪哲苏子世兰/飘花落叶言子楪世苏哲兰;)V
smali\com\google\protobuf\compiler\PluginProtos$CodeGeneratorResponse.smali	2086	    new-instance v0, Lcom/google/protobuf/compiler/PluginProtos$CodeGeneratorResponse$飘花落叶言子楪世苏哲兰;
smali\com\google\protobuf\compiler\PluginProtos$CodeGeneratorResponse.smali	2090	    invoke-direct {v0, v1}, Lcom/google/protobuf/compiler/PluginProtos$CodeGeneratorResponse$飘花落叶言子楪世苏哲兰;-><init>(L飘花落叶言楪哲苏子世兰/飘花落叶言子楪世苏哲兰;)V
smali\com\google\protobuf\compiler\PluginProtos$CodeGeneratorResponse.smali	2095	    invoke-virtual {v0, p0}, Lcom/google/protobuf/compiler/PluginProtos$CodeGeneratorResponse$飘花落叶言子楪世苏哲兰;->mergeFrom(Lcom/google/protobuf/compiler/PluginProtos$CodeGeneratorResponse;)Lcom/google/protobuf/compiler/PluginProtos$CodeGeneratorResponse$飘花落叶言子楪世苏哲兰;
smali\com\google\protobuf\compiler\PluginProtos$CodeGeneratorResponse.smali	2110	    invoke-virtual {p0}, Lcom/google/protobuf/compiler/PluginProtos$CodeGeneratorResponse;->toBuilder()Lcom/google/protobuf/compiler/PluginProtos$CodeGeneratorResponse$飘花落叶言子楪世苏哲兰;
smali\com\google\protobuf\compiler\PluginProtos$CodeGeneratorResponse.smali	2121	    invoke-virtual {p0}, Lcom/google/protobuf/compiler/PluginProtos$CodeGeneratorResponse;->toBuilder()Lcom/google/protobuf/compiler/PluginProtos$CodeGeneratorResponse$飘花落叶言子楪世苏哲兰;
smali\com\google\protobuf\compiler\PluginProtos$CodeGeneratorResponse.smali	2132	    iget v0, p0, Lcom/google/protobuf/compiler/PluginProtos$CodeGeneratorResponse;->bitField0_:I
smali\com\google\protobuf\compiler\PluginProtos$CodeGeneratorResponse.smali	2146	    iget-object v0, p0, Lcom/google/protobuf/compiler/PluginProtos$CodeGeneratorResponse;->error_:Ljava/lang/Object;
smali\com\google\protobuf\compiler\PluginProtos$CodeGeneratorResponse.smali	2156	    iget v0, p0, Lcom/google/protobuf/compiler/PluginProtos$CodeGeneratorResponse;->bitField0_:I
smali\com\google\protobuf\compiler\PluginProtos$CodeGeneratorResponse.smali	2170	    iget-wide v2, p0, Lcom/google/protobuf/compiler/PluginProtos$CodeGeneratorResponse;->supportedFeatures_:J
smali\com\google\protobuf\compiler\PluginProtos$CodeGeneratorResponse.smali	2180	    iget v0, p0, Lcom/google/protobuf/compiler/PluginProtos$CodeGeneratorResponse;->bitField0_:I
smali\com\google\protobuf\compiler\PluginProtos$CodeGeneratorResponse.smali	2197	    iget v2, p0, Lcom/google/protobuf/compiler/PluginProtos$CodeGeneratorResponse;->minimumEdition_:I
smali\com\google\protobuf\compiler\PluginProtos$CodeGeneratorResponse.smali	2207	    iget v0, p0, Lcom/google/protobuf/compiler/PluginProtos$CodeGeneratorResponse;->bitField0_:I
smali\com\google\protobuf\compiler\PluginProtos$CodeGeneratorResponse.smali	2219	    iget v0, p0, Lcom/google/protobuf/compiler/PluginProtos$CodeGeneratorResponse;->maximumEdition_:I
smali\com\google\protobuf\compiler\PluginProtos$CodeGeneratorResponse.smali	2233	    iget-object v1, p0, Lcom/google/protobuf/compiler/PluginProtos$CodeGeneratorResponse;->file_:Ljava/util/List;
smali\com\google\protobuf\compiler\PluginProtos$CodeGeneratorResponse.smali	2249	    iget-object v1, p0, Lcom/google/protobuf/compiler/PluginProtos$CodeGeneratorResponse;->file_:Ljava/util/List;
smali\com\google\protobuf\compiler\PluginProtos$Version$飘花落叶言子楪世苏哲兰.smali	1	.class public final Lcom/google/protobuf/compiler/PluginProtos$Version$飘花落叶言子楪世苏哲兰;
smali\com\google\protobuf\compiler\PluginProtos$Version$飘花落叶言子楪世苏哲兰.smali	11	    value = Lcom/google/protobuf/compiler/PluginProtos$Version;
smali\com\google\protobuf\compiler\PluginProtos$Version$飘花落叶言子楪世苏哲兰.smali	46	    iput-object v0, p0, Lcom/google/protobuf/compiler/PluginProtos$Version$飘花落叶言子楪世苏哲兰;->suffix_:Ljava/lang/Object;
smali\com\google\protobuf\compiler\PluginProtos$Version$飘花落叶言子楪世苏哲兰.smali	62	    iput-object p1, p0, Lcom/google/protobuf/compiler/PluginProtos$Version$飘花落叶言子楪世苏哲兰;->suffix_:Ljava/lang/Object;
smali\com\google\protobuf\compiler\PluginProtos$Version$飘花落叶言子楪世苏哲兰.smali	71	    invoke-direct {p0, p1}, Lcom/google/protobuf/compiler/PluginProtos$Version$飘花落叶言子楪世苏哲兰;-><init>(Lcom/google/protobuf/飘花落叶言子楪世苏兰哲;)V
smali\com\google\protobuf\compiler\PluginProtos$Version$飘花落叶言子楪世苏哲兰.smali	80	    invoke-direct {p0}, Lcom/google/protobuf/compiler/PluginProtos$Version$飘花落叶言子楪世苏哲兰;-><init>()V
smali\com\google\protobuf\compiler\PluginProtos$Version$飘花落叶言子楪世苏哲兰.smali	85	.method private buildPartial0(Lcom/google/protobuf/compiler/PluginProtos$Version;)V
smali\com\google\protobuf\compiler\PluginProtos$Version$飘花落叶言子楪世苏哲兰.smali	89	    iget v0, p0, Lcom/google/protobuf/compiler/PluginProtos$Version$飘花落叶言子楪世苏哲兰;->bitField0_:I
smali\com\google\protobuf\compiler\PluginProtos$Version$飘花落叶言子楪世苏哲兰.smali	101	    iget v1, p0, Lcom/google/protobuf/compiler/PluginProtos$Version$飘花落叶言子楪世苏哲兰;->major_:I
smali\com\google\protobuf\compiler\PluginProtos$Version$飘花落叶言子楪世苏哲兰.smali	105	    invoke-static {p1, v1}, Lcom/google/protobuf/compiler/PluginProtos$Version;->access$502(Lcom/google/protobuf/compiler/PluginProtos$Version;I)I
smali\com\google\protobuf\compiler\PluginProtos$Version$飘花落叶言子楪世苏哲兰.smali	129	    iget v2, p0, Lcom/google/protobuf/compiler/PluginProtos$Version$飘花落叶言子楪世苏哲兰;->minor_:I
smali\com\google\protobuf\compiler\PluginProtos$Version$飘花落叶言子楪世苏哲兰.smali	133	    invoke-static {p1, v2}, Lcom/google/protobuf/compiler/PluginProtos$Version;->access$602(Lcom/google/protobuf/compiler/PluginProtos$Version;I)I
smali\com\google\protobuf\compiler\PluginProtos$Version$飘花落叶言子楪世苏哲兰.smali	151	    iget v2, p0, Lcom/google/protobuf/compiler/PluginProtos$Version$飘花落叶言子楪世苏哲兰;->patch_:I
smali\com\google\protobuf\compiler\PluginProtos$Version$飘花落叶言子楪世苏哲兰.smali	155	    invoke-static {p1, v2}, Lcom/google/protobuf/compiler/PluginProtos$Version;->access$702(Lcom/google/protobuf/compiler/PluginProtos$Version;I)I
smali\com\google\protobuf\compiler\PluginProtos$Version$飘花落叶言子楪世苏哲兰.smali	173	    iget-object p0, p0, Lcom/google/protobuf/compiler/PluginProtos$Version$飘花落叶言子楪世苏哲兰;->suffix_:Ljava/lang/Object;
smali\com\google\protobuf\compiler\PluginProtos$Version$飘花落叶言子楪世苏哲兰.smali	177	    invoke-static {p1, p0}, Lcom/google/protobuf/compiler/PluginProtos$Version;->access$802(Lcom/google/protobuf/compiler/PluginProtos$Version;Ljava/lang/Object;)Ljava/lang/Object;
smali\com\google\protobuf\compiler\PluginProtos$Version$飘花落叶言子楪世苏哲兰.smali	187	    invoke-static {p1, v1}, Lcom/google/protobuf/compiler/PluginProtos$Version;->access$976(Lcom/google/protobuf/compiler/PluginProtos$Version;I)I
smali\com\google\protobuf\compiler\PluginProtos$Version$飘花落叶言子楪世苏哲兰.smali	208	.method public build()Lcom/google/protobuf/compiler/PluginProtos$Version;
smali\com\google\protobuf\compiler\PluginProtos$Version$飘花落叶言子楪世苏哲兰.smali	212	    invoke-virtual {p0}, Lcom/google/protobuf/compiler/PluginProtos$Version$飘花落叶言子楪世苏哲兰;->buildPartial()Lcom/google/protobuf/compiler/PluginProtos$Version;
smali\com\google\protobuf\compiler\PluginProtos$Version$飘花落叶言子楪世苏哲兰.smali	220	    invoke-virtual {p0}, Lcom/google/protobuf/compiler/PluginProtos$Version;->isInitialized()Z
smali\com\google\protobuf\compiler\PluginProtos$Version$飘花落叶言子楪世苏哲兰.smali	251	    invoke-virtual {p0}, Lcom/google/protobuf/compiler/PluginProtos$Version$飘花落叶言子楪世苏哲兰;->build()Lcom/google/protobuf/compiler/PluginProtos$Version;
smali\com\google\protobuf\compiler\PluginProtos$Version$飘花落叶言子楪世苏哲兰.smali	262	    invoke-virtual {p0}, Lcom/google/protobuf/compiler/PluginProtos$Version$飘花落叶言子楪世苏哲兰;->build()Lcom/google/protobuf/compiler/PluginProtos$Version;
smali\com\google\protobuf\compiler\PluginProtos$Version$飘花落叶言子楪世苏哲兰.smali	269	.method public buildPartial()Lcom/google/protobuf/compiler/PluginProtos$Version;
smali\com\google\protobuf\compiler\PluginProtos$Version$飘花落叶言子楪世苏哲兰.smali	273	    new-instance v0, Lcom/google/protobuf/compiler/PluginProtos$Version;
smali\com\google\protobuf\compiler\PluginProtos$Version$飘花落叶言子楪世苏哲兰.smali	280	    invoke-direct {v0, p0, v1}, Lcom/google/protobuf/compiler/PluginProtos$Version;-><init>(Lcom/google/protobuf/GeneratedMessage$飘花落叶言子楪世苏哲兰;L飘花落叶言楪哲苏子世兰/飘花落叶言子楪世苏哲兰;)V
smali\com\google\protobuf\compiler\PluginProtos$Version$飘花落叶言子楪世苏哲兰.smali	285	    iget v1, p0, Lcom/google/protobuf/compiler/PluginProtos$Version$飘花落叶言子楪世苏哲兰;->bitField0_:I
smali\com\google\protobuf\compiler\PluginProtos$Version$飘花落叶言子楪世苏哲兰.smali	293	    invoke-direct {p0, v0}, Lcom/google/protobuf/compiler/PluginProtos$Version$飘花落叶言子楪世苏哲兰;->buildPartial0(Lcom/google/protobuf/compiler/PluginProtos$Version;)V
smali\com\google\protobuf\compiler\PluginProtos$Version$飘花落叶言子楪世苏哲兰.smali	311	    invoke-virtual {p0}, Lcom/google/protobuf/compiler/PluginProtos$Version$飘花落叶言子楪世苏哲兰;->buildPartial()Lcom/google/protobuf/compiler/PluginProtos$Version;
smali\com\google\protobuf\compiler\PluginProtos$Version$飘花落叶言子楪世苏哲兰.smali	322	    invoke-virtual {p0}, Lcom/google/protobuf/compiler/PluginProtos$Version$飘花落叶言子楪世苏哲兰;->buildPartial()Lcom/google/protobuf/compiler/PluginProtos$Version;
smali\com\google\protobuf\compiler\PluginProtos$Version$飘花落叶言子楪世苏哲兰.smali	333	    invoke-virtual {p0}, Lcom/google/protobuf/compiler/PluginProtos$Version$飘花落叶言子楪世苏哲兰;->clear()Lcom/google/protobuf/compiler/PluginProtos$Version$飘花落叶言子楪世苏哲兰;
smali\com\google\protobuf\compiler\PluginProtos$Version$飘花落叶言子楪世苏哲兰.smali	340	.method public clear()Lcom/google/protobuf/compiler/PluginProtos$Version$飘花落叶言子楪世苏哲兰;
smali\com\google\protobuf\compiler\PluginProtos$Version$飘花落叶言子楪世苏哲兰.smali	352	    iput v0, p0, Lcom/google/protobuf/compiler/PluginProtos$Version$飘花落叶言子楪世苏哲兰;->bitField0_:I
smali\com\google\protobuf\compiler\PluginProtos$Version$飘花落叶言子楪世苏哲兰.smali	356	    iput v0, p0, Lcom/google/protobuf/compiler/PluginProtos$Version$飘花落叶言子楪世苏哲兰;->major_:I
smali\com\google\protobuf\compiler\PluginProtos$Version$飘花落叶言子楪世苏哲兰.smali	360	    iput v0, p0, Lcom/google/protobuf/compiler/PluginProtos$Version$飘花落叶言子楪世苏哲兰;->minor_:I
smali\com\google\protobuf\compiler\PluginProtos$Version$飘花落叶言子楪世苏哲兰.smali	364	    iput v0, p0, Lcom/google/protobuf/compiler/PluginProtos$Version$飘花落叶言子楪世苏哲兰;->patch_:I
smali\com\google\protobuf\compiler\PluginProtos$Version$飘花落叶言子楪世苏哲兰.smali	372	    iput-object v0, p0, Lcom/google/protobuf/compiler/PluginProtos$Version$飘花落叶言子楪世苏哲兰;->suffix_:Ljava/lang/Object;
smali\com\google\protobuf\compiler\PluginProtos$Version$飘花落叶言子楪世苏哲兰.smali	383	    invoke-virtual {p0}, Lcom/google/protobuf/compiler/PluginProtos$Version$飘花落叶言子楪世苏哲兰;->clear()Lcom/google/protobuf/compiler/PluginProtos$Version$飘花落叶言子楪世苏哲兰;
smali\com\google\protobuf\compiler\PluginProtos$Version$飘花落叶言子楪世苏哲兰.smali	394	    invoke-virtual {p0}, Lcom/google/protobuf/compiler/PluginProtos$Version$飘花落叶言子楪世苏哲兰;->clear()Lcom/google/protobuf/compiler/PluginProtos$Version$飘花落叶言子楪世苏哲兰;
smali\com\google\protobuf\compiler\PluginProtos$Version$飘花落叶言子楪世苏哲兰.smali	405	    invoke-virtual {p0}, Lcom/google/protobuf/compiler/PluginProtos$Version$飘花落叶言子楪世苏哲兰;->clear()Lcom/google/protobuf/compiler/PluginProtos$Version$飘花落叶言子楪世苏哲兰;
smali\com\google\protobuf\compiler\PluginProtos$Version$飘花落叶言子楪世苏哲兰.smali	412	.method public clearMajor()Lcom/google/protobuf/compiler/PluginProtos$Version$飘花落叶言子楪世苏哲兰;
smali\com\google\protobuf\compiler\PluginProtos$Version$飘花落叶言子楪世苏哲兰.smali	416	    iget v0, p0, Lcom/google/protobuf/compiler/PluginProtos$Version$飘花落叶言子楪世苏哲兰;->bitField0_:I
smali\com\google\protobuf\compiler\PluginProtos$Version$飘花落叶言子楪世苏哲兰.smali	424	    iput v0, p0, Lcom/google/protobuf/compiler/PluginProtos$Version$飘花落叶言子楪世苏哲兰;->bitField0_:I
smali\com\google\protobuf\compiler\PluginProtos$Version$飘花落叶言子楪世苏哲兰.smali	431	    iput v0, p0, Lcom/google/protobuf/compiler/PluginProtos$Version$飘花落叶言子楪世苏哲兰;->major_:I
smali\com\google\protobuf\compiler\PluginProtos$Version$飘花落叶言子楪世苏哲兰.smali	443	.method public clearMinor()Lcom/google/protobuf/compiler/PluginProtos$Version$飘花落叶言子楪世苏哲兰;
smali\com\google\protobuf\compiler\PluginProtos$Version$飘花落叶言子楪世苏哲兰.smali	447	    iget v0, p0, Lcom/google/protobuf/compiler/PluginProtos$Version$飘花落叶言子楪世苏哲兰;->bitField0_:I
smali\com\google\protobuf\compiler\PluginProtos$Version$飘花落叶言子楪世苏哲兰.smali	455	    iput v0, p0, Lcom/google/protobuf/compiler/PluginProtos$Version$飘花落叶言子楪世苏哲兰;->bitField0_:I
smali\com\google\protobuf\compiler\PluginProtos$Version$飘花落叶言子楪世苏哲兰.smali	462	    iput v0, p0, Lcom/google/protobuf/compiler/PluginProtos$Version$飘花落叶言子楪世苏哲兰;->minor_:I
smali\com\google\protobuf\compiler\PluginProtos$Version$飘花落叶言子楪世苏哲兰.smali	474	.method public clearPatch()Lcom/google/protobuf/compiler/PluginProtos$Version$飘花落叶言子楪世苏哲兰;
smali\com\google\protobuf\compiler\PluginProtos$Version$飘花落叶言子楪世苏哲兰.smali	478	    iget v0, p0, Lcom/google/protobuf/compiler/PluginProtos$Version$飘花落叶言子楪世苏哲兰;->bitField0_:I
smali\com\google\protobuf\compiler\PluginProtos$Version$飘花落叶言子楪世苏哲兰.smali	486	    iput v0, p0, Lcom/google/protobuf/compiler/PluginProtos$Version$飘花落叶言子楪世苏哲兰;->bitField0_:I
smali\com\google\protobuf\compiler\PluginProtos$Version$飘花落叶言子楪世苏哲兰.smali	493	    iput v0, p0, Lcom/google/protobuf/compiler/PluginProtos$Version$飘花落叶言子楪世苏哲兰;->patch_:I
smali\com\google\protobuf\compiler\PluginProtos$Version$飘花落叶言子楪世苏哲兰.smali	505	.method public clearSuffix()Lcom/google/protobuf/compiler/PluginProtos$Version$飘花落叶言子楪世苏哲兰;
smali\com\google\protobuf\compiler\PluginProtos$Version$飘花落叶言子楪世苏哲兰.smali	509	    invoke-static {}, Lcom/google/protobuf/compiler/PluginProtos$Version;->getDefaultInstance()Lcom/google/protobuf/compiler/PluginProtos$Version;
smali\com\google\protobuf\compiler\PluginProtos$Version$飘花落叶言子楪世苏哲兰.smali	517	    invoke-virtual {v0}, Lcom/google/protobuf/compiler/PluginProtos$Version;->getSuffix()Ljava/lang/String;
smali\com\google\protobuf\compiler\PluginProtos$Version$飘花落叶言子楪世苏哲兰.smali	525	    iput-object v0, p0, Lcom/google/protobuf/compiler/PluginProtos$Version$飘花落叶言子楪世苏哲兰;->suffix_:Ljava/lang/Object;
smali\com\google\protobuf\compiler\PluginProtos$Version$飘花落叶言子楪世苏哲兰.smali	529	    iget v0, p0, Lcom/google/protobuf/compiler/PluginProtos$Version$飘花落叶言子楪世苏哲兰;->bitField0_:I
smali\com\google\protobuf\compiler\PluginProtos$Version$飘花落叶言子楪世苏哲兰.smali	537	    iput v0, p0, Lcom/google/protobuf/compiler/PluginProtos$Version$飘花落叶言子楪世苏哲兰;->bitField0_:I
smali\com\google\protobuf\compiler\PluginProtos$Version$飘花落叶言子楪世苏哲兰.smali	549	.method public getDefaultInstanceForType()Lcom/google/protobuf/compiler/PluginProtos$Version;
smali\com\google\protobuf\compiler\PluginProtos$Version$飘花落叶言子楪世苏哲兰.smali	553	    invoke-static {}, Lcom/google/protobuf/compiler/PluginProtos$Version;->getDefaultInstance()Lcom/google/protobuf/compiler/PluginProtos$Version;
smali\com\google\protobuf\compiler\PluginProtos$Version$飘花落叶言子楪世苏哲兰.smali	564	    invoke-virtual {p0}, Lcom/google/protobuf/compiler/PluginProtos$Version$飘花落叶言子楪世苏哲兰;->getDefaultInstanceForType()Lcom/google/protobuf/compiler/PluginProtos$Version;
smali\com\google\protobuf\compiler\PluginProtos$Version$飘花落叶言子楪世苏哲兰.smali	575	    invoke-virtual {p0}, Lcom/google/protobuf/compiler/PluginProtos$Version$飘花落叶言子楪世苏哲兰;->getDefaultInstanceForType()Lcom/google/protobuf/compiler/PluginProtos$Version;
smali\com\google\protobuf\compiler\PluginProtos$Version$飘花落叶言子楪世苏哲兰.smali	601	    iget p0, p0, Lcom/google/protobuf/compiler/PluginProtos$Version$飘花落叶言子楪世苏哲兰;->major_:I
smali\com\google\protobuf\compiler\PluginProtos$Version$飘花落叶言子楪世苏哲兰.smali	612	    iget p0, p0, Lcom/google/protobuf/compiler/PluginProtos$Version$飘花落叶言子楪世苏哲兰;->minor_:I
smali\com\google\protobuf\compiler\PluginProtos$Version$飘花落叶言子楪世苏哲兰.smali	623	    iget p0, p0, Lcom/google/protobuf/compiler/PluginProtos$Version$飘花落叶言子楪世苏哲兰;->patch_:I
smali\com\google\protobuf\compiler\PluginProtos$Version$飘花落叶言子楪世苏哲兰.smali	634	    iget-object v0, p0, Lcom/google/protobuf/compiler/PluginProtos$Version$飘花落叶言子楪世苏哲兰;->suffix_:Ljava/lang/Object;
smali\com\google\protobuf\compiler\PluginProtos$Version$飘花落叶言子楪世苏哲兰.smali	670	    iput-object v1, p0, Lcom/google/protobuf/compiler/PluginProtos$Version$飘花落叶言子楪世苏哲兰;->suffix_:Ljava/lang/Object;
smali\com\google\protobuf\compiler\PluginProtos$Version$飘花落叶言子楪世苏哲兰.smali	690	    iget-object v0, p0, Lcom/google/protobuf/compiler/PluginProtos$Version$飘花落叶言子楪世苏哲兰;->suffix_:Ljava/lang/Object;
smali\com\google\protobuf\compiler\PluginProtos$Version$飘花落叶言子楪世苏哲兰.smali	714	    iput-object v0, p0, Lcom/google/protobuf/compiler/PluginProtos$Version$飘花落叶言子楪世苏哲兰;->suffix_:Ljava/lang/Object;
smali\com\google\protobuf\compiler\PluginProtos$Version$飘花落叶言子楪世苏哲兰.smali	733	    iget p0, p0, Lcom/google/protobuf/compiler/PluginProtos$Version$飘花落叶言子楪世苏哲兰;->bitField0_:I
smali\com\google\protobuf\compiler\PluginProtos$Version$飘花落叶言子楪世苏哲兰.smali	761	    iget p0, p0, Lcom/google/protobuf/compiler/PluginProtos$Version$飘花落叶言子楪世苏哲兰;->bitField0_:I
smali\com\google\protobuf\compiler\PluginProtos$Version$飘花落叶言子楪世苏哲兰.smali	790	    iget p0, p0, Lcom/google/protobuf/compiler/PluginProtos$Version$飘花落叶言子楪世苏哲兰;->bitField0_:I
smali\com\google\protobuf\compiler\PluginProtos$Version$飘花落叶言子楪世苏哲兰.smali	819	    iget p0, p0, Lcom/google/protobuf/compiler/PluginProtos$Version$飘花落叶言子楪世苏哲兰;->bitField0_:I
smali\com\google\protobuf\compiler\PluginProtos$Version$飘花落叶言子楪世苏哲兰.smali	852	    const-class v0, Lcom/google/protobuf/compiler/PluginProtos$Version;
smali\com\google\protobuf\compiler\PluginProtos$Version$飘花落叶言子楪世苏哲兰.smali	856	    const-class v1, Lcom/google/protobuf/compiler/PluginProtos$Version$飘花落叶言子楪世苏哲兰;
smali\com\google\protobuf\compiler\PluginProtos$Version$飘花落叶言子楪世苏哲兰.smali	878	.method public mergeFrom(Lcom/google/protobuf/compiler/PluginProtos$Version;)Lcom/google/protobuf/compiler/PluginProtos$Version$飘花落叶言子楪世苏哲兰;
smali\com\google\protobuf\compiler\PluginProtos$Version$飘花落叶言子楪世苏哲兰.smali	882	    invoke-static {}, Lcom/google/protobuf/compiler/PluginProtos$Version;->getDefaultInstance()Lcom/google/protobuf/compiler/PluginProtos$Version;
smali\com\google\protobuf\compiler\PluginProtos$Version$飘花落叶言子楪世苏哲兰.smali	892	    invoke-virtual {p1}, Lcom/google/protobuf/compiler/PluginProtos$Version;->hasMajor()Z
smali\com\google\protobuf\compiler\PluginProtos$Version$飘花落叶言子楪世苏哲兰.smali	899	    invoke-virtual {p1}, Lcom/google/protobuf/compiler/PluginProtos$Version;->getMajor()I
smali\com\google\protobuf\compiler\PluginProtos$Version$飘花落叶言子楪世苏哲兰.smali	903	    invoke-virtual {p0, v0}, Lcom/google/protobuf/compiler/PluginProtos$Version$飘花落叶言子楪世苏哲兰;->setMajor(I)Lcom/google/protobuf/compiler/PluginProtos$Version$飘花落叶言子楪世苏哲兰;
smali\com\google\protobuf\compiler\PluginProtos$Version$飘花落叶言子楪世苏哲兰.smali	907	    invoke-virtual {p1}, Lcom/google/protobuf/compiler/PluginProtos$Version;->hasMinor()Z
smali\com\google\protobuf\compiler\PluginProtos$Version$飘花落叶言子楪世苏哲兰.smali	914	    invoke-virtual {p1}, Lcom/google/protobuf/compiler/PluginProtos$Version;->getMinor()I
smali\com\google\protobuf\compiler\PluginProtos$Version$飘花落叶言子楪世苏哲兰.smali	918	    invoke-virtual {p0, v0}, Lcom/google/protobuf/compiler/PluginProtos$Version$飘花落叶言子楪世苏哲兰;->setMinor(I)Lcom/google/protobuf/compiler/PluginProtos$Version$飘花落叶言子楪世苏哲兰;
smali\com\google\protobuf\compiler\PluginProtos$Version$飘花落叶言子楪世苏哲兰.smali	922	    invoke-virtual {p1}, Lcom/google/protobuf/compiler/PluginProtos$Version;->hasPatch()Z
smali\com\google\protobuf\compiler\PluginProtos$Version$飘花落叶言子楪世苏哲兰.smali	929	    invoke-virtual {p1}, Lcom/google/protobuf/compiler/PluginProtos$Version;->getPatch()I
smali\com\google\protobuf\compiler\PluginProtos$Version$飘花落叶言子楪世苏哲兰.smali	933	    invoke-virtual {p0, v0}, Lcom/google/protobuf/compiler/PluginProtos$Version$飘花落叶言子楪世苏哲兰;->setPatch(I)Lcom/google/protobuf/compiler/PluginProtos$Version$飘花落叶言子楪世苏哲兰;
smali\com\google\protobuf\compiler\PluginProtos$Version$飘花落叶言子楪世苏哲兰.smali	937	    invoke-virtual {p1}, Lcom/google/protobuf/compiler/PluginProtos$Version;->hasSuffix()Z
smali\com\google\protobuf\compiler\PluginProtos$Version$飘花落叶言子楪世苏哲兰.smali	944	    invoke-static {p1}, Lcom/google/protobuf/compiler/PluginProtos$Version;->access$800(Lcom/google/protobuf/compiler/PluginProtos$Version;)Ljava/lang/Object;
smali\com\google\protobuf\compiler\PluginProtos$Version$飘花落叶言子楪世苏哲兰.smali	948	    iput-object v0, p0, Lcom/google/protobuf/compiler/PluginProtos$Version$飘花落叶言子楪世苏哲兰;->suffix_:Ljava/lang/Object;
smali\com\google\protobuf\compiler\PluginProtos$Version$飘花落叶言子楪世苏哲兰.smali	951	    iget v0, p0, Lcom/google/protobuf/compiler/PluginProtos$Version$飘花落叶言子楪世苏哲兰;->bitField0_:I
smali\com\google\protobuf\compiler\PluginProtos$Version$飘花落叶言子楪世苏哲兰.smali	955	    iput v0, p0, Lcom/google/protobuf/compiler/PluginProtos$Version$飘花落叶言子楪世苏哲兰;->bitField0_:I
smali\com\google\protobuf\compiler\PluginProtos$Version$飘花落叶言子楪世苏哲兰.smali	974	.method public mergeFrom(Lcom/google/protobuf/飘花落叶言世苏楪哲子兰;)Lcom/google/protobuf/compiler/PluginProtos$Version$飘花落叶言子楪世苏哲兰;
smali\com\google\protobuf\compiler\PluginProtos$Version$飘花落叶言子楪世苏哲兰.smali	978	    instance-of v0, p1, Lcom/google/protobuf/compiler/PluginProtos$Version;
smali\com\google\protobuf\compiler\PluginProtos$Version$飘花落叶言子楪世苏哲兰.smali	983	    check-cast p1, Lcom/google/protobuf/compiler/PluginProtos$Version;
smali\com\google\protobuf\compiler\PluginProtos$Version$飘花落叶言子楪世苏哲兰.smali	985	    invoke-virtual {p0, p1}, Lcom/google/protobuf/compiler/PluginProtos$Version$飘花落叶言子楪世苏哲兰;->mergeFrom(Lcom/google/protobuf/compiler/PluginProtos$Version;)Lcom/google/protobuf/compiler/PluginProtos$Version$飘花落叶言子楪世苏哲兰;
smali\com\google\protobuf\compiler\PluginProtos$Version$飘花落叶言子楪世苏哲兰.smali	998	.method public mergeFrom(Lcom/google/protobuf/飘花落叶言子世苏兰哲楪;Lcom/google/protobuf/飘花落叶言楪苏子哲兰世;)Lcom/google/protobuf/compiler/PluginProtos$Version$飘花落叶言子楪世苏哲兰;
smali\com\google\protobuf\compiler\PluginProtos$Version$飘花落叶言子楪世苏哲兰.smali	1106	    iput-object v1, p0, Lcom/google/protobuf/compiler/PluginProtos$Version$飘花落叶言子楪世苏哲兰;->suffix_:Ljava/lang/Object;
smali\com\google\protobuf\compiler\PluginProtos$Version$飘花落叶言子楪世苏哲兰.smali	1110	    iget v1, p0, Lcom/google/protobuf/compiler/PluginProtos$Version$飘花落叶言子楪世苏哲兰;->bitField0_:I
smali\com\google\protobuf\compiler\PluginProtos$Version$飘花落叶言子楪世苏哲兰.smali	1117	    iput v1, p0, Lcom/google/protobuf/compiler/PluginProtos$Version$飘花落叶言子楪世苏哲兰;->bitField0_:I
smali\com\google\protobuf\compiler\PluginProtos$Version$飘花落叶言子楪世苏哲兰.smali	1133	    iput v1, p0, Lcom/google/protobuf/compiler/PluginProtos$Version$飘花落叶言子楪世苏哲兰;->patch_:I
smali\com\google\protobuf\compiler\PluginProtos$Version$飘花落叶言子楪世苏哲兰.smali	1137	    iget v1, p0, Lcom/google/protobuf/compiler/PluginProtos$Version$飘花落叶言子楪世苏哲兰;->bitField0_:I
smali\com\google\protobuf\compiler\PluginProtos$Version$飘花落叶言子楪世苏哲兰.smali	1145	    iput v1, p0, Lcom/google/protobuf/compiler/PluginProtos$Version$飘花落叶言子楪世苏哲兰;->bitField0_:I
smali\com\google\protobuf\compiler\PluginProtos$Version$飘花落叶言子楪世苏哲兰.smali	1161	    iput v1, p0, Lcom/google/protobuf/compiler/PluginProtos$Version$飘花落叶言子楪世苏哲兰;->minor_:I
smali\com\google\protobuf\compiler\PluginProtos$Version$飘花落叶言子楪世苏哲兰.smali	1165	    iget v1, p0, Lcom/google/protobuf/compiler/PluginProtos$Version$飘花落叶言子楪世苏哲兰;->bitField0_:I
smali\com\google\protobuf\compiler\PluginProtos$Version$飘花落叶言子楪世苏哲兰.smali	1173	    iput v1, p0, Lcom/google/protobuf/compiler/PluginProtos$Version$飘花落叶言子楪世苏哲兰;->bitField0_:I
smali\com\google\protobuf\compiler\PluginProtos$Version$飘花落叶言子楪世苏哲兰.smali	1189	    iput v1, p0, Lcom/google/protobuf/compiler/PluginProtos$Version$飘花落叶言子楪世苏哲兰;->major_:I
smali\com\google\protobuf\compiler\PluginProtos$Version$飘花落叶言子楪世苏哲兰.smali	1193	    iget v1, p0, Lcom/google/protobuf/compiler/PluginProtos$Version$飘花落叶言子楪世苏哲兰;->bitField0_:I
smali\com\google\protobuf\compiler\PluginProtos$Version$飘花落叶言子楪世苏哲兰.smali	1200	    iput v1, p0, Lcom/google/protobuf/compiler/PluginProtos$Version$飘花落叶言子楪世苏哲兰;->bitField0_:I
smali\com\google\protobuf\compiler\PluginProtos$Version$飘花落叶言子楪世苏哲兰.smali	1247	    invoke-virtual {p0, p1, p2}, Lcom/google/protobuf/compiler/PluginProtos$Version$飘花落叶言子楪世苏哲兰;->mergeFrom(Lcom/google/protobuf/飘花落叶言子世苏兰哲楪;Lcom/google/protobuf/飘花落叶言楪苏子哲兰世;)Lcom/google/protobuf/compiler/PluginProtos$Version$飘花落叶言子楪世苏哲兰;
smali\com\google\protobuf\compiler\PluginProtos$Version$飘花落叶言子楪世苏哲兰.smali	1258	    invoke-virtual {p0, p1}, Lcom/google/protobuf/compiler/PluginProtos$Version$飘花落叶言子楪世苏哲兰;->mergeFrom(Lcom/google/protobuf/飘花落叶言世苏楪哲子兰;)Lcom/google/protobuf/compiler/PluginProtos$Version$飘花落叶言子楪世苏哲兰;
smali\com\google\protobuf\compiler\PluginProtos$Version$飘花落叶言子楪世苏哲兰.smali	1269	    invoke-virtual {p0, p1, p2}, Lcom/google/protobuf/compiler/PluginProtos$Version$飘花落叶言子楪世苏哲兰;->mergeFrom(Lcom/google/protobuf/飘花落叶言子世苏兰哲楪;Lcom/google/protobuf/飘花落叶言楪苏子哲兰世;)Lcom/google/protobuf/compiler/PluginProtos$Version$飘花落叶言子楪世苏哲兰;
smali\com\google\protobuf\compiler\PluginProtos$Version$飘花落叶言子楪世苏哲兰.smali	1280	    invoke-virtual {p0, p1, p2}, Lcom/google/protobuf/compiler/PluginProtos$Version$飘花落叶言子楪世苏哲兰;->mergeFrom(Lcom/google/protobuf/飘花落叶言子世苏兰哲楪;Lcom/google/protobuf/飘花落叶言楪苏子哲兰世;)Lcom/google/protobuf/compiler/PluginProtos$Version$飘花落叶言子楪世苏哲兰;
smali\com\google\protobuf\compiler\PluginProtos$Version$飘花落叶言子楪世苏哲兰.smali	1291	    invoke-virtual {p0, p1}, Lcom/google/protobuf/compiler/PluginProtos$Version$飘花落叶言子楪世苏哲兰;->mergeFrom(Lcom/google/protobuf/飘花落叶言世苏楪哲子兰;)Lcom/google/protobuf/compiler/PluginProtos$Version$飘花落叶言子楪世苏哲兰;
smali\com\google\protobuf\compiler\PluginProtos$Version$飘花落叶言子楪世苏哲兰.smali	1302	    invoke-virtual {p0, p1, p2}, Lcom/google/protobuf/compiler/PluginProtos$Version$飘花落叶言子楪世苏哲兰;->mergeFrom(Lcom/google/protobuf/飘花落叶言子世苏兰哲楪;Lcom/google/protobuf/飘花落叶言楪苏子哲兰世;)Lcom/google/protobuf/compiler/PluginProtos$Version$飘花落叶言子楪世苏哲兰;
smali\com\google\protobuf\compiler\PluginProtos$Version$飘花落叶言子楪世苏哲兰.smali	1309	.method public setMajor(I)Lcom/google/protobuf/compiler/PluginProtos$Version$飘花落叶言子楪世苏哲兰;
smali\com\google\protobuf\compiler\PluginProtos$Version$飘花落叶言子楪世苏哲兰.smali	1313	    iput p1, p0, Lcom/google/protobuf/compiler/PluginProtos$Version$飘花落叶言子楪世苏哲兰;->major_:I
smali\com\google\protobuf\compiler\PluginProtos$Version$飘花落叶言子楪世苏哲兰.smali	1317	    iget p1, p0, Lcom/google/protobuf/compiler/PluginProtos$Version$飘花落叶言子楪世苏哲兰;->bitField0_:I
smali\com\google\protobuf\compiler\PluginProtos$Version$飘花落叶言子楪世苏哲兰.smali	1325	    iput p1, p0, Lcom/google/protobuf/compiler/PluginProtos$Version$飘花落叶言子楪世苏哲兰;->bitField0_:I
smali\com\google\protobuf\compiler\PluginProtos$Version$飘花落叶言子楪世苏哲兰.smali	1337	.method public setMinor(I)Lcom/google/protobuf/compiler/PluginProtos$Version$飘花落叶言子楪世苏哲兰;
smali\com\google\protobuf\compiler\PluginProtos$Version$飘花落叶言子楪世苏哲兰.smali	1341	    iput p1, p0, Lcom/google/protobuf/compiler/PluginProtos$Version$飘花落叶言子楪世苏哲兰;->minor_:I
smali\com\google\protobuf\compiler\PluginProtos$Version$飘花落叶言子楪世苏哲兰.smali	1345	    iget p1, p0, Lcom/google/protobuf/compiler/PluginProtos$Version$飘花落叶言子楪世苏哲兰;->bitField0_:I
smali\com\google\protobuf\compiler\PluginProtos$Version$飘花落叶言子楪世苏哲兰.smali	1353	    iput p1, p0, Lcom/google/protobuf/compiler/PluginProtos$Version$飘花落叶言子楪世苏哲兰;->bitField0_:I
smali\com\google\protobuf\compiler\PluginProtos$Version$飘花落叶言子楪世苏哲兰.smali	1365	.method public setPatch(I)Lcom/google/protobuf/compiler/PluginProtos$Version$飘花落叶言子楪世苏哲兰;
smali\com\google\protobuf\compiler\PluginProtos$Version$飘花落叶言子楪世苏哲兰.smali	1369	    iput p1, p0, Lcom/google/protobuf/compiler/PluginProtos$Version$飘花落叶言子楪世苏哲兰;->patch_:I
smali\com\google\protobuf\compiler\PluginProtos$Version$飘花落叶言子楪世苏哲兰.smali	1373	    iget p1, p0, Lcom/google/protobuf/compiler/PluginProtos$Version$飘花落叶言子楪世苏哲兰;->bitField0_:I
smali\com\google\protobuf\compiler\PluginProtos$Version$飘花落叶言子楪世苏哲兰.smali	1381	    iput p1, p0, Lcom/google/protobuf/compiler/PluginProtos$Version$飘花落叶言子楪世苏哲兰;->bitField0_:I
smali\com\google\protobuf\compiler\PluginProtos$Version$飘花落叶言子楪世苏哲兰.smali	1393	.method public setSuffix(Ljava/lang/String;)Lcom/google/protobuf/compiler/PluginProtos$Version$飘花落叶言子楪世苏哲兰;
smali\com\google\protobuf\compiler\PluginProtos$Version$飘花落叶言子楪世苏哲兰.smali	1402	    iput-object p1, p0, Lcom/google/protobuf/compiler/PluginProtos$Version$飘花落叶言子楪世苏哲兰;->suffix_:Ljava/lang/Object;
smali\com\google\protobuf\compiler\PluginProtos$Version$飘花落叶言子楪世苏哲兰.smali	1406	    iget p1, p0, Lcom/google/protobuf/compiler/PluginProtos$Version$飘花落叶言子楪世苏哲兰;->bitField0_:I
smali\com\google\protobuf\compiler\PluginProtos$Version$飘花落叶言子楪世苏哲兰.smali	1414	    iput p1, p0, Lcom/google/protobuf/compiler/PluginProtos$Version$飘花落叶言子楪世苏哲兰;->bitField0_:I
smali\com\google\protobuf\compiler\PluginProtos$Version$飘花落叶言子楪世苏哲兰.smali	1426	.method public setSuffixBytes(Lcom/google/protobuf/ByteString;)Lcom/google/protobuf/compiler/PluginProtos$Version$飘花落叶言子楪世苏哲兰;
smali\com\google\protobuf\compiler\PluginProtos$Version$飘花落叶言子楪世苏哲兰.smali	1435	    iput-object p1, p0, Lcom/google/protobuf/compiler/PluginProtos$Version$飘花落叶言子楪世苏哲兰;->suffix_:Ljava/lang/Object;
smali\com\google\protobuf\compiler\PluginProtos$Version$飘花落叶言子楪世苏哲兰.smali	1439	    iget p1, p0, Lcom/google/protobuf/compiler/PluginProtos$Version$飘花落叶言子楪世苏哲兰;->bitField0_:I
smali\com\google\protobuf\compiler\PluginProtos$Version$飘花落叶言子楪世苏哲兰.smali	1447	    iput p1, p0, Lcom/google/protobuf/compiler/PluginProtos$Version$飘花落叶言子楪世苏哲兰;->bitField0_:I
smali\com\google\protobuf\compiler\PluginProtos$Version.smali	1	.class public final Lcom/google/protobuf/compiler/PluginProtos$Version;
smali\com\google\protobuf\compiler\PluginProtos$Version.smali	12	        Lcom/google/protobuf/compiler/PluginProtos$Version$飘花落叶言子楪世苏哲兰;
smali\com\google\protobuf\compiler\PluginProtos$Version.smali	18	.field private static final DEFAULT_INSTANCE:Lcom/google/protobuf/compiler/PluginProtos$Version;
smali\com\google\protobuf\compiler\PluginProtos$Version.smali	71	    new-instance v0, Lcom/google/protobuf/compiler/PluginProtos$Version;
smali\com\google\protobuf\compiler\PluginProtos$Version.smali	75	    invoke-direct {v0}, Lcom/google/protobuf/compiler/PluginProtos$Version;-><init>()V
smali\com\google\protobuf\compiler\PluginProtos$Version.smali	80	    sput-object v0, Lcom/google/protobuf/compiler/PluginProtos$Version;->DEFAULT_INSTANCE:Lcom/google/protobuf/compiler/PluginProtos$Version;
smali\com\google\protobuf\compiler\PluginProtos$Version.smali	93	    sput-object v0, Lcom/google/protobuf/compiler/PluginProtos$Version;->PARSER:Lcom/google/protobuf/飘花落叶言世哲楪苏兰子;
smali\com\google\protobuf\compiler\PluginProtos$Version.smali	112	    iput v0, p0, Lcom/google/protobuf/compiler/PluginProtos$Version;->major_:I
smali\com\google\protobuf\compiler\PluginProtos$Version.smali	116	    iput v0, p0, Lcom/google/protobuf/compiler/PluginProtos$Version;->minor_:I
smali\com\google\protobuf\compiler\PluginProtos$Version.smali	120	    iput v0, p0, Lcom/google/protobuf/compiler/PluginProtos$Version;->patch_:I
smali\com\google\protobuf\compiler\PluginProtos$Version.smali	128	    iput-object v0, p0, Lcom/google/protobuf/compiler/PluginProtos$Version;->suffix_:Ljava/lang/Object;
smali\com\google\protobuf\compiler\PluginProtos$Version.smali	135	    iput-byte v1, p0, Lcom/google/protobuf/compiler/PluginProtos$Version;->memoizedIsInitialized:B
smali\com\google\protobuf\compiler\PluginProtos$Version.smali	139	    iput-object v0, p0, Lcom/google/protobuf/compiler/PluginProtos$Version;->suffix_:Ljava/lang/Object;
smali\com\google\protobuf\compiler\PluginProtos$Version.smali	162	    iput p1, p0, Lcom/google/protobuf/compiler/PluginProtos$Version;->major_:I
smali\com\google\protobuf\compiler\PluginProtos$Version.smali	165	    iput p1, p0, Lcom/google/protobuf/compiler/PluginProtos$Version;->minor_:I
smali\com\google\protobuf\compiler\PluginProtos$Version.smali	168	    iput p1, p0, Lcom/google/protobuf/compiler/PluginProtos$Version;->patch_:I
smali\com\google\protobuf\compiler\PluginProtos$Version.smali	173	    iput-object p1, p0, Lcom/google/protobuf/compiler/PluginProtos$Version;->suffix_:Ljava/lang/Object;
smali\com\google\protobuf\compiler\PluginProtos$Version.smali	178	    iput-byte p1, p0, Lcom/google/protobuf/compiler/PluginProtos$Version;->memoizedIsInitialized:B
smali\com\google\protobuf\compiler\PluginProtos$Version.smali	187	    invoke-direct {p0, p1}, Lcom/google/protobuf/compiler/PluginProtos$Version;-><init>(Lcom/google/protobuf/GeneratedMessage$飘花落叶言子楪世苏哲兰;)V
smali\com\google\protobuf\compiler\PluginProtos$Version.smali	192	.method public static synthetic access$502(Lcom/google/protobuf/compiler/PluginProtos$Version;I)I
smali\com\google\protobuf\compiler\PluginProtos$Version.smali	196	    iput p1, p0, Lcom/google/protobuf/compiler/PluginProtos$Version;->major_:I
smali\com\google\protobuf\compiler\PluginProtos$Version.smali	203	.method public static synthetic access$602(Lcom/google/protobuf/compiler/PluginProtos$Version;I)I
smali\com\google\protobuf\compiler\PluginProtos$Version.smali	207	    iput p1, p0, Lcom/google/protobuf/compiler/PluginProtos$Version;->minor_:I
smali\com\google\protobuf\compiler\PluginProtos$Version.smali	214	.method public static synthetic access$702(Lcom/google/protobuf/compiler/PluginProtos$Version;I)I
smali\com\google\protobuf\compiler\PluginProtos$Version.smali	218	    iput p1, p0, Lcom/google/protobuf/compiler/PluginProtos$Version;->patch_:I
smali\com\google\protobuf\compiler\PluginProtos$Version.smali	225	.method public static synthetic access$800(Lcom/google/protobuf/compiler/PluginProtos$Version;)Ljava/lang/Object;
smali\com\google\protobuf\compiler\PluginProtos$Version.smali	229	    iget-object p0, p0, Lcom/google/protobuf/compiler/PluginProtos$Version;->suffix_:Ljava/lang/Object;
smali\com\google\protobuf\compiler\PluginProtos$Version.smali	236	.method public static synthetic access$802(Lcom/google/protobuf/compiler/PluginProtos$Version;Ljava/lang/Object;)Ljava/lang/Object;
smali\com\google\protobuf\compiler\PluginProtos$Version.smali	240	    iput-object p1, p0, Lcom/google/protobuf/compiler/PluginProtos$Version;->suffix_:Ljava/lang/Object;
smali\com\google\protobuf\compiler\PluginProtos$Version.smali	247	.method public static synthetic access$976(Lcom/google/protobuf/compiler/PluginProtos$Version;I)I
smali\com\google\protobuf\compiler\PluginProtos$Version.smali	251	    iget v0, p0, Lcom/google/protobuf/compiler/PluginProtos$Version;->bitField0_:I
smali\com\google\protobuf\compiler\PluginProtos$Version.smali	258	    iput p1, p0, Lcom/google/protobuf/compiler/PluginProtos$Version;->bitField0_:I
smali\com\google\protobuf\compiler\PluginProtos$Version.smali	269	    iget v0, p0, Lcom/google/protobuf/compiler/PluginProtos$Version;->bitField0_:I
smali\com\google\protobuf\compiler\PluginProtos$Version.smali	283	    iget v0, p0, Lcom/google/protobuf/compiler/PluginProtos$Version;->major_:I
smali\com\google\protobuf\compiler\PluginProtos$Version.smali	303	    iget v1, p0, Lcom/google/protobuf/compiler/PluginProtos$Version;->bitField0_:I
smali\com\google\protobuf\compiler\PluginProtos$Version.smali	317	    iget v1, p0, Lcom/google/protobuf/compiler/PluginProtos$Version;->minor_:I
smali\com\google\protobuf\compiler\PluginProtos$Version.smali	333	    iget v1, p0, Lcom/google/protobuf/compiler/PluginProtos$Version;->bitField0_:I
smali\com\google\protobuf\compiler\PluginProtos$Version.smali	350	    iget v3, p0, Lcom/google/protobuf/compiler/PluginProtos$Version;->patch_:I
smali\com\google\protobuf\compiler\PluginProtos$Version.smali	366	    iget v1, p0, Lcom/google/protobuf/compiler/PluginProtos$Version;->bitField0_:I
smali\com\google\protobuf\compiler\PluginProtos$Version.smali	378	    iget-object p0, p0, Lcom/google/protobuf/compiler/PluginProtos$Version;->suffix_:Ljava/lang/Object;
smali\com\google\protobuf\compiler\PluginProtos$Version.smali	400	.method public static getDefaultInstance()Lcom/google/protobuf/compiler/PluginProtos$Version;
smali\com\google\protobuf\compiler\PluginProtos$Version.smali	404	    sget-object v0, Lcom/google/protobuf/compiler/PluginProtos$Version;->DEFAULT_INSTANCE:Lcom/google/protobuf/compiler/PluginProtos$Version;
smali\com\google\protobuf\compiler\PluginProtos$Version.smali	422	.method public static newBuilder()Lcom/google/protobuf/compiler/PluginProtos$Version$飘花落叶言子楪世苏哲兰;
smali\com\google\protobuf\compiler\PluginProtos$Version.smali	426	    sget-object v0, Lcom/google/protobuf/compiler/PluginProtos$Version;->DEFAULT_INSTANCE:Lcom/google/protobuf/compiler/PluginProtos$Version;
smali\com\google\protobuf\compiler\PluginProtos$Version.smali	428	    invoke-virtual {v0}, Lcom/google/protobuf/compiler/PluginProtos$Version;->toBuilder()Lcom/google/protobuf/compiler/PluginProtos$Version$飘花落叶言子楪世苏哲兰;
smali\com\google\protobuf\compiler\PluginProtos$Version.smali	435	.method public static newBuilder(Lcom/google/protobuf/compiler/PluginProtos$Version;)Lcom/google/protobuf/compiler/PluginProtos$Version$飘花落叶言子楪世苏哲兰;
smali\com\google\protobuf\compiler\PluginProtos$Version.smali	439	    sget-object v0, Lcom/google/protobuf/compiler/PluginProtos$Version;->DEFAULT_INSTANCE:Lcom/google/protobuf/compiler/PluginProtos$Version;
smali\com\google\protobuf\compiler\PluginProtos$Version.smali	443	    invoke-virtual {v0}, Lcom/google/protobuf/compiler/PluginProtos$Version;->toBuilder()Lcom/google/protobuf/compiler/PluginProtos$Version$飘花落叶言子楪世苏哲兰;
smali\com\google\protobuf\compiler\PluginProtos$Version.smali	451	    invoke-virtual {v0, p0}, Lcom/google/protobuf/compiler/PluginProtos$Version$飘花落叶言子楪世苏哲兰;->mergeFrom(Lcom/google/protobuf/compiler/PluginProtos$Version;)Lcom/google/protobuf/compiler/PluginProtos$Version$飘花落叶言子楪世苏哲兰;
smali\com\google\protobuf\compiler\PluginProtos$Version.smali	462	.method public static parseDelimitedFrom(Ljava/io/InputStream;)Lcom/google/protobuf/compiler/PluginProtos$Version;
smali\com\google\protobuf\compiler\PluginProtos$Version.smali	466	    sget-object v0, Lcom/google/protobuf/compiler/PluginProtos$Version;->PARSER:Lcom/google/protobuf/飘花落叶言世哲楪苏兰子;
smali\com\google\protobuf\compiler\PluginProtos$Version.smali	478	    check-cast p0, Lcom/google/protobuf/compiler/PluginProtos$Version;
smali\com\google\protobuf\compiler\PluginProtos$Version.smali	485	.method public static parseDelimitedFrom(Ljava/io/InputStream;Lcom/google/protobuf/飘花落叶言楪苏子哲兰世;)Lcom/google/protobuf/compiler/PluginProtos$Version;
smali\com\google\protobuf\compiler\PluginProtos$Version.smali	489	    sget-object v0, Lcom/google/protobuf/compiler/PluginProtos$Version;->PARSER:Lcom/google/protobuf/飘花落叶言世哲楪苏兰子;
smali\com\google\protobuf\compiler\PluginProtos$Version.smali	496	    check-cast p0, Lcom/google/protobuf/compiler/PluginProtos$Version;
smali\com\google\protobuf\compiler\PluginProtos$Version.smali	501	.method public static parseFrom(Lcom/google/protobuf/ByteString;)Lcom/google/protobuf/compiler/PluginProtos$Version;
smali\com\google\protobuf\compiler\PluginProtos$Version.smali	505	    sget-object v0, Lcom/google/protobuf/compiler/PluginProtos$Version;->PARSER:Lcom/google/protobuf/飘花落叶言世哲楪苏兰子;
smali\com\google\protobuf\compiler\PluginProtos$Version.smali	518	    check-cast p0, Lcom/google/protobuf/compiler/PluginProtos$Version;
smali\com\google\protobuf\compiler\PluginProtos$Version.smali	523	.method public static parseFrom(Lcom/google/protobuf/ByteString;Lcom/google/protobuf/飘花落叶言楪苏子哲兰世;)Lcom/google/protobuf/compiler/PluginProtos$Version;
smali\com\google\protobuf\compiler\PluginProtos$Version.smali	527	    sget-object v0, Lcom/google/protobuf/compiler/PluginProtos$Version;->PARSER:Lcom/google/protobuf/飘花落叶言世哲楪苏兰子;
smali\com\google\protobuf\compiler\PluginProtos$Version.smali	537	    check-cast p0, Lcom/google/protobuf/compiler/PluginProtos$Version;
smali\com\google\protobuf\compiler\PluginProtos$Version.smali	542	.method public static parseFrom(Lcom/google/protobuf/飘花落叶言子世苏兰哲楪;)Lcom/google/protobuf/compiler/PluginProtos$Version;
smali\com\google\protobuf\compiler\PluginProtos$Version.smali	546	    sget-object v0, Lcom/google/protobuf/compiler/PluginProtos$Version;->PARSER:Lcom/google/protobuf/飘花落叶言世哲楪苏兰子;
smali\com\google\protobuf\compiler\PluginProtos$Version.smali	553	    check-cast p0, Lcom/google/protobuf/compiler/PluginProtos$Version;
smali\com\google\protobuf\compiler\PluginProtos$Version.smali	558	.method public static parseFrom(Lcom/google/protobuf/飘花落叶言子世苏兰哲楪;Lcom/google/protobuf/飘花落叶言楪苏子哲兰世;)Lcom/google/protobuf/compiler/PluginProtos$Version;
smali\com\google\protobuf\compiler\PluginProtos$Version.smali	562	    sget-object v0, Lcom/google/protobuf/compiler/PluginProtos$Version;->PARSER:Lcom/google/protobuf/飘花落叶言世哲楪苏兰子;
smali\com\google\protobuf\compiler\PluginProtos$Version.smali	569	    check-cast p0, Lcom/google/protobuf/compiler/PluginProtos$Version;
smali\com\google\protobuf\compiler\PluginProtos$Version.smali	574	.method public static parseFrom(Ljava/io/InputStream;)Lcom/google/protobuf/compiler/PluginProtos$Version;
smali\com\google\protobuf\compiler\PluginProtos$Version.smali	578	    sget-object v0, Lcom/google/protobuf/compiler/PluginProtos$Version;->PARSER:Lcom/google/protobuf/飘花落叶言世哲楪苏兰子;
smali\com\google\protobuf\compiler\PluginProtos$Version.smali	585	    check-cast p0, Lcom/google/protobuf/compiler/PluginProtos$Version;
smali\com\google\protobuf\compiler\PluginProtos$Version.smali	590	.method public static parseFrom(Ljava/io/InputStream;Lcom/google/protobuf/飘花落叶言楪苏子哲兰世;)Lcom/google/protobuf/compiler/PluginProtos$Version;
smali\com\google\protobuf\compiler\PluginProtos$Version.smali	594	    sget-object v0, Lcom/google/protobuf/compiler/PluginProtos$Version;->PARSER:Lcom/google/protobuf/飘花落叶言世哲楪苏兰子;
smali\com\google\protobuf\compiler\PluginProtos$Version.smali	601	    check-cast p0, Lcom/google/protobuf/compiler/PluginProtos$Version;
smali\com\google\protobuf\compiler\PluginProtos$Version.smali	606	.method public static parseFrom(Ljava/nio/ByteBuffer;)Lcom/google/protobuf/compiler/PluginProtos$Version;
smali\com\google\protobuf\compiler\PluginProtos$Version.smali	610	    sget-object v0, Lcom/google/protobuf/compiler/PluginProtos$Version;->PARSER:Lcom/google/protobuf/飘花落叶言世哲楪苏兰子;
smali\com\google\protobuf\compiler\PluginProtos$Version.smali	630	    check-cast p0, Lcom/google/protobuf/compiler/PluginProtos$Version;
smali\com\google\protobuf\compiler\PluginProtos$Version.smali	637	.method public static parseFrom(Ljava/nio/ByteBuffer;Lcom/google/protobuf/飘花落叶言楪苏子哲兰世;)Lcom/google/protobuf/compiler/PluginProtos$Version;
smali\com\google\protobuf\compiler\PluginProtos$Version.smali	641	    sget-object v0, Lcom/google/protobuf/compiler/PluginProtos$Version;->PARSER:Lcom/google/protobuf/飘花落叶言世哲楪苏兰子;
smali\com\google\protobuf\compiler\PluginProtos$Version.smali	651	    check-cast p0, Lcom/google/protobuf/compiler/PluginProtos$Version;
smali\com\google\protobuf\compiler\PluginProtos$Version.smali	656	.method public static parseFrom([B)Lcom/google/protobuf/compiler/PluginProtos$Version;
smali\com\google\protobuf\compiler\PluginProtos$Version.smali	660	    sget-object v0, Lcom/google/protobuf/compiler/PluginProtos$Version;->PARSER:Lcom/google/protobuf/飘花落叶言世哲楪苏兰子;
smali\com\google\protobuf\compiler\PluginProtos$Version.smali	673	    check-cast p0, Lcom/google/protobuf/compiler/PluginProtos$Version;
smali\com\google\protobuf\compiler\PluginProtos$Version.smali	678	.method public static parseFrom([BLcom/google/protobuf/飘花落叶言楪苏子哲兰世;)Lcom/google/protobuf/compiler/PluginProtos$Version;
smali\com\google\protobuf\compiler\PluginProtos$Version.smali	682	    sget-object v0, Lcom/google/protobuf/compiler/PluginProtos$Version;->PARSER:Lcom/google/protobuf/飘花落叶言世哲楪苏兰子;
smali\com\google\protobuf\compiler\PluginProtos$Version.smali	692	    check-cast p0, Lcom/google/protobuf/compiler/PluginProtos$Version;
smali\com\google\protobuf\compiler\PluginProtos$Version.smali	707	    sget-object v0, Lcom/google/protobuf/compiler/PluginProtos$Version;->PARSER:Lcom/google/protobuf/飘花落叶言世哲楪苏兰子;
smali\com\google\protobuf\compiler\PluginProtos$Version.smali	731	    instance-of v1, p1, Lcom/google/protobuf/compiler/PluginProtos$Version;
smali\com\google\protobuf\compiler\PluginProtos$Version.smali	751	    check-cast p1, Lcom/google/protobuf/compiler/PluginProtos$Version;
smali\com\google\protobuf\compiler\PluginProtos$Version.smali	755	    invoke-virtual {p0}, Lcom/google/protobuf/compiler/PluginProtos$Version;->hasMajor()Z
smali\com\google\protobuf\compiler\PluginProtos$Version.smali	763	    invoke-virtual {p1}, Lcom/google/protobuf/compiler/PluginProtos$Version;->hasMajor()Z
smali\com\google\protobuf\compiler\PluginProtos$Version.smali	782	    invoke-virtual {p0}, Lcom/google/protobuf/compiler/PluginProtos$Version;->hasMajor()Z
smali\com\google\protobuf\compiler\PluginProtos$Version.smali	794	    invoke-virtual {p0}, Lcom/google/protobuf/compiler/PluginProtos$Version;->getMajor()I
smali\com\google\protobuf\compiler\PluginProtos$Version.smali	802	    invoke-virtual {p1}, Lcom/google/protobuf/compiler/PluginProtos$Version;->getMajor()I
smali\com\google\protobuf\compiler\PluginProtos$Version.smali	818	    invoke-virtual {p0}, Lcom/google/protobuf/compiler/PluginProtos$Version;->hasMinor()Z
smali\com\google\protobuf\compiler\PluginProtos$Version.smali	826	    invoke-virtual {p1}, Lcom/google/protobuf/compiler/PluginProtos$Version;->hasMinor()Z
smali\com\google\protobuf\compiler\PluginProtos$Version.smali	842	    invoke-virtual {p0}, Lcom/google/protobuf/compiler/PluginProtos$Version;->hasMinor()Z
smali\com\google\protobuf\compiler\PluginProtos$Version.smali	854	    invoke-virtual {p0}, Lcom/google/protobuf/compiler/PluginProtos$Version;->getMinor()I
smali\com\google\protobuf\compiler\PluginProtos$Version.smali	862	    invoke-virtual {p1}, Lcom/google/protobuf/compiler/PluginProtos$Version;->getMinor()I
smali\com\google\protobuf\compiler\PluginProtos$Version.smali	878	    invoke-virtual {p0}, Lcom/google/protobuf/compiler/PluginProtos$Version;->hasPatch()Z
smali\com\google\protobuf\compiler\PluginProtos$Version.smali	886	    invoke-virtual {p1}, Lcom/google/protobuf/compiler/PluginProtos$Version;->hasPatch()Z
smali\com\google\protobuf\compiler\PluginProtos$Version.smali	902	    invoke-virtual {p0}, Lcom/google/protobuf/compiler/PluginProtos$Version;->hasPatch()Z
smali\com\google\protobuf\compiler\PluginProtos$Version.smali	914	    invoke-virtual {p0}, Lcom/google/protobuf/compiler/PluginProtos$Version;->getPatch()I
smali\com\google\protobuf\compiler\PluginProtos$Version.smali	922	    invoke-virtual {p1}, Lcom/google/protobuf/compiler/PluginProtos$Version;->getPatch()I
smali\com\google\protobuf\compiler\PluginProtos$Version.smali	938	    invoke-virtual {p0}, Lcom/google/protobuf/compiler/PluginProtos$Version;->hasSuffix()Z
smali\com\google\protobuf\compiler\PluginProtos$Version.smali	946	    invoke-virtual {p1}, Lcom/google/protobuf/compiler/PluginProtos$Version;->hasSuffix()Z
smali\com\google\protobuf\compiler\PluginProtos$Version.smali	962	    invoke-virtual {p0}, Lcom/google/protobuf/compiler/PluginProtos$Version;->hasSuffix()Z
smali\com\google\protobuf\compiler\PluginProtos$Version.smali	974	    invoke-virtual {p0}, Lcom/google/protobuf/compiler/PluginProtos$Version;->getSuffix()Ljava/lang/String;
smali\com\google\protobuf\compiler\PluginProtos$Version.smali	982	    invoke-virtual {p1}, Lcom/google/protobuf/compiler/PluginProtos$Version;->getSuffix()Ljava/lang/String;
smali\com\google\protobuf\compiler\PluginProtos$Version.smali	1041	.method public getDefaultInstanceForType()Lcom/google/protobuf/compiler/PluginProtos$Version;
smali\com\google\protobuf\compiler\PluginProtos$Version.smali	1045	    sget-object p0, Lcom/google/protobuf/compiler/PluginProtos$Version;->DEFAULT_INSTANCE:Lcom/google/protobuf/compiler/PluginProtos$Version;
smali\com\google\protobuf\compiler\PluginProtos$Version.smali	1054	    invoke-virtual {p0}, Lcom/google/protobuf/compiler/PluginProtos$Version;->getDefaultInstanceForType()Lcom/google/protobuf/compiler/PluginProtos$Version;
smali\com\google\protobuf\compiler\PluginProtos$Version.smali	1065	    invoke-virtual {p0}, Lcom/google/protobuf/compiler/PluginProtos$Version;->getDefaultInstanceForType()Lcom/google/protobuf/compiler/PluginProtos$Version;
smali\com\google\protobuf\compiler\PluginProtos$Version.smali	1091	    iget p0, p0, Lcom/google/protobuf/compiler/PluginProtos$Version;->major_:I
smali\com\google\protobuf\compiler\PluginProtos$Version.smali	1102	    iget p0, p0, Lcom/google/protobuf/compiler/PluginProtos$Version;->minor_:I
smali\com\google\protobuf\compiler\PluginProtos$Version.smali	1119	    sget-object p0, Lcom/google/protobuf/compiler/PluginProtos$Version;->PARSER:Lcom/google/protobuf/飘花落叶言世哲楪苏兰子;
smali\com\google\protobuf\compiler\PluginProtos$Version.smali	1130	    iget p0, p0, Lcom/google/protobuf/compiler/PluginProtos$Version;->patch_:I
smali\com\google\protobuf\compiler\PluginProtos$Version.smali	1156	    invoke-direct {p0}, Lcom/google/protobuf/compiler/PluginProtos$Version;->computeSerializedSize_0()I
smali\com\google\protobuf\compiler\PluginProtos$Version.smali	1194	    iget-object v0, p0, Lcom/google/protobuf/compiler/PluginProtos$Version;->suffix_:Ljava/lang/Object;
smali\com\google\protobuf\compiler\PluginProtos$Version.smali	1238	    iput-object v1, p0, Lcom/google/protobuf/compiler/PluginProtos$Version;->suffix_:Ljava/lang/Object;
smali\com\google\protobuf\compiler\PluginProtos$Version.smali	1250	    iget-object v0, p0, Lcom/google/protobuf/compiler/PluginProtos$Version;->suffix_:Ljava/lang/Object;
smali\com\google\protobuf\compiler\PluginProtos$Version.smali	1274	    iput-object v0, p0, Lcom/google/protobuf/compiler/PluginProtos$Version;->suffix_:Ljava/lang/Object;
smali\com\google\protobuf\compiler\PluginProtos$Version.smali	1293	    iget p0, p0, Lcom/google/protobuf/compiler/PluginProtos$Version;->bitField0_:I
smali\com\google\protobuf\compiler\PluginProtos$Version.smali	1321	    iget p0, p0, Lcom/google/protobuf/compiler/PluginProtos$Version;->bitField0_:I
smali\com\google\protobuf\compiler\PluginProtos$Version.smali	1350	    iget p0, p0, Lcom/google/protobuf/compiler/PluginProtos$Version;->bitField0_:I
smali\com\google\protobuf\compiler\PluginProtos$Version.smali	1379	    iget p0, p0, Lcom/google/protobuf/compiler/PluginProtos$Version;->bitField0_:I
smali\com\google\protobuf\compiler\PluginProtos$Version.smali	1420	    invoke-static {}, Lcom/google/protobuf/compiler/PluginProtos$Version;->getDescriptor()Lcom/google/protobuf/飘花落叶言楪子哲世苏兰;
smali\com\google\protobuf\compiler\PluginProtos$Version.smali	1440	    invoke-virtual {p0}, Lcom/google/protobuf/compiler/PluginProtos$Version;->hasMajor()Z
smali\com\google\protobuf\compiler\PluginProtos$Version.smali	1471	    invoke-virtual {p0}, Lcom/google/protobuf/compiler/PluginProtos$Version;->getMajor()I
smali\com\google\protobuf\compiler\PluginProtos$Version.smali	1483	    invoke-virtual {p0}, Lcom/google/protobuf/compiler/PluginProtos$Version;->hasMinor()Z
smali\com\google\protobuf\compiler\PluginProtos$Version.smali	1506	    invoke-virtual {p0}, Lcom/google/protobuf/compiler/PluginProtos$Version;->getMinor()I
smali\com\google\protobuf\compiler\PluginProtos$Version.smali	1518	    invoke-virtual {p0}, Lcom/google/protobuf/compiler/PluginProtos$Version;->hasPatch()Z
smali\com\google\protobuf\compiler\PluginProtos$Version.smali	1541	    invoke-virtual {p0}, Lcom/google/protobuf/compiler/PluginProtos$Version;->getPatch()I
smali\com\google\protobuf\compiler\PluginProtos$Version.smali	1553	    invoke-virtual {p0}, Lcom/google/protobuf/compiler/PluginProtos$Version;->hasSuffix()Z
smali\com\google\protobuf\compiler\PluginProtos$Version.smali	1576	    invoke-virtual {p0}, Lcom/google/protobuf/compiler/PluginProtos$Version;->getSuffix()Ljava/lang/String;
smali\com\google\protobuf\compiler\PluginProtos$Version.smali	1634	    const-class v0, Lcom/google/protobuf/compiler/PluginProtos$Version;
smali\com\google\protobuf\compiler\PluginProtos$Version.smali	1638	    const-class v1, Lcom/google/protobuf/compiler/PluginProtos$Version$飘花落叶言子楪世苏哲兰;
smali\com\google\protobuf\compiler\PluginProtos$Version.smali	1654	    iget-byte v0, p0, Lcom/google/protobuf/compiler/PluginProtos$Version;->memoizedIsInitialized:B
smali\com\google\protobuf\compiler\PluginProtos$Version.smali	1680	    iput-byte v1, p0, Lcom/google/protobuf/compiler/PluginProtos$Version;->memoizedIsInitialized:B
smali\com\google\protobuf\compiler\PluginProtos$Version.smali	1687	.method public newBuilderForType()Lcom/google/protobuf/compiler/PluginProtos$Version$飘花落叶言子楪世苏哲兰;
smali\com\google\protobuf\compiler\PluginProtos$Version.smali	1691	    invoke-static {}, Lcom/google/protobuf/compiler/PluginProtos$Version;->newBuilder()Lcom/google/protobuf/compiler/PluginProtos$Version$飘花落叶言子楪世苏哲兰;
smali\com\google\protobuf\compiler\PluginProtos$Version.smali	1698	.method public newBuilderForType(Lcom/google/protobuf/飘花落叶言子楪世苏兰哲;)Lcom/google/protobuf/compiler/PluginProtos$Version$飘花落叶言子楪世苏哲兰;
smali\com\google\protobuf\compiler\PluginProtos$Version.smali	1702	    new-instance p0, Lcom/google/protobuf/compiler/PluginProtos$Version$飘花落叶言子楪世苏哲兰;
smali\com\google\protobuf\compiler\PluginProtos$Version.smali	1709	    invoke-direct {p0, p1, v0}, Lcom/google/protobuf/compiler/PluginProtos$Version$飘花落叶言子楪世苏哲兰;-><init>(Lcom/google/protobuf/飘花落叶言子楪世苏兰哲;L飘花落叶言楪哲苏子世兰/飘花落叶言子楪世苏哲兰;)V
smali\com\google\protobuf\compiler\PluginProtos$Version.smali	1721	    invoke-virtual {p0}, Lcom/google/protobuf/compiler/PluginProtos$Version;->newBuilderForType()Lcom/google/protobuf/compiler/PluginProtos$Version$飘花落叶言子楪世苏哲兰;
smali\com\google\protobuf\compiler\PluginProtos$Version.smali	1732	    invoke-virtual {p0}, Lcom/google/protobuf/compiler/PluginProtos$Version;->newBuilderForType()Lcom/google/protobuf/compiler/PluginProtos$Version$飘花落叶言子楪世苏哲兰;
smali\com\google\protobuf\compiler\PluginProtos$Version.smali	1743	    invoke-virtual {p0, p1}, Lcom/google/protobuf/compiler/PluginProtos$Version;->newBuilderForType(Lcom/google/protobuf/飘花落叶言子楪世苏兰哲;)Lcom/google/protobuf/compiler/PluginProtos$Version$飘花落叶言子楪世苏哲兰;
smali\com\google\protobuf\compiler\PluginProtos$Version.smali	1750	.method public toBuilder()Lcom/google/protobuf/compiler/PluginProtos$Version$飘花落叶言子楪世苏哲兰;
smali\com\google\protobuf\compiler\PluginProtos$Version.smali	1754	    sget-object v0, Lcom/google/protobuf/compiler/PluginProtos$Version;->DEFAULT_INSTANCE:Lcom/google/protobuf/compiler/PluginProtos$Version;
smali\com\google\protobuf\compiler\PluginProtos$Version.smali	1765	    new-instance p0, Lcom/google/protobuf/compiler/PluginProtos$Version$飘花落叶言子楪世苏哲兰;
smali\com\google\protobuf\compiler\PluginProtos$Version.smali	1769	    invoke-direct {p0, v1}, Lcom/google/protobuf/compiler/PluginProtos$Version$飘花落叶言子楪世苏哲兰;-><init>(L飘花落叶言楪哲苏子世兰/飘花落叶言子楪世苏哲兰;)V
smali\com\google\protobuf\compiler\PluginProtos$Version.smali	1778	    new-instance v0, Lcom/google/protobuf/compiler/PluginProtos$Version$飘花落叶言子楪世苏哲兰;
smali\com\google\protobuf\compiler\PluginProtos$Version.smali	1782	    invoke-direct {v0, v1}, Lcom/google/protobuf/compiler/PluginProtos$Version$飘花落叶言子楪世苏哲兰;-><init>(L飘花落叶言楪哲苏子世兰/飘花落叶言子楪世苏哲兰;)V
smali\com\google\protobuf\compiler\PluginProtos$Version.smali	1787	    invoke-virtual {v0, p0}, Lcom/google/protobuf/compiler/PluginProtos$Version$飘花落叶言子楪世苏哲兰;->mergeFrom(Lcom/google/protobuf/compiler/PluginProtos$Version;)Lcom/google/protobuf/compiler/PluginProtos$Version$飘花落叶言子楪世苏哲兰;
smali\com\google\protobuf\compiler\PluginProtos$Version.smali	1802	    invoke-virtual {p0}, Lcom/google/protobuf/compiler/PluginProtos$Version;->toBuilder()Lcom/google/protobuf/compiler/PluginProtos$Version$飘花落叶言子楪世苏哲兰;
smali\com\google\protobuf\compiler\PluginProtos$Version.smali	1813	    invoke-virtual {p0}, Lcom/google/protobuf/compiler/PluginProtos$Version;->toBuilder()Lcom/google/protobuf/compiler/PluginProtos$Version$飘花落叶言子楪世苏哲兰;
smali\com\google\protobuf\compiler\PluginProtos$Version.smali	1824	    iget v0, p0, Lcom/google/protobuf/compiler/PluginProtos$Version;->bitField0_:I
smali\com\google\protobuf\compiler\PluginProtos$Version.smali	1838	    iget v0, p0, Lcom/google/protobuf/compiler/PluginProtos$Version;->major_:I
smali\com\google\protobuf\compiler\PluginProtos$Version.smali	1848	    iget v0, p0, Lcom/google/protobuf/compiler/PluginProtos$Version;->bitField0_:I
smali\com\google\protobuf\compiler\PluginProtos$Version.smali	1862	    iget v0, p0, Lcom/google/protobuf/compiler/PluginProtos$Version;->minor_:I
smali\com\google\protobuf\compiler\PluginProtos$Version.smali	1872	    iget v0, p0, Lcom/google/protobuf/compiler/PluginProtos$Version;->bitField0_:I
smali\com\google\protobuf\compiler\PluginProtos$Version.smali	1889	    iget v2, p0, Lcom/google/protobuf/compiler/PluginProtos$Version;->patch_:I
smali\com\google\protobuf\compiler\PluginProtos$Version.smali	1899	    iget v0, p0, Lcom/google/protobuf/compiler/PluginProtos$Version;->bitField0_:I
smali\com\google\protobuf\compiler\PluginProtos$Version.smali	1911	    iget-object v0, p0, Lcom/google/protobuf/compiler/PluginProtos$Version;->suffix_:Ljava/lang/Object;
smali\com\google\protobuf\compiler\飘花落叶言子楪世兰哲苏.smali	11	    invoke-static {}, Lcom/google/protobuf/compiler/PluginProtos$Version;->newBuilder()Lcom/google/protobuf/compiler/PluginProtos$Version$飘花落叶言子楪世苏哲兰;
smali\com\google\protobuf\compiler\飘花落叶言子楪世兰哲苏.smali	20	    invoke-virtual {p0, p1, p2}, Lcom/google/protobuf/compiler/PluginProtos$Version$飘花落叶言子楪世苏哲兰;->mergeFrom(Lcom/google/protobuf/飘花落叶言子世苏兰哲楪;Lcom/google/protobuf/飘花落叶言楪苏子哲兰世;)Lcom/google/protobuf/compiler/PluginProtos$Version$飘花落叶言子楪世苏哲兰;
smali\com\google\protobuf\compiler\飘花落叶言子楪世兰哲苏.smali	29	    invoke-virtual {p0}, Lcom/google/protobuf/compiler/PluginProtos$Version$飘花落叶言子楪世苏哲兰;->buildPartial()Lcom/google/protobuf/compiler/PluginProtos$Version;
smali\com\google\protobuf\compiler\飘花落叶言子楪世兰哲苏.smali	53	    invoke-virtual {p0}, Lcom/google/protobuf/compiler/PluginProtos$Version$飘花落叶言子楪世苏哲兰;->buildPartial()Lcom/google/protobuf/compiler/PluginProtos$Version;
smali\com\google\protobuf\compiler\飘花落叶言子楪世兰哲苏.smali	84	    invoke-virtual {p0}, Lcom/google/protobuf/compiler/PluginProtos$Version$飘花落叶言子楪世苏哲兰;->buildPartial()Lcom/google/protobuf/compiler/PluginProtos$Version;
smali\com\google\protobuf\compiler\飘花落叶言子楪世兰哲苏.smali	107	    invoke-virtual {p0}, Lcom/google/protobuf/compiler/PluginProtos$Version$飘花落叶言子楪世苏哲兰;->buildPartial()Lcom/google/protobuf/compiler/PluginProtos$Version;
smali\com\google\protobuf\compiler\飘花落叶言子楪世兰苏哲.smali	46	.method public abstract getFile(I)Lcom/google/protobuf/compiler/PluginProtos$CodeGeneratorResponse$File;
smali\com\google\protobuf\compiler\飘花落叶言子楪世兰苏哲.smali	57	            "Lcom/google/protobuf/compiler/PluginProtos$CodeGeneratorResponse$File;",
smali\com\google\protobuf\compiler\飘花落叶言子楪世哲兰苏.smali	11	    invoke-static {}, Lcom/google/protobuf/compiler/PluginProtos$CodeGeneratorResponse$File;->newBuilder()Lcom/google/protobuf/compiler/PluginProtos$CodeGeneratorResponse$File$飘花落叶言子楪世苏哲兰;
smali\com\google\protobuf\compiler\飘花落叶言子楪世哲兰苏.smali	20	    invoke-virtual {p0, p1, p2}, Lcom/google/protobuf/compiler/PluginProtos$CodeGeneratorResponse$File$飘花落叶言子楪世苏哲兰;->mergeFrom(Lcom/google/protobuf/飘花落叶言子世苏兰哲楪;Lcom/google/protobuf/飘花落叶言楪苏子哲兰世;)Lcom/google/protobuf/compiler/PluginProtos$CodeGeneratorResponse$File$飘花落叶言子楪世苏哲兰;
smali\com\google\protobuf\compiler\飘花落叶言子楪世哲兰苏.smali	29	    invoke-virtual {p0}, Lcom/google/protobuf/compiler/PluginProtos$CodeGeneratorResponse$File$飘花落叶言子楪世苏哲兰;->buildPartial()Lcom/google/protobuf/compiler/PluginProtos$CodeGeneratorResponse$File;
smali\com\google\protobuf\compiler\飘花落叶言子楪世哲兰苏.smali	53	    invoke-virtual {p0}, Lcom/google/protobuf/compiler/PluginProtos$CodeGeneratorResponse$File$飘花落叶言子楪世苏哲兰;->buildPartial()Lcom/google/protobuf/compiler/PluginProtos$CodeGeneratorResponse$File;
smali\com\google\protobuf\compiler\飘花落叶言子楪世哲兰苏.smali	84	    invoke-virtual {p0}, Lcom/google/protobuf/compiler/PluginProtos$CodeGeneratorResponse$File$飘花落叶言子楪世苏哲兰;->buildPartial()Lcom/google/protobuf/compiler/PluginProtos$CodeGeneratorResponse$File;
smali\com\google\protobuf\compiler\飘花落叶言子楪世哲兰苏.smali	107	    invoke-virtual {p0}, Lcom/google/protobuf/compiler/PluginProtos$CodeGeneratorResponse$File$飘花落叶言子楪世苏哲兰;->buildPartial()Lcom/google/protobuf/compiler/PluginProtos$CodeGeneratorResponse$File;
smali\com\google\protobuf\compiler\飘花落叶言子楪世哲苏兰.smali	14	    invoke-static {p1}, Lcom/google/protobuf/compiler/PluginProtos$CodeGeneratorResponse$Feature;->forNumber(I)Lcom/google/protobuf/compiler/PluginProtos$CodeGeneratorResponse$Feature;
smali\com\google\protobuf\compiler\飘花落叶言子楪世苏兰哲.smali	11	    invoke-static {}, Lcom/google/protobuf/compiler/PluginProtos$CodeGeneratorResponse;->newBuilder()Lcom/google/protobuf/compiler/PluginProtos$CodeGeneratorResponse$飘花落叶言子楪世苏哲兰;
smali\com\google\protobuf\compiler\飘花落叶言子楪世苏兰哲.smali	20	    invoke-virtual {p0, p1, p2}, Lcom/google/protobuf/compiler/PluginProtos$CodeGeneratorResponse$飘花落叶言子楪世苏哲兰;->mergeFrom(Lcom/google/protobuf/飘花落叶言子世苏兰哲楪;Lcom/google/protobuf/飘花落叶言楪苏子哲兰世;)Lcom/google/protobuf/compiler/PluginProtos$CodeGeneratorResponse$飘花落叶言子楪世苏哲兰;
smali\com\google\protobuf\compiler\飘花落叶言子楪世苏兰哲.smali	29	    invoke-virtual {p0}, Lcom/google/protobuf/compiler/PluginProtos$CodeGeneratorResponse$飘花落叶言子楪世苏哲兰;->buildPartial()Lcom/google/protobuf/compiler/PluginProtos$CodeGeneratorResponse;
smali\com\google\protobuf\compiler\飘花落叶言子楪世苏兰哲.smali	53	    invoke-virtual {p0}, Lcom/google/protobuf/compiler/PluginProtos$CodeGeneratorResponse$飘花落叶言子楪世苏哲兰;->buildPartial()Lcom/google/protobuf/compiler/PluginProtos$CodeGeneratorResponse;
smali\com\google\protobuf\compiler\飘花落叶言子楪世苏兰哲.smali	84	    invoke-virtual {p0}, Lcom/google/protobuf/compiler/PluginProtos$CodeGeneratorResponse$飘花落叶言子楪世苏哲兰;->buildPartial()Lcom/google/protobuf/compiler/PluginProtos$CodeGeneratorResponse;
smali\com\google\protobuf\compiler\飘花落叶言子楪世苏兰哲.smali	107	    invoke-virtual {p0}, Lcom/google/protobuf/compiler/PluginProtos$CodeGeneratorResponse$飘花落叶言子楪世苏哲兰;->buildPartial()Lcom/google/protobuf/compiler/PluginProtos$CodeGeneratorResponse;
smali\com\google\protobuf\compiler\飘花落叶言子楪世苏哲兰.smali	11	    invoke-static {}, Lcom/google/protobuf/compiler/PluginProtos$CodeGeneratorRequest;->newBuilder()Lcom/google/protobuf/compiler/PluginProtos$CodeGeneratorRequest$飘花落叶言子楪世苏哲兰;
smali\com\google\protobuf\compiler\飘花落叶言子楪世苏哲兰.smali	20	    invoke-virtual {p0, p1, p2}, Lcom/google/protobuf/compiler/PluginProtos$CodeGeneratorRequest$飘花落叶言子楪世苏哲兰;->mergeFrom(Lcom/google/protobuf/飘花落叶言子世苏兰哲楪;Lcom/google/protobuf/飘花落叶言楪苏子哲兰世;)Lcom/google/protobuf/compiler/PluginProtos$CodeGeneratorRequest$飘花落叶言子楪世苏哲兰;
smali\com\google\protobuf\compiler\飘花落叶言子楪世苏哲兰.smali	29	    invoke-virtual {p0}, Lcom/google/protobuf/compiler/PluginProtos$CodeGeneratorRequest$飘花落叶言子楪世苏哲兰;->buildPartial()Lcom/google/protobuf/compiler/PluginProtos$CodeGeneratorRequest;
smali\com\google\protobuf\compiler\飘花落叶言子楪世苏哲兰.smali	53	    invoke-virtual {p0}, Lcom/google/protobuf/compiler/PluginProtos$CodeGeneratorRequest$飘花落叶言子楪世苏哲兰;->buildPartial()Lcom/google/protobuf/compiler/PluginProtos$CodeGeneratorRequest;
smali\com\google\protobuf\compiler\飘花落叶言子楪世苏哲兰.smali	84	    invoke-virtual {p0}, Lcom/google/protobuf/compiler/PluginProtos$CodeGeneratorRequest$飘花落叶言子楪世苏哲兰;->buildPartial()Lcom/google/protobuf/compiler/PluginProtos$CodeGeneratorRequest;
smali\com\google\protobuf\compiler\飘花落叶言子楪世苏哲兰.smali	107	    invoke-virtual {p0}, Lcom/google/protobuf/compiler/PluginProtos$CodeGeneratorRequest$飘花落叶言子楪世苏哲兰;->buildPartial()Lcom/google/protobuf/compiler/PluginProtos$CodeGeneratorRequest;
smali\com\kongzue\dialogx\interfaces\飘花落叶言子楪世兰苏哲.smali	2743	    new-instance v0, Lio/ktor/client/plugins/api/飘花落叶言子楪世苏兰哲;
smali\com\kongzue\dialogx\interfaces\飘花落叶言子楪世兰苏哲.smali	2752	    invoke-static {p0, v0}, L飘花落叶言楪哲苏世兰子/飘花落叶言子楪世苏哲兰;->飘花落叶言子楪世苏兰哲(Landroid/content/Context;Lio/ktor/client/plugins/api/飘花落叶言子楪世苏兰哲;)V
smali\com\kongzue\dialogx\interfaces\飘花落叶言子楪世苏哲兰.smali	1092	    check-cast p0, Llin/xposed/hook/javaplugin/view/飘花落叶言子楪世苏兰哲;
smali\com\kongzue\dialogx\interfaces\飘花落叶言子楪世苏哲兰.smali	1096	    iget-wide v1, p0, Llin/xposed/hook/javaplugin/view/飘花落叶言子楪世苏兰哲;->飘花落叶言子楪世苏哲兰:J
smali\com\kongzue\dialogx\interfaces\飘花落叶言子楪世苏哲兰.smali	1100	    invoke-static {v1, v2}, Llin/xposed/hook/javaplugin/view/DownloadPluginItemView;->飘花落叶言子楪兰世苏哲(J)V
smali\com\kongzue\dialogx\interfaces\飘花落叶言子楪世苏哲兰.smali	1105	    iget-object p0, v0, L飘花落叶言世哲楪兰子苏/飘花落叶言子楪世哲兰苏;->飘花落叶言子楪世苏兰哲:Llin/xposed/hook/javaplugin/view/飘花落叶言子楪世哲苏兰;
smali\com\kongzue\dialogx\interfaces\飘花落叶言子楪世苏哲兰.smali	1130	    iget-object v0, v0, L飘花落叶言世哲楪兰子苏/飘花落叶言子楪世哲兰苏;->飘花落叶言子楪世苏兰哲:Llin/xposed/hook/javaplugin/view/飘花落叶言子楪世哲苏兰;
smali\com\kongzue\dialogx\interfaces\飘花落叶言子楪世苏哲兰.smali	1148	    const-string v0, "DownloadPluginItemView"
smali\com\kongzue\dialogx\interfaces\飘花落叶言子楪世苏哲兰.smali	1179	    check-cast v0, Ltop/suzhelan/sticker/sdk/presenter/飘花落叶言子楪世苏哲兰;
smali\com\kongzue\dialogx\interfaces\飘花落叶言子楪世苏哲兰.smali	1183	    iget-object v0, v0, Ltop/suzhelan/sticker/sdk/presenter/飘花落叶言子楪世苏哲兰;->飘花落叶言子楪世苏哲兰:Lcom/bumptech/glide/load/engine/飘花落叶言子楪哲世苏兰;
smali\com\kongzue\dialogx\interfaces\飘花落叶言子楪世苏哲兰.smali	1221	    check-cast v0, Ltop/suzhelan/plugin/sdk/online/presenter/飘花落叶言子楪世哲兰苏;
smali\com\kongzue\dialogx\interfaces\飘花落叶言子楪世苏哲兰.smali	1225	    iget-object v0, v0, Ltop/suzhelan/plugin/sdk/online/presenter/飘花落叶言子楪世哲兰苏;->飘花落叶言子楪世苏哲兰:Lcom/bumptech/glide/load/engine/飘花落叶言子楪哲世苏兰;
smali\com\kongzue\dialogx\interfaces\飘花落叶言子楪世苏哲兰.smali	1298	    new-instance v1, Llin/xposed/hook/javaplugin/view/飘花落叶言子楪苏哲兰世;
smali\com\kongzue\dialogx\interfaces\飘花落叶言子楪世苏哲兰.smali	1302	    invoke-direct {v1, v2}, Llin/xposed/hook/javaplugin/view/飘花落叶言子楪苏哲兰世;-><init>(I)V
smali\com\kongzue\dialogx\interfaces\飘花落叶言子楪世苏哲兰.smali	1320	    check-cast v0, Ltop/suzhelan/plugin/sdk/online/presenter/飘花落叶言子楪世哲苏兰;
smali\com\kongzue\dialogx\interfaces\飘花落叶言子楪世苏哲兰.smali	1324	    iget-object v0, v0, Ltop/suzhelan/plugin/sdk/online/presenter/飘花落叶言子楪世哲苏兰;->飘花落叶言子楪世苏哲兰:L飘花落叶言苏世子楪兰哲/飘花落叶言子楪世兰哲苏;
smali\com\kongzue\dialogx\interfaces\飘花落叶言子楪世苏哲兰.smali	1366	    check-cast v0, Ltop/suzhelan/plugin/sdk/online/presenter/飘花落叶言子楪世苏兰哲;
smali\com\kongzue\dialogx\interfaces\飘花落叶言子楪世苏哲兰.smali	1370	    iget-object v0, v0, Ltop/suzhelan/plugin/sdk/online/presenter/飘花落叶言子楪世苏兰哲;->飘花落叶言子楪世苏哲兰:Landroidx/compose/runtime/internal/飘花落叶言子楪苏兰世哲;
smali\com\kongzue\dialogx\interfaces\飘花落叶言子楪世苏哲兰.smali	1424	    new-instance v1, Llin/xposed/hook/javaplugin/view/飘花落叶言子楪苏哲兰世;
smali\com\kongzue\dialogx\interfaces\飘花落叶言子楪世苏哲兰.smali	1428	    invoke-direct {v1, v2}, Llin/xposed/hook/javaplugin/view/飘花落叶言子楪苏哲兰世;-><init>(I)V
smali\io\ktor\client\plugins\api\飘花落叶言子楪世苏兰哲.smali	1	.class public final Lio/ktor/client/plugins/api/飘花落叶言子楪世苏兰哲;
smali\io\ktor\client\plugins\api\飘花落叶言子楪世苏兰哲.smali	248	.method public static 飘花落叶言子楪苏哲世兰(Landroid/content/Context;)Ltop/suzhelan/qstory/database/RecallDatabase;
smali\io\ktor\client\plugins\api\飘花落叶言子楪世苏兰哲.smali	404	    new-instance p0, Ltop/suzhelan/qstory/database/飘花落叶言子楪世兰苏哲;
smali\io\ktor\client\plugins\api\飘花落叶言子楪世苏兰哲.smali	430	    check-cast p0, Ltop/suzhelan/qstory/database/RecallDatabase;
smali\io\ktor\client\plugins\api\飘花落叶言子楪世苏兰哲.smali	589	    check-cast p0, Ltop/suzhelan/qstory/entity/QSResult;
smali\io\ktor\client\plugins\api\飘花落叶言子楪世苏兰哲.smali	601	    invoke-virtual {p0}, Ltop/suzhelan/qstory/entity/QSResult;->isSuccess()Z
smali\io\ktor\client\plugins\api\飘花落叶言子楪世苏兰哲.smali	617	    invoke-virtual {p0}, Ltop/suzhelan/qstory/entity/QSResult;->getData()Ljava/lang/Object;
smali\io\ktor\client\plugins\api\飘花落叶言子楪世苏兰哲.smali	687	    invoke-virtual {p0}, Ltop/suzhelan/qstory/entity/QSResult;->getMsg()Ljava/lang/String;
smali\io\ktor\client\plugins\api\飘花落叶言子楪世苏兰哲.smali	791	    new-instance p2, Llin/xposed/hook/javaplugin/view/飘花落叶言子楪苏哲兰世;
smali\io\ktor\client\plugins\api\飘花落叶言子楪世苏兰哲.smali	798	    invoke-direct {p2, v0}, Llin/xposed/hook/javaplugin/view/飘花落叶言子楪苏哲兰世;-><init>(I)V
smali\io\ktor\client\plugins\api\飘花落叶言子楪世苏兰哲.smali	907	    invoke-static {p0, p2, p3}, Lio/ktor/client/plugins/api/飘花落叶言子楪世苏兰哲;->飘花落叶言子楪哲苏世兰(Ljava/lang/String;Landroidx/compose/ui/text/font/飘花落叶言子楪哲兰苏世;I)Landroid/graphics/Typeface;
smali\io\ktor\client\plugins\api\飘花落叶言子楪世苏兰哲.smali	1134	.method public 飘花落叶言子楪哲苏兰世(Landroid/content/Context;)Ltop/suzhelan/qstory/database/RecallDatabase;
smali\io\ktor\client\plugins\api\飘花落叶言子楪世苏兰哲.smali	1152	    sget-object v0, Ltop/suzhelan/qstory/database/RecallDatabase;->飘花落叶言子楪哲世苏兰:Ltop/suzhelan/qstory/database/RecallDatabase;
smali\io\ktor\client\plugins\api\飘花落叶言子楪世苏兰哲.smali	1164	    sget-object v0, Ltop/suzhelan/qstory/database/RecallDatabase;->飘花落叶言子楪哲世苏兰:Ltop/suzhelan/qstory/database/RecallDatabase;
smali\io\ktor\client\plugins\api\飘花落叶言子楪世苏兰哲.smali	1172	    sget-object v0, Ltop/suzhelan/qstory/database/RecallDatabase;->飘花落叶言子楪苏兰哲世:Lio/ktor/client/plugins/api/飘花落叶言子楪世苏兰哲;
smali\io\ktor\client\plugins\api\飘花落叶言子楪世苏兰哲.smali	1181	    invoke-static {p1}, Lio/ktor/client/plugins/api/飘花落叶言子楪世苏兰哲;->飘花落叶言子楪苏哲世兰(Landroid/content/Context;)Ltop/suzhelan/qstory/database/RecallDatabase;
smali\io\ktor\client\plugins\api\飘花落叶言子楪世苏兰哲.smali	1189	    sput-object v0, Ltop/suzhelan/qstory/database/RecallDatabase;->飘花落叶言子楪哲世苏兰:Ltop/suzhelan/qstory/database/RecallDatabase;
smali\io\ktor\client\plugins\api\飘花落叶言子楪世苏兰哲.smali	1344	    invoke-static {p0, p1, p2}, Lio/ktor/client/plugins/api/飘花落叶言子楪世苏兰哲;->飘花落叶言子楪哲苏世兰(Ljava/lang/String;Landroidx/compose/ui/text/font/飘花落叶言子楪哲兰苏世;I)Landroid/graphics/Typeface;
smali\io\ktor\client\plugins\websocket\WebSocketException.smali	1	.class public final Lio/ktor/client/plugins/websocket/WebSocketException;
smali\io\ktor\client\plugins\websocket\WebSocketException.smali	12	        "Lio/ktor/client/plugins/websocket/WebSocketException;",
smali\io\ktor\client\plugins\websocket\WebSocketException.smali	47	    invoke-direct {p0, p1, v0}, Lio/ktor/client/plugins/websocket/WebSocketException;-><init>(Ljava/lang/String;Ljava/lang/Throwable;)V
smali\lin\xposed\hook\javaplugin\view\飘花落叶言子楪世兰哲苏.smali	1	.class public final synthetic Llin/xposed/hook/javaplugin/view/飘花落叶言子楪世兰哲苏;
smali\lin\xposed\hook\javaplugin\view\飘花落叶言子楪世兰哲苏.smali	20	    iput p2, p0, Llin/xposed/hook/javaplugin/view/飘花落叶言子楪世兰哲苏;->飘花落叶言子楪世苏哲兰:I
smali\lin\xposed\hook\javaplugin\view\飘花落叶言子楪世兰哲苏.smali	24	    iput-object p1, p0, Llin/xposed/hook/javaplugin/view/飘花落叶言子楪世兰哲苏;->飘花落叶言子楪世苏兰哲:Ljava/lang/Object;
smali\lin\xposed\hook\javaplugin\view\飘花落叶言子楪世兰哲苏.smali	42	    iget v0, p0, Llin/xposed/hook/javaplugin/view/飘花落叶言子楪世兰哲苏;->飘花落叶言子楪世苏哲兰:I
smali\lin\xposed\hook\javaplugin\view\飘花落叶言子楪世兰哲苏.smali	46	    iget-object p0, p0, Llin/xposed/hook/javaplugin/view/飘花落叶言子楪世兰哲苏;->飘花落叶言子楪世苏兰哲:Ljava/lang/Object;
smali\lin\xposed\hook\javaplugin\view\飘花落叶言子楪世兰哲苏.smali	140	    check-cast p0, Llin/xposed/hook/javaplugin/view/PluginItemView;
smali\lin\xposed\hook\javaplugin\view\飘花落叶言子楪世兰哲苏.smali	144	    invoke-static {p0, p1, p2}, Llin/xposed/hook/javaplugin/view/PluginItemView;->飘花落叶言子楪世兰苏哲(Llin/xposed/hook/javaplugin/view/PluginItemView;Landroid/widget/CompoundButton;Z)V
smali\lin\xposed\hook\javaplugin\view\飘花落叶言子楪世兰哲苏.smali	153	    check-cast p0, Llin/xposed/hook/javaplugin/bean/PluginInfo;
smali\lin\xposed\hook\javaplugin\view\飘花落叶言子楪世兰哲苏.smali	157	    invoke-static {p0, p1, p2}, Llin/xposed/hook/javaplugin/view/PluginItemView;->飘花落叶言子楪世兰哲苏(Llin/xposed/hook/javaplugin/bean/PluginInfo;Landroid/widget/CompoundButton;Z)V
smali\top\linl\dexparser\util\FileUtils.smali	781	    invoke-static {p0, v1}, Ltop/suzhelan/qstory/hook/item/飘花落叶言子楪哲苏兰世;->飘花落叶言子楪世兰哲苏(Ljava/lang/Object;Ljava/lang/String;)V
smali\top\linl\dexparser\util\FileUtils.smali	807	    invoke-static {p0, v1}, Ltop/suzhelan/qstory/hook/item/飘花落叶言子楪哲苏兰世;->飘花落叶言子楪世兰哲苏(Ljava/lang/Object;Ljava/lang/String;)V
smali\top\suzhelan\plugin\sdk\online\activity\PluginActivity.smali	1	.class public final Ltop/suzhelan/plugin/sdk/online/activity/PluginActivity;
smali\top\suzhelan\plugin\sdk\online\activity\PluginActivity.smali	12	        "Ltop/suzhelan/plugin/sdk/online/activity/PluginActivity;",
smali\top\suzhelan\plugin\sdk\online\activity\PluginActivity.smali	23	        "plugins",
smali\top\suzhelan\plugin\sdk\online\activity\PluginActivity.smali	24	        "updatePlugins",
smali\top\suzhelan\plugin\sdk\online\activity\PluginActivity.smali	30	        "QStory:online-plugin-sdk_release"
smali\top\suzhelan\plugin\sdk\online\activity\PluginActivity.smali	118	    invoke-static {p0, p1}, Ltop/suzhelan/plugin/sdk/online/activity/PluginActivity;->onCreate$lambda$0(Landroid/view/View;Landroidx/core/view/飘花落叶言子哲兰世苏楪;)Landroidx/core/view/飘花落叶言子哲兰世苏楪;
smali\top\suzhelan\plugin\sdk\online\activity\PluginActivity.smali	313	.method public final updatePlugins(Ljava/util/List;)V
smali\top\suzhelan\plugin\sdk\online\widget\CustomChipGroup.smali	1	.class public final Ltop/suzhelan/plugin/sdk/online/widget/CustomChipGroup;
smali\top\suzhelan\plugin\sdk\online\widget\CustomChipGroup.smali	12	        "Ltop/suzhelan/plugin/sdk/online/widget/CustomChipGroup;",
smali\top\suzhelan\plugin\sdk\online\widget\CustomChipGroup.smali	29	        "QStory:online-plugin-sdk_release"
smali\top\suzhelan\plugin\sdk\online\widget\CustomChipGroup.smali	65	    iput v0, p0, Ltop/suzhelan/plugin/sdk/online/widget/CustomChipGroup;->飘花落叶言子世楪苏兰哲:I
smali\top\suzhelan\plugin\sdk\online\widget\CustomChipGroup.smali	97	    invoke-virtual {p0, p2}, Ltop/suzhelan/plugin/sdk/online/widget/CustomChipGroup;->setMaxRows(I)V
smali\top\suzhelan\plugin\sdk\online\widget\CustomChipGroup.smali	116	    iget p0, p0, Ltop/suzhelan/plugin/sdk/online/widget/CustomChipGroup;->飘花落叶言子世楪苏兰哲:I
smali\top\suzhelan\plugin\sdk\online\widget\CustomChipGroup.smali	140	    iget p2, p0, Ltop/suzhelan/plugin/sdk/online/widget/CustomChipGroup;->飘花落叶言子世楪苏兰哲:I
smali\top\suzhelan\plugin\sdk\online\widget\CustomChipGroup.smali	472	    iget v5, p0, Ltop/suzhelan/plugin/sdk/online/widget/CustomChipGroup;->飘花落叶言子世楪苏兰哲:I
smali\top\suzhelan\plugin\sdk\online\widget\CustomChipGroup.smali	669	    iput p1, p0, Ltop/suzhelan/plugin/sdk/online/widget/CustomChipGroup;->飘花落叶言子世楪苏兰哲:I
smali\top\suzhelan\qstory\database\RecallDatabase.smali	1	.class public abstract Ltop/suzhelan/qstory/database/RecallDatabase;
smali\top\suzhelan\qstory\database\RecallDatabase.smali	12	        "Ltop/suzhelan/qstory/database/RecallDatabase;",
smali\top\suzhelan\qstory\database\RecallDatabase.smali	16	        "io/ktor/client/plugins/api/\u98d8\u82b1\u843d\u53f6\u8a00\u5b50\u696a\u4e16\u82cf\u5170\u54f2",
smali\top\suzhelan\qstory\database\RecallDatabase.smali	17	        "QStory:app_publishRelease"
smali\top\suzhelan\qstory\database\RecallDatabase.smali	30	.field public static volatile 飘花落叶言子楪哲世苏兰:Ltop/suzhelan/qstory/database/RecallDatabase;
smali\top\suzhelan\qstory\database\RecallDatabase.smali	32	.field public static final 飘花落叶言子楪苏兰哲世:Lio/ktor/client/plugins/api/飘花落叶言子楪世苏兰哲;
smali\top\suzhelan\qstory\database\RecallDatabase.smali	58	    new-instance v0, Lio/ktor/client/plugins/api/飘花落叶言子楪世苏兰哲;
smali\top\suzhelan\qstory\database\RecallDatabase.smali	67	    sput-object v0, Ltop/suzhelan/qstory/database/RecallDatabase;->飘花落叶言子楪苏兰哲世:Lio/ktor/client/plugins/api/飘花落叶言子楪世苏兰哲;
smali\top\suzhelan\qstory\database\RecallDatabase_Impl.smali	1	.class public final Ltop/suzhelan/qstory/database/RecallDatabase_Impl;
smali\top\suzhelan\qstory\database\RecallDatabase_Impl.smali	2	.super Ltop/suzhelan/qstory/database/RecallDatabase;
smali\top\suzhelan\qstory\database\RecallDatabase_Impl.smali	12	        "Ltop/suzhelan/qstory/database/RecallDatabase_Impl;",
smali\top\suzhelan\qstory\database\RecallDatabase_Impl.smali	13	        "Ltop/suzhelan/qstory/database/RecallDatabase;",
smali\top\suzhelan\qstory\database\RecallDatabase_Impl.smali	16	        "QStory:app_publishRelease"
smali\top\suzhelan\qstory\database\RecallDatabase_Impl.smali	41	    invoke-direct {p0}, Ltop/suzhelan/qstory/database/RecallDatabase;-><init>()V
smali\top\suzhelan\qstory\database\RecallDatabase_Impl.smali	46	    new-instance v0, Ltop/suzhelan/qstory/database/飘花落叶言子楪世兰哲苏;
smali\top\suzhelan\qstory\database\RecallDatabase_Impl.smali	53	    invoke-direct {v0, p0, v1}, Ltop/suzhelan/qstory/database/飘花落叶言子楪世兰哲苏;-><init>(Ljava/lang/Object;I)V
smali\top\suzhelan\qstory\database\RecallDatabase_Impl.smali	66	    iput-object v0, p0, Ltop/suzhelan/qstory/database/RecallDatabase_Impl;->飘花落叶言子楪哲世兰苏:Lkotlin/飘花落叶言子楪苏世哲兰;
smali\top\suzhelan\qstory\database\RecallDatabase_Impl.smali	79	    new-instance v0, Ltop/suzhelan/qstory/database/飘花落叶言子楪苏世哲兰;
smali\top\suzhelan\qstory\database\RecallDatabase_Impl.smali	83	    invoke-direct {v0, p0}, Ltop/suzhelan/qstory/database/飘花落叶言子楪苏世哲兰;-><init>(Ltop/suzhelan/qstory/database/RecallDatabase_Impl;)V
smali\top\suzhelan\qstory\database\RecallDatabase_Impl.smali	137	    invoke-direct {v2, p0, v0, v1, v3}, Landroidx/room/飘花落叶言子楪苏哲世兰;-><init>(Ltop/suzhelan/qstory/database/RecallDatabase_Impl;Ljava/util/LinkedHashMap;Ljava/util/LinkedHashMap;[Ljava/lang/String;)V
smali\top\suzhelan\qstory\database\RecallDatabase_Impl.smali	174	    iget-object p0, p0, Ltop/suzhelan/qstory/database/RecallDatabase_Impl;->飘花落叶言子楪哲世兰苏:Lkotlin/飘花落叶言子楪苏世哲兰;
smali\top\suzhelan\qstory\database\飘花落叶言子楪世兰苏哲.smali	1	.class public final Ltop/suzhelan/qstory/database/飘花落叶言子楪世兰苏哲;
smali\top\suzhelan\qstory\database\飘花落叶言子楪苏世哲兰.smali	1	.class public final Ltop/suzhelan/qstory/database/飘花落叶言子楪苏世哲兰;
smali\top\suzhelan\qstory\database\飘花落叶言子楪苏世哲兰.smali	7	.field public final synthetic 飘花落叶言子楪世哲兰苏:Ltop/suzhelan/qstory/database/RecallDatabase_Impl;
smali\top\suzhelan\qstory\database\飘花落叶言子楪苏世哲兰.smali	11	.method public constructor <init>(Ltop/suzhelan/qstory/database/RecallDatabase_Impl;)V
smali\top\suzhelan\qstory\database\飘花落叶言子楪苏世哲兰.smali	15	    iput-object p1, p0, Ltop/suzhelan/qstory/database/飘花落叶言子楪苏世哲兰;->飘花落叶言子楪世哲兰苏:Ltop/suzhelan/qstory/database/RecallDatabase_Impl;
smali\top\suzhelan\qstory\database\飘花落叶言子楪苏世哲兰.smali	218	    iget-object p0, p0, Ltop/suzhelan/qstory/database/飘花落叶言子楪苏世哲兰;->飘花落叶言子楪世哲兰苏:Ltop/suzhelan/qstory/database/RecallDatabase_Impl;
smali\top\suzhelan\qstory\database\飘花落叶言子楪苏世哲兰.smali	222	    sget v0, Ltop/suzhelan/qstory/database/RecallDatabase_Impl;->飘花落叶言子楪哲苏世兰:I
smali\top\suzhelan\qstory\ui\activity\NewMainActivity.smali	1	.class public final Ltop/suzhelan/qstory/ui/activity/NewMainActivity;
smali\top\suzhelan\qstory\ui\activity\NewMainActivity.smali	12	        "Ltop/suzhelan/qstory/ui/activity/NewMainActivity;",
smali\top\suzhelan\qstory\ui\activity\NewMainActivity.smali	21	        "QStory:app_publishRelease"
smali\top\suzhelan\qstory\ui\activity\NewMainActivity.smali	122	    sget-object p1, Ltop/suzhelan/qstory/ui/activity/飘花落叶言子楪世苏哲兰;->飘花落叶言子楪世苏哲兰:Landroidx/compose/runtime/internal/飘花落叶言子楪世兰苏哲;
smali\top\suzhelan\qstory\ui\activity\SettingActivity.smali	1	.class public final Ltop/suzhelan/qstory/ui/activity/SettingActivity;
smali\top\suzhelan\qstory\ui\activity\SettingActivity.smali	12	        "Ltop/suzhelan/qstory/ui/activity/SettingActivity;",
smali\top\suzhelan\qstory\ui\activity\SettingActivity.smali	30	        "top/suzhelan/qstory/ui/activity/\u98d8\u82b1\u843d\u53f6\u8a00\u5b50\u696a\u4e16\u82cf\u5170\u54f2",
smali\top\suzhelan\qstory\ui\activity\SettingActivity.smali	31	        "QStory:app_publishRelease"
smali\top\suzhelan\qstory\ui\activity\SettingActivity.smali	46	.field public static final Companion:Ltop/suzhelan/qstory/ui/activity/飘花落叶言子楪世苏兰哲;
smali\top\suzhelan\qstory\ui\activity\SettingActivity.smali	56	    new-instance v0, Ltop/suzhelan/qstory/ui/activity/飘花落叶言子楪世苏兰哲;
smali\top\suzhelan\qstory\ui\activity\SettingActivity.smali	65	    sput-object v0, Ltop/suzhelan/qstory/ui/activity/SettingActivity;->Companion:Ltop/suzhelan/qstory/ui/activity/飘花落叶言子楪世苏兰哲;
smali\top\suzhelan\qstory\ui\activity\SettingActivity.smali	135	    invoke-direct {p0}, Ltop/suzhelan/qstory/ui/activity/SettingActivity;->isDarkModeEnabled()Z
smali\top\suzhelan\qstory\ui\activity\SettingActivity.smali	246	.method private static final onCreate$lambda$0(Ltop/suzhelan/qstory/ui/activity/SettingActivity;Landroidx/compose/runtime/飘花落叶言子楪苏哲世兰;I)Lkotlin/飘花落叶言子楪兰苏哲世;
smali\top\suzhelan\qstory\ui\activity\SettingActivity.smali	309	    invoke-static {p0, p2, p1, v2}, Ltop/suzhelan/qstory/ui/activity/飘花落叶言子楪世苏哲兰;->飘花落叶言子楪世苏哲兰(Ltop/suzhelan/qstory/ui/activity/SettingActivity;L飘花落叶言苏哲世兰楪子/飘花落叶言子楪苏世兰哲;Landroidx/compose/runtime/飘花落叶言子楪苏哲世兰;I)V
smali\top\suzhelan\qstory\ui\activity\SettingActivity.smali	331	.method private static final onCreate$lambda$1(Ltop/suzhelan/qstory/ui/activity/SettingActivity;)V
smali\top\suzhelan\qstory\ui\activity\SettingActivity.smali	335	    invoke-direct {p0}, Ltop/suzhelan/qstory/ui/activity/SettingActivity;->applyImmersiveSystemBars()V
smali\top\suzhelan\qstory\ui\activity\SettingActivity.smali	380	    sget-boolean v0, Ltop/suzhelan/qstory/ui/activity/SettingActivity;->isSponsorDialog:Z
smali\top\suzhelan\qstory\ui\activity\SettingActivity.smali	761	    new-instance v3, Llin/xposed/hook/javaplugin/view/飘花落叶言子楪苏哲兰世;
smali\top\suzhelan\qstory\ui\activity\SettingActivity.smali	768	    invoke-direct {v3, v4}, Llin/xposed/hook/javaplugin/view/飘花落叶言子楪苏哲兰世;-><init>(I)V
smali\top\suzhelan\qstory\ui\activity\SettingActivity.smali	801	    sput-boolean v2, Ltop/suzhelan/qstory/ui/activity/SettingActivity;->isSponsorDialog:Z
smali\top\suzhelan\qstory\ui\activity\SettingActivity.smali	814	    invoke-static {}, Ltop/suzhelan/qstory/ui/activity/SettingActivity;->onResume$lambda$0()V
smali\top\suzhelan\qstory\ui\activity\SettingActivity.smali	822	.method public static synthetic 飘花落叶言子楪哲苏世兰(Ltop/suzhelan/qstory/ui/activity/SettingActivity;)V
smali\top\suzhelan\qstory\ui\activity\SettingActivity.smali	826	    invoke-static {p0}, Ltop/suzhelan/qstory/ui/activity/SettingActivity;->onCreate$lambda$1(Ltop/suzhelan/qstory/ui/activity/SettingActivity;)V
smali\top\suzhelan\qstory\ui\activity\SettingActivity.smali	834	.method public static synthetic 飘花落叶言子楪哲苏兰世(Ltop/suzhelan/qstory/ui/activity/SettingActivity;Landroidx/compose/runtime/飘花落叶言子楪苏哲世兰;I)Lkotlin/飘花落叶言子楪兰苏哲世;
smali\top\suzhelan\qstory\ui\activity\SettingActivity.smali	838	    invoke-static {p0, p1, p2}, Ltop/suzhelan/qstory/ui/activity/SettingActivity;->onCreate$lambda$0(Ltop/suzhelan/qstory/ui/activity/SettingActivity;Landroidx/compose/runtime/飘花落叶言子楪苏哲世兰;I)Lkotlin/飘花落叶言子楪兰苏哲世;
smali\top\suzhelan\qstory\ui\activity\SettingActivity.smali	860	    invoke-direct {p0}, Ltop/suzhelan/qstory/ui/activity/SettingActivity;->applyImmersiveSystemBars()V
smali\top\suzhelan\qstory\ui\activity\SettingActivity.smali	1004	    invoke-direct {p0}, Ltop/suzhelan/qstory/ui/activity/SettingActivity;->applyImmersiveSystemBars()V
smali\top\suzhelan\qstory\ui\activity\SettingActivity.smali	1063	    invoke-direct {p0}, Ltop/suzhelan/qstory/ui/activity/SettingActivity;->applyImmersiveSystemBars()V
smali\top\suzhelan\qstory\ui\activity\飘花落叶言子楪世苏兰哲.smali	1	.class public final Ltop/suzhelan/qstory/ui/activity/飘花落叶言子楪世苏兰哲;
smali\top\suzhelan\qstory\ui\activity\飘花落叶言子楪世苏哲兰.smali	1	.class public abstract Ltop/suzhelan/qstory/ui/activity/飘花落叶言子楪世苏哲兰;
smali\top\suzhelan\qstory\ui\activity\飘花落叶言子楪世苏哲兰.smali	45	    sput-object v1, Ltop/suzhelan/qstory/ui/activity/飘花落叶言子楪世苏哲兰;->飘花落叶言子楪世苏哲兰:Landroidx/compose/runtime/internal/飘花落叶言子楪世兰苏哲;
smali\top\suzhelan\qstory\ui\activity\飘花落叶言子楪世苏哲兰.smali	52	.method public static final 飘花落叶言子楪世苏哲兰(Ltop/suzhelan/qstory/ui/activity/SettingActivity;L飘花落叶言苏哲世兰楪子/飘花落叶言子楪苏世兰哲;Landroidx/compose/runtime/飘花落叶言子楪苏哲世兰;I)V
smali\top\suzhelan\qstory\ui\activity\飘花落叶言子楪世苏哲兰.smali	399	    invoke-static {p1, v4, v0}, Lio/ktor/client/plugins/api/飘花落叶言子楪世苏兰哲;->飘花落叶言子楪哲世兰苏(Landroidx/lifecycle/飘花落叶言子苏兰世楪哲;Landroidx/lifecycle/飘花落叶言子苏世哲楪兰;I)Landroidx/lifecycle/飘花落叶言子苏兰楪世哲;
smali\top\suzhelan\qstory\ui\activity\飘花落叶言子楪世苏哲兰.smali	480	    new-instance v0, Ltop/suzhelan/qstory/ui/activity/飘花落叶言子楪世哲苏兰;
smali\top\suzhelan\qstory\ui\activity\飘花落叶言子楪世苏哲兰.smali	484	    invoke-direct {v0, p1, p0}, Ltop/suzhelan/qstory/ui/activity/飘花落叶言子楪世哲苏兰;-><init>(L飘花落叶言苏哲世兰楪子/飘花落叶言子楪苏世兰哲;Ltop/suzhelan/qstory/ui/activity/SettingActivity;)V
smali\top\suzhelan\qstory\ui\activity\飘花落叶言子楪世苏哲兰.smali	527	    invoke-static {p0}, Ltop/suzhelan/qstory/hook/item/飘花落叶言子楪哲苏兰世;->飘花落叶言子楪世哲苏兰(Ljava/lang/Object;)V
smali\top\suzhelan\qstory\ui\activity\飘花落叶言子楪世苏哲兰.smali	554	    new-instance v0, Ltop/suzhelan/qstory/ui/activity/飘花落叶言子楪世哲苏兰;
smali\top\suzhelan\qstory\ui\activity\飘花落叶言子楪世苏哲兰.smali	558	    invoke-direct {v0, p0, p1, p3}, Ltop/suzhelan/qstory/ui/activity/飘花落叶言子楪世哲苏兰;-><init>(Ltop/suzhelan/qstory/ui/activity/SettingActivity;L飘花落叶言苏哲世兰楪子/飘花落叶言子楪苏世兰哲;I)V
smali\top\suzhelan\qstory\ui\components\飘花落叶言子楪世兰哲苏.smali	1	.class public final synthetic Ltop/suzhelan/qstory/ui/components/飘花落叶言子楪世兰哲苏;
smali\top\suzhelan\qstory\ui\components\飘花落叶言子楪世兰哲苏.smali	33	    iput-boolean p1, p0, Ltop/suzhelan/qstory/ui/components/飘花落叶言子楪世兰哲苏;->飘花落叶言子楪哲苏兰世:Z
smali\top\suzhelan\qstory\ui\components\飘花落叶言子楪世兰哲苏.smali	37	    iput-object p2, p0, Ltop/suzhelan/qstory/ui/components/飘花落叶言子楪世兰哲苏;->飘花落叶言子楪哲兰世苏:L飘花落叶言苏世哲兰楪子/飘花落叶言子楪世苏兰哲;
smali\top\suzhelan\qstory\ui\components\飘花落叶言子楪世兰哲苏.smali	41	    iput-object p3, p0, Ltop/suzhelan/qstory/ui/components/飘花落叶言子楪世兰哲苏;->飘花落叶言子楪哲兰苏世:L飘花落叶言苏哲世兰楪子/飘花落叶言子楪世苏兰哲;
smali\top\suzhelan\qstory\ui\components\飘花落叶言子楪世兰哲苏.smali	45	    iput-object p4, p0, Ltop/suzhelan/qstory/ui/components/飘花落叶言子楪世兰哲苏;->飘花落叶言子楪兰世苏哲:L飘花落叶言世子哲兰苏楪/飘花落叶言子楪哲苏兰世;
smali\top\suzhelan\qstory\ui\components\飘花落叶言子楪世兰哲苏.smali	49	    iput-wide p5, p0, Ltop/suzhelan/qstory/ui/components/飘花落叶言子楪世兰哲苏;->飘花落叶言子楪兰世哲苏:J
smali\top\suzhelan\qstory\ui\components\飘花落叶言子楪世兰哲苏.smali	53	    iput-object p7, p0, Ltop/suzhelan/qstory/ui/components/飘花落叶言子楪世兰哲苏;->飘花落叶言子楪兰苏世哲:L飘花落叶言世兰子苏哲楪/飘花落叶言子楪世兰哲苏;
smali\top\suzhelan\qstory\ui\components\飘花落叶言子楪世兰哲苏.smali	593	    iget-object v2, v0, Ltop/suzhelan/qstory/ui/components/飘花落叶言子楪世兰哲苏;->飘花落叶言子楪哲兰苏世:L飘花落叶言苏哲世兰楪子/飘花落叶言子楪世苏兰哲;
smali\top\suzhelan\qstory\ui\components\飘花落叶言子楪世兰哲苏.smali	647	    iget-wide v9, v0, Ltop/suzhelan/qstory/ui/components/飘花落叶言子楪世兰哲苏;->飘花落叶言子楪兰世哲苏:J
smali\top\suzhelan\qstory\ui\components\飘花落叶言子楪世兰哲苏.smali	702	    iget-object v3, v0, Ltop/suzhelan/qstory/ui/components/飘花落叶言子楪世兰哲苏;->飘花落叶言子楪兰苏世哲:L飘花落叶言世兰子苏哲楪/飘花落叶言子楪世兰哲苏;
smali\top\suzhelan\qstory\ui\components\飘花落叶言子楪世兰哲苏.smali	884	    iget-boolean v1, v0, Ltop/suzhelan/qstory/ui/components/飘花落叶言子楪世兰哲苏;->飘花落叶言子楪哲苏兰世:Z
smali\top\suzhelan\qstory\ui\components\飘花落叶言子楪世兰哲苏.smali	946	    iget-object v3, v0, Ltop/suzhelan/qstory/ui/components/飘花落叶言子楪世兰哲苏;->飘花落叶言子楪兰世苏哲:L飘花落叶言世子哲兰苏楪/飘花落叶言子楪哲苏兰世;
smali\top\suzhelan\qstory\ui\components\飘花落叶言子楪世兰哲苏.smali	1615	    iget-object v0, v0, Ltop/suzhelan/qstory/ui/components/飘花落叶言子楪世兰哲苏;->飘花落叶言子楪哲兰世苏:L飘花落叶言苏世哲兰楪子/飘花落叶言子楪世苏兰哲;
smali\top\suzhelan\qstory\ui\components\飘花落叶言子楪哲世兰苏.smali	1	.class public final synthetic Ltop/suzhelan/qstory/ui/components/飘花落叶言子楪哲世兰苏;
smali\top\suzhelan\qstory\ui\components\飘花落叶言子楪哲世兰苏.smali	41	    iput-object p1, p0, Ltop/suzhelan/qstory/ui/components/飘花落叶言子楪哲世兰苏;->飘花落叶言子楪哲苏兰世:Ljava/lang/String;
smali\top\suzhelan\qstory\ui\components\飘花落叶言子楪哲世兰苏.smali	45	    iput-object p2, p0, Ltop/suzhelan/qstory/ui/components/飘花落叶言子楪哲世兰苏;->飘花落叶言子楪哲兰世苏:Ljava/util/List;
smali\top\suzhelan\qstory\ui\components\飘花落叶言子楪哲世兰苏.smali	49	    iput-object p3, p0, Ltop/suzhelan/qstory/ui/components/飘花落叶言子楪哲世兰苏;->飘花落叶言子楪哲兰苏世:Ljava/util/List;
smali\top\suzhelan\qstory\ui\components\飘花落叶言子楪哲世兰苏.smali	53	    iput-object p4, p0, Ltop/suzhelan/qstory/ui/components/飘花落叶言子楪哲世兰苏;->飘花落叶言子楪兰世苏哲:L飘花落叶言世子哲兰苏楪/飘花落叶言子楪苏兰哲世;
smali\top\suzhelan\qstory\ui\components\飘花落叶言子楪哲世兰苏.smali	57	    iput-object p5, p0, Ltop/suzhelan/qstory/ui/components/飘花落叶言子楪哲世兰苏;->飘花落叶言子楪兰世哲苏:Ljava/lang/String;
smali\top\suzhelan\qstory\ui\components\飘花落叶言子楪哲世兰苏.smali	61	    iput-object p6, p0, Ltop/suzhelan/qstory/ui/components/飘花落叶言子楪哲世兰苏;->飘花落叶言子楪兰苏世哲:L飘花落叶言世子哲兰苏楪/飘花落叶言子楪世苏哲兰;
smali\top\suzhelan\qstory\ui\components\飘花落叶言子楪哲世兰苏.smali	65	    iput-object p7, p0, Ltop/suzhelan/qstory/ui/components/飘花落叶言子楪哲世兰苏;->飘花落叶言子楪兰苏哲世:Landroidx/compose/ui/focus/飘花落叶言子楪兰世哲苏;
smali\top\suzhelan\qstory\ui\components\飘花落叶言子楪哲世兰苏.smali	69	    iput-object p8, p0, Ltop/suzhelan/qstory/ui/components/飘花落叶言子楪哲世兰苏;->飘花落叶言子楪兰哲世苏:L飘花落叶言世子哲兰苏楪/飘花落叶言子楪苏兰哲世;
smali\top\suzhelan\qstory\ui\components\飘花落叶言子楪哲世兰苏.smali	73	    iput-object p9, p0, Ltop/suzhelan/qstory/ui/components/飘花落叶言子楪哲世兰苏;->飘花落叶言子楪兰哲苏世:L飘花落叶言世子哲兰苏楪/飘花落叶言子楪世苏哲兰;
smali\top\suzhelan\qstory\ui\components\飘花落叶言子楪哲世兰苏.smali	77	    iput-object p10, p0, Ltop/suzhelan/qstory/ui/components/飘花落叶言子楪哲世兰苏;->飘花落叶言子世楪苏哲兰:L飘花落叶言世子哲兰苏楪/飘花落叶言子楪苏兰哲世;
smali\top\suzhelan\qstory\ui\components\飘花落叶言子楪哲世兰苏.smali	1587	    iget-object v8, v7, Ltop/suzhelan/qstory/ui/components/飘花落叶言子楪哲世兰苏;->飘花落叶言子楪兰世哲苏:Ljava/lang/String;
smali\top\suzhelan\qstory\ui\components\飘花落叶言子楪哲世兰苏.smali	1852	    iget-object v8, v0, Ltop/suzhelan/qstory/ui/components/飘花落叶言子楪哲世兰苏;->飘花落叶言子楪兰苏哲世:Landroidx/compose/ui/focus/飘花落叶言子楪兰世哲苏;
smali\top\suzhelan\qstory\ui\components\飘花落叶言子楪哲世兰苏.smali	1922	    iget-object v8, v0, Ltop/suzhelan/qstory/ui/components/飘花落叶言子楪哲世兰苏;->飘花落叶言子楪兰哲世苏:L飘花落叶言世子哲兰苏楪/飘花落叶言子楪苏兰哲世;
smali\top\suzhelan\qstory\ui\components\飘花落叶言子楪哲世兰苏.smali	2298	    iget-object v8, v0, Ltop/suzhelan/qstory/ui/components/飘花落叶言子楪哲世兰苏;->飘花落叶言子楪兰苏世哲:L飘花落叶言世子哲兰苏楪/飘花落叶言子楪世苏哲兰;
smali\top\suzhelan\qstory\ui\components\飘花落叶言子楪哲世兰苏.smali	2380	    iget-object v7, v0, Ltop/suzhelan/qstory/ui/components/飘花落叶言子楪哲世兰苏;->飘花落叶言子楪哲苏兰世:Ljava/lang/String;
smali\top\suzhelan\qstory\ui\components\飘花落叶言子楪哲世兰苏.smali	2396	    iget-object v8, v0, Ltop/suzhelan/qstory/ui/components/飘花落叶言子楪哲世兰苏;->飘花落叶言子楪哲兰世苏:Ljava/util/List;
smali\top\suzhelan\qstory\ui\components\飘花落叶言子楪哲世兰苏.smali	2754	    iget-object v11, v0, Ltop/suzhelan/qstory/ui/components/飘花落叶言子楪哲世兰苏;->飘花落叶言子楪兰哲苏世:L飘花落叶言世子哲兰苏楪/飘花落叶言子楪世苏哲兰;
smali\top\suzhelan\qstory\ui\components\飘花落叶言子楪哲世兰苏.smali	2874	    new-instance v8, Ltop/suzhelan/qstory/ui/components/飘花落叶言子楪哲苏兰世;
smali\top\suzhelan\qstory\ui\components\飘花落叶言子楪哲世兰苏.smali	2878	    iget-object v11, v0, Ltop/suzhelan/qstory/ui/components/飘花落叶言子楪哲世兰苏;->飘花落叶言子世楪苏哲兰:L飘花落叶言世子哲兰苏楪/飘花落叶言子楪苏兰哲世;
smali\top\suzhelan\qstory\ui\components\飘花落叶言子楪哲世兰苏.smali	2885	    invoke-direct {v8, v5, v11, v12}, Ltop/suzhelan/qstory/ui/components/飘花落叶言子楪哲苏兰世;-><init>(Ljava/lang/Object;Lkotlin/飘花落叶言子楪世兰苏哲;I)V
smali\top\suzhelan\qstory\ui\components\飘花落叶言子楪哲世兰苏.smali	2982	    iget-object v7, v0, Ltop/suzhelan/qstory/ui/components/飘花落叶言子楪哲世兰苏;->飘花落叶言子楪哲兰苏世:Ljava/util/List;
smali\top\suzhelan\qstory\ui\components\飘花落叶言子楪哲世兰苏.smali	3177	    iget-object v0, v0, Ltop/suzhelan/qstory/ui/components/飘花落叶言子楪哲世兰苏;->飘花落叶言子楪兰世苏哲:L飘花落叶言世子哲兰苏楪/飘花落叶言子楪苏兰哲世;
smali\top\suzhelan\qstory\ui\components\飘花落叶言子楪哲兰世苏.smali	1	.class public final Ltop/suzhelan/qstory/ui/components/飘花落叶言子楪哲兰世苏;
smali\top\suzhelan\qstory\ui\components\飘花落叶言子楪哲兰世苏.smali	25	    iput-object p1, p0, Ltop/suzhelan/qstory/ui/components/飘花落叶言子楪哲兰世苏;->飘花落叶言子楪哲苏兰世:Ljava/util/List;
smali\top\suzhelan\qstory\ui\components\飘花落叶言子楪哲兰世苏.smali	29	    iput-object p2, p0, Ltop/suzhelan/qstory/ui/components/飘花落叶言子楪哲兰世苏;->飘花落叶言子楪哲兰世苏:L飘花落叶言世子哲兰苏楪/飘花落叶言子楪苏兰哲世;
smali\top\suzhelan\qstory\ui\components\飘花落叶言子楪哲兰世苏.smali	224	    iget-object p1, p0, Ltop/suzhelan/qstory/ui/components/飘花落叶言子楪哲兰世苏;->飘花落叶言子楪哲苏兰世:Ljava/util/List;
smali\top\suzhelan\qstory\ui\components\飘花落叶言子楪哲兰世苏.smali	268	    iget-object p0, p0, Ltop/suzhelan/qstory/ui/components/飘花落叶言子楪哲兰世苏;->飘花落叶言子楪哲兰世苏:L飘花落叶言世子哲兰苏楪/飘花落叶言子楪苏兰哲世;
smali\top\suzhelan\qstory\ui\components\飘花落叶言子楪哲兰世苏.smali	339	    invoke-static {p1, p4, p3, p0}, Ltop/suzhelan/qstory/ui/components/飘花落叶言子楪世苏哲兰;->飘花落叶言子楪世苏兰哲(L飘花落叶言世兰楪苏子哲/飘花落叶言子楪哲苏兰世;L飘花落叶言世子哲兰苏楪/飘花落叶言子楪世苏哲兰;Landroidx/compose/runtime/飘花落叶言子楪苏哲世兰;I)V
smali\top\suzhelan\qstory\ui\components\飘花落叶言子楪哲苏兰世.smali	1	.class public final synthetic Ltop/suzhelan/qstory/ui/components/飘花落叶言子楪哲苏兰世;
smali\top\suzhelan\qstory\ui\components\飘花落叶言子楪哲苏兰世.smali	22	    iput p3, p0, Ltop/suzhelan/qstory/ui/components/飘花落叶言子楪哲苏兰世;->飘花落叶言子楪哲苏兰世:I
smali\top\suzhelan\qstory\ui\components\飘花落叶言子楪哲苏兰世.smali	24	    iput-object p1, p0, Ltop/suzhelan/qstory/ui/components/飘花落叶言子楪哲苏兰世;->飘花落叶言子楪哲兰世苏:Ljava/lang/Object;
smali\top\suzhelan\qstory\ui\components\飘花落叶言子楪哲苏兰世.smali	26	    iput-object p2, p0, Ltop/suzhelan/qstory/ui/components/飘花落叶言子楪哲苏兰世;->飘花落叶言子楪哲兰苏世:Ljava/lang/Object;
smali\top\suzhelan\qstory\ui\components\飘花落叶言子楪哲苏兰世.smali	40	    iput p3, p0, Ltop/suzhelan/qstory/ui/components/飘花落叶言子楪哲苏兰世;->飘花落叶言子楪哲苏兰世:I
smali\top\suzhelan\qstory\ui\components\飘花落叶言子楪哲苏兰世.smali	49	    iput-object p1, p0, Ltop/suzhelan/qstory/ui/components/飘花落叶言子楪哲苏兰世;->飘花落叶言子楪哲兰世苏:Ljava/lang/Object;
smali\top\suzhelan\qstory\ui\components\飘花落叶言子楪哲苏兰世.smali	53	    iput-object p2, p0, Ltop/suzhelan/qstory/ui/components/飘花落叶言子楪哲苏兰世;->飘花落叶言子楪哲兰苏世:Ljava/lang/Object;
smali\top\suzhelan\qstory\ui\components\飘花落叶言子楪哲苏兰世.smali	66	    iput v0, p0, Ltop/suzhelan/qstory/ui/components/飘花落叶言子楪哲苏兰世;->飘花落叶言子楪哲苏兰世:I
smali\top\suzhelan\qstory\ui\components\飘花落叶言子楪哲苏兰世.smali	70	    iput-object p1, p0, Ltop/suzhelan/qstory/ui/components/飘花落叶言子楪哲苏兰世;->飘花落叶言子楪哲兰苏世:Ljava/lang/Object;
smali\top\suzhelan\qstory\ui\components\飘花落叶言子楪哲苏兰世.smali	72	    iput-object p2, p0, Ltop/suzhelan/qstory/ui/components/飘花落叶言子楪哲苏兰世;->飘花落叶言子楪哲兰世苏:Ljava/lang/Object;
smali\top\suzhelan\qstory\ui\components\飘花落叶言子楪哲苏兰世.smali	87	    iget v1, v0, Ltop/suzhelan/qstory/ui/components/飘花落叶言子楪哲苏兰世;->飘花落叶言子楪哲苏兰世:I
smali\top\suzhelan\qstory\ui\components\飘花落叶言子楪哲苏兰世.smali	109	    iget-object v7, v0, Ltop/suzhelan/qstory/ui/components/飘花落叶言子楪哲苏兰世;->飘花落叶言子楪哲兰苏世:Ljava/lang/Object;
smali\top\suzhelan\qstory\ui\components\飘花落叶言子楪哲苏兰世.smali	113	    iget-object v0, v0, Ltop/suzhelan/qstory/ui/components/飘花落叶言子楪哲苏兰世;->飘花落叶言子楪哲兰世苏:Ljava/lang/Object;
smali\top\suzhelan\qstory\ui\components\飘花落叶言子楪苏兰哲世.smali	1	.class public final Ltop/suzhelan/qstory/ui/components/飘花落叶言子楪苏兰哲世;
smali\top\suzhelan\qstory\ui\components\飘花落叶言子楪苏兰哲世.smali	20	    iput p1, p0, Ltop/suzhelan/qstory/ui/components/飘花落叶言子楪苏兰哲世;->飘花落叶言子楪哲苏兰世:I
smali\top\suzhelan\qstory\ui\components\飘花落叶言子楪苏兰哲世.smali	24	    iput-object p2, p0, Ltop/suzhelan/qstory/ui/components/飘花落叶言子楪苏兰哲世;->飘花落叶言子楪哲兰世苏:Ljava/util/List;
smali\top\suzhelan\qstory\ui\components\飘花落叶言子楪苏兰哲世.smali	42	    iget v0, p0, Ltop/suzhelan/qstory/ui/components/飘花落叶言子楪苏兰哲世;->飘花落叶言子楪哲苏兰世:I
smali\top\suzhelan\qstory\ui\components\飘花落叶言子楪苏兰哲世.smali	63	    iget-object p0, p0, Ltop/suzhelan/qstory/ui/components/飘花落叶言子楪苏兰哲世;->飘花落叶言子楪哲兰世苏:Ljava/util/List;
smali\top\suzhelan\qstory\ui\components\飘花落叶言子楪苏兰哲世.smali	92	    iget-object p0, p0, Ltop/suzhelan/qstory/ui/components/飘花落叶言子楪苏兰哲世;->飘花落叶言子楪哲兰世苏:Ljava/util/List;
smali\top\suzhelan\qstory\ui\views\CustomMaterialCheckBox.smali	1	.class public final Ltop/suzhelan/qstory/ui/views/CustomMaterialCheckBox;
smali\top\suzhelan\qstory\ui\views\CustomMaterialCheckBox.smali	12	        "Ltop/suzhelan/qstory/ui/views/CustomMaterialCheckBox;",
smali\top\suzhelan\qstory\ui\views\CustomMaterialCheckBox.smali	33	        "QStory:app_publishRelease"
smali\top\suzhelan\qstory\ui\views\CustomMaterialCheckBox.smali	130	    iput p2, p0, Ltop/suzhelan/qstory/ui/views/CustomMaterialCheckBox;->飘花落叶言子楪哲苏兰世:I
smali\top\suzhelan\qstory\ui\views\CustomMaterialCheckBox.smali	147	    iput p1, p0, Ltop/suzhelan/qstory/ui/views/CustomMaterialCheckBox;->飘花落叶言子楪哲兰世苏:I
smali\top\suzhelan\qstory\ui\views\CustomMaterialCheckBox.smali	155	    iput p1, p0, Ltop/suzhelan/qstory/ui/views/CustomMaterialCheckBox;->飘花落叶言子楪哲兰苏世:F
smali\top\suzhelan\qstory\ui\views\CustomMaterialCheckBox.smali	163	    iput-wide p1, p0, Ltop/suzhelan/qstory/ui/views/CustomMaterialCheckBox;->飘花落叶言子楪兰世苏哲:J
smali\top\suzhelan\qstory\ui\views\CustomMaterialCheckBox.smali	176	    iput-object p1, p0, Ltop/suzhelan/qstory/ui/views/CustomMaterialCheckBox;->飘花落叶言子楪兰哲苏世:Landroid/graphics/RectF;
smali\top\suzhelan\qstory\ui\views\CustomMaterialCheckBox.smali	201	    iput-object p1, p0, Ltop/suzhelan/qstory/ui/views/CustomMaterialCheckBox;->飘花落叶言子世楪苏哲兰:Landroid/graphics/Paint;
smali\top\suzhelan\qstory\ui\views\CustomMaterialCheckBox.smali	273	    iput-object p1, p0, Ltop/suzhelan/qstory/ui/views/CustomMaterialCheckBox;->飘花落叶言子世楪苏兰哲:Landroid/graphics/Paint;
smali\top\suzhelan\qstory\ui\views\CustomMaterialCheckBox.smali	309	    iput-object p1, p0, Ltop/suzhelan/qstory/ui/views/CustomMaterialCheckBox;->飘花落叶言子世楪哲苏兰:Landroid/graphics/Paint;
smali\top\suzhelan\qstory\ui\views\CustomMaterialCheckBox.smali	322	    iput-object p1, p0, Ltop/suzhelan/qstory/ui/views/CustomMaterialCheckBox;->飘花落叶言子世楪哲兰苏:Landroid/graphics/Path;
smali\top\suzhelan\qstory\ui\views\CustomMaterialCheckBox.smali	346	    iput p1, p0, Ltop/suzhelan/qstory/ui/views/CustomMaterialCheckBox;->飘花落叶言子世楪兰苏哲:F
smali\top\suzhelan\qstory\ui\views\CustomMaterialCheckBox.smali	357	    iput v1, p0, Ltop/suzhelan/qstory/ui/views/CustomMaterialCheckBox;->飘花落叶言子世楪兰哲苏:F
smali\top\suzhelan\qstory\ui\views\CustomMaterialCheckBox.smali	364	    iput v3, p0, Ltop/suzhelan/qstory/ui/views/CustomMaterialCheckBox;->飘花落叶言子世苏楪哲兰:F
smali\top\suzhelan\qstory\ui\views\CustomMaterialCheckBox.smali	375	    iput p1, p0, Ltop/suzhelan/qstory/ui/views/CustomMaterialCheckBox;->飘花落叶言子世苏楪兰哲:F
smali\top\suzhelan\qstory\ui\views\CustomMaterialCheckBox.smali	393	    invoke-direct {p1, p0, v0}, L飘花落叶言苏哲兰子楪世/飘花落叶言子楪世苏哲兰;-><init>(Ltop/suzhelan/qstory/ui/views/CustomMaterialCheckBox;I)V
smali\top\suzhelan\qstory\ui\views\CustomMaterialCheckBox.smali	418	    iget-object p0, p0, Ltop/suzhelan/qstory/ui/views/CustomMaterialCheckBox;->飘花落叶言子楪兰苏世哲:L飘花落叶言世子哲兰苏楪/飘花落叶言子楪苏兰哲世;
smali\top\suzhelan\qstory\ui\views\CustomMaterialCheckBox.smali	434	    iget-object p0, p0, Ltop/suzhelan/qstory/ui/views/CustomMaterialCheckBox;->飘花落叶言子楪兰哲世苏:Landroid/animation/ValueAnimator;
smali\top\suzhelan\qstory\ui\views\CustomMaterialCheckBox.smali	474	    iget v0, p0, Ltop/suzhelan/qstory/ui/views/CustomMaterialCheckBox;->飘花落叶言子楪哲兰苏世:F
smali\top\suzhelan\qstory\ui\views\CustomMaterialCheckBox.smali	478	    iget v1, p0, Ltop/suzhelan/qstory/ui/views/CustomMaterialCheckBox;->飘花落叶言子世楪兰苏哲:F
smali\top\suzhelan\qstory\ui\views\CustomMaterialCheckBox.smali	485	    iget v1, p0, Ltop/suzhelan/qstory/ui/views/CustomMaterialCheckBox;->飘花落叶言子楪兰苏哲世:F
smali\top\suzhelan\qstory\ui\views\CustomMaterialCheckBox.smali	501	    iget-object v4, p0, Ltop/suzhelan/qstory/ui/views/CustomMaterialCheckBox;->飘花落叶言子楪兰哲苏世:Landroid/graphics/RectF;
smali\top\suzhelan\qstory\ui\views\CustomMaterialCheckBox.smali	509	    iget v1, p0, Ltop/suzhelan/qstory/ui/views/CustomMaterialCheckBox;->飘花落叶言子世苏楪哲兰:F
smali\top\suzhelan\qstory\ui\views\CustomMaterialCheckBox.smali	557	    iget v6, p0, Ltop/suzhelan/qstory/ui/views/CustomMaterialCheckBox;->飘花落叶言子楪哲兰世苏:I
smali\top\suzhelan\qstory\ui\views\CustomMaterialCheckBox.smali	561	    iget-object v7, p0, Ltop/suzhelan/qstory/ui/views/CustomMaterialCheckBox;->飘花落叶言子世楪苏兰哲:Landroid/graphics/Paint;
smali\top\suzhelan\qstory\ui\views\CustomMaterialCheckBox.smali	570	    iget v6, p0, Ltop/suzhelan/qstory/ui/views/CustomMaterialCheckBox;->飘花落叶言子楪兰苏哲世:F
smali\top\suzhelan\qstory\ui\views\CustomMaterialCheckBox.smali	599	    iget v1, p0, Ltop/suzhelan/qstory/ui/views/CustomMaterialCheckBox;->飘花落叶言子楪兰苏哲世:F
smali\top\suzhelan\qstory\ui\views\CustomMaterialCheckBox.smali	614	    iget v1, p0, Ltop/suzhelan/qstory/ui/views/CustomMaterialCheckBox;->飘花落叶言子楪哲苏兰世:I
smali\top\suzhelan\qstory\ui\views\CustomMaterialCheckBox.smali	618	    iget-object v5, p0, Ltop/suzhelan/qstory/ui/views/CustomMaterialCheckBox;->飘花落叶言子世楪苏哲兰:Landroid/graphics/Paint;
smali\top\suzhelan\qstory\ui\views\CustomMaterialCheckBox.smali	627	    iget v1, p0, Ltop/suzhelan/qstory/ui/views/CustomMaterialCheckBox;->飘花落叶言子楪兰苏哲世:F
smali\top\suzhelan\qstory\ui\views\CustomMaterialCheckBox.smali	648	    iget v0, p0, Ltop/suzhelan/qstory/ui/views/CustomMaterialCheckBox;->飘花落叶言子楪兰苏哲世:F
smali\top\suzhelan\qstory\ui\views\CustomMaterialCheckBox.smali	665	    iget-object v0, p0, Ltop/suzhelan/qstory/ui/views/CustomMaterialCheckBox;->飘花落叶言子世楪哲兰苏:Landroid/graphics/Path;
smali\top\suzhelan\qstory\ui\views\CustomMaterialCheckBox.smali	690	    iget v6, p0, Ltop/suzhelan/qstory/ui/views/CustomMaterialCheckBox;->飘花落叶言子世楪兰哲苏:F
smali\top\suzhelan\qstory\ui\views\CustomMaterialCheckBox.smali	778	    iget v1, p0, Ltop/suzhelan/qstory/ui/views/CustomMaterialCheckBox;->飘花落叶言子楪兰苏哲世:F
smali\top\suzhelan\qstory\ui\views\CustomMaterialCheckBox.smali	824	    iget v1, p0, Ltop/suzhelan/qstory/ui/views/CustomMaterialCheckBox;->飘花落叶言子楪兰苏哲世:F
smali\top\suzhelan\qstory\ui\views\CustomMaterialCheckBox.smali	834	    iget-object p0, p0, Ltop/suzhelan/qstory/ui/views/CustomMaterialCheckBox;->飘花落叶言子世楪哲苏兰:Landroid/graphics/Paint;
smali\top\suzhelan\qstory\ui\views\CustomMaterialCheckBox.smali	872	    iget v1, p0, Ltop/suzhelan/qstory/ui/views/CustomMaterialCheckBox;->飘花落叶言子世楪兰哲苏:F
smali\top\suzhelan\qstory\ui\views\CustomMaterialCheckBox.smali	1016	    iget-object v0, p0, Ltop/suzhelan/qstory/ui/views/CustomMaterialCheckBox;->飘花落叶言子楪兰哲苏世:Landroid/graphics/RectF;
smali\top\suzhelan\qstory\ui\views\CustomMaterialCheckBox.smali	1025	    iget-object p1, p0, Ltop/suzhelan/qstory/ui/views/CustomMaterialCheckBox;->飘花落叶言子世楪哲苏兰:Landroid/graphics/Paint;
smali\top\suzhelan\qstory\ui\views\CustomMaterialCheckBox.smali	1029	    iget p2, p0, Ltop/suzhelan/qstory/ui/views/CustomMaterialCheckBox;->飘花落叶言子世苏楪兰哲:F
smali\top\suzhelan\qstory\ui\views\CustomMaterialCheckBox.smali	1038	    iget-object p1, p0, Ltop/suzhelan/qstory/ui/views/CustomMaterialCheckBox;->飘花落叶言子世楪苏兰哲:Landroid/graphics/Paint;
smali\top\suzhelan\qstory\ui\views\CustomMaterialCheckBox.smali	1042	    iget p0, p0, Ltop/suzhelan/qstory/ui/views/CustomMaterialCheckBox;->飘花落叶言子世苏楪哲兰:F
smali\top\suzhelan\qstory\ui\views\CustomMaterialCheckBox.smali	1058	    iget-boolean v0, p0, Ltop/suzhelan/qstory/ui/views/CustomMaterialCheckBox;->飘花落叶言子楪兰世哲苏:Z
smali\top\suzhelan\qstory\ui\views\CustomMaterialCheckBox.smali	1066	    iput-boolean p1, p0, Ltop/suzhelan/qstory/ui/views/CustomMaterialCheckBox;->飘花落叶言子楪兰世哲苏:Z
smali\top\suzhelan\qstory\ui\views\CustomMaterialCheckBox.smali	1070	    iget-object v0, p0, Ltop/suzhelan/qstory/ui/views/CustomMaterialCheckBox;->飘花落叶言子楪兰哲世苏:Landroid/animation/ValueAnimator;
smali\top\suzhelan\qstory\ui\views\CustomMaterialCheckBox.smali	1084	    iget v0, p0, Ltop/suzhelan/qstory/ui/views/CustomMaterialCheckBox;->飘花落叶言子楪兰苏哲世:F
smali\top\suzhelan\qstory\ui\views\CustomMaterialCheckBox.smali	1133	    iget-wide v0, p0, Ltop/suzhelan/qstory/ui/views/CustomMaterialCheckBox;->飘花落叶言子楪兰世苏哲:J
smali\top\suzhelan\qstory\ui\views\CustomMaterialCheckBox.smali	1183	    iput-object p1, p0, Ltop/suzhelan/qstory/ui/views/CustomMaterialCheckBox;->飘花落叶言子楪兰哲世苏:Landroid/animation/ValueAnimator;
smali\top\suzhelan\qstory\ui\views\CustomMaterialCheckBox.smali	1195	    iget-object v0, p0, Ltop/suzhelan/qstory/ui/views/CustomMaterialCheckBox;->飘花落叶言子楪兰哲世苏:Landroid/animation/ValueAnimator;
smali\top\suzhelan\qstory\ui\views\CustomMaterialCheckBox.smali	1209	    invoke-virtual {p0, p1}, Ltop/suzhelan/qstory/ui/views/CustomMaterialCheckBox;->setChecked(Z)V
smali\top\suzhelan\qstory\ui\views\CustomMaterialCheckBox.smali	1230	    iput p1, p0, Ltop/suzhelan/qstory/ui/views/CustomMaterialCheckBox;->飘花落叶言子楪兰苏哲世:F
smali\top\suzhelan\qstory\ui\views\CustomMaterialCheckBox.smali	1253	    iput-object p1, p0, Ltop/suzhelan/qstory/ui/views/CustomMaterialCheckBox;->飘花落叶言子楪兰苏世哲:L飘花落叶言世子哲兰苏楪/飘花落叶言子楪苏兰哲世;
smali\top\suzhelan\qstory\ui\views\CustomMaterialSwitch.smali	1	.class public final Ltop/suzhelan/qstory/ui/views/CustomMaterialSwitch;
smali\top\suzhelan\qstory\ui\views\CustomMaterialSwitch.smali	12	        "Ltop/suzhelan/qstory/ui/views/CustomMaterialSwitch;",
smali\top\suzhelan\qstory\ui\views\CustomMaterialSwitch.smali	33	        "QStory:app_publishRelease"
smali\top\suzhelan\qstory\ui\views\CustomMaterialSwitch.smali	128	    iput p2, p0, Ltop/suzhelan/qstory/ui/views/CustomMaterialSwitch;->飘花落叶言子楪哲苏兰世:I
smali\top\suzhelan\qstory\ui\views\CustomMaterialSwitch.smali	145	    iput p1, p0, Ltop/suzhelan/qstory/ui/views/CustomMaterialSwitch;->飘花落叶言子楪哲兰世苏:I
smali\top\suzhelan\qstory\ui\views\CustomMaterialSwitch.smali	169	    iput p1, p0, Ltop/suzhelan/qstory/ui/views/CustomMaterialSwitch;->飘花落叶言子楪哲兰苏世:F
smali\top\suzhelan\qstory\ui\views\CustomMaterialSwitch.smali	180	    iput p2, p0, Ltop/suzhelan/qstory/ui/views/CustomMaterialSwitch;->飘花落叶言子楪兰世苏哲:F
smali\top\suzhelan\qstory\ui\views\CustomMaterialSwitch.smali	191	    iput v1, p0, Ltop/suzhelan/qstory/ui/views/CustomMaterialSwitch;->飘花落叶言子楪兰世哲苏:F
smali\top\suzhelan\qstory\ui\views\CustomMaterialSwitch.smali	202	    iput p1, p0, Ltop/suzhelan/qstory/ui/views/CustomMaterialSwitch;->飘花落叶言子楪兰苏世哲:F
smali\top\suzhelan\qstory\ui\views\CustomMaterialSwitch.smali	206	    iput p2, p0, Ltop/suzhelan/qstory/ui/views/CustomMaterialSwitch;->飘花落叶言子楪兰苏哲世:F
smali\top\suzhelan\qstory\ui\views\CustomMaterialSwitch.smali	214	    iput-wide p1, p0, Ltop/suzhelan/qstory/ui/views/CustomMaterialSwitch;->飘花落叶言子楪兰哲世苏:J
smali\top\suzhelan\qstory\ui\views\CustomMaterialSwitch.smali	227	    iput-object p1, p0, Ltop/suzhelan/qstory/ui/views/CustomMaterialSwitch;->飘花落叶言子世楪哲兰苏:Landroid/graphics/RectF;
smali\top\suzhelan\qstory\ui\views\CustomMaterialSwitch.smali	252	    iput-object p1, p0, Ltop/suzhelan/qstory/ui/views/CustomMaterialSwitch;->飘花落叶言子世楪兰苏哲:Landroid/graphics/Paint;
smali\top\suzhelan\qstory\ui\views\CustomMaterialSwitch.smali	278	    iput-object p1, p0, Ltop/suzhelan/qstory/ui/views/CustomMaterialSwitch;->飘花落叶言子世楪兰哲苏:Landroid/graphics/Paint;
smali\top\suzhelan\qstory\ui\views\CustomMaterialSwitch.smali	305	    iput-object p1, p0, Ltop/suzhelan/qstory/ui/views/CustomMaterialSwitch;->飘花落叶言子世苏楪哲兰:Landroid/graphics/Paint;
smali\top\suzhelan\qstory\ui\views\CustomMaterialSwitch.smali	323	    invoke-direct {p1, p0, v0}, L飘花落叶言苏哲兰子楪世/飘花落叶言子楪世苏兰哲;-><init>(Ltop/suzhelan/qstory/ui/views/CustomMaterialSwitch;I)V
smali\top\suzhelan\qstory\ui\views\CustomMaterialSwitch.smali	348	    iget-object p0, p0, Ltop/suzhelan/qstory/ui/views/CustomMaterialSwitch;->飘花落叶言子世楪哲苏兰:L飘花落叶言世子哲兰苏楪/飘花落叶言子楪苏兰哲世;
smali\top\suzhelan\qstory\ui\views\CustomMaterialSwitch.smali	364	    iget-object p0, p0, Ltop/suzhelan/qstory/ui/views/CustomMaterialSwitch;->飘花落叶言子世楪苏哲兰:Landroid/animation/ValueAnimator;
smali\top\suzhelan\qstory\ui\views\CustomMaterialSwitch.smali	404	    iget v0, p0, Ltop/suzhelan/qstory/ui/views/CustomMaterialSwitch;->飘花落叶言子楪兰哲苏世:F
smali\top\suzhelan\qstory\ui\views\CustomMaterialSwitch.smali	408	    iget v1, p0, Ltop/suzhelan/qstory/ui/views/CustomMaterialSwitch;->飘花落叶言子楪哲兰世苏:I
smali\top\suzhelan\qstory\ui\views\CustomMaterialSwitch.smali	440	    iget v5, p0, Ltop/suzhelan/qstory/ui/views/CustomMaterialSwitch;->飘花落叶言子楪哲苏兰世:I
smali\top\suzhelan\qstory\ui\views\CustomMaterialSwitch.smali	565	    iget-object v1, p0, Ltop/suzhelan/qstory/ui/views/CustomMaterialSwitch;->飘花落叶言子世楪兰苏哲:Landroid/graphics/Paint;
smali\top\suzhelan\qstory\ui\views\CustomMaterialSwitch.smali	574	    iget v0, p0, Ltop/suzhelan/qstory/ui/views/CustomMaterialSwitch;->飘花落叶言子楪兰苏哲世:F
smali\top\suzhelan\qstory\ui\views\CustomMaterialSwitch.smali	578	    iget-object v2, p0, Ltop/suzhelan/qstory/ui/views/CustomMaterialSwitch;->飘花落叶言子世楪哲兰苏:Landroid/graphics/RectF;
smali\top\suzhelan\qstory\ui\views\CustomMaterialSwitch.smali	591	    iget v1, p0, Ltop/suzhelan/qstory/ui/views/CustomMaterialSwitch;->飘花落叶言子楪兰世苏哲:F
smali\top\suzhelan\qstory\ui\views\CustomMaterialSwitch.smali	598	    iget v3, p0, Ltop/suzhelan/qstory/ui/views/CustomMaterialSwitch;->飘花落叶言子楪兰哲苏世:F
smali\top\suzhelan\qstory\ui\views\CustomMaterialSwitch.smali	638	    iget v3, p0, Ltop/suzhelan/qstory/ui/views/CustomMaterialSwitch;->飘花落叶言子楪哲兰苏世:F
smali\top\suzhelan\qstory\ui\views\CustomMaterialSwitch.smali	648	    iget-object v2, p0, Ltop/suzhelan/qstory/ui/views/CustomMaterialSwitch;->飘花落叶言子世苏楪哲兰:Landroid/graphics/Paint;
smali\top\suzhelan\qstory\ui\views\CustomMaterialSwitch.smali	657	    iget-object p0, p0, Ltop/suzhelan/qstory/ui/views/CustomMaterialSwitch;->飘花落叶言子世楪兰哲苏:Landroid/graphics/Paint;
smali\top\suzhelan\qstory\ui\views\CustomMaterialSwitch.smali	684	    iget v1, p0, Ltop/suzhelan/qstory/ui/views/CustomMaterialSwitch;->飘花落叶言子楪兰苏世哲:F
smali\top\suzhelan\qstory\ui\views\CustomMaterialSwitch.smali	719	    iget v2, p0, Ltop/suzhelan/qstory/ui/views/CustomMaterialSwitch;->飘花落叶言子楪兰世哲苏:F
smali\top\suzhelan\qstory\ui\views\CustomMaterialSwitch.smali	792	    iget p4, p0, Ltop/suzhelan/qstory/ui/views/CustomMaterialSwitch;->飘花落叶言子楪兰苏世哲:F
smali\top\suzhelan\qstory\ui\views\CustomMaterialSwitch.smali	804	    iget v1, p0, Ltop/suzhelan/qstory/ui/views/CustomMaterialSwitch;->飘花落叶言子楪兰世哲苏:F
smali\top\suzhelan\qstory\ui\views\CustomMaterialSwitch.smali	828	    iget-object p0, p0, Ltop/suzhelan/qstory/ui/views/CustomMaterialSwitch;->飘花落叶言子世楪哲兰苏:Landroid/graphics/RectF;
smali\top\suzhelan\qstory\ui\views\CustomMaterialSwitch.smali	844	    iget-boolean v0, p0, Ltop/suzhelan/qstory/ui/views/CustomMaterialSwitch;->飘花落叶言子世楪苏兰哲:Z
smali\top\suzhelan\qstory\ui\views\CustomMaterialSwitch.smali	852	    iput-boolean p1, p0, Ltop/suzhelan/qstory/ui/views/CustomMaterialSwitch;->飘花落叶言子世楪苏兰哲:Z
smali\top\suzhelan\qstory\ui\views\CustomMaterialSwitch.smali	856	    iget-object v0, p0, Ltop/suzhelan/qstory/ui/views/CustomMaterialSwitch;->飘花落叶言子世楪苏哲兰:Landroid/animation/ValueAnimator;
smali\top\suzhelan\qstory\ui\views\CustomMaterialSwitch.smali	870	    iget v0, p0, Ltop/suzhelan/qstory/ui/views/CustomMaterialSwitch;->飘花落叶言子楪兰哲苏世:F
smali\top\suzhelan\qstory\ui\views\CustomMaterialSwitch.smali	919	    iget-wide v0, p0, Ltop/suzhelan/qstory/ui/views/CustomMaterialSwitch;->飘花落叶言子楪兰哲世苏:J
smali\top\suzhelan\qstory\ui\views\CustomMaterialSwitch.smali	968	    iput-object p1, p0, Ltop/suzhelan/qstory/ui/views/CustomMaterialSwitch;->飘花落叶言子世楪苏哲兰:Landroid/animation/ValueAnimator;
smali\top\suzhelan\qstory\ui\views\CustomMaterialSwitch.smali	980	    iget-object v0, p0, Ltop/suzhelan/qstory/ui/views/CustomMaterialSwitch;->飘花落叶言子世楪苏哲兰:Landroid/animation/ValueAnimator;
smali\top\suzhelan\qstory\ui\views\CustomMaterialSwitch.smali	994	    invoke-virtual {p0, p1}, Ltop/suzhelan/qstory/ui/views/CustomMaterialSwitch;->setChecked(Z)V
smali\top\suzhelan\qstory\ui\views\CustomMaterialSwitch.smali	1015	    iput p1, p0, Ltop/suzhelan/qstory/ui/views/CustomMaterialSwitch;->飘花落叶言子楪兰哲苏世:F
smali\top\suzhelan\qstory\ui\views\CustomMaterialSwitch.smali	1038	    iput-object p1, p0, Ltop/suzhelan/qstory/ui/views/CustomMaterialSwitch;->飘花落叶言子世楪哲苏兰:L飘花落叶言世子哲兰苏楪/飘花落叶言子楪苏兰哲世;
smali\top\suzhelan\qstory\ui\views\CustomShadowLayout.smali	1	.class public final Ltop/suzhelan/qstory/ui/views/CustomShadowLayout;
smali\top\suzhelan\qstory\ui\views\CustomShadowLayout.smali	12	        "Ltop/suzhelan/qstory/ui/views/CustomShadowLayout;",
smali\top\suzhelan\qstory\ui\views\CustomShadowLayout.smali	20	        "QStory:app_publishRelease"
smali\飘花落叶言世兰苏楪哲子\飘花落叶言子楪世苏兰哲.smali	135	    check-cast v2, Ltop/suzhelan/plugin/sdk/online/entity/Message;
smali\飘花落叶言世兰苏楪哲子\飘花落叶言子楪世苏兰哲.smali	139	    invoke-static {v2}, Ltop/suzhelan/plugin/sdk/online/entity/Message;->飘花落叶言子楪世苏哲兰(Ltop/suzhelan/plugin/sdk/online/entity/Message;)Ltop/suzhelan/plugin/sdk/online/entity/Message;
smali\飘花落叶言世哲楪兰子苏\飘花落叶言子楪世哲苏兰.smali	45	    const-string v0, "DownloadPluginItemView"
smali\飘花落叶言世子兰楪哲苏\飘花落叶言子楪世苏哲兰.smali	817	    invoke-static {p0, v0}, Llin/xposed/hook/javaplugin/飘花落叶言子楪世苏哲兰;->飘花落叶言子楪兰世苏哲(Ljava/lang/Object;Ljava/lang/String;)V
smali\飘花落叶言子世哲苏兰楪\飘花落叶言子楪世哲兰苏.smali	28	    new-instance v0, Ltop/suzhelan/qstory/ui/components/飘花落叶言子楪世哲苏兰;
smali\飘花落叶言子世哲苏兰楪\飘花落叶言子楪世哲兰苏.smali	38	    invoke-direct {v0, v2, v1}, Ltop/suzhelan/qstory/ui/components/飘花落叶言子楪世哲苏兰;-><init>(BI)V
smali\飘花落叶言子世哲苏兰楪\飘花落叶言子楪苏世哲兰.smali	994	    invoke-static {v0}, Ltop/suzhelan/qstory/hook/item/飘花落叶言子楪哲苏兰世;->飘花落叶言子楪世哲苏兰(Ljava/lang/Object;)V
smali\飘花落叶言子世哲苏兰楪\飘花落叶言子楪苏世哲兰.smali	1077	    invoke-static {v0}, Ltop/suzhelan/qstory/hook/item/飘花落叶言子楪哲苏兰世;->飘花落叶言子楪世哲苏兰(Ljava/lang/Object;)V
smali\飘花落叶言子世哲苏兰楪\飘花落叶言子楪苏兰世哲.smali	15	    new-instance v0, Ltop/suzhelan/qstory/ui/components/飘花落叶言子楪世哲苏兰;
smali\飘花落叶言子世哲苏兰楪\飘花落叶言子楪苏兰世哲.smali	25	    invoke-direct {v0, v2, v1}, Ltop/suzhelan/qstory/ui/components/飘花落叶言子楪世哲苏兰;-><init>(BI)V
smali\飘花落叶言子世苏楪兰哲\飘花落叶言子楪世苏兰哲.smali	676	    invoke-static {p0, v1, v3}, Lio/ktor/client/plugins/飘花落叶言子楪哲兰苏世;->飘花落叶言子世兰哲楪苏(L飘花落叶言子世苏楪兰哲/飘花落叶言子世哲楪苏兰;ILjava/lang/Object;)V
smali\飘花落叶言子兰楪世哲苏\飘花落叶言子楪世哲苏兰.smali	91	    invoke-static {p0}, Ltop/suzhelan/qstory/hook/item/飘花落叶言子楪哲苏兰世;->飘花落叶言子楪苏哲世兰(Ljava/lang/Throwable;)V
smali\飘花落叶言子兰苏世楪哲\飘花落叶言子楪苏兰哲世.smali	3972	    invoke-static {p0}, Ltop/suzhelan/qstory/hook/item/飘花落叶言子楪哲苏兰世;->飘花落叶言子楪苏哲世兰(Ljava/lang/Throwable;)V
smali\飘花落叶言子哲兰楪世苏\飘花落叶言子楪世苏兰哲.smali	571	    invoke-static {p0, v0}, Ltop/suzhelan/qstory/hook/item/飘花落叶言子楪哲苏兰世;->飘花落叶言子楪世兰哲苏(Ljava/lang/Object;Ljava/lang/String;)V
smali\飘花落叶言子哲兰楪世苏\飘花落叶言子楪世苏兰哲.smali	932	    invoke-static {v0, v1}, Ltop/suzhelan/qstory/hook/item/飘花落叶言子楪哲苏兰世;->飘花落叶言子楪世兰哲苏(Ljava/lang/Object;Ljava/lang/String;)V
smali\飘花落叶言子哲兰楪世苏\飘花落叶言子楪世苏兰哲.smali	1057	    invoke-static {p0, v0}, Ltop/suzhelan/qstory/hook/item/飘花落叶言子楪哲苏兰世;->飘花落叶言子楪世兰哲苏(Ljava/lang/Object;Ljava/lang/String;)V
smali\飘花落叶言子哲兰楪世苏\飘花落叶言子楪世苏兰哲.smali	1237	    invoke-static {p0, v0}, Ltop/suzhelan/qstory/hook/item/飘花落叶言子楪哲苏兰世;->飘花落叶言子楪世兰哲苏(Ljava/lang/Object;Ljava/lang/String;)V
smali\飘花落叶言子哲兰楪世苏\飘花落叶言子楪苏世哲兰.smali	6457	    invoke-static {p0, v0}, Ltop/suzhelan/qstory/hook/item/飘花落叶言子楪哲苏兰世;->飘花落叶言子楪世兰哲苏(Ljava/lang/Object;Ljava/lang/String;)V
smali\飘花落叶言子哲兰楪世苏\飘花落叶言子楪苏世哲兰.smali	8625	    invoke-static {v0, v1}, Ltop/suzhelan/qstory/hook/item/飘花落叶言子楪哲苏兰世;->飘花落叶言子楪世兰哲苏(Ljava/lang/Object;Ljava/lang/String;)V
smali\飘花落叶言子哲兰楪世苏\飘花落叶言子楪苏世哲兰.smali	8646	    invoke-static {v0, v6}, Ltop/suzhelan/qstory/hook/item/飘花落叶言子楪哲苏兰世;->飘花落叶言子楪世兰哲苏(Ljava/lang/Object;Ljava/lang/String;)V
smali\飘花落叶言子哲兰楪世苏\飘花落叶言子楪苏世哲兰.smali	8667	    invoke-static {v0, v6}, Ltop/suzhelan/qstory/hook/item/飘花落叶言子楪哲苏兰世;->飘花落叶言子楪世兰哲苏(Ljava/lang/Object;Ljava/lang/String;)V
smali\飘花落叶言子哲兰楪世苏\飘花落叶言子楪苏世哲兰.smali	13340	    invoke-static {v3}, Lio/ktor/client/plugins/飘花落叶言子楪哲兰苏世;->飘花落叶言子楪苏哲世兰(Ljava/io/Serializable;)[J
smali\飘花落叶言子哲兰楪世苏\飘花落叶言子楪苏世哲兰.smali	13360	    invoke-static {v2}, Lio/ktor/client/plugins/飘花落叶言子楪哲兰苏世;->飘花落叶言子楪苏哲世兰(Ljava/io/Serializable;)[J
smali\飘花落叶言子哲兰楪世苏\飘花落叶言子楪苏世哲兰.smali	14749	    invoke-static {p1, p0}, Ltop/suzhelan/qstory/hook/item/飘花落叶言子楪哲苏兰世;->飘花落叶言子楪世兰哲苏(Ljava/lang/Object;Ljava/lang/String;)V
smali\飘花落叶言子哲兰楪世苏\飘花落叶言子楪苏世哲兰.smali	15180	    invoke-static {v3}, Lio/ktor/client/plugins/飘花落叶言子楪哲兰苏世;->飘花落叶言子楪世苏兰哲([B)Ljava/lang/String;
smali\飘花落叶言子哲兰楪世苏\飘花落叶言子楪苏世哲兰.smali	16114	    invoke-static {v3}, Lio/ktor/client/plugins/飘花落叶言子楪哲兰苏世;->飘花落叶言子楪世苏兰哲([B)Ljava/lang/String;
smali\飘花落叶言子哲楪苏世兰\飘花落叶言子楪世兰哲苏.smali	575	    invoke-static {p0}, Ltop/suzhelan/qstory/hook/item/飘花落叶言子楪哲苏兰世;->飘花落叶言子楪苏哲世兰(Ljava/lang/Throwable;)V
smali\飘花落叶言子哲楪苏世兰\飘花落叶言子楪世兰哲苏.smali	1762	    invoke-static {p0}, Ltop/suzhelan/qstory/hook/item/飘花落叶言子楪哲苏兰世;->飘花落叶言子楪苏哲世兰(Ljava/lang/Throwable;)V
smali\飘花落叶言子哲楪苏世兰\飘花落叶言子楪世兰哲苏.smali	1796	    invoke-static {p0}, Ltop/suzhelan/qstory/hook/item/飘花落叶言子楪哲苏兰世;->飘花落叶言子楪苏哲世兰(Ljava/lang/Throwable;)V
smali\飘花落叶言子哲楪苏世兰\飘花落叶言子楪苏世哲兰.smali	158	    invoke-static {p0}, Ltop/suzhelan/qstory/hook/item/飘花落叶言子楪哲苏兰世;->飘花落叶言子楪苏哲世兰(Ljava/lang/Throwable;)V
smali\飘花落叶言子楪兰世苏哲\飘花落叶言子楪苏世兰哲.smali	1367	    new-instance v0, Ltop/suzhelan/qstory/ui/components/飘花落叶言子楪哲苏兰世;
smali\飘花落叶言子楪兰世苏哲\飘花落叶言子楪苏世兰哲.smali	1371	    invoke-direct {v0, p2, p1}, Ltop/suzhelan/qstory/ui/components/飘花落叶言子楪哲苏兰世;-><init>(L飘花落叶言世子哲兰苏楪/飘花落叶言子楪苏兰哲世;L飘花落叶言子楪兰世苏哲/飘花落叶言子楪世哲苏兰;)V
smali\飘花落叶言子楪苏哲兰世\飘花落叶言子楪苏世哲兰.smali	131	    invoke-static {p0}, Ltop/suzhelan/qstory/hook/item/飘花落叶言子楪哲苏兰世;->飘花落叶言子楪苏哲世兰(Ljava/lang/Throwable;)V
smali\飘花落叶言子苏世兰楪哲\飘花落叶言子楪世哲苏兰.smali	1823	    new-instance v4, Ltop/suzhelan/qstory/ui/components/飘花落叶言子楪哲苏兰世;
smali\飘花落叶言子苏世兰楪哲\飘花落叶言子楪世哲苏兰.smali	1827	    invoke-direct {v4, v9, v7, v5}, Ltop/suzhelan/qstory/ui/components/飘花落叶言子楪哲苏兰世;-><init>(Ljava/lang/Object;Lkotlin/飘花落叶言子楪世兰苏哲;I)V
smali\飘花落叶言子苏世兰楪哲\飘花落叶言子楪世哲苏兰.smali	1902	    invoke-virtual {v4, v5, v2, v1}, Ltop/suzhelan/qstory/ui/components/飘花落叶言子楪哲苏兰世;->invoke(Ljava/lang/Object;Ljava/lang/Object;Ljava/lang/Object;)Ljava/lang/Object;
smali\飘花落叶言子苏世兰楪哲\飘花落叶言子楪世哲苏兰.smali	2084	    invoke-virtual {v4, v2, v1, v5}, Ltop/suzhelan/qstory/ui/components/飘花落叶言子楪哲苏兰世;->invoke(Ljava/lang/Object;Ljava/lang/Object;Ljava/lang/Object;)Ljava/lang/Object;
smali\飘花落叶言子苏世楪哲兰\飘花落叶言子楪世哲苏兰.smali	2	.super Lio/ktor/client/plugins/飘花落叶言子楪哲兰苏世;
smali\飘花落叶言子苏世楪哲兰\飘花落叶言子楪世苏兰哲.smali	2	.super Lio/ktor/client/plugins/飘花落叶言子楪哲兰苏世;
smali\飘花落叶言楪世兰哲苏子\飘花落叶言子楪苏世哲兰.smali	422	    new-instance v0, Llin/xposed/hook/javaplugin/view/飘花落叶言子楪苏世哲兰;
smali\飘花落叶言楪世兰哲苏子\飘花落叶言子楪苏世哲兰.smali	429	    invoke-direct {v0, p1, v1, p0}, Llin/xposed/hook/javaplugin/view/飘花落叶言子楪苏世哲兰;-><init>(Ljava/lang/Object;ILjava/lang/Object;)V
smali\飘花落叶言楪世哲兰苏子\飘花落叶言子楪世哲苏兰.smali	469	    check-cast p1, Ltop/suzhelan/qstory/entity/QSResult;
smali\飘花落叶言楪世哲兰苏子\飘花落叶言子楪世哲苏兰.smali	552	    invoke-virtual {p1}, Ltop/suzhelan/qstory/entity/QSResult;->getMsg()Ljava/lang/String;
smali\飘花落叶言楪世哲兰苏子\飘花落叶言子楪世哲苏兰.smali	574	    invoke-virtual {p1}, Ltop/suzhelan/qstory/entity/QSResult;->getData()Ljava/lang/Object;
smali\飘花落叶言楪世哲兰苏子\飘花落叶言子楪世哲苏兰.smali	658	    check-cast v3, Ltop/suzhelan/qstory/entity/PayItem;
smali\飘花落叶言楪世哲兰苏子\飘花落叶言子楪世哲苏兰.smali	662	    invoke-virtual {v3}, Ltop/suzhelan/qstory/entity/PayItem;->getName()Ljava/lang/String;
smali\飘花落叶言楪世子苏兰哲\飘花落叶言子楪世哲苏兰.smali	2514	    invoke-static {p0, v2}, Ltop/suzhelan/qstory/hook/item/飘花落叶言子楪哲苏兰世;->飘花落叶言子楪世兰哲苏(Ljava/lang/Object;Ljava/lang/String;)V
smali\飘花落叶言楪世子苏兰哲\飘花落叶言子楪世哲苏兰.smali	2531	    invoke-static {p0, v2}, Ltop/suzhelan/qstory/hook/item/飘花落叶言子楪哲苏兰世;->飘花落叶言子楪世兰哲苏(Ljava/lang/Object;Ljava/lang/String;)V
smali\飘花落叶言楪世苏兰哲子\飘花落叶言子楪世苏兰哲.smali	403	    invoke-static {p0, v1, v5, v2}, Lio/ktor/client/plugins/飘花落叶言子楪哲兰苏世;->飘花落叶言子楪兰哲世苏(Landroid/content/Context;Landroid/content/Context;ILandroid/content/res/Resources$Theme;)Landroid/graphics/drawable/Drawable;
smali\飘花落叶言楪世苏兰哲子\飘花落叶言子楪世苏兰哲.smali	415	    invoke-static {p0, p0, v5, p1}, Lio/ktor/client/plugins/飘花落叶言子楪哲兰苏世;->飘花落叶言子楪兰哲世苏(Landroid/content/Context;Landroid/content/Context;ILandroid/content/res/Resources$Theme;)Landroid/graphics/drawable/Drawable;
smali\飘花落叶言楪世苏兰哲子\飘花落叶言子楪世苏兰哲.smali	536	    invoke-static {p1, p0, p2}, Llin/xposed/hook/javaplugin/飘花落叶言子楪世苏哲兰;->飘花落叶言子楪苏世兰哲(Ljava/lang/Object;Ljava/lang/String;Ljava/lang/Object;)V
smali\飘花落叶言楪世苏子兰哲\飘花落叶言子楪世兰苏哲.smali	105	    invoke-static {p1, p1, v2, v0}, Lio/ktor/client/plugins/飘花落叶言子楪哲兰苏世;->飘花落叶言子楪兰哲世苏(Landroid/content/Context;Landroid/content/Context;ILandroid/content/res/Resources$Theme;)Landroid/graphics/drawable/Drawable;
smali\飘花落叶言楪哲世兰子苏\飘花落叶言子楪世苏哲兰.smali	543	    invoke-static {v0, v1, p0}, Llin/xposed/hook/javaplugin/飘花落叶言子楪世苏哲兰;->飘花落叶言子楪兰苏哲世(Ljava/lang/StringBuilder;Ljava/lang/Object;Ljava/lang/Object;)V
smali\飘花落叶言楪哲世兰苏子\飘花落叶言子楪世苏兰哲.smali	2133	    invoke-static {p0, p1, v1, v0}, Llin/xposed/hook/javaplugin/飘花落叶言子楪世苏哲兰;->飘花落叶言子楪兰哲苏世(Ljava/lang/String;Ljava/lang/Object;Ljava/lang/Object;Ljava/lang/Object;)V
smali\飘花落叶言楪哲世兰苏子\飘花落叶言子楪世苏哲兰.smali	6282	    invoke-static {}, Llin/xposed/hook/javaplugin/飘花落叶言子楪世苏哲兰;->飘花落叶言子楪世苏兰哲()V
smali\飘花落叶言楪哲世子苏兰\飘花落叶言子楪苏兰哲世.smali	264	    invoke-static {p3, p0, p4, p1, p2}, Ltop/suzhelan/qstory/hook/item/飘花落叶言子楪哲苏兰世;->飘花落叶言子楪苏世兰哲(Ljava/lang/String;Ljava/lang/Object;Ljava/lang/Object;Ljava/lang/Object;Ljava/lang/Object;)V
smali\飘花落叶言楪哲兰子苏世\飘花落叶言子楪世哲苏兰.smali	770	    new-instance v0, Llin/xposed/hook/javaplugin/dialog/飘花落叶言子楪世哲苏兰;
smali\飘花落叶言楪哲兰子苏世\飘花落叶言子楪世哲苏兰.smali	774	    invoke-direct {v0, p0, p2}, Llin/xposed/hook/javaplugin/dialog/飘花落叶言子楪世哲苏兰;-><init>(L飘花落叶言楪哲兰子苏世/飘花落叶言子楪世哲苏兰;L飘花落叶言楪哲兰子苏世/飘花落叶言子楪世哲兰苏;)V
smali\飘花落叶言楪哲子世苏兰\飘花落叶言子楪世兰哲苏.smali	1471	.method public 飘花落叶言子世楪苏哲兰(Landroid/content/Context;)Ltop/suzhelan/qstory/database/飘花落叶言子楪苏世兰哲;
smali\飘花落叶言楪哲子世苏兰\飘花落叶言子楪世兰哲苏.smali	1489	    sget-object v0, Ltop/suzhelan/qstory/database/飘花落叶言子楪苏世兰哲;->飘花落叶言子楪苏兰世哲:Ltop/suzhelan/qstory/database/飘花落叶言子楪苏世兰哲;
smali\飘花落叶言楪哲子世苏兰\飘花落叶言子楪世兰哲苏.smali	1501	    sget-object v0, Ltop/suzhelan/qstory/database/飘花落叶言子楪苏世兰哲;->飘花落叶言子楪苏兰世哲:Ltop/suzhelan/qstory/database/飘花落叶言子楪苏世兰哲;
smali\飘花落叶言楪哲子世苏兰\飘花落叶言子楪世兰哲苏.smali	1509	    new-instance v0, Ltop/suzhelan/qstory/database/飘花落叶言子楪苏世兰哲;
smali\飘花落叶言楪哲子世苏兰\飘花落叶言子楪世兰哲苏.smali	1513	    invoke-direct {v0, p1}, Ltop/suzhelan/qstory/database/飘花落叶言子楪苏世兰哲;-><init>(Landroid/content/Context;)V
smali\飘花落叶言楪哲子世苏兰\飘花落叶言子楪世兰哲苏.smali	1518	    sput-object v0, Ltop/suzhelan/qstory/database/飘花落叶言子楪苏世兰哲;->飘花落叶言子楪苏兰世哲:Ltop/suzhelan/qstory/database/飘花落叶言子楪苏世兰哲;
smali\飘花落叶言楪哲苏世兰子\飘花落叶言子楪世苏哲兰.smali	16	.method public static 飘花落叶言子楪世苏兰哲(Landroid/content/Context;Lio/ktor/client/plugins/api/飘花落叶言子楪世苏兰哲;)V
smali\飘花落叶言楪哲苏世兰子\飘花落叶言子楪世苏哲兰.smali	109	    invoke-static {p0, p1}, L飘花落叶言楪哲苏世兰子/飘花落叶言子楪世苏哲兰;->飘花落叶言子楪世苏兰哲(Landroid/content/Context;Lio/ktor/client/plugins/api/飘花落叶言子楪世苏兰哲;)V
smali\飘花落叶言楪哲苏世子兰\飘花落叶言子世苏兰楪哲.smali	353	    invoke-virtual {v1}, Lkotlin/reflect/jvm/internal/types/飘花落叶言子楪世兰苏哲;->飘花落叶言子世苏哲兰楪()Lio/ktor/client/plugins/飘花落叶言子楪哲兰苏世;
smali\飘花落叶言楪哲苏世子兰\飘花落叶言子世苏兰楪哲.smali	358	    invoke-virtual {v1}, Lkotlin/reflect/jvm/internal/types/飘花落叶言子楪世兰苏哲;->飘花落叶言子世苏哲兰楪()Lio/ktor/client/plugins/飘花落叶言子楪哲兰苏世;
smali\飘花落叶言楪哲苏世子兰\飘花落叶言子世苏兰楪哲.smali	374	    invoke-virtual {v2, v3}, Lio/ktor/client/plugins/飘花落叶言子楪哲兰苏世;->飘花落叶言子世楪兰哲苏(Z)I
smali\飘花落叶言楪哲苏世子兰\飘花落叶言子世苏兰楪哲.smali	386	    invoke-virtual {v1}, Lkotlin/reflect/jvm/internal/types/飘花落叶言子楪世兰苏哲;->飘花落叶言子世苏哲兰楪()Lio/ktor/client/plugins/飘花落叶言子楪哲兰苏世;
smali\飘花落叶言楪哲苏世子兰\飘花落叶言子世苏兰楪哲.smali	402	    invoke-virtual {v0, v2}, Lio/ktor/client/plugins/飘花落叶言子楪哲兰苏世;->飘花落叶言子世楪兰哲苏(Z)I
smali\飘花落叶言楪哲苏世子兰\飘花落叶言子世苏兰楪哲.smali	419	    invoke-virtual {v1}, Lkotlin/reflect/jvm/internal/types/飘花落叶言子楪世兰苏哲;->飘花落叶言子世苏哲兰楪()Lio/ktor/client/plugins/飘花落叶言子楪哲兰苏世;
smali\飘花落叶言楪哲苏世子兰\飘花落叶言子世苏兰楪哲.smali	427	    invoke-virtual {v2}, Lio/ktor/client/plugins/飘花落叶言子楪哲兰苏世;->飘花落叶言子楪世苏哲兰()Lcom/kongzue/dialogx/interfaces/DialogXStyle$PopTipSettings$ALIGN;
smali\飘花落叶言楪哲苏世子兰\飘花落叶言子世苏兰楪哲.smali	451	    invoke-virtual {v1}, Lkotlin/reflect/jvm/internal/types/飘花落叶言子楪世兰苏哲;->飘花落叶言子世苏哲兰楪()Lio/ktor/client/plugins/飘花落叶言子楪哲兰苏世;
smali\飘花落叶言楪哲苏世子兰\飘花落叶言子世苏兰楪哲.smali	459	    invoke-virtual {v1}, Lio/ktor/client/plugins/飘花落叶言子楪哲兰苏世;->飘花落叶言子楪世苏哲兰()Lcom/kongzue/dialogx/interfaces/DialogXStyle$PopTipSettings$ALIGN;
smali\飘花落叶言楪哲苏世子兰\飘花落叶言子世苏兰楪哲.smali	755	    invoke-virtual {v0}, Lkotlin/reflect/jvm/internal/types/飘花落叶言子楪世兰苏哲;->飘花落叶言子世苏哲兰楪()Lio/ktor/client/plugins/飘花落叶言子楪哲兰苏世;
smali\飘花落叶言楪哲苏世子兰\飘花落叶言子世苏兰楪哲.smali	847	    invoke-virtual {v0}, Lkotlin/reflect/jvm/internal/types/飘花落叶言子楪世兰苏哲;->飘花落叶言子世苏哲兰楪()Lio/ktor/client/plugins/飘花落叶言子楪哲兰苏世;
smali\飘花落叶言楪哲苏世子兰\飘花落叶言子世苏兰楪哲.smali	1154	    invoke-virtual {v1}, Lkotlin/reflect/jvm/internal/types/飘花落叶言子楪世兰苏哲;->飘花落叶言子世苏哲兰楪()Lio/ktor/client/plugins/飘花落叶言子楪哲兰苏世;
smali\飘花落叶言楪哲苏世子兰\飘花落叶言子世苏兰楪哲.smali	1159	    invoke-virtual {v1}, Lkotlin/reflect/jvm/internal/types/飘花落叶言子楪世兰苏哲;->飘花落叶言子世苏哲兰楪()Lio/ktor/client/plugins/飘花落叶言子楪哲兰苏世;
smali\飘花落叶言楪哲苏世子兰\飘花落叶言子世苏兰楪哲.smali	1175	    invoke-virtual {v2, v3}, Lio/ktor/client/plugins/飘花落叶言子楪哲兰苏世;->飘花落叶言子世楪兰哲苏(Z)I
smali\飘花落叶言楪哲苏世子兰\飘花落叶言子世苏兰楪哲.smali	1187	    invoke-virtual {v1}, Lkotlin/reflect/jvm/internal/types/飘花落叶言子楪世兰苏哲;->飘花落叶言子世苏哲兰楪()Lio/ktor/client/plugins/飘花落叶言子楪哲兰苏世;
smali\飘花落叶言楪哲苏世子兰\飘花落叶言子世苏兰楪哲.smali	1203	    invoke-virtual {v0, v2}, Lio/ktor/client/plugins/飘花落叶言子楪哲兰苏世;->飘花落叶言子世楪兰哲苏(Z)I
smali\飘花落叶言楪哲苏世子兰\飘花落叶言子世苏兰楪哲.smali	1220	    invoke-virtual {v1}, Lkotlin/reflect/jvm/internal/types/飘花落叶言子楪世兰苏哲;->飘花落叶言子世苏哲兰楪()Lio/ktor/client/plugins/飘花落叶言子楪哲兰苏世;
smali\飘花落叶言楪哲苏世子兰\飘花落叶言子世苏兰楪哲.smali	1228	    invoke-virtual {v2}, Lio/ktor/client/plugins/飘花落叶言子楪哲兰苏世;->飘花落叶言子楪世苏哲兰()Lcom/kongzue/dialogx/interfaces/DialogXStyle$PopTipSettings$ALIGN;
smali\飘花落叶言楪哲苏世子兰\飘花落叶言子世苏兰楪哲.smali	1252	    invoke-virtual {v1}, Lkotlin/reflect/jvm/internal/types/飘花落叶言子楪世兰苏哲;->飘花落叶言子世苏哲兰楪()Lio/ktor/client/plugins/飘花落叶言子楪哲兰苏世;
smali\飘花落叶言楪哲苏世子兰\飘花落叶言子世苏兰楪哲.smali	1260	    invoke-virtual {v1}, Lio/ktor/client/plugins/飘花落叶言子楪哲兰苏世;->飘花落叶言子楪世苏哲兰()Lcom/kongzue/dialogx/interfaces/DialogXStyle$PopTipSettings$ALIGN;
smali\飘花落叶言楪哲苏世子兰\飘花落叶言子世苏楪哲兰.smali	128	    invoke-virtual {v1}, Lkotlin/reflect/jvm/internal/types/飘花落叶言子楪世兰苏哲;->飘花落叶言子世苏哲兰楪()Lio/ktor/client/plugins/飘花落叶言子楪哲兰苏世;
smali\飘花落叶言楪哲苏世子兰\飘花落叶言子世苏楪哲兰.smali	133	    invoke-virtual {v1}, Lkotlin/reflect/jvm/internal/types/飘花落叶言子楪世兰苏哲;->飘花落叶言子世苏哲兰楪()Lio/ktor/client/plugins/飘花落叶言子楪哲兰苏世;
smali\飘花落叶言楪哲苏世子兰\飘花落叶言子世苏楪哲兰.smali	141	    invoke-virtual {v1}, Lio/ktor/client/plugins/飘花落叶言子楪哲兰苏世;->飘花落叶言子楪世苏哲兰()Lcom/kongzue/dialogx/interfaces/DialogXStyle$PopTipSettings$ALIGN;
smali\飘花落叶言楪哲苏世子兰\飘花落叶言子世苏楪哲兰.smali	471	    invoke-virtual {v1}, Lkotlin/reflect/jvm/internal/types/飘花落叶言子楪世兰苏哲;->飘花落叶言子世苏哲兰楪()Lio/ktor/client/plugins/飘花落叶言子楪哲兰苏世;
smali\飘花落叶言楪哲苏世子兰\飘花落叶言子世苏楪哲兰.smali	476	    invoke-virtual {v1}, Lkotlin/reflect/jvm/internal/types/飘花落叶言子楪世兰苏哲;->飘花落叶言子世苏哲兰楪()Lio/ktor/client/plugins/飘花落叶言子楪哲兰苏世;
smali\飘花落叶言楪哲苏世子兰\飘花落叶言子世苏楪哲兰.smali	484	    invoke-virtual {v1}, Lio/ktor/client/plugins/飘花落叶言子楪哲兰苏世;->飘花落叶言子楪世苏哲兰()Lcom/kongzue/dialogx/interfaces/DialogXStyle$PopTipSettings$ALIGN;
smali\飘花落叶言楪哲苏世子兰\飘花落叶言子楪苏世兰哲.smali	169	    iget-object v0, p0, L飘花落叶言楪哲苏世子兰/飘花落叶言子楪苏哲兰世;->飘花落叶言子世兰哲苏楪:Llin/xposed/hook/javaplugin/view/飘花落叶言子楪苏哲兰世;
smali\飘花落叶言楪哲苏世子兰\飘花落叶言子楪苏哲兰世.smali	12	.field public 飘花落叶言子世兰哲苏楪:Llin/xposed/hook/javaplugin/view/飘花落叶言子楪苏哲兰世;
smali\飘花落叶言楪哲苏兰世子\飘花落叶言子楪世兰苏哲.smali	188	.method public final 飘花落叶言子世苏哲兰楪()Lio/ktor/client/plugins/飘花落叶言子楪哲兰苏世;
smali\飘花落叶言楪哲苏兰世子\飘花落叶言子楪世哲苏兰.smali	2	.super Lio/ktor/client/plugins/飘花落叶言子楪哲兰苏世;
smali\飘花落叶言楪哲苏子世兰\飘花落叶言子楪世兰苏哲.smali	33	    const-string v1, "PluginProtos"
smali\飘花落叶言楪哲苏子世兰\飘花落叶言子楪世兰苏哲.smali	42	    const-string v0, "\n%google/protobuf/compiler/plugin.proto\u0012\u0018google.protobuf.compiler\u001a google/protobuf/descriptor.proto\"c\n\u0007Version\u0012\u0014\n\u0005major\u0018\u0001 \u0001(\u0005R\u0005major\u0012\u0014\n\u0005minor\u0018\u0002 \u0001(\u0005R\u0005minor\u0012\u0014\n\u0005patch\u0018\u0003 \u0001(\u0005R\u0005patch\u0012\u0016\n\u0006suffix\u0018\u0004 \u0001(\tR\u0006suffix\"\u00cf\u0002\n\u0014CodeGeneratorRequest\u0012(\n\u0010file_to_generate\u0018\u0001 \u0003(\tR\u000efileToGenerate\u0012\u001c\n\tparameter\u0018\u0002 \u0001(\tR\tparameter\u0012C\n\nproto_file\u0018\u000f \u0003(\u000b2$.google.protobuf.FileDescriptorProtoR\tprotoFile\u0012\\\n\u0017source_file_descriptors\u0018\u0011 \u0003(\u000b2$.google.protobuf.FileDescriptorProtoR\u0015sourceFileDescriptors\u0012L\n\u0010compiler_version\u0018\u0003 \u0001(\u000b2!.google.protobuf.compiler.VersionR\u000fcompilerVersion\"\u0085\u0004\n\u0015CodeGeneratorResponse\u0012\u0014\n\u0005error\u0018\u0001 \u0001(\tR\u0005error\u0012-\n\u0012supported_features\u0018\u0002 \u0001(\u0004R\u0011supportedFeatures\u0012\'\n\u000fminimum_edition\u0018\u0003 \u0001(\u0005R\u000eminimumEdition\u0012\'\n\u000fmaximum_edition\u0018\u0004 \u0001(\u0005R\u000emaximumEdition\u0012H\n\u0004file\u0018\u000f \u0003(\u000b24.google.protobuf.compiler.CodeGeneratorResponse.FileR\u0004file\u001a\u00b1\u0001\n\u0004File\u0012\u0012\n\u0004name\u0018\u0001 \u0001(\tR\u0004name\u0012\'\n\u000finsertion_point\u0018\u0002 \u0001(\tR\u000einsertionPoint\u0012\u0018\n\u0007content\u0018\u000f \u0001(\tR\u0007content\u0012R\n\u0013generated_code_info\u0018\u0010 \u0001(\u000b2\".google.protobuf.GeneratedCodeInfoR\u0011generatedCodeInfo\"W\n\u0007Feature\u0012\u0010\n\u000cFEATURE_NONE\u0010\u0000\u0012\u001b\n\u0017FEATURE_PROTO3_OPTIONAL\u0010\u0001\u0012\u001d\n\u0019FEATURE_SUPPORTS_EDITIONS\u0010\u0002Br\n\u001ccom.google.protobuf.compilerB\u000cPluginProtosZ)google.golang.org/protobuf/types/pluginpb\u00aa\u0002\u0018Google.Protobuf.Compiler"
smali\飘花落叶言楪哲苏子世兰\飘花落叶言子楪世苏兰哲.smali	16	.method public abstract getCompilerVersion()Lcom/google/protobuf/compiler/PluginProtos$Version;
smali\飘花落叶言楪子世兰苏哲\飘花落叶言子楪世兰苏哲.smali	1493	    invoke-static {}, Llin/xposed/hook/javaplugin/飘花落叶言子楪世苏哲兰;->飘花落叶言子楪世苏兰哲()V
smali\飘花落叶言楪子世兰苏哲\飘花落叶言子楪世兰苏哲.smali	1671	    invoke-static {}, Llin/xposed/hook/javaplugin/飘花落叶言子楪世苏哲兰;->飘花落叶言子楪世苏兰哲()V
smali\飘花落叶言楪子世兰苏哲\飘花落叶言子楪世哲苏兰.smali	4581	    invoke-static {}, Llin/xposed/hook/javaplugin/飘花落叶言子楪世苏哲兰;->飘花落叶言子楪世苏兰哲()V
smali\飘花落叶言楪子世兰苏哲\飘花落叶言子楪世哲苏兰.smali	7036	    invoke-static {}, Llin/xposed/hook/javaplugin/飘花落叶言子楪世苏哲兰;->飘花落叶言子楪世苏兰哲()V
smali\飘花落叶言楪子兰苏世哲\飘花落叶言子哲世兰楪苏.smali	10259	    invoke-static {}, Llin/xposed/hook/javaplugin/飘花落叶言子楪世苏哲兰;->飘花落叶言子楪哲苏兰世()V
smali\飘花落叶言楪子兰苏世哲\飘花落叶言子哲世兰楪苏.smali	11054	    invoke-static {}, Llin/xposed/hook/javaplugin/飘花落叶言子楪世苏哲兰;->飘花落叶言子楪哲苏兰世()V
smali\飘花落叶言楪子兰苏世哲\飘花落叶言子哲世兰楪苏.smali	11741	    invoke-static {}, Llin/xposed/hook/javaplugin/飘花落叶言子楪世苏哲兰;->飘花落叶言子楪哲苏兰世()V
smali\飘花落叶言楪子兰苏世哲\飘花落叶言子哲世兰楪苏.smali	20612	    invoke-static {}, Llin/xposed/hook/javaplugin/飘花落叶言子楪世苏哲兰;->飘花落叶言子楪哲苏兰世()V
smali\飘花落叶言楪子兰苏世哲\飘花落叶言子楪世哲苏兰.smali	188	    invoke-static {v1}, Ltop/suzhelan/qstory/hook/item/飘花落叶言子楪哲苏兰世;->飘花落叶言子楪苏哲世兰(Ljava/lang/Throwable;)V
smali\飘花落叶言楪子兰苏世哲\飘花落叶言子楪世苏兰哲.smali	3066	    invoke-static {}, Llin/xposed/hook/javaplugin/飘花落叶言子楪世苏哲兰;->飘花落叶言子楪哲苏兰世()V
smali\飘花落叶言楪子哲苏世兰\飘花落叶言子楪世兰哲苏.smali	2885	    invoke-static {}, Llin/xposed/hook/javaplugin/飘花落叶言子楪世苏哲兰;->飘花落叶言子楪世苏兰哲()V
smali\飘花落叶言楪子哲苏世兰\飘花落叶言子楪世兰哲苏.smali	3063	    invoke-static {}, Llin/xposed/hook/javaplugin/飘花落叶言子楪世苏哲兰;->飘花落叶言子楪世苏兰哲()V
smali\飘花落叶言楪子哲苏世兰\飘花落叶言子楪世哲苏兰.smali	1083	    invoke-static {}, Llin/xposed/hook/javaplugin/飘花落叶言子楪世苏哲兰;->飘花落叶言子楪哲苏兰世()V
smali\飘花落叶言楪子哲苏世兰\飘花落叶言子楪苏世兰哲.smali	4050	    invoke-static {}, Llin/xposed/hook/javaplugin/飘花落叶言子楪世苏哲兰;->飘花落叶言子楪世苏兰哲()V
smali\飘花落叶言苏世兰楪哲子\飘花落叶言子楪世哲兰苏.smali	198	    check-cast v10, Ltop/suzhelan/sticker/sdk/widget/CustomRecycleView;
smali\飘花落叶言苏世兰楪哲子\飘花落叶言子楪世哲兰苏.smali	236	    new-instance v12, Llin/xposed/hook/javaplugin/view/飘花落叶言子楪苏世兰哲;
smali\飘花落叶言苏世兰楪哲子\飘花落叶言子楪世哲兰苏.smali	244	    invoke-direct {v12, v3, v2, v0, v13}, Llin/xposed/hook/javaplugin/view/飘花落叶言子楪苏世兰哲;-><init>(Ljava/lang/Object;Ljava/lang/Object;Ljava/lang/Object;I)V
smali\飘花落叶言苏世兰楪哲子\飘花落叶言子楪世哲兰苏.smali	450	    check-cast v7, Ltop/suzhelan/qstory/ui/views/DialogXRecycleView;
smali\飘花落叶言苏世兰楪哲子\飘花落叶言子楪世哲兰苏.smali	471	    new-instance v10, Ltop/suzhelan/qstory/hook/item/飘花落叶言子世兰哲楪苏;
smali\飘花落叶言苏世兰楪哲子\飘花落叶言子楪世哲兰苏.smali	475	    invoke-direct {v10, v5, v3, v0}, Ltop/suzhelan/qstory/hook/item/飘花落叶言子世兰哲楪苏;-><init>(ILandroid/view/View;Ljava/lang/Object;)V
smali\飘花落叶言苏世兰楪哲子\飘花落叶言子楪世哲兰苏.smali	637	    check-cast v3, Ltop/suzhelan/qstory/ui/views/DialogXRecycleView;
smali\飘花落叶言苏世兰楪哲子\飘花落叶言子楪世哲兰苏.smali	755	    iget-object v14, v6, Landroidx/recyclerview/widget/飘花落叶言子世苏楪哲兰;->飘花落叶言子楪哲兰苏世:Ltop/suzhelan/qstory/ui/views/DialogXRecycleView;
smali\飘花落叶言苏世兰楪哲子\飘花落叶言子楪世哲兰苏.smali	777	    iget-object v14, v6, Landroidx/recyclerview/widget/飘花落叶言子世苏楪哲兰;->飘花落叶言子楪哲兰苏世:Ltop/suzhelan/qstory/ui/views/DialogXRecycleView;
smali\飘花落叶言苏世兰楪哲子\飘花落叶言子楪世哲兰苏.smali	786	    iget-object v14, v6, Landroidx/recyclerview/widget/飘花落叶言子世苏楪哲兰;->飘花落叶言子楪哲兰苏世:Ltop/suzhelan/qstory/ui/views/DialogXRecycleView;
smali\飘花落叶言苏世兰楪哲子\飘花落叶言子楪世哲兰苏.smali	933	    iput-object v3, v6, Landroidx/recyclerview/widget/飘花落叶言子世苏楪哲兰;->飘花落叶言子楪哲兰苏世:Ltop/suzhelan/qstory/ui/views/DialogXRecycleView;
smali\飘花落叶言苏世兰楪哲子\飘花落叶言子楪世哲兰苏.smali	979	    iget-object v3, v6, Landroidx/recyclerview/widget/飘花落叶言子世苏楪哲兰;->飘花落叶言子楪哲兰苏世:Ltop/suzhelan/qstory/ui/views/DialogXRecycleView;
smali\飘花落叶言苏世兰楪哲子\飘花落叶言子楪世哲兰苏.smali	1011	    iget-object v3, v6, Landroidx/recyclerview/widget/飘花落叶言子世苏楪哲兰;->飘花落叶言子楪哲兰苏世:Ltop/suzhelan/qstory/ui/views/DialogXRecycleView;
smali\飘花落叶言苏世兰楪哲子\飘花落叶言子楪世哲兰苏.smali	1020	    iget-object v3, v6, Landroidx/recyclerview/widget/飘花落叶言子世苏楪哲兰;->飘花落叶言子楪哲兰苏世:Ltop/suzhelan/qstory/ui/views/DialogXRecycleView;
smali\飘花落叶言苏世兰楪哲子\飘花落叶言子楪世哲兰苏.smali	1029	    iget-object v1, v6, Landroidx/recyclerview/widget/飘花落叶言子世苏楪哲兰;->飘花落叶言子楪哲兰苏世:Ltop/suzhelan/qstory/ui/views/DialogXRecycleView;
smali\飘花落叶言苏世兰楪哲子\飘花落叶言子楪世哲兰苏.smali	1055	    iget-object v3, v6, Landroidx/recyclerview/widget/飘花落叶言子世苏楪哲兰;->飘花落叶言子楪哲兰苏世:Ltop/suzhelan/qstory/ui/views/DialogXRecycleView;
smali\飘花落叶言苏世兰楪哲子\飘花落叶言子楪世哲兰苏.smali	1138	    sget-object v1, Ltop/suzhelan/qstory/hook/item/mcp/config/飘花落叶言子楪世兰哲苏;->飘花落叶言子楪世兰哲苏:Ltop/suzhelan/qstory/hook/item/mcp/config/飘花落叶言子楪世哲兰苏;
smali\飘花落叶言苏哲兰子世楪\飘花落叶言子楪世苏哲兰.smali	22	        "QStory:app_publishRelease"
smali\飘花落叶言苏哲兰子楪世\飘花落叶言子楪世苏兰哲.smali	10	.field public final synthetic 飘花落叶言子楪哲兰世苏:Ltop/suzhelan/qstory/ui/views/CustomMaterialSwitch;
smali\飘花落叶言苏哲兰子楪世\飘花落叶言子楪世苏兰哲.smali	16	.method public synthetic constructor <init>(Ltop/suzhelan/qstory/ui/views/CustomMaterialSwitch;I)V
smali\飘花落叶言苏哲兰子楪世\飘花落叶言子楪世苏兰哲.smali	24	    iput-object p1, p0, L飘花落叶言苏哲兰子楪世/飘花落叶言子楪世苏兰哲;->飘花落叶言子楪哲兰世苏:Ltop/suzhelan/qstory/ui/views/CustomMaterialSwitch;
smali\飘花落叶言苏哲兰子楪世\飘花落叶言子楪世苏兰哲.smali	46	    iget-object p0, p0, L飘花落叶言苏哲兰子楪世/飘花落叶言子楪世苏兰哲;->飘花落叶言子楪哲兰世苏:Ltop/suzhelan/qstory/ui/views/CustomMaterialSwitch;
smali\飘花落叶言苏哲兰子楪世\飘花落叶言子楪世苏兰哲.smali	55	    iget-boolean p1, p0, Ltop/suzhelan/qstory/ui/views/CustomMaterialSwitch;->飘花落叶言子世楪苏兰哲:Z
smali\飘花落叶言苏哲兰子楪世\飘花落叶言子楪世苏兰哲.smali	63	    invoke-virtual {p0, p1}, Ltop/suzhelan/qstory/ui/views/CustomMaterialSwitch;->setChecked(Z)V
smali\飘花落叶言苏哲兰子楪世\飘花落叶言子楪世苏兰哲.smali	72	    iget-boolean p1, p0, Ltop/suzhelan/qstory/ui/views/CustomMaterialSwitch;->飘花落叶言子世楪苏兰哲:Z
smali\飘花落叶言苏哲兰子楪世\飘花落叶言子楪世苏兰哲.smali	80	    invoke-virtual {p0, p1}, Ltop/suzhelan/qstory/ui/views/CustomMaterialSwitch;->setChecked(Z)V
smali\飘花落叶言苏哲兰子楪世\飘花落叶言子楪世苏兰哲.smali	85	    iget-object p1, p0, Ltop/suzhelan/qstory/ui/views/CustomMaterialSwitch;->飘花落叶言子世楪哲苏兰:L飘花落叶言世子哲兰苏楪/飘花落叶言子楪苏兰哲世;
smali\飘花落叶言苏哲兰子楪世\飘花落叶言子楪世苏兰哲.smali	93	    iget-boolean p0, p0, Ltop/suzhelan/qstory/ui/views/CustomMaterialSwitch;->飘花落叶言子世楪苏兰哲:Z
smali\飘花落叶言苏哲兰子楪世\飘花落叶言子楪世苏哲兰.smali	10	.field public final synthetic 飘花落叶言子楪哲兰世苏:Ltop/suzhelan/qstory/ui/views/CustomMaterialCheckBox;
smali\飘花落叶言苏哲兰子楪世\飘花落叶言子楪世苏哲兰.smali	16	.method public synthetic constructor <init>(Ltop/suzhelan/qstory/ui/views/CustomMaterialCheckBox;I)V
smali\飘花落叶言苏哲兰子楪世\飘花落叶言子楪世苏哲兰.smali	24	    iput-object p1, p0, L飘花落叶言苏哲兰子楪世/飘花落叶言子楪世苏哲兰;->飘花落叶言子楪哲兰世苏:Ltop/suzhelan/qstory/ui/views/CustomMaterialCheckBox;
smali\飘花落叶言苏哲兰子楪世\飘花落叶言子楪世苏哲兰.smali	46	    iget-object p0, p0, L飘花落叶言苏哲兰子楪世/飘花落叶言子楪世苏哲兰;->飘花落叶言子楪哲兰世苏:Ltop/suzhelan/qstory/ui/views/CustomMaterialCheckBox;
smali\飘花落叶言苏哲兰子楪世\飘花落叶言子楪世苏哲兰.smali	55	    iget-boolean p1, p0, Ltop/suzhelan/qstory/ui/views/CustomMaterialCheckBox;->飘花落叶言子楪兰世哲苏:Z
smali\飘花落叶言苏哲兰子楪世\飘花落叶言子楪世苏哲兰.smali	63	    invoke-virtual {p0, p1}, Ltop/suzhelan/qstory/ui/views/CustomMaterialCheckBox;->setChecked(Z)V
smali\飘花落叶言苏哲兰子楪世\飘花落叶言子楪世苏哲兰.smali	72	    iget-boolean p1, p0, Ltop/suzhelan/qstory/ui/views/CustomMaterialCheckBox;->飘花落叶言子楪兰世哲苏:Z
smali\飘花落叶言苏哲兰子楪世\飘花落叶言子楪世苏哲兰.smali	80	    invoke-virtual {p0, p1}, Ltop/suzhelan/qstory/ui/views/CustomMaterialCheckBox;->setChecked(Z)V
smali\飘花落叶言苏哲兰子楪世\飘花落叶言子楪世苏哲兰.smali	89	    iget-boolean p1, p0, Ltop/suzhelan/qstory/ui/views/CustomMaterialCheckBox;->飘花落叶言子楪兰世哲苏:Z
smali\飘花落叶言苏哲兰子楪世\飘花落叶言子楪世苏哲兰.smali	97	    invoke-virtual {p0, p1}, Ltop/suzhelan/qstory/ui/views/CustomMaterialCheckBox;->setChecked(Z)V
smali\飘花落叶言苏哲兰子楪世\飘花落叶言子楪世苏哲兰.smali	102	    iget-object p1, p0, Ltop/suzhelan/qstory/ui/views/CustomMaterialCheckBox;->飘花落叶言子楪兰苏世哲:L飘花落叶言世子哲兰苏楪/飘花落叶言子楪苏兰哲世;
smali\飘花落叶言苏哲兰子楪世\飘花落叶言子楪世苏哲兰.smali	110	    iget-boolean p0, p0, Ltop/suzhelan/qstory/ui/views/CustomMaterialCheckBox;->飘花落叶言子楪兰世哲苏:Z
smali_classes2\androidx\activity\compose\飘花落叶言子楪世苏兰哲.smali	255	    check-cast p0, Ltop/suzhelan/plugin/sdk/online/entity/Message;
smali_classes2\androidx\activity\compose\飘花落叶言子楪世苏兰哲.smali	259	    invoke-virtual {p0}, Ltop/suzhelan/plugin/sdk/online/entity/Message;->飘花落叶言子楪世兰苏哲()I
smali_classes2\androidx\activity\compose\飘花落叶言子楪世苏兰哲.smali	320	    check-cast v7, Ltop/suzhelan/plugin/sdk/online/entity/Message;
smali_classes2\androidx\activity\compose\飘花落叶言子楪世苏兰哲.smali	324	    invoke-virtual {v7}, Ltop/suzhelan/plugin/sdk/online/entity/Message;->飘花落叶言子楪世兰苏哲()I
smali_classes2\androidx\activity\compose\飘花落叶言子楪世苏兰哲.smali	364	    check-cast p0, Ltop/suzhelan/plugin/sdk/online/entity/Message;
smali_classes2\androidx\activity\compose\飘花落叶言子楪世苏兰哲.smali	368	    invoke-static {p0}, Ltop/suzhelan/plugin/sdk/online/entity/Message;->飘花落叶言子楪世苏哲兰(Ltop/suzhelan/plugin/sdk/online/entity/Message;)Ltop/suzhelan/plugin/sdk/online/entity/Message;
smali_classes2\androidx\appcompat\app\飘花落叶言子世哲苏兰楪.smali	41	.method public constructor <init>(Ltop/suzhelan/qstory/hook/item/chat/飘花落叶言子世苏兰哲楪;Ljava/lang/Object;Ljava/lang/Object;)V
smali_classes2\androidx\appcompat\app\飘花落叶言子世哲苏兰楪.smali	143	    invoke-static {p0}, Ltop/suzhelan/qstory/hook/item/飘花落叶言子楪哲苏兰世;->飘花落叶言子楪苏哲世兰(Ljava/lang/Throwable;)V
smali_classes2\androidx\appcompat\app\飘花落叶言子世哲苏兰楪.smali	181	    check-cast v1, Ltop/suzhelan/qstory/hook/item/chat/飘花落叶言子世苏兰哲楪;
smali_classes2\androidx\appcompat\app\飘花落叶言子世哲苏兰楪.smali	200	    iget-object p1, v1, Ltop/suzhelan/qstory/hook/item/chat/飘花落叶言子世苏兰哲楪;->飘花落叶言子楪哲兰苏世:L飘花落叶言世哲楪苏兰子/飘花落叶言子楪世苏兰哲;
smali_classes2\androidx\appcompat\app\飘花落叶言子世哲苏兰楪.smali	204	    iget v1, v1, Ltop/suzhelan/qstory/hook/item/chat/飘花落叶言子世苏兰哲楪;->飘花落叶言子楪兰苏哲世:I
smali_classes2\androidx\appcompat\app\飘花落叶言子世哲苏兰楪.smali	267	    sget-wide v6, Ltop/suzhelan/qstory/hook/item/chat/飘花落叶言子世苏兰哲楪;->飘花落叶言子楪兰哲世苏:J
smali_classes2\androidx\appcompat\app\飘花落叶言子世哲苏兰楪.smali	297	    sput-wide v4, Ltop/suzhelan/qstory/hook/item/chat/飘花落叶言子世苏兰哲楪;->飘花落叶言子楪兰哲世苏:J
smali_classes2\androidx\appcompat\app\飘花落叶言子世哲苏兰楪.smali	346	    sget-wide v6, Ltop/suzhelan/qstory/hook/item/chat/飘花落叶言子世苏兰哲楪;->飘花落叶言子楪兰哲世苏:J
smali_classes2\androidx\appcompat\app\飘花落叶言子世哲苏兰楪.smali	369	    sput-wide v4, Ltop/suzhelan/qstory/hook/item/chat/飘花落叶言子世苏兰哲楪;->飘花落叶言子楪兰哲世苏:J
smali_classes2\androidx\appcompat\app\飘花落叶言子世哲苏兰楪.smali	415	    invoke-static {p0}, Ltop/suzhelan/qstory/hook/item/飘花落叶言子楪哲苏兰世;->飘花落叶言子楪苏哲世兰(Ljava/lang/Throwable;)V
smali_classes2\androidx\appcompat\app\飘花落叶言子世哲苏兰楪.smali	665	    invoke-static {p1, v0, p0}, Llin/xposed/hook/javaplugin/飘花落叶言子楪世苏哲兰;->飘花落叶言子楪哲苏世兰(Ljava/lang/StringBuilder;Ljava/lang/Object;Ljava/lang/Object;)V
smali_classes2\androidx\appcompat\app\飘花落叶言子世哲苏兰楪.smali	1048	    invoke-static {p0}, Ltop/suzhelan/qstory/hook/item/飘花落叶言子楪哲苏兰世;->飘花落叶言子楪苏哲世兰(Ljava/lang/Throwable;)V
smali_classes2\androidx\appcompat\app\飘花落叶言子楪哲兰苏世.smali	2082	    invoke-static {v0}, Lio/ktor/client/plugins/飘花落叶言子楪哲兰苏世;->飘花落叶言子楪哲苏兰世(Ljava/io/File;)V
smali_classes2\androidx\appcompat\app\飘花落叶言子楪哲兰苏世.smali	2096	    invoke-static {p0, v0, v5}, Lio/ktor/client/plugins/飘花落叶言子楪哲兰苏世;->飘花落叶言子苏世哲楪兰(Ljava/lang/String;Ljava/lang/String;Z)V
smali_classes2\androidx\appcompat\app\飘花落叶言子楪哲兰苏世.smali	2168	    invoke-static {v0}, Lio/ktor/client/plugins/飘花落叶言子楪哲兰苏世;->飘花落叶言子楪哲苏兰世(Ljava/io/File;)V
smali_classes2\androidx\appcompat\app\飘花落叶言子楪哲兰苏世.smali	2182	    invoke-static {p0, v0, v5}, Lio/ktor/client/plugins/飘花落叶言子楪哲兰苏世;->飘花落叶言子苏世哲楪兰(Ljava/lang/String;Ljava/lang/String;Z)V
smali_classes2\androidx\appcompat\app\飘花落叶言子楪哲兰苏世.smali	2248	    invoke-static {p0, v0}, Lio/ktor/client/plugins/飘花落叶言子楪哲兰苏世;->飘花落叶言子楪苏兰世哲(Ljava/lang/String;Ljava/lang/String;)V
smali_classes2\androidx\appcompat\app\飘花落叶言子楪哲兰苏世.smali	2309	    invoke-static {p0}, Ltop/suzhelan/qstory/hook/item/飘花落叶言子楪哲苏兰世;->飘花落叶言子楪苏哲世兰(Ljava/lang/Throwable;)V
smali_classes2\androidx\appcompat\app\飘花落叶言子楪哲兰苏世.smali	2469	    check-cast p0, Ltop/suzhelan/qstory/hook/item/飘花落叶言子世兰哲苏楪;
smali_classes2\androidx\appcompat\app\飘花落叶言子楪哲兰苏世.smali	2478	    invoke-virtual {p0, v6}, Ltop/suzhelan/qstory/hook/item/飘花落叶言子世兰哲苏楪;->飘花落叶言子楪苏哲兰世(Landroid/view/ViewGroup;)V
smali_classes2\androidx\appcompat\app\飘花落叶言子楪哲兰苏世.smali	2490	    check-cast p0, Ltop/suzhelan/qstory/hook/item/飘花落叶言子楪苏世哲兰;
smali_classes2\androidx\appcompat\app\飘花落叶言子楪哲兰苏世.smali	2499	    iget-object v0, p0, Ltop/suzhelan/qstory/hook/item/飘花落叶言子楪苏世哲兰;->飘花落叶言子楪哲兰世苏:L飘花落叶言世哲楪苏兰子/飘花落叶言子楪世苏哲兰;
smali_classes2\androidx\appcompat\app\飘花落叶言子楪哲兰苏世.smali	2580	    iget-object v0, p0, Ltop/suzhelan/qstory/hook/item/飘花落叶言子楪苏世哲兰;->飘花落叶言子楪哲兰世苏:L飘花落叶言世哲楪苏兰子/飘花落叶言子楪世苏哲兰;
smali_classes2\androidx\appcompat\app\飘花落叶言子苏楪世兰哲.smali	705	    invoke-static {p1}, Lio/ktor/client/plugins/飘花落叶言子楪哲兰苏世;->飘花落叶言子世兰楪苏哲(Ljava/lang/String;)Ljava/lang/String;
smali_classes2\androidx\appcompat\app\飘花落叶言子苏楪世兰哲.smali	1348	    invoke-static {p0, p1}, Lio/ktor/client/plugins/飘花落叶言子楪哲兰苏世;->飘花落叶言子世兰苏楪哲(Lkotlin/reflect/jvm/internal/impl/types/飘花落叶言子世楪苏兰哲;L飘花落叶言世楪子哲兰苏/飘花落叶言子楪苏世兰哲;)Lkotlin/reflect/jvm/internal/impl/types/飘花落叶言子世楪苏兰哲;
smali_classes2\androidx\appcompat\app\飘花落叶言子苏楪世兰哲.smali	2169	    invoke-static {v0, p0, v1}, Lio/ktor/client/plugins/飘花落叶言子楪哲兰苏世;->飘花落叶言子苏世哲楪兰(Ljava/lang/String;Ljava/lang/String;Z)V
smali_classes2\androidx\appcompat\app\飘花落叶言子苏楪世兰哲.smali	6865	    invoke-static {v2, v4, v3}, Lio/ktor/client/plugins/飘花落叶言子楪哲兰苏世;->飘花落叶言子世楪哲苏兰(Lkotlin/reflect/jvm/internal/impl/descriptors/飘花落叶言子世哲苏兰楪;Lkotlin/reflect/jvm/internal/impl/types/飘花落叶言子世哲兰苏楪;Ljava/util/Set;)Z
smali_classes2\androidx\appcompat\app\飘花落叶言子苏楪世兰哲.smali	7679	    invoke-static {v0, v2}, Lio/ktor/client/plugins/飘花落叶言子楪哲兰苏世;->飘花落叶言子世兰苏楪哲(Lkotlin/reflect/jvm/internal/impl/types/飘花落叶言子世楪苏兰哲;L飘花落叶言世楪子哲兰苏/飘花落叶言子楪苏世兰哲;)Lkotlin/reflect/jvm/internal/impl/types/飘花落叶言子世楪苏兰哲;
smali_classes2\androidx\appcompat\app\飘花落叶言子苏楪世兰哲.smali	7688	    invoke-static {v0, v12, v4}, Lio/ktor/client/plugins/飘花落叶言子楪哲兰苏世;->飘花落叶言子楪哲世兰苏(Lkotlin/reflect/jvm/internal/impl/types/飘花落叶言子世楪苏兰哲;Lkotlin/reflect/jvm/internal/impl/types/Variance;Lkotlin/reflect/jvm/internal/impl/descriptors/飘花落叶言子世哲苏兰楪;)Lkotlin/reflect/jvm/internal/impl/types/飘花落叶言子世苏兰楪哲;
smali_classes2\androidx\compose\foundation\飘花落叶言子世楪哲苏兰.smali	16	.method public synthetic constructor <init>(Landroid/os/Bundle;Ltop/suzhelan/qstory/hook/item/飘花落叶言子苏世楪兰哲;)V
smali_classes2\androidx\compose\foundation\飘花落叶言子世楪哲苏兰.smali	195	    sget-object v5, Ltop/suzhelan/qstory/hook/item/飘花落叶言子苏世楪兰哲;->飘花落叶言子楪哲兰世苏:Ljava/lang/Object;
smali_classes2\androidx\compose\foundation\飘花落叶言子世楪哲苏兰.smali	208	    sput-object v2, Ltop/suzhelan/qstory/hook/item/飘花落叶言子苏世楪兰哲;->飘花落叶言子楪哲兰世苏:Ljava/lang/Object;
smali_classes2\androidx\compose\foundation\飘花落叶言子世楪哲苏兰.smali	388	    invoke-static/range {v3 .. v8}, Ltop/suzhelan/qstory/hook/item/飘花落叶言子苏世楪兰哲;->飘花落叶言子楪苏哲兰世(Ljava/lang/String;ILjava/lang/Object;Ljava/lang/Object;Ljava/lang/Class;Ljava/lang/Class;)V
smali_classes2\androidx\compose\foundation\飘花落叶言子世楪哲苏兰.smali	542	    invoke-static/range {v3 .. v8}, Ltop/suzhelan/qstory/hook/item/飘花落叶言子苏世楪兰哲;->飘花落叶言子楪苏哲兰世(Ljava/lang/String;ILjava/lang/Object;Ljava/lang/Object;Ljava/lang/Class;Ljava/lang/Class;)V
smali_classes2\androidx\compose\foundation\飘花落叶言子世楪哲苏兰.smali	622	    sput-object v2, Ltop/suzhelan/qstory/hook/item/飘花落叶言子苏世楪兰哲;->飘花落叶言子楪哲兰世苏:Ljava/lang/Object;
smali_classes2\androidx\compose\foundation\飘花落叶言子世楪哲苏兰.smali	1244	    check-cast v0, Lio/ktor/client/plugins/飘花落叶言子楪世兰苏哲;
smali_classes2\androidx\compose\foundation\飘花落叶言子世楪哲苏兰.smali	1248	    iget-object v1, v0, Lio/ktor/client/plugins/飘花落叶言子楪世兰苏哲;->飘花落叶言子楪世哲兰苏:Ljava/lang/Object;
smali_classes2\androidx\compose\foundation\飘花落叶言子世楪哲苏兰.smali	1256	    iget-object v0, v0, Lio/ktor/client/plugins/飘花落叶言子楪世兰苏哲;->飘花落叶言子楪世哲苏兰:Ljava/lang/Object;
smali_classes2\androidx\compose\foundation\飘花落叶言子世楪哲苏兰.smali	1638	    iget-object v0, v0, Landroidx/room/飘花落叶言子楪苏哲世兰;->飘花落叶言子楪世苏哲兰:Ltop/suzhelan/qstory/database/RecallDatabase_Impl;
smali_classes2\androidx\compose\foundation\飘花落叶言子苏楪世哲兰.smali	1623	    new-instance v7, Ltop/suzhelan/qstory/ui/components/飘花落叶言子楪世苏兰哲;
smali_classes2\androidx\compose\foundation\飘花落叶言子苏楪世哲兰.smali	1627	    invoke-direct {v7, v0, v4}, Ltop/suzhelan/qstory/ui/components/飘花落叶言子楪世苏兰哲;-><init>(Landroidx/compose/ui/platform/飘花落叶言子哲苏兰世楪;I)V
smali_classes2\androidx\compose\foundation\飘花落叶言子苏楪世哲兰.smali	1689	    new-instance v5, Ltop/suzhelan/qstory/ui/components/飘花落叶言子楪世苏兰哲;
smali_classes2\androidx\compose\foundation\飘花落叶言子苏楪世哲兰.smali	1693	    invoke-direct {v5, v0, v9}, Ltop/suzhelan/qstory/ui/components/飘花落叶言子楪世苏兰哲;-><init>(Landroidx/compose/ui/platform/飘花落叶言子哲苏兰世楪;I)V
smali_classes2\androidx\compose\foundation\飘花落叶言子苏楪世哲兰.smali	1755	    new-instance v5, Ltop/suzhelan/qstory/ui/components/飘花落叶言子楪世苏兰哲;
smali_classes2\androidx\compose\foundation\飘花落叶言子苏楪世哲兰.smali	1759	    invoke-direct {v5, v0, v8}, Ltop/suzhelan/qstory/ui/components/飘花落叶言子楪世苏兰哲;-><init>(Landroidx/compose/ui/platform/飘花落叶言子哲苏兰世楪;I)V
smali_classes2\androidx\compose\foundation\飘花落叶言子苏楪世哲兰.smali	1940	    new-instance v5, Ltop/suzhelan/qstory/ui/components/飘花落叶言子楪世苏兰哲;
smali_classes2\androidx\compose\foundation\飘花落叶言子苏楪世哲兰.smali	1944	    invoke-direct {v5, v0, v3}, Ltop/suzhelan/qstory/ui/components/飘花落叶言子楪世苏兰哲;-><init>(Landroidx/compose/ui/platform/飘花落叶言子哲苏兰世楪;I)V
smali_classes2\androidx\compose\foundation\layout\飘花落叶言子楪哲世苏兰.smali	490	    invoke-static {v0, v2, v1}, Ltop/suzhelan/qstory/ui/components/飘花落叶言子楪世苏哲兰;->飘花落叶言子楪哲世苏兰(L飘花落叶言苏世楪兰哲子/飘花落叶言子楪世苏兰哲;Landroidx/compose/runtime/飘花落叶言子楪苏哲世兰;I)V
smali_classes2\androidx\compose\foundation\layout\飘花落叶言子楪哲世苏兰.smali	528	    invoke-static {v0, v2, v1}, Ltop/suzhelan/qstory/ui/components/飘花落叶言子楪世苏哲兰;->飘花落叶言子楪苏兰世哲(Ljava/lang/String;Landroidx/compose/runtime/飘花落叶言子楪苏哲世兰;I)V
smali_classes2\androidx\compose\foundation\layout\飘花落叶言子楪哲世苏兰.smali	699	    check-cast v0, Ltop/suzhelan/qstory/ui/activity/SettingActivity;
smali_classes2\androidx\compose\foundation\layout\飘花落叶言子楪哲世苏兰.smali	723	    invoke-static {v0, v2, v1}, Ltop/suzhelan/qstory/ui/activity/SettingActivity;->飘花落叶言子楪哲苏兰世(Ltop/suzhelan/qstory/ui/activity/SettingActivity;Landroidx/compose/runtime/飘花落叶言子楪苏哲世兰;I)Lkotlin/飘花落叶言子楪兰苏哲世;
smali_classes2\androidx\compose\foundation\lazy\飘花落叶言子楪兰苏哲世.smali	120	    invoke-static {v0, v1}, Ltop/suzhelan/qstory/ui/components/飘花落叶言子楪世哲兰苏;->飘花落叶言子楪世哲苏兰(Landroidx/compose/runtime/飘花落叶言子楪苏哲世兰;I)V
smali_classes2\androidx\compose\foundation\lazy\飘花落叶言子楪兰苏哲世.smali	154	    invoke-static {v0, v1}, Ltop/suzhelan/qstory/ui/components/飘花落叶言子楪世哲兰苏;->飘花落叶言子楪世苏兰哲(Landroidx/compose/runtime/飘花落叶言子楪苏哲世兰;I)V
smali_classes2\androidx\compose\foundation\lazy\飘花落叶言子楪兰苏哲世.smali	188	    invoke-static {v0, v1}, Ltop/suzhelan/qstory/ui/components/飘花落叶言子楪世哲兰苏;->飘花落叶言子楪世哲兰苏(Landroidx/compose/runtime/飘花落叶言子楪苏哲世兰;I)V
smali_classes2\androidx\compose\foundation\lazy\飘花落叶言子楪兰苏哲世.smali	300	    sget-object v19, Ltop/suzhelan/qstory/ui/components/飘花落叶言子楪世苏哲兰;->飘花落叶言子楪世苏哲兰:Landroidx/compose/runtime/internal/飘花落叶言子楪世兰苏哲;
smali_classes2\androidx\compose\foundation\lazy\飘花落叶言子楪兰苏哲世.smali	398	    invoke-static {v0, v5}, Ltop/suzhelan/qstory/ui/components/飘花落叶言子楪世哲兰苏;->飘花落叶言子楪世哲兰苏(Landroidx/compose/runtime/飘花落叶言子楪苏哲世兰;I)V
smali_classes2\androidx\compose\foundation\lazy\飘花落叶言子楪兰苏哲世.smali	1272	    check-cast v0, Lio/ktor/client/plugins/飘花落叶言子楪兰世苏哲;
smali_classes2\androidx\compose\foundation\lazy\飘花落叶言子楪哲世苏兰.smali	959	    invoke-static {v13}, Lio/ktor/client/plugins/飘花落叶言子楪哲兰苏世;->飘花落叶言子楪哲世苏兰(Ljava/lang/Class;)L飘花落叶言世楪苏子兰哲/飘花落叶言子楪世哲苏兰;
smali_classes2\androidx\compose\foundation\lazy\layout\飘花落叶言子世兰哲苏楪.smali	501	    invoke-static {}, L飘花落叶言苏哲子世楪兰/飘花落叶言子楪苏兰哲世;->飘花落叶言子楪世苏哲兰()Ltop/suzhelan/qstory/hook/item/stickerpanel/StickerPanelSettingsConfig$SortMode;
smali_classes2\androidx\compose\foundation\lazy\layout\飘花落叶言子世兰哲苏楪.smali	509	    sget-object p3, Ltop/suzhelan/qstory/hook/item/stickerpanel/StickerPanelSettingsConfig$SortMode;->RECENT_USAGE:Ltop/suzhelan/qstory/hook/item/stickerpanel/StickerPanelSettingsConfig$SortMode;
smali_classes2\androidx\compose\foundation\lazy\layout\飘花落叶言子世兰哲苏楪.smali	546	    iget-object p1, p2, L飘花落叶言苏哲子兰楪世/飘花落叶言子楪世兰苏哲;->飘花落叶言子楪世哲苏兰:Ltop/suzhelan/qstory/ui/views/DialogXRecycleView;
smali_classes2\androidx\compose\foundation\text\飘花落叶言子楪哲兰世苏.smali	938	    invoke-static {v0, v13, v9}, Ltop/suzhelan/qstory/ui/components/飘花落叶言子楪世苏哲兰;->飘花落叶言子楪哲世苏兰(L飘花落叶言苏世楪兰哲子/飘花落叶言子楪世苏兰哲;Landroidx/compose/runtime/飘花落叶言子楪苏哲世兰;I)V
smali_classes2\androidx\compose\foundation\text\飘花落叶言子楪哲兰世苏.smali	1731	    new-instance v1, Ltop/suzhelan/qstory/ui/components/飘花落叶言子楪兰世哲苏;
smali_classes2\androidx\compose\foundation\text\飘花落叶言子楪哲兰世苏.smali	1738	    invoke-direct {v1, v0, v5}, Ltop/suzhelan/qstory/ui/components/飘花落叶言子楪兰世哲苏;-><init>(IL飘花落叶言世子哲兰苏楪/飘花落叶言子楪世苏哲兰;)V
smali_classes2\androidx\compose\foundation\text\飘花落叶言子楪哲兰世苏.smali	1766	    invoke-static/range {v9 .. v15}, Ltop/suzhelan/qstory/ui/components/飘花落叶言子楪世苏哲兰;->飘花落叶言子楪世苏哲兰(Ljava/lang/String;Landroidx/compose/ui/飘花落叶言子楪哲苏兰世;ZL飘花落叶言世子哲兰苏楪/飘花落叶言子楪世苏哲兰;Landroidx/compose/runtime/飘花落叶言子楪苏哲世兰;II)V
smali_classes2\androidx\compose\foundation\text\飘花落叶言子楪哲兰世苏.smali	1881	    invoke-static/range {v9 .. v15}, Ltop/suzhelan/qstory/ui/components/飘花落叶言子楪世苏哲兰;->飘花落叶言子楪世苏哲兰(Ljava/lang/String;Landroidx/compose/ui/飘花落叶言子楪哲苏兰世;ZL飘花落叶言世子哲兰苏楪/飘花落叶言子楪世苏哲兰;Landroidx/compose/runtime/飘花落叶言子楪苏哲世兰;II)V
smali_classes2\androidx\compose\foundation\text\飘花落叶言子楪哲苏兰世.smali	174	    invoke-static {}, L飘花落叶言苏世兰哲子楪/飘花落叶言子楪世哲苏兰;->飘花落叶言子楪世苏哲兰()Llin/xposed/hook/javaplugin/api/QQNTPluginMethod;
smali_classes2\androidx\compose\foundation\text\飘花落叶言子楪哲苏兰世.smali	182	    invoke-virtual {v3, v0, v1, v2}, Llin/xposed/hook/javaplugin/api/QQNTPluginMethod;->sendVideo(Ljava/lang/String;Ljava/lang/String;Ljava/lang/String;)V
smali_classes2\androidx\compose\foundation\text\飘花落叶言子楪哲苏兰世.smali	249	    invoke-static {}, L飘花落叶言苏世兰哲子楪/飘花落叶言子楪世哲苏兰;->飘花落叶言子楪世苏哲兰()Llin/xposed/hook/javaplugin/api/QQNTPluginMethod;
smali_classes2\androidx\compose\foundation\text\飘花落叶言子楪哲苏兰世.smali	257	    invoke-virtual {v3, v0, v1, v2}, Llin/xposed/hook/javaplugin/api/QQNTPluginMethod;->sendCard(Ljava/lang/String;Ljava/lang/String;Ljava/lang/String;)V
smali_classes2\androidx\compose\foundation\text\飘花落叶言子楪哲苏兰世.smali	324	    invoke-static {}, L飘花落叶言苏世兰哲子楪/飘花落叶言子楪世哲苏兰;->飘花落叶言子楪世苏哲兰()Llin/xposed/hook/javaplugin/api/QQNTPluginMethod;
smali_classes2\androidx\compose\foundation\text\飘花落叶言子楪哲苏兰世.smali	332	    invoke-virtual {v3, v0, v1, v2}, Llin/xposed/hook/javaplugin/api/QQNTPluginMethod;->sendMsg(Ljava/lang/String;Ljava/lang/String;Ljava/lang/String;)V
smali_classes2\androidx\compose\foundation\text\飘花落叶言子楪哲苏兰世.smali	395	    invoke-static {}, L飘花落叶言苏世兰哲子楪/飘花落叶言子楪世哲苏兰;->飘花落叶言子楪世苏哲兰()Llin/xposed/hook/javaplugin/api/QQNTPluginMethod;
smali_classes2\androidx\compose\foundation\text\飘花落叶言子楪哲苏兰世.smali	403	    invoke-virtual {v3, v0, v1, v2}, Llin/xposed/hook/javaplugin/api/QQNTPluginMethod;->sendPic(Ljava/lang/String;Ljava/lang/String;Ljava/lang/String;)V
smali_classes2\androidx\compose\foundation\text\飘花落叶言子楪哲苏兰世.smali	466	    invoke-static {}, L飘花落叶言苏世兰哲子楪/飘花落叶言子楪世哲苏兰;->飘花落叶言子楪世苏哲兰()Llin/xposed/hook/javaplugin/api/QQNTPluginMethod;
smali_classes2\androidx\compose\foundation\text\飘花落叶言子楪哲苏兰世.smali	474	    invoke-virtual {v3, v0, v1, v2}, Llin/xposed/hook/javaplugin/api/QQNTPluginMethod;->sendVoice(Ljava/lang/String;Ljava/lang/String;Ljava/lang/String;)V
smali_classes2\androidx\compose\foundation\text\飘花落叶言子楪哲苏兰世.smali	537	    invoke-static {}, L飘花落叶言苏世兰哲子楪/飘花落叶言子楪世哲苏兰;->飘花落叶言子楪世苏哲兰()Llin/xposed/hook/javaplugin/api/QQNTPluginMethod;
smali_classes2\androidx\compose\foundation\text\飘花落叶言子楪哲苏兰世.smali	545	    invoke-virtual {v3, v0, v1, v2}, Llin/xposed/hook/javaplugin/api/QQNTPluginMethod;->sendFile(Ljava/lang/String;Ljava/lang/String;Ljava/lang/String;)V
smali_classes2\androidx\compose\foundation\text\飘花落叶言子楪哲苏兰世.smali	608	    invoke-static {}, L飘花落叶言苏世兰哲子楪/飘花落叶言子楪世哲苏兰;->飘花落叶言子楪世苏哲兰()Llin/xposed/hook/javaplugin/api/QQNTPluginMethod;
smali_classes2\androidx\compose\foundation\text\飘花落叶言子楪哲苏兰世.smali	645	    invoke-virtual {v3, v0, v1, v15}, Llin/xposed/hook/javaplugin/api/QQNTPluginMethod;->putBoolean(Ljava/lang/String;Ljava/lang/String;Z)V
smali_classes2\androidx\compose\foundation\text\飘花落叶言子楪哲苏兰世.smali	708	    invoke-static {}, L飘花落叶言苏世兰哲子楪/飘花落叶言子楪世哲苏兰;->飘花落叶言子楪世苏哲兰()Llin/xposed/hook/javaplugin/api/QQNTPluginMethod;
smali_classes2\androidx\compose\foundation\text\飘花落叶言子楪哲苏兰世.smali	732	    invoke-virtual {v3, v0, v1, v4, v5}, Llin/xposed/hook/javaplugin/api/QQNTPluginMethod;->getLong(Ljava/lang/String;Ljava/lang/String;J)J
smali_classes2\androidx\compose\foundation\text\飘花落叶言子楪哲苏兰世.smali	806	    invoke-static {}, L飘花落叶言苏世兰哲子楪/飘花落叶言子楪世哲苏兰;->飘花落叶言子楪世苏哲兰()Llin/xposed/hook/javaplugin/api/QQNTPluginMethod;
smali_classes2\androidx\compose\foundation\text\飘花落叶言子楪哲苏兰世.smali	830	    invoke-virtual {v3, v0, v1, v4, v5}, Llin/xposed/hook/javaplugin/api/QQNTPluginMethod;->getDouble(Ljava/lang/String;Ljava/lang/String;D)D
smali_classes2\androidx\compose\foundation\text\飘花落叶言子楪哲苏兰世.smali	904	    invoke-static {}, L飘花落叶言苏世兰哲子楪/飘花落叶言子楪世哲苏兰;->飘花落叶言子楪世苏哲兰()Llin/xposed/hook/javaplugin/api/QQNTPluginMethod;
smali_classes2\androidx\compose\foundation\text\飘花落叶言子楪哲苏兰世.smali	928	    invoke-virtual {v3, v0, v1, v2}, Llin/xposed/hook/javaplugin/api/QQNTPluginMethod;->getInt(Ljava/lang/String;Ljava/lang/String;I)I
smali_classes2\androidx\compose\foundation\text\飘花落叶言子楪哲苏兰世.smali	1002	    invoke-static {}, L飘花落叶言苏世兰哲子楪/飘花落叶言子楪世哲苏兰;->飘花落叶言子楪世苏哲兰()Llin/xposed/hook/javaplugin/api/QQNTPluginMethod;
smali_classes2\androidx\compose\foundation\text\飘花落叶言子楪哲苏兰世.smali	1039	    invoke-virtual {v3, v0, v1, v15}, Llin/xposed/hook/javaplugin/api/QQNTPluginMethod;->getBoolean(Ljava/lang/String;Ljava/lang/String;Z)Z
smali_classes2\androidx\compose\foundation\text\飘花落叶言子楪哲苏兰世.smali	1113	    invoke-static {}, L飘花落叶言苏世兰哲子楪/飘花落叶言子楪世哲苏兰;->飘花落叶言子楪世苏哲兰()Llin/xposed/hook/javaplugin/api/QQNTPluginMethod;
smali_classes2\androidx\compose\foundation\text\飘花落叶言子楪哲苏兰世.smali	1137	    invoke-virtual {v3, v0, v1, v2}, Llin/xposed/hook/javaplugin/api/QQNTPluginMethod;->getFloat(Ljava/lang/String;Ljava/lang/String;F)F
smali_classes2\androidx\compose\foundation\text\飘花落叶言子楪哲苏兰世.smali	1211	    invoke-static {}, L飘花落叶言苏世兰哲子楪/飘花落叶言子楪世哲苏兰;->飘花落叶言子楪世苏哲兰()Llin/xposed/hook/javaplugin/api/QQNTPluginMethod;
smali_classes2\androidx\compose\foundation\text\飘花落叶言子楪哲苏兰世.smali	1235	    invoke-virtual {v3, v0, v1, v2}, Llin/xposed/hook/javaplugin/api/QQNTPluginMethod;->putFloat(Ljava/lang/String;Ljava/lang/String;F)V
smali_classes2\androidx\compose\foundation\text\飘花落叶言子楪哲苏兰世.smali	1298	    invoke-static {}, L飘花落叶言苏世兰哲子楪/飘花落叶言子楪世哲苏兰;->飘花落叶言子楪世苏哲兰()Llin/xposed/hook/javaplugin/api/QQNTPluginMethod;
smali_classes2\androidx\compose\foundation\text\飘花落叶言子楪哲苏兰世.smali	1322	    invoke-virtual {v3, v0, v1, v4, v5}, Llin/xposed/hook/javaplugin/api/QQNTPluginMethod;->putLong(Ljava/lang/String;Ljava/lang/String;J)V
smali_classes2\androidx\compose\foundation\text\飘花落叶言子楪哲苏兰世.smali	1385	    invoke-static {}, L飘花落叶言苏世兰哲子楪/飘花落叶言子楪世哲苏兰;->飘花落叶言子楪世苏哲兰()Llin/xposed/hook/javaplugin/api/QQNTPluginMethod;
smali_classes2\androidx\compose\foundation\text\飘花落叶言子楪哲苏兰世.smali	1409	    invoke-virtual {v3, v0, v1, v2}, Llin/xposed/hook/javaplugin/api/QQNTPluginMethod;->putString(Ljava/lang/String;Ljava/lang/String;Ljava/lang/String;)V
smali_classes2\androidx\compose\foundation\text\飘花落叶言子楪哲苏兰世.smali	1472	    invoke-static {}, L飘花落叶言苏世兰哲子楪/飘花落叶言子楪世哲苏兰;->飘花落叶言子楪世苏哲兰()Llin/xposed/hook/javaplugin/api/QQNTPluginMethod;
smali_classes2\androidx\compose\foundation\text\飘花落叶言子楪哲苏兰世.smali	1496	    invoke-virtual {v3, v0, v1, v4, v5}, Llin/xposed/hook/javaplugin/api/QQNTPluginMethod;->putDouble(Ljava/lang/String;Ljava/lang/String;D)V
smali_classes2\androidx\compose\foundation\text\飘花落叶言子楪哲苏兰世.smali	1559	    invoke-static {}, L飘花落叶言苏世兰哲子楪/飘花落叶言子楪世哲苏兰;->飘花落叶言子楪世苏哲兰()Llin/xposed/hook/javaplugin/api/QQNTPluginMethod;
smali_classes2\androidx\compose\foundation\text\飘花落叶言子楪哲苏兰世.smali	1583	    invoke-virtual {v3, v0, v1, v2}, Llin/xposed/hook/javaplugin/api/QQNTPluginMethod;->putInt(Ljava/lang/String;Ljava/lang/String;I)V
smali_classes2\androidx\compose\foundation\text\飘花落叶言子楪哲苏兰世.smali	3278	    invoke-static {v1, v15}, Ltop/suzhelan/qstory/ui/components/飘花落叶言子楪世哲兰苏;->飘花落叶言子楪世苏哲兰(Landroidx/compose/runtime/飘花落叶言子楪苏哲世兰;I)V
smali_classes2\androidx\compose\foundation\text\飘花落叶言子楪哲苏兰世.smali	3283	    invoke-static {v1, v15}, Ltop/suzhelan/qstory/ui/components/飘花落叶言子楪世哲兰苏;->飘花落叶言子楪世哲苏兰(Landroidx/compose/runtime/飘花落叶言子楪苏哲世兰;I)V
smali_classes2\androidx\compose\foundation\text\飘花落叶言子楪哲苏兰世.smali	3410	    invoke-static {v1, v15}, Ltop/suzhelan/qstory/ui/components/飘花落叶言子楪世哲兰苏;->飘花落叶言子楪世苏兰哲(Landroidx/compose/runtime/飘花落叶言子楪苏哲世兰;I)V
smali_classes2\androidx\compose\foundation\text\飘花落叶言子楪哲苏兰世.smali	3436	    check-cast v0, Lio/ktor/client/plugins/飘花落叶言子楪兰世哲苏;
smali_classes2\androidx\compose\foundation\text\飘花落叶言子楪哲苏兰世.smali	3529	    check-cast v0, Lio/ktor/client/plugins/飘花落叶言子楪兰世哲苏;
smali_classes2\androidx\compose\foundation\text\飘花落叶言子楪哲苏兰世.smali	3564	    sget-object v0, Lio/ktor/client/plugins/飘花落叶言子楪哲兰世苏;->飘花落叶言子楪世苏哲兰:L飘花落叶言苏楪世子兰哲/飘花落叶言子楪世苏兰哲;
smali_classes2\androidx\compose\foundation\text\飘花落叶言子楪哲苏兰世.smali	3576	    instance-of v1, v0, Lio/ktor/client/plugins/HttpRequestTimeoutException;
smali_classes2\androidx\compose\foundation\text\飘花落叶言子苏楪兰哲世.smali	1032	    invoke-static {v4, v4, v5, v1}, Lio/ktor/client/plugins/飘花落叶言子楪哲兰苏世;->飘花落叶言子楪哲兰苏世(Lkotlin/reflect/jvm/internal/impl/types/飘花落叶言子世楪苏兰哲;Lkotlin/reflect/jvm/internal/impl/types/飘花落叶言子世楪兰哲苏;Ljava/util/LinkedHashSet;Ljava/util/Set;)V
smali_classes2\androidx\compose\runtime\飘花落叶言子世哲苏兰楪.smali	518	    check-cast v2, Ltop/suzhelan/qstory/ui/components/飘花落叶言子楪世哲苏兰;
smali_classes2\androidx\compose\runtime\飘花落叶言子世哲苏兰楪.smali	546	    invoke-virtual {v2, v3, v0}, Ltop/suzhelan/qstory/ui/components/飘花落叶言子楪世哲苏兰;->invoke(Ljava/lang/Object;Ljava/lang/Object;)Ljava/lang/Object;
smali_classes2\androidx\compose\runtime\飘花落叶言子世哲苏兰楪.smali	838	    invoke-static {v13}, Lio/ktor/client/plugins/飘花落叶言子楪哲兰苏世;->飘花落叶言子楪哲世苏兰(Ljava/lang/Class;)L飘花落叶言世楪苏子兰哲/飘花落叶言子楪世哲苏兰;
smali_classes2\androidx\compose\runtime\飘花落叶言子世哲苏兰楪.smali	1400	    invoke-static {v3}, Lio/ktor/client/plugins/飘花落叶言子楪哲兰苏世;->飘花落叶言子楪哲世苏兰(Ljava/lang/Class;)L飘花落叶言世楪苏子兰哲/飘花落叶言子楪世哲苏兰;
smali_classes2\androidx\compose\ui\platform\飘花落叶言子楪苏兰哲世.smali	118	    check-cast p0, Ltop/suzhelan/qstory/entity/QSResult;
smali_classes2\androidx\compose\ui\platform\飘花落叶言子楪苏兰哲世.smali	122	    invoke-virtual {p0}, Ltop/suzhelan/qstory/entity/QSResult;->getData()Ljava/lang/Object;
smali_classes2\androidx\compose\ui\platform\飘花落叶言子楪苏兰哲世.smali	2781	    invoke-static {}, Ltop/suzhelan/qstory/ui/activity/SettingActivity;->飘花落叶言子楪哲世兰苏()V
smali_classes2\androidx\compose\ui\platform\飘花落叶言子楪苏兰哲世.smali	2790	    sget p0, Ltop/suzhelan/plugin/sdk/online/manager/飘花落叶言子楪世苏哲兰;->飘花落叶言子楪世苏哲兰:I
smali_classes2\androidx\compose\ui\platform\飘花落叶言子楪苏兰哲世.smali	2794	    sget-object v1, Ltop/suzhelan/plugin/sdk/online/manager/飘花落叶言子楪世苏哲兰;->飘花落叶言子楪世苏兰哲:Ljava/util/LinkedHashSet;
smali_classes2\androidx\compose\ui\semantics\飘花落叶言子世楪苏兰哲.smali	374	    check-cast p0, Ltop/suzhelan/qstory/hook/item/chat/飘花落叶言子世兰哲苏楪;
smali_classes2\androidx\compose\ui\semantics\飘花落叶言子世楪苏兰哲.smali	378	    invoke-static {p0, p1}, Ltop/suzhelan/qstory/hook/item/chat/飘花落叶言子世兰哲苏楪;->飘花落叶言子楪苏哲兰世(Ltop/suzhelan/qstory/hook/item/chat/飘花落叶言子世兰哲苏楪;Ljava/lang/Object;)I
smali_classes2\androidx\compose\ui\semantics\飘花落叶言子世楪苏兰哲.smali	394	    invoke-static {p0, p2}, Ltop/suzhelan/qstory/hook/item/chat/飘花落叶言子世兰哲苏楪;->飘花落叶言子楪苏哲兰世(Ltop/suzhelan/qstory/hook/item/chat/飘花落叶言子世兰哲苏楪;Ljava/lang/Object;)I
smali_classes2\androidx\fragment\app\飘花落叶言子楪苏世哲兰.smali	851	    invoke-static {p0, v3, v2}, Llin/xposed/hook/javaplugin/PluginCallback;->onJoinTroop(Ljava/lang/String;Ljava/lang/String;Ljava/lang/String;)V
smali_classes2\androidx\fragment\app\飘花落叶言子楪苏世哲兰.smali	864	    check-cast v0, Llin/xposed/hook/javaplugin/view/menu/PluginMenuGroupView;
smali_classes2\androidx\fragment\app\飘花落叶言子楪苏世哲兰.smali	872	    check-cast v1, Llin/xposed/hook/javaplugin/controller/PluginLoader;
smali_classes2\androidx\fragment\app\飘花落叶言子楪苏世哲兰.smali	884	    invoke-static {v0, v1, p0}, Llin/xposed/hook/javaplugin/view/menu/PluginMenuGroupView;->飘花落叶言子楪世苏兰哲(Llin/xposed/hook/javaplugin/view/menu/PluginMenuGroupView;Llin/xposed/hook/javaplugin/controller/PluginLoader;Ljava/lang/String;)V
smali_classes2\androidx\fragment\app\飘花落叶言子楪苏世哲兰.smali	897	    check-cast v0, Ltop/suzhelan/qstory/hook/item/飘花落叶言子楪苏世哲兰;
smali_classes2\androidx\fragment\app\飘花落叶言子楪苏世哲兰.smali	966	    iget-object v4, v0, Ltop/suzhelan/qstory/hook/item/飘花落叶言子楪苏世哲兰;->飘花落叶言子楪哲兰世苏:L飘花落叶言世哲楪苏兰子/飘花落叶言子楪世苏哲兰;
smali_classes2\androidx\fragment\app\飘花落叶言子楪苏世哲兰.smali	1119	    iget-object v3, v0, Ltop/suzhelan/qstory/hook/item/飘花落叶言子楪苏世哲兰;->飘花落叶言子楪哲兰世苏:L飘花落叶言世哲楪苏兰子/飘花落叶言子楪世苏哲兰;
smali_classes2\androidx\fragment\app\飘花落叶言子楪苏世哲兰.smali	1168	    new-instance v1, Ltop/suzhelan/qstory/hook/item/飘花落叶言子楪世兰哲苏;
smali_classes2\androidx\fragment\app\飘花落叶言子楪苏世哲兰.smali	1172	    invoke-direct {v1, v0, p0, v2}, Ltop/suzhelan/qstory/hook/item/飘花落叶言子楪世兰哲苏;-><init>(Ltop/suzhelan/qstory/hook/item/飘花落叶言子楪苏世哲兰;L飘花落叶言苏世哲楪兰子/飘花落叶言子楪世苏哲兰;I)V
smali_classes2\androidx\fragment\app\飘花落叶言子楪苏世哲兰.smali	1177	    invoke-virtual {p0, v1}, L飘花落叶言苏世哲楪兰子/飘花落叶言子楪世苏哲兰;->飘花落叶言子楪世苏哲兰(Ltop/suzhelan/qstory/hook/item/飘花落叶言子楪世兰哲苏;)V
smali_classes2\androidx\fragment\app\飘花落叶言子楪苏世哲兰.smali	1331	    check-cast v0, Llin/xposed/hook/javaplugin/controller/PluginLoader;
smali_classes2\androidx\fragment\app\飘花落叶言子楪苏世哲兰.smali	1351	    invoke-static {v0, v1, p0}, Llin/xposed/hook/javaplugin/controller/PluginManager;->飘花落叶言子楪世苏哲兰(Llin/xposed/hook/javaplugin/controller/PluginLoader;Ljava/lang/String;[Ljava/lang/Object;)V
smali_classes2\androidx\fragment\app\飘花落叶言子苏楪兰哲世.smali	584	    check-cast p0, Llin/xposed/hook/javaplugin/view/PluginItemView;
smali_classes2\androidx\fragment\app\飘花落叶言子苏楪兰哲世.smali	592	    invoke-static {p0, p2, p1, p3}, Llin/xposed/hook/javaplugin/view/PluginItemView;->飘花落叶言子楪世哲兰苏(Llin/xposed/hook/javaplugin/view/PluginItemView;L飘花落叶言楪哲苏世子兰/飘花落叶言子世楪兰哲苏;Ljava/lang/CharSequence;I)Z
smali_classes2\androidx\fragment\app\飘花落叶言子苏楪兰哲世.smali	3147	    check-cast v0, Ltop/suzhelan/qstory/hook/item/chat/飘花落叶言子苏楪世哲兰;
smali_classes2\androidx\fragment\app\飘花落叶言子苏楪兰哲世.smali	3721	    iget-object v0, v0, Ltop/suzhelan/qstory/hook/item/chat/飘花落叶言子苏楪世哲兰;->飘花落叶言子楪哲兰苏世:Ljava/lang/reflect/Method;
smali_classes2\androidx\fragment\app\飘花落叶言子苏楪兰哲世.smali	3978	    check-cast v2, Ltop/suzhelan/qstory/hook/item/chat/飘花落叶言子世苏兰哲楪;
smali_classes2\androidx\fragment\app\飘花落叶言子苏楪兰哲世.smali	4384	    check-cast v2, Ltop/suzhelan/qstory/hook/item/chat/飘花落叶言子世楪兰哲苏;
smali_classes2\androidx\fragment\app\飘花落叶言子苏楪兰哲世.smali	4388	    sget-object v0, Ltop/suzhelan/qstory/hook/item/chat/飘花落叶言子世楪兰哲苏;->飘花落叶言子楪哲兰世苏:Ljava/util/concurrent/ConcurrentHashMap;
smali_classes2\androidx\fragment\app\飘花落叶言子苏楪兰哲世.smali	4836	    invoke-static {v0, v4}, Ltop/suzhelan/qstory/hook/item/chat/飘花落叶言子世楪兰哲苏;->飘花落叶言子楪哲世苏兰(Ljava/lang/Object;Ljava/lang/String;)Ljava/lang/Long;
smali_classes2\androidx\fragment\app\飘花落叶言子苏楪兰哲世.smali	4864	    invoke-static {v0, v6}, Ltop/suzhelan/qstory/hook/item/chat/飘花落叶言子世楪兰哲苏;->飘花落叶言子楪苏兰哲世(Ljava/lang/Object;Ljava/lang/String;)Ljava/lang/Object;
smali_classes2\androidx\fragment\app\飘花落叶言子苏楪兰哲世.smali	4960	    invoke-static {v0, v11}, Ltop/suzhelan/qstory/hook/item/chat/飘花落叶言子世楪兰哲苏;->飘花落叶言子楪苏兰哲世(Ljava/lang/Object;Ljava/lang/String;)Ljava/lang/Object;
smali_classes2\androidx\fragment\app\飘花落叶言子苏楪兰哲世.smali	5284	    new-instance v6, Ltop/suzhelan/qstory/hook/item/chat/飘花落叶言子世楪哲苏兰;
smali_classes2\androidx\fragment\app\飘花落叶言子苏楪兰哲世.smali	5288	    invoke-direct {v6, v2, v8, v4, v5}, Ltop/suzhelan/qstory/hook/item/chat/飘花落叶言子世楪哲苏兰;-><init>(Ltop/suzhelan/qstory/hook/item/chat/飘花落叶言子世楪兰哲苏;Ljava/lang/String;J)V
smali_classes2\androidx\fragment\app\飘花落叶言子苏楪兰哲世.smali	5320	    check-cast v2, Ltop/suzhelan/qstory/hook/item/chat/飘花落叶言子世楪苏兰哲;
smali_classes2\androidx\window\area\飘花落叶言子楪世兰哲苏.smali	2674	    invoke-static {p0}, Ltop/suzhelan/qstory/hook/item/飘花落叶言子楪哲苏兰世;->飘花落叶言子楪苏哲世兰(Ljava/lang/Throwable;)V
smali_classes2\androidx\window\area\飘花落叶言子楪世兰哲苏.smali	3595	    invoke-static {v6}, Lio/ktor/client/plugins/飘花落叶言子楪哲兰苏世;->飘花落叶言子苏楪兰哲世(Lkotlin/reflect/jvm/internal/impl/km/KmVariance;)Lkotlin/reflect/KVariance;
smali_classes2\androidx\window\area\飘花落叶言子楪世兰哲苏.smali	3911	    invoke-static {v5, p3, p2, v6}, Lio/ktor/client/plugins/飘花落叶言子楪哲兰苏世;->飘花落叶言子苏楪兰世哲(Lkotlin/reflect/jvm/internal/impl/km/飘花落叶言子世苏兰哲楪;Ljava/lang/ClassLoader;Lkotlin/reflect/jvm/internal/飘花落叶言楪子哲兰世苏;L飘花落叶言世子哲兰苏楪/飘花落叶言子楪世苏哲兰;)Lkotlin/reflect/jvm/internal/types/飘花落叶言子楪世苏哲兰;
smali_classes2\bsh\飘花落叶言子楪兰世哲苏.smali	81	    check-cast p0, Ltop/suzhelan/qstory/hook/item/chat/飘花落叶言子楪哲苏世兰;
smali_classes2\bsh\飘花落叶言子楪兰世哲苏.smali	85	    invoke-virtual {p0, p1}, Ltop/suzhelan/qstory/hook/item/chat/飘花落叶言子楪哲苏世兰;->invoke(Ljava/lang/Object;)Ljava/lang/Object;
smali_classes2\bsh\飘花落叶言子楪兰世哲苏.smali	109	    check-cast p0, Ltop/suzhelan/qstory/hook/item/chat/飘花落叶言子楪哲苏世兰;
smali_classes2\bsh\飘花落叶言子楪兰世哲苏.smali	113	    invoke-virtual {p0, p1}, Ltop/suzhelan/qstory/hook/item/chat/飘花落叶言子楪哲苏世兰;->invoke(Ljava/lang/Object;)Ljava/lang/Object;
smali_classes2\bsh\飘花落叶言子楪苏哲兰世.smali	1998	    iget-object v0, v0, L飘花落叶言苏世哲楪兰子/飘花落叶言子楪世哲苏兰;->飘花落叶言子楪世兰哲苏:Ltop/suzhelan/qstory/hook/item/飘花落叶言子楪世兰哲苏;
smali_classes2\bsh\飘花落叶言子楪苏哲兰世.smali	2202	    invoke-virtual {v0, v1}, Ltop/suzhelan/qstory/hook/item/飘花落叶言子楪世兰哲苏;->飘花落叶言子楪世苏哲兰(Ljava/lang/String;)V
smali_classes2\com\alibaba\fastjson2\飘花落叶言子哲苏世兰楪.smali	1020	    invoke-static {p0}, Lio/ktor/client/plugins/飘花落叶言子楪哲兰苏世;->飘花落叶言子楪兰苏世哲(Lkotlin/reflect/jvm/internal/impl/types/飘花落叶言子世楪苏兰哲;)L飘花落叶言世楪子苏兰哲/飘花落叶言子楪苏世兰哲;
smali_classes2\com\alibaba\fastjson2\飘花落叶言子哲苏世兰楪.smali	1227	    invoke-static {p0}, Lio/ktor/client/plugins/飘花落叶言子楪哲兰苏世;->飘花落叶言子楪兰苏世哲(Lkotlin/reflect/jvm/internal/impl/types/飘花落叶言子世楪苏兰哲;)L飘花落叶言世楪子苏兰哲/飘花落叶言子楪苏世兰哲;
smali_classes2\com\alibaba\fastjson2\飘花落叶言子哲苏世兰楪.smali	2134	    invoke-static {p0}, Lio/ktor/client/plugins/飘花落叶言子楪哲兰苏世;->飘花落叶言子世兰苏哲楪(Lkotlin/reflect/jvm/internal/impl/types/飘花落叶言子世楪苏兰哲;)Lkotlin/reflect/jvm/internal/impl/types/飘花落叶言子苏楪兰哲世;
smali_classes2\com\alibaba\fastjson2\飘花落叶言子哲苏世兰楪.smali	2696	    invoke-static {v1}, Lio/ktor/client/plugins/飘花落叶言子楪哲兰苏世;->飘花落叶言子世楪苏兰哲(Lkotlin/reflect/jvm/internal/impl/descriptors/飘花落叶言子世哲苏兰楪;)Lkotlin/reflect/jvm/internal/impl/types/飘花落叶言子世楪苏兰哲;
smali_classes2\com\alibaba\fastjson2\飘花落叶言子哲苏世兰楪.smali	2716	    invoke-static {p2}, Lio/ktor/client/plugins/飘花落叶言子楪哲兰苏世;->飘花落叶言子世苏哲楪兰(Lkotlin/reflect/jvm/internal/impl/types/飘花落叶言子世楪苏兰哲;)Lkotlin/reflect/jvm/internal/impl/types/飘花落叶言子苏楪兰哲世;
smali_classes2\com\alibaba\fastjson2\飘花落叶言子哲苏世兰楪.smali	4055	    new-instance v1, Ltop/suzhelan/qstory/hook/api/飘花落叶言子楪世苏兰哲;
smali_classes2\com\alibaba\fastjson2\飘花落叶言子哲苏世兰楪.smali	4059	    invoke-direct {v1}, Ltop/suzhelan/qstory/hook/api/飘花落叶言子楪世苏兰哲;-><init>()V
smali_classes2\com\alibaba\fastjson2\飘花落叶言子哲苏世兰楪.smali	4086	    new-instance v1, Ltop/suzhelan/qstory/hook/api/飘花落叶言子楪世哲兰苏;
smali_classes2\com\alibaba\fastjson2\飘花落叶言子哲苏世兰楪.smali	4090	    invoke-direct {v1}, Ltop/suzhelan/qstory/hook/api/飘花落叶言子楪世哲兰苏;-><init>()V
smali_classes2\com\alibaba\fastjson2\飘花落叶言子哲苏世兰楪.smali	4117	    new-instance v1, Ltop/suzhelan/qstory/hook/api/飘花落叶言子楪世兰苏哲;
smali_classes2\com\alibaba\fastjson2\飘花落叶言子哲苏世兰楪.smali	4121	    invoke-direct {v1}, Ltop/suzhelan/qstory/hook/api/飘花落叶言子楪世兰苏哲;-><init>()V
smali_classes2\com\alibaba\fastjson2\飘花落叶言子哲苏世兰楪.smali	4148	    new-instance v1, Ltop/suzhelan/qstory/hook/api/飘花落叶言子楪苏世兰哲;
smali_classes2\com\alibaba\fastjson2\飘花落叶言子哲苏世兰楪.smali	4152	    invoke-direct {v1}, Ltop/suzhelan/qstory/hook/api/飘花落叶言子楪苏世兰哲;-><init>()V
smali_classes2\com\alibaba\fastjson2\飘花落叶言子哲苏世兰楪.smali	4179	    new-instance v1, Ltop/suzhelan/qstory/hook/api/飘花落叶言子楪哲苏世兰;
smali_classes2\com\alibaba\fastjson2\飘花落叶言子哲苏世兰楪.smali	4183	    invoke-direct {v1}, Ltop/suzhelan/qstory/hook/api/飘花落叶言子楪哲苏世兰;-><init>()V
smali_classes2\com\alibaba\fastjson2\飘花落叶言子哲苏世兰楪.smali	4210	    new-instance v1, Ltop/suzhelan/qstory/hook/api/飘花落叶言子楪哲兰世苏;
smali_classes2\com\alibaba\fastjson2\飘花落叶言子哲苏世兰楪.smali	4214	    invoke-direct {v1}, Ltop/suzhelan/qstory/hook/api/飘花落叶言子楪哲兰世苏;-><init>()V
smali_classes2\com\alibaba\fastjson2\飘花落叶言子哲苏世兰楪.smali	4241	    new-instance v1, Ltop/suzhelan/qstory/hook/item/飘花落叶言子楪世苏哲兰;
smali_classes2\com\alibaba\fastjson2\飘花落叶言子哲苏世兰楪.smali	4245	    invoke-direct {v1}, Ltop/suzhelan/qstory/hook/item/飘花落叶言子楪世苏哲兰;-><init>()V
smali_classes2\com\alibaba\fastjson2\飘花落叶言子哲苏世兰楪.smali	4272	    new-instance v1, Ltop/suzhelan/qstory/hook/item/飘花落叶言子楪苏世兰哲;
smali_classes2\com\alibaba\fastjson2\飘花落叶言子哲苏世兰楪.smali	4276	    invoke-direct {v1}, Ltop/suzhelan/qstory/hook/item/飘花落叶言子楪苏世兰哲;-><init>()V
smali_classes2\com\alibaba\fastjson2\飘花落叶言子哲苏世兰楪.smali	4303	    new-instance v1, Ltop/suzhelan/qstory/hook/item/飘花落叶言子楪苏哲世兰;
smali_classes2\com\alibaba\fastjson2\飘花落叶言子哲苏世兰楪.smali	4307	    invoke-direct {v1}, Ltop/suzhelan/qstory/hook/item/飘花落叶言子楪苏哲世兰;-><init>()V
smali_classes2\com\alibaba\fastjson2\飘花落叶言子哲苏世兰楪.smali	4334	    new-instance v1, Ltop/suzhelan/qstory/hook/item/飘花落叶言子楪苏兰世哲;
smali_classes2\com\alibaba\fastjson2\飘花落叶言子哲苏世兰楪.smali	4338	    invoke-direct {v1}, Ltop/suzhelan/qstory/hook/item/飘花落叶言子楪苏兰世哲;-><init>()V
smali_classes2\com\alibaba\fastjson2\飘花落叶言子哲苏世兰楪.smali	4365	    new-instance v1, Ltop/suzhelan/qstory/hook/item/飘花落叶言子楪苏兰哲世;
smali_classes2\com\alibaba\fastjson2\飘花落叶言子哲苏世兰楪.smali	4369	    invoke-direct {v1}, Ltop/suzhelan/qstory/hook/item/飘花落叶言子楪苏兰哲世;-><init>()V
smali_classes2\com\alibaba\fastjson2\飘花落叶言子哲苏世兰楪.smali	4396	    new-instance v1, Ltop/suzhelan/qstory/hook/item/飘花落叶言子楪哲世苏兰;
smali_classes2\com\alibaba\fastjson2\飘花落叶言子哲苏世兰楪.smali	4400	    invoke-direct {v1}, Ltop/suzhelan/qstory/hook/item/飘花落叶言子楪哲世苏兰;-><init>()V
smali_classes2\com\alibaba\fastjson2\飘花落叶言子哲苏世兰楪.smali	4427	    new-instance v1, Ltop/suzhelan/qstory/hook/item/飘花落叶言子楪哲世兰苏;
smali_classes2\com\alibaba\fastjson2\飘花落叶言子哲苏世兰楪.smali	4431	    invoke-direct {v1}, Ltop/suzhelan/qstory/hook/item/飘花落叶言子楪哲世兰苏;-><init>()V
smali_classes2\com\alibaba\fastjson2\飘花落叶言子哲苏世兰楪.smali	4458	    new-instance v1, Ltop/suzhelan/qstory/hook/item/chat/飘花落叶言子楪世苏兰哲;
smali_classes2\com\alibaba\fastjson2\飘花落叶言子哲苏世兰楪.smali	4462	    invoke-direct {v1}, Ltop/suzhelan/qstory/hook/item/chat/飘花落叶言子楪世苏兰哲;-><init>()V
smali_classes2\com\alibaba\fastjson2\飘花落叶言子哲苏世兰楪.smali	4489	    new-instance v1, Ltop/suzhelan/qstory/hook/item/chat/飘花落叶言子楪世哲兰苏;
smali_classes2\com\alibaba\fastjson2\飘花落叶言子哲苏世兰楪.smali	4493	    invoke-direct {v1}, Ltop/suzhelan/qstory/hook/item/chat/飘花落叶言子楪世哲兰苏;-><init>()V
smali_classes2\com\alibaba\fastjson2\飘花落叶言子哲苏世兰楪.smali	4520	    new-instance v1, Ltop/suzhelan/qstory/hook/item/chat/飘花落叶言子楪世兰苏哲;
smali_classes2\com\alibaba\fastjson2\飘花落叶言子哲苏世兰楪.smali	4524	    invoke-direct {v1}, Ltop/suzhelan/qstory/hook/item/chat/飘花落叶言子楪世兰苏哲;-><init>()V
smali_classes2\com\alibaba\fastjson2\飘花落叶言子哲苏世兰楪.smali	4551	    new-instance v1, Ltop/suzhelan/qstory/hook/item/chat/飘花落叶言子楪苏兰世哲;
smali_classes2\com\alibaba\fastjson2\飘花落叶言子哲苏世兰楪.smali	4555	    invoke-direct {v1}, Ltop/suzhelan/qstory/hook/item/chat/飘花落叶言子楪苏兰世哲;-><init>()V
smali_classes2\com\alibaba\fastjson2\飘花落叶言子哲苏世兰楪.smali	4582	    new-instance v1, Ltop/suzhelan/qstory/hook/item/chat/飘花落叶言子楪哲世兰苏;
smali_classes2\com\alibaba\fastjson2\飘花落叶言子哲苏世兰楪.smali	4586	    invoke-direct {v1}, Ltop/suzhelan/qstory/hook/item/chat/飘花落叶言子楪哲世兰苏;-><init>()V
smali_classes2\com\alibaba\fastjson2\飘花落叶言子哲苏世兰楪.smali	4613	    new-instance v1, Ltop/suzhelan/qstory/hook/item/chat/飘花落叶言子楪哲苏兰世;
smali_classes2\com\alibaba\fastjson2\飘花落叶言子哲苏世兰楪.smali	4617	    invoke-direct {v1}, Ltop/suzhelan/qstory/hook/item/chat/飘花落叶言子楪哲苏兰世;-><init>()V
smali_classes2\com\alibaba\fastjson2\飘花落叶言子哲苏世兰楪.smali	4644	    new-instance v1, Ltop/suzhelan/qstory/hook/item/chat/飘花落叶言子楪哲兰世苏;
smali_classes2\com\alibaba\fastjson2\飘花落叶言子哲苏世兰楪.smali	4648	    invoke-direct {v1}, Ltop/suzhelan/qstory/hook/item/chat/飘花落叶言子楪哲兰世苏;-><init>()V
smali_classes2\com\alibaba\fastjson2\飘花落叶言子哲苏世兰楪.smali	4675	    new-instance v1, Ltop/suzhelan/qstory/hook/item/chat/飘花落叶言子楪兰世哲苏;
smali_classes2\com\alibaba\fastjson2\飘花落叶言子哲苏世兰楪.smali	4679	    invoke-direct {v1}, Ltop/suzhelan/qstory/hook/item/chat/飘花落叶言子楪兰世哲苏;-><init>()V
smali_classes2\com\alibaba\fastjson2\飘花落叶言子哲苏世兰楪.smali	4706	    new-instance v1, Ltop/suzhelan/qstory/hook/item/chat/飘花落叶言子楪兰苏哲世;
smali_classes2\com\alibaba\fastjson2\飘花落叶言子哲苏世兰楪.smali	4710	    invoke-direct {v1}, Ltop/suzhelan/qstory/hook/item/chat/飘花落叶言子楪兰苏哲世;-><init>()V
smali_classes2\com\alibaba\fastjson2\飘花落叶言子哲苏世兰楪.smali	4737	    new-instance v1, Ltop/suzhelan/qstory/hook/item/chat/飘花落叶言子楪兰哲世苏;
smali_classes2\com\alibaba\fastjson2\飘花落叶言子哲苏世兰楪.smali	4741	    invoke-direct {v1}, Ltop/suzhelan/qstory/hook/item/chat/飘花落叶言子楪兰哲世苏;-><init>()V
smali_classes2\com\alibaba\fastjson2\飘花落叶言子哲苏世兰楪.smali	4768	    new-instance v1, Ltop/suzhelan/qstory/hook/item/chat/飘花落叶言子楪兰哲苏世;
smali_classes2\com\alibaba\fastjson2\飘花落叶言子哲苏世兰楪.smali	4772	    invoke-direct {v1}, Ltop/suzhelan/qstory/hook/item/chat/飘花落叶言子楪兰哲苏世;-><init>()V
smali_classes2\com\alibaba\fastjson2\飘花落叶言子哲苏世兰楪.smali	4799	    new-instance v1, Ltop/suzhelan/qstory/hook/item/chat/飘花落叶言子世楪苏兰哲;
smali_classes2\com\alibaba\fastjson2\飘花落叶言子哲苏世兰楪.smali	4803	    invoke-direct {v1}, Ltop/suzhelan/qstory/hook/item/chat/飘花落叶言子世楪苏兰哲;-><init>()V
smali_classes2\com\alibaba\fastjson2\飘花落叶言子哲苏世兰楪.smali	4830	    new-instance v1, Ltop/suzhelan/qstory/hook/item/chat/飘花落叶言子世楪兰哲苏;
smali_classes2\com\alibaba\fastjson2\飘花落叶言子哲苏世兰楪.smali	4834	    invoke-direct {v1}, Ltop/suzhelan/qstory/hook/item/chat/飘花落叶言子世楪兰哲苏;-><init>()V
smali_classes2\com\alibaba\fastjson2\飘花落叶言子哲苏世兰楪.smali	4861	    new-instance v1, Ltop/suzhelan/qstory/hook/item/chat/飘花落叶言子世苏楪兰哲;
smali_classes2\com\alibaba\fastjson2\飘花落叶言子哲苏世兰楪.smali	4865	    invoke-direct {v1}, Ltop/suzhelan/qstory/hook/item/chat/飘花落叶言子世苏楪兰哲;-><init>()V
smali_classes2\com\alibaba\fastjson2\飘花落叶言子哲苏世兰楪.smali	4892	    new-instance v1, Ltop/suzhelan/qstory/hook/item/chat/飘花落叶言子世苏哲楪兰;
smali_classes2\com\alibaba\fastjson2\飘花落叶言子哲苏世兰楪.smali	4896	    invoke-direct {v1}, Ltop/suzhelan/qstory/hook/item/chat/飘花落叶言子世苏哲楪兰;-><init>()V
smali_classes2\com\alibaba\fastjson2\飘花落叶言子哲苏世兰楪.smali	4923	    new-instance v1, Ltop/suzhelan/qstory/hook/item/chat/飘花落叶言子世苏哲兰楪;
smali_classes2\com\alibaba\fastjson2\飘花落叶言子哲苏世兰楪.smali	4927	    invoke-direct {v1}, Ltop/suzhelan/qstory/hook/item/chat/飘花落叶言子世苏哲兰楪;-><init>()V
smali_classes2\com\alibaba\fastjson2\飘花落叶言子哲苏世兰楪.smali	4954	    new-instance v1, Ltop/suzhelan/qstory/hook/item/飘花落叶言子苏兰楪哲世;
smali_classes2\com\alibaba\fastjson2\飘花落叶言子哲苏世兰楪.smali	4958	    invoke-direct {v1}, Ltop/suzhelan/qstory/hook/item/飘花落叶言子苏兰楪哲世;-><init>()V
smali_classes2\com\alibaba\fastjson2\飘花落叶言子哲苏世兰楪.smali	4985	    new-instance v1, Ltop/suzhelan/qstory/hook/item/chat/飘花落叶言子世苏兰哲楪;
smali_classes2\com\alibaba\fastjson2\飘花落叶言子哲苏世兰楪.smali	4989	    invoke-direct {v1}, Ltop/suzhelan/qstory/hook/item/chat/飘花落叶言子世苏兰哲楪;-><init>()V
smali_classes2\com\alibaba\fastjson2\飘花落叶言子哲苏世兰楪.smali	5016	    new-instance v1, Ltop/suzhelan/qstory/hook/item/chat/飘花落叶言子世哲兰苏楪;
smali_classes2\com\alibaba\fastjson2\飘花落叶言子哲苏世兰楪.smali	5020	    invoke-direct {v1}, Ltop/suzhelan/qstory/hook/item/chat/飘花落叶言子世哲兰苏楪;-><init>()V
smali_classes2\com\alibaba\fastjson2\飘花落叶言子哲苏世兰楪.smali	5047	    new-instance v1, Ltop/suzhelan/qstory/hook/item/chat/飘花落叶言子世兰楪苏哲;
smali_classes2\com\alibaba\fastjson2\飘花落叶言子哲苏世兰楪.smali	5051	    invoke-direct {v1}, Ltop/suzhelan/qstory/hook/item/chat/飘花落叶言子世兰楪苏哲;-><init>()V
smali_classes2\com\alibaba\fastjson2\飘花落叶言子哲苏世兰楪.smali	5078	    new-instance v1, Ltop/suzhelan/qstory/hook/item/chat/飘花落叶言子世兰苏楪哲;
smali_classes2\com\alibaba\fastjson2\飘花落叶言子哲苏世兰楪.smali	5082	    invoke-direct {v1}, Ltop/suzhelan/qstory/hook/item/chat/飘花落叶言子世兰苏楪哲;-><init>()V
smali_classes2\com\alibaba\fastjson2\飘花落叶言子哲苏世兰楪.smali	5109	    new-instance v1, Ltop/suzhelan/qstory/hook/item/chat/飘花落叶言子世兰苏哲楪;
smali_classes2\com\alibaba\fastjson2\飘花落叶言子哲苏世兰楪.smali	5113	    invoke-direct {v1}, Ltop/suzhelan/qstory/hook/item/chat/飘花落叶言子世兰苏哲楪;-><init>()V
smali_classes2\com\alibaba\fastjson2\飘花落叶言子哲苏世兰楪.smali	5140	    new-instance v1, Ltop/suzhelan/qstory/hook/item/chat/飘花落叶言子世兰哲楪苏;
smali_classes2\com\alibaba\fastjson2\飘花落叶言子哲苏世兰楪.smali	5144	    invoke-direct {v1}, Ltop/suzhelan/qstory/hook/item/chat/飘花落叶言子世兰哲楪苏;-><init>()V
smali_classes2\com\alibaba\fastjson2\飘花落叶言子哲苏世兰楪.smali	5171	    new-instance v1, Ltop/suzhelan/qstory/hook/item/chat/飘花落叶言子世兰哲苏楪;
smali_classes2\com\alibaba\fastjson2\飘花落叶言子哲苏世兰楪.smali	5175	    invoke-direct {v1}, Ltop/suzhelan/qstory/hook/item/chat/飘花落叶言子世兰哲苏楪;-><init>()V
smali_classes2\com\alibaba\fastjson2\飘花落叶言子哲苏世兰楪.smali	5202	    new-instance v1, Ltop/suzhelan/qstory/hook/item/chat/飘花落叶言子苏楪世哲兰;
smali_classes2\com\alibaba\fastjson2\飘花落叶言子哲苏世兰楪.smali	5206	    invoke-direct {v1}, Ltop/suzhelan/qstory/hook/item/chat/飘花落叶言子苏楪世哲兰;-><init>()V
smali_classes2\com\alibaba\fastjson2\飘花落叶言子哲苏世兰楪.smali	5233	    new-instance v1, Ltop/suzhelan/qstory/hook/item/飘花落叶言子楪哲苏世兰;
smali_classes2\com\alibaba\fastjson2\飘花落叶言子哲苏世兰楪.smali	5237	    invoke-direct {v1}, Ltop/suzhelan/qstory/hook/item/飘花落叶言子楪哲苏世兰;-><init>()V
smali_classes2\com\alibaba\fastjson2\飘花落叶言子哲苏世兰楪.smali	5264	    new-instance v1, Ltop/suzhelan/qstory/hook/item/飘花落叶言子楪哲兰世苏;
smali_classes2\com\alibaba\fastjson2\飘花落叶言子哲苏世兰楪.smali	5268	    invoke-direct {v1}, Ltop/suzhelan/qstory/hook/item/飘花落叶言子楪哲兰世苏;-><init>()V
smali_classes2\com\alibaba\fastjson2\飘花落叶言子哲苏世兰楪.smali	5295	    new-instance v1, Ltop/suzhelan/qstory/hook/item/飘花落叶言子楪兰世哲苏;
smali_classes2\com\alibaba\fastjson2\飘花落叶言子哲苏世兰楪.smali	5299	    invoke-direct {v1}, Ltop/suzhelan/qstory/hook/item/飘花落叶言子楪兰世哲苏;-><init>()V
smali_classes2\com\alibaba\fastjson2\飘花落叶言子哲苏世兰楪.smali	5326	    new-instance v1, Ltop/suzhelan/qstory/hook/item/飘花落叶言子楪兰哲世苏;
smali_classes2\com\alibaba\fastjson2\飘花落叶言子哲苏世兰楪.smali	5330	    invoke-direct {v1}, Ltop/suzhelan/qstory/hook/item/飘花落叶言子楪兰哲世苏;-><init>()V
smali_classes2\com\alibaba\fastjson2\飘花落叶言子哲苏世兰楪.smali	5357	    new-instance v1, Ltop/suzhelan/qstory/hook/item/飘花落叶言子楪兰哲苏世;
smali_classes2\com\alibaba\fastjson2\飘花落叶言子哲苏世兰楪.smali	5361	    invoke-direct {v1}, Ltop/suzhelan/qstory/hook/item/飘花落叶言子楪兰哲苏世;-><init>()V
smali_classes2\com\alibaba\fastjson2\飘花落叶言子哲苏世兰楪.smali	5388	    new-instance v1, Ltop/suzhelan/qstory/hook/item/飘花落叶言子世楪苏兰哲;
smali_classes2\com\alibaba\fastjson2\飘花落叶言子哲苏世兰楪.smali	5392	    invoke-direct {v1}, Ltop/suzhelan/qstory/hook/item/飘花落叶言子世楪苏兰哲;-><init>()V
smali_classes2\com\alibaba\fastjson2\飘花落叶言子哲苏世兰楪.smali	5419	    new-instance v1, Ltop/suzhelan/qstory/hook/item/飘花落叶言子世楪哲苏兰;
smali_classes2\com\alibaba\fastjson2\飘花落叶言子哲苏世兰楪.smali	5423	    invoke-direct {v1}, Ltop/suzhelan/qstory/hook/item/飘花落叶言子世楪哲苏兰;-><init>()V
smali_classes2\com\alibaba\fastjson2\飘花落叶言子哲苏世兰楪.smali	5450	    new-instance v1, Ltop/suzhelan/qstory/hook/item/飘花落叶言子世楪哲兰苏;
smali_classes2\com\alibaba\fastjson2\飘花落叶言子哲苏世兰楪.smali	5454	    invoke-direct {v1}, Ltop/suzhelan/qstory/hook/item/飘花落叶言子世楪哲兰苏;-><init>()V
smali_classes2\com\alibaba\fastjson2\飘花落叶言子哲苏世兰楪.smali	5481	    new-instance v1, Ltop/suzhelan/qstory/hook/item/飘花落叶言子世楪兰哲苏;
smali_classes2\com\alibaba\fastjson2\飘花落叶言子哲苏世兰楪.smali	5485	    invoke-direct {v1}, Ltop/suzhelan/qstory/hook/item/飘花落叶言子世楪兰哲苏;-><init>()V
smali_classes2\com\alibaba\fastjson2\飘花落叶言子哲苏世兰楪.smali	5512	    new-instance v1, Ltop/suzhelan/qstory/hook/item/飘花落叶言子苏楪世兰哲;
smali_classes2\com\alibaba\fastjson2\飘花落叶言子哲苏世兰楪.smali	5516	    invoke-direct {v1}, Ltop/suzhelan/qstory/hook/item/飘花落叶言子苏楪世兰哲;-><init>()V
smali_classes2\com\alibaba\fastjson2\飘花落叶言子哲苏世兰楪.smali	5543	    new-instance v1, Ltop/suzhelan/qstory/hook/item/飘花落叶言子世苏楪哲兰;
smali_classes2\com\alibaba\fastjson2\飘花落叶言子哲苏世兰楪.smali	5547	    invoke-direct {v1}, Ltop/suzhelan/qstory/hook/item/飘花落叶言子世苏楪哲兰;-><init>()V
smali_classes2\com\alibaba\fastjson2\飘花落叶言子哲苏世兰楪.smali	5574	    new-instance v1, Ltop/suzhelan/qstory/hook/item/飘花落叶言子世苏楪兰哲;
smali_classes2\com\alibaba\fastjson2\飘花落叶言子哲苏世兰楪.smali	5578	    invoke-direct {v1}, Ltop/suzhelan/qstory/hook/item/飘花落叶言子世苏楪兰哲;-><init>()V
smali_classes2\com\alibaba\fastjson2\飘花落叶言子哲苏世兰楪.smali	5605	    new-instance v1, Ltop/suzhelan/qstory/hook/item/飘花落叶言子世苏兰楪哲;
smali_classes2\com\alibaba\fastjson2\飘花落叶言子哲苏世兰楪.smali	5609	    invoke-direct {v1}, Ltop/suzhelan/qstory/hook/item/飘花落叶言子世苏兰楪哲;-><init>()V
smali_classes2\com\alibaba\fastjson2\飘花落叶言子哲苏世兰楪.smali	5729	    new-instance v1, Ltop/suzhelan/qstory/hook/item/飘花落叶言子世苏兰哲楪;
smali_classes2\com\alibaba\fastjson2\飘花落叶言子哲苏世兰楪.smali	5733	    invoke-direct {v1}, Ltop/suzhelan/qstory/hook/item/飘花落叶言子世苏兰哲楪;-><init>()V
smali_classes2\com\alibaba\fastjson2\飘花落叶言子哲苏世兰楪.smali	5760	    new-instance v1, Ltop/suzhelan/qstory/hook/item/飘花落叶言子世哲楪兰苏;
smali_classes2\com\alibaba\fastjson2\飘花落叶言子哲苏世兰楪.smali	5764	    invoke-direct {v1}, Ltop/suzhelan/qstory/hook/item/飘花落叶言子世哲楪兰苏;-><init>()V
smali_classes2\com\alibaba\fastjson2\飘花落叶言子哲苏世兰楪.smali	5791	    new-instance v1, Ltop/suzhelan/qstory/hook/item/飘花落叶言子世哲苏兰楪;
smali_classes2\com\alibaba\fastjson2\飘花落叶言子哲苏世兰楪.smali	5795	    invoke-direct {v1}, Ltop/suzhelan/qstory/hook/item/飘花落叶言子世哲苏兰楪;-><init>()V
smali_classes2\com\alibaba\fastjson2\飘花落叶言子哲苏世兰楪.smali	5822	    new-instance v1, Ltop/suzhelan/qstory/hook/item/飘花落叶言子世兰楪苏哲;
smali_classes2\com\alibaba\fastjson2\飘花落叶言子哲苏世兰楪.smali	5826	    invoke-direct {v1}, Ltop/suzhelan/qstory/hook/item/飘花落叶言子世兰楪苏哲;-><init>()V
smali_classes2\com\alibaba\fastjson2\飘花落叶言子哲苏世兰楪.smali	5853	    new-instance v1, Ltop/suzhelan/qstory/hook/item/飘花落叶言子世兰楪哲苏;
smali_classes2\com\alibaba\fastjson2\飘花落叶言子哲苏世兰楪.smali	5857	    invoke-direct {v1}, Ltop/suzhelan/qstory/hook/item/飘花落叶言子世兰楪哲苏;-><init>()V
smali_classes2\com\alibaba\fastjson2\飘花落叶言子哲苏世兰楪.smali	5884	    new-instance v1, Ltop/suzhelan/qstory/hook/item/飘花落叶言子世兰苏楪哲;
smali_classes2\com\alibaba\fastjson2\飘花落叶言子哲苏世兰楪.smali	5888	    invoke-direct {v1}, Ltop/suzhelan/qstory/hook/item/飘花落叶言子世兰苏楪哲;-><init>()V
smali_classes2\com\alibaba\fastjson2\飘花落叶言子哲苏世兰楪.smali	5915	    new-instance v1, Ltop/suzhelan/qstory/hook/item/飘花落叶言子世兰苏哲楪;
smali_classes2\com\alibaba\fastjson2\飘花落叶言子哲苏世兰楪.smali	5919	    invoke-direct {v1}, Ltop/suzhelan/qstory/hook/item/飘花落叶言子世兰苏哲楪;-><init>()V
smali_classes2\com\alibaba\fastjson2\飘花落叶言子哲苏世兰楪.smali	5946	    new-instance v1, Ltop/suzhelan/qstory/hook/item/飘花落叶言子世兰哲苏楪;
smali_classes2\com\alibaba\fastjson2\飘花落叶言子哲苏世兰楪.smali	5950	    invoke-direct {v1}, Ltop/suzhelan/qstory/hook/item/飘花落叶言子世兰哲苏楪;-><init>()V
smali_classes2\com\alibaba\fastjson2\飘花落叶言子哲苏世兰楪.smali	5977	    new-instance v1, Ltop/suzhelan/qstory/hook/item/飘花落叶言子苏楪哲世兰;
smali_classes2\com\alibaba\fastjson2\飘花落叶言子哲苏世兰楪.smali	5981	    invoke-direct {v1}, Ltop/suzhelan/qstory/hook/item/飘花落叶言子苏楪哲世兰;-><init>()V
smali_classes2\com\alibaba\fastjson2\飘花落叶言子哲苏世兰楪.smali	6039	    new-instance v1, Ltop/suzhelan/qstory/hook/item/飘花落叶言子苏楪哲兰世;
smali_classes2\com\alibaba\fastjson2\飘花落叶言子哲苏世兰楪.smali	6043	    invoke-direct {v1}, Ltop/suzhelan/qstory/hook/item/飘花落叶言子苏楪哲兰世;-><init>()V
smali_classes2\com\alibaba\fastjson2\飘花落叶言子哲苏世兰楪.smali	6070	    new-instance v1, Ltop/suzhelan/qstory/hook/item/飘花落叶言子苏楪兰世哲;
smali_classes2\com\alibaba\fastjson2\飘花落叶言子哲苏世兰楪.smali	6074	    invoke-direct {v1}, Ltop/suzhelan/qstory/hook/item/飘花落叶言子苏楪兰世哲;-><init>()V
smali_classes2\com\alibaba\fastjson2\飘花落叶言子哲苏世兰楪.smali	6101	    new-instance v1, Ltop/suzhelan/qstory/hook/item/飘花落叶言子苏世楪哲兰;
smali_classes2\com\alibaba\fastjson2\飘花落叶言子哲苏世兰楪.smali	6105	    invoke-direct {v1}, Ltop/suzhelan/qstory/hook/item/飘花落叶言子苏世楪哲兰;-><init>()V
smali_classes2\com\alibaba\fastjson2\飘花落叶言子哲苏世兰楪.smali	6132	    new-instance v1, Ltop/suzhelan/qstory/hook/item/飘花落叶言子苏世楪兰哲;
smali_classes2\com\alibaba\fastjson2\飘花落叶言子哲苏世兰楪.smali	6136	    invoke-direct {v1}, Ltop/suzhelan/qstory/hook/item/飘花落叶言子苏世楪兰哲;-><init>()V
smali_classes2\com\alibaba\fastjson2\飘花落叶言子哲苏世兰楪.smali	6225	    new-instance v1, Ltop/suzhelan/qstory/hook/item/飘花落叶言子苏世兰楪哲;
smali_classes2\com\alibaba\fastjson2\飘花落叶言子哲苏世兰楪.smali	6229	    invoke-direct {v1}, Ltop/suzhelan/qstory/hook/item/飘花落叶言子苏世兰楪哲;-><init>()V
smali_classes2\com\alibaba\fastjson2\飘花落叶言子哲苏世兰楪.smali	6256	    new-instance v1, Ltop/suzhelan/qstory/hook/item/飘花落叶言子苏世兰哲楪;
smali_classes2\com\alibaba\fastjson2\飘花落叶言子哲苏世兰楪.smali	6260	    invoke-direct {v1}, Ltop/suzhelan/qstory/hook/item/飘花落叶言子苏世兰哲楪;-><init>()V
smali_classes2\com\alibaba\fastjson2\飘花落叶言子哲苏世兰楪.smali	6287	    new-instance v1, Ltop/suzhelan/qstory/hook/item/飘花落叶言子苏哲楪世兰;
smali_classes2\com\alibaba\fastjson2\飘花落叶言子哲苏世兰楪.smali	6291	    invoke-direct {v1}, Ltop/suzhelan/qstory/hook/item/飘花落叶言子苏哲楪世兰;-><init>()V
smali_classes2\com\alibaba\fastjson2\飘花落叶言子哲苏世兰楪.smali	6318	    new-instance v1, Ltop/suzhelan/qstory/hook/item/飘花落叶言子苏哲楪兰世;
smali_classes2\com\alibaba\fastjson2\飘花落叶言子哲苏世兰楪.smali	6322	    invoke-direct {v1}, Ltop/suzhelan/qstory/hook/item/飘花落叶言子苏哲楪兰世;-><init>()V
smali_classes2\com\alibaba\fastjson2\飘花落叶言子哲苏世兰楪.smali	6349	    new-instance v1, Ltop/suzhelan/qstory/hook/item/飘花落叶言子苏哲世兰楪;
smali_classes2\com\alibaba\fastjson2\飘花落叶言子哲苏世兰楪.smali	6353	    invoke-direct {v1}, Ltop/suzhelan/qstory/hook/item/飘花落叶言子苏哲世兰楪;-><init>()V
smali_classes2\com\alibaba\fastjson2\飘花落叶言子哲苏世兰楪.smali	6380	    new-instance v1, Ltop/suzhelan/qstory/hook/item/飘花落叶言子苏哲兰楪世;
smali_classes2\com\alibaba\fastjson2\飘花落叶言子哲苏世兰楪.smali	6384	    invoke-direct {v1}, Ltop/suzhelan/qstory/hook/item/飘花落叶言子苏哲兰楪世;-><init>()V
smali_classes2\com\alibaba\fastjson2\飘花落叶言子哲苏世兰楪.smali	6411	    new-instance v1, Ltop/suzhelan/qstory/hook/item/飘花落叶言子苏哲兰世楪;
smali_classes2\com\alibaba\fastjson2\飘花落叶言子哲苏世兰楪.smali	6415	    invoke-direct {v1}, Ltop/suzhelan/qstory/hook/item/飘花落叶言子苏哲兰世楪;-><init>()V
smali_classes2\com\alibaba\fastjson2\飘花落叶言子哲苏世兰楪.smali	6442	    new-instance v1, Ltop/suzhelan/qstory/hook/item/飘花落叶言子苏兰楪世哲;
smali_classes2\com\alibaba\fastjson2\飘花落叶言子哲苏世兰楪.smali	6446	    invoke-direct {v1}, Ltop/suzhelan/qstory/hook/item/飘花落叶言子苏兰楪世哲;-><init>()V
smali_classes2\com\alibaba\fastjson2\飘花落叶言子哲苏世兰楪.smali	6473	    new-instance v1, Ltop/suzhelan/qstory/hook/item/飘花落叶言子苏兰世楪哲;
smali_classes2\com\alibaba\fastjson2\飘花落叶言子哲苏世兰楪.smali	6477	    invoke-direct {v1}, Ltop/suzhelan/qstory/hook/item/飘花落叶言子苏兰世楪哲;-><init>()V
smali_classes2\com\alibaba\fastjson2\飘花落叶言子哲苏世兰楪.smali	6504	    new-instance v1, Ltop/suzhelan/qstory/hook/item/飘花落叶言子苏兰哲楪世;
smali_classes2\com\alibaba\fastjson2\飘花落叶言子哲苏世兰楪.smali	6508	    invoke-direct {v1}, Ltop/suzhelan/qstory/hook/item/飘花落叶言子苏兰哲楪世;-><init>()V
smali_classes2\com\alibaba\fastjson2\飘花落叶言子哲苏世兰楪.smali	6535	    new-instance v1, Ltop/suzhelan/qstory/hook/item/飘花落叶言子哲楪世苏兰;
smali_classes2\com\alibaba\fastjson2\飘花落叶言子哲苏世兰楪.smali	6539	    invoke-direct {v1}, Ltop/suzhelan/qstory/hook/item/飘花落叶言子哲楪世苏兰;-><init>()V
smali_classes2\com\alibaba\fastjson2\飘花落叶言子哲苏世兰楪.smali	6597	    new-instance v1, Ltop/suzhelan/qstory/hook/item/飘花落叶言子哲楪世兰苏;
smali_classes2\com\alibaba\fastjson2\飘花落叶言子哲苏世兰楪.smali	6601	    invoke-direct {v1}, Ltop/suzhelan/qstory/hook/item/飘花落叶言子哲楪世兰苏;-><init>()V
smali_classes2\com\alibaba\fastjson2\飘花落叶言子哲苏世兰楪.smali	6721	    new-instance v1, Ltop/suzhelan/qstory/hook/item/飘花落叶言子哲楪苏世兰;
smali_classes2\com\alibaba\fastjson2\飘花落叶言子哲苏世兰楪.smali	6725	    invoke-direct {v1}, Ltop/suzhelan/qstory/hook/item/飘花落叶言子哲楪苏世兰;-><init>()V
smali_classes2\com\alibaba\fastjson2\飘花落叶言子哲苏世兰楪.smali	6752	    new-instance v1, Ltop/suzhelan/qstory/hook/item/飘花落叶言子哲楪苏兰世;
smali_classes2\com\alibaba\fastjson2\飘花落叶言子哲苏世兰楪.smali	6756	    invoke-direct {v1}, Ltop/suzhelan/qstory/hook/item/飘花落叶言子哲楪苏兰世;-><init>()V
smali_classes2\com\alibaba\fastjson2\飘花落叶言子哲苏世兰楪.smali	6783	    new-instance v1, Ltop/suzhelan/qstory/hook/item/飘花落叶言子哲楪兰世苏;
smali_classes2\com\alibaba\fastjson2\飘花落叶言子哲苏世兰楪.smali	6787	    invoke-direct {v1}, Ltop/suzhelan/qstory/hook/item/飘花落叶言子哲楪兰世苏;-><init>()V
smali_classes2\com\alibaba\fastjson2\飘花落叶言子哲苏世兰楪.smali	6814	    new-instance v1, Ltop/suzhelan/qstory/hook/item/飘花落叶言子哲楪兰苏世;
smali_classes2\com\alibaba\fastjson2\飘花落叶言子哲苏世兰楪.smali	6818	    invoke-direct {v1}, Ltop/suzhelan/qstory/hook/item/飘花落叶言子哲楪兰苏世;-><init>()V
smali_classes2\com\alibaba\fastjson2\飘花落叶言子哲苏世兰楪.smali	6845	    new-instance v1, Ltop/suzhelan/qstory/hook/item/飘花落叶言子哲世楪兰苏;
smali_classes2\com\alibaba\fastjson2\飘花落叶言子哲苏世兰楪.smali	6849	    invoke-direct {v1}, Ltop/suzhelan/qstory/hook/item/飘花落叶言子哲世楪兰苏;-><init>()V
smali_classes2\com\alibaba\fastjson2\飘花落叶言子哲苏世兰楪.smali	8085	    new-instance v1, Llin/xposed/hook/javaplugin/controller/AutoLoadPlugin;
smali_classes2\com\alibaba\fastjson2\飘花落叶言子哲苏世兰楪.smali	8089	    invoke-direct {v1}, Llin/xposed/hook/javaplugin/controller/AutoLoadPlugin;-><init>()V
smali_classes2\com\alibaba\fastjson2\飘花落叶言子哲苏世兰楪.smali	8116	    new-instance v1, Llin/xposed/hook/javaplugin/OnMsgMenuCreateAPI;
smali_classes2\com\alibaba\fastjson2\飘花落叶言子哲苏世兰楪.smali	8120	    invoke-direct {v1}, Llin/xposed/hook/javaplugin/OnMsgMenuCreateAPI;-><init>()V
smali_classes2\com\alibaba\fastjson2\飘花落叶言子哲苏世兰楪.smali	8147	    new-instance v1, Llin/xposed/hook/javaplugin/PluginMenuFloatingWindow;
smali_classes2\com\alibaba\fastjson2\飘花落叶言子哲苏世兰楪.smali	8151	    invoke-direct {v1}, Llin/xposed/hook/javaplugin/PluginMenuFloatingWindow;-><init>()V
smali_classes2\com\alibaba\fastjson2\飘花落叶言子哲苏世兰楪.smali	8178	    new-instance v1, Llin/xposed/hook/javaplugin/PluginMessageCallbackAPI;
smali_classes2\com\alibaba\fastjson2\飘花落叶言子哲苏世兰楪.smali	8182	    invoke-direct {v1}, Llin/xposed/hook/javaplugin/PluginMessageCallbackAPI;-><init>()V
smali_classes2\com\alibaba\fastjson2\飘花落叶言子哲苏世兰楪.smali	8271	    new-instance v1, Ltop/suzhelan/qstory/hook/item/飘花落叶言子楪苏世哲兰;
smali_classes2\com\alibaba\fastjson2\飘花落叶言子哲苏世兰楪.smali	8275	    invoke-direct {v1}, Ltop/suzhelan/qstory/hook/item/飘花落叶言子楪苏世哲兰;-><init>()V
smali_classes2\com\alibaba\fastjson2\飘花落叶言子哲苏世兰楪.smali	8302	    new-instance v1, Ltop/suzhelan/qstory/hook/item/飘花落叶言子楪哲兰苏世;
smali_classes2\com\alibaba\fastjson2\飘花落叶言子哲苏世兰楪.smali	8306	    invoke-direct {v1}, Ltop/suzhelan/qstory/hook/item/飘花落叶言子楪哲兰苏世;-><init>()V
smali_classes2\com\alibaba\fastjson2\飘花落叶言子哲苏世兰楪.smali	8333	    new-instance v1, Ltop/suzhelan/qstory/hook/item/飘花落叶言子楪兰世苏哲;
smali_classes2\com\alibaba\fastjson2\飘花落叶言子哲苏世兰楪.smali	8337	    invoke-direct {v1}, Ltop/suzhelan/qstory/hook/item/飘花落叶言子楪兰世苏哲;-><init>()V
smali_classes2\com\alibaba\fastjson2\飘花落叶言子哲苏世兰楪.smali	10228	    invoke-static {p1, v0, v1, p0}, Llin/xposed/hook/javaplugin/飘花落叶言子楪世苏哲兰;->飘花落叶言子楪兰哲苏世(Ljava/lang/String;Ljava/lang/Object;Ljava/lang/Object;Ljava/lang/Object;)V
smali_classes2\com\bumptech\glide\飘花落叶言子楪世兰哲苏.smali	5850	    invoke-static {v0, v6}, Lio/ktor/client/plugins/飘花落叶言子楪哲兰苏世;->飘花落叶言子楪兰世哲苏(Lorg/luckypray/dexkit/DexKitBridge;L飘花落叶言苏楪子兰世哲/飘花落叶言子楪哲苏世兰;)Lorg/luckypray/dexkit/result/飘花落叶言子楪苏哲世兰;
smali_classes2\com\bumptech\glide\飘花落叶言子楪世兰哲苏.smali	7049	    invoke-static {p0}, Ltop/suzhelan/qstory/hook/item/飘花落叶言子楪哲苏兰世;->飘花落叶言子楪苏哲世兰(Ljava/lang/Throwable;)V
smali_classes2\com\bumptech\glide\飘花落叶言子楪世兰哲苏.smali	7191	    invoke-static {p0}, Ltop/suzhelan/qstory/hook/item/飘花落叶言子楪哲苏兰世;->飘花落叶言子楪苏哲世兰(Ljava/lang/Throwable;)V
smali_classes2\com\bumptech\glide\飘花落叶言子楪世兰苏哲.smali	327	    invoke-static {v0}, Ltop/suzhelan/qstory/hook/item/飘花落叶言子楪哲苏兰世;->飘花落叶言子楪苏哲世兰(Ljava/lang/Throwable;)V
smali_classes2\com\bumptech\glide\飘花落叶言子楪世兰苏哲.smali	885	    invoke-static {p0}, Lio/ktor/client/plugins/飘花落叶言子楪哲兰苏世;->飘花落叶言子世楪苏兰哲(Lkotlin/reflect/jvm/internal/impl/descriptors/飘花落叶言子世哲苏兰楪;)Lkotlin/reflect/jvm/internal/impl/types/飘花落叶言子世楪苏兰哲;
smali_classes2\com\bumptech\glide\飘花落叶言子楪苏世兰哲.smali	2945	    invoke-static {p1}, Lio/ktor/client/plugins/飘花落叶言子楪哲兰苏世;->飘花落叶言子世苏兰哲楪(Ljava/lang/String;)Lio/ktor/server/routing/飘花落叶言子楪兰苏世哲;
smali_classes2\com\bumptech\glide\飘花落叶言子楪苏世兰哲.smali	6485	    invoke-static {p0}, Lio/ktor/client/plugins/飘花落叶言子楪哲兰苏世;->飘花落叶言子楪兰苏世哲(Lkotlin/reflect/jvm/internal/impl/types/飘花落叶言子世楪苏兰哲;)L飘花落叶言世楪子苏兰哲/飘花落叶言子楪苏世兰哲;
smali_classes2\com\bumptech\glide\飘花落叶言子楪苏世兰哲.smali	6535	    invoke-static {v0, p0}, Llin/xposed/hook/javaplugin/飘花落叶言子楪世苏哲兰;->飘花落叶言子楪苏世哲兰(Ljava/lang/Object;Ljava/lang/String;)V
smali_classes2\com\bumptech\glide\飘花落叶言子楪苏世兰哲.smali	6548	    invoke-static {p0}, Lio/ktor/client/plugins/飘花落叶言子楪哲兰苏世;->飘花落叶言子楪兰苏世哲(Lkotlin/reflect/jvm/internal/impl/types/飘花落叶言子世楪苏兰哲;)L飘花落叶言世楪子苏兰哲/飘花落叶言子楪苏世兰哲;
smali_classes2\com\bumptech\glide\飘花落叶言子楪苏世兰哲.smali	7217	    invoke-static {p0}, Lio/ktor/client/plugins/飘花落叶言子楪哲兰苏世;->飘花落叶言子楪兰苏世哲(Lkotlin/reflect/jvm/internal/impl/types/飘花落叶言子世楪苏兰哲;)L飘花落叶言世楪子苏兰哲/飘花落叶言子楪苏世兰哲;
smali_classes2\com\bumptech\glide\飘花落叶言子楪苏世哲兰.smali	12223	    invoke-static {p0, v5}, Lio/ktor/client/plugins/飘花落叶言子楪哲兰苏世;->飘花落叶言子楪兰世哲苏(Lorg/luckypray/dexkit/DexKitBridge;L飘花落叶言苏楪子兰世哲/飘花落叶言子楪哲苏世兰;)Lorg/luckypray/dexkit/result/飘花落叶言子楪苏哲世兰;
smali_classes2\com\bumptech\glide\飘花落叶言子楪苏哲兰世.smali	316	    invoke-static {p0}, Ltop/suzhelan/qstory/hook/item/飘花落叶言子楪哲苏兰世;->飘花落叶言子楪苏哲世兰(Ljava/lang/Throwable;)V
smali_classes2\com\bumptech\glide\飘花落叶言子楪苏哲兰世.smali	742	    invoke-static {p0}, Ltop/suzhelan/qstory/hook/item/飘花落叶言子楪哲苏兰世;->飘花落叶言子楪苏哲世兰(Ljava/lang/Throwable;)V
smali_classes2\com\google\android\material\textfield\飘花落叶言子楪世苏哲兰.smali	469	    new-instance v4, Llin/xposed/hook/javaplugin/view/飘花落叶言子楪苏兰哲世;
smali_classes2\com\google\android\material\textfield\飘花落叶言子楪世苏哲兰.smali	476	    invoke-direct {v4, v0, v5, v1}, Llin/xposed/hook/javaplugin/view/飘花落叶言子楪苏兰哲世;-><init>(Ljava/lang/Object;ILjava/lang/Object;)V
smali_classes2\com\google\android\material\textfield\飘花落叶言子楪世苏哲兰.smali	785	    new-instance v4, Llin/xposed/hook/javaplugin/view/飘花落叶言子楪苏兰哲世;
smali_classes2\com\google\android\material\textfield\飘花落叶言子楪世苏哲兰.smali	789	    invoke-direct {v4, v0, v15, v1}, Llin/xposed/hook/javaplugin/view/飘花落叶言子楪苏兰哲世;-><init>(Ljava/lang/Object;ILjava/lang/Object;)V
smali_classes2\com\google\android\material\textfield\飘花落叶言子楪世苏哲兰.smali	1130	    check-cast v1, Ltop/suzhelan/plugin/sdk/online/presenter/飘花落叶言子楪世苏兰哲;
smali_classes2\com\google\android\material\textfield\飘花落叶言子楪世苏哲兰.smali	1134	    iput-object v7, v1, Ltop/suzhelan/plugin/sdk/online/presenter/飘花落叶言子楪世苏兰哲;->飘花落叶言子楪世哲兰苏:L飘花落叶言苏世子哲楪兰/飘花落叶言子楪世苏哲兰;
smali_classes2\com\google\android\material\textfield\飘花落叶言子楪世苏哲兰.smali	1277	    new-instance v3, Ltop/suzhelan/qstory/hook/item/chat/飘花落叶言子世兰楪哲苏;
smali_classes2\com\google\android\material\textfield\飘花落叶言子楪世苏哲兰.smali	1281	    invoke-direct {v3, v0, v6}, Ltop/suzhelan/qstory/hook/item/chat/飘花落叶言子世兰楪哲苏;-><init>(Ljava/lang/Object;I)V
smali_classes2\com\google\android\material\textfield\飘花落叶言子楪世苏哲兰.smali	1777	    new-instance v5, Llin/xposed/hook/javaplugin/view/飘花落叶言子楪苏世兰哲;
smali_classes2\com\google\android\material\textfield\飘花落叶言子楪世苏哲兰.smali	1781	    invoke-direct {v5, v0, v3, v2, v15}, Llin/xposed/hook/javaplugin/view/飘花落叶言子楪苏世兰哲;-><init>(Ljava/lang/Object;Ljava/lang/Object;Ljava/lang/Object;I)V
smali_classes2\com\google\android\material\textfield\飘花落叶言子楪世苏哲兰.smali	2187	    check-cast v0, Ltop/suzhelan/qstory/hook/item/chat/飘花落叶言子世兰苏楪哲;
smali_classes2\com\google\android\material\textfield\飘花落叶言子楪世苏哲兰.smali	2191	    sget v1, Ltop/suzhelan/qstory/hook/item/chat/飘花落叶言子世兰苏楪哲;->飘花落叶言子楪兰世苏哲:I
smali_classes2\com\google\android\material\textfield\飘花落叶言子楪世苏哲兰.smali	2244	    iget-object v2, v0, Ltop/suzhelan/qstory/hook/item/chat/飘花落叶言子世兰苏楪哲;->飘花落叶言子楪哲兰世苏:L飘花落叶言苏楪兰世哲子/飘花落叶言子楪世苏兰哲;
smali_classes2\com\google\android\material\textfield\飘花落叶言子楪世苏哲兰.smali	2306	    new-instance v2, Ltop/suzhelan/qstory/hook/item/chat/飘花落叶言子楪苏兰哲世;
smali_classes2\com\google\android\material\textfield\飘花落叶言子楪世苏哲兰.smali	2310	    invoke-direct {v2, v0, v6}, Ltop/suzhelan/qstory/hook/item/chat/飘花落叶言子楪苏兰哲世;-><init>(Ljava/lang/Object;I)V
smali_classes2\com\google\android\material\textfield\飘花落叶言子楪世苏哲兰.smali	2331	    new-instance v3, Ltop/suzhelan/qstory/hook/item/chat/飘花落叶言子世兰楪哲苏;
smali_classes2\com\google\android\material\textfield\飘花落叶言子楪世苏哲兰.smali	2335	    invoke-direct {v3, v0, v11}, Ltop/suzhelan/qstory/hook/item/chat/飘花落叶言子世兰楪哲苏;-><init>(Ljava/lang/Object;I)V
smali_classes2\com\google\android\material\textfield\飘花落叶言子楪世苏哲兰.smali	2362	    check-cast v0, Ltop/suzhelan/qstory/hook/item/chat/飘花落叶言子世哲苏兰楪;
smali_classes2\com\google\android\material\textfield\飘花落叶言子楪世苏哲兰.smali	2366	    iget-object v2, v0, Ltop/suzhelan/qstory/hook/item/chat/飘花落叶言子世哲苏兰楪;->飘花落叶言子楪哲兰世苏:L飘花落叶言世哲楪苏兰子/飘花落叶言子楪世苏兰哲;
smali_classes2\com\google\android\material\textfield\飘花落叶言子楪世苏哲兰.smali	2395	    iput-object v2, v0, Ltop/suzhelan/qstory/hook/item/chat/飘花落叶言子世哲苏兰楪;->飘花落叶言子楪哲兰世苏:L飘花落叶言世哲楪苏兰子/飘花落叶言子楪世苏兰哲;
smali_classes2\com\google\android\material\textfield\飘花落叶言子楪世苏哲兰.smali	2458	    iget-object v2, v0, Ltop/suzhelan/qstory/hook/item/chat/飘花落叶言子世哲苏兰楪;->飘花落叶言子楪哲兰世苏:L飘花落叶言世哲楪苏兰子/飘花落叶言子楪世苏兰哲;
smali_classes2\com\google\android\material\textfield\飘花落叶言子楪世苏哲兰.smali	2529	    iget-object v2, v0, Ltop/suzhelan/qstory/hook/item/chat/飘花落叶言子世哲苏兰楪;->飘花落叶言子楪哲兰世苏:L飘花落叶言世哲楪苏兰子/飘花落叶言子楪世苏兰哲;
smali_classes2\com\google\android\material\textfield\飘花落叶言子楪世苏哲兰.smali	2595	    new-instance v4, Ltop/suzhelan/qstory/hook/item/chat/飘花落叶言子世哲楪兰苏;
smali_classes2\com\google\android\material\textfield\飘花落叶言子楪世苏哲兰.smali	2605	    invoke-direct/range {v4 .. v9}, Ltop/suzhelan/qstory/hook/item/chat/飘花落叶言子世哲楪兰苏;-><init>(Ljava/lang/Object;Ljava/lang/Object;Landroid/view/View;Ljava/lang/Object;I)V
smali_classes2\com\google\android\material\textfield\飘花落叶言子楪世苏哲兰.smali	2632	    check-cast v10, Ltop/suzhelan/qstory/hook/item/chat/飘花落叶言子世苏兰哲楪;
smali_classes2\com\google\android\material\textfield\飘花落叶言子楪世苏哲兰.smali	2636	    iget-object v0, v10, Ltop/suzhelan/qstory/hook/item/chat/飘花落叶言子世苏兰哲楪;->飘花落叶言子楪哲兰苏世:L飘花落叶言世哲楪苏兰子/飘花落叶言子楪世苏兰哲;
smali_classes2\com\google\android\material\textfield\飘花落叶言子楪世苏哲兰.smali	2665	    iput-object v0, v10, Ltop/suzhelan/qstory/hook/item/chat/飘花落叶言子世苏兰哲楪;->飘花落叶言子楪哲兰苏世:L飘花落叶言世哲楪苏兰子/飘花落叶言子楪世苏兰哲;
smali_classes2\com\google\android\material\textfield\飘花落叶言子楪世苏哲兰.smali	2728	    iget-object v6, v10, Ltop/suzhelan/qstory/hook/item/chat/飘花落叶言子世苏兰哲楪;->飘花落叶言子楪哲兰苏世:L飘花落叶言世哲楪苏兰子/飘花落叶言子楪世苏兰哲;
smali_classes2\com\google\android\material\textfield\飘花落叶言子楪世苏哲兰.smali	2799	    iget-object v5, v10, Ltop/suzhelan/qstory/hook/item/chat/飘花落叶言子世苏兰哲楪;->飘花落叶言子楪哲兰苏世:L飘花落叶言世哲楪苏兰子/飘花落叶言子楪世苏兰哲;
smali_classes2\com\google\android\material\textfield\飘花落叶言子楪世苏哲兰.smali	2865	    new-instance v7, Ltop/suzhelan/qstory/hook/item/chat/飘花落叶言子世苏兰楪哲;
smali_classes2\com\google\android\material\textfield\飘花落叶言子楪世苏哲兰.smali	2878	    invoke-direct/range {v7 .. v13}, Ltop/suzhelan/qstory/hook/item/chat/飘花落叶言子世苏兰楪哲;-><init>(Ljava/lang/Object;Landroid/view/KeyEvent$Callback;Ljava/lang/Object;Ljava/lang/Object;Landroid/view/View;I)V
smali_classes2\com\google\android\material\textfield\飘花落叶言子楪世苏哲兰.smali	2902	    check-cast v0, Ltop/suzhelan/qstory/hook/item/chat/飘花落叶言子楪哲世兰苏;
smali_classes2\com\google\android\material\textfield\飘花落叶言子楪世苏哲兰.smali	2906	    sget v1, Ltop/suzhelan/qstory/hook/item/chat/飘花落叶言子楪哲世兰苏;->飘花落叶言子楪哲兰苏世:I
smali_classes2\com\google\android\material\textfield\飘花落叶言子楪世苏哲兰.smali	2980	    invoke-virtual {v0}, Ltop/suzhelan/qstory/hook/item/chat/飘花落叶言子楪哲世兰苏;->飘花落叶言子楪苏兰世哲()Ljava/lang/String;
smali_classes2\com\google\android\material\textfield\飘花落叶言子楪世苏哲兰.smali	3035	    new-instance v2, Ltop/suzhelan/qstory/hook/item/chat/飘花落叶言子楪苏兰哲世;
smali_classes2\com\google\android\material\textfield\飘花落叶言子楪世苏哲兰.smali	3039	    invoke-direct {v2, v0, v11}, Ltop/suzhelan/qstory/hook/item/chat/飘花落叶言子楪苏兰哲世;-><init>(Ljava/lang/Object;I)V
smali_classes2\com\google\android\material\textfield\飘花落叶言子楪世苏哲兰.smali	3057	    check-cast v0, Ltop/suzhelan/qstory/hook/item/飘花落叶言子世哲楪兰苏;
smali_classes2\com\google\android\material\textfield\飘花落叶言子楪世苏哲兰.smali	3079	    iget-object v1, v0, Ltop/suzhelan/qstory/hook/item/飘花落叶言子世哲楪兰苏;->飘花落叶言子楪哲兰世苏:Ljava/util/Map;
smali_classes2\com\google\android\material\textfield\飘花落叶言子楪世苏哲兰.smali	3145	    new-instance v1, Ltop/suzhelan/qstory/hook/item/飘花落叶言子世哲楪苏兰;
smali_classes2\com\google\android\material\textfield\飘花落叶言子楪世苏哲兰.smali	3149	    invoke-direct {v1, v0}, Ltop/suzhelan/qstory/hook/item/飘花落叶言子世哲楪苏兰;-><init>(Ltop/suzhelan/qstory/hook/item/飘花落叶言子世哲楪兰苏;)V
smali_classes2\com\google\android\material\textfield\飘花落叶言子楪世苏哲兰.smali	3170	    check-cast v4, Ltop/suzhelan/qstory/hook/item/飘花落叶言子楪苏世哲兰;
smali_classes2\com\google\android\material\textfield\飘花落叶言子楪世苏哲兰.smali	3174	    iget-object v0, v4, Ltop/suzhelan/qstory/hook/item/飘花落叶言子楪苏世哲兰;->飘花落叶言子楪哲兰世苏:L飘花落叶言世哲楪苏兰子/飘花落叶言子楪世苏哲兰;
smali_classes2\com\google\android\material\textfield\飘花落叶言子楪世苏哲兰.smali	3215	    iput-object v0, v4, Ltop/suzhelan/qstory/hook/item/飘花落叶言子楪苏世哲兰;->飘花落叶言子楪哲兰世苏:L飘花落叶言世哲楪苏兰子/飘花落叶言子楪世苏哲兰;
smali_classes2\com\google\android\material\textfield\飘花落叶言子楪世苏哲兰.smali	3510	    iget-object v3, v4, Ltop/suzhelan/qstory/hook/item/飘花落叶言子楪苏世哲兰;->飘花落叶言子楪哲兰世苏:L飘花落叶言世哲楪苏兰子/飘花落叶言子楪世苏哲兰;
smali_classes2\com\google\android\material\textfield\飘花落叶言子楪世苏哲兰.smali	3563	    iget-object v3, v4, Ltop/suzhelan/qstory/hook/item/飘花落叶言子楪苏世哲兰;->飘花落叶言子楪哲兰世苏:L飘花落叶言世哲楪苏兰子/飘花落叶言子楪世苏哲兰;
smali_classes2\com\google\android\material\textfield\飘花落叶言子楪世苏哲兰.smali	3603	    iget-object v3, v4, Ltop/suzhelan/qstory/hook/item/飘花落叶言子楪苏世哲兰;->飘花落叶言子楪哲兰世苏:L飘花落叶言世哲楪苏兰子/飘花落叶言子楪世苏哲兰;
smali_classes2\com\google\android\material\textfield\飘花落叶言子楪世苏哲兰.smali	3636	    iget-object v3, v4, Ltop/suzhelan/qstory/hook/item/飘花落叶言子楪苏世哲兰;->飘花落叶言子楪哲兰世苏:L飘花落叶言世哲楪苏兰子/飘花落叶言子楪世苏哲兰;
smali_classes2\com\google\android\material\textfield\飘花落叶言子楪世苏哲兰.smali	3669	    iget-object v3, v4, Ltop/suzhelan/qstory/hook/item/飘花落叶言子楪苏世哲兰;->飘花落叶言子楪哲兰世苏:L飘花落叶言世哲楪苏兰子/飘花落叶言子楪世苏哲兰;
smali_classes2\com\google\android\material\textfield\飘花落叶言子楪世苏哲兰.smali	3722	    iget-object v3, v4, Ltop/suzhelan/qstory/hook/item/飘花落叶言子楪苏世哲兰;->飘花落叶言子楪哲兰世苏:L飘花落叶言世哲楪苏兰子/飘花落叶言子楪世苏哲兰;
smali_classes2\com\google\android\material\textfield\飘花落叶言子楪世苏哲兰.smali	3775	    iget-object v1, v4, Ltop/suzhelan/qstory/hook/item/飘花落叶言子楪苏世哲兰;->飘花落叶言子楪哲兰世苏:L飘花落叶言世哲楪苏兰子/飘花落叶言子楪世苏哲兰;
smali_classes2\com\google\android\material\textfield\飘花落叶言子楪世苏哲兰.smali	3820	    iget-object v1, v4, Ltop/suzhelan/qstory/hook/item/飘花落叶言子楪苏世哲兰;->飘花落叶言子楪哲兰世苏:L飘花落叶言世哲楪苏兰子/飘花落叶言子楪世苏哲兰;
smali_classes2\com\google\android\material\textfield\飘花落叶言子楪世苏哲兰.smali	3861	    iget-object v1, v4, Ltop/suzhelan/qstory/hook/item/飘花落叶言子楪苏世哲兰;->飘花落叶言子楪哲兰世苏:L飘花落叶言世哲楪苏兰子/飘花落叶言子楪世苏哲兰;
smali_classes2\com\google\android\material\textfield\飘花落叶言子楪世苏哲兰.smali	3906	    new-instance v3, Ltop/suzhelan/qstory/hook/item/飘花落叶言子楪世哲苏兰;
smali_classes2\com\google\android\material\textfield\飘花落叶言子楪世苏哲兰.smali	3917	    invoke-direct/range {v3 .. v14}, Ltop/suzhelan/qstory/hook/item/飘花落叶言子楪世哲苏兰;-><init>(Ltop/suzhelan/qstory/hook/item/飘花落叶言子楪苏世哲兰;Landroid/widget/EditText;Landroid/widget/EditText;Landroid/widget/EditText;Landroid/widget/EditText;Landroid/widget/EditText;Landroid/widget/EditText;Landroid/widget/CheckBox;Landroid/widget/CheckBox;Landroid/widget/CheckBox;L飘花落叶言世哲楪苏子兰/飘花落叶言子楪世苏哲兰;)V
smali_classes2\io\ktor\client\engine\飘花落叶言子楪世哲苏兰.smali	155	    sget-object v0, Lio/ktor/client/plugins/飘花落叶言子楪兰哲世苏;->飘花落叶言子楪世苏哲兰:Lio/ktor/client/plugins/飘花落叶言子楪兰哲世苏;
smali_classes2\io\ktor\client\engine\cio\Endpoint$makeDedicatedRequest$1.smali	671	    sget-object v1, Lio/ktor/client/plugins/飘花落叶言子世楪苏兰哲;->飘花落叶言子楪世苏哲兰:L飘花落叶言苏楪世子兰哲/飘花落叶言子楪世苏兰哲;
smali_classes2\io\ktor\client\engine\cio\Endpoint$makeDedicatedRequest$1.smali	714	    check-cast p0, Lio/ktor/client/plugins/飘花落叶言子楪兰哲苏世;
smali_classes2\io\ktor\client\engine\cio\Endpoint$makeDedicatedRequest$1.smali	722	    iget-object p0, p0, Lio/ktor/client/plugins/飘花落叶言子楪兰哲苏世;->飘花落叶言子楪世哲苏兰:Ljava/lang/Long;
smali_classes2\io\ktor\client\engine\cio\Endpoint$processExpectContinue$2.smali	650	    invoke-static {v2, v6}, Lio/ktor/client/plugins/飘花落叶言子楪哲兰苏世;->飘花落叶言子苏楪世哲兰(L飘花落叶言楪兰苏世子哲/飘花落叶言子世苏兰楪哲;L飘花落叶言楪兰苏世子哲/飘花落叶言子世哲苏楪兰;)V
smali_classes2\io\ktor\client\engine\cio\EndpointKt$setupTimeout$timeoutJob$1.smali	285	    new-instance v0, Lio/ktor/client/plugins/HttpRequestTimeoutException;
smali_classes2\io\ktor\client\engine\cio\EndpointKt$setupTimeout$timeoutJob$1.smali	293	    invoke-direct {v0, p0}, Lio/ktor/client/plugins/HttpRequestTimeoutException;-><init>(L飘花落叶言楪兰苏子世哲/飘花落叶言子楪世哲苏兰;)V
smali_classes2\io\ktor\client\engine\cio\UtilsKt$readResponse$2.smali	981	    invoke-static/range {v8 .. v13}, L飘花落叶言楪兰苏子世哲/飘花落叶言子楪苏世哲兰;->飘花落叶言子楪世苏哲兰(L飘花落叶言楪兰苏子世哲/飘花落叶言子楪世哲苏兰;L飘花落叶言楪兰苏世子哲/飘花落叶言子世楪哲苏兰;L飘花落叶言楪兰苏世子哲/飘花落叶言子楪兰苏哲世;Lio/ktor/utils/io/飘花落叶言子楪苏兰哲世;Lio/ktor/http/content/飘花落叶言子楪哲世苏兰;Lkotlin/coroutines/飘花落叶言子楪苏世兰哲;)Lio/ktor/client/plugins/sse/飘花落叶言子楪世苏兰哲;
smali_classes2\io\ktor\client\engine\cio\飘花落叶言子楪世兰哲苏.smali	488	    invoke-static {v10, v12}, Lio/ktor/client/plugins/飘花落叶言子楪哲兰苏世;->飘花落叶言子苏楪世哲兰(L飘花落叶言楪兰苏世子哲/飘花落叶言子世苏兰楪哲;L飘花落叶言楪兰苏世子哲/飘花落叶言子世哲苏楪兰;)V
smali_classes2\io\ktor\client\engine\cio\飘花落叶言子楪世兰哲苏.smali	577	    invoke-static {v4}, Lio/ktor/client/plugins/飘花落叶言子楪哲兰苏世;->飘花落叶言子楪兰哲苏世(L飘花落叶言楪兰苏世子哲/飘花落叶言子世哲苏楪兰;)Ljava/lang/String;
smali_classes2\io\ktor\client\engine\cio\飘花落叶言子楪世兰哲苏.smali	1586	    instance-of v0, p0, Lio/ktor/client/plugins/sse/飘花落叶言子楪世哲兰苏;
smali_classes2\io\ktor\client\engine\cio\飘花落叶言子楪世兰哲苏.smali	1594	    check-cast p0, Lio/ktor/client/plugins/sse/飘花落叶言子楪世哲兰苏;
smali_classes2\io\ktor\client\engine\cio\飘花落叶言子楪世兰哲苏.smali	1598	    iget-object p0, p0, Lio/ktor/client/plugins/sse/飘花落叶言子楪世哲兰苏;->飘花落叶言子楪世苏兰哲:Lio/ktor/http/content/飘花落叶言子楪哲世苏兰;
smali_classes2\io\ktor\client\engine\cio\飘花落叶言子楪世兰哲苏.smali	1683	    instance-of v0, p0, Lio/ktor/client/plugins/sse/飘花落叶言子楪世哲兰苏;
smali_classes2\io\ktor\client\engine\cio\飘花落叶言子楪世兰哲苏.smali	1691	    check-cast p0, Lio/ktor/client/plugins/sse/飘花落叶言子楪世哲兰苏;
smali_classes2\io\ktor\client\engine\cio\飘花落叶言子楪世兰哲苏.smali	1695	    iget-object p0, p0, Lio/ktor/client/plugins/sse/飘花落叶言子楪世哲兰苏;->飘花落叶言子楪世苏兰哲:Lio/ktor/http/content/飘花落叶言子楪哲世苏兰;
smali_classes2\io\ktor\client\engine\cio\飘花落叶言子楪世兰苏哲.smali	493	    sget-object p0, Lio/ktor/client/plugins/飘花落叶言子世楪苏兰哲;->飘花落叶言子楪世苏哲兰:L飘花落叶言苏楪世子兰哲/飘花落叶言子楪世苏兰哲;
smali_classes2\io\ktor\client\engine\cio\飘花落叶言子楪世兰苏哲.smali	545	    check-cast v0, Lio/ktor/client/plugins/飘花落叶言子楪兰哲苏世;
smali_classes2\io\ktor\client\engine\cio\飘花落叶言子楪世兰苏哲.smali	553	    iget-object v0, v0, Lio/ktor/client/plugins/飘花落叶言子楪兰哲苏世;->飘花落叶言子楪世苏兰哲:Ljava/lang/Long;
smali_classes2\io\ktor\client\plugins\AfterReceiveHook$install$1.smali	1	.class final Lio/ktor/client/plugins/AfterReceiveHook$install$1;
smali_classes2\io\ktor\client\plugins\AfterReceiveHook$install$1.smali	38	    c = "io.ktor.client.plugins.AfterReceiveHook$install$1"
smali_classes2\io\ktor\client\plugins\AfterReceiveHook$install$1.smali	73	            "Lio/ktor/client/plugins/AfterReceiveHook$install$1;",
smali_classes2\io\ktor\client\plugins\AfterReceiveHook$install$1.smali	79	    iput-object p1, p0, Lio/ktor/client/plugins/AfterReceiveHook$install$1;->$handler:L飘花落叶言世子哲兰苏楪/飘花落叶言子楪哲苏兰世;
smali_classes2\io\ktor\client\plugins\AfterReceiveHook$install$1.smali	112	    new-instance v0, Lio/ktor/client/plugins/AfterReceiveHook$install$1;
smali_classes2\io\ktor\client\plugins\AfterReceiveHook$install$1.smali	116	    iget-object p0, p0, Lio/ktor/client/plugins/AfterReceiveHook$install$1;->$handler:L飘花落叶言世子哲兰苏楪/飘花落叶言子楪哲苏兰世;
smali_classes2\io\ktor\client\plugins\AfterReceiveHook$install$1.smali	120	    invoke-direct {v0, p0, p3}, Lio/ktor/client/plugins/AfterReceiveHook$install$1;-><init>(L飘花落叶言世子哲兰苏楪/飘花落叶言子楪哲苏兰世;Lkotlin/coroutines/飘花落叶言子楪世哲苏兰;)V
smali_classes2\io\ktor\client\plugins\AfterReceiveHook$install$1.smali	125	    iput-object p1, v0, Lio/ktor/client/plugins/AfterReceiveHook$install$1;->L$0:Ljava/lang/Object;
smali_classes2\io\ktor\client\plugins\AfterReceiveHook$install$1.smali	129	    iput-object p2, v0, Lio/ktor/client/plugins/AfterReceiveHook$install$1;->L$1:Ljava/lang/Object;
smali_classes2\io\ktor\client\plugins\AfterReceiveHook$install$1.smali	137	    invoke-virtual {v0, p0}, Lio/ktor/client/plugins/AfterReceiveHook$install$1;->invokeSuspend(Ljava/lang/Object;)Ljava/lang/Object;
smali_classes2\io\ktor\client\plugins\AfterReceiveHook$install$1.smali	158	    invoke-virtual {p0, p1, p2, p3}, Lio/ktor/client/plugins/AfterReceiveHook$install$1;->invoke(Lio/ktor/util/pipeline/飘花落叶言子楪世哲兰苏;Lio/ktor/client/statement/飘花落叶言子楪世苏哲兰;Lkotlin/coroutines/飘花落叶言子楪世哲苏兰;)Ljava/lang/Object;
smali_classes2\io\ktor\client\plugins\AfterReceiveHook$install$1.smali	173	    iget v1, p0, Lio/ktor/client/plugins/AfterReceiveHook$install$1;->label:I
smali_classes2\io\ktor\client\plugins\AfterReceiveHook$install$1.smali	220	    iget-object p0, p0, Lio/ktor/client/plugins/AfterReceiveHook$install$1;->L$0:Ljava/lang/Object;
smali_classes2\io\ktor\client\plugins\AfterReceiveHook$install$1.smali	242	    iget-object p1, p0, Lio/ktor/client/plugins/AfterReceiveHook$install$1;->L$0:Ljava/lang/Object;
smali_classes2\io\ktor\client\plugins\AfterReceiveHook$install$1.smali	250	    iget-object v1, p0, Lio/ktor/client/plugins/AfterReceiveHook$install$1;->L$1:Ljava/lang/Object;
smali_classes2\io\ktor\client\plugins\AfterReceiveHook$install$1.smali	258	    iget-object v1, p0, Lio/ktor/client/plugins/AfterReceiveHook$install$1;->$handler:L飘花落叶言世子哲兰苏楪/飘花落叶言子楪哲苏兰世;
smali_classes2\io\ktor\client\plugins\AfterReceiveHook$install$1.smali	262	    iput-object p1, p0, Lio/ktor/client/plugins/AfterReceiveHook$install$1;->L$0:Ljava/lang/Object;
smali_classes2\io\ktor\client\plugins\AfterReceiveHook$install$1.smali	266	    iput v3, p0, Lio/ktor/client/plugins/AfterReceiveHook$install$1;->label:I
smali_classes2\io\ktor\client\plugins\AfterRenderHook$install$1.smali	1	.class final Lio/ktor/client/plugins/AfterRenderHook$install$1;
smali_classes2\io\ktor\client\plugins\AfterRenderHook$install$1.smali	39	    c = "io.ktor.client.plugins.AfterRenderHook$install$1"
smali_classes2\io\ktor\client\plugins\AfterRenderHook$install$1.smali	74	            "Lio/ktor/client/plugins/AfterRenderHook$install$1;",
smali_classes2\io\ktor\client\plugins\AfterRenderHook$install$1.smali	80	    iput-object p1, p0, Lio/ktor/client/plugins/AfterRenderHook$install$1;->$handler:L飘花落叶言世子哲兰苏楪/飘花落叶言子楪哲兰世苏;
smali_classes2\io\ktor\client\plugins\AfterRenderHook$install$1.smali	113	    new-instance v0, Lio/ktor/client/plugins/AfterRenderHook$install$1;
smali_classes2\io\ktor\client\plugins\AfterRenderHook$install$1.smali	117	    iget-object p0, p0, Lio/ktor/client/plugins/AfterRenderHook$install$1;->$handler:L飘花落叶言世子哲兰苏楪/飘花落叶言子楪哲兰世苏;
smali_classes2\io\ktor\client\plugins\AfterRenderHook$install$1.smali	121	    invoke-direct {v0, p0, p3}, Lio/ktor/client/plugins/AfterRenderHook$install$1;-><init>(L飘花落叶言世子哲兰苏楪/飘花落叶言子楪哲兰世苏;Lkotlin/coroutines/飘花落叶言子楪世哲苏兰;)V
smali_classes2\io\ktor\client\plugins\AfterRenderHook$install$1.smali	126	    iput-object p1, v0, Lio/ktor/client/plugins/AfterRenderHook$install$1;->L$0:Ljava/lang/Object;
smali_classes2\io\ktor\client\plugins\AfterRenderHook$install$1.smali	130	    iput-object p2, v0, Lio/ktor/client/plugins/AfterRenderHook$install$1;->L$1:Ljava/lang/Object;
smali_classes2\io\ktor\client\plugins\AfterRenderHook$install$1.smali	138	    invoke-virtual {v0, p0}, Lio/ktor/client/plugins/AfterRenderHook$install$1;->invokeSuspend(Ljava/lang/Object;)Ljava/lang/Object;
smali_classes2\io\ktor\client\plugins\AfterRenderHook$install$1.smali	157	    invoke-virtual {p0, p1, p2, p3}, Lio/ktor/client/plugins/AfterRenderHook$install$1;->invoke(Lio/ktor/util/pipeline/飘花落叶言子楪世哲兰苏;Ljava/lang/Object;Lkotlin/coroutines/飘花落叶言子楪世哲苏兰;)Ljava/lang/Object;
smali_classes2\io\ktor\client\plugins\AfterRenderHook$install$1.smali	172	    iget v1, p0, Lio/ktor/client/plugins/AfterRenderHook$install$1;->label:I
smali_classes2\io\ktor\client\plugins\AfterRenderHook$install$1.smali	223	    iget-object v1, p0, Lio/ktor/client/plugins/AfterRenderHook$install$1;->L$0:Ljava/lang/Object;
smali_classes2\io\ktor\client\plugins\AfterRenderHook$install$1.smali	245	    iget-object p1, p0, Lio/ktor/client/plugins/AfterRenderHook$install$1;->L$0:Ljava/lang/Object;
smali_classes2\io\ktor\client\plugins\AfterRenderHook$install$1.smali	256	    iget-object p1, p0, Lio/ktor/client/plugins/AfterRenderHook$install$1;->L$1:Ljava/lang/Object;
smali_classes2\io\ktor\client\plugins\AfterRenderHook$install$1.smali	272	    iget-object v6, p0, Lio/ktor/client/plugins/AfterRenderHook$install$1;->$handler:L飘花落叶言世子哲兰苏楪/飘花落叶言子楪哲兰世苏;
smali_classes2\io\ktor\client\plugins\AfterRenderHook$install$1.smali	280	    iput-object v1, p0, Lio/ktor/client/plugins/AfterRenderHook$install$1;->L$0:Ljava/lang/Object;
smali_classes2\io\ktor\client\plugins\AfterRenderHook$install$1.smali	284	    iput v4, p0, Lio/ktor/client/plugins/AfterRenderHook$install$1;->label:I
smali_classes2\io\ktor\client\plugins\AfterRenderHook$install$1.smali	317	    iput-object v2, p0, Lio/ktor/client/plugins/AfterRenderHook$install$1;->L$0:Ljava/lang/Object;
smali_classes2\io\ktor\client\plugins\AfterRenderHook$install$1.smali	321	    iput v3, p0, Lio/ktor/client/plugins/AfterRenderHook$install$1;->label:I
smali_classes2\io\ktor\client\plugins\BodyProgressKt$BodyProgress$1$1.smali	1	.class final Lio/ktor/client/plugins/BodyProgressKt$BodyProgress$1$1;
smali_classes2\io\ktor\client\plugins\BodyProgressKt$BodyProgress$1$1.smali	38	    c = "io.ktor.client.plugins.BodyProgressKt$BodyProgress$1$1"
smali_classes2\io\ktor\client\plugins\BodyProgressKt$BodyProgress$1$1.smali	61	            "Lio/ktor/client/plugins/BodyProgressKt$BodyProgress$1$1;",
smali_classes2\io\ktor\client\plugins\BodyProgressKt$BodyProgress$1$1.smali	90	    invoke-virtual {p0, p1, p2, p3}, Lio/ktor/client/plugins/BodyProgressKt$BodyProgress$1$1;->invoke(L飘花落叶言楪兰苏子世哲/飘花落叶言子楪世苏兰哲;Lio/ktor/http/content/飘花落叶言子楪哲世苏兰;Lkotlin/coroutines/飘花落叶言子楪世哲苏兰;)Ljava/lang/Object;
smali_classes2\io\ktor\client\plugins\BodyProgressKt$BodyProgress$1$1.smali	113	    new-instance p0, Lio/ktor/client/plugins/BodyProgressKt$BodyProgress$1$1;
smali_classes2\io\ktor\client\plugins\BodyProgressKt$BodyProgress$1$1.smali	117	    invoke-direct {p0, p3}, Lio/ktor/client/plugins/BodyProgressKt$BodyProgress$1$1;-><init>(Lkotlin/coroutines/飘花落叶言子楪世哲苏兰;)V
smali_classes2\io\ktor\client\plugins\BodyProgressKt$BodyProgress$1$1.smali	122	    iput-object p1, p0, Lio/ktor/client/plugins/BodyProgressKt$BodyProgress$1$1;->L$0:Ljava/lang/Object;
smali_classes2\io\ktor\client\plugins\BodyProgressKt$BodyProgress$1$1.smali	126	    iput-object p2, p0, Lio/ktor/client/plugins/BodyProgressKt$BodyProgress$1$1;->L$1:Ljava/lang/Object;
smali_classes2\io\ktor\client\plugins\BodyProgressKt$BodyProgress$1$1.smali	134	    invoke-virtual {p0, p1}, Lio/ktor/client/plugins/BodyProgressKt$BodyProgress$1$1;->invokeSuspend(Ljava/lang/Object;)Ljava/lang/Object;
smali_classes2\io\ktor\client\plugins\BodyProgressKt$BodyProgress$1$1.smali	153	    iget v0, p0, Lio/ktor/client/plugins/BodyProgressKt$BodyProgress$1$1;->label:I
smali_classes2\io\ktor\client\plugins\BodyProgressKt$BodyProgress$1$1.smali	169	    iget-object p1, p0, Lio/ktor/client/plugins/BodyProgressKt$BodyProgress$1$1;->L$0:Ljava/lang/Object;
smali_classes2\io\ktor\client\plugins\BodyProgressKt$BodyProgress$1$1.smali	177	    iget-object p0, p0, Lio/ktor/client/plugins/BodyProgressKt$BodyProgress$1$1;->L$1:Ljava/lang/Object;
smali_classes2\io\ktor\client\plugins\BodyProgressKt$BodyProgress$1$1.smali	189	    sget-object p1, Lio/ktor/client/plugins/飘花落叶言子楪世苏哲兰;->飘花落叶言子楪世苏哲兰:Lio/ktor/util/飘花落叶言子楪世苏哲兰;
smali_classes2\io\ktor\client\plugins\BodyProgressKt$BodyProgress$1$2.smali	1	.class final Lio/ktor/client/plugins/BodyProgressKt$BodyProgress$1$2;
smali_classes2\io\ktor\client\plugins\BodyProgressKt$BodyProgress$1$2.smali	36	    c = "io.ktor.client.plugins.BodyProgressKt$BodyProgress$1$2"
smali_classes2\io\ktor\client\plugins\BodyProgressKt$BodyProgress$1$2.smali	57	            "Lio/ktor/client/plugins/BodyProgressKt$BodyProgress$1$2;",
smali_classes2\io\ktor\client\plugins\BodyProgressKt$BodyProgress$1$2.smali	91	    new-instance p0, Lio/ktor/client/plugins/BodyProgressKt$BodyProgress$1$2;
smali_classes2\io\ktor\client\plugins\BodyProgressKt$BodyProgress$1$2.smali	95	    invoke-direct {p0, p2}, Lio/ktor/client/plugins/BodyProgressKt$BodyProgress$1$2;-><init>(Lkotlin/coroutines/飘花落叶言子楪世哲苏兰;)V
smali_classes2\io\ktor\client\plugins\BodyProgressKt$BodyProgress$1$2.smali	100	    iput-object p1, p0, Lio/ktor/client/plugins/BodyProgressKt$BodyProgress$1$2;->L$0:Ljava/lang/Object;
smali_classes2\io\ktor\client\plugins\BodyProgressKt$BodyProgress$1$2.smali	122	    invoke-virtual {p0, p1, p2}, Lio/ktor/client/plugins/BodyProgressKt$BodyProgress$1$2;->create(Ljava/lang/Object;Lkotlin/coroutines/飘花落叶言子楪世哲苏兰;)Lkotlin/coroutines/飘花落叶言子楪世哲苏兰;
smali_classes2\io\ktor\client\plugins\BodyProgressKt$BodyProgress$1$2.smali	130	    check-cast p0, Lio/ktor/client/plugins/BodyProgressKt$BodyProgress$1$2;
smali_classes2\io\ktor\client\plugins\BodyProgressKt$BodyProgress$1$2.smali	138	    invoke-virtual {p0, p1}, Lio/ktor/client/plugins/BodyProgressKt$BodyProgress$1$2;->invokeSuspend(Ljava/lang/Object;)Ljava/lang/Object;
smali_classes2\io\ktor\client\plugins\BodyProgressKt$BodyProgress$1$2.smali	157	    invoke-virtual {p0, p1, p2}, Lio/ktor/client/plugins/BodyProgressKt$BodyProgress$1$2;->invoke(Lio/ktor/client/statement/飘花落叶言子楪世苏哲兰;Lkotlin/coroutines/飘花落叶言子楪世哲苏兰;)Ljava/lang/Object;
smali_classes2\io\ktor\client\plugins\BodyProgressKt$BodyProgress$1$2.smali	172	    iget v0, p0, Lio/ktor/client/plugins/BodyProgressKt$BodyProgress$1$2;->label:I
smali_classes2\io\ktor\client\plugins\BodyProgressKt$BodyProgress$1$2.smali	202	    iget-object p0, p0, Lio/ktor/client/plugins/BodyProgressKt$BodyProgress$1$2;->L$0:Ljava/lang/Object;
smali_classes2\io\ktor\client\plugins\ClientRequestException.smali	1	.class public final Lio/ktor/client/plugins/ClientRequestException;
smali_classes2\io\ktor\client\plugins\ClientRequestException.smali	2	.super Lio/ktor/client/plugins/ResponseException;
smali_classes2\io\ktor\client\plugins\ClientRequestException.smali	12	        "Lio/ktor/client/plugins/ClientRequestException;",
smali_classes2\io\ktor\client\plugins\ClientRequestException.smali	13	        "Lio/ktor/client/plugins/ResponseException;",
smali_classes2\io\ktor\client\plugins\ClientRequestException.smali	57	    iget-object p0, p0, Lio/ktor/client/plugins/ClientRequestException;->message:Ljava/lang/String;
smali_classes2\io\ktor\client\plugins\DefaultRequest$Plugin$install$1.smali	1	.class final Lio/ktor/client/plugins/DefaultRequest$Plugin$install$1;
smali_classes2\io\ktor\client\plugins\DefaultRequest$Plugin$install$1.smali	39	    c = "io.ktor.client.plugins.DefaultRequest$Plugin$install$1"
smali_classes2\io\ktor\client\plugins\DefaultRequest$Plugin$install$1.smali	47	.field final synthetic $plugin:Lio/ktor/client/plugins/飘花落叶言子楪世苏兰哲;
smali_classes2\io\ktor\client\plugins\DefaultRequest$Plugin$install$1.smali	55	.method public constructor <init>(Lio/ktor/client/plugins/飘花落叶言子楪世苏兰哲;Lkotlin/coroutines/飘花落叶言子楪世哲苏兰;)V
smali_classes2\io\ktor\client\plugins\DefaultRequest$Plugin$install$1.smali	60	            "Lio/ktor/client/plugins/\u98d8\u82b1\u843d\u53f6\u8a00\u5b50\u696a\u4e16\u82cf\u5170\u54f2;",
smali_classes2\io\ktor\client\plugins\DefaultRequest$Plugin$install$1.smali	63	            "Lio/ktor/client/plugins/DefaultRequest$Plugin$install$1;",
smali_classes2\io\ktor\client\plugins\DefaultRequest$Plugin$install$1.smali	98	    new-instance p0, Lio/ktor/client/plugins/DefaultRequest$Plugin$install$1;
smali_classes2\io\ktor\client\plugins\DefaultRequest$Plugin$install$1.smali	105	    invoke-direct {p0, p2, p3}, Lio/ktor/client/plugins/DefaultRequest$Plugin$install$1;-><init>(Lio/ktor/client/plugins/飘花落叶言子楪世苏兰哲;Lkotlin/coroutines/飘花落叶言子楪世哲苏兰;)V
smali_classes2\io\ktor\client\plugins\DefaultRequest$Plugin$install$1.smali	110	    iput-object p1, p0, Lio/ktor/client/plugins/DefaultRequest$Plugin$install$1;->L$0:Ljava/lang/Object;
smali_classes2\io\ktor\client\plugins\DefaultRequest$Plugin$install$1.smali	118	    invoke-virtual {p0, p1}, Lio/ktor/client/plugins/DefaultRequest$Plugin$install$1;->invokeSuspend(Ljava/lang/Object;)Ljava/lang/Object;
smali_classes2\io\ktor\client\plugins\DefaultRequest$Plugin$install$1.smali	137	    invoke-virtual {p0, p1, p2, p3}, Lio/ktor/client/plugins/DefaultRequest$Plugin$install$1;->invoke(Lio/ktor/util/pipeline/飘花落叶言子楪世哲兰苏;Ljava/lang/Object;Lkotlin/coroutines/飘花落叶言子楪世哲苏兰;)Ljava/lang/Object;
smali_classes2\io\ktor\client\plugins\DefaultRequest$Plugin$install$1.smali	152	    iget v0, p0, Lio/ktor/client/plugins/DefaultRequest$Plugin$install$1;->label:I
smali_classes2\io\ktor\client\plugins\DefaultRequest$Plugin$install$1.smali	182	    iget-object p0, p0, Lio/ktor/client/plugins/DefaultRequest$Plugin$install$1;->L$0:Ljava/lang/Object;
smali_classes2\io\ktor\client\plugins\DefaultRequest$Plugin$install$1.smali	258	    sget p0, Lio/ktor/client/plugins/飘花落叶言子楪世苏兰哲;->飘花落叶言子楪世苏哲兰:I
smali_classes2\io\ktor\client\plugins\DefaultResponseValidationKt$addDefaultResponseValidation$1$1.smali	1	.class final Lio/ktor/client/plugins/DefaultResponseValidationKt$addDefaultResponseValidation$1$1;
smali_classes2\io\ktor\client\plugins\DefaultResponseValidationKt$addDefaultResponseValidation$1$1.smali	37	    c = "io.ktor.client.plugins.DefaultResponseValidationKt$addDefaultResponseValidation$1$1"
smali_classes2\io\ktor\client\plugins\DefaultResponseValidationKt$addDefaultResponseValidation$1$1.smali	65	            "Lio/ktor/client/plugins/DefaultResponseValidationKt$addDefaultResponseValidation$1$1;",
smali_classes2\io\ktor\client\plugins\DefaultResponseValidationKt$addDefaultResponseValidation$1$1.smali	99	    new-instance p0, Lio/ktor/client/plugins/DefaultResponseValidationKt$addDefaultResponseValidation$1$1;
smali_classes2\io\ktor\client\plugins\DefaultResponseValidationKt$addDefaultResponseValidation$1$1.smali	103	    invoke-direct {p0, p2}, Lio/ktor/client/plugins/DefaultResponseValidationKt$addDefaultResponseValidation$1$1;-><init>(Lkotlin/coroutines/飘花落叶言子楪世哲苏兰;)V
smali_classes2\io\ktor\client\plugins\DefaultResponseValidationKt$addDefaultResponseValidation$1$1.smali	108	    iput-object p1, p0, Lio/ktor/client/plugins/DefaultResponseValidationKt$addDefaultResponseValidation$1$1;->L$0:Ljava/lang/Object;
smali_classes2\io\ktor\client\plugins\DefaultResponseValidationKt$addDefaultResponseValidation$1$1.smali	130	    invoke-virtual {p0, p1, p2}, Lio/ktor/client/plugins/DefaultResponseValidationKt$addDefaultResponseValidation$1$1;->create(Ljava/lang/Object;Lkotlin/coroutines/飘花落叶言子楪世哲苏兰;)Lkotlin/coroutines/飘花落叶言子楪世哲苏兰;
smali_classes2\io\ktor\client\plugins\DefaultResponseValidationKt$addDefaultResponseValidation$1$1.smali	138	    check-cast p0, Lio/ktor/client/plugins/DefaultResponseValidationKt$addDefaultResponseValidation$1$1;
smali_classes2\io\ktor\client\plugins\DefaultResponseValidationKt$addDefaultResponseValidation$1$1.smali	146	    invoke-virtual {p0, p1}, Lio/ktor/client/plugins/DefaultResponseValidationKt$addDefaultResponseValidation$1$1;->invokeSuspend(Ljava/lang/Object;)Ljava/lang/Object;
smali_classes2\io\ktor\client\plugins\DefaultResponseValidationKt$addDefaultResponseValidation$1$1.smali	165	    invoke-virtual {p0, p1, p2}, Lio/ktor/client/plugins/DefaultResponseValidationKt$addDefaultResponseValidation$1$1;->invoke(Lio/ktor/client/statement/飘花落叶言子楪世苏哲兰;Lkotlin/coroutines/飘花落叶言子楪世哲苏兰;)Ljava/lang/Object;
smali_classes2\io\ktor\client\plugins\DefaultResponseValidationKt$addDefaultResponseValidation$1$1.smali	180	    iget v0, p0, Lio/ktor/client/plugins/DefaultResponseValidationKt$addDefaultResponseValidation$1$1;->label:I
smali_classes2\io\ktor\client\plugins\DefaultResponseValidationKt$addDefaultResponseValidation$1$1.smali	205	    iget v0, p0, Lio/ktor/client/plugins/DefaultResponseValidationKt$addDefaultResponseValidation$1$1;->I$0:I
smali_classes2\io\ktor\client\plugins\DefaultResponseValidationKt$addDefaultResponseValidation$1$1.smali	209	    iget-object v1, p0, Lio/ktor/client/plugins/DefaultResponseValidationKt$addDefaultResponseValidation$1$1;->L$1:Ljava/lang/Object;
smali_classes2\io\ktor\client\plugins\DefaultResponseValidationKt$addDefaultResponseValidation$1$1.smali	217	    iget-object p0, p0, Lio/ktor/client/plugins/DefaultResponseValidationKt$addDefaultResponseValidation$1$1;->L$0:Ljava/lang/Object;
smali_classes2\io\ktor\client\plugins\DefaultResponseValidationKt$addDefaultResponseValidation$1$1.smali	266	    new-instance p0, Lio/ktor/client/plugins/RedirectResponseException;
smali_classes2\io\ktor\client\plugins\DefaultResponseValidationKt$addDefaultResponseValidation$1$1.smali	270	    invoke-direct {p0, v2, p1}, Lio/ktor/client/plugins/RedirectResponseException;-><init>(Lio/ktor/client/statement/飘花落叶言子楪世苏哲兰;Ljava/lang/String;)V
smali_classes2\io\ktor\client\plugins\DefaultResponseValidationKt$addDefaultResponseValidation$1$1.smali	296	    new-instance p0, Lio/ktor/client/plugins/ClientRequestException;
smali_classes2\io\ktor\client\plugins\DefaultResponseValidationKt$addDefaultResponseValidation$1$1.smali	300	    invoke-direct {p0, v2, p1}, Lio/ktor/client/plugins/ClientRequestException;-><init>(Lio/ktor/client/statement/飘花落叶言子楪世苏哲兰;Ljava/lang/String;)V
smali_classes2\io\ktor\client\plugins\DefaultResponseValidationKt$addDefaultResponseValidation$1$1.smali	322	    new-instance p0, Lio/ktor/client/plugins/ServerResponseException;
smali_classes2\io\ktor\client\plugins\DefaultResponseValidationKt$addDefaultResponseValidation$1$1.smali	326	    invoke-direct {p0, v2, p1}, Lio/ktor/client/plugins/ServerResponseException;-><init>(Lio/ktor/client/statement/飘花落叶言子楪世苏哲兰;Ljava/lang/String;)V
smali_classes2\io\ktor\client\plugins\DefaultResponseValidationKt$addDefaultResponseValidation$1$1.smali	335	    new-instance p0, Lio/ktor/client/plugins/ResponseException;
smali_classes2\io\ktor\client\plugins\DefaultResponseValidationKt$addDefaultResponseValidation$1$1.smali	339	    invoke-direct {p0, v2, p1}, Lio/ktor/client/plugins/ResponseException;-><init>(Lio/ktor/client/statement/飘花落叶言子楪世苏哲兰;Ljava/lang/String;)V
smali_classes2\io\ktor\client\plugins\DefaultResponseValidationKt$addDefaultResponseValidation$1$1.smali	345	    sget p0, Lio/ktor/client/plugins/飘花落叶言子楪世哲苏兰;->飘花落叶言子楪世苏哲兰:I
smali_classes2\io\ktor\client\plugins\DefaultResponseValidationKt$addDefaultResponseValidation$1$1.smali	396	    iget-object p0, p0, Lio/ktor/client/plugins/DefaultResponseValidationKt$addDefaultResponseValidation$1$1;->L$0:Ljava/lang/Object;
smali_classes2\io\ktor\client\plugins\DefaultResponseValidationKt$addDefaultResponseValidation$1$1.smali	440	    iget-object p0, p0, Lio/ktor/client/plugins/DefaultResponseValidationKt$addDefaultResponseValidation$1$1;->L$0:Ljava/lang/Object;
smali_classes2\io\ktor\client\plugins\DefaultTransformersJvmKt$platformResponseDefaultTransformers$1.smali	1	.class final Lio/ktor/client/plugins/DefaultTransformersJvmKt$platformResponseDefaultTransformers$1;
smali_classes2\io\ktor\client\plugins\DefaultTransformersJvmKt$platformResponseDefaultTransformers$1.smali	39	    c = "io.ktor.client.plugins.DefaultTransformersJvmKt$platformResponseDefaultTransformers$1"
smali_classes2\io\ktor\client\plugins\DefaultTransformersJvmKt$platformResponseDefaultTransformers$1.smali	64	            "Lio/ktor/client/plugins/DefaultTransformersJvmKt$platformResponseDefaultTransformers$1;",
smali_classes2\io\ktor\client\plugins\DefaultTransformersJvmKt$platformResponseDefaultTransformers$1.smali	99	    new-instance p0, Lio/ktor/client/plugins/DefaultTransformersJvmKt$platformResponseDefaultTransformers$1;
smali_classes2\io\ktor\client\plugins\DefaultTransformersJvmKt$platformResponseDefaultTransformers$1.smali	103	    invoke-direct {p0, p3}, Lio/ktor/client/plugins/DefaultTransformersJvmKt$platformResponseDefaultTransformers$1;-><init>(Lkotlin/coroutines/飘花落叶言子楪世哲苏兰;)V
smali_classes2\io\ktor\client\plugins\DefaultTransformersJvmKt$platformResponseDefaultTransformers$1.smali	108	    iput-object p1, p0, Lio/ktor/client/plugins/DefaultTransformersJvmKt$platformResponseDefaultTransformers$1;->L$0:Ljava/lang/Object;
smali_classes2\io\ktor\client\plugins\DefaultTransformersJvmKt$platformResponseDefaultTransformers$1.smali	112	    iput-object p2, p0, Lio/ktor/client/plugins/DefaultTransformersJvmKt$platformResponseDefaultTransformers$1;->L$1:Ljava/lang/Object;
smali_classes2\io\ktor\client\plugins\DefaultTransformersJvmKt$platformResponseDefaultTransformers$1.smali	120	    invoke-virtual {p0, p1}, Lio/ktor/client/plugins/DefaultTransformersJvmKt$platformResponseDefaultTransformers$1;->invokeSuspend(Ljava/lang/Object;)Ljava/lang/Object;
smali_classes2\io\ktor\client\plugins\DefaultTransformersJvmKt$platformResponseDefaultTransformers$1.smali	141	    invoke-virtual {p0, p1, p2, p3}, Lio/ktor/client/plugins/DefaultTransformersJvmKt$platformResponseDefaultTransformers$1;->invoke(Lio/ktor/util/pipeline/飘花落叶言子楪世哲兰苏;Lio/ktor/client/statement/飘花落叶言子楪世苏兰哲;Lkotlin/coroutines/飘花落叶言子楪世哲苏兰;)Ljava/lang/Object;
smali_classes2\io\ktor\client\plugins\DefaultTransformersJvmKt$platformResponseDefaultTransformers$1.smali	156	    iget v0, p0, Lio/ktor/client/plugins/DefaultTransformersJvmKt$platformResponseDefaultTransformers$1;->label:I
smali_classes2\io\ktor\client\plugins\DefaultTransformersJvmKt$platformResponseDefaultTransformers$1.smali	205	    iget-object p1, p0, Lio/ktor/client/plugins/DefaultTransformersJvmKt$platformResponseDefaultTransformers$1;->L$0:Ljava/lang/Object;
smali_classes2\io\ktor\client\plugins\DefaultTransformersJvmKt$platformResponseDefaultTransformers$1.smali	213	    iget-object p0, p0, Lio/ktor/client/plugins/DefaultTransformersJvmKt$platformResponseDefaultTransformers$1;->L$1:Ljava/lang/Object;
smali_classes2\io\ktor\client\plugins\DefaultTransformKt$defaultTransformers$1.smali	1	.class final Lio/ktor/client/plugins/DefaultTransformKt$defaultTransformers$1;
smali_classes2\io\ktor\client\plugins\DefaultTransformKt$defaultTransformers$1.smali	39	    c = "io.ktor.client.plugins.DefaultTransformKt$defaultTransformers$1"
smali_classes2\io\ktor\client\plugins\DefaultTransformKt$defaultTransformers$1.smali	64	            "Lio/ktor/client/plugins/DefaultTransformKt$defaultTransformers$1;",
smali_classes2\io\ktor\client\plugins\DefaultTransformKt$defaultTransformers$1.smali	99	    new-instance p0, Lio/ktor/client/plugins/DefaultTransformKt$defaultTransformers$1;
smali_classes2\io\ktor\client\plugins\DefaultTransformKt$defaultTransformers$1.smali	103	    invoke-direct {p0, p3}, Lio/ktor/client/plugins/DefaultTransformKt$defaultTransformers$1;-><init>(Lkotlin/coroutines/飘花落叶言子楪世哲苏兰;)V
smali_classes2\io\ktor\client\plugins\DefaultTransformKt$defaultTransformers$1.smali	108	    iput-object p1, p0, Lio/ktor/client/plugins/DefaultTransformKt$defaultTransformers$1;->L$0:Ljava/lang/Object;
smali_classes2\io\ktor\client\plugins\DefaultTransformKt$defaultTransformers$1.smali	112	    iput-object p2, p0, Lio/ktor/client/plugins/DefaultTransformKt$defaultTransformers$1;->L$1:Ljava/lang/Object;
smali_classes2\io\ktor\client\plugins\DefaultTransformKt$defaultTransformers$1.smali	120	    invoke-virtual {p0, p1}, Lio/ktor/client/plugins/DefaultTransformKt$defaultTransformers$1;->invokeSuspend(Ljava/lang/Object;)Ljava/lang/Object;
smali_classes2\io\ktor\client\plugins\DefaultTransformKt$defaultTransformers$1.smali	139	    invoke-virtual {p0, p1, p2, p3}, Lio/ktor/client/plugins/DefaultTransformKt$defaultTransformers$1;->invoke(Lio/ktor/util/pipeline/飘花落叶言子楪世哲兰苏;Ljava/lang/Object;Lkotlin/coroutines/飘花落叶言子楪世哲苏兰;)Ljava/lang/Object;
smali_classes2\io\ktor\client\plugins\DefaultTransformKt$defaultTransformers$1.smali	154	    iget v1, p0, Lio/ktor/client/plugins/DefaultTransformKt$defaultTransformers$1;->label:I
smali_classes2\io\ktor\client\plugins\DefaultTransformKt$defaultTransformers$1.smali	200	    iget-object p1, p0, Lio/ktor/client/plugins/DefaultTransformKt$defaultTransformers$1;->L$0:Ljava/lang/Object;
smali_classes2\io\ktor\client\plugins\DefaultTransformKt$defaultTransformers$1.smali	208	    iget-object v1, p0, Lio/ktor/client/plugins/DefaultTransformKt$defaultTransformers$1;->L$1:Ljava/lang/Object;
smali_classes2\io\ktor\client\plugins\DefaultTransformKt$defaultTransformers$1.smali	328	    new-instance v6, Lio/ktor/client/plugins/飘花落叶言子楪世哲兰苏;
smali_classes2\io\ktor\client\plugins\DefaultTransformKt$defaultTransformers$1.smali	332	    invoke-direct {v6, v5, v1}, Lio/ktor/client/plugins/飘花落叶言子楪世哲兰苏;-><init>(L飘花落叶言楪兰苏世子哲/飘花落叶言子楪苏世哲兰;Ljava/lang/Object;)V
smali_classes2\io\ktor\client\plugins\DefaultTransformKt$defaultTransformers$1.smali	349	    new-instance v6, Lio/ktor/client/plugins/飘花落叶言子楪世兰苏哲;
smali_classes2\io\ktor\client\plugins\DefaultTransformKt$defaultTransformers$1.smali	353	    invoke-direct {v6, p1, v5, v1}, Lio/ktor/client/plugins/飘花落叶言子楪世兰苏哲;-><init>(Lio/ktor/util/pipeline/飘花落叶言子楪世哲兰苏;L飘花落叶言楪兰苏世子哲/飘花落叶言子楪苏世哲兰;Ljava/lang/Object;)V
smali_classes2\io\ktor\client\plugins\DefaultTransformKt$defaultTransformers$1.smali	406	    new-instance v7, Lio/ktor/client/plugins/飘花落叶言子楪世兰苏哲;
smali_classes2\io\ktor\client\plugins\DefaultTransformKt$defaultTransformers$1.smali	410	    invoke-direct {v7, v6, v5, v1}, Lio/ktor/client/plugins/飘花落叶言子楪世兰苏哲;-><init>(L飘花落叶言楪兰苏子世哲/飘花落叶言子楪世苏兰哲;L飘花落叶言楪兰苏世子哲/飘花落叶言子楪苏世哲兰;Ljava/lang/Object;)V
smali_classes2\io\ktor\client\plugins\DefaultTransformKt$defaultTransformers$1.smali	480	    sget-object v5, Lio/ktor/client/plugins/飘花落叶言子楪世兰哲苏;->飘花落叶言子楪世苏哲兰:L飘花落叶言苏楪世子兰哲/飘花落叶言子楪世苏兰哲;
smali_classes2\io\ktor\client\plugins\DefaultTransformKt$defaultTransformers$1.smali	553	    iput-object v3, p0, Lio/ktor/client/plugins/DefaultTransformKt$defaultTransformers$1;->L$0:Ljava/lang/Object;
smali_classes2\io\ktor\client\plugins\DefaultTransformKt$defaultTransformers$1.smali	557	    iput v2, p0, Lio/ktor/client/plugins/DefaultTransformKt$defaultTransformers$1;->label:I
smali_classes2\io\ktor\client\plugins\DefaultTransformKt$defaultTransformers$2$result$channel$1.smali	1	.class final Lio/ktor/client/plugins/DefaultTransformKt$defaultTransformers$2$result$channel$1;
smali_classes2\io\ktor\client\plugins\DefaultTransformKt$defaultTransformers$2$result$channel$1.smali	11	    value = Lio/ktor/client/plugins/DefaultTransformKt$defaultTransformers$2;->invokeSuspend(Ljava/lang/Object;)Ljava/lang/Object;
smali_classes2\io\ktor\client\plugins\DefaultTransformKt$defaultTransformers$2$result$channel$1.smali	45	    c = "io.ktor.client.plugins.DefaultTransformKt$defaultTransformers$2$result$channel$1"
smali_classes2\io\ktor\client\plugins\DefaultTransformKt$defaultTransformers$2$result$channel$1.smali	74	            "Lio/ktor/client/plugins/DefaultTransformKt$defaultTransformers$2$result$channel$1;",
smali_classes2\io\ktor\client\plugins\DefaultTransformKt$defaultTransformers$2$result$channel$1.smali	80	    iput-object p1, p0, Lio/ktor/client/plugins/DefaultTransformKt$defaultTransformers$2$result$channel$1;->$body:Ljava/lang/Object;
smali_classes2\io\ktor\client\plugins\DefaultTransformKt$defaultTransformers$2$result$channel$1.smali	84	    iput-object p2, p0, Lio/ktor/client/plugins/DefaultTransformKt$defaultTransformers$2$result$channel$1;->$response:Lio/ktor/client/statement/飘花落叶言子楪世苏哲兰;
smali_classes2\io\ktor\client\plugins\DefaultTransformKt$defaultTransformers$2$result$channel$1.smali	116	    new-instance v0, Lio/ktor/client/plugins/DefaultTransformKt$defaultTransformers$2$result$channel$1;
smali_classes2\io\ktor\client\plugins\DefaultTransformKt$defaultTransformers$2$result$channel$1.smali	120	    iget-object v1, p0, Lio/ktor/client/plugins/DefaultTransformKt$defaultTransformers$2$result$channel$1;->$body:Ljava/lang/Object;
smali_classes2\io\ktor\client\plugins\DefaultTransformKt$defaultTransformers$2$result$channel$1.smali	124	    iget-object p0, p0, Lio/ktor/client/plugins/DefaultTransformKt$defaultTransformers$2$result$channel$1;->$response:Lio/ktor/client/statement/飘花落叶言子楪世苏哲兰;
smali_classes2\io\ktor\client\plugins\DefaultTransformKt$defaultTransformers$2$result$channel$1.smali	128	    invoke-direct {v0, v1, p0, p2}, Lio/ktor/client/plugins/DefaultTransformKt$defaultTransformers$2$result$channel$1;-><init>(Ljava/lang/Object;Lio/ktor/client/statement/飘花落叶言子楪世苏哲兰;Lkotlin/coroutines/飘花落叶言子楪世哲苏兰;)V
smali_classes2\io\ktor\client\plugins\DefaultTransformKt$defaultTransformers$2$result$channel$1.smali	133	    iput-object p1, v0, Lio/ktor/client/plugins/DefaultTransformKt$defaultTransformers$2$result$channel$1;->L$0:Ljava/lang/Object;
smali_classes2\io\ktor\client\plugins\DefaultTransformKt$defaultTransformers$2$result$channel$1.smali	155	    invoke-virtual {p0, p1, p2}, Lio/ktor/client/plugins/DefaultTransformKt$defaultTransformers$2$result$channel$1;->create(Ljava/lang/Object;Lkotlin/coroutines/飘花落叶言子楪世哲苏兰;)Lkotlin/coroutines/飘花落叶言子楪世哲苏兰;
smali_classes2\io\ktor\client\plugins\DefaultTransformKt$defaultTransformers$2$result$channel$1.smali	163	    check-cast p0, Lio/ktor/client/plugins/DefaultTransformKt$defaultTransformers$2$result$channel$1;
smali_classes2\io\ktor\client\plugins\DefaultTransformKt$defaultTransformers$2$result$channel$1.smali	171	    invoke-virtual {p0, p1}, Lio/ktor/client/plugins/DefaultTransformKt$defaultTransformers$2$result$channel$1;->invokeSuspend(Ljava/lang/Object;)Ljava/lang/Object;
smali_classes2\io\ktor\client\plugins\DefaultTransformKt$defaultTransformers$2$result$channel$1.smali	190	    invoke-virtual {p0, p1, p2}, Lio/ktor/client/plugins/DefaultTransformKt$defaultTransformers$2$result$channel$1;->invoke(Lio/ktor/utils/io/飘花落叶言子世楪兰苏哲;Lkotlin/coroutines/飘花落叶言子楪世哲苏兰;)Ljava/lang/Object;
smali_classes2\io\ktor\client\plugins\DefaultTransformKt$defaultTransformers$2$result$channel$1.smali	205	    iget v1, p0, Lio/ktor/client/plugins/DefaultTransformKt$defaultTransformers$2$result$channel$1;->label:I
smali_classes2\io\ktor\client\plugins\DefaultTransformKt$defaultTransformers$2$result$channel$1.smali	268	    iget-object p1, p0, Lio/ktor/client/plugins/DefaultTransformKt$defaultTransformers$2$result$channel$1;->L$0:Ljava/lang/Object;
smali_classes2\io\ktor\client\plugins\DefaultTransformKt$defaultTransformers$2$result$channel$1.smali	277	    iget-object v1, p0, Lio/ktor/client/plugins/DefaultTransformKt$defaultTransformers$2$result$channel$1;->$body:Ljava/lang/Object;
smali_classes2\io\ktor\client\plugins\DefaultTransformKt$defaultTransformers$2$result$channel$1.smali	289	    iput v2, p0, Lio/ktor/client/plugins/DefaultTransformKt$defaultTransformers$2$result$channel$1;->label:I
smali_classes2\io\ktor\client\plugins\DefaultTransformKt$defaultTransformers$2.smali	1	.class final Lio/ktor/client/plugins/DefaultTransformKt$defaultTransformers$2;
smali_classes2\io\ktor\client\plugins\DefaultTransformKt$defaultTransformers$2.smali	39	    c = "io.ktor.client.plugins.DefaultTransformKt$defaultTransformers$2"
smali_classes2\io\ktor\client\plugins\DefaultTransformKt$defaultTransformers$2.smali	79	            "Lio/ktor/client/plugins/DefaultTransformKt$defaultTransformers$2;",
smali_classes2\io\ktor\client\plugins\DefaultTransformKt$defaultTransformers$2.smali	134	    new-instance p0, Lio/ktor/client/plugins/DefaultTransformKt$defaultTransformers$2;
smali_classes2\io\ktor\client\plugins\DefaultTransformKt$defaultTransformers$2.smali	141	    invoke-direct {p0, v0, p3}, Lio/ktor/client/plugins/DefaultTransformKt$defaultTransformers$2;-><init>(Lio/ktor/client/飘花落叶言子楪世苏哲兰;Lkotlin/coroutines/飘花落叶言子楪世哲苏兰;)V
smali_classes2\io\ktor\client\plugins\DefaultTransformKt$defaultTransformers$2.smali	146	    iput-object p1, p0, Lio/ktor/client/plugins/DefaultTransformKt$defaultTransformers$2;->L$0:Ljava/lang/Object;
smali_classes2\io\ktor\client\plugins\DefaultTransformKt$defaultTransformers$2.smali	150	    iput-object p2, p0, Lio/ktor/client/plugins/DefaultTransformKt$defaultTransformers$2;->L$1:Ljava/lang/Object;
smali_classes2\io\ktor\client\plugins\DefaultTransformKt$defaultTransformers$2.smali	158	    invoke-virtual {p0, p1}, Lio/ktor/client/plugins/DefaultTransformKt$defaultTransformers$2;->invokeSuspend(Ljava/lang/Object;)Ljava/lang/Object;
smali_classes2\io\ktor\client\plugins\DefaultTransformKt$defaultTransformers$2.smali	179	    invoke-virtual {p0, p1, p2, p3}, Lio/ktor/client/plugins/DefaultTransformKt$defaultTransformers$2;->invoke(Lio/ktor/util/pipeline/飘花落叶言子楪世哲兰苏;Lio/ktor/client/statement/飘花落叶言子楪世苏兰哲;Lkotlin/coroutines/飘花落叶言子楪世哲苏兰;)Ljava/lang/Object;
smali_classes2\io\ktor\client\plugins\DefaultTransformKt$defaultTransformers$2.smali	194	    iget v1, p0, Lio/ktor/client/plugins/DefaultTransformKt$defaultTransformers$2;->label:I
smali_classes2\io\ktor\client\plugins\DefaultTransformKt$defaultTransformers$2.smali	219	    iget-object v0, p0, Lio/ktor/client/plugins/DefaultTransformKt$defaultTransformers$2;->L$1:Ljava/lang/Object;
smali_classes2\io\ktor\client\plugins\DefaultTransformKt$defaultTransformers$2.smali	227	    iget-object p0, p0, Lio/ktor/client/plugins/DefaultTransformKt$defaultTransformers$2;->L$0:Ljava/lang/Object;
smali_classes2\io\ktor\client\plugins\DefaultTransformKt$defaultTransformers$2.smali	249	    iget-object v0, p0, Lio/ktor/client/plugins/DefaultTransformKt$defaultTransformers$2;->L$1:Ljava/lang/Object;
smali_classes2\io\ktor\client\plugins\DefaultTransformKt$defaultTransformers$2.smali	257	    iget-object p0, p0, Lio/ktor/client/plugins/DefaultTransformKt$defaultTransformers$2;->L$0:Ljava/lang/Object;
smali_classes2\io\ktor\client\plugins\DefaultTransformKt$defaultTransformers$2.smali	279	    iget-object v0, p0, Lio/ktor/client/plugins/DefaultTransformKt$defaultTransformers$2;->L$1:Ljava/lang/Object;
smali_classes2\io\ktor\client\plugins\DefaultTransformKt$defaultTransformers$2.smali	287	    iget-object p0, p0, Lio/ktor/client/plugins/DefaultTransformKt$defaultTransformers$2;->L$0:Ljava/lang/Object;
smali_classes2\io\ktor\client\plugins\DefaultTransformKt$defaultTransformers$2.smali	309	    iget-object v0, p0, Lio/ktor/client/plugins/DefaultTransformKt$defaultTransformers$2;->L$1:Ljava/lang/Object;
smali_classes2\io\ktor\client\plugins\DefaultTransformKt$defaultTransformers$2.smali	317	    iget-object p0, p0, Lio/ktor/client/plugins/DefaultTransformKt$defaultTransformers$2;->L$0:Ljava/lang/Object;
smali_classes2\io\ktor\client\plugins\DefaultTransformKt$defaultTransformers$2.smali	351	    iget-object v0, p0, Lio/ktor/client/plugins/DefaultTransformKt$defaultTransformers$2;->L$1:Ljava/lang/Object;
smali_classes2\io\ktor\client\plugins\DefaultTransformKt$defaultTransformers$2.smali	359	    iget-object p0, p0, Lio/ktor/client/plugins/DefaultTransformKt$defaultTransformers$2;->L$0:Ljava/lang/Object;
smali_classes2\io\ktor\client\plugins\DefaultTransformKt$defaultTransformers$2.smali	376	    iget-object v1, p0, Lio/ktor/client/plugins/DefaultTransformKt$defaultTransformers$2;->L$3:Ljava/lang/Object;
smali_classes2\io\ktor\client\plugins\DefaultTransformKt$defaultTransformers$2.smali	384	    iget-object v3, p0, Lio/ktor/client/plugins/DefaultTransformKt$defaultTransformers$2;->L$2:Ljava/lang/Object;
smali_classes2\io\ktor\client\plugins\DefaultTransformKt$defaultTransformers$2.smali	392	    iget-object v4, p0, Lio/ktor/client/plugins/DefaultTransformKt$defaultTransformers$2;->L$1:Ljava/lang/Object;
smali_classes2\io\ktor\client\plugins\DefaultTransformKt$defaultTransformers$2.smali	400	    iget-object v5, p0, Lio/ktor/client/plugins/DefaultTransformKt$defaultTransformers$2;->L$0:Ljava/lang/Object;
smali_classes2\io\ktor\client\plugins\DefaultTransformKt$defaultTransformers$2.smali	422	    iput-object v5, p0, Lio/ktor/client/plugins/DefaultTransformKt$defaultTransformers$2;->L$0:Ljava/lang/Object;
smali_classes2\io\ktor\client\plugins\DefaultTransformKt$defaultTransformers$2.smali	426	    iput-object v4, p0, Lio/ktor/client/plugins/DefaultTransformKt$defaultTransformers$2;->L$1:Ljava/lang/Object;
smali_classes2\io\ktor\client\plugins\DefaultTransformKt$defaultTransformers$2.smali	430	    iput-object v2, p0, Lio/ktor/client/plugins/DefaultTransformKt$defaultTransformers$2;->L$2:Ljava/lang/Object;
smali_classes2\io\ktor\client\plugins\DefaultTransformKt$defaultTransformers$2.smali	434	    iput-object v2, p0, Lio/ktor/client/plugins/DefaultTransformKt$defaultTransformers$2;->L$3:Ljava/lang/Object;
smali_classes2\io\ktor\client\plugins\DefaultTransformKt$defaultTransformers$2.smali	441	    iput p1, p0, Lio/ktor/client/plugins/DefaultTransformKt$defaultTransformers$2;->label:I
smali_classes2\io\ktor\client\plugins\DefaultTransformKt$defaultTransformers$2.smali	473	    iget-object v0, p0, Lio/ktor/client/plugins/DefaultTransformKt$defaultTransformers$2;->L$1:Ljava/lang/Object;
smali_classes2\io\ktor\client\plugins\DefaultTransformKt$defaultTransformers$2.smali	481	    iget-object p0, p0, Lio/ktor/client/plugins/DefaultTransformKt$defaultTransformers$2;->L$0:Ljava/lang/Object;
smali_classes2\io\ktor\client\plugins\DefaultTransformKt$defaultTransformers$2.smali	498	    iget-object v1, p0, Lio/ktor/client/plugins/DefaultTransformKt$defaultTransformers$2;->L$3:Ljava/lang/Object;
smali_classes2\io\ktor\client\plugins\DefaultTransformKt$defaultTransformers$2.smali	506	    iget-object v3, p0, Lio/ktor/client/plugins/DefaultTransformKt$defaultTransformers$2;->L$2:Ljava/lang/Object;
smali_classes2\io\ktor\client\plugins\DefaultTransformKt$defaultTransformers$2.smali	514	    iget-object v4, p0, Lio/ktor/client/plugins/DefaultTransformKt$defaultTransformers$2;->L$1:Ljava/lang/Object;
smali_classes2\io\ktor\client\plugins\DefaultTransformKt$defaultTransformers$2.smali	522	    iget-object v5, p0, Lio/ktor/client/plugins/DefaultTransformKt$defaultTransformers$2;->L$0:Ljava/lang/Object;
smali_classes2\io\ktor\client\plugins\DefaultTransformKt$defaultTransformers$2.smali	578	    iput-object v5, p0, Lio/ktor/client/plugins/DefaultTransformKt$defaultTransformers$2;->L$0:Ljava/lang/Object;
smali_classes2\io\ktor\client\plugins\DefaultTransformKt$defaultTransformers$2.smali	582	    iput-object v4, p0, Lio/ktor/client/plugins/DefaultTransformKt$defaultTransformers$2;->L$1:Ljava/lang/Object;
smali_classes2\io\ktor\client\plugins\DefaultTransformKt$defaultTransformers$2.smali	586	    iput-object v2, p0, Lio/ktor/client/plugins/DefaultTransformKt$defaultTransformers$2;->L$2:Ljava/lang/Object;
smali_classes2\io\ktor\client\plugins\DefaultTransformKt$defaultTransformers$2.smali	590	    iput-object v2, p0, Lio/ktor/client/plugins/DefaultTransformKt$defaultTransformers$2;->L$3:Ljava/lang/Object;
smali_classes2\io\ktor\client\plugins\DefaultTransformKt$defaultTransformers$2.smali	597	    iput v1, p0, Lio/ktor/client/plugins/DefaultTransformKt$defaultTransformers$2;->label:I
smali_classes2\io\ktor\client\plugins\DefaultTransformKt$defaultTransformers$2.smali	630	    iget-object v0, p0, Lio/ktor/client/plugins/DefaultTransformKt$defaultTransformers$2;->L$1:Ljava/lang/Object;
smali_classes2\io\ktor\client\plugins\DefaultTransformKt$defaultTransformers$2.smali	638	    iget-object p0, p0, Lio/ktor/client/plugins/DefaultTransformKt$defaultTransformers$2;->L$0:Ljava/lang/Object;
smali_classes2\io\ktor\client\plugins\DefaultTransformKt$defaultTransformers$2.smali	664	    sget-object p1, Lio/ktor/client/plugins/飘花落叶言子楪世兰哲苏;->飘花落叶言子楪世苏哲兰:L飘花落叶言苏楪世子兰哲/飘花落叶言子楪世苏兰哲;
smali_classes2\io\ktor\client\plugins\DefaultTransformKt$defaultTransformers$2.smali	690	    iget-object p1, p0, Lio/ktor/client/plugins/DefaultTransformKt$defaultTransformers$2;->L$0:Ljava/lang/Object;
smali_classes2\io\ktor\client\plugins\DefaultTransformKt$defaultTransformers$2.smali	698	    iget-object p0, p0, Lio/ktor/client/plugins/DefaultTransformKt$defaultTransformers$2;->L$1:Ljava/lang/Object;
smali_classes2\io\ktor\client\plugins\DoubleReceivePluginKt$SaveBodyPlugin$1.smali	1	.class final synthetic Lio/ktor/client/plugins/DoubleReceivePluginKt$SaveBodyPlugin$1;
smali_classes2\io\ktor\client\plugins\DoubleReceivePluginKt$SaveBodyPlugin$1.smali	29	.field public static final INSTANCE:Lio/ktor/client/plugins/DoubleReceivePluginKt$SaveBodyPlugin$1;
smali_classes2\io\ktor\client\plugins\DoubleReceivePluginKt$SaveBodyPlugin$1.smali	37	    new-instance v0, Lio/ktor/client/plugins/DoubleReceivePluginKt$SaveBodyPlugin$1;
smali_classes2\io\ktor\client\plugins\DoubleReceivePluginKt$SaveBodyPlugin$1.smali	41	    invoke-direct {v0}, Lio/ktor/client/plugins/DoubleReceivePluginKt$SaveBodyPlugin$1;-><init>()V
smali_classes2\io\ktor\client\plugins\DoubleReceivePluginKt$SaveBodyPlugin$1.smali	46	    sput-object v0, Lio/ktor/client/plugins/DoubleReceivePluginKt$SaveBodyPlugin$1;->INSTANCE:Lio/ktor/client/plugins/DoubleReceivePluginKt$SaveBodyPlugin$1;
smali_classes2\io\ktor\client\plugins\DoubleReceivePluginKt$SaveBodyPlugin$1.smali	67	    const-class v2, Lio/ktor/client/plugins/飘花落叶言子世楪哲苏兰;
smali_classes2\io\ktor\client\plugins\DoubleReceivePluginKt$SaveBodyPlugin$1.smali	88	.method public final invoke()Lio/ktor/client/plugins/飘花落叶言子世楪哲苏兰;
smali_classes2\io\ktor\client\plugins\DoubleReceivePluginKt$SaveBodyPlugin$1.smali	92	    new-instance p0, Lio/ktor/client/plugins/飘花落叶言子世楪哲苏兰;
smali_classes2\io\ktor\client\plugins\DoubleReceivePluginKt$SaveBodyPlugin$1.smali	108	    invoke-virtual {p0}, Lio/ktor/client/plugins/DoubleReceivePluginKt$SaveBodyPlugin$1;->invoke()Lio/ktor/client/plugins/飘花落叶言子世楪哲苏兰;
smali_classes2\io\ktor\client\plugins\DoubleReceivePluginKt$SaveBodyPlugin$2$1.smali	1	.class final Lio/ktor/client/plugins/DoubleReceivePluginKt$SaveBodyPlugin$2$1;
smali_classes2\io\ktor\client\plugins\DoubleReceivePluginKt$SaveBodyPlugin$2$1.smali	38	    c = "io.ktor.client.plugins.DoubleReceivePluginKt$SaveBodyPlugin$2$1"
smali_classes2\io\ktor\client\plugins\DoubleReceivePluginKt$SaveBodyPlugin$2$1.smali	39	    f = "DoubleReceivePlugin.kt"
smali_classes2\io\ktor\client\plugins\DoubleReceivePluginKt$SaveBodyPlugin$2$1.smali	65	            "Lio/ktor/client/plugins/DoubleReceivePluginKt$SaveBodyPlugin$2$1;",
smali_classes2\io\ktor\client\plugins\DoubleReceivePluginKt$SaveBodyPlugin$2$1.smali	71	    iput-boolean p1, p0, Lio/ktor/client/plugins/DoubleReceivePluginKt$SaveBodyPlugin$2$1;->$disabled:Z
smali_classes2\io\ktor\client\plugins\DoubleReceivePluginKt$SaveBodyPlugin$2$1.smali	86	.method private static final invokeSuspend$lambda$0(Lio/ktor/client/plugins/internal/飘花落叶言子楪世苏兰哲;)Lio/ktor/utils/io/飘花落叶言子楪苏兰哲世;
smali_classes2\io\ktor\client\plugins\DoubleReceivePluginKt$SaveBodyPlugin$2$1.smali	119	    new-instance v0, Lio/ktor/client/plugins/DoubleReceivePluginKt$SaveBodyPlugin$2$1;
smali_classes2\io\ktor\client\plugins\DoubleReceivePluginKt$SaveBodyPlugin$2$1.smali	123	    iget-boolean p0, p0, Lio/ktor/client/plugins/DoubleReceivePluginKt$SaveBodyPlugin$2$1;->$disabled:Z
smali_classes2\io\ktor\client\plugins\DoubleReceivePluginKt$SaveBodyPlugin$2$1.smali	127	    invoke-direct {v0, p0, p3}, Lio/ktor/client/plugins/DoubleReceivePluginKt$SaveBodyPlugin$2$1;-><init>(ZLkotlin/coroutines/飘花落叶言子楪世哲苏兰;)V
smali_classes2\io\ktor\client\plugins\DoubleReceivePluginKt$SaveBodyPlugin$2$1.smali	132	    iput-object p1, v0, Lio/ktor/client/plugins/DoubleReceivePluginKt$SaveBodyPlugin$2$1;->L$0:Ljava/lang/Object;
smali_classes2\io\ktor\client\plugins\DoubleReceivePluginKt$SaveBodyPlugin$2$1.smali	136	    iput-object p2, v0, Lio/ktor/client/plugins/DoubleReceivePluginKt$SaveBodyPlugin$2$1;->L$1:Ljava/lang/Object;
smali_classes2\io\ktor\client\plugins\DoubleReceivePluginKt$SaveBodyPlugin$2$1.smali	144	    invoke-virtual {v0, p0}, Lio/ktor/client/plugins/DoubleReceivePluginKt$SaveBodyPlugin$2$1;->invokeSuspend(Ljava/lang/Object;)Ljava/lang/Object;
smali_classes2\io\ktor\client\plugins\DoubleReceivePluginKt$SaveBodyPlugin$2$1.smali	165	    invoke-virtual {p0, p1, p2, p3}, Lio/ktor/client/plugins/DoubleReceivePluginKt$SaveBodyPlugin$2$1;->invoke(Lio/ktor/util/pipeline/飘花落叶言子楪世哲兰苏;Lio/ktor/client/statement/飘花落叶言子楪世苏哲兰;Lkotlin/coroutines/飘花落叶言子楪世哲苏兰;)Ljava/lang/Object;
smali_classes2\io\ktor\client\plugins\DoubleReceivePluginKt$SaveBodyPlugin$2$1.smali	180	    iget v0, p0, Lio/ktor/client/plugins/DoubleReceivePluginKt$SaveBodyPlugin$2$1;->label:I
smali_classes2\io\ktor\client\plugins\DoubleReceivePluginKt$SaveBodyPlugin$2$1.smali	229	    iget-object p1, p0, Lio/ktor/client/plugins/DoubleReceivePluginKt$SaveBodyPlugin$2$1;->L$0:Ljava/lang/Object;
smali_classes2\io\ktor\client\plugins\DoubleReceivePluginKt$SaveBodyPlugin$2$1.smali	237	    iget-object p1, p0, Lio/ktor/client/plugins/DoubleReceivePluginKt$SaveBodyPlugin$2$1;->L$1:Ljava/lang/Object;
smali_classes2\io\ktor\client\plugins\DoubleReceivePluginKt$SaveBodyPlugin$2$1.smali	245	    iget-boolean p0, p0, Lio/ktor/client/plugins/DoubleReceivePluginKt$SaveBodyPlugin$2$1;->$disabled:Z
smali_classes2\io\ktor\client\plugins\HttpCallValidatorKt$HttpCallValidator$1.smali	1	.class final synthetic Lio/ktor/client/plugins/HttpCallValidatorKt$HttpCallValidator$1;
smali_classes2\io\ktor\client\plugins\HttpCallValidatorKt$HttpCallValidator$1.smali	29	.field public static final INSTANCE:Lio/ktor/client/plugins/HttpCallValidatorKt$HttpCallValidator$1;
smali_classes2\io\ktor\client\plugins\HttpCallValidatorKt$HttpCallValidator$1.smali	37	    new-instance v0, Lio/ktor/client/plugins/HttpCallValidatorKt$HttpCallValidator$1;
smali_classes2\io\ktor\client\plugins\HttpCallValidatorKt$HttpCallValidator$1.smali	41	    invoke-direct {v0}, Lio/ktor/client/plugins/HttpCallValidatorKt$HttpCallValidator$1;-><init>()V
smali_classes2\io\ktor\client\plugins\HttpCallValidatorKt$HttpCallValidator$1.smali	46	    sput-object v0, Lio/ktor/client/plugins/HttpCallValidatorKt$HttpCallValidator$1;->INSTANCE:Lio/ktor/client/plugins/HttpCallValidatorKt$HttpCallValidator$1;
smali_classes2\io\ktor\client\plugins\HttpCallValidatorKt$HttpCallValidator$1.smali	67	    const-class v2, Lio/ktor/client/plugins/飘花落叶言子楪苏世哲兰;
smali_classes2\io\ktor\client\plugins\HttpCallValidatorKt$HttpCallValidator$1.smali	88	.method public final invoke()Lio/ktor/client/plugins/飘花落叶言子楪苏世哲兰;
smali_classes2\io\ktor\client\plugins\HttpCallValidatorKt$HttpCallValidator$1.smali	92	    new-instance p0, Lio/ktor/client/plugins/飘花落叶言子楪苏世哲兰;
smali_classes2\io\ktor\client\plugins\HttpCallValidatorKt$HttpCallValidator$1.smali	126	    invoke-virtual {p0}, Lio/ktor/client/plugins/HttpCallValidatorKt$HttpCallValidator$1;->invoke()Lio/ktor/client/plugins/飘花落叶言子楪苏世哲兰;
smali_classes2\io\ktor\client\plugins\HttpCallValidatorKt$HttpCallValidator$2$1.smali	1	.class final Lio/ktor/client/plugins/HttpCallValidatorKt$HttpCallValidator$2$1;
smali_classes2\io\ktor\client\plugins\HttpCallValidatorKt$HttpCallValidator$2$1.smali	37	    c = "io.ktor.client.plugins.HttpCallValidatorKt$HttpCallValidator$2$1"
smali_classes2\io\ktor\client\plugins\HttpCallValidatorKt$HttpCallValidator$2$1.smali	60	            "Lio/ktor/client/plugins/HttpCallValidatorKt$HttpCallValidator$2$1;",
smali_classes2\io\ktor\client\plugins\HttpCallValidatorKt$HttpCallValidator$2$1.smali	66	    iput-boolean p1, p0, Lio/ktor/client/plugins/HttpCallValidatorKt$HttpCallValidator$2$1;->$expectSuccess:Z
smali_classes2\io\ktor\client\plugins\HttpCallValidatorKt$HttpCallValidator$2$1.smali	92	    invoke-static {p0}, Lio/ktor/client/plugins/HttpCallValidatorKt$HttpCallValidator$2$1;->invokeSuspend$lambda$0(Z)Z
smali_classes2\io\ktor\client\plugins\HttpCallValidatorKt$HttpCallValidator$2$1.smali	120	    new-instance v0, Lio/ktor/client/plugins/HttpCallValidatorKt$HttpCallValidator$2$1;
smali_classes2\io\ktor\client\plugins\HttpCallValidatorKt$HttpCallValidator$2$1.smali	124	    iget-boolean p0, p0, Lio/ktor/client/plugins/HttpCallValidatorKt$HttpCallValidator$2$1;->$expectSuccess:Z
smali_classes2\io\ktor\client\plugins\HttpCallValidatorKt$HttpCallValidator$2$1.smali	128	    invoke-direct {v0, p0, p2}, Lio/ktor/client/plugins/HttpCallValidatorKt$HttpCallValidator$2$1;-><init>(ZLkotlin/coroutines/飘花落叶言子楪世哲苏兰;)V
smali_classes2\io\ktor\client\plugins\HttpCallValidatorKt$HttpCallValidator$2$1.smali	133	    iput-object p1, v0, Lio/ktor/client/plugins/HttpCallValidatorKt$HttpCallValidator$2$1;->L$0:Ljava/lang/Object;
smali_classes2\io\ktor\client\plugins\HttpCallValidatorKt$HttpCallValidator$2$1.smali	148	    invoke-virtual {p0, p1, p2}, Lio/ktor/client/plugins/HttpCallValidatorKt$HttpCallValidator$2$1;->invoke(L飘花落叶言楪兰苏子世哲/飘花落叶言子楪世苏兰哲;Lkotlin/coroutines/飘花落叶言子楪世哲苏兰;)Ljava/lang/Object;
smali_classes2\io\ktor\client\plugins\HttpCallValidatorKt$HttpCallValidator$2$1.smali	170	    invoke-virtual {p0, p1, p2}, Lio/ktor/client/plugins/HttpCallValidatorKt$HttpCallValidator$2$1;->create(Ljava/lang/Object;Lkotlin/coroutines/飘花落叶言子楪世哲苏兰;)Lkotlin/coroutines/飘花落叶言子楪世哲苏兰;
smali_classes2\io\ktor\client\plugins\HttpCallValidatorKt$HttpCallValidator$2$1.smali	178	    check-cast p0, Lio/ktor/client/plugins/HttpCallValidatorKt$HttpCallValidator$2$1;
smali_classes2\io\ktor\client\plugins\HttpCallValidatorKt$HttpCallValidator$2$1.smali	186	    invoke-virtual {p0, p1}, Lio/ktor/client/plugins/HttpCallValidatorKt$HttpCallValidator$2$1;->invokeSuspend(Ljava/lang/Object;)Ljava/lang/Object;
smali_classes2\io\ktor\client\plugins\HttpCallValidatorKt$HttpCallValidator$2$1.smali	205	    iget v0, p0, Lio/ktor/client/plugins/HttpCallValidatorKt$HttpCallValidator$2$1;->label:I
smali_classes2\io\ktor\client\plugins\HttpCallValidatorKt$HttpCallValidator$2$1.smali	218	    iget-object p1, p0, Lio/ktor/client/plugins/HttpCallValidatorKt$HttpCallValidator$2$1;->L$0:Ljava/lang/Object;
smali_classes2\io\ktor\client\plugins\HttpCallValidatorKt$HttpCallValidator$2$1.smali	230	    sget-object v0, Lio/ktor/client/plugins/飘花落叶言子楪苏哲兰世;->飘花落叶言子楪世苏兰哲:Lio/ktor/util/飘花落叶言子楪世苏哲兰;
smali_classes2\io\ktor\client\plugins\HttpCallValidatorKt$HttpCallValidator$2$1.smali	234	    iget-boolean p0, p0, Lio/ktor/client/plugins/HttpCallValidatorKt$HttpCallValidator$2$1;->$expectSuccess:Z
smali_classes2\io\ktor\client\plugins\HttpCallValidatorKt$HttpCallValidator$2$1.smali	238	    new-instance v1, Lio/ktor/client/plugins/飘花落叶言子楪苏世兰哲;
smali_classes2\io\ktor\client\plugins\HttpCallValidatorKt$HttpCallValidator$2$1.smali	242	    invoke-direct {v1, p0}, Lio/ktor/client/plugins/飘花落叶言子楪苏世兰哲;-><init>(Z)V
smali_classes2\io\ktor\client\plugins\HttpCallValidatorKt$HttpCallValidator$2$2.smali	1	.class final Lio/ktor/client/plugins/HttpCallValidatorKt$HttpCallValidator$2$2;
smali_classes2\io\ktor\client\plugins\HttpCallValidatorKt$HttpCallValidator$2$2.smali	22	        "Lio/ktor/client/plugins/api/\u98d8\u82b1\u843d\u53f6\u8a00\u5b50\u696a\u4e16\u5170\u82cf\u54f2;",
smali_classes2\io\ktor\client\plugins\HttpCallValidatorKt$HttpCallValidator$2$2.smali	27	        "(Lio/ktor/client/plugins/api/\u98d8\u82b1\u843d\u53f6\u8a00\u5b50\u696a\u4e16\u5170\u82cf\u54f2;L\u98d8\u82b1\u843d\u53f6\u8a00\u696a\u5170\u82cf\u5b50\u4e16\u54f2/\u98d8\u82b1\u843d\u53f6\u8a00\u5b50\u696a\u4e16\u82cf\u5170\u54f2;)Lio/ktor/client/call/\u98d8\u82b1\u843d\u53f6\u8a00\u5b50\u696a\u4e16\u82cf\u54f2\u5170;"
smali_classes2\io\ktor\client\plugins\HttpCallValidatorKt$HttpCallValidator$2$2.smali	38	    c = "io.ktor.client.plugins.HttpCallValidatorKt$HttpCallValidator$2$2"
smali_classes2\io\ktor\client\plugins\HttpCallValidatorKt$HttpCallValidator$2$2.smali	78	            "Lio/ktor/client/plugins/HttpCallValidatorKt$HttpCallValidator$2$2;",
smali_classes2\io\ktor\client\plugins\HttpCallValidatorKt$HttpCallValidator$2$2.smali	84	    iput-object p1, p0, Lio/ktor/client/plugins/HttpCallValidatorKt$HttpCallValidator$2$2;->$responseValidators:Ljava/util/List;
smali_classes2\io\ktor\client\plugins\HttpCallValidatorKt$HttpCallValidator$2$2.smali	101	.method public final invoke(Lio/ktor/client/plugins/api/飘花落叶言子楪世兰苏哲;L飘花落叶言楪兰苏子世哲/飘花落叶言子楪世苏兰哲;Lkotlin/coroutines/飘花落叶言子楪世哲苏兰;)Ljava/lang/Object;
smali_classes2\io\ktor\client\plugins\HttpCallValidatorKt$HttpCallValidator$2$2.smali	106	            "Lio/ktor/client/plugins/api/\u98d8\u82b1\u843d\u53f6\u8a00\u5b50\u696a\u4e16\u5170\u82cf\u54f2;",
smali_classes2\io\ktor\client\plugins\HttpCallValidatorKt$HttpCallValidator$2$2.smali	117	    new-instance v0, Lio/ktor/client/plugins/HttpCallValidatorKt$HttpCallValidator$2$2;
smali_classes2\io\ktor\client\plugins\HttpCallValidatorKt$HttpCallValidator$2$2.smali	121	    iget-object p0, p0, Lio/ktor/client/plugins/HttpCallValidatorKt$HttpCallValidator$2$2;->$responseValidators:Ljava/util/List;
smali_classes2\io\ktor\client\plugins\HttpCallValidatorKt$HttpCallValidator$2$2.smali	125	    invoke-direct {v0, p0, p3}, Lio/ktor/client/plugins/HttpCallValidatorKt$HttpCallValidator$2$2;-><init>(Ljava/util/List;Lkotlin/coroutines/飘花落叶言子楪世哲苏兰;)V
smali_classes2\io\ktor\client\plugins\HttpCallValidatorKt$HttpCallValidator$2$2.smali	130	    iput-object p1, v0, Lio/ktor/client/plugins/HttpCallValidatorKt$HttpCallValidator$2$2;->L$0:Ljava/lang/Object;
smali_classes2\io\ktor\client\plugins\HttpCallValidatorKt$HttpCallValidator$2$2.smali	134	    iput-object p2, v0, Lio/ktor/client/plugins/HttpCallValidatorKt$HttpCallValidator$2$2;->L$1:Ljava/lang/Object;
smali_classes2\io\ktor\client\plugins\HttpCallValidatorKt$HttpCallValidator$2$2.smali	142	    invoke-virtual {v0, p0}, Lio/ktor/client/plugins/HttpCallValidatorKt$HttpCallValidator$2$2;->invokeSuspend(Ljava/lang/Object;)Ljava/lang/Object;
smali_classes2\io\ktor\client\plugins\HttpCallValidatorKt$HttpCallValidator$2$2.smali	157	    check-cast p1, Lio/ktor/client/plugins/api/飘花落叶言子楪世兰苏哲;
smali_classes2\io\ktor\client\plugins\HttpCallValidatorKt$HttpCallValidator$2$2.smali	163	    invoke-virtual {p0, p1, p2, p3}, Lio/ktor/client/plugins/HttpCallValidatorKt$HttpCallValidator$2$2;->invoke(Lio/ktor/client/plugins/api/飘花落叶言子楪世兰苏哲;L飘花落叶言楪兰苏子世哲/飘花落叶言子楪世苏兰哲;Lkotlin/coroutines/飘花落叶言子楪世哲苏兰;)Ljava/lang/Object;
smali_classes2\io\ktor\client\plugins\HttpCallValidatorKt$HttpCallValidator$2$2.smali	178	    iget v0, p0, Lio/ktor/client/plugins/HttpCallValidatorKt$HttpCallValidator$2$2;->label:I
smali_classes2\io\ktor\client\plugins\HttpCallValidatorKt$HttpCallValidator$2$2.smali	203	    iget-object p0, p0, Lio/ktor/client/plugins/HttpCallValidatorKt$HttpCallValidator$2$2;->L$0:Ljava/lang/Object;
smali_classes2\io\ktor\client\plugins\HttpCallValidatorKt$HttpCallValidator$2$2.smali	256	    iget-object p1, p0, Lio/ktor/client/plugins/HttpCallValidatorKt$HttpCallValidator$2$2;->L$0:Ljava/lang/Object;
smali_classes2\io\ktor\client\plugins\HttpCallValidatorKt$HttpCallValidator$2$2.smali	273	    iget-object p1, p0, Lio/ktor/client/plugins/HttpCallValidatorKt$HttpCallValidator$2$2;->L$1:Ljava/lang/Object;
smali_classes2\io\ktor\client\plugins\HttpCallValidatorKt$HttpCallValidator$2$2.smali	281	    iput-object v2, p0, Lio/ktor/client/plugins/HttpCallValidatorKt$HttpCallValidator$2$2;->L$0:Ljava/lang/Object;
smali_classes2\io\ktor\client\plugins\HttpCallValidatorKt$HttpCallValidator$2$2.smali	285	    iput v1, p0, Lio/ktor/client/plugins/HttpCallValidatorKt$HttpCallValidator$2$2;->label:I
smali_classes2\io\ktor\client\plugins\HttpCallValidatorKt$HttpCallValidator$2$3.smali	1	.class final Lio/ktor/client/plugins/HttpCallValidatorKt$HttpCallValidator$2$3;
smali_classes2\io\ktor\client\plugins\HttpCallValidatorKt$HttpCallValidator$2$3.smali	38	    c = "io.ktor.client.plugins.HttpCallValidatorKt$HttpCallValidator$2$3"
smali_classes2\io\ktor\client\plugins\HttpCallValidatorKt$HttpCallValidator$2$3.smali	76	            "Lio/ktor/client/plugins/HttpCallValidatorKt$HttpCallValidator$2$3;",
smali_classes2\io\ktor\client\plugins\HttpCallValidatorKt$HttpCallValidator$2$3.smali	82	    iput-object p1, p0, Lio/ktor/client/plugins/HttpCallValidatorKt$HttpCallValidator$2$3;->$callExceptionHandlers:Ljava/util/List;
smali_classes2\io\ktor\client\plugins\HttpCallValidatorKt$HttpCallValidator$2$3.smali	109	    invoke-virtual {p0, p1, p2, p3}, Lio/ktor/client/plugins/HttpCallValidatorKt$HttpCallValidator$2$3;->invoke(L飘花落叶言楪兰苏子世哲/飘花落叶言子楪世苏哲兰;Ljava/lang/Throwable;Lkotlin/coroutines/飘花落叶言子楪世哲苏兰;)Ljava/lang/Object;
smali_classes2\io\ktor\client\plugins\HttpCallValidatorKt$HttpCallValidator$2$3.smali	132	    new-instance v0, Lio/ktor/client/plugins/HttpCallValidatorKt$HttpCallValidator$2$3;
smali_classes2\io\ktor\client\plugins\HttpCallValidatorKt$HttpCallValidator$2$3.smali	136	    iget-object p0, p0, Lio/ktor/client/plugins/HttpCallValidatorKt$HttpCallValidator$2$3;->$callExceptionHandlers:Ljava/util/List;
smali_classes2\io\ktor\client\plugins\HttpCallValidatorKt$HttpCallValidator$2$3.smali	140	    invoke-direct {v0, p0, p3}, Lio/ktor/client/plugins/HttpCallValidatorKt$HttpCallValidator$2$3;-><init>(Ljava/util/List;Lkotlin/coroutines/飘花落叶言子楪世哲苏兰;)V
smali_classes2\io\ktor\client\plugins\HttpCallValidatorKt$HttpCallValidator$2$3.smali	145	    iput-object p1, v0, Lio/ktor/client/plugins/HttpCallValidatorKt$HttpCallValidator$2$3;->L$0:Ljava/lang/Object;
smali_classes2\io\ktor\client\plugins\HttpCallValidatorKt$HttpCallValidator$2$3.smali	149	    iput-object p2, v0, Lio/ktor/client/plugins/HttpCallValidatorKt$HttpCallValidator$2$3;->L$1:Ljava/lang/Object;
smali_classes2\io\ktor\client\plugins\HttpCallValidatorKt$HttpCallValidator$2$3.smali	157	    invoke-virtual {v0, p0}, Lio/ktor/client/plugins/HttpCallValidatorKt$HttpCallValidator$2$3;->invokeSuspend(Ljava/lang/Object;)Ljava/lang/Object;
smali_classes2\io\ktor\client\plugins\HttpCallValidatorKt$HttpCallValidator$2$3.smali	176	    iget v1, p0, Lio/ktor/client/plugins/HttpCallValidatorKt$HttpCallValidator$2$3;->label:I
smali_classes2\io\ktor\client\plugins\HttpCallValidatorKt$HttpCallValidator$2$3.smali	191	    iget-object p0, p0, Lio/ktor/client/plugins/HttpCallValidatorKt$HttpCallValidator$2$3;->L$0:Ljava/lang/Object;
smali_classes2\io\ktor\client\plugins\HttpCallValidatorKt$HttpCallValidator$2$3.smali	229	    iget-object p1, p0, Lio/ktor/client/plugins/HttpCallValidatorKt$HttpCallValidator$2$3;->L$0:Ljava/lang/Object;
smali_classes2\io\ktor\client\plugins\HttpCallValidatorKt$HttpCallValidator$2$3.smali	237	    iget-object v1, p0, Lio/ktor/client/plugins/HttpCallValidatorKt$HttpCallValidator$2$3;->L$1:Ljava/lang/Object;
smali_classes2\io\ktor\client\plugins\HttpCallValidatorKt$HttpCallValidator$2$3.smali	253	    iget-object v3, p0, Lio/ktor/client/plugins/HttpCallValidatorKt$HttpCallValidator$2$3;->$callExceptionHandlers:Ljava/util/List;
smali_classes2\io\ktor\client\plugins\HttpCallValidatorKt$HttpCallValidator$2$3.smali	257	    iput-object v1, p0, Lio/ktor/client/plugins/HttpCallValidatorKt$HttpCallValidator$2$3;->L$0:Ljava/lang/Object;
smali_classes2\io\ktor\client\plugins\HttpCallValidatorKt$HttpCallValidator$2$3.smali	261	    iput v2, p0, Lio/ktor/client/plugins/HttpCallValidatorKt$HttpCallValidator$2$3;->label:I
smali_classes2\io\ktor\client\plugins\HttpCallValidatorKt$HttpCallValidator$2$3.smali	265	    invoke-static {v3, v1, p1, p0}, Lio/ktor/client/plugins/飘花落叶言子楪苏哲兰世;->飘花落叶言子楪世苏哲兰(Ljava/util/List;Ljava/lang/Throwable;L飘花落叶言楪兰苏子世哲/飘花落叶言子楪世苏哲兰;Lkotlin/coroutines/jvm/internal/ContinuationImpl;)V
smali_classes2\io\ktor\client\plugins\HttpCallValidatorKt$HttpCallValidator$2$4.smali	1	.class final Lio/ktor/client/plugins/HttpCallValidatorKt$HttpCallValidator$2$4;
smali_classes2\io\ktor\client\plugins\HttpCallValidatorKt$HttpCallValidator$2$4.smali	38	    c = "io.ktor.client.plugins.HttpCallValidatorKt$HttpCallValidator$2$4"
smali_classes2\io\ktor\client\plugins\HttpCallValidatorKt$HttpCallValidator$2$4.smali	76	            "Lio/ktor/client/plugins/HttpCallValidatorKt$HttpCallValidator$2$4;",
smali_classes2\io\ktor\client\plugins\HttpCallValidatorKt$HttpCallValidator$2$4.smali	82	    iput-object p1, p0, Lio/ktor/client/plugins/HttpCallValidatorKt$HttpCallValidator$2$4;->$callExceptionHandlers:Ljava/util/List;
smali_classes2\io\ktor\client\plugins\HttpCallValidatorKt$HttpCallValidator$2$4.smali	109	    invoke-virtual {p0, p1, p2, p3}, Lio/ktor/client/plugins/HttpCallValidatorKt$HttpCallValidator$2$4;->invoke(L飘花落叶言楪兰苏子世哲/飘花落叶言子楪世苏哲兰;Ljava/lang/Throwable;Lkotlin/coroutines/飘花落叶言子楪世哲苏兰;)Ljava/lang/Object;
smali_classes2\io\ktor\client\plugins\HttpCallValidatorKt$HttpCallValidator$2$4.smali	132	    new-instance v0, Lio/ktor/client/plugins/HttpCallValidatorKt$HttpCallValidator$2$4;
smali_classes2\io\ktor\client\plugins\HttpCallValidatorKt$HttpCallValidator$2$4.smali	136	    iget-object p0, p0, Lio/ktor/client/plugins/HttpCallValidatorKt$HttpCallValidator$2$4;->$callExceptionHandlers:Ljava/util/List;
smali_classes2\io\ktor\client\plugins\HttpCallValidatorKt$HttpCallValidator$2$4.smali	140	    invoke-direct {v0, p0, p3}, Lio/ktor/client/plugins/HttpCallValidatorKt$HttpCallValidator$2$4;-><init>(Ljava/util/List;Lkotlin/coroutines/飘花落叶言子楪世哲苏兰;)V
smali_classes2\io\ktor\client\plugins\HttpCallValidatorKt$HttpCallValidator$2$4.smali	145	    iput-object p1, v0, Lio/ktor/client/plugins/HttpCallValidatorKt$HttpCallValidator$2$4;->L$0:Ljava/lang/Object;
smali_classes2\io\ktor\client\plugins\HttpCallValidatorKt$HttpCallValidator$2$4.smali	149	    iput-object p2, v0, Lio/ktor/client/plugins/HttpCallValidatorKt$HttpCallValidator$2$4;->L$1:Ljava/lang/Object;
smali_classes2\io\ktor\client\plugins\HttpCallValidatorKt$HttpCallValidator$2$4.smali	157	    invoke-virtual {v0, p0}, Lio/ktor/client/plugins/HttpCallValidatorKt$HttpCallValidator$2$4;->invokeSuspend(Ljava/lang/Object;)Ljava/lang/Object;
smali_classes2\io\ktor\client\plugins\HttpCallValidatorKt$HttpCallValidator$2$4.smali	176	    iget v1, p0, Lio/ktor/client/plugins/HttpCallValidatorKt$HttpCallValidator$2$4;->label:I
smali_classes2\io\ktor\client\plugins\HttpCallValidatorKt$HttpCallValidator$2$4.smali	191	    iget-object p0, p0, Lio/ktor/client/plugins/HttpCallValidatorKt$HttpCallValidator$2$4;->L$0:Ljava/lang/Object;
smali_classes2\io\ktor\client\plugins\HttpCallValidatorKt$HttpCallValidator$2$4.smali	229	    iget-object p1, p0, Lio/ktor/client/plugins/HttpCallValidatorKt$HttpCallValidator$2$4;->L$0:Ljava/lang/Object;
smali_classes2\io\ktor\client\plugins\HttpCallValidatorKt$HttpCallValidator$2$4.smali	237	    iget-object v1, p0, Lio/ktor/client/plugins/HttpCallValidatorKt$HttpCallValidator$2$4;->L$1:Ljava/lang/Object;
smali_classes2\io\ktor\client\plugins\HttpCallValidatorKt$HttpCallValidator$2$4.smali	253	    iget-object v3, p0, Lio/ktor/client/plugins/HttpCallValidatorKt$HttpCallValidator$2$4;->$callExceptionHandlers:Ljava/util/List;
smali_classes2\io\ktor\client\plugins\HttpCallValidatorKt$HttpCallValidator$2$4.smali	257	    iput-object v1, p0, Lio/ktor/client/plugins/HttpCallValidatorKt$HttpCallValidator$2$4;->L$0:Ljava/lang/Object;
smali_classes2\io\ktor\client\plugins\HttpCallValidatorKt$HttpCallValidator$2$4.smali	261	    iput v2, p0, Lio/ktor/client/plugins/HttpCallValidatorKt$HttpCallValidator$2$4;->label:I
smali_classes2\io\ktor\client\plugins\HttpCallValidatorKt$HttpCallValidator$2$4.smali	265	    invoke-static {v3, v1, p1, p0}, Lio/ktor/client/plugins/飘花落叶言子楪苏哲兰世;->飘花落叶言子楪世苏哲兰(Ljava/util/List;Ljava/lang/Throwable;L飘花落叶言楪兰苏子世哲/飘花落叶言子楪世苏哲兰;Lkotlin/coroutines/jvm/internal/ContinuationImpl;)V
smali_classes2\io\ktor\client\plugins\HttpCallValidatorKt$HttpCallValidator$2$processException$1.smali	1	.class final Lio/ktor/client/plugins/HttpCallValidatorKt$HttpCallValidator$2$processException$1;
smali_classes2\io\ktor\client\plugins\HttpCallValidatorKt$HttpCallValidator$2$processException$1.smali	18	    c = "io.ktor.client.plugins.HttpCallValidatorKt"
smali_classes2\io\ktor\client\plugins\HttpCallValidatorKt$HttpCallValidator$2$processException$1.smali	48	            "Lio/ktor/client/plugins/HttpCallValidatorKt$HttpCallValidator$2$processException$1;",
smali_classes2\io\ktor\client\plugins\HttpCallValidatorKt$HttpCallValidator$2$processException$1.smali	68	    iput-object p1, p0, Lio/ktor/client/plugins/HttpCallValidatorKt$HttpCallValidator$2$processException$1;->result:Ljava/lang/Object;
smali_classes2\io\ktor\client\plugins\HttpCallValidatorKt$HttpCallValidator$2$processException$1.smali	72	    iget p1, p0, Lio/ktor/client/plugins/HttpCallValidatorKt$HttpCallValidator$2$processException$1;->label:I
smali_classes2\io\ktor\client\plugins\HttpCallValidatorKt$HttpCallValidator$2$processException$1.smali	83	    iput p1, p0, Lio/ktor/client/plugins/HttpCallValidatorKt$HttpCallValidator$2$processException$1;->label:I
smali_classes2\io\ktor\client\plugins\HttpCallValidatorKt$HttpCallValidator$2$processException$1.smali	90	    invoke-static {p1, p1, p1, p0}, Lio/ktor/client/plugins/飘花落叶言子楪苏哲兰世;->飘花落叶言子楪世苏哲兰(Ljava/util/List;Ljava/lang/Throwable;L飘花落叶言楪兰苏子世哲/飘花落叶言子楪世苏哲兰;Lkotlin/coroutines/jvm/internal/ContinuationImpl;)V
smali_classes2\io\ktor\client\plugins\HttpCallValidatorKt$HttpCallValidator$2$validateResponse$1.smali	1	.class final Lio/ktor/client/plugins/HttpCallValidatorKt$HttpCallValidator$2$validateResponse$1;
smali_classes2\io\ktor\client\plugins\HttpCallValidatorKt$HttpCallValidator$2$validateResponse$1.smali	18	    c = "io.ktor.client.plugins.HttpCallValidatorKt"
smali_classes2\io\ktor\client\plugins\HttpCallValidatorKt$HttpCallValidator$2$validateResponse$1.smali	45	            "Lio/ktor/client/plugins/HttpCallValidatorKt$HttpCallValidator$2$validateResponse$1;",
smali_classes2\io\ktor\client\plugins\HttpCallValidatorKt$HttpCallValidator$2$validateResponse$1.smali	65	    iput-object p1, p0, Lio/ktor/client/plugins/HttpCallValidatorKt$HttpCallValidator$2$validateResponse$1;->result:Ljava/lang/Object;
smali_classes2\io\ktor\client\plugins\HttpCallValidatorKt$HttpCallValidator$2$validateResponse$1.smali	69	    iget p1, p0, Lio/ktor/client/plugins/HttpCallValidatorKt$HttpCallValidator$2$validateResponse$1;->label:I
smali_classes2\io\ktor\client\plugins\HttpCallValidatorKt$HttpCallValidator$2$validateResponse$1.smali	80	    iput p1, p0, Lio/ktor/client/plugins/HttpCallValidatorKt$HttpCallValidator$2$validateResponse$1;->label:I
smali_classes2\io\ktor\client\plugins\HttpCallValidatorKt$HttpCallValidator$2$validateResponse$1.smali	84	    invoke-static {p0}, Lio/ktor/client/plugins/飘花落叶言子楪苏哲兰世;->飘花落叶言子楪世苏兰哲(Lkotlin/coroutines/jvm/internal/ContinuationImpl;)Ljava/lang/Object;
smali_classes2\io\ktor\client\plugins\HttpPlainTextKt$HttpPlainText$1.smali	1	.class final synthetic Lio/ktor/client/plugins/HttpPlainTextKt$HttpPlainText$1;
smali_classes2\io\ktor\client\plugins\HttpPlainTextKt$HttpPlainText$1.smali	29	.field public static final INSTANCE:Lio/ktor/client/plugins/HttpPlainTextKt$HttpPlainText$1;
smali_classes2\io\ktor\client\plugins\HttpPlainTextKt$HttpPlainText$1.smali	37	    new-instance v0, Lio/ktor/client/plugins/HttpPlainTextKt$HttpPlainText$1;
smali_classes2\io\ktor\client\plugins\HttpPlainTextKt$HttpPlainText$1.smali	41	    invoke-direct {v0}, Lio/ktor/client/plugins/HttpPlainTextKt$HttpPlainText$1;-><init>()V
smali_classes2\io\ktor\client\plugins\HttpPlainTextKt$HttpPlainText$1.smali	46	    sput-object v0, Lio/ktor/client/plugins/HttpPlainTextKt$HttpPlainText$1;->INSTANCE:Lio/ktor/client/plugins/HttpPlainTextKt$HttpPlainText$1;
smali_classes2\io\ktor\client\plugins\HttpPlainTextKt$HttpPlainText$1.smali	67	    const-class v2, Lio/ktor/client/plugins/飘花落叶言子楪苏兰哲世;
smali_classes2\io\ktor\client\plugins\HttpPlainTextKt$HttpPlainText$1.smali	88	.method public final invoke()Lio/ktor/client/plugins/飘花落叶言子楪苏兰哲世;
smali_classes2\io\ktor\client\plugins\HttpPlainTextKt$HttpPlainText$1.smali	92	    new-instance p0, Lio/ktor/client/plugins/飘花落叶言子楪苏兰哲世;
smali_classes2\io\ktor\client\plugins\HttpPlainTextKt$HttpPlainText$1.smali	130	    invoke-virtual {p0}, Lio/ktor/client/plugins/HttpPlainTextKt$HttpPlainText$1;->invoke()Lio/ktor/client/plugins/飘花落叶言子楪苏兰哲世;
smali_classes2\io\ktor\client\plugins\HttpPlainTextKt$HttpPlainText$2$1.smali	1	.class final Lio/ktor/client/plugins/HttpPlainTextKt$HttpPlainText$2$1;
smali_classes2\io\ktor\client\plugins\HttpPlainTextKt$HttpPlainText$2$1.smali	39	    c = "io.ktor.client.plugins.HttpPlainTextKt$HttpPlainText$2$1"
smali_classes2\io\ktor\client\plugins\HttpPlainTextKt$HttpPlainText$2$1.smali	68	            "Lio/ktor/client/plugins/HttpPlainTextKt$HttpPlainText$2$1;",
smali_classes2\io\ktor\client\plugins\HttpPlainTextKt$HttpPlainText$2$1.smali	74	    iput-object p1, p0, Lio/ktor/client/plugins/HttpPlainTextKt$HttpPlainText$2$1;->$acceptCharsetHeader:Ljava/lang/String;
smali_classes2\io\ktor\client\plugins\HttpPlainTextKt$HttpPlainText$2$1.smali	78	    iput-object p2, p0, Lio/ktor/client/plugins/HttpPlainTextKt$HttpPlainText$2$1;->$requestCharset:Ljava/nio/charset/Charset;
smali_classes2\io\ktor\client\plugins\HttpPlainTextKt$HttpPlainText$2$1.smali	103	    invoke-virtual {p0, p1, p2, p3}, Lio/ktor/client/plugins/HttpPlainTextKt$HttpPlainText$2$1;->invoke(L飘花落叶言楪兰苏子世哲/飘花落叶言子楪世苏兰哲;Ljava/lang/Object;Lkotlin/coroutines/飘花落叶言子楪世哲苏兰;)Ljava/lang/Object;
smali_classes2\io\ktor\client\plugins\HttpPlainTextKt$HttpPlainText$2$1.smali	126	    new-instance v0, Lio/ktor/client/plugins/HttpPlainTextKt$HttpPlainText$2$1;
smali_classes2\io\ktor\client\plugins\HttpPlainTextKt$HttpPlainText$2$1.smali	130	    iget-object v1, p0, Lio/ktor/client/plugins/HttpPlainTextKt$HttpPlainText$2$1;->$acceptCharsetHeader:Ljava/lang/String;
smali_classes2\io\ktor\client\plugins\HttpPlainTextKt$HttpPlainText$2$1.smali	134	    iget-object p0, p0, Lio/ktor/client/plugins/HttpPlainTextKt$HttpPlainText$2$1;->$requestCharset:Ljava/nio/charset/Charset;
smali_classes2\io\ktor\client\plugins\HttpPlainTextKt$HttpPlainText$2$1.smali	138	    invoke-direct {v0, v1, p0, p3}, Lio/ktor/client/plugins/HttpPlainTextKt$HttpPlainText$2$1;-><init>(Ljava/lang/String;Ljava/nio/charset/Charset;Lkotlin/coroutines/飘花落叶言子楪世哲苏兰;)V
smali_classes2\io\ktor\client\plugins\HttpPlainTextKt$HttpPlainText$2$1.smali	143	    iput-object p1, v0, Lio/ktor/client/plugins/HttpPlainTextKt$HttpPlainText$2$1;->L$0:Ljava/lang/Object;
smali_classes2\io\ktor\client\plugins\HttpPlainTextKt$HttpPlainText$2$1.smali	147	    iput-object p2, v0, Lio/ktor/client/plugins/HttpPlainTextKt$HttpPlainText$2$1;->L$1:Ljava/lang/Object;
smali_classes2\io\ktor\client\plugins\HttpPlainTextKt$HttpPlainText$2$1.smali	155	    invoke-virtual {v0, p0}, Lio/ktor/client/plugins/HttpPlainTextKt$HttpPlainText$2$1;->invokeSuspend(Ljava/lang/Object;)Ljava/lang/Object;
smali_classes2\io\ktor\client\plugins\HttpPlainTextKt$HttpPlainText$2$1.smali	174	    iget v0, p0, Lio/ktor/client/plugins/HttpPlainTextKt$HttpPlainText$2$1;->label:I
smali_classes2\io\ktor\client\plugins\HttpPlainTextKt$HttpPlainText$2$1.smali	190	    iget-object p1, p0, Lio/ktor/client/plugins/HttpPlainTextKt$HttpPlainText$2$1;->L$0:Ljava/lang/Object;
smali_classes2\io\ktor\client\plugins\HttpPlainTextKt$HttpPlainText$2$1.smali	198	    iget-object v0, p0, Lio/ktor/client/plugins/HttpPlainTextKt$HttpPlainText$2$1;->L$1:Ljava/lang/Object;
smali_classes2\io\ktor\client\plugins\HttpPlainTextKt$HttpPlainText$2$1.smali	202	    iget-object v2, p0, Lio/ktor/client/plugins/HttpPlainTextKt$HttpPlainText$2$1;->$acceptCharsetHeader:Ljava/lang/String;
smali_classes2\io\ktor\client\plugins\HttpPlainTextKt$HttpPlainText$2$1.smali	206	    sget-object v3, Lio/ktor/client/plugins/飘花落叶言子楪哲世苏兰;->飘花落叶言子楪世苏哲兰:L飘花落叶言苏楪世子兰哲/飘花落叶言子楪世苏兰哲;
smali_classes2\io\ktor\client\plugins\HttpPlainTextKt$HttpPlainText$2$1.smali	242	    sget-object v3, Lio/ktor/client/plugins/飘花落叶言子楪哲世苏兰;->飘花落叶言子楪世苏哲兰:L飘花落叶言苏楪世子兰哲/飘花落叶言子楪世苏兰哲;
smali_classes2\io\ktor\client\plugins\HttpPlainTextKt$HttpPlainText$2$1.smali	382	    iget-object p0, p0, Lio/ktor/client/plugins/HttpPlainTextKt$HttpPlainText$2$1;->$requestCharset:Ljava/nio/charset/Charset;
smali_classes2\io\ktor\client\plugins\HttpPlainTextKt$HttpPlainText$2$1.smali	431	    sget-object p1, Lio/ktor/client/plugins/飘花落叶言子楪哲世苏兰;->飘花落叶言子楪世苏哲兰:L飘花落叶言苏楪世子兰哲/飘花落叶言子楪世苏兰哲;
smali_classes2\io\ktor\client\plugins\HttpPlainTextKt$HttpPlainText$2$2.smali	1	.class final Lio/ktor/client/plugins/HttpPlainTextKt$HttpPlainText$2$2;
smali_classes2\io\ktor\client\plugins\HttpPlainTextKt$HttpPlainText$2$2.smali	22	        "Lio/ktor/client/plugins/api/\u98d8\u82b1\u843d\u53f6\u8a00\u5b50\u696a\u4e16\u5170\u54f2\u82cf;",
smali_classes2\io\ktor\client\plugins\HttpPlainTextKt$HttpPlainText$2$2.smali	31	        "(Lio/ktor/client/plugins/api/\u98d8\u82b1\u843d\u53f6\u8a00\u5b50\u696a\u4e16\u5170\u54f2\u82cf;Lio/ktor/client/statement/\u98d8\u82b1\u843d\u53f6\u8a00\u5b50\u696a\u4e16\u82cf\u54f2\u5170;Lio/ktor/utils/io/\u98d8\u82b1\u843d\u53f6\u8a00\u5b50\u696a\u82cf\u5170\u54f2\u4e16;L\u98d8\u82b1\u843d\u53f6\u8a00\u4e16\u5b50\u696a\u5170\u82cf\u54f2/\u98d8\u82b1\u843d\u53f6\u8a00\u5b50\u696a\u4e16\u82cf\u54f2\u5170;)Ljava/lang/Object;"
smali_classes2\io\ktor\client\plugins\HttpPlainTextKt$HttpPlainText$2$2.smali	42	    c = "io.ktor.client.plugins.HttpPlainTextKt$HttpPlainText$2$2"
smali_classes2\io\ktor\client\plugins\HttpPlainTextKt$HttpPlainText$2$2.smali	72	            "Lio/ktor/client/plugins/HttpPlainTextKt$HttpPlainText$2$2;",
smali_classes2\io\ktor\client\plugins\HttpPlainTextKt$HttpPlainText$2$2.smali	78	    iput-object p1, p0, Lio/ktor/client/plugins/HttpPlainTextKt$HttpPlainText$2$2;->$responseCharsetFallback:Ljava/nio/charset/Charset;
smali_classes2\io\ktor\client\plugins\HttpPlainTextKt$HttpPlainText$2$2.smali	95	.method public final invoke(Lio/ktor/client/plugins/api/飘花落叶言子楪世兰哲苏;Lio/ktor/client/statement/飘花落叶言子楪世苏哲兰;Lio/ktor/utils/io/飘花落叶言子楪苏兰哲世;L飘花落叶言世子楪兰苏哲/飘花落叶言子楪世苏哲兰;Lkotlin/coroutines/飘花落叶言子楪世哲苏兰;)Ljava/lang/Object;
smali_classes2\io\ktor\client\plugins\HttpPlainTextKt$HttpPlainText$2$2.smali	100	            "Lio/ktor/client/plugins/api/\u98d8\u82b1\u843d\u53f6\u8a00\u5b50\u696a\u4e16\u5170\u54f2\u82cf;",
smali_classes2\io\ktor\client\plugins\HttpPlainTextKt$HttpPlainText$2$2.smali	112	    new-instance p1, Lio/ktor/client/plugins/HttpPlainTextKt$HttpPlainText$2$2;
smali_classes2\io\ktor\client\plugins\HttpPlainTextKt$HttpPlainText$2$2.smali	116	    iget-object p0, p0, Lio/ktor/client/plugins/HttpPlainTextKt$HttpPlainText$2$2;->$responseCharsetFallback:Ljava/nio/charset/Charset;
smali_classes2\io\ktor\client\plugins\HttpPlainTextKt$HttpPlainText$2$2.smali	120	    invoke-direct {p1, p0, p5}, Lio/ktor/client/plugins/HttpPlainTextKt$HttpPlainText$2$2;-><init>(Ljava/nio/charset/Charset;Lkotlin/coroutines/飘花落叶言子楪世哲苏兰;)V
smali_classes2\io\ktor\client\plugins\HttpPlainTextKt$HttpPlainText$2$2.smali	125	    iput-object p2, p1, Lio/ktor/client/plugins/HttpPlainTextKt$HttpPlainText$2$2;->L$0:Ljava/lang/Object;
smali_classes2\io\ktor\client\plugins\HttpPlainTextKt$HttpPlainText$2$2.smali	129	    iput-object p3, p1, Lio/ktor/client/plugins/HttpPlainTextKt$HttpPlainText$2$2;->L$1:Ljava/lang/Object;
smali_classes2\io\ktor\client\plugins\HttpPlainTextKt$HttpPlainText$2$2.smali	133	    iput-object p4, p1, Lio/ktor/client/plugins/HttpPlainTextKt$HttpPlainText$2$2;->L$2:Ljava/lang/Object;
smali_classes2\io\ktor\client\plugins\HttpPlainTextKt$HttpPlainText$2$2.smali	141	    invoke-virtual {p1, p0}, Lio/ktor/client/plugins/HttpPlainTextKt$HttpPlainText$2$2;->invokeSuspend(Ljava/lang/Object;)Ljava/lang/Object;
smali_classes2\io\ktor\client\plugins\HttpPlainTextKt$HttpPlainText$2$2.smali	156	    check-cast p1, Lio/ktor/client/plugins/api/飘花落叶言子楪世兰哲苏;
smali_classes2\io\ktor\client\plugins\HttpPlainTextKt$HttpPlainText$2$2.smali	166	    invoke-virtual/range {p0 .. p5}, Lio/ktor/client/plugins/HttpPlainTextKt$HttpPlainText$2$2;->invoke(Lio/ktor/client/plugins/api/飘花落叶言子楪世兰哲苏;Lio/ktor/client/statement/飘花落叶言子楪世苏哲兰;Lio/ktor/utils/io/飘花落叶言子楪苏兰哲世;L飘花落叶言世子楪兰苏哲/飘花落叶言子楪世苏哲兰;Lkotlin/coroutines/飘花落叶言子楪世哲苏兰;)Ljava/lang/Object;
smali_classes2\io\ktor\client\plugins\HttpPlainTextKt$HttpPlainText$2$2.smali	181	    iget v1, p0, Lio/ktor/client/plugins/HttpPlainTextKt$HttpPlainText$2$2;->label:I
smali_classes2\io\ktor\client\plugins\HttpPlainTextKt$HttpPlainText$2$2.smali	199	    iget-object p0, p0, Lio/ktor/client/plugins/HttpPlainTextKt$HttpPlainText$2$2;->L$0:Ljava/lang/Object;
smali_classes2\io\ktor\client\plugins\HttpPlainTextKt$HttpPlainText$2$2.smali	243	    iget-object p1, p0, Lio/ktor/client/plugins/HttpPlainTextKt$HttpPlainText$2$2;->L$0:Ljava/lang/Object;
smali_classes2\io\ktor\client\plugins\HttpPlainTextKt$HttpPlainText$2$2.smali	251	    iget-object p1, p0, Lio/ktor/client/plugins/HttpPlainTextKt$HttpPlainText$2$2;->L$1:Ljava/lang/Object;
smali_classes2\io\ktor\client\plugins\HttpPlainTextKt$HttpPlainText$2$2.smali	259	    iget-object v1, p0, Lio/ktor/client/plugins/HttpPlainTextKt$HttpPlainText$2$2;->L$2:Ljava/lang/Object;
smali_classes2\io\ktor\client\plugins\HttpPlainTextKt$HttpPlainText$2$2.smali	303	    iput-object v3, p0, Lio/ktor/client/plugins/HttpPlainTextKt$HttpPlainText$2$2;->L$0:Ljava/lang/Object;
smali_classes2\io\ktor\client\plugins\HttpPlainTextKt$HttpPlainText$2$2.smali	307	    iput-object v3, p0, Lio/ktor/client/plugins/HttpPlainTextKt$HttpPlainText$2$2;->L$1:Ljava/lang/Object;
smali_classes2\io\ktor\client\plugins\HttpPlainTextKt$HttpPlainText$2$2.smali	311	    iput v2, p0, Lio/ktor/client/plugins/HttpPlainTextKt$HttpPlainText$2$2;->label:I
smali_classes2\io\ktor\client\plugins\HttpRedirectKt$HttpRedirect$1.smali	1	.class final synthetic Lio/ktor/client/plugins/HttpRedirectKt$HttpRedirect$1;
smali_classes2\io\ktor\client\plugins\HttpRedirectKt$HttpRedirect$1.smali	29	.field public static final INSTANCE:Lio/ktor/client/plugins/HttpRedirectKt$HttpRedirect$1;
smali_classes2\io\ktor\client\plugins\HttpRedirectKt$HttpRedirect$1.smali	37	    new-instance v0, Lio/ktor/client/plugins/HttpRedirectKt$HttpRedirect$1;
smali_classes2\io\ktor\client\plugins\HttpRedirectKt$HttpRedirect$1.smali	41	    invoke-direct {v0}, Lio/ktor/client/plugins/HttpRedirectKt$HttpRedirect$1;-><init>()V
smali_classes2\io\ktor\client\plugins\HttpRedirectKt$HttpRedirect$1.smali	46	    sput-object v0, Lio/ktor/client/plugins/HttpRedirectKt$HttpRedirect$1;->INSTANCE:Lio/ktor/client/plugins/HttpRedirectKt$HttpRedirect$1;
smali_classes2\io\ktor\client\plugins\HttpRedirectKt$HttpRedirect$1.smali	67	    const-class v2, Lio/ktor/client/plugins/飘花落叶言子楪哲世兰苏;
smali_classes2\io\ktor\client\plugins\HttpRedirectKt$HttpRedirect$1.smali	88	.method public final invoke()Lio/ktor/client/plugins/飘花落叶言子楪哲世兰苏;
smali_classes2\io\ktor\client\plugins\HttpRedirectKt$HttpRedirect$1.smali	92	    new-instance p0, Lio/ktor/client/plugins/飘花落叶言子楪哲世兰苏;
smali_classes2\io\ktor\client\plugins\HttpRedirectKt$HttpRedirect$1.smali	108	    invoke-virtual {p0}, Lio/ktor/client/plugins/HttpRedirectKt$HttpRedirect$1;->invoke()Lio/ktor/client/plugins/飘花落叶言子楪哲世兰苏;
smali_classes2\io\ktor\client\plugins\HttpRedirectKt$HttpRedirect$2$1.smali	1	.class final Lio/ktor/client/plugins/HttpRedirectKt$HttpRedirect$2$1;
smali_classes2\io\ktor\client\plugins\HttpRedirectKt$HttpRedirect$2$1.smali	22	        "Lio/ktor/client/plugins/api/\u98d8\u82b1\u843d\u53f6\u8a00\u5b50\u696a\u4e16\u5170\u82cf\u54f2;",
smali_classes2\io\ktor\client\plugins\HttpRedirectKt$HttpRedirect$2$1.smali	27	        "(Lio/ktor/client/plugins/api/\u98d8\u82b1\u843d\u53f6\u8a00\u5b50\u696a\u4e16\u5170\u82cf\u54f2;L\u98d8\u82b1\u843d\u53f6\u8a00\u696a\u5170\u82cf\u5b50\u4e16\u54f2/\u98d8\u82b1\u843d\u53f6\u8a00\u5b50\u696a\u4e16\u82cf\u5170\u54f2;)Lio/ktor/client/call/\u98d8\u82b1\u843d\u53f6\u8a00\u5b50\u696a\u4e16\u82cf\u54f2\u5170;"
smali_classes2\io\ktor\client\plugins\HttpRedirectKt$HttpRedirect$2$1.smali	38	    c = "io.ktor.client.plugins.HttpRedirectKt$HttpRedirect$2$1"
smali_classes2\io\ktor\client\plugins\HttpRedirectKt$HttpRedirect$2$1.smali	53	.field final synthetic $this_createClientPlugin:Lio/ktor/client/plugins/api/飘花落叶言子楪世苏哲兰;
smali_classes2\io\ktor\client\plugins\HttpRedirectKt$HttpRedirect$2$1.smali	56	            "Lio/ktor/client/plugins/api/\u98d8\u82b1\u843d\u53f6\u8a00\u5b50\u696a\u4e16\u82cf\u54f2\u5170;"
smali_classes2\io\ktor\client\plugins\HttpRedirectKt$HttpRedirect$2$1.smali	69	.method public constructor <init>(ZZLio/ktor/client/plugins/api/飘花落叶言子楪世苏哲兰;Lkotlin/coroutines/飘花落叶言子楪世哲苏兰;)V
smali_classes2\io\ktor\client\plugins\HttpRedirectKt$HttpRedirect$2$1.smali	74	            "Lio/ktor/client/plugins/api/\u98d8\u82b1\u843d\u53f6\u8a00\u5b50\u696a\u4e16\u82cf\u54f2\u5170;",
smali_classes2\io\ktor\client\plugins\HttpRedirectKt$HttpRedirect$2$1.smali	77	            "Lio/ktor/client/plugins/HttpRedirectKt$HttpRedirect$2$1;",
smali_classes2\io\ktor\client\plugins\HttpRedirectKt$HttpRedirect$2$1.smali	83	    iput-boolean p1, p0, Lio/ktor/client/plugins/HttpRedirectKt$HttpRedirect$2$1;->$checkHttpMethod:Z
smali_classes2\io\ktor\client\plugins\HttpRedirectKt$HttpRedirect$2$1.smali	87	    iput-boolean p2, p0, Lio/ktor/client/plugins/HttpRedirectKt$HttpRedirect$2$1;->$allowHttpsDowngrade:Z
smali_classes2\io\ktor\client\plugins\HttpRedirectKt$HttpRedirect$2$1.smali	104	.method public final invoke(Lio/ktor/client/plugins/api/飘花落叶言子楪世兰苏哲;L飘花落叶言楪兰苏子世哲/飘花落叶言子楪世苏兰哲;Lkotlin/coroutines/飘花落叶言子楪世哲苏兰;)Ljava/lang/Object;
smali_classes2\io\ktor\client\plugins\HttpRedirectKt$HttpRedirect$2$1.smali	109	            "Lio/ktor/client/plugins/api/\u98d8\u82b1\u843d\u53f6\u8a00\u5b50\u696a\u4e16\u5170\u82cf\u54f2;",
smali_classes2\io\ktor\client\plugins\HttpRedirectKt$HttpRedirect$2$1.smali	120	    new-instance v0, Lio/ktor/client/plugins/HttpRedirectKt$HttpRedirect$2$1;
smali_classes2\io\ktor\client\plugins\HttpRedirectKt$HttpRedirect$2$1.smali	124	    iget-boolean v1, p0, Lio/ktor/client/plugins/HttpRedirectKt$HttpRedirect$2$1;->$checkHttpMethod:Z
smali_classes2\io\ktor\client\plugins\HttpRedirectKt$HttpRedirect$2$1.smali	128	    iget-boolean p0, p0, Lio/ktor/client/plugins/HttpRedirectKt$HttpRedirect$2$1;->$allowHttpsDowngrade:Z
smali_classes2\io\ktor\client\plugins\HttpRedirectKt$HttpRedirect$2$1.smali	135	    invoke-direct {v0, v1, p0, v2, p3}, Lio/ktor/client/plugins/HttpRedirectKt$HttpRedirect$2$1;-><init>(ZZLio/ktor/client/plugins/api/飘花落叶言子楪世苏哲兰;Lkotlin/coroutines/飘花落叶言子楪世哲苏兰;)V
smali_classes2\io\ktor\client\plugins\HttpRedirectKt$HttpRedirect$2$1.smali	140	    iput-object p1, v0, Lio/ktor/client/plugins/HttpRedirectKt$HttpRedirect$2$1;->L$0:Ljava/lang/Object;
smali_classes2\io\ktor\client\plugins\HttpRedirectKt$HttpRedirect$2$1.smali	144	    iput-object p2, v0, Lio/ktor/client/plugins/HttpRedirectKt$HttpRedirect$2$1;->L$1:Ljava/lang/Object;
smali_classes2\io\ktor\client\plugins\HttpRedirectKt$HttpRedirect$2$1.smali	152	    invoke-virtual {v0, p0}, Lio/ktor/client/plugins/HttpRedirectKt$HttpRedirect$2$1;->invokeSuspend(Ljava/lang/Object;)Ljava/lang/Object;
smali_classes2\io\ktor\client\plugins\HttpRedirectKt$HttpRedirect$2$1.smali	167	    check-cast p1, Lio/ktor/client/plugins/api/飘花落叶言子楪世兰苏哲;
smali_classes2\io\ktor\client\plugins\HttpRedirectKt$HttpRedirect$2$1.smali	173	    invoke-virtual {p0, p1, p2, p3}, Lio/ktor/client/plugins/HttpRedirectKt$HttpRedirect$2$1;->invoke(Lio/ktor/client/plugins/api/飘花落叶言子楪世兰苏哲;L飘花落叶言楪兰苏子世哲/飘花落叶言子楪世苏兰哲;Lkotlin/coroutines/飘花落叶言子楪世哲苏兰;)Ljava/lang/Object;
smali_classes2\io\ktor\client\plugins\HttpRedirectKt$HttpRedirect$2$1.smali	188	    iget v0, p0, Lio/ktor/client/plugins/HttpRedirectKt$HttpRedirect$2$1;->label:I
smali_classes2\io\ktor\client\plugins\HttpRedirectKt$HttpRedirect$2$1.smali	235	    iget-object v0, p0, Lio/ktor/client/plugins/HttpRedirectKt$HttpRedirect$2$1;->L$1:Ljava/lang/Object;
smali_classes2\io\ktor\client\plugins\HttpRedirectKt$HttpRedirect$2$1.smali	243	    iget-object v0, p0, Lio/ktor/client/plugins/HttpRedirectKt$HttpRedirect$2$1;->L$0:Ljava/lang/Object;
smali_classes2\io\ktor\client\plugins\HttpRedirectKt$HttpRedirect$2$1.smali	260	    iget-boolean p0, p0, Lio/ktor/client/plugins/HttpRedirectKt$HttpRedirect$2$1;->$checkHttpMethod:Z
smali_classes2\io\ktor\client\plugins\HttpRedirectKt$HttpRedirect$2$1.smali	268	    sget p0, Lio/ktor/client/plugins/飘花落叶言子楪哲苏世兰;->飘花落叶言子楪世苏哲兰:I
smali_classes2\io\ktor\client\plugins\HttpRedirectKt$HttpRedirect$2$1.smali	299	    iget-object p1, p0, Lio/ktor/client/plugins/HttpRedirectKt$HttpRedirect$2$1;->L$0:Ljava/lang/Object;
smali_classes2\io\ktor\client\plugins\HttpRedirectKt$HttpRedirect$2$1.smali	316	    iget-object p1, p0, Lio/ktor/client/plugins/HttpRedirectKt$HttpRedirect$2$1;->L$1:Ljava/lang/Object;
smali_classes2\io\ktor\client\plugins\HttpRedirectKt$HttpRedirect$2$1.smali	324	    iput-object v2, p0, Lio/ktor/client/plugins/HttpRedirectKt$HttpRedirect$2$1;->L$0:Ljava/lang/Object;
smali_classes2\io\ktor\client\plugins\HttpRedirectKt$HttpRedirect$2$1.smali	328	    iput-object p1, p0, Lio/ktor/client/plugins/HttpRedirectKt$HttpRedirect$2$1;->L$1:Ljava/lang/Object;
smali_classes2\io\ktor\client\plugins\HttpRedirectKt$HttpRedirect$2$1.smali	332	    iput v1, p0, Lio/ktor/client/plugins/HttpRedirectKt$HttpRedirect$2$1;->label:I
smali_classes2\io\ktor\client\plugins\HttpRedirectKt$HttpRedirect$2$handleCall$1.smali	1	.class final Lio/ktor/client/plugins/HttpRedirectKt$HttpRedirect$2$handleCall$1;
smali_classes2\io\ktor\client\plugins\HttpRedirectKt$HttpRedirect$2$handleCall$1.smali	18	    c = "io.ktor.client.plugins.HttpRedirectKt"
smali_classes2\io\ktor\client\plugins\HttpRedirectKt$HttpRedirect$2$handleCall$1.smali	59	            "Lio/ktor/client/plugins/HttpRedirectKt$HttpRedirect$2$handleCall$1;",
smali_classes2\io\ktor\client\plugins\HttpRedirectKt$HttpRedirect$2$handleCall$1.smali	79	    iput-object p1, p0, Lio/ktor/client/plugins/HttpRedirectKt$HttpRedirect$2$handleCall$1;->result:Ljava/lang/Object;
smali_classes2\io\ktor\client\plugins\HttpRedirectKt$HttpRedirect$2$handleCall$1.smali	83	    iget p1, p0, Lio/ktor/client/plugins/HttpRedirectKt$HttpRedirect$2$handleCall$1;->label:I
smali_classes2\io\ktor\client\plugins\HttpRedirectKt$HttpRedirect$2$handleCall$1.smali	94	    iput p1, p0, Lio/ktor/client/plugins/HttpRedirectKt$HttpRedirect$2$handleCall$1;->label:I
smali_classes2\io\ktor\client\plugins\HttpRedirectKt$HttpRedirect$2$handleCall$1.smali	98	    sget v1, Lio/ktor/client/plugins/飘花落叶言子楪哲苏世兰;->飘花落叶言子楪世苏哲兰:I
smali_classes2\io\ktor\client\plugins\HttpRedirectKt$HttpRedirect$2$handleCall$1.smali	113	    iput p1, p0, Lio/ktor/client/plugins/HttpRedirectKt$HttpRedirect$2$handleCall$1;->label:I
smali_classes2\io\ktor\client\plugins\HttpRedirectKt$HttpRedirect$2$handleCall$1.smali	121	    new-instance p1, Lio/ktor/client/plugins/HttpRedirectKt$HttpRedirect$2$handleCall$1;
smali_classes2\io\ktor\client\plugins\HttpRedirectKt$HttpRedirect$2$handleCall$1.smali	125	    invoke-direct {p1, p0}, Lio/ktor/client/plugins/HttpRedirectKt$HttpRedirect$2$handleCall$1;-><init>(Lkotlin/coroutines/飘花落叶言子楪世哲苏兰;)V
smali_classes2\io\ktor\client\plugins\HttpRedirectKt$HttpRedirect$2$handleCall$1.smali	134	    iget-object p1, p0, Lio/ktor/client/plugins/HttpRedirectKt$HttpRedirect$2$handleCall$1;->result:Ljava/lang/Object;
smali_classes2\io\ktor\client\plugins\HttpRedirectKt$HttpRedirect$2$handleCall$1.smali	142	    iget v0, p0, Lio/ktor/client/plugins/HttpRedirectKt$HttpRedirect$2$handleCall$1;->label:I
smali_classes2\io\ktor\client\plugins\HttpRedirectKt$HttpRedirect$2$handleCall$1.smali	160	    iget-object v0, p0, Lio/ktor/client/plugins/HttpRedirectKt$HttpRedirect$2$handleCall$1;->L$7:Ljava/lang/Object;
smali_classes2\io\ktor\client\plugins\HttpRedirectKt$HttpRedirect$2$handleCall$1.smali	168	    iget-object v2, p0, Lio/ktor/client/plugins/HttpRedirectKt$HttpRedirect$2$handleCall$1;->L$6:Ljava/lang/Object;
smali_classes2\io\ktor\client\plugins\HttpRedirectKt$HttpRedirect$2$handleCall$1.smali	176	    iget-object v2, p0, Lio/ktor/client/plugins/HttpRedirectKt$HttpRedirect$2$handleCall$1;->L$5:Ljava/lang/Object;
smali_classes2\io\ktor\client\plugins\HttpRedirectKt$HttpRedirect$2$handleCall$1.smali	184	    iget-object v2, p0, Lio/ktor/client/plugins/HttpRedirectKt$HttpRedirect$2$handleCall$1;->L$4:Ljava/lang/Object;
smali_classes2\io\ktor\client\plugins\HttpRedirectKt$HttpRedirect$2$handleCall$1.smali	192	    iget-object v2, p0, Lio/ktor/client/plugins/HttpRedirectKt$HttpRedirect$2$handleCall$1;->L$3:Ljava/lang/Object;
smali_classes2\io\ktor\client\plugins\HttpRedirectKt$HttpRedirect$2$handleCall$1.smali	200	    iget-object v3, p0, Lio/ktor/client/plugins/HttpRedirectKt$HttpRedirect$2$handleCall$1;->L$2:Ljava/lang/Object;
smali_classes2\io\ktor\client\plugins\HttpRedirectKt$HttpRedirect$2$handleCall$1.smali	208	    iget-object v3, p0, Lio/ktor/client/plugins/HttpRedirectKt$HttpRedirect$2$handleCall$1;->L$1:Ljava/lang/Object;
smali_classes2\io\ktor\client\plugins\HttpRedirectKt$HttpRedirect$2$handleCall$1.smali	216	    iget-object p0, p0, Lio/ktor/client/plugins/HttpRedirectKt$HttpRedirect$2$handleCall$1;->L$0:Ljava/lang/Object;
smali_classes2\io\ktor\client\plugins\HttpRequestLifecycleKt$HttpRequestLifecycle$1$1.smali	1	.class final Lio/ktor/client/plugins/HttpRequestLifecycleKt$HttpRequestLifecycle$1$1;
smali_classes2\io\ktor\client\plugins\HttpRequestLifecycleKt$HttpRequestLifecycle$1$1.smali	41	    c = "io.ktor.client.plugins.HttpRequestLifecycleKt$HttpRequestLifecycle$1$1"
smali_classes2\io\ktor\client\plugins\HttpRequestLifecycleKt$HttpRequestLifecycle$1$1.smali	51	.field final synthetic $this_createClientPlugin:Lio/ktor/client/plugins/api/飘花落叶言子楪世苏哲兰;
smali_classes2\io\ktor\client\plugins\HttpRequestLifecycleKt$HttpRequestLifecycle$1$1.smali	54	            "Lio/ktor/client/plugins/api/\u98d8\u82b1\u843d\u53f6\u8a00\u5b50\u696a\u4e16\u82cf\u54f2\u5170;"
smali_classes2\io\ktor\client\plugins\HttpRequestLifecycleKt$HttpRequestLifecycle$1$1.smali	67	.method public constructor <init>(Lio/ktor/client/plugins/api/飘花落叶言子楪世苏哲兰;Lkotlin/coroutines/飘花落叶言子楪世哲苏兰;)V
smali_classes2\io\ktor\client\plugins\HttpRequestLifecycleKt$HttpRequestLifecycle$1$1.smali	72	            "Lio/ktor/client/plugins/api/\u98d8\u82b1\u843d\u53f6\u8a00\u5b50\u696a\u4e16\u82cf\u54f2\u5170;",
smali_classes2\io\ktor\client\plugins\HttpRequestLifecycleKt$HttpRequestLifecycle$1$1.smali	75	            "Lio/ktor/client/plugins/HttpRequestLifecycleKt$HttpRequestLifecycle$1$1;",
smali_classes2\io\ktor\client\plugins\HttpRequestLifecycleKt$HttpRequestLifecycle$1$1.smali	104	    invoke-virtual {p0, p1, p2, p3}, Lio/ktor/client/plugins/HttpRequestLifecycleKt$HttpRequestLifecycle$1$1;->invoke(L飘花落叶言楪兰苏子世哲/飘花落叶言子楪世苏兰哲;L飘花落叶言世子哲兰苏楪/飘花落叶言子楪苏兰哲世;Lkotlin/coroutines/飘花落叶言子楪世哲苏兰;)Ljava/lang/Object;
smali_classes2\io\ktor\client\plugins\HttpRequestLifecycleKt$HttpRequestLifecycle$1$1.smali	127	    new-instance p0, Lio/ktor/client/plugins/HttpRequestLifecycleKt$HttpRequestLifecycle$1$1;
smali_classes2\io\ktor\client\plugins\HttpRequestLifecycleKt$HttpRequestLifecycle$1$1.smali	134	    invoke-direct {p0, v0, p3}, Lio/ktor/client/plugins/HttpRequestLifecycleKt$HttpRequestLifecycle$1$1;-><init>(Lio/ktor/client/plugins/api/飘花落叶言子楪世苏哲兰;Lkotlin/coroutines/飘花落叶言子楪世哲苏兰;)V
smali_classes2\io\ktor\client\plugins\HttpRequestLifecycleKt$HttpRequestLifecycle$1$1.smali	139	    iput-object p1, p0, Lio/ktor/client/plugins/HttpRequestLifecycleKt$HttpRequestLifecycle$1$1;->L$0:Ljava/lang/Object;
smali_classes2\io\ktor\client\plugins\HttpRequestLifecycleKt$HttpRequestLifecycle$1$1.smali	143	    iput-object p2, p0, Lio/ktor/client/plugins/HttpRequestLifecycleKt$HttpRequestLifecycle$1$1;->L$1:Ljava/lang/Object;
smali_classes2\io\ktor\client\plugins\HttpRequestLifecycleKt$HttpRequestLifecycle$1$1.smali	151	    invoke-virtual {p0, p1}, Lio/ktor/client/plugins/HttpRequestLifecycleKt$HttpRequestLifecycle$1$1;->invokeSuspend(Ljava/lang/Object;)Ljava/lang/Object;
smali_classes2\io\ktor\client\plugins\HttpRequestLifecycleKt$HttpRequestLifecycle$1$1.smali	170	    iget v0, p0, Lio/ktor/client/plugins/HttpRequestLifecycleKt$HttpRequestLifecycle$1$1;->label:I
smali_classes2\io\ktor\client\plugins\HttpRequestLifecycleKt$HttpRequestLifecycle$1$1.smali	188	    iget-object p0, p0, Lio/ktor/client/plugins/HttpRequestLifecycleKt$HttpRequestLifecycle$1$1;->L$0:Ljava/lang/Object;
smali_classes2\io\ktor\client\plugins\HttpRequestLifecycleKt$HttpRequestLifecycle$1$1.smali	277	    iget-object p1, p0, Lio/ktor/client/plugins/HttpRequestLifecycleKt$HttpRequestLifecycle$1$1;->L$0:Ljava/lang/Object;
smali_classes2\io\ktor\client\plugins\HttpRequestLifecycleKt$HttpRequestLifecycle$1$1.smali	285	    iget-object p0, p0, Lio/ktor/client/plugins/HttpRequestLifecycleKt$HttpRequestLifecycle$1$1;->L$1:Ljava/lang/Object;
smali_classes2\io\ktor\client\plugins\HttpRequestRetryConfig$delay$1.smali	1	.class final Lio/ktor/client/plugins/HttpRequestRetryConfig$delay$1;
smali_classes2\io\ktor\client\plugins\HttpRequestRetryConfig$delay$1.smali	37	    c = "io.ktor.client.plugins.HttpRequestRetryConfig$delay$1"
smali_classes2\io\ktor\client\plugins\HttpRequestRetryConfig$delay$1.smali	60	            "Lio/ktor/client/plugins/HttpRequestRetryConfig$delay$1;",
smali_classes2\io\ktor\client\plugins\HttpRequestRetryConfig$delay$1.smali	94	    new-instance p0, Lio/ktor/client/plugins/HttpRequestRetryConfig$delay$1;
smali_classes2\io\ktor\client\plugins\HttpRequestRetryConfig$delay$1.smali	98	    invoke-direct {p0, p2}, Lio/ktor/client/plugins/HttpRequestRetryConfig$delay$1;-><init>(Lkotlin/coroutines/飘花落叶言子楪世哲苏兰;)V
smali_classes2\io\ktor\client\plugins\HttpRequestRetryConfig$delay$1.smali	115	    iput-wide p1, p0, Lio/ktor/client/plugins/HttpRequestRetryConfig$delay$1;->J$0:J
smali_classes2\io\ktor\client\plugins\HttpRequestRetryConfig$delay$1.smali	144	    invoke-virtual {p0, p1, p3}, Lio/ktor/client/plugins/HttpRequestRetryConfig$delay$1;->create(Ljava/lang/Object;Lkotlin/coroutines/飘花落叶言子楪世哲苏兰;)Lkotlin/coroutines/飘花落叶言子楪世哲苏兰;
smali_classes2\io\ktor\client\plugins\HttpRequestRetryConfig$delay$1.smali	152	    check-cast p0, Lio/ktor/client/plugins/HttpRequestRetryConfig$delay$1;
smali_classes2\io\ktor\client\plugins\HttpRequestRetryConfig$delay$1.smali	160	    invoke-virtual {p0, p1}, Lio/ktor/client/plugins/HttpRequestRetryConfig$delay$1;->invokeSuspend(Ljava/lang/Object;)Ljava/lang/Object;
smali_classes2\io\ktor\client\plugins\HttpRequestRetryConfig$delay$1.smali	183	    invoke-virtual {p0, v0, v1, p2}, Lio/ktor/client/plugins/HttpRequestRetryConfig$delay$1;->invoke(JLkotlin/coroutines/飘花落叶言子楪世哲苏兰;)Ljava/lang/Object;
smali_classes2\io\ktor\client\plugins\HttpRequestRetryConfig$delay$1.smali	198	    iget v1, p0, Lio/ktor/client/plugins/HttpRequestRetryConfig$delay$1;->label:I
smali_classes2\io\ktor\client\plugins\HttpRequestRetryConfig$delay$1.smali	243	    iget-wide v3, p0, Lio/ktor/client/plugins/HttpRequestRetryConfig$delay$1;->J$0:J
smali_classes2\io\ktor\client\plugins\HttpRequestRetryConfig$delay$1.smali	247	    iput v2, p0, Lio/ktor/client/plugins/HttpRequestRetryConfig$delay$1;->label:I
smali_classes2\io\ktor\client\plugins\HttpRequestRetryKt$HttpRequestRetry$1.smali	1	.class final synthetic Lio/ktor/client/plugins/HttpRequestRetryKt$HttpRequestRetry$1;
smali_classes2\io\ktor\client\plugins\HttpRequestRetryKt$HttpRequestRetry$1.smali	29	.field public static final INSTANCE:Lio/ktor/client/plugins/HttpRequestRetryKt$HttpRequestRetry$1;
smali_classes2\io\ktor\client\plugins\HttpRequestRetryKt$HttpRequestRetry$1.smali	37	    new-instance v0, Lio/ktor/client/plugins/HttpRequestRetryKt$HttpRequestRetry$1;
smali_classes2\io\ktor\client\plugins\HttpRequestRetryKt$HttpRequestRetry$1.smali	41	    invoke-direct {v0}, Lio/ktor/client/plugins/HttpRequestRetryKt$HttpRequestRetry$1;-><init>()V
smali_classes2\io\ktor\client\plugins\HttpRequestRetryKt$HttpRequestRetry$1.smali	46	    sput-object v0, Lio/ktor/client/plugins/HttpRequestRetryKt$HttpRequestRetry$1;->INSTANCE:Lio/ktor/client/plugins/HttpRequestRetryKt$HttpRequestRetry$1;
smali_classes2\io\ktor\client\plugins\HttpRequestRetryKt$HttpRequestRetry$1.smali	67	    const-class v2, Lio/ktor/client/plugins/飘花落叶言子楪哲苏兰世;
smali_classes2\io\ktor\client\plugins\HttpRequestRetryKt$HttpRequestRetry$1.smali	88	.method public final invoke()Lio/ktor/client/plugins/飘花落叶言子楪哲苏兰世;
smali_classes2\io\ktor\client\plugins\HttpRequestRetryKt$HttpRequestRetry$1.smali	92	    new-instance p0, Lio/ktor/client/plugins/飘花落叶言子楪哲苏兰世;
smali_classes2\io\ktor\client\plugins\HttpRequestRetryKt$HttpRequestRetry$1.smali	101	    new-instance v0, Lio/ktor/client/plugins/HttpRequestRetryConfig$delay$1;
smali_classes2\io\ktor\client\plugins\HttpRequestRetryKt$HttpRequestRetry$1.smali	108	    invoke-direct {v0, v1}, Lio/ktor/client/plugins/HttpRequestRetryConfig$delay$1;-><init>(Lkotlin/coroutines/飘花落叶言子楪世哲苏兰;)V
smali_classes2\io\ktor\client\plugins\HttpRequestRetryKt$HttpRequestRetry$1.smali	144	    invoke-virtual {p0}, Lio/ktor/client/plugins/HttpRequestRetryKt$HttpRequestRetry$1;->invoke()Lio/ktor/client/plugins/飘花落叶言子楪哲苏兰世;
smali_classes2\io\ktor\client\plugins\HttpRequestRetryKt$HttpRequestRetry$2$1.smali	1	.class final Lio/ktor/client/plugins/HttpRequestRetryKt$HttpRequestRetry$2$1;
smali_classes2\io\ktor\client\plugins\HttpRequestRetryKt$HttpRequestRetry$2$1.smali	22	        "Lio/ktor/client/plugins/api/\u98d8\u82b1\u843d\u53f6\u8a00\u5b50\u696a\u4e16\u5170\u82cf\u54f2;",
smali_classes2\io\ktor\client\plugins\HttpRequestRetryKt$HttpRequestRetry$2$1.smali	27	        "(Lio/ktor/client/plugins/api/\u98d8\u82b1\u843d\u53f6\u8a00\u5b50\u696a\u4e16\u5170\u82cf\u54f2;L\u98d8\u82b1\u843d\u53f6\u8a00\u696a\u5170\u82cf\u5b50\u4e16\u54f2/\u98d8\u82b1\u843d\u53f6\u8a00\u5b50\u696a\u4e16\u82cf\u5170\u54f2;)Lio/ktor/client/call/\u98d8\u82b1\u843d\u53f6\u8a00\u5b50\u696a\u4e16\u82cf\u54f2\u5170;"
smali_classes2\io\ktor\client\plugins\HttpRequestRetryKt$HttpRequestRetry$2$1.smali	38	    c = "io.ktor.client.plugins.HttpRequestRetryKt$HttpRequestRetry$2$1"
smali_classes2\io\ktor\client\plugins\HttpRequestRetryKt$HttpRequestRetry$2$1.smali	92	.field final synthetic $this_createClientPlugin:Lio/ktor/client/plugins/api/飘花落叶言子楪世苏哲兰;
smali_classes2\io\ktor\client\plugins\HttpRequestRetryKt$HttpRequestRetry$2$1.smali	95	            "Lio/ktor/client/plugins/api/\u98d8\u82b1\u843d\u53f6\u8a00\u5b50\u696a\u4e16\u82cf\u54f2\u5170;"
smali_classes2\io\ktor\client\plugins\HttpRequestRetryKt$HttpRequestRetry$2$1.smali	124	.method public constructor <init>(L飘花落叶言世子哲兰苏楪/飘花落叶言子楪哲兰世苏;L飘花落叶言世子哲兰苏楪/飘花落叶言子楪哲兰世苏;IL飘花落叶言世子哲兰苏楪/飘花落叶言子楪哲苏兰世;L飘花落叶言世子哲兰苏楪/飘花落叶言子楪哲苏兰世;Lio/ktor/client/plugins/api/飘花落叶言子楪世苏哲兰;L飘花落叶言世子哲兰苏楪/飘花落叶言子楪哲苏兰世;Lkotlin/coroutines/飘花落叶言子楪世哲苏兰;)V
smali_classes2\io\ktor\client\plugins\HttpRequestRetryKt$HttpRequestRetry$2$1.smali	134	            "Lio/ktor/client/plugins/api/\u98d8\u82b1\u843d\u53f6\u8a00\u5b50\u696a\u4e16\u82cf\u54f2\u5170;",
smali_classes2\io\ktor\client\plugins\HttpRequestRetryKt$HttpRequestRetry$2$1.smali	138	            "Lio/ktor/client/plugins/HttpRequestRetryKt$HttpRequestRetry$2$1;",
smali_classes2\io\ktor\client\plugins\HttpRequestRetryKt$HttpRequestRetry$2$1.smali	144	    iput-object p1, p0, Lio/ktor/client/plugins/HttpRequestRetryKt$HttpRequestRetry$2$1;->$shouldRetry:L飘花落叶言世子哲兰苏楪/飘花落叶言子楪哲兰世苏;
smali_classes2\io\ktor\client\plugins\HttpRequestRetryKt$HttpRequestRetry$2$1.smali	148	    iput-object p2, p0, Lio/ktor/client/plugins/HttpRequestRetryKt$HttpRequestRetry$2$1;->$shouldRetryOnException:L飘花落叶言世子哲兰苏楪/飘花落叶言子楪哲兰世苏;
smali_classes2\io\ktor\client\plugins\HttpRequestRetryKt$HttpRequestRetry$2$1.smali	152	    iput p3, p0, Lio/ktor/client/plugins/HttpRequestRetryKt$HttpRequestRetry$2$1;->$maxRetries:I
smali_classes2\io\ktor\client\plugins\HttpRequestRetryKt$HttpRequestRetry$2$1.smali	156	    iput-object p4, p0, Lio/ktor/client/plugins/HttpRequestRetryKt$HttpRequestRetry$2$1;->$delayMillis:L飘花落叶言世子哲兰苏楪/飘花落叶言子楪哲苏兰世;
smali_classes2\io\ktor\client\plugins\HttpRequestRetryKt$HttpRequestRetry$2$1.smali	160	    iput-object p5, p0, Lio/ktor/client/plugins/HttpRequestRetryKt$HttpRequestRetry$2$1;->$modifyRequest:L飘花落叶言世子哲兰苏楪/飘花落叶言子楪哲苏兰世;
smali_classes2\io\ktor\client\plugins\HttpRequestRetryKt$HttpRequestRetry$2$1.smali	164	    iput-object p7, p0, Lio/ktor/client/plugins/HttpRequestRetryKt$HttpRequestRetry$2$1;->$delay:L飘花落叶言世子哲兰苏楪/飘花落叶言子楪哲苏兰世;
smali_classes2\io\ktor\client\plugins\HttpRequestRetryKt$HttpRequestRetry$2$1.smali	181	.method public final invoke(Lio/ktor/client/plugins/api/飘花落叶言子楪世兰苏哲;L飘花落叶言楪兰苏子世哲/飘花落叶言子楪世苏兰哲;Lkotlin/coroutines/飘花落叶言子楪世哲苏兰;)Ljava/lang/Object;
smali_classes2\io\ktor\client\plugins\HttpRequestRetryKt$HttpRequestRetry$2$1.smali	186	            "Lio/ktor/client/plugins/api/\u98d8\u82b1\u843d\u53f6\u8a00\u5b50\u696a\u4e16\u5170\u82cf\u54f2;",
smali_classes2\io\ktor\client\plugins\HttpRequestRetryKt$HttpRequestRetry$2$1.smali	197	    new-instance v0, Lio/ktor/client/plugins/HttpRequestRetryKt$HttpRequestRetry$2$1;
smali_classes2\io\ktor\client\plugins\HttpRequestRetryKt$HttpRequestRetry$2$1.smali	201	    iget-object v1, p0, Lio/ktor/client/plugins/HttpRequestRetryKt$HttpRequestRetry$2$1;->$shouldRetry:L飘花落叶言世子哲兰苏楪/飘花落叶言子楪哲兰世苏;
smali_classes2\io\ktor\client\plugins\HttpRequestRetryKt$HttpRequestRetry$2$1.smali	205	    iget-object v2, p0, Lio/ktor/client/plugins/HttpRequestRetryKt$HttpRequestRetry$2$1;->$shouldRetryOnException:L飘花落叶言世子哲兰苏楪/飘花落叶言子楪哲兰世苏;
smali_classes2\io\ktor\client\plugins\HttpRequestRetryKt$HttpRequestRetry$2$1.smali	209	    iget v3, p0, Lio/ktor/client/plugins/HttpRequestRetryKt$HttpRequestRetry$2$1;->$maxRetries:I
smali_classes2\io\ktor\client\plugins\HttpRequestRetryKt$HttpRequestRetry$2$1.smali	213	    iget-object v4, p0, Lio/ktor/client/plugins/HttpRequestRetryKt$HttpRequestRetry$2$1;->$delayMillis:L飘花落叶言世子哲兰苏楪/飘花落叶言子楪哲苏兰世;
smali_classes2\io\ktor\client\plugins\HttpRequestRetryKt$HttpRequestRetry$2$1.smali	217	    iget-object v5, p0, Lio/ktor/client/plugins/HttpRequestRetryKt$HttpRequestRetry$2$1;->$modifyRequest:L飘花落叶言世子哲兰苏楪/飘花落叶言子楪哲苏兰世;
smali_classes2\io\ktor\client\plugins\HttpRequestRetryKt$HttpRequestRetry$2$1.smali	224	    iget-object v7, p0, Lio/ktor/client/plugins/HttpRequestRetryKt$HttpRequestRetry$2$1;->$delay:L飘花落叶言世子哲兰苏楪/飘花落叶言子楪哲苏兰世;
smali_classes2\io\ktor\client\plugins\HttpRequestRetryKt$HttpRequestRetry$2$1.smali	231	    invoke-direct/range {v0 .. v8}, Lio/ktor/client/plugins/HttpRequestRetryKt$HttpRequestRetry$2$1;-><init>(L飘花落叶言世子哲兰苏楪/飘花落叶言子楪哲兰世苏;L飘花落叶言世子哲兰苏楪/飘花落叶言子楪哲兰世苏;IL飘花落叶言世子哲兰苏楪/飘花落叶言子楪哲苏兰世;L飘花落叶言世子哲兰苏楪/飘花落叶言子楪哲苏兰世;Lio/ktor/client/plugins/api/飘花落叶言子楪世苏哲兰;L飘花落叶言世子哲兰苏楪/飘花落叶言子楪哲苏兰世;Lkotlin/coroutines/飘花落叶言子楪世哲苏兰;)V
smali_classes2\io\ktor\client\plugins\HttpRequestRetryKt$HttpRequestRetry$2$1.smali	236	    iput-object p1, v0, Lio/ktor/client/plugins/HttpRequestRetryKt$HttpRequestRetry$2$1;->L$0:Ljava/lang/Object;
smali_classes2\io\ktor\client\plugins\HttpRequestRetryKt$HttpRequestRetry$2$1.smali	240	    iput-object p2, v0, Lio/ktor/client/plugins/HttpRequestRetryKt$HttpRequestRetry$2$1;->L$1:Ljava/lang/Object;
smali_classes2\io\ktor\client\plugins\HttpRequestRetryKt$HttpRequestRetry$2$1.smali	248	    invoke-virtual {v0, p0}, Lio/ktor/client/plugins/HttpRequestRetryKt$HttpRequestRetry$2$1;->invokeSuspend(Ljava/lang/Object;)Ljava/lang/Object;
smali_classes2\io\ktor\client\plugins\HttpRequestRetryKt$HttpRequestRetry$2$1.smali	263	    check-cast p1, Lio/ktor/client/plugins/api/飘花落叶言子楪世兰苏哲;
smali_classes2\io\ktor\client\plugins\HttpRequestRetryKt$HttpRequestRetry$2$1.smali	269	    invoke-virtual {p0, p1, p2, p3}, Lio/ktor/client/plugins/HttpRequestRetryKt$HttpRequestRetry$2$1;->invoke(Lio/ktor/client/plugins/api/飘花落叶言子楪世兰苏哲;L飘花落叶言楪兰苏子世哲/飘花落叶言子楪世苏兰哲;Lkotlin/coroutines/飘花落叶言子楪世哲苏兰;)Ljava/lang/Object;
smali_classes2\io\ktor\client\plugins\HttpRequestRetryKt$HttpRequestRetry$2$1.smali	284	    iget v0, p0, Lio/ktor/client/plugins/HttpRequestRetryKt$HttpRequestRetry$2$1;->label:I
smali_classes2\io\ktor\client\plugins\HttpRequestRetryKt$HttpRequestRetry$2$1.smali	316	    iget v0, p0, Lio/ktor/client/plugins/HttpRequestRetryKt$HttpRequestRetry$2$1;->I$1:I
smali_classes2\io\ktor\client\plugins\HttpRequestRetryKt$HttpRequestRetry$2$1.smali	320	    iget v3, p0, Lio/ktor/client/plugins/HttpRequestRetryKt$HttpRequestRetry$2$1;->I$0:I
smali_classes2\io\ktor\client\plugins\HttpRequestRetryKt$HttpRequestRetry$2$1.smali	324	    iget-object v4, p0, Lio/ktor/client/plugins/HttpRequestRetryKt$HttpRequestRetry$2$1;->L$6:Ljava/lang/Object;
smali_classes2\io\ktor\client\plugins\HttpRequestRetryKt$HttpRequestRetry$2$1.smali	333	    iget-object v4, p0, Lio/ktor/client/plugins/HttpRequestRetryKt$HttpRequestRetry$2$1;->L$5:Ljava/lang/Object;
smali_classes2\io\ktor\client\plugins\HttpRequestRetryKt$HttpRequestRetry$2$1.smali	341	    iget-object v5, p0, Lio/ktor/client/plugins/HttpRequestRetryKt$HttpRequestRetry$2$1;->L$4:Ljava/lang/Object;
smali_classes2\io\ktor\client\plugins\HttpRequestRetryKt$HttpRequestRetry$2$1.smali	349	    iget-object v6, p0, Lio/ktor/client/plugins/HttpRequestRetryKt$HttpRequestRetry$2$1;->L$3:Ljava/lang/Object;
smali_classes2\io\ktor\client\plugins\HttpRequestRetryKt$HttpRequestRetry$2$1.smali	357	    iget-object v7, p0, Lio/ktor/client/plugins/HttpRequestRetryKt$HttpRequestRetry$2$1;->L$2:Ljava/lang/Object;
smali_classes2\io\ktor\client\plugins\HttpRequestRetryKt$HttpRequestRetry$2$1.smali	365	    iget-object v8, p0, Lio/ktor/client/plugins/HttpRequestRetryKt$HttpRequestRetry$2$1;->L$1:Ljava/lang/Object;
smali_classes2\io\ktor\client\plugins\HttpRequestRetryKt$HttpRequestRetry$2$1.smali	373	    iget-object v9, p0, Lio/ktor/client/plugins/HttpRequestRetryKt$HttpRequestRetry$2$1;->L$0:Ljava/lang/Object;
smali_classes2\io\ktor\client\plugins\HttpRequestRetryKt$HttpRequestRetry$2$1.smali	395	    sget-object p1, Lio/ktor/client/plugins/飘花落叶言子楪哲兰世苏;->飘花落叶言子楪世苏哲兰:L飘花落叶言苏楪世子兰哲/飘花落叶言子楪世苏兰哲;
smali_classes2\io\ktor\client\plugins\HttpRequestRetryKt$HttpRequestRetry$2$1.smali	466	    iget v0, p0, Lio/ktor/client/plugins/HttpRequestRetryKt$HttpRequestRetry$2$1;->I$1:I
smali_classes2\io\ktor\client\plugins\HttpRequestRetryKt$HttpRequestRetry$2$1.smali	470	    iget v1, p0, Lio/ktor/client/plugins/HttpRequestRetryKt$HttpRequestRetry$2$1;->I$0:I
smali_classes2\io\ktor\client\plugins\HttpRequestRetryKt$HttpRequestRetry$2$1.smali	474	    iget-object v3, p0, Lio/ktor/client/plugins/HttpRequestRetryKt$HttpRequestRetry$2$1;->L$7:Ljava/lang/Object;
smali_classes2\io\ktor\client\plugins\HttpRequestRetryKt$HttpRequestRetry$2$1.smali	482	    iget-object v4, p0, Lio/ktor/client/plugins/HttpRequestRetryKt$HttpRequestRetry$2$1;->L$6:Ljava/lang/Object;
smali_classes2\io\ktor\client\plugins\HttpRequestRetryKt$HttpRequestRetry$2$1.smali	490	    iget-object v5, p0, Lio/ktor/client/plugins/HttpRequestRetryKt$HttpRequestRetry$2$1;->L$5:Ljava/lang/Object;
smali_classes2\io\ktor\client\plugins\HttpRequestRetryKt$HttpRequestRetry$2$1.smali	498	    iget-object v5, p0, Lio/ktor/client/plugins/HttpRequestRetryKt$HttpRequestRetry$2$1;->L$4:Ljava/lang/Object;
smali_classes2\io\ktor\client\plugins\HttpRequestRetryKt$HttpRequestRetry$2$1.smali	506	    iget-object v5, p0, Lio/ktor/client/plugins/HttpRequestRetryKt$HttpRequestRetry$2$1;->L$3:Ljava/lang/Object;
smali_classes2\io\ktor\client\plugins\HttpRequestRetryKt$HttpRequestRetry$2$1.smali	514	    iget-object v6, p0, Lio/ktor/client/plugins/HttpRequestRetryKt$HttpRequestRetry$2$1;->L$2:Ljava/lang/Object;
smali_classes2\io\ktor\client\plugins\HttpRequestRetryKt$HttpRequestRetry$2$1.smali	522	    iget-object v6, p0, Lio/ktor/client/plugins/HttpRequestRetryKt$HttpRequestRetry$2$1;->L$1:Ljava/lang/Object;
smali_classes2\io\ktor\client\plugins\HttpRequestRetryKt$HttpRequestRetry$2$1.smali	530	    iget-object p0, p0, Lio/ktor/client/plugins/HttpRequestRetryKt$HttpRequestRetry$2$1;->L$0:Ljava/lang/Object;
smali_classes2\io\ktor\client\plugins\HttpRequestRetryKt$HttpRequestRetry$2$1.smali	567	    iget v0, p0, Lio/ktor/client/plugins/HttpRequestRetryKt$HttpRequestRetry$2$1;->I$1:I
smali_classes2\io\ktor\client\plugins\HttpRequestRetryKt$HttpRequestRetry$2$1.smali	571	    iget v1, p0, Lio/ktor/client/plugins/HttpRequestRetryKt$HttpRequestRetry$2$1;->I$0:I
smali_classes2\io\ktor\client\plugins\HttpRequestRetryKt$HttpRequestRetry$2$1.smali	575	    iget-object v3, p0, Lio/ktor/client/plugins/HttpRequestRetryKt$HttpRequestRetry$2$1;->L$6:Ljava/lang/Object;
smali_classes2\io\ktor\client\plugins\HttpRequestRetryKt$HttpRequestRetry$2$1.smali	583	    iget-object v4, p0, Lio/ktor/client/plugins/HttpRequestRetryKt$HttpRequestRetry$2$1;->L$5:Ljava/lang/Object;
smali_classes2\io\ktor\client\plugins\HttpRequestRetryKt$HttpRequestRetry$2$1.smali	591	    iget-object v4, p0, Lio/ktor/client/plugins/HttpRequestRetryKt$HttpRequestRetry$2$1;->L$4:Ljava/lang/Object;
smali_classes2\io\ktor\client\plugins\HttpRequestRetryKt$HttpRequestRetry$2$1.smali	599	    iget-object v4, p0, Lio/ktor/client/plugins/HttpRequestRetryKt$HttpRequestRetry$2$1;->L$3:Ljava/lang/Object;
smali_classes2\io\ktor\client\plugins\HttpRequestRetryKt$HttpRequestRetry$2$1.smali	610	    iget-object v4, p0, Lio/ktor/client/plugins/HttpRequestRetryKt$HttpRequestRetry$2$1;->L$2:Ljava/lang/Object;
smali_classes2\io\ktor\client\plugins\HttpRequestRetryKt$HttpRequestRetry$2$1.smali	618	    iget-object v4, p0, Lio/ktor/client/plugins/HttpRequestRetryKt$HttpRequestRetry$2$1;->L$1:Ljava/lang/Object;
smali_classes2\io\ktor\client\plugins\HttpRequestRetryKt$HttpRequestRetry$2$1.smali	626	    iget-object p0, p0, Lio/ktor/client/plugins/HttpRequestRetryKt$HttpRequestRetry$2$1;->L$0:Ljava/lang/Object;
smali_classes2\io\ktor\client\plugins\HttpRequestRetryKt$HttpRequestRetry$2$1.smali	644	    sget-object p0, Lio/ktor/client/plugins/飘花落叶言子楪哲兰世苏;->飘花落叶言子楪世苏哲兰:L飘花落叶言苏楪世子兰哲/飘花落叶言子楪世苏兰哲;
smali_classes2\io\ktor\client\plugins\HttpRequestRetryKt$HttpRequestRetry$2$1.smali	686	    iget-object p1, p0, Lio/ktor/client/plugins/HttpRequestRetryKt$HttpRequestRetry$2$1;->L$0:Ljava/lang/Object;
smali_classes2\io\ktor\client\plugins\HttpRequestRetryKt$HttpRequestRetry$2$1.smali	694	    iget-object p1, p0, Lio/ktor/client/plugins/HttpRequestRetryKt$HttpRequestRetry$2$1;->L$1:Ljava/lang/Object;
smali_classes2\io\ktor\client\plugins\HttpRequestRetryKt$HttpRequestRetry$2$1.smali	709	    sget-object v0, Lio/ktor/client/plugins/飘花落叶言子楪哲兰世苏;->飘花落叶言子楪世哲苏兰:Lio/ktor/util/飘花落叶言子楪世苏哲兰;
smali_classes2\io\ktor\client\plugins\HttpRequestRetryKt$HttpRequestRetry$2$1.smali	729	    iget-object v0, p0, Lio/ktor/client/plugins/HttpRequestRetryKt$HttpRequestRetry$2$1;->$shouldRetry:L飘花落叶言世子哲兰苏楪/飘花落叶言子楪哲兰世苏;
smali_classes2\io\ktor\client\plugins\HttpRequestRetryKt$HttpRequestRetry$2$1.smali	737	    sget-object v0, Lio/ktor/client/plugins/飘花落叶言子楪哲兰世苏;->飘花落叶言子楪世哲兰苏:Lio/ktor/util/飘花落叶言子楪世苏哲兰;
smali_classes2\io\ktor\client\plugins\HttpRequestRetryKt$HttpRequestRetry$2$1.smali	757	    iget-object v0, p0, Lio/ktor/client/plugins/HttpRequestRetryKt$HttpRequestRetry$2$1;->$shouldRetryOnException:L飘花落叶言世子哲兰苏楪/飘花落叶言子楪哲兰世苏;
smali_classes2\io\ktor\client\plugins\HttpRequestRetryKt$HttpRequestRetry$2$1.smali	765	    sget-object v0, Lio/ktor/client/plugins/飘花落叶言子楪哲兰世苏;->飘花落叶言子楪世苏兰哲:Lio/ktor/util/飘花落叶言子楪世苏哲兰;
smali_classes2\io\ktor\client\plugins\HttpRequestRetryKt$HttpRequestRetry$2$1.smali	797	    iget v0, p0, Lio/ktor/client/plugins/HttpRequestRetryKt$HttpRequestRetry$2$1;->$maxRetries:I
smali_classes2\io\ktor\client\plugins\HttpRequestRetryKt$HttpRequestRetry$2$1.smali	802	    sget-object v3, Lio/ktor/client/plugins/飘花落叶言子楪哲兰世苏;->飘花落叶言子楪世兰哲苏:Lio/ktor/util/飘花落叶言子楪世苏哲兰;
smali_classes2\io\ktor\client\plugins\HttpRequestRetryKt$HttpRequestRetry$2$1.smali	822	    iget-object v3, p0, Lio/ktor/client/plugins/HttpRequestRetryKt$HttpRequestRetry$2$1;->$delayMillis:L飘花落叶言世子哲兰苏楪/飘花落叶言子楪哲苏兰世;
smali_classes2\io\ktor\client\plugins\HttpRequestRetryKt$HttpRequestRetry$2$1.smali	830	    sget-object v3, Lio/ktor/client/plugins/飘花落叶言子楪哲兰世苏;->飘花落叶言子楪世兰苏哲:Lio/ktor/util/飘花落叶言子楪世苏哲兰;
smali_classes2\io\ktor\client\plugins\HttpRequestRetryKt$HttpRequestRetry$2$1.smali	850	    iget-object p1, p0, Lio/ktor/client/plugins/HttpRequestRetryKt$HttpRequestRetry$2$1;->$modifyRequest:L飘花落叶言世子哲兰苏楪/飘花落叶言子楪哲苏兰世;
smali_classes2\io\ktor\client\plugins\HttpRequestRetryKt$HttpRequestRetry$2$1.smali	880	    new-instance v10, Lio/ktor/client/plugins/飘花落叶言子世楪苏哲兰;
smali_classes2\io\ktor\client\plugins\HttpRequestRetryKt$HttpRequestRetry$2$1.smali	884	    invoke-direct {v10, p1, v1}, Lio/ktor/client/plugins/飘花落叶言子世楪苏哲兰;-><init>(Ljava/lang/Object;I)V
smali_classes2\io\ktor\client\plugins\HttpRequestRetryKt$HttpRequestRetry$2$1.smali	895	    iput-object v2, p0, Lio/ktor/client/plugins/HttpRequestRetryKt$HttpRequestRetry$2$1;->L$0:Ljava/lang/Object;
smali_classes2\io\ktor\client\plugins\HttpRequestRetryKt$HttpRequestRetry$2$1.smali	899	    iput-object v8, p0, Lio/ktor/client/plugins/HttpRequestRetryKt$HttpRequestRetry$2$1;->L$1:Ljava/lang/Object;
smali_classes2\io\ktor\client\plugins\HttpRequestRetryKt$HttpRequestRetry$2$1.smali	903	    iput-object v7, p0, Lio/ktor/client/plugins/HttpRequestRetryKt$HttpRequestRetry$2$1;->L$2:Ljava/lang/Object;
smali_classes2\io\ktor\client\plugins\HttpRequestRetryKt$HttpRequestRetry$2$1.smali	907	    iput-object v6, p0, Lio/ktor/client/plugins/HttpRequestRetryKt$HttpRequestRetry$2$1;->L$3:Ljava/lang/Object;
smali_classes2\io\ktor\client\plugins\HttpRequestRetryKt$HttpRequestRetry$2$1.smali	911	    iput-object v5, p0, Lio/ktor/client/plugins/HttpRequestRetryKt$HttpRequestRetry$2$1;->L$4:Ljava/lang/Object;
smali_classes2\io\ktor\client\plugins\HttpRequestRetryKt$HttpRequestRetry$2$1.smali	915	    iput-object v4, p0, Lio/ktor/client/plugins/HttpRequestRetryKt$HttpRequestRetry$2$1;->L$5:Ljava/lang/Object;
smali_classes2\io\ktor\client\plugins\HttpRequestRetryKt$HttpRequestRetry$2$1.smali	919	    iput-object p1, p0, Lio/ktor/client/plugins/HttpRequestRetryKt$HttpRequestRetry$2$1;->L$6:Ljava/lang/Object;
smali_classes2\io\ktor\client\plugins\HttpRequestRetryKt$HttpRequestRetry$2$1.smali	923	    iput v3, p0, Lio/ktor/client/plugins/HttpRequestRetryKt$HttpRequestRetry$2$1;->I$0:I
smali_classes2\io\ktor\client\plugins\HttpRequestRetryKt$HttpRequestRetry$2$1.smali	927	    iput v0, p0, Lio/ktor/client/plugins/HttpRequestRetryKt$HttpRequestRetry$2$1;->I$1:I
smali_classes2\io\ktor\client\plugins\HttpRequestRetryKt$HttpRequestRetry$2$1.smali	931	    iput v1, p0, Lio/ktor/client/plugins/HttpRequestRetryKt$HttpRequestRetry$2$1;->label:I
smali_classes2\io\ktor\client\plugins\HttpRequestRetryKt$HttpRequestRetry$2$1.smali	954	    sget-object p1, Lio/ktor/client/plugins/飘花落叶言子楪哲兰世苏;->飘花落叶言子楪世苏哲兰:L飘花落叶言苏楪世子兰哲/飘花落叶言子楪世苏兰哲;
smali_classes2\io\ktor\client\plugins\HttpRequestRetryKt$HttpRequestRetry$2$1.smali	962	    new-instance p1, Lio/ktor/client/plugins/飘花落叶言子楪兰世哲苏;
smali_classes2\io\ktor\client\plugins\HttpRequestTimeoutException.smali	1	.class public final Lio/ktor/client/plugins/HttpRequestTimeoutException;
smali_classes2\io\ktor\client\plugins\HttpRequestTimeoutException.smali	22	        "Lio/ktor/client/plugins/HttpRequestTimeoutException;",
smali_classes2\io\ktor\client\plugins\HttpRequestTimeoutException.smali	40	        "()Lio/ktor/client/plugins/HttpRequestTimeoutException;",
smali_classes2\io\ktor\client\plugins\HttpRequestTimeoutException.smali	103	    iput-object p1, p0, Lio/ktor/client/plugins/HttpRequestTimeoutException;->url:Ljava/lang/String;
smali_classes2\io\ktor\client\plugins\HttpRequestTimeoutException.smali	106	    iput-object p2, p0, Lio/ktor/client/plugins/HttpRequestTimeoutException;->timeoutMillis:Ljava/lang/Long;
smali_classes2\io\ktor\client\plugins\HttpRequestTimeoutException.smali	122	    invoke-direct {p0, p1, p2, p3}, Lio/ktor/client/plugins/HttpRequestTimeoutException;-><init>(Ljava/lang/String;Ljava/lang/Long;Ljava/lang/Throwable;)V
smali_classes2\io\ktor\client\plugins\HttpRequestTimeoutException.smali	143	    check-cast p1, Lio/ktor/client/plugins/飘花落叶言子楪兰哲苏世;
smali_classes2\io\ktor\client\plugins\HttpRequestTimeoutException.smali	148	    iget-object p1, p1, Lio/ktor/client/plugins/飘花落叶言子楪兰哲苏世;->飘花落叶言子楪世苏哲兰:Ljava/lang/Long;
smali_classes2\io\ktor\client\plugins\HttpRequestTimeoutException.smali	170	    invoke-direct/range {v1 .. v6}, Lio/ktor/client/plugins/HttpRequestTimeoutException;-><init>(Ljava/lang/String;Ljava/lang/Long;Ljava/lang/Throwable;ILkotlin/jvm/internal/飘花落叶言子楪世哲苏兰;)V
smali_classes2\io\ktor\client\plugins\HttpRequestTimeoutException.smali	246	    sget-object v1, Lio/ktor/client/plugins/飘花落叶言子楪兰哲世苏;->飘花落叶言子楪世苏哲兰:Lio/ktor/client/plugins/飘花落叶言子楪兰哲世苏;
smali_classes2\io\ktor\client\plugins\HttpRequestTimeoutException.smali	266	    check-cast p1, Lio/ktor/client/plugins/飘花落叶言子楪兰哲苏世;
smali_classes2\io\ktor\client\plugins\HttpRequestTimeoutException.smali	274	    iget-object v0, p1, Lio/ktor/client/plugins/飘花落叶言子楪兰哲苏世;->飘花落叶言子楪世苏哲兰:Ljava/lang/Long;
smali_classes2\io\ktor\client\plugins\HttpRequestTimeoutException.smali	294	    invoke-direct/range {v3 .. v8}, Lio/ktor/client/plugins/HttpRequestTimeoutException;-><init>(Ljava/lang/String;Ljava/lang/Long;Ljava/lang/Throwable;ILkotlin/jvm/internal/飘花落叶言子楪世哲苏兰;)V
smali_classes2\io\ktor\client\plugins\HttpRequestTimeoutException.smali	304	.method public createCopy()Lio/ktor/client/plugins/HttpRequestTimeoutException;
smali_classes2\io\ktor\client\plugins\HttpRequestTimeoutException.smali	308	    new-instance v0, Lio/ktor/client/plugins/HttpRequestTimeoutException;
smali_classes2\io\ktor\client\plugins\HttpRequestTimeoutException.smali	312	    iget-object v1, p0, Lio/ktor/client/plugins/HttpRequestTimeoutException;->url:Ljava/lang/String;
smali_classes2\io\ktor\client\plugins\HttpRequestTimeoutException.smali	316	    iget-object v2, p0, Lio/ktor/client/plugins/HttpRequestTimeoutException;->timeoutMillis:Ljava/lang/Long;
smali_classes2\io\ktor\client\plugins\HttpRequestTimeoutException.smali	328	    invoke-direct {v0, v1, v2, p0}, Lio/ktor/client/plugins/HttpRequestTimeoutException;-><init>(Ljava/lang/String;Ljava/lang/Long;Ljava/lang/Throwable;)V
smali_classes2\io\ktor\client\plugins\HttpRequestTimeoutException.smali	340	    invoke-virtual {p0}, Lio/ktor/client/plugins/HttpRequestTimeoutException;->createCopy()Lio/ktor/client/plugins/HttpRequestTimeoutException;
smali_classes2\io\ktor\client\plugins\HttpSend$DefaultSender$execute$1.smali	1	.class final Lio/ktor/client/plugins/HttpSend$DefaultSender$execute$1;
smali_classes2\io\ktor\client\plugins\HttpSend$DefaultSender$execute$1.smali	18	    c = "io.ktor.client.plugins.HttpSend$DefaultSender"
smali_classes2\io\ktor\client\plugins\HttpSend$DefaultSender$execute$1.smali	34	.field final synthetic this$0:Lio/ktor/client/plugins/飘花落叶言子楪兰苏世哲;
smali_classes2\io\ktor\client\plugins\HttpSend$DefaultSender$execute$1.smali	38	.method public constructor <init>(Lio/ktor/client/plugins/飘花落叶言子楪兰苏世哲;Lkotlin/coroutines/飘花落叶言子楪世哲苏兰;)V
smali_classes2\io\ktor\client\plugins\HttpSend$DefaultSender$execute$1.smali	43	            "Lio/ktor/client/plugins/\u98d8\u82b1\u843d\u53f6\u8a00\u5b50\u696a\u5170\u82cf\u4e16\u54f2;",
smali_classes2\io\ktor\client\plugins\HttpSend$DefaultSender$execute$1.smali	46	            "Lio/ktor/client/plugins/HttpSend$DefaultSender$execute$1;",
smali_classes2\io\ktor\client\plugins\HttpSend$DefaultSender$execute$1.smali	52	    iput-object p1, p0, Lio/ktor/client/plugins/HttpSend$DefaultSender$execute$1;->this$0:Lio/ktor/client/plugins/飘花落叶言子楪兰苏世哲;
smali_classes2\io\ktor\client\plugins\HttpSend$DefaultSender$execute$1.smali	70	    iput-object p1, p0, Lio/ktor/client/plugins/HttpSend$DefaultSender$execute$1;->result:Ljava/lang/Object;
smali_classes2\io\ktor\client\plugins\HttpSend$DefaultSender$execute$1.smali	74	    iget p1, p0, Lio/ktor/client/plugins/HttpSend$DefaultSender$execute$1;->label:I
smali_classes2\io\ktor\client\plugins\HttpSend$DefaultSender$execute$1.smali	85	    iput p1, p0, Lio/ktor/client/plugins/HttpSend$DefaultSender$execute$1;->label:I
smali_classes2\io\ktor\client\plugins\HttpSend$Plugin$install$1.smali	1	.class final Lio/ktor/client/plugins/HttpSend$Plugin$install$1;
smali_classes2\io\ktor\client\plugins\HttpSend$Plugin$install$1.smali	39	    c = "io.ktor.client.plugins.HttpSend$Plugin$install$1"
smali_classes2\io\ktor\client\plugins\HttpSend$Plugin$install$1.smali	50	.field final synthetic $plugin:Lio/ktor/client/plugins/飘花落叶言子楪兰苏哲世;
smali_classes2\io\ktor\client\plugins\HttpSend$Plugin$install$1.smali	62	.method public constructor <init>(Lio/ktor/client/plugins/飘花落叶言子楪兰苏哲世;Lio/ktor/client/飘花落叶言子楪世苏哲兰;Lkotlin/coroutines/飘花落叶言子楪世哲苏兰;)V
smali_classes2\io\ktor\client\plugins\HttpSend$Plugin$install$1.smali	67	            "Lio/ktor/client/plugins/\u98d8\u82b1\u843d\u53f6\u8a00\u5b50\u696a\u5170\u82cf\u54f2\u4e16;",
smali_classes2\io\ktor\client\plugins\HttpSend$Plugin$install$1.smali	71	            "Lio/ktor/client/plugins/HttpSend$Plugin$install$1;",
smali_classes2\io\ktor\client\plugins\HttpSend$Plugin$install$1.smali	106	    new-instance p0, Lio/ktor/client/plugins/HttpSend$Plugin$install$1;
smali_classes2\io\ktor\client\plugins\HttpSend$Plugin$install$1.smali	113	    invoke-direct {p0, v0, v0, p3}, Lio/ktor/client/plugins/HttpSend$Plugin$install$1;-><init>(Lio/ktor/client/plugins/飘花落叶言子楪兰苏哲世;Lio/ktor/client/飘花落叶言子楪世苏哲兰;Lkotlin/coroutines/飘花落叶言子楪世哲苏兰;)V
smali_classes2\io\ktor\client\plugins\HttpSend$Plugin$install$1.smali	118	    iput-object p1, p0, Lio/ktor/client/plugins/HttpSend$Plugin$install$1;->L$0:Ljava/lang/Object;
smali_classes2\io\ktor\client\plugins\HttpSend$Plugin$install$1.smali	122	    iput-object p2, p0, Lio/ktor/client/plugins/HttpSend$Plugin$install$1;->L$1:Ljava/lang/Object;
smali_classes2\io\ktor\client\plugins\HttpSend$Plugin$install$1.smali	130	    invoke-virtual {p0, p1}, Lio/ktor/client/plugins/HttpSend$Plugin$install$1;->invokeSuspend(Ljava/lang/Object;)Ljava/lang/Object;
smali_classes2\io\ktor\client\plugins\HttpSend$Plugin$install$1.smali	149	    invoke-virtual {p0, p1, p2, p3}, Lio/ktor/client/plugins/HttpSend$Plugin$install$1;->invoke(Lio/ktor/util/pipeline/飘花落叶言子楪世哲兰苏;Ljava/lang/Object;Lkotlin/coroutines/飘花落叶言子楪世哲苏兰;)Ljava/lang/Object;
smali_classes2\io\ktor\client\plugins\HttpSend$Plugin$install$1.smali	164	    iget v1, p0, Lio/ktor/client/plugins/HttpSend$Plugin$install$1;->label:I
smali_classes2\io\ktor\client\plugins\HttpSend$Plugin$install$1.smali	211	    iget-object v1, p0, Lio/ktor/client/plugins/HttpSend$Plugin$install$1;->L$0:Ljava/lang/Object;
smali_classes2\io\ktor\client\plugins\HttpSend$Plugin$install$1.smali	228	    iput-object v2, p0, Lio/ktor/client/plugins/HttpSend$Plugin$install$1;->L$0:Ljava/lang/Object;
smali_classes2\io\ktor\client\plugins\HttpSend$Plugin$install$1.smali	232	    iput v3, p0, Lio/ktor/client/plugins/HttpSend$Plugin$install$1;->label:I
smali_classes2\io\ktor\client\plugins\HttpSend$Plugin$install$1.smali	266	    iget-object p1, p0, Lio/ktor/client/plugins/HttpSend$Plugin$install$1;->L$0:Ljava/lang/Object;
smali_classes2\io\ktor\client\plugins\HttpSend$Plugin$install$1.smali	274	    iget-object p0, p0, Lio/ktor/client/plugins/HttpSend$Plugin$install$1;->L$1:Ljava/lang/Object;
smali_classes2\io\ktor\client\plugins\HttpSend$Plugin$install$1.smali	354	    const-string p0, ".\n|\n|If you expect serialized body, please check that you have installed the corresponding plugin(like `ContentNegotiation`) and set `Content-Type` header."
smali_classes2\io\ktor\client\plugins\HttpSend$Plugin$install$1.smali	379	    invoke-static {p0}, Ltop/suzhelan/qstory/hook/item/飘花落叶言子楪哲苏兰世;->飘花落叶言子楪世哲苏兰(Ljava/lang/Object;)V
smali_classes2\io\ktor\client\plugins\HttpSend$Plugin$install$1.smali	410	    sget p0, Lio/ktor/client/plugins/飘花落叶言子楪兰苏哲世;->飘花落叶言子楪世苏哲兰:I
smali_classes2\io\ktor\client\plugins\HttpTimeoutKt$HttpTimeout$1.smali	1	.class final synthetic Lio/ktor/client/plugins/HttpTimeoutKt$HttpTimeout$1;
smali_classes2\io\ktor\client\plugins\HttpTimeoutKt$HttpTimeout$1.smali	29	.field public static final INSTANCE:Lio/ktor/client/plugins/HttpTimeoutKt$HttpTimeout$1;
smali_classes2\io\ktor\client\plugins\HttpTimeoutKt$HttpTimeout$1.smali	37	    new-instance v0, Lio/ktor/client/plugins/HttpTimeoutKt$HttpTimeout$1;
smali_classes2\io\ktor\client\plugins\HttpTimeoutKt$HttpTimeout$1.smali	41	    invoke-direct {v0}, Lio/ktor/client/plugins/HttpTimeoutKt$HttpTimeout$1;-><init>()V
smali_classes2\io\ktor\client\plugins\HttpTimeoutKt$HttpTimeout$1.smali	46	    sput-object v0, Lio/ktor/client/plugins/HttpTimeoutKt$HttpTimeout$1;->INSTANCE:Lio/ktor/client/plugins/HttpTimeoutKt$HttpTimeout$1;
smali_classes2\io\ktor\client\plugins\HttpTimeoutKt$HttpTimeout$1.smali	67	    const-class v2, Lio/ktor/client/plugins/飘花落叶言子楪兰哲苏世;
smali_classes2\io\ktor\client\plugins\HttpTimeoutKt$HttpTimeout$1.smali	88	.method public final invoke()Lio/ktor/client/plugins/飘花落叶言子楪兰哲苏世;
smali_classes2\io\ktor\client\plugins\HttpTimeoutKt$HttpTimeout$1.smali	92	    new-instance p0, Lio/ktor/client/plugins/飘花落叶言子楪兰哲苏世;
smali_classes2\io\ktor\client\plugins\HttpTimeoutKt$HttpTimeout$1.smali	96	    invoke-direct {p0}, Lio/ktor/client/plugins/飘花落叶言子楪兰哲苏世;-><init>()V
smali_classes2\io\ktor\client\plugins\HttpTimeoutKt$HttpTimeout$1.smali	108	    invoke-virtual {p0}, Lio/ktor/client/plugins/HttpTimeoutKt$HttpTimeout$1;->invoke()Lio/ktor/client/plugins/飘花落叶言子楪兰哲苏世;
smali_classes2\io\ktor\client\plugins\HttpTimeoutKt$HttpTimeout$2$1$1$killer$1.smali	1	.class final Lio/ktor/client/plugins/HttpTimeoutKt$HttpTimeout$2$1$1$killer$1;
smali_classes2\io\ktor\client\plugins\HttpTimeoutKt$HttpTimeout$2$1$1$killer$1.smali	11	    value = Lio/ktor/client/plugins/HttpTimeoutKt$HttpTimeout$2$1;->invokeSuspend(Ljava/lang/Object;)Ljava/lang/Object;
smali_classes2\io\ktor\client\plugins\HttpTimeoutKt$HttpTimeout$2$1$1$killer$1.smali	45	    c = "io.ktor.client.plugins.HttpTimeoutKt$HttpTimeout$2$1$1$killer$1"
smali_classes2\io\ktor\client\plugins\HttpTimeoutKt$HttpTimeout$2$1$1$killer$1.smali	75	            "Lio/ktor/client/plugins/HttpTimeoutKt$HttpTimeout$2$1$1$killer$1;",
smali_classes2\io\ktor\client\plugins\HttpTimeoutKt$HttpTimeout$2$1$1$killer$1.smali	81	    iput-object p1, p0, Lio/ktor/client/plugins/HttpTimeoutKt$HttpTimeout$2$1$1$killer$1;->$requestTimeout:Ljava/lang/Long;
smali_classes2\io\ktor\client\plugins\HttpTimeoutKt$HttpTimeout$2$1$1$killer$1.smali	85	    iput-object p2, p0, Lio/ktor/client/plugins/HttpTimeoutKt$HttpTimeout$2$1$1$killer$1;->$request:L飘花落叶言楪兰苏子世哲/飘花落叶言子楪世苏兰哲;
smali_classes2\io\ktor\client\plugins\HttpTimeoutKt$HttpTimeout$2$1$1$killer$1.smali	89	    iput-object p3, p0, Lio/ktor/client/plugins/HttpTimeoutKt$HttpTimeout$2$1$1$killer$1;->$executionContext:Lkotlinx/coroutines/飘花落叶言子苏世兰楪哲;
smali_classes2\io\ktor\client\plugins\HttpTimeoutKt$HttpTimeout$2$1$1$killer$1.smali	121	    new-instance p1, Lio/ktor/client/plugins/HttpTimeoutKt$HttpTimeout$2$1$1$killer$1;
smali_classes2\io\ktor\client\plugins\HttpTimeoutKt$HttpTimeout$2$1$1$killer$1.smali	125	    iget-object v0, p0, Lio/ktor/client/plugins/HttpTimeoutKt$HttpTimeout$2$1$1$killer$1;->$requestTimeout:Ljava/lang/Long;
smali_classes2\io\ktor\client\plugins\HttpTimeoutKt$HttpTimeout$2$1$1$killer$1.smali	129	    iget-object v1, p0, Lio/ktor/client/plugins/HttpTimeoutKt$HttpTimeout$2$1$1$killer$1;->$request:L飘花落叶言楪兰苏子世哲/飘花落叶言子楪世苏兰哲;
smali_classes2\io\ktor\client\plugins\HttpTimeoutKt$HttpTimeout$2$1$1$killer$1.smali	133	    iget-object p0, p0, Lio/ktor/client/plugins/HttpTimeoutKt$HttpTimeout$2$1$1$killer$1;->$executionContext:Lkotlinx/coroutines/飘花落叶言子苏世兰楪哲;
smali_classes2\io\ktor\client\plugins\HttpTimeoutKt$HttpTimeout$2$1$1$killer$1.smali	137	    invoke-direct {p1, v0, v1, p0, p2}, Lio/ktor/client/plugins/HttpTimeoutKt$HttpTimeout$2$1$1$killer$1;-><init>(Ljava/lang/Long;L飘花落叶言楪兰苏子世哲/飘花落叶言子楪世苏兰哲;Lkotlinx/coroutines/飘花落叶言子苏世兰楪哲;Lkotlin/coroutines/飘花落叶言子楪世哲苏兰;)V
smali_classes2\io\ktor\client\plugins\HttpTimeoutKt$HttpTimeout$2$1$1$killer$1.smali	153	    invoke-virtual {p0, p1, p2}, Lio/ktor/client/plugins/HttpTimeoutKt$HttpTimeout$2$1$1$killer$1;->invoke(Lkotlinx/coroutines/飘花落叶言子世楪哲兰苏;Lkotlin/coroutines/飘花落叶言子楪世哲苏兰;)Ljava/lang/Object;
smali_classes2\io\ktor\client\plugins\HttpTimeoutKt$HttpTimeout$2$1$1$killer$1.smali	175	    invoke-virtual {p0, p1, p2}, Lio/ktor/client/plugins/HttpTimeoutKt$HttpTimeout$2$1$1$killer$1;->create(Ljava/lang/Object;Lkotlin/coroutines/飘花落叶言子楪世哲苏兰;)Lkotlin/coroutines/飘花落叶言子楪世哲苏兰;
smali_classes2\io\ktor\client\plugins\HttpTimeoutKt$HttpTimeout$2$1$1$killer$1.smali	183	    check-cast p0, Lio/ktor/client/plugins/HttpTimeoutKt$HttpTimeout$2$1$1$killer$1;
smali_classes2\io\ktor\client\plugins\HttpTimeoutKt$HttpTimeout$2$1$1$killer$1.smali	191	    invoke-virtual {p0, p1}, Lio/ktor/client/plugins/HttpTimeoutKt$HttpTimeout$2$1$1$killer$1;->invokeSuspend(Ljava/lang/Object;)Ljava/lang/Object;
smali_classes2\io\ktor\client\plugins\HttpTimeoutKt$HttpTimeout$2$1$1$killer$1.smali	210	    iget v1, p0, Lio/ktor/client/plugins/HttpTimeoutKt$HttpTimeout$2$1$1$killer$1;->label:I
smali_classes2\io\ktor\client\plugins\HttpTimeoutKt$HttpTimeout$2$1$1$killer$1.smali	255	    iget-object p1, p0, Lio/ktor/client/plugins/HttpTimeoutKt$HttpTimeout$2$1$1$killer$1;->$requestTimeout:Ljava/lang/Long;
smali_classes2\io\ktor\client\plugins\HttpTimeoutKt$HttpTimeout$2$1$1$killer$1.smali	267	    iput v2, p0, Lio/ktor/client/plugins/HttpTimeoutKt$HttpTimeout$2$1$1$killer$1;->label:I
smali_classes2\io\ktor\client\plugins\HttpTimeoutKt$HttpTimeout$2$1$1$killer$1.smali	288	    new-instance p1, Lio/ktor/client/plugins/HttpRequestTimeoutException;
smali_classes2\io\ktor\client\plugins\HttpTimeoutKt$HttpTimeout$2$1$1$killer$1.smali	292	    iget-object v0, p0, Lio/ktor/client/plugins/HttpTimeoutKt$HttpTimeout$2$1$1$killer$1;->$request:L飘花落叶言楪兰苏子世哲/飘花落叶言子楪世苏兰哲;
smali_classes2\io\ktor\client\plugins\HttpTimeoutKt$HttpTimeout$2$1$1$killer$1.smali	296	    invoke-direct {p1, v0}, Lio/ktor/client/plugins/HttpRequestTimeoutException;-><init>(L飘花落叶言楪兰苏子世哲/飘花落叶言子楪世苏兰哲;)V
smali_classes2\io\ktor\client\plugins\HttpTimeoutKt$HttpTimeout$2$1$1$killer$1.smali	301	    sget-object v0, Lio/ktor/client/plugins/飘花落叶言子世楪苏兰哲;->飘花落叶言子楪世苏哲兰:L飘花落叶言苏楪世子兰哲/飘花落叶言子楪世苏兰哲;
smali_classes2\io\ktor\client\plugins\HttpTimeoutKt$HttpTimeout$2$1$1$killer$1.smali	318	    iget-object v2, p0, Lio/ktor/client/plugins/HttpTimeoutKt$HttpTimeout$2$1$1$killer$1;->$request:L飘花落叶言楪兰苏子世哲/飘花落叶言子楪世苏兰哲;
smali_classes2\io\ktor\client\plugins\HttpTimeoutKt$HttpTimeout$2$1$1$killer$1.smali	344	    iget-object p0, p0, Lio/ktor/client/plugins/HttpTimeoutKt$HttpTimeout$2$1$1$killer$1;->$executionContext:Lkotlinx/coroutines/飘花落叶言子苏世兰楪哲;
smali_classes2\io\ktor\client\plugins\HttpTimeoutKt$HttpTimeout$2$1.smali	1	.class final Lio/ktor/client/plugins/HttpTimeoutKt$HttpTimeout$2$1;
smali_classes2\io\ktor\client\plugins\HttpTimeoutKt$HttpTimeout$2$1.smali	22	        "Lio/ktor/client/plugins/api/\u98d8\u82b1\u843d\u53f6\u8a00\u5b50\u696a\u4e16\u5170\u82cf\u54f2;",
smali_classes2\io\ktor\client\plugins\HttpTimeoutKt$HttpTimeout$2$1.smali	27	        "(Lio/ktor/client/plugins/api/\u98d8\u82b1\u843d\u53f6\u8a00\u5b50\u696a\u4e16\u5170\u82cf\u54f2;L\u98d8\u82b1\u843d\u53f6\u8a00\u696a\u5170\u82cf\u5b50\u4e16\u54f2/\u98d8\u82b1\u843d\u53f6\u8a00\u5b50\u696a\u4e16\u82cf\u5170\u54f2;)Lio/ktor/client/call/\u98d8\u82b1\u843d\u53f6\u8a00\u5b50\u696a\u4e16\u82cf\u54f2\u5170;"
smali_classes2\io\ktor\client\plugins\HttpTimeoutKt$HttpTimeout$2$1.smali	38	    c = "io.ktor.client.plugins.HttpTimeoutKt$HttpTimeout$2$1"
smali_classes2\io\ktor\client\plugins\HttpTimeoutKt$HttpTimeout$2$1.smali	73	            "Lio/ktor/client/plugins/HttpTimeoutKt$HttpTimeout$2$1;",
smali_classes2\io\ktor\client\plugins\HttpTimeoutKt$HttpTimeout$2$1.smali	79	    iput-object p1, p0, Lio/ktor/client/plugins/HttpTimeoutKt$HttpTimeout$2$1;->$requestTimeoutMillis:Ljava/lang/Long;
smali_classes2\io\ktor\client\plugins\HttpTimeoutKt$HttpTimeout$2$1.smali	83	    iput-object p2, p0, Lio/ktor/client/plugins/HttpTimeoutKt$HttpTimeout$2$1;->$connectTimeoutMillis:Ljava/lang/Long;
smali_classes2\io\ktor\client\plugins\HttpTimeoutKt$HttpTimeout$2$1.smali	87	    iput-object p3, p0, Lio/ktor/client/plugins/HttpTimeoutKt$HttpTimeout$2$1;->$socketTimeoutMillis:Ljava/lang/Long;
smali_classes2\io\ktor\client\plugins\HttpTimeoutKt$HttpTimeout$2$1.smali	125	    invoke-static {p0, p1}, Lio/ktor/client/plugins/HttpTimeoutKt$HttpTimeout$2$1;->invokeSuspend$lambda$1$lambda$0(Lkotlinx/coroutines/飘花落叶言子苏世兰楪哲;Ljava/lang/Throwable;)Lkotlin/飘花落叶言子楪兰苏哲世;
smali_classes2\io\ktor\client\plugins\HttpTimeoutKt$HttpTimeout$2$1.smali	138	.method public final invoke(Lio/ktor/client/plugins/api/飘花落叶言子楪世兰苏哲;L飘花落叶言楪兰苏子世哲/飘花落叶言子楪世苏兰哲;Lkotlin/coroutines/飘花落叶言子楪世哲苏兰;)Ljava/lang/Object;
smali_classes2\io\ktor\client\plugins\HttpTimeoutKt$HttpTimeout$2$1.smali	143	            "Lio/ktor/client/plugins/api/\u98d8\u82b1\u843d\u53f6\u8a00\u5b50\u696a\u4e16\u5170\u82cf\u54f2;",
smali_classes2\io\ktor\client\plugins\HttpTimeoutKt$HttpTimeout$2$1.smali	154	    new-instance v0, Lio/ktor/client/plugins/HttpTimeoutKt$HttpTimeout$2$1;
smali_classes2\io\ktor\client\plugins\HttpTimeoutKt$HttpTimeout$2$1.smali	158	    iget-object v1, p0, Lio/ktor/client/plugins/HttpTimeoutKt$HttpTimeout$2$1;->$requestTimeoutMillis:Ljava/lang/Long;
smali_classes2\io\ktor\client\plugins\HttpTimeoutKt$HttpTimeout$2$1.smali	162	    iget-object v2, p0, Lio/ktor/client/plugins/HttpTimeoutKt$HttpTimeout$2$1;->$connectTimeoutMillis:Ljava/lang/Long;
smali_classes2\io\ktor\client\plugins\HttpTimeoutKt$HttpTimeout$2$1.smali	166	    iget-object p0, p0, Lio/ktor/client/plugins/HttpTimeoutKt$HttpTimeout$2$1;->$socketTimeoutMillis:Ljava/lang/Long;
smali_classes2\io\ktor\client\plugins\HttpTimeoutKt$HttpTimeout$2$1.smali	170	    invoke-direct {v0, v1, v2, p0, p3}, Lio/ktor/client/plugins/HttpTimeoutKt$HttpTimeout$2$1;-><init>(Ljava/lang/Long;Ljava/lang/Long;Ljava/lang/Long;Lkotlin/coroutines/飘花落叶言子楪世哲苏兰;)V
smali_classes2\io\ktor\client\plugins\HttpTimeoutKt$HttpTimeout$2$1.smali	175	    iput-object p1, v0, Lio/ktor/client/plugins/HttpTimeoutKt$HttpTimeout$2$1;->L$0:Ljava/lang/Object;
smali_classes2\io\ktor\client\plugins\HttpTimeoutKt$HttpTimeout$2$1.smali	179	    iput-object p2, v0, Lio/ktor/client/plugins/HttpTimeoutKt$HttpTimeout$2$1;->L$1:Ljava/lang/Object;
smali_classes2\io\ktor\client\plugins\HttpTimeoutKt$HttpTimeout$2$1.smali	187	    invoke-virtual {v0, p0}, Lio/ktor/client/plugins/HttpTimeoutKt$HttpTimeout$2$1;->invokeSuspend(Ljava/lang/Object;)Ljava/lang/Object;
smali_classes2\io\ktor\client\plugins\HttpTimeoutKt$HttpTimeout$2$1.smali	202	    check-cast p1, Lio/ktor/client/plugins/api/飘花落叶言子楪世兰苏哲;
smali_classes2\io\ktor\client\plugins\HttpTimeoutKt$HttpTimeout$2$1.smali	208	    invoke-virtual {p0, p1, p2, p3}, Lio/ktor/client/plugins/HttpTimeoutKt$HttpTimeout$2$1;->invoke(Lio/ktor/client/plugins/api/飘花落叶言子楪世兰苏哲;L飘花落叶言楪兰苏子世哲/飘花落叶言子楪世苏兰哲;Lkotlin/coroutines/飘花落叶言子楪世哲苏兰;)Ljava/lang/Object;
smali_classes2\io\ktor\client\plugins\HttpTimeoutKt$HttpTimeout$2$1.smali	223	    iget v0, p0, Lio/ktor/client/plugins/HttpTimeoutKt$HttpTimeout$2$1;->label:I
smali_classes2\io\ktor\client\plugins\HttpTimeoutKt$HttpTimeout$2$1.smali	284	    iget-object p1, p0, Lio/ktor/client/plugins/HttpTimeoutKt$HttpTimeout$2$1;->L$0:Ljava/lang/Object;
smali_classes2\io\ktor\client\plugins\HttpTimeoutKt$HttpTimeout$2$1.smali	292	    iget-object p1, p0, Lio/ktor/client/plugins/HttpTimeoutKt$HttpTimeout$2$1;->L$1:Ljava/lang/Object;
smali_classes2\io\ktor\client\plugins\HttpTimeoutKt$HttpTimeout$2$1.smali	357	    instance-of v4, v0, Lio/ktor/client/plugins/websocket/飘花落叶言子楪世苏兰哲;
smali_classes2\io\ktor\client\plugins\HttpTimeoutKt$HttpTimeout$2$1.smali	365	    instance-of v0, v0, Lio/ktor/client/plugins/sse/飘花落叶言子楪世哲兰苏;
smali_classes2\io\ktor\client\plugins\HttpTimeoutKt$HttpTimeout$2$1.smali	393	    sget-object v2, Lio/ktor/client/plugins/飘花落叶言子楪兰哲世苏;->飘花落叶言子楪世苏哲兰:Lio/ktor/client/plugins/飘花落叶言子楪兰哲世苏;
smali_classes2\io\ktor\client\plugins\HttpTimeoutKt$HttpTimeout$2$1.smali	417	    check-cast v0, Lio/ktor/client/plugins/飘花落叶言子楪兰哲苏世;
smali_classes2\io\ktor\client\plugins\HttpTimeoutKt$HttpTimeout$2$1.smali	425	    iget-object v4, p0, Lio/ktor/client/plugins/HttpTimeoutKt$HttpTimeout$2$1;->$requestTimeoutMillis:Ljava/lang/Long;
smali_classes2\io\ktor\client\plugins\HttpTimeoutKt$HttpTimeout$2$1.smali	429	    iget-object v5, p0, Lio/ktor/client/plugins/HttpTimeoutKt$HttpTimeout$2$1;->$connectTimeoutMillis:Ljava/lang/Long;
smali_classes2\io\ktor\client\plugins\HttpTimeoutKt$HttpTimeout$2$1.smali	433	    iget-object v6, p0, Lio/ktor/client/plugins/HttpTimeoutKt$HttpTimeout$2$1;->$socketTimeoutMillis:Ljava/lang/Long;
smali_classes2\io\ktor\client\plugins\HttpTimeoutKt$HttpTimeout$2$1.smali	437	    sget-object v7, Lio/ktor/client/plugins/飘花落叶言子世楪苏兰哲;->飘花落叶言子楪世苏哲兰:L飘花落叶言苏楪世子兰哲/飘花落叶言子楪世苏兰哲;
smali_classes2\io\ktor\client\plugins\HttpTimeoutKt$HttpTimeout$2$1.smali	454	    new-instance v0, Lio/ktor/client/plugins/飘花落叶言子楪兰哲苏世;
smali_classes2\io\ktor\client\plugins\HttpTimeoutKt$HttpTimeout$2$1.smali	458	    invoke-direct {v0}, Lio/ktor/client/plugins/飘花落叶言子楪兰哲苏世;-><init>()V
smali_classes2\io\ktor\client\plugins\HttpTimeoutKt$HttpTimeout$2$1.smali	473	    iget-object v2, p0, Lio/ktor/client/plugins/HttpTimeoutKt$HttpTimeout$2$1;->$connectTimeoutMillis:Ljava/lang/Long;
smali_classes2\io\ktor\client\plugins\HttpTimeoutKt$HttpTimeout$2$1.smali	477	    iget-object v4, p0, Lio/ktor/client/plugins/HttpTimeoutKt$HttpTimeout$2$1;->$socketTimeoutMillis:Ljava/lang/Long;
smali_classes2\io\ktor\client\plugins\HttpTimeoutKt$HttpTimeout$2$1.smali	481	    iget-object v5, p0, Lio/ktor/client/plugins/HttpTimeoutKt$HttpTimeout$2$1;->$requestTimeoutMillis:Ljava/lang/Long;
smali_classes2\io\ktor\client\plugins\HttpTimeoutKt$HttpTimeout$2$1.smali	485	    iget-object v6, v0, Lio/ktor/client/plugins/飘花落叶言子楪兰哲苏世;->飘花落叶言子楪世苏兰哲:Ljava/lang/Long;
smali_classes2\io\ktor\client\plugins\HttpTimeoutKt$HttpTimeout$2$1.smali	501	    invoke-static {v2}, Lio/ktor/client/plugins/飘花落叶言子楪兰哲苏世;->飘花落叶言子楪世苏哲兰(Ljava/lang/Long;)V
smali_classes2\io\ktor\client\plugins\HttpTimeoutKt$HttpTimeout$2$1.smali	506	    iput-object v2, v0, Lio/ktor/client/plugins/飘花落叶言子楪兰哲苏世;->飘花落叶言子楪世苏兰哲:Ljava/lang/Long;
smali_classes2\io\ktor\client\plugins\HttpTimeoutKt$HttpTimeout$2$1.smali	510	    iget-object v2, v0, Lio/ktor/client/plugins/飘花落叶言子楪兰哲苏世;->飘花落叶言子楪世哲苏兰:Ljava/lang/Long;
smali_classes2\io\ktor\client\plugins\HttpTimeoutKt$HttpTimeout$2$1.smali	526	    invoke-static {v4}, Lio/ktor/client/plugins/飘花落叶言子楪兰哲苏世;->飘花落叶言子楪世苏哲兰(Ljava/lang/Long;)V
smali_classes2\io\ktor\client\plugins\HttpTimeoutKt$HttpTimeout$2$1.smali	531	    iput-object v4, v0, Lio/ktor/client/plugins/飘花落叶言子楪兰哲苏世;->飘花落叶言子楪世哲苏兰:Ljava/lang/Long;
smali_classes2\io\ktor\client\plugins\HttpTimeoutKt$HttpTimeout$2$1.smali	535	    iget-object v2, v0, Lio/ktor/client/plugins/飘花落叶言子楪兰哲苏世;->飘花落叶言子楪世苏哲兰:Ljava/lang/Long;
smali_classes2\io\ktor\client\plugins\HttpTimeoutKt$HttpTimeout$2$1.smali	551	    invoke-static {v5}, Lio/ktor/client/plugins/飘花落叶言子楪兰哲苏世;->飘花落叶言子楪世苏哲兰(Ljava/lang/Long;)V
smali_classes2\io\ktor\client\plugins\HttpTimeoutKt$HttpTimeout$2$1.smali	556	    iput-object v5, v0, Lio/ktor/client/plugins/飘花落叶言子楪兰哲苏世;->飘花落叶言子楪世苏哲兰:Ljava/lang/Long;
smali_classes2\io\ktor\client\plugins\HttpTimeoutKt$HttpTimeout$2$1.smali	595	    new-instance v2, Lio/ktor/client/plugins/HttpTimeoutKt$HttpTimeout$2$1$1$killer$1;
smali_classes2\io\ktor\client\plugins\HttpTimeoutKt$HttpTimeout$2$1.smali	599	    invoke-direct {v2, v5, p1, v0, v3}, Lio/ktor/client/plugins/HttpTimeoutKt$HttpTimeout$2$1$1$killer$1;-><init>(Ljava/lang/Long;L飘花落叶言楪兰苏子世哲/飘花落叶言子楪世苏兰哲;Lkotlinx/coroutines/飘花落叶言子苏世兰楪哲;Lkotlin/coroutines/飘花落叶言子楪世哲苏兰;)V
smali_classes2\io\ktor\client\plugins\HttpTimeoutKt$HttpTimeout$2$1.smali	619	    new-instance v2, Lio/ktor/client/plugins/飘花落叶言子世楪苏哲兰;
smali_classes2\io\ktor\client\plugins\HttpTimeoutKt$HttpTimeout$2$1.smali	626	    invoke-direct {v2, v0, v4}, Lio/ktor/client/plugins/飘花落叶言子世楪苏哲兰;-><init>(Ljava/lang/Object;I)V
smali_classes2\io\ktor\client\plugins\HttpTimeoutKt$HttpTimeout$2$1.smali	638	    iput-object v3, p0, Lio/ktor/client/plugins/HttpTimeoutKt$HttpTimeout$2$1;->L$0:Ljava/lang/Object;
smali_classes2\io\ktor\client\plugins\HttpTimeoutKt$HttpTimeout$2$1.smali	642	    iput v1, p0, Lio/ktor/client/plugins/HttpTimeoutKt$HttpTimeout$2$1;->label:I
smali_classes2\io\ktor\client\plugins\HttpTimeoutKt$HttpTimeout$2$1.smali	650	    iput-object v3, p0, Lio/ktor/client/plugins/HttpTimeoutKt$HttpTimeout$2$1;->L$0:Ljava/lang/Object;
smali_classes2\io\ktor\client\plugins\HttpTimeoutKt$HttpTimeout$2$1.smali	654	    iput v2, p0, Lio/ktor/client/plugins/HttpTimeoutKt$HttpTimeout$2$1;->label:I
smali_classes2\io\ktor\client\plugins\ReceiveError$install$1.smali	1	.class final Lio/ktor/client/plugins/ReceiveError$install$1;
smali_classes2\io\ktor\client\plugins\ReceiveError$install$1.smali	39	    c = "io.ktor.client.plugins.ReceiveError$install$1"
smali_classes2\io\ktor\client\plugins\ReceiveError$install$1.smali	72	            "Lio/ktor/client/plugins/ReceiveError$install$1;",
smali_classes2\io\ktor\client\plugins\ReceiveError$install$1.smali	78	    iput-object p1, p0, Lio/ktor/client/plugins/ReceiveError$install$1;->$handler:L飘花落叶言世子哲兰苏楪/飘花落叶言子楪哲兰世苏;
smali_classes2\io\ktor\client\plugins\ReceiveError$install$1.smali	111	    new-instance p2, Lio/ktor/client/plugins/ReceiveError$install$1;
smali_classes2\io\ktor\client\plugins\ReceiveError$install$1.smali	115	    iget-object p0, p0, Lio/ktor/client/plugins/ReceiveError$install$1;->$handler:L飘花落叶言世子哲兰苏楪/飘花落叶言子楪哲兰世苏;
smali_classes2\io\ktor\client\plugins\ReceiveError$install$1.smali	119	    invoke-direct {p2, p0, p3}, Lio/ktor/client/plugins/ReceiveError$install$1;-><init>(L飘花落叶言世子哲兰苏楪/飘花落叶言子楪哲兰世苏;Lkotlin/coroutines/飘花落叶言子楪世哲苏兰;)V
smali_classes2\io\ktor\client\plugins\ReceiveError$install$1.smali	124	    iput-object p1, p2, Lio/ktor/client/plugins/ReceiveError$install$1;->L$0:Ljava/lang/Object;
smali_classes2\io\ktor\client\plugins\ReceiveError$install$1.smali	132	    invoke-virtual {p2, p0}, Lio/ktor/client/plugins/ReceiveError$install$1;->invokeSuspend(Ljava/lang/Object;)Ljava/lang/Object;
smali_classes2\io\ktor\client\plugins\ReceiveError$install$1.smali	153	    invoke-virtual {p0, p1, p2, p3}, Lio/ktor/client/plugins/ReceiveError$install$1;->invoke(Lio/ktor/util/pipeline/飘花落叶言子楪世哲兰苏;Lio/ktor/client/statement/飘花落叶言子楪世苏兰哲;Lkotlin/coroutines/飘花落叶言子楪世哲苏兰;)Ljava/lang/Object;
smali_classes2\io\ktor\client\plugins\ReceiveError$install$1.smali	168	    iget v1, p0, Lio/ktor/client/plugins/ReceiveError$install$1;->label:I
smali_classes2\io\ktor\client\plugins\ReceiveError$install$1.smali	227	    iget-object p0, p0, Lio/ktor/client/plugins/ReceiveError$install$1;->L$0:Ljava/lang/Object;
smali_classes2\io\ktor\client\plugins\ReceiveError$install$1.smali	252	    iget-object p1, p0, Lio/ktor/client/plugins/ReceiveError$install$1;->L$0:Ljava/lang/Object;
smali_classes2\io\ktor\client\plugins\ReceiveError$install$1.smali	261	    iput-object p1, p0, Lio/ktor/client/plugins/ReceiveError$install$1;->L$0:Ljava/lang/Object;
smali_classes2\io\ktor\client\plugins\ReceiveError$install$1.smali	265	    iput v3, p0, Lio/ktor/client/plugins/ReceiveError$install$1;->label:I
smali_classes2\io\ktor\client\plugins\RedirectResponseException.smali	1	.class public final Lio/ktor/client/plugins/RedirectResponseException;
smali_classes2\io\ktor\client\plugins\RedirectResponseException.smali	2	.super Lio/ktor/client/plugins/ResponseException;
smali_classes2\io\ktor\client\plugins\RedirectResponseException.smali	12	        "Lio/ktor/client/plugins/RedirectResponseException;",
smali_classes2\io\ktor\client\plugins\RedirectResponseException.smali	13	        "Lio/ktor/client/plugins/ResponseException;",
smali_classes2\io\ktor\client\plugins\RedirectResponseException.smali	57	    iget-object p0, p0, Lio/ktor/client/plugins/RedirectResponseException;->message:Ljava/lang/String;
smali_classes2\io\ktor\client\plugins\RenderRequestHook$install$1.smali	1	.class final Lio/ktor/client/plugins/RenderRequestHook$install$1;
smali_classes2\io\ktor\client\plugins\RenderRequestHook$install$1.smali	39	    c = "io.ktor.client.plugins.RenderRequestHook$install$1"
smali_classes2\io\ktor\client\plugins\RenderRequestHook$install$1.smali	74	            "Lio/ktor/client/plugins/RenderRequestHook$install$1;",
smali_classes2\io\ktor\client\plugins\RenderRequestHook$install$1.smali	80	    iput-object p1, p0, Lio/ktor/client/plugins/RenderRequestHook$install$1;->$handler:L飘花落叶言世子哲兰苏楪/飘花落叶言子楪哲兰世苏;
smali_classes2\io\ktor\client\plugins\RenderRequestHook$install$1.smali	113	    new-instance v0, Lio/ktor/client/plugins/RenderRequestHook$install$1;
smali_classes2\io\ktor\client\plugins\RenderRequestHook$install$1.smali	117	    iget-object p0, p0, Lio/ktor/client/plugins/RenderRequestHook$install$1;->$handler:L飘花落叶言世子哲兰苏楪/飘花落叶言子楪哲兰世苏;
smali_classes2\io\ktor\client\plugins\RenderRequestHook$install$1.smali	121	    invoke-direct {v0, p0, p3}, Lio/ktor/client/plugins/RenderRequestHook$install$1;-><init>(L飘花落叶言世子哲兰苏楪/飘花落叶言子楪哲兰世苏;Lkotlin/coroutines/飘花落叶言子楪世哲苏兰;)V
smali_classes2\io\ktor\client\plugins\RenderRequestHook$install$1.smali	126	    iput-object p1, v0, Lio/ktor/client/plugins/RenderRequestHook$install$1;->L$0:Ljava/lang/Object;
smali_classes2\io\ktor\client\plugins\RenderRequestHook$install$1.smali	130	    iput-object p2, v0, Lio/ktor/client/plugins/RenderRequestHook$install$1;->L$1:Ljava/lang/Object;
smali_classes2\io\ktor\client\plugins\RenderRequestHook$install$1.smali	138	    invoke-virtual {v0, p0}, Lio/ktor/client/plugins/RenderRequestHook$install$1;->invokeSuspend(Ljava/lang/Object;)Ljava/lang/Object;
smali_classes2\io\ktor\client\plugins\RenderRequestHook$install$1.smali	157	    invoke-virtual {p0, p1, p2, p3}, Lio/ktor/client/plugins/RenderRequestHook$install$1;->invoke(Lio/ktor/util/pipeline/飘花落叶言子楪世哲兰苏;Ljava/lang/Object;Lkotlin/coroutines/飘花落叶言子楪世哲苏兰;)Ljava/lang/Object;
smali_classes2\io\ktor\client\plugins\RenderRequestHook$install$1.smali	172	    iget v1, p0, Lio/ktor/client/plugins/RenderRequestHook$install$1;->label:I
smali_classes2\io\ktor\client\plugins\RenderRequestHook$install$1.smali	219	    iget-object v1, p0, Lio/ktor/client/plugins/RenderRequestHook$install$1;->L$0:Ljava/lang/Object;
smali_classes2\io\ktor\client\plugins\RenderRequestHook$install$1.smali	241	    iget-object p1, p0, Lio/ktor/client/plugins/RenderRequestHook$install$1;->L$0:Ljava/lang/Object;
smali_classes2\io\ktor\client\plugins\RenderRequestHook$install$1.smali	252	    iget-object p1, p0, Lio/ktor/client/plugins/RenderRequestHook$install$1;->L$1:Ljava/lang/Object;
smali_classes2\io\ktor\client\plugins\RenderRequestHook$install$1.smali	256	    iget-object v5, p0, Lio/ktor/client/plugins/RenderRequestHook$install$1;->$handler:L飘花落叶言世子哲兰苏楪/飘花落叶言子楪哲兰世苏;
smali_classes2\io\ktor\client\plugins\RenderRequestHook$install$1.smali	264	    iput-object v1, p0, Lio/ktor/client/plugins/RenderRequestHook$install$1;->L$0:Ljava/lang/Object;
smali_classes2\io\ktor\client\plugins\RenderRequestHook$install$1.smali	268	    iput v4, p0, Lio/ktor/client/plugins/RenderRequestHook$install$1;->label:I
smali_classes2\io\ktor\client\plugins\RenderRequestHook$install$1.smali	297	    iput-object v2, p0, Lio/ktor/client/plugins/RenderRequestHook$install$1;->L$0:Ljava/lang/Object;
smali_classes2\io\ktor\client\plugins\RenderRequestHook$install$1.smali	301	    iput v3, p0, Lio/ktor/client/plugins/RenderRequestHook$install$1;->label:I
smali_classes2\io\ktor\client\plugins\RequestError$install$1.smali	1	.class final Lio/ktor/client/plugins/RequestError$install$1;
smali_classes2\io\ktor\client\plugins\RequestError$install$1.smali	39	    c = "io.ktor.client.plugins.RequestError$install$1"
smali_classes2\io\ktor\client\plugins\RequestError$install$1.smali	72	            "Lio/ktor/client/plugins/RequestError$install$1;",
smali_classes2\io\ktor\client\plugins\RequestError$install$1.smali	78	    iput-object p1, p0, Lio/ktor/client/plugins/RequestError$install$1;->$handler:L飘花落叶言世子哲兰苏楪/飘花落叶言子楪哲兰世苏;
smali_classes2\io\ktor\client\plugins\RequestError$install$1.smali	111	    new-instance p2, Lio/ktor/client/plugins/RequestError$install$1;
smali_classes2\io\ktor\client\plugins\RequestError$install$1.smali	115	    iget-object p0, p0, Lio/ktor/client/plugins/RequestError$install$1;->$handler:L飘花落叶言世子哲兰苏楪/飘花落叶言子楪哲兰世苏;
smali_classes2\io\ktor\client\plugins\RequestError$install$1.smali	119	    invoke-direct {p2, p0, p3}, Lio/ktor/client/plugins/RequestError$install$1;-><init>(L飘花落叶言世子哲兰苏楪/飘花落叶言子楪哲兰世苏;Lkotlin/coroutines/飘花落叶言子楪世哲苏兰;)V
smali_classes2\io\ktor\client\plugins\RequestError$install$1.smali	124	    iput-object p1, p2, Lio/ktor/client/plugins/RequestError$install$1;->L$0:Ljava/lang/Object;
smali_classes2\io\ktor\client\plugins\RequestError$install$1.smali	132	    invoke-virtual {p2, p0}, Lio/ktor/client/plugins/RequestError$install$1;->invokeSuspend(Ljava/lang/Object;)Ljava/lang/Object;
smali_classes2\io\ktor\client\plugins\RequestError$install$1.smali	151	    invoke-virtual {p0, p1, p2, p3}, Lio/ktor/client/plugins/RequestError$install$1;->invoke(Lio/ktor/util/pipeline/飘花落叶言子楪世哲兰苏;Ljava/lang/Object;Lkotlin/coroutines/飘花落叶言子楪世哲苏兰;)Ljava/lang/Object;
smali_classes2\io\ktor\client\plugins\RequestError$install$1.smali	166	    iget v1, p0, Lio/ktor/client/plugins/RequestError$install$1;->label:I
smali_classes2\io\ktor\client\plugins\RequestError$install$1.smali	213	    iget-object v1, p0, Lio/ktor/client/plugins/RequestError$install$1;->L$0:Ljava/lang/Object;
smali_classes2\io\ktor\client\plugins\RequestError$install$1.smali	245	    iget-object p1, p0, Lio/ktor/client/plugins/RequestError$install$1;->L$0:Ljava/lang/Object;
smali_classes2\io\ktor\client\plugins\RequestError$install$1.smali	257	    iput-object v1, p0, Lio/ktor/client/plugins/RequestError$install$1;->L$0:Ljava/lang/Object;
smali_classes2\io\ktor\client\plugins\RequestError$install$1.smali	261	    iput v4, p0, Lio/ktor/client/plugins/RequestError$install$1;->label:I
smali_classes2\io\ktor\client\plugins\RequestError$install$1.smali	283	    iget-object v4, p0, Lio/ktor/client/plugins/RequestError$install$1;->$handler:L飘花落叶言世子哲兰苏楪/飘花落叶言子楪哲兰世苏;
smali_classes2\io\ktor\client\plugins\RequestError$install$1.smali	295	    sget-object v5, Lio/ktor/client/plugins/飘花落叶言子楪苏哲兰世;->飘花落叶言子楪世苏哲兰:L飘花落叶言苏楪世子兰哲/飘花落叶言子楪世苏兰哲;
smali_classes2\io\ktor\client\plugins\RequestError$install$1.smali	299	    new-instance v5, Lio/ktor/client/plugins/飘花落叶言子楪苏哲世兰;
smali_classes2\io\ktor\client\plugins\RequestError$install$1.smali	303	    invoke-direct {v5, v1}, Lio/ktor/client/plugins/飘花落叶言子楪苏哲世兰;-><init>(L飘花落叶言楪兰苏子世哲/飘花落叶言子楪世苏兰哲;)V
smali_classes2\io\ktor\client\plugins\RequestError$install$1.smali	308	    iput-object v2, p0, Lio/ktor/client/plugins/RequestError$install$1;->L$0:Ljava/lang/Object;
smali_classes2\io\ktor\client\plugins\RequestError$install$1.smali	312	    iput v3, p0, Lio/ktor/client/plugins/RequestError$install$1;->label:I
smali_classes2\io\ktor\client\plugins\ResponseException.smali	1	.class public Lio/ktor/client/plugins/ResponseException;
smali_classes2\io\ktor\client\plugins\ResponseException.smali	12	        "Lio/ktor/client/plugins/ResponseException;",
smali_classes2\io\ktor\client\plugins\ResponseException.smali	108	    iget-object p0, p0, Lio/ktor/client/plugins/ResponseException;->response:Lio/ktor/client/statement/飘花落叶言子楪世苏哲兰;
smali_classes2\io\ktor\client\plugins\SendCountExceedException.smali	1	.class public final Lio/ktor/client/plugins/SendCountExceedException;
smali_classes2\io\ktor\client\plugins\SendCountExceedException.smali	12	        "Lio/ktor/client/plugins/SendCountExceedException;",
smali_classes2\io\ktor\client\plugins\ServerResponseException.smali	1	.class public final Lio/ktor/client/plugins/ServerResponseException;
smali_classes2\io\ktor\client\plugins\ServerResponseException.smali	2	.super Lio/ktor/client/plugins/ResponseException;
smali_classes2\io\ktor\client\plugins\ServerResponseException.smali	12	        "Lio/ktor/client/plugins/ServerResponseException;",
smali_classes2\io\ktor\client\plugins\ServerResponseException.smali	13	        "Lio/ktor/client/plugins/ResponseException;",
smali_classes2\io\ktor\client\plugins\ServerResponseException.smali	57	    iget-object p0, p0, Lio/ktor/client/plugins/ServerResponseException;->message:Ljava/lang/String;
smali_classes2\io\ktor\client\plugins\SetupRequestContext$install$1$1.smali	1	.class final synthetic Lio/ktor/client/plugins/SetupRequestContext$install$1$1;
smali_classes2\io\ktor\client\plugins\SetupRequestContext$install$1$1.smali	11	    value = Lio/ktor/client/plugins/SetupRequestContext$install$1;->invokeSuspend(Ljava/lang/Object;)Ljava/lang/Object;
smali_classes2\io\ktor\client\plugins\SetupRequestContext$install$1$1.smali	83	    invoke-virtual {p0, p1}, Lio/ktor/client/plugins/SetupRequestContext$install$1$1;->invoke(Lkotlin/coroutines/飘花落叶言子楪世哲苏兰;)Ljava/lang/Object;
smali_classes2\io\ktor\client\plugins\SetupRequestContext$install$1$1.smali	112	    invoke-static {p0, p1}, Lio/ktor/client/plugins/SetupRequestContext$install$1;->access$invokeSuspend$proceed(Lio/ktor/util/pipeline/飘花落叶言子楪世哲兰苏;Lkotlin/coroutines/飘花落叶言子楪世哲苏兰;)Ljava/lang/Object;
smali_classes2\io\ktor\client\plugins\SetupRequestContext$install$1.smali	1	.class final Lio/ktor/client/plugins/SetupRequestContext$install$1;
smali_classes2\io\ktor\client\plugins\SetupRequestContext$install$1.smali	39	    c = "io.ktor.client.plugins.SetupRequestContext$install$1"
smali_classes2\io\ktor\client\plugins\SetupRequestContext$install$1.smali	71	            "Lio/ktor/client/plugins/SetupRequestContext$install$1;",
smali_classes2\io\ktor\client\plugins\SetupRequestContext$install$1.smali	77	    iput-object p1, p0, Lio/ktor/client/plugins/SetupRequestContext$install$1;->$handler:L飘花落叶言世子哲兰苏楪/飘花落叶言子楪哲兰世苏;
smali_classes2\io\ktor\client\plugins\SetupRequestContext$install$1.smali	96	    invoke-static {p0, p1}, Lio/ktor/client/plugins/SetupRequestContext$install$1;->invokeSuspend$proceed(Lio/ktor/util/pipeline/飘花落叶言子楪世哲兰苏;Lkotlin/coroutines/飘花落叶言子楪世哲苏兰;)Ljava/lang/Object;
smali_classes2\io\ktor\client\plugins\SetupRequestContext$install$1.smali	156	    new-instance p2, Lio/ktor/client/plugins/SetupRequestContext$install$1;
smali_classes2\io\ktor\client\plugins\SetupRequestContext$install$1.smali	160	    iget-object p0, p0, Lio/ktor/client/plugins/SetupRequestContext$install$1;->$handler:L飘花落叶言世子哲兰苏楪/飘花落叶言子楪哲兰世苏;
smali_classes2\io\ktor\client\plugins\SetupRequestContext$install$1.smali	164	    invoke-direct {p2, p0, p3}, Lio/ktor/client/plugins/SetupRequestContext$install$1;-><init>(L飘花落叶言世子哲兰苏楪/飘花落叶言子楪哲兰世苏;Lkotlin/coroutines/飘花落叶言子楪世哲苏兰;)V
smali_classes2\io\ktor\client\plugins\SetupRequestContext$install$1.smali	169	    iput-object p1, p2, Lio/ktor/client/plugins/SetupRequestContext$install$1;->L$0:Ljava/lang/Object;
smali_classes2\io\ktor\client\plugins\SetupRequestContext$install$1.smali	177	    invoke-virtual {p2, p0}, Lio/ktor/client/plugins/SetupRequestContext$install$1;->invokeSuspend(Ljava/lang/Object;)Ljava/lang/Object;
smali_classes2\io\ktor\client\plugins\SetupRequestContext$install$1.smali	196	    invoke-virtual {p0, p1, p2, p3}, Lio/ktor/client/plugins/SetupRequestContext$install$1;->invoke(Lio/ktor/util/pipeline/飘花落叶言子楪世哲兰苏;Ljava/lang/Object;Lkotlin/coroutines/飘花落叶言子楪世哲苏兰;)Ljava/lang/Object;
smali_classes2\io\ktor\client\plugins\SetupRequestContext$install$1.smali	211	    iget v1, p0, Lio/ktor/client/plugins/SetupRequestContext$install$1;->label:I
smali_classes2\io\ktor\client\plugins\SetupRequestContext$install$1.smali	256	    iget-object p1, p0, Lio/ktor/client/plugins/SetupRequestContext$install$1;->L$0:Ljava/lang/Object;
smali_classes2\io\ktor\client\plugins\SetupRequestContext$install$1.smali	264	    iget-object v1, p0, Lio/ktor/client/plugins/SetupRequestContext$install$1;->$handler:L飘花落叶言世子哲兰苏楪/飘花落叶言子楪哲兰世苏;
smali_classes2\io\ktor\client\plugins\SetupRequestContext$install$1.smali	272	    new-instance v4, Lio/ktor/client/plugins/SetupRequestContext$install$1$1;
smali_classes2\io\ktor\client\plugins\SetupRequestContext$install$1.smali	276	    invoke-direct {v4, p1}, Lio/ktor/client/plugins/SetupRequestContext$install$1$1;-><init>(Ljava/lang/Object;)V
smali_classes2\io\ktor\client\plugins\SetupRequestContext$install$1.smali	281	    iput v2, p0, Lio/ktor/client/plugins/SetupRequestContext$install$1;->label:I
smali_classes2\io\ktor\client\plugins\UserAgentKt$UserAgent$1.smali	1	.class final synthetic Lio/ktor/client/plugins/UserAgentKt$UserAgent$1;
smali_classes2\io\ktor\client\plugins\UserAgentKt$UserAgent$1.smali	29	.field public static final INSTANCE:Lio/ktor/client/plugins/UserAgentKt$UserAgent$1;
smali_classes2\io\ktor\client\plugins\UserAgentKt$UserAgent$1.smali	37	    new-instance v0, Lio/ktor/client/plugins/UserAgentKt$UserAgent$1;
smali_classes2\io\ktor\client\plugins\UserAgentKt$UserAgent$1.smali	41	    invoke-direct {v0}, Lio/ktor/client/plugins/UserAgentKt$UserAgent$1;-><init>()V
smali_classes2\io\ktor\client\plugins\UserAgentKt$UserAgent$1.smali	46	    sput-object v0, Lio/ktor/client/plugins/UserAgentKt$UserAgent$1;->INSTANCE:Lio/ktor/client/plugins/UserAgentKt$UserAgent$1;
smali_classes2\io\ktor\client\plugins\UserAgentKt$UserAgent$1.smali	67	    const-class v2, Lio/ktor/client/plugins/飘花落叶言子世楪兰苏哲;
smali_classes2\io\ktor\client\plugins\UserAgentKt$UserAgent$1.smali	88	.method public final invoke()Lio/ktor/client/plugins/飘花落叶言子世楪兰苏哲;
smali_classes2\io\ktor\client\plugins\UserAgentKt$UserAgent$1.smali	92	    new-instance p0, Lio/ktor/client/plugins/飘花落叶言子世楪兰苏哲;
smali_classes2\io\ktor\client\plugins\UserAgentKt$UserAgent$1.smali	108	    invoke-virtual {p0}, Lio/ktor/client/plugins/UserAgentKt$UserAgent$1;->invoke()Lio/ktor/client/plugins/飘花落叶言子世楪兰苏哲;
smali_classes2\io\ktor\client\plugins\UserAgentKt$UserAgent$2$1.smali	1	.class final Lio/ktor/client/plugins/UserAgentKt$UserAgent$2$1;
smali_classes2\io\ktor\client\plugins\UserAgentKt$UserAgent$2$1.smali	22	        "Lio/ktor/client/plugins/api/\u98d8\u82b1\u843d\u53f6\u8a00\u5b50\u696a\u4e16\u54f2\u5170\u82cf;",
smali_classes2\io\ktor\client\plugins\UserAgentKt$UserAgent$2$1.smali	29	        "(Lio/ktor/client/plugins/api/\u98d8\u82b1\u843d\u53f6\u8a00\u5b50\u696a\u4e16\u54f2\u5170\u82cf;L\u98d8\u82b1\u843d\u53f6\u8a00\u696a\u5170\u82cf\u5b50\u4e16\u54f2/\u98d8\u82b1\u843d\u53f6\u8a00\u5b50\u696a\u4e16\u82cf\u5170\u54f2;Ljava/lang/Object;)V"
smali_classes2\io\ktor\client\plugins\UserAgentKt$UserAgent$2$1.smali	40	    c = "io.ktor.client.plugins.UserAgentKt$UserAgent$2$1"
smali_classes2\io\ktor\client\plugins\UserAgentKt$UserAgent$2$1.smali	64	            "Lio/ktor/client/plugins/UserAgentKt$UserAgent$2$1;",
smali_classes2\io\ktor\client\plugins\UserAgentKt$UserAgent$2$1.smali	70	    iput-object p1, p0, Lio/ktor/client/plugins/UserAgentKt$UserAgent$2$1;->$agent:Ljava/lang/String;
smali_classes2\io\ktor\client\plugins\UserAgentKt$UserAgent$2$1.smali	87	.method public final invoke(Lio/ktor/client/plugins/api/飘花落叶言子楪世哲兰苏;L飘花落叶言楪兰苏子世哲/飘花落叶言子楪世苏兰哲;Ljava/lang/Object;Lkotlin/coroutines/飘花落叶言子楪世哲苏兰;)Ljava/lang/Object;
smali_classes2\io\ktor\client\plugins\UserAgentKt$UserAgent$2$1.smali	92	            "Lio/ktor/client/plugins/api/\u98d8\u82b1\u843d\u53f6\u8a00\u5b50\u696a\u4e16\u54f2\u5170\u82cf;",
smali_classes2\io\ktor\client\plugins\UserAgentKt$UserAgent$2$1.smali	104	    new-instance p1, Lio/ktor/client/plugins/UserAgentKt$UserAgent$2$1;
smali_classes2\io\ktor\client\plugins\UserAgentKt$UserAgent$2$1.smali	108	    iget-object p0, p0, Lio/ktor/client/plugins/UserAgentKt$UserAgent$2$1;->$agent:Ljava/lang/String;
smali_classes2\io\ktor\client\plugins\UserAgentKt$UserAgent$2$1.smali	112	    invoke-direct {p1, p0, p4}, Lio/ktor/client/plugins/UserAgentKt$UserAgent$2$1;-><init>(Ljava/lang/String;Lkotlin/coroutines/飘花落叶言子楪世哲苏兰;)V
smali_classes2\io\ktor\client\plugins\UserAgentKt$UserAgent$2$1.smali	117	    iput-object p2, p1, Lio/ktor/client/plugins/UserAgentKt$UserAgent$2$1;->L$0:Ljava/lang/Object;
smali_classes2\io\ktor\client\plugins\UserAgentKt$UserAgent$2$1.smali	125	    invoke-virtual {p1, p0}, Lio/ktor/client/plugins/UserAgentKt$UserAgent$2$1;->invokeSuspend(Ljava/lang/Object;)Ljava/lang/Object;
smali_classes2\io\ktor\client\plugins\UserAgentKt$UserAgent$2$1.smali	140	    check-cast p1, Lio/ktor/client/plugins/api/飘花落叶言子楪世哲兰苏;
smali_classes2\io\ktor\client\plugins\UserAgentKt$UserAgent$2$1.smali	146	    invoke-virtual {p0, p1, p2, p3, p4}, Lio/ktor/client/plugins/UserAgentKt$UserAgent$2$1;->invoke(Lio/ktor/client/plugins/api/飘花落叶言子楪世哲兰苏;L飘花落叶言楪兰苏子世哲/飘花落叶言子楪世苏兰哲;Ljava/lang/Object;Lkotlin/coroutines/飘花落叶言子楪世哲苏兰;)Ljava/lang/Object;
smali_classes2\io\ktor\client\plugins\UserAgentKt$UserAgent$2$1.smali	161	    iget v0, p0, Lio/ktor/client/plugins/UserAgentKt$UserAgent$2$1;->label:I
smali_classes2\io\ktor\client\plugins\UserAgentKt$UserAgent$2$1.smali	174	    iget-object p1, p0, Lio/ktor/client/plugins/UserAgentKt$UserAgent$2$1;->L$0:Ljava/lang/Object;
smali_classes2\io\ktor\client\plugins\UserAgentKt$UserAgent$2$1.smali	182	    sget-object v0, Lio/ktor/client/plugins/飘花落叶言子世楪兰哲苏;->飘花落叶言子楪世苏哲兰:L飘花落叶言苏楪世子兰哲/飘花落叶言子楪世苏兰哲;
smali_classes2\io\ktor\client\plugins\UserAgentKt$UserAgent$2$1.smali	225	    iget-object p0, p0, Lio/ktor/client/plugins/UserAgentKt$UserAgent$2$1;->$agent:Ljava/lang/String;
smali_classes2\io\ktor\client\plugins\飘花落叶言子世楪兰哲苏.smali	1	.class public abstract Lio/ktor/client/plugins/飘花落叶言子世楪兰哲苏;
smali_classes2\io\ktor\client\plugins\飘花落叶言子世楪兰哲苏.smali	15	    const-string v0, "io.ktor.client.plugins.UserAgent"
smali_classes2\io\ktor\client\plugins\飘花落叶言子世楪兰哲苏.smali	32	    sput-object v0, Lio/ktor/client/plugins/飘花落叶言子世楪兰哲苏;->飘花落叶言子楪世苏哲兰:L飘花落叶言苏楪世子兰哲/飘花落叶言子楪世苏兰哲;
smali_classes2\io\ktor\client\plugins\飘花落叶言子世楪兰哲苏.smali	36	    sget-object v0, Lio/ktor/client/plugins/UserAgentKt$UserAgent$1;->INSTANCE:Lio/ktor/client/plugins/UserAgentKt$UserAgent$1;
smali_classes2\io\ktor\client\plugins\飘花落叶言子世楪兰哲苏.smali	57	    invoke-static {v2, v0, v1}, Lkotlin/collections/飘花落叶言子世苏楪哲兰;->飘花落叶言子楪苏哲兰世(Ljava/lang/String;L飘花落叶言世子哲兰苏楪/飘花落叶言子楪世苏哲兰;L飘花落叶言世子哲兰苏楪/飘花落叶言子楪苏兰哲世;)Lio/ktor/client/plugins/api/飘花落叶言子楪世苏兰哲;
smali_classes2\io\ktor\client\plugins\飘花落叶言子世楪兰苏哲.smali	1	.class public final Lio/ktor/client/plugins/飘花落叶言子世楪兰苏哲;
smali_classes2\io\ktor\client\plugins\飘花落叶言子世楪哲兰苏.smali	1	.class public interface abstract Lio/ktor/client/plugins/飘花落叶言子世楪哲兰苏;
smali_classes2\io\ktor\client\plugins\飘花落叶言子世楪哲苏兰.smali	1	.class public final Lio/ktor/client/plugins/飘花落叶言子世楪哲苏兰;
smali_classes2\io\ktor\client\plugins\飘花落叶言子世楪苏兰哲.smali	1	.class public abstract Lio/ktor/client/plugins/飘花落叶言子世楪苏兰哲;
smali_classes2\io\ktor\client\plugins\飘花落叶言子世楪苏兰哲.smali	15	    const-string v0, "io.ktor.client.plugins.HttpTimeout"
smali_classes2\io\ktor\client\plugins\飘花落叶言子世楪苏兰哲.smali	32	    sput-object v0, Lio/ktor/client/plugins/飘花落叶言子世楪苏兰哲;->飘花落叶言子楪世苏哲兰:L飘花落叶言苏楪世子兰哲/飘花落叶言子楪世苏兰哲;
smali_classes2\io\ktor\client\plugins\飘花落叶言子世楪苏兰哲.smali	36	    sget-object v0, Lio/ktor/client/plugins/HttpTimeoutKt$HttpTimeout$1;->INSTANCE:Lio/ktor/client/plugins/HttpTimeoutKt$HttpTimeout$1;
smali_classes2\io\ktor\client\plugins\飘花落叶言子世楪苏兰哲.smali	57	    invoke-static {v2, v0, v1}, Lkotlin/collections/飘花落叶言子世苏楪哲兰;->飘花落叶言子楪苏哲兰世(Ljava/lang/String;L飘花落叶言世子哲兰苏楪/飘花落叶言子楪世苏哲兰;L飘花落叶言世子哲兰苏楪/飘花落叶言子楪苏兰哲世;)Lio/ktor/client/plugins/api/飘花落叶言子楪世苏兰哲;
smali_classes2\io\ktor\client\plugins\飘花落叶言子世楪苏哲兰.smali	1	.class public final synthetic Lio/ktor/client/plugins/飘花落叶言子世楪苏哲兰;
smali_classes2\io\ktor\client\plugins\飘花落叶言子世楪苏哲兰.smali	20	    iput p2, p0, Lio/ktor/client/plugins/飘花落叶言子世楪苏哲兰;->飘花落叶言子楪哲苏兰世:I
smali_classes2\io\ktor\client\plugins\飘花落叶言子世楪苏哲兰.smali	24	    iput-object p1, p0, Lio/ktor/client/plugins/飘花落叶言子世楪苏哲兰;->飘花落叶言子楪哲兰世苏:Ljava/lang/Object;
smali_classes2\io\ktor\client\plugins\飘花落叶言子世楪苏哲兰.smali	42	    iget v0, p0, Lio/ktor/client/plugins/飘花落叶言子世楪苏哲兰;->飘花落叶言子楪哲苏兰世:I
smali_classes2\io\ktor\client\plugins\飘花落叶言子世楪苏哲兰.smali	46	    iget-object p0, p0, Lio/ktor/client/plugins/飘花落叶言子世楪苏哲兰;->飘花落叶言子楪哲兰世苏:Ljava/lang/Object;
smali_classes2\io\ktor\client\plugins\飘花落叶言子世楪苏哲兰.smali	107	    invoke-static {p0, p1}, Lio/ktor/client/plugins/HttpTimeoutKt$HttpTimeout$2$1;->飘花落叶言子楪世哲兰苏(Lkotlinx/coroutines/飘花落叶言子哲楪兰世苏;Ljava/lang/Throwable;)Lkotlin/飘花落叶言子楪兰苏哲世;
smali_classes2\io\ktor\client\plugins\飘花落叶言子楪世兰哲苏.smali	1	.class public abstract Lio/ktor/client/plugins/飘花落叶言子楪世兰哲苏;
smali_classes2\io\ktor\client\plugins\飘花落叶言子楪世兰哲苏.smali	15	    const-string v0, "io.ktor.client.plugins.defaultTransformers"
smali_classes2\io\ktor\client\plugins\飘花落叶言子楪世兰哲苏.smali	32	    sput-object v0, Lio/ktor/client/plugins/飘花落叶言子楪世兰哲苏;->飘花落叶言子楪世苏哲兰:L飘花落叶言苏楪世子兰哲/飘花落叶言子楪世苏兰哲;
smali_classes2\io\ktor\client\plugins\飘花落叶言子楪世兰苏哲.smali	1	.class public final Lio/ktor/client/plugins/飘花落叶言子楪世兰苏哲;
smali_classes2\io\ktor\client\plugins\飘花落叶言子楪世兰苏哲.smali	22	    iput v0, p0, Lio/ktor/client/plugins/飘花落叶言子楪世兰苏哲;->飘花落叶言子楪世苏兰哲:I
smali_classes2\io\ktor\client\plugins\飘花落叶言子楪世兰苏哲.smali	30	    iput-object p1, p0, Lio/ktor/client/plugins/飘花落叶言子楪世兰苏哲;->飘花落叶言子楪世哲苏兰:Ljava/lang/Object;
smali_classes2\io\ktor\client\plugins\飘花落叶言子楪世兰苏哲.smali	33	    iput-object p2, p0, Lio/ktor/client/plugins/飘花落叶言子楪世兰苏哲;->飘花落叶言子楪世哲兰苏:Ljava/lang/Object;
smali_classes2\io\ktor\client\plugins\飘花落叶言子楪世兰苏哲.smali	48	    iput-object p1, p0, Lio/ktor/client/plugins/飘花落叶言子楪世兰苏哲;->飘花落叶言子楪世兰苏哲:Ljava/lang/Object;
smali_classes2\io\ktor\client\plugins\飘花落叶言子楪世兰苏哲.smali	60	    iput v0, p0, Lio/ktor/client/plugins/飘花落叶言子楪世兰苏哲;->飘花落叶言子楪世苏兰哲:I
smali_classes2\io\ktor\client\plugins\飘花落叶言子楪世兰苏哲.smali	69	    iput-object p3, p0, Lio/ktor/client/plugins/飘花落叶言子楪世兰苏哲;->飘花落叶言子楪世兰苏哲:Ljava/lang/Object;
smali_classes2\io\ktor\client\plugins\飘花落叶言子楪世兰苏哲.smali	129	    iput-object p1, p0, Lio/ktor/client/plugins/飘花落叶言子楪世兰苏哲;->飘花落叶言子楪世哲苏兰:Ljava/lang/Object;
smali_classes2\io\ktor\client\plugins\飘花落叶言子楪世兰苏哲.smali	146	    iput-object p2, p0, Lio/ktor/client/plugins/飘花落叶言子楪世兰苏哲;->飘花落叶言子楪世哲兰苏:Ljava/lang/Object;
smali_classes2\io\ktor\client\plugins\飘花落叶言子楪世兰苏哲.smali	158	    iput v0, p0, Lio/ktor/client/plugins/飘花落叶言子楪世兰苏哲;->飘花落叶言子楪世苏兰哲:I
smali_classes2\io\ktor\client\plugins\飘花落叶言子楪世兰苏哲.smali	164	    iput-object p3, p0, Lio/ktor/client/plugins/飘花落叶言子楪世兰苏哲;->飘花落叶言子楪世兰苏哲:Ljava/lang/Object;
smali_classes2\io\ktor\client\plugins\飘花落叶言子楪世兰苏哲.smali	194	    iput-object p1, p0, Lio/ktor/client/plugins/飘花落叶言子楪世兰苏哲;->飘花落叶言子楪世哲苏兰:Ljava/lang/Object;
smali_classes2\io\ktor\client\plugins\飘花落叶言子楪世兰苏哲.smali	206	    iput-object p2, p0, Lio/ktor/client/plugins/飘花落叶言子楪世兰苏哲;->飘花落叶言子楪世哲兰苏:Ljava/lang/Object;
smali_classes2\io\ktor\client\plugins\飘花落叶言子楪世兰苏哲.smali	217	    iget v0, p0, Lio/ktor/client/plugins/飘花落叶言子楪世兰苏哲;->飘花落叶言子楪世苏兰哲:I
smali_classes2\io\ktor\client\plugins\飘花落叶言子楪世兰苏哲.smali	240	    iget-object p0, p0, Lio/ktor/client/plugins/飘花落叶言子楪世兰苏哲;->飘花落叶言子楪世哲苏兰:Ljava/lang/Object;
smali_classes2\io\ktor\client\plugins\飘花落叶言子楪世兰苏哲.smali	266	    iget v0, p0, Lio/ktor/client/plugins/飘花落叶言子楪世兰苏哲;->飘花落叶言子楪世苏兰哲:I
smali_classes2\io\ktor\client\plugins\飘花落叶言子楪世兰苏哲.smali	287	    iget-object p0, p0, Lio/ktor/client/plugins/飘花落叶言子楪世兰苏哲;->飘花落叶言子楪世哲苏兰:Ljava/lang/Object;
smali_classes2\io\ktor\client\plugins\飘花落叶言子楪世兰苏哲.smali	319	    iget v0, p0, Lio/ktor/client/plugins/飘花落叶言子楪世兰苏哲;->飘花落叶言子楪世苏兰哲:I
smali_classes2\io\ktor\client\plugins\飘花落叶言子楪世兰苏哲.smali	345	    iget-object p0, p0, Lio/ktor/client/plugins/飘花落叶言子楪世兰苏哲;->飘花落叶言子楪世哲苏兰:Ljava/lang/Object;
smali_classes2\io\ktor\client\plugins\飘花落叶言子楪世兰苏哲.smali	374	    iget v0, p0, Lio/ktor/client/plugins/飘花落叶言子楪世兰苏哲;->飘花落叶言子楪世苏兰哲:I
smali_classes2\io\ktor\client\plugins\飘花落叶言子楪世兰苏哲.smali	395	    iget-object p0, p0, Lio/ktor/client/plugins/飘花落叶言子楪世兰苏哲;->飘花落叶言子楪世兰苏哲:Ljava/lang/Object;
smali_classes2\io\ktor\client\plugins\飘花落叶言子楪世兰苏哲.smali	431	    iget v0, p0, Lio/ktor/client/plugins/飘花落叶言子楪世兰苏哲;->飘花落叶言子楪世苏兰哲:I
smali_classes2\io\ktor\client\plugins\飘花落叶言子楪世兰苏哲.smali	440	    iget-object p0, p0, Lio/ktor/client/plugins/飘花落叶言子楪世兰苏哲;->飘花落叶言子楪世哲苏兰:Ljava/lang/Object;
smali_classes2\io\ktor\client\plugins\飘花落叶言子楪世兰苏哲.smali	460	    iget-object p0, p0, Lio/ktor/client/plugins/飘花落叶言子楪世兰苏哲;->飘花落叶言子楪世哲兰苏:Ljava/lang/Object;
smali_classes2\io\ktor\client\plugins\飘花落叶言子楪世兰苏哲.smali	472	    iget-object p0, p0, Lio/ktor/client/plugins/飘花落叶言子楪世兰苏哲;->飘花落叶言子楪世哲兰苏:Ljava/lang/Object;
smali_classes2\io\ktor\client\plugins\飘花落叶言子楪世兰苏哲.smali	494	    iget v0, p0, Lio/ktor/client/plugins/飘花落叶言子楪世兰苏哲;->飘花落叶言子楪世苏兰哲:I
smali_classes2\io\ktor\client\plugins\飘花落叶言子楪世兰苏哲.smali	503	    iget-object p0, p0, Lio/ktor/client/plugins/飘花落叶言子楪世兰苏哲;->飘花落叶言子楪世哲苏兰:Ljava/lang/Object;
smali_classes2\io\ktor\client\plugins\飘花落叶言子楪世兰苏哲.smali	523	    iget-object p0, p0, Lio/ktor/client/plugins/飘花落叶言子楪世兰苏哲;->飘花落叶言子楪世哲苏兰:Ljava/lang/Object;
smali_classes2\io\ktor\client\plugins\飘花落叶言子楪世兰苏哲.smali	535	    iget-object p0, p0, Lio/ktor/client/plugins/飘花落叶言子楪世兰苏哲;->飘花落叶言子楪世哲苏兰:Ljava/lang/Object;
smali_classes2\io\ktor\client\plugins\飘花落叶言子楪世兰苏哲.smali	557	    iget v0, p0, Lio/ktor/client/plugins/飘花落叶言子楪世兰苏哲;->飘花落叶言子楪世苏兰哲:I
smali_classes2\io\ktor\client\plugins\飘花落叶言子楪世兰苏哲.smali	561	    iget-object v1, p0, Lio/ktor/client/plugins/飘花落叶言子楪世兰苏哲;->飘花落叶言子楪世兰苏哲:Ljava/lang/Object;
smali_classes2\io\ktor\client\plugins\飘花落叶言子楪世兰苏哲.smali	570	    iget-object p0, p0, Lio/ktor/client/plugins/飘花落叶言子楪世兰苏哲;->飘花落叶言子楪世哲苏兰:Ljava/lang/Object;
smali_classes2\io\ktor\client\plugins\飘花落叶言子楪世哲兰苏.smali	1	.class public final Lio/ktor/client/plugins/飘花落叶言子楪世哲兰苏;
smali_classes2\io\ktor\client\plugins\飘花落叶言子楪世哲兰苏.smali	24	    iput-object p2, p0, Lio/ktor/client/plugins/飘花落叶言子楪世哲兰苏;->飘花落叶言子楪世哲兰苏:Ljava/lang/Object;
smali_classes2\io\ktor\client\plugins\飘花落叶言子楪世哲兰苏.smali	41	    iput-object p1, p0, Lio/ktor/client/plugins/飘花落叶言子楪世哲兰苏;->飘花落叶言子楪世苏兰哲:L飘花落叶言楪兰苏世子哲/飘花落叶言子楪苏世哲兰;
smali_classes2\io\ktor\client\plugins\飘花落叶言子楪世哲兰苏.smali	55	    iput-wide p1, p0, Lio/ktor/client/plugins/飘花落叶言子楪世哲兰苏;->飘花落叶言子楪世哲苏兰:J
smali_classes2\io\ktor\client\plugins\飘花落叶言子楪世哲兰苏.smali	68	    iget-object p0, p0, Lio/ktor/client/plugins/飘花落叶言子楪世哲兰苏;->飘花落叶言子楪世苏兰哲:L飘花落叶言楪兰苏世子哲/飘花落叶言子楪苏世哲兰;
smali_classes2\io\ktor\client\plugins\飘花落叶言子楪世哲兰苏.smali	79	    iget-wide v0, p0, Lio/ktor/client/plugins/飘花落叶言子楪世哲兰苏;->飘花落叶言子楪世哲苏兰:J
smali_classes2\io\ktor\client\plugins\飘花落叶言子楪世哲兰苏.smali	98	    iget-object p0, p0, Lio/ktor/client/plugins/飘花落叶言子楪世哲兰苏;->飘花落叶言子楪世哲兰苏:Ljava/lang/Object;
smali_classes2\io\ktor\client\plugins\飘花落叶言子楪世哲苏兰.smali	1	.class public abstract Lio/ktor/client/plugins/飘花落叶言子楪世哲苏兰;
smali_classes2\io\ktor\client\plugins\飘花落叶言子楪世哲苏兰.smali	72	    const-string v0, "io.ktor.client.plugins.DefaultResponseValidation"
smali_classes2\io\ktor\client\plugins\飘花落叶言子楪世苏兰哲.smali	1	.class public abstract Lio/ktor/client/plugins/飘花落叶言子楪世苏兰哲;
smali_classes2\io\ktor\client\plugins\飘花落叶言子楪世苏兰哲.smali	19	    const-class v1, Lio/ktor/client/plugins/飘花落叶言子楪世苏兰哲;
smali_classes2\io\ktor\client\plugins\飘花落叶言子楪世苏哲兰.smali	1	.class public abstract Lio/ktor/client/plugins/飘花落叶言子楪世苏哲兰;
smali_classes2\io\ktor\client\plugins\飘花落叶言子楪世苏哲兰.smali	72	    sput-object v0, Lio/ktor/client/plugins/飘花落叶言子楪世苏哲兰;->飘花落叶言子楪世苏哲兰:Lio/ktor/util/飘花落叶言子楪世苏哲兰;
smali_classes2\io\ktor\client\plugins\飘花落叶言子楪世苏哲兰.smali	138	    invoke-static {v2, v1, v0}, Lkotlin/collections/飘花落叶言子世苏楪哲兰;->飘花落叶言子楪苏哲兰世(Ljava/lang/String;L飘花落叶言世子哲兰苏楪/飘花落叶言子楪世苏哲兰;L飘花落叶言世子哲兰苏楪/飘花落叶言子楪苏兰哲世;)Lio/ktor/client/plugins/api/飘花落叶言子楪世苏兰哲;
smali_classes2\io\ktor\client\plugins\飘花落叶言子楪兰世哲苏.smali	1	.class public final Lio/ktor/client/plugins/飘花落叶言子楪兰世哲苏;
smali_classes2\io\ktor\client\plugins\飘花落叶言子楪兰世苏哲.smali	1	.class public abstract Lio/ktor/client/plugins/飘花落叶言子楪兰世苏哲;
smali_classes2\io\ktor\client\plugins\飘花落叶言子楪兰哲世苏.smali	1	.class public final Lio/ktor/client/plugins/飘花落叶言子楪兰哲世苏;
smali_classes2\io\ktor\client\plugins\飘花落叶言子楪兰哲世苏.smali	10	.field public static final 飘花落叶言子楪世苏哲兰:Lio/ktor/client/plugins/飘花落叶言子楪兰哲世苏;
smali_classes2\io\ktor\client\plugins\飘花落叶言子楪兰哲世苏.smali	18	    new-instance v0, Lio/ktor/client/plugins/飘花落叶言子楪兰哲世苏;
smali_classes2\io\ktor\client\plugins\飘花落叶言子楪兰哲世苏.smali	27	    sput-object v0, Lio/ktor/client/plugins/飘花落叶言子楪兰哲世苏;->飘花落叶言子楪世苏哲兰:Lio/ktor/client/plugins/飘花落叶言子楪兰哲世苏;
smali_classes2\io\ktor\client\plugins\飘花落叶言子楪兰哲世苏.smali	51	    instance-of p0, p1, Lio/ktor/client/plugins/飘花落叶言子楪兰哲世苏;
smali_classes2\io\ktor\client\plugins\飘花落叶言子楪兰哲苏世.smali	1	.class public final Lio/ktor/client/plugins/飘花落叶言子楪兰哲苏世;
smali_classes2\io\ktor\client\plugins\飘花落叶言子楪兰哲苏世.smali	23	    const-class v1, Lio/ktor/client/plugins/飘花落叶言子楪兰哲苏世;
smali_classes2\io\ktor\client\plugins\飘花落叶言子楪兰哲苏世.smali	94	    iput-object v0, p0, Lio/ktor/client/plugins/飘花落叶言子楪兰哲苏世;->飘花落叶言子楪世苏哲兰:Ljava/lang/Long;
smali_classes2\io\ktor\client\plugins\飘花落叶言子楪兰哲苏世.smali	98	    iput-object v0, p0, Lio/ktor/client/plugins/飘花落叶言子楪兰哲苏世;->飘花落叶言子楪世苏兰哲:Ljava/lang/Long;
smali_classes2\io\ktor\client\plugins\飘花落叶言子楪兰哲苏世.smali	102	    iput-object v0, p0, Lio/ktor/client/plugins/飘花落叶言子楪兰哲苏世;->飘花落叶言子楪世哲苏兰:Ljava/lang/Long;
smali_classes2\io\ktor\client\plugins\飘花落叶言子楪兰哲苏世.smali	109	    iput-object v0, p0, Lio/ktor/client/plugins/飘花落叶言子楪兰哲苏世;->飘花落叶言子楪世苏哲兰:Ljava/lang/Long;
smali_classes2\io\ktor\client\plugins\飘花落叶言子楪兰哲苏世.smali	113	    iput-object v0, p0, Lio/ktor/client/plugins/飘花落叶言子楪兰哲苏世;->飘花落叶言子楪世苏兰哲:Ljava/lang/Long;
smali_classes2\io\ktor\client\plugins\飘花落叶言子楪兰哲苏世.smali	117	    iput-object v0, p0, Lio/ktor/client/plugins/飘花落叶言子楪兰哲苏世;->飘花落叶言子楪世哲苏兰:Ljava/lang/Long;
smali_classes2\io\ktor\client\plugins\飘花落叶言子楪兰哲苏世.smali	194	    const-class v2, Lio/ktor/client/plugins/飘花落叶言子楪兰哲苏世;
smali_classes2\io\ktor\client\plugins\飘花落叶言子楪兰哲苏世.smali	214	    check-cast p1, Lio/ktor/client/plugins/飘花落叶言子楪兰哲苏世;
smali_classes2\io\ktor\client\plugins\飘花落叶言子楪兰哲苏世.smali	218	    iget-object v2, p0, Lio/ktor/client/plugins/飘花落叶言子楪兰哲苏世;->飘花落叶言子楪世苏哲兰:Ljava/lang/Long;
smali_classes2\io\ktor\client\plugins\飘花落叶言子楪兰哲苏世.smali	222	    iget-object v3, p1, Lio/ktor/client/plugins/飘花落叶言子楪兰哲苏世;->飘花落叶言子楪世苏哲兰:Ljava/lang/Long;
smali_classes2\io\ktor\client\plugins\飘花落叶言子楪兰哲苏世.smali	242	    iget-object v2, p0, Lio/ktor/client/plugins/飘花落叶言子楪兰哲苏世;->飘花落叶言子楪世苏兰哲:Ljava/lang/Long;
smali_classes2\io\ktor\client\plugins\飘花落叶言子楪兰哲苏世.smali	246	    iget-object v3, p1, Lio/ktor/client/plugins/飘花落叶言子楪兰哲苏世;->飘花落叶言子楪世苏兰哲:Ljava/lang/Long;
smali_classes2\io\ktor\client\plugins\飘花落叶言子楪兰哲苏世.smali	266	    iget-object p0, p0, Lio/ktor/client/plugins/飘花落叶言子楪兰哲苏世;->飘花落叶言子楪世哲苏兰:Ljava/lang/Long;
smali_classes2\io\ktor\client\plugins\飘花落叶言子楪兰哲苏世.smali	270	    iget-object p1, p1, Lio/ktor/client/plugins/飘花落叶言子楪兰哲苏世;->飘花落叶言子楪世哲苏兰:Ljava/lang/Long;
smali_classes2\io\ktor\client\plugins\飘花落叶言子楪兰哲苏世.smali	302	    iget-object v0, p0, Lio/ktor/client/plugins/飘花落叶言子楪兰哲苏世;->飘花落叶言子楪世苏哲兰:Ljava/lang/Long;
smali_classes2\io\ktor\client\plugins\飘花落叶言子楪兰哲苏世.smali	333	    iget-object v2, p0, Lio/ktor/client/plugins/飘花落叶言子楪兰哲苏世;->飘花落叶言子楪世苏兰哲:Ljava/lang/Long;
smali_classes2\io\ktor\client\plugins\飘花落叶言子楪兰哲苏世.smali	364	    iget-object p0, p0, Lio/ktor/client/plugins/飘花落叶言子楪兰哲苏世;->飘花落叶言子楪世哲苏兰:Ljava/lang/Long;
smali_classes2\io\ktor\client\plugins\飘花落叶言子楪兰苏世哲.smali	1	.class public abstract Lio/ktor/client/plugins/飘花落叶言子楪兰苏世哲;
smali_classes2\io\ktor\client\plugins\飘花落叶言子楪兰苏世哲.smali	6	.implements Lio/ktor/client/plugins/飘花落叶言子世楪哲兰苏;
smali_classes2\io\ktor\client\plugins\飘花落叶言子楪兰苏哲世.smali	1	.class public abstract Lio/ktor/client/plugins/飘花落叶言子楪兰苏哲世;
smali_classes2\io\ktor\client\plugins\飘花落叶言子楪兰苏哲世.smali	19	    const-class v1, Lio/ktor/client/plugins/飘花落叶言子楪兰苏哲世;
smali_classes2\io\ktor\client\plugins\飘花落叶言子楪哲世兰苏.smali	1	.class public final Lio/ktor/client/plugins/飘花落叶言子楪哲世兰苏;
smali_classes2\io\ktor\client\plugins\飘花落叶言子楪哲世苏兰.smali	1	.class public abstract Lio/ktor/client/plugins/飘花落叶言子楪哲世苏兰;
smali_classes2\io\ktor\client\plugins\飘花落叶言子楪哲世苏兰.smali	15	    const-string v0, "io.ktor.client.plugins.HttpPlainText"
smali_classes2\io\ktor\client\plugins\飘花落叶言子楪哲世苏兰.smali	32	    sput-object v0, Lio/ktor/client/plugins/飘花落叶言子楪哲世苏兰;->飘花落叶言子楪世苏哲兰:L飘花落叶言苏楪世子兰哲/飘花落叶言子楪世苏兰哲;
smali_classes2\io\ktor\client\plugins\飘花落叶言子楪哲世苏兰.smali	36	    sget-object v0, Lio/ktor/client/plugins/HttpPlainTextKt$HttpPlainText$1;->INSTANCE:Lio/ktor/client/plugins/HttpPlainTextKt$HttpPlainText$1;
smali_classes2\io\ktor\client\plugins\飘花落叶言子楪哲世苏兰.smali	56	    invoke-static {v2, v0, v1}, Lkotlin/collections/飘花落叶言子世苏楪哲兰;->飘花落叶言子楪苏哲兰世(Ljava/lang/String;L飘花落叶言世子哲兰苏楪/飘花落叶言子楪世苏哲兰;L飘花落叶言世子哲兰苏楪/飘花落叶言子楪苏兰哲世;)Lio/ktor/client/plugins/api/飘花落叶言子楪世苏兰哲;
smali_classes2\io\ktor\client\plugins\飘花落叶言子楪哲兰世苏.smali	1	.class public abstract Lio/ktor/client/plugins/飘花落叶言子楪哲兰世苏;
smali_classes2\io\ktor\client\plugins\飘花落叶言子楪哲兰世苏.smali	33	    const-class v2, Lio/ktor/client/plugins/飘花落叶言子楪兰世哲苏;
smali_classes2\io\ktor\client\plugins\飘花落叶言子楪哲兰世苏.smali	41	    const-string v4, "io.ktor.client.plugins.HttpRequestRetry"
smali_classes2\io\ktor\client\plugins\飘花落叶言子楪哲兰世苏.smali	58	    sput-object v4, Lio/ktor/client/plugins/飘花落叶言子楪哲兰世苏;->飘花落叶言子楪世苏哲兰:L飘花落叶言苏楪世子兰哲/飘花落叶言子楪世苏兰哲;
smali_classes2\io\ktor\client\plugins\飘花落叶言子楪哲兰世苏.smali	62	    sget-object v4, Lio/ktor/client/plugins/HttpRequestRetryKt$HttpRequestRetry$1;->INSTANCE:Lio/ktor/client/plugins/HttpRequestRetryKt$HttpRequestRetry$1;
smali_classes2\io\ktor\client\plugins\飘花落叶言子楪哲兰世苏.smali	83	    invoke-static {v6, v4, v5}, Lkotlin/collections/飘花落叶言子世苏楪哲兰;->飘花落叶言子楪苏哲兰世(Ljava/lang/String;L飘花落叶言世子哲兰苏楪/飘花落叶言子楪世苏哲兰;L飘花落叶言世子哲兰苏楪/飘花落叶言子楪苏兰哲世;)Lio/ktor/client/plugins/api/飘花落叶言子楪世苏兰哲;
smali_classes2\io\ktor\client\plugins\飘花落叶言子楪哲兰世苏.smali	148	    sput-object v4, Lio/ktor/client/plugins/飘花落叶言子楪哲兰世苏;->飘花落叶言子楪世苏兰哲:Lio/ktor/util/飘花落叶言子楪世苏哲兰;
smali_classes2\io\ktor\client\plugins\飘花落叶言子楪哲兰世苏.smali	293	    sput-object v4, Lio/ktor/client/plugins/飘花落叶言子楪哲兰世苏;->飘花落叶言子楪世哲苏兰:Lio/ktor/util/飘花落叶言子楪世苏哲兰;
smali_classes2\io\ktor\client\plugins\飘花落叶言子楪哲兰世苏.smali	430	    sput-object v1, Lio/ktor/client/plugins/飘花落叶言子楪哲兰世苏;->飘花落叶言子楪世哲兰苏:Lio/ktor/util/飘花落叶言子楪世苏哲兰;
smali_classes2\io\ktor\client\plugins\飘花落叶言子楪哲兰世苏.smali	455	    const-class v4, Lio/ktor/client/plugins/飘花落叶言子楪兰世苏哲;
smali_classes2\io\ktor\client\plugins\飘花落叶言子楪哲兰世苏.smali	559	    sput-object v0, Lio/ktor/client/plugins/飘花落叶言子楪哲兰世苏;->飘花落叶言子楪世兰苏哲:Lio/ktor/util/飘花落叶言子楪世苏哲兰;
smali_classes2\io\ktor\client\plugins\飘花落叶言子楪哲兰世苏.smali	580	    const-class v1, Lio/ktor/client/plugins/飘花落叶言子楪哲兰苏世;
smali_classes2\io\ktor\client\plugins\飘花落叶言子楪哲兰世苏.smali	677	    sput-object v0, Lio/ktor/client/plugins/飘花落叶言子楪哲兰世苏;->飘花落叶言子楪世兰哲苏:Lio/ktor/util/飘花落叶言子楪世苏哲兰;
smali_classes2\io\ktor\client\plugins\飘花落叶言子楪哲兰苏世.smali	1	.class public abstract Lio/ktor/client/plugins/飘花落叶言子楪哲兰苏世;
smali_classes2\io\ktor\client\plugins\飘花落叶言子楪哲兰苏世.smali	274	    invoke-static {v2, v0, v3, p0}, Llin/xposed/hook/javaplugin/飘花落叶言子楪世苏哲兰;->飘花落叶言子楪兰哲苏世(Ljava/lang/String;Ljava/lang/Object;Ljava/lang/Object;Ljava/lang/Object;)V
smali_classes2\io\ktor\client\plugins\飘花落叶言子楪哲兰苏世.smali	753	    invoke-static {p0, v0}, Ltop/suzhelan/qstory/hook/item/飘花落叶言子楪哲苏兰世;->飘花落叶言子楪世哲兰苏(Ljava/lang/Object;Ljava/lang/Object;)V
smali_classes2\io\ktor\client\plugins\飘花落叶言子楪哲兰苏世.smali	782	    invoke-static {p0, v0}, Ltop/suzhelan/qstory/hook/item/飘花落叶言子楪哲苏兰世;->飘花落叶言子楪世哲兰苏(Ljava/lang/Object;Ljava/lang/Object;)V
smali_classes2\io\ktor\client\plugins\飘花落叶言子楪哲兰苏世.smali	1518	    invoke-static {p0}, Ltop/suzhelan/qstory/hook/item/飘花落叶言子楪哲苏兰世;->飘花落叶言子楪苏哲世兰(Ljava/lang/Throwable;)V
smali_classes2\io\ktor\client\plugins\飘花落叶言子楪哲兰苏世.smali	1795	    invoke-static {v1, v2, p2}, Lio/ktor/client/plugins/飘花落叶言子楪哲兰苏世;->飘花落叶言子楪苏世兰哲(Lkotlin/reflect/jvm/internal/impl/types/飘花落叶言子世楪苏兰哲;Lkotlin/reflect/jvm/internal/impl/types/飘花落叶言子世哲兰苏楪;Ljava/util/Set;)Z
smali_classes2\io\ktor\client\plugins\飘花落叶言子楪哲兰苏世.smali	3112	    invoke-static {p1}, Lio/ktor/client/plugins/飘花落叶言子楪哲兰苏世;->飘花落叶言子苏楪哲兰世(Ljava/lang/String;)Lkotlin/reflect/jvm/internal/impl/name/飘花落叶言子楪世苏兰哲;
smali_classes2\io\ktor\client\plugins\飘花落叶言子楪哲兰苏世.smali	4049	    sget-boolean v0, Lio/ktor/client/plugins/飘花落叶言子楪哲兰苏世;->飘花落叶言子楪哲苏兰世:Z
smali_classes2\io\ktor\client\plugins\飘花落叶言子楪哲兰苏世.smali	4057	    invoke-static {p1, p2, p3}, Lio/ktor/client/plugins/飘花落叶言子楪哲兰苏世;->飘花落叶言子世苏楪哲兰(Landroid/content/Context;ILandroid/content/res/Resources$Theme;)Landroid/graphics/drawable/Drawable;
smali_classes2\io\ktor\client\plugins\飘花落叶言子楪哲兰苏世.smali	4123	    sput-boolean p0, Lio/ktor/client/plugins/飘花落叶言子楪哲兰苏世;->飘花落叶言子楪哲苏兰世:Z
smali_classes2\io\ktor\client\plugins\飘花落叶言子楪哲兰苏世.smali	5251	    invoke-static {v0, p1, p2, p3}, Lio/ktor/client/plugins/飘花落叶言子楪哲兰苏世;->飘花落叶言子楪哲兰苏世(Lkotlin/reflect/jvm/internal/impl/types/飘花落叶言子世楪苏兰哲;Lkotlin/reflect/jvm/internal/impl/types/飘花落叶言子世楪兰哲苏;Ljava/util/LinkedHashSet;Ljava/util/Set;)V
smali_classes2\io\ktor\client\plugins\飘花落叶言子楪哲兰苏世.smali	5520	    invoke-static {v1, p1, p2, p3}, Lio/ktor/client/plugins/飘花落叶言子楪哲兰苏世;->飘花落叶言子楪哲兰苏世(Lkotlin/reflect/jvm/internal/impl/types/飘花落叶言子世楪苏兰哲;Lkotlin/reflect/jvm/internal/impl/types/飘花落叶言子世楪兰哲苏;Ljava/util/LinkedHashSet;Ljava/util/Set;)V
smali_classes2\io\ktor\client\plugins\飘花落叶言子楪哲兰苏世.smali	5762	    invoke-static {v3}, Lio/ktor/client/plugins/飘花落叶言子楪哲兰苏世;->飘花落叶言子楪哲苏兰世(Ljava/io/File;)V
smali_classes2\io\ktor\client\plugins\飘花落叶言子楪哲兰苏世.smali	6079	    invoke-static {v1, p1, p2}, Lio/ktor/client/plugins/飘花落叶言子楪哲兰苏世;->飘花落叶言子楪苏世兰哲(Lkotlin/reflect/jvm/internal/impl/types/飘花落叶言子世楪苏兰哲;Lkotlin/reflect/jvm/internal/impl/types/飘花落叶言子世哲兰苏楪;Ljava/util/Set;)Z
smali_classes2\io\ktor\client\plugins\飘花落叶言子楪哲兰苏世.smali	6503	    invoke-static {v0, p0}, Lio/ktor/client/plugins/飘花落叶言子楪哲兰苏世;->飘花落叶言子楪苏哲兰世(Ljava/io/File;Ljava/io/InputStream;)V
smali_classes2\io\ktor\client\plugins\飘花落叶言子楪哲兰苏世.smali	6532	    invoke-static {p0, p1}, Ltop/suzhelan/qstory/hook/item/飘花落叶言子楪哲苏兰世;->飘花落叶言子楪世哲兰苏(Ljava/lang/Object;Ljava/lang/Object;)V
smali_classes2\io\ktor\client\plugins\飘花落叶言子楪哲兰苏世.smali	6561	    invoke-static {p0, p1}, Ltop/suzhelan/qstory/hook/item/飘花落叶言子楪哲苏兰世;->飘花落叶言子楪世哲兰苏(Ljava/lang/Object;Ljava/lang/Object;)V
smali_classes2\io\ktor\client\plugins\飘花落叶言子楪哲兰苏世.smali	6659	    invoke-static {p1, p0}, Ltop/suzhelan/qstory/hook/item/飘花落叶言子楪哲苏兰世;->飘花落叶言子楪世哲兰苏(Ljava/lang/Object;Ljava/lang/Object;)V
smali_classes2\io\ktor\client\plugins\飘花落叶言子楪哲兰苏世.smali	7129	    invoke-static {p1, p0}, Ltop/suzhelan/qstory/hook/item/飘花落叶言子楪哲苏兰世;->飘花落叶言子楪世哲兰苏(Ljava/lang/Object;Ljava/lang/Object;)V
smali_classes2\io\ktor\client\plugins\飘花落叶言子楪哲兰苏世.smali	7646	    invoke-static {p0}, Ltop/suzhelan/qstory/hook/item/飘花落叶言子楪哲苏兰世;->飘花落叶言子楪苏哲世兰(Ljava/lang/Throwable;)V
smali_classes2\io\ktor\client\plugins\飘花落叶言子楪哲兰苏世.smali	7760	    invoke-static {v0}, Lio/ktor/client/plugins/飘花落叶言子楪哲兰苏世;->飘花落叶言子苏楪哲兰世(Ljava/lang/String;)Lkotlin/reflect/jvm/internal/impl/name/飘花落叶言子楪世苏兰哲;
smali_classes2\io\ktor\client\plugins\飘花落叶言子楪哲兰苏世.smali	7889	    invoke-static {v3, v0, v5, p1}, Lio/ktor/client/plugins/飘花落叶言子楪哲兰苏世;->飘花落叶言子苏楪哲世兰(Lkotlin/reflect/jvm/internal/impl/km/飘花落叶言子楪兰哲世苏;Ljava/lang/String;Ljava/lang/String;Ljava/lang/ClassLoader;)Ljava/lang/Object;
smali_classes2\io\ktor\client\plugins\飘花落叶言子楪哲兰苏世.smali	8357	    invoke-static {v1, v3}, Lio/ktor/client/plugins/飘花落叶言子楪哲兰苏世;->飘花落叶言子世苏楪兰哲(Ljava/lang/ClassLoader;Ljava/lang/String;)Lkotlin/reflect/飘花落叶言子楪世哲兰苏;
smali_classes2\io\ktor\client\plugins\飘花落叶言子楪哲兰苏世.smali	8418	    invoke-static {v3}, Lio/ktor/client/plugins/飘花落叶言子楪哲兰苏世;->飘花落叶言子苏楪哲兰世(Ljava/lang/String;)Lkotlin/reflect/jvm/internal/impl/name/飘花落叶言子楪世苏兰哲;
smali_classes2\io\ktor\client\plugins\飘花落叶言子楪哲兰苏世.smali	8588	    invoke-static {v10, v1}, Lio/ktor/client/plugins/飘花落叶言子楪哲兰苏世;->飘花落叶言子苏楪世兰哲(Lkotlin/reflect/jvm/internal/impl/km/飘花落叶言子楪世哲苏兰;Ljava/lang/ClassLoader;)Ljava/lang/annotation/Annotation;
smali_classes2\io\ktor\client\plugins\飘花落叶言子楪哲兰苏世.smali	8613	    invoke-static {v8, v1, v2, v7}, Lio/ktor/client/plugins/飘花落叶言子楪哲兰苏世;->飘花落叶言子苏楪兰世哲(Lkotlin/reflect/jvm/internal/impl/km/飘花落叶言子世苏兰哲楪;Ljava/lang/ClassLoader;Lkotlin/reflect/jvm/internal/飘花落叶言楪子哲兰世苏;L飘花落叶言世子哲兰苏楪/飘花落叶言子楪世苏哲兰;)Lkotlin/reflect/jvm/internal/types/飘花落叶言子楪世苏哲兰;
smali_classes2\io\ktor\client\plugins\飘花落叶言子楪哲兰苏世.smali	8773	    invoke-static {v3}, Lio/ktor/client/plugins/飘花落叶言子楪哲兰苏世;->飘花落叶言子苏楪哲兰世(Ljava/lang/String;)Lkotlin/reflect/jvm/internal/impl/name/飘花落叶言子楪世苏兰哲;
smali_classes2\io\ktor\client\plugins\飘花落叶言子楪哲兰苏世.smali	9208	    invoke-static {v3, v0}, Llin/xposed/hook/javaplugin/飘花落叶言子楪世苏哲兰;->飘花落叶言子楪兰世苏哲(Ljava/lang/Object;Ljava/lang/String;)V
smali_classes2\io\ktor\client\plugins\飘花落叶言子楪哲兰苏世.smali	9283	    invoke-static {v0, v3, v2, v4}, Lio/ktor/client/plugins/飘花落叶言子楪哲兰苏世;->飘花落叶言子苏楪兰世哲(Lkotlin/reflect/jvm/internal/impl/km/飘花落叶言子世苏兰哲楪;Ljava/lang/ClassLoader;Lkotlin/reflect/jvm/internal/飘花落叶言楪子哲兰世苏;L飘花落叶言世子哲兰苏楪/飘花落叶言子楪世苏哲兰;)Lkotlin/reflect/jvm/internal/types/飘花落叶言子楪世苏哲兰;
smali_classes2\io\ktor\client\plugins\飘花落叶言子楪哲兰苏世.smali	9509	    invoke-static {p0, p3}, Lio/ktor/client/plugins/飘花落叶言子楪哲兰苏世;->飘花落叶言子苏楪世兰哲(Lkotlin/reflect/jvm/internal/impl/km/飘花落叶言子楪世哲苏兰;Ljava/lang/ClassLoader;)Ljava/lang/annotation/Annotation;
smali_classes2\io\ktor\client\plugins\飘花落叶言子楪哲兰苏世.smali	9544	    invoke-static {p3, p1}, Lio/ktor/client/plugins/飘花落叶言子楪哲兰苏世;->飘花落叶言子世苏楪兰哲(Ljava/lang/ClassLoader;Ljava/lang/String;)Lkotlin/reflect/飘花落叶言子楪世哲兰苏;
smali_classes2\io\ktor\client\plugins\飘花落叶言子楪哲兰苏世.smali	9628	    invoke-static {p3, p1}, Lio/ktor/client/plugins/飘花落叶言子楪哲兰苏世;->飘花落叶言子世苏楪兰哲(Ljava/lang/ClassLoader;Ljava/lang/String;)Lkotlin/reflect/飘花落叶言子楪世哲兰苏;
smali_classes2\io\ktor\client\plugins\飘花落叶言子楪哲兰苏世.smali	9968	    invoke-static {v1, p1, v4, p3}, Lio/ktor/client/plugins/飘花落叶言子楪哲兰苏世;->飘花落叶言子苏楪哲世兰(Lkotlin/reflect/jvm/internal/impl/km/飘花落叶言子楪兰哲世苏;Ljava/lang/String;Ljava/lang/String;Ljava/lang/ClassLoader;)Ljava/lang/Object;
smali_classes2\io\ktor\client\plugins\飘花落叶言子楪哲兰苏世.smali	10084	    invoke-static {p0}, Lio/ktor/client/plugins/飘花落叶言子楪哲兰苏世;->飘花落叶言子苏楪哲兰世(Ljava/lang/String;)Lkotlin/reflect/jvm/internal/impl/name/飘花落叶言子楪世苏兰哲;
smali_classes2\io\ktor\client\plugins\飘花落叶言子楪哲兰苏世.smali	10304	    invoke-static {p0}, Lio/ktor/client/plugins/飘花落叶言子楪哲兰苏世;->飘花落叶言子苏楪哲兰世(Ljava/lang/String;)Lkotlin/reflect/jvm/internal/impl/name/飘花落叶言子楪世苏兰哲;
smali_classes2\io\ktor\client\plugins\飘花落叶言子楪哲兰苏世.smali	10530	    invoke-virtual {p0, p1}, Lio/ktor/client/plugins/飘花落叶言子楪哲兰苏世;->飘花落叶言子世哲楪苏兰(I)I
smali_classes2\io\ktor\client\plugins\飘花落叶言子楪哲兰苏世.smali	10549	    invoke-virtual {p0, p1}, Lio/ktor/client/plugins/飘花落叶言子楪哲兰苏世;->飘花落叶言子世哲楪苏兰(I)I
smali_classes2\io\ktor\client\plugins\飘花落叶言子楪哲兰苏世.smali	10572	    invoke-virtual {p0, p1}, Lio/ktor/client/plugins/飘花落叶言子楪哲兰苏世;->飘花落叶言子世苏兰楪哲(I)I
smali_classes2\io\ktor\client\plugins\飘花落叶言子楪哲兰苏世.smali	10591	    invoke-virtual {p0, p1}, Lio/ktor/client/plugins/飘花落叶言子楪哲兰苏世;->飘花落叶言子世苏兰楪哲(I)I
smali_classes2\io\ktor\client\plugins\飘花落叶言子楪哲兰苏世.smali	10632	    invoke-virtual {p0, p1}, Lio/ktor/client/plugins/飘花落叶言子楪哲兰苏世;->飘花落叶言子世苏兰楪哲(I)I
smali_classes2\io\ktor\client\plugins\飘花落叶言子楪哲兰苏世.smali	10647	    invoke-virtual {p0, p1}, Lio/ktor/client/plugins/飘花落叶言子楪哲兰苏世;->飘花落叶言子世哲楪苏兰(I)I
smali_classes2\io\ktor\client\plugins\飘花落叶言子楪哲苏世兰.smali	1	.class public abstract Lio/ktor/client/plugins/飘花落叶言子楪哲苏世兰;
smali_classes2\io\ktor\client\plugins\飘花落叶言子楪哲苏世兰.smali	36	    const-string v0, "io.ktor.client.plugins.HttpRedirect"
smali_classes2\io\ktor\client\plugins\飘花落叶言子楪哲苏世兰.smali	53	    sget-object v0, Lio/ktor/client/plugins/HttpRedirectKt$HttpRedirect$1;->INSTANCE:Lio/ktor/client/plugins/HttpRedirectKt$HttpRedirect$1;
smali_classes2\io\ktor\client\plugins\飘花落叶言子楪哲苏世兰.smali	73	    invoke-static {v2, v0, v1}, Lkotlin/collections/飘花落叶言子世苏楪哲兰;->飘花落叶言子楪苏哲兰世(Ljava/lang/String;L飘花落叶言世子哲兰苏楪/飘花落叶言子楪世苏哲兰;L飘花落叶言世子哲兰苏楪/飘花落叶言子楪苏兰哲世;)Lio/ktor/client/plugins/api/飘花落叶言子楪世苏兰哲;
smali_classes2\io\ktor\client\plugins\飘花落叶言子楪哲苏兰世.smali	1	.class public final Lio/ktor/client/plugins/飘花落叶言子楪哲苏兰世;
smali_classes2\io\ktor\client\plugins\飘花落叶言子楪苏世兰哲.smali	1	.class public final synthetic Lio/ktor/client/plugins/飘花落叶言子楪苏世兰哲;
smali_classes2\io\ktor\client\plugins\飘花落叶言子楪苏世兰哲.smali	23	    iput-boolean p1, p0, Lio/ktor/client/plugins/飘花落叶言子楪苏世兰哲;->飘花落叶言子楪哲苏兰世:Z
smali_classes2\io\ktor\client\plugins\飘花落叶言子楪苏世兰哲.smali	36	    iget-boolean p0, p0, Lio/ktor/client/plugins/飘花落叶言子楪苏世兰哲;->飘花落叶言子楪哲苏兰世:Z
smali_classes2\io\ktor\client\plugins\飘花落叶言子楪苏世兰哲.smali	40	    invoke-static {p0}, Lio/ktor/client/plugins/HttpCallValidatorKt$HttpCallValidator$2$1;->飘花落叶言子楪世哲兰苏(Z)Z
smali_classes2\io\ktor\client\plugins\飘花落叶言子楪苏世哲兰.smali	1	.class public final Lio/ktor/client/plugins/飘花落叶言子楪苏世哲兰;
smali_classes2\io\ktor\client\plugins\飘花落叶言子楪苏兰世哲.smali	1	.class public abstract Lio/ktor/client/plugins/飘花落叶言子楪苏兰世哲;
smali_classes2\io\ktor\client\plugins\飘花落叶言子楪苏兰世哲.smali	37	    const-string v0, "ApplicationPluginRegistry"
smali_classes2\io\ktor\client\plugins\飘花落叶言子楪苏兰哲世.smali	1	.class public final Lio/ktor/client/plugins/飘花落叶言子楪苏兰哲世;
smali_classes2\io\ktor\client\plugins\飘花落叶言子楪苏哲世兰.smali	1	.class public final Lio/ktor/client/plugins/飘花落叶言子楪苏哲世兰;
smali_classes2\io\ktor\client\plugins\飘花落叶言子楪苏哲世兰.smali	39	    iput-object v0, p0, Lio/ktor/client/plugins/飘花落叶言子楪苏哲世兰;->飘花落叶言子楪哲苏兰世:L飘花落叶言楪兰苏世子哲/飘花落叶言子世哲苏楪兰;
smali_classes2\io\ktor\client\plugins\飘花落叶言子楪苏哲兰世.smali	1	.class public abstract Lio/ktor/client/plugins/飘花落叶言子楪苏哲兰世;
smali_classes2\io\ktor\client\plugins\飘花落叶言子楪苏哲兰世.smali	17	    const-string v0, "io.ktor.client.plugins.HttpCallValidator"
smali_classes2\io\ktor\client\plugins\飘花落叶言子楪苏哲兰世.smali	34	    sput-object v0, Lio/ktor/client/plugins/飘花落叶言子楪苏哲兰世;->飘花落叶言子楪世苏哲兰:L飘花落叶言苏楪世子兰哲/飘花落叶言子楪世苏兰哲;
smali_classes2\io\ktor\client\plugins\飘花落叶言子楪苏哲兰世.smali	38	    sget-object v0, Lio/ktor/client/plugins/HttpCallValidatorKt$HttpCallValidator$1;->INSTANCE:Lio/ktor/client/plugins/HttpCallValidatorKt$HttpCallValidator$1;
smali_classes2\io\ktor\client\plugins\飘花落叶言子楪苏哲兰世.smali	58	    invoke-static {v2, v0, v1}, Lkotlin/collections/飘花落叶言子世苏楪哲兰;->飘花落叶言子楪苏哲兰世(Ljava/lang/String;L飘花落叶言世子哲兰苏楪/飘花落叶言子楪世苏哲兰;L飘花落叶言世子哲兰苏楪/飘花落叶言子楪苏兰哲世;)Lio/ktor/client/plugins/api/飘花落叶言子楪世苏兰哲;
smali_classes2\io\ktor\client\plugins\飘花落叶言子楪苏哲兰世.smali	124	    sput-object v0, Lio/ktor/client/plugins/飘花落叶言子楪苏哲兰世;->飘花落叶言子楪世苏兰哲:Lio/ktor/util/飘花落叶言子楪世苏哲兰;
smali_classes2\io\ktor\client\plugins\飘花落叶言子楪苏哲兰世.smali	135	    instance-of v0, p0, Lio/ktor/client/plugins/HttpCallValidatorKt$HttpCallValidator$2$validateResponse$1;
smali_classes2\io\ktor\client\plugins\飘花落叶言子楪苏哲兰世.smali	146	    check-cast v0, Lio/ktor/client/plugins/HttpCallValidatorKt$HttpCallValidator$2$validateResponse$1;
smali_classes2\io\ktor\client\plugins\飘花落叶言子楪苏哲兰世.smali	150	    iget v1, v0, Lio/ktor/client/plugins/HttpCallValidatorKt$HttpCallValidator$2$validateResponse$1;->label:I
smali_classes2\io\ktor\client\plugins\飘花落叶言子楪苏哲兰世.smali	169	    iput v1, v0, Lio/ktor/client/plugins/HttpCallValidatorKt$HttpCallValidator$2$validateResponse$1;->label:I
smali_classes2\io\ktor\client\plugins\飘花落叶言子楪苏哲兰世.smali	177	    new-instance v0, Lio/ktor/client/plugins/HttpCallValidatorKt$HttpCallValidator$2$validateResponse$1;
smali_classes2\io\ktor\client\plugins\飘花落叶言子楪苏哲兰世.smali	181	    invoke-direct {v0, p0}, Lio/ktor/client/plugins/HttpCallValidatorKt$HttpCallValidator$2$validateResponse$1;-><init>(Lkotlin/coroutines/飘花落叶言子楪世哲苏兰;)V
smali_classes2\io\ktor\client\plugins\飘花落叶言子楪苏哲兰世.smali	187	    iget-object p0, v0, Lio/ktor/client/plugins/HttpCallValidatorKt$HttpCallValidator$2$validateResponse$1;->result:Ljava/lang/Object;
smali_classes2\io\ktor\client\plugins\飘花落叶言子楪苏哲兰世.smali	195	    iget v2, v0, Lio/ktor/client/plugins/HttpCallValidatorKt$HttpCallValidator$2$validateResponse$1;->label:I
smali_classes2\io\ktor\client\plugins\飘花落叶言子楪苏哲兰世.smali	213	    iget-object v2, v0, Lio/ktor/client/plugins/HttpCallValidatorKt$HttpCallValidator$2$validateResponse$1;->L$1:Ljava/lang/Object;
smali_classes2\io\ktor\client\plugins\飘花落叶言子楪苏哲兰世.smali	221	    iget-object v5, v0, Lio/ktor/client/plugins/HttpCallValidatorKt$HttpCallValidator$2$validateResponse$1;->L$0:Ljava/lang/Object;
smali_classes2\io\ktor\client\plugins\飘花落叶言子楪苏哲兰世.smali	259	    iput-object v3, v0, Lio/ktor/client/plugins/HttpCallValidatorKt$HttpCallValidator$2$validateResponse$1;->L$0:Ljava/lang/Object;
smali_classes2\io\ktor\client\plugins\飘花落叶言子楪苏哲兰世.smali	263	    iput-object v2, v0, Lio/ktor/client/plugins/HttpCallValidatorKt$HttpCallValidator$2$validateResponse$1;->L$1:Ljava/lang/Object;
smali_classes2\io\ktor\client\plugins\飘花落叶言子楪苏哲兰世.smali	267	    iput v4, v0, Lio/ktor/client/plugins/HttpCallValidatorKt$HttpCallValidator$2$validateResponse$1;->label:I
smali_classes2\io\ktor\client\plugins\飘花落叶言子楪苏哲兰世.smali	329	    instance-of v0, p3, Lio/ktor/client/plugins/HttpCallValidatorKt$HttpCallValidator$2$processException$1;
smali_classes2\io\ktor\client\plugins\飘花落叶言子楪苏哲兰世.smali	340	    check-cast v0, Lio/ktor/client/plugins/HttpCallValidatorKt$HttpCallValidator$2$processException$1;
smali_classes2\io\ktor\client\plugins\飘花落叶言子楪苏哲兰世.smali	344	    iget v1, v0, Lio/ktor/client/plugins/HttpCallValidatorKt$HttpCallValidator$2$processException$1;->label:I
smali_classes2\io\ktor\client\plugins\飘花落叶言子楪苏哲兰世.smali	363	    iput v1, v0, Lio/ktor/client/plugins/HttpCallValidatorKt$HttpCallValidator$2$processException$1;->label:I
smali_classes2\io\ktor\client\plugins\飘花落叶言子楪苏哲兰世.smali	371	    new-instance v0, Lio/ktor/client/plugins/HttpCallValidatorKt$HttpCallValidator$2$processException$1;
smali_classes2\io\ktor\client\plugins\飘花落叶言子楪苏哲兰世.smali	375	    invoke-direct {v0, p3}, Lio/ktor/client/plugins/HttpCallValidatorKt$HttpCallValidator$2$processException$1;-><init>(Lkotlin/coroutines/飘花落叶言子楪世哲苏兰;)V
smali_classes2\io\ktor\client\plugins\飘花落叶言子楪苏哲兰世.smali	381	    iget-object p3, v0, Lio/ktor/client/plugins/HttpCallValidatorKt$HttpCallValidator$2$processException$1;->result:Ljava/lang/Object;
smali_classes2\io\ktor\client\plugins\飘花落叶言子楪苏哲兰世.smali	389	    iget v1, v0, Lio/ktor/client/plugins/HttpCallValidatorKt$HttpCallValidator$2$processException$1;->label:I
smali_classes2\io\ktor\client\plugins\飘花落叶言子楪苏哲兰世.smali	412	    iget-object p0, v0, Lio/ktor/client/plugins/HttpCallValidatorKt$HttpCallValidator$2$processException$1;->L$2:Ljava/lang/Object;
smali_classes2\io\ktor\client\plugins\飘花落叶言子楪苏哲兰世.smali	420	    iget-object p1, v0, Lio/ktor/client/plugins/HttpCallValidatorKt$HttpCallValidator$2$processException$1;->L$1:Ljava/lang/Object;
smali_classes2\io\ktor\client\plugins\飘花落叶言子楪苏哲兰世.smali	428	    iget-object p1, v0, Lio/ktor/client/plugins/HttpCallValidatorKt$HttpCallValidator$2$processException$1;->L$0:Ljava/lang/Object;
smali_classes2\io\ktor\client\plugins\飘花落叶言子楪苏哲兰世.smali	490	    check-cast p2, Lio/ktor/client/plugins/飘花落叶言子楪苏哲世兰;
smali_classes2\io\ktor\client\plugins\飘花落叶言子楪苏哲兰世.smali	494	    iget-object p1, p2, Lio/ktor/client/plugins/飘花落叶言子楪苏哲世兰;->飘花落叶言子楪哲苏兰世:L飘花落叶言楪兰苏世子哲/飘花落叶言子世哲苏楪兰;
smali_classes2\io\ktor\client\plugins\飘花落叶言子楪苏哲兰世.smali	511	    sget-object p2, Lio/ktor/client/plugins/飘花落叶言子楪苏哲兰世;->飘花落叶言子楪世苏哲兰:L飘花落叶言苏楪世子兰哲/飘花落叶言子楪世苏兰哲;
smali_classes2\io\ktor\client\plugins\api\RequestHook$install$1.smali	1	.class final Lio/ktor/client/plugins/api/RequestHook$install$1;
smali_classes2\io\ktor\client\plugins\api\RequestHook$install$1.smali	39	    c = "io.ktor.client.plugins.api.RequestHook$install$1"
smali_classes2\io\ktor\client\plugins\api\RequestHook$install$1.smali	71	            "Lio/ktor/client/plugins/api/RequestHook$install$1;",
smali_classes2\io\ktor\client\plugins\api\RequestHook$install$1.smali	77	    iput-object p1, p0, Lio/ktor/client/plugins/api/RequestHook$install$1;->$handler:L飘花落叶言世子哲兰苏楪/飘花落叶言子楪哲兰苏世;
smali_classes2\io\ktor\client\plugins\api\RequestHook$install$1.smali	110	    new-instance p2, Lio/ktor/client/plugins/api/RequestHook$install$1;
smali_classes2\io\ktor\client\plugins\api\RequestHook$install$1.smali	114	    iget-object p0, p0, Lio/ktor/client/plugins/api/RequestHook$install$1;->$handler:L飘花落叶言世子哲兰苏楪/飘花落叶言子楪哲兰苏世;
smali_classes2\io\ktor\client\plugins\api\RequestHook$install$1.smali	118	    invoke-direct {p2, p0, p3}, Lio/ktor/client/plugins/api/RequestHook$install$1;-><init>(L飘花落叶言世子哲兰苏楪/飘花落叶言子楪哲兰苏世;Lkotlin/coroutines/飘花落叶言子楪世哲苏兰;)V
smali_classes2\io\ktor\client\plugins\api\RequestHook$install$1.smali	123	    iput-object p1, p2, Lio/ktor/client/plugins/api/RequestHook$install$1;->L$0:Ljava/lang/Object;
smali_classes2\io\ktor\client\plugins\api\RequestHook$install$1.smali	131	    invoke-virtual {p2, p0}, Lio/ktor/client/plugins/api/RequestHook$install$1;->invokeSuspend(Ljava/lang/Object;)Ljava/lang/Object;
smali_classes2\io\ktor\client\plugins\api\RequestHook$install$1.smali	150	    invoke-virtual {p0, p1, p2, p3}, Lio/ktor/client/plugins/api/RequestHook$install$1;->invoke(Lio/ktor/util/pipeline/飘花落叶言子楪世哲兰苏;Ljava/lang/Object;Lkotlin/coroutines/飘花落叶言子楪世哲苏兰;)Ljava/lang/Object;
smali_classes2\io\ktor\client\plugins\api\RequestHook$install$1.smali	165	    iget v1, p0, Lio/ktor/client/plugins/api/RequestHook$install$1;->label:I
smali_classes2\io\ktor\client\plugins\api\RequestHook$install$1.smali	210	    iget-object p1, p0, Lio/ktor/client/plugins/api/RequestHook$install$1;->L$0:Ljava/lang/Object;
smali_classes2\io\ktor\client\plugins\api\RequestHook$install$1.smali	218	    iget-object v1, p0, Lio/ktor/client/plugins/api/RequestHook$install$1;->$handler:L飘花落叶言世子哲兰苏楪/飘花落叶言子楪哲兰苏世;
smali_classes2\io\ktor\client\plugins\api\RequestHook$install$1.smali	222	    new-instance v3, Lio/ktor/client/plugins/api/飘花落叶言子楪世哲兰苏;
smali_classes2\io\ktor\client\plugins\api\RequestHook$install$1.smali	243	    iput v2, p0, Lio/ktor/client/plugins/api/RequestHook$install$1;->label:I
smali_classes2\io\ktor\client\plugins\api\ResponseHook$install$1.smali	1	.class final Lio/ktor/client/plugins/api/ResponseHook$install$1;
smali_classes2\io\ktor\client\plugins\api\ResponseHook$install$1.smali	38	    c = "io.ktor.client.plugins.api.ResponseHook$install$1"
smali_classes2\io\ktor\client\plugins\api\ResponseHook$install$1.smali	70	            "Lio/ktor/client/plugins/api/ResponseHook$install$1;",
smali_classes2\io\ktor\client\plugins\api\ResponseHook$install$1.smali	76	    iput-object p1, p0, Lio/ktor/client/plugins/api/ResponseHook$install$1;->$handler:L飘花落叶言世子哲兰苏楪/飘花落叶言子楪哲兰世苏;
smali_classes2\io\ktor\client\plugins\api\ResponseHook$install$1.smali	109	    new-instance p2, Lio/ktor/client/plugins/api/ResponseHook$install$1;
smali_classes2\io\ktor\client\plugins\api\ResponseHook$install$1.smali	113	    iget-object p0, p0, Lio/ktor/client/plugins/api/ResponseHook$install$1;->$handler:L飘花落叶言世子哲兰苏楪/飘花落叶言子楪哲兰世苏;
smali_classes2\io\ktor\client\plugins\api\ResponseHook$install$1.smali	117	    invoke-direct {p2, p0, p3}, Lio/ktor/client/plugins/api/ResponseHook$install$1;-><init>(L飘花落叶言世子哲兰苏楪/飘花落叶言子楪哲兰世苏;Lkotlin/coroutines/飘花落叶言子楪世哲苏兰;)V
smali_classes2\io\ktor\client\plugins\api\ResponseHook$install$1.smali	122	    iput-object p1, p2, Lio/ktor/client/plugins/api/ResponseHook$install$1;->L$0:Ljava/lang/Object;
smali_classes2\io\ktor\client\plugins\api\ResponseHook$install$1.smali	130	    invoke-virtual {p2, p0}, Lio/ktor/client/plugins/api/ResponseHook$install$1;->invokeSuspend(Ljava/lang/Object;)Ljava/lang/Object;
smali_classes2\io\ktor\client\plugins\api\ResponseHook$install$1.smali	151	    invoke-virtual {p0, p1, p2, p3}, Lio/ktor/client/plugins/api/ResponseHook$install$1;->invoke(Lio/ktor/util/pipeline/飘花落叶言子楪世哲兰苏;Lio/ktor/client/statement/飘花落叶言子楪世苏哲兰;Lkotlin/coroutines/飘花落叶言子楪世哲苏兰;)Ljava/lang/Object;
smali_classes2\io\ktor\client\plugins\api\ResponseHook$install$1.smali	166	    iget v1, p0, Lio/ktor/client/plugins/api/ResponseHook$install$1;->label:I
smali_classes2\io\ktor\client\plugins\api\ResponseHook$install$1.smali	211	    iget-object p1, p0, Lio/ktor/client/plugins/api/ResponseHook$install$1;->L$0:Ljava/lang/Object;
smali_classes2\io\ktor\client\plugins\api\ResponseHook$install$1.smali	219	    iget-object v1, p0, Lio/ktor/client/plugins/api/ResponseHook$install$1;->$handler:L飘花落叶言世子哲兰苏楪/飘花落叶言子楪哲兰世苏;
smali_classes2\io\ktor\client\plugins\api\ResponseHook$install$1.smali	223	    new-instance v3, Lio/ktor/client/plugins/api/飘花落叶言子楪世苏兰哲;
smali_classes2\io\ktor\client\plugins\api\ResponseHook$install$1.smali	240	    iput v2, p0, Lio/ktor/client/plugins/api/ResponseHook$install$1;->label:I
smali_classes2\io\ktor\client\plugins\api\Send$install$1.smali	1	.class final Lio/ktor/client/plugins/api/Send$install$1;
smali_classes2\io\ktor\client\plugins\api\Send$install$1.smali	22	        "Lio/ktor/client/plugins/\u98d8\u82b1\u843d\u53f6\u8a00\u5b50\u4e16\u696a\u54f2\u5170\u82cf;",
smali_classes2\io\ktor\client\plugins\api\Send$install$1.smali	27	        "(Lio/ktor/client/plugins/\u98d8\u82b1\u843d\u53f6\u8a00\u5b50\u4e16\u696a\u54f2\u5170\u82cf;L\u98d8\u82b1\u843d\u53f6\u8a00\u696a\u5170\u82cf\u5b50\u4e16\u54f2/\u98d8\u82b1\u843d\u53f6\u8a00\u5b50\u696a\u4e16\u82cf\u5170\u54f2;)Lio/ktor/client/call/\u98d8\u82b1\u843d\u53f6\u8a00\u5b50\u696a\u4e16\u82cf\u54f2\u5170;"
smali_classes2\io\ktor\client\plugins\api\Send$install$1.smali	38	    c = "io.ktor.client.plugins.api.Send$install$1"
smali_classes2\io\ktor\client\plugins\api\Send$install$1.smali	75	            "Lio/ktor/client/plugins/api/Send$install$1;",
smali_classes2\io\ktor\client\plugins\api\Send$install$1.smali	81	    iput-object p1, p0, Lio/ktor/client/plugins/api/Send$install$1;->$handler:L飘花落叶言世子哲兰苏楪/飘花落叶言子楪哲兰世苏;
smali_classes2\io\ktor\client\plugins\api\Send$install$1.smali	98	.method public final invoke(Lio/ktor/client/plugins/飘花落叶言子世楪哲兰苏;L飘花落叶言楪兰苏子世哲/飘花落叶言子楪世苏兰哲;Lkotlin/coroutines/飘花落叶言子楪世哲苏兰;)Ljava/lang/Object;
smali_classes2\io\ktor\client\plugins\api\Send$install$1.smali	103	            "Lio/ktor/client/plugins/\u98d8\u82b1\u843d\u53f6\u8a00\u5b50\u4e16\u696a\u54f2\u5170\u82cf;",
smali_classes2\io\ktor\client\plugins\api\Send$install$1.smali	114	    new-instance v0, Lio/ktor/client/plugins/api/Send$install$1;
smali_classes2\io\ktor\client\plugins\api\Send$install$1.smali	118	    iget-object p0, p0, Lio/ktor/client/plugins/api/Send$install$1;->$handler:L飘花落叶言世子哲兰苏楪/飘花落叶言子楪哲兰世苏;
smali_classes2\io\ktor\client\plugins\api\Send$install$1.smali	125	    invoke-direct {v0, p0, v1, p3}, Lio/ktor/client/plugins/api/Send$install$1;-><init>(L飘花落叶言世子哲兰苏楪/飘花落叶言子楪哲兰世苏;Lio/ktor/client/飘花落叶言子楪世苏哲兰;Lkotlin/coroutines/飘花落叶言子楪世哲苏兰;)V
smali_classes2\io\ktor\client\plugins\api\Send$install$1.smali	130	    iput-object p1, v0, Lio/ktor/client/plugins/api/Send$install$1;->L$0:Ljava/lang/Object;
smali_classes2\io\ktor\client\plugins\api\Send$install$1.smali	134	    iput-object p2, v0, Lio/ktor/client/plugins/api/Send$install$1;->L$1:Ljava/lang/Object;
smali_classes2\io\ktor\client\plugins\api\Send$install$1.smali	142	    invoke-virtual {v0, p0}, Lio/ktor/client/plugins/api/Send$install$1;->invokeSuspend(Ljava/lang/Object;)Ljava/lang/Object;
smali_classes2\io\ktor\client\plugins\api\Send$install$1.smali	157	    check-cast p1, Lio/ktor/client/plugins/飘花落叶言子世楪哲兰苏;
smali_classes2\io\ktor\client\plugins\api\Send$install$1.smali	163	    invoke-virtual {p0, p1, p2, p3}, Lio/ktor/client/plugins/api/Send$install$1;->invoke(Lio/ktor/client/plugins/飘花落叶言子世楪哲兰苏;L飘花落叶言楪兰苏子世哲/飘花落叶言子楪世苏兰哲;Lkotlin/coroutines/飘花落叶言子楪世哲苏兰;)Ljava/lang/Object;
smali_classes2\io\ktor\client\plugins\api\Send$install$1.smali	178	    iget v0, p0, Lio/ktor/client/plugins/api/Send$install$1;->label:I
smali_classes2\io\ktor\client\plugins\api\Send$install$1.smali	223	    iget-object p1, p0, Lio/ktor/client/plugins/api/Send$install$1;->L$0:Ljava/lang/Object;
smali_classes2\io\ktor\client\plugins\api\Send$install$1.smali	227	    check-cast p1, Lio/ktor/client/plugins/飘花落叶言子世楪哲兰苏;
smali_classes2\io\ktor\client\plugins\api\Send$install$1.smali	231	    iget-object p0, p0, Lio/ktor/client/plugins/api/Send$install$1;->L$1:Ljava/lang/Object;
smali_classes2\io\ktor\client\plugins\api\SendingRequest$install$1.smali	1	.class final Lio/ktor/client/plugins/api/SendingRequest$install$1;
smali_classes2\io\ktor\client\plugins\api\SendingRequest$install$1.smali	39	    c = "io.ktor.client.plugins.api.SendingRequest$install$1"
smali_classes2\io\ktor\client\plugins\api\SendingRequest$install$1.smali	71	            "Lio/ktor/client/plugins/api/SendingRequest$install$1;",
smali_classes2\io\ktor\client\plugins\api\SendingRequest$install$1.smali	77	    iput-object p1, p0, Lio/ktor/client/plugins/api/SendingRequest$install$1;->$handler:L飘花落叶言世子哲兰苏楪/飘花落叶言子楪哲兰世苏;
smali_classes2\io\ktor\client\plugins\api\SendingRequest$install$1.smali	110	    new-instance p2, Lio/ktor/client/plugins/api/SendingRequest$install$1;
smali_classes2\io\ktor\client\plugins\api\SendingRequest$install$1.smali	114	    iget-object p0, p0, Lio/ktor/client/plugins/api/SendingRequest$install$1;->$handler:L飘花落叶言世子哲兰苏楪/飘花落叶言子楪哲兰世苏;
smali_classes2\io\ktor\client\plugins\api\SendingRequest$install$1.smali	118	    invoke-direct {p2, p0, p3}, Lio/ktor/client/plugins/api/SendingRequest$install$1;-><init>(L飘花落叶言世子哲兰苏楪/飘花落叶言子楪哲兰世苏;Lkotlin/coroutines/飘花落叶言子楪世哲苏兰;)V
smali_classes2\io\ktor\client\plugins\api\SendingRequest$install$1.smali	123	    iput-object p1, p2, Lio/ktor/client/plugins/api/SendingRequest$install$1;->L$0:Ljava/lang/Object;
smali_classes2\io\ktor\client\plugins\api\SendingRequest$install$1.smali	131	    invoke-virtual {p2, p0}, Lio/ktor/client/plugins/api/SendingRequest$install$1;->invokeSuspend(Ljava/lang/Object;)Ljava/lang/Object;
smali_classes2\io\ktor\client\plugins\api\SendingRequest$install$1.smali	150	    invoke-virtual {p0, p1, p2, p3}, Lio/ktor/client/plugins/api/SendingRequest$install$1;->invoke(Lio/ktor/util/pipeline/飘花落叶言子楪世哲兰苏;Ljava/lang/Object;Lkotlin/coroutines/飘花落叶言子楪世哲苏兰;)Ljava/lang/Object;
smali_classes2\io\ktor\client\plugins\api\SendingRequest$install$1.smali	165	    iget v1, p0, Lio/ktor/client/plugins/api/SendingRequest$install$1;->label:I
smali_classes2\io\ktor\client\plugins\api\SendingRequest$install$1.smali	210	    iget-object p1, p0, Lio/ktor/client/plugins/api/SendingRequest$install$1;->L$0:Ljava/lang/Object;
smali_classes2\io\ktor\client\plugins\api\SendingRequest$install$1.smali	218	    iget-object v1, p0, Lio/ktor/client/plugins/api/SendingRequest$install$1;->$handler:L飘花落叶言世子哲兰苏楪/飘花落叶言子楪哲兰世苏;
smali_classes2\io\ktor\client\plugins\api\SendingRequest$install$1.smali	243	    iput v2, p0, Lio/ktor/client/plugins/api/SendingRequest$install$1;->label:I
smali_classes2\io\ktor\client\plugins\api\SetupRequest$install$1.smali	1	.class final Lio/ktor/client/plugins/api/SetupRequest$install$1;
smali_classes2\io\ktor\client\plugins\api\SetupRequest$install$1.smali	39	    c = "io.ktor.client.plugins.api.SetupRequest$install$1"
smali_classes2\io\ktor\client\plugins\api\SetupRequest$install$1.smali	71	            "Lio/ktor/client/plugins/api/SetupRequest$install$1;",
smali_classes2\io\ktor\client\plugins\api\SetupRequest$install$1.smali	77	    iput-object p1, p0, Lio/ktor/client/plugins/api/SetupRequest$install$1;->$handler:L飘花落叶言世子哲兰苏楪/飘花落叶言子楪哲苏兰世;
smali_classes2\io\ktor\client\plugins\api\SetupRequest$install$1.smali	110	    new-instance p2, Lio/ktor/client/plugins/api/SetupRequest$install$1;
smali_classes2\io\ktor\client\plugins\api\SetupRequest$install$1.smali	114	    iget-object p0, p0, Lio/ktor/client/plugins/api/SetupRequest$install$1;->$handler:L飘花落叶言世子哲兰苏楪/飘花落叶言子楪哲苏兰世;
smali_classes2\io\ktor\client\plugins\api\SetupRequest$install$1.smali	118	    invoke-direct {p2, p0, p3}, Lio/ktor/client/plugins/api/SetupRequest$install$1;-><init>(L飘花落叶言世子哲兰苏楪/飘花落叶言子楪哲苏兰世;Lkotlin/coroutines/飘花落叶言子楪世哲苏兰;)V
smali_classes2\io\ktor\client\plugins\api\SetupRequest$install$1.smali	123	    iput-object p1, p2, Lio/ktor/client/plugins/api/SetupRequest$install$1;->L$0:Ljava/lang/Object;
smali_classes2\io\ktor\client\plugins\api\SetupRequest$install$1.smali	131	    invoke-virtual {p2, p0}, Lio/ktor/client/plugins/api/SetupRequest$install$1;->invokeSuspend(Ljava/lang/Object;)Ljava/lang/Object;
smali_classes2\io\ktor\client\plugins\api\SetupRequest$install$1.smali	150	    invoke-virtual {p0, p1, p2, p3}, Lio/ktor/client/plugins/api/SetupRequest$install$1;->invoke(Lio/ktor/util/pipeline/飘花落叶言子楪世哲兰苏;Ljava/lang/Object;Lkotlin/coroutines/飘花落叶言子楪世哲苏兰;)Ljava/lang/Object;
smali_classes2\io\ktor\client\plugins\api\SetupRequest$install$1.smali	165	    iget v1, p0, Lio/ktor/client/plugins/api/SetupRequest$install$1;->label:I
smali_classes2\io\ktor\client\plugins\api\SetupRequest$install$1.smali	210	    iget-object p1, p0, Lio/ktor/client/plugins/api/SetupRequest$install$1;->L$0:Ljava/lang/Object;
smali_classes2\io\ktor\client\plugins\api\SetupRequest$install$1.smali	218	    iget-object v1, p0, Lio/ktor/client/plugins/api/SetupRequest$install$1;->$handler:L飘花落叶言世子哲兰苏楪/飘花落叶言子楪哲苏兰世;
smali_classes2\io\ktor\client\plugins\api\SetupRequest$install$1.smali	226	    iput v2, p0, Lio/ktor/client/plugins/api/SetupRequest$install$1;->label:I
smali_classes2\io\ktor\client\plugins\api\TransformRequestBodyHook$install$1.smali	1	.class final Lio/ktor/client/plugins/api/TransformRequestBodyHook$install$1;
smali_classes2\io\ktor\client\plugins\api\TransformRequestBodyHook$install$1.smali	39	    c = "io.ktor.client.plugins.api.TransformRequestBodyHook$install$1"
smali_classes2\io\ktor\client\plugins\api\TransformRequestBodyHook$install$1.smali	72	            "Lio/ktor/client/plugins/api/TransformRequestBodyHook$install$1;",
smali_classes2\io\ktor\client\plugins\api\TransformRequestBodyHook$install$1.smali	78	    iput-object p1, p0, Lio/ktor/client/plugins/api/TransformRequestBodyHook$install$1;->$handler:L飘花落叶言世子哲兰苏楪/飘花落叶言子楪兰世苏哲;
smali_classes2\io\ktor\client\plugins\api\TransformRequestBodyHook$install$1.smali	111	    new-instance p2, Lio/ktor/client/plugins/api/TransformRequestBodyHook$install$1;
smali_classes2\io\ktor\client\plugins\api\TransformRequestBodyHook$install$1.smali	115	    iget-object p0, p0, Lio/ktor/client/plugins/api/TransformRequestBodyHook$install$1;->$handler:L飘花落叶言世子哲兰苏楪/飘花落叶言子楪兰世苏哲;
smali_classes2\io\ktor\client\plugins\api\TransformRequestBodyHook$install$1.smali	119	    invoke-direct {p2, p0, p3}, Lio/ktor/client/plugins/api/TransformRequestBodyHook$install$1;-><init>(L飘花落叶言世子哲兰苏楪/飘花落叶言子楪兰世苏哲;Lkotlin/coroutines/飘花落叶言子楪世哲苏兰;)V
smali_classes2\io\ktor\client\plugins\api\TransformRequestBodyHook$install$1.smali	124	    iput-object p1, p2, Lio/ktor/client/plugins/api/TransformRequestBodyHook$install$1;->L$0:Ljava/lang/Object;
smali_classes2\io\ktor\client\plugins\api\TransformRequestBodyHook$install$1.smali	132	    invoke-virtual {p2, p0}, Lio/ktor/client/plugins/api/TransformRequestBodyHook$install$1;->invokeSuspend(Ljava/lang/Object;)Ljava/lang/Object;
smali_classes2\io\ktor\client\plugins\api\TransformRequestBodyHook$install$1.smali	151	    invoke-virtual {p0, p1, p2, p3}, Lio/ktor/client/plugins/api/TransformRequestBodyHook$install$1;->invoke(Lio/ktor/util/pipeline/飘花落叶言子楪世哲兰苏;Ljava/lang/Object;Lkotlin/coroutines/飘花落叶言子楪世哲苏兰;)Ljava/lang/Object;
smali_classes2\io\ktor\client\plugins\api\TransformRequestBodyHook$install$1.smali	166	    iget v1, p0, Lio/ktor/client/plugins/api/TransformRequestBodyHook$install$1;->label:I
smali_classes2\io\ktor\client\plugins\api\TransformRequestBodyHook$install$1.smali	213	    iget-object v1, p0, Lio/ktor/client/plugins/api/TransformRequestBodyHook$install$1;->L$0:Ljava/lang/Object;
smali_classes2\io\ktor\client\plugins\api\TransformRequestBodyHook$install$1.smali	238	    iget-object p1, p0, Lio/ktor/client/plugins/api/TransformRequestBodyHook$install$1;->L$0:Ljava/lang/Object;
smali_classes2\io\ktor\client\plugins\api\TransformRequestBodyHook$install$1.smali	249	    iget-object v5, p0, Lio/ktor/client/plugins/api/TransformRequestBodyHook$install$1;->$handler:L飘花落叶言世子哲兰苏楪/飘花落叶言子楪兰世苏哲;
smali_classes2\io\ktor\client\plugins\api\TransformRequestBodyHook$install$1.smali	309	    iput-object v1, p0, Lio/ktor/client/plugins/api/TransformRequestBodyHook$install$1;->L$0:Ljava/lang/Object;
smali_classes2\io\ktor\client\plugins\api\TransformRequestBodyHook$install$1.smali	313	    iput v4, p0, Lio/ktor/client/plugins/api/TransformRequestBodyHook$install$1;->label:I
smali_classes2\io\ktor\client\plugins\api\TransformRequestBodyHook$install$1.smali	345	    iput-object v2, v10, Lio/ktor/client/plugins/api/TransformRequestBodyHook$install$1;->L$0:Ljava/lang/Object;
smali_classes2\io\ktor\client\plugins\api\TransformRequestBodyHook$install$1.smali	349	    iput v3, v10, Lio/ktor/client/plugins/api/TransformRequestBodyHook$install$1;->label:I
smali_classes2\io\ktor\client\plugins\api\TransformResponseBodyHook$install$1.smali	1	.class final Lio/ktor/client/plugins/api/TransformResponseBodyHook$install$1;
smali_classes2\io\ktor\client\plugins\api\TransformResponseBodyHook$install$1.smali	39	    c = "io.ktor.client.plugins.api.TransformResponseBodyHook$install$1"
smali_classes2\io\ktor\client\plugins\api\TransformResponseBodyHook$install$1.smali	74	            "Lio/ktor/client/plugins/api/TransformResponseBodyHook$install$1;",
smali_classes2\io\ktor\client\plugins\api\TransformResponseBodyHook$install$1.smali	80	    iput-object p1, p0, Lio/ktor/client/plugins/api/TransformResponseBodyHook$install$1;->$handler:L飘花落叶言世子哲兰苏楪/飘花落叶言子楪兰世苏哲;
smali_classes2\io\ktor\client\plugins\api\TransformResponseBodyHook$install$1.smali	113	    new-instance p2, Lio/ktor/client/plugins/api/TransformResponseBodyHook$install$1;
smali_classes2\io\ktor\client\plugins\api\TransformResponseBodyHook$install$1.smali	117	    iget-object p0, p0, Lio/ktor/client/plugins/api/TransformResponseBodyHook$install$1;->$handler:L飘花落叶言世子哲兰苏楪/飘花落叶言子楪兰世苏哲;
smali_classes2\io\ktor\client\plugins\api\TransformResponseBodyHook$install$1.smali	121	    invoke-direct {p2, p0, p3}, Lio/ktor/client/plugins/api/TransformResponseBodyHook$install$1;-><init>(L飘花落叶言世子哲兰苏楪/飘花落叶言子楪兰世苏哲;Lkotlin/coroutines/飘花落叶言子楪世哲苏兰;)V
smali_classes2\io\ktor\client\plugins\api\TransformResponseBodyHook$install$1.smali	126	    iput-object p1, p2, Lio/ktor/client/plugins/api/TransformResponseBodyHook$install$1;->L$0:Ljava/lang/Object;
smali_classes2\io\ktor\client\plugins\api\TransformResponseBodyHook$install$1.smali	134	    invoke-virtual {p2, p0}, Lio/ktor/client/plugins/api/TransformResponseBodyHook$install$1;->invokeSuspend(Ljava/lang/Object;)Ljava/lang/Object;
smali_classes2\io\ktor\client\plugins\api\TransformResponseBodyHook$install$1.smali	155	    invoke-virtual {p0, p1, p2, p3}, Lio/ktor/client/plugins/api/TransformResponseBodyHook$install$1;->invoke(Lio/ktor/util/pipeline/飘花落叶言子楪世哲兰苏;Lio/ktor/client/statement/飘花落叶言子楪世苏兰哲;Lkotlin/coroutines/飘花落叶言子楪世哲苏兰;)Ljava/lang/Object;
smali_classes2\io\ktor\client\plugins\api\TransformResponseBodyHook$install$1.smali	170	    iget v1, p0, Lio/ktor/client/plugins/api/TransformResponseBodyHook$install$1;->label:I
smali_classes2\io\ktor\client\plugins\api\TransformResponseBodyHook$install$1.smali	221	    iget-object v1, p0, Lio/ktor/client/plugins/api/TransformResponseBodyHook$install$1;->L$1:Ljava/lang/Object;
smali_classes2\io\ktor\client\plugins\api\TransformResponseBodyHook$install$1.smali	229	    iget-object v5, p0, Lio/ktor/client/plugins/api/TransformResponseBodyHook$install$1;->L$0:Ljava/lang/Object;
smali_classes2\io\ktor\client\plugins\api\TransformResponseBodyHook$install$1.smali	286	    invoke-static {p0, p1, v0, v1}, Llin/xposed/hook/javaplugin/飘花落叶言子楪世苏哲兰;->飘花落叶言子楪苏哲世兰(Ljava/lang/String;Ljava/lang/Object;Ljava/lang/Object;Ljava/lang/Object;)V
smali_classes2\io\ktor\client\plugins\api\TransformResponseBodyHook$install$1.smali	305	    iput-object v2, p0, Lio/ktor/client/plugins/api/TransformResponseBodyHook$install$1;->L$0:Ljava/lang/Object;
smali_classes2\io\ktor\client\plugins\api\TransformResponseBodyHook$install$1.smali	309	    iput-object v2, p0, Lio/ktor/client/plugins/api/TransformResponseBodyHook$install$1;->L$1:Ljava/lang/Object;
smali_classes2\io\ktor\client\plugins\api\TransformResponseBodyHook$install$1.smali	313	    iput v4, p0, Lio/ktor/client/plugins/api/TransformResponseBodyHook$install$1;->label:I
smali_classes2\io\ktor\client\plugins\api\TransformResponseBodyHook$install$1.smali	338	    iget-object p0, p0, Lio/ktor/client/plugins/api/TransformResponseBodyHook$install$1;->L$0:Ljava/lang/Object;
smali_classes2\io\ktor\client\plugins\api\飘花落叶言子楪世兰哲苏.smali	1	.class public abstract Lio/ktor/client/plugins/api/飘花落叶言子楪世兰哲苏;
smali_classes2\io\ktor\client\plugins\api\飘花落叶言子楪世兰苏哲.smali	1	.class public abstract Lio/ktor/client/plugins/api/飘花落叶言子楪世兰苏哲;
smali_classes2\io\ktor\client\plugins\api\飘花落叶言子楪世哲兰苏.smali	1	.class public final Lio/ktor/client/plugins/api/飘花落叶言子楪世哲兰苏;
smali_classes2\io\ktor\client\plugins\api\飘花落叶言子楪世哲苏兰.smali	1	.class public abstract Lio/ktor/client/plugins/api/飘花落叶言子楪世哲苏兰;
smali_classes2\io\ktor\client\plugins\api\飘花落叶言子楪世苏哲兰.smali	1	.class public abstract Lio/ktor/client/plugins/api/飘花落叶言子楪世苏哲兰;
smali_classes2\io\ktor\client\plugins\cache\HttpCache$Companion$install$1.smali	1	.class final Lio/ktor/client/plugins/cache/HttpCache$Companion$install$1;
smali_classes2\io\ktor\client\plugins\cache\HttpCache$Companion$install$1.smali	39	    c = "io.ktor.client.plugins.cache.HttpCache$Companion$install$1"
smali_classes2\io\ktor\client\plugins\cache\HttpCache$Companion$install$1.smali	53	.field final synthetic $plugin:Lio/ktor/client/plugins/cache/飘花落叶言子楪世苏兰哲;
smali_classes2\io\ktor\client\plugins\cache\HttpCache$Companion$install$1.smali	65	.method public constructor <init>(Lio/ktor/client/plugins/cache/飘花落叶言子楪世苏兰哲;Lio/ktor/client/飘花落叶言子楪世苏哲兰;Lkotlin/coroutines/飘花落叶言子楪世哲苏兰;)V
smali_classes2\io\ktor\client\plugins\cache\HttpCache$Companion$install$1.smali	70	            "Lio/ktor/client/plugins/cache/\u98d8\u82b1\u843d\u53f6\u8a00\u5b50\u696a\u4e16\u82cf\u5170\u54f2;",
smali_classes2\io\ktor\client\plugins\cache\HttpCache$Companion$install$1.smali	74	            "Lio/ktor/client/plugins/cache/HttpCache$Companion$install$1;",
smali_classes2\io\ktor\client\plugins\cache\HttpCache$Companion$install$1.smali	109	    new-instance p0, Lio/ktor/client/plugins/cache/HttpCache$Companion$install$1;
smali_classes2\io\ktor\client\plugins\cache\HttpCache$Companion$install$1.smali	116	    invoke-direct {p0, v0, v0, p3}, Lio/ktor/client/plugins/cache/HttpCache$Companion$install$1;-><init>(Lio/ktor/client/plugins/cache/飘花落叶言子楪世苏兰哲;Lio/ktor/client/飘花落叶言子楪世苏哲兰;Lkotlin/coroutines/飘花落叶言子楪世哲苏兰;)V
smali_classes2\io\ktor\client\plugins\cache\HttpCache$Companion$install$1.smali	121	    iput-object p1, p0, Lio/ktor/client/plugins/cache/HttpCache$Companion$install$1;->L$0:Ljava/lang/Object;
smali_classes2\io\ktor\client\plugins\cache\HttpCache$Companion$install$1.smali	125	    iput-object p2, p0, Lio/ktor/client/plugins/cache/HttpCache$Companion$install$1;->L$1:Ljava/lang/Object;
smali_classes2\io\ktor\client\plugins\cache\HttpCache$Companion$install$1.smali	133	    invoke-virtual {p0, p1}, Lio/ktor/client/plugins/cache/HttpCache$Companion$install$1;->invokeSuspend(Ljava/lang/Object;)Ljava/lang/Object;
smali_classes2\io\ktor\client\plugins\cache\HttpCache$Companion$install$1.smali	152	    invoke-virtual {p0, p1, p2, p3}, Lio/ktor/client/plugins/cache/HttpCache$Companion$install$1;->invoke(Lio/ktor/util/pipeline/飘花落叶言子楪世哲兰苏;Ljava/lang/Object;Lkotlin/coroutines/飘花落叶言子楪世哲苏兰;)Ljava/lang/Object;
smali_classes2\io\ktor\client\plugins\cache\HttpCache$Companion$install$1.smali	167	    iget v0, p0, Lio/ktor/client/plugins/cache/HttpCache$Companion$install$1;->label:I
smali_classes2\io\ktor\client\plugins\cache\HttpCache$Companion$install$1.smali	257	    iget-object v0, p0, Lio/ktor/client/plugins/cache/HttpCache$Companion$install$1;->L$0:Ljava/lang/Object;
smali_classes2\io\ktor\client\plugins\cache\HttpCache$Companion$install$1.smali	270	    check-cast p1, Lio/ktor/client/plugins/cache/storage/飘花落叶言子楪世苏哲兰;
smali_classes2\io\ktor\client\plugins\cache\HttpCache$Companion$install$1.smali	274	    sget-object p1, Lio/ktor/client/plugins/cache/飘花落叶言子楪世哲兰苏;->飘花落叶言子楪世苏哲兰:L飘花落叶言苏楪世子兰哲/飘花落叶言子楪世苏兰哲;
smali_classes2\io\ktor\client\plugins\cache\HttpCache$Companion$install$1.smali	365	    sget-object v6, Lio/ktor/client/plugins/cache/飘花落叶言子楪世苏哲兰;->飘花落叶言子楪世苏兰哲:L飘花落叶言楪兰苏世子哲/飘花落叶言子楪哲苏兰世;
smali_classes2\io\ktor\client\plugins\cache\HttpCache$Companion$install$1.smali	421	    sget p1, Lio/ktor/client/plugins/cache/飘花落叶言子楪世苏兰哲;->飘花落叶言子楪世苏哲兰:I
smali_classes2\io\ktor\client\plugins\cache\HttpCache$Companion$install$1.smali	425	    iput-object v1, p0, Lio/ktor/client/plugins/cache/HttpCache$Companion$install$1;->L$0:Ljava/lang/Object;
smali_classes2\io\ktor\client\plugins\cache\HttpCache$Companion$install$1.smali	429	    iput v4, p0, Lio/ktor/client/plugins/cache/HttpCache$Companion$install$1;->label:I
smali_classes2\io\ktor\client\plugins\cache\HttpCache$Companion$install$1.smali	644	    iget-object p1, p0, Lio/ktor/client/plugins/cache/HttpCache$Companion$install$1;->L$0:Ljava/lang/Object;
smali_classes2\io\ktor\client\plugins\cache\HttpCache$Companion$install$1.smali	652	    iget-object p0, p0, Lio/ktor/client/plugins/cache/HttpCache$Companion$install$1;->L$1:Ljava/lang/Object;
smali_classes2\io\ktor\client\plugins\cache\HttpCache$Companion$install$1.smali	716	    sget-object p1, Lio/ktor/client/plugins/cache/飘花落叶言子楪世哲兰苏;->飘花落叶言子楪世苏哲兰:L飘花落叶言苏楪世子兰哲/飘花落叶言子楪世苏兰哲;
smali_classes2\io\ktor\client\plugins\cache\HttpCache$Companion$install$2.smali	1	.class final Lio/ktor/client/plugins/cache/HttpCache$Companion$install$2;
smali_classes2\io\ktor\client\plugins\cache\HttpCache$Companion$install$2.smali	38	    c = "io.ktor.client.plugins.cache.HttpCache$Companion$install$2"
smali_classes2\io\ktor\client\plugins\cache\HttpCache$Companion$install$2.smali	52	.field final synthetic $plugin:Lio/ktor/client/plugins/cache/飘花落叶言子楪世苏兰哲;
smali_classes2\io\ktor\client\plugins\cache\HttpCache$Companion$install$2.smali	64	.method public constructor <init>(Lio/ktor/client/plugins/cache/飘花落叶言子楪世苏兰哲;Lio/ktor/client/飘花落叶言子楪世苏哲兰;Lkotlin/coroutines/飘花落叶言子楪世哲苏兰;)V
smali_classes2\io\ktor\client\plugins\cache\HttpCache$Companion$install$2.smali	69	            "Lio/ktor/client/plugins/cache/\u98d8\u82b1\u843d\u53f6\u8a00\u5b50\u696a\u4e16\u82cf\u5170\u54f2;",
smali_classes2\io\ktor\client\plugins\cache\HttpCache$Companion$install$2.smali	73	            "Lio/ktor/client/plugins/cache/HttpCache$Companion$install$2;",
smali_classes2\io\ktor\client\plugins\cache\HttpCache$Companion$install$2.smali	108	    new-instance p0, Lio/ktor/client/plugins/cache/HttpCache$Companion$install$2;
smali_classes2\io\ktor\client\plugins\cache\HttpCache$Companion$install$2.smali	115	    invoke-direct {p0, v0, v0, p3}, Lio/ktor/client/plugins/cache/HttpCache$Companion$install$2;-><init>(Lio/ktor/client/plugins/cache/飘花落叶言子楪世苏兰哲;Lio/ktor/client/飘花落叶言子楪世苏哲兰;Lkotlin/coroutines/飘花落叶言子楪世哲苏兰;)V
smali_classes2\io\ktor\client\plugins\cache\HttpCache$Companion$install$2.smali	120	    iput-object p1, p0, Lio/ktor/client/plugins/cache/HttpCache$Companion$install$2;->L$0:Ljava/lang/Object;
smali_classes2\io\ktor\client\plugins\cache\HttpCache$Companion$install$2.smali	124	    iput-object p2, p0, Lio/ktor/client/plugins/cache/HttpCache$Companion$install$2;->L$1:Ljava/lang/Object;
smali_classes2\io\ktor\client\plugins\cache\HttpCache$Companion$install$2.smali	132	    invoke-virtual {p0, p1}, Lio/ktor/client/plugins/cache/HttpCache$Companion$install$2;->invokeSuspend(Ljava/lang/Object;)Ljava/lang/Object;
smali_classes2\io\ktor\client\plugins\cache\HttpCache$Companion$install$2.smali	153	    invoke-virtual {p0, p1, p2, p3}, Lio/ktor/client/plugins/cache/HttpCache$Companion$install$2;->invoke(Lio/ktor/util/pipeline/飘花落叶言子楪世哲兰苏;Lio/ktor/client/statement/飘花落叶言子楪世苏哲兰;Lkotlin/coroutines/飘花落叶言子楪世哲苏兰;)Ljava/lang/Object;
smali_classes2\io\ktor\client\plugins\cache\HttpCache$Companion$install$2.smali	168	    iget v0, p0, Lio/ktor/client/plugins/cache/HttpCache$Companion$install$2;->label:I
smali_classes2\io\ktor\client\plugins\cache\HttpCache$Companion$install$2.smali	240	    iget-object v0, p0, Lio/ktor/client/plugins/cache/HttpCache$Companion$install$2;->L$1:Ljava/lang/Object;
smali_classes2\io\ktor\client\plugins\cache\HttpCache$Companion$install$2.smali	248	    iget-object p0, p0, Lio/ktor/client/plugins/cache/HttpCache$Companion$install$2;->L$0:Ljava/lang/Object;
smali_classes2\io\ktor\client\plugins\cache\HttpCache$Companion$install$2.smali	293	    iget-object v0, p0, Lio/ktor/client/plugins/cache/HttpCache$Companion$install$2;->L$1:Ljava/lang/Object;
smali_classes2\io\ktor\client\plugins\cache\HttpCache$Companion$install$2.smali	310	    iget-object p0, p0, Lio/ktor/client/plugins/cache/HttpCache$Companion$install$2;->L$0:Ljava/lang/Object;
smali_classes2\io\ktor\client\plugins\cache\HttpCache$Companion$install$2.smali	323	    check-cast p1, Lio/ktor/client/plugins/cache/storage/飘花落叶言子楪世苏哲兰;
smali_classes2\io\ktor\client\plugins\cache\HttpCache$Companion$install$2.smali	350	    iget-object p1, p0, Lio/ktor/client/plugins/cache/HttpCache$Companion$install$2;->L$0:Ljava/lang/Object;
smali_classes2\io\ktor\client\plugins\cache\HttpCache$Companion$install$2.smali	358	    iget-object p0, p0, Lio/ktor/client/plugins/cache/HttpCache$Companion$install$2;->L$1:Ljava/lang/Object;
smali_classes2\io\ktor\client\plugins\cache\HttpCache$findAndRefresh$1.smali	1	.class final Lio/ktor/client/plugins/cache/HttpCache$findAndRefresh$1;
smali_classes2\io\ktor\client\plugins\cache\HttpCache$findAndRefresh$1.smali	18	    c = "io.ktor.client.plugins.cache.HttpCache"
smali_classes2\io\ktor\client\plugins\cache\HttpCache$findAndRefresh$1.smali	43	.field final synthetic this$0:Lio/ktor/client/plugins/cache/飘花落叶言子楪世苏兰哲;
smali_classes2\io\ktor\client\plugins\cache\HttpCache$findAndRefresh$1.smali	47	.method public constructor <init>(Lio/ktor/client/plugins/cache/飘花落叶言子楪世苏兰哲;Lkotlin/coroutines/飘花落叶言子楪世哲苏兰;)V
smali_classes2\io\ktor\client\plugins\cache\HttpCache$findAndRefresh$1.smali	52	            "Lio/ktor/client/plugins/cache/\u98d8\u82b1\u843d\u53f6\u8a00\u5b50\u696a\u4e16\u82cf\u5170\u54f2;",
smali_classes2\io\ktor\client\plugins\cache\HttpCache$findAndRefresh$1.smali	55	            "Lio/ktor/client/plugins/cache/HttpCache$findAndRefresh$1;",
smali_classes2\io\ktor\client\plugins\cache\HttpCache$findAndRefresh$1.smali	75	    iput-object p1, p0, Lio/ktor/client/plugins/cache/HttpCache$findAndRefresh$1;->result:Ljava/lang/Object;
smali_classes2\io\ktor\client\plugins\cache\HttpCache$findAndRefresh$1.smali	79	    iget p1, p0, Lio/ktor/client/plugins/cache/HttpCache$findAndRefresh$1;->label:I
smali_classes2\io\ktor\client\plugins\cache\HttpCache$findAndRefresh$1.smali	90	    iput p1, p0, Lio/ktor/client/plugins/cache/HttpCache$findAndRefresh$1;->label:I
smali_classes2\io\ktor\client\plugins\cache\HttpCache$findAndRefresh$1.smali	94	    sget p0, Lio/ktor/client/plugins/cache/飘花落叶言子楪世苏兰哲;->飘花落叶言子楪世苏哲兰:I
smali_classes2\io\ktor\client\plugins\cache\HttpCache$findResponse$1.smali	1	.class final Lio/ktor/client/plugins/cache/HttpCache$findResponse$1;
smali_classes2\io\ktor\client\plugins\cache\HttpCache$findResponse$1.smali	18	    c = "io.ktor.client.plugins.cache.HttpCache"
smali_classes2\io\ktor\client\plugins\cache\HttpCache$findResponse$1.smali	35	.field final synthetic this$0:Lio/ktor/client/plugins/cache/飘花落叶言子楪世苏兰哲;
smali_classes2\io\ktor\client\plugins\cache\HttpCache$findResponse$1.smali	39	.method public constructor <init>(Lio/ktor/client/plugins/cache/飘花落叶言子楪世苏兰哲;Lkotlin/coroutines/飘花落叶言子楪世哲苏兰;)V
smali_classes2\io\ktor\client\plugins\cache\HttpCache$findResponse$1.smali	44	            "Lio/ktor/client/plugins/cache/\u98d8\u82b1\u843d\u53f6\u8a00\u5b50\u696a\u4e16\u82cf\u5170\u54f2;",
smali_classes2\io\ktor\client\plugins\cache\HttpCache$findResponse$1.smali	47	            "Lio/ktor/client/plugins/cache/HttpCache$findResponse$1;",
smali_classes2\io\ktor\client\plugins\cache\HttpCache$findResponse$1.smali	67	    iput-object p1, p0, Lio/ktor/client/plugins/cache/HttpCache$findResponse$1;->result:Ljava/lang/Object;
smali_classes2\io\ktor\client\plugins\cache\HttpCache$findResponse$1.smali	71	    iget p1, p0, Lio/ktor/client/plugins/cache/HttpCache$findResponse$1;->label:I
smali_classes2\io\ktor\client\plugins\cache\HttpCache$findResponse$1.smali	82	    iput p1, p0, Lio/ktor/client/plugins/cache/HttpCache$findResponse$1;->label:I
smali_classes2\io\ktor\client\plugins\cache\HttpCache$findResponse$1.smali	86	    sget p0, Lio/ktor/client/plugins/cache/飘花落叶言子楪世苏兰哲;->飘花落叶言子楪世苏哲兰:I
smali_classes2\io\ktor\client\plugins\cache\HttpCache$findResponse$4.smali	1	.class final Lio/ktor/client/plugins/cache/HttpCache$findResponse$4;
smali_classes2\io\ktor\client\plugins\cache\HttpCache$findResponse$4.smali	18	    c = "io.ktor.client.plugins.cache.HttpCache"
smali_classes2\io\ktor\client\plugins\cache\HttpCache$findResponse$4.smali	39	.field final synthetic this$0:Lio/ktor/client/plugins/cache/飘花落叶言子楪世苏兰哲;
smali_classes2\io\ktor\client\plugins\cache\HttpCache$findResponse$4.smali	43	.method public constructor <init>(Lio/ktor/client/plugins/cache/飘花落叶言子楪世苏兰哲;Lkotlin/coroutines/飘花落叶言子楪世哲苏兰;)V
smali_classes2\io\ktor\client\plugins\cache\HttpCache$findResponse$4.smali	48	            "Lio/ktor/client/plugins/cache/\u98d8\u82b1\u843d\u53f6\u8a00\u5b50\u696a\u4e16\u82cf\u5170\u54f2;",
smali_classes2\io\ktor\client\plugins\cache\HttpCache$findResponse$4.smali	51	            "Lio/ktor/client/plugins/cache/HttpCache$findResponse$4;",
smali_classes2\io\ktor\client\plugins\cache\HttpCache$findResponse$4.smali	71	    iput-object p1, p0, Lio/ktor/client/plugins/cache/HttpCache$findResponse$4;->result:Ljava/lang/Object;
smali_classes2\io\ktor\client\plugins\cache\HttpCache$findResponse$4.smali	75	    iget p1, p0, Lio/ktor/client/plugins/cache/HttpCache$findResponse$4;->label:I
smali_classes2\io\ktor\client\plugins\cache\HttpCache$findResponse$4.smali	86	    iput p1, p0, Lio/ktor/client/plugins/cache/HttpCache$findResponse$4;->label:I
smali_classes2\io\ktor\client\plugins\cache\HttpCache$findResponse$4.smali	90	    sget p0, Lio/ktor/client/plugins/cache/飘花落叶言子楪世苏兰哲;->飘花落叶言子楪世苏哲兰:I
smali_classes2\io\ktor\client\plugins\cache\HttpCache$findResponse$lookup$1.smali	1	.class final synthetic Lio/ktor/client/plugins/cache/HttpCache$findResponse$lookup$1;
smali_classes2\io\ktor\client\plugins\cache\HttpCache$findResponse$lookup$1.smali	73	    invoke-virtual {p0, p1}, Lio/ktor/client/plugins/cache/HttpCache$findResponse$lookup$1;->invoke(Ljava/lang/String;)Ljava/lang/String;
smali_classes2\io\ktor\client\plugins\cache\HttpCache$findResponse$lookup$2.smali	1	.class final synthetic Lio/ktor/client/plugins/cache/HttpCache$findResponse$lookup$2;
smali_classes2\io\ktor\client\plugins\cache\HttpCache$findResponse$lookup$2.smali	73	    invoke-virtual {p0, p1}, Lio/ktor/client/plugins/cache/HttpCache$findResponse$lookup$2;->invoke(Ljava/lang/String;)Ljava/util/List;
smali_classes2\io\ktor\client\plugins\cache\HttpCache$findResponse$requestHeaders$1.smali	1	.class final synthetic Lio/ktor/client/plugins/cache/HttpCache$findResponse$requestHeaders$1;
smali_classes2\io\ktor\client\plugins\cache\HttpCache$findResponse$requestHeaders$1.smali	73	    invoke-virtual {p0, p1}, Lio/ktor/client/plugins/cache/HttpCache$findResponse$requestHeaders$1;->invoke(Ljava/lang/String;)Ljava/lang/String;
smali_classes2\io\ktor\client\plugins\cache\HttpCache$findResponse$requestHeaders$2.smali	1	.class final synthetic Lio/ktor/client/plugins/cache/HttpCache$findResponse$requestHeaders$2;
smali_classes2\io\ktor\client\plugins\cache\HttpCache$findResponse$requestHeaders$2.smali	73	    invoke-virtual {p0, p1}, Lio/ktor/client/plugins/cache/HttpCache$findResponse$requestHeaders$2;->invoke(Ljava/lang/String;)Ljava/util/List;
smali_classes2\io\ktor\client\plugins\cache\HttpCacheEntryKt$HttpCacheEntry$1.smali	1	.class final Lio/ktor/client/plugins/cache/HttpCacheEntryKt$HttpCacheEntry$1;
smali_classes2\io\ktor\client\plugins\cache\HttpCacheEntryKt$HttpCacheEntry$1.smali	18	    c = "io.ktor.client.plugins.cache.HttpCacheEntryKt"
smali_classes2\io\ktor\client\plugins\cache\HttpCacheEntryKt$HttpCacheEntry$1.smali	45	            "Lio/ktor/client/plugins/cache/HttpCacheEntryKt$HttpCacheEntry$1;",
smali_classes2\io\ktor\client\plugins\cache\HttpCacheEntryKt$HttpCacheEntry$1.smali	65	    iput-object p1, p0, Lio/ktor/client/plugins/cache/HttpCacheEntryKt$HttpCacheEntry$1;->result:Ljava/lang/Object;
smali_classes2\io\ktor\client\plugins\cache\HttpCacheEntryKt$HttpCacheEntry$1.smali	69	    iget p1, p0, Lio/ktor/client/plugins/cache/HttpCacheEntryKt$HttpCacheEntry$1;->label:I
smali_classes2\io\ktor\client\plugins\cache\HttpCacheEntryKt$HttpCacheEntry$1.smali	80	    iput p1, p0, Lio/ktor/client/plugins/cache/HttpCacheEntryKt$HttpCacheEntry$1;->label:I
smali_classes2\io\ktor\client\plugins\cache\HttpCacheEntryKt$HttpCacheEntry$1.smali	84	    invoke-static {p0}, Lio/ktor/client/plugins/cache/飘花落叶言子楪世哲苏兰;->飘花落叶言子楪世苏哲兰(Lkotlin/coroutines/jvm/internal/ContinuationImpl;)V
smali_classes2\io\ktor\client\plugins\cache\HttpCacheLegacyKt$cacheResponse$1.smali	1	.class final Lio/ktor/client/plugins/cache/HttpCacheLegacyKt$cacheResponse$1;
smali_classes2\io\ktor\client\plugins\cache\HttpCacheLegacyKt$cacheResponse$1.smali	18	    c = "io.ktor.client.plugins.cache.HttpCacheLegacyKt"
smali_classes2\io\ktor\client\plugins\cache\HttpCacheLegacyKt$cacheResponse$1.smali	41	            "Lio/ktor/client/plugins/cache/HttpCacheLegacyKt$cacheResponse$1;",
smali_classes2\io\ktor\client\plugins\cache\HttpCacheLegacyKt$cacheResponse$1.smali	61	    iput-object p1, p0, Lio/ktor/client/plugins/cache/HttpCacheLegacyKt$cacheResponse$1;->result:Ljava/lang/Object;
smali_classes2\io\ktor\client\plugins\cache\HttpCacheLegacyKt$cacheResponse$1.smali	65	    iget p1, p0, Lio/ktor/client/plugins/cache/HttpCacheLegacyKt$cacheResponse$1;->label:I
smali_classes2\io\ktor\client\plugins\cache\HttpCacheLegacyKt$cacheResponse$1.smali	76	    iput p1, p0, Lio/ktor/client/plugins/cache/HttpCacheLegacyKt$cacheResponse$1;->label:I
smali_classes2\io\ktor\client\plugins\cache\HttpCacheLegacyKt$cacheResponse$1.smali	91	    iput p1, p0, Lio/ktor/client/plugins/cache/HttpCacheLegacyKt$cacheResponse$1;->label:I
smali_classes2\io\ktor\client\plugins\cache\HttpCacheLegacyKt$cacheResponse$1.smali	99	    new-instance p1, Lio/ktor/client/plugins/cache/HttpCacheLegacyKt$cacheResponse$1;
smali_classes2\io\ktor\client\plugins\cache\HttpCacheLegacyKt$cacheResponse$1.smali	103	    invoke-direct {p1, p0}, Lio/ktor/client/plugins/cache/HttpCacheLegacyKt$cacheResponse$1;-><init>(Lkotlin/coroutines/飘花落叶言子楪世哲苏兰;)V
smali_classes2\io\ktor\client\plugins\cache\HttpCacheLegacyKt$cacheResponse$1.smali	112	    iget-object p1, p0, Lio/ktor/client/plugins/cache/HttpCacheLegacyKt$cacheResponse$1;->result:Ljava/lang/Object;
smali_classes2\io\ktor\client\plugins\cache\HttpCacheLegacyKt$cacheResponse$1.smali	120	    iget p0, p0, Lio/ktor/client/plugins/cache/HttpCacheLegacyKt$cacheResponse$1;->label:I
smali_classes2\io\ktor\client\plugins\cache\HttpCacheLegacyKt$findResponse$lookup$1.smali	1	.class final synthetic Lio/ktor/client/plugins/cache/HttpCacheLegacyKt$findResponse$lookup$1;
smali_classes2\io\ktor\client\plugins\cache\HttpCacheLegacyKt$findResponse$lookup$1.smali	73	    invoke-virtual {p0, p1}, Lio/ktor/client/plugins/cache/HttpCacheLegacyKt$findResponse$lookup$1;->invoke(Ljava/lang/String;)Ljava/lang/String;
smali_classes2\io\ktor\client\plugins\cache\HttpCacheLegacyKt$findResponse$lookup$2.smali	1	.class final synthetic Lio/ktor/client/plugins/cache/HttpCacheLegacyKt$findResponse$lookup$2;
smali_classes2\io\ktor\client\plugins\cache\HttpCacheLegacyKt$findResponse$lookup$2.smali	73	    invoke-virtual {p0, p1}, Lio/ktor/client/plugins/cache/HttpCacheLegacyKt$findResponse$lookup$2;->invoke(Ljava/lang/String;)Ljava/util/List;
smali_classes2\io\ktor\client\plugins\cache\HttpCacheLegacyKt$findResponse$requestHeaders$1.smali	1	.class final synthetic Lio/ktor/client/plugins/cache/HttpCacheLegacyKt$findResponse$requestHeaders$1;
smali_classes2\io\ktor\client\plugins\cache\HttpCacheLegacyKt$findResponse$requestHeaders$1.smali	73	    invoke-virtual {p0, p1}, Lio/ktor/client/plugins/cache/HttpCacheLegacyKt$findResponse$requestHeaders$1;->invoke(Ljava/lang/String;)Ljava/lang/String;
smali_classes2\io\ktor\client\plugins\cache\HttpCacheLegacyKt$findResponse$requestHeaders$2.smali	1	.class final synthetic Lio/ktor/client/plugins/cache/HttpCacheLegacyKt$findResponse$requestHeaders$2;
smali_classes2\io\ktor\client\plugins\cache\HttpCacheLegacyKt$findResponse$requestHeaders$2.smali	73	    invoke-virtual {p0, p1}, Lio/ktor/client/plugins/cache/HttpCacheLegacyKt$findResponse$requestHeaders$2;->invoke(Ljava/lang/String;)Ljava/util/List;
smali_classes2\io\ktor\client\plugins\cache\HttpCacheLegacyKt$interceptReceiveLegacy$1.smali	1	.class final Lio/ktor/client/plugins/cache/HttpCacheLegacyKt$interceptReceiveLegacy$1;
smali_classes2\io\ktor\client\plugins\cache\HttpCacheLegacyKt$interceptReceiveLegacy$1.smali	18	    c = "io.ktor.client.plugins.cache.HttpCacheLegacyKt"
smali_classes2\io\ktor\client\plugins\cache\HttpCacheLegacyKt$interceptReceiveLegacy$1.smali	45	            "Lio/ktor/client/plugins/cache/HttpCacheLegacyKt$interceptReceiveLegacy$1;",
smali_classes2\io\ktor\client\plugins\cache\HttpCacheLegacyKt$interceptReceiveLegacy$1.smali	65	    iput-object p1, p0, Lio/ktor/client/plugins/cache/HttpCacheLegacyKt$interceptReceiveLegacy$1;->result:Ljava/lang/Object;
smali_classes2\io\ktor\client\plugins\cache\HttpCacheLegacyKt$interceptReceiveLegacy$1.smali	69	    iget p1, p0, Lio/ktor/client/plugins/cache/HttpCacheLegacyKt$interceptReceiveLegacy$1;->label:I
smali_classes2\io\ktor\client\plugins\cache\HttpCacheLegacyKt$interceptReceiveLegacy$1.smali	80	    iput p1, p0, Lio/ktor/client/plugins/cache/HttpCacheLegacyKt$interceptReceiveLegacy$1;->label:I
smali_classes2\io\ktor\client\plugins\cache\HttpCacheLegacyKt$interceptReceiveLegacy$1.smali	95	    iput p1, p0, Lio/ktor/client/plugins/cache/HttpCacheLegacyKt$interceptReceiveLegacy$1;->label:I
smali_classes2\io\ktor\client\plugins\cache\HttpCacheLegacyKt$interceptReceiveLegacy$1.smali	103	    new-instance p1, Lio/ktor/client/plugins/cache/HttpCacheLegacyKt$interceptReceiveLegacy$1;
smali_classes2\io\ktor\client\plugins\cache\HttpCacheLegacyKt$interceptReceiveLegacy$1.smali	107	    invoke-direct {p1, p0}, Lio/ktor/client/plugins/cache/HttpCacheLegacyKt$interceptReceiveLegacy$1;-><init>(Lkotlin/coroutines/飘花落叶言子楪世哲苏兰;)V
smali_classes2\io\ktor\client\plugins\cache\HttpCacheLegacyKt$interceptReceiveLegacy$1.smali	116	    iget-object p1, p0, Lio/ktor/client/plugins/cache/HttpCacheLegacyKt$interceptReceiveLegacy$1;->result:Ljava/lang/Object;
smali_classes2\io\ktor\client\plugins\cache\HttpCacheLegacyKt$interceptReceiveLegacy$1.smali	124	    iget v0, p0, Lio/ktor/client/plugins/cache/HttpCacheLegacyKt$interceptReceiveLegacy$1;->label:I
smali_classes2\io\ktor\client\plugins\cache\HttpCacheLegacyKt$interceptReceiveLegacy$1.smali	187	    iget-object v0, p0, Lio/ktor/client/plugins/cache/HttpCacheLegacyKt$interceptReceiveLegacy$1;->L$0:Ljava/lang/Object;
smali_classes2\io\ktor\client\plugins\cache\HttpCacheLegacyKt$interceptReceiveLegacy$1.smali	213	    iput-object v1, p0, Lio/ktor/client/plugins/cache/HttpCacheLegacyKt$interceptReceiveLegacy$1;->L$0:Ljava/lang/Object;
smali_classes2\io\ktor\client\plugins\cache\HttpCacheLegacyKt$interceptReceiveLegacy$1.smali	217	    iput v3, p0, Lio/ktor/client/plugins/cache/HttpCacheLegacyKt$interceptReceiveLegacy$1;->label:I
smali_classes2\io\ktor\client\plugins\cache\InvalidCacheStateException.smali	1	.class public final Lio/ktor/client/plugins/cache/InvalidCacheStateException;
smali_classes2\io\ktor\client\plugins\cache\InvalidCacheStateException.smali	12	        "Lio/ktor/client/plugins/cache/InvalidCacheStateException;",
smali_classes2\io\ktor\client\plugins\cache\ValidateStatus.smali	1	.class public final enum Lio/ktor/client/plugins/cache/ValidateStatus;
smali_classes2\io\ktor\client\plugins\cache\ValidateStatus.smali	10	        "Lio/ktor/client/plugins/cache/ValidateStatus;",
smali_classes2\io\ktor\client\plugins\cache\ValidateStatus.smali	20	        "Lio/ktor/client/plugins/cache/ValidateStatus;",
smali_classes2\io\ktor\client\plugins\cache\ValidateStatus.smali	42	.field private static final synthetic $VALUES:[Lio/ktor/client/plugins/cache/ValidateStatus;
smali_classes2\io\ktor\client\plugins\cache\ValidateStatus.smali	44	.field public static final enum ShouldNotValidate:Lio/ktor/client/plugins/cache/ValidateStatus;
smali_classes2\io\ktor\client\plugins\cache\ValidateStatus.smali	46	.field public static final enum ShouldValidate:Lio/ktor/client/plugins/cache/ValidateStatus;
smali_classes2\io\ktor\client\plugins\cache\ValidateStatus.smali	48	.field public static final enum ShouldWarn:Lio/ktor/client/plugins/cache/ValidateStatus;
smali_classes2\io\ktor\client\plugins\cache\ValidateStatus.smali	52	.method private static final synthetic $values()[Lio/ktor/client/plugins/cache/ValidateStatus;
smali_classes2\io\ktor\client\plugins\cache\ValidateStatus.smali	56	    sget-object v0, Lio/ktor/client/plugins/cache/ValidateStatus;->ShouldValidate:Lio/ktor/client/plugins/cache/ValidateStatus;
smali_classes2\io\ktor\client\plugins\cache\ValidateStatus.smali	60	    sget-object v1, Lio/ktor/client/plugins/cache/ValidateStatus;->ShouldNotValidate:Lio/ktor/client/plugins/cache/ValidateStatus;
smali_classes2\io\ktor\client\plugins\cache\ValidateStatus.smali	64	    sget-object v2, Lio/ktor/client/plugins/cache/ValidateStatus;->ShouldWarn:Lio/ktor/client/plugins/cache/ValidateStatus;
smali_classes2\io\ktor\client\plugins\cache\ValidateStatus.smali	68	    filled-new-array {v0, v1, v2}, [Lio/ktor/client/plugins/cache/ValidateStatus;
smali_classes2\io\ktor\client\plugins\cache\ValidateStatus.smali	83	    new-instance v0, Lio/ktor/client/plugins/cache/ValidateStatus;
smali_classes2\io\ktor\client\plugins\cache\ValidateStatus.smali	94	    invoke-direct {v0, v1, v2}, Lio/ktor/client/plugins/cache/ValidateStatus;-><init>(Ljava/lang/String;I)V
smali_classes2\io\ktor\client\plugins\cache\ValidateStatus.smali	99	    sput-object v0, Lio/ktor/client/plugins/cache/ValidateStatus;->ShouldValidate:Lio/ktor/client/plugins/cache/ValidateStatus;
smali_classes2\io\ktor\client\plugins\cache\ValidateStatus.smali	103	    new-instance v0, Lio/ktor/client/plugins/cache/ValidateStatus;
smali_classes2\io\ktor\client\plugins\cache\ValidateStatus.smali	114	    invoke-direct {v0, v1, v2}, Lio/ktor/client/plugins/cache/ValidateStatus;-><init>(Ljava/lang/String;I)V
smali_classes2\io\ktor\client\plugins\cache\ValidateStatus.smali	119	    sput-object v0, Lio/ktor/client/plugins/cache/ValidateStatus;->ShouldNotValidate:Lio/ktor/client/plugins/cache/ValidateStatus;
smali_classes2\io\ktor\client\plugins\cache\ValidateStatus.smali	123	    new-instance v0, Lio/ktor/client/plugins/cache/ValidateStatus;
smali_classes2\io\ktor\client\plugins\cache\ValidateStatus.smali	134	    invoke-direct {v0, v1, v2}, Lio/ktor/client/plugins/cache/ValidateStatus;-><init>(Ljava/lang/String;I)V
smali_classes2\io\ktor\client\plugins\cache\ValidateStatus.smali	139	    sput-object v0, Lio/ktor/client/plugins/cache/ValidateStatus;->ShouldWarn:Lio/ktor/client/plugins/cache/ValidateStatus;
smali_classes2\io\ktor\client\plugins\cache\ValidateStatus.smali	143	    invoke-static {}, Lio/ktor/client/plugins/cache/ValidateStatus;->$values()[Lio/ktor/client/plugins/cache/ValidateStatus;
smali_classes2\io\ktor\client\plugins\cache\ValidateStatus.smali	151	    sput-object v0, Lio/ktor/client/plugins/cache/ValidateStatus;->$VALUES:[Lio/ktor/client/plugins/cache/ValidateStatus;
smali_classes2\io\ktor\client\plugins\cache\ValidateStatus.smali	163	    sput-object v0, Lio/ktor/client/plugins/cache/ValidateStatus;->$ENTRIES:Lkotlin/enums/飘花落叶言子楪世苏哲兰;
smali_classes2\io\ktor\client\plugins\cache\ValidateStatus.smali	197	    sget-object v0, Lio/ktor/client/plugins/cache/ValidateStatus;->$ENTRIES:Lkotlin/enums/飘花落叶言子楪世苏哲兰;
smali_classes2\io\ktor\client\plugins\cache\ValidateStatus.smali	204	.method public static valueOf(Ljava/lang/String;)Lio/ktor/client/plugins/cache/ValidateStatus;
smali_classes2\io\ktor\client\plugins\cache\ValidateStatus.smali	208	    const-class v0, Lio/ktor/client/plugins/cache/ValidateStatus;
smali_classes2\io\ktor\client\plugins\cache\ValidateStatus.smali	220	    check-cast p0, Lio/ktor/client/plugins/cache/ValidateStatus;
smali_classes2\io\ktor\client\plugins\cache\ValidateStatus.smali	227	.method public static values()[Lio/ktor/client/plugins/cache/ValidateStatus;
smali_classes2\io\ktor\client\plugins\cache\ValidateStatus.smali	231	    sget-object v0, Lio/ktor/client/plugins/cache/ValidateStatus;->$VALUES:[Lio/ktor/client/plugins/cache/ValidateStatus;
smali_classes2\io\ktor\client\plugins\cache\ValidateStatus.smali	243	    check-cast v0, [Lio/ktor/client/plugins/cache/ValidateStatus;
smali_classes2\io\ktor\client\plugins\cache\飘花落叶言子楪世哲兰苏.smali	1	.class public abstract Lio/ktor/client/plugins/cache/飘花落叶言子楪世哲兰苏;
smali_classes2\io\ktor\client\plugins\cache\飘花落叶言子楪世哲兰苏.smali	15	    const-string v0, "io.ktor.client.plugins.HttpCache"
smali_classes2\io\ktor\client\plugins\cache\飘花落叶言子楪世哲兰苏.smali	32	    sput-object v0, Lio/ktor/client/plugins/cache/飘花落叶言子楪世哲兰苏;->飘花落叶言子楪世苏哲兰:L飘花落叶言苏楪世子兰哲/飘花落叶言子楪世苏兰哲;
smali_classes2\io\ktor\client\plugins\cache\飘花落叶言子楪世哲苏兰.smali	1	.class public abstract Lio/ktor/client/plugins/cache/飘花落叶言子楪世哲苏兰;
smali_classes2\io\ktor\client\plugins\cache\飘花落叶言子楪世哲苏兰.smali	11	    instance-of v0, p0, Lio/ktor/client/plugins/cache/HttpCacheEntryKt$HttpCacheEntry$1;
smali_classes2\io\ktor\client\plugins\cache\飘花落叶言子楪世哲苏兰.smali	22	    check-cast v0, Lio/ktor/client/plugins/cache/HttpCacheEntryKt$HttpCacheEntry$1;
smali_classes2\io\ktor\client\plugins\cache\飘花落叶言子楪世哲苏兰.smali	26	    iget v1, v0, Lio/ktor/client/plugins/cache/HttpCacheEntryKt$HttpCacheEntry$1;->label:I
smali_classes2\io\ktor\client\plugins\cache\飘花落叶言子楪世哲苏兰.smali	45	    iput v1, v0, Lio/ktor/client/plugins/cache/HttpCacheEntryKt$HttpCacheEntry$1;->label:I
smali_classes2\io\ktor\client\plugins\cache\飘花落叶言子楪世哲苏兰.smali	53	    new-instance v0, Lio/ktor/client/plugins/cache/HttpCacheEntryKt$HttpCacheEntry$1;
smali_classes2\io\ktor\client\plugins\cache\飘花落叶言子楪世哲苏兰.smali	57	    invoke-direct {v0, p0}, Lio/ktor/client/plugins/cache/HttpCacheEntryKt$HttpCacheEntry$1;-><init>(Lkotlin/coroutines/飘花落叶言子楪世哲苏兰;)V
smali_classes2\io\ktor\client\plugins\cache\飘花落叶言子楪世哲苏兰.smali	63	    iget-object p0, v0, Lio/ktor/client/plugins/cache/HttpCacheEntryKt$HttpCacheEntry$1;->result:Ljava/lang/Object;
smali_classes2\io\ktor\client\plugins\cache\飘花落叶言子楪世哲苏兰.smali	71	    iget v1, v0, Lio/ktor/client/plugins/cache/HttpCacheEntryKt$HttpCacheEntry$1;->label:I
smali_classes2\io\ktor\client\plugins\cache\飘花落叶言子楪世哲苏兰.smali	89	    iget-object v0, v0, Lio/ktor/client/plugins/cache/HttpCacheEntryKt$HttpCacheEntry$1;->L$0:Ljava/lang/Object;
smali_classes2\io\ktor\client\plugins\cache\飘花落叶言子楪世苏兰哲.smali	1	.class public abstract Lio/ktor/client/plugins/cache/飘花落叶言子楪世苏兰哲;
smali_classes2\io\ktor\client\plugins\cache\飘花落叶言子楪世苏兰哲.smali	19	    const-class v1, Lio/ktor/client/plugins/cache/飘花落叶言子楪世苏兰哲;
smali_classes2\io\ktor\client\plugins\cache\飘花落叶言子楪世苏哲兰.smali	1	.class public abstract Lio/ktor/client/plugins/cache/飘花落叶言子楪世苏哲兰;
smali_classes2\io\ktor\client\plugins\cache\飘花落叶言子楪世苏哲兰.smali	177	    sput-object v0, Lio/ktor/client/plugins/cache/飘花落叶言子楪世苏哲兰;->飘花落叶言子楪世苏哲兰:L飘花落叶言楪兰苏世子哲/飘花落叶言子楪哲苏兰世;
smali_classes2\io\ktor\client\plugins\cache\飘花落叶言子楪世苏哲兰.smali	319	    sput-object v0, Lio/ktor/client/plugins/cache/飘花落叶言子楪世苏哲兰;->飘花落叶言子楪世苏兰哲:L飘花落叶言楪兰苏世子哲/飘花落叶言子楪哲苏兰世;
smali_classes2\io\ktor\client\plugins\cache\飘花落叶言子楪世苏哲兰.smali	336	    sput-object v0, Lio/ktor/client/plugins/cache/飘花落叶言子楪世苏哲兰;->飘花落叶言子楪世哲苏兰:L飘花落叶言楪兰苏世子哲/飘花落叶言子楪哲苏兰世;
smali_classes2\io\ktor\client\plugins\cache\storage\CachingCacheStorage$find$1.smali	1	.class final Lio/ktor/client/plugins/cache/storage/CachingCacheStorage$find$1;
smali_classes2\io\ktor\client\plugins\cache\storage\CachingCacheStorage$find$1.smali	18	    c = "io.ktor.client.plugins.cache.storage.CachingCacheStorage"
smali_classes2\io\ktor\client\plugins\cache\storage\CachingCacheStorage$find$1.smali	42	.field final synthetic this$0:Lio/ktor/client/plugins/cache/storage/飘花落叶言子楪世苏兰哲;
smali_classes2\io\ktor\client\plugins\cache\storage\CachingCacheStorage$find$1.smali	46	.method public constructor <init>(Lio/ktor/client/plugins/cache/storage/飘花落叶言子楪世苏兰哲;Lkotlin/coroutines/飘花落叶言子楪世哲苏兰;)V
smali_classes2\io\ktor\client\plugins\cache\storage\CachingCacheStorage$find$1.smali	51	            "Lio/ktor/client/plugins/cache/storage/\u98d8\u82b1\u843d\u53f6\u8a00\u5b50\u696a\u4e16\u82cf\u5170\u54f2;",
smali_classes2\io\ktor\client\plugins\cache\storage\CachingCacheStorage$find$1.smali	54	            "Lio/ktor/client/plugins/cache/storage/CachingCacheStorage$find$1;",
smali_classes2\io\ktor\client\plugins\cache\storage\CachingCacheStorage$find$1.smali	74	    iput-object p1, p0, Lio/ktor/client/plugins/cache/storage/CachingCacheStorage$find$1;->result:Ljava/lang/Object;
smali_classes2\io\ktor\client\plugins\cache\storage\CachingCacheStorage$find$1.smali	78	    iget p1, p0, Lio/ktor/client/plugins/cache/storage/CachingCacheStorage$find$1;->label:I
smali_classes2\io\ktor\client\plugins\cache\storage\CachingCacheStorage$find$1.smali	89	    iput p1, p0, Lio/ktor/client/plugins/cache/storage/CachingCacheStorage$find$1;->label:I
smali_classes2\io\ktor\client\plugins\cache\storage\CachingCacheStorage$findAll$1.smali	1	.class final Lio/ktor/client/plugins/cache/storage/CachingCacheStorage$findAll$1;
smali_classes2\io\ktor\client\plugins\cache\storage\CachingCacheStorage$findAll$1.smali	18	    c = "io.ktor.client.plugins.cache.storage.CachingCacheStorage"
smali_classes2\io\ktor\client\plugins\cache\storage\CachingCacheStorage$findAll$1.smali	40	.field final synthetic this$0:Lio/ktor/client/plugins/cache/storage/飘花落叶言子楪世苏兰哲;
smali_classes2\io\ktor\client\plugins\cache\storage\CachingCacheStorage$findAll$1.smali	44	.method public constructor <init>(Lio/ktor/client/plugins/cache/storage/飘花落叶言子楪世苏兰哲;Lkotlin/coroutines/飘花落叶言子楪世哲苏兰;)V
smali_classes2\io\ktor\client\plugins\cache\storage\CachingCacheStorage$findAll$1.smali	49	            "Lio/ktor/client/plugins/cache/storage/\u98d8\u82b1\u843d\u53f6\u8a00\u5b50\u696a\u4e16\u82cf\u5170\u54f2;",
smali_classes2\io\ktor\client\plugins\cache\storage\CachingCacheStorage$findAll$1.smali	52	            "Lio/ktor/client/plugins/cache/storage/CachingCacheStorage$findAll$1;",
smali_classes2\io\ktor\client\plugins\cache\storage\CachingCacheStorage$findAll$1.smali	72	    iput-object p1, p0, Lio/ktor/client/plugins/cache/storage/CachingCacheStorage$findAll$1;->result:Ljava/lang/Object;
smali_classes2\io\ktor\client\plugins\cache\storage\CachingCacheStorage$findAll$1.smali	76	    iget p1, p0, Lio/ktor/client/plugins/cache/storage/CachingCacheStorage$findAll$1;->label:I
smali_classes2\io\ktor\client\plugins\cache\storage\CachingCacheStorage$findAll$1.smali	87	    iput p1, p0, Lio/ktor/client/plugins/cache/storage/CachingCacheStorage$findAll$1;->label:I
smali_classes2\io\ktor\client\plugins\cache\storage\CachingCacheStorage$store$1.smali	1	.class final Lio/ktor/client/plugins/cache/storage/CachingCacheStorage$store$1;
smali_classes2\io\ktor\client\plugins\cache\storage\CachingCacheStorage$store$1.smali	18	    c = "io.ktor.client.plugins.cache.storage.CachingCacheStorage"
smali_classes2\io\ktor\client\plugins\cache\storage\CachingCacheStorage$store$1.smali	37	.field final synthetic this$0:Lio/ktor/client/plugins/cache/storage/飘花落叶言子楪世苏兰哲;
smali_classes2\io\ktor\client\plugins\cache\storage\CachingCacheStorage$store$1.smali	41	.method public constructor <init>(Lio/ktor/client/plugins/cache/storage/飘花落叶言子楪世苏兰哲;Lkotlin/coroutines/飘花落叶言子楪世哲苏兰;)V
smali_classes2\io\ktor\client\plugins\cache\storage\CachingCacheStorage$store$1.smali	46	            "Lio/ktor/client/plugins/cache/storage/\u98d8\u82b1\u843d\u53f6\u8a00\u5b50\u696a\u4e16\u82cf\u5170\u54f2;",
smali_classes2\io\ktor\client\plugins\cache\storage\CachingCacheStorage$store$1.smali	49	            "Lio/ktor/client/plugins/cache/storage/CachingCacheStorage$store$1;",
smali_classes2\io\ktor\client\plugins\cache\storage\CachingCacheStorage$store$1.smali	69	    iput-object p1, p0, Lio/ktor/client/plugins/cache/storage/CachingCacheStorage$store$1;->result:Ljava/lang/Object;
smali_classes2\io\ktor\client\plugins\cache\storage\CachingCacheStorage$store$1.smali	73	    iget p1, p0, Lio/ktor/client/plugins/cache/storage/CachingCacheStorage$store$1;->label:I
smali_classes2\io\ktor\client\plugins\cache\storage\CachingCacheStorage$store$1.smali	84	    iput p1, p0, Lio/ktor/client/plugins/cache/storage/CachingCacheStorage$store$1;->label:I
smali_classes2\io\ktor\client\plugins\cache\storage\FileCacheStorage$find$1.smali	1	.class final Lio/ktor/client/plugins/cache/storage/FileCacheStorage$find$1;
smali_classes2\io\ktor\client\plugins\cache\storage\FileCacheStorage$find$1.smali	18	    c = "io.ktor.client.plugins.cache.storage.FileCacheStorage"
smali_classes2\io\ktor\client\plugins\cache\storage\FileCacheStorage$find$1.smali	34	.field final synthetic this$0:Lio/ktor/client/plugins/cache/storage/飘花落叶言子楪世哲苏兰;
smali_classes2\io\ktor\client\plugins\cache\storage\FileCacheStorage$find$1.smali	38	.method public constructor <init>(Lio/ktor/client/plugins/cache/storage/飘花落叶言子楪世哲苏兰;Lkotlin/coroutines/飘花落叶言子楪世哲苏兰;)V
smali_classes2\io\ktor\client\plugins\cache\storage\FileCacheStorage$find$1.smali	43	            "Lio/ktor/client/plugins/cache/storage/\u98d8\u82b1\u843d\u53f6\u8a00\u5b50\u696a\u4e16\u54f2\u82cf\u5170;",
smali_classes2\io\ktor\client\plugins\cache\storage\FileCacheStorage$find$1.smali	46	            "Lio/ktor/client/plugins/cache/storage/FileCacheStorage$find$1;",
smali_classes2\io\ktor\client\plugins\cache\storage\FileCacheStorage$find$1.smali	66	    iput-object p1, p0, Lio/ktor/client/plugins/cache/storage/FileCacheStorage$find$1;->result:Ljava/lang/Object;
smali_classes2\io\ktor\client\plugins\cache\storage\FileCacheStorage$find$1.smali	70	    iget p1, p0, Lio/ktor/client/plugins/cache/storage/FileCacheStorage$find$1;->label:I
smali_classes2\io\ktor\client\plugins\cache\storage\FileCacheStorage$find$1.smali	81	    iput p1, p0, Lio/ktor/client/plugins/cache/storage/FileCacheStorage$find$1;->label:I
smali_classes2\io\ktor\client\plugins\cache\storage\FileCacheStorage$findAll$1.smali	1	.class final Lio/ktor/client/plugins/cache/storage/FileCacheStorage$findAll$1;
smali_classes2\io\ktor\client\plugins\cache\storage\FileCacheStorage$findAll$1.smali	18	    c = "io.ktor.client.plugins.cache.storage.FileCacheStorage"
smali_classes2\io\ktor\client\plugins\cache\storage\FileCacheStorage$findAll$1.smali	32	.field final synthetic this$0:Lio/ktor/client/plugins/cache/storage/飘花落叶言子楪世哲苏兰;
smali_classes2\io\ktor\client\plugins\cache\storage\FileCacheStorage$findAll$1.smali	36	.method public constructor <init>(Lio/ktor/client/plugins/cache/storage/飘花落叶言子楪世哲苏兰;Lkotlin/coroutines/飘花落叶言子楪世哲苏兰;)V
smali_classes2\io\ktor\client\plugins\cache\storage\FileCacheStorage$findAll$1.smali	41	            "Lio/ktor/client/plugins/cache/storage/\u98d8\u82b1\u843d\u53f6\u8a00\u5b50\u696a\u4e16\u54f2\u82cf\u5170;",
smali_classes2\io\ktor\client\plugins\cache\storage\FileCacheStorage$findAll$1.smali	44	            "Lio/ktor/client/plugins/cache/storage/FileCacheStorage$findAll$1;",
smali_classes2\io\ktor\client\plugins\cache\storage\FileCacheStorage$findAll$1.smali	64	    iput-object p1, p0, Lio/ktor/client/plugins/cache/storage/FileCacheStorage$findAll$1;->result:Ljava/lang/Object;
smali_classes2\io\ktor\client\plugins\cache\storage\FileCacheStorage$findAll$1.smali	68	    iget p1, p0, Lio/ktor/client/plugins/cache/storage/FileCacheStorage$findAll$1;->label:I
smali_classes2\io\ktor\client\plugins\cache\storage\FileCacheStorage$findAll$1.smali	79	    iput p1, p0, Lio/ktor/client/plugins/cache/storage/FileCacheStorage$findAll$1;->label:I
smali_classes2\io\ktor\client\plugins\cache\storage\FileCacheStorage$readCache$1.smali	1	.class final Lio/ktor/client/plugins/cache/storage/FileCacheStorage$readCache$1;
smali_classes2\io\ktor\client\plugins\cache\storage\FileCacheStorage$readCache$1.smali	18	    c = "io.ktor.client.plugins.cache.storage.FileCacheStorage"
smali_classes2\io\ktor\client\plugins\cache\storage\FileCacheStorage$readCache$1.smali	53	.field final synthetic this$0:Lio/ktor/client/plugins/cache/storage/飘花落叶言子楪世哲苏兰;
smali_classes2\io\ktor\client\plugins\cache\storage\FileCacheStorage$readCache$1.smali	57	.method public constructor <init>(Lio/ktor/client/plugins/cache/storage/飘花落叶言子楪世哲苏兰;Lkotlin/coroutines/飘花落叶言子楪世哲苏兰;)V
smali_classes2\io\ktor\client\plugins\cache\storage\FileCacheStorage$readCache$1.smali	62	            "Lio/ktor/client/plugins/cache/storage/\u98d8\u82b1\u843d\u53f6\u8a00\u5b50\u696a\u4e16\u54f2\u82cf\u5170;",
smali_classes2\io\ktor\client\plugins\cache\storage\FileCacheStorage$readCache$1.smali	65	            "Lio/ktor/client/plugins/cache/storage/FileCacheStorage$readCache$1;",
smali_classes2\io\ktor\client\plugins\cache\storage\FileCacheStorage$readCache$1.smali	85	    iput-object p1, p0, Lio/ktor/client/plugins/cache/storage/FileCacheStorage$readCache$1;->result:Ljava/lang/Object;
smali_classes2\io\ktor\client\plugins\cache\storage\FileCacheStorage$readCache$1.smali	89	    iget p1, p0, Lio/ktor/client/plugins/cache/storage/FileCacheStorage$readCache$1;->label:I
smali_classes2\io\ktor\client\plugins\cache\storage\FileCacheStorage$readCache$1.smali	100	    iput p1, p0, Lio/ktor/client/plugins/cache/storage/FileCacheStorage$readCache$1;->label:I
smali_classes2\io\ktor\client\plugins\cache\storage\FileCacheStorage$readCache$3.smali	1	.class final Lio/ktor/client/plugins/cache/storage/FileCacheStorage$readCache$3;
smali_classes2\io\ktor\client\plugins\cache\storage\FileCacheStorage$readCache$3.smali	18	    c = "io.ktor.client.plugins.cache.storage.FileCacheStorage"
smali_classes2\io\ktor\client\plugins\cache\storage\FileCacheStorage$readCache$3.smali	72	.field final synthetic this$0:Lio/ktor/client/plugins/cache/storage/飘花落叶言子楪世哲苏兰;
smali_classes2\io\ktor\client\plugins\cache\storage\FileCacheStorage$readCache$3.smali	76	.method public constructor <init>(Lio/ktor/client/plugins/cache/storage/飘花落叶言子楪世哲苏兰;Lkotlin/coroutines/飘花落叶言子楪世哲苏兰;)V
smali_classes2\io\ktor\client\plugins\cache\storage\FileCacheStorage$readCache$3.smali	81	            "Lio/ktor/client/plugins/cache/storage/\u98d8\u82b1\u843d\u53f6\u8a00\u5b50\u696a\u4e16\u54f2\u82cf\u5170;",
smali_classes2\io\ktor\client\plugins\cache\storage\FileCacheStorage$readCache$3.smali	84	            "Lio/ktor/client/plugins/cache/storage/FileCacheStorage$readCache$3;",
smali_classes2\io\ktor\client\plugins\cache\storage\FileCacheStorage$readCache$3.smali	104	    iput-object p1, p0, Lio/ktor/client/plugins/cache/storage/FileCacheStorage$readCache$3;->result:Ljava/lang/Object;
smali_classes2\io\ktor\client\plugins\cache\storage\FileCacheStorage$readCache$3.smali	108	    iget p1, p0, Lio/ktor/client/plugins/cache/storage/FileCacheStorage$readCache$3;->label:I
smali_classes2\io\ktor\client\plugins\cache\storage\FileCacheStorage$readCache$3.smali	119	    iput p1, p0, Lio/ktor/client/plugins/cache/storage/FileCacheStorage$readCache$3;->label:I
smali_classes2\io\ktor\client\plugins\cache\storage\FileCacheStorage$store$2.smali	1	.class final Lio/ktor/client/plugins/cache/storage/FileCacheStorage$store$2;
smali_classes2\io\ktor\client\plugins\cache\storage\FileCacheStorage$store$2.smali	36	    c = "io.ktor.client.plugins.cache.storage.FileCacheStorage$store$2"
smali_classes2\io\ktor\client\plugins\cache\storage\FileCacheStorage$store$2.smali	47	.field final synthetic $data:Lio/ktor/client/plugins/cache/storage/飘花落叶言子楪世苏哲兰;
smali_classes2\io\ktor\client\plugins\cache\storage\FileCacheStorage$store$2.smali	55	.field final synthetic this$0:Lio/ktor/client/plugins/cache/storage/飘花落叶言子楪世哲苏兰;
smali_classes2\io\ktor\client\plugins\cache\storage\FileCacheStorage$store$2.smali	59	.method public constructor <init>(Lio/ktor/client/plugins/cache/storage/飘花落叶言子楪世哲苏兰;L飘花落叶言楪兰苏世子哲/飘花落叶言子世哲苏楪兰;Lio/ktor/client/plugins/cache/storage/飘花落叶言子楪世苏哲兰;Lkotlin/coroutines/飘花落叶言子楪世哲苏兰;)V
smali_classes2\io\ktor\client\plugins\cache\storage\FileCacheStorage$store$2.smali	64	            "Lio/ktor/client/plugins/cache/storage/\u98d8\u82b1\u843d\u53f6\u8a00\u5b50\u696a\u4e16\u54f2\u82cf\u5170;",
smali_classes2\io\ktor\client\plugins\cache\storage\FileCacheStorage$store$2.smali	66	            "Lio/ktor/client/plugins/cache/storage/\u98d8\u82b1\u843d\u53f6\u8a00\u5b50\u696a\u4e16\u82cf\u54f2\u5170;",
smali_classes2\io\ktor\client\plugins\cache\storage\FileCacheStorage$store$2.smali	69	            "Lio/ktor/client/plugins/cache/storage/FileCacheStorage$store$2;",
smali_classes2\io\ktor\client\plugins\cache\storage\FileCacheStorage$store$2.smali	75	    iput-object p2, p0, Lio/ktor/client/plugins/cache/storage/FileCacheStorage$store$2;->$url:L飘花落叶言楪兰苏世子哲/飘花落叶言子世哲苏楪兰;
smali_classes2\io\ktor\client\plugins\cache\storage\FileCacheStorage$store$2.smali	79	    iput-object p3, p0, Lio/ktor/client/plugins/cache/storage/FileCacheStorage$store$2;->$data:Lio/ktor/client/plugins/cache/storage/飘花落叶言子楪世苏哲兰;
smali_classes2\io\ktor\client\plugins\cache\storage\FileCacheStorage$store$2.smali	111	    new-instance p1, Lio/ktor/client/plugins/cache/storage/FileCacheStorage$store$2;
smali_classes2\io\ktor\client\plugins\cache\storage\FileCacheStorage$store$2.smali	115	    iget-object v0, p0, Lio/ktor/client/plugins/cache/storage/FileCacheStorage$store$2;->$url:L飘花落叶言楪兰苏世子哲/飘花落叶言子世哲苏楪兰;
smali_classes2\io\ktor\client\plugins\cache\storage\FileCacheStorage$store$2.smali	119	    iget-object p0, p0, Lio/ktor/client/plugins/cache/storage/FileCacheStorage$store$2;->$data:Lio/ktor/client/plugins/cache/storage/飘花落叶言子楪世苏哲兰;
smali_classes2\io\ktor\client\plugins\cache\storage\FileCacheStorage$store$2.smali	126	    invoke-direct {p1, v1, v0, p0, p2}, Lio/ktor/client/plugins/cache/storage/FileCacheStorage$store$2;-><init>(Lio/ktor/client/plugins/cache/storage/飘花落叶言子楪世哲苏兰;L飘花落叶言楪兰苏世子哲/飘花落叶言子世哲苏楪兰;Lio/ktor/client/plugins/cache/storage/飘花落叶言子楪世苏哲兰;Lkotlin/coroutines/飘花落叶言子楪世哲苏兰;)V
smali_classes2\io\ktor\client\plugins\cache\storage\FileCacheStorage$store$2.smali	142	    invoke-virtual {p0, p1, p2}, Lio/ktor/client/plugins/cache/storage/FileCacheStorage$store$2;->invoke(Lkotlinx/coroutines/飘花落叶言子世楪哲兰苏;Lkotlin/coroutines/飘花落叶言子楪世哲苏兰;)Ljava/lang/Object;
smali_classes2\io\ktor\client\plugins\cache\storage\FileCacheStorage$store$2.smali	164	    invoke-virtual {p0, p1, p2}, Lio/ktor/client/plugins/cache/storage/FileCacheStorage$store$2;->create(Ljava/lang/Object;Lkotlin/coroutines/飘花落叶言子楪世哲苏兰;)Lkotlin/coroutines/飘花落叶言子楪世哲苏兰;
smali_classes2\io\ktor\client\plugins\cache\storage\FileCacheStorage$store$2.smali	172	    check-cast p0, Lio/ktor/client/plugins/cache/storage/FileCacheStorage$store$2;
smali_classes2\io\ktor\client\plugins\cache\storage\FileCacheStorage$store$2.smali	180	    invoke-virtual {p0, p1}, Lio/ktor/client/plugins/cache/storage/FileCacheStorage$store$2;->invokeSuspend(Ljava/lang/Object;)Ljava/lang/Object;
smali_classes2\io\ktor\client\plugins\cache\storage\FileCacheStorage$store$2.smali	199	    iget v0, p0, Lio/ktor/client/plugins/cache/storage/FileCacheStorage$store$2;->label:I
smali_classes2\io\ktor\client\plugins\cache\storage\FileCacheStorage$store$2.smali	250	    iget-object v0, p0, Lio/ktor/client/plugins/cache/storage/FileCacheStorage$store$2;->L$0:Ljava/lang/Object;
smali_classes2\io\ktor\client\plugins\cache\storage\FileCacheStorage$store$2.smali	267	    iget-object v0, p0, Lio/ktor/client/plugins/cache/storage/FileCacheStorage$store$2;->$data:Lio/ktor/client/plugins/cache/storage/飘花落叶言子楪世苏哲兰;
smali_classes2\io\ktor\client\plugins\cache\storage\FileCacheStorage$store$2.smali	313	    check-cast v5, Lio/ktor/client/plugins/cache/storage/飘花落叶言子楪世苏哲兰;
smali_classes2\io\ktor\client\plugins\cache\storage\FileCacheStorage$store$2.smali	348	    iget-object p1, p0, Lio/ktor/client/plugins/cache/storage/FileCacheStorage$store$2;->$data:Lio/ktor/client/plugins/cache/storage/飘花落叶言子楪世苏哲兰;
smali_classes2\io\ktor\client\plugins\cache\storage\FileCacheStorage$store$2.smali	357	    iput-object v1, p0, Lio/ktor/client/plugins/cache/storage/FileCacheStorage$store$2;->L$0:Ljava/lang/Object;
smali_classes2\io\ktor\client\plugins\cache\storage\FileCacheStorage$store$2.smali	361	    iput v3, p0, Lio/ktor/client/plugins/cache/storage/FileCacheStorage$store$2;->label:I
smali_classes2\io\ktor\client\plugins\cache\storage\FileCacheStorage$writeCache$2$1$1$1.smali	1	.class final Lio/ktor/client/plugins/cache/storage/FileCacheStorage$writeCache$2$1$1$1;
smali_classes2\io\ktor\client\plugins\cache\storage\FileCacheStorage$writeCache$2$1$1$1.smali	11	    value = Lio/ktor/client/plugins/cache/storage/FileCacheStorage$writeCache$2;->invokeSuspend(Ljava/lang/Object;)Ljava/lang/Object;
smali_classes2\io\ktor\client\plugins\cache\storage\FileCacheStorage$writeCache$2$1$1$1.smali	45	    c = "io.ktor.client.plugins.cache.storage.FileCacheStorage$writeCache$2$1$1$1"
smali_classes2\io\ktor\client\plugins\cache\storage\FileCacheStorage$writeCache$2$1$1$1.smali	60	            "Lio/ktor/client/plugins/cache/storage/\u98d8\u82b1\u843d\u53f6\u8a00\u5b50\u696a\u4e16\u82cf\u54f2\u5170;",
smali_classes2\io\ktor\client\plugins\cache\storage\FileCacheStorage$writeCache$2$1$1$1.smali	72	.field final synthetic this$0:Lio/ktor/client/plugins/cache/storage/飘花落叶言子楪世哲苏兰;
smali_classes2\io\ktor\client\plugins\cache\storage\FileCacheStorage$writeCache$2$1$1$1.smali	76	.method public constructor <init>(Lio/ktor/utils/io/飘花落叶言子楪苏世兰哲;Ljava/util/List;Lio/ktor/client/plugins/cache/storage/飘花落叶言子楪世哲苏兰;Lkotlin/coroutines/飘花落叶言子楪世哲苏兰;)V
smali_classes2\io\ktor\client\plugins\cache\storage\FileCacheStorage$writeCache$2$1$1$1.smali	83	            "Lio/ktor/client/plugins/cache/storage/\u98d8\u82b1\u843d\u53f6\u8a00\u5b50\u696a\u4e16\u82cf\u54f2\u5170;",
smali_classes2\io\ktor\client\plugins\cache\storage\FileCacheStorage$writeCache$2$1$1$1.smali	85	            "Lio/ktor/client/plugins/cache/storage/\u98d8\u82b1\u843d\u53f6\u8a00\u5b50\u696a\u4e16\u54f2\u82cf\u5170;",
smali_classes2\io\ktor\client\plugins\cache\storage\FileCacheStorage$writeCache$2$1$1$1.smali	88	            "Lio/ktor/client/plugins/cache/storage/FileCacheStorage$writeCache$2$1$1$1;",
smali_classes2\io\ktor\client\plugins\cache\storage\FileCacheStorage$writeCache$2$1$1$1.smali	94	    iput-object p1, p0, Lio/ktor/client/plugins/cache/storage/FileCacheStorage$writeCache$2$1$1$1;->$channel:Lio/ktor/utils/io/飘花落叶言子楪苏世兰哲;
smali_classes2\io\ktor\client\plugins\cache\storage\FileCacheStorage$writeCache$2$1$1$1.smali	98	    iput-object p2, p0, Lio/ktor/client/plugins/cache/storage/FileCacheStorage$writeCache$2$1$1$1;->$caches:Ljava/util/List;
smali_classes2\io\ktor\client\plugins\cache\storage\FileCacheStorage$writeCache$2$1$1$1.smali	130	    new-instance p1, Lio/ktor/client/plugins/cache/storage/FileCacheStorage$writeCache$2$1$1$1;
smali_classes2\io\ktor\client\plugins\cache\storage\FileCacheStorage$writeCache$2$1$1$1.smali	134	    iget-object v0, p0, Lio/ktor/client/plugins/cache/storage/FileCacheStorage$writeCache$2$1$1$1;->$channel:Lio/ktor/utils/io/飘花落叶言子楪苏世兰哲;
smali_classes2\io\ktor\client\plugins\cache\storage\FileCacheStorage$writeCache$2$1$1$1.smali	138	    iget-object p0, p0, Lio/ktor/client/plugins/cache/storage/FileCacheStorage$writeCache$2$1$1$1;->$caches:Ljava/util/List;
smali_classes2\io\ktor\client\plugins\cache\storage\FileCacheStorage$writeCache$2$1$1$1.smali	145	    invoke-direct {p1, v0, p0, v1, p2}, Lio/ktor/client/plugins/cache/storage/FileCacheStorage$writeCache$2$1$1$1;-><init>(Lio/ktor/utils/io/飘花落叶言子楪苏世兰哲;Ljava/util/List;Lio/ktor/client/plugins/cache/storage/飘花落叶言子楪世哲苏兰;Lkotlin/coroutines/飘花落叶言子楪世哲苏兰;)V
smali_classes2\io\ktor\client\plugins\cache\storage\FileCacheStorage$writeCache$2$1$1$1.smali	161	    invoke-virtual {p0, p1, p2}, Lio/ktor/client/plugins/cache/storage/FileCacheStorage$writeCache$2$1$1$1;->invoke(Lkotlinx/coroutines/飘花落叶言子世楪哲兰苏;Lkotlin/coroutines/飘花落叶言子楪世哲苏兰;)Ljava/lang/Object;
smali_classes2\io\ktor\client\plugins\cache\storage\FileCacheStorage$writeCache$2$1$1$1.smali	183	    invoke-virtual {p0, p1, p2}, Lio/ktor/client/plugins/cache/storage/FileCacheStorage$writeCache$2$1$1$1;->create(Ljava/lang/Object;Lkotlin/coroutines/飘花落叶言子楪世哲苏兰;)Lkotlin/coroutines/飘花落叶言子楪世哲苏兰;
smali_classes2\io\ktor\client\plugins\cache\storage\FileCacheStorage$writeCache$2$1$1$1.smali	191	    check-cast p0, Lio/ktor/client/plugins/cache/storage/FileCacheStorage$writeCache$2$1$1$1;
smali_classes2\io\ktor\client\plugins\cache\storage\FileCacheStorage$writeCache$2$1$1$1.smali	199	    invoke-virtual {p0, p1}, Lio/ktor/client/plugins/cache/storage/FileCacheStorage$writeCache$2$1$1$1;->invokeSuspend(Ljava/lang/Object;)Ljava/lang/Object;
smali_classes2\io\ktor\client\plugins\cache\storage\FileCacheStorage$writeCache$2$1$1$1.smali	218	    iget v1, p0, Lio/ktor/client/plugins/cache/storage/FileCacheStorage$writeCache$2$1$1$1;->label:I
smali_classes2\io\ktor\client\plugins\cache\storage\FileCacheStorage$writeCache$2$1$1$1.smali	243	    iget-object v0, p0, Lio/ktor/client/plugins/cache/storage/FileCacheStorage$writeCache$2$1$1$1;->L$0:Ljava/lang/Object;
smali_classes2\io\ktor\client\plugins\cache\storage\FileCacheStorage$writeCache$2$1$1$1.smali	287	    iget-object p1, p0, Lio/ktor/client/plugins/cache/storage/FileCacheStorage$writeCache$2$1$1$1;->$channel:Lio/ktor/utils/io/飘花落叶言子楪苏世兰哲;
smali_classes2\io\ktor\client\plugins\cache\storage\FileCacheStorage$writeCache$2$1$1$1.smali	291	    iget-object v1, p0, Lio/ktor/client/plugins/cache/storage/FileCacheStorage$writeCache$2$1$1$1;->$caches:Ljava/util/List;
smali_classes2\io\ktor\client\plugins\cache\storage\FileCacheStorage$writeCache$2$1$1$1.smali	303	    iput v4, p0, Lio/ktor/client/plugins/cache/storage/FileCacheStorage$writeCache$2$1$1$1;->label:I
smali_classes2\io\ktor\client\plugins\cache\storage\FileCacheStorage$writeCache$2$1$1$1.smali	324	    iget-object p1, p0, Lio/ktor/client/plugins/cache/storage/FileCacheStorage$writeCache$2$1$1$1;->$caches:Ljava/util/List;
smali_classes2\io\ktor\client\plugins\cache\storage\FileCacheStorage$writeCache$2$1$1$1.smali	349	    iget-object p0, p0, Lio/ktor/client/plugins/cache/storage/FileCacheStorage$writeCache$2$1$1$1;->$channel:Lio/ktor/utils/io/飘花落叶言子楪苏世兰哲;
smali_classes2\io\ktor\client\plugins\cache\storage\FileCacheStorage$writeCache$2$1$1$1.smali	374	    check-cast p1, Lio/ktor/client/plugins/cache/storage/飘花落叶言子楪世苏哲兰;
smali_classes2\io\ktor\client\plugins\cache\storage\FileCacheStorage$writeCache$2$1$1$1.smali	378	    iput-object v0, p0, Lio/ktor/client/plugins/cache/storage/FileCacheStorage$writeCache$2$1$1$1;->L$0:Ljava/lang/Object;
smali_classes2\io\ktor\client\plugins\cache\storage\FileCacheStorage$writeCache$2$1$1$1.smali	382	    iput v3, p0, Lio/ktor/client/plugins/cache/storage/FileCacheStorage$writeCache$2$1$1$1;->label:I
smali_classes2\io\ktor\client\plugins\cache\storage\FileCacheStorage$writeCache$2.smali	1	.class final Lio/ktor/client/plugins/cache/storage/FileCacheStorage$writeCache$2;
smali_classes2\io\ktor\client\plugins\cache\storage\FileCacheStorage$writeCache$2.smali	36	    c = "io.ktor.client.plugins.cache.storage.FileCacheStorage$writeCache$2"
smali_classes2\io\ktor\client\plugins\cache\storage\FileCacheStorage$writeCache$2.smali	51	            "Lio/ktor/client/plugins/cache/storage/\u98d8\u82b1\u843d\u53f6\u8a00\u5b50\u696a\u4e16\u82cf\u54f2\u5170;",
smali_classes2\io\ktor\client\plugins\cache\storage\FileCacheStorage$writeCache$2.smali	73	.field final synthetic this$0:Lio/ktor/client/plugins/cache/storage/飘花落叶言子楪世哲苏兰;
smali_classes2\io\ktor\client\plugins\cache\storage\FileCacheStorage$writeCache$2.smali	77	.method public constructor <init>(Lio/ktor/client/plugins/cache/storage/飘花落叶言子楪世哲苏兰;Ljava/lang/String;Ljava/util/List;Lkotlin/coroutines/飘花落叶言子楪世哲苏兰;)V
smali_classes2\io\ktor\client\plugins\cache\storage\FileCacheStorage$writeCache$2.smali	82	            "Lio/ktor/client/plugins/cache/storage/\u98d8\u82b1\u843d\u53f6\u8a00\u5b50\u696a\u4e16\u54f2\u82cf\u5170;",
smali_classes2\io\ktor\client\plugins\cache\storage\FileCacheStorage$writeCache$2.smali	85	            "Lio/ktor/client/plugins/cache/storage/\u98d8\u82b1\u843d\u53f6\u8a00\u5b50\u696a\u4e16\u82cf\u54f2\u5170;",
smali_classes2\io\ktor\client\plugins\cache\storage\FileCacheStorage$writeCache$2.smali	89	            "Lio/ktor/client/plugins/cache/storage/FileCacheStorage$writeCache$2;",
smali_classes2\io\ktor\client\plugins\cache\storage\FileCacheStorage$writeCache$2.smali	95	    iput-object p2, p0, Lio/ktor/client/plugins/cache/storage/FileCacheStorage$writeCache$2;->$urlHex:Ljava/lang/String;
smali_classes2\io\ktor\client\plugins\cache\storage\FileCacheStorage$writeCache$2.smali	99	    iput-object p3, p0, Lio/ktor/client/plugins/cache/storage/FileCacheStorage$writeCache$2;->$caches:Ljava/util/List;
smali_classes2\io\ktor\client\plugins\cache\storage\FileCacheStorage$writeCache$2.smali	147	    new-instance v0, Lio/ktor/client/plugins/cache/storage/FileCacheStorage$writeCache$2;
smali_classes2\io\ktor\client\plugins\cache\storage\FileCacheStorage$writeCache$2.smali	151	    iget-object v1, p0, Lio/ktor/client/plugins/cache/storage/FileCacheStorage$writeCache$2;->$urlHex:Ljava/lang/String;
smali_classes2\io\ktor\client\plugins\cache\storage\FileCacheStorage$writeCache$2.smali	155	    iget-object p0, p0, Lio/ktor/client/plugins/cache/storage/FileCacheStorage$writeCache$2;->$caches:Ljava/util/List;
smali_classes2\io\ktor\client\plugins\cache\storage\FileCacheStorage$writeCache$2.smali	162	    invoke-direct {v0, v2, v1, p0, p2}, Lio/ktor/client/plugins/cache/storage/FileCacheStorage$writeCache$2;-><init>(Lio/ktor/client/plugins/cache/storage/飘花落叶言子楪世哲苏兰;Ljava/lang/String;Ljava/util/List;Lkotlin/coroutines/飘花落叶言子楪世哲苏兰;)V
smali_classes2\io\ktor\client\plugins\cache\storage\FileCacheStorage$writeCache$2.smali	167	    iput-object p1, v0, Lio/ktor/client/plugins/cache/storage/FileCacheStorage$writeCache$2;->L$0:Ljava/lang/Object;
smali_classes2\io\ktor\client\plugins\cache\storage\FileCacheStorage$writeCache$2.smali	182	    invoke-virtual {p0, p1, p2}, Lio/ktor/client/plugins/cache/storage/FileCacheStorage$writeCache$2;->invoke(Lkotlinx/coroutines/飘花落叶言子世楪哲兰苏;Lkotlin/coroutines/飘花落叶言子楪世哲苏兰;)Ljava/lang/Object;
smali_classes2\io\ktor\client\plugins\cache\storage\FileCacheStorage$writeCache$2.smali	203	    invoke-virtual {p0, p1, p2}, Lio/ktor/client/plugins/cache/storage/FileCacheStorage$writeCache$2;->create(Ljava/lang/Object;Lkotlin/coroutines/飘花落叶言子楪世哲苏兰;)Lkotlin/coroutines/飘花落叶言子楪世哲苏兰;
smali_classes2\io\ktor\client\plugins\cache\storage\FileCacheStorage$writeCache$2.smali	211	    check-cast p0, Lio/ktor/client/plugins/cache/storage/FileCacheStorage$writeCache$2;
smali_classes2\io\ktor\client\plugins\cache\storage\FileCacheStorage$writeCache$2.smali	219	    invoke-virtual {p0, p1}, Lio/ktor/client/plugins/cache/storage/FileCacheStorage$writeCache$2;->invokeSuspend(Ljava/lang/Object;)Ljava/lang/Object;
smali_classes2\io\ktor\client\plugins\cache\storage\FileCacheStorage$writeCache$2.smali	242	    iget v1, p0, Lio/ktor/client/plugins/cache/storage/FileCacheStorage$writeCache$2;->label:I
smali_classes2\io\ktor\client\plugins\cache\storage\FileCacheStorage$writeCache$2.smali	267	    iget-object v1, p0, Lio/ktor/client/plugins/cache/storage/FileCacheStorage$writeCache$2;->L$1:Ljava/lang/Object;
smali_classes2\io\ktor\client\plugins\cache\storage\FileCacheStorage$writeCache$2.smali	275	    iget-object p0, p0, Lio/ktor/client/plugins/cache/storage/FileCacheStorage$writeCache$2;->L$0:Ljava/lang/Object;
smali_classes2\io\ktor\client\plugins\cache\storage\FileCacheStorage$writeCache$2.smali	410	    iget-object v1, p0, Lio/ktor/client/plugins/cache/storage/FileCacheStorage$writeCache$2;->L$4:Ljava/lang/Object;
smali_classes2\io\ktor\client\plugins\cache\storage\FileCacheStorage$writeCache$2.smali	418	    iget-object v1, p0, Lio/ktor/client/plugins/cache/storage/FileCacheStorage$writeCache$2;->L$3:Ljava/lang/Object;
smali_classes2\io\ktor\client\plugins\cache\storage\FileCacheStorage$writeCache$2.smali	426	    iget-object v1, p0, Lio/ktor/client/plugins/cache/storage/FileCacheStorage$writeCache$2;->L$2:Ljava/lang/Object;
smali_classes2\io\ktor\client\plugins\cache\storage\FileCacheStorage$writeCache$2.smali	443	    iget-object v1, p0, Lio/ktor/client/plugins/cache/storage/FileCacheStorage$writeCache$2;->L$1:Ljava/lang/Object;
smali_classes2\io\ktor\client\plugins\cache\storage\FileCacheStorage$writeCache$2.smali	451	    iget-object p0, p0, Lio/ktor/client/plugins/cache/storage/FileCacheStorage$writeCache$2;->L$0:Ljava/lang/Object;
smali_classes2\io\ktor\client\plugins\cache\storage\FileCacheStorage$writeCache$2.smali	513	    sget-object v1, Lio/ktor/client/plugins/cache/飘花落叶言子楪世哲兰苏;->飘花落叶言子楪世苏哲兰:L飘花落叶言苏楪世子兰哲/飘花落叶言子楪世苏兰哲;
smali_classes2\io\ktor\client\plugins\cache\storage\FileCacheStorage$writeCache$2.smali	569	    iget-object p0, p0, Lio/ktor/client/plugins/cache/storage/FileCacheStorage$writeCache$2;->L$0:Ljava/lang/Object;
smali_classes2\io\ktor\client\plugins\cache\storage\FileCacheStorage$writeCache$3.smali	1	.class final Lio/ktor/client/plugins/cache/storage/FileCacheStorage$writeCache$3;
smali_classes2\io\ktor\client\plugins\cache\storage\FileCacheStorage$writeCache$3.smali	18	    c = "io.ktor.client.plugins.cache.storage.FileCacheStorage"
smali_classes2\io\ktor\client\plugins\cache\storage\FileCacheStorage$writeCache$3.smali	54	.field final synthetic this$0:Lio/ktor/client/plugins/cache/storage/飘花落叶言子楪世哲苏兰;
smali_classes2\io\ktor\client\plugins\cache\storage\FileCacheStorage$writeCache$3.smali	58	.method public constructor <init>(Lio/ktor/client/plugins/cache/storage/飘花落叶言子楪世哲苏兰;Lkotlin/coroutines/飘花落叶言子楪世哲苏兰;)V
smali_classes2\io\ktor\client\plugins\cache\storage\FileCacheStorage$writeCache$3.smali	63	            "Lio/ktor/client/plugins/cache/storage/\u98d8\u82b1\u843d\u53f6\u8a00\u5b50\u696a\u4e16\u54f2\u82cf\u5170;",
smali_classes2\io\ktor\client\plugins\cache\storage\FileCacheStorage$writeCache$3.smali	66	            "Lio/ktor/client/plugins/cache/storage/FileCacheStorage$writeCache$3;",
smali_classes2\io\ktor\client\plugins\cache\storage\FileCacheStorage$writeCache$3.smali	86	    iput-object p1, p0, Lio/ktor/client/plugins/cache/storage/FileCacheStorage$writeCache$3;->result:Ljava/lang/Object;
smali_classes2\io\ktor\client\plugins\cache\storage\FileCacheStorage$writeCache$3.smali	90	    iget p1, p0, Lio/ktor/client/plugins/cache/storage/FileCacheStorage$writeCache$3;->label:I
smali_classes2\io\ktor\client\plugins\cache\storage\FileCacheStorage$writeCache$3.smali	101	    iput p1, p0, Lio/ktor/client/plugins/cache/storage/FileCacheStorage$writeCache$3;->label:I
smali_classes2\io\ktor\client\plugins\cache\storage\HttpCacheStorageKt$store$1.smali	1	.class final Lio/ktor/client/plugins/cache/storage/HttpCacheStorageKt$store$1;
smali_classes2\io\ktor\client\plugins\cache\storage\HttpCacheStorageKt$store$1.smali	18	    c = "io.ktor.client.plugins.cache.storage.HttpCacheStorageKt"
smali_classes2\io\ktor\client\plugins\cache\storage\HttpCacheStorageKt$store$1.smali	45	            "Lio/ktor/client/plugins/cache/storage/HttpCacheStorageKt$store$1;",
smali_classes2\io\ktor\client\plugins\cache\storage\HttpCacheStorageKt$store$1.smali	65	    iput-object p1, p0, Lio/ktor/client/plugins/cache/storage/HttpCacheStorageKt$store$1;->result:Ljava/lang/Object;
smali_classes2\io\ktor\client\plugins\cache\storage\HttpCacheStorageKt$store$1.smali	69	    iget p1, p0, Lio/ktor/client/plugins/cache/storage/HttpCacheStorageKt$store$1;->label:I
smali_classes2\io\ktor\client\plugins\cache\storage\HttpCacheStorageKt$store$1.smali	80	    iput p1, p0, Lio/ktor/client/plugins/cache/storage/HttpCacheStorageKt$store$1;->label:I
smali_classes2\io\ktor\client\plugins\cache\storage\HttpCacheStorageKt$store$1.smali	95	    iput p1, p0, Lio/ktor/client/plugins/cache/storage/HttpCacheStorageKt$store$1;->label:I
smali_classes2\io\ktor\client\plugins\cache\storage\HttpCacheStorageKt$store$1.smali	103	    new-instance p1, Lio/ktor/client/plugins/cache/storage/HttpCacheStorageKt$store$1;
smali_classes2\io\ktor\client\plugins\cache\storage\HttpCacheStorageKt$store$1.smali	107	    invoke-direct {p1, p0}, Lio/ktor/client/plugins/cache/storage/HttpCacheStorageKt$store$1;-><init>(Lkotlin/coroutines/飘花落叶言子楪世哲苏兰;)V
smali_classes2\io\ktor\client\plugins\cache\storage\HttpCacheStorageKt$store$1.smali	116	    iget-object p1, p0, Lio/ktor/client/plugins/cache/storage/HttpCacheStorageKt$store$1;->result:Ljava/lang/Object;
smali_classes2\io\ktor\client\plugins\cache\storage\HttpCacheStorageKt$store$1.smali	124	    iget v0, p0, Lio/ktor/client/plugins/cache/storage/HttpCacheStorageKt$store$1;->label:I
smali_classes2\io\ktor\client\plugins\cache\storage\HttpCacheStorageKt$store$1.smali	139	    iget-object v0, p0, Lio/ktor/client/plugins/cache/storage/HttpCacheStorageKt$store$1;->L$1:Ljava/lang/Object;
smali_classes2\io\ktor\client\plugins\cache\storage\HttpCacheStorageKt$store$1.smali	147	    iget-object p0, p0, Lio/ktor/client/plugins/cache/storage/HttpCacheStorageKt$store$1;->L$0:Ljava/lang/Object;
smali_classes2\io\ktor\client\plugins\cache\storage\HttpCacheStorageKt$store$1.smali	216	    iput-object p1, p0, Lio/ktor/client/plugins/cache/storage/HttpCacheStorageKt$store$1;->L$0:Ljava/lang/Object;
smali_classes2\io\ktor\client\plugins\cache\storage\HttpCacheStorageKt$store$1.smali	220	    iput-object p1, p0, Lio/ktor/client/plugins/cache/storage/HttpCacheStorageKt$store$1;->L$1:Ljava/lang/Object;
smali_classes2\io\ktor\client\plugins\cache\storage\HttpCacheStorageKt$store$1.smali	224	    iput v1, p0, Lio/ktor/client/plugins/cache/storage/HttpCacheStorageKt$store$1;->label:I
smali_classes2\io\ktor\client\plugins\cache\storage\HttpCacheStorageKt$store$1.smali	228	    invoke-static {p0}, Lio/ktor/client/plugins/cache/飘花落叶言子楪世哲苏兰;->飘花落叶言子楪世苏哲兰(Lkotlin/coroutines/jvm/internal/ContinuationImpl;)V
smali_classes2\io\ktor\client\plugins\cache\storage\HttpCacheStorageKt$store$3.smali	1	.class final Lio/ktor/client/plugins/cache/storage/HttpCacheStorageKt$store$3;
smali_classes2\io\ktor\client\plugins\cache\storage\HttpCacheStorageKt$store$3.smali	18	    c = "io.ktor.client.plugins.cache.storage.HttpCacheStorageKt"
smali_classes2\io\ktor\client\plugins\cache\storage\HttpCacheStorageKt$store$3.smali	52	            "Lio/ktor/client/plugins/cache/storage/HttpCacheStorageKt$store$3;",
smali_classes2\io\ktor\client\plugins\cache\storage\HttpCacheStorageKt$store$3.smali	72	    iput-object p1, p0, Lio/ktor/client/plugins/cache/storage/HttpCacheStorageKt$store$3;->result:Ljava/lang/Object;
smali_classes2\io\ktor\client\plugins\cache\storage\HttpCacheStorageKt$store$3.smali	76	    iget p1, p0, Lio/ktor/client/plugins/cache/storage/HttpCacheStorageKt$store$3;->label:I
smali_classes2\io\ktor\client\plugins\cache\storage\HttpCacheStorageKt$store$3.smali	87	    iput p1, p0, Lio/ktor/client/plugins/cache/storage/HttpCacheStorageKt$store$3;->label:I
smali_classes2\io\ktor\client\plugins\cache\storage\HttpCacheStorageKt$store$3.smali	102	    iput p1, p0, Lio/ktor/client/plugins/cache/storage/HttpCacheStorageKt$store$3;->label:I
smali_classes2\io\ktor\client\plugins\cache\storage\HttpCacheStorageKt$store$3.smali	110	    new-instance p1, Lio/ktor/client/plugins/cache/storage/HttpCacheStorageKt$store$3;
smali_classes2\io\ktor\client\plugins\cache\storage\HttpCacheStorageKt$store$3.smali	114	    invoke-direct {p1, p0}, Lio/ktor/client/plugins/cache/storage/HttpCacheStorageKt$store$3;-><init>(Lkotlin/coroutines/飘花落叶言子楪世哲苏兰;)V
smali_classes2\io\ktor\client\plugins\cache\storage\HttpCacheStorageKt$store$3.smali	123	    iget-object p1, p0, Lio/ktor/client/plugins/cache/storage/HttpCacheStorageKt$store$3;->result:Ljava/lang/Object;
smali_classes2\io\ktor\client\plugins\cache\storage\HttpCacheStorageKt$store$3.smali	131	    iget v0, p0, Lio/ktor/client/plugins/cache/storage/HttpCacheStorageKt$store$3;->label:I
smali_classes2\io\ktor\client\plugins\cache\storage\HttpCacheStorageKt$store$3.smali	156	    iget-object p0, p0, Lio/ktor/client/plugins/cache/storage/HttpCacheStorageKt$store$3;->L$0:Ljava/lang/Object;
smali_classes2\io\ktor\client\plugins\cache\storage\HttpCacheStorageKt$store$3.smali	160	    check-cast p0, Lio/ktor/client/plugins/cache/storage/飘花落叶言子楪世苏哲兰;
smali_classes2\io\ktor\client\plugins\cache\storage\HttpCacheStorageKt$store$3.smali	186	    iget-object v0, p0, Lio/ktor/client/plugins/cache/storage/HttpCacheStorageKt$store$3;->L$3:Ljava/lang/Object;
smali_classes2\io\ktor\client\plugins\cache\storage\HttpCacheStorageKt$store$3.smali	194	    iget-object v0, p0, Lio/ktor/client/plugins/cache/storage/HttpCacheStorageKt$store$3;->L$2:Ljava/lang/Object;
smali_classes2\io\ktor\client\plugins\cache\storage\HttpCacheStorageKt$store$3.smali	202	    iget-object v0, p0, Lio/ktor/client/plugins/cache/storage/HttpCacheStorageKt$store$3;->L$1:Ljava/lang/Object;
smali_classes2\io\ktor\client\plugins\cache\storage\HttpCacheStorageKt$store$3.smali	210	    iget-object p0, p0, Lio/ktor/client/plugins/cache/storage/HttpCacheStorageKt$store$3;->L$0:Ljava/lang/Object;
smali_classes2\io\ktor\client\plugins\cache\storage\飘花落叶言子楪世哲苏兰.smali	1	.class public abstract Lio/ktor/client/plugins/cache/storage/飘花落叶言子楪世哲苏兰;
smali_classes2\io\ktor\client\plugins\cache\storage\飘花落叶言子楪世苏兰哲.smali	1	.class public abstract Lio/ktor/client/plugins/cache/storage/飘花落叶言子楪世苏兰哲;
smali_classes2\io\ktor\client\plugins\cache\storage\飘花落叶言子楪世苏哲兰.smali	1	.class public abstract Lio/ktor/client/plugins/cache/storage/飘花落叶言子楪世苏哲兰;
smali_classes2\io\ktor\client\plugins\cookies\AcceptAllCookiesStorage$addCookie$1.smali	1	.class final Lio/ktor/client/plugins/cookies/AcceptAllCookiesStorage$addCookie$1;
smali_classes2\io\ktor\client\plugins\cookies\AcceptAllCookiesStorage$addCookie$1.smali	18	    c = "io.ktor.client.plugins.cookies.AcceptAllCookiesStorage"
smali_classes2\io\ktor\client\plugins\cookies\AcceptAllCookiesStorage$addCookie$1.smali	40	.field final synthetic this$0:Lio/ktor/client/plugins/cookies/飘花落叶言子楪世苏哲兰;
smali_classes2\io\ktor\client\plugins\cookies\AcceptAllCookiesStorage$addCookie$1.smali	44	.method public constructor <init>(Lio/ktor/client/plugins/cookies/飘花落叶言子楪世苏哲兰;Lkotlin/coroutines/飘花落叶言子楪世哲苏兰;)V
smali_classes2\io\ktor\client\plugins\cookies\AcceptAllCookiesStorage$addCookie$1.smali	49	            "Lio/ktor/client/plugins/cookies/\u98d8\u82b1\u843d\u53f6\u8a00\u5b50\u696a\u4e16\u82cf\u54f2\u5170;",
smali_classes2\io\ktor\client\plugins\cookies\AcceptAllCookiesStorage$addCookie$1.smali	52	            "Lio/ktor/client/plugins/cookies/AcceptAllCookiesStorage$addCookie$1;",
smali_classes2\io\ktor\client\plugins\cookies\AcceptAllCookiesStorage$addCookie$1.smali	72	    iput-object p1, p0, Lio/ktor/client/plugins/cookies/AcceptAllCookiesStorage$addCookie$1;->result:Ljava/lang/Object;
smali_classes2\io\ktor\client\plugins\cookies\AcceptAllCookiesStorage$addCookie$1.smali	76	    iget p1, p0, Lio/ktor/client/plugins/cookies/AcceptAllCookiesStorage$addCookie$1;->label:I
smali_classes2\io\ktor\client\plugins\cookies\AcceptAllCookiesStorage$addCookie$1.smali	87	    iput p1, p0, Lio/ktor/client/plugins/cookies/AcceptAllCookiesStorage$addCookie$1;->label:I
smali_classes2\io\ktor\client\plugins\cookies\AcceptAllCookiesStorage$get$1.smali	1	.class final Lio/ktor/client/plugins/cookies/AcceptAllCookiesStorage$get$1;
smali_classes2\io\ktor\client\plugins\cookies\AcceptAllCookiesStorage$get$1.smali	18	    c = "io.ktor.client.plugins.cookies.AcceptAllCookiesStorage"
smali_classes2\io\ktor\client\plugins\cookies\AcceptAllCookiesStorage$get$1.smali	38	.field final synthetic this$0:Lio/ktor/client/plugins/cookies/飘花落叶言子楪世苏哲兰;
smali_classes2\io\ktor\client\plugins\cookies\AcceptAllCookiesStorage$get$1.smali	42	.method public constructor <init>(Lio/ktor/client/plugins/cookies/飘花落叶言子楪世苏哲兰;Lkotlin/coroutines/飘花落叶言子楪世哲苏兰;)V
smali_classes2\io\ktor\client\plugins\cookies\AcceptAllCookiesStorage$get$1.smali	47	            "Lio/ktor/client/plugins/cookies/\u98d8\u82b1\u843d\u53f6\u8a00\u5b50\u696a\u4e16\u82cf\u54f2\u5170;",
smali_classes2\io\ktor\client\plugins\cookies\AcceptAllCookiesStorage$get$1.smali	50	            "Lio/ktor/client/plugins/cookies/AcceptAllCookiesStorage$get$1;",
smali_classes2\io\ktor\client\plugins\cookies\AcceptAllCookiesStorage$get$1.smali	70	    iput-object p1, p0, Lio/ktor/client/plugins/cookies/AcceptAllCookiesStorage$get$1;->result:Ljava/lang/Object;
smali_classes2\io\ktor\client\plugins\cookies\AcceptAllCookiesStorage$get$1.smali	74	    iget p1, p0, Lio/ktor/client/plugins/cookies/AcceptAllCookiesStorage$get$1;->label:I
smali_classes2\io\ktor\client\plugins\cookies\AcceptAllCookiesStorage$get$1.smali	85	    iput p1, p0, Lio/ktor/client/plugins/cookies/AcceptAllCookiesStorage$get$1;->label:I
smali_classes2\io\ktor\client\plugins\cookies\HttpCookies$captureHeaderCookies$1.smali	1	.class final Lio/ktor/client/plugins/cookies/HttpCookies$captureHeaderCookies$1;
smali_classes2\io\ktor\client\plugins\cookies\HttpCookies$captureHeaderCookies$1.smali	18	    c = "io.ktor.client.plugins.cookies.HttpCookies"
smali_classes2\io\ktor\client\plugins\cookies\HttpCookies$captureHeaderCookies$1.smali	38	.field final synthetic this$0:Lio/ktor/client/plugins/cookies/飘花落叶言子楪世苏兰哲;
smali_classes2\io\ktor\client\plugins\cookies\HttpCookies$captureHeaderCookies$1.smali	42	.method public constructor <init>(Lio/ktor/client/plugins/cookies/飘花落叶言子楪世苏兰哲;Lkotlin/coroutines/飘花落叶言子楪世哲苏兰;)V
smali_classes2\io\ktor\client\plugins\cookies\HttpCookies$captureHeaderCookies$1.smali	47	            "Lio/ktor/client/plugins/cookies/\u98d8\u82b1\u843d\u53f6\u8a00\u5b50\u696a\u4e16\u82cf\u5170\u54f2;",
smali_classes2\io\ktor\client\plugins\cookies\HttpCookies$captureHeaderCookies$1.smali	50	            "Lio/ktor/client/plugins/cookies/HttpCookies$captureHeaderCookies$1;",
smali_classes2\io\ktor\client\plugins\cookies\HttpCookies$captureHeaderCookies$1.smali	70	    iput-object p1, p0, Lio/ktor/client/plugins/cookies/HttpCookies$captureHeaderCookies$1;->result:Ljava/lang/Object;
smali_classes2\io\ktor\client\plugins\cookies\HttpCookies$captureHeaderCookies$1.smali	74	    iget p1, p0, Lio/ktor/client/plugins/cookies/HttpCookies$captureHeaderCookies$1;->label:I
smali_classes2\io\ktor\client\plugins\cookies\HttpCookies$captureHeaderCookies$1.smali	85	    iput p1, p0, Lio/ktor/client/plugins/cookies/HttpCookies$captureHeaderCookies$1;->label:I
smali_classes2\io\ktor\client\plugins\cookies\HttpCookies$Companion$install$1.smali	1	.class final Lio/ktor/client/plugins/cookies/HttpCookies$Companion$install$1;
smali_classes2\io\ktor\client\plugins\cookies\HttpCookies$Companion$install$1.smali	39	    c = "io.ktor.client.plugins.cookies.HttpCookies$Companion$install$1"
smali_classes2\io\ktor\client\plugins\cookies\HttpCookies$Companion$install$1.smali	49	.field final synthetic $plugin:Lio/ktor/client/plugins/cookies/飘花落叶言子楪世苏兰哲;
smali_classes2\io\ktor\client\plugins\cookies\HttpCookies$Companion$install$1.smali	57	.method public constructor <init>(Lio/ktor/client/plugins/cookies/飘花落叶言子楪世苏兰哲;Lkotlin/coroutines/飘花落叶言子楪世哲苏兰;)V
smali_classes2\io\ktor\client\plugins\cookies\HttpCookies$Companion$install$1.smali	62	            "Lio/ktor/client/plugins/cookies/\u98d8\u82b1\u843d\u53f6\u8a00\u5b50\u696a\u4e16\u82cf\u5170\u54f2;",
smali_classes2\io\ktor\client\plugins\cookies\HttpCookies$Companion$install$1.smali	65	            "Lio/ktor/client/plugins/cookies/HttpCookies$Companion$install$1;",
smali_classes2\io\ktor\client\plugins\cookies\HttpCookies$Companion$install$1.smali	100	    new-instance p0, Lio/ktor/client/plugins/cookies/HttpCookies$Companion$install$1;
smali_classes2\io\ktor\client\plugins\cookies\HttpCookies$Companion$install$1.smali	107	    invoke-direct {p0, p2, p3}, Lio/ktor/client/plugins/cookies/HttpCookies$Companion$install$1;-><init>(Lio/ktor/client/plugins/cookies/飘花落叶言子楪世苏兰哲;Lkotlin/coroutines/飘花落叶言子楪世哲苏兰;)V
smali_classes2\io\ktor\client\plugins\cookies\HttpCookies$Companion$install$1.smali	112	    iput-object p1, p0, Lio/ktor/client/plugins/cookies/HttpCookies$Companion$install$1;->L$0:Ljava/lang/Object;
smali_classes2\io\ktor\client\plugins\cookies\HttpCookies$Companion$install$1.smali	120	    invoke-virtual {p0, p1}, Lio/ktor/client/plugins/cookies/HttpCookies$Companion$install$1;->invokeSuspend(Ljava/lang/Object;)Ljava/lang/Object;
smali_classes2\io\ktor\client\plugins\cookies\HttpCookies$Companion$install$1.smali	139	    invoke-virtual {p0, p1, p2, p3}, Lio/ktor/client/plugins/cookies/HttpCookies$Companion$install$1;->invoke(Lio/ktor/util/pipeline/飘花落叶言子楪世哲兰苏;Ljava/lang/Object;Lkotlin/coroutines/飘花落叶言子楪世哲苏兰;)Ljava/lang/Object;
smali_classes2\io\ktor\client\plugins\cookies\HttpCookies$Companion$install$1.smali	154	    iget v0, p0, Lio/ktor/client/plugins/cookies/HttpCookies$Companion$install$1;->label:I
smali_classes2\io\ktor\client\plugins\cookies\HttpCookies$Companion$install$1.smali	203	    iget-object p1, p0, Lio/ktor/client/plugins/cookies/HttpCookies$Companion$install$1;->L$0:Ljava/lang/Object;
smali_classes2\io\ktor\client\plugins\cookies\HttpCookies$Companion$install$1.smali	219	    iput v2, p0, Lio/ktor/client/plugins/cookies/HttpCookies$Companion$install$1;->label:I
smali_classes2\io\ktor\client\plugins\cookies\HttpCookies$Companion$install$2.smali	1	.class final Lio/ktor/client/plugins/cookies/HttpCookies$Companion$install$2;
smali_classes2\io\ktor\client\plugins\cookies\HttpCookies$Companion$install$2.smali	39	    c = "io.ktor.client.plugins.cookies.HttpCookies$Companion$install$2"
smali_classes2\io\ktor\client\plugins\cookies\HttpCookies$Companion$install$2.smali	49	.field final synthetic $plugin:Lio/ktor/client/plugins/cookies/飘花落叶言子楪世苏兰哲;
smali_classes2\io\ktor\client\plugins\cookies\HttpCookies$Companion$install$2.smali	57	.method public constructor <init>(Lio/ktor/client/plugins/cookies/飘花落叶言子楪世苏兰哲;Lkotlin/coroutines/飘花落叶言子楪世哲苏兰;)V
smali_classes2\io\ktor\client\plugins\cookies\HttpCookies$Companion$install$2.smali	62	            "Lio/ktor/client/plugins/cookies/\u98d8\u82b1\u843d\u53f6\u8a00\u5b50\u696a\u4e16\u82cf\u5170\u54f2;",
smali_classes2\io\ktor\client\plugins\cookies\HttpCookies$Companion$install$2.smali	65	            "Lio/ktor/client/plugins/cookies/HttpCookies$Companion$install$2;",
smali_classes2\io\ktor\client\plugins\cookies\HttpCookies$Companion$install$2.smali	100	    new-instance p0, Lio/ktor/client/plugins/cookies/HttpCookies$Companion$install$2;
smali_classes2\io\ktor\client\plugins\cookies\HttpCookies$Companion$install$2.smali	107	    invoke-direct {p0, p2, p3}, Lio/ktor/client/plugins/cookies/HttpCookies$Companion$install$2;-><init>(Lio/ktor/client/plugins/cookies/飘花落叶言子楪世苏兰哲;Lkotlin/coroutines/飘花落叶言子楪世哲苏兰;)V
smali_classes2\io\ktor\client\plugins\cookies\HttpCookies$Companion$install$2.smali	112	    iput-object p1, p0, Lio/ktor/client/plugins/cookies/HttpCookies$Companion$install$2;->L$0:Ljava/lang/Object;
smali_classes2\io\ktor\client\plugins\cookies\HttpCookies$Companion$install$2.smali	120	    invoke-virtual {p0, p1}, Lio/ktor/client/plugins/cookies/HttpCookies$Companion$install$2;->invokeSuspend(Ljava/lang/Object;)Ljava/lang/Object;
smali_classes2\io\ktor\client\plugins\cookies\HttpCookies$Companion$install$2.smali	139	    invoke-virtual {p0, p1, p2, p3}, Lio/ktor/client/plugins/cookies/HttpCookies$Companion$install$2;->invoke(Lio/ktor/util/pipeline/飘花落叶言子楪世哲兰苏;Ljava/lang/Object;Lkotlin/coroutines/飘花落叶言子楪世哲苏兰;)Ljava/lang/Object;
smali_classes2\io\ktor\client\plugins\cookies\HttpCookies$Companion$install$2.smali	154	    iget v0, p0, Lio/ktor/client/plugins/cookies/HttpCookies$Companion$install$2;->label:I
smali_classes2\io\ktor\client\plugins\cookies\HttpCookies$Companion$install$2.smali	203	    iget-object p1, p0, Lio/ktor/client/plugins/cookies/HttpCookies$Companion$install$2;->L$0:Ljava/lang/Object;
smali_classes2\io\ktor\client\plugins\cookies\HttpCookies$Companion$install$2.smali	219	    iput v2, p0, Lio/ktor/client/plugins/cookies/HttpCookies$Companion$install$2;->label:I
smali_classes2\io\ktor\client\plugins\cookies\HttpCookies$Companion$install$3.smali	1	.class final Lio/ktor/client/plugins/cookies/HttpCookies$Companion$install$3;
smali_classes2\io\ktor\client\plugins\cookies\HttpCookies$Companion$install$3.smali	38	    c = "io.ktor.client.plugins.cookies.HttpCookies$Companion$install$3"
smali_classes2\io\ktor\client\plugins\cookies\HttpCookies$Companion$install$3.smali	48	.field final synthetic $plugin:Lio/ktor/client/plugins/cookies/飘花落叶言子楪世苏兰哲;
smali_classes2\io\ktor\client\plugins\cookies\HttpCookies$Companion$install$3.smali	56	.method public constructor <init>(Lio/ktor/client/plugins/cookies/飘花落叶言子楪世苏兰哲;Lkotlin/coroutines/飘花落叶言子楪世哲苏兰;)V
smali_classes2\io\ktor\client\plugins\cookies\HttpCookies$Companion$install$3.smali	61	            "Lio/ktor/client/plugins/cookies/\u98d8\u82b1\u843d\u53f6\u8a00\u5b50\u696a\u4e16\u82cf\u5170\u54f2;",
smali_classes2\io\ktor\client\plugins\cookies\HttpCookies$Companion$install$3.smali	64	            "Lio/ktor/client/plugins/cookies/HttpCookies$Companion$install$3;",
smali_classes2\io\ktor\client\plugins\cookies\HttpCookies$Companion$install$3.smali	99	    new-instance p0, Lio/ktor/client/plugins/cookies/HttpCookies$Companion$install$3;
smali_classes2\io\ktor\client\plugins\cookies\HttpCookies$Companion$install$3.smali	106	    invoke-direct {p0, p1, p3}, Lio/ktor/client/plugins/cookies/HttpCookies$Companion$install$3;-><init>(Lio/ktor/client/plugins/cookies/飘花落叶言子楪世苏兰哲;Lkotlin/coroutines/飘花落叶言子楪世哲苏兰;)V
smali_classes2\io\ktor\client\plugins\cookies\HttpCookies$Companion$install$3.smali	111	    iput-object p2, p0, Lio/ktor/client/plugins/cookies/HttpCookies$Companion$install$3;->L$0:Ljava/lang/Object;
smali_classes2\io\ktor\client\plugins\cookies\HttpCookies$Companion$install$3.smali	119	    invoke-virtual {p0, p1}, Lio/ktor/client/plugins/cookies/HttpCookies$Companion$install$3;->invokeSuspend(Ljava/lang/Object;)Ljava/lang/Object;
smali_classes2\io\ktor\client\plugins\cookies\HttpCookies$Companion$install$3.smali	140	    invoke-virtual {p0, p1, p2, p3}, Lio/ktor/client/plugins/cookies/HttpCookies$Companion$install$3;->invoke(Lio/ktor/util/pipeline/飘花落叶言子楪世哲兰苏;Lio/ktor/client/statement/飘花落叶言子楪世苏哲兰;Lkotlin/coroutines/飘花落叶言子楪世哲苏兰;)Ljava/lang/Object;
smali_classes2\io\ktor\client\plugins\cookies\HttpCookies$Companion$install$3.smali	155	    iget v0, p0, Lio/ktor/client/plugins/cookies/HttpCookies$Companion$install$3;->label:I
smali_classes2\io\ktor\client\plugins\cookies\HttpCookies$Companion$install$3.smali	204	    iget-object p1, p0, Lio/ktor/client/plugins/cookies/HttpCookies$Companion$install$3;->L$0:Ljava/lang/Object;
smali_classes2\io\ktor\client\plugins\cookies\HttpCookies$Companion$install$3.smali	212	    iput v2, p0, Lio/ktor/client/plugins/cookies/HttpCookies$Companion$install$3;->label:I
smali_classes2\io\ktor\client\plugins\cookies\HttpCookies$get$1.smali	1	.class final Lio/ktor/client/plugins/cookies/HttpCookies$get$1;
smali_classes2\io\ktor\client\plugins\cookies\HttpCookies$get$1.smali	18	    c = "io.ktor.client.plugins.cookies.HttpCookies"
smali_classes2\io\ktor\client\plugins\cookies\HttpCookies$get$1.smali	37	.field final synthetic this$0:Lio/ktor/client/plugins/cookies/飘花落叶言子楪世苏兰哲;
smali_classes2\io\ktor\client\plugins\cookies\HttpCookies$get$1.smali	41	.method public constructor <init>(Lio/ktor/client/plugins/cookies/飘花落叶言子楪世苏兰哲;Lkotlin/coroutines/飘花落叶言子楪世哲苏兰;)V
smali_classes2\io\ktor\client\plugins\cookies\HttpCookies$get$1.smali	46	            "Lio/ktor/client/plugins/cookies/\u98d8\u82b1\u843d\u53f6\u8a00\u5b50\u696a\u4e16\u82cf\u5170\u54f2;",
smali_classes2\io\ktor\client\plugins\cookies\HttpCookies$get$1.smali	49	            "Lio/ktor/client/plugins/cookies/HttpCookies$get$1;",
smali_classes2\io\ktor\client\plugins\cookies\HttpCookies$get$1.smali	69	    iput-object p1, p0, Lio/ktor/client/plugins/cookies/HttpCookies$get$1;->result:Ljava/lang/Object;
smali_classes2\io\ktor\client\plugins\cookies\HttpCookies$get$1.smali	73	    iget p1, p0, Lio/ktor/client/plugins/cookies/HttpCookies$get$1;->label:I
smali_classes2\io\ktor\client\plugins\cookies\HttpCookies$get$1.smali	84	    iput p1, p0, Lio/ktor/client/plugins/cookies/HttpCookies$get$1;->label:I
smali_classes2\io\ktor\client\plugins\cookies\HttpCookies$initializer$1.smali	1	.class final Lio/ktor/client/plugins/cookies/HttpCookies$initializer$1;
smali_classes2\io\ktor\client\plugins\cookies\HttpCookies$initializer$1.smali	36	    c = "io.ktor.client.plugins.cookies.HttpCookies$initializer$1"
smali_classes2\io\ktor\client\plugins\cookies\HttpCookies$initializer$1.smali	52	.field final synthetic this$0:Lio/ktor/client/plugins/cookies/飘花落叶言子楪世苏兰哲;
smali_classes2\io\ktor\client\plugins\cookies\HttpCookies$initializer$1.smali	56	.method public constructor <init>(Lio/ktor/client/plugins/cookies/飘花落叶言子楪世苏兰哲;Lkotlin/coroutines/飘花落叶言子楪世哲苏兰;)V
smali_classes2\io\ktor\client\plugins\cookies\HttpCookies$initializer$1.smali	61	            "Lio/ktor/client/plugins/cookies/\u98d8\u82b1\u843d\u53f6\u8a00\u5b50\u696a\u4e16\u82cf\u5170\u54f2;",
smali_classes2\io\ktor\client\plugins\cookies\HttpCookies$initializer$1.smali	64	            "Lio/ktor/client/plugins/cookies/HttpCookies$initializer$1;",
smali_classes2\io\ktor\client\plugins\cookies\HttpCookies$initializer$1.smali	98	    new-instance p0, Lio/ktor/client/plugins/cookies/HttpCookies$initializer$1;
smali_classes2\io\ktor\client\plugins\cookies\HttpCookies$initializer$1.smali	105	    invoke-direct {p0, p1, p2}, Lio/ktor/client/plugins/cookies/HttpCookies$initializer$1;-><init>(Lio/ktor/client/plugins/cookies/飘花落叶言子楪世苏兰哲;Lkotlin/coroutines/飘花落叶言子楪世哲苏兰;)V
smali_classes2\io\ktor\client\plugins\cookies\HttpCookies$initializer$1.smali	121	    invoke-virtual {p0, p1, p2}, Lio/ktor/client/plugins/cookies/HttpCookies$initializer$1;->invoke(Lkotlinx/coroutines/飘花落叶言子世楪哲兰苏;Lkotlin/coroutines/飘花落叶言子楪世哲苏兰;)Ljava/lang/Object;
smali_classes2\io\ktor\client\plugins\cookies\HttpCookies$initializer$1.smali	143	    invoke-virtual {p0, p1, p2}, Lio/ktor/client/plugins/cookies/HttpCookies$initializer$1;->create(Ljava/lang/Object;Lkotlin/coroutines/飘花落叶言子楪世哲苏兰;)Lkotlin/coroutines/飘花落叶言子楪世哲苏兰;
smali_classes2\io\ktor\client\plugins\cookies\HttpCookies$initializer$1.smali	151	    check-cast p0, Lio/ktor/client/plugins/cookies/HttpCookies$initializer$1;
smali_classes2\io\ktor\client\plugins\cookies\HttpCookies$initializer$1.smali	159	    invoke-virtual {p0, p1}, Lio/ktor/client/plugins/cookies/HttpCookies$initializer$1;->invokeSuspend(Ljava/lang/Object;)Ljava/lang/Object;
smali_classes2\io\ktor\client\plugins\cookies\HttpCookies$initializer$1.smali	178	    iget v0, p0, Lio/ktor/client/plugins/cookies/HttpCookies$initializer$1;->label:I
smali_classes2\io\ktor\client\plugins\cookies\HttpCookies$initializer$1.smali	196	    iget-object v0, p0, Lio/ktor/client/plugins/cookies/HttpCookies$initializer$1;->L$1:Ljava/lang/Object;
smali_classes2\io\ktor\client\plugins\cookies\HttpCookies$initializer$1.smali	204	    iget-object p0, p0, Lio/ktor/client/plugins/cookies/HttpCookies$initializer$1;->L$0:Ljava/lang/Object;
smali_classes2\io\ktor\client\plugins\cookies\HttpCookies$initializer$1.smali	249	    sget p0, Lio/ktor/client/plugins/cookies/飘花落叶言子楪世苏兰哲;->飘花落叶言子楪哲苏兰世:I
smali_classes2\io\ktor\client\plugins\cookies\HttpCookies$initializer$1.smali	284	    sget p0, Lio/ktor/client/plugins/cookies/飘花落叶言子楪世苏兰哲;->飘花落叶言子楪哲苏兰世:I
smali_classes2\io\ktor\client\plugins\cookies\HttpCookies$saveCookiesFrom$1.smali	1	.class final Lio/ktor/client/plugins/cookies/HttpCookies$saveCookiesFrom$1;
smali_classes2\io\ktor\client\plugins\cookies\HttpCookies$saveCookiesFrom$1.smali	18	    c = "io.ktor.client.plugins.cookies.HttpCookies"
smali_classes2\io\ktor\client\plugins\cookies\HttpCookies$saveCookiesFrom$1.smali	38	.field final synthetic this$0:Lio/ktor/client/plugins/cookies/飘花落叶言子楪世苏兰哲;
smali_classes2\io\ktor\client\plugins\cookies\HttpCookies$saveCookiesFrom$1.smali	42	.method public constructor <init>(Lio/ktor/client/plugins/cookies/飘花落叶言子楪世苏兰哲;Lkotlin/coroutines/飘花落叶言子楪世哲苏兰;)V
smali_classes2\io\ktor\client\plugins\cookies\HttpCookies$saveCookiesFrom$1.smali	47	            "Lio/ktor/client/plugins/cookies/\u98d8\u82b1\u843d\u53f6\u8a00\u5b50\u696a\u4e16\u82cf\u5170\u54f2;",
smali_classes2\io\ktor\client\plugins\cookies\HttpCookies$saveCookiesFrom$1.smali	50	            "Lio/ktor/client/plugins/cookies/HttpCookies$saveCookiesFrom$1;",
smali_classes2\io\ktor\client\plugins\cookies\HttpCookies$saveCookiesFrom$1.smali	70	    iput-object p1, p0, Lio/ktor/client/plugins/cookies/HttpCookies$saveCookiesFrom$1;->result:Ljava/lang/Object;
smali_classes2\io\ktor\client\plugins\cookies\HttpCookies$saveCookiesFrom$1.smali	74	    iget p1, p0, Lio/ktor/client/plugins/cookies/HttpCookies$saveCookiesFrom$1;->label:I
smali_classes2\io\ktor\client\plugins\cookies\HttpCookies$saveCookiesFrom$1.smali	85	    iput p1, p0, Lio/ktor/client/plugins/cookies/HttpCookies$saveCookiesFrom$1;->label:I
smali_classes2\io\ktor\client\plugins\cookies\HttpCookies$sendCookiesWith$1.smali	1	.class final Lio/ktor/client/plugins/cookies/HttpCookies$sendCookiesWith$1;
smali_classes2\io\ktor\client\plugins\cookies\HttpCookies$sendCookiesWith$1.smali	18	    c = "io.ktor.client.plugins.cookies.HttpCookies"
smali_classes2\io\ktor\client\plugins\cookies\HttpCookies$sendCookiesWith$1.smali	34	.field final synthetic this$0:Lio/ktor/client/plugins/cookies/飘花落叶言子楪世苏兰哲;
smali_classes2\io\ktor\client\plugins\cookies\HttpCookies$sendCookiesWith$1.smali	38	.method public constructor <init>(Lio/ktor/client/plugins/cookies/飘花落叶言子楪世苏兰哲;Lkotlin/coroutines/飘花落叶言子楪世哲苏兰;)V
smali_classes2\io\ktor\client\plugins\cookies\HttpCookies$sendCookiesWith$1.smali	43	            "Lio/ktor/client/plugins/cookies/\u98d8\u82b1\u843d\u53f6\u8a00\u5b50\u696a\u4e16\u82cf\u5170\u54f2;",
smali_classes2\io\ktor\client\plugins\cookies\HttpCookies$sendCookiesWith$1.smali	46	            "Lio/ktor/client/plugins/cookies/HttpCookies$sendCookiesWith$1;",
smali_classes2\io\ktor\client\plugins\cookies\HttpCookies$sendCookiesWith$1.smali	66	    iput-object p1, p0, Lio/ktor/client/plugins/cookies/HttpCookies$sendCookiesWith$1;->result:Ljava/lang/Object;
smali_classes2\io\ktor\client\plugins\cookies\HttpCookies$sendCookiesWith$1.smali	70	    iget p1, p0, Lio/ktor/client/plugins/cookies/HttpCookies$sendCookiesWith$1;->label:I
smali_classes2\io\ktor\client\plugins\cookies\HttpCookies$sendCookiesWith$1.smali	81	    iput p1, p0, Lio/ktor/client/plugins/cookies/HttpCookies$sendCookiesWith$1;->label:I
smali_classes2\io\ktor\client\plugins\cookies\HttpCookiesKt$cookies$1.smali	1	.class final Lio/ktor/client/plugins/cookies/HttpCookiesKt$cookies$1;
smali_classes2\io\ktor\client\plugins\cookies\HttpCookiesKt$cookies$1.smali	18	    c = "io.ktor.client.plugins.cookies.HttpCookiesKt"
smali_classes2\io\ktor\client\plugins\cookies\HttpCookiesKt$cookies$1.smali	41	            "Lio/ktor/client/plugins/cookies/HttpCookiesKt$cookies$1;",
smali_classes2\io\ktor\client\plugins\cookies\HttpCookiesKt$cookies$1.smali	61	    iput-object p1, p0, Lio/ktor/client/plugins/cookies/HttpCookiesKt$cookies$1;->result:Ljava/lang/Object;
smali_classes2\io\ktor\client\plugins\cookies\HttpCookiesKt$cookies$1.smali	65	    iget p1, p0, Lio/ktor/client/plugins/cookies/HttpCookiesKt$cookies$1;->label:I
smali_classes2\io\ktor\client\plugins\cookies\HttpCookiesKt$cookies$1.smali	76	    iput p1, p0, Lio/ktor/client/plugins/cookies/HttpCookiesKt$cookies$1;->label:I
smali_classes2\io\ktor\client\plugins\cookies\HttpCookiesKt$cookies$1.smali	80	    sget v1, Lio/ktor/client/plugins/cookies/飘花落叶言子楪世哲苏兰;->飘花落叶言子楪世苏哲兰:I
smali_classes2\io\ktor\client\plugins\cookies\HttpCookiesKt$cookies$1.smali	95	    iput p1, p0, Lio/ktor/client/plugins/cookies/HttpCookiesKt$cookies$1;->label:I
smali_classes2\io\ktor\client\plugins\cookies\HttpCookiesKt$cookies$1.smali	103	    new-instance p1, Lio/ktor/client/plugins/cookies/HttpCookiesKt$cookies$1;
smali_classes2\io\ktor\client\plugins\cookies\HttpCookiesKt$cookies$1.smali	107	    invoke-direct {p1, p0}, Lio/ktor/client/plugins/cookies/HttpCookiesKt$cookies$1;-><init>(Lkotlin/coroutines/飘花落叶言子楪世哲苏兰;)V
smali_classes2\io\ktor\client\plugins\cookies\HttpCookiesKt$cookies$1.smali	116	    iget-object p1, p0, Lio/ktor/client/plugins/cookies/HttpCookiesKt$cookies$1;->result:Ljava/lang/Object;
smali_classes2\io\ktor\client\plugins\cookies\HttpCookiesKt$cookies$1.smali	124	    iget p0, p0, Lio/ktor/client/plugins/cookies/HttpCookiesKt$cookies$1;->label:I
smali_classes2\io\ktor\client\plugins\cookies\HttpCookiesKt$cookies$1.smali	185	    sget p0, Lio/ktor/client/plugins/cookies/飘花落叶言子楪世苏兰哲;->飘花落叶言子楪哲苏兰世:I
smali_classes2\io\ktor\client\plugins\cookies\HttpCookiesKt$cookies$1.smali	189	    sget p0, Lio/ktor/client/plugins/飘花落叶言子楪苏兰世哲;->飘花落叶言子楪世苏哲兰:I
smali_classes2\io\ktor\client\plugins\cookies\HttpCookiesKt$cookies$2.smali	1	.class final Lio/ktor/client/plugins/cookies/HttpCookiesKt$cookies$2;
smali_classes2\io\ktor\client\plugins\cookies\HttpCookiesKt$cookies$2.smali	18	    c = "io.ktor.client.plugins.cookies.HttpCookiesKt"
smali_classes2\io\ktor\client\plugins\cookies\HttpCookiesKt$cookies$2.smali	41	            "Lio/ktor/client/plugins/cookies/HttpCookiesKt$cookies$2;",
smali_classes2\io\ktor\client\plugins\cookies\HttpCookiesKt$cookies$2.smali	61	    iput-object p1, p0, Lio/ktor/client/plugins/cookies/HttpCookiesKt$cookies$2;->result:Ljava/lang/Object;
smali_classes2\io\ktor\client\plugins\cookies\HttpCookiesKt$cookies$2.smali	65	    iget p1, p0, Lio/ktor/client/plugins/cookies/HttpCookiesKt$cookies$2;->label:I
smali_classes2\io\ktor\client\plugins\cookies\HttpCookiesKt$cookies$2.smali	76	    iput p1, p0, Lio/ktor/client/plugins/cookies/HttpCookiesKt$cookies$2;->label:I
smali_classes2\io\ktor\client\plugins\cookies\HttpCookiesKt$cookies$2.smali	80	    sget v1, Lio/ktor/client/plugins/cookies/飘花落叶言子楪世哲苏兰;->飘花落叶言子楪世苏哲兰:I
smali_classes2\io\ktor\client\plugins\cookies\HttpCookiesKt$cookies$2.smali	95	    iput p1, p0, Lio/ktor/client/plugins/cookies/HttpCookiesKt$cookies$2;->label:I
smali_classes2\io\ktor\client\plugins\cookies\HttpCookiesKt$cookies$2.smali	103	    new-instance p1, Lio/ktor/client/plugins/cookies/HttpCookiesKt$cookies$2;
smali_classes2\io\ktor\client\plugins\cookies\HttpCookiesKt$cookies$2.smali	107	    invoke-direct {p1, p0}, Lio/ktor/client/plugins/cookies/HttpCookiesKt$cookies$2;-><init>(Lkotlin/coroutines/飘花落叶言子楪世哲苏兰;)V
smali_classes2\io\ktor\client\plugins\cookies\HttpCookiesKt$cookies$2.smali	116	    iget-object p1, p0, Lio/ktor/client/plugins/cookies/HttpCookiesKt$cookies$2;->result:Ljava/lang/Object;
smali_classes2\io\ktor\client\plugins\cookies\HttpCookiesKt$cookies$2.smali	124	    iget p0, p0, Lio/ktor/client/plugins/cookies/HttpCookiesKt$cookies$2;->label:I
smali_classes2\io\ktor\client\plugins\cookies\HttpCookiesKt$cookies$2.smali	185	    sget p0, Lio/ktor/client/plugins/cookies/飘花落叶言子楪世苏兰哲;->飘花落叶言子楪哲苏兰世:I
smali_classes2\io\ktor\client\plugins\cookies\HttpCookiesKt$cookies$2.smali	189	    sget p0, Lio/ktor/client/plugins/飘花落叶言子楪苏兰世哲;->飘花落叶言子楪世苏哲兰:I
smali_classes2\io\ktor\client\plugins\cookies\HttpCookiesKt$renderClientCookies$1.smali	1	.class final synthetic Lio/ktor/client/plugins/cookies/HttpCookiesKt$renderClientCookies$1;
smali_classes2\io\ktor\client\plugins\cookies\HttpCookiesKt$renderClientCookies$1.smali	29	.field public static final INSTANCE:Lio/ktor/client/plugins/cookies/HttpCookiesKt$renderClientCookies$1;
smali_classes2\io\ktor\client\plugins\cookies\HttpCookiesKt$renderClientCookies$1.smali	37	    new-instance v0, Lio/ktor/client/plugins/cookies/HttpCookiesKt$renderClientCookies$1;
smali_classes2\io\ktor\client\plugins\cookies\HttpCookiesKt$renderClientCookies$1.smali	41	    invoke-direct {v0}, Lio/ktor/client/plugins/cookies/HttpCookiesKt$renderClientCookies$1;-><init>()V
smali_classes2\io\ktor\client\plugins\cookies\HttpCookiesKt$renderClientCookies$1.smali	46	    sput-object v0, Lio/ktor/client/plugins/cookies/HttpCookiesKt$renderClientCookies$1;->INSTANCE:Lio/ktor/client/plugins/cookies/HttpCookiesKt$renderClientCookies$1;
smali_classes2\io\ktor\client\plugins\cookies\HttpCookiesKt$renderClientCookies$1.smali	94	    invoke-virtual {p0, p1}, Lio/ktor/client/plugins/cookies/HttpCookiesKt$renderClientCookies$1;->invoke(L飘花落叶言楪兰苏世子哲/飘花落叶言子楪苏哲兰世;)Ljava/lang/String;
smali_classes2\io\ktor\client\plugins\cookies\飘花落叶言子楪世哲苏兰.smali	1	.class public abstract Lio/ktor/client/plugins/cookies/飘花落叶言子楪世哲苏兰;
smali_classes2\io\ktor\client\plugins\cookies\飘花落叶言子楪世哲苏兰.smali	15	    const-string v0, "io.ktor.client.plugins.HttpCookies"
smali_classes2\io\ktor\client\plugins\cookies\飘花落叶言子楪世苏兰哲.smali	1	.class public abstract Lio/ktor/client/plugins/cookies/飘花落叶言子楪世苏兰哲;
smali_classes2\io\ktor\client\plugins\cookies\飘花落叶言子楪世苏兰哲.smali	22	    const-class v1, Lio/ktor/client/plugins/cookies/飘花落叶言子楪世苏兰哲;
smali_classes2\io\ktor\client\plugins\cookies\飘花落叶言子楪世苏哲兰.smali	1	.class public abstract Lio/ktor/client/plugins/cookies/飘花落叶言子楪世苏哲兰;
smali_classes2\io\ktor\client\plugins\internal\ByteChannelReplay$CopyFromSourceTask$receiveBody$1.smali	1	.class final Lio/ktor/client/plugins/internal/ByteChannelReplay$CopyFromSourceTask$receiveBody$1;
smali_classes2\io\ktor\client\plugins\internal\ByteChannelReplay$CopyFromSourceTask$receiveBody$1.smali	36	    c = "io.ktor.client.plugins.internal.ByteChannelReplay$CopyFromSourceTask$receiveBody$1"
smali_classes2\io\ktor\client\plugins\internal\ByteChannelReplay$CopyFromSourceTask$receiveBody$1.smali	57	.field final synthetic this$0:Lio/ktor/client/plugins/internal/飘花落叶言子楪世苏兰哲;
smali_classes2\io\ktor\client\plugins\internal\ByteChannelReplay$CopyFromSourceTask$receiveBody$1.smali	59	.field final synthetic this$1:Lio/ktor/client/plugins/internal/飘花落叶言子楪世苏哲兰;
smali_classes2\io\ktor\client\plugins\internal\ByteChannelReplay$CopyFromSourceTask$receiveBody$1.smali	63	.method public constructor <init>(Lio/ktor/client/plugins/internal/飘花落叶言子楪世苏兰哲;Lio/ktor/client/plugins/internal/飘花落叶言子楪世苏哲兰;Lkotlin/coroutines/飘花落叶言子楪世哲苏兰;)V
smali_classes2\io\ktor\client\plugins\internal\ByteChannelReplay$CopyFromSourceTask$receiveBody$1.smali	68	            "Lio/ktor/client/plugins/internal/\u98d8\u82b1\u843d\u53f6\u8a00\u5b50\u696a\u4e16\u82cf\u5170\u54f2;",
smali_classes2\io\ktor\client\plugins\internal\ByteChannelReplay$CopyFromSourceTask$receiveBody$1.smali	69	            "Lio/ktor/client/plugins/internal/\u98d8\u82b1\u843d\u53f6\u8a00\u5b50\u696a\u4e16\u82cf\u54f2\u5170;",
smali_classes2\io\ktor\client\plugins\internal\ByteChannelReplay$CopyFromSourceTask$receiveBody$1.smali	72	            "Lio/ktor/client/plugins/internal/ByteChannelReplay$CopyFromSourceTask$receiveBody$1;",
smali_classes2\io\ktor\client\plugins\internal\ByteChannelReplay$CopyFromSourceTask$receiveBody$1.smali	78	    iput-object p1, p0, Lio/ktor/client/plugins/internal/ByteChannelReplay$CopyFromSourceTask$receiveBody$1;->this$0:Lio/ktor/client/plugins/internal/飘花落叶言子楪世苏兰哲;
smali_classes2\io\ktor\client\plugins\internal\ByteChannelReplay$CopyFromSourceTask$receiveBody$1.smali	82	    iput-object p2, p0, Lio/ktor/client/plugins/internal/ByteChannelReplay$CopyFromSourceTask$receiveBody$1;->this$1:Lio/ktor/client/plugins/internal/飘花落叶言子楪世苏哲兰;
smali_classes2\io\ktor\client\plugins\internal\ByteChannelReplay$CopyFromSourceTask$receiveBody$1.smali	114	    new-instance v0, Lio/ktor/client/plugins/internal/ByteChannelReplay$CopyFromSourceTask$receiveBody$1;
smali_classes2\io\ktor\client\plugins\internal\ByteChannelReplay$CopyFromSourceTask$receiveBody$1.smali	118	    iget-object v1, p0, Lio/ktor/client/plugins/internal/ByteChannelReplay$CopyFromSourceTask$receiveBody$1;->this$0:Lio/ktor/client/plugins/internal/飘花落叶言子楪世苏兰哲;
smali_classes2\io\ktor\client\plugins\internal\ByteChannelReplay$CopyFromSourceTask$receiveBody$1.smali	122	    iget-object p0, p0, Lio/ktor/client/plugins/internal/ByteChannelReplay$CopyFromSourceTask$receiveBody$1;->this$1:Lio/ktor/client/plugins/internal/飘花落叶言子楪世苏哲兰;
smali_classes2\io\ktor\client\plugins\internal\ByteChannelReplay$CopyFromSourceTask$receiveBody$1.smali	126	    invoke-direct {v0, v1, p0, p2}, Lio/ktor/client/plugins/internal/ByteChannelReplay$CopyFromSourceTask$receiveBody$1;-><init>(Lio/ktor/client/plugins/internal/飘花落叶言子楪世苏兰哲;Lio/ktor/client/plugins/internal/飘花落叶言子楪世苏哲兰;Lkotlin/coroutines/飘花落叶言子楪世哲苏兰;)V
smali_classes2\io\ktor\client\plugins\internal\ByteChannelReplay$CopyFromSourceTask$receiveBody$1.smali	131	    iput-object p1, v0, Lio/ktor/client/plugins/internal/ByteChannelReplay$CopyFromSourceTask$receiveBody$1;->L$0:Ljava/lang/Object;
smali_classes2\io\ktor\client\plugins\internal\ByteChannelReplay$CopyFromSourceTask$receiveBody$1.smali	153	    invoke-virtual {p0, p1, p2}, Lio/ktor/client/plugins/internal/ByteChannelReplay$CopyFromSourceTask$receiveBody$1;->create(Ljava/lang/Object;Lkotlin/coroutines/飘花落叶言子楪世哲苏兰;)Lkotlin/coroutines/飘花落叶言子楪世哲苏兰;
smali_classes2\io\ktor\client\plugins\internal\ByteChannelReplay$CopyFromSourceTask$receiveBody$1.smali	161	    check-cast p0, Lio/ktor/client/plugins/internal/ByteChannelReplay$CopyFromSourceTask$receiveBody$1;
smali_classes2\io\ktor\client\plugins\internal\ByteChannelReplay$CopyFromSourceTask$receiveBody$1.smali	169	    invoke-virtual {p0, p1}, Lio/ktor/client/plugins/internal/ByteChannelReplay$CopyFromSourceTask$receiveBody$1;->invokeSuspend(Ljava/lang/Object;)Ljava/lang/Object;
smali_classes2\io\ktor\client\plugins\internal\ByteChannelReplay$CopyFromSourceTask$receiveBody$1.smali	188	    invoke-virtual {p0, p1, p2}, Lio/ktor/client/plugins/internal/ByteChannelReplay$CopyFromSourceTask$receiveBody$1;->invoke(Lio/ktor/utils/io/飘花落叶言子世楪兰苏哲;Lkotlin/coroutines/飘花落叶言子楪世哲苏兰;)Ljava/lang/Object;
smali_classes2\io\ktor\client\plugins\internal\ByteChannelReplay$CopyFromSourceTask$receiveBody$1.smali	203	    iget v1, p0, Lio/ktor/client/plugins/internal/ByteChannelReplay$CopyFromSourceTask$receiveBody$1;->label:I
smali_classes2\io\ktor\client\plugins\internal\ByteChannelReplay$CopyFromSourceTask$receiveBody$1.smali	255	    iget-object v0, p0, Lio/ktor/client/plugins/internal/ByteChannelReplay$CopyFromSourceTask$receiveBody$1;->L$2:Ljava/lang/Object;
smali_classes2\io\ktor\client\plugins\internal\ByteChannelReplay$CopyFromSourceTask$receiveBody$1.smali	263	    iget-object v1, p0, Lio/ktor/client/plugins/internal/ByteChannelReplay$CopyFromSourceTask$receiveBody$1;->L$1:Ljava/lang/Object;
smali_classes2\io\ktor\client\plugins\internal\ByteChannelReplay$CopyFromSourceTask$receiveBody$1.smali	271	    iget-object v3, p0, Lio/ktor/client/plugins/internal/ByteChannelReplay$CopyFromSourceTask$receiveBody$1;->L$0:Ljava/lang/Object;
smali_classes2\io\ktor\client\plugins\internal\ByteChannelReplay$CopyFromSourceTask$receiveBody$1.smali	292	    iget-object v1, p0, Lio/ktor/client/plugins/internal/ByteChannelReplay$CopyFromSourceTask$receiveBody$1;->L$2:Ljava/lang/Object;
smali_classes2\io\ktor\client\plugins\internal\ByteChannelReplay$CopyFromSourceTask$receiveBody$1.smali	300	    iget-object v4, p0, Lio/ktor/client/plugins/internal/ByteChannelReplay$CopyFromSourceTask$receiveBody$1;->L$1:Ljava/lang/Object;
smali_classes2\io\ktor\client\plugins\internal\ByteChannelReplay$CopyFromSourceTask$receiveBody$1.smali	308	    iget-object v5, p0, Lio/ktor/client/plugins/internal/ByteChannelReplay$CopyFromSourceTask$receiveBody$1;->L$0:Ljava/lang/Object;
smali_classes2\io\ktor\client\plugins\internal\ByteChannelReplay$CopyFromSourceTask$receiveBody$1.smali	352	    iget-object v1, p0, Lio/ktor/client/plugins/internal/ByteChannelReplay$CopyFromSourceTask$receiveBody$1;->L$1:Ljava/lang/Object;
smali_classes2\io\ktor\client\plugins\internal\ByteChannelReplay$CopyFromSourceTask$receiveBody$1.smali	360	    iget-object v5, p0, Lio/ktor/client/plugins/internal/ByteChannelReplay$CopyFromSourceTask$receiveBody$1;->L$0:Ljava/lang/Object;
smali_classes2\io\ktor\client\plugins\internal\ByteChannelReplay$CopyFromSourceTask$receiveBody$1.smali	413	    iput-object v5, p0, Lio/ktor/client/plugins/internal/ByteChannelReplay$CopyFromSourceTask$receiveBody$1;->L$0:Ljava/lang/Object;
smali_classes2\io\ktor\client\plugins\internal\ByteChannelReplay$CopyFromSourceTask$receiveBody$1.smali	417	    iput-object v1, p0, Lio/ktor/client/plugins/internal/ByteChannelReplay$CopyFromSourceTask$receiveBody$1;->L$1:Ljava/lang/Object;
smali_classes2\io\ktor\client\plugins\internal\ByteChannelReplay$CopyFromSourceTask$receiveBody$1.smali	421	    iput-object p1, p0, Lio/ktor/client/plugins/internal/ByteChannelReplay$CopyFromSourceTask$receiveBody$1;->L$2:Ljava/lang/Object;
smali_classes2\io\ktor\client\plugins\internal\ByteChannelReplay$CopyFromSourceTask$receiveBody$1.smali	425	    iput v4, p0, Lio/ktor/client/plugins/internal/ByteChannelReplay$CopyFromSourceTask$receiveBody$1;->label:I
smali_classes2\io\ktor\client\plugins\internal\ByteChannelReplay$CopyFromSourceTask$receiveBody$1.smali	450	    iput-object v5, p0, Lio/ktor/client/plugins/internal/ByteChannelReplay$CopyFromSourceTask$receiveBody$1;->L$0:Ljava/lang/Object;
smali_classes2\io\ktor\client\plugins\internal\ByteChannelReplay$CopyFromSourceTask$receiveBody$1.smali	454	    iput-object v1, p0, Lio/ktor/client/plugins/internal/ByteChannelReplay$CopyFromSourceTask$receiveBody$1;->L$1:Ljava/lang/Object;
smali_classes2\io\ktor\client\plugins\internal\ByteChannelReplay$CopyFromSourceTask$receiveBody$1.smali	458	    iput-object p1, p0, Lio/ktor/client/plugins/internal/ByteChannelReplay$CopyFromSourceTask$receiveBody$1;->L$2:Ljava/lang/Object;
smali_classes2\io\ktor\client\plugins\internal\ByteChannelReplay$CopyFromSourceTask$receiveBody$1.smali	462	    iput v3, p0, Lio/ktor/client/plugins/internal/ByteChannelReplay$CopyFromSourceTask$receiveBody$1;->label:I
smali_classes2\io\ktor\client\plugins\internal\ByteChannelReplay$CopyFromSourceTask$receiveBody$1.smali	512	    iget-object v0, p0, Lio/ktor/client/plugins/internal/ByteChannelReplay$CopyFromSourceTask$receiveBody$1;->L$1:Ljava/lang/Object;
smali_classes2\io\ktor\client\plugins\internal\ByteChannelReplay$CopyFromSourceTask$receiveBody$1.smali	523	    iget-object v0, p0, Lio/ktor/client/plugins/internal/ByteChannelReplay$CopyFromSourceTask$receiveBody$1;->L$0:Ljava/lang/Object;
smali_classes2\io\ktor\client\plugins\internal\ByteChannelReplay$CopyFromSourceTask$receiveBody$1.smali	548	    iget-object p1, p0, Lio/ktor/client/plugins/internal/ByteChannelReplay$CopyFromSourceTask$receiveBody$1;->L$0:Ljava/lang/Object;
smali_classes2\io\ktor\client\plugins\internal\ByteChannelReplay$CopyFromSourceTask$receiveBody$1.smali	582	    iget-object p0, p0, Lio/ktor/client/plugins/internal/ByteChannelReplay$CopyFromSourceTask$receiveBody$1;->this$1:Lio/ktor/client/plugins/internal/飘花落叶言子楪世苏哲兰;
smali_classes2\io\ktor\client\plugins\internal\ByteChannelReplay$replay$1.smali	1	.class final Lio/ktor/client/plugins/internal/ByteChannelReplay$replay$1;
smali_classes2\io\ktor\client\plugins\internal\ByteChannelReplay$replay$1.smali	36	    c = "io.ktor.client.plugins.internal.ByteChannelReplay$replay$1"
smali_classes2\io\ktor\client\plugins\internal\ByteChannelReplay$replay$1.smali	51	            "Lio/ktor/client/plugins/internal/\u98d8\u82b1\u843d\u53f6\u8a00\u5b50\u696a\u4e16\u82cf\u54f2\u5170;",
smali_classes2\io\ktor\client\plugins\internal\ByteChannelReplay$replay$1.smali	69	            "Lio/ktor/client/plugins/internal/\u98d8\u82b1\u843d\u53f6\u8a00\u5b50\u696a\u4e16\u82cf\u54f2\u5170;",
smali_classes2\io\ktor\client\plugins\internal\ByteChannelReplay$replay$1.smali	73	            "Lio/ktor/client/plugins/internal/ByteChannelReplay$replay$1;",
smali_classes2\io\ktor\client\plugins\internal\ByteChannelReplay$replay$1.smali	79	    iput-object p1, p0, Lio/ktor/client/plugins/internal/ByteChannelReplay$replay$1;->$copyTask:Lkotlin/jvm/internal/Ref$ObjectRef;
smali_classes2\io\ktor\client\plugins\internal\ByteChannelReplay$replay$1.smali	111	    new-instance v0, Lio/ktor/client/plugins/internal/ByteChannelReplay$replay$1;
smali_classes2\io\ktor\client\plugins\internal\ByteChannelReplay$replay$1.smali	115	    iget-object p0, p0, Lio/ktor/client/plugins/internal/ByteChannelReplay$replay$1;->$copyTask:Lkotlin/jvm/internal/Ref$ObjectRef;
smali_classes2\io\ktor\client\plugins\internal\ByteChannelReplay$replay$1.smali	119	    invoke-direct {v0, p0, p2}, Lio/ktor/client/plugins/internal/ByteChannelReplay$replay$1;-><init>(Lkotlin/jvm/internal/Ref$ObjectRef;Lkotlin/coroutines/飘花落叶言子楪世哲苏兰;)V
smali_classes2\io\ktor\client\plugins\internal\ByteChannelReplay$replay$1.smali	124	    iput-object p1, v0, Lio/ktor/client/plugins/internal/ByteChannelReplay$replay$1;->L$0:Ljava/lang/Object;
smali_classes2\io\ktor\client\plugins\internal\ByteChannelReplay$replay$1.smali	146	    invoke-virtual {p0, p1, p2}, Lio/ktor/client/plugins/internal/ByteChannelReplay$replay$1;->create(Ljava/lang/Object;Lkotlin/coroutines/飘花落叶言子楪世哲苏兰;)Lkotlin/coroutines/飘花落叶言子楪世哲苏兰;
smali_classes2\io\ktor\client\plugins\internal\ByteChannelReplay$replay$1.smali	154	    check-cast p0, Lio/ktor/client/plugins/internal/ByteChannelReplay$replay$1;
smali_classes2\io\ktor\client\plugins\internal\ByteChannelReplay$replay$1.smali	162	    invoke-virtual {p0, p1}, Lio/ktor/client/plugins/internal/ByteChannelReplay$replay$1;->invokeSuspend(Ljava/lang/Object;)Ljava/lang/Object;
smali_classes2\io\ktor\client\plugins\internal\ByteChannelReplay$replay$1.smali	181	    invoke-virtual {p0, p1, p2}, Lio/ktor/client/plugins/internal/ByteChannelReplay$replay$1;->invoke(Lio/ktor/utils/io/飘花落叶言子世楪兰苏哲;Lkotlin/coroutines/飘花落叶言子楪世哲苏兰;)Ljava/lang/Object;
smali_classes2\io\ktor\client\plugins\internal\ByteChannelReplay$replay$1.smali	196	    iget v1, p0, Lio/ktor/client/plugins/internal/ByteChannelReplay$replay$1;->label:I
smali_classes2\io\ktor\client\plugins\internal\ByteChannelReplay$replay$1.smali	243	    iget-object v1, p0, Lio/ktor/client/plugins/internal/ByteChannelReplay$replay$1;->L$0:Ljava/lang/Object;
smali_classes2\io\ktor\client\plugins\internal\ByteChannelReplay$replay$1.smali	264	    iput-object v2, p0, Lio/ktor/client/plugins/internal/ByteChannelReplay$replay$1;->L$0:Ljava/lang/Object;
smali_classes2\io\ktor\client\plugins\internal\ByteChannelReplay$replay$1.smali	268	    iput v4, p0, Lio/ktor/client/plugins/internal/ByteChannelReplay$replay$1;->label:I
smali_classes2\io\ktor\client\plugins\internal\ByteChannelReplay$replay$1.smali	312	    iget-object p1, p0, Lio/ktor/client/plugins/internal/ByteChannelReplay$replay$1;->L$0:Ljava/lang/Object;
smali_classes2\io\ktor\client\plugins\internal\ByteChannelReplay$replay$1.smali	320	    iget-object v0, p0, Lio/ktor/client/plugins/internal/ByteChannelReplay$replay$1;->$copyTask:Lkotlin/jvm/internal/Ref$ObjectRef;
smali_classes2\io\ktor\client\plugins\internal\ByteChannelReplay$replay$1.smali	333	    check-cast v0, Lio/ktor/client/plugins/internal/飘花落叶言子楪世苏哲兰;
smali_classes2\io\ktor\client\plugins\internal\ByteChannelReplay$replay$1.smali	337	    iput-object p1, p0, Lio/ktor/client/plugins/internal/ByteChannelReplay$replay$1;->L$0:Ljava/lang/Object;
smali_classes2\io\ktor\client\plugins\internal\ByteChannelReplay$replay$1.smali	341	    iput v3, p0, Lio/ktor/client/plugins/internal/ByteChannelReplay$replay$1;->label:I
smali_classes2\io\ktor\client\plugins\internal\SaveBodyAbandonedReadException.smali	1	.class public final Lio/ktor/client/plugins/internal/SaveBodyAbandonedReadException;
smali_classes2\io\ktor\client\plugins\internal\SaveBodyAbandonedReadException.smali	12	        "Lio/ktor/client/plugins/internal/SaveBodyAbandonedReadException;",
smali_classes2\io\ktor\client\plugins\internal\飘花落叶言子楪世苏兰哲.smali	1	.class public abstract Lio/ktor/client/plugins/internal/飘花落叶言子楪世苏兰哲;
smali_classes2\io\ktor\client\plugins\internal\飘花落叶言子楪世苏哲兰.smali	1	.class public abstract Lio/ktor/client/plugins/internal/飘花落叶言子楪世苏哲兰;
smali_classes2\io\ktor\client\plugins\observer\AfterReceiveHook$install$1.smali	1	.class final Lio/ktor/client/plugins/observer/AfterReceiveHook$install$1;
smali_classes2\io\ktor\client\plugins\observer\AfterReceiveHook$install$1.smali	38	    c = "io.ktor.client.plugins.observer.AfterReceiveHook$install$1"
smali_classes2\io\ktor\client\plugins\observer\AfterReceiveHook$install$1.smali	70	            "Lio/ktor/client/plugins/observer/AfterReceiveHook$install$1;",
smali_classes2\io\ktor\client\plugins\observer\AfterReceiveHook$install$1.smali	76	    iput-object p1, p0, Lio/ktor/client/plugins/observer/AfterReceiveHook$install$1;->$handler:L飘花落叶言世子哲兰苏楪/飘花落叶言子楪哲兰世苏;
smali_classes2\io\ktor\client\plugins\observer\AfterReceiveHook$install$1.smali	109	    new-instance p2, Lio/ktor/client/plugins/observer/AfterReceiveHook$install$1;
smali_classes2\io\ktor\client\plugins\observer\AfterReceiveHook$install$1.smali	113	    iget-object p0, p0, Lio/ktor/client/plugins/observer/AfterReceiveHook$install$1;->$handler:L飘花落叶言世子哲兰苏楪/飘花落叶言子楪哲兰世苏;
smali_classes2\io\ktor\client\plugins\observer\AfterReceiveHook$install$1.smali	117	    invoke-direct {p2, p0, p3}, Lio/ktor/client/plugins/observer/AfterReceiveHook$install$1;-><init>(L飘花落叶言世子哲兰苏楪/飘花落叶言子楪哲兰世苏;Lkotlin/coroutines/飘花落叶言子楪世哲苏兰;)V
smali_classes2\io\ktor\client\plugins\observer\AfterReceiveHook$install$1.smali	122	    iput-object p1, p2, Lio/ktor/client/plugins/observer/AfterReceiveHook$install$1;->L$0:Ljava/lang/Object;
smali_classes2\io\ktor\client\plugins\observer\AfterReceiveHook$install$1.smali	130	    invoke-virtual {p2, p0}, Lio/ktor/client/plugins/observer/AfterReceiveHook$install$1;->invokeSuspend(Ljava/lang/Object;)Ljava/lang/Object;
smali_classes2\io\ktor\client\plugins\observer\AfterReceiveHook$install$1.smali	151	    invoke-virtual {p0, p1, p2, p3}, Lio/ktor/client/plugins/observer/AfterReceiveHook$install$1;->invoke(Lio/ktor/util/pipeline/飘花落叶言子楪世哲兰苏;Lio/ktor/client/statement/飘花落叶言子楪世苏哲兰;Lkotlin/coroutines/飘花落叶言子楪世哲苏兰;)Ljava/lang/Object;
smali_classes2\io\ktor\client\plugins\observer\AfterReceiveHook$install$1.smali	166	    iget v1, p0, Lio/ktor/client/plugins/observer/AfterReceiveHook$install$1;->label:I
smali_classes2\io\ktor\client\plugins\observer\AfterReceiveHook$install$1.smali	211	    iget-object p1, p0, Lio/ktor/client/plugins/observer/AfterReceiveHook$install$1;->L$0:Ljava/lang/Object;
smali_classes2\io\ktor\client\plugins\observer\AfterReceiveHook$install$1.smali	219	    iget-object v1, p0, Lio/ktor/client/plugins/observer/AfterReceiveHook$install$1;->$handler:L飘花落叶言世子哲兰苏楪/飘花落叶言子楪哲兰世苏;
smali_classes2\io\ktor\client\plugins\observer\AfterReceiveHook$install$1.smali	223	    new-instance v3, Lio/ktor/client/plugins/observer/飘花落叶言子楪世苏哲兰;
smali_classes2\io\ktor\client\plugins\observer\AfterReceiveHook$install$1.smali	227	    invoke-direct {v3, p1}, Lio/ktor/client/plugins/observer/飘花落叶言子楪世苏哲兰;-><init>(Lio/ktor/util/pipeline/飘花落叶言子楪世哲兰苏;)V
smali_classes2\io\ktor\client\plugins\observer\AfterReceiveHook$install$1.smali	240	    iput v2, p0, Lio/ktor/client/plugins/observer/AfterReceiveHook$install$1;->label:I
smali_classes2\io\ktor\client\plugins\observer\ResponseObserverConfig$responseHandler$1.smali	1	.class final Lio/ktor/client/plugins/observer/ResponseObserverConfig$responseHandler$1;
smali_classes2\io\ktor\client\plugins\observer\ResponseObserverConfig$responseHandler$1.smali	37	    c = "io.ktor.client.plugins.observer.ResponseObserverConfig$responseHandler$1"
smali_classes2\io\ktor\client\plugins\observer\ResponseObserverConfig$responseHandler$1.smali	56	            "Lio/ktor/client/plugins/observer/ResponseObserverConfig$responseHandler$1;",
smali_classes2\io\ktor\client\plugins\observer\ResponseObserverConfig$responseHandler$1.smali	90	    new-instance p0, Lio/ktor/client/plugins/observer/ResponseObserverConfig$responseHandler$1;
smali_classes2\io\ktor\client\plugins\observer\ResponseObserverConfig$responseHandler$1.smali	94	    invoke-direct {p0, p2}, Lio/ktor/client/plugins/observer/ResponseObserverConfig$responseHandler$1;-><init>(Lkotlin/coroutines/飘花落叶言子楪世哲苏兰;)V
smali_classes2\io\ktor\client\plugins\observer\ResponseObserverConfig$responseHandler$1.smali	117	    invoke-virtual {p0, p1, p2}, Lio/ktor/client/plugins/observer/ResponseObserverConfig$responseHandler$1;->create(Ljava/lang/Object;Lkotlin/coroutines/飘花落叶言子楪世哲苏兰;)Lkotlin/coroutines/飘花落叶言子楪世哲苏兰;
smali_classes2\io\ktor\client\plugins\observer\ResponseObserverConfig$responseHandler$1.smali	125	    check-cast p0, Lio/ktor/client/plugins/observer/ResponseObserverConfig$responseHandler$1;
smali_classes2\io\ktor\client\plugins\observer\ResponseObserverConfig$responseHandler$1.smali	133	    invoke-virtual {p0, p1}, Lio/ktor/client/plugins/observer/ResponseObserverConfig$responseHandler$1;->invokeSuspend(Ljava/lang/Object;)Ljava/lang/Object;
smali_classes2\io\ktor\client\plugins\observer\ResponseObserverConfig$responseHandler$1.smali	152	    invoke-virtual {p0, p1, p2}, Lio/ktor/client/plugins/observer/ResponseObserverConfig$responseHandler$1;->invoke(Lio/ktor/client/statement/飘花落叶言子楪世苏哲兰;Lkotlin/coroutines/飘花落叶言子楪世哲苏兰;)Ljava/lang/Object;
smali_classes2\io\ktor\client\plugins\observer\ResponseObserverConfig$responseHandler$1.smali	167	    iget p0, p0, Lio/ktor/client/plugins/observer/ResponseObserverConfig$responseHandler$1;->label:I
smali_classes2\io\ktor\client\plugins\observer\ResponseObserverKt$ResponseObserver$1.smali	1	.class final synthetic Lio/ktor/client/plugins/observer/ResponseObserverKt$ResponseObserver$1;
smali_classes2\io\ktor\client\plugins\observer\ResponseObserverKt$ResponseObserver$1.smali	29	.field public static final INSTANCE:Lio/ktor/client/plugins/observer/ResponseObserverKt$ResponseObserver$1;
smali_classes2\io\ktor\client\plugins\observer\ResponseObserverKt$ResponseObserver$1.smali	37	    new-instance v0, Lio/ktor/client/plugins/observer/ResponseObserverKt$ResponseObserver$1;
smali_classes2\io\ktor\client\plugins\observer\ResponseObserverKt$ResponseObserver$1.smali	41	    invoke-direct {v0}, Lio/ktor/client/plugins/observer/ResponseObserverKt$ResponseObserver$1;-><init>()V
smali_classes2\io\ktor\client\plugins\observer\ResponseObserverKt$ResponseObserver$1.smali	46	    sput-object v0, Lio/ktor/client/plugins/observer/ResponseObserverKt$ResponseObserver$1;->INSTANCE:Lio/ktor/client/plugins/observer/ResponseObserverKt$ResponseObserver$1;
smali_classes2\io\ktor\client\plugins\observer\ResponseObserverKt$ResponseObserver$1.smali	67	    const-class v2, Lio/ktor/client/plugins/observer/飘花落叶言子楪世苏兰哲;
smali_classes2\io\ktor\client\plugins\observer\ResponseObserverKt$ResponseObserver$1.smali	88	.method public final invoke()Lio/ktor/client/plugins/observer/飘花落叶言子楪世苏兰哲;
smali_classes2\io\ktor\client\plugins\observer\ResponseObserverKt$ResponseObserver$1.smali	92	    new-instance p0, Lio/ktor/client/plugins/observer/飘花落叶言子楪世苏兰哲;
smali_classes2\io\ktor\client\plugins\observer\ResponseObserverKt$ResponseObserver$1.smali	101	    new-instance v0, Lio/ktor/client/plugins/observer/ResponseObserverConfig$responseHandler$1;
smali_classes2\io\ktor\client\plugins\observer\ResponseObserverKt$ResponseObserver$1.smali	108	    invoke-direct {v0, v1}, Lio/ktor/client/plugins/observer/ResponseObserverConfig$responseHandler$1;-><init>(Lkotlin/coroutines/飘花落叶言子楪世哲苏兰;)V
smali_classes2\io\ktor\client\plugins\observer\ResponseObserverKt$ResponseObserver$1.smali	120	    invoke-virtual {p0}, Lio/ktor/client/plugins/observer/ResponseObserverKt$ResponseObserver$1;->invoke()Lio/ktor/client/plugins/observer/飘花落叶言子楪世苏兰哲;
smali_classes2\io\ktor\client\plugins\observer\ResponseObserverKt$ResponseObserver$2$1$1.smali	1	.class final Lio/ktor/client/plugins/observer/ResponseObserverKt$ResponseObserver$2$1$1;
smali_classes2\io\ktor\client\plugins\observer\ResponseObserverKt$ResponseObserver$2$1$1.smali	11	    value = Lio/ktor/client/plugins/observer/ResponseObserverKt$ResponseObserver$2$1;->invokeSuspend(Ljava/lang/Object;)Ljava/lang/Object;
smali_classes2\io\ktor\client\plugins\observer\ResponseObserverKt$ResponseObserver$2$1$1.smali	45	    c = "io.ktor.client.plugins.observer.ResponseObserverKt$ResponseObserver$2$1$1"
smali_classes2\io\ktor\client\plugins\observer\ResponseObserverKt$ResponseObserver$2$1$1.smali	81	            "Lio/ktor/client/plugins/observer/ResponseObserverKt$ResponseObserver$2$1$1;",
smali_classes2\io\ktor\client\plugins\observer\ResponseObserverKt$ResponseObserver$2$1$1.smali	87	    iput-object p1, p0, Lio/ktor/client/plugins/observer/ResponseObserverKt$ResponseObserver$2$1$1;->$sideResponse:Lio/ktor/client/statement/飘花落叶言子楪世苏哲兰;
smali_classes2\io\ktor\client\plugins\observer\ResponseObserverKt$ResponseObserver$2$1$1.smali	91	    iput-object p2, p0, Lio/ktor/client/plugins/observer/ResponseObserverKt$ResponseObserver$2$1$1;->$responseHandler:L飘花落叶言世子哲兰苏楪/飘花落叶言子楪哲苏兰世;
smali_classes2\io\ktor\client\plugins\observer\ResponseObserverKt$ResponseObserver$2$1$1.smali	123	    new-instance v0, Lio/ktor/client/plugins/observer/ResponseObserverKt$ResponseObserver$2$1$1;
smali_classes2\io\ktor\client\plugins\observer\ResponseObserverKt$ResponseObserver$2$1$1.smali	127	    iget-object v1, p0, Lio/ktor/client/plugins/observer/ResponseObserverKt$ResponseObserver$2$1$1;->$sideResponse:Lio/ktor/client/statement/飘花落叶言子楪世苏哲兰;
smali_classes2\io\ktor\client\plugins\observer\ResponseObserverKt$ResponseObserver$2$1$1.smali	131	    iget-object p0, p0, Lio/ktor/client/plugins/observer/ResponseObserverKt$ResponseObserver$2$1$1;->$responseHandler:L飘花落叶言世子哲兰苏楪/飘花落叶言子楪哲苏兰世;
smali_classes2\io\ktor\client\plugins\observer\ResponseObserverKt$ResponseObserver$2$1$1.smali	135	    invoke-direct {v0, v1, p0, p2}, Lio/ktor/client/plugins/observer/ResponseObserverKt$ResponseObserver$2$1$1;-><init>(Lio/ktor/client/statement/飘花落叶言子楪世苏哲兰;L飘花落叶言世子哲兰苏楪/飘花落叶言子楪哲苏兰世;Lkotlin/coroutines/飘花落叶言子楪世哲苏兰;)V
smali_classes2\io\ktor\client\plugins\observer\ResponseObserverKt$ResponseObserver$2$1$1.smali	140	    iput-object p1, v0, Lio/ktor/client/plugins/observer/ResponseObserverKt$ResponseObserver$2$1$1;->L$0:Ljava/lang/Object;
smali_classes2\io\ktor\client\plugins\observer\ResponseObserverKt$ResponseObserver$2$1$1.smali	155	    invoke-virtual {p0, p1, p2}, Lio/ktor/client/plugins/observer/ResponseObserverKt$ResponseObserver$2$1$1;->invoke(Lkotlinx/coroutines/飘花落叶言子世楪哲兰苏;Lkotlin/coroutines/飘花落叶言子楪世哲苏兰;)Ljava/lang/Object;
smali_classes2\io\ktor\client\plugins\observer\ResponseObserverKt$ResponseObserver$2$1$1.smali	177	    invoke-virtual {p0, p1, p2}, Lio/ktor/client/plugins/observer/ResponseObserverKt$ResponseObserver$2$1$1;->create(Ljava/lang/Object;Lkotlin/coroutines/飘花落叶言子楪世哲苏兰;)Lkotlin/coroutines/飘花落叶言子楪世哲苏兰;
smali_classes2\io\ktor\client\plugins\observer\ResponseObserverKt$ResponseObserver$2$1$1.smali	185	    check-cast p0, Lio/ktor/client/plugins/observer/ResponseObserverKt$ResponseObserver$2$1$1;
smali_classes2\io\ktor\client\plugins\observer\ResponseObserverKt$ResponseObserver$2$1$1.smali	193	    invoke-virtual {p0, p1}, Lio/ktor/client/plugins/observer/ResponseObserverKt$ResponseObserver$2$1$1;->invokeSuspend(Ljava/lang/Object;)Ljava/lang/Object;
smali_classes2\io\ktor\client\plugins\observer\ResponseObserverKt$ResponseObserver$2$1$1.smali	212	    iget v1, p0, Lio/ktor/client/plugins/observer/ResponseObserverKt$ResponseObserver$2$1$1;->label:I
smali_classes2\io\ktor\client\plugins\observer\ResponseObserverKt$ResponseObserver$2$1$1.smali	314	    iget-object p0, p0, Lio/ktor/client/plugins/observer/ResponseObserverKt$ResponseObserver$2$1$1;->L$0:Ljava/lang/Object;
smali_classes2\io\ktor\client\plugins\observer\ResponseObserverKt$ResponseObserver$2$1$1.smali	346	    iget-object p1, p0, Lio/ktor/client/plugins/observer/ResponseObserverKt$ResponseObserver$2$1$1;->L$0:Ljava/lang/Object;
smali_classes2\io\ktor\client\plugins\observer\ResponseObserverKt$ResponseObserver$2$1$1.smali	354	    iget-object v1, p0, Lio/ktor/client/plugins/observer/ResponseObserverKt$ResponseObserver$2$1$1;->$responseHandler:L飘花落叶言世子哲兰苏楪/飘花落叶言子楪哲苏兰世;
smali_classes2\io\ktor\client\plugins\observer\ResponseObserverKt$ResponseObserver$2$1$1.smali	359	    iput-object p1, p0, Lio/ktor/client/plugins/observer/ResponseObserverKt$ResponseObserver$2$1$1;->L$0:Ljava/lang/Object;
smali_classes2\io\ktor\client\plugins\observer\ResponseObserverKt$ResponseObserver$2$1$1.smali	363	    iput v4, p0, Lio/ktor/client/plugins/observer/ResponseObserverKt$ResponseObserver$2$1$1;->label:I
smali_classes2\io\ktor\client\plugins\observer\ResponseObserverKt$ResponseObserver$2$1.smali	1	.class final Lio/ktor/client/plugins/observer/ResponseObserverKt$ResponseObserver$2$1;
smali_classes2\io\ktor\client\plugins\observer\ResponseObserverKt$ResponseObserver$2$1.smali	22	        "Lio/ktor/client/plugins/observer/\u98d8\u82b1\u843d\u53f6\u8a00\u5b50\u696a\u4e16\u82cf\u54f2\u5170;",
smali_classes2\io\ktor\client\plugins\observer\ResponseObserverKt$ResponseObserver$2$1.smali	27	        "(Lio/ktor/client/plugins/observer/\u98d8\u82b1\u843d\u53f6\u8a00\u5b50\u696a\u4e16\u82cf\u54f2\u5170;Lio/ktor/client/statement/\u98d8\u82b1\u843d\u53f6\u8a00\u5b50\u696a\u4e16\u82cf\u54f2\u5170;)V"
smali_classes2\io\ktor\client\plugins\observer\ResponseObserverKt$ResponseObserver$2$1.smali	38	    c = "io.ktor.client.plugins.observer.ResponseObserverKt$ResponseObserver$2$1"
smali_classes2\io\ktor\client\plugins\observer\ResponseObserverKt$ResponseObserver$2$1.smali	65	.field final synthetic $this_createClientPlugin:Lio/ktor/client/plugins/api/飘花落叶言子楪世苏哲兰;
smali_classes2\io\ktor\client\plugins\observer\ResponseObserverKt$ResponseObserver$2$1.smali	68	            "Lio/ktor/client/plugins/api/\u98d8\u82b1\u843d\u53f6\u8a00\u5b50\u696a\u4e16\u82cf\u54f2\u5170;"
smali_classes2\io\ktor\client\plugins\observer\ResponseObserverKt$ResponseObserver$2$1.smali	85	.method public constructor <init>(L飘花落叶言世子哲兰苏楪/飘花落叶言子楪苏兰哲世;Lio/ktor/client/plugins/api/飘花落叶言子楪世苏哲兰;L飘花落叶言世子哲兰苏楪/飘花落叶言子楪哲苏兰世;Lkotlin/coroutines/飘花落叶言子楪世哲苏兰;)V
smali_classes2\io\ktor\client\plugins\observer\ResponseObserverKt$ResponseObserver$2$1.smali	91	            "Lio/ktor/client/plugins/api/\u98d8\u82b1\u843d\u53f6\u8a00\u5b50\u696a\u4e16\u82cf\u54f2\u5170;",
smali_classes2\io\ktor\client\plugins\observer\ResponseObserverKt$ResponseObserver$2$1.smali	95	            "Lio/ktor/client/plugins/observer/ResponseObserverKt$ResponseObserver$2$1;",
smali_classes2\io\ktor\client\plugins\observer\ResponseObserverKt$ResponseObserver$2$1.smali	101	    iput-object p1, p0, Lio/ktor/client/plugins/observer/ResponseObserverKt$ResponseObserver$2$1;->$filter:L飘花落叶言世子哲兰苏楪/飘花落叶言子楪苏兰哲世;
smali_classes2\io\ktor\client\plugins\observer\ResponseObserverKt$ResponseObserver$2$1.smali	105	    iput-object p3, p0, Lio/ktor/client/plugins/observer/ResponseObserverKt$ResponseObserver$2$1;->$responseHandler:L飘花落叶言世子哲兰苏楪/飘花落叶言子楪哲苏兰世;
smali_classes2\io\ktor\client\plugins\observer\ResponseObserverKt$ResponseObserver$2$1.smali	122	.method public final invoke(Lio/ktor/client/plugins/observer/飘花落叶言子楪世苏哲兰;Lio/ktor/client/statement/飘花落叶言子楪世苏哲兰;Lkotlin/coroutines/飘花落叶言子楪世哲苏兰;)Ljava/lang/Object;
smali_classes2\io\ktor\client\plugins\observer\ResponseObserverKt$ResponseObserver$2$1.smali	127	            "Lio/ktor/client/plugins/observer/\u98d8\u82b1\u843d\u53f6\u8a00\u5b50\u696a\u4e16\u82cf\u54f2\u5170;",
smali_classes2\io\ktor\client\plugins\observer\ResponseObserverKt$ResponseObserver$2$1.smali	138	    new-instance v0, Lio/ktor/client/plugins/observer/ResponseObserverKt$ResponseObserver$2$1;
smali_classes2\io\ktor\client\plugins\observer\ResponseObserverKt$ResponseObserver$2$1.smali	142	    iget-object v1, p0, Lio/ktor/client/plugins/observer/ResponseObserverKt$ResponseObserver$2$1;->$filter:L飘花落叶言世子哲兰苏楪/飘花落叶言子楪苏兰哲世;
smali_classes2\io\ktor\client\plugins\observer\ResponseObserverKt$ResponseObserver$2$1.smali	149	    iget-object p0, p0, Lio/ktor/client/plugins/observer/ResponseObserverKt$ResponseObserver$2$1;->$responseHandler:L飘花落叶言世子哲兰苏楪/飘花落叶言子楪哲苏兰世;
smali_classes2\io\ktor\client\plugins\observer\ResponseObserverKt$ResponseObserver$2$1.smali	153	    invoke-direct {v0, v1, v2, p0, p3}, Lio/ktor/client/plugins/observer/ResponseObserverKt$ResponseObserver$2$1;-><init>(L飘花落叶言世子哲兰苏楪/飘花落叶言子楪苏兰哲世;Lio/ktor/client/plugins/api/飘花落叶言子楪世苏哲兰;L飘花落叶言世子哲兰苏楪/飘花落叶言子楪哲苏兰世;Lkotlin/coroutines/飘花落叶言子楪世哲苏兰;)V
smali_classes2\io\ktor\client\plugins\observer\ResponseObserverKt$ResponseObserver$2$1.smali	158	    iput-object p1, v0, Lio/ktor/client/plugins/observer/ResponseObserverKt$ResponseObserver$2$1;->L$0:Ljava/lang/Object;
smali_classes2\io\ktor\client\plugins\observer\ResponseObserverKt$ResponseObserver$2$1.smali	162	    iput-object p2, v0, Lio/ktor/client/plugins/observer/ResponseObserverKt$ResponseObserver$2$1;->L$1:Ljava/lang/Object;
smali_classes2\io\ktor\client\plugins\observer\ResponseObserverKt$ResponseObserver$2$1.smali	170	    invoke-virtual {v0, p0}, Lio/ktor/client/plugins/observer/ResponseObserverKt$ResponseObserver$2$1;->invokeSuspend(Ljava/lang/Object;)Ljava/lang/Object;
smali_classes2\io\ktor\client\plugins\observer\ResponseObserverKt$ResponseObserver$2$1.smali	185	    check-cast p1, Lio/ktor/client/plugins/observer/飘花落叶言子楪世苏哲兰;
smali_classes2\io\ktor\client\plugins\observer\ResponseObserverKt$ResponseObserver$2$1.smali	191	    invoke-virtual {p0, p1, p2, p3}, Lio/ktor/client/plugins/observer/ResponseObserverKt$ResponseObserver$2$1;->invoke(Lio/ktor/client/plugins/observer/飘花落叶言子楪世苏哲兰;Lio/ktor/client/statement/飘花落叶言子楪世苏哲兰;Lkotlin/coroutines/飘花落叶言子楪世哲苏兰;)Ljava/lang/Object;
smali_classes2\io\ktor\client\plugins\observer\ResponseObserverKt$ResponseObserver$2$1.smali	206	    iget v0, p0, Lio/ktor/client/plugins/observer/ResponseObserverKt$ResponseObserver$2$1;->label:I
smali_classes2\io\ktor\client\plugins\observer\ResponseObserverKt$ResponseObserver$2$1.smali	257	    iget-object v0, p0, Lio/ktor/client/plugins/observer/ResponseObserverKt$ResponseObserver$2$1;->L$3:Ljava/lang/Object;
smali_classes2\io\ktor\client\plugins\observer\ResponseObserverKt$ResponseObserver$2$1.smali	265	    iget-object v2, p0, Lio/ktor/client/plugins/observer/ResponseObserverKt$ResponseObserver$2$1;->L$2:Ljava/lang/Object;
smali_classes2\io\ktor\client\plugins\observer\ResponseObserverKt$ResponseObserver$2$1.smali	273	    iget-object v2, p0, Lio/ktor/client/plugins/observer/ResponseObserverKt$ResponseObserver$2$1;->L$1:Ljava/lang/Object;
smali_classes2\io\ktor\client\plugins\observer\ResponseObserverKt$ResponseObserver$2$1.smali	290	    iget-object v2, p0, Lio/ktor/client/plugins/observer/ResponseObserverKt$ResponseObserver$2$1;->L$0:Ljava/lang/Object;
smali_classes2\io\ktor\client\plugins\observer\ResponseObserverKt$ResponseObserver$2$1.smali	294	    check-cast v2, Lio/ktor/client/plugins/observer/飘花落叶言子楪世苏哲兰;
smali_classes2\io\ktor\client\plugins\observer\ResponseObserverKt$ResponseObserver$2$1.smali	307	    new-instance v4, Lio/ktor/client/plugins/observer/ResponseObserverKt$ResponseObserver$2$1$1;
smali_classes2\io\ktor\client\plugins\observer\ResponseObserverKt$ResponseObserver$2$1.smali	311	    iget-object v5, p0, Lio/ktor/client/plugins/observer/ResponseObserverKt$ResponseObserver$2$1;->$responseHandler:L飘花落叶言世子哲兰苏楪/飘花落叶言子楪哲苏兰世;
smali_classes2\io\ktor\client\plugins\observer\ResponseObserverKt$ResponseObserver$2$1.smali	315	    invoke-direct {v4, v1, v5, v1}, Lio/ktor/client/plugins/observer/ResponseObserverKt$ResponseObserver$2$1$1;-><init>(Lio/ktor/client/statement/飘花落叶言子楪世苏哲兰;L飘花落叶言世子哲兰苏楪/飘花落叶言子楪哲苏兰世;Lkotlin/coroutines/飘花落叶言子楪世哲苏兰;)V
smali_classes2\io\ktor\client\plugins\observer\ResponseObserverKt$ResponseObserver$2$1.smali	325	    iput-object v1, p0, Lio/ktor/client/plugins/observer/ResponseObserverKt$ResponseObserver$2$1;->L$0:Ljava/lang/Object;
smali_classes2\io\ktor\client\plugins\observer\ResponseObserverKt$ResponseObserver$2$1.smali	329	    iput-object v1, p0, Lio/ktor/client/plugins/observer/ResponseObserverKt$ResponseObserver$2$1;->L$1:Ljava/lang/Object;
smali_classes2\io\ktor\client\plugins\observer\ResponseObserverKt$ResponseObserver$2$1.smali	333	    iput-object v1, p0, Lio/ktor/client/plugins/observer/ResponseObserverKt$ResponseObserver$2$1;->L$2:Ljava/lang/Object;
smali_classes2\io\ktor\client\plugins\observer\ResponseObserverKt$ResponseObserver$2$1.smali	337	    iput-object v1, p0, Lio/ktor/client/plugins/observer/ResponseObserverKt$ResponseObserver$2$1;->L$3:Ljava/lang/Object;
smali_classes2\io\ktor\client\plugins\observer\ResponseObserverKt$ResponseObserver$2$1.smali	341	    iput v3, p0, Lio/ktor/client/plugins/observer/ResponseObserverKt$ResponseObserver$2$1;->label:I
smali_classes2\io\ktor\client\plugins\observer\ResponseObserverKt$ResponseObserver$2$1.smali	345	    iget-object p1, v2, Lio/ktor/client/plugins/observer/飘花落叶言子楪世苏哲兰;->飘花落叶言子楪世苏哲兰:Lio/ktor/util/pipeline/飘花落叶言子楪世哲兰苏;
smali_classes2\io\ktor\client\plugins\observer\ResponseObserverKt$ResponseObserver$2$1.smali	372	    iget-object p1, p0, Lio/ktor/client/plugins/observer/ResponseObserverKt$ResponseObserver$2$1;->L$0:Ljava/lang/Object;
smali_classes2\io\ktor\client\plugins\observer\ResponseObserverKt$ResponseObserver$2$1.smali	376	    check-cast p1, Lio/ktor/client/plugins/observer/飘花落叶言子楪世苏哲兰;
smali_classes2\io\ktor\client\plugins\observer\ResponseObserverKt$ResponseObserver$2$1.smali	380	    iget-object p1, p0, Lio/ktor/client/plugins/observer/ResponseObserverKt$ResponseObserver$2$1;->L$1:Ljava/lang/Object;
smali_classes2\io\ktor\client\plugins\observer\ResponseObserverKt$ResponseObserver$2$1.smali	397	    iget-object p0, p0, Lio/ktor/client/plugins/observer/ResponseObserverKt$ResponseObserver$2$1;->$filter:L飘花落叶言世子哲兰苏楪/飘花落叶言子楪苏兰哲世;
smali_classes2\io\ktor\client\plugins\observer\飘花落叶言子楪世苏兰哲.smali	1	.class public final Lio/ktor/client/plugins/observer/飘花落叶言子楪世苏兰哲;
smali_classes2\io\ktor\client\plugins\observer\飘花落叶言子楪世苏哲兰.smali	1	.class public final Lio/ktor/client/plugins/observer/飘花落叶言子楪世苏哲兰;
smali_classes2\io\ktor\client\plugins\observer\飘花落叶言子楪世苏哲兰.smali	25	    iput-object p1, p0, Lio/ktor/client/plugins/observer/飘花落叶言子楪世苏哲兰;->飘花落叶言子楪世苏哲兰:Lio/ktor/util/pipeline/飘花落叶言子楪世哲兰苏;
smali_classes2\io\ktor\client\plugins\sse\AfterRender$install$1.smali	1	.class final Lio/ktor/client/plugins/sse/AfterRender$install$1;
smali_classes2\io\ktor\client\plugins\sse\AfterRender$install$1.smali	39	    c = "io.ktor.client.plugins.sse.AfterRender$install$1"
smali_classes2\io\ktor\client\plugins\sse\AfterRender$install$1.smali	74	            "Lio/ktor/client/plugins/sse/AfterRender$install$1;",
smali_classes2\io\ktor\client\plugins\sse\AfterRender$install$1.smali	80	    iput-object p1, p0, Lio/ktor/client/plugins/sse/AfterRender$install$1;->$handler:L飘花落叶言世子哲兰苏楪/飘花落叶言子楪哲兰世苏;
smali_classes2\io\ktor\client\plugins\sse\AfterRender$install$1.smali	113	    new-instance v0, Lio/ktor/client/plugins/sse/AfterRender$install$1;
smali_classes2\io\ktor\client\plugins\sse\AfterRender$install$1.smali	117	    iget-object p0, p0, Lio/ktor/client/plugins/sse/AfterRender$install$1;->$handler:L飘花落叶言世子哲兰苏楪/飘花落叶言子楪哲兰世苏;
smali_classes2\io\ktor\client\plugins\sse\AfterRender$install$1.smali	121	    invoke-direct {v0, p0, p3}, Lio/ktor/client/plugins/sse/AfterRender$install$1;-><init>(L飘花落叶言世子哲兰苏楪/飘花落叶言子楪哲兰世苏;Lkotlin/coroutines/飘花落叶言子楪世哲苏兰;)V
smali_classes2\io\ktor\client\plugins\sse\AfterRender$install$1.smali	126	    iput-object p1, v0, Lio/ktor/client/plugins/sse/AfterRender$install$1;->L$0:Ljava/lang/Object;
smali_classes2\io\ktor\client\plugins\sse\AfterRender$install$1.smali	130	    iput-object p2, v0, Lio/ktor/client/plugins/sse/AfterRender$install$1;->L$1:Ljava/lang/Object;
smali_classes2\io\ktor\client\plugins\sse\AfterRender$install$1.smali	138	    invoke-virtual {v0, p0}, Lio/ktor/client/plugins/sse/AfterRender$install$1;->invokeSuspend(Ljava/lang/Object;)Ljava/lang/Object;
smali_classes2\io\ktor\client\plugins\sse\AfterRender$install$1.smali	157	    invoke-virtual {p0, p1, p2, p3}, Lio/ktor/client/plugins/sse/AfterRender$install$1;->invoke(Lio/ktor/util/pipeline/飘花落叶言子楪世哲兰苏;Ljava/lang/Object;Lkotlin/coroutines/飘花落叶言子楪世哲苏兰;)Ljava/lang/Object;
smali_classes2\io\ktor\client\plugins\sse\AfterRender$install$1.smali	172	    iget v1, p0, Lio/ktor/client/plugins/sse/AfterRender$install$1;->label:I
smali_classes2\io\ktor\client\plugins\sse\AfterRender$install$1.smali	223	    iget-object v1, p0, Lio/ktor/client/plugins/sse/AfterRender$install$1;->L$0:Ljava/lang/Object;
smali_classes2\io\ktor\client\plugins\sse\AfterRender$install$1.smali	245	    iget-object p1, p0, Lio/ktor/client/plugins/sse/AfterRender$install$1;->L$0:Ljava/lang/Object;
smali_classes2\io\ktor\client\plugins\sse\AfterRender$install$1.smali	256	    iget-object p1, p0, Lio/ktor/client/plugins/sse/AfterRender$install$1;->L$1:Ljava/lang/Object;
smali_classes2\io\ktor\client\plugins\sse\AfterRender$install$1.smali	272	    iget-object v6, p0, Lio/ktor/client/plugins/sse/AfterRender$install$1;->$handler:L飘花落叶言世子哲兰苏楪/飘花落叶言子楪哲兰世苏;
smali_classes2\io\ktor\client\plugins\sse\AfterRender$install$1.smali	280	    iput-object v1, p0, Lio/ktor/client/plugins/sse/AfterRender$install$1;->L$0:Ljava/lang/Object;
smali_classes2\io\ktor\client\plugins\sse\AfterRender$install$1.smali	284	    iput v5, p0, Lio/ktor/client/plugins/sse/AfterRender$install$1;->label:I
smali_classes2\io\ktor\client\plugins\sse\AfterRender$install$1.smali	305	    iput-object v2, p0, Lio/ktor/client/plugins/sse/AfterRender$install$1;->L$0:Ljava/lang/Object;
smali_classes2\io\ktor\client\plugins\sse\AfterRender$install$1.smali	309	    iput v4, p0, Lio/ktor/client/plugins/sse/AfterRender$install$1;->label:I
smali_classes2\io\ktor\client\plugins\sse\BuildersKt$serverSentEvents$1.smali	1	.class final Lio/ktor/client/plugins/sse/BuildersKt$serverSentEvents$1;
smali_classes2\io\ktor\client\plugins\sse\BuildersKt$serverSentEvents$1.smali	18	    c = "io.ktor.client.plugins.sse.BuildersKt"
smali_classes2\io\ktor\client\plugins\sse\BuildersKt$serverSentEvents$1.smali	44	            "Lio/ktor/client/plugins/sse/BuildersKt$serverSentEvents$1;",
smali_classes2\io\ktor\client\plugins\sse\BuildersKt$serverSentEvents$1.smali	64	    iput-object p1, p0, Lio/ktor/client/plugins/sse/BuildersKt$serverSentEvents$1;->result:Ljava/lang/Object;
smali_classes2\io\ktor\client\plugins\sse\BuildersKt$serverSentEvents$1.smali	68	    iget v0, p0, Lio/ktor/client/plugins/sse/BuildersKt$serverSentEvents$1;->label:I
smali_classes2\io\ktor\client\plugins\sse\BuildersKt$serverSentEvents$1.smali	79	    iput v0, p0, Lio/ktor/client/plugins/sse/BuildersKt$serverSentEvents$1;->label:I
smali_classes2\io\ktor\client\plugins\sse\BuildersKt$serverSentEvents$1.smali	83	    sget-object v2, Lio/ktor/client/plugins/sse/飘花落叶言子楪世苏哲兰;->飘花落叶言子楪世苏哲兰:Lio/ktor/util/飘花落叶言子楪世苏哲兰;
smali_classes2\io\ktor\client\plugins\sse\BuildersKt$serverSentEvents$1.smali	90	    iput v0, p0, Lio/ktor/client/plugins/sse/BuildersKt$serverSentEvents$1;->label:I
smali_classes2\io\ktor\client\plugins\sse\BuildersKt$serverSentEvents$1.smali	119	    iget-object p0, p0, Lio/ktor/client/plugins/sse/BuildersKt$serverSentEvents$1;->L$0:Ljava/lang/Object;
smali_classes2\io\ktor\client\plugins\sse\BuildersKt$serverSentEvents$1.smali	169	    iget-object v0, p0, Lio/ktor/client/plugins/sse/BuildersKt$serverSentEvents$1;->L$0:Ljava/lang/Object;
smali_classes2\io\ktor\client\plugins\sse\BuildersKt$serverSentEvents$1.smali	187	    iput-object v2, p0, Lio/ktor/client/plugins/sse/BuildersKt$serverSentEvents$1;->L$0:Ljava/lang/Object;
smali_classes2\io\ktor\client\plugins\sse\BuildersKt$serverSentEvents$1.smali	191	    iput v4, p0, Lio/ktor/client/plugins/sse/BuildersKt$serverSentEvents$1;->label:I
smali_classes2\io\ktor\client\plugins\sse\BuildersKt$serverSentEvents$1.smali	258	    iput-object v2, p0, Lio/ktor/client/plugins/sse/BuildersKt$serverSentEvents$1;->L$0:Ljava/lang/Object;
smali_classes2\io\ktor\client\plugins\sse\BuildersKt$serverSentEvents$1.smali	262	    iput v3, p0, Lio/ktor/client/plugins/sse/BuildersKt$serverSentEvents$1;->label:I
smali_classes2\io\ktor\client\plugins\sse\BuildersKt$serverSentEvents$1.smali	266	    sget-object p0, Lio/ktor/client/plugins/sse/飘花落叶言子楪世兰哲苏;->飘花落叶言子楪世苏哲兰:L飘花落叶言苏楪世子兰哲/飘花落叶言子楪世苏兰哲;
smali_classes2\io\ktor\client\plugins\sse\BuildersKt$serverSentEvents$1.smali	270	    sget p0, Lio/ktor/client/plugins/飘花落叶言子楪苏兰世哲;->飘花落叶言子楪世苏哲兰:I
smali_classes2\io\ktor\client\plugins\sse\BuildersKt$serverSentEventsSession$2.smali	1	.class final Lio/ktor/client/plugins/sse/BuildersKt$serverSentEventsSession$2;
smali_classes2\io\ktor\client\plugins\sse\BuildersKt$serverSentEventsSession$2.smali	36	    c = "io.ktor.client.plugins.sse.BuildersKt$serverSentEventsSession$2"
smali_classes2\io\ktor\client\plugins\sse\BuildersKt$serverSentEventsSession$2.smali	78	            "Lio/ktor/client/plugins/sse/BuildersKt$serverSentEventsSession$2;",
smali_classes2\io\ktor\client\plugins\sse\BuildersKt$serverSentEventsSession$2.smali	84	    iput-object p1, p0, Lio/ktor/client/plugins/sse/BuildersKt$serverSentEventsSession$2;->$statement:Lio/ktor/client/statement/飘花落叶言子楪世哲兰苏;
smali_classes2\io\ktor\client\plugins\sse\BuildersKt$serverSentEventsSession$2.smali	88	    iput-object p2, p0, Lio/ktor/client/plugins/sse/BuildersKt$serverSentEventsSession$2;->$sessionDeferred:Lkotlinx/coroutines/飘花落叶言子楪哲苏兰世;
smali_classes2\io\ktor\client\plugins\sse\BuildersKt$serverSentEventsSession$2.smali	120	    new-instance p1, Lio/ktor/client/plugins/sse/BuildersKt$serverSentEventsSession$2;
smali_classes2\io\ktor\client\plugins\sse\BuildersKt$serverSentEventsSession$2.smali	124	    iget-object v0, p0, Lio/ktor/client/plugins/sse/BuildersKt$serverSentEventsSession$2;->$statement:Lio/ktor/client/statement/飘花落叶言子楪世哲兰苏;
smali_classes2\io\ktor\client\plugins\sse\BuildersKt$serverSentEventsSession$2.smali	128	    iget-object p0, p0, Lio/ktor/client/plugins/sse/BuildersKt$serverSentEventsSession$2;->$sessionDeferred:Lkotlinx/coroutines/飘花落叶言子楪哲苏兰世;
smali_classes2\io\ktor\client\plugins\sse\BuildersKt$serverSentEventsSession$2.smali	132	    invoke-direct {p1, v0, p0, p2}, Lio/ktor/client/plugins/sse/BuildersKt$serverSentEventsSession$2;-><init>(Lio/ktor/client/statement/飘花落叶言子楪世哲兰苏;Lkotlinx/coroutines/飘花落叶言子楪哲苏兰世;Lkotlin/coroutines/飘花落叶言子楪世哲苏兰;)V
smali_classes2\io\ktor\client\plugins\sse\BuildersKt$serverSentEventsSession$2.smali	148	    invoke-virtual {p0, p1, p2}, Lio/ktor/client/plugins/sse/BuildersKt$serverSentEventsSession$2;->invoke(Lkotlinx/coroutines/飘花落叶言子世楪哲兰苏;Lkotlin/coroutines/飘花落叶言子楪世哲苏兰;)Ljava/lang/Object;
smali_classes2\io\ktor\client\plugins\sse\BuildersKt$serverSentEventsSession$2.smali	170	    invoke-virtual {p0, p1, p2}, Lio/ktor/client/plugins/sse/BuildersKt$serverSentEventsSession$2;->create(Ljava/lang/Object;Lkotlin/coroutines/飘花落叶言子楪世哲苏兰;)Lkotlin/coroutines/飘花落叶言子楪世哲苏兰;
smali_classes2\io\ktor\client\plugins\sse\BuildersKt$serverSentEventsSession$2.smali	178	    check-cast p0, Lio/ktor/client/plugins/sse/BuildersKt$serverSentEventsSession$2;
smali_classes2\io\ktor\client\plugins\sse\BuildersKt$serverSentEventsSession$2.smali	186	    invoke-virtual {p0, p1}, Lio/ktor/client/plugins/sse/BuildersKt$serverSentEventsSession$2;->invokeSuspend(Ljava/lang/Object;)Ljava/lang/Object;
smali_classes2\io\ktor\client\plugins\sse\BuildersKt$serverSentEventsSession$2.smali	205	    iget v0, p0, Lio/ktor/client/plugins/sse/BuildersKt$serverSentEventsSession$2;->label:I
smali_classes2\io\ktor\client\plugins\sse\BuildersKt$serverSentEventsSession$2.smali	261	    iget-object v0, p0, Lio/ktor/client/plugins/sse/BuildersKt$serverSentEventsSession$2;->L$0:Ljava/lang/Object;
smali_classes2\io\ktor\client\plugins\sse\BuildersKt$serverSentEventsSession$2.smali	296	    iget-object v0, p0, Lio/ktor/client/plugins/sse/BuildersKt$serverSentEventsSession$2;->L$0:Ljava/lang/Object;
smali_classes2\io\ktor\client\plugins\sse\BuildersKt$serverSentEventsSession$2.smali	317	    iget-object v0, p0, Lio/ktor/client/plugins/sse/BuildersKt$serverSentEventsSession$2;->L$2:Ljava/lang/Object;
smali_classes2\io\ktor\client\plugins\sse\BuildersKt$serverSentEventsSession$2.smali	325	    iget-object v0, p0, Lio/ktor/client/plugins/sse/BuildersKt$serverSentEventsSession$2;->L$1:Ljava/lang/Object;
smali_classes2\io\ktor\client\plugins\sse\BuildersKt$serverSentEventsSession$2.smali	333	    iget-object v0, p0, Lio/ktor/client/plugins/sse/BuildersKt$serverSentEventsSession$2;->L$0:Ljava/lang/Object;
smali_classes2\io\ktor\client\plugins\sse\BuildersKt$serverSentEventsSession$2.smali	369	    const-string v0, "null cannot be cast to non-null type io.ktor.client.plugins.sse.ClientSSESession"
smali_classes2\io\ktor\client\plugins\sse\BuildersKt$serverSentEventsSession$2.smali	400	    iget-object v0, p0, Lio/ktor/client/plugins/sse/BuildersKt$serverSentEventsSession$2;->L$1:Ljava/lang/Object;
smali_classes2\io\ktor\client\plugins\sse\BuildersKt$serverSentEventsSession$2.smali	408	    iget-object v0, p0, Lio/ktor/client/plugins/sse/BuildersKt$serverSentEventsSession$2;->L$0:Ljava/lang/Object;
smali_classes2\io\ktor\client\plugins\sse\BuildersKt$serverSentEventsSession$2.smali	438	    iput-object p1, p0, Lio/ktor/client/plugins/sse/BuildersKt$serverSentEventsSession$2;->L$0:Ljava/lang/Object;
smali_classes2\io\ktor\client\plugins\sse\BuildersKt$serverSentEventsSession$2.smali	442	    iput-object v3, p0, Lio/ktor/client/plugins/sse/BuildersKt$serverSentEventsSession$2;->L$1:Ljava/lang/Object;
smali_classes2\io\ktor\client\plugins\sse\BuildersKt$serverSentEventsSession$2.smali	446	    iput-object v3, p0, Lio/ktor/client/plugins/sse/BuildersKt$serverSentEventsSession$2;->L$2:Ljava/lang/Object;
smali_classes2\io\ktor\client\plugins\sse\BuildersKt$serverSentEventsSession$2.smali	450	    iput v4, p0, Lio/ktor/client/plugins/sse/BuildersKt$serverSentEventsSession$2;->label:I
smali_classes2\io\ktor\client\plugins\sse\BuildersKt$serverSentEventsSession$2.smali	487	    iget-object p1, p0, Lio/ktor/client/plugins/sse/BuildersKt$serverSentEventsSession$2;->$sessionDeferred:Lkotlinx/coroutines/飘花落叶言子楪哲苏兰世;
smali_classes2\io\ktor\client\plugins\sse\BuildersKt$serverSentEventsSession$2.smali	495	    iput-object v3, p0, Lio/ktor/client/plugins/sse/BuildersKt$serverSentEventsSession$2;->L$0:Ljava/lang/Object;
smali_classes2\io\ktor\client\plugins\sse\BuildersKt$serverSentEventsSession$2.smali	499	    iput-object p1, p0, Lio/ktor/client/plugins/sse/BuildersKt$serverSentEventsSession$2;->L$1:Ljava/lang/Object;
smali_classes2\io\ktor\client\plugins\sse\BuildersKt$serverSentEventsSession$2.smali	503	    iput v1, p0, Lio/ktor/client/plugins/sse/BuildersKt$serverSentEventsSession$2;->label:I
smali_classes2\io\ktor\client\plugins\sse\BuildersKt$serverSentEventsSession$2.smali	540	    iget-object p0, p0, Lio/ktor/client/plugins/sse/BuildersKt$serverSentEventsSession$2;->$sessionDeferred:Lkotlinx/coroutines/飘花落叶言子楪哲苏兰世;
smali_classes2\io\ktor\client\plugins\sse\BuildersKt$serverSentEventsSession$2.smali	544	    sget-object v0, Lio/ktor/client/plugins/sse/飘花落叶言子楪世苏哲兰;->飘花落叶言子楪世苏哲兰:Lio/ktor/util/飘花落叶言子楪世苏哲兰;
smali_classes2\io\ktor\client\plugins\sse\BuildersKt$serverSentEventsSession$2.smali	548	    instance-of v0, p1, Lio/ktor/client/plugins/sse/SSEClientException;
smali_classes2\io\ktor\client\plugins\sse\BuildersKt$serverSentEventsSession$2.smali	559	    check-cast v0, Lio/ktor/client/plugins/sse/SSEClientException;
smali_classes2\io\ktor\client\plugins\sse\BuildersKt$serverSentEventsSession$2.smali	563	    invoke-virtual {v0}, Lio/ktor/client/plugins/sse/SSEClientException;->getResponse()Lio/ktor/client/statement/飘花落叶言子楪世苏哲兰;
smali_classes2\io\ktor\client\plugins\sse\BuildersKt$serverSentEventsSession$2.smali	569	    new-instance v0, Lio/ktor/client/plugins/sse/SSEClientException;
smali_classes2\io\ktor\client\plugins\sse\BuildersKt$serverSentEventsSession$2.smali	581	    invoke-direct {v0, v3, p1, v1}, Lio/ktor/client/plugins/sse/SSEClientException;-><init>(Lio/ktor/client/statement/飘花落叶言子楪世苏哲兰;Ljava/lang/Throwable;Ljava/lang/String;)V
smali_classes2\io\ktor\client\plugins\sse\BuildersKt$serverSentEventsSession$2.smali	599	    iget-object p0, p0, Lio/ktor/client/plugins/sse/BuildersKt$serverSentEventsSession$2;->$sessionDeferred:Lkotlinx/coroutines/飘花落叶言子楪哲苏兰世;
smali_classes2\io\ktor\client\plugins\sse\DefaultClientSSESession$parseEvent$1.smali	1	.class final Lio/ktor/client/plugins/sse/DefaultClientSSESession$parseEvent$1;
smali_classes2\io\ktor\client\plugins\sse\DefaultClientSSESession$parseEvent$1.smali	18	    c = "io.ktor.client.plugins.sse.DefaultClientSSESession"
smali_classes2\io\ktor\client\plugins\sse\DefaultClientSSESession$parseEvent$1.smali	52	.field final synthetic this$0:Lio/ktor/client/plugins/sse/飘花落叶言子楪世苏兰哲;
smali_classes2\io\ktor\client\plugins\sse\DefaultClientSSESession$parseEvent$1.smali	56	.method public constructor <init>(Lio/ktor/client/plugins/sse/飘花落叶言子楪世苏兰哲;Lkotlin/coroutines/飘花落叶言子楪世哲苏兰;)V
smali_classes2\io\ktor\client\plugins\sse\DefaultClientSSESession$parseEvent$1.smali	61	            "Lio/ktor/client/plugins/sse/\u98d8\u82b1\u843d\u53f6\u8a00\u5b50\u696a\u4e16\u82cf\u5170\u54f2;",
smali_classes2\io\ktor\client\plugins\sse\DefaultClientSSESession$parseEvent$1.smali	64	            "Lio/ktor/client/plugins/sse/DefaultClientSSESession$parseEvent$1;",
smali_classes2\io\ktor\client\plugins\sse\DefaultClientSSESession$parseEvent$1.smali	70	    iput-object p1, p0, Lio/ktor/client/plugins/sse/DefaultClientSSESession$parseEvent$1;->this$0:Lio/ktor/client/plugins/sse/飘花落叶言子楪世苏兰哲;
smali_classes2\io\ktor\client\plugins\sse\DefaultClientSSESession$parseEvent$1.smali	88	    iput-object p1, p0, Lio/ktor/client/plugins/sse/DefaultClientSSESession$parseEvent$1;->result:Ljava/lang/Object;
smali_classes2\io\ktor\client\plugins\sse\DefaultClientSSESession$parseEvent$1.smali	92	    iget p1, p0, Lio/ktor/client/plugins/sse/DefaultClientSSESession$parseEvent$1;->label:I
smali_classes2\io\ktor\client\plugins\sse\DefaultClientSSESession$parseEvent$1.smali	103	    iput p1, p0, Lio/ktor/client/plugins/sse/DefaultClientSSESession$parseEvent$1;->label:I
smali_classes2\io\ktor\client\plugins\sse\DefaultClientSSESession$parseEvent$1.smali	107	    iget-object p1, p0, Lio/ktor/client/plugins/sse/DefaultClientSSESession$parseEvent$1;->this$0:Lio/ktor/client/plugins/sse/飘花落叶言子楪世苏兰哲;
smali_classes2\io\ktor\client\plugins\sse\DefaultClientSSESession$parseEvent$1.smali	114	    invoke-static {p1, v0, p0}, Lio/ktor/client/plugins/sse/飘花落叶言子楪世苏兰哲;->飘花落叶言子楪世苏哲兰(Lio/ktor/client/plugins/sse/飘花落叶言子楪世苏兰哲;Lio/ktor/utils/io/飘花落叶言子楪苏兰哲世;Lkotlin/coroutines/jvm/internal/ContinuationImpl;)Ljava/lang/Object;
smali_classes2\io\ktor\client\plugins\sse\DefaultClientSSESession$_incoming$1.smali	1	.class final Lio/ktor/client/plugins/sse/DefaultClientSSESession$_incoming$1;
smali_classes2\io\ktor\client\plugins\sse\DefaultClientSSESession$_incoming$1.smali	37	    c = "io.ktor.client.plugins.sse.DefaultClientSSESession$_incoming$1"
smali_classes2\io\ktor\client\plugins\sse\DefaultClientSSESession$_incoming$1.smali	52	.field final synthetic this$0:Lio/ktor/client/plugins/sse/飘花落叶言子楪世苏兰哲;
smali_classes2\io\ktor\client\plugins\sse\DefaultClientSSESession$_incoming$1.smali	56	.method public constructor <init>(Lio/ktor/client/plugins/sse/飘花落叶言子楪世苏兰哲;Lkotlin/coroutines/飘花落叶言子楪世哲苏兰;)V
smali_classes2\io\ktor\client\plugins\sse\DefaultClientSSESession$_incoming$1.smali	61	            "Lio/ktor/client/plugins/sse/\u98d8\u82b1\u843d\u53f6\u8a00\u5b50\u696a\u4e16\u82cf\u5170\u54f2;",
smali_classes2\io\ktor\client\plugins\sse\DefaultClientSSESession$_incoming$1.smali	64	            "Lio/ktor/client/plugins/sse/DefaultClientSSESession$_incoming$1;",
smali_classes2\io\ktor\client\plugins\sse\DefaultClientSSESession$_incoming$1.smali	70	    iput-object p1, p0, Lio/ktor/client/plugins/sse/DefaultClientSSESession$_incoming$1;->this$0:Lio/ktor/client/plugins/sse/飘花落叶言子楪世苏兰哲;
smali_classes2\io\ktor\client\plugins\sse\DefaultClientSSESession$_incoming$1.smali	102	    new-instance v0, Lio/ktor/client/plugins/sse/DefaultClientSSESession$_incoming$1;
smali_classes2\io\ktor\client\plugins\sse\DefaultClientSSESession$_incoming$1.smali	106	    iget-object p0, p0, Lio/ktor/client/plugins/sse/DefaultClientSSESession$_incoming$1;->this$0:Lio/ktor/client/plugins/sse/飘花落叶言子楪世苏兰哲;
smali_classes2\io\ktor\client\plugins\sse\DefaultClientSSESession$_incoming$1.smali	110	    invoke-direct {v0, p0, p2}, Lio/ktor/client/plugins/sse/DefaultClientSSESession$_incoming$1;-><init>(Lio/ktor/client/plugins/sse/飘花落叶言子楪世苏兰哲;Lkotlin/coroutines/飘花落叶言子楪世哲苏兰;)V
smali_classes2\io\ktor\client\plugins\sse\DefaultClientSSESession$_incoming$1.smali	115	    iput-object p1, v0, Lio/ktor/client/plugins/sse/DefaultClientSSESession$_incoming$1;->L$0:Ljava/lang/Object;
smali_classes2\io\ktor\client\plugins\sse\DefaultClientSSESession$_incoming$1.smali	130	    invoke-virtual {p0, p1, p2}, Lio/ktor/client/plugins/sse/DefaultClientSSESession$_incoming$1;->invoke(Lkotlinx/coroutines/channels/飘花落叶言子楪兰世苏哲;Lkotlin/coroutines/飘花落叶言子楪世哲苏兰;)Ljava/lang/Object;
smali_classes2\io\ktor\client\plugins\sse\DefaultClientSSESession$_incoming$1.smali	152	    invoke-virtual {p0, p1, p2}, Lio/ktor/client/plugins/sse/DefaultClientSSESession$_incoming$1;->create(Ljava/lang/Object;Lkotlin/coroutines/飘花落叶言子楪世哲苏兰;)Lkotlin/coroutines/飘花落叶言子楪世哲苏兰;
smali_classes2\io\ktor\client\plugins\sse\DefaultClientSSESession$_incoming$1.smali	160	    check-cast p0, Lio/ktor/client/plugins/sse/DefaultClientSSESession$_incoming$1;
smali_classes2\io\ktor\client\plugins\sse\DefaultClientSSESession$_incoming$1.smali	168	    invoke-virtual {p0, p1}, Lio/ktor/client/plugins/sse/DefaultClientSSESession$_incoming$1;->invokeSuspend(Ljava/lang/Object;)Ljava/lang/Object;
smali_classes2\io\ktor\client\plugins\sse\DefaultClientSSESession$_incoming$1.smali	187	    iget v1, p0, Lio/ktor/client/plugins/sse/DefaultClientSSESession$_incoming$1;->label:I
smali_classes2\io\ktor\client\plugins\sse\DefaultClientSSESession$_incoming$1.smali	209	    iget-object v1, p0, Lio/ktor/client/plugins/sse/DefaultClientSSESession$_incoming$1;->L$0:Ljava/lang/Object;
smali_classes2\io\ktor\client\plugins\sse\DefaultClientSSESession$_incoming$1.smali	243	    iget-object v1, p0, Lio/ktor/client/plugins/sse/DefaultClientSSESession$_incoming$1;->L$0:Ljava/lang/Object;
smali_classes2\io\ktor\client\plugins\sse\DefaultClientSSESession$_incoming$1.smali	265	    iget-object p1, p0, Lio/ktor/client/plugins/sse/DefaultClientSSESession$_incoming$1;->L$0:Ljava/lang/Object;
smali_classes2\io\ktor\client\plugins\sse\DefaultClientSSESession$_incoming$1.smali	274	    iget-object v1, p0, Lio/ktor/client/plugins/sse/DefaultClientSSESession$_incoming$1;->this$0:Lio/ktor/client/plugins/sse/飘花落叶言子楪世苏兰哲;
smali_classes2\io\ktor\client\plugins\sse\DefaultClientSSESession$_incoming$1.smali	278	    iget-object v4, v1, Lio/ktor/client/plugins/sse/飘花落叶言子楪世苏兰哲;->飘花落叶言子楪哲苏兰世:Lio/ktor/utils/io/飘花落叶言子楪苏兰哲世;
smali_classes2\io\ktor\client\plugins\sse\DefaultClientSSESession$_incoming$1.smali	282	    iput-object p1, p0, Lio/ktor/client/plugins/sse/DefaultClientSSESession$_incoming$1;->L$0:Ljava/lang/Object;
smali_classes2\io\ktor\client\plugins\sse\DefaultClientSSESession$_incoming$1.smali	286	    iput v3, p0, Lio/ktor/client/plugins/sse/DefaultClientSSESession$_incoming$1;->label:I
smali_classes2\io\ktor\client\plugins\sse\DefaultClientSSESession$_incoming$1.smali	290	    invoke-static {v1, v4, p0}, Lio/ktor/client/plugins/sse/飘花落叶言子楪世苏兰哲;->飘花落叶言子楪世苏哲兰(Lio/ktor/client/plugins/sse/飘花落叶言子楪世苏兰哲;Lio/ktor/utils/io/飘花落叶言子楪苏兰哲世;Lkotlin/coroutines/jvm/internal/ContinuationImpl;)Ljava/lang/Object;
smali_classes2\io\ktor\client\plugins\sse\DefaultClientSSESession$_incoming$1.smali	352	    iget-object v9, p0, Lio/ktor/client/plugins/sse/DefaultClientSSESession$_incoming$1;->this$0:Lio/ktor/client/plugins/sse/飘花落叶言子楪世苏兰哲;
smali_classes2\io\ktor\client\plugins\sse\DefaultClientSSESession$_incoming$1.smali	381	    iget-object v9, p0, Lio/ktor/client/plugins/sse/DefaultClientSSESession$_incoming$1;->this$0:Lio/ktor/client/plugins/sse/飘花落叶言子楪世苏兰哲;
smali_classes2\io\ktor\client\plugins\sse\DefaultClientSSESession$_incoming$1.smali	385	    iget-boolean v9, v9, Lio/ktor/client/plugins/sse/飘花落叶言子楪世苏兰哲;->飘花落叶言子楪兰世苏哲:Z
smali_classes2\io\ktor\client\plugins\sse\DefaultClientSSESession$_incoming$1.smali	394	    iget-object v9, p0, Lio/ktor/client/plugins/sse/DefaultClientSSESession$_incoming$1;->this$0:Lio/ktor/client/plugins/sse/飘花落叶言子楪世苏兰哲;
smali_classes2\io\ktor\client\plugins\sse\DefaultClientSSESession$_incoming$1.smali	423	    iget-object v4, p0, Lio/ktor/client/plugins/sse/DefaultClientSSESession$_incoming$1;->this$0:Lio/ktor/client/plugins/sse/飘花落叶言子楪世苏兰哲;
smali_classes2\io\ktor\client\plugins\sse\DefaultClientSSESession$_incoming$1.smali	427	    iget-boolean v4, v4, Lio/ktor/client/plugins/sse/飘花落叶言子楪世苏兰哲;->飘花落叶言子楪兰世哲苏:Z
smali_classes2\io\ktor\client\plugins\sse\DefaultClientSSESession$_incoming$1.smali	448	    iput-object v1, p0, Lio/ktor/client/plugins/sse/DefaultClientSSESession$_incoming$1;->L$0:Ljava/lang/Object;