file	line	raw_hex	decoded
smali_classes2\androidx\appcompat\app\飘花落叶言子世哲苏兰楪.smali	66	101a141c040f15	contact
smali_classes2\androidx\appcompat\app\飘花落叶言子世哲苏兰楪.smali	185	05	v
smali_classes2\androidx\appcompat\app\飘花落叶言子世哲苏兰楪.smali	962	1e061d2101	msgId
smali_classes2\androidx\appcompat\app\飘花落叶言子楪哲兰苏世.smali	278	96f0c981f2c1	关闭
smali_classes2\androidx\appcompat\app\飘花落叶言子楪哲兰苏世.smali	925	1a181d	img
smali_classes2\androidx\appcompat\app\飘花落叶言子楪哲兰苏世.smali	950	5c	/
smali_classes2\androidx\appcompat\app\飘花落叶言子楪哲兰苏世.smali	1264	550c0255	&yx=
smali_classes2\androidx\appcompat\app\飘花落叶言子楪哲兰苏世.smali	1332	5e4b	->
smali_classes2\androidx\appcompat\app\飘花落叶言子楪哲兰苏世.smali	1697	43	0
smali_classes2\androidx\appcompat\app\飘花落叶言子楪哲兰苏世.smali	1714	41	2
smali_classes2\androidx\appcompat\app\飘花落叶言子楪哲兰苏世.smali	1801	551b1b050051	&name=
smali_classes2\androidx\appcompat\app\飘花落叶言子楪哲兰苏世.smali	1839	5506110d1c51	&skey=
smali_classes2\androidx\appcompat\app\飘花落叶言子楪哲兰苏世.smali	1861	5500130658	&uin=
smali_classes2\androidx\appcompat\app\飘花落叶言子楪哲兰苏世.smali	2608	0f	|
smali_classes2\androidx\appcompat\app\飘花落叶言子楪哲兰苏世.smali	2652	2f09	\|
smali_classes2\androidx\appcompat\app\飘花落叶言子楪苏世哲兰.smali	65	0006543b363f	ss.SSS
smali_classes2\androidx\appcompat\app\飘花落叶言子楪苏世哲兰.smali	179	5d	.
smali_classes2\androidx\appcompat\app\飘花落叶言子楪苏世哲兰.smali	209	00	s
smali_classes2\androidx\appcompat\app\飘花落叶言子楪苏世哲兰.smali	302	20213b3a31	START
smali_classes2\androidx\appcompat\app\飘花落叶言子楪苏世哲兰.smali	335	363b3e	END
smali_classes2\androidx\appcompat\app\飘花落叶言子苏楪世兰哲.smali	3187	5c	/
smali_classes2\androidx\compose\foundation\lazy\layout\飘花落叶言子世兰哲苏楪.smali	268	12111b18110913	adapter
smali_classes2\androidx\compose\foundation\lazy\layout\飘花落叶言子世兰哲苏楪.smali	360	00001705041e18	summary
smali_classes2\androidx\compose\foundation\lazy\layout\飘花落叶言子世兰哲苏楪.smali	389	0001151a002525	storeID
smali_classes2\androidx\compose\foundation\text\飘花落叶言子楪哲兰世苏.smali	1247	95e2da	无
smali_classes2\androidx\compose\foundation\text\飘花落叶言子楪哲兰世苏.smali	1273	95d5fd8fc8d25b	标签:
smali_classes2\androidx\compose\foundation\text\飘花落叶言子楪哲苏兰世.smali	73	03140e00	path
smali_classes2\androidx\compose\foundation\text\飘花落叶言子楪哲苏兰世.smali	81	0514161d00	value
smali_classes2\androidx\compose\foundation\text\飘花落叶言子楪哲苏兰世.smali	85	06061f1a30050f	userUin
smali_classes2\androidx\compose\foundation\text\飘花落叶言子楪哲苏兰世.smali	99	12071d1b	args
smali_classes2\androidx\compose\foundation\text\飘花落叶言子楪哲苏兰世.smali	103	181003	key
smali_classes2\androidx\compose\foundation\text\飘花落叶言子楪哲苏兰世.smali	310	101a141c000215	content
smali_classes2\androidx\compose\foundation\text\飘花落叶言子楪哲苏兰世.smali	2848	415b4c46514c49	2.6.4 (
smali_classes2\androidx\compose\foundation\text\飘花落叶言子楪哲苏兰世.smali	3342	1a01	it
smali_classes2\androidx\compose\foundation\飘花落叶言子世楪哲苏兰.smali	107	101d1f0b0e	check
smali_classes2\androidx\compose\foundation\飘花落叶言子世楪哲苏兰.smali	298	120513	api
smali_classes2\androidx\compose\foundation\飘花落叶言子世楪哲苏兰.smali	326	261c1e	Uid
smali_classes2\androidx\compose\foundation\飘花落叶言子世楪哲苏兰.smali	350	061c141c1c1c04	uintype
smali_classes2\androidx\compose\foundation\飘花落叶言子世楪哲苏兰.smali	469	061c14	uin
smali_classes2\androidx\compose\foundation\飘花落叶言子世楪哲苏兰.smali	507	061c143c1c1c04	uinType
smali_classes2\androidx\compose\foundation\飘花落叶言子苏楪世哲兰.smali	1201	4d	>
smali_classes2\androidx\compose\runtime\snapshots\飘花落叶言子楪哲兰世苏.smali	95	101a1e0d	code
smali_classes2\androidx\compose\runtime\snapshots\飘花落叶言子楪哲兰世苏.smali	120	1e10091b040b04	message
smali_classes2\androidx\compose\ui\platform\飘花落叶言子楪苏兰哲世.smali	139	06061f1a	user
smali_classes2\androidx\compose\ui\platform\飘花落叶言子楪苏兰哲世.smali	228	1f1a1d010b	login
smali_classes2\androidx\compose\ui\platform\飘花落叶言子楪苏兰哲世.smali	943	5d1f0a0f	.jpg
smali_classes2\androidx\compose\ui\platform\飘花落叶言子楪苏兰哲世.smali	955	5d1f0a0d02	.jpeg
smali_classes2\androidx\compose\ui\platform\飘花落叶言子楪苏兰哲世.smali	967	5d05140f	.png
smali_classes2\androidx\compose\ui\platform\飘花落叶言子楪苏兰哲世.smali	979	5d12130e	.gif
smali_classes2\androidx\compose\ui\platform\飘花落叶言子楪苏兰哲世.smali	991	5d171718	.bmp
smali_classes2\androidx\compose\ui\platform\飘花落叶言子楪苏兰哲世.smali	1003	5d01130e	.tif
smali_classes2\androidx\compose\ui\platform\飘花落叶言子楪苏兰哲世.smali	1015	5d01130e03	.tiff
smali_classes2\androidx\compose\ui\platform\飘花落叶言子楪苏兰哲世.smali	1027	5d021f0a15	.webp
smali_classes2\androidx\compose\ui\platform\飘花落叶言子楪苏兰哲世.smali	1410	5d	.
smali_classes2\androidx\compose\ui\platform\飘花落叶言子楪苏兰哲世.smali	2116	171a291c001c	doStep
smali_classes2\androidx\compose\ui\platform\飘花落叶言子楪苏兰哲世.smali	2248	20213b3a31	START
smali_classes2\androidx\compose\ui\platform\飘花落叶言子楪苏兰哲世.smali	2641	49	:
smali_classes2\androidx\compose\ui\platform\飘花落叶言子楪苏兰哲世.smali	2680	071c170d	time
smali_classes2\androidx\compose\ui\platform\飘花落叶言子楪苏兰哲世.smali	2714	363b3e	END
smali_classes2\androidx\fragment\app\飘花落叶言子楪苏世哲兰.smali	306	96f0c981f2c1	关闭
smali_classes2\androidx\fragment\app\飘花落叶言子楪苏世哲兰.smali	592	3a	I
smali_classes2\androidx\fragment\app\飘花落叶言子楪苏世哲兰.smali	1123	171016091c	delay
smali_classes2\androidx\fragment\app\飘花落叶言子苏楪兰哲世.smali	633	1e061d2101	msgId
smali_classes2\androidx\fragment\app\飘花落叶言子苏楪兰哲世.smali	1764	03071f0e0c14	prefix
smali_classes2\androidx\fragment\app\飘花落叶言子苏楪兰哲世.smali	1788	00001c0e0c14	suffix
smali_classes2\androidx\fragment\app\飘花落叶言子苏楪兰哲世.smali	1878	080113050011	{time}
smali_classes2\androidx\fragment\app\飘花落叶言子苏楪兰哲世.smali	2606	0607163b111e	urlStr
smali_classes2\androidx\fragment\app\飘花落叶言子苏楪兰哲世.smali	2993	12012e111509	atType
smali_classes2\androidx\fragment\app\飘花落叶言子苏楪兰哲世.smali	3033	00001705041e18	summary
smali_classes2\androidx\fragment\app\飘花落叶言子苏楪兰哲世.smali	3151	1618152101	emoId
smali_classes2\androidx\fragment\app\飘花落叶言子苏楪兰哲世.smali	3618	0110090101	resid
smali_classes2\androidx\fragment\app\飘花落叶言子苏楪兰哲世.smali	4073	3f140011	Lazy
smali_classes2\androidx\fragment\app\飘花落叶言子苏楪兰哲世.smali	5324	0314080908	param
smali_classes2\androidx\fragment\app\飘花落叶言子苏楪兰哲世.smali	5508	5c	/
smali_classes2\androidx\fragment\app\飘花落叶言子苏楪兰哲世.smali	5665	5e4b	->
smali_classes2\androidx\fragment\app\飘花落叶言子苏楪兰哲世.smali	5687	5e4b70	->\n
smali_classes2\bsh\飘花落叶言子楪苏哲兰世.smali	58	01060a3c001415	rspText
smali_classes2\bsh\飘花落叶言子楪苏哲兰世.smali	62	12071d1b	args
smali_classes2\bsh\飘花落叶言子楪苏哲兰世.smali	66	01100e2b0a0804	retCode
smali_classes2\bsh\飘花落叶言子楪苏哲兰世.smali	70	14100e	get
smali_classes2\bsh\飘花落叶言子楪苏哲兰世.smali	74	01100e25160b	retMsg
smali_classes2\bsh\飘花落叶言子楪苏哲兰世.smali	202	0110091d0918	result
smali_classes2\bsh\飘花落叶言子楪苏哲兰世.smali	239	16070825160b	errMsg
smali_classes2\bsh\飘花落叶言子楪苏哲兰世.smali	272	1e061d240c1f15	msgList
smali_classes2\bsh\飘花落叶言子楪苏哲兰世.smali	838	171019111518	decypt
smali_classes2\bsh\飘花落叶言子楪苏哲兰世.smali	1280	01060a2a0a0818	rspBody
smali_classes2\bsh\飘花落叶言子楪苏哲兰世.smali	1665	01100e0b0a0804	retcode
smali_classes2\bsh\飘花落叶言子楪苏哲兰世.smali	2118	171019111518	decypt
smali_classes2\com\bumptech\glide\飘花落叶言子楪世兰哲苏.smali	6765	5c	/
smali_classes2\com\bumptech\glide\飘花落叶言子楪世兰哲苏.smali	6769	1b010e18	http
smali_classes2\com\bumptech\glide\飘花落叶言子楪世兰哲苏.smali	6942	5d	.
smali_classes2\com\bumptech\glide\飘花落叶言子楪世兰哲苏.smali	7005	5d05140f	.png
smali_classes2\com\bumptech\glide\飘花落叶言子楪世兰哲苏.smali	7292	35333e50232a	FFD8FF
smali_classes2\com\bumptech\glide\飘花落叶言子楪世兰哲苏.smali	7316	5d1f0a0f	.jpg
smali_classes2\com\bumptech\glide\飘花落叶言子楪世兰哲苏.smali	7332	4b4c4f585129	89504E
smali_classes2\com\bumptech\glide\飘花落叶言子楪世兰哲苏.smali	7356	5d05140f	.png
smali_classes2\com\bumptech\glide\飘花落叶言子楪世兰哲苏.smali	7372	47424e51515a	474946
smali_classes2\com\bumptech\glide\飘花落叶言子楪世兰哲苏.smali	7396	5d12130e	.gif
smali_classes2\com\bumptech\glide\飘花落叶言子楪世兰哲苏.smali	7412	474c4e51572d	49492A
smali_classes2\com\bumptech\glide\飘花落叶言子楪世兰哲苏.smali	7436	5d01130e	.tif
smali_classes2\com\bumptech\glide\飘花落叶言子楪世兰哲苏.smali	7452	47474e2c	424D
smali_classes2\com\bumptech\glide\飘花落叶言子楪世兰哲苏.smali	7476	5d171718	.bmp
smali_classes2\com\bumptech\glide\飘花落叶言子楪世兰哲苏.smali	7492	47444e5b565d	414331
smali_classes2\com\bumptech\glide\飘花落叶言子楪世兰哲苏.smali	7516	5d110d0f	.dwg
smali_classes2\com\bumptech\glide\飘花落叶言子楪世兰苏哲.smali	924	17101c09100015	default
smali_classes2\com\bumptech\glide\飘花落叶言子楪世兰苏哲.smali	936	1a11	id
smali_classes2\com\bumptech\glide\飘花落叶言子楪世兰苏哲.smali	984	071a110d0b	token
smali_classes2\com\bumptech\glide\飘花落叶言子楪世兰苏哲.smali	996	181003	key
smali_classes2\com\bumptech\glide\飘花落叶言子楪世兰苏哲.smali	3316	5c24291c0a1e18	/QStory
smali_classes2\com\bumptech\glide\飘花落叶言子楪世兰苏哲.smali	3401	5c161b0b0d094e	/cache/
smali_classes2\com\bumptech\glide\飘花落叶言子楪世兰苏哲.smali	3478	43	0
smali_classes2\com\bumptech\glide\飘花落叶言子楪世兰苏哲.smali	3537	17101c09100015	default
smali_classes2\com\bumptech\glide\飘花落叶言子楪世兰苏哲.smali	3549	1a11	id
smali_classes2\com\bumptech\glide\飘花落叶言子楪世兰苏哲.smali	3609	181003	key
smali_classes2\com\bumptech\glide\飘花落叶言子楪世兰苏哲.smali	3623	070c0a0d	type
smali_classes2\com\bumptech\glide\飘花落叶言子楪世兰苏哲.smali	3858	17101c09100015	default
smali_classes2\com\bumptech\glide\飘花落叶言子楪世兰苏哲.smali	3870	1a11	id
smali_classes2\com\bumptech\glide\飘花落叶言子楪世兰苏哲.smali	3918	071a110d0b	token
smali_classes2\com\bumptech\glide\飘花落叶言子楪世兰苏哲.smali	3930	181003	key
smali_classes2\com\bumptech\glide\飘花落叶言子楪世兰苏哲.smali	3944	070c0a0d	type
smali_classes2\com\bumptech\glide\飘花落叶言子楪世兰苏哲.smali	4130	03140f1b0008	paused
smali_classes2\com\bumptech\glide\飘花落叶言子楪苏世哲兰.smali	9772	11001c0e001e	buffer
smali_classes2\com\bumptech\glide\飘花落叶言子楪苏世哲兰.smali	9781	0314080908	param
smali_classes2\com\bumptech\glide\飘花落叶言子楪苏世哲兰.smali	11071	11001c0e001e	buffer
smali_classes2\com\bumptech\glide\飘花落叶言子楪苏世哲兰.smali	11080	0314080908	param
smali_classes2\com\bumptech\glide\飘花落叶言子楪苏世哲兰.smali	11167	1a1b1c07	info
smali_classes2\com\bumptech\glide\飘花落叶言子楪苏世哲兰.smali	11370	1e061d210b0a0e	msgInfo
smali_classes2\com\bumptech\glide\飘花落叶言子楪苏世哲兰.smali	13173	3e314f	MD5
smali_classes2\com\bumptech\glide\飘花落叶言子楪苏哲兰世.smali	257	23140809081f	Params
smali_classes2\com\bumptech\glide\飘花落叶言子楪苏哲兰世.smali	514	23140809081f	Params
smali_classes2\com\google\android\material\textfield\飘花落叶言子楪世苏哲兰.smali	76	001c000d	size
smali_classes2\com\google\android\material\textfield\飘花落叶言子楪世苏哲兰.smali	95	101a141c001415	context
smali_classes2\com\google\android\material\textfield\飘花落叶言子楪世苏哲兰.smali	114	96faec8ed3e4	取消
smali_classes2\com\google\android\material\textfield\飘花落叶言子楪世苏哲兰.smali	1364	03071f0e0c14	prefix
smali_classes2\com\google\android\material\textfield\飘花落叶言子楪世苏哲兰.smali	1413	00001c0e0c14	suffix
smali_classes2\com\google\android\material\textfield\飘花落叶言子楪世苏哲兰.smali	1731	00001705041e18	summary
smali_classes2\com\google\android\material\textfield\飘花落叶言子楪世苏哲兰.smali	1896	27343d	TAG
smali_classes2\com\google\android\material\textfield\飘花落叶言子楪世苏哲兰.smali	2285	94d4d48dcbf6	确定
smali_classes2\com\google\android\material\textfield\飘花落叶言子楪世苏哲兰.smali	3014	97cae78dc8f4	保存
smali_classes2\com\google\android\material\textfield\飘花落叶言子楪世苏哲兰.smali	3186	34071b0a2d0e	GrabHb
smali_classes2\com\google\android\material\textfield\飘花落叶言子楪世苏哲兰.smali	3514	171016091c	delay
smali_classes2\com\google\gson\internal\飘花落叶言子楪世哲苏兰.smali	235	12012e111509	atType
smali_classes2\com\google\gson\internal\飘花落叶言子楪世哲苏兰.smali	461	101a141c000215	content
smali_classes2\io\ktor\client\plugins\飘花落叶言子楪哲兰苏世.smali	629	79	\n
smali_classes2\io\ktor\client\plugins\飘花落叶言子楪哲兰苏世.smali	6739	79	\n
smali_classes2\io\ktor\server\http\content\飘花落叶言子楪苏哲世兰.smali	289	101a141c000215	content
smali_classes2\io\ktor\server\http\content\飘花落叶言子楪苏哲世兰.smali	530	120125040c1f15	at_list
smali_classes2\io\ktor\server\http\content\飘花落叶言子楪苏哲世兰.smali	542	1119150b0e	block
smali_classes2\io\ktor\server\http\content\飘花落叶言子楪苏哲世兰.smali	730	1407151d15	group
smali_classes2\io\ktor\util\飘花落叶言子楪世哲苏兰.smali	223	1a01	it
smali_classes2\io\ktor\util\飘花落叶言子楪世哲苏兰.smali	721	06	u
smali_classes2\io\ktor\util\飘花落叶言子楪世哲苏兰.smali	733	05	v
smali_classes2\kotlin\collections\飘花落叶言子世苏楪哲兰.smali	275	5c2315010609	/Voice
smali_classes2\kotlin\collections\飘花落叶言子世苏楪哲兰.smali	5633	5b4453	(1)
smali_classes2\kotlin\collections\飘花落叶言子世苏楪哲兰.smali	5680	5b	(
smali_classes2\kotlin\collections\飘花落叶言子世苏楪哲兰.smali	5704	5a	)
smali_classes2\kotlin\reflect\jvm\internal\impl\descriptors\飘花落叶言子楪兰哲世苏.smali	33	02060e071715	qstory
smali_classes2\kotlin\reflect\jvm\internal\impl\descriptors\飘花落叶言子楪兰哲世苏.smali	593	101a1e0d	code
smali_classes2\kotlin\reflect\jvm\internal\impl\descriptors\飘花落叶言子楪兰哲世苏.smali	621	17140e09	data
smali_classes2\kotlin\reflect\jvm\internal\impl\descriptors\飘花落叶言子楪兰哲世苏.smali	661	061c14	uin
smali_classes2\kotlin\reflect\jvm\internal\impl\descriptors\飘花落叶言子楪兰哲世苏.smali	775	49	:
smali_classes2\kotlin\reflect\jvm\internal\impl\descriptors\飘花落叶言子楪兰哲世苏.smali	1256	000719	src
smali_classes2\kotlin\reflect\jvm\internal\impl\descriptors\飘花落叶言子楪兰哲世苏.smali	1345	17060e	dst
smali_classes2\kotlin\reflect\jvm\internal\impl\types\飘花落叶言子世哲楪苏兰.smali	119	1e114f	md5
smali_classes2\kotlin\reflect\jvm\internal\types\飘花落叶言子楪世兰苏哲.smali	6860	171a123d1700	dohUrl
smali_classes2\kotlin\reflect\jvm\internal\飘花落叶言楪子世哲兰苏.smali	5013	3f14180d09	Label
smali_classes2\kotlin\text\飘花落叶言子楪哲苏兰世.smali	866	1119150b0e	block
smali_classes2\kotlin\text\飘花落叶言子楪哲苏兰世.smali	893	070c0a0d	type
smali_classes2\kotlin\text\飘花落叶言子楪哲苏兰世.smali	905	0710021c	text
smali_classes2\kotlinx\serialization\protobuf\internal\飘花落叶言子楪兰世苏哲.smali	663	0345	p0
smali_classes2\kotlinx\serialization\protobuf\internal\飘花落叶言子楪兰世苏哲.smali	672	0344	p1
smali_classes2\kotlinx\serialization\protobuf\internal\飘花落叶言子楪兰世苏哲.smali	728	10141604	call
smali_classes2\kotlinx\serialization\protobuf\internal\飘花落叶言子楪兰世苏哲.smali	860	79	\n
smali_classes2\kotlinx\serialization\protobuf\internal\飘花落叶言子楪兰世苏哲.smali	924	53170348	 by 
smali_classes2\kotlinx\serialization\protobuf\internal\飘花落叶言子楪兰世苏哲.smali	993	94d4d48dcbf6	确定
smali_classes2\kotlinx\serialization\protobuf\internal\飘花落叶言子楪兰世苏哲.smali	2186	17140e09	data
smali_classes2\kotlinx\serialization\protobuf\internal\飘花落叶言子楪兰世苏哲.smali	2337	17140e09	data
smali_classes2\lin\xposed\hook\javaplugin\JavaPluginLoad.smali	24	23190f0f0c02	Plugin
smali_classes2\lin\xposed\hook\javaplugin\JavaPluginLoad.smali	71	5c25161d02050f	/Plugin
smali_classes2\lin\xposed\hook\javaplugin\OnMsgMenuCreateAPI.smali	497	00100e25000214	setMenu
smali_classes2\lin\xposed\hook\javaplugin\PluginCallback.smali	489	1c1b371b02	onMsg
smali_classes2\lin\xposed\hook\javaplugin\PluginCallback.smali	655	14100e25160b	getMsg
smali_classes2\lin\xposed\hook\javaplugin\PluginMenuFloatingWindow.smali	270	001d151f4514	show x
smali_classes2\lin\xposed\hook\javaplugin\PluginMenuFloatingWindow.smali	313	001d151f4515	show y
smali_classes2\lin\xposed\hook\javaplugin\PluginMenuFloatingWindow.smali	494	001d151f4514	show x
smali_classes2\lin\xposed\hook\javaplugin\PluginMenuFloatingWindow.smali	527	001d151f4515	show y
smali_classes2\lin\xposed\hook\javaplugin\PluginMessageCallbackAPI.smali	330	12012e111509	atType
smali_classes2\lin\xposed\hook\javaplugin\PluginMessageCallbackAPI.smali	366	1201341c300505	atNtUid
smali_classes2\lin\xposed\hook\javaplugin\PluginMessageCallbackAPI.smali	702	2e	]
smali_classes2\lin\xposed\hook\javaplugin\PluginMessageCallbackAPI.smali	1365	5c050e1c4a	/ptt/
smali_classes2\lin\xposed\hook\javaplugin\PluginMessageCallbackAPI.smali	1494	01101907170812	records
smali_classes2\lin\xposed\hook\javaplugin\PluginMessageCallbackAPI.smali	1880	1e061d3c0c0104	msgTime
smali_classes2\lin\xposed\hook\javaplugin\PluginMessageCallbackAPI.smali	1912	03101f1a300505	peerUid
smali_classes2\lin\xposed\hook\javaplugin\PluginMessageCallbackAPI.smali	2033	03101f1a30050f	peerUin
smali_classes2\lin\xposed\hook\javaplugin\PluginOutput.smali	49	79	\n
smali_classes2\lin\xposed\hook\javaplugin\PluginOutput.smali	214	79	\n
smali_classes2\lin\xposed\hook\javaplugin\api\QQNTPluginMethod.smali	340	1e061d2101	msgId
smali_classes2\lin\xposed\hook\javaplugin\api\QQNTPluginMethod.smali	605	1e061d2101	msgId
smali_classes2\lin\xposed\hook\javaplugin\api\QQNTPluginMethod.smali	1338	2f09	\|
smali_classes2\lin\xposed\hook\javaplugin\api\QQNTPluginMethod.smali	1692	1407151d15	group
smali_classes2\lin\xposed\hook\javaplugin\api\QQNTPluginMethod.smali	1706	061c14	uin
smali_classes2\lin\xposed\hook\javaplugin\api\QQNTPluginMethod.smali	2053	011a160d	role
smali_classes2\lin\xposed\hook\javaplugin\api\QQNTPluginMethod.smali	2077	3e30372a203e	MEMBER
smali_classes2\lin\xposed\hook\javaplugin\api\QQNTPluginMethod.smali	2101	3c22342d37	OWNER
smali_classes2\lin\xposed\hook\javaplugin\api\QQNTPluginMethod.smali	2133	323137212b	ADMIN
smali_classes2\lin\xposed\hook\javaplugin\api\QQNTPluginMethod.smali	2248	101a141c040f15	contact
smali_classes2\lin\xposed\hook\javaplugin\api\QQNTPluginMethod.smali	2781	061c1e	uid
smali_classes2\lin\xposed\hook\javaplugin\api\QQNTPluginMethod.smali	2909	061c14	uin
smali_classes2\lin\xposed\hook\javaplugin\api\QQNTPluginMethod.smali	2947	1d1c1903	nick
smali_classes2\lin\xposed\hook\javaplugin\api\QQNTPluginMethod.smali	2981	011017091707	remark
smali_classes2\lin\xposed\hook\javaplugin\api\QQNTPluginMethod.smali	3015	12121f	age
smali_classes2\lin\xposed\hook\javaplugin\api\QQNTPluginMethod.smali	3061	001002	sex
smali_classes2\lin\xposed\hook\javaplugin\api\QQNTPluginMethod.smali	3981	1b010e18	http
smali_classes2\lin\xposed\hook\javaplugin\api\QQNTPluginMethod.smali	4289	3216190d1518	Accept
smali_classes2\lin\xposed\hook\javaplugin\api\QQNTPluginMethod.smali	4301	595a50	*/*
smali_classes2\lin\xposed\hook\javaplugin\api\QQNTPluginMethod.smali	4417	1b010e18	http
smali_classes2\lin\xposed\hook\javaplugin\api\QQNTPluginMethod.smali	4661	1b010e18	http
smali_classes2\lin\xposed\hook\javaplugin\api\QQNTPluginMethod.smali	5591	1e061d3b001d	msgSeq
smali_classes2\lin\xposed\hook\javaplugin\api\QQNTPluginMethod.smali	5796	1e061d2101	msgId
smali_classes2\lin\xposed\hook\javaplugin\api\QQNTPluginMethod.smali	6544	1e061d2101	msgId
smali_classes2\lin\xposed\hook\javaplugin\api\QQNTPluginMethod.smali	6743	00001705041e18	summary
smali_classes2\lin\xposed\hook\javaplugin\api\QQNTPluginMethod.smali	6884	0707150715	troop
smali_classes2\lin\xposed\hook\javaplugin\api\QQNTPluginMethod.smali	6898	1e10170a001e	member
smali_classes2\lin\xposed\hook\javaplugin\api\QQNTPluginMethod.smali	6912	1d1c1903	nick
smali_classes2\lin\xposed\hook\javaplugin\api\QQNTPluginMethod.smali	7023	1d14170d	name
smali_classes2\lin\xposed\hook\javaplugin\api\QQNTPluginMethod.smali	7170	42	1
smali_classes2\lin\xposed\hook\javaplugin\api\QQNTPluginMethod.smali	7178	0707150715	troop
smali_classes2\lin\xposed\hook\javaplugin\api\QQNTPluginMethod.smali	7192	061c14	uin
smali_classes2\lin\xposed\hook\javaplugin\api\QQNTPluginMethod.smali	7206	071c0e0400	title
smali_classes2\lin\xposed\hook\javaplugin\api\QQNTPluginMethod.smali	7392	41	2
smali_classes2\lin\xposed\hook\javaplugin\api\QQNTPluginMethod.smali	7496	46	5
smali_classes2\lin\xposed\hook\javaplugin\api\QQNTPluginMethod.smali	7513	45	6
smali_classes2\lin\xposed\hook\javaplugin\api\QQNTPluginMethod.smali	7545	44	7
smali_classes2\lin\xposed\hook\javaplugin\api\QQNTPluginMethod.smali	7562	40	3
smali_classes2\lin\xposed\hook\javaplugin\api\QQNTPluginMethod.smali	7579	47	4
smali_classes2\lin\xposed\hook\javaplugin\controller\AutoLoadPlugin.smali	437	5c25161d02050f	/Plugin
smali_classes2\lin\xposed\hook\javaplugin\controller\FixClassLoader.smali	211	1d14170d	name
smali_classes2\lin\xposed\hook\javaplugin\controller\FixClassLoader.smali	320	1d14170d	name
smali_classes2\lin\xposed\hook\javaplugin\controller\FixClassLoader.smali	440	1d14170d	name
smali_classes2\lin\xposed\hook\javaplugin\controller\FixClassLoader.smali	608	1d14170d	name
smali_classes2\lin\xposed\hook\javaplugin\controller\PluginLoader.smali	220	03000e210b18	putInt
smali_classes2\lin\xposed\hook\javaplugin\controller\PluginLoader.smali	312	03000e240a0206	putLong
smali_classes2\lin\xposed\hook\javaplugin\controller\PluginLoader.smali	438	14100e210b18	getInt
smali_classes2\lin\xposed\hook\javaplugin\controller\PluginLoader.smali	522	14100e240a0206	getLong
smali_classes2\lin\xposed\hook\javaplugin\controller\PluginLoader.smali	1538	1b010e18220915	httpGet
smali_classes2\lin\xposed\hook\javaplugin\controller\PluginLoader.smali	1877	12111e2111090c	addItem
smali_classes2\lin\xposed\hook\javaplugin\controller\PluginLoader.smali	2277	071a1b1b11	toast
smali_classes2\lin\xposed\hook\javaplugin\controller\PluginLoader.smali	2364	1f1a1b0c	load
smali_classes2\lin\xposed\hook\javaplugin\controller\PluginLoader.smali	2410	1f1a1b0c210919	loadDex
smali_classes2\lin\xposed\hook\javaplugin\controller\PluginLoader.smali	2452	1f1a1b0c2f0d13	loadJar
smali_classes2\lin\xposed\hook\javaplugin\controller\PluginLoader.smali	2494	1f1a1b0c240d13	loadAar
smali_classes2\lin\xposed\hook\javaplugin\controller\PluginLoader.smali	2536	16031b04	eval
smali_classes2\lin\xposed\hook\javaplugin\controller\PluginLoader.smali	2578	1607080717	error
smali_classes2\lin\xposed\hook\javaplugin\controller\PluginLoader.smali	2624	1f1a1d	log
smali_classes2\lin\xposed\hook\javaplugin\controller\PluginLoader.smali	2819	101a141c001415	context
smali_classes2\lin\xposed\hook\javaplugin\controller\PluginLoader.smali	2869	1f1a1b0c001e	loader
smali_classes2\lin\xposed\hook\javaplugin\controller\PluginLoader.smali	2898	12050a38041809	appPath
smali_classes2\lin\xposed\hook\javaplugin\controller\PluginLoader.smali	2927	1e0c2f010b	myUin
smali_classes2\lin\xposed\hook\javaplugin\controller\PluginLoader.smali	3072	14100e3b0e0918	getSkey
smali_classes2\lin\xposed\hook\javaplugin\controller\PluginLoader.smali	3228	14100e2a2e22	getBKN
smali_classes2\lin\xposed\hook\javaplugin\controller\PluginLoader.smali	3270	14100e2f3127	getGTK
smali_classes2\lin\xposed\hook\javaplugin\controller\PluginLoader.smali	3319	0010140c281f06	sendMsg
smali_classes2\lin\xposed\hook\javaplugin\controller\PluginLoader.smali	3369	0010140c350502	sendPic
smali_classes2\lin\xposed\hook\javaplugin\controller\PluginLoader.smali	3667	0010140c350d08	sendPai
smali_classes2\lin\xposed\hook\javaplugin\controller\PluginLoader.smali	4083	0010140c310511	sendTip
smali_classes2\lin\xposed\hook\javaplugin\controller\PluginLoader.smali	4132	00100e2b041e05	setCard
smali_classes2\lin\xposed\hook\javaplugin\controller\PluginLoader.smali	4358	181c1903	kick
smali_classes2\lin\xposed\hook\javaplugin\controller\PluginLoader.smali	4785	1c1b36070408	onLoad
smali_classes2\lin\xposed\hook\javaplugin\controller\PluginManager.smali	92	5b	(
smali_classes2\lin\xposed\hook\javaplugin\controller\PluginManager.smali	117	5a	)
smali_classes2\lin\xposed\hook\javaplugin\controller\PluginManager.smali	177	0a0c031148	yyyy-
smali_classes2\lin\xposed\hook\javaplugin\controller\PluginManager.smali	1122	1a11	id
smali_classes2\lin\xposed\hook\javaplugin\controller\PluginManager.smali	1150	5e	-
smali_classes2\lin\xposed\hook\javaplugin\controller\PluginManager.smali	1183	1d14170d	name
smali_classes2\lin\xposed\hook\javaplugin\controller\PluginManager.smali	1208	12000e000a1e	author
smali_classes2\lin\xposed\hook\javaplugin\controller\PluginManager.smali	1233	0510081b0c030f	version
smali_classes2\lin\xposed\hook\javaplugin\controller\PluginManager.smali	1258	17140e0d	date
smali_classes2\lin\xposed\hook\javaplugin\controller\PluginManager.smali	1283	07141d1b	tags
smali_classes2\lin\xposed\hook\javaplugin\controller\PluginManager.smali	1380	1a181b0f001f	images
smali_classes2\lin\xposed\hook\javaplugin\controller\PluginManager.smali	1445	1a161506	icon
smali_classes2\lin\xposed\hook\javaplugin\dialog\PluginDialog.smali	124	17140e0d	date
smali_classes2\lin\xposed\hook\javaplugin\dialog\PluginDialog.smali	1334	5c25161d02050f	/Plugin
smali_classes2\lin\xposed\hook\javaplugin\dialog\飘花落叶言子楪世哲苏兰.smali	89	101a141c001415	context
smali_classes2\lin\xposed\hook\javaplugin\dialog\飘花落叶言子楪世哲苏兰.smali	521	5c25130b4a	/Pic/
smali_classes2\lin\xposed\hook\javaplugin\dialog\飘花落叶言子楪世哲苏兰.smali	1140	171016091c	delay
smali_classes2\lin\xposed\hook\javaplugin\online\OnlinePluginTool.smali	478	3216190d1518	Accept
smali_classes2\lin\xposed\hook\javaplugin\online\OnlinePluginTool.smali	490	595a50	*/*
smali_classes2\lin\xposed\hook\javaplugin\online\OnlinePluginTool.smali	587	17140e09	data
smali_classes2\lin\xposed\hook\javaplugin\online\upload\NetUploadPlugin.smali	147	95e9d08ffac9	未知
smali_classes2\lin\xposed\hook\javaplugin\online\upload\NetUploadPlugin.smali	203	070c0a0d	type
smali_classes2\lin\xposed\hook\javaplugin\online\upload\NetUploadPlugin.smali	329	233a293c	POST
smali_classes2\lin\xposed\hook\javaplugin\online\upload\NetUploadPlugin.smali	358	321b1e1a0a0505	Android
smali_classes2\lin\xposed\hook\javaplugin\online\upload\NetUploadPlugin.smali	400	3216190d1518	Accept
smali_classes2\lin\xposed\hook\javaplugin\online\upload\NetUploadPlugin.smali	412	595a50	*/*
smali_classes2\lin\xposed\hook\javaplugin\online\upload\NetUploadPlugin.smali	501	51	"
smali_classes2\lin\xposed\hook\javaplugin\online\upload\NetUploadPlugin.smali	561	101a1e0d	code
smali_classes2\lin\xposed\hook\javaplugin\online\upload\NetUploadPlugin.smali	593	17140e09	data
smali_classes2\lin\xposed\hook\javaplugin\online\upload\NetUploadPlugin.smali	637	1e10091b040b04	message
smali_classes2\lin\xposed\hook\javaplugin\online\upload\NetUploadPlugin.smali	783	071a110d0b	token
smali_classes2\lin\xposed\hook\javaplugin\online\upload\NetUploadPlugin.smali	800	233a293c	POST
smali_classes2\lin\xposed\hook\javaplugin\online\upload\NetUploadPlugin.smali	829	321b1e1a0a0505	Android
smali_classes2\lin\xposed\hook\javaplugin\online\upload\NetUploadPlugin.smali	871	3216190d1518	Accept
smali_classes2\lin\xposed\hook\javaplugin\online\upload\NetUploadPlugin.smali	883	595a50	*/*
smali_classes2\lin\xposed\hook\javaplugin\online\upload\NetUploadPlugin.smali	972	51	"
smali_classes2\lin\xposed\hook\javaplugin\online\upload\NetUploadPlugin.smali	1029	101a1e0d	code
smali_classes2\lin\xposed\hook\javaplugin\online\upload\NetUploadPlugin.smali	1061	17140e09	data
smali_classes2\lin\xposed\hook\javaplugin\online\upload\NetUploadPlugin.smali	1085	1e10091b040b04	message
smali_classes2\lin\xposed\hook\javaplugin\online\upload\NetUploadPlugin.smali	1227	151c160d	file
smali_classes2\lin\xposed\hook\javaplugin\online\upload\NetUploadPlugin.smali	1369	071a110d0b	token
smali_classes2\lin\xposed\hook\javaplugin\online\upload\NetUploadPlugin.smali	1386	3216190d1518	Accept
smali_classes2\lin\xposed\hook\javaplugin\online\upload\NetUploadPlugin.smali	1398	595a50	*/*
smali_classes2\lin\xposed\hook\javaplugin\online\upload\NetUploadPlugin.smali	1533	101a1e0d	code
smali_classes2\lin\xposed\hook\javaplugin\online\upload\NetUploadPlugin.smali	1565	17140e09	data
smali_classes2\lin\xposed\hook\javaplugin\online\upload\NetUploadPlugin.smali	1589	1e10091b040b04	message
smali_classes2\lin\xposed\hook\javaplugin\online\upload\NetUploadPlugin.smali	1923	233a293c	POST
smali_classes2\lin\xposed\hook\javaplugin\online\upload\NetUploadPlugin.smali	1965	3216190d1518	Accept
smali_classes2\lin\xposed\hook\javaplugin\online\upload\NetUploadPlugin.smali	1977	595a50	*/*
smali_classes2\lin\xposed\hook\javaplugin\online\upload\NetUploadPlugin.smali	2023	071a110d0b	token
smali_classes2\lin\xposed\hook\javaplugin\online\upload\NetUploadPlugin.smali	2083	51	"
smali_classes2\lin\xposed\hook\javaplugin\online\upload\NetUploadPlugin.smali	2140	101a1e0d	code
smali_classes2\lin\xposed\hook\javaplugin\online\upload\NetUploadPlugin.smali	2172	17140e09	data
smali_classes2\lin\xposed\hook\javaplugin\online\upload\NetUploadPlugin.smali	2196	1e10091b040b04	message
smali_classes2\lin\xposed\hook\javaplugin\online\upload\OkHttpClientBuilder.smali	224	202636	SSL
smali_classes2\lin\xposed\hook\javaplugin\online\upload\UploadPlugin$exceptionHandler$1$1.smali	131	94d4d48dcbf6	确定
smali_classes2\lin\xposed\hook\javaplugin\online\upload\UploadPlugin$upload$1$1.smali	276	94d4d48dcbf6	确定
smali_classes2\lin\xposed\hook\javaplugin\online\upload\UploadPlugin$upload$1.smali	287	23190f0f0c02	Plugin
smali_classes2\lin\xposed\hook\javaplugin\online\upload\UploadPlugin$upload$1.smali	348	5c25161d02050f	/Plugin
smali_classes2\lin\xposed\hook\javaplugin\online\upload\UploadPlugin$upload$1.smali	636	5d0f1318	.zip
smali_classes2\lin\xposed\hook\javaplugin\online\upload\UploadPlugin.smali	261	151c160d	file
smali_classes2\lin\xposed\hook\javaplugin\online\upload\UploadPlugin.smali	395	03190f0f0c02	plugin
smali_classes2\lin\xposed\hook\javaplugin\util\PluginDemoBuildUtil.smali	52	3e314f	MD5
smali_classes2\lin\xposed\hook\javaplugin\util\PluginDemoBuildUtil.smali	177	56454810	%02x
smali_classes2\lin\xposed\hook\javaplugin\util\PluginDemoBuildUtil.smali	328	5c25161d02050f	/Plugin
smali_classes2\lin\xposed\hook\javaplugin\util\PluginDemoBuildUtil.smali	541	5e	-
smali_classes2\lin\xposed\hook\javaplugin\util\PluginDemoBuildUtil.smali	565	1d14170d	name
smali_classes2\lin\xposed\hook\javaplugin\util\PluginDemoBuildUtil.smali	594	1a11	id
smali_classes2\lin\xposed\hook\javaplugin\util\PluginDemoBuildUtil.smali	611	12000e000a1e	author
smali_classes2\lin\xposed\hook\javaplugin\util\PluginDemoBuildUtil.smali	640	0510081b0c030f	version
smali_classes2\lin\xposed\hook\javaplugin\util\PluginDemoBuildUtil.smali	652	425b4a	1.0
smali_classes2\lin\xposed\hook\javaplugin\util\PluginDemoBuildUtil.smali	669	17140e0d	date
smali_classes2\lin\xposed\hook\javaplugin\util\PluginDemoBuildUtil.smali	698	070c0a0d	type
smali_classes2\lin\xposed\hook\javaplugin\util\PluginDemoBuildUtil.smali	710	42	1
smali_classes2\lin\xposed\hook\javaplugin\util\PluginDemoBuildUtil.smali	727	07141d1b	tags
smali_classes2\lin\xposed\hook\javaplugin\util\PluginDemoBuildUtil.smali	863	5c25161d02050f	/Plugin
smali_classes2\lin\xposed\hook\javaplugin\util\PluginMessageTool.smali	162	4341485c	0424
smali_classes2\lin\xposed\hook\javaplugin\util\PluginMessageTool.smali	228	43474a5c	0204
smali_classes2\lin\xposed\hook\javaplugin\util\PluginMessageTool.smali	522	43414259245a	0481A6
smali_classes2\lin\xposed\hook\javaplugin\util\PluginMessageTool.smali	588	43474a5c	0204
smali_classes2\lin\xposed\hook\javaplugin\util\PluginMessageTool.smali	706	5d180a5c	.mp4
smali_classes2\lin\xposed\hook\javaplugin\util\PluginSendMsgTool$FindResult.smali	176	5f55110d1c5146	, key='
smali_classes2\lin\xposed\hook\javaplugin\util\PluginSendMsgTool.smali	291	03101f1a300505	peerUid
smali_classes2\lin\xposed\hook\javaplugin\util\PluginSendMsgTool.smali	440	03101f1a300505	peerUid
smali_classes2\lin\xposed\hook\javaplugin\util\PluginSendMsgTool.smali	635	231c193d1700	PicUrl
smali_classes2\lin\xposed\hook\javaplugin\util\PluginSendMsgTool.smali	692	32012b39	AtQQ
smali_classes2\lin\xposed\hook\javaplugin\util\PluginSendMsgTool.smali	724	43	0
smali_classes2\lin\xposed\hook\javaplugin\util\PluginSendMsgTool.smali	972	4e	=
smali_classes2\lin\xposed\hook\javaplugin\util\PluginSendMsgTool.smali	1075	28	[
smali_classes2\lin\xposed\hook\javaplugin\util\PluginSendMsgTool.smali	1097	2e	]
smali_classes2\lin\xposed\hook\javaplugin\view\DownloadPluginItemView.smali	155	03190f0f0c02	plugin
smali_classes2\lin\xposed\hook\javaplugin\view\DownloadPluginItemView.smali	184	1c1b16010b094c	online-
smali_classes2\lin\xposed\hook\javaplugin\view\DownloadPluginItemView.smali	206	5d0f1318	.zip
smali_classes2\lin\xposed\hook\javaplugin\view\DownloadPluginItemView.smali	271	5c25161d02050f	/Plugin
smali_classes2\lin\xposed\hook\javaplugin\view\DownloadPluginItemView.smali	923	97c8e680e5e95b	作者:
smali_classes2\lin\xposed\hook\javaplugin\view\DownloadPluginItemView.smali	975	94dbfa8cdee75b	简介:
smali_classes2\lin\xposed\hook\javaplugin\view\DownloadPluginItemView.smali	1027	94fcf28ef9c05b	版本:
smali_classes2\lin\xposed\hook\javaplugin\view\DownloadPluginItemView.smali	1079	3a3140	ID:
smali_classes2\lin\xposed\hook\javaplugin\view\PluginItemView.smali	1458	96d1f78dedda	复制
smali_classes2\lin\xposed\hook\javaplugin\view\PluginItemView.smali	1487	96f0c981f2c1	关闭
smali_classes2\lin\xposed\hook\javaplugin\view\PluginItemView.smali	1623	94d4d48dcbf6	确定
smali_classes2\lin\xposed\hook\javaplugin\view\PluginItemView.smali	1652	96faec8ed3e4	取消
smali_classes2\lin\xposed\hook\javaplugin\view\PluginItemView.smali	1745	94d4d48dcbf6	确定
smali_classes2\lin\xposed\hook\javaplugin\view\PluginItemView.smali	1774	96faec8ed3e4	取消
smali_classes2\lin\xposed\hook\javaplugin\view\PluginItemView.smali	2099	94fcf28ef9c05b	版本:
smali_classes2\lin\xposed\hook\javaplugin\view\PluginItemView.smali	2151	97c8e680e5e95b	作者:
smali_classes2\lin\xposed\hook\javaplugin\view\PluginItemView.smali	2233	95d5fd8fc8d25b	标签:
smali_classes2\lin\xposed\hook\javaplugin\view\PluginItemView.smali	2298	3a3140	ID:
smali_classes2\lin\xposed\hook\javaplugin\view\PluginItemView.smali	3398	97cdf08cd9cc	上传
smali_classes2\lin\xposed\hook\javaplugin\view\PluginItemView.smali	3410	96fdda81fcc8	删除
smali_classes2\lin\xposed\hook\javaplugin\view\PluginItemView.smali	3422	96faec8ed3e4	取消
smali_classes2\lin\xposed\hook\javaplugin\view\飘花落叶言子楪苏世兰哲.smali	298	96fdda81fcc8	删除
smali_classes2\lin\xposed\hook\javaplugin\view\飘花落叶言子楪苏世兰哲.smali	350	96faec8ed3e4	取消
smali_classes2\lin\xposed\hook\javaplugin\view\飘花落叶言子楪苏世兰哲.smali	1085	43	0
smali_classes2\lin\xposed\hook\javaplugin\view\飘花落叶言子楪苏世兰哲.smali	1199	5c	/
smali_classes2\lin\xposed\hook\javaplugin\view\飘花落叶言子楪苏世兰哲.smali	1398	00001705041e18	summary
smali_classes2\lin\xposed\hook\javaplugin\view\飘花落叶言子楪苏世哲兰.smali	433	96fdda81fcc8	删除
smali_classes2\lin\xposed\hook\javaplugin\view\飘花落叶言子楪苏世哲兰.smali	546	95e1c38df5e1	改名
smali_classes2\lin\xposed\hook\javaplugin\view\飘花落叶言子楪苏兰哲世.smali	59	5a5b5446	)...
smali_classes2\lin\xposed\hook\javaplugin\飘花落叶言子楪世苏哲兰.smali	1099	0314080908	param
smali_classes2\lin\xposed\hook\javaplugin\飘花落叶言子楪世苏哲兰.smali	1219	11001c0e001e	buffer
smali_classes2\lin\xposed\hook\util\qq\CreateElement.smali	31	1b010e185f	http:
smali_classes2\lin\xposed\hook\util\qq\CreateElement.smali	55	1b010e181656	https:
smali_classes2\lin\xposed\hook\util\qq\CreateElement.smali	124	1a181d	img
smali_classes2\lin\xposed\hook\util\qq\CreateElement.smali	149	5c	/
smali_classes2\lin\xposed\hook\util\qq\CreateElement.smali	254	5c050e1c4a	/ptt/
smali_classes2\lin\xposed\hook\util\qq\CreateElement.smali	287	1b010e185f	http:
smali_classes2\lin\xposed\hook\util\qq\CreateElement.smali	319	1b010e181656	https:
smali_classes2\lin\xposed\hook\util\qq\CreateElement.smali	448	5d141b0b	.aac
smali_classes2\lin\xposed\hook\util\qq\CreateElement.smali	534	051c1e0d0a	video
smali_classes2\lin\xposed\hook\util\qq\CreateElement.smali	559	5c	/
smali_classes2\lin\xposed\hook\util\qq\CreateElement.smali	592	1b010e185f	http:
smali_classes2\lin\xposed\hook\util\qq\CreateElement.smali	624	1b010e181656	https:
smali_classes2\lin\xposed\hook\util\qq\CreateElement.smali	753	5d180a5c	.mp4
smali_classes2\lin\xposed\hook\util\qq\CreateElement.smali	899	1c	o
smali_classes2\lin\xposed\hook\util\qq\CreateElement.smali	1081	33	@
smali_classes2\lin\xposed\hook\util\qq\CreateElement.smali	1093	43	0
smali_classes2\lin\xposed\hook\util\qq\CreateElement.smali	1407	1b010e185f434e	http://
smali_classes2\lin\xposed\hook\util\qq\CreateElement.smali	1473	1219130f0b	align
smali_classes2\lin\xposed\hook\util\qq\CreateElement.smali	1485	1010141c001e	center
smali_classes2\lin\xposed\hook\util\qq\CreateElement.smali	1511	101a16	col
smali_classes2\lin\xposed\hook\util\qq\CreateElement.smali	1531	1905	jp
smali_classes2\lin\xposed\hook\util\qq\CreateElement.smali	1548	070d0e	txt
smali_classes2\lin\xposed\hook\util\qq\CreateElement.smali	1565	070c0a0d	type
smali_classes2\lin\xposed\hook\util\qq\CreateElement.smali	1581	1d1a08	nor
smali_classes2\lin\xposed\hook\util\qq\CreateElement.smali	1606	060716	url
smali_classes2\lin\xposed\hook\util\qq\CreateElement.smali	1633	1a011f0516	items
smali_classes2\lin\xposed\hook\util\qq\Hook_cookie.smali	296	42	1
smali_classes2\lin\xposed\hook\util\qq\Hook_cookie.smali	313	43	0
smali_classes2\lin\xposed\hook\util\qq\Hook_cookie.smali	478	43	0
smali_classes2\lin\xposed\hook\util\qq\Hook_cookie.smali	521	1c	o
smali_classes2\lin\xposed\hook\util\qq\Hook_cookie.smali	696	121916	all
smali_classes2\lin\xposed\hook\util\qq\Hook_cookie.smali	1029	12	a
smali_classes2\lin\xposed\hook\util\qq\Hook_cookie.smali	1235	14100e3b0e0918	getSkey
smali_classes2\lin\xposed\hook\util\qq\QQEmotionUtils.smali	962	1618151c0c030f	emotion
smali_classes2\lin\xposed\hook\util\qq\QQEnvTool.smali	169	1a11	id
smali_classes2\lin\xposed\hook\util\qq\QQEnvTool.smali	216	14100e29151c	getApp
smali_classes2\lin\xposed\hook\util\qq\QQEnvTool.smali	1008	120513	api
smali_classes2\lin\xposed\hook\util\qq\QQFriendTool.smali	341	061c14550a	uin=o
smali_classes2\lin\xposed\hook\util\qq\QQFriendTool.smali	433	4855090300155c	; skey=
smali_classes2\lin\xposed\hook\util\qq\QQFriendTool.smali	640	17140e09	data
smali_classes2\lin\xposed\hook\util\qq\QQFriendTool.smali	887	061c14550a	uin=o
smali_classes2\lin\xposed\hook\util\qq\QQFriendTool.smali	991	4855090300155c	; skey=
smali_classes2\lin\xposed\hook\util\qq\QQFriendTool.smali	1204	17140e09	data
smali_classes2\lin\xposed\hook\util\qq\QQFriendTool.smali	1925	1f1c110d	like
smali_classes2\lin\xposed\hook\util\qq\QQMessageUtils.smali	1179	42414a5e	1406
smali_classes2\lin\xposed\hook\util\qq\QQMessageUtils.smali	1206	42414a5f	1407
smali_classes2\lin\xposed\hook\util\qq\QQMessageUtils.smali	1309	55060a0d065151	&spec=0
smali_classes2\lin\xposed\hook\util\qq\QQNTSendMsgUtils.smali	279	233a293c	POST
smali_classes2\lin\xposed\hook\util\qq\QQNTSendMsgUtils.smali	325	301a15030c09	Cookie
smali_classes2\lin\xposed\hook\util\qq\QQNTSendMsgUtils.smali	437	79	\n
smali_classes2\lin\xposed\hook\util\qq\QQNTSendMsgUtils.smali	858	0010140c281f06	sendMsg
smali_classes2\lin\xposed\hook\util\qq\QQNTSendMsgUtils.smali	1026	0010140c281f06	sendMsg
smali_classes2\lin\xposed\hook\util\qq\QQNTTroopTool.smali	386	120513	api
smali_classes2\lin\xposed\hook\util\qq\QQNTTroopTool.smali	1671	061c14	uin
smali_classes2\lin\xposed\hook\util\qq\QQNTTroopTool.smali	4244	17	d
smali_classes2\lin\xposed\hook\util\qq\QQSessionUtils.smali	40	1b	h
smali_classes2\lin\xposed\hook\util\qq\QQSessionUtils.smali	44	15	f
smali_classes2\lin\xposed\hook\util\qq\QQSessionUtils.smali	52	16	e
smali_classes2\lin\xposed\hook\util\qq\QQSessionUtils.smali	84	17	d
smali_classes2\lin\xposed\hook\util\qq\QQSessionUtils.smali	225	1a	i
smali_classes2\lin\xposed\hook\util\qq\QQSessionUtils.smali	330	14	g
smali_classes2\lin\xposed\hook\util\qq\QQSessionUtils.smali	398	1b	h
smali_classes2\lin\xposed\hook\util\qq\QQSessionUtils.smali	402	15	f
smali_classes2\lin\xposed\hook\util\qq\QQSessionUtils.smali	410	16	e
smali_classes2\lin\xposed\hook\util\qq\QQSessionUtils.smali	442	17	d
smali_classes2\lin\xposed\hook\util\qq\QQSessionUtils.smali	582	1a	i
smali_classes2\lin\xposed\hook\util\qq\QQSessionUtils.smali	686	14	g
smali_classes2\lin\xposed\hook\view\main\MainSettingActivity.smali	262	4f061f1c48535f	<set-?>
smali_classes2\lin\xposed\hook\view\main\MainSettingActivity.smali	381	222440	QQ:
smali_classes2\lin\xposed\hook\view\main\MainSettingActivity.smali	565	00100e1c0c0206	setting
smali_classes2\lin\xposed\hook\view\main\MainSettingActivity.smali	961	95faea8fc1d6	提示
smali_classes2\lin\xposed\hook\view\main\MainSettingActivity.smali	1078	4f061f1c48535f	<set-?>
smali_classes2\lin\xposed\hook\view\main\MainSettingActivity.smali	1242	101a141c001415	context
smali_classes2\lin\xposed\hook\view\main\MainSettingActivity.smali	2086	1d100d2a041f04	newBase
smali_classes2\lin\xposed\hook\view\main\MainSettingActivity.smali	2359	171c170d0b	dimen
smali_classes2\lin\xposed\hook\view\main\MainSettingActivity.smali	2371	121b1e1a0a0505	android
smali_classes2\lin\xposed\hook\view\main\MainSettingActivity.smali	2560	4f061f1c48535f	<set-?>
smali_classes2\lin\xposed\hook\view\main\MainSettingActivity.smali	2585	4f061f1c48535f	<set-?>
smali_classes2\lin\xposed\hook\view\main\MainSettingActivity.smali	2610	0710021c	text
smali_classes2\lin\xposed\hook\view\main\MainSettingActivity.smali	2644	4f061f1c48535f	<set-?>
smali_classes2\lin\xposed\hook\view\main\SearchHelper$MatchType.smali	144	3427353d35	GROUP
smali_classes2\lin\xposed\hook\view\main\itemview\CheckCommonGroup.smali	50	101a141c001415	context
smali_classes2\lin\xposed\hook\view\main\itemview\CheckCommonGroup.smali	127	96faec8ed3e4	取消
smali_classes2\lin\xposed\hook\view\main\itemview\CheckCommonGroup.smali	148	95eadf8eecd2	查找
smali_classes2\lin\xposed\hook\view\main\itemview\CheckCommonGroup.smali	473	060716	url
smali_classes2\lin\xposed\hook\view\main\itemview\ClearLoginInformation.smali	45	101a141c001415	context
smali_classes2\lin\xposed\hook\view\main\itemview\JumpDataCard.smali	51	101a141c001415	context
smali_classes2\lin\xposed\hook\view\main\itemview\JumpDataCard.smali	128	96f0c981f2c1	关闭
smali_classes2\lin\xposed\hook\view\main\itemview\JumpDataCard.smali	149	94d4d48dcbf6	确定
smali_classes2\lin\xposed\hook\view\main\itemview\ManageFriends.smali	45	101a141c001415	context
smali_classes2\lin\xposed\hook\view\main\itemview\ManageTroops.smali	45	101a141c001415	context
smali_classes2\lin\xposed\hook\view\main\itemview\NoticeLog.smali	45	101a141c001415	context
smali_classes2\lin\xposed\hook\view\main\itemview\Update$1$1.smali	211	06051e091109	update
smali_classes2\lin\xposed\hook\view\main\itemview\Update$1.smali	115	06051e091109	update
smali_classes2\lin\xposed\hook\view\main\itemview\Update.smali	133	4c	?
smali_classes2\lin\xposed\hook\view\main\itemview\Update.smali	199	05	v
smali_classes2\lin\xposed\hook\view\main\itemview\Update.smali	229	79	\n
smali_classes2\lin\xposed\hook\view\main\itemview\Update.smali	259	797f	\n\n
smali_classes2\lin\xposed\hook\view\main\itemview\UpdateLog.smali	45	101a141c001415	context
smali_classes2\lin\xposed\hook\view\main\itemview\info\ItemUiInfo.smali	94	5c	/
smali_classes2\lin\xposed\hook\view\main\itemview\info\ItemUiInfoManager.smali	450	3d3a2538243829	NO_PATH
smali_classes2\lin\xposed\hook\view\main\itemview\info\ItemUiInfoManager.smali	486	5c	/
smali_classes2\lin\xposed\hook\view\main\itemview\飘花落叶言子楪世兰苏哲.smali	1936	00001705041e18	summary
smali_classes2\lin\xposed\hook\view\main\itemview\飘花落叶言子楪世兰苏哲.smali	2430	4b90cae783fbd7	8小时
smali_classes2\lin\xposed\hook\view\main\itemview\飘花落叶言子楪世兰苏哲.smali	2442	4190cae783fbd7	2小时
smali_classes2\lin\xposed\hook\view\main\itemview\飘花落叶言子楪世兰苏哲.smali	2454	96f0c981f2c1	关闭
smali_classes2\lin\xposed\hook\view\main\itemview\飘花落叶言子楪世兰苏哲.smali	2594	96fcd38cd8f541	剩余 
smali_classes2\lin\xposed\hook\view\main\itemview\飘花落叶言子楪世兰苏哲.smali	2616	95e2cc	时
smali_classes2\lin\xposed\hook\view\main\itemview\飘花落叶言子楪世兰苏哲.smali	2638	96fdfc	分
smali_classes2\lin\xposed\hook\view\main\itemview\飘花落叶言子楪世兰苏哲.smali	2831	96f0c981f2c1	关闭
smali_classes2\lin\xposed\hook\view\main\itemview\飘花落叶言子楪世兰苏哲.smali	2920	96c5f58ef2da	小时
smali_classes2\lin\xposed\hook\view\main\itemview\飘花落叶言子楪世兰苏哲.smali	3029	96fcd38cd8f541	剩余 
smali_classes2\lin\xposed\hook\view\main\itemview\飘花落叶言子楪世兰苏哲.smali	3051	95e2cc	时
smali_classes2\lin\xposed\hook\view\main\itemview\飘花落叶言子楪世兰苏哲.smali	3090	96c5fc8df9c441	将在 
smali_classes2\lin\xposed\hook\view\main\itemview\飘花落叶言子楪世兰苏哲.smali	3211	5392c1fb83f1fe	 结束
smali_classes2\lin\xposed\hook\view\main\itemview\飘花落叶言子楪世哲苏兰.smali	102	101a141c001415	context
smali_classes2\lin\xposed\hook\view\main\itemview\飘花落叶言子楪世哲苏兰.smali	111	1f1c091c	list
smali_classes2\lin\xposed\hook\view\main\itemview\飘花落叶言子楪世哲苏兰.smali	228	111a02240c1f15	boxList
smali_classes2\lin\xposed\hook\view\main\itemview\飘花落叶言子楪世哲苏兰.smali	996	97cae78dc8f4	保存
smali_classes2\top\suzhelan\qstory\FixApplication.smali	87	5c161506030506	/config
smali_classes2\top\suzhelan\qstory\FixApplication.smali	112	03140e00	path
smali_classes2\top\suzhelan\qstory\database\CacheCleanDialog$performClean$1$1.smali	245	94d4d48dcbf6	确定
smali_classes2\top\suzhelan\qstory\database\CacheCleanDialog$performClean$1$2.smali	296	94d4d48dcbf6	确定
smali_classes2\top\suzhelan\qstory\database\CacheCleanDialog$show$1$1.smali	360	5393e7c96f	 条\n
smali_classes2\top\suzhelan\qstory\database\CacheCleanDialog$show$1$1.smali	553	565b480e452123	%.2f MB
smali_classes2\top\suzhelan\qstory\database\CacheCleanDialog$show$1$1.smali	589	533e38	 KB
smali_classes2\top\suzhelan\qstory\database\CacheCleanDialog$show$1$1.smali	733	435538	0 B
smali_classes2\top\suzhelan\qstory\database\CacheCleanDialog$show$1$1.smali	776	565b480e452b23	%.2f GB
smali_classes2\top\suzhelan\qstory\database\CacheCleanDialog$show$1$1.smali	894	565b480e452723	%.2f KB
smali_classes2\top\suzhelan\qstory\database\CacheCleanDialog$show$1$1.smali	961	5337	 B
smali_classes2\top\suzhelan\qstory\database\CacheCleanDialog$show$1$1.smali	1010	79	\n
smali_classes2\top\suzhelan\qstory\database\CacheCleanDialog$show$1$1.smali	1266	53180962	 ms\n
smali_classes2\top\suzhelan\qstory\database\CacheCleanDialog$show$1$1.smali	1331	5393d6c96f	 次\n
smali_classes2\top\suzhelan\qstory\database\CacheCleanDialog$show$1$1.smali	1387	565b480e	%.2f
smali_classes2\top\suzhelan\qstory\database\CacheCleanDialog$show$1$1.smali	1551	567f	%\n
smali_classes2\top\suzhelan\qstory\database\CacheCleanDialog$show$1$1.smali	1715	96f0c981f2c1	关闭
smali_classes2\top\suzhelan\qstory\database\CacheCleanDialog$show$1$2.smali	210	9ae1e380cac3	错误
smali_classes2\top\suzhelan\qstory\database\CacheCleanDialog$show$1$2.smali	291	94d4d48dcbf6	确定
smali_classes2\top\suzhelan\qstory\database\RecallStorageInitializer$initializeAsync$1$1.smali	233	101a141c001415	context
smali_classes2\top\suzhelan\qstory\database\飘花落叶言子楪世哲苏兰.smali	44	101a141c001415	context
smali_classes2\top\suzhelan\qstory\database\飘花落叶言子楪世苏哲兰.smali	148	96faec8ed3e4	取消
smali_classes2\top\suzhelan\qstory\database\飘花落叶言子楪苏世兰哲.smali	1518	03101f1a300505	peerUid
smali_classes2\top\suzhelan\qstory\database\飘花落叶言子楪苏世兰哲.smali	1826	161b0e011115	entity
smali_classes2\top\suzhelan\qstory\entity\Notice.smali	103	101a141c000215	content
smali_classes2\top\suzhelan\qstory\entity\Notice.smali	145	071c0e0400	title
smali_classes2\top\suzhelan\qstory\entity\Notice.smali	402	101a141c000215	content
smali_classes2\top\suzhelan\qstory\entity\Notice.smali	444	071c0e0400	title
smali_classes2\top\suzhelan\qstory\entity\UpdateInfo.smali	103	071c170d	time
smali_classes2\top\suzhelan\qstory\entity\UpdateInfo.smali	408	071c170d	time
smali_classes2\top\suzhelan\qstory\entity\UpdateInfo.smali	900	5f55130c58	, id=
smali_classes2\top\suzhelan\qstory\entity\UpdateInfo.smali	926	5f550e0108095c	, time=
smali_classes2\top\suzhelan\qstory\entity\proto\InfoSyncPush$$serializer.smali	120	070c0a0d	type
smali_classes2\top\suzhelan\qstory\entity\proto\InfoSyncPush$$serializer.smali	157	030009002c08	pushId
smali_classes2\top\suzhelan\qstory\entity\proto\InfoSyncPush$$serializer.smali	369	17101907010913	decoder
smali_classes2\top\suzhelan\qstory\entity\proto\InfoSyncPush$$serializer.smali	617	161b1907010913	encoder
smali_classes2\top\suzhelan\qstory\entity\proto\InfoSyncPush$$serializer.smali	631	0514161d00	value
smali_classes2\top\suzhelan\qstory\entity\proto\InfoSyncPush$SyncContent$$serializer.smali	237	17101907010913	decoder
smali_classes2\top\suzhelan\qstory\entity\proto\InfoSyncPush$SyncContent$$serializer.smali	415	161b1907010913	encoder
smali_classes2\top\suzhelan\qstory\entity\proto\InfoSyncPush$SyncContent$$serializer.smali	429	0514161d00	value
smali_classes2\top\suzhelan\qstory\entity\proto\InfoSyncPush$SyncContent$GroupSyncContent$$serializer.smali	188	161b1e3b001d	endSeq
smali_classes2\top\suzhelan\qstory\entity\proto\InfoSyncPush$SyncContent$GroupSyncContent$$serializer.smali	368	17101907010913	decoder
smali_classes2\top\suzhelan\qstory\entity\proto\InfoSyncPush$SyncContent$GroupSyncContent$$serializer.smali	629	161b1907010913	encoder
smali_classes2\top\suzhelan\qstory\entity\proto\InfoSyncPush$SyncContent$GroupSyncContent$$serializer.smali	643	0514161d00	value
smali_classes2\top\suzhelan\qstory\entity\proto\InfoSyncPush$SyncRecallOperateInfo$$serializer.smali	188	00001820000d05	subHead
smali_classes2\top\suzhelan\qstory\entity\proto\InfoSyncPush$SyncRecallOperateInfo$$serializer.smali	339	17101907010913	decoder
smali_classes2\top\suzhelan\qstory\entity\proto\InfoSyncPush$SyncRecallOperateInfo$$serializer.smali	592	161b1907010913	encoder
smali_classes2\top\suzhelan\qstory\entity\proto\InfoSyncPush$SyncRecallOperateInfo$$serializer.smali	606	0514161d00	value
smali_classes2\top\suzhelan\qstory\entity\proto\InfoSyncPush$SyncRecallOperateInfo$SyncInfoBody$$serializer.smali	222	1e061d240c1f15	msgList
smali_classes2\top\suzhelan\qstory\entity\proto\InfoSyncPush$SyncRecallOperateInfo$SyncInfoBody$$serializer.smali	369	17101907010913	decoder
smali_classes2\top\suzhelan\qstory\entity\proto\InfoSyncPush$SyncRecallOperateInfo$SyncInfoBody$$serializer.smali	635	161b1907010913	encoder
smali_classes2\top\suzhelan\qstory\entity\proto\InfoSyncPush$SyncRecallOperateInfo$SyncInfoBody$$serializer.smali	649	0514161d00	value
smali_classes2\top\suzhelan\qstory\entity\proto\InfoSyncPush$SyncRecallOperateInfo$SyncInfoBody.smali	373	1e061d240c1f15	msgList
smali_classes2\top\suzhelan\qstory\entity\proto\InfoSyncPush$SyncRecallOperateInfo$SyncInfoBody.smali	907	1e061d240c1f15	msgList
smali_classes2\top\suzhelan\qstory\entity\proto\InfoSyncPush$SyncRecallOperateInfo$SyncInfoHead$$serializer.smali	218	17101907010913	decoder
smali_classes2\top\suzhelan\qstory\entity\proto\InfoSyncPush$SyncRecallOperateInfo$SyncInfoHead$$serializer.smali	366	161b1907010913	encoder
smali_classes2\top\suzhelan\qstory\entity\proto\InfoSyncPush$SyncRecallOperateInfo$SyncInfoHead$$serializer.smali	380	0514161d00	value
smali_classes2\top\suzhelan\qstory\entity\proto\MsgPush$$serializer$annotationImpl$kotlinx_serialization_protobuf_ProtoNumber$0.smali	122	1d00170a001e	number
smali_classes2\top\suzhelan\qstory\entity\proto\MsgPush$$serializer.smali	221	17101907010913	decoder
smali_classes2\top\suzhelan\qstory\entity\proto\MsgPush$$serializer.smali	379	161b1907010913	encoder
smali_classes2\top\suzhelan\qstory\entity\proto\MsgPush$$serializer.smali	393	0514161d00	value
smali_classes2\top\suzhelan\qstory\entity\proto\QQMessage$$serializer.smali	316	17101907010913	decoder
smali_classes2\top\suzhelan\qstory\entity\proto\QQMessage$$serializer.smali	549	161b1907010913	encoder
smali_classes2\top\suzhelan\qstory\entity\proto\QQMessage$$serializer.smali	563	0514161d00	value
smali_classes2\top\suzhelan\qstory\entity\proto\QQMessage$MessageBody$$serializer.smali	120	011c1900281f06	richMsg
smali_classes2\top\suzhelan\qstory\entity\proto\QQMessage$MessageBody$$serializer.smali	263	17101907010913	decoder
smali_classes2\top\suzhelan\qstory\entity\proto\QQMessage$MessageBody$$serializer.smali	450	161b1907010913	encoder
smali_classes2\top\suzhelan\qstory\entity\proto\QQMessage$MessageBody$$serializer.smali	464	0514161d00	value
smali_classes2\top\suzhelan\qstory\entity\proto\QQMessage$MessageBody$C2CRecallOperationInfo$$serializer.smali	120	1a1b1c07	info
smali_classes2\top\suzhelan\qstory\entity\proto\QQMessage$MessageBody$C2CRecallOperationInfo$$serializer.smali	218	17101907010913	decoder
smali_classes2\top\suzhelan\qstory\entity\proto\QQMessage$MessageBody$C2CRecallOperationInfo$$serializer.smali	376	161b1907010913	encoder
smali_classes2\top\suzhelan\qstory\entity\proto\QQMessage$MessageBody$C2CRecallOperationInfo$$serializer.smali	390	0514161d00	value
smali_classes2\top\suzhelan\qstory\entity\proto\QQMessage$MessageBody$C2CRecallOperationInfo$Info$$serializer.smali	188	1e061d3c0c0104	msgTime
smali_classes2\top\suzhelan\qstory\entity\proto\QQMessage$MessageBody$C2CRecallOperationInfo$Info$$serializer.smali	253	1e061d3b001d	msgSeq
smali_classes2\top\suzhelan\qstory\entity\proto\QQMessage$MessageBody$C2CRecallOperationInfo$Info$$serializer.smali	391	17101907010913	decoder
smali_classes2\top\suzhelan\qstory\entity\proto\QQMessage$MessageBody$C2CRecallOperationInfo$Info$$serializer.smali	652	161b1907010913	encoder
smali_classes2\top\suzhelan\qstory\entity\proto\QQMessage$MessageBody$C2CRecallOperationInfo$Info$$serializer.smali	666	0514161d00	value
smali_classes2\top\suzhelan\qstory\entity\proto\QQMessage$MessageBody$C2CRecallOperationInfo.smali	194	1a1b1c07	info
smali_classes2\top\suzhelan\qstory\entity\proto\QQMessage$MessageBody$C2CRecallOperationInfo.smali	380	1a1b1c07	info
smali_classes2\top\suzhelan\qstory\entity\proto\QQMessage$MessageBody$GroupRecallOperationInfo$$serializer.smali	120	03101f1a2c08	peerId
smali_classes2\top\suzhelan\qstory\entity\proto\QQMessage$MessageBody$GroupRecallOperationInfo$$serializer.smali	157	1a1b1c07	info
smali_classes2\top\suzhelan\qstory\entity\proto\QQMessage$MessageBody$GroupRecallOperationInfo$$serializer.smali	192	1e061d3b001d	msgSeq
smali_classes2\top\suzhelan\qstory\entity\proto\QQMessage$MessageBody$GroupRecallOperationInfo$$serializer.smali	316	17101907010913	decoder
smali_classes2\top\suzhelan\qstory\entity\proto\QQMessage$MessageBody$GroupRecallOperationInfo$$serializer.smali	531	161b1907010913	encoder
smali_classes2\top\suzhelan\qstory\entity\proto\QQMessage$MessageBody$GroupRecallOperationInfo$$serializer.smali	545	0514161d00	value
smali_classes2\top\suzhelan\qstory\entity\proto\QQMessage$MessageBody$GroupRecallOperationInfo$Info$$serializer.smali	154	1e061d210b0a0e	msgInfo
smali_classes2\top\suzhelan\qstory\entity\proto\QQMessage$MessageBody$GroupRecallOperationInfo$Info$$serializer.smali	266	17101907010913	decoder
smali_classes2\top\suzhelan\qstory\entity\proto\QQMessage$MessageBody$GroupRecallOperationInfo$Info$$serializer.smali	445	161b1907010913	encoder
smali_classes2\top\suzhelan\qstory\entity\proto\QQMessage$MessageBody$GroupRecallOperationInfo$Info$$serializer.smali	459	0514161d00	value
smali_classes2\top\suzhelan\qstory\entity\proto\QQMessage$MessageBody$GroupRecallOperationInfo$Info$MsgInfo$$serializer.smali	120	1e061d3b001d	msgSeq
smali_classes2\top\suzhelan\qstory\entity\proto\QQMessage$MessageBody$GroupRecallOperationInfo$Info$MsgInfo$$serializer.smali	154	1e061d3c0c0104	msgTime
smali_classes2\top\suzhelan\qstory\entity\proto\QQMessage$MessageBody$GroupRecallOperationInfo$Info$MsgInfo$$serializer.smali	311	17101907010913	decoder
smali_classes2\top\suzhelan\qstory\entity\proto\QQMessage$MessageBody$GroupRecallOperationInfo$Info$MsgInfo$$serializer.smali	515	161b1907010913	encoder
smali_classes2\top\suzhelan\qstory\entity\proto\QQMessage$MessageBody$GroupRecallOperationInfo$Info$MsgInfo$$serializer.smali	529	0514161d00	value
smali_classes2\top\suzhelan\qstory\entity\proto\QQMessage$MessageBody$GroupRecallOperationInfo$Info.smali	221	1e061d210b0a0e	msgInfo
smali_classes2\top\suzhelan\qstory\entity\proto\QQMessage$MessageBody$GroupRecallOperationInfo$Info.smali	513	1e061d210b0a0e	msgInfo
smali_classes2\top\suzhelan\qstory\entity\proto\QQMessage$MessageBody$GroupRecallOperationInfo.smali	246	1a1b1c07	info
smali_classes2\top\suzhelan\qstory\entity\proto\QQMessage$MessageBody$GroupRecallOperationInfo.smali	583	1a1b1c07	info
smali_classes2\top\suzhelan\qstory\entity\proto\QQMessage$MessageBody$GroupRecallOperationInfo.smali	835	5f55130603035c	, info=
smali_classes2\top\suzhelan\qstory\entity\proto\QQMessage$MessageBody$RichMsg$$serializer.smali	237	17101907010913	decoder
smali_classes2\top\suzhelan\qstory\entity\proto\QQMessage$MessageBody$RichMsg$$serializer.smali	415	161b1907010913	encoder
smali_classes2\top\suzhelan\qstory\entity\proto\QQMessage$MessageBody$RichMsg$$serializer.smali	429	0514161d00	value
smali_classes2\top\suzhelan\qstory\entity\proto\QQMessage$MessageBody$RichMsg$MsgContent$$serializer.smali	120	0710021c281f06	textMsg
smali_classes2\top\suzhelan\qstory\entity\proto\QQMessage$MessageBody$RichMsg$MsgContent$$serializer.smali	267	17101907010913	decoder
smali_classes2\top\suzhelan\qstory\entity\proto\QQMessage$MessageBody$RichMsg$MsgContent$$serializer.smali	454	161b1907010913	encoder
smali_classes2\top\suzhelan\qstory\entity\proto\QQMessage$MessageBody$RichMsg$MsgContent$$serializer.smali	468	0514161d00	value
smali_classes2\top\suzhelan\qstory\entity\proto\QQMessage$MessageBody$RichMsg$MsgContent$MsgSender$$serializer.smali	218	17101907010913	decoder
smali_classes2\top\suzhelan\qstory\entity\proto\QQMessage$MessageBody$RichMsg$MsgContent$MsgSender$$serializer.smali	365	161b1907010913	encoder
smali_classes2\top\suzhelan\qstory\entity\proto\QQMessage$MessageBody$RichMsg$MsgContent$MsgSender$$serializer.smali	379	0514161d00	value
smali_classes2\top\suzhelan\qstory\entity\proto\QQMessage$MessageBody$RichMsg$MsgContent$TextMsg$$serializer.smali	120	0710021c	text
smali_classes2\top\suzhelan\qstory\entity\proto\QQMessage$MessageBody$RichMsg$MsgContent$TextMsg$$serializer.smali	218	17101907010913	decoder
smali_classes2\top\suzhelan\qstory\entity\proto\QQMessage$MessageBody$RichMsg$MsgContent$TextMsg$$serializer.smali	365	161b1907010913	encoder
smali_classes2\top\suzhelan\qstory\entity\proto\QQMessage$MessageBody$RichMsg$MsgContent$TextMsg$$serializer.smali	379	0514161d00	value
smali_classes2\top\suzhelan\qstory\entity\proto\QQMessage$MessageBody$RichMsg$MsgContent$TextMsg.smali	166	0710021c	text
smali_classes2\top\suzhelan\qstory\entity\proto\QQMessage$MessageBody$RichMsg$MsgContent$TextMsg.smali	310	0710021c	text
smali_classes2\top\suzhelan\qstory\entity\proto\QQMessage$MessageBody$RichMsg$MsgContent.smali	212	0710021c281f06	textMsg
smali_classes2\top\suzhelan\qstory\entity\proto\QQMessage$MessageBody$RichMsg$MsgContent.smali	486	0710021c281f06	textMsg
smali_classes2\top\suzhelan\qstory\entity\proto\QQMessage$MessageBody.smali	220	011c1900281f06	richMsg
smali_classes2\top\suzhelan\qstory\entity\proto\QQMessage$MessageBody.smali	489	011c1900281f06	richMsg
smali_classes2\top\suzhelan\qstory\entity\proto\QQMessage$MessageContentInfo$$serializer.smali	120	1e061d3c1c1c04	msgType
smali_classes2\top\suzhelan\qstory\entity\proto\QQMessage$MessageContentInfo$$serializer.smali	188	0000183b001d	subSeq
smali_classes2\top\suzhelan\qstory\entity\proto\QQMessage$MessageContentInfo$$serializer.smali	222	1e061d3b001d	msgSeq
smali_classes2\top\suzhelan\qstory\entity\proto\QQMessage$MessageContentInfo$$serializer.smali	253	1e061d3c0c0104	msgTime
smali_classes2\top\suzhelan\qstory\entity\proto\QQMessage$MessageContentInfo$$serializer.smali	386	17101907010913	decoder
smali_classes2\top\suzhelan\qstory\entity\proto\QQMessage$MessageContentInfo$$serializer.smali	642	161b1907010913	encoder
smali_classes2\top\suzhelan\qstory\entity\proto\QQMessage$MessageContentInfo$$serializer.smali	656	0514161d00	value
smali_classes2\top\suzhelan\qstory\entity\proto\QQMessage$MessageHead$$serializer.smali	407	17101907010913	decoder
smali_classes2\top\suzhelan\qstory\entity\proto\QQMessage$MessageHead$$serializer.smali	690	161b1907010913	encoder
smali_classes2\top\suzhelan\qstory\entity\proto\QQMessage$MessageHead$$serializer.smali	704	0514161d00	value
smali_classes2\top\suzhelan\qstory\entity\proto\QQMessage$MessageHead$SenderInfo$$serializer$annotationImpl$kotlinx_serialization_protobuf_ProtoNumber$0.smali	122	1d00170a001e	number
smali_classes2\top\suzhelan\qstory\entity\proto\QQMessage$MessageHead$SenderInfo$$serializer.smali	120	03101f1a2c08	peerId
smali_classes2\top\suzhelan\qstory\entity\proto\QQMessage$MessageHead$SenderInfo$$serializer.smali	311	17101907010913	decoder
smali_classes2\top\suzhelan\qstory\entity\proto\QQMessage$MessageHead$SenderInfo$$serializer.smali	515	161b1907010913	encoder
smali_classes2\top\suzhelan\qstory\entity\proto\QQMessage$MessageHead$SenderInfo$$serializer.smali	529	0514161d00	value
smali_classes2\top\suzhelan\qstory\hook\api\飘花落叶言子楪世哲苏兰.smali	68	0314080908	param
smali_classes2\top\suzhelan\qstory\hook\api\飘花落叶言子楪世哲苏兰.smali	1752	001c000d	size
smali_classes2\top\suzhelan\qstory\hook\api\飘花落叶言子楪世哲苏兰.smali	2251	43	0
smali_classes2\top\suzhelan\qstory\hook\api\飘花落叶言子楪世哲苏兰.smali	2866	0314080908	param
smali_classes2\top\suzhelan\qstory\hook\api\飘花落叶言子楪世哲苏兰.smali	3051	42	1
smali_classes2\top\suzhelan\qstory\hook\api\飘花落叶言子楪世哲苏兰.smali	3071	41	2
smali_classes2\top\suzhelan\qstory\hook\api\飘花落叶言子楪世哲苏兰.smali	3123	40	3
smali_classes2\top\suzhelan\qstory\hook\api\飘花落叶言子楪世哲苏兰.smali	3207	46	5
smali_classes2\top\suzhelan\qstory\hook\api\飘花落叶言子楪世哲苏兰.smali	3235	47	4
smali_classes2\top\suzhelan\qstory\hook\api\飘花落叶言子楪世哲苏兰.smali	3683	15	f
smali_classes2\top\suzhelan\qstory\hook\api\飘花落叶言子楪世哲苏兰.smali	3703	18	k
smali_classes2\top\suzhelan\qstory\hook\api\飘花落叶言子楪世哲苏兰.smali	3923	12071d1b	args
smali_classes2\top\suzhelan\qstory\hook\api\飘花落叶言子楪世哲苏兰.smali	4134	1e	m
smali_classes2\top\suzhelan\qstory\hook\api\飘花落叶言子楪世哲苏兰.smali	4280	1c	o
smali_classes2\top\suzhelan\qstory\hook\api\飘花落叶言子楪世哲苏兰.smali	4572	060716	url
smali_classes2\top\suzhelan\qstory\hook\api\飘花落叶言子楪世哲苏兰.smali	4676	495a55	://
smali_classes2\top\suzhelan\qstory\hook\api\飘花落叶言子楪世哲苏兰.smali	4806	5c	/
smali_classes2\top\suzhelan\qstory\hook\api\飘花落叶言子楪世哲苏兰.smali	4882	0204540b0a01	qq.com
smali_classes2\top\suzhelan\qstory\hook\api\飘花落叶言子楪世哲苏兰.smali	5046	1b010e185f434e	http://
smali_classes2\top\suzhelan\qstory\hook\api\飘花落叶言子楪世苏兰哲.smali	431	1c1e	ok
smali_classes2\top\suzhelan\qstory\hook\api\飘花落叶言子楪世苏兰哲.smali	478	1a11	id
smali_classes2\top\suzhelan\qstory\hook\api\飘花落叶言子楪世苏兰哲.smali	891	1c1e	ok
smali_classes2\top\suzhelan\qstory\hook\api\飘花落叶言子楪世苏兰哲.smali	916	1a11	id
smali_classes2\top\suzhelan\qstory\hook\api\飘花落叶言子楪世苏兰哲.smali	941	051008	ver
smali_classes2\top\suzhelan\qstory\hook\api\飘花落叶言子楪世苏哲兰.smali	78	0314080908	param
smali_classes2\top\suzhelan\qstory\hook\api\飘花落叶言子楪哲苏兰世.smali	55	0314080908	param
smali_classes2\top\suzhelan\qstory\hook\api\飘花落叶言子楪哲苏兰世.smali	217	0514161d002307	valueOf
smali_classes2\top\suzhelan\qstory\hook\api\飘花落叶言子楪哲苏兰世.smali	253	273438242038	TABLET
smali_classes2\top\suzhelan\qstory\hook\api\飘花落叶言子楪哲苏兰世.smali	634	0314080908	param
smali_classes2\top\suzhelan\qstory\hook\api\飘花落叶言子楪哲苏兰世.smali	705	4392ddfa	0秒
smali_classes2\top\suzhelan\qstory\hook\api\飘花落叶言子楪哲苏兰世.smali	1118	1e3b0f05	mNum
smali_classes2\top\suzhelan\qstory\hook\api\飘花落叶言子楪哲苏兰世.smali	1135	1e211f1011	mText
smali_classes2\top\suzhelan\qstory\hook\api\飘花落叶言子楪哲苏兰世.smali	1705	0110091d0918	result
smali_classes2\top\suzhelan\qstory\hook\api\飘花落叶言子楪哲苏兰世.smali	1753	19001718301e0d	jumpUrl
smali_classes2\top\suzhelan\qstory\hook\api\飘花落叶言子楪哲苏兰世.smali	1833	1a271f1b100015	iResult
smali_classes2\top\suzhelan\qstory\hook\api\飘花落叶言子楪哲苏兰世.smali	1851	12071d1b	args
smali_classes2\top\suzhelan\qstory\hook\api\飘花落叶言子楪苏世哲兰.smali	47	0314080908	param
smali_classes2\top\suzhelan\qstory\hook\api\飘花落叶言子楪苏哲世兰.smali	54	1e061d2101	msgId
smali_classes2\top\suzhelan\qstory\hook\api\飘花落叶言子楪苏哲世兰.smali	78	0314080908	param
smali_classes2\top\suzhelan\qstory\hook\item\NewAutoGrabHb$pares$1.smali	313	071c170d0a1915	timeout
smali_classes2\top\suzhelan\qstory\hook\item\NewAutoGrabHb$pares$1.smali	317	17140e09	data
smali_classes2\top\suzhelan\qstory\hook\item\NewAutoGrabHb$pares$1.smali	321	10181e	cmd
smali_classes2\top\suzhelan\qstory\hook\item\NewAutoGrabHb$pares$1.smali	353	00100e	set
smali_classes2\top\suzhelan\qstory\hook\item\NewAutoGrabHb$pares$1.smali	357	10121326040104	cgiName
smali_classes2\top\suzhelan\qstory\hook\item\NewAutoGrabHb$pares$1.smali	373	43	0
smali_classes2\top\suzhelan\qstory\hook\item\NewAutoGrabHb$pares$1.smali	377	42	1
smali_classes2\top\suzhelan\qstory\hook\item\NewAutoGrabHb$pares$1.smali	381	4e	=
smali_classes2\top\suzhelan\qstory\hook\item\NewAutoGrabHb$pares$1.smali	385	1f1c091c0c08	listid
smali_classes2\top\suzhelan\qstory\hook\item\NewAutoGrabHb$pares$1.smali	799	1b10022f100505	hexGuid
smali_classes2\top\suzhelan\qstory\hook\item\NewAutoGrabHb$pares$1.smali	1071	551b1b0500	&name
smali_classes2\top\suzhelan\qstory\hook\item\NewAutoGrabHb$pares$1.smali	1188	55001306	&uin
smali_classes2\top\suzhelan\qstory\hook\item\NewAutoGrabHb$pares$1.smali	1491	161b19111518	encypt
smali_classes2\top\suzhelan\qstory\hook\item\NewAutoGrabHb$pares$1.smali	1551	161b193c001415	encText
smali_classes2\top\suzhelan\qstory\hook\item\NewAutoGrabHb$pares$1.smali	1684	01100b3c001415	reqText
smali_classes2\top\suzhelan\qstory\hook\item\NewAutoGrabHb$pares$1.smali	1736	0114140c0a01	random
smali_classes2\top\suzhelan\qstory\hook\item\NewAutoGrabHb$pares$1.smali	1796	161b2e111509	enType
smali_classes2\top\suzhelan\qstory\hook\item\NewAutoGrabHb$pares$1.smali	2312	16191f05000215	element
smali_classes2\top\suzhelan\qstory\hook\item\NewAutoGrabHb$pares$1.smali	2670	53	 
smali_classes2\top\suzhelan\qstory\hook\item\NewAutoGrabHb$pares$1.smali	2769	0f	|
smali_classes2\top\suzhelan\qstory\hook\item\NewAutoGrabHb$pares$1.smali	2814	2f09	\|
smali_classes2\top\suzhelan\qstory\hook\item\NewAutoGrabHb$pares$1.smali	3540	171016091c	delay
smali_classes2\top\suzhelan\qstory\hook\item\NewAutoGrabHb$pares$1.smali	3747	12000e000e0918	authkey
smali_classes2\top\suzhelan\qstory\hook\item\NewAutoGrabHb$pares$1.smali	3768	1b17250e17030c	hb_from
smali_classes2\top\suzhelan\qstory\hook\item\NewAutoGrabHb$pares$1.smali	3843	1407151d150505	groupid
smali_classes2\top\suzhelan\qstory\hook\item\NewAutoGrabHb$pares$1.smali	3864	101d1b060b090d	channel
smali_classes2\top\suzhelan\qstory\hook\item\NewAutoGrabHb$pares$1.smali	3997	121b091f001e	answer
smali_classes2\top\suzhelan\qstory\hook\item\NewAutoGrabHb$pares$1.smali	4035	071c14110c08	tinyid
smali_classes2\top\suzhelan\qstory\hook\item\NewAutoGrabHb$pares$1.smali	4072	1d14170d	name
smali_classes2\top\suzhelan\qstory\hook\item\NewAutoGrabHb$pares$1.smali	4089	061c14	uin
smali_classes2\top\suzhelan\qstory\hook\item\NewAutoGrabHb$pares$1.smali	4106	1e061d37080854	msg_md5
smali_classes2\top\suzhelan\qstory\hook\item\NewAutoGrabHb$pares$1.smali	4123	1e061d37160910	msg_seq
smali_classes2\top\suzhelan\qstory\hook\item\NewAutoGrabHb$pares$1.smali	4140	1e061d370c08	msg_id
smali_classes2\top\suzhelan\qstory\hook\item\NewAutoGrabHb$pares$1.smali	4191	55	&
smali_classes2\top\suzhelan\qstory\hook\item\NewAutoGrabHb$pares$1.smali	4962	26213c455d	UTF-8
smali_classes2\top\suzhelan\qstory\hook\item\NewAutoGrabHb$pares$1.smali	5089	01100b2a0a0818	reqBody
smali_classes2\top\suzhelan\qstory\hook\item\chat\DownloadEmotion$downloadEmotion$1.smali	455	5c242b	/QQ
smali_classes2\top\suzhelan\qstory\hook\item\chat\飘花落叶言子世兰哲苏楪.smali	194	1a062807070315	isRobot
smali_classes2\top\suzhelan\qstory\hook\item\chat\飘花落叶言子世兰哲苏楪.smali	225	011a160d	role
smali_classes2\top\suzhelan\qstory\hook\item\chat\飘花落叶言子世兰哲苏楪.smali	267	3c22342d37	OWNER
smali_classes2\top\suzhelan\qstory\hook\item\chat\飘花落叶言子世兰哲苏楪.smali	295	323137212b	ADMIN
smali_classes2\top\suzhelan\qstory\hook\item\chat\飘花落叶言子世兰哲苏楪.smali	326	3e30372a203e	MEMBER
smali_classes2\top\suzhelan\qstory\hook\item\chat\飘花落叶言子世兰楪哲苏.smali	183	96fde18dded6	创建
smali_classes2\top\suzhelan\qstory\hook\item\chat\飘花落叶言子世兰楪哲苏.smali	195	96faec8ed3e4	取消
smali_classes2\top\suzhelan\qstory\hook\item\chat\飘花落叶言子世兰楪苏哲.smali	196	0010140c281f06	sendMsg
smali_classes2\top\suzhelan\qstory\hook\item\chat\飘花落叶言子世哲兰苏楪.smali	744	151c140c001e	finder
smali_classes2\top\suzhelan\qstory\hook\item\chat\飘花落叶言子世哲兰苏楪.smali	760	151c140c001e	finder
smali_classes2\top\suzhelan\qstory\hook\item\chat\飘花落叶言子世哲楪兰苏.smali	324	1b1c091c0a1e18	history
smali_classes2\top\suzhelan\qstory\hook\item\chat\飘花落叶言子世哲楪兰苏.smali	459	001c000d	size
smali_classes2\top\suzhelan\qstory\hook\item\chat\飘花落叶言子世哲楪苏兰.smali	40	5c5e4b46150206	/+1.png
smali_classes2\top\suzhelan\qstory\hook\item\chat\飘花落叶言子世哲苏兰楪.smali	76	01100a0d0418	repeat
smali_classes2\top\suzhelan\qstory\hook\item\chat\飘花落叶言子世哲苏兰楪.smali	172	5c5e4b46150206	/+1.png
smali_classes2\top\suzhelan\qstory\hook\item\chat\飘花落叶言子世哲苏兰楪.smali	755	1e061d2101	msgId
smali_classes2\top\suzhelan\qstory\hook\item\chat\飘花落叶言子世哲苏兰楪.smali	969	3f140011	Lazy
smali_classes2\top\suzhelan\qstory\hook\item\chat\飘花落叶言子世哲苏楪兰.smali	241	1e061d3c1c1c04	msgType
smali_classes2\top\suzhelan\qstory\hook\item\chat\飘花落叶言子世楪兰哲苏.smali	435	00100e25000214	setMenu
smali_classes2\top\suzhelan\qstory\hook\item\chat\飘花落叶言子世楪兰苏哲.smali	327	1e061d2101	msgId
smali_classes2\top\suzhelan\qstory\hook\item\chat\飘花落叶言子世楪苏兰哲.smali	599	95e7de8dfef2	撤回
smali_classes2\top\suzhelan\qstory\hook\item\chat\飘花落叶言子世苏兰楪哲.smali	818	001c000d	size
smali_classes2\top\suzhelan\qstory\hook\item\chat\飘花落叶言子世苏哲兰楪.smali	473	151c140c001e	finder
smali_classes2\top\suzhelan\qstory\hook\item\chat\飘花落叶言子世苏哲兰楪.smali	489	151c140c001e	finder
smali_classes2\top\suzhelan\qstory\hook\item\chat\飘花落叶言子世苏楪兰哲.smali	47	1f1a1b0c001e	loader
smali_classes2\top\suzhelan\qstory\hook\item\chat\飘花落叶言子世苏楪哲兰.smali	50	0314080908	param
smali_classes2\top\suzhelan\qstory\hook\item\chat\飘花落叶言子楪世哲兰苏.smali	180	00	s
smali_classes2\top\suzhelan\qstory\hook\item\chat\飘花落叶言子楪世哲兰苏.smali	197	02	q
smali_classes2\top\suzhelan\qstory\hook\item\chat\飘花落叶言子楪世哲苏兰.smali	47	0314080908	param
smali_classes2\top\suzhelan\qstory\hook\item\chat\飘花落叶言子楪世苏兰哲.smali	310	12012e111509	atType
smali_classes2\top\suzhelan\qstory\hook\item\chat\飘花落叶言子楪世苏兰哲.smali	385	1201341c300505	atNtUid
smali_classes2\top\suzhelan\qstory\hook\item\chat\飘花落叶言子楪世苏兰哲.smali	435	03101f1a300505	peerUid
smali_classes2\top\suzhelan\qstory\hook\item\chat\飘花落叶言子楪世苏哲兰.smali	17	061c1e	uid
smali_classes2\top\suzhelan\qstory\hook\item\chat\飘花落叶言子楪世苏哲兰.smali	62	041c1e0f0018	widget
smali_classes2\top\suzhelan\qstory\hook\item\chat\飘花落叶言子楪世苏哲兰.smali	136	061c1e	uid
smali_classes2\top\suzhelan\qstory\hook\item\chat\飘花落叶言子楪世苏哲兰.smali	248	160d0e1a041f	extras
smali_classes2\top\suzhelan\qstory\hook\item\chat\飘花落叶言子楪世苏哲兰.smali	431	1706	ds
smali_classes2\top\suzhelan\qstory\hook\item\chat\飘花落叶言子楪世苏哲兰.smali	450	50443f505d2954	#1E88E5
smali_classes2\top\suzhelan\qstory\hook\item\chat\飘花落叶言子楪哲世兰苏.smali	316	1a1b0a1d11	input
smali_classes2\top\suzhelan\qstory\hook\item\chat\飘花落叶言子楪哲世兰苏.smali	340	1611131c	edit
smali_classes2\top\suzhelan\qstory\hook\item\chat\飘花落叶言子楪哲世兰苏.smali	364	0710021c	text
smali_classes2\top\suzhelan\qstory\hook\item\chat\飘花落叶言子楪哲世兰苏.smali	388	1e10091b040b04	message
smali_classes2\top\suzhelan\qstory\hook\item\chat\飘花落叶言子楪哲世兰苏.smali	468	121c15	aio
smali_classes2\top\suzhelan\qstory\hook\item\chat\飘花落叶言子楪哲世兰苏.smali	626	111c140c0c0206	binding
smali_classes2\top\suzhelan\qstory\hook\item\chat\飘花落叶言子楪哲世苏兰.smali	47	0314080908	param
smali_classes2\top\suzhelan\qstory\hook\item\chat\飘花落叶言子楪哲苏世兰.smali	47	070c0a0d	type
smali_classes2\top\suzhelan\qstory\hook\item\chat\飘花落叶言子楪哲苏世兰.smali	228	07141826040104	tabName
smali_classes2\top\suzhelan\qstory\hook\item\chat\飘花落叶言子楪哲苏世兰.smali	260	323c	AI
smali_classes2\top\suzhelan\qstory\hook\item\chat\飘花落叶言子楪哲苏世兰.smali	272	121c	ai
smali_classes2\top\suzhelan\qstory\hook\item\chat\飘花落叶言子楪哲苏世兰.smali	284	95ecc08fdef4	智绘
smali_classes2\top\suzhelan\qstory\hook\item\chat\飘花落叶言子楪哲苏世兰.smali	320	325b3346	A.I.
smali_classes2\top\suzhelan\qstory\hook\item\chat\飘花落叶言子楪哲苏世兰.smali	332	96fde18cd8f0	创作
smali_classes2\top\suzhelan\qstory\hook\item\chat\飘花落叶言子楪苏世兰哲.smali	166	14100e	get
smali_classes2\top\suzhelan\qstory\hook\item\chat\飘花落叶言子楪苏世哲兰.smali	57	0314080908	param
smali_classes2\top\suzhelan\qstory\hook\item\chat\飘花落叶言子楪苏世哲兰.smali	316	22260e071715	QStory
smali_classes2\top\suzhelan\qstory\hook\item\chat\飘花落叶言子楪苏世哲兰.smali	389	0314080908	param
smali_classes2\top\suzhelan\qstory\hook\item\chat\飘花落叶言子楪苏兰世哲.smali	47	1f1a1b0c001e	loader
smali_classes2\top\suzhelan\qstory\hook\item\chat\飘花落叶言子楪苏哲世兰.smali	268	12012e111509	atType
smali_classes2\top\suzhelan\qstory\hook\item\chat\飘花落叶言子楪苏哲世兰.smali	591	53	 
smali_classes2\top\suzhelan\qstory\hook\item\chat\飘花落叶言子楪苏哲世兰.smali	1078	95c6db8ed6cd	泡泡
smali_classes2\top\suzhelan\qstory\hook\item\chat\飘花落叶言子楪苏哲世兰.smali	1436	95fef78fe0cb	拍照
smali_classes2\top\suzhelan\qstory\hook\item\chat\飘花落叶言子苏楪世哲兰.smali	166	1c1b39040c0f0a	onClick
smali_classes2\top\suzhelan\qstory\hook\item\chat\飘花落叶言子苏楪世哲兰.smali	462	151c140c001e	finder
smali_classes2\top\suzhelan\qstory\hook\item\chat\飘花落叶言子苏楪世哲兰.smali	478	151c140c001e	finder
smali_classes2\top\suzhelan\qstory\hook\item\mcp\config\McpServerManager$Companion$saveToolConfig$6.smali	234	1119150b0e	block
smali_classes2\top\suzhelan\qstory\hook\item\mcp\config\McpServerManager$Companion$saveToolConfig$6.smali	261	19061506171c02	jsonrpc
smali_classes2\top\suzhelan\qstory\hook\item\mcp\config\McpServerManager$Companion$saveToolConfig$6.smali	273	415b4a	2.0
smali_classes2\top\suzhelan\qstory\hook\item\mcp\config\McpServerManager$Companion$saveToolConfig$6.smali	285	181003	key
smali_classes2\top\suzhelan\qstory\hook\item\mcp\config\McpServerManager$Companion$saveToolConfig$6.smali	312	1e100e000a08	method
smali_classes2\top\suzhelan\qstory\hook\item\mcp\config\McpServerManager$start$1$1$1$1$1.smali	324	16031f06115641	event: 
smali_classes2\top\suzhelan\qstory\hook\item\mcp\config\McpServerManager$start$1$1$1$1$1.smali	341	1e10091b040b04	message
smali_classes2\top\suzhelan\qstory\hook\item\mcp\config\McpServerManager$start$1$1$1$1$1.smali	401	17140e095f4c	data: 
smali_classes2\top\suzhelan\qstory\hook\item\mcp\config\McpServerManager$start$1$1$1$2.smali	280	5c181918	/mcp
smali_classes2\top\suzhelan\qstory\hook\item\mcp\config\飘花落叶言子楪世兰哲苏.smali	367	1c1b360702	onLog
smali_classes2\top\suzhelan\qstory\hook\item\mcp\config\飘花落叶言子楪世兰哲苏.smali	861	1e061d	msg
smali_classes2\top\suzhelan\qstory\hook\item\mcp\config\飘花落叶言子楪世兰哲苏.smali	869	0710021c	text
smali_classes2\top\suzhelan\qstory\hook\item\mcp\config\飘花落叶言子楪世兰哲苏.smali	1662	1e100e000a08	method
smali_classes2\top\suzhelan\qstory\hook\item\mcp\config\飘花落叶言子楪世兰哲苏.smali	1696	1a11	id
smali_classes2\top\suzhelan\qstory\hook\item\mcp\config\飘花落叶言子楪世兰哲苏.smali	1720	03140809081f	params
smali_classes2\top\suzhelan\qstory\hook\item\mcp\config\飘花落叶言子楪世兰哲苏.smali	1818	1119150b0e	block
smali_classes2\top\suzhelan\qstory\hook\item\mcp\config\飘花落叶言子楪世兰哲苏.smali	1822	181003	key
smali_classes2\top\suzhelan\qstory\hook\item\mcp\config\飘花落叶言子楪世兰哲苏.smali	1936	071a150416	tools
smali_classes2\top\suzhelan\qstory\hook\item\mcp\config\飘花落叶言子楪世兰哲苏.smali	2174	1a063f1a170313	isError
smali_classes2\top\suzhelan\qstory\hook\item\mcp\config\飘花落叶言子楪世兰哲苏.smali	2178	101a141c000215	content
smali_classes2\top\suzhelan\qstory\hook\item\mcp\config\飘花落叶言子楪世兰哲苏.smali	2251	070c0a0d	type
smali_classes2\top\suzhelan\qstory\hook\item\mcp\config\飘花落叶言子楪世兰哲苏.smali	2448	1d14170d	name
smali_classes2\top\suzhelan\qstory\hook\item\mcp\config\飘花落叶言子楪世兰哲苏.smali	2929	031c140f	ping
smali_classes2\top\suzhelan\qstory\hook\item\mcp\config\飘花落叶言子楪世兰哲苏.smali	3138	0808	{}
smali_classes2\top\suzhelan\qstory\hook\item\mcp\config\飘花落叶言子楪世兰苏哲.smali	23	1a11	id
smali_classes2\top\suzhelan\qstory\hook\item\mcp\config\飘花落叶言子楪世兰苏哲.smali	37	071c0e0400	title
smali_classes2\top\suzhelan\qstory\hook\item\mcp\config\飘花落叶言子楪世兰苏哲.smali	146	1a11	id
smali_classes2\top\suzhelan\qstory\hook\item\mcp\config\飘花落叶言子楪世兰苏哲.smali	160	071c0e0400	title
smali_classes2\top\suzhelan\qstory\hook\item\mcp\config\飘花落叶言子楪世哲兰苏.smali	11	1a011f0516	items
smali_classes2\top\suzhelan\qstory\hook\item\mcp\config\飘花落叶言子楪世苏兰哲.smali	46	0710021c	text
smali_classes2\top\suzhelan\qstory\hook\item\mcp\config\飘花落叶言子楪世苏兰哲.smali	50	070c0a0d	type
smali_classes2\top\suzhelan\qstory\hook\item\mcp\config\飘花落叶言子楪世苏兰哲.smali	79	1d14170d	name
smali_classes2\top\suzhelan\qstory\hook\item\mcp\config\飘花落叶言子楪世苏哲兰.smali	198	1119150b0e	block
smali_classes2\top\suzhelan\qstory\hook\item\mcp\config\飘花落叶言子楪世苏哲兰.smali	221	1d14170d	name
smali_classes2\top\suzhelan\qstory\hook\item\mcp\config\飘花落叶言子楪世苏哲兰.smali	242	0510081b0c030f	version
smali_classes2\top\suzhelan\qstory\hook\item\mcp\config\飘花落叶言子楪世苏哲兰.smali	254	425b4a4655	1.0.0
smali_classes2\top\suzhelan\qstory\hook\item\mcp\config\飘花落叶言子楪世苏哲兰.smali	320	071a150416	tools
smali_classes2\top\suzhelan\qstory\hook\item\mcp\config\飘花落叶言子楪世苏哲兰.smali	397	5c181918	/mcp
smali_classes2\top\suzhelan\qstory\hook\item\飘花落叶言子世兰哲楪苏.smali	250	02001f1a1c	query
smali_classes2\top\suzhelan\qstory\hook\item\飘花落叶言子世兰哲苏楪.smali	47	1f1a1b0c001e	loader
smali_classes2\top\suzhelan\qstory\hook\item\飘花落叶言子世兰楪哲苏.smali	85	1f1a1b0c001e	loader
smali_classes2\top\suzhelan\qstory\hook\item\飘花落叶言子世兰苏哲楪.smali	47	1f1a1b0c001e	loader
smali_classes2\top\suzhelan\qstory\hook\item\飘花落叶言子世兰苏哲楪.smali	92	1b	h
smali_classes2\top\suzhelan\qstory\hook\item\飘花落叶言子世哲兰楪苏.smali	50	1e061d2101	msgId
smali_classes2\top\suzhelan\qstory\hook\item\飘花落叶言子世哲兰苏楪.smali	69	1e061d3c0c0104	msgTime
smali_classes2\top\suzhelan\qstory\hook\item\飘花落叶言子世哲兰苏楪.smali	677	001c000d	size
smali_classes2\top\suzhelan\qstory\hook\item\飘花落叶言子世哲兰苏楪.smali	1016	03101f1a300505	peerUid
smali_classes2\top\suzhelan\qstory\hook\item\飘花落叶言子世哲兰苏楪.smali	1044	1e061d3b001d	msgSeq
smali_classes2\top\suzhelan\qstory\hook\item\飘花落叶言子世哲兰苏楪.smali	1271	161b0e011115	entity
smali_classes2\top\suzhelan\qstory\hook\item\飘花落叶言子世哲兰苏楪.smali	1377	9bd7d1	被
smali_classes2\top\suzhelan\qstory\hook\item\飘花落叶言子世哲兰苏楪.smali	1423	5b	(
smali_classes2\top\suzhelan\qstory\hook\item\飘花落叶言子世哲兰苏楪.smali	1445	5a	)
smali_classes2\top\suzhelan\qstory\hook\item\飘花落叶言子世哲兰苏楪.smali	1552	1e061d2101	msgId
smali_classes2\top\suzhelan\qstory\hook\item\飘花落叶言子世哲兰苏楪.smali	1627	9ae2d08fe0cb	闪照
smali_classes2\top\suzhelan\qstory\hook\item\飘花落叶言子世哲楪兰苏.smali	44	9acee280cbc8	默认
smali_classes2\top\suzhelan\qstory\hook\item\飘花落叶言子世哲楪兰苏.smali	76	95e9fa8dd5e3	最小
smali_classes2\top\suzhelan\qstory\hook\item\飘花落叶言子世哲楪兰苏.smali	108	94e0df8dd5e3	略小
smali_classes2\top\suzhelan\qstory\hook\item\飘花落叶言子世哲楪兰苏.smali	141	94e0df8dc1cb	略大
smali_classes2\top\suzhelan\qstory\hook\item\飘花落叶言子世哲楪兰苏.smali	174	95e9fa8dc1cb	最大
smali_classes2\top\suzhelan\qstory\hook\item\飘花落叶言子世哲楪兰苏.smali	261	1f1a1b0c001e	loader
smali_classes2\top\suzhelan\qstory\hook\item\飘花落叶言子世哲楪兰苏.smali	530	0010140c281f06	sendMsg
smali_classes2\top\suzhelan\qstory\hook\item\飘花落叶言子世哲楪兰苏.smali	734	9acee280cbc8	默认
smali_classes2\top\suzhelan\qstory\hook\item\飘花落叶言子世哲苏兰楪.smali	111	5d	.
smali_classes2\top\suzhelan\qstory\hook\item\飘花落叶言子世哲苏兰楪.smali	165	5d140a03	.apk
smali_classes2\top\suzhelan\qstory\hook\item\飘花落叶言子世哲苏兰楪.smali	406	561b	%n
smali_classes2\top\suzhelan\qstory\hook\item\飘花落叶言子世哲苏兰楪.smali	442	5605	%p
smali_classes2\top\suzhelan\qstory\hook\item\飘花落叶言子世哲苏兰楪.smali	480	5603	%v
smali_classes2\top\suzhelan\qstory\hook\item\飘花落叶言子世哲苏兰楪.smali	513	5616	%c
smali_classes2\top\suzhelan\qstory\hook\item\飘花落叶言子世哲苏兰楪.smali	872	151c140c001e	finder
smali_classes2\top\suzhelan\qstory\hook\item\飘花落叶言子世哲苏兰楪.smali	904	151c140c001e	finder
smali_classes2\top\suzhelan\qstory\hook\item\飘花落叶言子世楪兰哲苏.smali	47	1f1a1b0c001e	loader
smali_classes2\top\suzhelan\qstory\hook\item\飘花落叶言子世楪兰苏哲.smali	50	0314080908	param
smali_classes2\top\suzhelan\qstory\hook\item\飘花落叶言子世楪哲兰苏.smali	89	010014	run
smali_classes2\top\suzhelan\qstory\hook\item\飘花落叶言子世楪哲兰苏.smali	428	01100a071718	report
smali_classes2\top\suzhelan\qstory\hook\item\飘花落叶言子世楪哲苏兰.smali	326	1f1a1b0c001e	loader
smali_classes2\top\suzhelan\qstory\hook\item\飘花落叶言子世楪苏兰哲.smali	215	031c1e	pid
smali_classes2\top\suzhelan\qstory\hook\item\飘花落叶言子世楪苏兰哲.smali	767	071c0e0400	title
smali_classes2\top\suzhelan\qstory\hook\item\飘花落叶言子世楪苏兰哲.smali	775	041a080c0c0206	wording
smali_classes2\top\suzhelan\qstory\hook\item\飘花落叶言子世楪苏兰哲.smali	895	96c9c38fcffb	弹窗
smali_classes2\top\suzhelan\qstory\hook\item\飘花落叶言子世楪苏哲兰.smali	57	0314080908	param
smali_classes2\top\suzhelan\qstory\hook\item\飘花落叶言子世楪苏哲兰.smali	178	0314080908	param
smali_classes2\top\suzhelan\qstory\hook\item\飘花落叶言子世苏兰哲楪.smali	47	1f1a1b0c001e	loader
smali_classes2\top\suzhelan\qstory\hook\item\飘花落叶言子世苏兰楪哲.smali	47	1f1a1b0c001e	loader
smali_classes2\top\suzhelan\qstory\hook\item\飘花落叶言子世苏哲兰楪.smali	47	1f1a1b0c001e	loader
smali_classes2\top\suzhelan\qstory\hook\item\飘花落叶言子世苏哲楪兰.smali	50	0314080908	param
smali_classes2\top\suzhelan\qstory\hook\item\飘花落叶言子世苏哲楪兰.smali	172	12071d1b	args
smali_classes2\top\suzhelan\qstory\hook\item\飘花落叶言子世苏哲楪兰.smali	242	00011b1c00	state
smali_classes2\top\suzhelan\qstory\hook\item\飘花落叶言子世苏楪哲兰.smali	47	1f1a1b0c001e	loader
smali_classes2\top\suzhelan\qstory\hook\item\飘花落叶言子哲世楪兰苏.smali	437	151c140c001e	finder
smali_classes2\top\suzhelan\qstory\hook\item\飘花落叶言子哲世楪兰苏.smali	453	151c140c001e	finder
smali_classes2\top\suzhelan\qstory\hook\item\飘花落叶言子哲世楪兰苏.smali	613	1c1a17	oom
smali_classes2\top\suzhelan\qstory\hook\item\飘花落叶言子哲楪世苏兰.smali	42	94eec28ef9d6	相机
smali_classes2\top\suzhelan\qstory\hook\item\飘花落叶言子哲楪世苏兰.smali	74	9bdad781fadf	语音
smali_classes2\top\suzhelan\qstory\hook\item\飘花落叶言子哲楪兰世苏.smali	47	1f1a1b0c001e	loader
smali_classes2\top\suzhelan\qstory\hook\item\飘花落叶言子哲楪兰苏世.smali	621	151c140c001e	finder
smali_classes2\top\suzhelan\qstory\hook\item\飘花落叶言子哲楪兰苏世.smali	637	151c140c001e	finder
smali_classes2\top\suzhelan\qstory\hook\item\飘花落叶言子哲楪苏世兰.smali	73	1f1a1b0c001e	loader
smali_classes2\top\suzhelan\qstory\hook\item\飘花落叶言子哲楪苏世兰.smali	139	14100e3e0c0916	getView
smali_classes2\top\suzhelan\qstory\hook\item\飘花落叶言子哲楪苏世兰.smali	265	151c140c001e	finder
smali_classes2\top\suzhelan\qstory\hook\item\飘花落叶言子哲楪苏世兰.smali	300	4f061f1c48535f	<set-?>
smali_classes2\top\suzhelan\qstory\hook\item\飘花落叶言子哲楪苏世兰.smali	320	151c140c001e	finder
smali_classes2\top\suzhelan\qstory\hook\item\飘花落叶言子哲楪苏兰世.smali	47	1f1a1b0c001e	loader
smali_classes2\top\suzhelan\qstory\hook\item\飘花落叶言子楪世兰哲苏.smali	70	00011b1c00	state
smali_classes2\top\suzhelan\qstory\hook\item\飘花落叶言子楪世兰哲苏.smali	159	1218151d0b18	amount
smali_classes2\top\suzhelan\qstory\hook\item\飘花落叶言子楪世兰苏哲.smali	221	1b10022f100505	hexGuid
smali_classes2\top\suzhelan\qstory\hook\item\飘花落叶言子楪世兰苏哲.smali	305	1f1c091c0c08	listid
smali_classes2\top\suzhelan\qstory\hook\item\飘花落叶言子楪世兰苏哲.smali	322	4e	=
smali_classes2\top\suzhelan\qstory\hook\item\飘花落叶言子楪世兰苏哲.smali	456	42	1
smali_classes2\top\suzhelan\qstory\hook\item\飘花落叶言子楪世兰苏哲.smali	512	551b1b0500	&name
smali_classes2\top\suzhelan\qstory\hook\item\飘花落叶言子楪世兰苏哲.smali	577	43	0
smali_classes2\top\suzhelan\qstory\hook\item\飘花落叶言子楪世兰苏哲.smali	633	55001306	&uin
smali_classes2\top\suzhelan\qstory\hook\item\飘花落叶言子楪世兰苏哲.smali	937	161b19111518	encypt
smali_classes2\top\suzhelan\qstory\hook\item\飘花落叶言子楪世兰苏哲.smali	997	161b193c001415	encText
smali_classes2\top\suzhelan\qstory\hook\item\飘花落叶言子楪世兰苏哲.smali	1053	10121326040104	cgiName
smali_classes2\top\suzhelan\qstory\hook\item\飘花落叶言子楪世兰苏哲.smali	1073	00100e	set
smali_classes2\top\suzhelan\qstory\hook\item\飘花落叶言子楪世兰苏哲.smali	1118	01100b3c001415	reqText
smali_classes2\top\suzhelan\qstory\hook\item\飘花落叶言子楪世兰苏哲.smali	1167	0114140c0a01	random
smali_classes2\top\suzhelan\qstory\hook\item\飘花落叶言子楪世兰苏哲.smali	1224	161b2e111509	enType
smali_classes2\top\suzhelan\qstory\hook\item\飘花落叶言子楪世兰苏哲.smali	1408	10181e	cmd
smali_classes2\top\suzhelan\qstory\hook\item\飘花落叶言子楪世兰苏哲.smali	1437	17140e09	data
smali_classes2\top\suzhelan\qstory\hook\item\飘花落叶言子楪世兰苏哲.smali	1454	071c170d0a1915	timeout
smali_classes2\top\suzhelan\qstory\hook\item\飘花落叶言子楪世兰苏哲.smali	1812	53	 
smali_classes2\top\suzhelan\qstory\hook\item\飘花落叶言子楪世兰苏哲.smali	1892	0f	|
smali_classes2\top\suzhelan\qstory\hook\item\飘花落叶言子楪世兰苏哲.smali	1925	2f09	\|
smali_classes2\top\suzhelan\qstory\hook\item\飘花落叶言子楪世哲兰苏.smali	465	42444e5d5458	114514
smali_classes2\top\suzhelan\qstory\hook\item\飘花落叶言子楪世哲苏兰.smali	152	171016091c	delay
smali_classes2\top\suzhelan\qstory\hook\item\飘花落叶言子楪世苏兰哲.smali	54	5c45	/0
smali_classes2\top\suzhelan\qstory\hook\item\飘花落叶言子楪世苏兰哲.smali	58	1e061d2101	msgId
smali_classes2\top\suzhelan\qstory\hook\item\飘花落叶言子楪世苏兰哲.smali	70	03101f1a300505	peerUid
smali_classes2\top\suzhelan\qstory\hook\item\飘花落叶言子楪兰世哲苏.smali	317	00100e	set
smali_classes2\top\suzhelan\qstory\hook\item\飘花落叶言子楪兰世哲苏.smali	531	1f1a1b0c001e	loader
smali_classes2\top\suzhelan\qstory\hook\item\飘花落叶言子楪兰哲世苏.smali	47	1f1a1b0c001e	loader
smali_classes2\top\suzhelan\qstory\hook\item\飘花落叶言子楪兰哲苏世.smali	51	1f1a1b0c001e	loader
smali_classes2\top\suzhelan\qstory\hook\item\飘花落叶言子楪兰哲苏世.smali	77	12	a
smali_classes2\top\suzhelan\qstory\hook\item\飘花落叶言子楪兰哲苏世.smali	145	151c140c001e	finder
smali_classes2\top\suzhelan\qstory\hook\item\飘花落叶言子楪兰苏世哲.smali	53	0314080908	param
smali_classes2\top\suzhelan\qstory\hook\item\飘花落叶言子楪兰苏哲世.smali	87	0314080908	param
smali_classes2\top\suzhelan\qstory\hook\item\飘花落叶言子楪兰苏哲世.smali	791	151a141c2c08	fontId
smali_classes2\top\suzhelan\qstory\hook\item\飘花落叶言子楪兰苏哲世.smali	899	0314080908	param
smali_classes2\top\suzhelan\qstory\hook\item\飘花落叶言子楪兰苏哲世.smali	981	42444e5d5458	114514
smali_classes2\top\suzhelan\qstory\hook\item\飘花落叶言子楪哲世兰苏.smali	131	151c140c001e	finder
smali_classes2\top\suzhelan\qstory\hook\item\飘花落叶言子楪哲世兰苏.smali	147	151c140c001e	finder
smali_classes2\top\suzhelan\qstory\hook\item\飘花落叶言子楪哲兰世苏.smali	47	1f1a1b0c001e	loader
smali_classes2\top\suzhelan\qstory\hook\item\飘花落叶言子楪哲苏兰世.smali	358	1f1c091c	list
smali_classes2\top\suzhelan\qstory\hook\item\飘花落叶言子楪哲苏兰世.smali	447	5d342a23	.APK
smali_classes2\top\suzhelan\qstory\hook\item\飘花落叶言子楪哲苏兰世.smali	451	5d140a03	.apk
smali_classes2\top\suzhelan\qstory\hook\item\飘花落叶言子楪哲苏兰世.smali	471	12071d1b	args
smali_classes2\top\suzhelan\qstory\hook\item\飘花落叶言子楪哲苏兰世.smali	1134	16	e
smali_classes2\top\suzhelan\qstory\hook\item\飘花落叶言子楪哲苏兰世.smali	1215	5a55	) 
smali_classes2\top\suzhelan\qstory\hook\item\飘花落叶言子楪哲苏兰世.smali	1644	1a011f0516	items
smali_classes2\top\suzhelan\qstory\hook\item\飘花落叶言子楪哲苏兰世.smali	1702	070c0a0d	type
smali_classes2\top\suzhelan\qstory\hook\item\飘花落叶言子楪哲苏兰世.smali	1730	0204	qq
smali_classes2\top\suzhelan\qstory\hook\item\飘花落叶言子楪哲苏兰世.smali	1754	061c14	uin
smali_classes2\top\suzhelan\qstory\hook\item\飘花落叶言子楪哲苏兰世.smali	1791	061c1e	uid
smali_classes2\top\suzhelan\qstory\hook\item\飘花落叶言子楪哲苏兰世.smali	1820	1d18	nm
smali_classes2\top\suzhelan\qstory\hook\item\飘花落叶言子楪哲苏兰世.smali	2521	00011b1c0c0f	static
smali_classes2\top\suzhelan\qstory\hook\item\飘花落叶言子楪哲苏兰世.smali	2541	79	\n
smali_classes2\top\suzhelan\qstory\hook\item\飘花落叶言子楪哲苏兰世.smali	2545	48	;
smali_classes2\top\suzhelan\qstory\hook\item\飘花落叶言子楪哲苏兰世.smali	2561	51	"
smali_classes2\top\suzhelan\qstory\hook\item\飘花落叶言子楪苏世兰哲.smali	47	1f1a1b0c001e	loader
smali_classes2\top\suzhelan\qstory\hook\item\飘花落叶言子楪苏世哲兰.smali	91	34071b0a2d0e	GrabHb
smali_classes2\top\suzhelan\qstory\hook\item\飘花落叶言子楪苏世哲兰.smali	428	03101f1a300505	peerUid
smali_classes2\top\suzhelan\qstory\hook\item\飘花落叶言子楪苏世哲兰.smali	556	12000e000e0918	authkey
smali_classes2\top\suzhelan\qstory\hook\item\飘花落叶言子楪苏世哲兰.smali	580	111c16042b03	billNo
smali_classes2\top\suzhelan\qstory\hook\item\飘花落叶言子楪苏世哲兰.smali	655	1d1a0e010609	notice
smali_classes2\top\suzhelan\qstory\hook\item\飘花落叶言子楪苏兰世哲.smali	47	1f1a1b0c001e	loader
smali_classes2\top\suzhelan\qstory\hook\item\飘花落叶言子楪苏兰世哲.smali	74	001d151f	show
smali_classes2\top\suzhelan\qstory\hook\item\飘花落叶言子楪苏兰哲世.smali	47	1f1a1b0c001e	loader
smali_classes2\top\suzhelan\qstory\hook\item\飘花落叶言子楪苏兰哲世.smali	92	05	v
smali_classes2\top\suzhelan\qstory\hook\item\飘花落叶言子楪苏哲兰世.smali	53	0314080908	param
smali_classes2\top\suzhelan\qstory\hook\item\飘花落叶言子苏世兰哲楪.smali	47	1f1a1b0c001e	loader
smali_classes2\top\suzhelan\qstory\hook\item\飘花落叶言子苏世兰哲楪.smali	108	1a1b0c070e09	invoke
smali_classes2\top\suzhelan\qstory\hook\item\飘花落叶言子苏世哲兰楪.smali	46	0314080908	param
smali_classes2\top\suzhelan\qstory\hook\item\飘花落叶言子苏世哲兰楪.smali	289	12071d1b	args
smali_classes2\top\suzhelan\qstory\hook\item\飘花落叶言子苏世哲楪兰.smali	23	1d14170d	name
smali_classes2\top\suzhelan\qstory\hook\item\飘花落叶言子苏世楪兰哲.smali	228	0010140c281f06	sendMsg
smali_classes2\top\suzhelan\qstory\hook\item\飘花落叶言子苏世楪哲兰.smali	284	1f1a1b0c001e	loader
smali_classes2\top\suzhelan\qstory\hook\item\飘花落叶言子苏世楪哲兰.smali	504	1c1b2c071109	onVote
smali_classes2\top\suzhelan\qstory\hook\item\飘花落叶言子苏世楪哲兰.smali	528	251a0e0d	Vote
smali_classes2\top\suzhelan\qstory\hook\item\飘花落叶言子苏世楪哲兰.smali	552	051a0e0d	vote
smali_classes2\top\suzhelan\qstory\hook\item\飘花落叶言子苏世楪哲兰.smali	948	1c1b39040c0f0a	onClick
smali_classes2\top\suzhelan\qstory\hook\item\飘花落叶言子苏兰世哲楪.smali	47	0314080908	param
smali_classes2\top\suzhelan\qstory\hook\item\飘花落叶言子苏兰世楪哲.smali	47	1f1a1b0c001e	loader
smali_classes2\top\suzhelan\qstory\hook\item\飘花落叶言子苏兰哲楪世.smali	47	1f1a1b0c001e	loader
smali_classes2\top\suzhelan\qstory\hook\item\飘花落叶言子苏兰哲楪世.smali	121	1c1b2e010607	onTick
smali_classes2\top\suzhelan\qstory\hook\item\飘花落叶言子苏兰楪世哲.smali	290	101d1f0b0e	check
smali_classes2\top\suzhelan\qstory\hook\item\飘花落叶言子苏兰楪世哲.smali	314	101414	can
smali_classes2\top\suzhelan\qstory\hook\item\飘花落叶言子苏兰楪世哲.smali	338	1a06	is
smali_classes2\top\suzhelan\qstory\hook\item\飘花落叶言子苏兰楪世哲.smali	421	1f1a1b0c001e	loader
smali_classes2\top\suzhelan\qstory\hook\item\飘花落叶言子苏兰楪哲世.smali	47	1f1a1b0c001e	loader
smali_classes2\top\suzhelan\qstory\hook\item\飘花落叶言子苏哲世兰楪.smali	51	1f1a1b0c001e	loader
smali_classes2\top\suzhelan\qstory\hook\item\飘花落叶言子苏哲世楪兰.smali	43	0314080908	param
smali_classes2\top\suzhelan\qstory\hook\item\飘花落叶言子苏哲兰世楪.smali	47	1f1a1b0c001e	loader
smali_classes2\top\suzhelan\qstory\hook\item\飘花落叶言子苏哲兰楪世.smali	47	1f1a1b0c001e	loader
smali_classes2\top\suzhelan\qstory\hook\item\飘花落叶言子苏哲楪世兰.smali	122	151c140c001e	finder
smali_classes2\top\suzhelan\qstory\hook\item\飘花落叶言子苏哲楪世兰.smali	138	151c140c001e	finder
smali_classes2\top\suzhelan\qstory\hook\item\飘花落叶言子苏楪世哲兰.smali	47	0314080908	param
smali_classes2\top\suzhelan\qstory\hook\item\飘花落叶言子苏楪世哲兰.smali	183	3a	I
smali_classes2\top\suzhelan\qstory\hook\item\飘花落叶言子苏楪世哲兰.smali	208	36	E
smali_classes2\top\suzhelan\qstory\hook\item\飘花落叶言子苏楪世哲兰.smali	233	37	D
smali_classes2\top\suzhelan\qstory\hook\item\飘花落叶言子苏楪世哲兰.smali	290	0314080908	param
smali_classes2\top\suzhelan\qstory\hook\item\飘花落叶言子苏楪兰世哲.smali	47	1f1a1b0c001e	loader
smali_classes2\top\suzhelan\qstory\hook\item\飘花落叶言子苏楪兰哲世.smali	51	0314080908	param
smali_classes2\top\suzhelan\qstory\hook\item\飘花落叶言子苏楪哲兰世.smali	180	79	\n
smali_classes2\top\suzhelan\qstory\hook\item\飘花落叶言子苏楪哲兰世.smali	254	5b	(
smali_classes2\top\suzhelan\qstory\hook\item\飘花落叶言子苏楪哲兰世.smali	276	5a	)
smali_classes2\top\suzhelan\qstory\hook\item\飘花落叶言子苏楪哲兰世.smali	783	03101f1a300505	peerUid
smali_classes2\top\suzhelan\qstory\hook\item\飘花落叶言子苏楪哲兰世.smali	978	12000e000e0918	authkey
smali_classes2\top\suzhelan\qstory\hook\item\飘花落叶言子苏楪哲兰世.smali	1002	111c16042b03	billNo
smali_classes2\top\suzhelan\qstory\hook\item\飘花落叶言子苏楪哲兰世.smali	1095	1d1a0e010609	notice
smali_classes2\top\suzhelan\qstory\hook\item\飘花落叶言子苏楪哲兰世.smali	1378	16191f05000215	element
smali_classes2\top\suzhelan\qstory\hook\item\飘花落叶言子苏楪哲兰世.smali	1849	00011b1c00	state
smali_classes2\top\suzhelan\qstory\hook\item\飘花落叶言子苏楪哲兰世.smali	1923	041c09000c0206	wishing
smali_classes2\top\suzhelan\qstory\hook\item\飘花落叶言子苏楪哲兰世.smali	2067	1218151d0b18	amount
smali_classes2\top\suzhelan\qstory\hook\item\飘花落叶言子苏楪哲兰世.smali	2196	79	\n
smali_classes2\top\suzhelan\qstory\hook\item\飘花落叶言子苏楪哲兰世.smali	2305	5b	(
smali_classes2\top\suzhelan\qstory\hook\item\飘花落叶言子苏楪哲兰世.smali	2327	5a	)
smali_classes2\top\suzhelan\qstory\hook\item\飘花落叶言子苏楪哲兰世.smali	2428	0f	|
smali_classes2\top\suzhelan\qstory\hook\item\飘花落叶言子苏楪哲兰世.smali	2470	2f09	\|
smali_classes2\top\suzhelan\qstory\hook\item\飘花落叶言子苏楪哲兰世.smali	2730	06061f1a	user
smali_classes2\top\suzhelan\qstory\loader\CoreLoader.smali	158	0808	{}
smali_classes2\top\suzhelan\qstory\ui\activity\SettingActivityKt$SettingRoute$1$2$1$5$2$1.smali	100	0345	p0
smali_classes2\top\suzhelan\qstory\ui\activity\SettingActivityKt$SettingRoute$1$2$1$5$3$1.smali	106	0345	p0
smali_classes2\top\suzhelan\qstory\ui\activity\SettingActivityKt$SettingRoute$1$2$1$5$4$1.smali	102	0345	p0
smali_classes2\top\suzhelan\qstory\ui\activity\SettingActivityKt$SettingRoute$1$2$1$5$4$1.smali	116	0344	p1
smali_classes2\top\suzhelan\qstory\ui\activity\SettingActivityKt$SettingRoute$1$2$1$5$5$1.smali	102	0345	p0
smali_classes2\top\suzhelan\qstory\ui\activity\SettingActivityKt$SettingRoute$1$2$1$5$5$1.smali	116	0344	p1
smali_classes2\top\suzhelan\qstory\ui\activity\SettingActivityKt$SettingRoute$1$2$3$1.smali	100	0345	p0
smali_classes2\top\suzhelan\qstory\ui\activity\SettingActivityKt$SettingRoute$1$2$5$1.smali	100	0345	p0
smali_classes2\top\suzhelan\qstory\ui\activity\SettingActivityKt$SettingRoute$1$2$5$1.smali	127	1810031f0a1e05	keyword
smali_classes2\top\suzhelan\qstory\ui\activity\SettingActivityKt$SettingRoute$1$2$6$1.smali	124	1b1c091c0a1e18	history
smali_classes2\top\suzhelan\qstory\ui\activity\SettingActivityKt$SettingRoute$1$2$7$1.smali	100	0345	p0
smali_classes2\top\suzhelan\qstory\ui\activity\SettingActivityKt$SettingRoute$1$2$7$1.smali	127	0110091d0918	result
smali_classes2\top\suzhelan\qstory\ui\activity\飘花落叶言子楪世兰哲苏.smali	666	22260e071715	QStory
smali_classes2\top\suzhelan\qstory\ui\activity\飘花落叶言子楪世哲苏兰.smali	293	101a141c001415	context
smali_classes2\top\suzhelan\qstory\ui\activity\飘花落叶言子楪世哲苏兰.smali	357	011a151c	root
smali_classes2\top\suzhelan\qstory\ui\activity\飘花落叶言子楪世哲苏兰.smali	1461	22260e071715	QStory
smali_classes2\top\suzhelan\qstory\ui\components\飘花落叶言子楪世哲苏兰.smali	53	0710021c	text
smali_classes2\top\suzhelan\qstory\ui\components\飘花落叶言子楪世哲苏兰.smali	55	101a0f0611	count
smali_classes2\top\suzhelan\qstory\ui\components\飘花落叶言子楪世哲苏兰.smali	57	171a17090c02	domain
smali_classes2\top\suzhelan\qstory\ui\components\飘花落叶言子楪世哲苏兰.smali	63	1119150b0e	block
smali_classes2\top\suzhelan\qstory\ui\components\飘花落叶言子楪世哲苏兰.smali	69	181003	key
smali_classes2\top\suzhelan\qstory\ui\components\飘花落叶言子楪世哲苏兰.smali	71	061c14	uin
smali_classes2\top\suzhelan\qstory\ui\components\飘花落叶言子楪世哲苏兰.smali	79	03140e00	path
smali_classes2\top\suzhelan\qstory\ui\components\飘花落叶言子楪世哲苏兰.smali	87	12071d1b	args
smali_classes2\top\suzhelan\qstory\ui\components\飘花落叶言子楪世哲苏兰.smali	310	071c0e0400	title
smali_classes2\top\suzhelan\qstory\ui\components\飘花落叶言子楪世哲苏兰.smali	539	071c170d	time
smali_classes2\top\suzhelan\qstory\ui\components\飘花落叶言子楪世哲苏兰.smali	1015	1114090d5358	base64
smali_classes2\top\suzhelan\qstory\ui\components\飘花落叶言子楪世哲苏兰.smali	1038	001c000d	size
smali_classes2\top\suzhelan\qstory\ui\components\飘花落叶言子楪世哲苏兰.smali	1394	111e14	bkn
smali_classes2\top\suzhelan\qstory\ui\components\飘花落叶言子楪世哲苏兰.smali	1404	0306110d1c	pskey
smali_classes2\top\suzhelan\qstory\ui\components\飘花落叶言子楪世哲苏兰.smali	1730	161b0e1a1c	entry
smali_classes2\top\suzhelan\qstory\ui\components\飘花落叶言子楪世苏哲兰.smali	3227	1a011f0516	items
smali_classes2\top\suzhelan\qstory\ui\components\飘花落叶言子楪世苏哲兰.smali	5069	96fdfc8fdee8	分组
smali_classes2\top\suzhelan\qstory\ui\components\飘花落叶言子楪世苏哲兰.smali	5094	94eed48dd8f9	目录
smali_classes2\top\suzhelan\qstory\ui\components\飘花落叶言子楪世苏哲兰.smali	5110	96ffe580e6d1	功能
smali_classes2\top\suzhelan\qstory\ui\components\飘花落叶言子楪世苏哲兰.smali	6585	061c14	uin
smali_classes2\top\suzhelan\qstory\ui\components\飘花落叶言子楪世苏哲兰.smali	6890	22244048	QQ: 
smali_classes2\top\suzhelan\qstory\ui\components\飘花落叶言子楪世苏哲兰.smali	7774	1f1c091c2e0918	listKey
smali_classes2\top\suzhelan\qstory\ui\components\飘花落叶言子楪世苏哲兰.smali	7802	161b0e1a0c0912	entries
smali_classes2\top\suzhelan\qstory\ui\components\飘花落叶言子楪世苏哲兰.smali	9680	1810031f0a1e05	keyword
smali_classes2\top\suzhelan\qstory\ui\components\飘花落叶言子楪世苏哲兰.smali	9694	1b1c091c0a1e18	history
smali_classes2\top\suzhelan\qstory\ui\components\飘花落叶言子楪世苏哲兰.smali	9708	0110091d091812	results
smali_classes2\top\suzhelan\qstory\ui\components\飘花落叶言子楪世苏哲兰.smali	10428	071c0e0400	title
smali_classes2\top\suzhelan\qstory\ui\components\飘花落叶言子楪兰世哲苏.smali	406	95faea8fc1d6	提示
smali_classes2\top\suzhelan\qstory\ui\components\飘花落叶言子楪哲世苏兰.smali	297	1a011f0516	items
smali_classes2\top\suzhelan\qstory\ui\viewmodel\SettingPageTransitionDirection.smali	80	351a081f041e05	Forward
smali_classes2\top\suzhelan\qstory\ui\views\CustomChipGroup.smali	37	101a141c001415	context
smali_classes2\top\suzhelan\qstory\ui\views\CustomChipGroup.smali	51	12010e1a16	attrs
smali_classes2\top\suzhelan\qstory\ui\views\CustomRecycleView.smali	49	101a141c001415	context
smali_classes2\top\suzhelan\qstory\ui\views\CustomRecycleView.smali	63	12010e1a16	attrs
smali_classes2\top\suzhelan\qstory\ui\views\CustomRecycleView.smali	91	1603	ev
smali_classes2\top\yukonga\miuix\kmp\utils\飘花落叶言子世楪哲兰苏.smali	46	95edcf8fc2dc	昵称
smali_classes2\top\yukonga\miuix\kmp\utils\飘花落叶言子世楪哲兰苏.smali	50	96d1fd8ed6c4	备注
smali_classes2\top\yukonga\miuix\kmp\utils\飘花落叶言子世楪哲兰苏.smali	244	1b1a160c001e	holder
smali_classes2\top\yukonga\miuix\kmp\utils\飘花落叶言子世楪哲兰苏.smali	492	101a141c000215	content
smali_classes2\top\yukonga\miuix\kmp\utils\飘花落叶言子世楪哲兰苏.smali	615	95f5dd8dedc7	性别
smali_classes2\top\yukonga\miuix\kmp\utils\飘花落叶言子世楪哲兰苏.smali	644	96ccce81dbe8	年龄
smali_classes2\top\yukonga\miuix\kmp\utils\飘花落叶言子世楪哲兰苏.smali	685	94cbde8deadb	群号
smali_classes2\top\yukonga\miuix\kmp\utils\飘花落叶言子世楪哲兰苏.smali	706	94cbde8df5e1	群名
smali_classes2\top\yukonga\miuix\kmp\utils\飘花落叶言子世楪哲兰苏.smali	727	94cbde8cddd7	群主
smali_classes2\top\yukonga\miuix\kmp\utils\飘花落叶言子世楪哲兰苏.smali	760	1119150b0e	block
smali_classes2\top\yukonga\miuix\kmp\utils\飘花落叶言子世楪哲兰苏.smali	901	97c9e08df4f4	会员
smali_classes2\飘花落叶言世兰哲苏子楪\飘花落叶言子楪苏世哲兰.smali	6893	3e314f	MD5
smali_classes2\飘花落叶言世兰哲苏子楪\飘花落叶言子楪苏世哲兰.smali	6957	43	0
smali_classes2\飘花落叶言世兰子楪哲苏\飘花落叶言子楪世苏哲兰.smali	166	49	:
smali_classes2\飘花落叶言世兰子苏哲楪\飘花落叶言子楪世苏兰哲.smali	86	5c	/
smali_classes2\飘花落叶言世兰楪子哲苏\飘花落叶言子楪世兰苏哲.smali	178	50443f59205d24	#1E1E1E
smali_classes2\飘花落叶言世兰楪子哲苏\飘花落叶言子楪世兰苏哲.smali	195	50333c2e232a27	#FFFFFF
smali_classes2\飘花落叶言世兰楪子哲苏\飘花落叶言子楪世兰苏哲.smali	207	50304a2d552951	#E0E0E0
smali_classes2\飘花落叶言世兰楪子哲苏\飘花落叶言子楪世兰苏哲.smali	224	5046495b565f52	#333333
smali_classes2\飘花落叶言世兰楪子哲苏\飘花落叶言子楪世哲兰苏.smali	67	261c14	Uin
smali_classes2\飘花落叶言世兰楪子哲苏\飘花落叶言子楪世哲兰苏.smali	129	3a05	Ip
smali_classes2\飘花落叶言世兰楪子哲苏\飘花落叶言子楪世哲兰苏.smali	212	3f01	Lt
smali_classes2\飘花落叶言世兰楪子哲苏\飘花落叶言子楪世哲兰苏.smali	470	26061f1a30050f	UserUin
smali_classes2\飘花落叶言世兰楪子哲苏\飘花落叶言子楪世哲兰苏.smali	548	2c01130500	_time
smali_classes2\飘花落叶言世兰楪子哲苏\飘花落叶言子楪世哲兰苏.smali	974	041c140c0a1b	window
smali_classes2\飘花落叶言世兰楪子哲苏\飘花落叶言子楪世哲苏兰.smali	37	5c	/
smali_classes2\飘花落叶言世兰楪子哲苏\飘花落叶言子楪世哲苏兰.smali	313	36	E
smali_classes2\飘花落叶言世兰楪子哲苏\飘花落叶言子楪世哲苏兰.smali	411	96ccce58	年0
smali_classes2\飘花落叶言世兰楪子哲苏\飘花落叶言子楪世哲苏兰.smali	443	96ccce	年
smali_classes2\飘花落叶言世兰楪子哲苏\飘花落叶言子楪世哲苏兰.smali	464	95e9f258	月0
smali_classes2\飘花落叶言世兰楪子哲苏\飘花落叶言子楪世哲苏兰.smali	496	95e9f2	月
smali_classes2\飘花落叶言世兰楪子哲苏\飘花落叶言子楪世哲苏兰.smali	517	96e4d2	周
smali_classes2\飘花落叶言世兰楪子哲苏\飘花落叶言子楪世哲苏兰.smali	549	95ede58ef9f3	星期
smali_classes2\飘花落叶言世兰楪子哲苏\飘花落叶言子楪世哲苏兰.smali	639	79	\n
smali_classes2\飘花落叶言世兰楪子哲苏\飘花落叶言子楪世哲苏兰.smali	664	53485a	 = 
smali_classes2\飘花落叶言世兰楪子哲苏\飘花落叶言子楪世哲苏兰.smali	949	53555a	   
smali_classes2\飘花落叶言世兰楪子哲苏\飘花落叶言子楪世哲苏兰.smali	987	53	 
smali_classes2\飘花落叶言世兰楪子哲苏\飘花落叶言子楪世哲苏兰.smali	1112	53485a	 = 
smali_classes2\飘花落叶言世兰楪子哲苏\飘花落叶言子楪世哲苏兰.smali	1139	5d	.
smali_classes2\飘花落叶言世兰楪子哲苏\飘花落叶言子楪世哲苏兰.smali	1210	79	\n
smali_classes2\飘花落叶言世兰楪子哲苏\飘花落叶言子楪世哲苏兰.smali	1227	53555a	   
smali_classes2\飘花落叶言世兰楪子哲苏\飘花落叶言子楪世哲苏兰.smali	1319	5b	(
smali_classes2\飘花落叶言世兰楪子哲苏\飘花落叶言子楪世哲苏兰.smali	1349	5a	)
smali_classes2\飘花落叶言世兰楪子哲苏\飘花落叶言子楪世哲苏兰.smali	1491	797f70	\n\n\n
smali_classes2\飘花落叶言世兰楪子哲苏\飘花落叶言子楪世哲苏兰.smali	1586	5d1f1b1e04	.java
smali_classes2\飘花落叶言世兰楪子哲苏\飘花落叶言子楪世哲苏兰.smali	1739	00011b1c0c0f	static
smali_classes2\飘花落叶言世兰楪子哲苏\飘花落叶言子楪世哲苏兰.smali	1765	51	"
smali_classes2\飘花落叶言世兰楪子哲苏\飘花落叶言子楪世哲苏兰.smali	1979	1f10140f11045b	length:
smali_classes2\飘花落叶言世兰楪子哲苏\飘花落叶言子楪世哲苏兰.smali	2044	48	;
smali_classes2\飘花落叶言世兰楪子哲苏\飘花落叶言子楪世哲苏兰.smali	2061	79	\n
smali_classes2\飘花落叶言世兰楪子哲苏\飘花落叶言子楪世哲苏兰.smali	2152	5d1f1b1e04	.java
smali_classes2\飘花落叶言世兰楪子哲苏\飘花落叶言子楪世苏兰哲.smali	37	5c39150f4a	/Log/
smali_classes2\飘花落叶言世兰楪子哲苏\飘花落叶言子楪世苏兰哲.smali	77	79	\n
smali_classes2\飘花落叶言世兰楪子哲苏\飘花落叶言子楪世苏兰哲.smali	176	415b4c4651	2.6.4
smali_classes2\飘花落叶言世兰楪子哲苏\飘花落叶言子楪世苏兰哲.smali	228	27343d	TAG
smali_classes2\飘花落叶言世兰楪子哲苏\飘花落叶言子楪世苏兰哲.smali	277	95e9d08ffac9	未知
smali_classes2\飘花落叶言世兰楪子哲苏\飘花落叶言子楪世苏兰哲.smali	545	79	\n
smali_classes2\飘花落叶言世兰楪子哲苏\飘花落叶言子楪世苏兰哲.smali	930	210014240a0b	RunLog
smali_classes2\飘花落叶言世兰楪子哲苏\飘花落叶言子楪世苏兰哲.smali	975	5d01021c	.txt
smali_classes2\飘花落叶言世兰楪子哲苏\飘花落叶言子楪世苏兰哲.smali	1017	79	\n
smali_classes2\飘花落叶言世兰楪子哲苏\飘花落叶言子楪世苏兰哲.smali	1078	797f	\n\n
smali_classes2\飘花落叶言世兰楪子哲苏\飘花落叶言子楪世苏兰哲.smali	1178	36	E
smali_classes2\飘花落叶言世兰楪子哲苏\飘花落叶言子楪世苏兰哲.smali	1276	96ccce58	年0
smali_classes2\飘花落叶言世兰楪子哲苏\飘花落叶言子楪世苏兰哲.smali	1308	96ccce	年
smali_classes2\飘花落叶言世兰楪子哲苏\飘花落叶言子楪世苏兰哲.smali	1329	95e9f258	月0
smali_classes2\飘花落叶言世兰楪子哲苏\飘花落叶言子楪世苏兰哲.smali	1361	95e9f2	月
smali_classes2\飘花落叶言世兰楪子哲苏\飘花落叶言子楪世苏兰哲.smali	1382	96e4d2	周
smali_classes2\飘花落叶言世兰楪子哲苏\飘花落叶言子楪世苏兰哲.smali	1414	95ede58ef9f3	星期
smali_classes2\飘花落叶言世兰楪子苏哲\飘花落叶言子楪世苏兰哲.smali	30	05	v
smali_classes2\飘花落叶言世兰楪子苏哲\飘花落叶言子楪世苏兰哲.smali	367	95faea8fc1d6	提示
smali_classes2\飘花落叶言世兰楪子苏哲\飘花落叶言子楪世苏兰哲.smali	742	95e2da	无
smali_classes2\飘花落叶言世兰楪子苏哲\飘花落叶言子楪世苏兰哲.smali	772	95d5fd8fc8d25b	标签:
smali_classes2\飘花落叶言世兰楪苏哲子\飘花落叶言子楪世苏兰哲.smali	319	1f1c091c	list
smali_classes2\飘花落叶言世兰楪苏哲子\飘花落叶言子楪世苏哲兰.smali	140	27343d	TAG
smali_classes2\飘花落叶言世兰楪苏哲子\飘花落叶言子楪世苏哲兰.smali	282	1f1c091c	list
smali_classes2\飘花落叶言世兰楪苏子哲\飘花落叶言子楪世兰哲苏.smali	15	111c140c0c0206	binding
smali_classes2\飘花落叶言世兰楪苏子哲\飘花落叶言子楪世兰苏哲.smali	15	111c140c0c0206	binding
smali_classes2\飘花落叶言世兰楪苏子哲\飘花落叶言子楪世哲兰苏.smali	15	111c140c0c0206	binding
smali_classes2\飘花落叶言世兰楪苏子哲\飘花落叶言子楪世哲苏兰.smali	53	1b1a160c001e	holder
smali_classes2\飘花落叶言世兰楪苏子哲\飘花落叶言子楪世哲苏兰.smali	963	0314080d0b18	parent
smali_classes2\飘花落叶言世兰楪苏子哲\飘花落叶言子楪世哲苏兰.smali	967	101a141c001415	context
smali_classes2\飘花落叶言世兰楪苏子哲\飘花落叶言子楪兰世哲苏.smali	381	1810031f0a1e05	keyword
smali_classes2\飘花落叶言世兰楪苏子哲\飘花落叶言子楪兰世哲苏.smali	607	1e141306	main
smali_classes2\飘花落叶言世兰楪苏子哲\飘花落叶言子楪兰世哲苏.smali	785	94eed48dd8f9	目录
smali_classes2\飘花落叶言世兰楪苏子哲\飘花落叶言子楪兰世哲苏.smali	1522	1810031f0a1e05	keyword
smali_classes2\飘花落叶言世兰楪苏子哲\飘花落叶言子楪兰世哲苏.smali	1615	1b1c091c0a1e18	history
smali_classes2\飘花落叶言世兰楪苏子哲\飘花落叶言子楪兰世哲苏.smali	1648	1b1c091c0a1e18	history
smali_classes2\飘花落叶言世兰楪苏子哲\飘花落叶言子楪兰世哲苏.smali	1783	494f	::
smali_classes2\飘花落叶言世兰楪苏子哲\飘花落叶言子楪兰哲世苏.smali	17	0110091d091812	results
smali_classes2\飘花落叶言世兰楪苏子哲\飘花落叶言子楪兰哲世苏.smali	76	0314080d0b18	parent
smali_classes2\飘花落叶言世兰楪苏子哲\飘花落叶言子楪兰哲世苏.smali	142	1b1a160c001e	holder
smali_classes2\飘花落叶言世兰楪苏子哲\飘花落叶言子楪兰哲世苏.smali	259	96fdfc8fdee8	分组
smali_classes2\飘花落叶言世兰楪苏子哲\飘花落叶言子楪兰哲世苏.smali	284	94eed48dd8f9	目录
smali_classes2\飘花落叶言世兰楪苏子哲\飘花落叶言子楪兰哲世苏.smali	300	96ffe580e6d1	功能
smali_classes2\飘花落叶言世兰楪苏子哲\飘花落叶言子楪苏世兰哲.smali	39	051c1f1f	view
smali_classes2\飘花落叶言世兰楪苏子哲\飘花落叶言子楪苏世哲兰.smali	15	111c140c0c0206	binding
smali_classes2\飘花落叶言世哲兰楪子苏\飘花落叶言子楪世兰苏哲.smali	88	060716	url
smali_classes2\飘花落叶言世哲兰楪子苏\飘花落叶言子楪世兰苏哲.smali	114	9acbe38dfed2	龙图
smali_classes2\飘花落叶言世哲兰楪子苏\飘花落叶言子楪世兰苏哲.smali	148	9acbe38ec7fb	龙梗
smali_classes2\飘花落叶言世哲兰楪子苏\飘花落叶言子楪世兰苏哲.smali	260	0110091d0918	result
smali_classes2\飘花落叶言世哲兰楪子苏\飘花落叶言子楪世哲苏兰.smali	22	39	J
smali_classes2\飘花落叶言世哲兰楪子苏\飘花落叶言子楪世哲苏兰.smali	148	0010140c281f06	sendMsg
smali_classes2\飘花落叶言世哲兰楪子苏\飘花落叶言子楪世苏哲兰.smali	83	49	:
smali_classes2\飘花落叶言世哲兰楪子苏\飘花落叶言子楪世苏哲兰.smali	87	0110091d0918	result
smali_classes2\飘花落叶言世哲兰楪子苏\飘花落叶言子楪世苏哲兰.smali	95	060716	url
smali_classes2\飘花落叶言世哲兰楪子苏\飘花落叶言子楪世苏哲兰.smali	203	95eace81e6cd	柴郡
smali_classes2\飘花落叶言世哲兰楪子苏\飘花落叶言子楪世苏哲兰.smali	220	94f9d18fe9c7	猫猫
smali_classes2\飘花落叶言世哲兰楪子苏\飘花落叶言子楪世苏哲兰.smali	659	9acbe38dfed2	龙图
smali_classes2\飘花落叶言世哲兰楪子苏\飘花落叶言子楪世苏哲兰.smali	693	9acbe38ec7fb	龙梗
smali_classes2\飘花落叶言世哲兰楪子苏\飘花落叶言子楪苏世兰哲.smali	37	00100e25000214	setMenu
smali_classes2\飘花落叶言世哲兰楪苏子\飘花落叶言子楪世哲苏兰.smali	86	1c1b3e1a041b	onDraw
smali_classes2\飘花落叶言世哲兰苏子楪\飘花落叶言子楪世兰哲苏.smali	219	96fdda81fcc8	删除
smali_classes2\飘花落叶言世哲兰苏子楪\飘花落叶言子楪世兰苏哲.smali	137	50454a58555c51	#000000
smali_classes2\飘花落叶言世哲兰苏子楪\飘花落叶言子楪世哲兰苏.smali	225	001d151f4514	show x
smali_classes2\飘花落叶言世哲兰苏子楪\飘花落叶言子楪世哲兰苏.smali	268	001d151f4515	show y
smali_classes2\飘花落叶言世哲兰苏子楪\飘花落叶言子楪世哲兰苏.smali	575	001d151f4514	show x
smali_classes2\飘花落叶言世哲兰苏子楪\飘花落叶言子楪世哲兰苏.smali	608	001d151f4515	show y
smali_classes2\飘花落叶言世哲兰苏子楪\飘花落叶言子楪哲世苏兰.smali	68	79	\n
smali_classes2\飘花落叶言世哲兰苏子楪\飘花落叶言子楪哲世苏兰.smali	174	97cae78dc8f4	保存
smali_classes2\飘花落叶言世哲兰苏子楪\飘花落叶言子楪哲世苏兰.smali	195	95f5e780e5ef	思考
smali_classes2\飘花落叶言世哲兰苏子楪\飘花落叶言子楪苏兰哲世.smali	44	79	\n
smali_classes2\飘花落叶言世哲兰苏子楪\飘花落叶言子楪苏哲世兰.smali	56	79	\n
smali_classes2\飘花落叶言世哲兰苏子楪\飘花落叶言子楪苏哲世兰.smali	170	5c	/
smali_classes2\飘花落叶言世哲兰苏子楪\飘花落叶言子楪苏哲兰世.smali	43	5c23150106094e	/Voice/
smali_classes2\飘花落叶言世哲子兰苏楪\飘花落叶言子楪世苏哲兰.smali	23	415b4c4651	2.6.4
smali_classes2\飘花落叶言世哲子苏兰楪\飘花落叶言子楪哲苏世兰.smali	40	070c0a0d	type
smali_classes2\飘花落叶言世哲子苏兰楪\飘花落叶言子楪哲苏世兰.smali	190	1a01	it
smali_classes2\飘花落叶言世哲子苏兰楪\飘花落叶言子楪哲苏世兰.smali	238	5d171b03	.bak
smali_classes2\飘花落叶言世哲子苏兰楪\飘花落叶言子楪哲苏世兰.smali	463	1119150b0e	block
smali_classes2\飘花落叶言世哲子苏兰楪\飘花落叶言子楪哲苏世兰.smali	494	000108010b0b	string
smali_classes2\飘花落叶言世哲子苏兰楪\飘花落叶言子楪哲苏世兰.smali	506	181003	key
smali_classes2\飘花落叶言世哲子苏兰楪\飘花落叶言子楪哲苏世兰.smali	756	1a1b0e0d020913	integer
smali_classes2\飘花落叶言世哲子苏兰楪\飘花落叶言子楪哲苏世兰.smali	820	1c17100d0618	object
smali_classes2\飘花落叶言世哲子苏楪兰\飘花落叶言子世哲兰苏楪.smali	849	0514161d00	value
smali_classes2\飘花落叶言世哲子苏楪兰\飘花落叶言子世哲兰苏楪.smali	881	181003	key
smali_classes2\飘花落叶言世哲子苏楪兰\飘花落叶言子世哲兰苏楪.smali	938	070c0a0d	type
smali_classes2\飘花落叶言世哲子苏楪兰\飘花落叶言子世哲兰苏楪.smali	950	1c17100d0618	object
smali_classes2\飘花落叶言世哲子苏楪兰\飘花落叶言子世哲兰苏楪.smali	979	1119150b0e	block
smali_classes2\飘花落叶言世哲子苏楪兰\飘花落叶言子世哲兰苏楪.smali	1035	1d14170d	name
smali_classes2\飘花落叶言世哲楪兰子苏\飘花落叶言子楪世苏兰哲.smali	261	301a15030c09	Cookie
smali_classes2\飘花落叶言世哲楪兰子苏\飘花落叶言子楪世苏兰哲.smali	311	3216190d1518	Accept
smali_classes2\飘花落叶言世哲楪兰子苏\飘花落叶言子楪世苏兰哲.smali	323	595a50	*/*
smali_classes2\飘花落叶言世哲楪兰子苏\飘花落叶言子楪世苏兰哲.smali	439	1b010e18	http
smali_classes2\飘花落叶言世哲楪兰子苏\飘花落叶言子楪世苏兰哲.smali	512	1216190d1518	accept
smali_classes2\飘花落叶言世哲楪兰子苏\飘花落叶言子楪世苏兰哲.smali	524	595a50	*/*
smali_classes2\飘花落叶言世哲楪兰子苏\飘花落叶言子楪世苏兰哲.smali	689	79	\n
smali_classes2\飘花落叶言世哲楪兰子苏\飘花落叶言子楪世苏兰哲.smali	889	301a15030c09	Cookie
smali_classes2\飘花落叶言世哲楪兰子苏\飘花落叶言子楪世苏兰哲.smali	935	3216190d1518	Accept
smali_classes2\飘花落叶言世哲楪兰子苏\飘花落叶言子楪世苏兰哲.smali	947	595a50	*/*
smali_classes2\飘花落叶言世哲楪兰子苏\飘花落叶言子楪世苏兰哲.smali	1057	1b010e18	http
smali_classes2\飘花落叶言世哲楪兰子苏\飘花落叶言子楪世苏兰哲.smali	1177	3216190d1518	Accept
smali_classes2\飘花落叶言世哲楪兰子苏\飘花落叶言子楪世苏兰哲.smali	1189	595a50	*/*
smali_classes2\飘花落叶言世哲楪兰子苏\飘花落叶言子楪世苏兰哲.smali	1287	1b010e18	http
smali_classes2\飘花落叶言世哲楪兰子苏\飘花落叶言子楪世苏兰哲.smali	1429	3216190d1518	Accept
smali_classes2\飘花落叶言世哲楪兰子苏\飘花落叶言子楪世苏兰哲.smali	1441	595a50	*/*
smali_classes2\飘花落叶言世哲楪兰子苏\飘花落叶言子楪世苏兰哲.smali	1741	1b010e18	http
smali_classes2\飘花落叶言世哲楪兰子苏\飘花落叶言子楪世苏兰哲.smali	1879	3216190d1518	Accept
smali_classes2\飘花落叶言世哲楪兰子苏\飘花落叶言子楪世苏兰哲.smali	1891	595a50	*/*
smali_classes2\飘花落叶言世哲楪兰子苏\飘花落叶言子楪世苏兰哲.smali	2272	071c170d0a1915	timeout
smali_classes2\飘花落叶言世哲楪兰子苏\飘花落叶言子楪世苏兰哲.smali	2276	271c170d0a1915	Timeout
smali_classes2\飘花落叶言世哲楪兰子苏\飘花落叶言子楪世苏兰哲.smali	2287	1b010e18	http
smali_classes2\飘花落叶言世哲楪兰子苏\飘花落叶言子楪世苏兰哲.smali	2291	46454a58	5000
smali_classes2\飘花落叶言世哲楪兰子苏\飘花落叶言子楪世苏哲兰.smali	212	43	0
smali_classes2\飘花落叶言世哲楪兰子苏\飘花落叶言子楪世苏哲兰.smali	545	43	0
smali_classes2\飘花落叶言世哲楪兰子苏\飘花落叶言子楪世苏哲兰.smali	608	323029	AES
smali_classes2\飘花落叶言世哲楪兰苏子\飘花落叶言子楪世兰哲苏.smali	44	1a1b0c070e09	invoke
smali_classes2\飘花落叶言世哲楪兰苏子\飘花落叶言子楪世哲兰苏.smali	498	16	e
smali_classes2\飘花落叶言世哲楪兰苏子\飘花落叶言子楪世哲兰苏.smali	538	1f	l
smali_classes2\飘花落叶言世哲楪兰苏子\飘花落叶言子楪世哲兰苏.smali	780	0314080908	param
smali_classes2\飘花落叶言世哲楪兰苏子\飘花落叶言子楪世哲兰苏.smali	1163	22260e071715	QStory
smali_classes2\飘花落叶言世哲楪兰苏子\飘花落叶言子楪世哲兰苏.smali	1424	43	0
smali_classes2\飘花落叶言世哲楪兰苏子\飘花落叶言子楪世哲兰苏.smali	1488	3e14110d	Make
smali_classes2\飘花落叶言世哲楪兰苏子\飘花落叶言子楪世哲兰苏.smali	1505	3e1a1e0d09	Model
smali_classes2\飘花落叶言世哲楪兰苏子\飘花落叶言子楪世哲兰苏.smali	1541	3e1c140d	Mine
smali_classes2\飘花落叶言世哲楪兰苏子\飘花落叶言子楪世哲兰苏.smali	1791	03101f1a300505	peerUid
smali_classes2\飘花落叶言世哲楪兰苏子\飘花落叶言子楪世哲兰苏.smali	2179	42	1
smali_classes2\飘花落叶言世哲楪兰苏子\飘花落叶言子楪世哲兰苏.smali	2199	41	2
smali_classes2\飘花落叶言世哲楪兰苏子\飘花落叶言子楪世哲兰苏.smali	2283	40	3
smali_classes2\飘花落叶言世哲楪兰苏子\飘花落叶言子楪世哲兰苏.smali	2343	47	4
smali_classes2\飘花落叶言世哲楪兰苏子\飘花落叶言子楪世哲兰苏.smali	2363	46	5
smali_classes2\飘花落叶言世哲楪兰苏子\飘花落叶言子楪世苏哲兰.smali	35	3d1a0e010609	Notice
smali_classes2\飘花落叶言世哲楪兰苏子\飘花落叶言子楪苏世兰哲.smali	44	1a1b0c070e09	invoke
smali_classes2\飘花落叶言世哲楪兰苏子\飘花落叶言子楪苏哲兰世.smali	44	1a1b0c070e09	invoke
smali_classes2\飘花落叶言世哲楪子兰苏\飘花落叶言子楪世兰苏哲.smali	62	0344	p1
smali_classes2\飘花落叶言世哲楪子兰苏\飘花落叶言子楪世兰苏哲.smali	66	0345	p0
smali_classes2\飘花落叶言世哲楪子兰苏\飘花落叶言子楪世兰苏哲.smali	75	10141604	call
smali_classes2\飘花落叶言世哲楪子兰苏\飘花落叶言子楪世兰苏哲.smali	84	07	t
smali_classes2\飘花落叶言世哲楪子兰苏\飘花落叶言子楪世兰苏哲.smali	225	171c1b040a0b	dialog
smali_classes2\飘花落叶言世哲楪子兰苏\飘花落叶言子楪世兰苏哲.smali	229	79	\n
smali_classes2\飘花落叶言世哲楪子兰苏\飘花落叶言子楪世兰苏哲.smali	244	10141604	call
smali_classes2\飘花落叶言世哲楪子兰苏\飘花落叶言子楪世兰苏哲.smali	569	53170348	 by 
smali_classes2\飘花落叶言世哲楪子兰苏\飘花落叶言子楪世兰苏哲.smali	742	05	v
smali_classes2\飘花落叶言世哲楪子兰苏\飘花落叶言子楪世兰苏哲.smali	772	53585a	 - 
smali_classes2\飘花落叶言世哲苏兰子楪\飘花落叶言子楪世苏兰哲.smali	134	3b17	Hb
smali_classes2\飘花落叶言世哲苏兰子楪\飘花落叶言子楪世苏兰哲.smali	518	12000e000e0918	authkey
smali_classes2\飘花落叶言世哲苏兰子楪\飘花落叶言子楪世苏兰哲.smali	539	1b17250e17030c	hb_from
smali_classes2\飘花落叶言世哲苏兰子楪\飘花落叶言子楪世苏兰哲.smali	551	43	0
smali_classes2\飘花落叶言世哲苏兰子楪\飘花落叶言子楪世苏兰哲.smali	618	1407151d150505	groupid
smali_classes2\飘花落叶言世哲苏兰子楪\飘花落叶言子楪世苏兰哲.smali	639	101d1b060b090d	channel
smali_classes2\飘花落叶言世哲苏兰子楪\飘花落叶言子楪世苏兰哲.smali	689	1f1c091c0c08	listid
smali_classes2\飘花落叶言世哲苏兰子楪\飘花落叶言子楪世苏兰哲.smali	722	42	1
smali_classes2\飘花落叶言世哲苏兰子楪\飘花落叶言子楪世苏兰哲.smali	756	121b091f001e	answer
smali_classes2\飘花落叶言世哲苏兰子楪\飘花落叶言子楪世苏兰哲.smali	798	071c14110c08	tinyid
smali_classes2\飘花落叶言世哲苏兰子楪\飘花落叶言子楪世苏兰哲.smali	832	1d14170d	name
smali_classes2\飘花落叶言世哲苏兰子楪\飘花落叶言子楪世苏兰哲.smali	849	061c14	uin
smali_classes2\飘花落叶言世哲苏兰子楪\飘花落叶言子楪世苏兰哲.smali	866	1e061d37080854	msg_md5
smali_classes2\飘花落叶言世哲苏兰子楪\飘花落叶言子楪世苏兰哲.smali	883	1e061d37160910	msg_seq
smali_classes2\飘花落叶言世哲苏兰子楪\飘花落叶言子楪世苏兰哲.smali	900	1e061d370c08	msg_id
smali_classes2\飘花落叶言世哲苏兰子楪\飘花落叶言子楪世苏兰哲.smali	951	26213c455d	UTF-8
smali_classes2\飘花落叶言世哲苏兰子楪\飘花落叶言子楪世苏兰哲.smali	955	4e	=
smali_classes2\飘花落叶言世哲苏兰子楪\飘花落叶言子楪世苏兰哲.smali	959	55	&
smali_classes2\飘花落叶言世哲苏兰子楪\飘花落叶言子楪世苏兰哲.smali	1684	10121326040104	cgiName
smali_classes2\飘花落叶言世哲苏兰子楪\飘花落叶言子楪世苏兰哲.smali	1704	00100e	set
smali_classes2\飘花落叶言世哲苏兰子楪\飘花落叶言子楪世苏兰哲.smali	1749	01100b2a0a0818	reqBody
smali_classes2\飘花落叶言世哲苏兰子楪\飘花落叶言子楪世苏兰哲.smali	1798	161b2e111509	enType
smali_classes2\飘花落叶言世哲苏兰子楪\飘花落叶言子楪世苏兰哲.smali	2017	10181e	cmd
smali_classes2\飘花落叶言世哲苏兰子楪\飘花落叶言子楪世苏兰哲.smali	2046	17140e09	data
smali_classes2\飘花落叶言世哲苏兰子楪\飘花落叶言子楪世苏哲兰.smali	80	01060a2a0a0818	rspBody
smali_classes2\飘花落叶言世哲苏兰子楪\飘花落叶言子楪世苏哲兰.smali	84	01100e2b0a0804	retCode
smali_classes2\飘花落叶言世哲苏兰子楪\飘花落叶言子楪世苏哲兰.smali	92	14100e	get
smali_classes2\飘花落叶言世哲苏兰子楪\飘花落叶言子楪世苏哲兰.smali	96	01100e25160b	retMsg
smali_classes2\飘花落叶言世哲苏兰子楪\飘花落叶言子楪世苏哲兰.smali	591	01100e0b0a0804	retcode
smali_classes2\飘花落叶言世哲苏兰子楪\飘花落叶言子楪世苏哲兰.smali	1146	1b17	hb
smali_classes2\飘花落叶言世哲苏兰子楪\飘花落叶言子楪世苏哲兰.smali	1171	01100e0b0a0804	retcode
smali_classes2\飘花落叶言世哲苏兰楪子\飘花落叶言子楪世哲兰苏.smali	51	1f1c091c0c085c	listid=
smali_classes2\飘花落叶言世哲苏兰楪子\飘花落叶言子楪世哲兰苏.smali	249	551b1b050051	&name=
smali_classes2\飘花落叶言世哲苏兰楪子\飘花落叶言子楪世哲兰苏.smali	287	5500130658	&uin=
smali_classes2\飘花落叶言世哲苏兰楪子\飘花落叶言子楪世哲兰苏.smali	403	10121326040104	cgiName
smali_classes2\飘花落叶言世哲苏兰楪子\飘花落叶言子楪世哲兰苏.smali	426	00100e	set
smali_classes2\飘花落叶言世哲苏兰楪子\飘花落叶言子楪世哲兰苏.smali	479	01100b3c001415	reqText
smali_classes2\飘花落叶言世哲苏兰楪子\飘花落叶言子楪世哲兰苏.smali	528	0114140c0a01	random
smali_classes2\飘花落叶言世哲苏兰楪子\飘花落叶言子楪世哲兰苏.smali	589	161b2e111509	enType
smali_classes2\飘花落叶言世哲苏兰楪子\飘花落叶言子楪世哲兰苏.smali	698	17140e09	data
smali_classes2\飘花落叶言世哲苏兰楪子\飘花落叶言子楪世哲苏兰.smali	77	17140e09	data
smali_classes2\飘花落叶言世哲苏兰楪子\飘花落叶言子楪世哲苏兰.smali	169	01060a3c001415	rspText
smali_classes2\飘花落叶言世哲苏兰楪子\飘花落叶言子楪世哲苏兰.smali	192	14100e	get
smali_classes2\飘花落叶言世哲苏兰楪子\飘花落叶言子楪世哲苏兰.smali	249	01100e0b0a0804	retcode
smali_classes2\飘花落叶言世哲苏兰楪子\飘花落叶言子楪世哲苏兰.smali	269	43	0
smali_classes2\飘花落叶言世哲苏兰楪子\飘花落叶言子楪世哲苏兰.smali	595	41	2
smali_classes2\飘花落叶言世哲苏兰楪子\飘花落叶言子楪世哲苏兰.smali	652	551b1b050051	&name=
smali_classes2\飘花落叶言世哲苏兰楪子\飘花落叶言子楪世哲苏兰.smali	694	5500130658	&uin=
smali_classes2\飘花落叶言世哲苏兰楪子\飘花落叶言子楪世哲苏兰.smali	716	5506110d1c51	&skey=
smali_classes2\飘花落叶言世哲苏兰楪子\飘花落叶言子楪世苏兰哲.smali	51	1f1c091c0c085c	listid=
smali_classes2\飘花落叶言世哲苏兰楪子\飘花落叶言子楪世苏兰哲.smali	249	551b1b050051	&name=
smali_classes2\飘花落叶言世哲苏兰楪子\飘花落叶言子楪世苏兰哲.smali	287	5500130658	&uin=
smali_classes2\飘花落叶言世哲苏兰楪子\飘花落叶言子楪世苏兰哲.smali	403	10121326040104	cgiName
smali_classes2\飘花落叶言世哲苏兰楪子\飘花落叶言子楪世苏兰哲.smali	426	00100e	set
smali_classes2\飘花落叶言世哲苏兰楪子\飘花落叶言子楪世苏兰哲.smali	479	01100b3c001415	reqText
smali_classes2\飘花落叶言世哲苏兰楪子\飘花落叶言子楪世苏兰哲.smali	531	0114140c0a01	random
smali_classes2\飘花落叶言世哲苏兰楪子\飘花落叶言子楪世苏兰哲.smali	592	161b2e111509	enType
smali_classes2\飘花落叶言世哲苏兰楪子\飘花落叶言子楪世苏兰哲.smali	701	17140e09	data
smali_classes2\飘花落叶言世哲苏兰楪子\飘花落叶言子楪世苏哲兰.smali	83	17140e09	data
smali_classes2\飘花落叶言世哲苏兰楪子\飘花落叶言子楪世苏哲兰.smali	175	01060a3c001415	rspText
smali_classes2\飘花落叶言世哲苏兰楪子\飘花落叶言子楪世苏哲兰.smali	198	14100e	get
smali_classes2\飘花落叶言世哲苏兰楪子\飘花落叶言子楪世苏哲兰.smali	255	01100e0b0a0804	retcode
smali_classes2\飘花落叶言世哲苏兰楪子\飘花落叶言子楪世苏哲兰.smali	275	43	0
smali_classes2\飘花落叶言世哲苏兰楪子\飘花落叶言子楪世苏哲兰.smali	580	41	2
smali_classes2\飘花落叶言世哲苏兰楪子\飘花落叶言子楪世苏哲兰.smali	640	551b1b050051	&name=
smali_classes2\飘花落叶言世哲苏兰楪子\飘花落叶言子楪世苏哲兰.smali	682	5506110d1c51	&skey=
smali_classes2\飘花落叶言世哲苏兰楪子\飘花落叶言子楪世苏哲兰.smali	704	5500130658	&uin=
smali_classes2\飘花落叶言世哲苏子兰楪\飘花落叶言子楪世兰哲苏.smali	129	1c1b291c0a1c	onStop
smali_classes2\飘花落叶言世哲苏子兰楪\飘花落叶言子楪世哲苏兰.smali	19	1d001604	null
smali_classes2\飘花落叶言世哲苏子兰楪\飘花落叶言子楪世苏哲兰.smali	126	10	c
smali_classes2\飘花落叶言世哲苏子兰楪\飘花落叶言子楪世苏哲兰.smali	130	16	e
smali_classes2\飘花落叶言世哲苏子兰楪\飘花落叶言子楪世苏哲兰.smali	134	11	b
smali_classes2\飘花落叶言世哲苏子兰楪\飘花落叶言子楪世苏哲兰.smali	159	15	f
smali_classes2\飘花落叶言世哲苏子兰楪\飘花落叶言子楪世苏哲兰.smali	825	12	a
smali_classes2\飘花落叶言世哲苏子兰楪\飘花落叶言子楪哲世苏兰.smali	19	1d001604	null
smali_classes2\飘花落叶言世哲苏子兰楪\飘花落叶言子楪苏兰世哲.smali	57	0010140c281f06	sendMsg
smali_classes2\飘花落叶言世哲苏子兰楪\飘花落叶言子楪苏兰哲世.smali	68	1c1e	ok
smali_classes2\飘花落叶言世哲苏子兰楪\飘花落叶言子楪苏兰哲世.smali	112	1a11	id
smali_classes2\飘花落叶言世哲苏子兰楪\飘花落叶言子楪苏兰哲世.smali	373	1c1e	ok
smali_classes2\飘花落叶言世哲苏子兰楪\飘花落叶言子楪苏兰哲世.smali	398	1a11	id
smali_classes2\飘花落叶言世哲苏子兰楪\飘花落叶言子楪苏兰哲世.smali	423	051008	ver
smali_classes2\飘花落叶言世哲苏子兰楪\飘花落叶言子楪苏哲世兰.smali	579	18	k
smali_classes2\飘花落叶言世哲苏子兰楪\飘花落叶言子楪苏哲世兰.smali	616	12	a
smali_classes2\飘花落叶言世哲苏子兰楪\飘花落叶言子楪苏哲世兰.smali	637	11	b
smali_classes2\飘花落叶言世哲苏子兰楪\飘花落叶言子楪苏哲世兰.smali	840	10	c
smali_classes2\飘花落叶言世哲苏子兰楪\飘花落叶言子楪苏哲世兰.smali	1813	1e	m
smali_classes2\飘花落叶言世哲苏子兰楪\飘花落叶言子楪苏哲世兰.smali	2046	1e061d	msg
smali_classes2\飘花落叶言世哲苏子兰楪\飘花落叶言子楪苏哲世兰.smali	2070	111c003c1c1c04	bizType
smali_classes2\飘花落叶言世哲苏子兰楪\飘花落叶言子楪苏哲世兰.smali	2298	47	4
smali_classes2\飘花落叶言世哲苏子兰楪\飘花落叶言子楪苏哲世兰.smali	2334	42	1
smali_classes2\飘花落叶言世哲苏子楪兰\飘花落叶言子世兰哲苏楪.smali	210	00100e25000214	setMenu
smali_classes2\飘花落叶言世哲苏子楪兰\飘花落叶言子世兰苏哲楪.smali	57	0010140c281f06	sendMsg
smali_classes2\飘花落叶言世哲苏子楪兰\飘花落叶言子世兰苏楪哲.smali	67	1a1b131c3025	initUI
smali_classes2\飘花落叶言世哲苏子楪兰\飘花落叶言子世兰苏楪哲.smali	219	1d1a0e010315	notify
smali_classes2\飘花落叶言世哲苏子楪兰\飘花落叶言子世哲楪兰苏.smali	22	39	J
smali_classes2\飘花落叶言世哲苏子楪兰\飘花落叶言子世哲楪兰苏.smali	148	0010140c281f06	sendMsg
smali_classes2\飘花落叶言世哲苏子楪兰\飘花落叶言子世哲楪苏兰.smali	68	03071f0e0c14	prefix
smali_classes2\飘花落叶言世哲苏子楪兰\飘花落叶言子世哲楪苏兰.smali	105	00001c0e0c14	suffix
smali_classes2\飘花落叶言世哲苏子楪兰\飘花落叶言子世楪兰哲苏.smali	54	5a	)
smali_classes2\飘花落叶言世哲苏子楪兰\飘花落叶言子世楪兰哲苏.smali	58	5b	(
smali_classes2\飘花落叶言世哲苏子楪兰\飘花落叶言子世楪兰哲苏.smali	144	21001448290306	Run Log
smali_classes2\飘花落叶言世哲苏子楪兰\飘花落叶言子世楪兰哲苏.smali	472	061c141c1c1c04	uintype
smali_classes2\飘花落叶言世哲苏子楪兰\飘花落叶言子世楪兰哲苏.smali	979	171c170d0b	dimen
smali_classes2\飘花落叶言世哲苏子楪兰\飘花落叶言子世楪兰哲苏.smali	991	121b1e1a0a0505	android
smali_classes2\飘花落叶言世哲苏子楪兰\飘花落叶言子世楪兰哲苏.smali	1406	061c14	uin
smali_classes2\飘花落叶言世哲苏子楪兰\飘花落叶言子世楪兰苏哲.smali	343	12	a
smali_classes2\飘花落叶言世哲苏子楪兰\飘花落叶言子世楪哲兰苏.smali	156	96fad58ff1c4	可用
smali_classes2\飘花落叶言世哲苏子楪兰\飘花落叶言子世苏哲楪兰.smali	83	43	0
smali_classes2\飘花落叶言世哲苏子楪兰\飘花落叶言子楪世兰哲苏.smali	38	39	J
smali_classes2\飘花落叶言世哲苏子楪兰\飘花落叶言子楪世兰哲苏.smali	139	0010140c281f06	sendMsg
smali_classes2\飘花落叶言世哲苏子楪兰\飘花落叶言子楪世兰哲苏.smali	356	00001705041e18	summary
smali_classes2\飘花落叶言世哲苏子楪兰\飘花落叶言子楪世兰哲苏.smali	503	02020b	qwq
smali_classes2\飘花落叶言世哲苏子楪兰\飘花落叶言子楪世兰哲苏.smali	705	5c5a	//
smali_classes2\飘花落叶言世哲苏子楪兰\飘花落叶言子楪世兰哲苏.smali	817	00001705041e18	summary
smali_classes2\飘花落叶言世哲苏子楪兰\飘花落叶言子楪世哲苏兰.smali	453	96fdda81fcc8	删除
smali_classes2\飘花落叶言世哲苏子楪兰\飘花落叶言子楪世苏兰哲.smali	45	5c23150106094e	/Voice/
smali_classes2\飘花落叶言世哲苏子楪兰\飘花落叶言子楪兰哲世苏.smali	519	00100e25000214	setMenu
smali_classes2\飘花落叶言世哲苏子楪兰\飘花落叶言子楪哲兰苏世.smali	150	1a181d	img
smali_classes2\飘花落叶言世哲苏子楪兰\飘花落叶言子楪哲兰苏世.smali	528	24	W
smali_classes2\飘花落叶言世哲苏子楪兰\飘花落叶言子楪苏世兰哲.smali	20	04	w
smali_classes2\飘花落叶言世哲苏子楪兰\飘花落叶言子楪苏世兰哲.smali	32	1a	i
smali_classes2\飘花落叶言世哲苏子楪兰\飘花落叶言子楪苏世兰哲.smali	44	17	d
smali_classes2\飘花落叶言世哲苏子楪兰\飘花落叶言子楪苏世兰哲.smali	56	02	q
smali_classes2\飘花落叶言世哲苏子楪兰\飘花落叶言子楪苏世兰哲.smali	109	070703210b0515	tryInit
smali_classes2\飘花落叶言世哲苏子楪兰\飘花落叶言子楪苏兰世哲.smali	51	22260e071715	QStory
smali_classes2\飘花落叶言世哲苏子楪兰\飘花落叶言子楪苏兰世哲.smali	170	00100e25000214	setMenu
smali_classes2\飘花落叶言世哲苏子楪兰\飘花落叶言子楪苏兰哲世.smali	217	96fdda81fcc8	删除
smali_classes2\飘花落叶言世哲苏子楪兰\飘花落叶言子苏楪世哲兰.smali	478	171c08	dir
smali_classes2\飘花落叶言世哲苏子楪兰\飘花落叶言子苏楪世哲兰.smali	611	1d14170d	name
smali_classes2\飘花落叶言世哲苏子楪兰\飘花落叶言子苏楪世哲兰.smali	653	07141d1b	tags
smali_classes2\飘花落叶言世哲苏子楪兰\飘花落叶言子苏楪世哲兰.smali	808	12000e000a1e	author
smali_classes2\飘花落叶言世哲苏子楪兰\飘花落叶言子苏楪世哲兰.smali	838	0510081b0c030f	version
smali_classes2\飘花落叶言世哲苏子楪兰\飘花落叶言子苏楪世哲兰.smali	861	101a0c0d17	cover
smali_classes2\飘花落叶言世哲苏子楪兰\飘花落叶言子苏楪世哲兰.smali	968	171c08	dir
smali_classes2\飘花落叶言世哲苏子楪兰\飘花落叶言子苏楪世哲兰.smali	1111	5d171b03	.bak
smali_classes2\飘花落叶言世哲苏子楪兰\飘花落叶言子苏楪世哲兰.smali	1293	5d	.
smali_classes2\飘花落叶言世哲苏子楪兰\飘花落叶言子苏楪世哲兰.smali	1386	171c08	dir
smali_classes2\飘花落叶言世哲苏子楪兰\飘花落叶言子苏楪世哲兰.smali	1400	101a140e0c0b	config
smali_classes2\飘花落叶言世哲苏子楪兰\飘花落叶言子苏楪世哲兰.smali	1418	1d14170d	name
smali_classes2\飘花落叶言世哲苏子楪兰\飘花落叶言子苏楪世哲兰.smali	1439	07141d1b	tags
smali_classes2\飘花落叶言世哲苏子楪兰\飘花落叶言子苏楪世哲兰.smali	1490	12000e000a1e	author
smali_classes2\飘花落叶言世哲苏子楪兰\飘花落叶言子苏楪世哲兰.smali	1511	0510081b0c030f	version
smali_classes2\飘花落叶言世哲苏子楪兰\飘花落叶言子苏楪世哲兰.smali	1532	101a0c0d17	cover
smali_classes2\飘花落叶言世哲苏楪兰子\飘花落叶言子楪世苏哲兰.smali	144	43	0
smali_classes2\飘花落叶言世哲苏楪兰子\飘花落叶言子楪世苏哲兰.smali	279	1b10022f100505	hexGuid
smali_classes2\飘花落叶言世哲苏楪兰子\飘花落叶言子楪世苏哲兰.smali	313	161b19111518	encypt
smali_classes2\飘花落叶言世哲苏楪兰子\飘花落叶言子楪世苏哲兰.smali	419	161b193c001415	encText
smali_classes2\飘花落叶言世哲苏楪兰子\飘花落叶言子楪世苏哲兰.smali	489	1b17	hb
smali_classes2\飘花落叶言世哲苏楪兰子\飘花落叶言子楪世苏哲兰.smali	591	171019111518	decypt
smali_classes2\飘花落叶言世哲苏楪兰子\飘花落叶言子楪世苏哲兰.smali	684	1b17	hb
smali_classes2\飘花落叶言世哲苏楪兰子\飘花落叶言子楪世苏哲兰.smali	911	1e141306	main
smali_classes2\飘花落叶言世哲苏楪兰子\飘花落叶言子楪世苏哲兰.smali	1173	05	v
smali_classes2\飘花落叶言世哲苏楪兰子\飘花落叶言子楪世苏哲兰.smali	1213	43	0
smali_classes2\飘花落叶言世哲苏楪兰子\飘花落叶言子楪世苏哲兰.smali	1262	5518090f0b035c	&msgno=
smali_classes2\飘花落叶言世哲苏楪兰子\飘花落叶言子楪世苏哲兰.smali	1322	5506110d1c51	&skey=
smali_classes2\飘花落叶言世哲苏楪兰子\飘花落叶言子楪世苏哲兰.smali	1470	1b17	hb
smali_classes2\飘花落叶言世哲苏楪子兰\飘花落叶言子楪世哲兰苏.smali	128	5c	/
smali_classes2\飘花落叶言世哲苏楪子兰\飘花落叶言子楪哲世兰苏.smali	37	5c25130b4a	/Pic/
smali_classes2\飘花落叶言世哲苏楪子兰\飘花落叶言子楪苏世兰哲.smali	1428	1b010e18	http
smali_classes2\飘花落叶言世哲苏楪子兰\飘花落叶言子楪苏世兰哲.smali	1770	97cae78dc8f4	保存
smali_classes2\飘花落叶言世哲苏楪子兰\飘花落叶言子楪苏世兰哲.smali	2056	17140e09	data
smali_classes2\飘花落叶言世哲苏楪子兰\飘花落叶言子楪苏世兰哲.smali	2096	1a05	ip
smali_classes2\飘花落叶言世哲苏楪子兰\飘花落叶言子楪苏世兰哲.smali	2161	5e	-
smali_classes2\飘花落叶言世哲苏楪子兰\飘花落叶言子楪苏世兰哲.smali	2967	5c	/
smali_classes2\飘花落叶言世哲苏楪子兰\飘花落叶言子楪苏兰哲世.smali	844	5d171b03	.bak
smali_classes2\飘花落叶言世子楪哲苏兰\飘花落叶言子楪世苏哲兰.smali	144	06061f1a	user
smali_classes2\飘花落叶言世子楪哲苏兰\飘花落叶言子楪世苏哲兰.smali	546	061c14	uin
smali_classes2\飘花落叶言世子楪哲苏兰\飘花落叶言子楪世苏哲兰.smali	617	071a110d0b	token
smali_classes2\飘花落叶言世子楪哲苏兰\飘花落叶言子楪世苏哲兰.smali	700	101a141c001415	context
smali_classes2\飘花落叶言世子楪哲苏兰\飘花落叶言子楪世苏哲兰.smali	925	161b0e011115	entity
smali_classes2\飘花落叶言世子楪哲苏兰\飘花落叶言子楪世苏哲兰.smali	1249	94d4d480cbc8	确认
smali_classes2\飘花落叶言楪世子苏哲兰\飘花落叶言子楪世苏兰哲.smali	38	1f1c14461d1c0e1d1611	lin.xposed
smali_classes2\飘花落叶言楪世子苏哲兰\飘花落叶言子楪世苏兰哲.smali	44	96e3cf8df3d984f8c690ecdd80fad48be5c09ffed089f0f20d90ecdd80fad48be5c09ff9f989f7db96e3cf8df3d984f8c60b9ffed089f7db96e3cf8df4f084f8c690ebf480fdfd8be5c0048df3d984f8c690ecdd80fad48be2e99ff9f989f7db96e4e61680fad48be5c09ffed089f7db96e3cf8df4f084f8c690ecdd1b89f7db96e3cf8df3d984ffef90ebf480fdfd8be2e99ff9f91284f8c690ecdd80fad48be5c09ffed089f0f296e3cf8df3d9	喵喵喵喵喵喵喵呜~喵喵喵呜喵喵喵喵~喵喵喵呜喵呜呜喵~喵喵喵喵呜呜喵呜~喵喵喵喵喵呜喵喵~喵喵喵呜呜呜呜呜~喵喵喵喵喵呜喵喵
smali_classes2\飘花落叶言楪世子苏哲兰\飘花落叶言子楪世苏兰哲.smali	50	96e3cf8df3d984f8c690ecdd80fad48be5c09ff9f989f0f20d90ecdd80fad48be5c09ffed089f7db96e3cf8df3d984f8c60b9ffed089f7db96e3cf8df4f084ffef90ecdd80fad48be5c0048df3d984f8c690ecdd80fad48be5c09ff9f989f7db96e3cf1680fad48be5c09ffed089f7db96e4e68df4f084f8c690ecdd1b89f7db96e3cf8df3d984ffef90ebf480fdfd8be2e99ff9f91284f8c690ecdd80fad48be5c09ff9f989f7db96e3cf8df4f0	喵喵喵喵喵喵呜呜~喵喵喵喵喵喵喵喵~喵喵喵呜呜喵喵喵~喵喵喵喵喵呜喵喵~喵喵喵喵呜呜喵喵~喵喵喵呜呜呜呜呜~喵喵喵喵呜喵喵呜
smali_classes2\飘花落叶言楪世子苏哲兰\飘花落叶言子楪世苏兰哲.smali	56	96e3cf8df4f084f8c690ecdd80fad48be5c09ffed089f0f20d90ecdd80fdfd8be5c09ff9f989f0f296e3cf8df4f084ffef0b9ffed089f0f296e3cf8df3d984ffef90ebf480fad48be5c0048df3d984ffef90ecdd80fad48be5c09ff9f989f0f296e3cf1680fad48be2e99ffed089f0f296e3cf8df3d984f8c690ebf4	喵呜喵喵喵喵喵呜~喵呜喵呜呜喵呜呜~喵呜喵喵呜呜喵喵~喵呜喵喵喵呜呜喵~喵呜喵呜喵喵喵呜
smali_classes2\飘花落叶言楪世子苏哲兰\飘花落叶言子楪世苏兰哲.smali	62	3d100d3936180e1c0a	NewQStory
smali_classes2\飘花落叶言楪世子苏哲兰\飘花落叶言子楪世苏兰哲.smali	68	5c111b1c04430d07000155	/data/list/
smali_classes2\飘花落叶言楪世子苏哲兰\飘花落叶言子楪世苏兰哲.smali	74	5c111b1c04431102061213064a	/data/plugin/
smali_classes2\飘花落叶言楪世子苏哲兰\飘花落叶言子楪世苏兰哲.smali	80	5c111b1c040e001d160655	/databases/
smali_classes2\飘花落叶言楪世子苏哲兰\飘花落叶言子楪世苏兰哲.smali	86	5c111b1c044312071e05160d4a	/data/simple/
smali_classes2\飘花落叶言楪世子苏哲兰\飘花落叶言子楪世苏兰哲.smali	90	32302947202f2341233e393b503c000a171c140f	AES/ECB/PKCS5Padding
smali_classes2\飘花落叶言楪世子苏哲兰\飘花落叶言子楪世苏兰哲.smali	96	121b1e1a0a05054012050a46240f1507051c0e113104130b1211	android.app.ActivityThread
smali_classes2\飘花落叶言楪世子苏哲兰\飘花落叶言子楪世苏兰哲.smali	102	00360f1a17090f1a32160e0113051517271d080d0408	sCurrentActivityThread
smali_classes2\飘花落叶言楪世子苏哲兰\飘花落叶言子楪世苏兰哲.smali	108	1e34191c0c1a081a1a1009	mActivities
smali_classes2\飘花落叶言楪世子苏哲兰\飘花落叶言子楪世苏兰哲.smali	114	12160e0113051517	activity
smali_classes2\飘花落叶言楪世子苏哲兰\飘花落叶言子楪世苏兰哲.smali	120	95e9d080e6d189c1c890f5fe8ddad28bd7ea9df2e189ccf99bfff88ef8c984e6d793ecc580f7df89faf29dd9de89ffe5	未能读取足够的字节来判断图片类型
smali_classes2\飘花落叶言楪世子苏哲兰\飘花落叶言子楪世苏兰哲.smali	126	9ae8e480cbdc84d3e690e6c080eae489e9f19ff3db89e2e195d5c68dd9e3	非记录在内的图像格式
smali_classes2\飘花落叶言楪世子苏哲兰\飘花落叶言子楪世苏兰哲.smali	132	03140e0045220e4e160d131b111f4154	path No exists :
smali_classes2\飘花落叶言楪世子苏哲兰\飘花落叶言子楪世苏兰哲.smali	138	3d1a144503050d0b53010318004c5b	Non-file type :
smali_classes2\飘花落叶言楪世子苏哲兰\飘花落叶言子楪世苏兰哲.smali	144	03140e0045220e4e160d131b111f4988e5f29ed3d388d9e396d8e28df9c4484e	path No exists(文件不存在) 
smali_classes2\飘花落叶言楪世子苏哲兰\飘花落叶言子楪世苏兰哲.smali	150	36180a1c1c4c27071f105a070706040d07	Empty File object
smali_classes2\飘花落叶言楪世子苏哲兰\飘花落叶言子楪世苏兰哲.smali	156	3d1a144503050d0b53010318004489d1ea91c2c223050d0b95edd58ef3eb85d5c590ded18deced8acbf89cf0ca8af7e997cecc414556	Non-file type(这个File是文件夹而不是文件) :
smali_classes2\飘花落叶言楪世子苏哲兰\飘花落叶言子楪世苏兰哲.smali	162	03140e0045220e4e160d131b111f4988c9e59cfee288dad897cdf78dc8f484f2db5c5a5245	path No exists(源文件不存在) : 
smali_classes2\飘花落叶言楪世子苏哲兰\飘花落叶言子楪世苏兰哲.smali	168	3d1a0e48044c07071f1056480719154e12551e011709021a1c07034081d4ec88ebda9cfee288dad85a554048	Not a file, but a directory(不是文件) : 
smali_classes2\飘花落叶言楪世子苏哲兰\飘花落叶言子楪世苏兰哲.smali	174	0714080f001827071f105a4445290c1e070c5a2e0c00044e1c17100d0618	targetFile , Empty File object
smali_classes2\飘花落叶言楪世子苏哲兰\飘花落叶言子楪世苏兰哲.smali	180	10071f09110941281a191f48230d0802534f	create File Fail :
smali_classes2\飘花落叶言楪世子苏哲兰\飘花落叶言子楪世苏兰哲.smali	186	26061f1a482d060b1d01	User-Agent
smali_classes2\飘花落叶言楪世子苏哲兰\飘花落叶言子楪世苏兰哲.smali	192	3e1a000109000041465b4a484d3b0800171a0d1b4522354e424554585e4c36071d434e534514575a5a553b1815000439161731011143545d445b495e45442a26273836444500080516553d0d06070e475336121a0a010441424642465542514043552909030d13075c40495f4b5f57	Mozilla/5.0 (Windows NT 10.0; Win64; x64) AppleWebKit/537.36 (KHTML, like Gecko) Chrome/138.0.0.0 Safari/537.36
smali_classes2\飘花落叶言楪世子苏哲兰\飘花落叶言子楪世苏兰哲.smali	198	301a1406000f15071c1b	Connection
smali_classes2\飘花落叶言楪世子苏哲兰\飘花落叶言子楪世苏兰哲.smali	204	18101f18480d0d070510	keep-alive
smali_classes2\飘花落叶言楪世子苏哲兰\飘花落叶言子楪世苏兰哲.smali	210	3e1a000109000041465b4a484d200800060d41482402051c1c1c1e48545c5a4e385c5a29151c0d0b241018230c184e5b4042545b534c49253b213724494c0d0718105a2f000f0a015a55390017030c0b5c4448594b5c4f5e5d455a250a0e080216552909030d13075c40495f4b5f57	Mozilla/5.0 (Linux; Android 10; K) AppleWebKit/537.36 (KHTML, like Gecko) Chrome/121.0.0.0 Mobile Safari/537.36
smali_classes2\飘花落叶言楪世子苏哲兰\飘花落叶言子楪世苏兰哲.smali	216	97cdf18ef3eb85d5c590ded98dd8c454	下文件失败:
smali_classes2\飘花落叶言楪世子苏哲兰\飘花落叶言子楪世苏兰哲.smali	222	5390f2d88ddbce8bcdf140	 到路径:
smali_classes2\飘花落叶言楪世子苏哲兰\飘花落叶言子楪世苏兰哲.smali	228	12050a040c0f001a1a1a14470f1f0e0048551900041e120b07480f1c034159	application/json; charset=utf-8
smali_classes2\飘花落叶言楪世子苏哲兰\飘花落叶言子楪世苏兰哲.smali	234	261b1f101509021a16115a0b0a08044e	Unexpected code 
smali_classes2\飘花落叶言楪世子苏哲兰\飘花落叶言子楪世苏兰哲.smali	240	3e1a000109000041465b4a484d200800060d41482402051c1c1c1e4854585a4e254749585c45412f0305160d320903251a01555d565b4f5d455552232d382c225f5516010e094129161611074c4c2206011a170d4a5d535e5d4554584b5c41231c171304004c320f151408014a5952595d464c	Mozilla/5.0 (Linux; Android 14; V2309) AppleWebKit/537.36 (KHTML, like Gecko) Chrome/120.0.0.0 Mobile Safari/537.36
smali_classes2\飘花落叶言楪世子苏哲兰\飘花落叶言子楪世苏兰哲.smali	246	101a1406000f15071c1b	connection
smali_classes2\飘花落叶言楪世子苏哲兰\飘花落叶言子楪世苏兰哲.smali	252	38101f18482d0d070510	Keep-Alive
smali_classes2\飘花落叶言楪世子苏哲兰\飘花落叶言子楪世苏兰哲.smali	258	1e00161c0c1c001c075a1c0717014c0a12011b	multipart/form-data
smali_classes2\飘花落叶言楪世子苏哲兰\飘花落叶言子楪世苏兰哲.smali	264	301d1b1a1609131a	Charsert
smali_classes2\飘花落叶言楪世子苏哲兰\飘花落叶言子楪世苏兰哲.smali	270	301a141c00021543270c0a0d	Content-Type
smali_classes2\飘花落叶言楪世子苏哲兰\飘花落叶言子楪世苏兰哲.smali	276	4817151d0b08001c0a48	;boundary=
smali_classes2\飘花落叶言楪世子苏哲兰\飘花落叶言子楪世苏兰哲.smali	282	301a141c00021543371c09180a1f081a1a1a1452450a0e1c1e581e09110d5a4e1d14170d584e	Content-Disposition: form-data; name="
smali_classes2\飘花落叶言楪世子苏哲兰\飘花落叶言子楪世苏兰哲.smali	288	301a141c00021543270c0a0d5f4c150b0b015518090d080048551900041e120b0748	Content-Type: text/plain; charset=
smali_classes2\飘花落叶言楪世子苏哲兰\飘花落叶言子楪世苏兰哲.smali	294	301a141c0002154327071b06160a041c5e30140b0a080800144f5a50070515	Content-Transfer-Encoding: 8bit
smali_classes2\飘花落叶言楪世子苏哲兰\飘花落叶言子楪世苏兰哲.smali	300	301a141c00021543371c09180a1f081a1a1a1452450a0e1c1e581e09110d5a4e1d14170d584e07071f105853450a0802161b1b05005143	Content-Disposition: form-data; name="file"; filename="
smali_classes2\飘花落叶言楪世子苏哲兰\飘花落叶言子楪世苏兰哲.smali	306	301a141c00021543270c0a0d5f4c001e0319130b041808011d5a150b110915430001080d04015a4e101d1b1a16091553	Content-Type: application/octet-stream; charset=
smali_classes2\飘花落叶言楪世子苏哲兰\飘花落叶言子楪世苏兰哲.smali	312	101913180703001c17	clipboard
smali_classes2\飘花落叶言楪世子苏哲兰\飘花落叶言子楪世苏兰哲.smali	318	1d140c01020d15071c1b250a041e3e06161c1d0011	navigation_bar_height
smali_classes2\飘花落叶言楪世子苏哲兰\飘花落叶言子楪世苏兰哲.smali	324	00011b1c101f3e0c120725000005060607	status_bar_height
smali_classes2\飘花落叶言楪世子苏哲兰\飘花落叶言子楪世苏兰哲.smali	330	321b1e1a0a050523121b130e001f15400b1816	AndroidManifest.xml
smali_classes2\飘花落叶言楪世子苏哲兰\飘花落叶言子楪世苏兰哲.smali	336	96fde18dded689c9d090f4e382f7cf88d3f29cfee288dad896d1c38dc1dd89dad6	创建解压目标文件夹失败
smali_classes2\飘花落叶言楪世子苏哲兰\飘花落叶言子楪世苏兰哲.smali	342	5c1c1709020907071f1009	/imagefiles
smali_classes2\飘花落叶言楪世子苏哲兰\飘花落叶言子楪世苏兰哲.smali	348	96fbf18fd9c584c0ff93f2f88ad0ed86f3e29cffd383ddf4	压缩完成，耗时：
smali_classes2\飘花落叶言楪世子苏哲兰\飘花落叶言子楪世苏兰哲.smali	354	091c0a48001e130101551c1a0a0141341a052f1c0c0012	zip error from ZipUtils
smali_classes2\飘花落叶言楪世子苏哲兰\飘花落叶言子楪世苏兰哲.smali	360	97cdf78dc8f484f2db	不存在
smali_classes2\飘花落叶言楪世子苏哲兰\飘花落叶言子楪世苏兰哲.smali	366	97cdf78efdc387f8f491c1de80c8d8	不是文件夹
smali_classes2\飘花落叶言楪世子苏哲兰\飘花落叶言子楪世苏兰哲.smali	372	3e1c091b0c02064e01100b1d0c1e040a5303130d124c1607071d5a21215641	Missing required view with ID: 
smali_classes2\飘花落叶言楪世子苏哲兰\飘花落叶言子楪世苏兰哲.smali	378	011a151c33050419	rootView
smali_classes2\飘花落叶言楪世子苏哲兰\飘花落叶言子楪世苏兰哲.smali	384	101a174611090f0d161b0e46080303071f100b19	com.tencent.mobileqq
smali_classes2\飘花落叶言楪世子苏哲兰\飘花落叶言子楪世苏兰哲.smali	390	101a174611090f0d161b0e4611050c	com.tencent.tim
smali_classes2\飘花落叶言楪世子苏哲兰\飘花落叶言子楪世苏兰哲.smali	396	101a174611090f0d161b0e46080303071f100b195f213228	com.tencent.mobileqq:MSF
smali_classes2\飘花落叶言楪世子苏哲兰\飘花落叶言子楪世苏兰哲.smali	402	1c1b280d16190c0b	onResume
smali_classes2\飘花落叶言楪世子苏哲兰\飘花落叶言子楪世苏兰哲.smali	408	101a174611090f0d161b0e46080303071f100b194b0d111e5d140f1c0a01001a1c07541b110911403a1b131c310d032a12011b	com.tencent.mobileqq.app.automator.step.InitTabData
smali_classes2\飘花落叶言楪世子苏哲兰\飘花落叶言子楪世苏兰哲.smali	414	171016091c240e0118	delayHook
smali_classes2\飘花落叶言楪世子苏哲兰\飘花落叶言子楪世苏兰哲.smali	420	101a174611090f0d161b0e46080303071f100b194b1f150f01010f184b1f150b035b36070408250f0714	com.tencent.mobileqq.startup.step.LoadData
smali_classes2\飘花落叶言楪世子苏哲兰\飘花落叶言子楪世苏兰哲.smali	426	5d1b15050008080f	.nomedia
smali_classes2\飘花落叶言楪世子苏哲兰\飘花落叶言子楪世苏兰哲.smali	432	5c39150f4a2f130f001d552504050f2d011409004b000e09	/Log/Crash/MainCrash.log
smali_classes2\飘花落叶言楪世子苏哲兰\飘花落叶言子楪世苏兰哲.smali	438	9ae2d081e5ec87f9d690c5ff81d3fc8bdeed9ff4cd	闪退日志保存在
smali_classes2\飘花落叶言楪世子苏哲兰\飘花落叶言子楪世苏兰哲.smali	444	5392f8d180ebda8bfcda9ed3c089c5e396fdcc8ddcda87dbf89dd5fd8cfbcb87f3f55a8ef2c984d1e491c1ed81d3fc89e6ec9cf4e58af7de94effe8cddec85d5ce	 点击可以复制并测试闪退 日志仅保留最新的一份
smali_classes2\飘花落叶言楪世子苏哲兰\飘花落叶言子楪世苏兰哲.smali	450	97cdc18fdfd386c6f89cedc28cece18bc4c79ce3c38ae9c4	主线程闪退已拦截
smali_classes2\飘花落叶言楪世子苏哲兰\飘花落叶言子楪世苏兰哲.smali	456	9bc2d58ddbe884d9c190dee580e4d7	路径已复制
smali_classes2\飘花落叶言楪世子苏哲兰\飘花落叶言子楪世苏兰哲.smali	462	181a0e040c024f040518540e1002021a1a1a141b4b2a1400100113070b5c	kotlin.jvm.functions.Function0
smali_classes2\飘花落叶言楪世子苏哲兰\飘花落叶言子楪世苏兰哲.smali	468	101a174611090f0d161b0e46080303071f100b194b1f041a071c140f4b1c13011010091b0a1e	com.tencent.mobileqq.setting.processor
smali_classes2\飘花落叶言楪世子苏哲兰\飘花落叶言子楪世苏兰哲.smali	474	14100e29061808181a0103	getActivity
smali_classes2\飘花落叶言楪世子苏哲兰\飘花落叶言子楪世苏兰哲.smali	480	101a174611090f0d161b0e46080303071f100b194b1b080a14100e4623031303201c17180909281a1618	com.tencent.mobileqq.widget.FormSimpleItem
smali_classes2\飘花落叶言楪世子苏哲兰\飘花落叶言子楪世苏兰哲.smali	486	96faf78dd5e889e0c490f5fe80d4e28bc2f59fd4e789d9d6537f	反射获取布局异常 \n
smali_classes2\飘花落叶言楪世子苏哲兰\飘花落叶言子楪世苏兰哲.smali	492	95c7db8ef9e589e0c490f5fe80e4d189fbc39fd0e689d0ee	没有获取到父布局
smali_classes2\飘花落叶言楪世子苏哲兰\飘花落叶言子楪世苏兰哲.smali	498	00100e24000a153a160d0e	setLeftText
smali_classes2\飘花落叶言楪世子苏哲兰\飘花落叶言子楪世苏兰哲.smali	504	00100e3a0c0b091a2710021c	setRightText
smali_classes2\飘花落叶言楪世子苏哲兰\飘花落叶言子楪世苏兰哲.smali	510	9bdbc48fd8c284ebd690f5cb8ccdd888c1d49cf4ec8ae9fe96ffe58ed6c484ebd6	设置入口项没有成功注入
smali_classes2\飘花落叶言楪世子苏哲兰\飘花落叶言子楪世苏兰哲.smali	516	101a174611090f0d161b0e46080303071f100b194b1f041a071c140f4b0100071d5b340d123f041a071c140f26030f081a122a1a0a1a080a1607	com.tencent.mobileqq.setting.main.NewSettingConfigProvider
smali_classes2\飘花落叶言楪世子苏哲兰\飘花落叶言子楪世苏兰哲.smali	522	101a174611090f0d161b0e46080303071f100b194b1f041a071c140f4b0100071d5b18	com.tencent.mobileqq.setting.main.b
smali_classes2\飘花落叶言楪世子苏哲兰\飘花落叶言子楪世苏兰哲.smali	528	101a174611090f0d161b0e46080303071f100b194b1f041a071c140f4b0100071d5b37090c02320b07011306022f0e00151c1d3817031707171008	com.tencent.mobileqq.setting.main.MainSettingConfigProvider
smali_classes2\飘花落叶言楪世子苏哲兰\飘花落叶言子楪世苏兰哲.smali	534	101a174611090f0d161b0e46080303071f100b194b0d021a1a03131c1c42303f20100e1c0c02063d16010e010b0b200d071c0c011115	com.tencent.mobileqq.activity.QQSettingSettingActivity
smali_classes2\飘花落叶言楪世子苏哲兰\飘花落叶言子楪世苏兰哲.smali	540	171a3506261e040f0710	doOnCreate
smali_classes2\飘花落叶言楪世子苏哲兰\飘花落叶言子楪世苏兰哲.smali	546	171a3506261e040f07102c01001b	doOnCreateView
smali_classes2\飘花落叶言楪世子苏哲兰\飘花落叶言子楪世苏兰哲.smali	552	39140c098de8fb88efd9	Java脚本
smali_classes2\飘花落叶言楪世子苏哲兰\飘花落叶言子楪世苏兰哲.smali	558	96e9d28fdfd389eae993e6c4	在线脚本
smali_classes2\飘花落叶言楪世子苏哲兰\飘花落叶言子楪世苏兰哲.smali	564	5c39150f4a2f130f001d553c0d1e040f1736080916044f021c12	/Log/Crash/ThreadCrash.log
smali_classes2\飘花落叶言楪世子苏哲兰\飘花落叶言子楪世苏兰哲.smali	570	96d8ea8fdfd386c6f89cedc28cece18bc4c79ce3c38ae9c4	子线程闪退已拦截
smali_classes2\飘花落叶言楪世子苏哲兰\飘花落叶言子楪世苏兰哲.smali	576	9bdad781fadf84f5cd93daef80e4fc8bd4fe9fe4f389cfe295fdea	语音图标初始化完成
smali_classes2\飘花落叶言楪世子苏哲兰\飘花落叶言子楪世苏兰哲.smali	582	9bdad781fadf85d1ee90d7f080f0c9	语音保存在
smali_classes2\飘花落叶言楪世子苏哲兰\飘花落叶言子楪世苏兰哲.smali	588	96f8ef8de2d784e1dc91c1cd80c8ec8bfbc3	单击可以复制
smali_classes2\飘花落叶言楪世子苏哲兰\飘花落叶言子楪世苏兰哲.smali	594	96d1f78dedda87e6e390f0f7	复制成功
smali_classes2\飘花落叶言楪世子苏哲兰\飘花落叶言子楪世苏兰哲.smali	600	96d1f78dedda84cac29dcecd	复制失败
smali_classes2\飘花落叶言楪世子苏哲兰\飘花落叶言子楪世苏兰哲.smali	606	5c03150106093e07101a1446150206	/voice_icon.png
smali_classes2\飘花落叶言楪世子苏哲兰\飘花落叶言子楪世苏兰哲.smali	612	9af2f78df5c386faec93efe0	重启生效
smali_classes2\飘花落叶言楪世子苏哲兰\飘花落叶言子楪世苏兰哲.smali	618	101a174611090f0d161b0e46141d0f1a5d161209111f4f0c1a0f540f10050d0a5d320f01090825070016151e001e18270710172a10050d0a1607	com.tencent.qqnt.chats.biz.guild.GuildDiscoveryItemBuilder
smali_classes2\飘花落叶言楪世子苏哲兰\飘花落叶言子楪世苏兰哲.smali	624	101a174611090f0d161b0e46141d0f1a5d161209111f4f0d1c071f460408001e07100846	com.tencent.qqnt.chats.core.adapter.
smali_classes2\飘花落叶言楪世子苏哲兰\飘花落叶言子楪世苏兰哲.smali	630	101a174611090f0d161b0e46141d0f1a5d161209111f4f0d1c071f460408001e071008460d030d0a1607543a000f040007361506110d021a3a011f052d030d0a1607	com.tencent.qqnt.chats.core.adapter.holder.RecentContactItemHolder
smali_classes2\飘花落叶言楪世子苏哲兰\飘花落叶言子楪世苏兰哲.smali	636	101a174611090f0d161b0e46141d0f1a5d161209111f4f0d1c071f460408001e071008460719080217100846	com.tencent.qqnt.chats.core.adapter.builder.
smali_classes2\飘花落叶言楪世子苏哲兰\飘花落叶言子楪世苏兰哲.smali	642	101a174611090f0d161b0e46141d0f1a5d161209111f4f0d1c071f4610054f2d1b140e1b2905121a2537294c	com.tencent.qqnt.chats.core.ui.ChatsListVBS$
smali_classes2\飘花落叶言楪世子苏哲兰\飘花落叶言子楪世苏兰哲.smali	648	151c140c2600001d0055131b450214021f	findClass is null
smali_classes2\飘花落叶言楪世子苏哲兰\飘花落叶言子楪世苏兰哲.smali	654	101a174611090f0d161b0e46141d0f1a5d161209111f4f0d1c071f460408001e071008460d030d0a1607	com.tencent.qqnt.chats.core.adapter.holder
smali_classes2\飘花落叶言楪世子苏哲兰\飘花落叶言子楪世苏兰哲.smali	660	101d1b1c361b081e16391b110a1915	chatSwipeLayout
smali_classes2\飘花落叶言楪世子苏哲兰\飘花落叶言子楪世苏兰哲.smali	666	101a174611090f0d161b0e46141d0f1a5d161209111f4f0d1c071f460408001e071008460d030d0a1607543a000f040007361506110d021a3a011f0527050f0a1a1b1d	com.tencent.qqnt.chats.core.adapter.holder.RecentContactItemBinding
smali_classes2\飘花落叶言楪世子苏哲兰\飘花落叶言子楪世苏兰哲.smali	672	2110190d0b1822011d011b0b112f090f073c0e0d08	RecentContactChatItem
smali_classes2\飘花落叶言楪世子苏哲兰\飘花落叶言子楪世苏兰哲.smali	678	101a141c040f153a0a051f55545a	contactType=16
smali_classes2\飘花落叶言楪世子苏哲兰\飘花落叶言子楪世苏兰哲.smali	684	101a174611090f0d161b0e46141d0f1a5d1b151c0c0a080d120113070b422f01071c1c01060d15071c1b3c09060d050b	com.tencent.qqnt.notification.NotificationFacade
smali_classes2\飘花落叶言楪世子苏哲兰\飘花落叶言子楪世苏兰哲.smali	690	1e040b46041c114032050a3a100215071e10	mqq.app.AppRuntime
smali_classes2\飘花落叶言楪世子苏哲兰\飘花落叶言子楪世苏兰哲.smali	696	101a174611090f0d161b0e46141d0f1a5d1e1f1a0b090d401d140e01130908000710080e040f04403d1a0e010305020f071c150626030c031c1b33060303	com.tencent.qqnt.kernel.nativeinterface.NotificationCommonInfo
smali_classes2\飘花落叶言楪世子苏哲兰\飘花落叶言子楪世苏兰哲.smali	702	101a174611090f0d161b0e46141d0f1a5d1e1f1a0b090d401d140e01130908000710080e040f04402110190d0b1822011d011b0b11250f081c	com.tencent.qqnt.kernel.nativeinterface.RecentContactInfo
smali_classes2\飘花落叶言楪世子苏哲兰\飘花落叶言子楪世苏兰哲.smali	708	96d2f18fdee487dcd293e6e183e5df8bfbc59ff8ed85e1ec94effe8ef3d587dde6	始终没有找到合适的方法
smali_classes2\飘花落叶言楪世子苏哲兰\飘花落叶言子楪世苏兰哲.smali	714	101a174611090f0d161b0e46080303071f100b194b0d111e5d242b29151c28000710080e040f04	com.tencent.mobileqq.app.QQAppInterface
smali_classes2\飘花落叶言楪世子苏哲兰\飘花落叶言子楪世苏兰哲.smali	720	1d1a0e0103152c0b00061b0f003e040d161c0c0d01	notifyMessageReceived
smali_classes2\飘花落叶言楪世子苏哲兰\飘花落叶言子楪世苏兰哲.smali	726	101a174611090f0d161b0e460c01020101105405001f120f14105425001f120f1410	com.tencent.imcore.message.Message
smali_classes2\飘花落叶言楪世子苏哲兰\飘花落叶言子楪世苏兰哲.smali	732	101d1b1c3115110b	chatType
smali_classes2\飘花落叶言楪世子苏哲兰\飘花落叶言子楪世苏兰哲.smali	738	1217091c170d021a301a141c000215	abstractContent
smali_classes2\飘花落叶言楪世子苏哲兰\飘花落叶言子楪世苏兰哲.smali	744	3390ffc081d1f288fbe59ff9fd	@全体成员
smali_classes2\飘花落叶言楪世子苏哲兰\飘花落叶言子楪世苏兰哲.smali	750	9bfcc48fecd584ebdb91c7fb	艾特全体
smali_classes2\飘花落叶言楪世子苏哲兰\飘花落叶言子楪世苏兰哲.smali	756	101d1b1c3115110b4e475a091138181e16484b	chatType=2 atType=1
smali_classes2\飘花落叶言楪世子苏哲兰\飘花落叶言子楪世苏兰哲.smali	762	101a141c0002155328359fedcd88dcfd95fdea8df4f43c	content=[@全体成员]
smali_classes2\飘花落叶言楪世子苏哲兰\飘花落叶言子楪世苏兰哲.smali	768	1217091c170d021a301a141c000215533390ffc081d1f288fbe59ff9fd	abstractContent=@全体成员
smali_classes2\飘花落叶言楪世子苏哲兰\飘花落叶言子楪世苏兰哲.smali	774	231c191c101e043d061817091715	PictureSummary
smali_classes2\飘花落叶言楪世子苏哲兰\飘花落叶言子楪世苏兰哲.smali	780	101a174611090f0d161b0e46141d0f1a5d1e1f1a0b090d401d140e01130908000710080e040f0440301a141c040f15	com.tencent.qqnt.kernel.nativeinterface.Contact
smali_classes2\飘花落叶言楪世子苏哲兰\飘花落叶言子楪世苏兰哲.smali	786	19140c094b1915071f5b3b1a170d18221a060e	java.util.ArrayList
smali_classes2\飘花落叶言楪世子苏哲兰\飘花落叶言子楪世苏兰哲.smali	792	19140c094b1915071f5b320916042c0f03	java.util.HashMap
smali_classes2\飘花落叶言楪世子苏哲兰\飘花落叶言子楪世苏兰哲.smali	798	101a174611090f0d161b0e46141d0f1a5d1e1f1a0b090d401d140e01130908000710080e040f04403a3a0a0d170d150b30141604070d0205	com.tencent.qqnt.kernel.nativeinterface.IOperateCallback
smali_classes2\飘花落叶言楪世子苏哲兰\飘花落叶言子楪世苏兰哲.smali	804	101a174611090f0d161b0e46141d0f1a5d1e1f1a0b090d401d140e01130908000710080e040f04403a3e1f1a0b090d230012290d171a080d16513918153c13010b0c	com.tencent.qqnt.kernel.nativeinterface.IKernelMsgService$CppProxy
smali_classes2\飘花落叶言楪世子苏哲兰\飘花落叶言子楪世苏兰哲.smali	810	94f7c38de2d785d5d69dd4d682d1cf8be8cb9de1e24389cfdb93f9ed83f4df89d7cf9df2e18af7e995e9d6	点击以设置图片/表情显示的文本
smali_classes2\飘花落叶言楪世子苏哲兰\飘花落叶言子楪世苏兰哲.smali	816	9bdbc48fd8c285d6c94f	设置为:
smali_classes2\飘花落叶言楪世子苏哲兰\飘花落叶言子楪世苏兰哲.smali	822	14100e380c0f240216181f0611	getPicElement
smali_classes2\飘花落叶言楪世子苏哲兰\飘花落叶言子楪世苏兰哲.smali	828	161815020c2a13011e	emojiFrom
smali_classes2\飘花落叶言楪世子苏哲兰\飘花落叶言子楪世苏兰哲.smali	834	00100e3b10010c0f010c	setSummary
smali_classes2\飘花落叶言楪世子苏哲兰\飘花落叶言子楪世苏兰哲.smali	840	101a174611090f0d161b0e461705020615071b05001b0e1c185b1d090900041c0a5b0a0917184f3c352236091c09132f1d1c1738041e15	com.tencent.richframework.gallery.part.RFWLayerAnimPart
smali_classes2\飘花落叶言楪世子苏哲兰\飘花落叶言子楪世苏兰哲.smali	846	1a1b131c3618001c0734140108	initStartAnim
smali_classes2\飘花落叶言楪世子苏哲兰\飘花落叶言子楪世苏兰哲.smali	852	06051e091109230f101e1d1a0a190f0a32190a0004	updateBackgroundAlpha
smali_classes2\飘花落叶言楪世子苏哲兰\飘花落叶言子楪世苏兰哲.smali	858	17071b0f290d18010601	dragLayout
smali_classes2\飘花落叶言楪世子苏哲兰\飘花落叶言子楪世苏兰哲.smali	864	1e310809022000171c000e	mDragLayout
smali_classes2\飘花落叶言楪世子苏哲兰\飘花落叶言子楪世苏兰哲.smali	870	041c140c0a1b230937071b1f040e0d0b	windowBgDrawable
smali_classes2\飘花落叶言楪世子苏哲兰\飘花落叶言子楪世苏兰哲.smali	876	1e2213060103162c14310809120d030216	mWindowBgDrawable
smali_classes2\飘花落叶言楪世子苏哲兰\飘花落叶言子楪世苏兰哲.smali	882	101a174611090f0d161b0e46141c09011d10540a041f0440060113044b3d2d01143c0e0d0821000012121f1a413b1307071032090b080d0b01	com.tencent.qphone.base.util.QLogItemManager$WriteHandler
smali_classes2\飘花落叶言楪世子苏哲兰\飘花落叶言子楪世苏兰哲.smali	888	101a174611090f0d161b0e46141c09011d10540a041f0440060113044b3d2d0114	com.tencent.qphone.base.util.QLog
smali_classes2\飘花落叶言楪世子苏哲兰\飘花落叶言子楪世苏兰哲.smali	894	16191f050002151d	elements
smali_classes2\飘花落叶言楪世子苏哲兰\飘花落叶言子楪世苏兰哲.smali	900	14100e291707240216181f0611	getArkElement
smali_classes2\飘花落叶言楪世子苏哲兰\飘花落叶言子楪世苏兰哲.smali	906	110c0e0d1628001a12	bytesData
smali_classes2\飘花落叶言楪世子苏哲兰\飘花落叶言子楪世苏兰哲.smali	912	9ae0c58ee9e584cafe90f2de80e1c089faf2	长按复制卡片
smali_classes2\飘花落叶言楪世子苏哲兰\飘花落叶言子楪世苏兰哲.smali	918	96c2c88dc1e184e6c5	已复制
smali_classes2\飘花落叶言楪世子苏哲兰\飘花落叶言子楪世苏兰哲.smali	924	97ceff8ef1c387e2f2242b2631	仅支持QQNT
smali_classes2\飘花落叶言楪世子苏哲兰\飘花落叶言子楪世苏兰哲.smali	930	101a174611090f0d161b0e46141d0f1a5d1413074b010400065b0f014b3d302d06060e0708210400063002180402050f11191f2404150e1b07	com.tencent.qqnt.aio.menu.ui.QQCustomMenuExpandableLayout
smali_classes2\飘花落叶言楪世子苏哲兰\飘花落叶言子楪世苏兰哲.smali	936	101a174611090f0d161b0e46141d0f1a5d1413074b010400065b0f014b3d302d06060e0708210400063b152106030f22120c151d11	com.tencent.qqnt.aio.menu.ui.QQCustomMenuNoIconLayout
smali_classes2\飘花落叶言楪世子苏哲兰\飘花落叶言子楪世苏兰哲.smali	942	101a174611090f0d161b0e46080303071f100b194b0d08015d18090f4b2d28213e061d2111090c	com.tencent.mobileqq.aio.msg.AIOMsgItem
smali_classes2\飘花落叶言楪世子苏哲兰\飘花落叶言子楪世苏兰哲.smali	948	101a174611090f0d161b0e46080303071f100b194b0d08015d18090f0905121a5d1d150401091340101a17180a020400075b0a01064220273c25130b26030f1a161b0e2b0a0111011d10141c	com.tencent.mobileqq.aio.msglist.holder.component.pic.AIOPicContentComponent
smali_classes2\飘花落叶言楪世子苏哲兰\飘花落叶言子楪世苏兰哲.smali	954	101a174611090f0d161b0e46080303071f100b194b0d08015d18090f0905121a5d1d150401091340101a17180a020400075b17011d4220273c38131026030f1a161b0e2b0a0111011d10141c	com.tencent.mobileqq.aio.msglist.holder.component.mix.AIOMixContentComponent
smali_classes2\飘花落叶言楪世子苏哲兰\飘花落叶言子楪世苏兰哲.smali	960	101a174611090f0d161b0e46080303071f100b194b0d08015d18090f0905121a5d1d150401091340101a17180a020400075b3809160922011d011f06112f0e03031a140d0b18	com.tencent.mobileqq.aio.msglist.holder.component.BaseContentComponent
smali_classes2\飘花落叶言楪世子苏哲兰\飘花落叶言子楪世苏兰哲.smali	966	14100e25160b330b101a080c	getMsgRecord
smali_classes2\飘花落叶言楪世子苏哲兰\飘花落叶言子楪世苏兰哲.smali	972	96d1f78dedda84f5cd9ce9d6	复制图链
smali_classes2\飘花落叶言楪世子苏哲兰\飘花落叶言子楪世苏兰哲.smali	978	96c2c88dc1e184e6c590f2d880e5cb8bfbf29cf5da56	已复制到剪切板:
smali_classes2\飘花落叶言楪世子苏哲兰\飘花落叶言子楪世苏兰哲.smali	984	101a174611090f0d161b0e46141d0f1a5d161209111f4f0d1c071f4610054f2d1b140e1b2905121a25375e	com.tencent.qqnt.chats.core.ui.ChatsListVB$
smali_classes2\飘花落叶言楪世子苏哲兰\飘花落叶言子楪世苏兰哲.smali	990	96c9fa8dc2e787d6f692eaee	开始清理
smali_classes2\飘花落叶言楪世子苏哲兰\飘花落叶言子楪世苏兰哲.smali	996	96c2c88edde986fef5	已清理
smali_classes2\飘花落叶言楪世子苏哲兰\飘花落叶言子楪世苏兰哲.smali	1002	3d219ed0f68bf5c62c9cefd783e0e88acbce93c9d089eedd97cdf080c2fe84e4d390f5df80e4c187ead15680cadb84e5cc90e8e4342d86f4f793c2ed82fce788eff592d7f484e0e496d1d38cddec89dbc490c6e880fcce4296e5dc8dedf584d7c591c2e581d0fb8bfce49dfcfa88daee97ccf2	NT专用_长按主页右上角加号删除,请勿和QA的清理最近聊天一起开启,否则并不会发生什么
smali_classes2\飘花落叶言楪世子苏哲兰\飘花落叶言子楪世苏兰哲.smali	1008	101a174611090f0d161b0e46080303071f100b194b0d021a1a03131c1c4209011e10542b0a02170b01061b1c0c030f	com.tencent.mobileqq.activity.home.Conversation
smali_classes2\飘花落叶言楪世子苏哲兰\飘花落叶言子楪世苏兰哲.smali	1014	96e9d28fece487f2df90decf81d6ef89defc9ed2eb544f575d4d4a8ef2da303f96f0c981f2c185d4f59ddbc083efe48acce89fc5fd4c87c3d790f0f78defdc8bfcda9ed3c08bdac994ced78cdde789d3ce9ddbc083efe4	在版本大于等于8.9.80时QQ关闭了表情保存 此功能可以继续下载表情
smali_classes2\飘花落叶言楪世子苏哲兰\飘花落叶言子楪世苏兰哲.smali	1020	1618151c0c030f31171a0d060903000a2c11131b040e0d0b2c4d4350553359564445495e515458	emotion_download_disable_8980_887036489
smali_classes2\飘花落叶言楪世子苏哲兰\飘花落叶言子楪世苏兰哲.smali	1026	101a174611090f0d161b0e46080303071f100b194b0d021a1a03131c1c4200071c5b0a090b090d402314140d092502011d391306000d1322120c151d11	com.tencent.mobileqq.activity.aio.panel.PanelIconLinearLayout
smali_classes2\飘花落叶言楪世子苏哲兰\飘花落叶言子楪世苏兰哲.smali	1032	101a174611090f0d161b0e46080303071f100b194b0d021a1a03131c1c4200071c5b190717094f2c12061f2b0d0d153e1a10	com.tencent.mobileqq.activity.aio.core.BaseChatPie
smali_classes2\飘花落叶言楪世子苏哲兰\飘花落叶言子楪世苏兰哲.smali	1038	101a174611090f0d161b0e46141d0f1a5d1413074b1f09010101191d110e001c5d251b060000280d1c1b36010b09001c3f1403071018	com.tencent.qqnt.aio.shortcutbar.PanelIconLinearLayout
smali_classes2\飘花落叶言楪世子苏哲兰\飘花落叶言子楪世苏兰哲.smali	1044	3d1a5a050018090117551c07100205	No method found
smali_classes2\飘花落叶言楪世子苏哲兰\飘花落叶言子楪世苏兰哲.smali	1050	101a174611090f0d161b0e46141d0f1a5d1e1f1a0b090d401d140e01130908000710080e040f0440231c192d09090c0b1d01	com.tencent.qqnt.kernel.nativeinterface.PicElement
smali_classes2\飘花落叶言楪世子苏哲兰\飘花落叶言子楪世苏兰哲.smali	1056	1e114f200014321a01	md5HexStr
smali_classes2\飘花落叶言楪世子苏哲兰\飘花落叶言子楪世苏兰哲.smali	1062	97cae78dc8f484e6c32429	保存到QS
smali_classes2\飘花落叶言楪世子苏哲兰\飘花落叶言子楪世苏兰哲.smali	1068	5c93c1f982c4dc40031b1d	/滑稽.png
smali_classes2\飘花落叶言楪世子苏哲兰\飘花落叶言子楪世苏兰哲.smali	1074	5c93e0ff8cd7f088c8e49dc0d842110014	/暗黑滑稽.png
smali_classes2\飘花落叶言楪世子苏哲兰\飘花落叶言子楪世苏兰哲.smali	1080	53b9cc8dfeccadd897cdc0a4d32aadd806b9cc06a9da31a2c514b6de0ba0d70bbfc316a4d38bfbeabfc32ba4d338add81cb9cc07a9da0da2c59ddbc0a9da87edf6b9cc81f8ceadd895e8c5a4d34fadd841b9cc81ffd2add894e1d2a4d34c4d4e95fcfa8cdec987f2fa91c0ee8dd3f88acbdf9ed3eb3d35011c199dcfde8ac5e39af5f881e0e187f3d692e0ec8dcdc988f0f093f5c78afcd150445a444584c0c695f6ff8cdec987f8f491c1de80c8d889c8f19ed7f889ccf696e9d2	 ̶因̶为̶F̶u̶n̶P̶a̶n̶e̶l̶的̶Q̶T̶o̶o̶l̶表̶情̶面̶板̶#̶2̶难̶用̶ , 所以有了这个从QTool移植适配来的表情面板#1 , 表情以文件夹组保存在
smali_classes2\飘花落叶言楪世子苏哲兰\飘花落叶言子楪世苏兰哲.smali	1086	5c25130b4a89ecfb96f2c18deac385d5d690dee580e4d7	/Pic/单击可以复制
smali_classes2\飘花落叶言楪世子苏哲兰\飘花落叶言子楪世苏兰哲.smali	1092	9bd4d28ee6e988f3d193e7d780f7df88d3f29fe0f889c6e596f9ec8dcbe087c1e6	表情面板图标初始化完毕
smali_classes2\飘花落叶言楪世子苏哲兰\飘花落叶言子楪世苏兰哲.smali	1098	95c2cb80ecde87c6d290c6e78dcdc988f0f093f5c78afcd196eec48ec5eb84e6ee90dde380e0f78bddf99cc7f0	深色模式表情面板图标初始化完毕
smali_classes2\飘花落叶言楪世子苏哲兰\飘花落叶言子楪世苏兰哲.smali	1104	22260e07171589cfdb93f9ed8cf1c388eeca	QStory表情面板
smali_classes2\飘花落叶言楪世子苏哲兰\飘花落叶言子楪世苏兰哲.smali	1110	101a174611090f0d161b0e46080303071f100b194b0d08015d1c141810184f1d1a180a04001908	com.tencent.mobileqq.aio.input.simpleui
smali_classes2\飘花落叶言楪世子苏哲兰\飘花落叶言子楪世苏兰哲.smali	1116	06051e09110932071e05160d3025	updateSimpleUI
smali_classes2\飘花落叶言楪世子苏哲兰\飘花落叶言子楪世苏兰哲.smali	1122	1b010e1816564e41141c0e0d004202011e5a091d1f040402121b551c001f154101140d47080d121a1607552c000a001b1f013f050a18080d1c1b54120c1c	https://gitee.com/suzhelan/test/raw/master/DefaultEmoticon.zip
smali_classes2\飘花落叶言楪世子苏哲兰\飘花落叶言子楪世苏兰哲.smali	1128	5c10170711050e005d0f1318	/emotion.zip
smali_classes2\飘花落叶言楪世子苏哲兰\飘花落叶言子楪世苏兰哲.smali	1134	101a174611090f0d161b0e46080303071f100b194b090c01071c15060c02150b14071b1c004220273c30170711050e0035071b0f08090f1a	com.tencent.mobileqq.emotionintegrate.AIOEmotionFragment
smali_classes2\飘花落叶言楪世子苏哲兰\飘花落叶言子楪世苏兰哲.smali	1140	101a174611090f0d161b0e46080303071f100b194b1b080a14100e461604001c165b2900041e042f100113070b3f090b16012c5a	com.tencent.mobileqq.widget.share.ShareActionSheetV2
smali_classes2\飘花落叶言楪世子苏哲兰\飘花落叶言子楪世苏兰哲.smali	1146	00100e210b1804000733151a3618001c0733151a120d130a2110190d0b18200d071c0c011115	setIntentForStartForwardRecentActivity
smali_classes2\飘花落叶言楪世子苏哲兰\飘花落叶言子楪世苏兰哲.smali	1152	97cdc181c4d987feef92ceca488ad9d695fdf58ed3e487efdc5892e9ef89c5c794e0f681f8ce84e1c091c2e28dcbf3	主页搜索-游戏消息-聊天界面右上角
smali_classes2\飘花落叶言楪世子苏哲兰\飘花落叶言子楪世苏兰哲.smali	1158	101a174611090f0d161b0e46080303071f100b194b0d021a1a03131c1c4222061201290d11180800143308090201040007	com.tencent.mobileqq.activity.ChatSettingFragment
smali_classes2\飘花落叶言楪世子苏哲兰\飘花落叶言子楪世苏兰哲.smali	1164	1c1b2c01001b221c16140e0d01	onViewCreated
smali_classes2\飘花落叶言楪世子苏哲兰\飘花落叶言子楪世苏兰哲.smali	1170	101a174611090f0d161b0e46080303071f100b194b0d021a1a03131c1c4222061201290d111808001434191c0c1a081a0a	com.tencent.mobileqq.activity.ChatSettingActivity
smali_classes2\飘花落叶言楪世子苏哲兰\飘花落叶言子楪世苏兰哲.smali	1176	96ffda8cddd6303f96d0c78deae7	加为QQ好友
smali_classes2\飘花落叶言楪世子苏哲兰\飘花落叶言子楪世苏兰哲.smali	1182	2890f4f73889ebce97cdc0393489c4d396faf1	[原]加为QQ好友
smali_classes2\飘花落叶言楪世子苏哲兰\飘花落叶言子楪世苏兰哲.smali	1188	282429358ddbd286ced99ed0de85c0db	[QS]跳转主页
smali_classes2\飘花落叶言楪世子苏哲兰\飘花落叶言子楪世苏兰哲.smali	1194	1e040b524a43020f0111551b0d0316310306160b041e0551000719371115110b4e1c141c001e0f0f1f530907101e020b4e0612091709020f01115c1e001e12071c1b4759431908004e	mqq://card/show_pslcard?src_type=internal&source=sharecard&version=1&uin=
smali_classes2\飘花落叶言楪世子苏哲兰\飘花落叶言子楪世苏兰哲.smali	1200	121b1e1a0a0505401a1b0e0d0b184f0f100113070b4237273622	android.intent.action.VIEW
smali_classes2\飘花落叶言楪世子苏哲兰\飘花落叶言子楪世苏兰哲.smali	1206	101a174611090f0d161b0e46080303071f100b194b0d021a1a03131c1c	com.tencent.mobileqq.activity
smali_classes2\飘花落叶言楪世子苏哲兰\飘花落叶言子楪世苏兰哲.smali	1212	96c8e98dece184e4ec9df9d583f0cb8befdd2b392b3885d1dd90dee54589eec194e1d28fefda87eef2554048	当前功能未在QQNT修复 可用状态 : 
smali_classes2\飘花落叶言楪世子苏哲兰\飘花落叶言子楪世苏兰哲.smali	1218	97cdf78deac386fadb	不可用
smali_classes2\飘花落叶言楪世子苏哲兰\飘花落叶言子楪世苏兰哲.smali	1224	101a174611090f0d161b0e46080303071f100b194b1b080a14100e460b0d170c12075426041a230f01343327	com.tencent.mobileqq.widget.navbar.NavBarAIO
smali_classes2\飘花落叶言楪世子苏哲兰\飘花落叶言子楪世苏兰哲.smali	1230	00100e2d041e280d1c1b2c011605030216	setEarIconVisible
smali_classes2\飘花落叶言楪世子苏哲兰\飘花落叶言子楪世苏兰哲.smali	1236	101a174611090f0d161b0e46141d0f1a5d1e1f1a0b090d401d140e01130908000710080e040f044023010e2d09090c0b1d01	com.tencent.qqnt.kernel.nativeinterface.PttElement
smali_classes2\飘花落叶言楪世子苏哲兰\飘花落叶言子楪世苏兰哲.smali	1242	14100e2e0c00043e120112	getFilePath
smali_classes2\飘花落叶言楪世子苏哲兰\飘花落叶言子楪世苏兰哲.smali	1248	9ae0c58ee9e585d6f393e7c98dc3cc87ecc6	长按一条语音
smali_classes2\飘花落叶言楪世子苏哲兰\飘花落叶言子楪世苏兰哲.smali	1254	101a174611090f0d161b0e46080303071f100b194b0d08015d18090f0905121a5d1d150401091340101a17180a020400075b0a1c114220273c250e1c26030f1a161b0e2b0a0111011d10141c	com.tencent.mobileqq.aio.msglist.holder.component.ptt.AIOPttContentComponent
smali_classes2\飘花落叶言楪世子苏哲兰\飘花落叶言子楪世苏兰哲.smali	1260	101a174611090f0d161b0e46080303071f100b194b0d021a1a03131c1c4200071c5b131c00014f3e0701331c0001231b1a191e0d17	com.tencent.mobileqq.activity.aio.item.PttItemBuilder
smali_classes2\飘花落叶言楪世子苏哲兰\飘花落叶言子楪世苏兰哲.smali	1266	101a174611090f0d161b0e46080303071f100b194b08001a125b390004182c0b00061b0f00	com.tencent.mobileqq.data.ChatMessage
smali_classes2\飘花落叶言楪世子苏哲兰\飘花落叶言子楪世苏兰哲.smali	1272	14100e240a0f0002351c160d350d1506	getLocalFilePath
smali_classes2\飘花落叶言楪世子苏哲兰\飘花落叶言子楪世苏兰哲.smali	1278	101a174611090f0d161b0e461705020615071b05001b0e1c185b1d090900041c0a5b2b39220d0d0216070329061808181a0103	com.tencent.richframework.gallery.QQGalleryActivity
smali_classes2\飘花落叶言楪世子苏哲兰\飘花落叶言子楪世苏兰哲.smali	1284	1c1b391a000d150b	onCreate
smali_classes2\飘花落叶言楪世子苏哲兰\飘花落叶言子楪世苏兰哲.smali	1290	101a174611090f0d161b0e46080303071f100b194b1e080d1b181f0c0c0d031c1c02090d174220273c321b040909131732160e0113051517	com.tencent.mobileqq.richmediabrowser.AIOGalleryActivity
smali_classes2\飘花落叶言楪世子苏哲兰\飘花落叶言子楪世苏兰哲.smali	1296	231c193d2c4c031b1d11160d58510f1b1f19	PicUI bundle==null
smali_classes2\飘花落叶言楪世子苏哲兰\飘花落叶言子楪世苏兰哲.smali	1302	18100337111e0e01032a1d1a0a1911311d14170d	key_troop_group_name
smali_classes2\飘花落叶言楪世子苏哲兰\飘花落叶言子楪世苏兰哲.smali	1308	160d0e1a0442263c3c202a3730252f	extra.GROUP_UIN
smali_classes2\飘花落叶言楪世子苏哲兰\飘花落叶言子楪世苏兰哲.smali	1314	94cbde80e4e687d8fb93fbc745	群聊消息 
smali_classes2\飘花落叶言楪世子苏哲兰\飘花落叶言子楪世苏兰哲.smali	1320	95e8df80e2c686d0d792c1ec455641	来自群组 : 
smali_classes2\飘花落叶言楪世子苏哲兰\飘花落叶言子楪世苏兰哲.smali	1326	95e8df80e2c686c9f29dfbe281d4ef4e	来自私聊与 
smali_classes2\飘花落叶言楪世子苏哲兰\飘花落叶言子楪世苏兰哲.smali	1332	5392e0ec80c3d886dce8	 的对话
smali_classes2\飘花落叶言楪世子苏哲兰\飘花落叶言子楪世苏兰哲.smali	1338	160d0e1a0442243627273b372639333c363b2e372c21202936	extra.EXTRA_CURRENT_IMAGE
smali_classes2\飘花落叶言楪世子苏哲兰\飘花落叶言子楪世苏兰哲.smali	1344	96faeb81e5ed89eef6554048	发送者 : 
smali_classes2\飘花落叶言楪世子苏哲兰\飘花落叶言子楪世苏兰哲.smali	1350	1e040b0915055b415c161b1a014312061c0225181600020f0111451b170f3e1a0a051f550c02150b011b1b04431a041c001c1506585d471b1a1b47	mqqapi://card/show_pslcard?src_type=internal&version=1&uin=
smali_classes2\飘花落叶言楪世子苏哲兰\飘花落叶言子楪世苏兰哲.smali	1356	55161b1a013315170310470f1703141e5506151d170f0453020719070109	&card_type=group&source=qrcode
smali_classes2\飘花落叶言楪世子苏哲兰\飘花落叶言子楪世苏兰哲.smali	1362	96fad580e6d186ecca93ede98dd2d889e9f19fc5f288ddf495e9f38cdeec85d7fb90f5e580d6f58be2d7	可能点旁边的字会有什么反应呢
smali_classes2\飘花落叶言楪世子苏哲兰\飘花落叶言子楪世苏兰哲.smali	1368	14100e210b18040007	getIntent
smali_classes2\飘花落叶言楪世子苏哲兰\飘花落叶言子楪世苏兰哲.smali	1374	151a081f041e0531001a0f1a06093e1b1a1b251c1c1c04	forward_source_uin_type
smali_classes2\飘花落叶言楪世子苏哲兰\飘花落叶言子楪世苏兰哲.smali	1380	160d0e1a0442263c3c202a372623252b	extra.GROUP_CODE
smali_classes2\飘花落叶言楪世子苏哲兰\飘花落叶言子楪世苏兰哲.smali	1386	1a1b0a1d1138041607381f1c0d0305	inputTextMethod
smali_classes2\飘花落叶言楪世子苏哲兰\飘花落叶言子楪世苏兰哲.smali	1392	9ae0c58ee9e584e1e29cfae981d7c48bfce493e8e484dffd96f0df8ec4ea84e8f692e0ec80e1c089faf2	长按发送以发送输入框内的卡片
smali_classes2\飘花落叶言楪世子苏哲兰\飘花落叶言子楪世苏兰哲.smali	1398	101a174611090f0d161b0e4602190802175b1b010a42080003000e46170900021a1b0a1d1142261b1a191e290c03250b15140f0411250f1e06012c01001b23071d111f1a	com.tencent.guild.aio.input.realinput.GuildAioDefaultInputViewBinder
smali_classes2\飘花落叶言楪世子苏哲兰\飘花落叶言子楪世苏兰哲.smali	1404	111c140c33050419321b1e2c041800	bindViewAndData
smali_classes2\飘花落叶言楪世子苏哲兰\飘花落叶言子楪世苏兰哲.smali	1410	101a174611090f0d161b0e46080303071f100b194b0d08015d1c141810184f1d161b1e05160b	com.tencent.mobileqq.aio.input.sendmsg
smali_classes2\飘花落叶言楪世子苏哲兰\飘花落叶言子楪世苏兰哲.smali	1416	323c353b0002052300122c2a21090d0b14140e0d	AIOSendMsgVBDelegate
smali_classes2\飘花落叶言楪世子苏哲兰\飘花落叶言子楪世苏兰哲.smali	1422	1b14140c0909330b10141604230d080216115a060a4c150112060e	handleRecallFailed no toast
smali_classes2\飘花落叶言楪世子苏哲兰\飘花落叶言子楪世苏兰哲.smali	1428	121b1e1a0a0505165d03130d120e0800171c140f4b3a080b0437130601050f09	androidx.viewbinding.ViewBinding
smali_classes2\飘花落叶言楪世子苏哲兰\飘花落叶言子楪世苏兰哲.smali	1434	1a1b0a1d113e0e01075b1c010b083707160238112c08493c5d1c1e460c02111b075c	inputRoot.findViewById(R.id.input)
smali_classes2\飘花落叶言楪世子苏哲兰\飘花落叶言子楪世苏兰哲.smali	1440	96f8db8feceb87cecf90c6e78cf8f886dcda	卡片格式错误
smali_classes2\飘花落叶言楪世子苏哲兰\飘花落叶言子楪世苏兰哲.smali	1446	071c170d3a0a0e1c1e140e	time_format
smali_classes2\飘花落叶言楪世子苏哲兰\飘花落叶言子楪世苏兰哲.smali	1452	97cae78dc8f487e6e390f0f7	保存成功
smali_classes2\飘花落叶言楪世子苏哲兰\飘花落叶言子楪世苏兰哲.smali	1458	3e10091b040b043e01101c011d2d0f0a20001c0e0c142c01171c1c01060d15071c1b	MessagePrefixAndSuffixModification
smali_classes2\飘花落叶言楪世子苏哲兰\飘花落叶言子楪世苏兰哲.smali	1464	94f7c38de2d789c0cd92c7c683dae988f2da9fe1e889f1e094c9fa	点击设置消息前后缀
smali_classes2\飘花落叶言楪世子苏哲兰\飘花落叶言子楪世苏兰哲.smali	1470	14100e3c0014152b1f10170d0b18	getTextElement
smali_classes2\飘花落叶言楪世子苏哲兰\飘花落叶言子楪世苏兰哲.smali	1476	34110e251338081a1f10320d091c041c	GdtMvTitleHelper
smali_classes2\飘花落叶言楪世子苏哲兰\飘花落叶言子楪世苏兰哲.smali	1482	1114084858514100061916	bar == null
smali_classes2\飘花落叶言楪世子苏哲兰\飘花落叶言子楪世苏兰哲.smali	1488	101a174611090f0d161b0e460208150f175b18091605021d5d18151c0c1a04181a111f074b2b051a3e032c0101090e381a100d2b0a02151c1c19160d17	com.tencent.gdtad.basics.motivevideo.GdtMvVideoViewController
smali_classes2\飘花落叶言楪世子苏哲兰\飘花落叶言子楪世苏兰哲.smali	1494	101a174611090f0d161b0e460208150f175b18091605021d5d18151c0c1a04181a111f07	com.tencent.gdtad.basics.motivevideo
smali_classes2\飘花落叶言楪世子苏哲兰\飘花落叶言子楪世苏兰哲.smali	1500	34110e250a1808181623130c000325071219150f	GdtMotiveVideoDialog
smali_classes2\飘花落叶言楪世子苏哲兰\飘花落叶言子楪世苏兰哲.smali	1506	1c1b2d010b080e19351a191d162f090f1d121f0c4d45410d1219160d014c1607071d40480d0d12281c160f1b45514135	onWindowFocusChanged() called with: hasFocus = [
smali_classes2\飘花落叶言楪世子苏哲兰\飘花落叶言子楪世苏兰哲.smali	1512	12001e010a3f1607071612480600080d1855131b450f00021f101e480c1f32071f10141c2803050b5348	audioSwitch click is called isSilentMode =
smali_classes2\飘花落叶言楪世子苏哲兰\飘花落叶言子楪世苏兰哲.smali	1518	531a142b090502055316160716093e0f1706	 onClick close_ads
smali_classes2\飘花落叶言楪世子苏哲兰\飘花落叶言子楪世苏兰哲.smali	1524	101a174611090f0d161b0e460208150f175b18091605021d5d18151c0c1a040c011a0d1b0c02064034110e250a18081816370807121f080014311309090306	com.tencent.gdtad.basics.motivebrowsing.GdtMotiveBrowsingDialog
smali_classes2\飘花落叶言楪世子苏哲兰\飘花落叶言子楪世苏兰哲.smali	1530	34110e250a18081816370807121f080014311309090306	GdtMotiveBrowsingDialog
smali_classes2\飘花落叶言楪世子苏哲兰\飘花落叶言子楪世苏兰哲.smali	1536	171a3506270d020536031f0611	doOnBackEvent
smali_classes2\飘花落叶言楪世子苏哲兰\飘花落叶言子楪世苏兰哲.smali	1542	9bf1fc8dd9dd86f4f790f0f78defdc4e96cbf28dcbd587f6e090e7e7	脆弱的功能 很容易坏
smali_classes2\飘花落叶言楪世子苏哲兰\飘花落叶言子楪世苏兰哲.smali	1548	9bc2c98ddcd384fff99ceef18dc3ce54	跳广告错误:
smali_classes2\飘花落叶言楪世子苏哲兰\飘花落叶言子楪世苏兰哲.smali	1554	101a174611090f0d161b0e46080303071f100b194b1f111c1a1b1d0007420400070703460803051b1f10543b151e080014211b0a270d0f001607370701190d0b	com.tencent.mobileqq.springhb.entry.module.SpringTabBannerModule
smali_classes2\飘花落叶言楪世子苏哲兰\飘花落叶言子楪世苏兰哲.smali	1560	101a174611090f0d161b0e46080303071f100b194b1f111c1a1b1d0007420400070703460803050b1f5b371b0238000c31141406001e250f0714	com.tencent.mobileqq.springhb.entry.model.MsgTabBannerData
smali_classes2\飘花落叶言楪世子苏哲兰\飘花落叶言子楪世苏兰哲.smali	1566	1c1b371b0238000c31141406001e29071710	onMsgTabBannerHide
smali_classes2\飘花落叶言楪世子苏哲兰\飘花落叶言子楪世苏兰哲.smali	1572	101a174611090f0d161b0e46080303071f100b194b3d303d16010e010b0b2c0b	com.tencent.mobileqq.QQSettingMe
smali_classes2\飘花落叶言楪世子苏哲兰\飘花落叶言子楪世苏兰哲.smali	1578	101a174611090f0d161b0e46080303071f100b194b3d303d16010e010b0b2c0b251c1f1f	com.tencent.mobileqq.QQSettingMeView
smali_classes2\飘花落叶言楪世子苏哲兰\飘花落叶言子楪世苏兰哲.smali	1584	101a174611090f0d161b0e46080303071f100b194b2e001d16242b3b001815071d12370d33050419	com.tencent.mobileqq.BaseQQSettingMeView
smali_classes2\飘花落叶言楪世子苏哲兰\飘花落叶言子楪世苏兰哲.smali	1590	101a174611090f0d161b0e46080303071f100b194b0d021a1a03131c1c42303f20100e1c0c02062316	com.tencent.mobileqq.activity.QQSettingMe
smali_classes2\飘花落叶言楪世子苏哲兰\飘花落叶言子楪世苏兰哲.smali	1596	101a174611090f0d161b0e46080303071f100b194b0d021a1a03131c1c42230f00102b393609151a1a1b1d25003a080b04	com.tencent.mobileqq.activity.BaseQQSettingMeView
smali_classes2\飘花落叶言楪世子苏哲兰\飘花落叶言子楪世苏兰哲.smali	1602	9af2f78df5c386faec93efe04984cecb9ad4c38cdee984f2db93edcf82e5e98acdd29cd3f48ac1e194e1e58ef0e4	重启生效,该项仅在旧版侧滑栏生效
smali_classes2\飘花落叶言楪世子苏哲兰\飘花落叶言子楪世苏兰哲.smali	1608	96c2c88dc1dd87fbfb	已失效
smali_classes2\飘花落叶言楪世子苏哲兰\飘花落叶言子楪世苏兰哲.smali	1614	171a34071128081d0700080a210d150f	doNotDisturbData
smali_classes2\飘花落叶言楪世子苏哲兰\飘花落叶言子楪世苏兰哲.smali	1620	95e2df8ef9f387cecf90c6e780e0f78bd7c492dcc04c	日期格式化失败 
smali_classes2\飘花落叶言楪世子苏哲兰\飘花落叶言子楪世苏兰哲.smali	1626	41419fd8ea8af6d8	24小时
smali_classes2\飘花落叶言楪世子苏哲兰\飘花落叶言子楪世苏兰哲.smali	1632	42479fd8ea8af6d8	12小时
smali_classes2\飘花落叶言楪世子苏哲兰\飘花落叶言子楪世苏兰哲.smali	1638	0714080f001835071e10	targetTime
smali_classes2\飘花落叶言楪世子苏哲兰\飘花落叶言子楪世苏兰哲.smali	1644	271409032b0d0c0b	TaskName
smali_classes2\飘花落叶言楪世子苏哲兰\飘花落叶言子楪世苏兰哲.smali	1650	9ae9fa80c3ed84dffc9deed58cecfb89ecd09df2e18af6d89ae0c5	需要屏蔽通知的时长
smali_classes2\飘花落叶言楪世子苏哲兰\飘花落叶言子楪世苏兰哲.smali	1656	96ffe580e6d184d9c190ded983f9e9	功能已失效
smali_classes2\飘花落叶言楪世子苏哲兰\飘花落叶言子楪世苏兰哲.smali	1662	1c051f063609121d1a1a14	openSession
smali_classes2\飘花落叶言楪世子苏哲兰\飘花落叶言子楪世苏兰哲.smali	1668	96f0c981f2c185d4f590ffe583e5f288fac5	关闭了免打扰
smali_classes2\飘花落叶言楪世子苏哲兰\飘花落叶言子楪世苏兰哲.smali	1674	3e38570c014c0906491817	MM-dd hh:mm
smali_classes2\飘花落叶言楪世子苏哲兰\飘花落叶言子楪世苏兰哲.smali	1680	031c192d09090c0b1d01	picElement
smali_classes2\飘花落叶言楪世子苏哲兰\飘花落叶言子楪世苏兰哲.smali	1686	1c07130f0c020002	original
smali_classes2\飘花落叶言楪世子苏哲兰\飘花落叶言子楪世苏兰哲.smali	1692	001a0f1a0609310f071d	sourcePath
smali_classes2\飘花落叶言楪世子苏哲兰\飘花落叶言子楪世苏兰哲.smali	1698	9aedc88ec8ce87ddf79ce6da8cf6f189d4f45a8dcbf288c4ff93facf80e6fe86f0c85a8ef0e487f0ef93c8c983d9ea8bf4cf9cf5c04c85d5f69cfaea8ce9ec3f223b2e	防止泄露隐私 实验性功能 效果没测出来 仅适配QQNT
smali_classes2\飘花落叶言楪世子苏哲兰\飘花落叶言子楪世苏兰哲.smali	1704	342529240a02060707001e0d	GPSLongitude
smali_classes2\飘花落叶言楪世子苏哲兰\飘花落叶言子楪世苏兰哲.smali	1710	342529240418081a06111f	GPSLatitude
smali_classes2\飘花落叶言楪世子苏哲兰\飘花落叶言子楪世苏兰哲.smali	1716	101414060a18411d12031f4800140808	cannot save exif
smali_classes2\飘花落叶言楪世子苏哲兰\飘花落叶言子楪世苏兰哲.smali	1722	96eec480d8c084e3d2	图转卡
smali_classes2\飘花落叶言楪世子苏哲兰\飘花落叶言子楪世苏兰哲.smali	1728	9bc8d68de8cd86e7f4	转卡片
smali_classes2\飘花落叶言楪世子苏哲兰\飘花落叶言子楪世苏兰哲.smali	1734	1b010e1816564e411205134609160d00115b19064a0d11075c140803	https://api.lzlnb.cn/api/ark
smali_classes2\飘花落叶言楪世子苏哲兰\飘花落叶言子楪世苏兰哲.smali	1740	9ae0c58ee9e584f5cd92f3ef83dae988f2da9ed4ff89e6d494fbca8dfed289d3df90f7c982f6e58bfcda93e8ec85c0d7	长按图片消息会出现图转卡的可选项
smali_classes2\飘花落叶言楪世子苏哲兰\飘花落叶言子楪世苏兰哲.smali	1746	95d8d98df9c486c3cd90eae54584ced997cdf780c3ed86c8c890c6e88dedeb8bd7dc9dc2f289eecd5d5b54	正在签名 请不要离开聊天窗口...
smali_classes2\飘花落叶言楪世子苏哲兰\飘花落叶言子楪世苏兰哲.smali	1752	1b010e1816564e411205134609160d00115b19064a0d11075c1408035a1913024e	https://api.lzlnb.cn/api/ark?url=
smali_classes2\飘花落叶言楪世子苏哲兰\飘花落叶言子楪世苏兰哲.smali	1758	0010140c450d1305	send ark
smali_classes2\飘花落叶言楪世子苏哲兰\飘花落叶言子楪世苏兰哲.smali	1764	94d8c48df5e184cac29dcecd	签名失败
smali_classes2\飘花落叶言楪世子苏哲兰\飘花落叶言子楪世苏兰哲.smali	1770	94cbde80e4e685d1d293fbc7	群聊信息
smali_classes2\飘花落叶言楪世子苏哲兰\飘花落叶言子楪世苏兰哲.smali	1776	94cbde8ddff886fadb	群应用
smali_classes2\飘花落叶言楪世子苏哲兰\飘花落叶言子楪世苏兰哲.smali	1782	96c5fc8fdbc887f8f491c1de80e1c089faf29ce1e589fdc697c8f78fd8c288e9fe93ecd883e2f38bc9fa9fe0d588d9e495e3c3	将群文件卡片所在位置重新排序到上方
smali_classes2\飘花落叶言楪世子苏哲兰\飘花落叶言子楪世苏兰哲.smali	1788	101a174611090f0d161b0e46080303071f100b194b1813011c05541c17030e1e00100e1c0c02064012160e01130515175d2108070a1c320b07011306022a130f14181f06113a53	com.tencent.mobileqq.troop.troopsetting.activity.TroopSettingFragmentV2
smali_classes2\飘花落叶言楪世子苏哲兰\飘花落叶言子楪世苏兰哲.smali	1794	1c1b2c01001b221c16140e0d012d071a16072a09171828001a01	onViewCreatedAfterPartInit
smali_classes2\飘花落叶言楪世子苏哲兰\飘花落叶言子楪世苏兰哲.smali	1800	101a174611090f0d161b0e46080303071f100b194b1813011c05541c17030e1e00100e1c0c02064012160e01130515175d2108070a1c320b07011306022d021a1a03131c1c	com.tencent.mobileqq.troop.troopsetting.activity.TroopSettingActivity
smali_classes2\飘花落叶言楪世子苏哲兰\飘花落叶言子楪世苏兰哲.smali	1806	101a174611090f0d161b0e46080303071f100b194b1813011c05541c17030e1e00100e1c0c0206400314081c4b3813011c05290d1118080014340a18350d131a	com.tencent.mobileqq.troop.troopsetting.part.TroopSettingAppPart
smali_classes2\飘花落叶言楪世子苏哲兰\飘花落叶言子楪世苏兰哲.smali	1812	101a174611090f0d161b0e46080303071f100b194b1813011c05541c17030e1e00100e1c0c0206400314081c4b3813011c05290d1118080014381f05070913271d131538041e15	com.tencent.mobileqq.troop.troopsetting.part.TroopSettingMemberInfoPart
smali_classes2\飘花落叶言楪世子苏哲兰\飘花落叶言子楪世苏兰哲.smali	1818	07071507154c410f03055a040c1f154e1a065a0610000d	troop  app list is null
smali_classes2\飘花落叶言楪世子苏哲兰\飘花落叶言子楪世苏兰哲.smali	1824	3e10141d3a25150b1e2a3904041f12	Menu_Item_Class
smali_classes2\飘花落叶言楪世子苏哲兰\飘花落叶言子楪世苏兰哲.smali	1830	1410140d170d150b17	generated
smali_classes2\飘花落叶言楪世子苏哲兰\飘花落叶言子楪世苏兰哲.smali	1836	2224391d16180e033e10141d2c1804030801131c09095c49	QQCustomMenuItem{title='
smali_classes2\飘花落叶言楪世子苏哲兰\飘花落叶言子楪世苏兰哲.smali	1842	101a174611090f0d161b0e46141d0f1a5d1413074b010400065b0f01	com.tencent.qqnt.aio.menu.ui
smali_classes2\飘花落叶言楪世子苏哲兰\飘花落叶言子楪世苏兰哲.smali	1848	0010081e0c0f042d1e11	serviceCmd
smali_classes2\飘花落叶言楪世子苏哲兰\飘花落叶言子楪世苏兰哲.smali	1854	07070a0b4b0112095d1a1618101f09403c192a1d1604320b0103130b00422c1d14250f1b0d	trpc.msg.olpush.OlPushService.MsgPush
smali_classes2\飘花落叶言楪世子苏哲兰\飘花落叶言子楪世苏兰哲.smali	1860	04000a2a100a070b01	wupBuffer
smali_classes2\飘花落叶言楪世子苏哲兰\飘花落叶言子楪世苏兰哲.smali	1866	1e040b46041c11403e263c3b001e17021601	mqq.app.MSFServlet
smali_classes2\飘花落叶言楪世子苏哲兰\飘花落叶言子楪世苏兰哲.smali	1872	1c1b280d0609081816	onReceive
smali_classes2\飘花落叶言楪世子苏哲兰\飘花落叶言子楪世苏兰哲.smali	1878	101a174611090f0d161b0e46141c09011d10540a041f04400110170711094f28011a173b001e17071010371b02	com.tencent.qphone.base.remote.FromServiceMsg
smali_classes2\飘花落叶言楪世子苏哲兰\飘花落叶言子楪世苏兰哲.smali	1884	101a174611090f0d161b0e4617090d0f071c15064b0f0e031e1a1446041c08403a271f04041808011d3b2e3d0c0220001720130c241c08	com.tencent.relation.common.api.IRelationNTUinAndUidApi
smali_classes2\飘花落叶言楪世子苏哲兰\飘花落叶言子楪世苏兰哲.smali	1890	1a062c090905053b1a1b	isValidUin
smali_classes2\飘花落叶言楪世子苏哲兰\飘花落叶言子楪世苏兰哲.smali	1896	14100e3d0c02271c1c182f0101	getUinFromUid
smali_classes2\飘花落叶言楪世子苏哲兰\飘花落叶言子楪世苏兰哲.smali	1902	101d1b1c3a1f0901042a170d11040e0a	chat_show_method
smali_classes2\飘花落叶言楪世子苏哲兰\飘花落叶言子楪世苏兰哲.smali	1908	101d1b1c3a04080a162a170d11040e0a	chat_hide_method
smali_classes2\飘花落叶言楪世子苏哲兰\飘花落叶言子楪世苏兰哲.smali	1914	101a174611090f0d161b0e46080303071f100b194b0d08015d1c141810184f0a01141c1c4b250f1e06013e1a040a15383e311f04000b001a16	com.tencent.mobileqq.aio.input.draft.InputDraftVMDelegate
smali_classes2\飘花落叶言楪世子苏哲兰\飘花落叶言子楪世苏兰哲.smali	1920	1c1b3f061109132f1a1a280d1503131a5318331b24252e3d1b1a0d0d01	onEnterAioReport mIsAIOShowed
smali_classes2\飘花落叶言楪世子苏哲兰\飘花落叶言子楪世苏兰哲.smali	1926	281d130c00315b4e1d1c19034505124e	[hide]: nick is 
smali_classes2\飘花落叶言楪世子苏哲兰\飘花落叶言子楪世苏兰哲.smali	1932	1f1a1b0c270d02051407151d0b08201d0a1b1952451f0a0703551c07174c0c010014130b4505124e1c1b	loadBackgroundAsync: skip for mosaic is on
smali_classes2\飘花落叶言楪世子苏哲兰\飘花落叶言子楪世苏兰哲.smali	1938	171a350636180e1e	doOnStop
smali_classes2\飘花落叶言楪世子苏哲兰\飘花落叶言子楪世苏兰哲.smali	1944	101a174611090f0d161b0e46080303071f100b194b0d08015d18090f0905121a5d1d150401091340323c352a100e03021638090f2c1804032537	com.tencent.mobileqq.aio.msglist.holder.AIOBubbleMsgItemVB
smali_classes2\飘花落叶言楪世子苏哲兰\飘花落叶言子楪世苏兰哲.smali	1950	101a174611090f0d161b0e46141d0f1a5d1413074b040e02171008462c2112093a011f05281a083b3a260e091109	com.tencent.qqnt.aio.holder.IMsgItemMviUIState
smali_classes2\飘花落叶言楪世子苏哲兰\飘花落叶言子楪世苏兰哲.smali	1956	101a174611090f0d161b0e46080303071f100b194b0d08015d18090f0905121a5d1d150401091340323c3525160b281a16182f213618001a16513b212a2112093a011f053618001a16	com.tencent.mobileqq.aio.msglist.holder.AIOMsgItemUIState$AIOMsgItemState
smali_classes2\飘花落叶言楪世子苏哲兰\飘花落叶言子楪世苏兰哲.smali	1962	14100e200a1f15381a100d	getHostView
smali_classes2\飘花落叶言楪世子苏哲兰\飘花落叶言子楪世苏兰哲.smali	1968	1e040b46041c11401e061d0004020502165b371b023e041d033d1b060100041c	mqq.app.msghandle.MsgRespHandler
smali_classes2\飘花落叶言楪世子苏哲兰\飘花落叶言子楪世苏兰哲.smali	1974	171c09180418020621100918281f06	dispatchRespMsg
smali_classes2\飘花落叶言楪世子苏哲兰\飘花落叶言子楪世苏兰哲.smali	1980	1e040b46041c11403e1a18010909303f	mqq.app.MobileQQ
smali_classes2\飘花落叶言楪世子苏哲兰\飘花落叶言子楪世苏兰哲.smali	1986	101a174611090f0d161b0e46080303071f100b194b0112085d061e034b2112083e10091b040b043e121c08	com.tencent.mobileqq.msf.sdk.MsfMessagePair
smali_classes2\飘花落叶言楪世子苏哲兰\飘花落叶言子楪世苏兰哲.smali	1992	101a174611090f0d161b0e46080303071f100b194b0112085d061e034b211208211009182d0d0f0a1f102f1c0c00	com.tencent.mobileqq.msf.sdk.MsfRespHandleUtil
smali_classes2\飘花落叶言楪世子苏哲兰\飘花落叶言子楪世苏兰哲.smali	1998	101a174611090f0d161b0e46080303071f100b194b0112085d061e034b2112082010081e0c0f043d171e	com.tencent.mobileqq.msf.sdk.MsfServiceSdk
smali_classes2\飘花落叶言楪世子苏哲兰\飘花落叶言子楪世苏兰哲.smali	2004	15071505360913181a161f25160b	fromServiceMsg
smali_classes2\飘花落叶言楪世子苏哲兰\飘花落叶言子楪世苏兰哲.smali	2010	3c1c1e0a361a023a0105193c061c4f5e0b4c4a5e5233535e41	OidbSvcTrpcTcp.0x9067_202
smali_classes2\飘花落叶言楪世子苏哲兰\飘花落叶言子楪世苏兰哲.smali	2016	16191f050002153a0a051f	elementType
smali_classes2\飘花落叶言楪世子苏哲兰\飘花落叶言子楪世苏兰哲.smali	2022	14100e2b0a02150b1d01	getContent
smali_classes2\飘花落叶言楪世子苏哲兰\飘花落叶言子楪世苏兰哲.smali	2028	00100e2b0a02150b1d01	setContent
smali_classes2\飘花落叶言楪世子苏哲兰\飘花落叶言子楪世苏兰哲.smali	2034	101a174611090f0d161b0e46141d0f1a5d1413074b040e021710084611090c1e1f140e0d4b2e140c11191f2404150e1b07361505150d153e0110091b	com.tencent.qqnt.aio.holder.template.BubbleLayoutCompatPress
smali_classes2\飘花落叶言楪世子苏哲兰\飘花落叶言子楪世苏兰哲.smali	2040	2824291c0a1e183396c2c88dcad52c1d1423130d1284def59bd4f681e5ee88ebfe	[QStory]已对MsgView进行适配
smali_classes2\飘花落叶言楪世子苏哲兰\飘花落叶言子楪世苏兰哲.smali	2046	101a174611090f0d161b0e46080303071f100b194b1813011c05540915054f071e051646311e0e010336080d041804271d13153b001e1707101033051500	com.tencent.mobileqq.troop.api.impl.TroopCreateInfoServiceImpl
smali_classes2\飘花落叶言楪世子苏哲兰\飘花落叶言子楪世苏兰哲.smali	2052	1710160d110928003a1b0c0111092d070001	deleteInInviteList
smali_classes2\飘花落叶言楪世子苏哲兰\飘花落叶言子楪世苏兰哲.smali	2058	101a17460405130c1d1754040a18150716	com.airbnb.lottie
smali_classes2\飘花落叶言楪世子苏哲兰\飘花落叶言子楪世苏兰哲.smali	2064	95edd58df5ca85d1ee90d7f0	是否保存
smali_classes2\飘花落叶言楪世子苏哲兰\飘花落叶言子楪世苏兰哲.smali	2070	9af5f38eeec588f2f39ddce981d3fc8bdeed9df2e189fad094fcfd	选择需要保存的图片
smali_classes2\飘花落叶言楪世子苏哲兰\飘花落叶言子楪世苏兰哲.smali	2076	95c7db8ef9e588eefa93f1c181d7da8acee09df2e188def396d8e28dedfb89cfdb	没有选择任何的保存列表
smali_classes2\飘花落叶言楪世子苏哲兰\飘花落叶言子楪世苏兰哲.smali	2082	96eec48feceb84dee993e6c280e6c186cec89fc6e98acefb5f91c5f580c1f98bd7c492dcc0	图片尚未加载完毕,保存失败
smali_classes2\飘花落叶言楪世子苏哲兰\飘花落叶言子楪世苏兰哲.smali	2088	96c2c88cdaf184c3eb90f2d85f	已保存到:
smali_classes2\飘花落叶言楪世子苏哲兰\飘花落叶言子楪世苏兰哲.smali	2094	96fde18dded687f8c392e1c680d1f4	创建新目录
smali_classes2\飘花落叶言楪世子苏哲兰\飘花落叶言子楪世苏兰哲.smali	2100	94d4d48dcbf684e6e890c1d2	确定创建
smali_classes2\飘花落叶言楪世子苏哲兰\飘花落叶言子楪世苏兰哲.smali	2106	96e5f78dc8fb85d6fe9df9d581d4db89dacf	名字不能为空
smali_classes2\飘花落叶言楪世子苏哲兰\飘花落叶言子楪世苏兰哲.smali	2112	9bcae38cddc684fefe90d7ff80dbd389c8fa9fc5fd89fdc6	这个名字已经存在
smali_classes2\飘花落叶言楪世子苏哲兰\飘花落叶言子楪世苏兰哲.smali	2118	2890f0c082f8da86d2dd9cebe031	[动画表情]
smali_classes2\飘花落叶言楪世子苏哲兰\飘花落叶言子楪世苏兰哲.smali	2124	95edd58df5ca84e6d39ce3cc83c1c58be8cb9de1e2	是否删除此图片
smali_classes2\飘花落叶言楪世子苏哲兰\飘花落叶言子楪世苏兰哲.smali	2130	9bcbe98de0c984fefe90d7ff	输入名字
smali_classes2\飘花落叶言楪世子苏哲兰\飘花落叶言子楪世苏兰哲.smali	2136	1414170d2c08445d37	gameId%3D
smali_classes2\飘花落叶言楪世子苏哲兰\飘花落叶言子楪世苏兰哲.smali	2142	03071f370603050b4e	pre_code=
smali_classes2\飘花落叶言楪世子苏哲兰\飘花落叶言子楪世苏兰哲.smali	2148	15101f0c16050553	feedsid=
smali_classes2\飘花落叶言楪世子苏哲兰\飘花落叶言子楪世苏兰哲.smali	2154	101a1406000f151d	connects
smali_classes2\飘花落叶言楪世子苏哲兰\飘花落叶言子楪世苏兰哲.smali	2160	0510081c0014041d	vertexes
smali_classes2\飘花落叶言楪世子苏哲兰\飘花落叶言子楪世苏兰哲.smali	2166	1b010e1816564e411b4054190c0d0f0c121a5419144202011e5a1506003f151c1c1e1f3804050f1a3b17550b02054e0d1b1019032a02043d07071503003c00071d01450f3a180a53	https://h5.qianbao.qq.com/oneStrokePaintHb/cgi/checkOneStrokePaint?g_tk=
smali_classes2\飘花落叶言楪世子苏哲兰\飘花落叶言子楪世苏兰哲.smali	2172	021c1b06070d0e400204540b0a01	qianbao.qq.com
smali_classes2\飘花落叶言楪世子苏哲兰\飘花落叶言子楪世苏兰哲.smali	2178	1b010e1816564e411b4054190c0d0f0c121a5419144202011e	https://h5.qianbao.qq.com
smali_classes2\飘花落叶言楪世子苏哲兰\飘花落叶言子楪世苏兰哲.smali	2184	101a141c00021543070c0a0d	content-type
smali_classes2\飘花落叶言楪世子苏哲兰\飘花落叶言子楪世苏兰哲.smali	2190	12050a040c0f001a1a1a14470f1f0e0048161209171f041a4e202e2e4854	application/json;charset=UTF-8
smali_classes2\飘花落叶言楪世子苏哲兰\飘花落叶言子楪世苏兰哲.smali	2196	06061f1a480d060b1d01	user-agent
smali_classes2\飘花落叶言楪世子苏哲兰\飘花落叶言子楪世苏兰哲.smali	2202	3e1a000109000041465b4a484d200800060d41482402051c1c1c1e48545e5a4e3f304859575c412c061c160c4a3f2a3f424e5a1f1345412f0305160d320903251a01555d565b4f5d455552232d382c225f5516010e094129161611074c4c370b010613070b4355404355390017030c0b5c4d43465542555d4b4c545f574c2c3f22370807121f041c5c43545a4538233d5c454e5d5c5d524e3e1a18010909413d12131b1a0c43545d445b495e453a5031323b3e37363d3e565d4d545d5033535d4a4525313c2e3e2a53242b475d4259404640545e5c5c514e3d100e3c1c1c0441243c3c21453b040c235a4a465642514e231c020d0943505a47455a3b110d151b00371b1a2d0908091b0155595754413d1a180a040039283d041c0e0b0d43514e22242e000001044143553306280d0607102213064a5c413d07001e112803050b5c455a2b101e130b1d01370701094e5e53360f1a17090f1a351a141c360f0002165a4b4655	Mozilla/5.0 (Linux; Android 12; LE2120 Build/SKQ1; wv) AppleWebKit/537.36 (KHTML, like Gecko) Version/4.0 Chrome/89.0.4389.72 MQQBrowser/6.2 TBS/045913 Mobile Safari/537.36 V1_AND_SQ_8.8.55_2390_YYB_D QQ/8.8.55.6900 NetType/WIFI WebP/0.3.0 Pixel/1440 StatusBarHeight/128 SimpleUISwitch/0 QQTheme/0 InMagicWin/0 StudyMode/0 CurrentMode/0 CurrentFontScale/1.0
smali_classes2\飘花落叶言楪世子苏哲兰\飘花落叶言子楪世苏兰哲.smali	2208	12050a010151505e43444b	appid=10011
smali_classes2\飘花落叶言楪世子苏哲兰\飘花落叶言子楪世苏兰哲.smali	2214	12050a370e091853291809013d2e585d433a481812145904	app_key=ZmsiXB930O2pwx8j
smali_classes2\飘花落叶言楪世子苏哲兰\飘花落叶言子楪世苏兰哲.smali	2220	1c1b1f3b111e0e05163c1e	oneStrokeId
smali_classes2\飘花落叶言楪世子苏哲兰\飘花落叶言子楪世苏兰哲.smali	2226	1c1b1f3b111e0e05163d1827170e081a	oneStrokeHbOrbit
smali_classes2\飘花落叶言楪世子苏哲兰\飘花落叶言子楪世苏兰哲.smali	2232	1b1736011618280a	hbListId
smali_classes2\飘花落叶言楪世子苏哲兰\飘花落叶言子楪世苏兰哲.smali	2238	000108070e0935170310	strokeType
smali_classes2\飘花落叶言楪世子苏哲兰\飘花落叶言子楪世苏兰哲.smali	2244	1b010e1816564e411b4054190c0d0f0c121a5419144202011e5a090d0b08330b17051b0b0e4302091a5a1d0d11230f0b200108070e09321b111f1f0b11530631071e47	https://h5.qianbao.qq.com/sendRedpack/cgi/getOneStrokeSubject?g_tk=
smali_classes2\飘花落叶言楪世子苏哲兰\飘花落叶言子楪世苏兰哲.smali	2250	041c140c0a1b4f310010081e210d150f53485a	window._servData = 
smali_classes2\飘花落叶言楪世子苏哲兰\飘花落叶言子楪世苏兰哲.smali	2256	1c1b1f3b111e0e0516260f0a0f09021a00	oneStrokeSubjects
smali_classes2\飘花落叶言楪世子苏哲兰\飘花落叶言子楪世苏兰哲.smali	2262	0a0c03112821050a3b3d1705161f	yyyyMMddHHmmss
smali_classes2\飘花落叶言楪世子苏哲兰\飘花落叶言子楪世苏兰哲.smali	2268	1b010e1816564e411e040b4611090f1e120c540b0a014e0d141c570a0c024e061c1b1d0a04034e1f031403370d0e3e00122a1d1a041c4f0d141c451e001e5c5c5d455c0b0d1a5c5d	https://mqq.tenpay.com/cgi-bin/hongbao/qpay_hb_na_grap.cgi?ver=2.0&chv=3
smali_classes2\飘花落叶言楪世子苏哲兰\飘花落叶言子楪世苏兰哲.smali	2274	1c1e121c111c4e5d5d444846545c	okhttp/3.12.10
smali_classes2\飘花落叶言楪世子苏哲兰\飘花落叶言子楪世苏兰哲.smali	2280	01100b371109191a4e	req_text=
smali_classes2\飘花落叶言楪世子苏哲兰\飘花落叶言子楪世苏兰哲.smali	2286	1b010e1816564e411e040b4611090f1e120c540b0a014e0d141c570a0c024e061c1b1d0a04034e1f031403370d0e3e00122a1d1a041c4f0d141c451e001e534043531900135152	https://mqq.tenpay.com/cgi-bin/hongbao/qpay_hb_na_grap.cgi?ver2.0&chv=3
smali_classes2\飘花落叶言楪世子苏哲兰\飘花落叶言子楪世苏兰哲.smali	2292	415308090b080e034e	2&random=
smali_classes2\飘花落叶言楪世子苏哲兰\飘花落叶言子楪世苏兰哲.smali	2298	5506110d1c331517031047	&skey_type=
smali_classes2\飘花落叶言楪世子苏哲兰\飘花落叶言子楪世苏兰哲.smali	2304	1b010e1816564e411e040b4611090f1e120c540b0a014e0d141c570a0c024e061c1b1d0a04034e1f031403370d0e3e00122a1d1a041c4f0d141c45	https://mqq.tenpay.com/cgi-bin/hongbao/qpay_hb_na_grap.cgi?
smali_classes2\飘花落叶言楪世子苏哲兰\飘花落叶言子楪世苏兰哲.smali	2310	101a174611090f1e120c541b01074f0c12061f0a0942240010070318113e041f0610091c	com.tenpay.sdk.basebl.EncryptRequest
smali_classes2\飘花落叶言楪世子苏哲兰\飘花落叶言子楪世苏兰哲.smali	2316	101a174611090f0d161b0e46080303071f100b194b1d160f1f191f1c4b0d11075d3c340d123d360f1f191f1c241c08	com.tencent.mobileqq.qwallet.api.INewQWalletApi
smali_classes2\飘花落叶言楪世子苏哲兰\飘花落叶言子楪世苏兰哲.smali	2322	0710141804154f0d1c18	tenpay.com
smali_classes2\飘花落叶言楪世子苏哲兰\飘花落叶言子楪世苏兰哲.smali	2328	95ffdf81f1f55b86fdc29fe7f30b041a161b193c0014158bf4cf93fcfc	报错:获取getencText出错
smali_classes2\飘花落叶言楪世子苏哲兰\飘花落叶言子楪世苏兰哲.smali	2334	1710191a1c1c153d0707	decryptStr
smali_classes2\飘花落叶言楪世子苏哲兰\飘花落叶言子楪世苏兰哲.smali	2340	1e040b46041c11403d100d210b18040007	mqq.app.NewIntent
smali_classes2\飘花落叶言楪世子苏哲兰\飘花落叶言子楪世苏兰哲.smali	2346	0038150a0c00043f22	sMobileQQ
smali_classes2\飘花落叶言楪世子苏哲兰\飘花落叶言子楪世苏兰哲.smali	2352	101a174611090f0d161b0e46080303071f100b194b1d160f1f191f1c4b094f0f	com.tencent.mobileqq.qwallet.e.a
smali_classes2\飘花落叶言楪世子苏哲兰\飘花落叶言子楪世苏兰哲.smali	2358	07070a0b4b1d1006115b0b190d0e3e1e011a02114b24000017191f1a4b1f12012c1d1b06010004	trpc.qqhb.qqhb_proxy.Handler.sso_handle
smali_classes2\飘花落叶言楪世子苏哲兰\飘花落叶言子楪世苏兰哲.smali	2364	101a174611090f1e120c541b01074f001601540b0a1e04400307150b001f1201015b3f06061e181e072508070609121d1c07	com.tenpay.sdk.net.core.processor.EncryptProcessor
smali_classes2\飘花落叶言楪世子苏哲兰\飘花落叶言子楪世苏兰哲.smali	2370	9ae9fa80c3ed85d6f391c2c281d4db1e0110250f170d1131071a110d0b51130f1d11475e0059075f4310435f5c5b540f4011495d5054580f42174b5a065c565f1043424e160506004e474c5f010f035743414b5e04580257434d1e095d5c025a444d4a5a060a03084b530e1b585d565e45464c5b5d5d584805100855548bfbea95ecd481e5f684e1f193efd8458ae9ff95eadf8eecd285d6fe90f2d8	需要一个为pre_grap_token=rand=6e5f10e97975a3d35589a1b12c071c68&sign=267dcb90416a4c908da80c47802cfbf8&ts=1706363819&ver=1的普通参数 我查找不到
smali_classes2\飘花落叶言楪世子苏哲兰\飘花落叶言子楪世苏兰哲.smali	2376	101a174611090f1e120c541b01074f001601540b0a1e0440101a17054b3f041d001c15062e0918	com.tenpay.sdk.net.core.comm.SessionKey
smali_classes2\飘花落叶言楪世子苏哲兰\飘花落叶言子楪世苏兰哲.smali	2382	101a174611090f1e120c541b01074f001601540b0a1e044000011b1c0c1f1507105b291c0418081d071c19210b0a0e	com.tenpay.sdk.net.core.statistic.StatisticInfo
smali_classes2\飘花落叶言楪世子苏哲兰\飘花落叶言子楪世苏兰哲.smali	2388	101a174611090f1e120c541b01074f001601540b0a1e0440161b191a1c1c1540361b191a1c1c153c16060f0411	com.tenpay.sdk.net.core.encrypt.EncryptResult
smali_classes2\飘花落叶言楪世子苏哲兰\飘花落叶言子楪世苏兰哲.smali	2394	101a174611090f1e120c541b01074f001601540b0a1e0440161b191a1c1c15403710191a1c1c153c16060f0411	com.tenpay.sdk.net.core.encrypt.DecryptResult
smali_classes2\飘花落叶言楪世子苏哲兰\飘花落叶言子楪世苏兰哲.smali	2400	14100e2d0b0f13170301280d16190d1a	getEncryptResult
smali_classes2\飘花落叶言楪世子苏哲兰\飘花落叶言子楪世苏兰哲.smali	2406	0307150b001f122a161608111518	processDecrypt
smali_classes2\飘花落叶言楪世子苏哲兰\飘花落叶言子楪世苏兰哲.smali	2412	14100e2c000f0e0a16112a0404050f	getDecodedPlain
smali_classes2\飘花落叶言楪世子苏哲兰\飘花落叶言子楪世苏兰哲.smali	2418	14100e2a0a08182a12011b	getBodyData
smali_classes2\飘花落叶言楪世子苏哲兰\飘花落叶言子楪世苏兰哲.smali	2424	0710140b000215401a185419141b00021f100e46343b00021f100e20073c130b34071b0a413d302631271f191009121a	tencent.im.qqwallet.QWalletHbPreGrab$QQHBRequest
smali_classes2\飘花落叶言楪世子苏哲兰\飘花落叶言子楪世苏兰哲.smali	2430	101a174611090f0d161b0e46080303071f100b194b1c0340310c0e0d361813071d123701061e0e	com.tencent.mobileqq.pb.ByteStringMicro
smali_classes2\飘花落叶言楪世子苏哲兰\飘花落叶言子楪世苏兰哲.smali	2436	101a0a11231e0e0326011c50	copyFromUtf8
smali_classes2\飘花落叶言楪世子苏哲兰\飘花落叶言子楪世苏兰哲.smali	2442	1b17251817093e0901140a	hb_pre_grap
smali_classes2\飘花落叶言楪世子苏哲兰\飘花落叶言子楪世苏兰哲.smali	2448	071a38111109201c011403	toByteArray
smali_classes2\飘花落叶言楪世子苏哲兰\飘花落叶言子楪世苏兰哲.smali	2454	101a174611090f0d161b0e46080303071f100b194b1d160f1f191f1c4b094f09	com.tencent.mobileqq.qwallet.e.g
smali_classes2\飘花落叶言楪世子苏哲兰\飘花落叶言子楪世苏兰哲.smali	2460	00100e27071f041c051008	setObserver
smali_classes2\飘花落叶言楪世子苏哲兰\飘花落叶言子楪世苏兰哲.smali	2466	1e040b460a0e120b01031f1a4b2e141d1a1b1f1b1623031d16070c0d17	mqq.observer.BusinessObserver
smali_classes2\飘花落叶言楪世子苏哲兰\飘花落叶言子楪世苏兰哲.smali	2472	00011b1a113f041c05191f1c	startServlet
smali_classes2\飘花落叶言楪世子苏哲兰\飘花落叶言子楪世苏兰哲.smali	2478	0000180b0d0d0f0016	subchanne
smali_classes2\飘花落叶言楪世子苏哲兰\飘花落叶言子楪世苏兰哲.smali	2484	1212080d0001040007	agreement
smali_classes2\飘花落叶言楪世子苏哲兰\飘花落叶言子楪世苏兰哲.smali	2490	0314033703000009	pay_flag
smali_classes2\飘花落叶言楪世子苏哲兰\飘花落叶言子楪世苏兰哲.smali	2496	0010140c001e14071d	senderuin
smali_classes2\飘花落叶言楪世子苏哲兰\飘花落叶言子楪世苏兰哲.smali	2502	1407151d1518181e16	grouptype
smali_classes2\飘花落叶言楪世子苏哲兰\飘花落叶言子楪世苏兰哲.smali	2508	0000183702190802172a130c	sub_guild_id
smali_classes2\飘花落叶言楪世子苏哲兰\飘花落叶言子楪世苏兰哲.smali	2514	1407151d15190800	groupuin
smali_classes2\飘花落叶言楪世子苏哲兰\飘花落叶言子楪世苏兰哲.smali	2520	140013040133080a	guild_id
smali_classes2\飘花落叶言楪世子苏哲兰\飘花落叶言子楪世苏兰哲.smali	2526	101a174611090f1e120c541b01074f001601540b0a1e04400307150b001f1201015b3f06061e181e072508070609121d1c075e381703020b0006280d16190d1a	com.tenpay.sdk.net.core.processor.EncryptProcessor$ProcessResult
smali_classes2\飘花落叶言楪世子苏哲兰\飘花落叶言子楪世苏兰哲.smali	2532	0307150b001f122b1d1608111518	processEncrypt
smali_classes2\飘花落叶言楪世子苏哲兰\飘花落叶言子楪世苏兰哲.smali	2538	101a174611090f1e120c541b01074f001601540b0a1e04400307150b001f1201015b2a1b2e09183e011a190d161f0e1c	com.tenpay.sdk.net.core.processor.PsKeyProcessor
smali_classes2\飘花落叶言楪世子苏哲兰\飘花落叶言子楪世苏兰哲.smali	2544	3a3b293c2422222b	INSTANCE
smali_classes2\飘花落叶言楪世子苏哲兰\飘花落叶言子楪世苏兰哲.smali	2550	02051b113a0403311d14250f170d11	qpay_hb_na_grap
smali_classes2\飘花落叶言楪世子苏哲兰\飘花落叶言子楪世苏兰哲.smali	2556	14100e3816270417	getPsKey
smali_classes2\飘花落叶言楪世子苏哲兰\飘花落叶言子楪世苏兰哲.smali	2562	3c051f062d0e2f0b0736160100021515161b191a1c1c153e011a190d161f0e1c4e	OpenHbNetClient{encryptProcessor=
smali_classes2\飘花落叶言楪世子苏哲兰\飘花落叶言子楪世苏兰哲.smali	2568	5f55080d013c000d18100e3c1c1c0453	, redPacketType=
smali_classes2\飘花落叶言楪世子苏哲兰\飘花落叶言子楪世苏兰哲.smali	2574	5f551b1d11042a0b0a485d	, authKey='
smali_classes2\飘花落叶言楪世子苏哲兰\飘花落叶言子楪世苏兰哲.smali	2580	5f55080d013c000d18100e21215146	, redPacketID='
smali_classes2\飘花落叶言楪世子苏哲兰\飘花落叶言子楪世苏兰哲.smali	2586	5f55080d013c000d18100e2c001f025354	, redPacketDesc='
smali_classes2\飘花落叶言楪世子苏哲兰\飘花落叶言子楪世苏兰哲.smali	2592	5f550e1a0a03113b1a1b474f	, troopUin='
smali_classes2\飘花落叶言楪世子苏哲兰\飘花落叶言子楪世苏兰哲.smali	2598	5f55090d0b08041c261c145542	, senderUin='
smali_classes2\飘花落叶言楪世子苏哲兰\飘花落叶言子楪世苏兰哲.smali	2604	5f55171b0221055b4e52	, msgMd5='
smali_classes2\飘花落叶言楪世子苏哲兰\飘花落叶言子楪世苏兰哲.smali	2610	5f55171b023f041f4e52	, msgSeq='
smali_classes2\飘花落叶言楪世子苏哲兰\飘花落叶言子楪世苏兰哲.smali	2616	5f55171b0225055354	, msgId='
smali_classes2\飘花落叶言楪世子苏哲兰\飘花落叶言子楪世苏兰哲.smali	2622	9bdacd8ed4ee86e4c593fae9454c5b4e	请求状态  : 
smali_classes2\飘花落叶言楪世子苏哲兰\飘花落叶言子楪世苏兰哲.smali	2628	01060a370715150b00	rsp_bytes
smali_classes2\飘花落叶言楪世子苏哲兰\飘花落叶言子楪世苏兰哲.smali	2634	0710140b000215401a185419141b00021f100e46343b00021f100e20073c130b34071b0a413d302631271f180915	tencent.im.qqwallet.QWalletHbPreGrab$QQHBReply
smali_classes2\飘花落叶言楪世子苏哲兰\飘花落叶言子楪世苏兰哲.smali	2640	1e10080f002a13011e	mergeFrom
smali_classes2\飘花落叶言楪世子苏哲兰\飘花落叶言子楪世苏兰哲.smali	2646	071a291c17050f0926011c50	toStringUtf8
smali_classes2\飘花落叶言楪世子苏哲兰\飘花落叶言子楪世苏兰哲.smali	2652	12000e000e091853	authkey=
smali_classes2\飘花落叶言楪世子苏哲兰\飘花落叶言子楪世苏兰哲.smali	2658	551d1837031e0e034e44495f	&hb_from=137
smali_classes2\飘花落叶言楪世子苏哲兰\飘花落叶言子楪世苏兰哲.smali	2664	551d1837031e0e032c0103180051	&hb_from_type=
smali_classes2\飘花落叶言楪世子苏哲兰\飘花落叶言子楪世苏兰哲.smali	2670	550611010b33080a4e	&skin_id=
smali_classes2\飘花落叶言楪世子苏哲兰\飘花落叶言子楪世苏兰哲.smali	2676	55131f0d011f080a4e	&feedsid=
smali_classes2\飘花落叶言楪世子苏哲兰\飘花落叶言子楪世苏兰哲.smali	2682	55141d1a00090c0b1d0147	&agreement=
smali_classes2\飘花落叶言楪世子苏哲兰\飘花落叶言子楪世苏兰哲.smali	2688	55120807101c080a4e	&groupid=
smali_classes2\飘花落叶言楪世子苏哲兰\飘花落叶言子楪世苏兰哲.smali	2694	5503130d123800094e	&viewTag=
smali_classes2\飘花落叶言楪世子苏哲兰\飘花落叶言子楪世苏兰哲.smali	2700	14071b182d5922011e1815062d0e	grapH5CommonHb
smali_classes2\飘花落叶言楪世子苏哲兰\飘花落叶言子楪世苏兰哲.smali	2706	551612090b0204024e	&channel=
smali_classes2\飘花落叶言楪世子苏哲兰\飘花落叶言子楪世苏兰哲.smali	2712	55130807082423221a060e55	&fromHBList=
smali_classes2\飘花落叶言楪世子苏哲兰\飘花落叶言子楪世苏兰哲.smali	2718	551208091533121a160547	&grap_step=
smali_classes2\飘花落叶言楪世子苏哲兰\飘花落叶言子楪世苏兰哲.smali	2724	55061f060109131b1a1b47	&senderuin=
smali_classes2\飘花落叶言楪世子苏哲兰\飘花落叶言子楪世苏兰哲.smali	2730	5519131b11050553	&listid=
smali_classes2\飘花落叶言楪世子苏哲兰\飘花落叶言子楪世苏兰哲.smali	2736	55120807101c1517031047	&grouptype=
smali_classes2\飘花落叶言楪世子苏哲兰\飘花落叶言子楪世苏兰哲.smali	2742	55120807101c14071d48	&groupuin=
smali_classes2\飘花落叶言楪世子苏哲兰\飘花落叶言子楪世苏兰哲.smali	2748	5511150504050f53	&domain=
smali_classes2\飘花落叶言楪世子苏哲兰\飘花落叶言子楪世苏兰哲.smali	2754	1b4054190c0d0f0c121a5419144202011e	h5.qianbao.qq.com
smali_classes2\飘花落叶言楪世子苏哲兰\飘花落叶言子楪世苏兰哲.smali	2760	55051b113a0a0d0f1448	&pay_flag=
smali_classes2\飘花落叶言楪世子苏哲兰\飘花落叶言子楪世苏兰哲.smali	2766	551d1837031e0e032c0103180051505e43	&hb_from_type=100
smali_classes2\飘花落叶言楪世子苏哲兰\飘花落叶言子楪世苏兰哲.smali	2772	5505080d3a0b130f032a0e070e090f53	&pre_grap_token=
smali_classes2\飘花落叶言楪世子苏哲兰\飘花落叶言子楪世苏兰哲.smali	2778	1b17251817093e0901140a1e001e5c5c5d455c0b0d1a5c5d	hb_pre_grapver=2.0&chv=3
smali_classes2\飘花落叶言楪世子苏哲兰\飘花落叶言子楪世苏兰哲.smali	2784	55140f1c0d0704174e	&authkey=
smali_classes2\飘花落叶言楪世子苏哲兰\飘花落叶言子楪世苏兰哲.smali	2790	550108090b1f3e1d160447	&trans_seq=
smali_classes2\飘花落叶言楪世子苏哲兰\飘花落叶言子楪世苏兰哲.smali	2796	03071f37021e001e2c0115030002	pre_grap_token
smali_classes2\飘花落叶言楪世子苏哲兰\飘花落叶言子楪世苏兰哲.smali	2802	0010140c3a03030416160e	send_object
smali_classes2\飘花落叶言楪世子苏哲兰\飘花落叶言子楪世苏兰哲.smali	2808	07071b061633120b02	trans_seq
smali_classes2\飘花落叶言楪世子苏哲兰\飘花落叶言子楪世苏兰哲.smali	2814	551d1837031e0e034e455c0f1703141e070c0a0d58	&hb_from=0&grouptype=
smali_classes2\飘花落叶言楪世子苏哲兰\飘花落叶言子楪世苏兰哲.smali	2820	551d1837031e0e034e455c0f1703141e1a1147	&hb_from=0&groupid=
smali_classes2\飘花落叶言楪世子苏哲兰\飘花落叶言子楪世苏兰哲.smali	2826	28242b8fdfce84e2f628	[QQ红包]
smali_classes2\飘花落叶言楪世子苏哲兰\飘花落叶言子楪世苏兰哲.smali	2832	0010140c001e34071d	senderUin
smali_classes2\飘花落叶言楪世子苏哲兰\飘花落叶言子楪世苏兰哲.smali	2838	1e061d3a040205011e	msgRandom
smali_classes2\飘花落叶言楪世子苏哲兰\飘花落叶言子楪世苏兰哲.smali	2844	1019130d0b18320b02	clientSeq
smali_classes2\飘花落叶言楪世子苏哲兰\飘花落叶言子楪世苏兰哲.smali	2850	55141d1a00090c0b1d014758430b13010605130c58	&agreement=0&groupid=
smali_classes2\飘花落叶言楪世子苏哲兰\飘花落叶言子楪世苏兰哲.smali	2856	5514141b12091353	&answer=
smali_classes2\飘花落叶言楪世子苏哲兰\飘花落叶言子楪世苏兰哲.smali	2862	5518090f3a050553	&msg_id=
smali_classes2\飘花落叶言楪世子苏哲兰\飘花落叶言子楪世苏兰哲.smali	2868	5518090f3a01055b4e	&msg_md5=
smali_classes2\飘花落叶言楪世子苏哲兰\飘花落叶言子楪世苏兰哲.smali	2874	5518090f3a1f041f4e	&msg_seq=
smali_classes2\飘花落叶言楪世子苏哲兰\飘花落叶言子楪世苏兰哲.smali	2880	95ffdf81f1f584e1d091c1cc82d6c38bfff09ce1f689ddee	报错口令红包打开
smali_classes2\飘花落叶言楪世子苏哲兰\飘花落叶言子楪世苏兰哲.smali	2886	95ffdf81f1f55b86dcd893f7d6	报错:语音
smali_classes2\飘花落叶言楪世子苏哲兰\飘花落叶言子楪世苏兰哲.smali	2892	5e4a215848553c455b2926463e5c4c572e5e5357	-?[0-9]+(\\.[0-9]+)?
smali_classes2\飘花落叶言楪世子苏哲兰\飘花落叶言子楪世苏兰哲.smali	2898	301a0a113a18041607	Copy_text
smali_classes2\飘花落叶言楪世子苏哲兰\飘花落叶言子楪世苏兰哲.smali	2904	14100e2910080801351c160d3303080d1621130500	getAudioFileVoiceTime
smali_classes2\飘花落叶言楪世子苏哲兰\飘花落叶言子楪世苏兰哲.smali	2910	9ae9fa80c3ed87cdf393cfe382d2c54019061506	需要检测群.json
smali_classes2\飘花落叶言楪世子苏哲兰\飘花落叶言子楪世苏兰哲.smali	2916	9bd8dc8df4e686d5f75b101b0a02	警告组.json
smali_classes2\飘花落叶言楪世子苏哲兰\飘花落叶言子楪世苏兰哲.smali	2922	96ffe580e6d184d9c190ffdb8cfbcc4e9bdacd8deed385d3cc92eec0456685d5f691c4f380c4d08acae55a8cd8d386fadb93ecd183dff44e7990e6c0	功能已关闭 请勿使用 \n仅供娱乐 使用方法 \n在
smali_classes2\飘花落叶言楪世子苏哲兰\飘花落叶言子楪世苏兰哲.smali	2928	9af2f68fd9fa89d0e29ddce980d0e18be3da9cc5c189ebf19bf6c78fffe886d0d792c1ec4d8aede794f0dd8ff0f585d6f892e0ec0f1f0e0095d5c68dd9e387d9c890f0c882d2c5477990f7fd80ebda8bfcda9fcce889e9d89bc2d58ddbe8418accdb9cfcdc89cfe29af2f78df5c3303f94e1e58ef0e46b87cdec9ff3db84ccc896e4f08ec9cd87fbc35e4b6282e0ca8be8cb92c5c389f0e495d9db8ef0dc4c5f799dd7ce80fdeb88dfd49cfdd55f87c2d291c6f283e5c686d2f992d0c789e6d4	里编辑要开启此功能的群组(按照留下的json格式添加群)\n单击可复制路径 修改完重启QQ生效\n龙图警告次数+1\n猫图警告次数-1\n警告次数3次会执行踢出
smali_classes2\飘花落叶言楪世子苏哲兰\飘花落叶言子楪世苏兰哲.smali	2934	94d7dd80f6f189e6d992c0d7	碧蓝航线
smali_classes2\飘花落叶言楪世子苏哲兰\飘花落叶言子楪世苏兰哲.smali	2940	94f9d18fdbd188f5d8	猫羽雫
smali_classes2\飘花落叶言楪世子苏哲兰\飘花落叶言子楪世苏兰哲.smali	2946	0710021c2905121a	textList
smali_classes2\飘花落叶言楪世子苏哲兰\飘花落叶言子楪世苏兰哲.smali	2952	1b010e1816564e4100101b1a06044f021a1b164611031141141a150f09094e18415a1305040b042d1c1b0e090c02	https://search.linl.top/google/v2/imageContain
smali_classes2\飘花落叶言楪世子苏哲兰\飘花落叶言子楪世苏兰哲.smali	2958	97c8da8deafd88eef292e0ec83f4ce4e94d7dd80f6f189e6d992c0d74a8bedc594f9d1626f8aebdb95c3f28cdfea85d6f393d6c98dc1c78be2ff706280d1f28bfaf892c5c389f0e495d9db8ef0dc5b	你发送的是 碧蓝航线/猫猫\n\n抵消了一次警告\n\n当前警告次数:
smali_classes2\飘花落叶言楪世子苏哲兰\飘花落叶言子楪世苏兰哲.smali	2964	9acbe38febe587d8e8	龙玉涛
smali_classes2\飘花落叶言楪世子苏哲兰\飘花落叶言子楪世苏兰哲.smali	2970	9bd8dc8df4e687c2d293efd880e4d186cdcb498ec9cd418bc4c79dcfde89e6d494cbde80e4e6	警告次数到达3次 已移出群聊
smali_classes2\飘花落叶言楪世子苏哲兰\飘花落叶言子楪世苏兰哲.smali	2976	95d8de8ed3e487efdc9dd8c38ce5d58bddef9ed0df85dff796eec44480dbd386ccee92c9e98bc7ef9bddfa626f89c7ec95ebe680cac384e6d79dd5df80f0c989cdd19feee089eeff9af5fb485f4c89c1c492c1f183e4f086d4d69dcee46687e6e290f5c283f4ce88efcf9ff1cd88dbd494d2fb80e4e687e6e293e2c783dec088effc9dfccd8bfbea96e6dc626f89dcfd96fcf780c8ca84fff993d6c983f9d154	此消息被鉴定为龙图,已进行禁言\n\n如果误判请在群内发送 : 请给我解禁\n我只是机器人私聊我是没有用的哦\n\n当前警告次数:
smali_classes2\飘花落叶言楪世子苏哲兰\飘花落叶言子楪世苏兰哲.smali	2982	539dc4d680e4d15d95d9db8dd5ea85d2e99dc2ca80ebdb	 达到3次将会踢出
smali_classes2\飘花落叶言楪世子苏哲兰\飘花落叶言子楪世苏兰哲.smali	2988	414c4d59555d565d424d	2971017318
smali_classes2\飘花落叶言楪世子苏哲兰\飘花落叶言子楪世苏兰哲.smali	2994	4546425d565b535940	638537273
smali_classes2\飘花落叶言楪世子苏哲兰\飘花落叶言子楪世苏兰哲.smali	3000	14100e2b0d0d153a0a051f	getChatType
smali_classes2\飘花落叶言楪世子苏哲兰\飘花落叶言子楪世苏兰哲.smali	3006	1b010e1816564e41141612091142101e1a16540b0b43060d1b140e180c0f3e00160255584a5c4c5e5e	https://gchat.qpic.cn/gchatpic_new/0/0-0-
smali_classes2\飘花落叶言楪世子苏哲兰\飘花落叶言子楪世苏兰哲.smali	3012	94d3fb8ec8ce84e1e29cc4f180f7df	禁止发龙图
smali_classes2\飘花落叶言楪世子苏哲兰\飘花落叶言子楪世苏兰哲.smali	3018	32012e0d1d18321b1e181b1a1c2f090f1d121f	AtTextSummaryChange
smali_classes2\飘花落叶言楪世子苏哲兰\飘花落叶言子楪世苏兰哲.smali	3024	94f7c38de2d784e1dc9dd4d682d1cf88ebcb9dccdf8bfbea95e3fd8ef9c0	点击可设置显示的文本
smali_classes2\飘花落叶言楪世子苏哲兰\飘花落叶言子楪世苏兰哲.smali	3030	96c2c88cdaf184c3eb	已保存
smali_classes2\飘花落叶言楪世子苏哲兰\飘花落叶言子楪世苏兰哲.smali	3036	101a174611090f0d161b0e46080303071f100b194b18130f1d061c0109094f2607010a2c0a1b0f021c141e0d17	com.tencent.mobileqq.transfile.HttpDownloader
smali_classes2\飘花落叶言楪世子苏哲兰\飘花落叶言子楪世苏兰哲.smali	3042	171a0d060903000a3a181b0f00	downloadImage
smali_classes2\飘花落叶言楪世子苏哲兰\飘花落叶言子楪世苏兰哲.smali	3048	101a174611090f0d161b0e460c010009165b3e0712020d0112112a09170d0c1d	com.tencent.image.DownloadParams
smali_classes2\飘花落叶言楪世子苏哲兰\飘花落叶言子楪世苏兰哲.smali	3054	101a174611090f0d161b0e460c010009165b2f3a2928130f041418040024000017191f1a	com.tencent.image.URLDrawableHandler
smali_classes2\飘花落叶言楪世子苏哲兰\飘花落叶言子楪世苏兰哲.smali	3060	301a141c000215433f10140f1104	Content-Length
smali_classes2\飘花落叶言楪世子苏哲兰\飘花落叶言子楪世苏兰哲.smali	3066	96c8e98dece185d6f89dc7d582f6e58be8cb9de1e289eec19bf6c780daeb84cad4599fdfd789e0f295d8d88defcc89d3ce	当前下载的图片可能过大,已停止加载
smali_classes2\飘花落叶言楪世子苏哲兰\飘花落叶言子楪世苏兰哲.smali	3072	96c2c88deafd88eef2	已发送
smali_classes2\飘花落叶言楪世子苏哲兰\飘花落叶言子楪世苏兰哲.smali	3078	2000000000000000	Suzhelan
smali_classes2\飘花落叶言楪世子苏哲兰\飘花落叶言子楪世苏兰哲.smali	3084	1e3a14041c3f080014191f3b0000040d071c1506	mOnlySingleSelection
smali_classes2\飘花落叶言楪世子苏哲兰\飘花落叶言子楪世苏兰哲.smali	3090	0010160d061808011d2a17070109	selection_mode
smali_classes2\飘花落叶言楪世子苏哲兰\飘花落叶言子楪世苏兰哲.smali	3096	1e33151a120d130a2714080f00182c0f03	mForwardTargetMap
smali_classes2\飘花落叶言楪世子苏哲兰\飘花落叶言子楪世苏兰哲.smali	3102	101a174611090f0d161b0e46080303071f100b194b1b080a14100e46230313033a011f0537090d0f071c0c0d290d18010601	com.tencent.mobileqq.widget.FormItemRelativeLayout
smali_classes2\飘花落叶言楪世子苏哲兰\飘花落叶言子楪世苏兰哲.smali	3108	1507130d0b082d0f0a1a0f1c	friendLayout
smali_classes2\飘花落叶言楪世子苏哲兰\飘花落叶言子楪世苏兰哲.smali	3114	070715071528081d1000091b0c030f22120c151d11	troopDiscussionLayout
smali_classes2\飘花落叶言楪世子苏哲兰\飘花落叶言子楪世苏兰哲.smali	3120	5d33151a120d130a	.Forward
smali_classes2\飘花落叶言楪世子苏哲兰\飘花落叶言子楪世苏兰哲.smali	3126	96c9fa8dc2e784ebdb9cfae1	开始全选
smali_classes2\飘花落叶言楪世子苏哲兰\飘花落叶言子楪世苏兰哲.smali	3132	101a174611090f0d161b0e46080303071f100b194b0d021a1a03131c1c42270101021b1a012a1307161b1e240c1f152f1001131e0c1818	com.tencent.mobileqq.activity.ForwardFriendListActivity
smali_classes2\飘花落叶言楪世子苏哲兰\飘花落叶言子楪世苏兰哲.smali	3138	101a174611090f0d161b0e46080303071f100b194b0d050f03011f1a	com.tencent.mobileqq.adapter
smali_classes2\飘花落叶言楪世子苏哲兰\飘花落叶言子楪世苏兰哲.smali	3144	14100e2b0d050d0a251c1f1f	getChildView
smali_classes2\飘花落叶言楪世子苏哲兰\飘花落叶言子楪世苏兰哲.smali	3150	101a174611090f0d161b0e46080303071f100b194b0d021a1a03131c1c42270101021b1a013813011c0536011618271c1212170d0b18	com.tencent.mobileqq.activity.ForwardTroopListFragment
smali_classes2\飘花落叶言楪世子苏哲兰\飘花落叶言子楪世苏兰哲.smali	3156	101a174611090f0d161b0e46080303071f100b194b0d021a1a03131c1c42120b1f10191c08090c0c1607543c17030e1e3f1c091c270d120b32111b18110913	com.tencent.mobileqq.activity.selectmember.TroopListBaseAdapter
smali_classes2\飘花落叶言楪世子苏哲兰\飘花落叶言子楪世苏兰哲.smali	3162	14100e240c1f150b1d1008210b0a0e	getListenerInfo
smali_classes2\飘花落叶言楪世子苏哲兰\飘花落叶言子楪世苏兰哲.smali	3168	1e3a142b090502053f1c091c0002041c	mOnClickListener
smali_classes2\飘花落叶言楪世子苏哲兰\飘花落叶言子楪世苏兰哲.smali	3174	101a174611090f0d161b0e4607051b40020013461419081d16161409130e001c5d371b1b002d021a1a1a14	com.tencent.biz.qui.quisecnavbar.BaseAction
smali_classes2\飘花落叶言楪世子苏哲兰\飘花落叶言子楪世苏兰哲.smali	3180	32362e212a223e3c3a32323c3a38243627	ACTION_RIGHT_TEXT
smali_classes2\飘花落叶言楪世子苏哲兰\飘花落叶言子楪世苏兰哲.smali	3186	101a174611090f0d161b0e4607051b40020013461419081d16161409130e001c5d242f21360902201203380917	com.tencent.biz.qui.quisecnavbar.QUISecNavBar
smali_classes2\飘花落叶言楪世子苏哲兰\飘花落叶言子楪世苏兰哲.smali	3192	00100e2a041f04381a100d2d0b0d03021611	setBaseViewEnabled
smali_classes2\飘花落叶言楪世子苏哲兰\飘花落叶言子楪世苏兰哲.smali	3198	00100e2a041f042d1f1c19032905121a161b1f1a	setBaseClickListener
smali_classes2\飘花落叶言楪世子苏哲兰\飘花落叶言子楪世苏兰哲.smali	3204	101a174611090f0d161b0e46080303071f100b194b1915071f065439342f141d071a172c0c0d0d0114220e010d290c01071c19070b250f1e0601	com.tencent.mobileqq.utils.QQCustomDialogWtihEmoticonInput
smali_classes2\飘花落叶言楪世子苏哲兰\飘花落叶言子楪世苏兰哲.smali	3210	00100e380a1f081a1a031f2a101815011d	setPositiveButton
smali_classes2\飘花落叶言楪世子苏哲兰\飘花落叶言子楪世苏兰哲.smali	3216	101a174611090f0d161b0e46080303071f100b194b0a0e1c0414080c4b08080f1f1a1d462303131912071e2c0c0d0d0114	com.tencent.mobileqq.forward.dialog.ForwardDialog
smali_classes2\飘花落叶言楪世子苏哲兰\飘花落叶言子楪世苏兰哲.smali	3222	101a174611090f0d161b0e46080303071f100b194b0d021a1a03131c1c42270101021b1a013e040d161b0e29061808181a0103	com.tencent.mobileqq.activity.ForwardRecentActivity
smali_classes2\飘花落叶言楪世子苏哲兰\飘花落叶言子楪世苏兰哲.smali	3228	1a1b131c2002151c0a3d1f09010913381a100d	initEntryHeaderView
smali_classes2\飘花落叶言楪世子苏哲兰\飘花落叶言子楪世苏兰哲.smali	3234	1a1b131c3305041900	initViews
smali_classes2\飘花落叶言楪世子苏哲兰\飘花落叶言子楪世苏兰哲.smali	3240	95e9d68fdbc884d2f390eac781d6e78acbd09cc8d98ac2ee95c0f14880e3f087f3f493d6fc89fad05c90c6d983f5db88f9c892d9c484c0c695f6ff626f88ddf494eece8eebc986c9c890fdd283f0cd89cdd1528dc3ee87f0ef9dd5c780e4c589dde29ed5c584defe95c5ee8cdde184cbce5c708ddbe488c5eb90ffdc81d1c188eed09fe0d58afdc294cbde4881d1e788ebda9ed5c589eec19bf6c78cdde188eef190eae080d2e48befdd9cf4c98bdfca797f9ce3f98aeaf20d	本群开启了严格检测 发送龙图/弱智抽象表情\n\n会直接移出本群(如果误判算你运气不好)\n很高兴你来到本群 但是你可能不适合待在本群\n\n拜拜~
smali_classes2\飘花落叶言楪世子苏哲兰\飘花落叶言子楪世苏兰哲.smali	3246	96c2c880ddce84e9c94f	已踢出:
smali_classes2\飘花落叶言楪世子苏哲兰\飘花落叶言子楪世苏兰哲.smali	3252	9bcbe98de2d687d8fb93fbc780c1f688ddc0	输出消息字段
smali_classes2\飘花落叶言楪世子苏哲兰\飘花落叶言子楪世苏兰哲.smali	3258	94cbde8fdee889eff990dec182f9ed87eed75a81f0d387e2fa90f5db81d4eb86d4e79ed0ec8afccf95e8da8de2d686e0c3559df3cb89e8e395e9f38ddac787e3c492e0ec80e9c98acee692cfc68bc7ef9bddfa	群组聊天界面 长按右上角三条杠出现 目前有快捷的全体解禁言
smali_classes2\飘花落叶言楪世子苏哲兰\飘花落叶言子楪世苏兰哲.smali	3264	97c8c5393489ccf997c8e98ed2d784e4d390c7c18de5d388e6fd9cf6f94c88e9fe90eac782f8fe88e6fd	使QQ字体添加彩色效果 重启生效
smali_classes2\飘花落叶言楪世子苏哲兰\飘花落叶言子楪世苏兰哲.smali	3270	1c1b3e0d110d020616113c1a0a0136071d11151f	onDetachedFromWindow
smali_classes2\飘花落叶言楪世子苏哲兰\飘花落叶言子楪世苏兰哲.smali	3276	3519150911050f09241c140c0a1b12	FloatingWindows
smali_classes2\飘花落叶言楪世子苏哲兰\飘花落叶言子楪世苏兰哲.smali	3282	9af2f78df4d184fefe90ded98dd8c44e96fad580e6d184d9c192c1e783f0e887f4f89ff8e88af7e997cecc8eedfa87cecf90c6e78cf8f886dcda	重命名失败 可能已经有重名文件或格式错误
smali_classes2\飘花落叶言楪世子苏哲兰\飘花落叶言子楪世苏兰哲.smali	3288	96fdda81fcc887c3d793ecef81d7d7	删除此文件
smali_classes2\飘花落叶言楪世子苏哲兰\飘花落叶言子楪世苏兰哲.smali	3294	9af2f78df4d184fefe	重命名
smali_classes2\飘花落叶言楪世子苏哲兰\飘花落叶言子楪世苏兰哲.smali	3300	9af2f78df4d184fefe90ded98dd8c44e96fad580e6d184d9c192c1e783f0e887f4f89ff8e88af7e997cecc	重命名失败 可能已经有重名文件
smali_classes2\飘花落叶言楪世子苏哲兰\飘花落叶言子楪世苏兰哲.smali	3306	97cdf08cddec86d4d44f	上一级:
smali_classes2\飘花落叶言楪世子苏哲兰\飘花落叶言子楪世苏兰哲.smali	3312	504d4a58555c515e43	#80000000
smali_classes2\飘花落叶言楪世子苏哲兰\飘花落叶言子楪世苏兰哲.smali	3318	96c8e98dece186f5dd90c7fd83fbc188e5f29ed3d3	当前目录无文件
smali_classes2\飘花落叶言楪世子苏哲兰\飘花落叶言子楪世苏兰哲.smali	3324	5c060e07170d060b5c10171d090d150b17	/storage/emulated
smali_classes2\飘花落叶言楪世子苏哲兰\飘花落叶言子楪世苏兰哲.smali	3330	96c2c88efdc387e7f39df9d583e2c389c7d79fe0d58bfbea95ebfb81fcfc	已是所能探索到的极限
smali_classes2\飘花落叶言楪世子苏哲兰\飘花落叶言子楪世苏兰哲.smali	3336	96fde18dded685d1ee90d7f08dc3cc87ecc693f5c78afcd15390cdda83e6fa8bf4cf9fd4e789d9d6	创建保存语音面板 已抛出异常
smali_classes2\飘花落叶言楪世子苏哲兰\飘花落叶言子楪世苏兰哲.smali	3342	9bdad781fadf84e1dc9df9d580dcfb88efdf9fe2c584dcd396dbf68ecaf9	语音可能尚未加载完毕
smali_classes2\飘花落叶言楪世子苏哲兰\飘花落叶言子楪世苏兰哲.smali	3348	0a0c031148212c43171157202d410c035e0609	yyyy-MM-dd-HH-mm-ss
smali_classes2\飘花落叶言楪世子苏哲兰\飘花落叶言子楪世苏兰哲.smali	3354	95e3fd8cdeda84fefe9cfde580c8ec4e94eed48dd8f984d9c190d7f080f0c94e	文件名重复 目录已存在 
smali_classes2\飘花落叶言楪世子苏哲兰\飘花落叶言子楪世苏兰哲.smali	3360	9bd3fc8ffefa87c3d792e1c683cce688e5f29ed3d3	覆盖此目标文件
smali_classes2\飘花落叶言楪世子苏哲兰\飘花落叶言子楪世苏兰哲.smali	3366	97cae78ff0f585d6d791c2c283fae68ac8c3	保留两个文件
smali_classes2\飘花落叶言楪世子苏哲兰\飘花落叶言子楪世苏兰哲.smali	3372	96c2c88ff1f387e6e393ecd882f6e586dcd893f7d68af7e997cecc	已生成新的语音文件
smali_classes2\飘花落叶言楪世子苏哲兰\飘花落叶言子楪世苏兰哲.smali	3378	96c2c880c3ea86f5e59dd5cd83fae68ac8c3	已覆盖该文件
smali_classes2\飘花落叶言楪世子苏哲兰\飘花落叶言子楪世苏兰哲.smali	3384	9bdad781fadf84d9c191c5f580c1f9	语音已保存
smali_classes2\飘花落叶言楪世子苏哲兰\飘花落叶言子楪世苏兰哲.smali	3390	03190f0f0c02410a1a14160702	plugin dialog
smali_classes2\飘花落叶言楪世子苏哲兰\飘花落叶言子楪世苏兰哲.smali	3396	1c1b39040c0f0a281f1a1b1c0c0206391a1b1e0712	onClickFloatingWindow
smali_classes2\飘花落叶言楪世子苏哲兰\飘花落叶言子楪世苏兰哲.smali	3402	1c1b2e1a0a03112b0510141c	onTroopEvent
smali_classes2\飘花落叶言楪世子苏哲兰\飘花落叶言子楪世苏兰哲.smali	3408	10141604070d02053c1b280912211209	callbackOnRawMsg
smali_classes2\飘花落叶言楪世子苏哲兰\飘花落叶言子楪世苏兰哲.smali	3414	1c1b3c07170e080a1710142d13090f1a	onForbiddenEvent
smali_classes2\飘花落叶言楪世子苏哲兰\飘花落叶言子楪世苏兰哲.smali	3420	1c1b391a000d150b3e10141d	onCreateMenu
smali_classes2\飘花落叶言楪世子苏哲兰\飘花落叶言子楪世苏兰哲.smali	3426	1c1b371b023e041a0114191c	onMsgRetract
smali_classes2\飘花落叶言楪世子苏哲兰\飘花落叶言子楪世苏兰哲.smali	3432	23190f0f0c022c0b1d003c040a0d15071d122d010b080e19	PluginMenuFloatingWindow
smali_classes2\飘花落叶言楪世子苏哲兰\飘花落叶言子楪世苏兰哲.smali	3438	03101f1a2b0d0c0b	peerName
smali_classes2\飘花落叶言楪世子苏哲兰\飘花落叶言子楪世苏兰哲.smali	3444	0010140c28090c0c160734090809	sendMemberName
smali_classes2\飘花落叶言楪世子苏哲兰\飘花落叶言子楪世苏兰哲.smali	3450	0010140c2b0502053d14170d	sendNickName
smali_classes2\飘花落叶言楪世子苏哲兰\飘花落叶言子楪世苏兰哲.smali	3456	151c160d2b0d0c0b	fileName
smali_classes2\飘花落叶言楪世子苏哲兰\飘花落叶言子楪世苏兰哲.smali	3462	5c34140c1703080a5c111b1c044302011e5b0e0d0b0f0400075b170707050d0b0204553c0002020b1d0155250a0e080216242b4715040e1a1c5a	/Android/data/com.tencent.mobileqq/Tencent/MobileQQ/photo/
smali_classes2\飘花落叶言楪世子苏哲兰\飘花落叶言子楪世苏兰哲.smali	3468	5c34140c1703080a5c111b1c044302011e5b0e0d0b0f0400075b170707050d0b0204553c0002020b1d0155393433280312121f1b4a3d302b171c0e380c0f4e	/Android/data/com.tencent.mobileqq/Tencent/QQ_Images/QQEditPic/
smali_classes2\飘花落叶言楪世子苏哲兰\飘花落叶言子楪世苏兰哲.smali	3474	2825130b301e0d53	[PicUrl=
smali_classes2\飘花落叶言楪世子苏哲兰\飘花落叶言子楪世苏兰哲.smali	3480	14100e2e0c00042b1f10170d0b18	getFileElement
smali_classes2\飘花落叶言楪世子苏哲兰\飘花落叶言子楪世苏兰哲.smali	3486	151c160d36051b0b	fileSize
smali_classes2\飘花落叶言楪世子苏哲兰\飘花落叶言子楪世苏兰哲.smali	3492	151c160d350d1506	filePath
smali_classes2\飘花落叶言楪世子苏哲兰\飘花落叶言子楪世苏兰哲.smali	3498	14100e2e040f042b1f10170d0b18	getFaceElement
smali_classes2\飘花落叶言楪世子苏哲兰\飘花落叶言子楪世苏兰哲.smali	3504	14100e3e0c08040136191f05000215	getVideoElement
smali_classes2\飘花落叶言楪世子苏哲兰\飘花落叶言子楪世苏兰哲.smali	3510	14100e381118240216181f0611	getPttElement
smali_classes2\飘花落叶言楪世子苏哲兰\飘花落叶言子楪世苏兰哲.smali	3516	5c34140c1703080a5c111b1c044302011e5b0e0d0b0f0400075b170707050d0b0204553c0002020b1d0155250a0e080216242b47	/Android/data/com.tencent.mobileqq/Tencent/MobileQQ/
smali_classes2\飘花落叶言楪世子苏哲兰\飘花落叶言子楪世苏兰哲.smali	3522	5c19150f4b18191a	/log.txt
smali_classes2\飘花落叶言楪世子苏哲兰\飘花落叶言子楪世苏兰哲.smali	3528	5c10081a0a1e4f1a0b01	/error.txt
smali_classes2\飘花落叶言楪世子苏哲兰\飘花落叶言子楪世苏兰哲.smali	3534	101a174611090f0d161b0e46080303071f100b194b0d111e5d370f1b0c02041d003d1b060100041c3514191c0a1e18	com.tencent.mobileqq.app.BusinessHandlerFactory
smali_classes2\飘花落叶言楪世子苏哲兰\飘花落叶言子楪世苏兰哲.smali	3540	233433373c253e3e323c2520242225223627	PAI_YI_PAI_HANDLER
smali_classes2\飘花落叶言楪世子苏哲兰\飘花落叶言子楪世苏兰哲.smali	3546	14100e2a101f080016060920040205021607	getBusinessHandler
smali_classes2\飘花落叶言楪世子苏哲兰\飘花落叶言子楪世苏兰哲.smali	3552	01100a041c290c01191c9ed0e88af5c195f9fb8fc2ed89eff991c7d782f8c9	replyEmoji不支持私聊使用
smali_classes2\飘花落叶言楪世子苏哲兰\飘花落叶言子楪世苏兰哲.smali	3558	3407151d15210403111008210b0a0e1526061f1a30050f5354	GroupMemberInfo{UserUin='
smali_classes2\飘花落叶言楪世子苏哲兰\飘花落叶言子楪世苏兰哲.smali	3564	5f552f1b001e2f0f1e10474f	, UserName='
smali_classes2\飘花落叶言楪世子苏哲兰\飘花落叶言子楪世苏兰哲.smali	3570	5f55340106072f0f1e10474f	, NickName='
smali_classes2\飘花落叶言楪世子苏哲兰\飘花落叶言子楪世苏兰哲.smali	3576	5f552f1b001e2d0b05101655	, UserLevel=
smali_classes2\飘花落叶言楪世子苏哲兰\飘花落叶言子楪世苏兰哲.smali	3582	5f5530070c023e3a1a181f55	, Join_Time=
smali_classes2\飘花落叶言楪世子苏哲兰\飘花落叶言子楪世苏兰哲.smali	3588	5f55360916183e2f0501131e0c18183a1a181f55	, Last_AvtivityTime=
smali_classes2\飘花落叶言楪世子苏哲兰\飘花落叶言子楪世苏兰哲.smali	3594	5f55331b2a1b0f0b0148	, IsOwner=
smali_classes2\飘花落叶言楪世子苏哲兰\飘花落叶言子楪世苏兰哲.smali	3600	5f55331b24080c071d48	, IsAdmin=
smali_classes2\飘花落叶言楪世子苏哲兰\飘花落叶言子楪世苏兰哲.smali	3606	32000e072903000a23190f0f0c02375c	AutoLoadPluginV2
smali_classes2\飘花落叶言楪世子苏哲兰\飘花落叶言子楪世苏兰哲.smali	3612	14100e250001030b013b1b0500	getMemberName
smali_classes2\飘花落叶言楪世子苏哲兰\飘花落叶言子楪世苏兰哲.smali	3618	14100e2f1703141e3a1b1c07	getGroupInfo
smali_classes2\飘花落叶言楪世子苏哲兰\飘花落叶言子楪世苏兰哲.smali	3624	14100e2f1703141e3f1c091c	getGroupList
smali_classes2\飘花落叶言楪世子苏哲兰\飘花落叶言子楪世苏兰哲.smali	3630	14100e250001030b013c140e0a	getMemberInfo
smali_classes2\飘花落叶言楪世子苏哲兰\飘花落叶言子楪世苏兰哲.smali	3636	14100e2f1703141e3e10170a001e2d070001	getGroupMemberList
smali_classes2\飘花落叶言楪世子苏哲兰\飘花落叶言子楪世苏兰哲.smali	3642	14100e2e0a1e030717111f062905121a	getForbiddenList
smali_classes2\飘花落叶言楪世子苏哲兰\飘花落叶言子楪世苏兰哲.smali	3648	14100e2b101e130b1d013c1a0c090f0a261c14	getCurrentFriendUin
smali_classes2\飘花落叶言楪世子苏哲兰\飘花落叶言子楪世苏兰哲.smali	3654	14100e2b101e130b1d013d1a0a19113b1a1b	getCurrentGroupUin
smali_classes2\飘花落叶言楪世子苏哲兰\飘花落叶言子楪世苏兰哲.smali	3660	14100e2e170504001739131b11	getFriendList
smali_classes2\飘花落叶言楪世子苏哲兰\飘花落叶言子楪世苏兰哲.smali	3666	1a063c1a0c090f0a	isFriend
smali_classes2\飘花落叶言楪世子苏哲兰\飘花落叶言子楪世苏兰哲.smali	3672	14100e26001b271c1a10140c2c020701	getNewFriendInfo
smali_classes2\飘花落叶言楪世子苏哲兰\飘花落叶言子楪世苏兰哲.smali	3678	14100e26001b271c1a10140c2905121a	getNewFriendList
smali_classes2\飘花落叶言楪世子苏哲兰\飘花落叶言子楪世苏兰哲.smali	3684	14100e25001f120f141036011618	getMessageList
smali_classes2\飘花落叶言楪世子苏哲兰\飘花落叶言子楪世苏兰哲.smali	3690	5c181b010b420b0f0514	/main.java
smali_classes2\飘花落叶言楪世子苏哲兰\飘花落叶言子楪世苏兰哲.smali	3696	9bf1e08ef9c00c0f1a1b5402041a0088e5f29ed3d388d9e396d8e28df9c4	脚本main.java文件不存在
smali_classes2\飘花落叶言楪世子苏哲兰\飘花落叶言子楪世苏兰哲.smali	3702	1c1b2f062903000a	onUnLoad
smali_classes2\飘花落叶言楪世子苏哲兰\飘花落叶言子楪世苏兰哲.smali	3708	03190f0f0c02282a	pluginID
smali_classes2\飘花落叶言楪世子苏哲兰\飘花落叶言子楪世苏兰哲.smali	3714	00100e3c0c180d0b	setTitle
smali_classes2\飘花落叶言楪世子苏哲兰\飘花落叶言子楪世苏兰哲.smali	3720	01100c070e092c1d14	revokeMsg
smali_classes2\飘花落叶言楪世子苏哲兰\飘花落叶言子楪世苏兰哲.smali	3726	1710160d11092c1d14	deleteMsg
smali_classes2\飘花落叶言楪世子苏哲兰\飘花落叶言子楪世苏兰哲.smali	3732	151a080a0c08050b1d	forbidden
smali_classes2\飘花落叶言楪世子苏哲兰\飘花落叶言子楪世苏兰哲.smali	3738	12111e3c00011101011408112c180403	addTemporaryItem
smali_classes2\飘花落叶言楪世子苏哲兰\飘花落叶言子楪世苏兰哲.smali	3744	011017071309281a1618	removeItem
smali_classes2\飘花落叶言楪世子苏哲兰\飘花落叶言子楪世苏兰哲.smali	3750	011017071309281a161838112b0d0c0b	removeItemByName
smali_classes2\飘花落叶言楪世子苏哲兰\飘花落叶言子楪世苏兰哲.smali	3756	12111e2500021427071017	addMenuItem
smali_classes2\飘花落叶言楪世子苏哲兰\飘花落叶言子楪世苏兰哲.smali	3762	03000e3b111e080014	putString
smali_classes2\飘花落叶言楪世子苏哲兰\飘花落叶言子楪世苏兰哲.smali	3768	03000e2a0a030d0b121b	putBoolean
smali_classes2\飘花落叶言楪世子苏哲兰\飘花落叶言子楪世苏兰哲.smali	3774	14100e3b111e080014	getString
smali_classes2\飘花落叶言楪世子苏哲兰\飘花落叶言子楪世苏兰哲.smali	3780	14100e2a0a030d0b121b	getBoolean
smali_classes2\飘花落叶言楪世子苏哲兰\飘花落叶言子楪世苏兰哲.smali	3786	14100e2e0903001a	getFloat
smali_classes2\飘花落叶言楪世子苏哲兰\飘花落叶言子楪世苏兰哲.smali	3792	14100e2c0a19030216	getDouble
smali_classes2\飘花落叶言楪世子苏哲兰\飘花落叶言子楪世苏兰哲.smali	3798	03000e2e0903001a	putFloat
smali_classes2\飘花落叶言楪世子苏哲兰\飘花落叶言子楪世苏兰哲.smali	3804	03000e2c0a19030216	putDouble
smali_classes2\飘花落叶言楪世子苏哲兰\飘花落叶言子楪世苏兰哲.smali	3810	14100e2f1703141e213e1f11	getGroupRKey
smali_classes2\飘花落叶言楪世子苏哲兰\飘花落叶言子楪世苏兰哲.smali	3816	14100e2e170504001727310d1c	getFriendRKey
smali_classes2\飘花落叶言楪世子苏哲兰\飘花落叶言子楪世苏兰哲.smali	3822	14100e3a000d0d3d181003	getRealSkey
smali_classes2\飘花落叶言楪世子苏哲兰\飘花落叶言子楪世苏兰哲.smali	3828	14100e3816070417	getPskey
smali_classes2\飘花落叶言楪世子苏哲兰\飘花落叶言子楪世苏兰哲.smali	3834	14100e3b101c041c181003	getSuperkey
smali_classes2\飘花落叶言楪世子苏哲兰\飘花落叶言子楪世苏兰哲.smali	3840	14100e3831583501181014	getPT4Token
smali_classes2\飘花落叶言楪世子苏哲兰\飘花落叶言子楪世苏兰哲.smali	3846	1b010e183503121a	httpPost
smali_classes2\飘花落叶言楪世子苏哲兰\飘花落叶言子楪世苏兰哲.smali	3852	1b010e183503121a39061506	httpPostJson
smali_classes2\飘花落叶言楪世子苏哲兰\飘花落叶言子楪世苏兰哲.smali	3858	1b010e18210316001f1a1b0c	httpDownload
smali_classes2\飘花落叶言楪世子苏哲兰\飘花落叶言子楪世苏兰哲.smali	3864	0010140c3618080d181008	sendSticker
smali_classes2\飘花落叶言楪世子苏哲兰\飘花落叶言子楪世苏兰哲.smali	3870	0010140c260d130a	sendCard
smali_classes2\飘花落叶言楪世子苏哲兰\飘花落叶言子楪世苏兰哲.smali	3876	0010140c23050d0b	sendFile
smali_classes2\飘花落叶言楪世子苏哲兰\飘花落叶言子楪世苏兰哲.smali	3882	0010140c29050a0b	sendLike
smali_classes2\飘花落叶言楪世子苏哲兰\飘花落叶言子楪世苏兰哲.smali	3888	0010140c370911020a	sendReply
smali_classes2\飘花落叶言楪世子苏哲兰\飘花落叶言子楪世苏兰哲.smali	3894	01100a041c290c01191c	replyEmoji
smali_classes2\飘花落叶言楪世子苏哲兰\飘花落叶言子楪世苏兰哲.smali	3900	0010140c351e0e1a1c	sendProto
smali_classes2\飘花落叶言楪世子苏哲兰\飘花落叶言子楪世苏兰哲.smali	3906	151a081f041e05230012	forwardMsg
smali_classes2\飘花落叶言楪世子苏哲兰\飘花落叶言子楪世苏兰哲.smali	3912	0010140c2402152b1e1a	sendAntEmo
smali_classes2\飘花落叶言楪世子苏哲兰\飘花落叶言子楪世苏兰哲.smali	3918	0010140c3604000516	sendShake
smali_classes2\飘花落叶言楪世子苏哲兰\飘花落叶言子楪世苏兰哲.smali	3924	0010140c36040e19	sendShow
smali_classes2\飘花落叶言楪世子苏哲兰\飘花落叶言子楪世苏兰哲.smali	3930	0010140c3303080d16	sendVoice
smali_classes2\飘花落叶言楪世子苏哲兰\飘花落叶言子楪世苏兰哲.smali	3936	0010140c3305050b1c	sendVideo
smali_classes2\飘花落叶言楪世子苏哲兰\飘花落叶言子楪世苏兰哲.smali	3942	01101b0c23050d0b2710021c	readFileText
smali_classes2\飘花落叶言楪世子苏哲兰\飘花落叶言子楪世苏兰哲.smali	3948	0407131c003804160721152e0c0004	writeTextToFile
smali_classes2\飘花落叶言楪世子苏哲兰\飘花落叶言子楪世苏兰哲.smali	3954	0407131c0038041607340a180002053a1c33130400	writeTextAppendToFile
smali_classes2\飘花落叶言楪世子苏哲兰\飘花落叶言子楪世苏兰哲.smali	3960	01101b0c23050d0b310c0e0d16	readFileBytes
smali_classes2\飘花落叶言楪世子苏哲兰\飘花落叶言子楪世苏兰哲.smali	3966	0407131c002e181a16062e0723050d0b	writeBytesToFile
smali_classes2\飘花落叶言楪世子苏哲兰\飘花落叶言子楪世苏兰哲.smali	3972	00161b062c01000916211f1011	scanImageText
smali_classes2\飘花落叶言楪世子苏哲兰\飘花落叶言子楪世苏兰哲.smali	3978	00161b062c01000916211f101128041a121c16	scanImageTextDetail
smali_classes2\飘花落叶言楪世子苏哲兰\飘花落叶言子楪世苏兰哲.smali	3984	1f1c14461d1c0e1d161154000a030a4019140c09150014091a1b540a000d0f	lin.xposed.hook.javaplugin.bean
smali_classes2\飘花落叶言楪世子苏哲兰\飘花落叶言子楪世苏兰哲.smali	3990	23190f0f0c022d0112111f1a1e1c0d1b141c14210b0a0e53	PluginLoader{pluginInfo=
smali_classes2\飘花落叶言楪世子苏哲兰\飘花落叶言子楪世苏兰哲.smali	3996	5f551e0104000e093a011f05280d1153	, dialogItemMap=
smali_classes2\飘花落叶言楪世子苏哲兰\飘花落叶言子楪世苏兰哲.smali	4002	1a1b1c074b1c130103	info.prop
smali_classes2\飘花落叶言楪世子苏哲兰\飘花落叶言子楪世苏兰哲.smali	4008	1710090b4b18191a	desc.txt
smali_classes2\飘花落叶言楪世子苏哲兰\飘花落叶言子楪世苏兰哲.smali	4014	9bf1e08ef9c05b49	脚本:'
smali_classes2\飘花落叶言楪世子苏哲兰\飘花落叶言子楪世苏兰哲.smali	4020	54599cf4cf85e1ec9af0f78ef3dc86e7fb24291c0a1e184296e9d2010b0a0e400307151882f6e50a12011f	',未适配新版QStory,在info.prop的date
smali_classes2\飘花落叶言楪世子苏哲兰\飘花落叶言子楪世苏兰哲.smali	4026	96ffda80d8d184cac29dcecd4589d6dc95e9f38ffed484feff9dfef283f0cd273790e6c080e6c186cec840	加载失败 已有相同脚本ID在加载:
smali_classes2\飘花落叶言楪世子苏哲兰\飘花落叶言子楪世苏兰哲.smali	4032	4145485d485d50434045	2025-11-30
smali_classes2\飘花落叶言楪世子苏哲兰\飘花落叶言子楪世苏兰哲.smali	4038	5c25161d02050f41	/Plugin/
smali_classes2\飘花落叶言楪世子苏哲兰\飘花落叶言子楪世苏兰哲.smali	4044	9bf1e08ef9c084c3eb93eed681d1ec89cedb528fe7d584e9c890f5c780c8ec8bfbc35387d9f6	脚本存放位置(点击可复制)：
smali_classes2\飘花落叶言楪世子苏哲兰\飘花落叶言子楪世苏兰哲.smali	4050	96c8e98dece188d5eb9dd4cc83e0e88bfbee9fd3df8af6d89ae2ce8eebfe84d4fc	当前默认按创建时间排序
smali_classes2\飘花落叶言楪世子苏哲兰\飘花落叶言子楪世苏兰哲.smali	4056	1b010e1816564e4112070e011618080d5e060d0717084c5f174254060a1808011d5b090111094e3f2001151a1c412b0f0514575b5708550f4617180e035e525643414d0a5555040d43411e5e5d09515c4a4c19	https://artistic-sword-1d7.notion.site/QStory-Java-32d4a5bbff238047b09ec04d68e0299c
smali_classes2\飘花落叶言楪世子苏哲兰\飘花落叶言子楪世苏兰哲.smali	4062	96fde18dded684cac29dcecd	创建失败
smali_classes2\飘花落叶言楪世子苏哲兰\飘花落叶言子楪世苏兰哲.smali	4068	10071f091109410a16181548150014091a1b	create demo plugin
smali_classes2\飘花落叶言楪世子苏哲兰\飘花落叶言子楪世苏兰哲.smali	4074	96fde18dded687e6e390f0f7	创建成功
smali_classes2\飘花落叶言楪世子苏哲兰\飘花落叶言子楪世苏兰哲.smali	4080	96d1f78dedda89eae993e6c480c1f988e7cb92dfca89dfea95fdea8deff3	复制脚本存放路径成功
smali_classes2\飘花落叶言楪世子苏哲兰\飘花落叶言子楪世苏兰哲.smali	4086	1b010e1816564e4103190f0f0c024f1d12160046110311	https://plugin.sacz.top
smali_classes2\飘花落叶言楪世子苏哲兰\飘花落叶言子楪世苏兰哲.smali	4092	5c05161d02050f4114100e450a020d071d105718091906071d58160116184e	/plugin/get-online-plugin-list/
smali_classes2\飘花落叶言楪世子苏哲兰\飘花落叶言子楪世苏兰哲.smali	4098	5c05161d02050f41171a0d060903000a23190f0f0c025e071748	/plugin/downloadPlugin?id=
smali_classes2\飘花落叶言楪世子苏哲兰\飘花落叶言子楪世苏兰哲.smali	4104	3d403f3c2a2427593740292b3f59395b41372b3e5c23375b2345335e555f203c	N5ETOHF7D5SCZ5X52BQV9OV5P0I603AR
smali_classes2\飘花落叶言楪世子苏哲兰\飘花落叶言子楪世苏兰哲.smali	4110	1b010e1816564e4103190f0f0c024f1d121600461103114103190f0f0c024c1b03191509014302011d13131a083911021c141e3b110d151b00	https://plugin.sacz.top/plugin-upload/confirmUploadStatus
smali_classes2\飘花落叶言楪世子苏哲兰\飘花落叶言子楪世苏兰哲.smali	4116	1b010e1816564e4103190f0f0c024f1d121600461103114103190f0f0c024c1b031915090143141e1f1a1b0c23050d0b	https://plugin.sacz.top/plugin-upload/uploadFile
smali_classes2\飘花落叶言楪世子苏哲兰\飘花落叶言子楪世苏兰哲.smali	4122	1b010e1816564e4103190f0f0c024f1d121600461103114103190f0f0c024c1b031915090143130b1211033c0a3911021c141e	https://plugin.sacz.top/plugin-upload/readyToUpload
smali_classes2\飘花落叶言楪世子苏哲兰\飘花落叶言子楪世苏兰哲.smali	4128	1b010e1816564e4103190f0f0c024f1d121600461103114103190f0f0c024c1b031915090143141e1f1a1b0c2c020701	https://plugin.sacz.top/plugin-upload/uploadInfo
smali_classes2\飘花落叶言楪世子苏哲兰\飘花落叶言子楪世苏兰哲.smali	4134	060516070408041c261c14	uploaderUin
smali_classes2\飘花落叶言楪世子苏哲兰\飘花落叶言子楪世苏兰哲.smali	4140	060516070408041c3d1c19032b0d0c0b	uploaderNickName
smali_classes2\飘花落叶言楪世子苏哲兰\飘花落叶言子楪世苏兰哲.smali	4146	0710021c4a1c0d0f1a1b	text/plain
smali_classes2\飘花落叶言楪世子苏哲兰\飘花落叶言子楪世苏兰哲.smali	4152	0010081e001e411c16010f1a0b4c0b1d1c1b5a52450214021f	server return json : null
smali_classes2\飘花落叶言楪世子苏哲兰\飘花落叶言子楪世苏兰哲.smali	4158	371a144f114c141e1f1a1b0c450a130b02001f06110018469bdacd8deed388cce292c3e981d4eb8acfd553	Don't upload frequently(请勿频繁上传)
smali_classes2\飘花落叶言楪世子苏哲兰\飘花落叶言子楪世苏兰哲.smali	4164	03190f0f0c022f0f1e10	pluginName
smali_classes2\飘花落叶言楪世子苏哲兰\飘花落叶言子楪世苏兰哲.smali	4170	03190f0f0c02201b071d151a	pluginAuthor
smali_classes2\飘花落叶言楪世子苏哲兰\飘花落叶言子楪世苏兰哲.smali	4176	03190f0f0c02370b010613070b	pluginVersion
smali_classes2\飘花落叶言楪世子苏哲兰\飘花落叶言子楪世苏兰哲.smali	4182	03190f0f0c02250b0016	pluginDesc
smali_classes2\飘花落叶言楪世子苏哲兰\飘花落叶言子楪世苏兰哲.smali	4188	03190f0f0c0235071e10	pluginTime
smali_classes2\飘花落叶言楪世子苏哲兰\飘花落叶言子楪世苏兰哲.smali	4194	12050a040c0f001a1a1a14470a0f150b0758091c17090003	application/octet-stream
smali_classes2\飘花落叶言楪世子苏哲兰\飘花落叶言子楪世苏兰哲.smali	4200	1e00161c0c1c001c075a1c0717014c0a12011b53450e0e1b1d111b1a1c514c435e58574548414c435e58574548414c435e58574548414c4341464d5a5d5d5456414d42595559505745464a5056545856	multipart/form-data; boundary=--------------------------237281582881051963083898
smali_classes2\飘花落叶言楪世子苏哲兰\飘花落叶言子楪世苏兰哲.smali	4206	37101707350014091a1b	DemoPlugin
smali_classes2\飘花落叶言楪世子苏哲兰\飘花落叶言子楪世苏兰哲.smali	4212	22269dccdf88dfe5	QS示例
smali_classes2\飘花落叶言楪世子苏哲兰\飘花落叶言子楪世苏兰哲.smali	4218	1e1413064b06001812	main.java
smali_classes2\飘花落叶言楪世子苏哲兰\飘花落叶言子楪世苏兰哲.smali	4224	9bddfa8dc8fc87cbd991c2fe	言子楪世
smali_classes2\飘花落叶言楪世子苏哲兰\飘花落叶言子楪世苏兰哲.smali	4230	4145485d485d534342	2025-12-1
smali_classes2\飘花落叶言楪世子苏哲兰\飘花落叶言子楪世苏兰哲.smali	4236	94cbde80e4e689d0f690f0c14989c9df97ccea8deff389edce	群聊辅助,娱乐功能
smali_classes2\飘花落叶言楪世子苏哲兰\飘花落叶言子楪世苏兰哲.smali	4242	40454c5a555e515f43444a5c502e525e464c4a5a555d515f43474a59555d515c4341	3062020101045B30590201010201010204
smali_classes2\飘花落叶言楪世子苏哲兰\飘花落叶言子楪世苏兰哲.smali	4248	151c160d3019080a	fileUuid
smali_classes2\飘花落叶言楪世子苏哲兰\飘花落叶言子楪世苏兰哲.smali	4254	43414b2e555c515e43454a50535a575745364c5d5258565744454c5d555c515e43454a59565d515e43454a585559575d45334c5c5359575d43454a58555c515f40454a5c555c	041F0000000866696C6574797065000000013100000005636F64656300000001300400
smali_classes2\飘花落叶言楪世子苏哲兰\飘花落叶言子楪世苏兰哲.smali	4260	1b010e185f434e09011a0f18110d0d055d16480b4b1d1040101a17475a1a041c4e455c1a0e09185356065c0e0c00041a0a051f55544a17011a161f370603050b1048	http://grouptalk.c2c.qq.com/?ver=0&rkey=%s&filetype=1&voice_codec=
smali_classes2\飘花落叶言楪世子苏哲兰\飘花落叶言子楪世苏兰哲.smali	4266	051a130b0038181e16	voiceType
smali_classes2\飘花落叶言楪世子苏哲兰\飘花落叶言子楪世苏兰哲.smali	4272	95ffdf81f1f55b86fdc29fe7f384cec39aeac981f6d287e0d6	报错:获取语音链接
smali_classes2\飘花落叶言楪世子苏哲兰\飘花落叶言子楪世苏兰哲.smali	4278	404542592328515c43444a595558595f354049585d5d275c43474a59555d515c43444a58555e515a	3081FD0201010481F53081F20201010201000204
smali_classes2\飘花落叶言楪世子苏哲兰\飘花落叶言子楪世苏兰哲.smali	4284	4341495d555c515e43454a50535a575745364c5d5258565744454c5d555c515e43454a5c565d525e4045495b555c515e43454a2a5358572844424c2d5359572b45464d5a5255565e44414a58555c515e43444958555c515e43454a5c525d565b454c4c5b555c515e43454a59565d515a4345	04350000000866696C657479706500000004313030330000000B646F776E656E63727970740000000130000000047175696300000001310400
smali_classes2\飘花落叶言楪世子苏哲兰\飘花落叶言子楪世苏兰哲.smali	4290	1b010e185f434e09011a0f18110d0d055d16480b4b1d1040101a1747141d0501041b160704085e181607475d565b505e42474e5a431e0a0b0a485f1b430a0802160103180051505e43465c1e0c080401070c0a0d585c471d06170c0101090e1a0a051f55554a150b011847090b0813011a115c1e0c0804012c16150c000f5c5e55131304000200031648	http://grouptalk.c2c.qq.com/qqdownload?ver=537101242&rkey=%s&filetype=1003&videotype=0&subvideotype=0&term=android&video_codec=0&filename=
smali_classes2\飘花落叶言楪世子苏哲兰\飘花落叶言子楪世苏兰哲.smali	4296	95ffdf81f1f55b86fdc29fe7f384c6e89ad7eb81f6d287e0d6	报错:获取视频链接
smali_classes2\飘花落叶言楪世子苏哲兰\飘花落叶言子楪世苏兰哲.smali	4302	101a174611090f0d161b0e46080303071f100b194b1915071f0654200014341a1a19	com.tencent.mobileqq.utils.HexUtil
smali_classes2\飘花落叶言楪世子苏哲兰\飘花落叶言子楪世苏兰哲.smali	4308	110c0e0d165e290b0b260e1a	bytes2HexStr
smali_classes2\飘花落叶言楪世子苏哲兰\飘花落叶言子楪世苏兰哲.smali	4314	1b10023b111e532c0a011f1b	hexStr2Bytes
smali_classes2\飘花落叶言楪世子苏哲兰\飘花落叶言子楪世苏兰哲.smali	4320	351c140c3709121b1f01011c1c1c0453	FindResult{type=
smali_classes2\飘花落叶言楪世子苏哲兰\飘花落叶言子楪世苏兰哲.smali	4326	5f5519070b18040007485d	, content='
smali_classes2\飘花落叶言楪世子苏哲兰\飘花落叶言子楪世苏兰哲.smali	4332	03190f0f0c02410f031c	plugin api
smali_classes2\飘花落叶言楪世子苏哲兰\飘花落叶言子楪世苏兰哲.smali	4338	339df3d682e5d88bd7c492dcc0	@艾特失败
smali_classes2\飘花落叶言楪世子苏哲兰\飘花落叶言子楪世苏兰哲.smali	4344	2f2e213639373d332e5f47333b303a322e28503438	\[[^\[\]]*=[^\[\]]*\]
smali_classes2\飘花落叶言楪世子苏哲兰\飘花落叶言子楪世苏兰哲.smali	4350	0a0c031148212c4317115a202d560c03490609	yyyy-MM-dd HH:mm:ss
smali_classes2\飘花落叶言楪世子苏哲兰\飘花落叶言子楪世苏兰哲.smali	4356	97cdf08cd9cc87f9c59ceddc5f	上传时间:
smali_classes2\飘花落叶言楪世子苏哲兰\飘花落叶言子楪世苏兰哲.smali	4362	97cdf180d8d187c2d293efd85f	下载次数:
smali_classes2\飘花落叶言楪世子苏哲兰\飘花落叶言子楪世苏兰哲.smali	4368	95d8d98df9c485d6f89dc7d580e4d188efd99ff4d584e5f495e9d68cddc1	正在下载到本地脚本中
smali_classes2\飘花落叶言楪世子苏哲兰\飘花落叶言子楪世苏兰哲.smali	4374	03190f0f0c02410d1f1a0f0c4505054e49	plugin cloud id :
smali_classes2\飘花落叶言楪世子苏哲兰\飘花落叶言子楪世苏兰哲.smali	4380	97cdf180d8d184c0ff93f2f8	下载完成
smali_classes2\飘花落叶言楪世子苏哲兰\飘花落叶言子楪世苏兰哲.smali	4386	96c2c880c2cf84e0f8559fe7ca89e9de95e9d68df9dc89eae993e6c483f3c489effe	已解压 可到本地脚本查看
smali_classes2\飘花落叶言楪世子苏哲兰\飘花落叶言子楪世苏兰哲.smali	4392	97cdf180d8d184d9c190d4e483e4f1	下载已完成
smali_classes2\飘花落叶言楪世子苏哲兰\飘花落叶言子楪世苏兰哲.smali	4398	7993edde8cfbd554	\n时间:
smali_classes2\飘花落叶言楪世子苏哲兰\飘花落叶言子楪世苏兰哲.smali	4404	95e6f78cd8f0414353	操作 - 
smali_classes2\飘花落叶言楪世子苏哲兰\飘花落叶言子楪世苏兰哲.smali	4410	97cdf08cd9cc89eae993e6c4	上传脚本
smali_classes2\飘花落叶言楪世子苏哲兰\飘花落叶言子楪世苏兰哲.smali	4416	94d4d480cbc884e6d39ce3cc	确认删除
smali_classes2\飘花落叶言楪世子苏哲兰\飘花落叶言子楪世苏兰哲.smali	4422	94d4d480cbc884e6d39ce3cc8de8fb88efd95a	确认删除脚本 
smali_classes2\飘花落叶言楪世子苏哲兰\飘花落叶言子楪世苏兰哲.smali	4428	9cc9e5628dd3f88bc3f39cffc58ad2fb95f4d88dc1e1	？\n这将无法恢复
smali_classes2\飘花落叶言楪世子苏哲兰\飘花落叶言子楪世苏兰哲.smali	4434	5e58574548414c435e58574548414c437990eae582cbd15453	----------------\n名称: 
smali_classes2\飘花落叶言楪世子苏哲兰\飘花落叶言子楪世苏兰哲.smali	4440	7992f3e083f0cd5453	\n版本: 
smali_classes2\飘花落叶言楪世子苏哲兰\飘花落叶言子楪世苏兰哲.smali	4446	7991c7f48dece45453	\n作者: 
smali_classes2\飘花落叶言楪世子苏哲兰\飘花落叶言子楪世苏兰哲.smali	4452	7958574548414c435e58574548414c435e7f708cdde685d2d39cdbd382f3c4547997faca4584ced996fec58cdde685d2d391c2e580ddff8ac9fb92efcf89d6df94effe80e1f687f2df7f98e8c74c89c1c490f1d781d4eb8acfd59dd3fc88d9ee96d5fc8ef9e784e1f892f8d18dd9ff89e9f192ecff8afdc27997faca4584ced996fec58cdde685d2d393fbde83e8ee86f7ef9cf4c94487f1d604558fe7d486d0d75a9ce9d38af1f094d8f3416f8ee1cc539dd5df80e7de8acbff9ed4c585caf696cfdc8defcc84c1f592e0ec8de8fb88efd9708ae5ce4186dcc29fe3da88d9e497c9da8cdde184e4d390c6e880e9d289e9f192ecff8afdc27997faca4584ced996fec581c7fd86d7f291c2e281d0c16491f5d84881d4eb8acfd59fc6c48ac1d69af5e080daeb85d2e990fdd282e2d18befdd9ff4cd8bdbd19bf1e08ef9c06b649bf1e08ef9c085d4d793cfe982d2c54622245352455556574a46425c5d556b86f7ef9cf4c988dbca95c0fb8fdbc8493a345c40480d18151e004f554711420c0b5c24291c0a1e183e1f001d010b2e000d18000a2b0d0d15	\n----------------\n\n上传须知:\n• 请勿上传不属于自己的脚本\n• 请勿上传给一堆朋友点赞的脚本\n• 请勿上传恶意脚本(查q/炸群/恶搞等)\n• 请勿上传高度加密的脚本\n• 请勿上传不加开关的脚本\n• 请勿频繁上传\n• 上传审核通过会出现在在线脚本\n\n脚本交流群(QQ): 979938489\n脚本交流群(TG): https://t.me/QStoryPluginBackupChat
smali_classes2\飘花落叶言楪世子苏哲兰\飘花落叶言子楪世苏兰哲.smali	4458	95faf580dadc84e8f690d4d1	描述内容
smali_classes2\飘花落叶言楪世子苏哲兰\飘花落叶言子楪世苏兰哲.smali	4464	23190f0f0c02412a1606191a0c1c15071c1b	Plugin Description
smali_classes2\飘花落叶言楪世子苏哲兰\飘花落叶言子楪世苏兰哲.smali	4470	96d1f78dedda87f8f493e6c480c8d086c7d0	复制文本失败
smali_classes2\飘花落叶言楪世子苏哲兰\飘花落叶言子楪世苏兰哲.smali	4476	96c2c88dc1e184e6c590f2d880e5cb86c7c19cf5da	已复制到剪贴板
smali_classes2\飘花落叶言楪世子苏哲兰\飘花落叶言子楪世苏兰哲.smali	4482	96dac38dfdf74186cced9cf0ca84c7ef9bf5f980fcfd89eef09de3f982f6e5	对嘛 还是要考虑考虑的
smali_classes2\飘花落叶言楪世子苏哲兰\飘花落叶言子楪世苏兰哲.smali	4488	9ad7fe80c2e484f5cd	预览图
smali_classes2\飘花落叶言楪世子苏哲兰\飘花落叶言子楪世苏兰哲.smali	4494	95e8df80e2c68ed2e9	来自：
smali_classes2\飘花落叶言楪世子苏哲兰\飘花落叶言子楪世苏兰哲.smali	4500	9bdacd8deed388cce292c3e982eed88bf4ce9fd4e589e4dd	请勿频繁点击开关
smali_classes2\飘花落叶言楪世子苏哲兰\飘花落叶言子楪世苏兰哲.smali	4506	1f1a1b0c451c0d1b141c14	load plugin
smali_classes2\飘花落叶言楪世子苏哲兰\飘花落叶言子楪世苏兰哲.smali	4512	95d8d98df9c484e4d39dc7d581d4cc405d5b54464b	正在加载中......
smali_classes2\飘花落叶言楪世子苏哲兰\飘花落叶言子楪世苏兰哲.smali	4518	5b90fbf483c1c38acbd854464b83dde7	(停止中...）
smali_classes2\飘花落叶言楪世子苏哲兰\飘花落叶言子楪世苏兰哲.smali	4524	5b90f0c88dd1dc8acbd854464b83dde7	(加载中...）
smali_classes2\飘花落叶言楪世子苏哲兰\飘花落叶言子楪世苏兰哲.smali	4530	96ffda80d8d184d2f190c2d08ad0fb	加载异常：
smali_classes2\飘花落叶言楪世子苏哲兰\飘花落叶言子楪世苏兰哲.smali	4536	1e1a1e1d0909370b010613070b2d0f0a3b1a091c241c1138160709010a02	moduleVersionAndHostAppVersion
smali_classes2\飘花落叶言楪世子苏哲兰\飘花落叶言子楪世苏兰哲.smali	4542	96c9fa8dc2e784e6ee90dde380e0f7	开始初始化
smali_classes2\飘花落叶言楪世子苏哲兰\飘花落叶言子楪世苏兰哲.smali	4548	3e100e000a08220f101d1f	MethodCache
smali_classes2\飘花落叶言楪世子苏哲兰\飘花落叶言子楪世苏兰哲.smali	4554	00011b1a1138080316	startTime
smali_classes2\飘花落叶言楪世子苏哲兰\飘花落叶言子楪世苏兰哲.smali	4560	95d8d98df9c489c9d093e4f86f	正在解析\n
smali_classes2\飘花落叶言楪世子苏哲兰\飘花落叶言子楪世苏兰哲.smali	4566	95fcfa8ef9e587f8ca93c9fd83f3c488facb9fc6e98ae9fe5390fdee80c8e68acce89fc5fd88d9e09af2f78df5c3	所有方法查找完成 准备保存与重启
smali_classes2\飘花落叶言楪世子苏哲兰\飘花落叶言子楪世苏兰哲.smali	4572	2824291c0a1e1833	[QStory]
smali_classes2\飘花落叶言楪世子苏哲兰\飘花落叶言子楪世苏兰哲.smali	4578	3114090d2d030e053a011f051e05150b1e251b1c0d5146	BaseHookItem{itemPath='
smali_classes2\飘花落叶言楪世子苏哲兰\飘花落叶言子楪世苏兰哲.smali	4584	5f5512091639083e12011255	, hasUiPath=
smali_classes2\飘花落叶言楪世子苏哲兰\飘花落叶言子楪世苏兰哲.smali	4590	5f55131b2903000a4e	, isLoad=
smali_classes2\飘花落叶言楪世子苏哲兰\飘花落叶言子楪世苏兰哲.smali	4596	5f551f100609111a1a1a142b0a000d0b100113070b380e011f48	, exceptionCollectionTool=
smali_classes2\飘花落叶言楪世子苏哲兰\飘花落叶言子楪世苏兰哲.smali	4602	5c111b1c0443081a1618250b0a020707145b101b0a02	/data/item_config.json
smali_classes2\飘花落叶言楪世子苏哲兰\飘花落叶言子楪世苏兰哲.smali	4608	9af0f78fd8c287f8f491c1de80dbd389e7ea9ce0f5	配置文件已生成
smali_classes2\飘花落叶言楪世子苏哲兰\飘花落叶言子楪世苏兰哲.smali	4614	101a140e0c0b411c16141e48001e130101	config read error
smali_classes2\飘花落叶言楪世子苏哲兰\飘花落叶言子楪世苏兰哲.smali	4620	2824291c0a1e183396ffda80d8d189c0cd92c7c680c8d086c7d00b1f144c	[QStory]加载设置失败qwq 
smali_classes2\飘花落叶言楪世子苏哲兰\飘花落叶言子楪世苏兰哲.smali	4626	3b1a15032c180403301a140e0c0b1a07071017380418095354	HookItemConfig{itemPath='
smali_classes2\飘花落叶言楪世子苏哲兰\飘花落叶言子楪世苏兰哲.smali	4632	5f551f06040e0d0b1748	, enabled=
smali_classes2\飘花落叶言楪世子苏哲兰\飘花落叶言子楪世苏兰哲.smali	4638	5f551811150d121d37101c09100015221c141e55	, bypassDefaultLoad=
smali_classes2\飘花落叶言楪世子苏哲兰\飘花落叶言子楪世苏兰哲.smali	4644	3e100e000a082f0f1e10	MethodName
smali_classes2\飘花落叶言楪世子苏哲兰\飘花落叶言子楪世苏兰哲.smali	4650	37101904041e042d1f14091b	DeclareClass
smali_classes2\飘花落叶言楪世子苏哲兰\飘花落叶言子楪世苏兰哲.smali	4656	21100e1d170235170310	ReturnType
smali_classes2\飘花落叶言楪世子苏哲兰\飘花落叶言子楪世苏兰哲.smali	4662	26061f1a3a050f081c	User_info
smali_classes2\飘花落叶言楪世子苏哲兰\飘花落叶言子楪世苏兰哲.smali	4668	3f3c312d36393b2636393b26	LIKESUZHELAN
smali_classes2\飘花落叶言楪世子苏哲兰\飘花落叶言子楪世苏兰哲.smali	4674	1a111f06110515173d14170d	identityName
smali_classes2\飘花落叶言楪世子苏哲兰\飘花落叶言子楪世苏兰哲.smali	4680	06061f1a290d030b1f	userLabel
smali_classes2\飘花落叶言楪世子苏哲兰\飘花落叶言子楪世苏兰哲.smali	4686	06061f1a2c080400071c0e11	userIdentity
smali_classes2\飘花落叶言楪世子苏哲兰\飘花落叶言子楪世苏兰哲.smali	4692	1f1a1b0c4519120b01	load user
smali_classes2\飘花落叶言楪世子苏哲兰\飘花落叶言子楪世苏兰哲.smali	4698	121b1e1a0a0505311a11	android_id
smali_classes2\飘花落叶言楪世子苏哲兰\飘花落叶言子楪世苏兰哲.smali	4704	17100c0106093e0717	device_id
smali_classes2\飘花落叶言楪世子苏哲兰\飘花落叶言子楪世苏兰哲.smali	4710	1b010e1816564e4102060e0717154f021a1b16461103114106061f1a4a000e091a1b	https://qstory.linl.top/user/login
smali_classes2\飘花落叶言楪世子苏哲兰\飘花落叶言子楪世苏兰哲.smali	4716	0204250f040104401717	qq_game.db
smali_classes2\飘花落叶言楪世子苏哲兰\飘花落叶言子楪世苏兰哲.smali	4722	1b010e1816564e4102060e0717154f021a1b16461103114106061f1a4a050f081c	https://qstory.linl.top/user/info
smali_classes2\飘花落叶言楪世子苏哲兰\飘花落叶言子楪世苏兰哲.smali	4728	071a110d0b4c041c011a08	token error
smali_classes2\飘花落叶言楪世子苏哲兰\飘花落叶言子楪世苏兰哲.smali	4734	06051e091109411b001008480c020701	update user info
smali_classes2\飘花落叶言楪世子苏哲兰\飘花落叶言子楪世苏兰哲.smali	4740	9bdacd8ed4ee84cac29dcecd	请求失败
smali_classes2\飘花落叶言楪世子苏哲兰\飘花落叶言子楪世苏兰哲.smali	4746	9adff680caed87e6e390f0f7458acccd96e9d28deddb87f8c392eec083e4d68accd49ce9ca	验证成功 正在刷新用户信息
smali_classes2\飘花落叶言楪世子苏哲兰\飘花落叶言子楪世苏兰哲.smali	4752	95e9d08eedfc84e4ec559fe6fa89face9cc9e0	未成功 原因：
smali_classes2\飘花落叶言楪世子苏哲兰\飘花落叶言子楪世苏兰哲.smali	4758	95e9d08dc4c784e8ea9dd4ca80e1f48bfcc2	未填写订单号
smali_classes2\飘花落叶言楪世子苏哲兰\飘花落叶言子楪世苏兰哲.smali	4764	95e9d08dc4c784e8ea9dd4ca80e1f488e4c393ffd1	未填写订单时间
smali_classes2\飘花落叶言楪世子苏哲兰\飘花落叶言子楪世苏兰哲.smali	4770	95e9d080ebdb84e1e590f2d8300505	未获取到Uid
smali_classes2\飘花落叶言楪世子苏哲兰\飘花落叶言子楪世苏兰哲.smali	4776	95d8d98df9c489c1c493cbea4584ced994d8f38ddbe989c1c493cbea80c2ed88fbe5	正在请求 请等待请求完成
smali_classes2\飘花落叶言楪世子苏哲兰\飘花落叶言子楪世苏兰哲.smali	4782	1b010e1816564e4102060e0717154f021a1b1646110311411f100c0d0943141e14071b0c005314071748	https://qstory.linl.top/level/upgrade?uid=
smali_classes2\飘花落叶言楪世子苏哲兰\飘花落叶言子楪世苏兰哲.smali	4788	551a080c001e280a4e	&orderId=
smali_classes2\飘花落叶言楪世子苏哲兰\飘花落叶言子楪世苏兰哲.smali	4794	551a080c001e35071e1047	&orderTime=
smali_classes2\飘花落叶言楪世子苏哲兰\飘花落叶言子楪世苏兰哲.smali	4800	02060e0717154f021a1b1646110311	qstory.linl.top
smali_classes2\飘花落叶言楪世子苏哲兰\飘花落叶言子楪世苏兰哲.smali	4806	95d8d98df9c489c1c493cbea	正在请求
smali_classes2\飘花落叶言楪世子苏哲兰\飘花落叶言子楪世苏兰哲.smali	4812	94e1d28eeddb85d1d293fbc78de2d68bfce39fccd484d5cb	用户信息获取失败
smali_classes2\飘花落叶言楪世子苏哲兰\飘花落叶言子楪世苏兰哲.smali	4818	9bdacd8dd5f189c1e690f2df83fad189eace9fd5f088decf95f4d58eedfa6b8bcff59ff8ca3a3120	请尝试刷新登录信息或\n开启VPN
smali_classes2\飘花落叶言楪世子苏哲兰\飘花落叶言子楪世苏兰哲.smali	4824	261b1f101509021a16115a1f0c1e043a0a051f5245	Unexpected wireType: 
smali_classes2\飘花落叶言楪世子苏哲兰\飘花落叶言子楪世苏兰哲.smali	4830	261b11060a1b0f4e041c080d3115110b4955	Unknown wireType: 
smali_classes2\飘花落叶言楪世子苏哲兰\飘花落叶言子楪世苏兰哲.smali	4836	350014381703150137140e094b180e2c0a011f1b	FunProtoData.toBytes
smali_classes2\飘花落叶言楪世子苏哲兰\飘花落叶言子楪世苏兰哲.smali	4842	261b11060a1b0f4e070c0a0d5f4c	Unknown type: 
smali_classes2\飘花落叶言楪世子苏哲兰\飘花落叶言子楪世苏兰哲.smali	4848	350014381703150137140e0948180e2c0a011f1b	FunProtoData-toBytes
smali_classes2\飘花落叶言楪世子苏哲兰\飘花落叶言子楪世苏兰哲.smali	4854	9bd2d98efbfc84d2f190c2d0	解析异常
smali_classes2\飘花落叶言楪世子苏哲兰\飘花落叶言子楪世苏兰哲.smali	4860	2c211f10113a080b04	_TextView
smali_classes2\飘花落叶言楪世子苏哲兰\飘花落叶言子楪世苏兰哲.smali	4866	00100e270b2f0d07101e3601161804001607	setOnClickListener
smali_classes2\飘花落叶言楪世子苏哲兰\飘花落叶言子楪世苏兰哲.smali	4872	3607080717200e09	ErrorLog
smali_classes2\飘花落叶言楪世子苏哲兰\飘花落叶言子楪世苏兰哲.smali	4878	5c31151f0b000e0f175a370701190d0b3f1a1d461f0511	/Download/ModuleLog.zip
smali_classes2\飘花落叶言楪世子苏哲兰\飘花落叶言子楪世苏兰哲.smali	4884	5390cdda8dd2f28bf4cf9cfee288dad896fdca	 已输出文件到
smali_classes2\飘花落叶言楪世子苏哲兰\飘花落叶言子楪世苏兰哲.smali	4890	95fce98de9e984d2f190c2d083fae68ac8c39fccdc89c5df9bc1df	打包异常文件夹失败
smali_classes2\飘花落叶言楪世子苏哲兰\飘花落叶言子楪世苏兰哲.smali	4896	22242c0d171f08011d4f	QQVersion:
smali_classes2\飘花落叶言楪世子苏哲兰\飘花落叶言子楪世苏兰哲.smali	4902	22260e071715370b010613070b56	QStoryVersion:
smali_classes2\飘花落叶言楪世子苏哲兰\飘花落叶言子楪世苏兰哲.smali	4908	2b25151b0008350f144f	XPosedTag:
smali_classes2\飘花落叶言楪世子苏哲兰\飘花落叶言子楪世苏兰哲.smali	4914	37100c010609231c121b1e52	DeviceBrand:
smali_classes2\飘花落叶言楪世子苏哲兰\飘花落叶言子楪世苏兰哲.smali	4920	321b1e1a0a050538160709010a025b	AndroidVersion:
smali_classes2\飘花落叶言楪世子苏哲兰\飘花落叶言子楪世苏兰哲.smali	4926	321b1e1a0a05053d373e40	AndroidSDK:
smali_classes2\飘花落叶言楪世子苏哲兰\飘花落叶言子楪世苏兰哲.smali	4932	37100c0106092f0f1e1040	DeviceName:
smali_classes2\飘花落叶言楪世子苏哲兰\飘花落叶言子楪世苏兰哲.smali	4938	200c091c00012c0117101652	SystemModel:
smali_classes2\飘花落叶言楪世子苏哲兰\飘花落叶言子楪世苏兰哲.smali	4944	36070807174c2d0114	Error Log
smali_classes2\飘花落叶言楪世子苏哲兰\飘花落叶言子楪世苏兰哲.smali	4950	0a0c031180d5d5233e93e6e0010887f9d6	yyyy年MM月dd日
smali_classes2\飘花落叶言楪世子苏哲兰\飘花落叶言子楪世苏兰哲.smali	4956	3b3d40050856121d	HH:mm:ss
smali_classes2\飘花落叶言楪世子苏哲兰\飘花落叶言子楪世苏兰哲.smali	4962	96dac380d4cd85d6c992d3d2458af6ce95c6ef80dbff84e9c990d7ff83c2d4	对象为空 无法输出字段
smali_classes2\飘花落叶言楪世子苏哲兰\飘花落叶言子楪世苏兰哲.smali	4968	7958574548414c435e58574548414c435e58574548414c435e58574548414c435e58574548414c435e58574548414c435e58574548414c435e58574548414c435e585745	\n-------------------------------------------------------------------
smali_classes2\飘花落叶言楪世子苏哲兰\飘花落叶言子楪世苏兰哲.smali	4974	7990cbf683ecc64e49557062	\n属性 : \n\n
smali_classes2\飘花落叶言楪世子苏哲兰\飘花落叶言子楪世苏兰哲.smali	4980	200108010b0b1d2d1b14083b001d140b1d161f	String|CharSequence
smali_classes2\飘花落叶言楪世子苏哲兰\飘花落叶言子楪世苏兰哲.smali	4986	96ffd28ee5ed84e1fe90caec80ddff88f3d29fd4e789d9d6534f5a	动态反射属性异常 : 
smali_classes2\飘花落叶言楪世子苏哲兰\飘花落叶言子楪世苏兰哲.smali	4992	7958574548414c435e58574548414c435e58574548414c435e58574548414c435e58574548414c435e58574548414c435e58574548414c435e58574548414c435e5857456f66	\n-------------------------------------------------------------------\n\n
smali_classes2\飘花落叶言楪世子苏哲兰\飘花落叶言子楪世苏兰哲.smali	4998	96dac380d4cd84e1fe90caec8dc2d18bcee055	对象反射记录/
smali_classes2\飘花落叶言楪世子苏哲兰\飘花落叶言子楪世苏兰哲.smali	5004	089ce7f183ece088e5cc9cdbf08af6ce9bcaea80c4e087f9c590d5d18dddc013	{静态方法无运行时对象}
smali_classes2\飘花落叶言楪世子苏哲兰\飘花落叶言子楪世苏兰哲.smali	5010	9ae8e38ee5ed87f8ca93c9fd83fbc186cce592c9e98af6d896dac380d4cd	静态方法无运行时对象
smali_classes2\飘花落叶言楪世子苏哲兰\飘花落叶言子楪世苏兰哲.smali	5016	96ffd28ee5ed84e1fe90caec80c1f688ddc09fd4e789d9d653	动态反射字段异常 
smali_classes2\飘花落叶言楪世子苏哲兰\飘花落叶言子楪世苏兰哲.smali	5022	9bc5f98ff1c487cefb5d9ed3eb88d9e496cbfa8cdde789def092eec04c4c5b4e79	调用栈(从上往下调用) : \n
smali_classes2\飘花落叶言楪世子苏哲兰\飘花落叶言子楪世苏兰哲.smali	5028	20011b0b0e38130f10103f0400010400072e278cddd686c7c9	StackTraceElement[]为空
smali_classes2\飘花落叶言楪世子苏哲兰\飘花落叶言子楪世苏兰哲.smali	5034	797f574548414c435e58574548414c435e58574548414c435e58574548414c435e58574548414c435e58574548414c435e58574548414c435e58574548414c435e58574548	\n\n-------------------------------------------------------------------
smali_classes2\飘花落叶言楪世子苏哲兰\飘花落叶言子楪世苏兰哲.smali	5040	96ffd28ee5ed84e1fe90caec8dc2d18bcee055	动态反射记录/
smali_classes2\飘花落叶言楪世子苏哲兰\飘花落叶言子楪世苏兰哲.smali	5046	19140c094b000000145b	java.lang.
smali_classes2\飘花落叶言楪世子苏哲兰\飘花落叶言子楪世苏兰哲.smali	5052	9bc5f98ff1c487cefb5540486f	调用栈 : \n
smali_classes2\飘花落叶言楪世子苏哲兰\飘花落叶言子楪世苏兰哲.smali	5058	7993ecd183dff486cce19ff3fb56	\n方法返回:
smali_classes2\飘花落叶言楪世子苏哲兰\飘花落叶言子楪世苏兰哲.smali	5064	95e3c38ed6f989d1e39ddbe483fbd78bfcf79cfdd54c5b4e79	方法运行时参数 : \n
smali_classes2\飘花落叶言楪世子苏哲兰\飘花落叶言子楪世苏兰哲.smali	5070	534957454889dcfd96fcf78ef3d587dde6	 <---当前方法
smali_classes2\飘花落叶言楪世子苏哲兰\飘花落叶言子楪世苏兰哲.smali	5076	534957454889f1e297cdfa8fd4d785d6f8	 <---同一类下
smali_classes2\飘花落叶言楪世子苏哲兰\飘花落叶言子楪世苏兰哲.smali	5082	5c34140c1703080a5c111b1c0443	/Android/data/
smali_classes2\飘花落叶言楪世子苏哲兰\飘花落叶言子楪世苏兰哲.smali	5088	3e1a18010909250f07143e011709021a1c0703	MobileDataDirectory
smali_classes2\飘花落叶言楪世子苏哲兰\飘花落叶言子楪世苏兰哲.smali	5094	5c34140c1703080a5c181f0c0c0d4e	/Android/media/
smali_classes2\飘花落叶言楪世子苏哲兰\飘花落叶言子楪世苏兰哲.smali	5100	5c311b1c04421b0703	/Data.zip
smali_classes2\飘花落叶言楪世子苏哲兰\飘花落叶言子楪世苏兰哲.smali	5106	94d2c18defc486f5dd90c7fd	移动目录
smali_classes2\飘花落叶言楪世子苏哲兰\飘花落叶言子楪世苏兰哲.smali	5112	9bddfa8dc8fc84cad490cae780cbf18acbe69fd9fb8ac1e99bdbca	言子大小姐专属标记
smali_classes2\飘花落叶言楪世子苏哲兰\飘花落叶言子楪世苏兰哲.smali	5118	94d2c18defc484c0ff93f2f84589ddee96d2f18dedf184c9f890f6fe	移动完成 开始初始化
smali_classes2\飘花落叶言楪世子苏哲兰\飘花落叶言子楪世苏兰哲.smali	5124	101a141c000215545c5a1907084200001707150101420416071008060400121a1c071b0f004205011000170d0b181241171a191d08090f1a5c050801080d131749	content://com.android.externalstorage.documents/document/primary:
smali_classes2\飘花落叶言楪世子苏哲兰\飘花落叶言子楪世苏兰哲.smali	5130	121b1e1a0a0505401a1b0e0d0b184f0f100113070b422e3e363b252c2a2f3423363b2e37313e242b	android.intent.action.OPEN_DOCUMENT_TREE
smali_classes2\飘花落叶言楪世子苏哲兰\飘花落叶言子楪世苏兰哲.smali	5136	121b1e1a0a0505401a1b0e0d0b184f0d12011f0f0a1e18403c253f26242e2d2b	android.intent.category.OPENABLE
smali_classes2\飘花落叶言楪世子苏哲兰\飘花落叶言子楪世苏兰哲.smali	5142	121b1e1a0a0505400307151e0c08041c5d10021c170d4f273d3c2e2124203e3b213c	android.provider.extra.INITIAL_URI
smali_classes2\飘花落叶言楪世子苏哲兰\飘花落叶言子楪世苏兰哲.smali	5148	1c1b3b0b11051707070c280d16190d1a	onActivityResult
smali_classes2\飘花落叶言楪世子苏哲兰\飘花落叶言子楪世苏兰哲.smali	5154	03071305041e1854	primary:
smali_classes2\飘花落叶言楪世子苏哲兰\飘花落叶言子楪世苏兰哲.smali	5160	5c060e07170d060b5c10171d090d150b175a4a47	/storage/emulated/0/
smali_classes2\飘花落叶言楪世子苏哲兰\飘花落叶言子楪世苏兰哲.smali	5166	101a174611090f0d161b0e46080303071f100b194b08001a125b370d161f000916271f0b0a1e05	com.tencent.mobileqq.data.MessageRecord
smali_classes2\飘花落叶言楪世子苏哲兰\飘花落叶言子楪世苏兰哲.smali	5172	101a174611090f0d161b0e46141d0f1a5d1e1f1a0b090d401d140e01130908000710080e040f04403e061d3a000f0e1c17	com.tencent.qqnt.kernel.nativeinterface.MsgRecord
smali_classes2\飘花落叶言楪世子苏哲兰\飘花落叶言子楪世苏兰哲.smali	5178	101a174611090f0d161b0e4604050e4017140e094b2d2821301a141c040f15	com.tencent.aio.data.AIOContact
smali_classes2\飘花落叶言楪世子苏哲兰\飘花落叶言子楪世苏兰哲.smali	5184	101a174611090f0d161b0e46141d0f1a5d18090f4b0d11075d3c371b023915071f340a01	com.tencent.qqnt.msg.api.IMsgUtilApi
smali_classes2\飘花落叶言楪世子苏哲兰\飘花落叶言子楪世苏兰哲.smali	5190	10071f091109350b0b013f040001040007	createTextElement
smali_classes2\飘花落叶言楪世子苏哲兰\飘花落叶言子楪世苏兰哲.smali	5196	10071f09110931071030160d08090f1a	createPicElement
smali_classes2\飘花落叶言楪世子苏哲兰\飘花落叶言子楪世苏兰哲.smali	5202	10071f091109201a2710021c20000403161b0e	createAtTextElement
smali_classes2\飘花落叶言楪世子苏哲兰\飘花落叶言子楪世苏兰哲.smali	5208	96f0d28cd8ff87e6e390ebf0	全体成员
smali_classes2\飘花落叶言楪世子苏哲兰\飘花落叶言子楪世苏兰哲.smali	5214	10071f091109330b0319032d09090c0b1d01	createReplyElement
smali_classes2\飘花落叶言楪世子苏哲兰\飘花落叶言子楪世苏兰哲.smali	5220	10071f09110927071f103f040001040007	createFileElement
smali_classes2\飘花落叶言楪世子苏哲兰\飘花落叶言子楪世苏兰哲.smali	5226	10071f091109311a0730160d08090f1a	createPttElement
smali_classes2\飘花落叶言楪世子苏哲兰\飘花落叶言子楪世苏兰哲.smali	5232	10071f09110937071710152d09090c0b1d01	createVideoElement
smali_classes2\飘花落叶言楪世子苏哲兰\飘花落叶言子楪世苏兰哲.smali	5238	1b010e1816564e41	https://
smali_classes2\飘花落叶言楪世子苏哲兰\飘花落叶言子楪世苏兰哲.smali	5244	101a174611090f0d161b0e46141d0f1a5d1e1f1a0b090d401d140e01130908000710080e040f044039061506221e001736191f05000215	com.tencent.qqnt.kernel.nativeinterface.JsonGrayElement
smali_classes2\飘花落叶言楪世子苏哲兰\飘花落叶言子楪世苏兰哲.smali	5250	101a174611090f0d161b0e46141d0f1a5d1e1f1a0b090d401d140e01130908000710080e040f04402b18163c0a2612011d251b1a0401	com.tencent.qqnt.kernel.nativeinterface.XmlToJsonParam
smali_classes2\飘花落叶言楪世子苏哲兰\飘花落叶言子楪世苏兰哲.smali	5256	101a174611090f0d161b0e46141d0f1a5d1e1f1a0b090d401d140e01130908000710080e040f044034071b113105112b1f10170d0b18	com.tencent.qqnt.kernel.nativeinterface.GrayTipElement
smali_classes2\飘花落叶言楪世子苏哲兰\飘花落叶言子楪世苏兰哲.smali	5262	0000182d09090c0b1d012e111509	subElementType
smali_classes2\飘花落叶言楪世子苏哲兰\飘花落叶言子楪世苏兰哲.smali	5268	19061506221e0017271c0a2d09090c0b1d01	jsonGrayTipElement
smali_classes2\飘花落叶言楪世子苏哲兰\飘花落叶言子楪世苏兰哲.smali	5274	101a174611090f0d161b0e46141d0f1a5d1e1f1a0b090d401d140e01130908000710080e040f04403e061d2d09090c0b1d01	com.tencent.qqnt.kernel.nativeinterface.MsgElement
smali_classes2\飘花落叶言楪世子苏哲兰\飘花落叶言子楪世苏兰哲.smali	5280	00100e2d09090c0b1d012e111509	setElementType
smali_classes2\飘花落叶言楪世子苏哲兰\飘花落叶言子楪世苏兰哲.smali	5286	00100e2f170d183a1a053f040001040007	setGrayTipElement
smali_classes2\飘花落叶言楪世子苏哲兰\飘花落叶言子楪世苏兰哲.smali	5292	95ffdf81f1f55b0d01101b1c002612011d3208091c38081e36191f05000215	报错:createJsonGrayTipElement
smali_classes2\飘花落叶言楪世子苏哲兰\飘花落叶言子楪世苏兰哲.smali	5298	101a174611090f0d161b0e46141d0f1a5d18090f4b08001a125b1b	com.tencent.qqnt.msg.data.a
smali_classes2\飘花落叶言楪世子苏哲兰\飘花落叶言子楪世苏兰哲.smali	5304	101a174611090f0d161b0e46141d0f1a5d18090f4b08001a125b18	com.tencent.qqnt.msg.data.b
smali_classes2\飘花落叶言楪世子苏哲兰\飘花落叶言子楪世苏兰哲.smali	5310	96f8db8feceb87cecf90c6e783f0e887e4db93cafd56	卡片格式有问题:
smali_classes2\飘花落叶言楪世子苏哲兰\飘花落叶言子楪世苏兰哲.smali	5316	10071f091109201c1830160d08090f1a	createArkElement
smali_classes2\飘花落叶言楪世子苏哲兰\飘花落叶言子楪世苏兰哲.smali	5322	101a174611090f0d161b0e4606030c031c1b5409151c4f2c12061f29151c0d0710140e010a0228030319	com.tencent.common.app.BaseApplicationImpl
smali_classes2\飘花落叶言楪世子苏哲兰\飘花落叶言子楪世苏兰哲.smali	5328	14100e29151c0d0710140e010a02	getApplication
smali_classes2\飘花落叶言楪世子苏哲兰\飘花落叶言子楪世苏兰哲.smali	5334	14100e3a100215071e10	getRuntime
smali_classes2\飘花落叶言楪世子苏哲兰\飘花落叶言子楪世苏兰哲.smali	5340	95ffdf81f1f55b091601281d0b180803165d53	报错:getRuntime()
smali_classes2\飘花落叶言楪世子苏哲兰\飘花落叶言子楪世苏兰哲.smali	5346	101a174611090f0d161b0e4607051b40145b1f46044200	com.tencent.biz.g.e.a.a
smali_classes2\飘花落叶言楪世子苏哲兰\飘花落叶言子楪世苏兰哲.smali	5352	95ffdf81f1f55b0916012b39241c11271d011f1a030d020b	报错:getQQAppInterface
smali_classes2\飘花落叶言楪世子苏哲兰\飘花落叶言子楪世苏兰哲.smali	5358	101a174611090f0d161b0e46080303071f100b194b1d160f1f191f1c4b05110d5d1c1718094222011e3c2a2b30180802003c171809	com.tencent.mobileqq.qwallet.ipc.impl.ComIPCUtilsImpl
smali_classes2\飘花落叶言楪世子苏哲兰\飘花落叶言子楪世苏兰哲.smali	5364	14100e2e17050400173b130b0e22000316	getFriendNickName
smali_classes2\飘花落叶言楪世子苏哲兰\飘花落叶言子楪世苏兰哲.smali	5370	95ffdf81f1f55b09160134090809	报错:getName
smali_classes2\飘花落叶言楪世子苏哲兰\飘花落叶言子楪世苏兰哲.smali	5376	14100e2b101e130b1d013b0b0603140007201306	getCurrentAccountUin
smali_classes2\飘花落叶言楪世子苏哲兰\飘花落叶言子楪世苏兰哲.smali	5382	95ffdf81f1f55b091601371110050f465a	报错:getMyuin()
smali_classes2\飘花落叶言楪世子苏哲兰\飘花落叶言子楪世苏兰哲.smali	5388	14100e25040200091607	getManager
smali_classes2\飘花落叶言楪世子苏哲兰\飘花落叶言子楪世苏兰哲.smali	5394	14100e3b111b040c	getStweb
smali_classes2\飘花落叶言楪世子苏哲兰\飘花落叶言子楪世苏兰哲.smali	5400	95ffdf81f1f55b091601291c120903465a	报错:getStweb()
smali_classes2\飘花落叶言楪世子苏哲兰\飘花落叶言子楪世苏兰哲.smali	5406	95ffdf81f1f55b091601290300154947	报错:getSkey()
smali_classes2\飘花落叶言楪世子苏哲兰\飘花落叶言子楪世苏兰哲.smali	5412	101a174611090f0d161b0e46080303071f100b194b1c1205160c540915054f272306110d1c21000012121f1a	com.tencent.mobileqq.pskey.api.IPskeyManager
smali_classes2\飘花落叶言楪世子苏哲兰\飘花落叶言子楪世苏兰哲.smali	5418	95ffdf81f1f55b0916012a1b0e0918465a	报错:getPskey()
smali_classes2\飘花落叶言楪世子苏哲兰\飘花落叶言子楪世苏兰哲.smali	5424	14100e3811583501181014	getPt4Token
smali_classes2\飘花落叶言楪世子苏哲兰\飘花落叶言子楪世苏兰哲.smali	5430	96c9f88dddd48ed2e9121f1c351f0a0b0a5d53	异常：getPskey()
smali_classes2\飘花落叶言楪世子苏哲兰\飘花落叶言子楪世苏兰哲.smali	5436	101a174611090f0d161b0e46141d0f1a5d10170711050e005d011f101142121a0a191f46041c08403a3017070f05321e121b290d171a080d16	com.tencent.qqnt.emotion.text.style.api.IEmojiSpanService
smali_classes2\飘花落叶言楪世子苏哲兰\飘花落叶言子楪世苏兰哲.smali	5442	101a141e001e152b1e1a290d171a041c3a112e0720010e2d1c111f	convertEmoServerIdToEmoCode
smali_classes2\飘花落叶言楪世子苏哲兰\飘花落叶言子楪世苏兰哲.smali	5448	301a1e0d4505124e3d20362444	Code is NULL!
smali_classes2\飘花落叶言楪世子苏哲兰\飘花落叶言子楪世苏兰哲.smali	5454	101a141e001e152b1e1a290d171a041c3a112e0720010e	convertEmoServerIdToEmo
smali_classes2\飘花落叶言楪世子苏哲兰\飘花落叶言子楪世苏兰哲.smali	5460	101a174611090f0d161b0e46080303071f100b194b090c01071c19070b42303f200c092e040f043b071c16	com.tencent.mobileqq.emoticon.QQSysFaceUtil
smali_classes2\飘花落叶言楪世子苏哲兰\飘花落叶言子楪世苏兰哲.smali	5466	101a141e001e153a1c39150b0400	convertToLocal
smali_classes2\飘花落叶言楪世子苏哲兰\飘花落叶言子楪世苏兰哲.smali	5472	1514190d2c02050b0b	faceIndex
smali_classes2\飘花落叶言楪世子苏哲兰\飘花落叶言子楪世苏兰哲.smali	5478	1a181b0f0038181e16	imageType
smali_classes2\飘花落叶言楪世子苏哲兰\飘花落叶言子楪世苏兰哲.smali	5484	0314081b003f0c0f1f193f050a	parseSmallEmo
smali_classes2\飘花落叶言楪世子苏哲兰\飘花落叶言子楪世苏兰哲.smali	5490	0314081b0021001c18100e3b080d0d023514190d20000403161b0e	parseMarketSmallFaceElement
smali_classes2\飘花落叶言楪世子苏哲兰\飘花落叶言子楪世苏兰哲.smali	5496	14100e2e040f043a0a051f	getFaceType
smali_classes2\飘花落叶言楪世子苏哲兰\飘花落叶言子楪世苏兰哲.smali	5502	14100e3a100215071e10290d171a080d16	getRuntimeService
smali_classes2\飘花落叶言楪世子苏哲兰\飘花落叶言子楪世苏兰哲.smali	5508	14100e3d0c08271c1c182f010b	getUidFromUin
smali_classes2\飘花落叶言楪世子苏哲兰\飘花落叶言子楪世苏兰哲.smali	5514	101a174611090f0d161b0e46080303071f100b194b1d130106011f46343e0e1b0710	com.tencent.mobileqq.qroute.QRoute
smali_classes2\飘花落叶言楪世子苏哲兰\飘花落叶言子楪世苏兰哲.smali	5520	14100e240a02062f1016151d0b1834071d	getLongAccountUin
smali_classes2\飘花落叶言楪世子苏哲兰\飘花落叶言子楪世苏兰哲.smali	5526	1e040b46080d0f0f14100846280d0f0f141008	mqq.manager.Manager
smali_classes2\飘花落叶言楪世子苏哲兰\飘花落叶言子楪世苏兰哲.smali	5532	14100e2b101e130b1d01340106070f0f1e10	getCurrentNickname
smali_classes2\飘花落叶言楪世子苏哲兰\飘花落叶言子楪世苏兰哲.smali	5538	03101f03241c113c061b0e010809	peekAppRuntime
smali_classes2\飘花落叶言楪世子苏哲兰\飘花落叶言子楪世苏兰哲.smali	5544	3034282c3a2420203f313f3a	CARD_HANLDER
smali_classes2\飘花落叶言楪世子苏哲兰\飘花落叶言子楪世苏兰哲.smali	5550	101a174611090f0d161b0e46080303071f100b194b0d111e5d361b1a0124000017191f1a	com.tencent.mobileqq.app.CardHandler
smali_classes2\飘花落叶言楪世子苏哲兰\飘花落叶言子楪世苏兰哲.smali	5556	101a174611090f0d161b0e46141d0f1a5d1b0e1a0000001a1a1a1446031e080b1d1109010b0a0e40120513462c2a1307161b1e1b2c0207012010081e0c0f04	com.tencent.qqnt.ntrelation.friendsinfo.api.IFriendsInfoService
smali_classes2\飘花落叶言楪世子苏哲兰\飘花落叶言子楪世苏兰哲.smali	5562	020f15060042101f5d161505	qzone.qq.com
smali_classes2\飘花落叶言楪世子苏哲兰\飘花落叶言子楪世苏兰哲.smali	5568	48550a3710050f531c48	; p_uin=o=
smali_classes2\飘花落叶言楪世子苏哲兰\飘花落叶言子楪世苏兰哲.smali	5574	48550a37160704174e	; p_skey=
smali_classes2\飘花落叶言楪世子苏哲兰\飘花落叶言子楪世苏兰哲.smali	5580	1b010e1816564e411b4054191f030f0b5d040b4606030c41030715101c4305011e1413064a010e0c1a191f4614160e00165b0b194b0f0e035c130801000205411e130801000205311f1c091c5a0b3e1a1848	https://h5.qzone.qq.com/proxy/domain/mobile.qzone.qq.com/friend/mfriend_list?g_tk=
smali_classes2\飘花落叶言楪世子苏哲兰\飘花落叶言子楪世苏兰哲.smali	5586	55071f1b3a1908004e	&res_uin=
smali_classes2\飘花落叶言楪世子苏哲兰\飘花落叶言子楪世苏兰哲.smali	5592	55071f1b3a18181e16481407170100025513151a080d155319061506431908004e	&res_type=normal&format=json&uin=
smali_classes2\飘花落叶言楪世子苏哲兰\飘花落叶言子楪世苏兰哲.smali	5598	3527332d2b282d2720212520242225223627	FRIENDLIST_HANDLER
smali_classes2\飘花落叶言楪世子苏哲兰\飘花落叶言子楪世苏兰哲.smali	5604	1710162e1705040017	delFriend
smali_classes2\飘花落叶言楪世子苏哲兰\飘花落叶言子楪世苏兰哲.smali	5610	2307150e0c00042d12071e250a1e042f1001131e0c1818	ProfileCardMoreActivity
smali_classes2\飘花落叶言楪世子苏哲兰\飘花落叶言子楪世苏兰哲.smali	5616	1710160d1109271c1a10140c	deleteFriend
smali_classes2\飘花落叶言楪世子苏哲兰\飘花落叶言子楪世苏兰哲.smali	5622	14100e290900271c1a10140c3205150630140e0d020313071606	getAllFriendWithCategories
smali_classes2\飘花落叶言楪世子苏哲兰\飘花落叶言子楪世苏兰哲.smali	5628	1c07130f0c02280312121f3d1700	originImageUrl
smali_classes2\飘花落叶言楪世子苏哲兰\飘花落叶言子楪世苏兰哲.smali	5634	1b010e1816564e41141612091142101e1a16540b0b	https://gchat.qpic.cn
smali_classes2\飘花落叶言楪世子苏哲兰\飘花落叶言子楪世苏兰哲.smali	5640	5c11151f0b000e0f17	/download
smali_classes2\飘花落叶言楪世子苏哲兰\飘花落叶言子楪世苏兰哲.smali	5646	12050a010151505a4343	appid=1406
smali_classes2\飘花落叶言楪世子苏哲兰\飘花落叶言子楪世苏兰哲.smali	5652	1b010e1816564e41141612091142101e1a16540b0b430501041b160704085e0f0305130c58	https://gchat.qpic.cn/download?appid=
smali_classes2\飘花落叶言楪世子苏哲兰\飘花落叶言子楪世苏兰哲.smali	5658	5513130400050553	&fileid=
smali_classes2\飘花落叶言楪世子苏哲兰\飘花落叶言子楪世苏兰哲.smali	5664	5c45451c001e0c534153131b3a031307141c145554	/0?term=2&is_origin=1
smali_classes2\飘花落叶言楪世子苏哲兰\飘花落叶言子楪世苏兰哲.smali	5670	2224370d161f000916200e01091f	QQMessageUtils
smali_classes2\飘花落叶言楪世子苏哲兰\飘花落叶言子楪世苏兰哲.smali	5676	101a174611090f0d161b0e46141d0f1a5d18090f4b0d11075d3c371b023f041c051c190d	com.tencent.qqnt.msg.api.IMsgService
smali_classes2\飘花落叶言楪世子苏哲兰\飘花落叶言子楪世苏兰哲.smali	5682	14100e25100015073e061d	getMultiMsg
smali_classes2\飘花落叶言楪世子苏哲兰\飘花落叶言子楪世苏兰哲.smali	5688	101a174611090f0d161b0e46141d0f1a5d1e1f1a0b090d401d140e01130908000710080e040f04403a321f1c28190d1a1a38090f260d0d0211141903	com.tencent.qqnt.kernel.nativeinterface.IGetMultiMsgCallback
smali_classes2\飘花落叶言楪世子苏哲兰\飘花落叶言子楪世苏兰哲.smali	5694	14100e25160b122c0a38090f2c08	getMsgsByMsgId
smali_classes2\飘花落叶言楪世子苏哲兰\飘花落叶言子楪世苏兰哲.smali	5700	101a174611090f0d161b0e46141d0f1a5d1e1f1a0b090d401d140e01130908000710080e040f04403a38090f2a1c041c12011f2b04000d0c121611	com.tencent.qqnt.kernel.nativeinterface.IMsgOperateCallback
smali_classes2\飘花落叶言楪世子苏哲兰\飘花落叶言子楪世苏兰哲.smali	5706	0110190909002c1d14	recallMsg
smali_classes2\飘花落叶言楪世子苏哲兰\飘花落叶言子楪世苏兰哲.smali	5712	101a174611090f0d161b0e46141d0f1a5d1e1f1a0b090d401d140e01130908000710080e040f04403a33151a120d130a3c051f1a0418042d1219160a040f0a	com.tencent.qqnt.kernel.nativeinterface.IForwardOperateCallback
smali_classes2\飘花落叶言楪世子苏哲兰\飘花落叶言子楪世苏兰哲.smali	5718	101a141c040f15534e1b0f0409	contact==null
smali_classes2\飘花落叶言楪世子苏哲兰\飘花落叶言子楪世苏兰哲.smali	5724	16191f05000215221a060e55580214021f	elementList==null
smali_classes2\飘花落叶言楪世子苏哲兰\飘花落叶言子楪世苏兰哲.smali	5730	12050a040c0f001a1a1a14470f1f0e00	application/json
smali_classes2\飘花落叶言楪世子苏哲兰\飘花落叶言子楪世苏兰哲.smali	5736	101a174611090f0d161b0e46141d0f1a5d0108070a1c4f27270715071523110b01140e010a02330b031a3b180c	com.tencent.qqnt.troop.ITroopOperationRepoApi
smali_classes2\飘花落叶言楪世子苏哲兰\飘花落叶言子楪世苏兰哲.smali	5742	0200131c221e0e1b03	quitGroup
smali_classes2\飘花落叶言楪世子苏哲兰\飘花落叶言子楪世苏兰哲.smali	5748	27071507153f041a071c140f330504193e1a1e0d09	TroopSettingViewModel
smali_classes2\飘花落叶言楪世子苏哲兰\飘花落叶言子楪世苏兰哲.smali	5754	1c1b280d16190d1a	onResult
smali_classes2\飘花落叶言楪世子苏哲兰\飘花落叶言子楪世苏兰哲.smali	5760	101a174611090f0d161b0e46080303071f100b194b0d111e5d242b250402000916073c0906180e1c0a	com.tencent.mobileqq.app.QQManagerFactory
smali_classes2\飘花落叶言楪世子苏哲兰\飘花落叶言子楪世苏兰哲.smali	5766	2727352735332c2f3d343d2d37	TROOP_MANAGER
smali_classes2\飘花落叶言楪世子苏哲兰\飘花落叶言子楪世苏兰哲.smali	5772	101a174611090f0d161b0e46080303071f100b194b1813011c05540915054f272707150715250f081c261f1a1305020b	com.tencent.mobileqq.troop.api.ITroopInfoService
smali_classes2\飘花落叶言楪世子苏哲兰\飘花落叶言子楪世苏兰哲.smali	5778	14100e3c17030e1e3a1b1c07	getTroopInfo
smali_classes2\飘花落叶言楪世子苏哲兰\飘花落叶言子楪世苏兰哲.smali	5784	14100e3c17030e1e3e10170a001e	getTroopMember
smali_classes2\飘花落叶言楪世子苏哲兰\飘花落叶言子楪世苏兰哲.smali	5790	101a174611090f0d161b0e46141d0f1a5d0108070a1c4f27270715071520081d07271f180a2d1107	com.tencent.qqnt.troop.ITroopListRepoApi
smali_classes2\飘花落叶言楪世子苏哲兰\飘花落叶言子楪世苏兰哲.smali	5796	14100e220a050f0b172108070a1c2800151a3c1a0a01220f101d1f	getJoinedTroopInfoFromCache
smali_classes2\飘花落叶言楪世子苏哲兰\飘花落叶言子楪世苏兰哲.smali	5802	14100e3d0c3813011c05360116183607071d151d112e0d01101e1f0c311e0e0103	getUiTroopListWithoutBlockedTroop
smali_classes2\飘花落叶言楪世子苏哲兰\飘花落叶言子楪世苏兰哲.smali	5808	101a174611090f0d161b0e46080303071f100b194b1813011c05540e0c000403121b1b0f001e4f0a12011b46311e0e0103381f05070913221a060e3a000a130b001d1f1a	com.tencent.mobileqq.troop.filemanager.data.TroopMemberListRefresher
smali_classes2\飘花落叶言楪世子苏哲兰\飘花落叶言子楪世苏兰哲.smali	5814	101a174611090f0d161b0e46141d0f1a5d0108070a1c0c0b1e171f1a0905121a5d3c2e1a0a0311231618180d1720081d07271f180a2d1107	com.tencent.qqnt.troopmemberlist.ITroopMemberListRepoApi
smali_classes2\飘花落叶言楪世子苏哲兰\飘花落叶言子楪世苏兰哲.smali	5820	15100e0b0d2b00092707150715210403111008210b0a0e	fetchGagTroopMemberInfo
smali_classes2\飘花落叶言楪世子苏哲兰\飘花落叶言子楪世苏兰哲.smali	5826	272735273533262f342a37292b2d262b21	TROOP_GAG_MANAGER
smali_classes2\飘花落叶言楪世子苏哲兰\飘花落叶言子楪世苏兰哲.smali	5832	1d1c19032c020701	nickInfo
smali_classes2\飘花落叶言楪世子苏哲兰\飘花落叶言子楪世苏兰哲.smali	5838	1507130d0b082f07101e	friendNick
smali_classes2\飘花落叶言楪世子苏哲兰\飘花落叶言子楪世苏兰哲.smali	5844	14141d3c0c01043d07141718	gagTimeStamp
smali_classes2\飘花落叶言楪世子苏哲兰\飘花落叶言子楪世苏兰哲.smali	5850	101a174611090f0d161b0e46141d0f1a5d0108070a1c4f272707150715210403111008271509130f071c150637091101320513	com.tencent.qqnt.troop.ITroopMemberOperationRepoApi
smali_classes2\飘花落叶言楪世子苏哲兰\飘花落叶言子楪世苏兰哲.smali	5856	00100e250001030b0126121d113911	setMemberShutUp
smali_classes2\飘花落叶言楪世子苏哲兰\飘花落叶言子楪世苏兰哲.smali	5862	17023d090238080316260e09081c	dwGagTimeStamp
smali_classes2\飘花落叶言楪世子苏哲兰\飘花落叶言子楪世苏兰哲.smali	5868	17023d090238080316260e09081c3e0316	dwGagTimeStamp_me
smali_classes2\飘花落叶言楪世子苏哲兰\飘花落叶言子楪世苏兰哲.smali	5874	1e1a1e010315351c1c1a0a3b0d19153b0321130500	modifyTroopShutUpTime
smali_classes2\飘花落叶言楪世子苏哲兰\飘花落叶言子楪世苏兰哲.smali	5880	272735273533262f342a32292b282d2b21	TROOP_GAG_HANDLER
smali_classes2\飘花落叶言楪世子苏哲兰\飘花落叶言子楪世苏兰哲.smali	5886	1710160d1109351c1c1a0a250001030b01	deleteTroopMember
smali_classes2\飘花落叶言楪世子苏哲兰\飘花落叶言子楪世苏兰哲.smali	5892	101a174611090f0d161b0e46080303071f100b194b1813011c055400040205021607543c17030e1e3e10170a001e2c00143d1b060100041c	com.tencent.mobileqq.troop.handler.TroopMemberMngHandler
smali_classes2\飘花落叶言楪世子苏哲兰\飘花落叶言子楪世苏兰哲.smali	5898	101a174611090f0d161b0e4606030c031c1b5409151c4f2f030533061109130812161f	com.tencent.common.app.AppInterface
smali_classes2\飘花落叶言楪世子苏哲兰\飘花落叶言子楪世苏兰哲.smali	5904	101a174611090f0d161b0e46080303071f100b194b1813011c05540b090302051a1b5400040205021607543c17030e1e3019150b0e250f26121b1e04001e	com.tencent.mobileqq.troop.clockin.handler.TroopClockInHandler
smali_classes2\飘花落叶言楪世子苏哲兰\飘花落叶言子楪世苏兰哲.smali	5910	15100e0b0d3813011c05370d080e041c3a1b1c07	fetchTroopMemberInfo
smali_classes2\飘花落叶言楪世子苏哲兰\飘花落叶言子楪世苏兰哲.smali	5916	121b1e1a0a0505165d19130e000f180d1f1054240c0a040d0a16160d2a1b0f0b01	androidx.lifecycle.LifecycleOwner
smali_classes2\飘花落叶言楪世子苏哲兰\飘花落叶言子楪世苏兰哲.smali	5922	2707150715210403111008240c1f152f1001131e0c1818	TroopMemberListActivity
smali_classes2\飘花落叶言楪世子苏哲兰\飘花落叶言子楪世苏兰哲.smali	5928	14100e3b0d03162012181f	getShowName
smali_classes2\飘花落叶言楪世子苏哲兰\飘花落叶言子楪世苏兰哲.smali	5934	101a174611090f0d161b0e46080303071f100b194b1813011c05540915054f272707150715210403111008260401043d16070c010609	com.tencent.mobileqq.troop.api.ITroopMemberNameService
smali_classes2\飘花落叶言楪世子苏哲兰\飘花落叶言子楪世苏兰哲.smali	5940	14100e3c17030e1e3e10170a001e2f0f1e10	getTroopMemberName
smali_classes2\飘花落叶言楪世子苏哲兰\飘花落叶言子楪世苏兰哲.smali	5946	101a174611090f0d161b0e4607051b40070715071542240a1a012f060c1d140b271c0e04002d021a1a03131c1c	com.tencent.biz.troop.EditUniqueTitleActivity
smali_classes2\飘花落叶言楪世子苏哲兰\飘花落叶言子楪世苏兰哲.smali	5952	101a174611090f0d161b0e46080303071f100b194b1f040f01161246041c08403a261f09170f093e1a10190d2309150d1b1008	com.tencent.mobileqq.search.api.ISearchPieceFetcher
smali_classes2\飘花落叶言楪世子苏哲兰\飘花落叶言子楪世苏兰哲.smali	5958	14100e3c17030e1e3d14170d	getTroopName
smali_classes2\飘花落叶言楪世子苏哲兰\飘花落叶言子楪世苏兰哲.smali	5964	101a174611090f0d161b0e46141d0f1a5d1e1f1a0b090d40120513462c27041c1d10163b001e17071010	com.tencent.qqnt.kernel.api.IKernelService
smali_classes2\飘花落叶言楪世子苏哲兰\飘花落叶言子楪世苏兰哲.smali	5970	14100e25160b320b0103130b00	getMsgService
smali_classes2\飘花落叶言楪世子苏哲兰\飘花落叶言子楪世苏兰哲.smali	5976	101a174611090f0d161b0e46141d0f1a5d1e1f1a0b090d401d140e01130908000710080e040f0440271017182604001a23071f18041e04271d1315	com.tencent.qqnt.kernel.nativeinterface.TempChatPrepareInfo
smali_classes2\飘花落叶言楪世子苏哲兰\飘花落叶言子楪世苏兰哲.smali	5982	101a174611090f0d161b0e46141d0f1a5d1e1f1a0b090d401d140e01130908000710080e040f0440271017182604001a3414170d3609121d1a1a14	com.tencent.qqnt.kernel.nativeinterface.TempChatGameSession
smali_classes2\飘花落叶言楪世子苏哲兰\飘花落叶言子楪世苏兰哲.smali	5988	03071f18041e043a16180a2b0d0d15	prepareTempChat
smali_classes2\飘花落叶言楪世子苏哲兰\飘花落叶言子楪世苏兰哲.smali	5994	101a1746141b00021f100e4611090c1e5d3c39070b18000d07200e01091f	com.qwallet.temp.IContactUtils
smali_classes2\飘花落叶言楪世子苏哲兰\飘花落叶言子楪世苏兰哲.smali	6000	03071f18041e043a011a151828090c0c1607291c170d0f0916072e0d081c22061201	prepareTroopMemberStrangerTempChat
smali_classes2\飘花落叶言楪世子苏哲兰\飘花落叶言子楪世苏兰哲.smali	6006	7924291c0a1e1854	\nQStory:
smali_classes2\飘花落叶言楪世子苏哲兰\飘花落叶言子楪世苏兰哲.smali	6012	1b010e1816564e41075b170d4a3b090b1d3316071209131d32071f210b2e0d011c18	https://t.me/WhenFlowersAreInBloom
smali_classes2\飘花落叶言楪世子苏哲兰\飘花落叶言子楪世苏兰哲.smali	6018	273293caf485e0fd	TG频道
smali_classes2\飘花落叶言楪世子苏哲兰\飘花落叶言子楪世苏兰哲.smali	6024	1b010e1816564e41075b170d4a2d0f3f301d1b1c	https://t.me/AnQChat
smali_classes2\飘花落叶言楪世子苏哲兰\飘花落叶言子楪世苏兰哲.smali	6030	27329dd6c18bdaea	TG群组
smali_classes2\飘花落叶言楪世子苏哲兰\飘花落叶言子楪世苏兰哲.smali	6036	95cdff81fcc887f8ca93c9fd81d3c088f2da	清除方法信息
smali_classes2\飘花落叶言楪世子苏哲兰\飘花落叶言子楪世苏兰哲.smali	6042	95cdff81fcc887f8ca93c9fd81d3c088f2da9fd1d385e6e396e5d5393489ddee96d2f18efac987e7cd93ecd183dff4	清除方法信息并重启QQ开始查找方法
smali_classes2\飘花落叶言楪世子苏哲兰\飘花落叶言子楪世苏兰哲.smali	6048	9af2f78df5c3303f	重启QQ
smali_classes2\飘花落叶言楪世子苏哲兰\飘花落叶言子楪世苏兰哲.smali	6054	1b010e1816564e41141c0e00100e4f0d1c18553b1016090b1f1414472b09163f2001151a1c	https://github.com/Suzhelan/NewQStory
smali_classes2\飘花落叶言楪世子苏哲兰\飘花落叶言子楪世苏兰哲.smali	6060	341c0e00100e84d2f393c0f880f0d18beef5	Github开源地址
smali_classes2\飘花落叶言楪世子苏哲兰\飘花落叶言子楪世苏兰哲.smali	6066	9bfbcd8deafa87f5c793ecd883fbc48bcce29fccd484d5cb49	获取更新日志失败:
smali_classes2\飘花落叶言楪世子苏哲兰\飘花落叶言子楪世苏兰哲.smali	6072	95e2da8efed887f8c3559fd5f689e8e395edd58ef9ec87f8c392f3e083f0cd4e5d5b5a	无更新 当前是最新版本 .. 
smali_classes2\飘花落叶言楪世子苏哲兰\飘花落叶言子楪世苏兰哲.smali	6078	95d6fa8efac987f5c793ecd880c8d086c7d040	检查更新失败:
smali_classes2\飘花落叶言楪世子苏哲兰\飘花落叶言子楪世苏兰哲.smali	6084	1b010e1816564e4102060e0717154f1d060f120d090d0f40071a0a47101c050f0710550c0a1b0f021c141e571309131d1a1a1455	https://qstory.suzhelan.top/update/download?version=
smali_classes2\飘花落叶言楪世子苏哲兰\飘花落叶言子楪世苏兰哲.smali	6090	9bdacd8dece184d0f3213d81c7fd88efe093e5cd82f0ea88e8c19cfed58af6cb96caed	请前往TG频道查看更新日志
smali_classes2\飘花落叶言楪世子苏哲兰\飘花落叶言子楪世苏兰哲.smali	6096	95e9f38ef3dc87f5c793ecd8451a	有新更新 v
smali_classes2\飘花落叶言楪世子苏哲兰\飘花落叶言子楪世苏兰哲.smali	6102	95d6fa8ed0e787f5c793ecd8	检测更新
smali_classes2\飘花落叶言楪世子苏哲兰\飘花落叶言子楪世苏兰哲.smali	6108	95d8d98df9c487cdf393e5cd83f7d588e5c554464b	正在检查更新...
smali_classes2\飘花落叶言楪世子苏哲兰\飘花落叶言子楪世苏兰哲.smali	6114	07580f18010d150b	t-update
smali_classes2\飘花落叶言楪世子苏哲兰\飘花落叶言子楪世苏兰哲.smali	6120	371c080d06180e1c0a2013210b0a0e15011c1d00113804160748	DirectoryUiInfo{rightText=
smali_classes2\飘花落叶言楪世子苏哲兰\飘花落叶言子楪世苏兰哲.smali	6126	5f550f012c0207013f1c091c58	, uiInfoList=
smali_classes2\飘花落叶言楪世子苏哲兰\飘花落叶言子楪世苏兰哲.smali	6132	5f551d1a0a19113901140a18001e2d07000147	, groupWrapperList=
smali_classes2\飘花落叶言楪世子苏哲兰\飘花落叶言子楪世苏兰哲.smali	6138	3a011f0530052800151a010111090c53	ItemUiInfo{item=
smali_classes2\飘花落叶言楪世子苏哲兰\飘花落叶言子楪世苏兰哲.smali	6144	5f550e01151f5c49	, tips='
smali_classes2\飘花落叶言楪世子苏哲兰\飘花落叶言子楪世苏兰哲.smali	6150	3a011f0530052800151a3d1a0a19113901140a18001e1a09011a0f182b0d0c0b4e52	ItemUiInfoGroupWrapper{groupName='
smali_classes2\飘花落叶言楪世子苏哲兰\飘花落叶言子楪世苏兰哲.smali	6156	5f551e011709021a1c07033d2c250f081c39131b1151	, directoryUIInfoList=
smali_classes2\飘花落叶言楪世子苏哲兰\飘花落叶言子楪世苏兰哲.smali	6162	96e3cf8df3d984f8c690ecdd80fad48be2e99ff9f989f7db0d90ecdd80fad48be5c09ff9f989f0f296e4e68df3d984f8c60b9ffed089f7db96e3cf8df4f084f8c690ebf480fad48be5c0	喵喵喵喵喵呜呜喵~喵喵喵呜呜呜喵喵~喵喵喵呜喵呜喵喵
smali_classes2\飘花落叶言楪世子苏哲兰\飘花落叶言子楪世苏兰哲.smali	6168	1d1c19030b0d0c0b	nickname
smali_classes2\飘花落叶言楪世子苏哲兰\飘花落叶言子楪世苏兰哲.smali	6174	1a111f0611051517	identity
smali_classes2\飘花落叶言楪世子苏哲兰\飘花落叶言子楪世苏兰哲.smali	6180	96e3cf8df3d984f8c690ebf480fdfd8be2e99ff9f989f0f20d90ecdd80fad48be5c09ff9f989f7db96e4e68df3d984f8c60b9ffed089f7db96e3cf8df4f084ffef90ecdd80fad48be5c0048df3d984f8c690ecdd80fad48be2e99ff9f989f7db96e4e61680fad48be5c09ffed089f7db96e4e68df3d984f8c690ebf4	喵喵喵呜呜呜呜呜~喵喵喵呜喵呜喵喵~喵喵喵呜呜喵喵喵~喵喵喵喵呜呜喵呜~喵喵喵喵呜喵喵呜
smali_classes2\飘花落叶言楪世子苏哲兰\飘花落叶言子楪世苏兰哲.smali	6186	000515061603132b1d113e091109	sponsorEndDate
smali_classes2\飘花落叶言楪世子苏哲兰\飘花落叶言子楪世苏兰哲.smali	6192	95ffd88fdfce84e2f690f5ea83f9d14695e3ca41	抢红包参数(新)
smali_classes2\飘花落叶言楪世子苏哲兰\飘花落叶言子楪世苏兰哲.smali	6198	11191b0b0e00081d072108070a1c	blacklistTroop
smali_classes2\飘花落叶言楪世子苏哲兰\飘花落叶言子楪世苏兰哲.smali	6204	11191b0b0e00081d07211f1011	blacklistText
smali_classes2\飘花落叶言楪世子苏哲兰\飘花落叶言子楪世苏兰哲.smali	6210	01100a041c38041607	replyText
smali_classes2\飘花落叶言楪世子苏哲兰\飘花落叶言子楪世苏兰哲.smali	6216	01100a041c280402120c	replyDelay
smali_classes2\飘花落叶言楪世子苏哲兰\飘花落叶言子楪世苏兰哲.smali	6222	160d0a0d061820031c00141c	expectAmount
smali_classes2\飘花落叶言楪世子苏哲兰\飘花落叶言子楪世苏兰哲.smali	6228	14071b0a3103001d07	grabToast
smali_classes2\飘花落叶言楪世子苏哲兰\飘花落叶言子楪世苏兰哲.smali	6234	1c071e010b0d1317	ordinary
smali_classes2\飘花落叶言楪世子苏哲兰\飘花落叶言子楪世苏兰哲.smali	6240	160d1904101f081816271f0c2002170b1f1a0a0d16	exclusiveRedEnvelopes
smali_classes2\飘花落叶言楪世子苏哲兰\飘花落叶言子楪世苏兰哲.smali	6246	96e9d2514b5d4f5d469cfaf28dd3e688c6fe92c7f04c86e7fb93e6c480c8cb87d8ed9dfccd88d9e397cffc4882eed88bf4ce9fe7ca88dacb9bdbc48fd8c285d6f391c0f380e3e388e6c5	在9.1.35通过测试 版本太高用不了 点击可以设置一些参数
smali_classes2\飘花落叶言楪世子苏哲兰\飘花落叶言子楪世苏兰哲.smali	6252	9bdacd8cd8d386fadb93ecd882e5e988f9d79dd2c789edeb	请使用新版抢红包
smali_classes2\飘花落叶言楪世子苏哲兰\飘花落叶言子楪世苏兰哲.smali	6258	94fcf28ef9c084d9c19dc5ef83f0fe	版本已过期
smali_classes2\飘花落叶言楪世子苏哲兰\飘花落叶言子楪世苏兰哲.smali	6264	3f3c34373d3c2e3d3631253934	LIN_XPOSED_QQ
smali_classes2\飘花落叶言楪世子苏哲兰\飘花落叶言子楪世苏兰哲.smali	6270	101a174611090f0d161b0e46080303071f100b194b0d08015d040d090900041a5d343327343b00021f100e2b0a0111011d10141c	com.tencent.mobileqq.aio.qwallet.AIOQWalletComponent
smali_classes2\飘花落叶言楪世子苏哲兰\飘花落叶言子楪世苏兰哲.smali	6276	01101e2b0d0d0f001619	redChannel
smali_classes2\飘花落叶言楪世子苏哲兰\飘花落叶言子楪世苏兰哲.smali	6282	0110190d0c1a041c	receiver
smali_classes2\飘花落叶言楪世子苏哲兰\飘花落叶言子楪世苏兰哲.smali	6288	0010140c3a02000316	send_name
smali_classes2\飘花落叶言楪世子苏哲兰\飘花落叶言子楪世苏兰哲.smali	6294	0110191e3a03030416160e	recv_object
smali_classes2\飘花落叶言楪世子苏哲兰\飘花落叶言子楪世苏兰哲.smali	6300	2824291c0a1e18339ad7fc8deafa87e6e390f0f75f	[QStory]领取成功:
smali_classes2\飘花落叶言楪世子苏哲兰\飘花落叶言子楪世苏兰哲.smali	6306	7992c0ca80e0e488fcfa92d7d556	\n红包描述:
smali_classes2\飘花落叶言楪世子苏哲兰\飘花落叶言子楪世苏兰哲.smali	6312	7990f5f98cece086f3f040	\n发送者:
smali_classes2\飘花落叶言楪世子苏哲兰\飘花落叶言子楪世苏兰哲.smali	6318	7993e7cd8debcb89cdd192e9ef56	\n来自群聊:
smali_classes2\飘花落叶言楪世子苏哲兰\飘花落叶言子楪世苏兰哲.smali	6324	14071b0a2d0e2d0114	grabHbLog
smali_classes2\飘花落叶言楪世子苏哲兰\飘花落叶言子楪世苏兰哲.smali	6330	071a0e0909330f1b1e	total_num
smali_classes2\飘花落叶言楪世子苏哲兰\飘花落叶言子楪世苏兰哲.smali	6336	071a0e09093300031c00141c	total_amount
smali_classes2\飘花落叶言楪世子苏哲兰\飘花落叶言子楪世苏兰哲.smali	6342	95fce98dd9ec86d4d190f6ed	打开红包
smali_classes2\飘花落叶言楪世子苏哲兰\飘花落叶言子楪世苏兰哲.smali	6348	14100e3f04000d0b0730160d08090f1a	getWalletElement
smali_classes2\飘花落叶言楪世子苏哲兰\飘花落叶言子楪世苏兰哲.smali	6354	5c31151f0b000e0f175a2b39	/Download/QQ
smali_classes2\飘花落叶言楪世子苏哲兰\飘花落叶言子楪世苏兰哲.smali	6360	5c211f0606090f1a5c242b0e0c0004310110191e4a	/Tencent/QQfile_recv/
smali_classes2\飘花落叶言楪世子苏哲兰\飘花落叶言子楪世苏兰哲.smali	6366	94eed48dece184e1d993eec783e0e087f4f89fc6ff89f1ff96fdca	目前只支持重定向到
smali_classes2\飘花落叶言楪世子苏哲兰\飘花落叶言子楪世苏兰哲.smali	6372	101a174611090f0d161b0e46080303071f100b194b1a071d5d233c3b241f120700011b06113915071f06	com.tencent.mobileqq.vfs.VFSAssistantUtils
smali_classes2\飘花落叶言楪世子苏哲兰\飘花落叶言子楪世苏兰哲.smali	6378	14100e3b2127311c1a031b1c003c001a1b	getSDKPrivatePath
smali_classes2\飘花落叶言楪世子苏哲兰\飘花落叶言子楪世苏兰哲.smali	6384	5c93e6c28dc2df89cedb541c1d18	/未设置.txt
smali_classes2\飘花落叶言楪世子苏哲兰\飘花落叶言子楪世苏兰哲.smali	6390	5c9ddbc083efe48bd7e39cf0db8af7e995d4f246111415	/表情外显文案.txt
smali_classes2\飘花落叶言楪世子苏哲兰\飘花落叶言子楪世苏兰哲.smali	6396	5c9ddbc083efe48bd7e39cf0db8af7e995d4f23e5742151607	/表情外显文案V2.txt
smali_classes2\飘花落叶言楪世子苏哲兰\飘花落叶言子楪世苏兰哲.smali	6402	97c8c58ff1c489e9d990d4f281d5e889e9f193f2ea8afdd495e3fd8ec4e44d88e5f29cc9ed8af7e997cecc8dc8f487facd90e6c05f	使用自定义的随机文案,文案文件存放在:
smali_classes2\飘花落叶言楪世子苏哲兰\飘花落叶言子楪世苏兰哲.smali	6408	537f263480d0e18bd7c19df2e18af7e995e9d68cdde185d2e991c7d782f8c94296d3f88efbf085d6fe91c7d782f8c987c8ed92c6c18af7e995d4f280cadb89e9d99ddbe480c8e68ac8c85639368afada95e3ca8ef2da84e1dc9df9d581d0fb86d5f39df3f38aefe797c8da80e2c684c0e991c3e183fae688d2fd	 \n\\开头的文本不会使用,如果不使用默认文案请自行备份,QS更新时可能会覆盖掉你自定义文案
smali_classes2\飘花落叶言楪世子苏哲兰\飘花落叶言子楪世苏兰哲.smali	6414	1b010e1816564e4100000000000000005d0115184a0d11075c051b064a08081c16160e47151e081812011f4780cae388ede99cf4ec88dbd49bf6c78ee2ee87e6e292e0ec80d3c687f0f4541c1d18	https://suzhelan.top/api/pan/direct/private/如果有人能懂我的忧郁.txt
smali_classes2\飘花落叶言楪世子苏哲兰\飘花落叶言子楪世苏兰哲.smali	6420	9ad7fc8deafa87e6e390f0f7	领取成功
smali_classes2\飘花落叶言楪世子苏哲兰\飘花落叶言子楪世苏兰哲.smali	6426	1b17250c001800071f06	hb_details
smali_classes2\飘花落叶言楪世子苏哲兰\飘花落叶言子楪世苏兰哲.smali	6432	101a174611090f0d161b0e46080303071f100b194b1c034002021b04090915402314032f04180419120c2a1a0a180e4a3c07130f0c0222091a271f19	com.tencent.mobileqq.pb.qwallet.PayGatewayProto$OriginCgiReq
smali_classes2\飘花落叶言楪世子苏哲兰\飘花落叶言子楪世苏兰哲.smali	6438	101a174611090f0d161b0e46080303071f100b194b1c034002021b04090915402314032f04180419120c2a1a0a180e4a3c07130f0c0222091a270918	com.tencent.mobileqq.pb.qwallet.PayGatewayProto$OriginCgiRsp
smali_classes2\飘花落叶言楪世子苏哲兰\飘花落叶言子楪世苏兰哲.smali	6444	101a174611090f1e120c541b01074f001601540f04180419120c5439320d0d0216013d091109160f0a261f1a1300041a	com.tenpay.sdk.net.gateway.QWalletGatewayServlet
smali_classes2\飘花落叶言楪世子苏哲兰\飘花落叶言子楪世苏兰哲.smali	6450	0010140c3709101b16060e	sendRequest
smali_classes2\飘花落叶言楪世子苏哲兰\飘花落叶言子楪世苏兰哲.smali	6456	07070a0b4b1d1006115b1b0b0609121d5d38150a0c00042611361d01	trpc.qqhb.access.MobileHbCgi
smali_classes2\飘花落叶言楪世子苏哲兰\飘花落叶言子楪世苏兰哲.smali	6462	3b373e0d110d0802301213	HBDetailCgi
smali_classes2\飘花落叶言楪世子苏哲兰\飘花落叶言子楪世苏兰哲.smali	6468	1b010e1816564e411e040b4611090f1e120c540b0a014e0d141c570a0c024e061c1b1d0a04034e1f031403370d0e3e00122a1e0d110d08025d161d015a	https://mqq.tenpay.com/cgi-bin/hongbao/qpay_hb_na_detail.cgi?
smali_classes2\飘花落叶言楪世子苏哲兰\飘花落叶言子楪世苏兰哲.smali	6474	02051b113a0403311d14250c001800071f	qpay_hb_na_detail
smali_classes2\飘花落叶言楪世子苏哲兰\飘花落叶言子楪世苏兰哲.smali	6480	1c1b291d060f041d00	onSuccess
smali_classes2\飘花落叶言楪世子苏哲兰\飘花落叶言子楪世苏兰哲.smali	6486	101a174611090f1e120c541b01074f0c12061f0a0942250b100c0e2a000d0f	com.tenpay.sdk.basebl.DecytBean
smali_classes2\飘花落叶言楪世子苏哲兰\飘花落叶言子楪世苏兰哲.smali	6492	551612090b020402	&channel
smali_classes2\飘花落叶言楪世子苏哲兰\飘花落叶言子楪世苏兰哲.smali	6498	55120807101c080a	&groupid
smali_classes2\飘花落叶言楪世子苏哲兰\飘花落叶言子楪世苏兰哲.smali	6504	55120807101c15170310	&grouptype
smali_classes2\飘花落叶言楪世子苏哲兰\飘花落叶言子楪世苏兰哲.smali	6510	55120807101c14071d	&groupuin
smali_classes2\飘花落叶言楪世子苏哲兰\飘花落叶言子楪世苏兰哲.smali	6516	55051b113a0a0d0f14	&pay_flag
smali_classes2\飘花落叶言楪世子苏哲兰\飘花落叶言子楪世苏兰哲.smali	6522	55140f1c0d070417	&authkey
smali_classes2\飘花落叶言楪世子苏哲兰\飘花落叶言子楪世苏兰哲.smali	6528	55061f060109131b1a1b	&senderuin
smali_classes2\飘花落叶言楪世子苏哲兰\飘花落叶言子楪世苏兰哲.smali	6534	550108090b1f3e1d1604	&trans_seq
smali_classes2\飘花落叶言楪世子苏哲兰\飘花落叶言子楪世苏兰哲.smali	6540	551d1837031e0e03	&hb_from
smali_classes2\飘花落叶言楪世子苏哲兰\飘花落叶言子楪世苏兰哲.smali	6546	101a174611090f1e120c541b01074f0c12061f0a0942240010070318113e041f0610091c41290f0d010c0a1c	com.tenpay.sdk.basebl.EncryptRequest$Encrypt
smali_classes2\飘花落叶言楪世子苏哲兰\飘花落叶言子楪世苏兰哲.smali	6552	101a174611090f0d161b0e46080303071f100b194b1d160f1f191f1c4b094f1e	com.tencent.mobileqq.qwallet.e.p
smali_classes2\飘花落叶言楪世子苏哲兰\飘花落叶言子楪世苏兰哲.smali	6558	2824291c0a1e183395e9d081e5ee88ebfe93d7cc343d86e7fb93e6c483e6c389c9d79fe4e0	[QStory]未适配此QQ版本抢红包
smali_classes2\飘花落叶言楪世子苏哲兰\飘花落叶言子楪世苏兰哲.smali	6564	101a174611090f0d161b0e46080303071f100b194b1d160f1f191f1c4b094f01	com.tencent.mobileqq.qwallet.e.o
smali_classes2\飘花落叶言楪世子苏哲兰\飘花落叶言子楪世苏兰哲.smali	6570	97c8da8fffe889d4d891c1d583f1e287eae59cffc58ad2fb97c8c58ff1c487c3d790f0f78defdc	你的身份权限无法使用此功能
smali_classes2\飘花落叶言楪世子苏哲兰\飘花落叶言子楪世苏兰哲.smali	6576	95d8de8deff389edce90e6c083fad189e9f12b3982e5e988efd99ed0c889d6dc9bd7d18dd9ef86fadb9ac6e48dc3d68aceca9dfccd3d3086f4df9fd0c38bfbea96f8f08dd4e34e8bf6dd9fd9ea89ddee96f0c9	此功能在新的QQ版本中已被弃用，请使用QQ自带的半屏/全屏开关
smali_classes2\飘花落叶言楪世子苏哲兰\飘花落叶言子楪世苏兰哲.smali	6582	101a174611090f0d161b0e46080303071f100b194b0d08015d0612071718021b01011809174220273c2612071718021b07371b1a3321450d	com.tencent.mobileqq.aio.shortcurtbar.AIOShortcutBarVM$c
smali_classes2\飘花落叶言楪世子苏哲兰\飘花落叶言子楪世苏兰哲.smali	6588	101a174611090f0d161b0e460c02111b075b180916094f1e121b1f0406030f1a121c140d1742094a1f	com.tencent.input.base.panelcontainer.h$l
smali_classes2\飘花落叶言楪世子苏哲兰\飘花落叶言子楪世苏兰哲.smali	6594	160d0a0d17050c0b1d013d1a0a19112717	experimentGroupId
smali_classes2\飘花落叶言楪世子苏哲兰\飘花落叶言子楪世苏兰哲.smali	6600	101a174611090f0d161b0e46080303071f100b194b0d08015d140a014b050c1e1f5b2b39310d032f031c341c2c011102	com.tencent.mobileqq.aio.api.impl.QQTabApiNtImpl
smali_classes2\飘花落叶言楪世子苏哲兰\飘花落叶言子楪世苏兰哲.smali	6606	2224343c3a38202c322533	QQNT_TABAPI
smali_classes2\飘花落叶言楪世子苏哲兰\飘花落叶言子楪世苏兰哲.smali	6612	101a174611090f0d161b0e46080303071f100b194b0d08015d140a014b050c1e1f5b2b39310d032f031c33051500	com.tencent.mobileqq.aio.api.impl.QQTabApiImpl
smali_classes2\飘花落叶言楪世子苏哲兰\飘花落叶言子楪世苏兰哲.smali	6618	2224253c242e203e3a	QQ_TABAPI
smali_classes2\飘花落叶言楪世子苏哲兰\飘花落叶言子楪世苏兰哲.smali	6624	160d0a37343d3e0f1a1a25180d0315012c1612070a1f043131	exp_QQ_aio_photo_choose_B
smali_classes2\飘花落叶言楪世子苏哲兰\飘花落叶言子楪世苏兰哲.smali	6630	323c353b0d03131a10000e2a041e3723	AIOShortcutBarVM
smali_classes2\飘花落叶言楪世子苏哲兰\飘花落叶言子楪世苏兰哲.smali	6636	0010140c281f062c071b	sendMsgBtn
smali_classes2\飘花落叶言楪世子苏哲兰\飘花落叶言子楪世苏兰哲.smali	6642	41464d5e525f595b4a43	2376738596
smali_classes2\飘花落叶言楪世子苏哲兰\飘花落叶言子楪世苏兰哲.smali	6648	94cbde8fdee885d3fe91c0e682f5dc8be3f89fe5f04c87f9d393c9fd80f0c986dcd09dd6c18bdaea9bcae180c4e089e7cd92f3d180e9c98acee6	群组位于白名单 无法在该群组进行艾特全体
smali_classes2\飘花落叶言楪世子苏哲兰\飘花落叶言子楪世苏兰哲.smali	6654	96c2c88eebfe88f7d79dd5cd83dae988f2da5a8edefd84e4db90cbe780d5f48ac8d093efe88af7de95cdc88efaff37071602	已排除该消息 滑动屏幕以重新渲染View
smali_classes2\飘花落叶言楪世子苏哲兰\飘花落叶言子楪世苏兰哲.smali	6660	9aedc18ec8ce84d2f190c2d082f6e587d8ed9fe0e384dfc694fbfd2f2c2a84e4d39dc7d580c3dd86f4c19df2e189eccf96c4f5	阻止异常的高分辨率GIF加载导致的卡屏
smali_classes2\飘花落叶言楪世子苏哲兰\飘花落叶言子楪世苏兰哲.smali	6666	1b010e185f434e1f5d04160702034f0d1d5a120d04080803142a1e045a08121a2c00130658	http://q.qlogo.cn/headimg_dl?dst_uin=
smali_classes2\飘花落叶言楪世子苏哲兰\飘花落叶言子楪世苏兰哲.smali	6672	55060a0d0651575a435313050233151703104702150b	&spec=640&img_type=jpg
smali_classes2\飘花落叶言楪世子苏哲兰\飘花落叶言子楪世苏兰哲.smali	6678	96faeb81e5ed89eef64f	发送者:
smali_classes2\飘花落叶言楪世子苏哲兰\飘花落叶言子楪世苏兰哲.smali	6684	97cdf78de3e186d5c793f0cc453d308bc4c792efcf89d9c8	不再维护 QQ已自带
smali_classes2\飘花落叶言楪世子苏哲兰\飘花落叶言子楪世苏兰哲.smali	6690	031c19200005060607	picHeight
smali_classes2\飘花落叶言楪世子苏哲兰\飘花落叶言子楪世苏兰哲.smali	6696	031c193f0c081506	picWidth
smali_classes2\飘花落叶言楪世子苏哲兰\飘花落叶言子楪世苏兰哲.smali	6702	101a174611090f0d161b0e46080303071f100b194b0d021a1a03131c1c42101f00100e1c0c020603165b0f1c0c00124012	com.tencent.mobileqq.activity.qqsettingme.utils.a
smali_classes2\飘花落叶言楪世子苏哲兰\飘花落叶言子楪世苏兰哲.smali	6708	1c1b290d0b1f0e1c301d1b06020905	onSensorChanged
smali_classes2\飘花落叶言楪世子苏哲兰\飘花落叶言子楪世苏兰哲.smali	6714	1f1a1b0c2600001d00	loadClass
smali_classes2\飘花落叶言楪世子苏哲兰\飘花落叶言子楪世苏兰哲.smali	6720	94f7c38de2d784e1dc91c1cd8dc2df89cedb9ed0e588dbf596faf88ef0dc4187f3f793ede8554f5e5d4d9fe7ef88dacb97cdf18fffe8303f3d219de1ed8afdc2	点击可以设置一些参数 适配9.0.8及以下的QQNT版本
smali_classes2\飘花落叶言楪世子苏哲兰\飘花落叶言子楪世苏兰哲.smali	6726	14071b0a3709052b1d031f040a1c04	grabRedEnvelope
smali_classes2\飘花落叶言楪世子苏哲兰\飘花落叶言子楪世苏兰哲.smali	6732	0314091b1203130a21101e2d0b1a04021c051f	passwordRedEnvelope
smali_classes2\飘花落叶言楪世子苏哲兰\飘花落叶言子楪世苏兰哲.smali	6738	94cfd88de9e987f3d69dfdc25f	红包来自:
smali_classes2\飘花落叶言楪世子苏哲兰\飘花落叶言子楪世苏兰哲.smali	6744	9bdacd8cd8d386fadb93ecd882f6e589c9d79fe4e089ebf19bf6c74883c1c58bf9ea92ebd889d6dc9bd7d18dd9ef86fadb	请使用新的红包功能 此功能已被弃用
smali_classes2\飘花落叶言楪世子苏哲兰\飘花落叶言子楪世苏兰哲.smali	6750	5b371b060b09134797cbf18dc3ee8ed2e9474a5a514353414690f5df80dbc78bfcc695d4e93d3089e9f19dc4ee84c9ee94d9f180cac14142539cc4f180d5d58beed39df1d884ceda	(Banner)例如：2024/2/5号左右，QQ的笋言笋语 , 龙年坦白说
smali_classes2\飘花落叶言楪世子苏哲兰\飘花落叶言子楪世苏兰哲.smali	6756	101a174611090f0d161b0e46080303071f100b194b0d08015d02130c0209154032031b1c041e22011d011b010b0913	com.tencent.mobileqq.aio.widget.AvatarContainer
smali_classes2\飘花落叶言楪世子苏哲兰\飘花落叶言子楪世苏兰哲.smali	6762	101a174611090f0d161b0e46080303071f100b194b0d08015d18090f0905121a5d1d150401091340101a17180a020400075b1b1e0418001c5d343327241a001a120739070b1804000736150515030f0b1d01	com.tencent.mobileqq.aio.msglist.holder.component.avatar.AIOAvatarContentComponent
smali_classes2\飘花落叶言楪世子苏哲兰\飘花落叶言子楪世苏兰哲.smali	6768	101a174611090f0d161b0e46080303071f100b194b0d08015d02130c02091540301a17050a02280312121f3e0c0916	com.tencent.mobileqq.aio.widget.CommonImageView
smali_classes2\飘花落叶言楪世子苏哲兰\飘花落叶言子楪世苏兰哲.smali	6774	95ebd58ec5fd86d5fb93e6e180f7ff88ebd09cffc04c87fbf691c0d28cf6df8be8eb93eac689d8da94d2f1	枯树终有回春日 故人难回那年秋
smali_classes2\飘花落叶言楪世子苏哲兰\飘花落叶言子楪世苏兰哲.smali	6780	1c1b2d010b080e19351a191d162f090f1d121f0c	onWindowFocusChanged
smali_classes2\飘花落叶言楪世子苏哲兰\飘花落叶言子楪世苏兰哲.smali	6786	1c1b3e0d161813010a	onDestroy
smali_classes2\飘花落叶言楪世子苏哲兰\飘花落叶言子楪世苏兰哲.smali	6792	95f6c980c3ed86fbea91c7e78cf7cb86f9c45a8deac384f2db93f4e480d3e287f4f95a8deac685d2e990f6fe82f6e588e8c19fd7ce	想要留住雪花 可在掌心里 只会化的更快
smali_classes2\飘花落叶言楪世子苏哲兰\飘花落叶言子楪世苏兰哲.smali	6798	4145485c83fad18bcac19dd2cf89dedb535d9df4ee84d4d995e8df8ed7cd85d5f391c3e082f8c9	2024新年纪念 (看起来没什么用
smali_classes2\飘花落叶言楪世子苏哲兰\飘花落叶言子楪世苏兰哲.smali	6804	96f0f38fe0cb85d4dd91c0ee81d4f789e6f95a80e5e085d3d392ffcf81d6cf8ac9f39ce0f44c87f7c793e6ff82f6e58aced59ce6cd84def297cffc8eecec87f2fa91c3e481d6f0	光照亮了世界 而你照亮了我 晴朗的你推远了所有乌云
smali_classes2\飘花落叶言楪世子苏哲兰\飘花落叶言子楪世苏兰哲.smali	6810	95daf58dc1c589e9d990f0c082eed886c6eb9dc1df85f6da5f5e4a465089c5c795fdea81f0d384eecf	每天自动点赞空间,+0.5天成长值
smali_classes2\飘花落叶言楪世子苏哲兰\飘花落叶言子楪世苏兰哲.smali	6816	1b010e1816564e411b4054191f030f0b5d040b4606030c41030715101c4305011e1413064a1b4f1f091a140d4b1d1040101a1747060b0843111c144709050a0b005a1306110913001219250c0a000805162a1b1815530631071e47	https://h5.qzone.qq.com/proxy/domain/w.qzone.qq.com/cgi-bin/likes/internal_dolike_app?g_tk=
smali_classes2\飘花落叶言楪世子苏哲兰\飘花落叶言子楪世苏兰哲.smali	6822	1c0508371115110b	opr_type
smali_classes2\飘花落叶言楪世子苏哲兰\飘花落叶言子楪世苏兰哲.smali	6828	0300080d0f1f0e00	purejson
smali_classes2\飘花落叶言楪世子苏哲兰\飘花落叶言子楪世苏兰哲.smali	6834	1b010e1816564e411b4054191f030f0b5d040b4606030c4104101809151c4e04001a1447081d1b011d10250e0009051d5c121f1c240f150705103c0d00081251142a0e0358	https://h5.qzone.qq.com/webapp/json/mqzone_feeds/getActiveFeeds?g_tk=
smali_classes2\飘花落叶言楪世子苏哲兰\飘花落叶言子楪世苏兰哲.smali	6840	011009371115110b	res_type
smali_classes2\飘花落叶言楪世子苏哲兰\飘花落叶言子楪世苏兰哲.smali	6846	01101c1a001f0931070c0a0d	refresh_type
smali_classes2\飘花落叶言楪世子苏哲兰\飘花落叶言子楪世苏兰哲.smali	6852	94dcc081f2d884e6e49ddbc081d4db5e	空间列表为0
smali_classes2\飘花落叶言楪世子苏哲兰\飘花落叶言子楪世苏兰哲.smali	6858	1c071d040c070405160c	orglikekey
smali_classes2\飘花落叶言楪世子苏哲兰\飘花落叶言子楪世苏兰哲.smali	6864	100008040c070405160c	curlikekey
smali_classes2\飘花落叶言楪世子苏哲兰\飘花落叶言子楪世苏兰哲.smali	6870	9bfbcd8deafa303f94dcc081f2d884e6e49ddbc080c8d086c7d040	获取QQ空间列表失败:
smali_classes2\飘花落叶言楪世子苏哲兰\飘花落叶言子楪世苏兰哲.smali	6876	0a0c031148212c431711	yyyy-MM-dd
smali_classes2\飘花落叶言楪世子苏哲兰\飘花落叶言子楪世苏兰哲.smali	6882	1f14091c3a000805162a1e091109	last_like_date
smali_classes2\飘花落叶言楪世子苏哲兰\飘花落叶言子楪世苏兰哲.smali	6888	32000e0736090f0a222f350600	AutoSendQZOne
smali_classes2\飘花落叶言楪世子苏哲兰\飘花落叶言子楪世苏兰哲.smali	6894	96dbe08ef2da85d5c890f0c980d0e38bcbcd	定时任务异常
smali_classes2\飘花落叶言楪世子苏哲兰\飘花落叶言子楪世苏兰哲.smali	6900	95daf58dc1c589e9d990f0c080e3f03f2292d3d28cfbd5425845545d80c8c888fbe593fdda89e1d25f92f8d180ebda8bfcda92d7fe84c0e295fcf18defc484e1e29cfae983d9ea86dce0	每天自动发QQ空间,+0.5天成长值,点击可进行手动发送测试
smali_classes2\飘花落叶言楪世子苏哲兰\飘花落叶言子楪世苏兰哲.smali	6906	95d8d98df9c484e1e29cfae9343d86c7c99ceddc	正在发送QQ空间
smali_classes2\飘花落叶言楪世子苏哲兰\飘花落叶言子楪世苏兰哲.smali	6912	1b010e1816564e4106061f1a4b1d1b011d105419144202011e5a0a1a0a141841171a17090c024e1a121a0e090a4210141c1b1f46141d4f0d1c18550b02054c0c1a1b550d080315071c1b250b02053e1e0617160116043e18454a1d3711075c	https://user.qzone.qq.com/proxy/domain/taotao.qzone.qq.com/cgi-bin/emotion_cgi_publish_v6?g_tk=
smali_classes2\飘花落叶言楪世子苏哲兰\飘花落叶言子楪世苏兰哲.smali	6918	000c1437111b040b072a0c0d171f0e00	syn_tweet_verson
smali_classes2\飘花落叶言楪世子苏哲兰\飘花落叶言子楪世苏兰哲.smali	6924	03140809081f151c	paramstr
smali_classes2\飘花落叶言楪世子苏哲兰\飘花落叶言子楪世苏兰哲.smali	6930	031c193711090c1e1f140e0d	pic_template
smali_classes2\飘花落叶言楪世子苏哲兰\飘花落叶言子楪世苏兰哲.smali	6936	011c19001115110b	richtype
smali_classes2\飘花落叶言楪世子苏哲兰\飘花落叶言子楪世苏兰哲.smali	6942	00051f0b0c0d0d31060716	special_url
smali_classes2\飘花落叶言楪世子苏哲兰\飘花落叶言子楪世苏兰哲.smali	6948	0000181a0c0f091a0a051f	subrichtype
smali_classes2\飘花落叶言楪世子苏哲兰\飘花落叶言子楪世苏兰哲.smali	6954	15101f0c1309131d1a1a14	feedversion
smali_classes2\飘花落叶言楪世子苏哲兰\飘花落叶言子楪世苏兰哲.smali	6960	061219371705060607	ugc_right
smali_classes2\飘花落叶言楪世子苏哲兰\飘花落叶言子楪世苏兰哲.smali	6966	101a1e0d3a1a041c001c1506	code_version
smali_classes2\飘花落叶言楪世子苏哲兰\飘花落叶言子楪世苏兰哲.smali	6972	020f080d0309131c1607	qzreferrer
smali_classes2\飘花落叶言楪世子苏哲兰\飘花落叶言子楪世苏兰哲.smali	6978	1b010e1816564e4106061f1a4b1d1b011d105419144202011e5a	https://user.qzone.qq.com/
smali_classes2\飘花落叶言楪世子苏哲兰\飘花落叶言子楪世苏兰哲.smali	6984	1f14091c3a1f0400172a1e091109	last_send_date
smali_classes2\飘花落叶言楪世子苏哲兰\飘花落叶言子楪世苏兰哲.smali	6990	22260e07171587c1fc93edcd83e5f28bfed440	QStory每日打卡:
smali_classes2\飘花落叶言楪世子苏哲兰\飘花落叶言子楪世苏兰哲.smali	6996	96faeb81e5ed87e6e390f0f7	发送成功
smali_classes2\飘花落叶言楪世子苏哲兰\飘花落叶言子楪世苏兰哲.smali	7002	96faeb81e5ed303f94dcc081f2d884d2f190c2d0	发送QQ空间异常
smali_classes2\飘花落叶言楪世子苏哲兰\飘花落叶言子楪世苏兰哲.smali	7008	96faeb81e5ed303f94dcc081f2d884d2f190c2d05f	发送QQ空间异常:
smali_classes2\飘花落叶言楪世子苏哲兰\飘花落叶言子楪世苏兰哲.smali	7014	95fcf18defc484e1e29cfae98dd3fa86d2f99cddee84cefb	手动发送进行测试
smali_classes2\飘花落叶言楪世子苏哲兰\飘花落叶言子楪世苏兰哲.smali	7020	94f7c38de2d784e1e29cfae980fcef8acfef9dc3ee89e9d596faeb81e5ed85d6f393e7c9343d86c7c99ceddc8dd3fa86d2f99cddee84cefb5f91c2e680e9d78ac8e39dc1df85f6da96ffe580e6d187f2fa9dfbfc80e6c986c3f692c7f085e4e396e5f28ee5cb	点击发送后会立刻发送一条QQ空间进行测试,与其他空间功能有联动调试配合性
smali_classes2\飘花落叶言楪世子苏哲兰\飘花落叶言子楪世苏兰哲.smali	7026	97ceff80e2c684d9c290f5c78dcbe0	仅自己可见
smali_classes2\飘花落叶言楪世子苏哲兰\飘花落叶言子楪世苏兰哲.smali	7032	15071b0500290d0b1e10141c4b0f00021f171b0b0e44	frameElement.callback(
smali_classes2\飘花落叶言楪世子苏哲兰\飘花落叶言子楪世苏兰哲.smali	7038	95e9d08eecd284e6c35519090900030f101e5a8de2d187fbc3	未找到 callback 函数
smali_classes2\飘花落叶言楪世子苏哲兰\飘花落叶言子楪世苏兰哲.smali	7044	1b010e1816564e4106061f1a4b1d1b011d105419144202011e5a0a1a0a141841171a17090c024e1a121a0e090a4210141c1b1f46141d4f0d1c18550b02054c0c1a1b550d080315071c1b250b02053e0a16191f1c003317584c12251c0e51	https://user.qzone.qq.com/proxy/domain/taotao.qzone.qq.com/cgi-bin/emotion_cgi_delete_v6?g_tk=
smali_classes2\飘花落叶言楪世子苏哲兰\飘花落叶言子楪世苏兰哲.smali	7050	0744251b0a19130d16	t1_source
smali_classes2\飘花落叶言楪世子苏哲兰\飘花落叶言子楪世苏兰哲.smali	7056	9af0f78df5e489e9d990f0c080e3f087f3f42b3982c5db87e4c19ed5da8bf5c65f90f5f98dcdc989dacf93ffd189f1e09bf2d08defc484e6d39ce3cc8debcb8bc4c49fe7f489d9ed94effe8fccd688f9c7	配合自动发送QQ空间使用,发表空间后自动删除自己发布的空间
smali_classes2\飘花落叶言楪世子苏哲兰\飘花落叶言子楪世苏兰哲.smali	7062	5c242b8fccd688f9c793ecef83cde940070d0e	/QQ空间文案.txt
smali_classes2\飘花落叶言楪世子苏哲兰\飘花落叶言子楪世苏兰哲.smali	7068	5c242b8fccd688f9c793ecef83cde938415b0e1011	/QQ空间文案V2.txt
smali_classes2\飘花落叶言楪世子苏哲兰\飘花落叶言子楪世苏兰哲.smali	7074	5c242b8fccd688f9c793ecef83cde938405b0e1011	/QQ空间文案V3.txt
smali_classes2\飘花落叶言楪世子苏哲兰\飘花落叶言子楪世苏兰哲.smali	7080	94dcc081f2d887e7e090f7c9	空间打卡
smali_classes2\飘花落叶言楪世子苏哲兰\飘花落叶言子楪世苏兰哲.smali	7086	22260e07171584e1e29cfae982c5db87e4c19ed5da8bf5c69bf2d08dcbf685d7fa92e0ec83fae688d2fd9feee089cfd75f93ecef83cde988e5f29ed3d389ccf695e1c48df9c45b	QStory发送空间使用自定义的文案内容,文案文件存放在:
smali_classes2\飘花落叶言楪世子苏哲兰\飘花落叶言子楪世苏兰哲.smali	7092	96c9fa8df5c384fefd24291c0a1e188bddef9cffd389eeff9af5fb8fffe886c7c99ceddc80dce78bf6d99fd4e589eec19bd2fb448ce9ed88f0f09fd4e589f1c1	开启后QStory定时发送的空间将公开可见,酌情开启
smali_classes2\飘花落叶言楪世子苏哲兰\飘花落叶言子楪世苏兰哲.smali	7098	32000e07221e0e1b0336120d06072800	AutoGroupCheckIn
smali_classes2\飘花落叶言楪世子苏哲兰\飘花落叶言子楪世苏兰哲.smali	7104	94f7c38de2d784e1dc91c1cd8ce9ec89cedb9fd4e589f1c194effe8fdbc889eff9599fc6ff8af6d896ccc58ef7c184c0ed92f4d84988d9e096fadc8cddec85d6d993f3fb80e1c08acbf89feed78bcbef	点击可以配置开启的群聊,定时广播实现,与另一个打卡不冲突
smali_classes2\飘花落叶言楪世子苏哲兰\飘花落叶言子楪世苏兰哲.smali	7110	27071507153908003f1c091c	TroopUinList
smali_classes2\飘花落叶言楪世子苏哲兰\飘花落叶言子楪世苏兰哲.smali	7116	96c2c88cdaf184c3eb55	已保存 
smali_classes2\飘花落叶言楪世子苏哲兰\飘花落叶言子楪世苏兰哲.smali	7122	5391c2c282d2c586f2ff	 个群聊
smali_classes2\飘花落叶言楪世子苏哲兰\飘花落叶言子楪世苏兰哲.smali	7128	94cbde8eecff84e3d290ded98dd8c45453	群打卡失败: 
smali_classes2\飘花落叶言楪世子苏哲兰\飘花落叶言子楪世苏兰哲.smali	7134	373433243c33222636363137242f35273c3b	DAILY_CHECK_ACTION
smali_classes2\飘花落叶言楪世子苏哲兰\飘花落叶言子楪世苏兰哲.smali	7140	301d1f0b0e09053a011a151816380e0a120c	CheckedTroopsToday
smali_classes2\飘花落叶言楪世子苏哲兰\飘花落叶言子楪世苏兰哲.smali	7146	97cef08ef2c987f2d993f3fb80e1c089e9f19dd6c184e0e497c9e08fcee784e6c893f3fb80e1c0	今日未打卡的群聊会立刻打卡
smali_classes2\飘花落叶言楪世子苏哲兰\飘花落叶言子楪世苏兰哲.smali	7152	32000e07221e0e1b0336120d06072800301a17050a02	AutoGroupCheckInCommon
smali_classes2\飘花落叶言楪世子苏哲兰\飘花落叶言子楪世苏兰哲.smali	7158	94f7c38de2d784e1dc91c1cd8ce9ec89cedb9fd4e589f1c194effe8fdbc889eff9599fcee78afff296e9d2514b5d4f5d469ce3ec8dd3f089e9f19de1ed8afdc25f90f5c781d7c48aceca9dfccd8accca95fce98de8cd	点击可以配置开启的群聊,如果在9.1.35附近的版本,可以使用此打卡
smali_classes2\飘花落叶言楪世子苏哲兰\飘花落叶言子楪世苏兰哲.smali	7164	32000e07221e0e1b0336120d06072800230715	AutoGroupCheckInPro
smali_classes2\飘花落叶言楪世子苏哲兰\飘花落叶言子楪世苏兰哲.smali	7170	94f7c38de2d784e1dc91c1cd8ce9ec89cedb9fd4e589f1c194effe8fdbc889eff9599cffd385f6da9bc8d480cace84c0ed92f4d84988ddf496d1dd8ddce984cced90f0c883e5f28bfed49ddadb89dbc896e7f681e5f384d4d5	点击可以配置开启的群聊,时间轮询实现,会大幅增加打卡精度和速度
smali_classes2\飘花落叶言楪世子苏哲兰\飘花落叶言子楪世苏兰哲.smali	7176	0a0c03112821050a	yyyyMMdd
smali_classes2\飘花落叶言楪世子苏哲兰\飘花落叶言子楪世苏兰哲.smali	7182	3f14091c2604040d18311b1c00	LastCheckDate
smali_classes2\飘花落叶言楪世子苏哲兰\飘花落叶言子楪世苏兰哲.smali	7188	95daf58ef2c986d0d793f3fb80e1c0	每日群打卡
smali_classes2\飘花落叶言楪世子苏哲兰\飘花落叶言子楪世苏兰哲.smali	7194	321117010b2f000d1b1025	AdminCache_
smali_classes2\飘花落叶言楪世子苏哲兰\飘花落叶言子楪世苏兰哲.smali	7200	27071507152d05031a1b2f1c0c0012	TroopAdminUtils
smali_classes2\飘花落叶言楪世子苏哲兰\飘花落叶言子楪世苏兰哲.smali	7206	0707150715190800	troopuin
smali_classes2\飘花落叶言楪世子苏哲兰\飘花落叶言子楪世苏兰哲.smali	7212	1a06351f0b09132101341e050c02	isOwnerOrAdmin
smali_classes2\飘花落叶言楪世子苏哲兰\飘花落叶言子楪世苏兰哲.smali	7218	101a174611090f0d161b0e46141d0f1a5d0108070a1c0c0b1e171f1a0905121a5d3c2e1a0a0311231618180d1729191a3a1b1c0737091101320513	com.tencent.qqnt.troopmemberlist.ITroopMemberExtInfoRepoApi
smali_classes2\飘花落叶言楪世子苏哲兰\飘花落叶言子楪世苏兰哲.smali	7224	15100e0b0d3813011c053b0c08050f	fetchTroopAdmin
smali_classes2\飘花落叶言楪世子苏哲兰\飘花落叶言子楪世苏兰哲.smali	7230	14100e29010108003f1c091c	getAdminList
smali_classes2\飘花落叶言楪世子苏哲兰\飘花落叶言子楪世苏兰哲.smali	7236	070715071502000316	troopname
smali_classes2\飘花落叶言楪世子苏哲兰\飘花落叶言子楪世苏兰哲.smali	7242	070715071523160016072f0101	troopOwnerUid
smali_classes2\飘花落叶言楪世子苏哲兰\飘花落叶言子楪世苏兰哲.smali	7248	321117010b05121a01140e0717	Administrator
smali_classes2\飘花落叶言楪世子苏哲兰\飘花落叶言子楪世苏兰哲.smali	7254	070715071503160016070f010b	troopowneruin
smali_classes2\飘花落叶言楪世子苏哲兰\飘花落叶言子楪世苏兰哲.smali	7260	14100e3c17030e1e3a1b1c07231e0e033014190000	getTroopInfoFromCache
smali_classes2\飘花落叶言楪世子苏哲兰\飘花落叶言子楪世苏兰哲.smali	7266	12050a040c0f001a1a1a14470f1f0e0048551900041e120b07482f3c234159	application/json; charset=UTF-8
smali_classes2\飘花落叶言楪世子苏哲兰\飘花落叶言子楪世苏兰哲.smali	7272	9bdacd8ed4ee87e6e390f0f78ad0fb4b007f280d1419041d0737150c1c56441d79271f1b15030f1d1637150c1c56441d79	请求成功：%s\nRequestBody:%s\nResponseBody:%s\n
smali_classes2\飘花落叶言楪世子苏哲兰\飘花落叶言子楪世苏兰哲.smali	7278	1f1a190911050e00	location
smali_classes2\飘花落叶言楪世子苏哲兰\飘花落叶言子楪世苏兰哲.smali	7284	1b010e1816564e411e0c13184b051107035b140d11430b1d1c1b	https://myip.ipip.net/json
smali_classes2\飘花落叶言楪世子苏哲兰\飘花落叶言子楪世苏兰哲.smali	7290	9bd2d98dcaea84cac29dcecd8ad0fb88e6c59ce5cb8ac1cf9adff68ef9c688eee99dc5ef5f	解密失败：数据校验未通过:
smali_classes2\飘花落叶言楪世子苏哲兰\飘花落叶言子楪世苏兰哲.smali	7296	96e3cf8df3d984ffef90ebf480fad48be5c09ffed089f7db0d90ecdd80fad48be2e99ff9f989f0f296e4e68df3d984ffef0b9ffed089f7db96e4e68df4f084ffef90ebf480fdfd8be2e9048df3d984f8c690ebf480fad48be2e99ffed089f0f296e4e61680fad48be5c09ff9f989f7db96e4e68df4f084ffef90ecdd1b89f7db96e3cf8df4f084ffef90ecdd80fad48be2e99ff9f9	喵喵呜呜喵喵喵喵~喵喵呜呜呜呜喵呜~喵喵呜呜呜呜呜呜~喵喵呜喵呜喵呜呜~喵喵呜喵呜呜呜喵~喵喵呜呜喵喵呜呜
smali_classes2\飘花落叶言楪世子苏哲兰\飘花落叶言子楪世苏兰哲.smali	7302	011009180a02120b	response
smali_classes2\飘花落叶言楪世子苏哲兰\飘花落叶言子楪世苏兰哲.smali	7308	96fbfc8deade87f5c793ecd883fbc48bcce2	历史更新日志
smali_classes2\飘花落叶言楪世子苏哲兰\飘花落叶言子楪世苏兰哲.smali	7314	96ffda80d8d185d6de	加载中
smali_classes2\飘花落叶言楪世子苏哲兰\飘花落叶言子楪世苏兰哲.smali	7320	06051e0911092800151a36011618	updateInfoList
smali_classes2\飘花落叶言楪世子苏哲兰\飘花落叶言子楪世苏兰哲.smali	7326	0a0c031180d5d5233e93e6e0010887f9d65532205f010c	yyyy年MM月dd日 HH:mm
smali_classes2\飘花落叶言楪世子苏哲兰\飘花落叶言子楪世苏兰哲.smali	7332	7958574548414c435e58574548414c4379	\n---------------\n
smali_classes2\飘花落叶言楪世子苏哲兰\飘花落叶言子楪世苏兰哲.smali	7338	301d1f0b0e220e1a1a161f	CheckNotice
smali_classes2\飘花落叶言楪世子苏哲兰\飘花落叶言子楪世苏兰哲.smali	7344	1f14091c2b0315071010	lastNotice
smali_classes2\飘花落叶言楪世子苏哲兰\飘花落叶言子楪世苏兰哲.smali	7350	95e9f38ef3dc84ebdf90ebe2	有新公告
smali_classes2\飘花落叶言楪世子苏哲兰\飘花落叶言子楪世苏兰哲.smali	7356	95eadf8ff9e784e0f590f5da80e9cd8be2ff	查看历史公告
smali_classes2\飘花落叶言楪世子苏哲兰\飘花落叶言子楪世苏兰哲.smali	7362	171c09090700040a	disabled
smali_classes2\飘花落叶言楪世子苏哲兰\飘花落叶言子楪世苏兰哲.smali	7368	14100e25160b49405d5b53	getMsg(...)
smali_classes2\飘花落叶言楪世子苏哲兰\飘花落叶言子楪世苏兰哲.smali	7374	2010081e0c0f04381219130c2604040d18	ServiceValidCheck
smali_classes2\飘花落叶言楪世子苏哲兰\飘花落叶言子楪世苏兰哲.smali	7380	2010081e0c0f04381219130c	ServiceValid
smali_classes2\飘花落叶言楪世子苏哲兰\飘花落叶言子楪世苏兰哲.smali	7386	1a011f1a04180e1c5b5b54464c	iterator(...)
smali_classes2\飘花落叶言楪世子苏哲兰\飘花落叶言子楪世苏兰哲.smali	7392	1d10021c4d424f405a	next(...)
smali_classes2\飘花落叶言楪世子苏哲兰\飘花落叶言子楪世苏兰哲.smali	7398	161b0f05001e001a1a1a14404b424f47	enumeration(...)
smali_classes2\飘花落叶言楪世子苏哲兰\飘花落叶言子楪世苏兰哲.smali	7404	1f1a1b0c2600001d005d54464b45	loadClass(...)
smali_classes2\飘花落叶言楪世子苏哲兰\飘花落叶言子楪世苏兰哲.smali	7410	10191b1b16200e0f171008	classLoader
smali_classes2\飘花落叶言楪世子苏哲兰\飘花落叶言子楪世苏兰哲.smali	7416	97cdf08cd9cc84cac29dcecd	上传失败
smali_classes2\飘花落叶言楪世子苏哲兰\飘花落叶言子楪世苏兰哲.smali	7422	160d190d151808011d3d1b060100041c	exceptionHandler
smali_classes2\飘花落叶言楪世子苏哲兰\飘花落叶言子楪世苏兰哲.smali	7428	97cdf08cd9cc87e6e390f0f7	上传成功
smali_classes2\飘花落叶言楪世子苏哲兰\飘花落叶言子楪世苏兰哲.smali	7434	1014160445180e4e54071f1b1001044953171f0e0a1e044e541c141e0a0704495302131c0d4c0201011a0f1c0c0204	call to 'resume' before 'invoke' with coroutine
smali_classes2\飘花落叶言楪世子苏哲兰\飘花落叶言子楪世苏兰哲.smali	7440	14100e250a08140216361b0b0d09310f071d52464b4248	getModuleCachePath(...)
smali_classes2\飘花落叶言楪世子苏哲兰\飘花落叶言子楪世苏兰哲.smali	7446	14100e2b101e130b1d012f010b444f405d5c	getCurrentUin(...)
smali_classes2\飘花落叶言楪世子苏哲兰\飘花落叶言子楪世苏兰哲.smali	7452	14100e2b101e130b1d013b0b06031400073b130b0e220003165d54464b45	getCurrentAccountNickName(...)
smali_classes2\飘花落叶言楪世子苏哲兰\飘花落叶言子楪世苏兰哲.smali	7458	97cdf08cd9cc85d6de5892d7f584c0e29bf1e08ef9c085d6de5b5446	上传中-运行脚本中...
smali_classes2\飘花落叶言楪世子苏哲兰\飘花落叶言子楪世苏兰哲.smali	7464	95fcdd80c4e089eae993e6c483fbd78bf4cf9de6d589ddec96cdc2	执行脚本时出现异常
smali_classes2\飘花落叶言楪世子苏哲兰\飘花落叶言子楪世苏兰哲.smali	7470	96fbf18fd9c585d6de5b5446	压缩中...
smali_classes2\飘花落叶言楪世子苏哲兰\飘花落叶言子楪世苏兰哲.smali	7476	97cdf08cd9cc85d6de5b5446	上传中...
smali_classes2\飘花落叶言楪世子苏哲兰\飘花落叶言子楪世苏兰哲.smali	7482	260516070408310206121306	UploadPlugin
smali_classes2\飘花落叶言楪世子苏哲兰\飘花落叶言子楪世苏兰哲.smali	7488	1100130401444f405d5c	build(...)
smali_classes2\飘花落叶言楪世子苏哲兰\飘花落叶言子楪世苏兰哲.smali	7494	35434859242d505730423b5d235d525735464b5d5d59522847453b5f205e5528	F621AA19C7A5F139F315853F40A7E24F
smali_classes2\飘花落叶言楪世子苏哲兰\飘花落叶言子楪世苏兰哲.smali	7500	2824293583c4c08beee293e9c889e9de94dadb8ef1d54186dcc293efe88af7de97cdf180d8d1	[QS]模块遭到篡改 请重新下载
smali_classes2\飘花落叶言楪世子苏哲兰\飘花落叶言子楪世苏兰哲.smali	7506	1b010e1816564e4102060e0717154f1d060f120d090d0f40071a0a47101f041c5c1c140e0a	https://qstory.suzhelan.top/user/info
smali_classes2\飘花落叶言楪世子苏哲兰\飘花落叶言子楪世苏兰哲.smali	7512	282429358dd6ca8ac8c89cc8c485cbe297cdf781e5f689d1f4	[QS]身份校验不通过
smali_classes2\飘花落叶言楪世子苏哲兰\飘花落叶言子楪世苏兰哲.smali	7518	200c091c00014f0b0b1c0e481709151b011b1f0c45020e1c1e1416041c4041191b1c160d4505154e041409481619111e1c061f0c45180e4e1b14161c452637235d	System.exit returned normally, while it was supposed to halt JVM.
smali_classes2\飘花落叶言楪世子苏哲兰\飘花落叶言子楪世苏兰哲.smali	7524	14100e2915073207141b1b1c101e0423374052464b4248	getApkSignatureMD5(...)
smali_classes2\飘花落叶言楪世子苏哲兰\飘花落叶言子楪世苏兰哲.smali	7530	14100e2c000a001b1f0152464b4248	getDefault(...)
smali_classes2\飘花落叶言楪世子苏哲兰\飘花落叶言子楪世苏兰哲.smali	7536	071a2f181509132d12061f404b424f47	toUpperCase(...)
smali_classes2\飘花落叶言楪世子苏哲兰\飘花落叶言子楪世苏兰哲.smali	7542	1d001604450f00001d1a0e480709410d12060e48110341001c1b570610000d4e070c0a0d450d0f0a011a130c4b1a080b045b2c01001b261c1c000a	null cannot be cast to non-null type android.view.ViewGroup
smali_classes2\飘花落叶言楪世子苏哲兰\飘花落叶言子楪世苏兰哲.smali	7548	151c140c33050419310c330c4d424f405a	findViewById(...)
smali_classes2\飘花落叶言楪世子苏哲兰\飘花落叶言子楪世苏兰哲.smali	7554	161b0e0d173f11011d06151a1604081e310114	enterSponsorshipBtn
smali_classes2\飘花落叶言楪世子苏哲兰\飘花落叶言子楪世苏兰哲.smali	7560	070329180a0212010130140c210d150b	tvSponsorEndDate
smali_classes2\飘花落叶言楪世子苏哲兰\飘花落叶言子楪世苏兰哲.smali	7566	9bc0e48defc584e6c393e6f783fbd787e4c140	赞助到期时间:
smali_classes2\飘花落叶言楪世子苏哲兰\飘花落叶言子楪世苏兰哲.smali	7572	06061f1a2b0d0c0b2710021c33050419	userNameTextView
smali_classes2\飘花落叶言楪世子苏哲兰\飘花落叶言子楪世苏兰哲.smali	7578	06061f1a2c080400071c0e113109191a251c1f1f	userIdentityTextView
smali_classes2\飘花落叶言楪世子苏哲兰\飘花落叶言子楪世苏兰哲.smali	7584	06061f1a290d030b1f211f10113a080b04	userLabelTextView
smali_classes2\飘花落叶言楪世子苏哲兰\飘花落叶言子楪世苏兰哲.smali	7590	01101c1a001f093b001008210b0a0e1c1e140e010a02	refreshUserInformation
smali_classes2\飘花落叶言楪世子苏哲兰\飘花落叶言子楪世苏兰哲.smali	7596	06061f1a241a001a1207	userAvatar
smali_classes2\飘花落叶言楪世子苏哲兰\飘花落叶言子楪世苏兰哲.smali	7602	95e9d080d0f284e4da	未赞助
smali_classes2\飘花落叶言楪世子苏哲兰\飘花落叶言子楪世苏兰哲.smali	7608	151a0805041849405d5b53	format(...)
smali_classes2\飘花落叶言楪世子苏哲兰\飘花落叶言子楪世苏兰哲.smali	7614	96c2c88deddb87f8c3	已刷新
smali_classes2\飘花落叶言楪世子苏哲兰\飘花落叶言子楪世苏兰哲.smali	7620	96fdcd8ef3dc84cac29dcecd	刷新失败
smali_classes2\飘花落叶言楪世子苏哲兰\飘花落叶言子楪世苏兰哲.smali	7626	4f00141d1609054e05140856	<unused var>
smali_classes2\飘花落叶言楪世子苏哲兰\飘花落叶言子楪世苏兰哲.smali	7632	14100e2111090c2012181f404b424f47	getItemName(...)
smali_classes2\飘花落叶言楪世子苏哲兰\飘花落叶言子楪世苏兰哲.smali	7638	14100e38041e0400073308090201040007381b06040b041c5b5b54464c	getParentFragmentManager(...)
smali_classes2\飘花落叶言楪世子苏哲兰\飘花落叶言子楪世苏兰哲.smali	7644	071a291c17050f095b5b54464c	toString(...)
smali_classes2\飘花落叶言楪世子苏哲兰\飘花落叶言子楪世苏兰哲.smali	7650	1d001604450f00001d1a0e480709410d12060e48110341001c1b570610000d4e070c0a0d450d0f0a011a130c1d42130b100c1904001e17071602541f0c08060b075b280d0615020216072c01001b4f22120c151d113c001c121809	null cannot be cast to non-null type androidx.recyclerview.widget.RecyclerView.LayoutParams
smali_classes2\飘花落叶言楪世子苏哲兰\飘花落叶言子楪世苏兰哲.smali	7656	00100e1c0c020631111408371705060607	setting_bar_right
smali_classes2\飘花落叶言楪世子苏哲兰\飘花落叶言子楪世苏兰哲.smali	7662	071c0e04002000171c000e	titleLayout
smali_classes2\飘花落叶言楪世子苏哲兰\飘花落叶言子楪世苏兰哲.smali	7668	1010141c001e350b0b01	centerText
smali_classes2\飘花落叶言楪世子苏哲兰\飘花落叶言子楪世苏兰哲.smali	7674	1f101c1c2c0f0e00	leftIcon
smali_classes2\飘花落叶言楪世子苏哲兰\飘花落叶言子楪世苏兰哲.smali	7680	1d100d2b0a02070714	newConfig
smali_classes2\飘花落叶言楪世子苏哲兰\飘花落叶言子楪世苏兰哲.smali	7686	20100e1c0c02062801141d05000215	SettingFragment
smali_classes2\飘花落叶言楪世子苏哲兰\飘花落叶言子楪世苏兰哲.smali	7692	5324291c0a1e1854415b4c4651	 QStory:2.6.4
smali_classes2\飘花落叶言楪世子苏哲兰\飘花落叶言子楪世苏兰哲.smali	7698	14100e3b111e0800145d54464b45	getString(...)
smali_classes2\飘花落叶言楪世子苏哲兰\飘花落叶言子楪世苏兰哲.smali	7704	14100e3b101c110101013c1a040b0c0b1d0137090b0d060b015d54464b45	getSupportFragmentManager(...)
smali_classes2\飘花落叶言楪世子苏哲兰\飘花落叶言子楪世苏兰哲.smali	7710	11101d010b38130f1d061b0b11050e005b5b54464c	beginTransaction(...)
smali_classes2\飘花落叶言楪世子苏哲兰\飘花落叶言子楪世苏兰哲.smali	7716	00101b1a0604280d1c1b	searchIcon
smali_classes2\飘花落叶言楪世子苏哲兰\飘花落叶言子楪世苏兰哲.smali	7722	14100e2b0a02150b0b0152464b4248	getContext(...)
smali_classes2\飘花落叶言楪世子苏哲兰\飘花落叶言子楪世苏兰哲.smali	7728	3520342b31252e20	FUNCTION
smali_classes2\飘花落叶言楪世子苏哲兰\飘花落叶言子楪世苏兰哲.smali	7734	373c282d26382e3c2a	DIRECTORY
smali_classes2\飘花落叶言楪世子苏哲兰\飘花落叶言子楪世苏兰哲.smali	7740	171c0918090d182012181f	displayName
smali_classes2\飘花落叶言楪世子苏哲兰\飘花落叶言子楪世苏兰哲.smali	7746	1f1a190911050e0023140e00	locationPath
smali_classes2\飘花落叶言楪世子苏哲兰\飘花落叶言子楪世苏兰哲.smali	7752	1e140e0b0d38181e16	matchType
smali_classes2\飘花落叶言楪世子苏哲兰\飘花落叶言子楪世苏兰哲.smali	7758	0714080f00182e0c1910191c	targetObject
smali_classes2\飘花落叶言楪世子苏哲兰\飘花落叶言子楪世苏兰哲.smali	7764	20101b1a0604330b0000161c4d08081d03191b112b0d0c0b4e	SearchResult(displayName=
smali_classes2\飘花落叶言楪世子苏哲兰\飘花落叶言子楪世苏兰哲.smali	7770	5f551e0d160f1307030113070b51	, description=
smali_classes2\飘花落叶言楪世子苏哲兰\飘花落叶言子楪世苏兰哲.smali	7776	5f551607060d15071c1b2a0911045c	, locationPath=
smali_classes2\飘花落叶言楪世子苏哲兰\飘花落叶言子楪世苏兰哲.smali	7782	5f550a07160515071c1b47	, position=
smali_classes2\飘花落叶言楪世子苏哲兰\飘花落叶言子楪世苏兰哲.smali	7788	5f551709110f093a0a051f55	, matchType=
smali_classes2\飘花落叶言楪世子苏哲兰\飘花落叶言子楪世苏兰哲.smali	7794	5f550e09170b041a3c17100d06185c	, targetObject=
smali_classes2\飘花落叶言楪世子苏哲兰\飘花落叶言子楪世苏兰哲.smali	7800	071a36071209132d12061f404b424f47	toLowerCase(...)
smali_classes2\飘花落叶言楪世子苏哲兰\飘花落叶言子楪世苏兰哲.smali	7806	14100e2f1703141e3d14170d4d424f405a	getGroupName(...)
smali_classes2\飘花落叶言楪世子苏哲兰\飘花落叶言子楪世苏兰哲.smali	7812	96ffe580e6d186d5f7	功能组
smali_classes2\飘花落叶言楪世子苏哲兰\飘花落叶言子楪世苏兰哲.smali	7818	171c080d06180e1c0a4f	directory:
smali_classes2\飘花落叶言楪世子苏哲兰\飘花落叶言子楪世苏兰哲.smali	7824	171c080d06180e1c0a2a1c090900030f101e40	directory_fallback:
smali_classes2\飘花落叶言楪世子苏哲兰\飘花落叶言子楪世苏兰哲.smali	7830	96e3cf8df4f084f8c690ecdd80fdfd8be5c09ffed089f0f20d90ecdd80fdfd8be5c09ffed089f0f296e4e68df4f084ffef	喵呜喵喵呜喵喵呜~喵呜喵喵呜呜呜呜
smali_classes2\飘花落叶言楪世子苏哲兰\飘花落叶言子楪世苏兰哲.smali	7836	96e3cf8df3d984f8c690ebf480fdfd8be5c09ff9f989f0f20d90ecdd80fad48be5c09ff9f989f0f296e4e68df3d984f8c60b9ffed089f7db96e3cf8df3d984ffef90ecdd80fad48be2e9048df3d984f8c690ecdd80fdfd8be2e99ff9f989f7db96e3cf1680fad48be5c09ffed089f7db96e4e68df3d984ffef90ecdd1b89f7db96e3cf8df3d984ffef90ebf480fdfd8be2e99ffed01284f8c690ecdd80fad48be2e99ff9f989f7db96e3cf8df3d9	喵喵喵呜呜喵呜呜~喵喵喵呜呜呜喵喵~喵喵喵喵呜喵喵呜~喵喵喵呜呜呜喵喵~喵喵喵喵呜喵呜喵~喵喵喵呜呜呜呜喵~喵喵喵呜呜喵喵喵
smali_classes2\飘花落叶言楪世子苏哲兰\飘花落叶言子楪世苏兰哲.smali	7842	20101b1a060429070001151a1c	SearchHistory
smali_classes2\飘花落叶言楪世子苏哲兰\飘花落叶言子楪世苏兰哲.smali	7848	1a011f0533050419	itemView
smali_classes2\飘花落叶言楪世子苏哲兰\飘花落叶言子楪世苏兰哲.smali	7854	1c1b331c000122021a1611	onItemClick
smali_classes2\飘花落叶言楪世子苏哲兰\飘花落叶言子楪世苏兰哲.smali	7860	95eadf8eecd284ebc290eae482d2c5	查找共同群
smali_classes2\飘花落叶言楪世子苏哲兰\飘花落叶言子楪世苏兰哲.smali	7866	101a174611090f0d161b0e46080303071f100b194b0d021a1a03131c1c42303f3107151f1609132a16191f0f041808011d34191c0c1a081a0a	com.tencent.mobileqq.activity.QQBrowserDelegationActivity
smali_classes2\飘花落叶言楪世子苏哲兰\飘花落叶言子楪世苏兰哲.smali	7872	151913060233000d071c15063a070417	fling_action_key
smali_classes2\飘花落叶言楪世子苏哲兰\飘花落叶言子楪世苏兰哲.smali	7878	1519130602330201171025030015	fling_code_key
smali_classes2\飘花落叶言楪世子苏哲兰\飘花落叶言子楪世苏兰哲.smali	7884	06061f2c000a230f101e2e0d1d18	useDefBackText
smali_classes2\飘花落叶言楪世子苏哲兰\飘花落叶言子楪世苏兰哲.smali	7890	031408090833070101161f370c02150b011b1b043a0e130104061f1a	param_force_internal_browser
smali_classes2\飘花落叶言楪世子苏哲兰\飘花落叶言子楪世苏兰哲.smali	7896	1b010e1816564e41071c5419144202011e5a1c1a0c090f0a005a080d060d0d024c00130658	https://ti.qq.com/friends/recall?uin=
smali_classes2\飘花落叶言楪世子苏哲兰\飘花落叶言子楪世苏兰哲.smali	7902	95fce98dd9ec84cac29dcecd5f4c	打开失败: 
smali_classes2\飘花落叶言楪世子苏哲兰\飘花落叶言子楪世苏兰哲.smali	7908	9bdacd80dbff84ebd6242b8deadb	请输入QQ号
smali_classes2\飘花落叶言楪世子苏哲兰\飘花落叶言子楪世苏兰哲.smali	7914	9bdacd80dbff84ebd693e6e183f9e989e9f12b3980e3d6	请输入有效的QQ号
smali_classes2\飘花落叶言楪世子苏哲兰\飘花落叶言子楪世苏兰哲.smali	7920	9bdacd80dbff84ebd690d5d183fad83f2290f5df	请输入对方QQ号
smali_classes2\飘花落叶言楪世子苏哲兰\飘花落叶言子楪世苏兰哲.smali	7926	96fdcd8ef3dc86f7c890c7fd81d3c088f2da	刷新登录信息
smali_classes2\飘花落叶言楪世子苏哲兰\飘花落叶言子楪世苏兰哲.smali	7932	95d8d98df9c484e6c493ecd84b424f405390f5c78defdc8acfef92efcf89ebc69af2f78df5c3303f	正在刷新.... 可能会自动重启QQ
smali_classes2\飘花落叶言楪世子苏哲兰\飘花落叶言子楪世苏兰哲.smali	7938	9bc2c980d8c089dbf793ecf180e1c0	跳转资料卡
smali_classes2\飘花落叶言楪世子苏哲兰\飘花落叶言子楪世苏兰哲.smali	7944	9af5f38eeec589dbf793ecf180e1c089c2ce9ff6ee	选择资料卡类型
smali_classes2\飘花落叶言楪世子苏哲兰\飘花落叶言子楪世苏兰哲.smali	7950	97cdd08cdfd689dbf793ecf180e1c0	个人资料卡
smali_classes2\飘花落叶言楪世子苏哲兰\飘花落叶言子楪世苏兰哲.smali	7956	94cbde80e4e689dbf793ecf180e1c0	群聊资料卡
smali_classes2\飘花落叶言楪世子苏哲兰\飘花落叶言子楪世苏兰哲.smali	7962	1e040b0915055b415c161b1a014312061c0225181600020f0111451d0c025c	mqqapi://card/show_pslcard?uin=
smali_classes2\飘花落叶言楪世子苏哲兰\飘花落叶言子楪世苏兰哲.smali	7968	55161b1a0133151703104718170307071f105c1e001e12071c1b4759	&card_type=profile&version=1
smali_classes2\飘花落叶言楪世子苏哲兰\飘花落叶言子楪世苏兰哲.smali	7974	9bcbe98de0c985d6fe9df9d581d4db89dacf	输入不能为空
smali_classes2\飘花落叶言楪世子苏哲兰\飘花落叶言子楪世苏兰哲.smali	7980	9bdacd80dbff84ebd6242b8deadb87e6e592c4cc80e3d6	请输入QQ号或群号
smali_classes2\飘花落叶言楪世子苏哲兰\飘花落叶言子楪世苏兰哲.smali	7986	95fcc381e2e386c0d292eaee80c9dc8bfcfe	批量管理好友
smali_classes2\飘花落叶言楪世子苏哲兰\飘花落叶言子楪世苏兰哲.smali	7992	95fcc381e2e386c0d292eaee82d2c5	批量管理群
smali_classes2\飘花落叶言楪世子苏哲兰\飘花落叶言子楪世苏兰哲.smali	7998	96fbfc8deade84ebdf90ebe2	历史公告
smali_classes2\飘花落叶言楪世子苏哲兰\飘花落叶言子楪世苏兰哲.smali	8004	95eece8ef3dc87f9d690c5ff	更新日志
smali_classes2\飘花落叶言楪世子苏哲兰\飘花落叶言子楪世苏兰哲.smali	8010	071a0a46041e15031c1054010b0d0e40161b0e1a0c0912403507130d0b0822061201370d161f000916271f0b04000d	top.artmoe.inao.entries.FriendChatMessageRecall
smali_classes2\飘花落叶言楪世子苏哲兰\飘花落叶言子楪世苏兰哲.smali	8016	3507130d0b0822061201370d161f000916271f0b04000d4603101f1a30050553	FriendChatMessageRecall(peerUid=
smali_classes2\飘花落叶言楪世子苏哲兰\飘花落叶言子楪世苏兰哲.smali	8022	5f55171b023f041f4e	, msgSeq=
smali_classes2\飘花落叶言楪世子苏哲兰\飘花落叶言子楪世苏兰哲.smali	8028	071a0a46041e15031c1054010b0d0e40161b0e1a0c0912403407151d152f090f07381f1b160d060b211019090900	top.artmoe.inao.entries.GroupChatMessageRecall
smali_classes2\飘花落叶言楪世子苏哲兰\飘花落叶言子楪世苏兰哲.smali	8034	1407151d15390800	groupUin
smali_classes2\飘花落叶言楪世子苏哲兰\飘花落叶言子楪世苏兰哲.smali	8040	1c051f1a04180e1c261c1e	operatorUid
smali_classes2\飘花落叶言楪世子苏哲兰\飘花落叶言子楪世苏兰哲.smali	8046	3407151d152f090f07381f1b160d060b2110190909004909011a0f1830050f53	GroupChatMessageRecall(groupUin=
smali_classes2\飘花落叶言楪世子苏哲兰\飘花落叶言子楪世苏兰哲.smali	8052	5f551518001e001a1c072f010151	, operatorUid=
smali_classes2\飘花落叶言楪世子苏哲兰\飘花落叶言子楪世苏兰哲.smali	8058	071a0a46041e15031c1054010b0d0e40161b0e1a0c0912403a1b1c0736150f0d23000900	top.artmoe.inao.entries.InfoSyncPush
smali_classes2\飘花落叶言楪世子苏哲兰\飘花落叶言子楪世苏兰哲.smali	8064	000c140b26030f1a161b0e	syncContent
smali_classes2\飘花落叶言楪世子苏哲兰\飘花落叶言子楪世苏兰哲.smali	8070	000c140b3709020f1f1939070b18040007	syncRecallContent
smali_classes2\飘花落叶言楪世子苏哲兰\飘花落叶言子楪世苏兰哲.smali	8076	071a0a46041e15031c1054010b0d0e40161b0e1a0c0912403a1b1c0736150f0d230009004b3f18001036150611090f1a	top.artmoe.inao.entries.InfoSyncPush.SyncContent
smali_classes2\飘花落叶言楪世子苏哲兰\飘花落叶言子楪世苏兰哲.smali	8082	1407151d153f18001036150611090f1a	groupSyncContent
smali_classes2\飘花落叶言楪世子苏哲兰\飘花落叶言子楪世苏兰哲.smali	8088	331e151c09050f165d061f1a0c0d0d0709140e010a024f1e011a0e07071907402307151c0a221403111008400b190c0c160747	@kotlinx.serialization.protobuf.ProtoNumber(number=
smali_classes2\飘花落叶言楪世子苏哲兰\飘花落叶言子楪世苏兰哲.smali	8094	071a0a46041e15031c1054010b0d0e40161b0e1a0c0912403a1b1c0736150f0d230009004b3f18001036150611090f1a5d320807101c32171d1639070b18040007	top.artmoe.inao.entries.InfoSyncPush.SyncContent.GroupSyncContent
smali_classes2\飘花落叶言楪世子苏哲兰\飘花落叶言子楪世苏兰哲.smali	8100	1407151d153c040b013c1e	groupPeerId
smali_classes2\飘花落叶言楪世子苏哲兰\飘花落叶言子楪世苏兰哲.smali	8106	00011b1a113f041f	startSeq
smali_classes2\飘花落叶言楪世子苏哲兰\飘花落叶言子楪世苏兰哲.smali	8112	0204370d161f000916	qqMessage
smali_classes2\飘花落叶言楪世子苏哲兰\飘花落叶言子楪世苏兰哲.smali	8118	3407151d153f18001036150611090f1a5b120807101c310b1607330c58	GroupSyncContent(groupPeerId=
smali_classes2\飘花落叶言楪世子苏哲兰\飘花落叶言子楪世苏兰哲.smali	8124	5f55091c041e153d160447	, startSeq=
smali_classes2\飘花落叶言楪世子苏哲兰\飘花落叶言子楪世苏兰哲.smali	8130	5f551f06013f041f4e	, endSeq=
smali_classes2\飘花落叶言楪世子苏哲兰\飘花落叶言子楪世苏兰哲.smali	8136	5f550b192809121d12121f55	, qqMessage=
smali_classes2\飘花落叶言楪世子苏哲兰\飘花落叶言子楪世苏兰哲.smali	8142	200c140b26030f1a161b0e40021e0e1b03260306062f0e000710141c58	SyncContent(groupSyncContent=
smali_classes2\飘花落叶言楪世子苏哲兰\飘花落叶言子楪世苏兰哲.smali	8148	071a0a46041e15031c1054010b0d0e40161b0e1a0c0912403a1b1c0736150f0d230009004b3f180010271f0b04000d210310080911092800151a	top.artmoe.inao.entries.InfoSyncPush.SyncRecallOperateInfo
smali_classes2\飘花落叶言楪世子苏哲兰\飘花落叶言子楪世苏兰哲.smali	8154	000c140b2c0207013b101b0c	syncInfoHead
smali_classes2\飘花落叶言楪世子苏哲兰\飘花落叶言子楪世苏兰哲.smali	8160	000c140b2c020701311a1e11	syncInfoBody
smali_classes2\飘花落叶言楪世子苏哲兰\飘花落叶言子楪世苏兰哲.smali	8166	071a0a46041e15031c1054010b0d0e40161b0e1a0c0912403a1b1c0736150f0d230009004b3f180010271f0b04000d210310080911092800151a543b1c0202271d13152a0a0818	top.artmoe.inao.entries.InfoSyncPush.SyncRecallOperateInfo.SyncInfoBody
smali_classes2\飘花落叶言楪世子苏哲兰\飘花落叶言子楪世苏兰哲.smali	8172	0010140c001e310b1607330c	senderPeerId
smali_classes2\飘花落叶言楪世子苏哲兰\飘花落叶言子楪世苏兰哲.smali	8178	16031f061138080316	eventTime
smali_classes2\飘花落叶言楪世子苏哲兰\飘花落叶言子楪世苏兰哲.smali	8184	200c140b2c020701311a1e114d1f040017100838000913271748	SyncInfoBody(senderPeerId=
smali_classes2\飘花落叶言楪世子苏哲兰\飘花落叶言子楪世苏兰哲.smali	8190	5f551f1e0002153a1a181f55	, eventTime=
smali_classes2\飘花落叶言楪世子苏哲兰\飘花落叶言子楪世苏兰哲.smali	8196	5f55171b0220081d0748	, msgList=
smali_classes2\飘花落叶言楪世子苏哲兰\飘花落叶言子楪世苏兰哲.smali	8202	071a0a46041e15031c1054010b0d0e40161b0e1a0c0912403a1b1c0736150f0d230009004b3f180010271f0b04000d210310080911092800151a543b1c0202271d131520000d05	top.artmoe.inao.entries.InfoSyncPush.SyncRecallOperateInfo.SyncInfoHead
smali_classes2\飘花落叶言楪世子苏哲兰\飘花落叶言子楪世苏兰哲.smali	8208	000c140b31050c0b	syncTime
smali_classes2\飘花落叶言楪世子苏哲兰\飘花落叶言子楪世苏兰哲.smali	8214	200c140b2c0207013b101b0c4d1f1800102113050051	SyncInfoHead(syncTime=
smali_classes2\飘花落叶言楪世子苏哲兰\飘花落叶言子楪世苏兰哲.smali	8220	200c140b3709020f1f193518001e001a163c140e0a4412171d1633060303290b121147	SyncRecallOperateInfo(syncInfoHead=
smali_classes2\飘花落叶言楪世子苏哲兰\飘花落叶言子楪世苏兰哲.smali	8226	5f5509110b0f2800151a380701155c	, syncInfoBody=
smali_classes2\飘花落叶言楪世子苏哲兰\飘花落叶言子楪世苏兰哲.smali	8232	5f55091d0724040f1748	, subHead=
smali_classes2\飘花落叶言楪世子苏哲兰\飘花落叶言子楪世苏兰哲.smali	8238	3a1b1c0736150f0d230009004d18181e1648	InfoSyncPush(type=
smali_classes2\飘花落叶言楪世子苏哲兰\飘花落叶言子楪世苏兰哲.smali	8244	5f550a1d1604280a4e	, pushId=
smali_classes2\飘花落叶言楪世子苏哲兰\飘花落叶言子楪世苏兰哲.smali	8250	5f5509110b0f22011d011f061151	, syncContent=
smali_classes2\飘花落叶言楪世子苏哲兰\飘花落叶言子楪世苏兰哲.smali	8256	5f5509110b0f330b1014160426030f1a161b0e55	, syncRecallContent=
smali_classes2\飘花落叶言楪世子苏哲兰\飘花落叶言子楪世苏兰哲.smali	8262	071a0a46041e15031c1054010b0d0e40161b0e1a0c0912403e061d38101f09	top.artmoe.inao.entries.MsgPush
smali_classes2\飘花落叶言楪世子苏哲兰\飘花落叶言子楪世苏兰哲.smali	8268	3e061d38101f09460204370d161f00091648	MsgPush(qqMessage=
smali_classes2\飘花落叶言楪世子苏哲兰\飘花落叶言子楪世苏兰哲.smali	8274	071a0a46041e15031c1054010b0d0e40161b0e1a0c0912403d100d3b1c02023e060612	top.artmoe.inao.entries.NewSyncPush
smali_classes2\飘花落叶言楪世子苏哲兰\飘花落叶言子楪世苏兰哲.smali	8280	000c140b35191206360d0e1a04	syncPushExtra
smali_classes2\飘花落叶言楪世子苏哲兰\飘花落叶言子楪世苏兰哲.smali	8286	071a0a46041e15031c1054010b0d0e40161b0e1a0c0912403d100d3b1c02023e0606124636150f0d2110190909002e1e16071b1c00250f081c	top.artmoe.inao.entries.NewSyncPush.SyncRecallOperateInfo
smali_classes2\飘花落叶言楪世子苏哲兰\飘花落叶言子楪世苏兰哲.smali	8292	061b11060a1b0f281f141d	unknownFlag
smali_classes2\飘花落叶言楪世子苏哲兰\飘花落叶言子楪世苏兰哲.smali	8298	071a0a46041e15031c1054010b0d0e40161b0e1a0c0912403d100d3b1c02023e0606124636150f0d2110190909002e1e16071b1c00250f081c5b29110b0f2800151a320d0408	top.artmoe.inao.entries.NewSyncPush.SyncRecallOperateInfo.SyncInfoHead
smali_classes2\飘花落叶言楪世子苏哲兰\飘花落叶言子楪世苏兰哲.smali	8304	5f550f060e020e191d3316090251	, unknownFlag=
smali_classes2\飘花落叶言楪世子苏哲兰\飘花落叶言子楪世苏兰哲.smali	8310	3d100d3b1c02023e060612401115110b4e	NewSyncPush(type=
smali_classes2\飘花落叶言楪世子苏哲兰\飘花落叶言子楪世苏兰哲.smali	8316	5f5509110b0f311b001d3f10111e0053	, syncPushExtra=
smali_classes2\飘花落叶言楪世子苏哲兰\飘花落叶言子楪世苏兰哲.smali	8322	2307151c0a3a001c3a1b0e40130d0d1b1648	ProtoVarInt(value=
smali_classes2\飘花落叶言楪世子苏哲兰\飘花落叶言子楪世苏兰哲.smali	8328	5f55140d1d18280017100255	, nextIndex=
smali_classes2\飘花落叶言楪世子苏哲兰\飘花落叶言子楪世苏兰哲.smali	8334	10141604070d0205	callback
smali_classes2\飘花落叶言楪世子苏哲兰\飘花落叶言子楪世苏兰哲.smali	8340	071a38111109201c011403404b424f47	toByteArray(...)
smali_classes2\飘花落叶言楪世子苏哲兰\飘花落叶言子楪世苏兰哲.smali	8346	301d1f0b0e4c070f1a191f0c4b	Check failed.
smali_classes2\飘花落叶言楪世子苏哲兰\飘花落叶言子楪世苏兰哲.smali	8352	071a0a46041e15031c1054010b0d0e40161b0e1a0c0912402224370d161f000916	top.artmoe.inao.entries.QQMessage
smali_classes2\飘花落叶言楪世子苏哲兰\飘花落叶言子楪世苏兰哲.smali	8358	1e10091b040b042616141e	messageHead
smali_classes2\飘花落叶言楪世子苏哲兰\飘花落叶言子楪世苏兰哲.smali	8364	1e10091b040b042d1c1b0e0d0b182800151a	messageContentInfo
smali_classes2\飘花落叶言楪世子苏哲兰\飘花落叶言子楪世苏兰哲.smali	8370	1e10091b040b042c1c1103	messageBody
smali_classes2\飘花落叶言楪世子苏哲兰\飘花落叶言子楪世苏兰哲.smali	8376	071a0a46041e15031c1054010b0d0e40161b0e1a0c0912402224370d161f0009165b370d161f00091637150c1c	top.artmoe.inao.entries.QQMessage.MessageBody
smali_classes2\飘花落叶言楪世子苏哲兰\飘花落叶言子楪世苏兰哲.smali	8382	1c051f1a041808011d3c140e0a	operationInfo
smali_classes2\飘花落叶言楪世子苏哲兰\飘花落叶言子楪世苏兰哲.smali	8388	071a0a46041e15031c1054010b0d0e40161b0e1a0c0912402224370d161f0009165b370d161f00091637150c1c42225c30271f0b04000d210310080911050e003a1b1c07	top.artmoe.inao.entries.QQMessage.MessageBody.C2CRecallOperationInfo
smali_classes2\飘花落叶言楪世子苏哲兰\飘花落叶言子楪世苏兰哲.smali	8394	071a0a46041e15031c1054010b0d0e40161b0e1a0c0912402224370d161f0009165b370d161f00091637150c1c42225c30271f0b04000d210310080911050e003a1b1c074b250f081c	top.artmoe.inao.entries.QQMessage.MessageBody.C2CRecallOperationInfo.Info
smali_classes2\飘花落叶言楪世子苏哲兰\飘花落叶言子楪世苏兰哲.smali	8400	0110190d0c1a041c261c1e	receiverUid
smali_classes2\飘花落叶言楪世子苏哲兰\飘花落叶言子楪世苏兰哲.smali	8406	3a1b1c074d03110b01140e071739080a4e	Info(operatorUid=
smali_classes2\飘花落叶言楪世子苏哲兰\飘花落叶言子楪世苏兰哲.smali	8412	5f55080d0609081816072f010151	, receiverUid=
smali_classes2\飘花落叶言楪世子苏哲兰\飘花落叶言子楪世苏兰哲.smali	8418	5f55171b023808031648	, msgTime=
smali_classes2\飘花落叶言楪世子苏哲兰\飘花落叶言子楪世苏兰哲.smali	8424	5f55171b023e0000171a1755	, msgRandom=
smali_classes2\飘花落叶言楪世子苏哲兰\飘花落叶言子楪世苏兰哲.smali	8430	3047393a000f00021f3a0a0d170d15071c1b3306030349071d131555	C2CRecallOperationInfo(info=
smali_classes2\飘花落叶言楪世子苏哲兰\飘花落叶言子楪世苏兰哲.smali	8436	071a0a46041e15031c1054010b0d0e40161b0e1a0c0912402224370d161f0009165b370d161f00091637150c1c42261c1c000a3a000f00021f3a0a0d170d15071c1b33060303	top.artmoe.inao.entries.QQMessage.MessageBody.GroupRecallOperationInfo
smali_classes2\飘花落叶言楪世子苏哲兰\飘花落叶言子楪世苏兰哲.smali	8442	071a0a46041e15031c1054010b0d0e40161b0e1a0c0912402224370d161f0009165b370d161f00091637150c1c42261c1c000a3a000f00021f3a0a0d170d15071c1b330603034f271d1315	top.artmoe.inao.entries.QQMessage.MessageBody.GroupRecallOperationInfo.Info
smali_classes2\飘花落叶言楪世子苏哲兰\飘花落叶言子楪世苏兰哲.smali	8448	071a0a46041e15031c1054010b0d0e40161b0e1a0c0912402224370d161f0009165b370d161f00091637150c1c42261c1c000a3a000f00021f3a0a0d170d15071c1b330603034f271d131546281f06271d1315	top.artmoe.inao.entries.QQMessage.MessageBody.GroupRecallOperationInfo.Info.MsgInfo
smali_classes2\飘花落叶言楪世子苏哲兰\飘花落叶言子楪世苏兰哲.smali	8454	0010140c001e340717	senderUid
smali_classes2\飘花落叶言楪世子苏哲兰\飘花落叶言子楪世苏兰哲.smali	8460	3e061d210b0a0e461e061d3b001d5c	MsgInfo(msgSeq=
smali_classes2\飘花落叶言楪世子苏哲兰\飘花落叶言子楪世苏兰哲.smali	8466	5f55090d0b08041c261c1e55	, senderUid=
smali_classes2\飘花落叶言楪世子苏哲兰\飘花落叶言子楪世苏兰哲.smali	8472	5f55171b02250f081c48	, msgInfo=
smali_classes2\飘花落叶言楪世子苏哲兰\飘花落叶言子楪世苏兰哲.smali	8478	3407151d153e040d121916271509130f071c15062c0207015b051f0d17250553	GroupRecallOperationInfo(peerId=
smali_classes2\飘花落叶言楪世子苏哲兰\飘花落叶言子楪世苏兰哲.smali	8484	071a0a46041e15031c1054010b0d0e40161b0e1a0c0912402224370d161f0009165b370d161f00091637150c1c423307101d371b02	top.artmoe.inao.entries.QQMessage.MessageBody.RichMsg
smali_classes2\飘花落叶言楪世子苏哲兰\飘花落叶言子楪世苏兰哲.smali	8490	1e061d2b0a02150b1d01	msgContent
smali_classes2\飘花落叶言楪世子苏哲兰\飘花落叶言子楪世苏兰哲.smali	8496	071a0a46041e15031c1054010b0d0e40161b0e1a0c0912402224370d161f0009165b370d161f00091637150c1c423307101d371b02422c1d1436150611090f1a	top.artmoe.inao.entries.QQMessage.MessageBody.RichMsg.MsgContent
smali_classes2\飘花落叶言楪世子苏哲兰\飘花落叶言子楪世苏兰哲.smali	8502	1e061d3b0002050b01	msgSender
smali_classes2\飘花落叶言楪世子苏哲兰\飘花落叶言子楪世苏兰哲.smali	8508	071a0a46041e15031c1054010b0d0e40161b0e1a0c0912402224370d161f0009165b370d161f00091637150c1c423307101d371b02422c1d1436150611090f1a5d38090f36090f0a1607	top.artmoe.inao.entries.QQMessage.MessageBody.RichMsg.MsgContent.MsgSender
smali_classes2\飘花落叶言楪世子苏哲兰\飘花落叶言子楪世苏兰哲.smali	8514	1d1c19032b0d0c0b	nickName
smali_classes2\飘花落叶言楪世子苏哲兰\飘花落叶言子楪世苏兰哲.smali	8520	3e061d3b0002050b015d140106072f0f1e1047	MsgSender(nickName=
smali_classes2\飘花落叶言楪世子苏哲兰\飘花落叶言子楪世苏兰哲.smali	8526	071a0a46041e15031c1054010b0d0e40161b0e1a0c0912402224370d161f0009165b370d161f00091637150c1c423307101d371b02422c1d1436150611090f1a5d211f1011211209	top.artmoe.inao.entries.QQMessage.MessageBody.RichMsg.MsgContent.TextMsg
smali_classes2\飘花落叶言楪世子苏哲兰\飘花落叶言子楪世苏兰哲.smali	8532	2710021c281f06460710021c58	TextMsg(text=
smali_classes2\飘花落叶言楪世子苏哲兰\飘花落叶言子楪世苏兰哲.smali	8538	3e061d2b0a02150b1d01521c00141523001247	MsgContent(textMsg=
smali_classes2\飘花落叶言楪世子苏哲兰\飘花落叶言子楪世苏兰哲.smali	8544	5f55171b023f040017100855	, msgSender=
smali_classes2\飘花落叶言楪世子苏哲兰\飘花落叶言子楪世苏兰哲.smali	8550	211c1900281f06461e061d2b0a02150b1d0147	RichMsg(msgContent=
smali_classes2\飘花落叶言楪世子苏哲兰\飘花落叶言子楪世苏兰哲.smali	8556	1d001604450f00001d1a0e480709410d12060e48110341001c1b570610000d4e070c0a0d45180e1e5d14081c080304401a1b1b074b090f1a011c1f1b4b3d30231606090902094f231606090902092301170c	null cannot be cast to non-null type top.artmoe.inao.entries.QQMessage.MessageBody
smali_classes2\飘花落叶言楪世子苏哲兰\飘花落叶言子楪世苏兰哲.smali	8562	3e10091b040b042c1c110340170502063e061d55	MessageBody(richMsg=
smali_classes2\飘花落叶言楪世子苏哲兰\飘花落叶言子楪世苏兰哲.smali	8568	5f551518001e001a1a1a14210b0a0e53	, operationInfo=
smali_classes2\飘花落叶言楪世子苏哲兰\飘花落叶言子楪世苏兰哲.smali	8574	071a0a46041e15031c1054010b0d0e40161b0e1a0c0912402224370d161f0009165b370d161f00091636150611090f1a3a1b1c07	top.artmoe.inao.entries.QQMessage.MessageContentInfo
smali_classes2\飘花落叶言楪世子苏哲兰\飘花落叶言子楪世苏兰哲.smali	8580	1e061d3b100e35170310	msgSubType
smali_classes2\飘花落叶言楪世子苏哲兰\飘花落叶言子楪世苏兰哲.smali	8586	3e10091b040b042d1c1b0e0d0b182800151a5205160b3517031047	MessageContentInfo(msgType=
smali_classes2\飘花落叶言楪世子苏哲兰\飘花落叶言子楪世苏兰哲.smali	8592	5f55171b023f140c270c0a0d58	, msgSubType=
smali_classes2\飘花落叶言楪世子苏哲兰\飘花落叶言子楪世苏兰哲.smali	8598	5f55091d073f041f4e	, subSeq=
smali_classes2\飘花落叶言楪世子苏哲兰\飘花落叶言子楪世苏兰哲.smali	8604	071a0a46041e15031c1054010b0d0e40161b0e1a0c0912402224370d161f0009165b370d161f0009163d1f0901	top.artmoe.inao.entries.QQMessage.MessageHead
smali_classes2\飘花落叶言楪世子苏哲兰\飘花落叶言子楪世苏兰哲.smali	8610	0110190d0c1a041c23101f1a2c08	receiverPeerId
smali_classes2\飘花落叶言楪世子苏哲兰\飘花落叶言子楪世苏兰哲.smali	8616	0010140c001e2800151a	senderInfo
smali_classes2\飘花落叶言楪世子苏哲兰\飘花落叶言子楪世苏兰哲.smali	8622	071a0a46041e15031c1054010b0d0e40161b0e1a0c0912402224370d161f0009165b370d161f0009163d1f090142320b1d111f1a2c020701	top.artmoe.inao.entries.QQMessage.MessageHead.SenderInfo
smali_classes2\飘花落叶言楪世子苏哲兰\飘花落叶言子楪世苏兰哲.smali	8628	2010140c001e2800151a5218000913271748	SenderInfo(peerId=
smali_classes2\飘花落叶言楪世子苏哲兰\飘花落叶言子楪世苏兰哲.smali	8634	5f55140106072f0f1e1047	, nickName=
smali_classes2\飘花落叶言楪世子苏哲兰\飘花落叶言子楪世苏兰哲.smali	8640	3e10091b040b042616141e4016090f0a16072a0d001e280a4e	MessageHead(senderPeerId=
smali_classes2\飘花落叶言楪世子苏哲兰\飘花落叶言子楪世苏兰哲.smali	8646	5f55080d0609081816072a0d001e280a4e	, receiverPeerId=
smali_classes2\飘花落叶言楪世子苏哲兰\飘花落叶言子楪世苏兰哲.smali	8652	5f55090d0b08041c3a1b1c0758	, senderInfo=
smali_classes2\飘花落叶言楪世子苏哲兰\飘花落叶言子楪世苏兰哲.smali	8658	2224370d161f0009165d170d161f0009163d1f090151	QQMessage(messageHead=
smali_classes2\飘花落叶言楪世子苏哲兰\飘花落叶言子楪世苏兰哲.smali	8664	5f55170d161f00091636150611090f1a3a1b1c0758	, messageContentInfo=
smali_classes2\飘花落叶言楪世子苏哲兰\飘花落叶言子楪世苏兰哲.smali	8670	5f55170d161f00091637150c1c51	, messageBody=
smali_classes2\飘花落叶言楪世子苏哲兰\飘花落叶言子楪世苏兰哲.smali	8676	12050a2d1d09021b071a0845	appExecutor-
smali_classes2\飘花落叶言楪世子苏哲兰\飘花落叶言子楪世苏兰哲.smali	8682	1d100d2e0c14040a271d080d040831011c1952464b4248	newFixedThreadPool(...)
smali_classes2\飘花落叶言楪世子苏哲兰\飘花落叶言子楪世苏兰哲.smali	8688	02042c0d171f08011d	qqVersion
smali_classes2\飘花落叶言楪世子苏哲兰\飘花落叶言子楪世苏兰哲.smali	8694	12050a3e001e12071c1b	appVersion
smali_classes2\飘花落叶言楪世子苏哲兰\飘花落叶言子楪世苏兰哲.smali	8700	5324291c0a1e1854	 QStory:
smali_classes2\飘花落叶言楪世子苏哲兰\飘花落叶言子楪世苏兰哲.smali	8706	96e3cf8df3d984ffef90ecdd80fad48be5c09ff9f989f7db0d90ecdd80fad48be2e99ffed089f7db96e4e68df4f084f8c60b9ffed089f7db96e3cf8df3d984ffef90ebf480fdfd8be5c0048df3d984f8c690ecdd80fad48be5c09ff9f989f0f296e4e61680fad48be5c09ffed089f0f296e3cf8df4f084ffef90ebf41b89f7db96e3cf8df3d984ffef90ecdd80fdfd8be5c09ff9f9	喵喵呜喵喵喵呜喵~喵喵呜喵喵呜呜喵~喵喵喵喵呜呜呜喵~喵喵喵喵喵呜呜呜~喵喵喵呜喵呜呜呜~喵喵喵呜喵呜喵呜
smali_classes2\飘花落叶言楪世子苏哲兰\飘花落叶言子楪世苏兰哲.smali	8712	95e5e68fd1ce84e4ec9df9d5	搜索功能
smali_classes2\飘花落叶言楪世子苏哲兰\飘花落叶言子楪世苏兰哲.smali	8718	9bcbe98de0c984ebc09ceec68dc3ec88e3e99ddcc7424f40	输入关键词搜索...
smali_classes2\飘花落叶言楪世子苏哲兰\飘花落叶言子楪世苏兰哲.smali	8724	95e5e68fd1ce84e0f590f5da	搜索历史
smali_classes2\飘花落叶言楪世子苏哲兰\飘花落叶言子楪世苏兰哲.smali	8730	96e4e68df3d984f8c690ebf480fad48be2e99ffed089f0f20d90ebf480fdfd8be5c09ffed089f0f296e4e68df3d984ffef0b9ff9f989f0f296e4e68df4f084ffef90ebf480fdfd8be2e9048df4f084f8c690ecdd80fad48be5c09ffed089f7db96e4e61680fdfd8be2e99ff9f989f0f296e4e68df4f084f8c690ecdd1b89f0f296e4e68df3d984f8c690ebf480fad48be5c09ffed0	呜喵喵呜喵呜喵呜~呜呜喵喵呜呜喵呜~呜呜呜呜呜呜呜呜~呜喵喵喵喵喵喵呜~呜呜呜呜呜呜喵喵~呜呜喵喵呜喵喵喵
smali_classes2\飘花落叶言楪世子苏哲兰\飘花落叶言子楪世苏兰哲.smali	8736	95e5e68fd1ce86d5e093e4f4	搜索结果
smali_classes2\飘花落叶言楪世子苏哲兰\飘花落叶言子楪世苏兰哲.smali	8742	95e9d08eecd284e6c392e1d080e9d28bf9ea92ebd8	未找到相关功能
smali_classes2\飘花落叶言楪世子苏哲兰\飘花落叶言子楪世苏兰哲.smali	8748	96e4e68df3d984f8c690ebf480fad48be2e99ff9f989f7db0d90ebf480fdfd8be2e99ff9f989f0f296e4e68df4f084ffef0b9ff9f989f0f296e4e68df3d984f8c690ebf480fad48be2e9048df4f084f8c690ecdd80fad48be5c09ffed089f7db96e3cf1680fdfd8be2e99ff9f989f7db96e3cf8df4f084ffef90ecdd1b89f0f296e4e68df3d984ffef90ecdd80fad48be5c09ff9f9	呜喵喵呜喵呜呜喵~呜呜呜呜呜呜呜呜~呜呜呜喵喵呜喵呜~呜喵喵喵喵喵喵喵~呜呜呜喵喵呜呜喵~呜呜喵呜喵喵喵呜
smali_classes2\飘花落叶言楪世子苏哲兰\飘花落叶言子楪世苏兰哲.smali	8754	96e4e68df3d984f8c690ebf480fad48be2e99ffed089f7db0d90ebf480fdfd8be2e99ffed089f0f296e4e68df4f084f8c60b9ff9f989f0f296e3cf8df4f084f8c690ebf480fad48be5c0048df4f084f8c690ecdd80fad48be2e99ff9f989f7db96e4e61680fdfd8be2e99ffed089f0f296e4e68df3d984f8c690ecdd1b89f0f296e4e68df4f084ffef90ebf480fad48be5c09ff9f9	呜喵喵呜喵呜喵喵~呜呜呜喵呜呜呜喵~呜呜喵呜喵呜喵喵~呜喵喵喵呜呜喵呜~呜呜喵呜呜喵喵喵~呜呜呜呜呜喵喵呜
smali_classes2\飘花落叶言楪世子苏哲兰\飘花落叶言子楪世苏兰哲.smali	8760	96e4e68df3d984f8c690ebf480fad48be2e99ff9f989f7db0d90ebf480fdfd8be2e99ff9f989f0f296e4e68df3d984ffef0b9ff9f989f0f296e4e68df4f084ffef90ebf480fad48be5c0048df4f084f8c690ecdd80fad48be2e99ff9f989f0f296e4e61680fdfd8be2e99ffed089f0f296e4e68df4f084ffef90ecdd1b89f0f296e4e68df4f084f8c690ebf480fad48be5c09ffed0	呜喵喵呜喵呜呜喵~呜呜呜呜呜呜喵呜~呜呜呜呜呜呜喵喵~呜喵喵喵呜呜呜呜~呜呜喵呜呜呜呜喵~呜呜呜喵呜喵喵喵
smali_classes2\飘花落叶言楪世子苏哲兰\飘花落叶言子楪世苏兰哲.smali	8766	96e4e68df3d984f8c690ebf480fad48be2e99ffed089f0f20d90ebf480fdfd8be5c09ff9f989f7db96e4e68df3d984ffef0b9ff9f989f0f296e4e68df4f084ffef90ebf480fad48be2e9048df4f084f8c690ecdd80fad48be2e99ff9f989f0f296e4e61680fdfd8be2e99ffed089f7db96e4e68df3d984f8c690ecdd1b89f0f296e4e68df3d984ffef90ecdd80fad48be2e99ffed01284f8c690ebf480fad48be2e99ff9f989f7db96e4e68df4f0	呜喵喵呜喵呜喵呜~呜呜喵呜喵呜喵呜~呜呜呜呜呜呜喵呜~呜喵喵喵呜呜呜呜~呜呜喵喵呜喵喵喵~呜呜喵呜喵喵呜喵~喵呜喵呜呜喵呜呜
smali_classes2\飘花落叶言楪世子苏哲兰\飘花落叶言子楪世苏兰哲.smali	8772	96e4e68df3d984f8c690ebf480fad48be2e99ffed089f0f20d90ebf480fdfd8be2e99ffed089f7db96e3cf8df4f084f8c60b9ff9f989f0f296e3cf8df4f084ffef90ecdd80fdfd8be5c0	呜喵喵呜喵呜喵呜~呜呜呜喵喵喵呜喵~呜呜喵呜呜喵呜喵
smali_classes2\飘花落叶言楪世子苏哲兰\飘花落叶言子楪世苏兰哲.smali	8778	9bc0e48defc585d3ef9dfaed	赞助作者
smali_classes2\飘花落叶言楪世子苏哲兰\飘花落叶言子楪世苏兰哲.smali	8784	96fdcd8ef3dc86fadb93f2df81d3c088f2da	刷新用户信息
smali_classes2\飘花落叶言楪世子苏哲兰\飘花落叶言子楪世苏兰哲.smali	8790	96e3cf8df3d984ffef90ecdd80fad48be5c09ff9f989f7db0d90ecdd80fad48be2e99ffed089f7db96e4e68df3d984f8c60b9ffed089f0f296e3cf8df3d984f8c690ecdd80fad48be5c0	喵喵呜喵喵喵呜喵~喵喵呜喵喵呜喵喵~喵呜喵喵喵喵喵喵
smali_classes2\飘花落叶言楪世子苏哲兰\飘花落叶言子楪世苏兰哲.smali	8796	96e3cf8df3d984ffef90ecdd80fad48be5c09ff9f989f7db0d90ecdd80fad48be2e99ffed089f7db96e4e68df4f084f8c60b9ffed089f7db96e3cf8df3d984ffef90ebf480fdfd8be5c0048df3d984f8c690ecdd80fad48be5c09ff9f989f0f296e4e61680fad48be5c09ffed089f0f296e3cf8df4f084ffef90ebf41b89f7db96e3cf8df3d984ffef90ecdd80fdfd8be5c09ff9f91284f8c690ebf480fad48be2e99ff9f989f7db96e4e68df4f0	喵喵呜喵喵喵呜喵~喵喵呜喵喵呜呜喵~喵喵喵喵呜呜呜喵~喵喵喵喵喵呜呜呜~喵喵喵呜喵呜呜呜~喵喵喵呜喵呜喵呜~喵呜喵呜呜喵呜呜
smali_classes2\飘花落叶言楪世子苏哲兰\飘花落叶言子楪世苏兰哲.smali	8802	96e3cf8df4f084f8c690ecdd80fdfd8be2e99ffed089f0f2	喵呜喵喵呜呜喵呜
smali_classes2\飘花落叶言楪世子苏哲兰\飘花落叶言子楪世苏兰哲.smali	8808	06061f1a3a050f081c	user_info
smali_classes2\飘花落叶言楪世子苏哲兰\飘花落叶言子楪世苏兰哲.smali	8814	95e9d08df5e087c3d6	未同步
smali_classes2\飘花落叶言楪世子苏哲兰\飘花落叶言子楪世苏兰哲.smali	8820	37140e09070d120b3e100e1a0c0f12271d131540031e080b1d11390710021553	DatabaseMetricsInfo(friendCount=
smali_classes2\飘花落叶言楪世子苏哲兰\飘花落叶言子楪世苏兰哲.smali	8826	5f551d1a0a19112d1c00141c58	, groupCount=
smali_classes2\飘花落叶言楪世子苏哲兰\飘花落叶言子楪世苏兰哲.smali	8832	5f550e07110d0d2d1c00141c58	, totalCount=
smali_classes2\飘花落叶言楪世子苏哲兰\飘花落叶言子楪世苏兰哲.smali	8838	5f55170d08031317201c000d282e5c	, memorySizeMB=
smali_classes2\飘花落叶言楪世子苏哲兰\飘花落叶言子楪世苏兰哲.smali	8844	5f551e0a23050d0b201c000d2715150b0048	, dbFileSizeBytes=
smali_classes2\飘花落叶言楪世子苏哲兰\飘花落叶言子楪世苏兰哲.smali	8850	5f5515040109121a21101907170835071e1047	, oldestRecordTime=
smali_classes2\飘花落叶言楪世子苏哲兰\飘花落叶言子楪世苏兰哲.smali	8856	5f55140d1209121a21101907170835071e1047	, newestRecordTime=
smali_classes2\飘花落叶言楪世子苏哲兰\飘花落叶言子楪世苏兰哲.smali	8862	5f551306010919221c141e3c0c0104230048	, indexLoadTimeMs=
smali_classes2\飘花落叶言楪世子苏哲兰\飘花落叶言子楪世苏兰哲.smali	8868	5f551e0a3419041c0a36151d0b185c	, dbQueryCount=
smali_classes2\飘花落叶言楪世子苏哲兰\飘花落叶言子楪世苏兰哲.smali	8874	5f551b1e023d140b010c2e0108092c1d4e	, avgQueryTimeMs=
smali_classes2\飘花落叶言楪世子苏哲兰\飘花落叶言子楪世苏兰哲.smali	8880	5f551909060404261a01280911095c	, cacheHitRate=
smali_classes2\飘花落叶言楪世子苏哲兰\飘花落叶言子楪世苏兰哲.smali	8886	5f550e07110d0d3f06100801001f5c	, totalQueries=
smali_classes2\飘花落叶言楪世子苏哲兰\飘花落叶言子楪世苏兰哲.smali	8892	95cdff8ff5ea84c0ff93f2f8	清理完成
smali_classes2\飘花落叶言楪世子苏哲兰\飘花落叶言子楪世苏兰哲.smali	8898	95fcfa8ef9e587fcd790e1f683dae988f2da92c6d589dcfb96c2c88edde986c7c9	所有撤回消息记录已清空
smali_classes2\飘花落叶言楪世子苏哲兰\飘花落叶言子楪世苏兰哲.smali	8904	94c9e98dc8f487d6f692eaee83e4f18bf9ea	缓存清理成功
smali_classes2\飘花落叶言楪世子苏哲兰\飘花落叶言子楪世苏兰哲.smali	8910	95cdff8ff5ea84cac29dcecd	清理失败
smali_classes2\飘花落叶言楪世子苏哲兰\飘花落叶言子楪世苏兰哲.smali	8916	95cdff8ff5ea86d2e090d7f083fbd78bf4cf93fcfc83ddf4	清理缓存时出错：
smali_classes2\飘花落叶言楪世子苏哲兰\飘花落叶言子楪世苏兰哲.smali	8922	9bfbcd8deafa86d2e090d7f081d3c088f2da9fccd484d5cb9cc9e0	获取缓存信息失败：
smali_classes2\飘花落叶言楪世子苏哲兰\飘花落叶言子楪世苏兰哲.smali	8928	1e10170717153e1d1a0f1f37080e	memory_size_mb
smali_classes2\飘花落叶言楪世子苏哲兰\飘花落叶言子楪世苏兰哲.smali	8934	94c9e98dc8f486d5ec9dd4c981d3c088f2da	缓存统计信息
smali_classes2\飘花落叶言楪世子苏哲兰\飘花落叶言子楪世苏兰哲.smali	8940	95cdff8ff5ea86d2e090d7f0	清理缓存
smali_classes2\飘花落叶言楪世子苏哲兰\飘花落叶言子楪世苏兰哲.smali	8946	83eae9e2458bddfd96d8e28fdef389c0d291c5c983edce6479	📊 缓存统计信息\n\n
smali_classes2\飘花落叶言楪世子苏哲兰\飘花落叶言子楪世苏兰哲.smali	8952	95cdff8ff5ea85d5f693c2ed82fce788d3f292c7e383dde297cdf78cd9f689c0da93cce083edce88c5fd9fccd4	清理仅清理标识，不会让消息消失
smali_classes2\飘花落叶言楪世子苏哲兰\飘花落叶言子楪世苏兰哲.smali	8958	90f5ea8ef0dc87e3dd90d7f080eec98df3e470	【数据存储】\n
smali_classes2\飘花落叶言楪世子苏哲兰\飘花落叶言子楪世苏兰哲.smali	8964	91f5d84882cbe086f2ff9cdeed8ae0c19cc9e0	• 私聊消息：
smali_classes2\飘花落叶言楪世子苏哲兰\飘花落叶言子楪世苏兰哲.smali	8970	91f5d84882d2c586f2ff9cdeed8ae0c19cc9e0	• 群聊消息：
smali_classes2\飘花落叶言楪世子苏哲兰\飘花落叶言子楪世苏兰哲.smali	8976	91f5d84883ecda88c5fd9ce9ca8af4de9cc9e0	• 总消息数：
smali_classes2\飘花落叶言楪世子苏哲兰\飘花落叶言子楪世苏兰哲.smali	8982	91f5d84880eae48bdeed9ddcc789ddfb96f8da8ff1c48ed2e9	• 内存索引占用：
smali_classes2\飘花落叶言楪世子苏哲兰\飘花落叶言子楪世苏兰哲.smali	8988	91f5d84883f9d188fedb9fd2f68af7e997cecc87d9f6	• 数据库文件：
smali_classes2\飘花落叶言楪世子苏哲兰\飘花落叶言子楪世苏兰哲.smali	8994	90f5ea8ef2da88f9c79df6eb80f7d58df3e470	【时间范围】\n
smali_classes2\飘花落叶言楪世子苏哲兰\飘花落叶言子楪世苏兰哲.smali	9000	91f5d84883f0e188e4dc92c6d589dcfb9cc9e0	• 最早记录：
smali_classes2\飘花落叶言楪世子苏哲兰\飘花落叶言子楪世苏兰哲.smali	9006	91f5d84883f0e188e5c592c6d589dcfb9cc9e0	• 最新记录：
smali_classes2\飘花落叶言楪世子苏哲兰\飘花落叶言子楪世苏兰哲.smali	9012	90f5ea8ee5cb89edce93f6ef83cce68df3e470	【性能指标】\n
smali_classes2\飘花落叶言楪世子苏哲兰\飘花落叶言子楪世苏兰哲.smali	9018	91f5d84882d8c38bcfe09fe2c584dcd395e2cc81f2d88ed2e9	• 索引加载时间：
smali_classes2\飘花落叶言楪世子苏哲兰\飘花落叶言子楪世苏兰哲.smali	9024	91f5d84883f9d188fedb9fd2f68afecb9bdad88ec9cd87fbc39ac6f2	• 数据库查询次数：
smali_classes2\飘花落叶言楪世子苏哲兰\飘花落叶言子楪世苏兰哲.smali	9030	91f5d84880d5d28beef29cf7c084cecc9bf5ed8ef2da8ed2e9	• 平均查询耗时：
smali_classes2\飘花落叶言楪世子苏哲兰\飘花落叶言子楪世苏兰哲.smali	9036	91f5d84882d0f28bdeed9ff9d888d9c394fbfd87d9f6	• 缓存命中率：
smali_classes2\飘花落叶言楪世子苏哲兰\飘花落叶言子楪世苏兰哲.smali	9042	91f5d84883ecda88ecd092c7c78acdcf95e0ca87d9f6	• 总查询次数：
smali_classes2\飘花落叶言楪世子苏哲兰\飘花落叶言子楪世苏兰哲.smali	9048	94d4d480cbc887d6f692eaee	确认清理
smali_classes2\飘花落叶言楪世子苏哲兰\飘花落叶言子楪世苏兰哲.smali	9054	94d4d48dcbf689c8f293c2ed82c5db88faf59cf4ec8af3ca96eee48ed3e487efdc93daef8dc3e78be3e295d4fa666b88ded19cfbe888dcf297cdf78deac387efd190dee58ad0e0	确定要清空所有撤回消息标识吗？\n\n此操作不可恢复！
smali_classes2\飘花落叶言楪世子苏哲兰\飘花落叶言子楪世苏兰哲.smali	9060	94d4d48dcbf687d6f692eaee	确定清理
smali_classes2\飘花落叶言楪世子苏哲兰\飘花落叶言子楪世苏兰哲.smali	9066	95d8d98df9c487d6f692eaee4b424f	正在清理...
smali_classes2\飘花落叶言楪世子苏哲兰\飘花落叶言子楪世苏兰哲.smali	9072	30141900002f0d0b121b3e0104000e09	CacheCleanDialog
smali_classes2\飘花落叶言楪世子苏哲兰\飘花落叶言子楪世苏兰哲.smali	9078	1a1b1e0d1d200e0f1721130500	indexLoadTime
smali_classes2\飘花落叶言楪世子苏哲兰\飘花落叶言子楪世苏兰哲.smali	9084	17172b1d001e182d1c00141c	dbQueryCount
smali_classes2\飘花落叶言楪世子苏哲兰\飘花落叶言子楪世苏兰哲.smali	9090	17172b1d001e183a1c011b0431050c0b	dbQueryTotalTime
smali_classes2\飘花落叶言楪世子苏哲兰\飘花落叶言子楪世苏兰哲.smali	9096	101419000024081a301a0f0611	cacheHitCount
smali_classes2\飘花落叶言楪世子苏哲兰\飘花落叶言子楪世苏兰哲.smali	9102	101419000021081d0036151d0b18	cacheMissCount
smali_classes2\飘花落叶言楪世子苏哲兰\飘花落叶言子楪世苏兰哲.smali	9108	79555a48454c414e53555a48451087eed49df9d583e0e688d3f29dd3fa84cfcf497f5a48454c414e53555a48454c1d4e5392ceca80d0f48bf9d592d5d884e1f995e2cc5245	\n            |性能指标统计:\n            |  索引加载耗时: 
smali_classes2\飘花落叶言楪世子苏哲兰\飘花落叶言子楪世苏兰哲.smali	9114	1e067048454c414e53555a48454c411253559cfdd58aecc096cfe98efac989c1d193d6c983f9d15453	ms\n            |  数据库查询次数: 
smali_classes2\飘花落叶言楪世子苏哲兰\飘花落叶言子楪世苏兰哲.smali	9120	79555a48454c414e53555a484510414e95e0ca8ee8c284d4e093e5cd8dc3c388f3ce92e8f28af6d84955	\n            |  数据库查询总耗时: 
smali_classes2\飘花落叶言楪世子苏哲兰\飘花落叶言子楪世苏兰哲.smali	9126	1e067048454c414e53555a48454c411253559fd1d689fce995eadf80cace89eee493edde5f4c	ms\n            |  平均查询耗时: 
smali_classes2\飘花落叶言楪世子苏哲兰\飘花落叶言子楪世苏兰哲.smali	9132	1e067048454c414e53555a48454c411253559dd4f689ccf696e4c78cddc187c2d293efd85f4c	ms\n            |  缓存命中次数: 
smali_classes2\飘花落叶言楪世子苏哲兰\飘花落叶言子楪世苏兰哲.smali	9138	79555a48454c414e53555a484510414e94c9e98dc8f487f2d990ebd581d4cc88dfd49cfdd55641	\n            |  缓存未命中次数: 
smali_classes2\飘花落叶言楪世子苏哲兰\飘花落叶言子楪世苏兰哲.smali	9144	79555a48454c414e53555a484510414e94c9e98dc8f484ffce91c2c582e2e65453	\n            |  缓存命中率: 
smali_classes2\飘花落叶言楪世子苏哲兰\飘花落叶言子楪世苏兰哲.smali	9150	567f5a48454c414e53555a48454c1d4e5393fad383f3c486dcd79cc4c48af4de4955	%\n            |  总查询次数: 
smali_classes2\飘花落叶言楪世子苏哲兰\飘花落叶言子楪世苏兰哲.smali	9156	79555a48454c414e53	\n        
smali_classes2\飘花落叶言楪世子苏哲兰\飘花落叶言子楪世苏兰哲.smali	9162	2310080e0a1e0c0f1d161f2500181307100652010b0804163f1a1b0c31050c0b4e	PerformanceMetrics(indexLoadTime=
smali_classes2\飘花落叶言楪世子苏哲兰\飘花落叶言子楪世苏兰哲.smali	9168	5f551e0a3419041c0a21151c040035071e1047	, dbQueryTotalTime=
smali_classes2\飘花落叶言楪世子苏哲兰\飘花落叶言子楪世苏兰哲.smali	9174	5f551909060404261a01390710021553	, cacheHitCount=
smali_classes2\飘花落叶言楪世子苏哲兰\飘花落叶言子楪世苏兰哲.smali	9180	5f551909060404231a06092b0a190f1a4e	, cacheMissCount=
smali_classes2\飘花落叶言楪世子苏哲兰\飘花落叶言子楪世苏兰哲.smali	9186	211019090900250f071439070b1a041c071008	RecallDataConverter
smali_classes2\飘花落叶言楪世子苏哲兰\飘花落叶言子楪世苏兰哲.smali	9192	9bd2d98efbfc86c9f29dfbe283fec58be8eb9cfdd58aecc096d1cb80d1c9	解析私聊撤回数据失败
smali_classes2\飘花落叶言楪世子苏哲兰\飘花落叶言子楪世苏兰哲.smali	9198	9bd2d98efbfc86d0d79dfbe283fec58be8eb9cfdd58aecc096d1cb80d1c9	解析群聊撤回数据失败
smali_classes2\飘花落叶言楪世子苏哲兰\飘花落叶言子楪世苏兰哲.smali	9204	5c111b1c0443050f071418091609	/data/database
smali_classes2\飘花落叶言楪世子苏哲兰\飘花落叶言子楪世苏兰哲.smali	9210	5c071f0b04000d311e10091b040b041d5d1118	/recall_messages.db
smali_classes2\飘花落叶言楪世子苏哲兰\飘花落叶言子楪世苏兰哲.smali	9216	211019090900250f071418091609	RecallDatabase
smali_classes2\飘花落叶言楪世子苏哲兰\飘花落叶言子楪世苏兰哲.smali	9222	0110190909003e0316060909020912401717	recall_messages.db
smali_classes2\飘花落叶言楪世子苏哲兰\飘花落叶言子楪世苏兰哲.smali	9228	4747190d0059535610174f5b045b045d104d4d58065e030a1740190e045b540f	42cee528cb53a7e3c870c2bdd5cfa75a
smali_classes2\飘花落叶言楪世子苏哲兰\飘花落叶言子楪世苏兰哲.smali	9234	43471e0a520e045741171950060e565a40464f5d520a525e4013185053580358	02db7be92bc8cb7433557f303fb864b6
smali_classes2\飘花落叶言楪世子苏哲兰\飘花落叶言子楪世苏兰哲.smali	9240	30273f293129413a3237362d4525274e3d3a2e482034283d27265a081709020f1f192505001f120f141009084544010717155a212b38242936275a3837252c2f212c5a232035412f262135212b2f332b3e30343c45222e3a533b2f242940410e03101f1a3a19080a13552e2d3d3841203c215a2630202d425315171b0233120b02155a212b38242936275a262a38412026393644450c02061201251c1c1c040e533c343c202b243c533b353c452234223f595a080a1c041c1201151a3a19080a13552e2d3d384d4e13120807101c3e1b1a1b1a483129393a5f551a0b1709001a16112509110c41273d213f2f203e41203c215a2630202d4253150a1a0a180e0c0613250c0418000e53373627274c2f212755343d292048	CREATE TABLE IF NOT EXISTS `recall_messages` (`id` INTEGER PRIMARY KEY AUTOINCREMENT NOT NULL, `peer_uid` TEXT NOT NULL, `msg_seq` INTEGER NOT NULL, `chat_type` INTEGER NOT NULL, `operator_uid` TEXT, `group_uin` TEXT, `created_at` INTEGER NOT NULL, `protobuf_data` BLOB NOT NULL)
smali_classes2\飘花落叶言楪世子苏哲兰\飘花落叶言子楪世苏兰哲.smali	9246	30273f293129413b3d3c2b3d204c2820373022482c2a41203c215a2d3d25323a20551a010b0804162c071f0b04000d311e10091b040b041d2c051f0d17331407172a171b0233120b022a190004183e1a0a051f0845232f4e13071f0b04000d311e10091b040b041d135552081509041c2c00130c0540410e1e061d371609100e5f551a0b0d0d1531070c0a0d0545	CREATE UNIQUE INDEX IF NOT EXISTS `index_recall_messages_peer_uid_msg_seq_chat_type` ON `recall_messages` (`peer_uid`, `msg_seq`, `chat_type`)
smali_classes2\飘花落叶言楪世子苏哲兰\飘花落叶言子楪世苏兰哲.smali	9252	30273f29312941273d313f304525274e3d3a2e482034283d27265a080c02050b0b2a080d060d0d022c181f1b160d060b002a191a000d150b172a1b1c054c2e205315080d060d0d022c181f1b160d060b00155a40050f130b12011f0c3a0d150e5a	CREATE INDEX IF NOT EXISTS `index_recall_messages_created_at` ON `recall_messages` (`created_at`)
smali_classes2\飘花落叶言楪世子苏哲兰\飘花落叶言子楪世苏兰哲.smali	9258	30273f293129413a3237362d4525274e3d3a2e482034283d27265a1a0a030c311e14091c001e3e1a1217160d4544080a533c343c202b243c53252821282d3337533e3f314905050b1d01131c1c33090f001d5a3c20343547	CREATE TABLE IF NOT EXISTS room_master_table (id INTEGER PRIMARY KEY,identity_hash TEXT)
smali_classes2\飘花落叶言楪世子苏哲兰\飘花落叶言子楪世苏兰哲.smali	9264	3a3b292d373841212155282d3520202d365533263123411c1c1a1737080d121a1607251c040e0d0b535d130c4905050b1d01131c1c33090f001d5348332d2d3b3626525c574041494747190d0059535610174f5b045b045d104d4d58065e030a1740190e045b540f545c	INSERT OR REPLACE INTO room_master_table (id,identity_hash) VALUES(42, '42cee528cb53a7e3c870c2bdd5cfa75a')
smali_classes2\飘花落叶言楪世子苏哲兰\飘花落叶言子楪世苏兰哲.smali	9270	372735384538202c3f305a21234c24363a262e3b450c130b101416043a01041d00141d0d160c	DROP TABLE IF EXISTS `recall_messages`
smali_classes2\飘花落叶言楪世子苏哲兰\飘花落叶言子楪世苏兰哲.smali	9276	03101f1a3a19080a	peer_uid
smali_classes2\飘花落叶言楪世子苏哲兰\飘花落叶言子楪世苏兰哲.smali	9282	101d1b1c3a18181e16	chat_type
smali_classes2\飘花落叶言楪世子苏哲兰\飘花落叶言子楪世苏兰哲.smali	9288	1c051f1a04180e1c2c00130c	operator_uid
smali_classes2\飘花落叶言楪世子苏哲兰\飘花落叶言子楪世苏兰哲.smali	9294	1407151d153314071d	group_uin
smali_classes2\飘花落叶言楪世子苏哲兰\飘花落叶言子楪世苏兰哲.smali	9300	10071f09110905311201	created_at
smali_classes2\飘花落叶言楪世子苏哲兰\飘花落叶言子楪世苏兰哲.smali	9306	0307151c0a0e14082c111b1c04	protobuf_data
smali_classes2\飘花落叶言楪世子苏哲兰\飘花落叶言子楪世苏兰哲.smali	9312	1a1b1e0d1d33130b101416043a01041d00141d0d1633110b1607251d0c083e030012251b001d3e0d1b140e371115110b	index_recall_messages_peer_uid_msg_seq_chat_type
smali_classes2\飘花落叶言楪世子苏哲兰\飘花落叶言子楪世苏兰哲.smali	9318	1a1b1e0d1d33130b101416043a01041d00141d0d1633021c16140e0d0133001a	index_recall_messages_created_at
smali_classes2\飘花落叶言楪世子苏哲兰\飘花落叶言子楪世苏兰哲.smali	9324	0110190909003e0316060909020912	recall_messages
smali_classes2\飘花落叶言楪世子苏哲兰\飘花落叶言子楪世苏兰哲.smali	9330	0110190909003e031606090902091246071a0a4616191b0616191b064b1d121a1c070346010d150f1114090d4b090f1a1a0103463709020f1f19370d161f00091630141c0c1818475d7f5a2d1d1c040d07101e526f	recall_messages(top.suzhelan.qstory.database.entity.RecallMessageEntity).\n Expected:\n
smali_classes2\飘花落叶言楪世子苏哲兰\飘花落叶言子楪世苏兰哲.smali	9336	79553c071002055479	\n Found:\n
smali_classes2\飘花落叶言楪世子苏哲兰\飘花落叶言子楪世苏兰哲.smali	9342	12000e072805061c120113070b3f110b1006	autoMigrationSpecs
smali_classes2\飘花落叶言楪世子苏哲兰\飘花落叶言子楪世苏兰哲.smali	9348	211019090900280017100225040200091607	RecallIndexManager
smali_classes2\飘花落叶言楪世子苏哲兰\飘花落叶言子楪世苏兰哲.smali	9354	95c2c18defcc87fcd790e1f68dc2d18bcee09fccd484d5cb	添加撤回记录失败
smali_classes2\飘花落叶言楪世子苏哲兰\飘花落叶言子楪世苏兰哲.smali	9360	95fcc381e2e387d9c890f0c883fec58be8eb92c6d589dcfb96d1cb80d1c9	批量添加撤回记录失败
smali_classes2\飘花落叶言楪世子苏哲兰\飘花落叶言子楪世苏兰哲.smali	9366	95fcfa8ef9e587fbc393f7c680dbd388cbf09dc1df	所有数据已清空
smali_classes2\飘花落叶言楪世子苏哲兰\飘花落叶言子楪世苏兰哲.smali	9372	95cdff8fccd687fbc393f7c680c8d086c7d0	清空数据失败
smali_classes2\飘花落叶言楪世子苏哲兰\飘花落叶言子楪世苏兰哲.smali	9378	161b0e011105041d	entities
smali_classes2\飘花落叶言楪世子苏哲兰\飘花落叶言子楪世苏兰哲.smali	9384	1507130d0b083e0d1c00141c	friend_count
smali_classes2\飘花落叶言楪世子苏哲兰\飘花落叶言子楪世苏兰哲.smali	9390	1407151d15330201061b0e	group_count
smali_classes2\飘花落叶言楪世子苏哲兰\飘花落叶言子楪世苏兰哲.smali	9396	071a0e0909330201061b0e	total_count
smali_classes2\飘花落叶言楪世子苏哲兰\飘花落叶言子楪世苏兰哲.smali	9402	1a1b1e0d1d330d0112111f0c	index_loaded
smali_classes2\飘花落叶言楪世子苏哲兰\飘花落叶言子楪世苏兰哲.smali	9408	1a1b1e0d1d330d011211251c0c0104311e06	index_load_time_ms
smali_classes2\飘花落叶言楪世子苏哲兰\飘花落叶言子楪世苏兰哲.smali	9414	17172519100913172c16151d0b18	db_query_count
smali_classes2\飘花落叶言楪世子苏哲兰\飘花落叶言子楪世苏兰哲.smali	9420	17172519100913172c01151c04003e1a1a181f37081f	db_query_total_time_ms
smali_classes2\飘花落叶言楪世子苏哲兰\飘花落叶言子楪世苏兰哲.smali	9426	12031d371419041c0a2a0e0108093e0300	avg_query_time_ms
smali_classes2\飘花落叶言楪世子苏哲兰\飘花落叶言子楪世苏兰哲.smali	9432	1014190000330907072a1907100215	cache_hit_count
smali_classes2\飘花落叶言楪世子苏哲兰\飘花落叶言子楪世苏兰哲.smali	9438	1014190000330c070006250b0a190f1a	cache_miss_count
smali_classes2\飘花落叶言楪世子苏哲兰\飘花落叶言子楪世苏兰哲.smali	9444	1014190000330907072a08091109	cache_hit_rate
smali_classes2\飘花落叶言楪世子苏哲兰\飘花落叶言子楪世苏兰哲.smali	9450	071a0e090933101b1607130d16	total_queries
smali_classes2\飘花落叶言楪世子苏哲兰\飘花落叶言子楪世苏兰哲.smali	9456	211019090900321a1c071b0f00250f0707	RecallStorageInit
smali_classes2\飘花落叶言楪世子苏哲兰\飘花落叶言子楪世苏兰哲.smali	9462	96fde78dc2e784e2e590ded98dd8c4	初始化失败
smali_classes2\飘花落叶言楪世子苏哲兰\飘花落叶言子楪世苏兰哲.smali	9468	9aedc88ef7c884f5ed90d7f080eec989c0ce9dd3fa89d6dc96fde78dc2e784e2e59ac6e48ddbd286ccf293efe889c5e396fde78dc2e784e2e5	防撤回存储系统已初始化，跳过重复初始化
smali_classes2\飘花落叶言楪世子苏哲兰\飘花落叶言子楪世苏兰哲.smali	9474	96c9fa8dc2e784e6ee90dde380e0f787ebc79cfac189faf096d8e28de7c486ddc892c1f74b424f	开始初始化防撤回存储系统...
smali_classes2\飘花落叶言楪世子苏哲兰\飘花落叶言子楪世苏兰哲.smali	9480	9aedc88ef7c884f5ed90d7f080eec989c0ce9dd3fa89e9f396d2f18de9fa84c0ff93f2f8	防撤回存储系统初始化完成
smali_classes2\飘花落叶言楪世子苏哲兰\飘花落叶言子楪世苏兰哲.smali	9486	1a1b131c0c0d0d0709101e	initialized
smali_classes2\飘花落叶言楪世子苏哲兰\飘花落叶言子楪世苏兰哲.smali	9492	3a1b1e0d1d3e040d1c071e400c085c	IndexRecord(id=
smali_classes2\飘花落叶言楪世子苏哲兰\飘花落叶言子楪世苏兰哲.smali	9498	5f550a0d001e3e1b1a1147	, peer_uid=
smali_classes2\飘花落叶言楪世子苏哲兰\飘花落叶言子楪世苏兰哲.smali	9504	5f55171b0233120b0248	, msg_seq=
smali_classes2\飘花落叶言楪世子苏哲兰\飘花落叶言子楪世苏兰哲.smali	9510	3a3b292d373841212155282d3520202d365533263123410e0110190909003e03160609090209120e535d1a01010c4d0e03101f1a3a19080a13591a05160b3e1d16041a44050f090f072a0e1115090142131a0a0d170d1501012a0f01010c4d0e1407151d153314071d155608061e040f07101e3704180142130508071103031b152a1e09110d014753233b243029324e5b1b0f04090507464c595a584c405e424c5945445a405e424c594541	INSERT OR REPLACE INTO `recall_messages` (`id`,`peer_uid`,`msg_seq`,`chat_type`,`operator_uid`,`group_uin`,`created_at`,`protobuf_data`) VALUES (nullif(?, 0),?,?,?,?,?,?,?)
smali_classes2\飘花落叶言楪世子苏哲兰\飘花落叶言子楪世苏兰哲.smali	9516	00011b1c0001040007	statement
smali_classes2\飘花落叶言楪世子苏哲兰\飘花落叶言子楪世苏兰哲.smali	9522	79555a48454c414e53263f24202f354e59553c3a2a21411c16161b0409330c0b00061b0f001f6b4e53555a48454c41393b30282d451c040b012a0f01014c5c4e4c7f5a48454c414e53555a482422254e1e061d371609104e4e554562454c414e53555a48454c20203755190004183e1a0a051f48584c5e6453555a48454c414e3f3c3721314c506453555a48	\n        SELECT * FROM recall_messages\n        WHERE peer_uid = ?\n          AND msg_seq = ?\n          AND chat_type = ?\n        LIMIT 1\n    
smali_classes2\飘花落叶言楪世子苏哲兰\飘花落叶言子楪世苏兰哲.smali	9528	2030362d2638414453332827284c130b101416043a01041d00141d0d164c362636273f480c084153534a5a242c21283a5344	SELECT * FROM recall_messages WHERE id = ? LIMIT 1
smali_classes2\飘花落叶言楪世子苏哲兰\飘花落叶言子楪世苏兰哲.smali	9534	79555a48454c414e53263f24202f354e1a1156481509041c2c00130c494c0c1d142a090d1466414e53555a48454c273c3c385a1a000f00021f2a170d161f000916067048454c414e53555a3f2d29332b531612091133151703105a55455d6b4e53555a	\n        SELECT id, peer_uid, msg_seq\n        FROM recall_messages\n        WHERE chat_type = 1\n    
smali_classes2\飘花落叶言楪世子苏哲兰\飘花落叶言子楪世苏兰哲.smali	9540	79555a48454c414e53263f24202f354e1a1156481509041c2c00130c494c0c1d142a090d1466414e53555a48454c273c3c385a1a000f00021f2a170d161f000916067048454c414e53555a3f2d29332b531612091133151703105a55455e6b4e53555a	\n        SELECT id, peer_uid, msg_seq\n        FROM recall_messages\n        WHERE chat_type = 2\n    
smali_classes2\飘花落叶言楪世子苏哲兰\飘花落叶言子楪世苏兰哲.smali	9546	2030362d2638412d3c20343c4d46484e35273525451e040d121916370809121d12121f1b453b292b21305a0b0d0d1531070c0a0d4551415f	SELECT COUNT(*) FROM recall_messages WHERE chat_type = 1
smali_classes2\飘花落叶言楪世子苏哲兰\飘花落叶言子楪世苏兰哲.smali	9552	2030362d2638412d3c20343c4d46484e35273525451e040d121916370809121d12121f1b453b292b21305a0b0d0d1531070c0a0d4551415c	SELECT COUNT(*) FROM recall_messages WHERE chat_type = 2
smali_classes2\飘花落叶言楪世子苏哲兰\飘花落叶言子楪世苏兰哲.smali	9558	2030362d2638412d3c20343c4d46484e35273525451e040d121916370809121d12121f1b	SELECT COUNT(*) FROM recall_messages
smali_classes2\飘花落叶言楪世子苏哲兰\飘花落叶言子楪世苏兰哲.smali	9564	2030362d263841233a3b520b1709001a1611250911454128213a37481709020f1f192505001f120f141009	SELECT MIN(created_at) FROM recall_messages
smali_classes2\飘花落叶言楪世子苏哲兰\飘花落叶言子楪世苏兰哲.smali	9570	2030362d26384123322d520b1709001a1611250911454128213a37481709020f1f192505001f120f141009	SELECT MAX(created_at) FROM recall_messages
smali_classes2\飘花落叶言楪世子苏哲兰\飘花落叶言子楪世苏兰哲.smali	9576	3730362d31294128213a37481709020f1f192505001f120f141009483224243c3655191a000d150b172a1b1c45504151	DELETE FROM recall_messages WHERE created_at < ?
smali_classes2\飘花落叶言楪世子苏哲兰\飘花落叶言子楪世苏兰哲.smali	9582	3730362d31294128213a37481709020f1f192505001f120f141009	DELETE FROM recall_messages
smali_classes2\飘花落叶言楪世子苏哲兰\飘花落叶言子楪世苏兰哲.smali	9588	2c1615060b09021a1a1a14	_connection
smali_classes2\飘花落叶言楪世子苏哲兰\飘花落叶言子楪世苏兰哲.smali	9594	071a0a4616191b0616191b064b1d121a1c070346010d150f1114090d4b090f1a1a0103463709020f1f19370d161f00091630141c0c1818	top.suzhelan.qstory.database.entity.RecallMessageEntity
smali_classes2\飘花落叶言楪世子苏哲兰\飘花落叶言子楪世苏兰哲.smali	9600	1d001604450f00001d1a0e480709410d12060e48110341001c1b570610000d4e070c0a0d45180e1e5d060f120d090d0f1d5b0b1b110313175d111b1c040e001d165b1f06110515175d271f0b04000d231606090902092400071c0e11	null cannot be cast to non-null type top.suzhelan.qstory.database.entity.RecallMessageEntity
smali_classes2\飘花落叶言楪世子苏哲兰\飘花落叶言子楪世苏兰哲.smali	9606	2110190909002c0b00061b0f00290f1a1a0103400c085c	RecallMessageEntity(id=
smali_classes2\飘花落叶言楪世子苏哲兰\飘花落叶言子楪世苏兰哲.smali	9612	5f55190004183e1a0a051f55	, chat_type=
smali_classes2\飘花落叶言楪世子苏哲兰\飘花落叶言子楪世苏兰哲.smali	9618	5f551518001e001a1c07251d0c085c	, operator_uid=
smali_classes2\飘花落叶言楪世子苏哲兰\飘花落叶言子楪世苏兰哲.smali	9624	5f551d1a0a191131061c1455	, group_uin=
smali_classes2\飘花落叶言楪世子苏哲兰\飘花落叶言子楪世苏兰哲.smali	9630	5f55191a000d150b172a1b1c58	, created_at=
smali_classes2\飘花落叶言楪世子苏哲兰\飘花落叶言子楪世苏兰哲.smali	9636	5f550a1a0a180e0c0613250c04180053	, protobuf_data=
smali_classes2\飘花落叶言楪世子苏哲兰\飘花落叶言子楪世苏兰哲.smali	9642	3b14093d1508001a165d12091639110a12011f55	HasUpdate(hasUpdate=
smali_classes2\飘花落叶言楪世子苏哲兰\飘花落叶言子楪世苏兰哲.smali	9648	5f55131b2303130d16200a0c04180453	, isForceUpdate=
smali_classes2\飘花落叶言楪世子苏哲兰\飘花落叶言子楪世苏兰哲.smali	9654	5f550c0d171f08011d48	, version=
smali_classes2\飘花落叶言楪世子苏哲兰\飘花落叶言子楪世苏兰哲.smali	9660	10071f09110935071e10	createTime
smali_classes2\飘花落叶言楪世子苏哲兰\飘花落叶言子楪世苏兰哲.smali	9666	1c051f1a04180e1c	operator
smali_classes2\飘花落叶言楪世子苏哲兰\飘花落叶言子楪世苏兰哲.smali	9672	1d1a0d404b424f47	now(...)
smali_classes2\飘花落叶言楪世子苏哲兰\飘花落叶言子楪世苏兰哲.smali	9678	3d1a0e010609490d1c1b0e0d0b185c	Notice(content=
smali_classes2\飘花落叶言楪世子苏哲兰\飘花落叶言子楪世苏兰哲.smali	9684	5f55191a000d150b271c170d58	, createTime=
smali_classes2\飘花落叶言楪世子苏哲兰\飘花落叶言子楪世苏兰哲.smali	9690	5f551518001e001a1c0747	, operator=
smali_classes2\飘花落叶言楪世子苏哲兰\飘花落叶言子楪世苏兰哲.smali	9696	5f550e0111000453	, title=
smali_classes2\飘花落叶言楪世子苏哲兰\飘花落叶言子楪世苏兰哲.smali	9702	06051e0911092d0114	updateLog
smali_classes2\飘花落叶言楪世子苏哲兰\飘花落叶言子楪世苏兰哲.smali	9708	0510081b0c030f2012181f	versionName
smali_classes2\飘花落叶言楪世子苏哲兰\飘花落叶言子楪世苏兰哲.smali	9714	26051e0911092800151a520e0c00042012181f55	UpdateInfo(fileName=
smali_classes2\飘花落叶言楪世子苏哲兰\飘花落叶言子楪世苏兰哲.smali	9720	5f551c07170f043b03111b1c0051	, forceUpdate=
smali_classes2\飘花落叶言楪世子苏哲兰\飘花落叶言子楪世苏兰哲.smali	9726	5f550f18010d150b3f1a1d55	, updateLog=
smali_classes2\飘花落叶言楪世子苏哲兰\飘花落叶言子楪世苏兰哲.smali	9732	5f550c0d171f08011d36150c0051	, versionCode=
smali_classes2\飘花落叶言楪世子苏哲兰\飘花落叶言子楪世苏兰哲.smali	9738	5f550c0d171f08011d3b1b050051	, versionName=
smali_classes2\飘花落叶言楪世子苏哲兰\飘花落叶言子楪世苏兰哲.smali	9744	071a0a4616191b0616191b064b1d121a1c07034600021507070c5418170315015d3c140e0a3f180010250f1b0d	top.suzhelan.qstory.entity.proto.InfoSyncPush
smali_classes2\飘花落叶言楪世子苏哲兰\飘花落叶言子楪世苏兰哲.smali	9750	071a0a4616191b0616191b064b1d121a1c07034600021507070c5418170315015d3c140e0a3f180010250f1b0d4232171d1639070b18040007	top.suzhelan.qstory.entity.proto.InfoSyncPush.SyncContent
smali_classes2\飘花落叶言楪世子苏哲兰\飘花落叶言子楪世苏兰哲.smali	9756	071a0a4616191b0616191b064b1d121a1c07034600021507070c5418170315015d3c140e0a3f180010250f1b0d4232171d1639070b180400075b3d1a0a19113d0a1b192b0a02150b1d01	top.suzhelan.qstory.entity.proto.InfoSyncPush.SyncContent.GroupSyncContent
smali_classes2\飘花落叶言楪世子苏哲兰\飘花落叶言子楪世苏兰哲.smali	9762	071a0a4616191b0616191b064b1d121a1c07034600021507070c5418170315015d3c140e0a3f180010250f1b0d4232171d16280d060d0d023c051f1a041804271d1315	top.suzhelan.qstory.entity.proto.InfoSyncPush.SyncRecallOperateInfo
smali_classes2\飘花落叶言楪世子苏哲兰\飘花落叶言子楪世苏兰哲.smali	9768	000c140b2c020701311a1e112905121a	syncInfoBodyList
smali_classes2\飘花落叶言楪世子苏哲兰\飘花落叶言子楪世苏兰哲.smali	9774	071a0a4616191b0616191b064b1d121a1c07034600021507070c5418170315015d3c140e0a3f180010250f1b0d4232171d16280d060d0d023c051f1a041804271d13154636150f0d3a1b1c0727030517	top.suzhelan.qstory.entity.proto.InfoSyncPush.SyncRecallOperateInfo.SyncInfoBody
smali_classes2\飘花落叶言楪世子苏哲兰\飘花落叶言子楪世苏兰哲.smali	9780	071a0a4616191b0616191b064b1d121a1c07034600021507070c5418170315015d3c140e0a3f180010250f1b0d4232171d16280d060d0d023c051f1a041804271d13154636150f0d3a1b1c072d09000a	top.suzhelan.qstory.entity.proto.InfoSyncPush.SyncRecallOperateInfo.SyncInfoHead
smali_classes2\飘花落叶言楪世子苏哲兰\飘花落叶言子楪世苏兰哲.smali	9786	5f5509110b0f2800151a380701152d07000147	, syncInfoBodyList=
smali_classes2\飘花落叶言楪世子苏哲兰\飘花落叶言子楪世苏兰哲.smali	9792	071a0a4616191b0616191b064b1d121a1c07034600021507070c5418170315015d38090f35191206	top.suzhelan.qstory.entity.proto.MsgPush
smali_classes2\飘花落叶言楪世子苏哲兰\飘花落叶言子楪世苏兰哲.smali	9798	071a0a4616191b0616191b064b1d121a1c07034600021507070c5418170315015d242b25001f120f1410	top.suzhelan.qstory.entity.proto.QQMessage
smali_classes2\飘花落叶言楪世子苏哲兰\飘花落叶言子楪世苏兰哲.smali	9804	071a0a4616191b0616191b064b1d121a1c07034600021507070c5418170315015d242b25001f120f14105425001f120f141038070115	top.suzhelan.qstory.entity.proto.QQMessage.MessageBody
smali_classes2\飘花落叶言楪世子苏哲兰\飘花落叶言子楪世苏兰哲.smali	9810	071a0a4616191b0616191b064b1d121a1c07034600021507070c5418170315015d242b25001f120f14105425001f120f1410380701154f2d4136280d060d0d023c051f1a041808011d3c140e0a	top.suzhelan.qstory.entity.proto.QQMessage.MessageBody.C2CRecallOperationInfo
smali_classes2\飘花落叶言楪世子苏哲兰\飘花落叶言子楪世苏兰哲.smali	9816	071a0a4616191b0616191b064b1d121a1c07034600021507070c5418170315015d242b25001f120f14105425001f120f1410380701154f2d4136280d060d0d023c051f1a041808011d3c140e0a422800151a	top.suzhelan.qstory.entity.proto.QQMessage.MessageBody.C2CRecallOperationInfo.Info
smali_classes2\飘花落叶言楪世子苏哲兰\飘花落叶言子楪世苏兰哲.smali	9822	071a0a4616191b0616191b064b1d121a1c07034600021507070c5418170315015d242b25001f120f14105425001f120f1410380701154f29011a0f183709020f1f193518001e001a1a1a14210b0a0e	top.suzhelan.qstory.entity.proto.QQMessage.MessageBody.GroupRecallOperationInfo
smali_classes2\飘花落叶言楪世子苏哲兰\飘花落叶言子楪世苏兰哲.smali	9828	071a0a4616191b0616191b064b1d121a1c07034600021507070c5418170315015d242b25001f120f14105425001f120f1410380701154f29011a0f183709020f1f193518001e001a1a1a14210b0a0e403a1b1c07	top.suzhelan.qstory.entity.proto.QQMessage.MessageBody.GroupRecallOperationInfo.Info
smali_classes2\飘花落叶言楪世子苏哲兰\飘花落叶言子楪世苏兰哲.smali	9834	071a0a4616191b0616191b064b1d121a1c07034600021507070c5418170315015d242b25001f120f14105425001f120f1410380701154f29011a0f183709020f1f193518001e001a1a1a14210b0a0e403a1b1c074b2112093a1b1c07	top.suzhelan.qstory.entity.proto.QQMessage.MessageBody.GroupRecallOperationInfo.Info.MsgInfo
smali_classes2\飘花落叶言楪世子苏哲兰\飘花落叶言子楪世苏兰哲.smali	9840	071a0a4616191b0616191b064b1d121a1c07034600021507070c5418170315015d242b25001f120f14105425001f120f1410380701154f3c1a161225160b	top.suzhelan.qstory.entity.proto.QQMessage.MessageBody.RichMsg
smali_classes2\飘花落叶言楪世子苏哲兰\飘花落叶言子楪世苏兰哲.smali	9846	071a0a4616191b0616191b064b1d121a1c07034600021507070c5418170315015d242b25001f120f14105425001f120f1410380701154f3c1a161225160b4f23001239070b18040007	top.suzhelan.qstory.entity.proto.QQMessage.MessageBody.RichMsg.MsgContent
smali_classes2\飘花落叶言楪世子苏哲兰\飘花落叶言子楪世苏兰哲.smali	9852	071a0a4616191b0616191b064b1d121a1c07034600021507070c5418170315015d242b25001f120f14105425001f120f1410380701154f3c1a161225160b4f23001239070b180400075b371b023f0400171008	top.suzhelan.qstory.entity.proto.QQMessage.MessageBody.RichMsg.MsgContent.MsgSender
smali_classes2\飘花落叶言楪世子苏哲兰\飘花落叶言子楪世苏兰哲.smali	9858	071a0a4616191b0616191b064b1d121a1c07034600021507070c5418170315015d242b25001f120f14105425001f120f1410380701154f3c1a161225160b4f23001239070b180400075b2e0d1d182c1d14	top.suzhelan.qstory.entity.proto.QQMessage.MessageBody.RichMsg.MsgContent.TextMsg
smali_classes2\飘花落叶言楪世子苏哲兰\飘花落叶言子楪世苏兰哲.smali	9864	071a0a4616191b0616191b064b1d121a1c07034600021507070c5418170315015d242b25001f120f14105425001f120f141039070b180400073c140e0a	top.suzhelan.qstory.entity.proto.QQMessage.MessageContentInfo
smali_classes2\飘花落叶言楪世子苏哲兰\飘花落叶言子楪世苏兰哲.smali	9870	071a0a4616191b0616191b064b1d121a1c07034600021507070c5418170315015d242b25001f120f14105425001f120f1410320d0408	top.suzhelan.qstory.entity.proto.QQMessage.MessageHead
smali_classes2\飘花落叶言楪世子苏哲兰\飘花落叶言子楪世苏兰哲.smali	9876	071a0a4616191b0616191b064b1d121a1c07034600021507070c5418170315015d242b25001f120f14105425001f120f1410320d04084f3d161b1e0d17250f081c	top.suzhelan.qstory.entity.proto.QQMessage.MessageHead.SenderInfo
smali_classes2\飘花落叶言楪世子苏哲兰\飘花落叶言子楪世苏兰哲.smali	9882	1e1a1e1d0909201e18	moduleApk
smali_classes2\飘花落叶言楪世子苏哲兰\飘花落叶言子楪世苏兰哲.smali	9888	12050a040c0f001a1a1a142b0a02150b0b01	applicationContext
smali_classes2\飘花落叶言楪世子苏哲兰\飘花落叶言子楪世苏兰哲.smali	9894	5c04093706030f081a12	/qs_config
smali_classes2\飘花落叶言楪世子苏哲兰\飘花落叶言子楪世苏兰哲.smali	9900	5c111b1c0443191e1b101618001e	/data/xphelper
smali_classes2\飘花落叶言楪世子苏哲兰\飘花落叶言子楪世苏兰哲.smali	9906	1d001604450f00001d1a0e480709410d12060e48110341001c1b570610000d4e070c0a0d45060018125b0f1c0c004f2f01071b112905121a4f1e151c09050f40321b0356	null cannot be cast to non-null type java.util.ArrayList<kotlin.Any>
smali_classes2\飘花落叶言楪世子苏哲兰\飘花落叶言子楪世苏兰哲.smali	9912	95fce98dd9ec303d071a0811	打开QStory
smali_classes2\飘花落叶言楪世子苏哲兰\飘花落叶言子楪世苏兰哲.smali	9918	17071b1f040e0d0b	drawable
smali_classes2\飘花落叶言楪世子苏哲兰\飘花落叶言子楪世苏兰哲.smali	9924	1d001604450f00001d1a0e480709410d12060e48110341001c1b570610000d4e070c0a0d450d0f0a011a130c4b1a080b045b2c01001b	null cannot be cast to non-null type android.view.View
smali_classes2\飘花落叶言楪世子苏哲兰\飘花落叶言子楪世苏兰哲.smali	9930	95fce98dd9ec303d071a08112f0d170f9bf1e08ef9c0	打开QStoryJava脚本
smali_classes2\飘花落叶言楪世子苏哲兰\飘花落叶言子楪世苏兰哲.smali	9936	101a174611090f0d161b0e4612050509160154380a1c141e3e10141d210500021c12	com.tencent.widget.PopupMenuDialog
smali_classes2\飘花落叶言楪世子苏哲兰\飘花落叶言子楪世苏兰哲.smali	9942	10071f091109200017340e1c040f09270710171b33050419	createAndAttachItemsView
smali_classes2\飘花落叶言楪世子苏哲兰\飘花落叶言子楪世苏兰哲.smali	9948	3e061d3e0c09162717341e091518041c	MsgViewIdAdapter
smali_classes2\飘花落叶言楪世子苏哲兰\飘花落叶言子楪世苏兰哲.smali	9954	14100e404b424f47	get(...)
smali_classes2\飘花落叶言楪世子苏哲兰\飘花落叶言子楪世苏兰哲.smali	9960	151c081b11444f405d5c	first(...)
smali_classes2\飘花落叶言楪世子苏哲兰\飘花落叶言子楪世苏兰哲.smali	9966	1b14140c0909342720011b1c00	handleUIState
smali_classes2\飘花落叶言楪世子苏哲兰\飘花落叶言子楪世苏兰哲.smali	9972	101a174611090f0d161b0e46081a08401114090d4b0117075d380c013025321a12011f	com.tencent.mvi.base.mvi.MviUIState
smali_classes2\飘花落叶言楪世子苏哲兰\飘花落叶言子楪世苏兰哲.smali	9978	2824291c0a1e183396c2c88dcad52c1d1423130d1284def59bd4f681e5ee88ebfe599fd3df84cfc09af2f78df5c385d6f393d6c9343d	[QStory]已对MsgView进行适配,建议重启一次QQ
smali_classes2\飘花落叶言楪世子苏哲兰\飘花落叶言子楪世苏兰哲.smali	9984	14100e290900331b1d1b1306023c0d1b141c14240a0d050b015d54464b45	getAllRunningPluginLoader(...)
smali_classes2\飘花落叶言楪世子苏哲兰\飘花落叶言子楪世苏兰哲.smali	9990	2824291c0a1e18335390cdda80e4e688fed72b398dd8c78bfcc25a80cadb88e9fe93ecd880d0e18be3da92ecff8afdc2539ce2da83c1c386f7ef9cf4c989ddee96e5d58fefda87eef293cddf81d5d0	[QStory] 已切换QQ账号 请重新开启脚本 防止脚本开启状态混乱
smali_classes2\飘花落叶言楪世子苏哲兰\飘花落叶言子楪世苏兰哲.smali	9996	14100e2c000f0d0f01101e2500180901170652464b4248	getDeclaredMethods(...)
smali_classes2\飘花落叶言楪世子苏哲兰\飘花落叶言子楪世苏兰哲.smali	10002	101a174611090f0d161b0e46141d0f1a5d1e1f1a0b090d401d140e01130908000710080e040f04403a242b26313b130f03051f1a3609121d1a1a144c261c113e011a0211	com.tencent.qqnt.kernel.nativeinterface.IQQNTWrapperSession$CppProxy
smali_classes2\飘花落叶言楪世子苏哲兰\飘花落叶言子楪世苏兰哲.smali	10008	101a174611090f0d161b0e46141d0f1a5d1e1f1a0b090d401d140e01130908000710080e040f0440230009002014151c123c140e0a	com.tencent.qqnt.kernel.nativeinterface.PushExtraInfo
smali_classes2\飘花落叶言楪世子苏哲兰\飘花落叶言子楪世苏兰哲.smali	10014	1c1b371b033c141d1b	onMsfPush
smali_classes2\飘花落叶言楪世子苏哲兰\飘花落叶言子楪世苏兰哲.smali	10020	1d001604450f00001d1a0e480709410d12060e48110341001c1b570610000d4e070c0a0d45070e1a1f1c1446361813071d12	null cannot be cast to non-null type kotlin.String
smali_classes2\飘花落叶言楪世子苏哲兰\飘花落叶言子楪世苏兰哲.smali	10026	1d001604450f00001d1a0e480709410d12060e48110341001c1b570610000d4e070c0a0d45070e1a1f1c14462715150b320708091c	null cannot be cast to non-null type kotlin.ByteArray
smali_classes2\飘花落叶言楪世子苏哲兰\飘花落叶言子楪世苏兰哲.smali	10032	07070a0b4b0112095d071f0f0c1f150b012a0a1a0a14184021101d011618041c230715101c422800151a29110b0f311b001d	trpc.msg.register_proxy.RegisterProxy.InfoSyncPush
smali_classes2\飘花落叶言楪世子苏哲兰\飘花落叶言子楪世苏兰哲.smali	10038	1b1a15032c180403	hookItem
smali_classes2\飘花落叶言楪世子苏哲兰\飘花落叶言子楪世苏兰哲.smali	10044	1c1b371b023a080b04200a0c041804221a060e0d0b0913	onMsgViewUpdateListener
smali_classes2\飘花落叶言楪世子苏哲兰\飘花落叶言子楪世苏兰哲.smali	10050	4f121f1c480704174d5d54464b45	<get-key>(...)
smali_classes2\飘花落叶言楪世子苏哲兰\飘花落叶言子楪世苏兰哲.smali	10056	4f121f1c481a0002061044404b424f47	<get-value>(...)
smali_classes2\飘花落叶言楪世子苏哲兰\飘花落叶言子楪世苏兰哲.smali	10062	1c1b371b0220081d0710140d17	onMsgListener
smali_classes2\飘花落叶言楪世子苏哲兰\飘花落叶言子楪世苏兰哲.smali	10068	3c1b371b0225150b1e5d12070a07281a161847	OnMsgItem(hookItem=
smali_classes2\飘花落叶言楪世子苏哲兰\飘花落叶言子楪世苏兰哲.smali	10074	5f551506281f06221a060e0d0b091353	, onMsgListener=
smali_classes2\飘花落叶言楪世子苏哲兰\飘花落叶言子楪世苏兰哲.smali	10080	1d100d2b040f090b1721121a000d053e1c1a16404b424f47	newCachedThreadPool(...)
smali_classes2\飘花落叶言楪世子苏哲兰\飘花落叶言子楪世苏兰哲.smali	10086	101a174611090f0d161b0e46141d0f1a5d18090f4b2112092010081e0c0f044a12	com.tencent.qqnt.msg.MsgService$a
smali_classes2\飘花落叶言楪世子苏哲兰\飘花落叶言子楪世苏兰哲.smali	10092	101a174611090f0d161b0e46141d0f1a5d18090f4b2112092010081e0c0f044a17	com.tencent.qqnt.msg.MsgService$d
smali_classes2\飘花落叶言楪世子苏哲兰\飘花落叶言子楪世苏兰哲.smali	10098	101a174611090f0d161b0e46141d0f1a5d1e1f1a0b090d40120513460c0111025d38090f360913181a161f4c07	com.tencent.qqnt.kernel.api.impl.MsgService$b
smali_classes2\飘花落叶言楪世子苏哲兰\飘花落叶言子楪世苏兰哲.smali	10104	101a174611090f0d161b0e46141d0f1a5d1e1f1a0b090d40120513460c0111025d38090f360913181a161f4c01	com.tencent.qqnt.kernel.api.impl.MsgService$d
smali_classes2\飘花落叶言楪世子苏哲兰\飘花落叶言子楪世苏兰哲.smali	10110	101a174611090f0d161b0e46141d0f1a5d18090f4b2112092010081e0c0f044a10	com.tencent.qqnt.msg.MsgService$c
smali_classes2\飘花落叶言楪世子苏哲兰\飘花落叶言子楪世苏兰哲.smali	10116	1c1b280d061a2c1d14	onRecvMsg
smali_classes2\飘花落叶言楪世子苏哲兰\飘花落叶言子楪世苏兰哲.smali	10122	1c1b371b02250f081c39131b1139110a12011f	onMsgInfoListUpdate
smali_classes2\飘花落叶言楪世子苏哲兰\飘花落叶言子楪世苏兰哲.smali	10128	0010140c3618001a0606	sendStatus
smali_classes2\飘花落叶言楪世子苏哲兰\飘花落叶言子楪世苏兰哲.smali	10134	1a06350609050f0b3e061d	isOnlineMsg
smali_classes2\飘花落叶言楪世子苏哲兰\飘花落叶言子楪世苏兰哲.smali	10140	3c1b2b392809121d12121f	OnQQMessage
smali_classes2\飘花落叶言楪世子苏哲兰\飘花落叶言子楪世苏兰哲.smali	10146	1e100e000a085b4e	method: 
smali_classes2\飘花落叶言楪世子苏哲兰\飘花落叶言子楪世苏兰哲.smali	10152	101a174611090f0d161b0e46141d0f1a5d1e1f1a0b090d401d140e01130908000710080e040f04403a3e1f1a0b090d2300123601161804001607	com.tencent.qqnt.kernel.nativeinterface.IKernelMsgListener
smali_classes2\飘花落叶言楪世子苏哲兰\飘花落叶言子楪世苏兰哲.smali	10158	1d100d38170319173a1b091c0402020b5b5b54464c	newProxyInstance(...)
smali_classes2\飘花落叶言楪世子苏哲兰\飘花落叶言子楪世苏兰哲.smali	10164	12111e25160b2d0700011f06001e	addMsgListener
smali_classes2\飘花落叶言楪世子苏哲兰\飘花落叶言子楪世苏兰哲.smali	10170	101a174611090f0d161b0e4604050e4017140e094b2d28212314080908	com.tencent.aio.data.AIOParam
smali_classes2\飘花落叶言楪世子苏哲兰\飘花落叶言子楪世苏兰哲.smali	10176	101a174611090f0d161b0e4604050e4017140e094b2d28212010091b0c030f	com.tencent.aio.data.AIOSession
smali_classes2\飘花落叶言楪世子苏哲兰\飘花落叶言子楪世苏兰哲.smali	10182	101a174611090f0d161b0e4604050e401114090d4b0f090f075b39000418310716	com.tencent.aio.base.chat.ChatPie
smali_classes2\飘花落叶言楪世子苏哲兰\飘花落叶言子楪世苏兰哲.smali	10188	101a174611090f0d161b0e4604050e401e1413064b0a130f14181f061142220612013c1a040b0c0b1d01	com.tencent.aio.main.fragment.ChatFragment
smali_classes2\飘花落叶言楪世子苏哲兰\飘花落叶言子楪世苏兰哲.smali	10194	14100e2e17050400170633060303320b0103130b00	getFriendsInfoService
smali_classes2\飘花落叶言楪世子苏哲兰\飘花落叶言子楪世苏兰哲.smali	10200	14100e290900271c1a10140c	getAllFriend
smali_classes2\飘花落叶言楪世子苏哲兰\飘花落叶言子楪世苏兰哲.smali	10206	3507130d0b081223121b1b0f001e3e0916013b04092a1307161b1e1b	FriendsManager_getAllFriends
smali_classes2\飘花落叶言楪世子苏哲兰\飘花落叶言子楪世苏兰哲.smali	10212	1d001604450f00001d1a0e480709410d12060e48110341001c1b570610000d4e070c0a0d45070e1a1f1c144606030d0216160e010a0212403f1c091c59465f	null cannot be cast to non-null type kotlin.collections.List<*>
smali_classes2\飘花落叶言楪世子苏哲兰\飘花落叶言子楪世苏兰哲.smali	10218	14100e2e0c090d0a5b5b54464c	getField(...)
smali_classes2\飘花落叶言楪世子苏哲兰\飘花落叶言子楪世苏兰哲.smali	10224	10140e0d020313173a11	categoryId
smali_classes2\飘花落叶言楪世子苏哲兰\飘花落叶言子楪世苏兰哲.smali	10230	323c353d11050d1d	AIOUtils
smali_classes2\飘花落叶言楪世子苏哲兰\飘花落叶言子楪世苏兰哲.smali	10236	14100e260c0f0a391a01123d0c08	getNickWithUid
smali_classes2\飘花落叶言楪世子苏哲兰\飘花落叶言子楪世苏兰哲.smali	10242	14100e2e17050400173b130b0e	getFriendNick
smali_classes2\飘花落叶言楪世子苏哲兰\飘花落叶言子楪世苏兰哲.smali	10248	14100e3b110d15071033130d090849405d5b53	getStaticField(...)
smali_classes2\飘花落叶言楪世子苏哲兰\飘花落叶言子楪世苏兰哲.smali	10254	14100e2e170504001736151d0b18	getFriendCount
smali_classes2\飘花落叶言楪世子苏哲兰\飘花落叶言子楪世苏兰哲.smali	10260	14100e2e170504001706390911090601010c380916092800151a	getFriendsCategoryBaseInfo
smali_classes2\飘花落叶言楪世子苏哲兰\飘花落叶言子楪世苏兰哲.smali	10266	3507130d0b081223121b1b0f001e	FriendsManager
smali_classes2\飘花落叶言楪世子苏哲兰\飘花落叶言子楪世苏兰哲.smali	10272	10140e0d020313173d14170d	categoryName
smali_classes2\飘花落叶言楪世子苏哲兰\飘花落叶言子楪世苏兰哲.smali	10278	10140e0d020313173a11474039084a47	categoryId=(\d+)
smali_classes2\飘花落叶言楪世子苏哲兰\飘花落叶言子楪世苏兰哲.smali	10284	10140e0d020313173d14170d58443a305f5c27434c	categoryName=([^,)]+)
smali_classes2\飘花落叶言楪世子苏哲兰\飘花落叶言子楪世苏兰哲.smali	10290	14100e2e1705040017361b1c000b0e1c1a1009	getFriendCategories
smali_classes2\飘花落叶言楪世子苏哲兰\飘花落叶言子楪世苏兰哲.smali	10296	14100e2e1705040017261305150004271d13153f0c18093b1a11	getFriendSimpleInfoWithUid
smali_classes2\飘花落叶言楪世子苏哲兰\飘花落叶言子楪世苏兰哲.smali	10302	3507130d0b08341a1a1909	FriendUtils
smali_classes2\飘花落叶言楪世子苏哲兰\飘花落叶言子楪世苏兰哲.smali	10308	3d100d25160b37071602330c2408001e071008455c5e525e	NewMsgViewIdAdapter-9230
smali_classes2\飘花落叶言楪世子苏哲兰\飘花落叶言子楪世苏兰哲.smali	10314	3225334582f7f08be3d92b398dd8c78bfcc29fe7fd8afada	API-监听QQ账号变更
smali_classes2\飘花落叶言楪世子苏哲兰\飘花落叶言子楪世苏兰哲.smali	10320	3225334582f7f08be3d99cdeed8ae0c195e7de8dfef24c88efdf9fc6fb84c2eb	API-监听消息撤回-未实装
smali_classes2\飘花落叶言楪世子苏哲兰\飘花落叶言子楪世苏兰哲.smali	10326	3c1b340d123d30381a100d3d1508001a1658435a565c	OnNewQQViewUpdate-9230
smali_classes2\飘花落叶言楪世子苏哲兰\飘花落叶言子楪世苏兰哲.smali	10332	322533452a02303f3e10091b040b04	API-OnQQMessage
smali_classes2\飘花落叶言楪世子苏哲兰\飘花落叶言子楪世苏兰哲.smali	10338	322533453609121d1a1a14370c0207012c131306013308001a01	API-Session_info_find_init
smali_classes2\飘花落叶言楪世子苏哲兰\飘花落叶言子楪世苏兰哲.smali	10344	9bcbff8defc584e4ec9df9d54a84d4ea95e3e38de8cd4e8bf6f492c6dd8afecb94e9f18dd9ee84d6cb9dcfec83faf88bfed4	辅助功能/资料卡/允许查看异常资料卡
smali_classes2\飘花落叶言楪世子苏哲兰\飘花落叶言子楪世苏兰哲.smali	10350	9bcbff8defc584e4ec9df9d54a89cff09adff68deff389edce5a9dcee48bf5c622249fedc988dbca96f8db	辅助功能/实验功能/禁用QQ公交卡
smali_classes2\飘花落叶言楪世子苏哲兰\飘花落叶言子楪世苏兰哲.smali	10356	9bcbff8defc584e4ec9df9d54a8ad7e695f4d581e5f686f1d65a2b398cecfb89ecd09ed4fd89edf8	辅助功能/消息通知/QQ通知优化
smali_classes2\飘花落叶言楪世子苏哲兰\飘花落叶言子楪世苏兰哲.smali	10362	96f2fa8de9fa4e86f2ff9fcccc4384dffc9deed5343d350112060e	净化/聊天/屏蔽QQToast
smali_classes2\飘花落叶言楪世子苏哲兰\飘花落叶言子楪世苏兰哲.smali	10368	96f2fa8de9fa4e86f2ff9fcccc4384dffc9deed581d4d588e4c39ed4ff84cef396c9c38fcffb	净化/聊天/屏蔽临时会话弹窗
smali_classes2\飘花落叶言楪世子苏哲兰\飘花落叶言子楪世苏兰哲.smali	10374	96f2fa8de9fa4e88c6fa92cfed89f8c65c92dce982f8c98bf5f09dd5cb8ad4e19bd2f28dfcc486d3e29cdbdd83e7c788fbdf	净化/浏览器/禁用内置浏览器网页拦截
smali_classes2\飘花落叶言楪世子苏哲兰\飘花落叶言子楪世苏兰哲.smali	10380	9bcbff8defc584e4ec9df9d54a89fad094fcfd8cdde289cfdb93f9ed4a89e9e897cfd18dfed286e7f491c2e580e2ea89cfdc	辅助功能/图片与表情/分享图片不压缩
smali_classes2\飘花落叶言楪世子苏哲兰\飘花落叶言子楪世苏兰哲.smali	10386	9bcbff8defc584e4ec9df9d54a84e0e496d1d34783dae988f2da9cf0db8bc5d49bfcc48fecd584c1ca9dcbc9	辅助功能/聊天/消息显示艾特对象
smali_classes2\飘花落叶言楪世子苏哲兰\飘花落叶言子楪世苏兰哲.smali	10392	9bcbff8defc584e4ec9df9d54a89fad094fcfd8cdde289cfdb93f9ed4a84e0e496d1d380e2c684e4db90f1d68cece88bfdea9ff3db	辅助功能/图片与表情/聊天自动勾选原图
smali_classes2\飘花落叶言楪世子苏哲兰\飘花落叶言子楪世苏兰哲.smali	10398	9bcbff8defc584e4ec9df9d54a84e0e496d1d3478dc3cc87ecc69cdeed8ae0c19bf2d08defc489d3df93ecef83f0cd	辅助功能/聊天/语音消息自动转文本
smali_classes2\飘花落叶言楪世子苏哲兰\飘花落叶言子楪世苏兰哲.smali	10404	96f2fa8de9fa4e86f2ff9fcccc4386dccd92d4e88dedeb8bd7dc9dfde985fccc94eec28ef9d687e2fa9ce8c6	净化/聊天/精简聊天界面相机按钮
smali_classes2\飘花落叶言楪世子苏哲兰\飘花落叶言子楪世苏兰哲.smali	10410	9bcbff8defc584e4ec9df9d54a84e0e496d1d3478dd2f28bf6d09cc9e389c3f096ffda8eeafc86cac9	辅助功能/聊天/输入框增加提示
smali_classes2\飘花落叶言楪世子苏哲兰\飘花落叶言子楪世苏兰哲.smali	10416	96f2fa8de9fa4e86f2ff9fcccc4384e6d39ce3cc343d89cfdb93f9ed80d6f488d3fa9ed0c88bfbea323c93e8ec85c0d7	净化/聊天/删除QQ表情底栏中的AI选项
smali_classes2\飘花落叶言楪世子苏哲兰\飘花落叶言子楪世苏兰哲.smali	10422	96f2fa8de9fa4e86f2ff9fcccc4384e6d39ce3cc343d89cfdb93f9ed80d6f488d3fa9ed0c88bfbea22249fccc284c0c695f6ff81e5e588cfca	净化/聊天/删除QQ表情底栏中的QQ大表情选项
smali_classes2\飘花落叶言楪世子苏哲兰\飘花落叶言子楪世苏兰哲.smali	10428	9bcbff8defc584e4ec9df9d54a89fad094fcfd8cdde289cfdb93f9ed4a84c0c695f6ff8deac385d6f89dc7d54d8af7de94fcf241	辅助功能/图片与表情/表情可下载(新版)
smali_classes2\飘花落叶言楪世子苏哲兰\飘花落叶言子楪世苏兰哲.smali	10434	96f2fa8de9fa4e89cdd192e9ef4388f4e39dede782d0f786cde49dd6c18af9db94d2ca80c6e987e7dd	净化/群聊/隐藏编辑群昵称装扮
smali_classes2\飘花落叶言楪世子苏哲兰\飘花落叶言子楪世苏兰哲.smali	10440	96f2fa8de9fa4e86f2ff9fcccc4388f4e39dede782edd186fac79ce7f58bc5d495e3fd8ef9c0	净化/聊天/隐藏灰色提示文本
smali_classes2\飘花落叶言楪世子苏哲兰\飘花落叶言子楪世苏兰哲.smali	10446	9bcbff8defc584e4ec9df9d54a84e0e496d1d3478dcbc287ead19ce3e888d9ee95fef781fcfc84e6c5	辅助功能/聊天/解除拍一拍限制
smali_classes2\飘花落叶言楪世子苏哲兰\飘花落叶言子楪世苏兰哲.smali	10452	9bcbff8defc584e4ec9df9d54a84e0e496d1d3478cf4d388e1d19ff3fb	辅助功能/聊天/防撤回
smali_classes2\飘花落叶言楪世子苏哲兰\飘花落叶言子楪世苏兰哲.smali	10458	9bcbff8defc584e4ec9df9d54a84e0e496d1d34780d3ca88fec29ed7cb8af5d79bf4f08dc1c587d8fb93fbc780eae48bddcc	辅助功能/聊天/快捷修改聊天消息内容
smali_classes2\飘花落叶言楪世子苏哲兰\飘花落叶言子楪世苏兰哲.smali	10464	96f2fa8de9fa4e89cdd192e9ef4386c9c89ce3cc83dae988f2da92c9cd8ae2eb96eee48ddff8	净化/群聊/移除消息表情回应
smali_classes2\飘花落叶言楪世子苏哲兰\飘花落叶言子楪世苏兰哲.smali	10470	96f2fa8de9fa4e86f2ff9fcccc4386dccd92d4e88dedeb8bd7dc9dfde985fccc95cede81f0f089c9f59cd8f9	净化/聊天/精简聊天界面滤镜视频
smali_classes2\飘花落叶言楪世子苏哲兰\飘花落叶言子楪世苏兰哲.smali	10476	9bcbff8defc584e4ec9df9d54a84e0e496d1d34782cbda87ead192d5c989eeff95e0ca81e2e388f7e390f2de	辅助功能/聊天/移除转发数量限制
smali_classes2\飘花落叶言楪世子苏哲兰\飘花落叶言子楪世苏兰哲.smali	10482	96f2fa8de9fa4e86f2ff9fcccc4386c9c89ce3cc8dc3cc87ecc692d5c98af7e995e9d68fe4dc84c3e493f5f882c8db	净化/聊天/移除语音转文本灰字提示
smali_classes2\飘花落叶言楪世子苏哲兰\飘花落叶言子楪世苏兰哲.smali	10488	9bcbff8defc584e4ec9df9d54a84e0e496d1d34783dae988f2da9fcce884ced5	辅助功能/聊天/消息复读
smali_classes2\飘花落叶言楪世子苏哲兰\飘花落叶言子楪世苏兰哲.smali	10494	9bcbff8defc584e4ec9df9d54a84e0e496d1d34780e2da87ead19ff3fb89c5e333	辅助功能/聊天/去除回复@
smali_classes2\飘花落叶言楪世子苏哲兰\飘花落叶言子楪世苏兰哲.smali	10500	9bcbff8defc584e4ec9df9d54a84e0e496d1d34780e3f087f3f49cdeed8ae0c195d5c68dd9e384e2e5	辅助功能/聊天/发送消息格式化
smali_classes2\飘花落叶言楪世子苏哲兰\飘花落叶言子楪世苏兰哲.smali	10506	9bcbff8defc584e4ec9df9d54a84e0e496d1d34783f4df89d7cf9cdeed8ae0c195e2cc81f2d8	辅助功能/聊天/显示消息时间
smali_classes2\飘花落叶言楪世子苏哲兰\飘花落叶言子楪世苏兰哲.smali	10512	9bcbff8defc584e4ec9df9d54a84e0e496d1d34782cae086dbf59cffd385f6da94c7c48fc4c284e6c392ddfa	辅助功能/聊天/禁言时间精确到秒
smali_classes2\飘花落叶言楪世子苏哲兰\飘花落叶言子楪世苏兰哲.smali	10518	9bcbff8defc584e4ec9df9d54a8bdfca9bf4f04783f4df89d7cf9fdfd785e1ee94cbde8ff1c487e6c492e0ec83dae988f2da	辅助功能/群聊/显示已退群用户的消息
smali_classes2\飘花落叶言楪世子苏哲兰\飘花落叶言子楪世苏兰哲.smali	10524	9bcbff8defc584e4ec9df9d54a8bdfca9bf4f0472589e9f99bd4d281e2e187f8c393f4fa80d6ee	辅助功能/群聊/@列表重新排序
smali_classes2\飘花落叶言楪世子苏哲兰\飘花落叶言子楪世苏兰哲.smali	10530	9bcbff8defc584e4ec9df9d54a89fad094fcfd8cdde289cfdb93f9ed4a8af5d89be2f580c4c487edf693f6e181d1de89e7dd9ce6f789dbe1	辅助功能/图片与表情/收藏表情按使用排序
smali_classes2\飘花落叶言楪世子苏哲兰\飘花落叶言子楪世苏兰哲.smali	10536	96f2fa8de9fa4e8acbce93c9d04388f6c893d7ca343d87c1fc93edcd80d5de8be2ff9fd4dc8bcbf9	净化/主页/阻止QQ每日广告弹窗
smali_classes2\飘花落叶言楪世子苏哲兰\飘花落叶言子楪世苏兰哲.smali	10542	9bcbff8defc584e4ec9df9d54a84e0e496d1d34782cae089e7dd9ff8c984cec39aeac98ef2da84fedf92d7fa83f1c48be8eb92efcf89ebc696fdfd8ee8ce	辅助功能/聊天/禁用听语音时听筒来回自动切换
smali_classes2\飘花落叶言楪世子苏哲兰\飘花落叶言子楪世苏兰哲.smali	10548	96f2fa8de9fa4e86f2ff9fcccc4384d2c990f2de81d1de89e7dd93d3fd84cfca95c5ee8ed6cd	净化/聊天/强制使用默认气泡
smali_classes2\飘花落叶言楪世子苏哲兰\飘花落叶言子楪世苏兰哲.smali	10554	96f2fa8de9fa4e86f2ff9fcccc4384d2c990f2de81d1de89e7dd93d3fd84cfca96d8ed8cd8ff	净化/聊天/强制使用默认字体
smali_classes2\飘花落叶言楪世子苏哲兰\飘花落叶言子楪世苏兰哲.smali	10560	9bcbff8defc584e4ec9df9d54a89cff09adff68deff389edce5a9fd1d68afcd195dddb8dd9e3	辅助功能/实验功能/平板模式
smali_classes2\飘花落叶言楪世子苏哲兰\飘花落叶言子楪世苏兰哲.smali	10566	96f2fa8de9fa4e8bddeb93c2e989ebf19bf6c74780ddee86e7c89debc388dbd496c9c38fcffb	净化/实验功能/屏蔽烦人弹窗
smali_classes2\飘花落叶言楪世子苏哲兰\飘花落叶言子楪世苏兰哲.smali	10572	96f2fa8de9fa4e86f2ff9fcccc4384dffc9deed583e2e886e3c89fd8ea84c0c695f6ff	净化/聊天/屏蔽掉落小表情
smali_classes2\飘花落叶言楪世子苏哲兰\飘花落叶言子楪世苏兰哲.smali	10578	9bcbff8defc584e4ec9df9d54a89cff09adff68deff389edce5a9fd9ea84f5d397cfeb8eebcb	辅助功能/实验功能/屏蔽云控
smali_classes2\飘花落叶言楪世子苏哲兰\飘花落叶言子楪世苏兰哲.smali	10584	96f2fa8de9fa4e86f2ff9fcccc4386c8f292eec082e5d88bddef9cdeed8ae0c19bd2dc8deafd86f4f791c0cc81d6f38bcffa9fd4dc8bcbf9	净化/聊天/禁用特定消息触发的交互式弹窗
smali_classes2\飘花落叶言楪世子苏哲兰\飘花落叶言子楪世苏兰哲.smali	10590	9bcbff8defc584e4ec9df9d54a89d1e194ddf18ddfe34e89d5f49dfccd88d9e595fef38dd5e386c6f890c0e7	辅助功能/小程序/禁用下拉小程序
smali_classes2\飘花落叶言楪世子苏哲兰\飘花落叶言子楪世苏兰哲.smali	10596	96f2fa8de9fa4e8bddeb93c2e989ebf19bf6c74782cae089e7dd9fdccc8adbed95e2df8ddafb85d6f993f0cd	净化/实验功能/禁用崩溃日志上报
smali_classes2\飘花落叶言楪世子苏哲兰\飘花落叶言子楪世苏兰哲.smali	10602	96f2fa8de9fa4e86f2ff9fcccc4386c8f292eec08dedeb8bd7dc9fe7d68adaff	净化/聊天/禁用聊天右滑
smali_classes2\飘花落叶言楪世子苏哲兰\飘花落叶言子楪世苏兰哲.smali	10608	96f2fa8de9fa4e88c6fa92cfed89f8c65c92dce982f8c9364690fced83ccd9	净化/浏览器/禁用X5内核
smali_classes2\飘花落叶言楪世子苏哲兰\飘花落叶言子楪世苏兰哲.smali	10614	9bcbff8defc584e4ec9df9d54a89cff09adff68deff389edce5a9cc7ea89c5c79bf2d08defc484caf491c1d583c4c08beee29cfdd58aecc0	辅助功能/实验功能/每天自动备份模块数据
smali_classes2\飘花落叶言楪世子苏哲兰\飘花落叶言子楪世苏兰哲.smali	10620	97cae78eefc887c6d290e7ff83f9d188fedb9ed0e884c3c502049cd0e08bf1e8	保护模块数据不被qq清理
smali_classes2\飘花落叶言楪世子苏哲兰\飘花落叶言子楪世苏兰哲.smali	10626	97cae78eefc887c6d290e7ff83f9d188fedb9df3cb89dcfb	保护模块数据目录
smali_classes2\飘花落叶言楪世子苏哲兰\飘花落叶言子楪世苏兰哲.smali	10632	9bcbff8defc584e4ec9df9d54a89fad094fcfd8cdde289cfdb93f9ed4a88ddc49bd6ff8dc1e885d4fd9ce7f680c8fb89d9e29fe7c68ac9cf96c9f5	辅助功能/图片与表情/伪装处于非多窗口模式
smali_classes2\飘花落叶言楪世子苏哲兰\飘花落叶言子楪世苏兰哲.smali	10638	9bcbff8defc584e4ec9df9d54a89fad094fcfd8cdde289cfdb93f9ed4a8bcecf95e1c38dfed286e7f490decf80dcee	辅助功能/图片与表情/篡改图片大小
smali_classes2\飘花落叶言楪世子苏哲兰\飘花落叶言子楪世苏兰哲.smali	10644	9bcbff8defc584e4ec9df9d54a84e0e496d1d34783fae68ac8c39ed0ef88ddce9af2f78df4d184fefe	辅助功能/聊天/文件上传重命名
smali_classes2\飘花落叶言楪世子苏哲兰\飘花落叶言子楪世苏兰哲.smali	10650	9bcbff8defc584e4ec9df9d54a89fad094fcfd8cdde289cfdb93f9ed4a85f6c494f0dd8fc5d889c9d05d9ed4ff89eef696f8db41	辅助功能/图片与表情/闪照破解(会变卡)
smali_classes2\飘花落叶言楪世子苏哲兰\飘花落叶言子楪世苏兰哲.smali	10656	96f2fa8de9fa4e88c6fa92cfed89f8c65c90f4d381d1c18bd7d29de0d28bfbea22249cddea84c6e696ecd2	净化/浏览器/去你大爷的QQ浏览器
smali_classes2\飘花落叶言楪世子苏哲兰\飘花落叶言子楪世苏兰哲.smali	10662	9bcbff8defc584e4ec9df9d54a84e0e496d1d34782edd18bdee29ce7f58bc5d495edc48fc1d6303f96facd	辅助功能/聊天/灰字提示显示QQ号
smali_classes2\飘花落叶言楪世子苏哲兰\飘花落叶言子楪世苏兰哲.smali	10668	96f2fa8de9fa4e86f2e19ddbde88dbd45c9ce0f88dfbee87f3ef92c6ca89dcfb96f8db8feceb	净化/联系人/隐藏通讯录卡片
smali_classes2\飘花落叶言楪世子苏哲兰\飘花落叶言子楪世苏兰哲.smali	10674	9bcbff8defc584e4ec9df9d54a84d4ea95e3e38de8cd4e8bc2fa92fcd889c4d396faf180d0e887f8ea90f7c98cece089d7c99de1cc	辅助功能/资料卡/屏蔽好友资料卡送礼物
smali_classes2\飘花落叶言楪世子苏哲兰\飘花落叶言子楪世苏兰哲.smali	10680	96f2fa8de9fa4e86f2ff9fcccc4384dffc9deed58ddae489c9d22b3982cbe1	净化/聊天/屏蔽超级QQ秀
smali_classes2\飘花落叶言楪世子苏哲兰\飘花落叶言子楪世苏兰哲.smali	10686	9bcbff8defc584e4ec9df9d54a89cff09adff68deff389edce5a372b358afde396ffdb	辅助功能/实验功能/MCP服务
smali_classes2\飘花落叶言楪世子苏哲兰\飘花落叶言子楪世苏兰哲.smali	10692	9bcbff8defc584e4ec9df9d54a89cccd9bfff88cddff84dfed5a92efcf89ebc695ffd88fdfce84e2f65d4858575a48	辅助功能/季节专属/自动抢红包(2026)
smali_classes2\飘花落叶言楪世子苏哲兰\飘花落叶言子楪世苏兰哲.smali	10698	96f2fa8de9fa4e86c6f19cfefc89eccf5c9ce3e482f8fe8ac9cf92dde18af7f796f8db8cd8cc85d5df92e0ec80e9d289c0ce9cc8e284cee8	净化/资料卡/陌生人资料卡你们的关系标识
smali_classes2\飘花落叶言楪世子苏哲兰\飘花落叶言子楪世苏兰哲.smali	10704	9bcbff8defc584e4ec9df9d54a84d4ea95e3e38de8cd4e8acbf593fccb5e5186c6eb	辅助功能/资料卡/一键20赞
smali_classes2\飘花落叶言楪世子苏哲兰\飘花落叶言子楪世苏兰哲.smali	10710	9bcbff8defc584e4ec9df9d54a84e0e496d1d3478dc3cc87ecc692d5c989eeff	辅助功能/聊天/语音转发
smali_classes2\飘花落叶言楪世子苏哲兰\飘花落叶言子楪世苏兰哲.smali	10716	9bcbff8defc584e4ec9df9d54a3d3089dacf93ffd14388f4e39dede7343d86c7c99ceddc80d5de8be2ff	辅助功能/QQ空间/隐藏QQ空间广告
smali_classes2\飘花落叶言楪世子苏哲兰\飘花落叶言子楪世苏兰哲.smali	10722	9bcbff8defc584e4ec9df9d54a3d3089dacf93ffd14384d4e693dae782f7d588fdd09ce1f689ddee94dcc081f2d884e4db93fae9	辅助功能/QQ空间/底栏直接打开空间动态
smali_classes2\飘花落叶言楪世子苏哲兰\飘花落叶言子楪世苏兰哲.smali	10728	9bcbff8defc584e4ec9df9d54a89cff09adff68deff389edce5a93f2ea8afdd49bece08eeef385d3fe92c7c6	辅助功能/实验功能/随机虚拟位置
smali_classes2\飘花落叶言楪世子苏哲兰\飘花落叶言子楪世苏兰哲.smali	10734	96f2fa8de9fa4e86f2ff9fcccc4386c9c89ce3cc8dc3cc87ecc69cfac88af5d096c9c38fcffb	净化/聊天/移除语音播放弹窗
smali_classes2\飘花落叶言楪世子苏哲兰\飘花落叶言子楪世苏兰哲.smali	10740	96f2fa8de9fa4e88c6fa92cfed89f8c65c92ddd38cf5c588c6fa92cfed89f8c69bfae68de8f986f4f7242b8ed0e389c9fb90e3c0	净化/浏览器/移除浏览器菜单的QQ浏览器
smali_classes2\飘花落叶言楪世子苏哲兰\飘花落叶言子楪世苏兰哲.smali	10746	9bcbff8defc584e4ec9df9d54a84d4ea95e3e38de8cd4e8bc2fa92fcd828283796e5f78feceb	辅助功能/资料卡/屏蔽DIY名片
smali_classes2\飘花落叶言楪世子苏哲兰\飘花落叶言子楪世苏兰哲.smali	10752	9bcbff8defc584e4ec9df9d54a89cff09adff68deff389edce5a9dcfde85f8ca95e1cc80f2e388ccf79ddde08cf5f18bfbc3	辅助功能/实验功能/移除收藏预览限制
smali_classes2\飘花落叶言楪世子苏哲兰\飘花落叶言子楪世苏兰哲.smali	10758	96f2fa8de9fa4e86f2ff9fcccc4386c9c89ce3cc8cf9de88fffc92e7f989ecfb96eec48ec5eb	净化/聊天/移除长按菜单图标
smali_classes2\飘花落叶言楪世子苏哲兰\飘花落叶言子楪世苏兰哲.smali	10764	9bcbff8defc584e4ec9df9d54a89cff09adff68deff389edce5a9dcfde85f8ca95fcd18fc5ed86f7c890c7fd83cfe188ecd0	辅助功能/实验功能/移除扫码登录检查
smali_classes2\飘花落叶言楪世子苏哲兰\飘花落叶言子楪世苏兰哲.smali	10770	9bcbff8defc584e4ec9df9d54a84e0e496d1d34780e2da87ead19fe7f485e1ef96eec48feceb88f7e390f2de	辅助功能/聊天/去除发送图片限制
smali_classes2\飘花落叶言楪世子苏哲兰\飘花落叶言子楪世苏兰哲.smali	10776	9bcbff8defc584e4ec9df9d54a8bdfca9bf4f04783f4df89d7cf9fedd288dcfd95c3f28ee4c387fbc39cfde7	辅助功能/群聊/显示具体消息数量
smali_classes2\飘花落叶言楪世子苏哲兰\飘花落叶言子楪世苏兰哲.smali	10782	9bcbff8defc584e4ec9df9d54a89cff09adff68deff389edce5a92dfd684dee995fcd18fc5ed86f7c890c7fd83fbd787e4c1	辅助功能/实验功能/跳过扫码登录时间
smali_classes2\飘花落叶言楪世子苏哲兰\飘花落叶言子楪世苏兰哲.smali	10788	9bcbff8defc584e4ec9df9d54a89cff09adff68deff389edce5a9ed4cf84c2eb96cfee8ff1c487f3f09ce3f880dbd388fff49cf4ec	辅助功能/实验功能/伪装应用权限已持有
smali_classes2\飘花落叶言楪世子苏哲兰\飘花落叶言子楪世苏兰哲.smali	10794	9bcbff8defc584e4ec9df9d54a89fad094fcfd8cdde289cfdb93f9ed4a84c0c695f6ff81f8ce87f3cc5648	辅助功能/图片与表情/表情面板#2
smali_classes2\飘花落叶言楪世子苏哲兰\飘花落叶言子楪世苏兰哲.smali	10800	9bcbff8defc584e4ec9df9d54a84e0e496d1d34780d0db8bfbc39ed5da8bf5c694c6c18fdef324031c1f13	辅助功能/聊天/强制使用系统Emoji
smali_classes2\飘花落叶言楪世子苏哲兰\飘花落叶言子楪世苏兰哲.smali	10806	9bcbff8defc584e4ec9df9d54a8ad7e695f4d581e5f686f1d65a9fd9ea84f5d394cbde8ddbe984e4ed	辅助功能/消息通知/屏蔽群待办
smali_classes2\飘花落叶言楪世子苏哲兰\飘花落叶言子楪世苏兰哲.smali	10812	96f2fa8de9fa4e89cdd192e9ef4388f4e39dede78dedeb8bd7dc9fd7ce8aecd995d5f5	净化/群聊/隐藏聊天快捷栏
smali_classes2\飘花落叶言楪世子苏哲兰\飘花落叶言子楪世苏兰哲.smali	10818	96f2fa8de9fa4e89cdd192e9ef4388f4e39dede782d2c586f2ff93cbeb85f8c795faea81e3fe	净化/群聊/隐藏群聊风险提醒
smali_classes2\飘花落叶言楪世子苏哲兰\飘花落叶言子楪世苏兰哲.smali	10824	9bcbff8defc584e4ec9df9d54a8bdfca9bf4f04782d2c588e5f29ed3d38af9d094d1c08cdde789d3ce93d6c983f9d14695e3ca41	辅助功能/群聊/群文件显示下载次数(新)
smali_classes2\飘花落叶言楪世子苏哲兰\飘花落叶言子楪世苏兰哲.smali	10830	9bcbff8defc584e4ec9df9d54a8bdfca9bf4f04782d2c588e5f29ed3d38af9d094d1c08cdde789d3ce93d6c983f9d14695e2dd41	辅助功能/群聊/群文件显示下载次数(旧)
smali_classes2\飘花落叶言楪世子苏哲兰\飘花落叶言子楪世苏兰哲.smali	10836	96f2fa8de9fa4e86c6f19cfefc89eccf5c9ce0f88dfbee8bd6c89fe7ee88dbfc96ffd28ec5eb89c1f5	净化/资料卡/隐藏好友互动标识
smali_classes2\飘花落叶言楪世子苏哲兰\飘花落叶言子楪世苏兰哲.smali	10842	9bcbff8defc584e4ec9df9d54a84d4ea95e3e38de8cd4e8acbff9ed4c585e1e195edf48dc1d884edfc	辅助功能/资料卡/上传透明头像
smali_classes2\飘花落叶言楪世子苏哲兰\飘花落叶言子楪世苏兰哲.smali	10848	9bcbff8defc584e4ec9df9d54a84d4ea95e3e38de8cd4e8acbff9ed4c589ece49af5f58efde284cac790f9e7	辅助功能/资料卡/上传半透明头像
smali_classes2\飘花落叶言楪世子苏哲兰\飘花落叶言子楪世苏兰哲.smali	10854	97cdc181c4d984e1c091c2e28dcbf388c0dd9fedc0	主页右上角注入
smali_classes2\飘花落叶言楪世子苏哲兰\飘花落叶言子楪世苏兰哲.smali	10860	9bcbff8defc584e4ec9df9d54a84e0e496d1d3478dc3cc87ecc69ceac98ad4c094dfed	辅助功能/聊天/语音悬浮窗
smali_classes2\飘花落叶言楪世子苏哲兰\飘花落叶言子楪世苏兰哲.smali	10866	322533452719080217381f0610290d0b1e10141c	API-BuildMenuElement
smali_classes2\飘花落叶言楪世子苏哲兰\飘花落叶言子楪世苏兰哲.smali	10872	3225334582d2c589c8f19dcee484c9ee94eeeb8df5c0	API-群组禁言监听
smali_classes2\飘花落叶言楪世子苏哲兰\飘花落叶言子楪世苏兰哲.smali	10878	322533458dd3fa89cdd19df3f489f1c296ecd2	API-进群监听器
smali_classes2\飘花落叶言楪世子苏哲兰\飘花落叶言子楪世苏兰哲.smali	10884	322533452905121a161b2e072604001a241c140c0a1b122f0021120d1c2d111e161408290b0822021c061f	API-ListenToChatWindowsAsTheyAppearAndClose
smali_classes2\飘花落叶言楪世子苏哲兰\飘花落叶言子楪世苏兰哲.smali	10890	322533452a023325160c	API-OnRKey
smali_classes2\飘花落叶言楪世子苏哲兰\飘花落叶言子楪世苏兰哲.smali	10896	3225334582f7f08be3d99cdeed8ae0c196faeb81e5ed	API-监听消息发送
smali_classes2\飘花落叶言楪世子苏哲兰\飘花落叶言子楪世苏兰哲.smali	10902	322533458cece189cdd19df3f489f1c296ecd2	API-退群监听器
smali_classes2\飘花落叶言楪世子苏哲兰\飘花落叶言子楪世苏兰哲.smali	10908	96f2fa8de9fa4e8acbce93c9d04389e9d990f0c083d4e489e3f39ed0de85c0db9ad7eb81e4ff87d8fb93fbc78ad0e98bc2fa92fcd888d9d59ad4cf81c7fd88efe093cce083edce81cffc	净化/主页/自动清理主页频道消息（屏蔽主页频道消息）
smali_classes2\飘花落叶言楪世子苏哲兰\飘花落叶言子楪世苏兰哲.smali	10914	9bcbff8defc584e4ec9df9d54a8ad7e695f4d581e5f686f1d65a9fd9ea84f5d332219fedcd88dcfd95c3f28ee4c386f4f792c9d382d7fe87f3ef9df7c0	辅助功能/消息通知/屏蔽AT全体消息的系统通知
smali_classes2\飘花落叶言楪世子苏哲兰\飘花落叶言子楪世苏兰哲.smali	10920	9bcbff8defc584e4ec9df9d54a89fad094fcfd8cdde289cfdb93f9ed4a89fad094fcfd448dcdc988f0f09df2e18af9d094d1c08ef3eb87f2df91c5c683f8d8	辅助功能/图片与表情/图片,表情的显示文本修改
smali_classes2\飘花落叶言楪世子苏哲兰\飘花落叶言子楪世苏兰哲.smali	10926	9bcbff8defc584e4ec9df9d54a89fad094fcfd8cdde289cfdb93f9ed4a8afecb94e9f18dfed286e7f493edde8defed88eada93e8ea8af9e095dddb8fd6e6	辅助功能/图片与表情/查看图片时背景透明模糊
smali_classes2\飘花落叶言楪世子苏哲兰\飘花落叶言子楪世苏兰哲.smali	10932	96f2fa8de9fa4e8bddeb93c2e989ebf19bf6c74782cae089e7dd9cffc089def996f3e38de0c986f4f792c0d782c4ea	净化/实验功能/禁用日志写入的线程
smali_classes2\飘花落叶言楪世子苏哲兰\飘花落叶言子楪世苏兰哲.smali	10938	9bcbff8defc584e4ec9df9d54a84e0e496d1d34780c8ec8bfbc39fe5c48be8e9	辅助功能/聊天/复制卡片
smali_classes2\飘花落叶言楪世子苏哲兰\飘花落叶言子楪世苏兰哲.smali	10944	9bcbff8defc584e4ec9df9d54a89fad094fcfd8cdde289cfdb93f9ed4a89c5e396fdcc8dfed286e7f49ce9d683e2c4	辅助功能/图片与表情/复制图片链接
smali_classes2\飘花落叶言楪世子苏哲兰\飘花落叶言子楪世苏兰哲.smali	10950	9bcbff8defc584e4ec9df9d54a89cff09adff68deff389edce5a9fe0c585f8ca97cdc181c4d989eff990dec180e4f686d2dd	辅助功能/实验功能/删除主页聊天列表
smali_classes2\飘花落叶言楪世子苏哲兰\飘花落叶言子楪世苏兰哲.smali	10956	9bcbff8defc584e4ec9df9d54a89fad094fcfd8cdde289cfdb93f9ed4a89fdc695e3ca8fffe8303f97cdd78cdbf186eac590f5c781d7c48acbfe92d5d884c0c695f6ff	辅助功能/图片与表情/在新的QQ中依然可以下载表情
smali_classes2\飘花落叶言楪世子苏哲兰\飘花落叶言子楪世苏兰哲.smali	10962	9bcbff8defc584e4ec9df9d54a89fad094fcfd8cdde289cfdb93f9ed4a8afecb94e9f180c4c487edf693edde8defed88eada93e8ea8af9e0	辅助功能/图片与表情/查看表情时背景透明
smali_classes2\飘花落叶言楪世子苏哲兰\飘花落叶言子楪世苏兰哲.smali	10968	9bcbff8defc584e4ec9df9d54a89fad094fcfd8cdde289cfdb93f9ed4a84c0c695f6ff81f8ce87f3cc564b	辅助功能/图片与表情/表情面板#1
smali_classes2\飘花落叶言楪世子苏哲兰\飘花落叶言子楪世苏兰哲.smali	10974	96f2fa8de9fa4e86f2ff9fcccc4384e6f591c0c380d0d889d9e29ed0e88af9d094d1c08dc0d184e1f890e8e482d2c5	净化/聊天/分享弹窗不显示好友和群
smali_classes2\飘花落叶言楪世子苏哲兰\飘花落叶言子楪世苏兰哲.smali	10980	9bcbff8defc584e4ec9df9d54a89cff09adff68deff389edce5a92e6d289eef895cdc28eede384cbce90f5e3343d	辅助功能/实验功能/获取游戏好友QQ
smali_classes2\飘花落叶言楪世子苏哲兰\飘花落叶言子楪世苏兰哲.smali	10986	96f2fa8de9fa4e86f2ff9fcccc4384e0c89ce3cc83cce687d1ed9cc8ea89f1c294d8e88ec5eb89c1f5	净化/聊天/去除标题栏听筒标识
smali_classes2\飘花落叶言楪世子苏哲兰\飘花落叶言子楪世苏兰哲.smali	10992	9bcbff8defc584e4ec9df9d54a84e0e496d1d34781d3fc8bdeed92c7c885fedd	辅助功能/聊天/保存语音
smali_classes2\飘花落叶言楪世子苏哲兰\飘花落叶言子楪世苏兰哲.smali	10998	9bcbff8defc584e4ec9df9d54a89fad094fcfd8cdde289cfdb93f9ed4a84e0e496d1d38ff0e088f3d190e1d682e5e688ebcb9dccdf89eeff9af5fb80e5e9	辅助功能/图片与表情/聊天界面图片显示发送者
smali_classes2\飘花落叶言楪世子苏哲兰\飘花落叶言子楪世苏兰哲.smali	11004	9bcbff8defc584e4ec9df9d54a84e0e496d1d34780e3f087f3f49fe5c48be8e9	辅助功能/聊天/发送卡片
smali_classes2\飘花落叶言楪世子苏哲兰\飘花落叶言子楪世苏兰哲.smali	11010	9bcbff8defc584e4ec9df9d54a84e0e496d1d34783dae988f2da9fd8ea89d1d096c2ce	辅助功能/聊天/消息小尾巴
smali_classes2\飘花落叶言楪世子苏哲兰\飘花落叶言子楪世苏兰哲.smali	11016	9bcbff8defc584e4ec9df9d54a89d1e194ddf18ddfe34e8bc3fa9dc0ee89dbe19bc2c980daeb84d7cc90ebe2	辅助功能/小程序/小程序跳过广告
smali_classes2\飘花落叶言楪世子苏哲兰\飘花落叶言子楪世苏兰哲.smali	11022	96f2fa8de9fa4e8acbce93c9d04384e9f390f6fe81d4da87d2c09cc0cf89d8eb95e3ca8ddcd884d7cc90ebe2	净化/主页/净化主页横幅新年广告
smali_classes2\飘花落叶言楪世子苏哲兰\飘花落叶言子楪世苏兰哲.smali	11028	96f2fa8de9fa4e8acdd29cd3f48ac1e15c91c4cf83d7f088d3fa9fe7d688d9e49bd2e880daf884f5ed589fccd48af4e6	净化/侧滑栏/侧滑栏右上角返回-失效
smali_classes2\飘花落叶言楪世子苏哲兰\飘花落叶言子楪世苏兰哲.smali	11034	96f2fa8de9fa4e8acdd29cd3f48ac1e15c92c8d682c2e18acdd29cd3f48ac1e196fac98cdde689c9e191c0e482d7d589d3f4578dc1dd87fbfb	净化/侧滑栏/精简侧滑栏右上角二维码-失效
smali_classes2\飘花落叶言楪世子苏哲兰\飘花落叶言子楪世苏兰哲.smali	11040	9bcbff8defc584e4ec9df9d54a8ad7e695f4d581e5f686f1d65a9fd7ce8aecd996f0f78eecff87e7c3	辅助功能/消息通知/快捷免打扰
smali_classes2\飘花落叶言楪世子苏哲兰\飘花落叶言子楪世苏兰哲.smali	11046	9bcbff8defc584e4ec9df9d54a89fad094fcfd8cdde289cfdb93f9ed4a89eeff9af5fb8debf384f5cd93edde83ffc787ead19ed5e88bdcc097cadb8ee4c3	辅助功能/图片与表情/发送原图时擦除位置信息
smali_classes2\飘花落叶言楪世子苏哲兰\飘花落叶言子楪世苏兰哲.smali	11052	9bcbff8defc584e4ec9df9d54a89fad094fcfd8cdde289cfdb93f9ed4a89fad094fcfd80d8c084cad490e1d680e1c089faf2578dd2de84cac293efe0	辅助功能/图片与表情/图片转大图卡片-已失效
smali_classes2\飘花落叶言楪世子苏哲兰\飘花落叶言子楪世苏兰哲.smali	11058	9bcbff8defc584e4ec9df9d54a8bdfca9bf4f04782d2c586ddcb9dd5cb85c0db94cbde8ef3eb85d5c593edcf82e5e988fde79fd2ea	辅助功能/群聊/群设置页群文件旧版排序
smali_classes2\飘花落叶言楪世子苏哲兰\飘花落叶言子楪世苏兰哲.smali	11064	9bcbff8defc584e4ec9df9d54a89cff09adff68deff389edce5a93d6fc1086e2d890e1d683cfe188c6fe9dcee484c9ee	辅助功能/实验功能/龙|猫图检测禁言
smali_classes2\飘花落叶言楪世子苏哲兰\飘花落叶言子楪世苏兰哲.smali	11070	9bcbff8defc584e4ec9df9d54a89cff09adff68deff389edce5a93d6fc89fad095d6fa8ed0e784e8f693cfe382e5e9	辅助功能/实验功能/龙图检测内测版
smali_classes2\飘花落叶言楪世子苏哲兰\飘花落叶言子楪世苏兰哲.smali	11076	95c0f180caf985d6e092eec04a38041d075a93fdda8aede795c3f28ee4c388eefa9cdbd18dd2f28bf4cf371b023e040d1c071e	测试专用/Test/长按消息选项输出MsgRecord
smali_classes2\飘花落叶言楪世子苏哲兰\飘花落叶言子楪世苏兰哲.smali	11082	9bcbff8defc584e4ec9df9d54a89cff09adff68deff389edce5a9deace85e4d996c8d380ecde84c3e491c7fb	辅助功能/实验功能/炫酷彩色字体
smali_classes2\飘花落叶言楪世子苏哲兰\飘花落叶言子楪世苏兰哲.smali	11088	9bf2d08defc484e4d39dc7d58de8fb88efd9	自动加载脚本
smali_classes2\飘花落叶言楪世子苏哲兰\飘花落叶言子楪世苏兰哲.smali	11094	23190f0f0c024c211d38090f28090f1b30071f091109203e3a	Plugin-OnMsgMenuCreateAPI
smali_classes2\飘花落叶言楪世子苏哲兰\飘花落叶言子楪世苏兰哲.smali	11100	95c6d28de3e089eae993e6c48de3fd8bfee09ceac98ad4c094dfed	注册脚本菜单悬浮窗
smali_classes2\飘花落叶言楪世子苏哲兰\飘花落叶言子楪世苏兰哲.smali	11106	23190f0f0c024c231606090902094c2d1219160a040f0a	Plugin-Message-Callback
smali_classes2\飘花落叶言楪世子苏哲兰\飘花落叶言子楪世苏兰哲.smali	11112	95c6d28de0c9303f9bdbc48fd8c288cfc69ce7ca	注入QQ设置页面
smali_classes2\飘花落叶言楪世子苏哲兰\飘花落叶言子楪世苏兰哲.smali	11118	9bcbff8defc584e4ec9df9d54a89cff09adff68deff389edce5a93f0de8acccc96d8ea8fdfd386c6f89cedc28cece1	辅助功能/实验功能/阻止子线程闪退
smali_classes2\飘花落叶言楪世子苏哲兰\飘花落叶言子楪世苏兰哲.smali	11124	9bcbff8defc584e4ec9df9d54a89cccd9bfff88cddff84dfed5a92efcf89ebc695ffd88fdfce84e2f65d4858575948	辅助功能/季节专属/自动抢红包(2025)
smali_classes2\飘花落叶言楪世子苏哲兰\飘花落叶言子楪世苏兰哲.smali	11130	9bcbff8defc584e4ec9df9d54a89cff09adff68deff389edce5a93efe889cff496e5eb8ef3eb85d5c591c2e38dd1dc8acef89dd5cb	辅助功能/实验功能/重定向文件下载位置
smali_classes2\飘花落叶言楪世子苏哲兰\飘花落叶言子楪世苏兰哲.smali	11136	9bcbff8defc584e4ec9df9d54a89fad094fcfd8cdde289cfdb93f9ed4a84e6c496dbe08cdce589cfdb93f9ed80c8f788ebcb9cfee28ac0e6	辅助功能/图片与表情/自定义表情外显文案
smali_classes2\飘花落叶言楪世子苏哲兰\飘花落叶言子楪世苏兰哲.smali	11142	9bcbff8defc584e4ec9df9d54a89fad094fcfd8cdde289cfdb93f9ed4a89eeff9af5fb8dfed286e7f493edde80e1eb8bc2fa9ce1f689ddee94eec28de3e04989d5f49dfccd89ddd496fdcc8de0c484dffc93f3fb80d0e189e8cd9feee945	辅助功能/图片与表情/发送图片时半屏打开相册(禁用强制全屏打开相册)
smali_classes2\飘花落叶言楪世子苏哲兰\飘花落叶言子楪世苏兰哲.smali	11148	9bcbff8defc584e4ec9df9d54a8bdfca9bf4f0478de5df89facc9fedcd88dcfd5e90c6eb82f8c9	辅助功能/群聊/艾特全体-弃用
smali_classes2\飘花落叶言楪世子苏哲兰\飘花落叶言子楪世苏兰哲.smali	11154	96f2fa8de9fa4e86f2ff9fcccc4387e5d593f2c280d0e38bcbcd3d21234184d2f092eec0	净化/聊天/拦截异常GIF-弃用
smali_classes2\飘花落叶言楪世子苏哲兰\飘花落叶言子楪世苏兰哲.smali	11160	96f2fa8de9fa4e8acdd29cd3f48ac1e15c90eac782f8c988e4d29de1ed88dfc995ceeb8ec5e34c8bcff69dfccd	净化/侧滑栏/启用旧版侧滑栏-弃用
smali_classes2\飘花落叶言楪世子苏哲兰\飘花落叶言子楪世苏兰哲.smali	11166	9bcbff8defc584e4ec9df9d54a89cccd9bfff88cddff84dfed5a92efcf89ebc695ffd88fdfce84e2f6	辅助功能/季节专属/自动抢红包
smali_classes2\飘花落叶言楪世子苏哲兰\飘花落叶言子楪世苏兰哲.smali	11172	96f2fa8de9fa4e86f2e19ddbde88dbd45c92ddd38cf5c586f2e19ddbde88dbd49ad4cf8cdde687f8ca92e0ec83c4cb8bcaf09fd1da89f0e45e90c6eb82f8c9	净化/联系人/移除联系人页上方的横幅广告-弃用
smali_classes2\飘花落叶言楪世子苏哲兰\飘花落叶言子楪世苏兰哲.smali	11178	9bcbff8defc584e4ec9df9d54a89cccd9bfff88cddff84dfed5a9cf6ce89eed89ad6e280f5d1	辅助功能/季节专属/枫叶飘落
smali_classes2\飘花落叶言楪世子苏哲兰\飘花落叶言子楪世苏兰哲.smali	11184	9bcbff8defc584e4ec9df9d54a89cccd9bfff88cddff84dfed5a93f3cf84ebdf9ad6e280f5d1	辅助功能/季节专属/雪花飘落
smali_classes2\飘花落叶言楪世子苏哲兰\飘花落叶言子楪世苏兰哲.smali	11190	9bcbff8defc584e4ec9df9d54a89cccd9bfff88cddff84dfed5a9cfed589d8da97cdd78dfed186d5e09cdbde83ccee	辅助功能/季节专属/新年中国结顶栏
smali_classes2\飘花落叶言楪世子苏哲兰\飘花落叶言子楪世苏兰哲.smali	11196	9bcbff8defc584e4ec9df9d54a89cccd9bfff88cddff84dfed5a9fcccf85f9dd9ad6e280f5d1	辅助功能/季节专属/太阳飘落
smali_classes2\飘花落叶言楪世子苏哲兰\飘花落叶言子楪世苏兰哲.smali	11202	9bcbff8defc584e4ec9df9d54a3d3089dacf93ffd14389e9d990f0c082eed886c6eb2b3982c5db87e4c1	辅助功能/QQ空间/自动点赞QQ空间
smali_classes2\飘花落叶言楪世子苏哲兰\飘花落叶言子楪世苏兰哲.smali	11208	9bcbff8defc584e4ec9df9d54a3d3089dacf93ffd14387c1fc90dec18debcb8bf9dd9fe7f43d3089dacf93ffd1	辅助功能/QQ空间/每天自动发QQ空间
smali_classes2\飘花落叶言楪世子苏哲兰\飘花落叶言子楪世苏兰哲.smali	11214	9bcbff8defc584e4ec9df9d54a3d3089dacf93ffd14389e9d990f0c080e4c187ead19fe7f489d9ed94effe8fccd688f9c7	辅助功能/QQ空间/自动删除发布的空间
smali_classes2\飘花落叶言楪世子苏哲兰\飘花落叶言子楪世苏兰哲.smali	11220	9bcbff8defc584e4ec9df9d54a3d3089dacf93ffd14384e1e29cfae982c5db87e4c19ed5da8bf5c69bf2d08dcbf685d7fa92e0ec80eae48bddcc	辅助功能/QQ空间/发送空间使用自定义的内容
smali_classes2\飘花落叶言楪世子苏哲兰\飘花落叶言子楪世苏兰哲.smali	11226	9bcbff8defc584e4ec9df9d54a3d3089dacf93ffd14384e1e29cfae9343d86c7c99ceddc83fbd788ebda9ff8c389e4c296c9fa8deac389c9f2	辅助功能/QQ空间/发送QQ空间时是否公开可见
smali_classes2\飘花落叶言楪世子苏哲兰\飘花落叶言子楪世苏兰哲.smali	11232	9bcbff8defc584e4ec9df9d54a8bdfca9bf4f04782d2c586f2ff92efcf89ebc695fce98de8cd	辅助功能/群聊/群聊自动打卡
smali_classes2\飘花落叶言楪世子苏哲兰\飘花落叶言子楪世苏兰哲.smali	11238	9bcbff8defc584e4ec9df9d54a8bdfca9bf4f04782d2c586f2ff92efcf89ebc695fce98de8cd4c8bddef9cffd38be8e6	辅助功能/群聊/群聊自动打卡-定时版
smali_classes2\飘花落叶言楪世子苏哲兰\飘花落叶言子楪世苏兰哲.smali	11244	9bcbff8defc584e4ec9df9d54a8bdfca9bf4f04782d2c586f2ff92efcf89ebc695fce98de8cd4c88edf493e8fa8be8e6	辅助功能/群聊/群聊自动打卡-极速版
smali_classes2\飘花落叶言楪世子苏哲兰\飘花落叶言子楪世苏兰哲.smali	11250	151a080a0c0822011710	forbidCode
smali_classes2\飘花落叶言楪世子苏哲兰\飘花落叶言子楪世苏兰哲.smali	11256	1a063c07170e080a32161907100215	isForbidAccount
smali_classes2\飘花落叶言楪世子苏哲兰\飘花落叶言子楪世苏兰哲.smali	11262	96cac78ff0c989dad590f5df82f6e58bcff79fd0dd8bebd895f5fb87d9e085d3cc90ffde8defdc8bd7ea9cc5c689d9d695eadf8ff9e789dbf793ecf180e1c0	忽略账号的异常状态，使其能够正常查看资料卡
smali_classes2\飘花落叶言楪世子苏哲兰\飘花落叶言子楪世苏兰哲.smali	11268	101a174611090f0d161b0e46080303071f100b194b1c1301151c160d060d130a5d140a014b050c1e1f5b2a1a0a0a080216311b1c043f041c051c190d2c011102	com.tencent.mobileqq.profilecard.api.impl.ProfileDataServiceImpl
smali_classes2\飘花落叶言楪世子苏哲兰\飘花落叶言子楪世苏兰哲.smali	11274	14100e38170307071f1039091708	getProfileCard
smali_classes2\飘花落叶言楪世子苏哲兰\飘花落叶言子楪世苏兰哲.smali	11280	14100e38170307071f1039091708271c1c183909060404	getProfileCardFromCache
smali_classes2\飘花落叶言楪世子苏哲兰\飘花落叶言子楪世苏兰哲.smali	11286	101a174611090f0d161b0e46080303071f100b194b1c1301151c160d060d130a5d0508070609121d1c075438170307071f10290d0619130b2307150b001f120101	com.tencent.mobileqq.profilecard.processor.ProfileSecureProcessor
smali_classes2\飘花落叶言楪世子苏哲兰\飘花落叶言子楪世苏兰哲.smali	11292	121b1e1a0a0505401c06542a1002050216	android.os.Bundle
smali_classes2\飘花落叶言楪世子苏哲兰\飘花落叶言子楪世苏兰哲.smali	11298	20001705041e182d12071e463709121e3b101b0c	SummaryCard.RespHead
smali_classes2\飘花落叶言楪世子苏哲兰\飘花落叶言子楪世苏兰哲.smali	11304	20001705041e182d12071e463709121e20001705041e182d12071e	SummaryCard.RespSummaryCard
smali_classes2\飘花落叶言楪世子苏哲兰\飘花落叶言子楪世苏兰哲.smali	11310	0307150b001f123e011a1c010909220f0111	processProfileCard
smali_classes2\飘花落叶言楪世子苏哲兰\飘花落叶言子楪世苏兰哲.smali	11316	94d3fb8ec8ce303f96e9d28df5e284e1c390c3da83e5d1203536	禁止QQ在后台干扰NFC
smali_classes2\飘花落叶言楪世子苏哲兰\飘花落叶言子楪世苏兰哲.smali	11322	101a1518001e001a1a1a14460719120d12071e462719120d12071e200000110b01	cooperation.buscard.BuscardHelper
smali_classes2\飘花落叶言楪世子苏哲兰\飘花落叶言子楪世苏兰哲.smali	11328	14100e38041e000316011f1a3115110b005d54464b45	getParameterTypes(...)
smali_classes2\飘花落叶言楪世子苏哲兰\飘花落叶言子楪世苏兰哲.smali	11334	101a174611090f0d161b0e46080303071f100b194b1b080a14100e46343d350112060e	com.tencent.mobileqq.widget.QQToast
smali_classes2\飘花落叶言楪世子苏哲兰\飘花落叶言子楪世苏兰哲.smali	11340	96e9d28ed7cd87f2fa90c6e880fcce8acbc19cffd388ddf49bdae78fffe887edf690fcdd81d4ea88ecd09df4ee89d6dc96fdda81fcc884cbce90f5e382f6e586f2ff9fcccc84cfde96c8ef4880e4f88acbf89ed4ff8afde796c9fa8df5c385d6c793edde81d0fb86dce89fd4dc8bcbf9	在没有开启临时会话的情况下查看已删除好友的聊天记录 则不会有开启临时会话弹窗
smali_classes2\飘花落叶言楪世子苏哲兰\飘花落叶言子楪世苏兰哲.smali	11346	101a174611090f0d161b0e46080303071f100b194b01000012121f1a1642350b1e05371b0221000012121f1a	com.tencent.mobileqq.managers.TempMsgManager
smali_classes2\飘花落叶言楪世子苏哲兰\飘花落叶言子楪世苏兰哲.smali	11352	190017183709121b1f01	jumpResult
smali_classes2\飘花落叶言楪世子苏哲兰\飘花落叶言子楪世苏兰哲.smali	11358	101a174611090f0d161b0e46080303071f100b194b1b040c051c1f1f4b3b040c2010191d1705151723190f0f0c02375c5744	com.tencent.mobileqq.webview.WebSecurityPluginV2$1
smali_classes2\飘花落叶言楪世子苏哲兰\飘花落叶言子楪世苏兰哲.smali	11364	101a174611090f0d161b0e46080303071f100b194b1915071f06	com.tencent.mobileqq.utils
smali_classes2\飘花落叶言楪世子苏哲兰\飘花落叶言子楪世苏兰哲.smali	11370	351a081f041e053d161b1e380c0f341a1a19	ForwardSendPicUtil
smali_classes2\飘花落叶言楪世子苏哲兰\飘花落叶言子楪世苏兰哲.smali	11376	9af5e080daeb303f96fdfc8cdfc784f5cd92f3ef83fbd78ac8d09fe6fa89fad096faeb81e5ed	通过QQ分享图片时以原图发送
smali_classes2\飘花落叶言楪世子苏哲兰\飘花落叶言子楪世苏兰哲.smali	11382	95e9d68dd5e384c9e39dd4c181d1c188fae69fd1da89f0e497cffc57	本小姐让你打广告了?
smali_classes2\飘花落叶言楪世子苏哲兰\飘花落叶言子楪世苏兰哲.smali	11388	101a1518001e001a1a1a144613051140020418090b02041c5d241807161f202a3a18170d171f08011d371b060b091323121b1b0f001e	cooperation.vip.qqbanner.QbossADImmersionBannerManager
smali_classes2\飘花落叶言楪世子苏哲兰\飘花落叶言子楪世苏兰哲.smali	11394	101a1518001e001a1a1a144613051140020418090b02041c5d181b06040b041c5d231b1b242828031e10081b0c030f2c121b140d1721000012121f1a	cooperation.vip.qqbanner.manager.VasADImmersionBannerManager
smali_classes2\飘花落叶言楪世子苏哲兰\飘花落叶言子楪世苏兰哲.smali	11400	101a174611090f0d161b0e46080303071f100b194b1f111c1a1b1d00074208000710080906180818165b0f014b250f1a16071b0b1105170b231a0a25040200091607	com.tencent.mobileqq.springhb.interactive.ui.InteractivePopManager
smali_classes2\飘花落叶言楪世子苏哲兰\飘花落叶言子楪世苏兰哲.smali	11406	121b1e1a0a0505165d13080902010400075b1b181542271c1212170d0b18	androidx.fragment.app.Fragment
smali_classes2\飘花落叶言楪世子苏哲兰\飘花落叶言子楪世苏兰哲.smali	11412	101a174611090f0d161b0e46080303071f100b194b0d021a1a03131c1c42130b1010141c4b0e00001d1008181703020b0006151a4b3a001d323138090b02041c2307150b001f120101	com.tencent.mobileqq.activity.recent.bannerprocessor.VasADBannerProcessor
smali_classes2\飘花落叶言楪世子苏哲兰\飘花落叶言子楪世苏兰哲.smali	11418	06051e091109230f1d1b1f1a	updateBanner
smali_classes2\飘花落叶言楪世子苏哲兰\飘花落叶言子楪世苏兰哲.smali	11424	101a1518001e001a1a1a1446130511401211542f1703162612191c240415041c3b101618001e	cooperation.vip.ad.GrowHalfLayerHelper
smali_classes2\飘花落叶言楪世子苏哲兰\飘花落叶言子楪世苏兰哲.smali	11430	101a1518001e001a1a1a1446130511401211542f1703162612191c240415041c3a1b1c07	cooperation.vip.ad.GrowHalfLayerInfo
smali_classes2\飘花落叶言楪世子苏哲兰\飘花落叶言子楪世苏兰哲.smali	11436	101a174611090f0d161b0e46141d0f1a5d140f0c0c034f1e1f14034615000017160754291008080123191b11001e250b051c190d2d090d1e1607	com.tencent.qqnt.audio.play.player.AudioPlayerDeviceHelper
smali_classes2\飘花落叶言楪世子苏哲兰\飘花落叶言子楪世苏兰哲.smali	11442	1c1b340d041e35013614083b110d151b003612090b0b040a	onNearToEarStatusChanged
smali_classes2\飘花落叶言楪世子苏哲兰\飘花落叶言子楪世苏兰哲.smali	11448	14100e2500180901175d54464b45	getMethod(...)
smali_classes2\飘花落叶言楪世子苏哲兰\飘花落叶言子楪世苏兰哲.smali	11454	101a174611090f0d161b0e46080303071f100b194b1d100f061113074b0d140a1a1a0a040415041c5d1c17180942201b171c152c001a080d16261f1a1305020b3a180a04	com.tencent.mobileqq.qqaudio.audioplayer.impl.AudioDeviceServiceImpl
smali_classes2\飘花落叶言楪世子苏哲兰\飘花落叶言子楪世苏兰哲.smali	11460	1d1a0e01031520021f311f1e0c0f043d07140e1d162f090f1d121f0c	notifyAllDeviceStatusChanged
smali_classes2\飘花落叶言楪世子苏哲兰\飘花落叶言子楪世苏兰哲.smali	11466	151c140c280915061c1152464b4248	findMethod(...)
smali_classes2\飘花落叶言楪世子苏哲兰\飘花落叶言子楪世苏兰哲.smali	11472	1100180a0909280a	bubbleId
smali_classes2\飘花落叶言楪世子苏哲兰\飘花落叶言子楪世苏兰哲.smali	11478	0000182a100e0302163c1e	subBubbleId
smali_classes2\飘花落叶言楪世子苏哲兰\飘花落叶言子楪世苏兰哲.smali	11484	101a174611090f0d161b0e46141d0f1a5d1e1f1a0b090d401d140e01130908000710080e040f044025342925160b231b1117160d	com.tencent.qqnt.kernel.nativeinterface.VASMsgBubble
smali_classes2\飘花落叶言楪世子苏哲兰\飘花落叶言子楪世苏兰哲.smali	11490	14100e2a100e0302163c1e	getBubbleId
smali_classes2\飘花落叶言楪世子苏哲兰\飘花落叶言子楪世苏兰哲.smali	11496	14100e3b100e231b1117160d2c08	getSubBubbleId
smali_classes2\飘花落叶言楪世子苏哲兰\飘花落叶言子楪世苏兰哲.smali	11502	14100e2c000f0d0f01101e2b0a02121a0100191c0a1e12465d5b5441	getDeclaredConstructors(...)
smali_classes2\飘花落叶言楪世子苏哲兰\飘花落叶言子楪世苏兰哲.smali	11508	101a174611090f0d161b0e46080303071f100b194b0d021a1a03131c1c4200071c5b3b212a2112093a011f05	com.tencent.mobileqq.activity.aio.AIOMsgItem
smali_classes2\飘花落叶言楪世子苏哲兰\飘花落叶言子楪世苏兰哲.smali	11514	00100e2a100e0302163c140e0a	setBubbleInfo
smali_classes2\飘花落叶言楪世子苏哲兰\飘花落叶言子楪世苏兰哲.smali	11520	00100e2a100e0302163c1e	setBubbleId
smali_classes2\飘花落叶言楪世子苏哲兰\飘花落叶言子楪世苏兰哲.smali	11526	00100e3b100e231b1117160d2c08	setSubBubbleId
smali_classes2\飘花落叶言楪世子苏哲兰\飘花落叶言子楪世苏兰哲.smali	11532	00100e25160b231b1117160d	setMsgBubble
smali_classes2\飘花落叶言楪世子苏哲兰\飘花落叶言子楪世苏兰哲.smali	11538	101d1707014c56594455	chmod 777 
smali_classes2\飘花落叶言楪世子苏哲兰\飘花落叶言子楪世苏兰哲.smali	11544	5c170f0a070004311a1b1c07	/bubble_info
smali_classes2\飘花落叶言楪世子苏哲兰\飘花落叶言子楪世苏兰哲.smali	11550	5c131304001f4e0c0617180400330800151a	/files/bubble_info
smali_classes2\飘花落叶言楪世子苏哲兰\飘花落叶言子楪世苏兰哲.smali	11556	5c131304001f4e0c061718040033110f00011f1a	/files/bubble_paster
smali_classes2\飘花落叶言楪世子苏哲兰\飘花落叶言子楪世苏兰哲.smali	11562	5c131304001f4e18120625050418041c1a14163703030d0a1607550a100e0302162a1e0117	/files/vas_material_folder/bubble_dir
smali_classes2\飘花落叶言楪世子苏哲兰\飘花落叶言子楪世苏兰哲.smali	11568	1e141d01062a0e000721031800	magicFontType
smali_classes2\飘花落叶言楪世子苏哲兰\飘花落叶言子楪世苏兰哲.smali	11574	101a174611090f0d161b0e46141d0f1a5d1e1f1a0b090d401d140e01130908000710080e040f044025342925160b27011d01	com.tencent.qqnt.kernel.nativeinterface.VASMsgFont
smali_classes2\飘花落叶言楪世子苏哲兰\飘花落叶言子楪世苏兰哲.smali	11580	14100e2e0a02152717	getFontId
smali_classes2\飘花落叶言楪世子苏哲兰\飘花落叶言子楪世苏兰哲.smali	11586	14100e25040b080d351a141c3115110b	getMagicFontType
smali_classes2\飘花落叶言楪世子苏哲兰\飘花落叶言子楪世苏兰哲.smali	11592	101a174611090f0d161b0e46080303071f100b194b1a001d5d1315061142001e1a5b130515004f281c1b0e25040200091607290d171a080d163c171809	com.tencent.mobileqq.vas.font.api.impl.FontManagerServiceImpl
smali_classes2\飘花落叶言楪世子苏哲兰\飘花落叶言子楪世苏兰哲.smali	11598	161b1609170b043a160d0e25160b	enlargeTextMsg
smali_classes2\飘花落叶言楪世子苏哲兰\飘花落叶言子楪世苏兰哲.smali	11604	101a174611090f0d161b0e46080303071f100b194b0d021a1a03131c1c4200071c5b131c00014f3a160d0e2111090c2c061c160c001e	com.tencent.mobileqq.activity.aio.item.TextItemBuilder
smali_classes2\飘花落叶言楪世子苏哲兰\飘花落叶言子楪世苏兰哲.smali	11610	101a174611090f0d161b0e46080303071f100b194b0d08015d1c0e0d0842350b0b01331c0001231b1a191e0d17	com.tencent.mobileqq.aio.item.TextItemBuilder
smali_classes2\飘花落叶言楪世子苏哲兰\飘花落叶言子楪世苏兰哲.smali	11616	14100e26040104465d5b5441	getName(...)
smali_classes2\飘花落叶言楪世子苏哲兰\飘花落叶言子楪世苏兰哲.smali	11622	251c1f1f2d030d0a1607	ViewHolder
smali_classes2\飘花落叶言楪世子苏哲兰\飘花落叶言子楪世苏兰哲.smali	11628	301d1b1c2809121d12121f	ChatMessage
smali_classes2\飘花落叶言楪世子苏哲兰\飘花落叶言子楪世苏兰哲.smali	11634	101a174611090f0d161b0e4606030c031c1b540b0a020707145b0a090142250b051c190d3115110b	com.tencent.common.config.pad.DeviceType
smali_classes2\飘花落叶言楪世子苏哲兰\飘花落叶言子楪世苏兰哲.smali	11640	151c140c4d424f405a	find(...)
smali_classes2\飘花落叶言楪世子苏哲兰\飘花落叶言子楪世苏兰哲.smali	11646	9ae9fa80c3ed88e9fe90eac782f8fe88e6fd	需要重启生效
smali_classes2\飘花落叶言楪世子苏哲兰\飘花落叶言子楪世苏兰哲.smali	11652	101a174611090f0d161b0e4606030c031c1b540b0a020707145b0a090142310f17200e0109	com.tencent.common.config.pad.PadUtil
smali_classes2\飘花落叶言楪世子苏哲兰\飘花落叶言子楪世苏兰哲.smali	11658	1e100e000a0827071d111f1a	methodFinder
smali_classes2\飘花落叶言楪世子苏哲兰\飘花落叶言子楪世苏兰哲.smali	11664	001a19010400241c011a08	socialError
smali_classes2\飘花落叶言楪世子苏哲兰\飘花落叶言子楪世苏兰哲.smali	11670	14100e2a1c18041d5b5b54464c	getBytes(...)
smali_classes2\飘花落叶言楪世子苏哲兰\飘花落叶言子楪世苏兰哲.smali	11676	96c4f580f1d186e7fb93e6c480e1e689c9d29fd4dc8bcbf990f5fb8fe4dc84d4d592f3e083f0cd8acee693c2e989ddd794dfed8be5ed86cacd91c0cc80dce089d5f49ce7f585e7fc96c9c38fcffb	屏蔽版本升级弹窗、灰度版本体验弹窗、社交封禁提醒弹窗
smali_classes2\飘花落叶言楪世子苏哲兰\飘花落叶言子楪世苏兰哲.smali	11682	101a174611090f0d161b0e46080303071f100b194b19110901141e0d4b190840171c1b040a0b4f3b031208090109200d071c0c011115	com.tencent.mobileqq.upgrade.ui.dialog.UpgradeActivity
smali_classes2\飘花落叶言楪世子苏哲兰\飘花落叶言子楪世苏兰哲.smali	11688	101a174611090f0d161b0e4607051b40020013460b03150710101809174217071602543e343928201c01130b002e001c3f1403071018	com.tencent.biz.qui.noticebar.view.VQUINoticeBarLayout
smali_classes2\飘花落叶言楪世子苏哲兰\飘花落叶言子楪世苏兰哲.smali	11694	101a174611090f0d161b0e46080303071f100b194b0b130f0a16120d06074f0c06061306001f124034071b112604040d183d1b060100041c	com.tencent.mobileqq.graycheck.business.GrayCheckHandler
smali_classes2\飘花落叶言楪世子苏哲兰\飘花落叶言子楪世苏兰哲.smali	11700	101a174611090f0d161b0e46080303071f100b194b081540120513460c0111025d312e29352528030319	com.tencent.mobileqq.dt.api.impl.DTAPIImpl
smali_classes2\飘花落叶言楪世子苏哲兰\飘花落叶言子楪世苏兰哲.smali	11706	1c1b290d0628081d03140e0b0d380e2f03053f1e000215	onSecDispatchToAppEvent
smali_classes2\飘花落叶言楪世子苏哲兰\飘花落叶言子楪世苏兰哲.smali	11712	121b1e1a0a05054012050a46240f1507051c0e11280d0f0f141008	android.app.ActivityManager
smali_classes2\飘花落叶言楪世子苏哲兰\飘花落叶言子楪世苏兰哲.smali	11718	14100e3a10020f071d123b18153c13011010091b001f	getRunningAppProcesses
smali_classes2\飘花落叶言楪世子苏哲兰\飘花落叶言子楪世苏兰哲.smali	11724	95dddb8df8fb87e1e39cfcfa83eec981cff99cc5c189ddd794dfed8df9c488e9fe93ecd880fcce8bf9dd2b3980e5ec8bfcdf9ed4ff89d0fb94d1c08cddec87c2d296faea	模块提醒您，此弹窗在重新启动QQ前只会展示一次。
smali_classes2\飘花落叶言楪世子苏哲兰\飘花落叶言子楪世苏兰哲.smali	11730	14100e2b101e130b1d012f010b	getCurrentUin
smali_classes2\飘花落叶言楪世子苏哲兰\飘花落叶言子楪世苏兰哲.smali	11736	0307150b001f122012181f	processName
smali_classes2\飘花落叶言楪世子苏哲兰\飘花落叶言子楪世苏兰哲.smali	11742	121b1e1a0a050540101a141c00021540301a141c001415	android.content.Context
smali_classes2\飘花落叶言楪世子苏哲兰\飘花落叶言子楪世苏兰哲.smali	11748	32362e21332535372c263f3a3325222b	ACTIVITY_SERVICE
smali_classes2\飘花落叶言楪世子苏哲兰\飘花落叶言子楪世苏兰哲.smali	11754	14100e3b1c1f150b1e261f1a1305020b	getSystemService
smali_classes2\飘花落叶言楪世子苏哲兰\飘花落叶言子楪世苏兰哲.smali	11760	1710541a0a0e1740121b1e1a0a0505400b05151b00084f36031a090d012e130717121f	de.robv.android.xposed.XposedBridge
smali_classes2\飘花落叶言楪世子苏哲兰\飘花落叶言子楪世苏兰哲.smali	11766	1000081a0002153a1b071f0901	currentThread
smali_classes2\飘花落叶言楪世子苏哲兰\飘花落叶言子楪世苏兰哲.smali	11772	1e34191c0c1a081a0a21121a000d05	mActivityThread
smali_classes2\飘花落叶言楪世子苏哲兰\飘花落叶言子楪世苏兰哲.smali	11778	96c4f580f1d185d6f391c0f380e9d287e7db92c7e884c6c896faeb8fffe887e0fa9dead580dcee86d2dd9cebe04c88e9fe90eac782f8fe88e6fd	屏蔽一些关键词触发的掉落小表情 重启生效
smali_classes2\飘花落叶言楪世子苏哲兰\飘花落叶言子楪世苏兰哲.smali	11784	101a174611090f0d161b0e46080303071f100b194b0d08015d141401080d15071c1b541d11050d4011	com.tencent.mobileqq.aio.animation.util.b
smali_classes2\飘花落叶言楪世子苏哲兰\飘花落叶言子楪世苏兰哲.smali	11790	101a174611090f0d161b0e46080303071f100b194b0d08015d141401080d15071c1b541d11050d4017	com.tencent.mobileqq.aio.animation.util.d
smali_classes2\飘花落叶言楪世子苏哲兰\飘花落叶言子楪世苏兰哲.smali	11796	101a174611090f0d161b0e46080303071f100b194b0d08015d141401080d15071c1b541d11050d40321c15290b050c0f071c150626030f081a12320d091c041c	com.tencent.mobileqq.aio.animation.util.AioAnimationConfigHelper
smali_classes2\飘花落叶言楪世子苏哲兰\飘花落叶言子楪世苏兰哲.smali	11802	101a174611090f0d161b0e46080303071f100b194b0d021a1a03131c1c4200071c5b1b060c014f2f1a1a3b060c01001a1a1a142b0a020707143d1f04150913	com.tencent.mobileqq.activity.aio.anim.AioAnimationConfigHelper
smali_classes2\飘花落叶言楪世子苏哲兰\飘花落叶言子楪世苏兰哲.smali	11808	171a2a09171f043c06191f1b	doParseRules
smali_classes2\飘花落叶言楪世子苏哲兰\飘花落叶言子楪世苏兰哲.smali	11814	0314081b003e14021606	parseRules
smali_classes2\飘花落叶言楪世子苏哲兰\飘花落叶言子楪世苏兰哲.smali	11820	0314081b002d0f071e140e010a02331b1f1009	parseAnimationRules
smali_classes2\飘花落叶言楪世子苏哲兰\飘花落叶言子楪世苏兰哲.smali	11826	1f1a1b0c37190d0b00	loadRules
smali_classes2\飘花落叶言楪世子苏哲兰\飘花落叶言子楪世苏兰哲.smali	11832	101a174611090f0d161b0e46170a08165d19130a4b080e191d1915090142310f0716122c0a1b0f021c141e3c041f0a	com.tencent.rfix.lib.download.PatchDownloadTask
smali_classes2\飘花落叶言楪世子苏哲兰\飘花落叶言子楪世苏兰哲.smali	11838	101a174611090f0d161b0e46170a08165d19130a4b090f091a1b1f46350d150d1b30140f0c02042c12061f	com.tencent.rfix.lib.engine.PatchEngineBase
smali_classes2\飘花落叶言楪世子苏哲兰\飘花落叶言子楪世苏兰哲.smali	11844	101a174611090f0d161b0e46170a08165d19130a4b0f0e00151c1d46350d150d1b361506030506	com.tencent.rfix.lib.config.PatchConfig
smali_classes2\飘花落叶言楪世子苏哲兰\飘花落叶言子楪世苏兰哲.smali	11850	101a174611090f0d161b0e46080303071f100b194b0112085d16151a00420f0b075b0a09110f094023140e0b0d3e041e1c070e0d17	com.tencent.mobileqq.msf.core.net.patch.PatchReporter
smali_classes2\飘花落叶言楪世子苏哲兰\飘花落叶言子楪世苏兰哲.smali	11856	96c4f580f1d188eddb90f2ee80e9d287e7db92c7e884c6c896faeb8fffe886e7ca93d4e280d0d889d9e2	屏蔽部分关键词触发的特殊弹窗
smali_classes2\飘花落叶言楪世子苏哲兰\飘花落叶言子楪世苏兰哲.smali	11862	101a174611090f0d161b0e46080303071f100b194b1f111c1a1b1d00074214075d3c141c001e000d071c0c0d35031123121b1b0f001e	com.tencent.mobileqq.springhb.ui.InteractivePopManager
smali_classes2\飘花落叶言楪世子苏哲兰\飘花落叶言子楪世苏兰哲.smali	11868	101a174611090f0d161b0e46080303071f100b194b050f1a16071b0b1105170b5d0013462c02150b0114191c0c1a043e1c0537090b0d060b01	com.tencent.mobileqq.interactive.ui.InteractivePopManager
smali_classes2\飘花落叶言楪世子苏哲兰\飘花落叶言子楪世苏兰哲.smali	11874	101a174611090f0d161b0e46080303071f100b194b0d08015d141401080d15071c1b5418040b4f3e12123f091618041c36121d380a1c2c0f1d141d0d17	com.tencent.mobileqq.aio.animation.pag.PagEasterEggPopManager
smali_classes2\飘花落叶言楪世子苏哲兰\飘花落叶言子楪世苏兰哲.smali	11880	101a174611090f0d161b0e46080303071f100b194b0d0f071e140e010a024f1e12125438040b240f00011f1a200b063e1c0537090b0d060b01	com.tencent.mobileqq.animation.pag.PagEasterEggPopManager
smali_classes2\飘花落叶言楪世子苏哲兰\飘花落叶言子楪世苏兰哲.smali	11886	101a174611090f0d161b0e46141d110b011354050a02081a1c07540b170d12065d242b2b170d120621100a0717182c0f1d141d0d17	com.tencent.qqperf.monitor.crash.QQCrashReportManager
smali_classes2\飘花落叶言楪世子苏哲兰\飘花落叶言子楪世苏兰哲.smali	11892	1d001604450f00001d1a0e480709410d12060e48110341001c1b570610000d4e070c0a0d45070e1a1f1c14462c0215	null cannot be cast to non-null type kotlin.Int
smali_classes2\飘花落叶言楪世子苏哲兰\飘花落叶言子楪世苏兰哲.smali	11898	101a174611090f0d161b0e4604050e4015071b050042051c12021f1a4b28130f0410082e170d0c0b251c1f1f221e0e1b03	com.tencent.aio.frame.drawer.DrawerFrameViewGroup
smali_classes2\飘花落叶言楪世子苏哲兰\飘花落叶言子楪世苏兰哲.smali	11904	0002131c0604321a12011f	switchState
smali_classes2\飘花落叶言楪世子苏哲兰\飘花落叶言子楪世苏兰哲.smali	11910	101a174611090f0d161b0e46080303071f100b194b1813011c05540e090d0c0b5d140a014b050c1e1f5b2e1a0a0311281f14170d241c08271e0516	com.tencent.mobileqq.troop.flame.api.impl.TroopFlameApiImpl
smali_classes2\飘花落叶言楪世子苏哲兰\飘花落叶言子楪世苏兰哲.smali	11916	14100e2e090d0c0b251c1f1f210d150f35071505352e	getFlameViewDataFromPB
smali_classes2\飘花落叶言楪世子苏哲兰\飘花落叶言子楪世苏兰哲.smali	11922	101a174611090f0d161b0e46080303071f100b194b08001a125b0e1a0a0311402707150715250f081c30021c	com.tencent.mobileqq.data.troop.TroopInfoExt
smali_classes2\飘花落叶言楪世子苏哲兰\飘花落叶言子楪世苏兰哲.smali	11928	14100e2f1703141e360d0e2e090d0c0b37140e09	getGroupExtFlameData
smali_classes2\飘花落叶言楪世子苏哲兰\飘花落叶言子楪世苏兰哲.smali	11934	96c9c08dedda303f96f3ff8fd8c287dbfc9ddde080f5c98aceca9dfccd8bd2d594cee58debf386faec221f0a330504199cc9f68cdde184e4d39dc7d58de9df86ddda225d80eae488d3cd	强制QQ内置浏览器使用系统原生WebView，不加载腾讯X5内核
smali_classes2\飘花落叶言楪世子苏哲兰\飘花落叶言子楪世苏兰哲.smali	11940	101a174611090f0d161b0e461601151a5d061e034b3d033d171e	com.tencent.smtt.sdk.QbSdk
smali_classes2\飘花落叶言楪世子苏哲兰\飘花落叶言子楪世苏兰哲.smali	11946	14100e21163f181d2410183e0c0916281c07190d012e182106011f1a	getIsSysWebViewForcedByOuter
smali_classes2\飘花落叶言楪世子苏哲兰\飘花落叶言子楪世苏兰哲.smali	11952	96fdfc8dd4e387c6d290c6e781d4ea8acaea92ebd88acccd96cdc28cd8d386fadb93f3c382cce08df3f49df3dd8afdd494d8f380c7c788f7e390f2de82f6e58bf9ea92ebd8	分屏模式下也能正常使用扫码、相机等被限制的功能
smali_classes2\飘花落叶言楪世子苏哲兰\飘花落叶言子楪世苏兰哲.smali	11958	1a06330628190d1a1a221306010316231c111f	isInMultiWindowMode
smali_classes2\飘花落叶言楪世子苏哲兰\飘花落叶言子楪世苏兰哲.smali	11964	3514110d3505023d1a0f1f	FakePicSize
smali_classes2\飘花落叶言楪世子苏哲兰\飘花落叶言子楪世苏兰哲.smali	11970	94f7c38de2d789c0cd92c7c680f7df89faf29cf0db8bc5d496d1dd8dd5e3	点击设置图片显示大小
smali_classes2\飘花落叶言楪世子苏哲兰\飘花落叶言子楪世苏兰哲.smali	11976	101a174611090f0d161b0e46141d0f1a5d1e1f1a0b090d1e0617160106420f0f071c0c0d0c02150b01131b0b004222011d011b0b11	com.tencent.qqnt.kernelpublic.nativeinterface.Contact
smali_classes2\飘花落叶言楪世子苏哲兰\飘花落叶言子楪世苏兰哲.smali	11982	101a174611090f0d161b0e46141d0f1a5d1e1f1a0b090d1e0617160106420f0f071c0c0d0c02150b01131b0b00422821031008091109220f1f1918090607	com.tencent.qqnt.kernelpublic.nativeinterface.IOperateCallback
smali_classes2\飘花落叶言楪世子苏哲兰\飘花落叶言子楪世苏兰哲.smali	11988	101a174611090f0d161b0e46141d0f1a5d1e1f1a0b090d1e0617160106420f0f071c0c0d0c02150b01131b0b004228251607140d092112092010081e0c0f044a30050a3817031917	com.tencent.qqnt.kernelpublic.nativeinterface.IKernelMsgService$CppProxy
smali_classes2\飘花落叶言楪世子苏哲兰\飘花落叶言子楪世苏兰哲.smali	11994	94dadb8ef1d584f5cd92f3ef83f4df89d7cf9fccc289d1e1	篡改图片显示大小
smali_classes2\飘花落叶言楪世子苏哲兰\飘花落叶言子楪世苏兰哲.smali	12000	001c000d2c02050b0b	sizeIndex
smali_classes2\飘花落叶言楪世子苏哲兰\飘花落叶言子楪世苏兰哲.smali	12006	101a174611090f0d161b0e46141d0f1a5d1e1f1a0b090d1e0617160106420f0f071c0c0d0c02150b01131b0b00422c1d1430160d08090f1a	com.tencent.qqnt.kernelpublic.nativeinterface.MsgElement
smali_classes2\飘花落叶言楪世子苏哲兰\飘花落叶言子楪世苏兰哲.smali	12012	031c193b100e35170310	picSubType
smali_classes2\飘花落叶言楪世子苏哲兰\飘花落叶言子楪世苏兰哲.smali	12018	96c2c880cbd286d3dd91c2d25f4c	已设置为: 
smali_classes2\飘花落叶言楪世子苏哲兰\飘花落叶言子楪世苏兰哲.smali	12024	02041c091342001e18	qqfav.apk
smali_classes2\飘花落叶言楪世子苏哲兰\飘花落叶言子楪世苏兰哲.smali	12030	96eee48ddaea85d7f893f3e881d7c489cdfb9ed0d84c87f6dc90e1c881d4db86c3f493ebd889faf097cdf78debd74d89e8db9fe1e88af5c195f9fb8fdfc387f8f490d7ff83f8d786e4fa92c7c38ae2eb	回忆之所以美丽 是因为谁都回不去,目前支持纯文字收藏详情
smali_classes2\飘花落叶言楪世子苏哲兰\飘花落叶言子楪世苏兰哲.smali	12036	3f1615054a1d100812035509061808181a010347270d120b37100e090c00200d071c0c0111155a434d1a142b1709001a165d36090b0813011a1155071643231b1d11160d5e4537	Lcom/qqfav/activity/BaseDetailActivity;->onCreate(Landroid/os/Bundle;)V
smali_classes2\飘花落叶言楪世子苏哲兰\飘花落叶言子楪世苏兰哲.smali	12042	071d131b2a0e0b0b1001	thisObject
smali_classes2\飘花落叶言楪世子苏哲兰\飘花落叶言子楪世苏兰哲.smali	12048	3f1615054a1d10081203550c0418004135140c071705150b37140e09	Lcom/qqfav/data/FavoriteData
smali_classes2\飘花落叶言楪世子苏哲兰\飘花落叶言子楪世苏兰哲.smali	12054	0010140c2903020f1f3313040021041a1b1a1e	sendLocalFileMethod
smali_classes2\飘花落叶言楪世子苏哲兰\飘花落叶言子楪世苏兰哲.smali	12060	97cdf08cd9cc87f8f491c1de83fbd787f4f89ff9d889f1e31114090d4b0d11057991c1cd80e3eb8bc3f39ed0ef88ddce95e2cc8fffe84f0f031e93efe889f0d396e5f78cddd64f2f233e5a81fdde87c3d1242b8df9c487f2fe90f0c980f5c98bc3f35409150784e1eb93f2f84b0d11055d44	上传文件时重命名base.apk\n以及将上传时的.apk重命名为.APK 防止QQ在服务器将.apk变成.apk.1
smali_classes2\飘花落叶言楪世子苏哲兰\飘花落叶言子楪世苏兰哲.smali	12066	0010140c2903020f1f3313040021041a1b1a1e480c1f4100061916	sendLocalFileMethod is null
smali_classes2\飘花落叶言楪世子苏哲兰\飘花落叶言子楪世苏兰哲.smali	12072	101a174611090f0d161b0e46080303071f100b194b1813011c05541d11050d1d5d3c0e0d08	com.tencent.mobileqq.troop.utils.Item
smali_classes2\飘花落叶言楪世子苏哲兰\飘花落叶言子楪世苏兰哲.smali	12078	101a174611090f0d161b0e46080303071f100b194b1813011c05541d11050d1d5d2108070a1c27071f102e1a04021208160737090b0d060b0151331c0001	com.tencent.mobileqq.troop.utils.TroopFileTransferManager$Item
smali_classes2\飘花落叶言楪世子苏哲兰\飘花落叶言子楪世苏兰哲.smali	12084	101a174611090f0d161b0e46080303071f100b194b1813011c05540e0c000403121b1b0f001e4f3a011a151823050d0b27071b06160a041c3e1208	com.tencent.mobileqq.troop.filemanager.TroopFileTransferMgr
smali_classes2\飘花落叶言楪世子苏哲兰\飘花落叶言子楪世苏兰哲.smali	12090	0010140c2903020f1f33130400380e200755091c172a080216251b1c0d56	sendLocalFileToNt strFilePath:
smali_classes2\飘花落叶言楪世子苏哲兰\飘花落叶言子楪世苏兰哲.smali	12096	2d171b1b00443d462845575138473d475a4a5409150745	^base(\([0-9]+\))?.apk$
smali_classes2\飘花落叶言楪世子苏哲兰\飘花落叶言子楪世苏兰哲.smali	12102	0000181b111e0800145d54464b45	substring(...)
smali_classes2\飘花落叶言楪世子苏哲兰\飘花落叶言子楪世苏兰哲.smali	12108	561b254d1342203e38	%n_%v.APK
smali_classes2\飘花落叶言楪世子苏哲兰\飘花落叶言子楪世苏兰哲.smali	12114	03141903040b042012181f	packageName
smali_classes2\飘花落叶言楪世子苏哲兰\飘花落叶言子楪世苏兰哲.smali	12120	1114090d4b2d3125	base.APK
smali_classes2\飘花落叶言楪世子苏哲兰\飘花落叶言子楪世苏兰哲.smali	12126	0001082e0c00043e120112	strFilePath
smali_classes2\飘花落叶言楪世子苏哲兰\飘花落叶言子楪世苏兰哲.smali	12132	351c160d2b0d0c0b	FileName
smali_classes2\飘花落叶言楪世子苏哲兰\飘花落叶言子楪世苏兰哲.smali	12138	3f1a1909092a080216	LocalFile
smali_classes2\飘花落叶言楪世子苏哲兰\飘花落叶言子楪世苏兰哲.smali	12144	1e061d2111090c381a100d	msgItemView
smali_classes2\飘花落叶言楪世子苏哲兰\飘花落叶言子楪世苏兰哲.smali	12150	1e061d3a000f0e1c17	msgRecord
smali_classes2\飘花落叶言楪世子苏哲兰\飘花落叶言子楪世苏兰哲.smali	12156	9af5f881e0e1303f3d21568dd9ec84fedc90eae681d0fb8bdcc992efd184e0e496d1d38ff0e088f3d191c2cd8cebec88fdfc9fd0c2	适配QQNT,开启后会导致聊天界面严重掉帧
smali_classes2\飘花落叶言楪世子苏哲兰\飘花落叶言子楪世苏兰哲.smali	12162	14100e3b100e2c1d1421031800	getSubMsgType
smali_classes2\飘花落叶言楪世子苏哲兰\飘花落叶言子楪世苏兰哲.smali	12168	121b1e1a0a0505165d1615061618130f1a1b0e0404150e1b075b0d01010b041a5d3615061618130f1a1b0e2404150e1b075136091c03141a23140809081f	androidx.constraintlayout.widget.ConstraintLayout$LayoutParams
smali_classes2\飘花落叶言楪世子苏哲兰\飘花落叶言子楪世苏兰哲.smali	12174	1d001604450f00001d1a0e480709410d12060e48110341001c1b570610000d4e070c0a0d450d0f0a011a130c4b1a080b045b2c01001b261c1c000a46290d180106012a09170d0c1d	null cannot be cast to non-null type android.view.ViewGroup.LayoutParams
smali_classes2\飘花落叶言楪世子苏哲兰\飘花落叶言子楪世苏兰哲.smali	12180	00011b1a11380e3d0714081c	startToStart
smali_classes2\飘花落叶言楪世子苏哲兰\飘花落叶言子楪世苏兰哲.smali	12186	161b1e3c0a290f0a	endToEnd
smali_classes2\飘花落叶言楪世子苏哲兰\飘花落叶言子楪世苏兰哲.smali	12192	071a0a3c0a380e1e	topToTop
smali_classes2\飘花落叶言楪世子苏哲兰\飘花落叶言子楪世苏兰哲.smali	12198	00001825160b35170310	subMsgType
smali_classes2\飘花落叶言楪世子苏哲兰\飘花落叶言子楪世苏兰哲.smali	12204	1d001604450f00001d1a0e480709410d12060e48110341001c1b570610000d4e070c0a0d450d0f0a011a130c4b0f0e000710141c4b250f1a161b0e	null cannot be cast to non-null type android.content.Intent
smali_classes2\飘花落叶言楪世子苏哲兰\飘花落叶言子楪世苏兰哲.smali	12210	1f1c14461d1c0e1d161154000a030a401a011f054b0e130104061f1a4b29393a2134252a3c3c203d202a3c39273329213c3e	lin.xposed.hook.item.browser.EXTRA_BYPASS_FQB_HOOK
smali_classes2\飘花落叶言楪世子苏哲兰\飘花落叶言子楪世苏兰哲.smali	12216	2d5d121c111c12510f130e184c564e41282b261b4a484f51502854333b30123359510636121b16325d2e244638473d40282b54354e481d30282b54354e304f352d5b274341	^(https?|ftp)://[^\s/$.?#].[^\s]*$|^www\.[^.]+\.[^.]+$|^[^.]+\.[^.]+$
smali_classes2\飘花落叶言楪世子苏哲兰\飘花落叶言子楪世苏兰哲.smali	12222	9bf2ce8ef0c04189c8fa9feddd8ac9cf96e8ed5280e2da8aced59fccc28be9d994effe39348ad4e19bd2f28dfcc4	致敬 经典模块:去你大爷的QQ浏览器
smali_classes2\飘花落叶言楪世子苏哲兰\飘花落叶言子楪世苏兰哲.smali	12228	121b1e1a0a050540101a141c00021540301a141c0014153901140a18001e	android.content.ContextWrapper
smali_classes2\飘花落叶言楪世子苏哲兰\飘花落叶言子楪世苏兰哲.smali	12234	00011b1a112d021a1a03131c1c	startActivity
smali_classes2\飘花落叶言楪世子苏哲兰\飘花落叶言子楪世苏兰哲.smali	12240	00011b1a112d021a1a03131c1c2a0e1c2110091d0918	startActivityForResult
smali_classes2\飘花落叶言楪世子苏哲兰\飘花落叶言子楪世苏兰哲.smali	12246	121b1e1a0a05054012050a46240f1507051c0e11	android.app.Activity
smali_classes2\飘花落叶言楪世子苏哲兰\飘花落叶言子楪世苏兰哲.smali	12252	2224381a0a1b120b0134191c0c1a081a0a	QQBrowserActivity
smali_classes2\飘花落叶言楪世子苏哲兰\飘花落叶言子楪世苏兰哲.smali	12258	150715053a0a100c	from_fqb
smali_classes2\飘花落叶言楪世子苏哲兰\飘花落叶言子楪世苏兰哲.smali	12264	1e101f1c0c0206400710140b00021540101a17	meeting.tencent.com
smali_classes2\飘花落叶言楪世子苏哲兰\飘花落叶言子楪世苏兰哲.smali	12270	0204571f000e4f0d171b570f0a420200	qq-web.cdn-go.cn
smali_classes2\飘花落叶言楪世子苏哲兰\飘花落叶言子楪世苏兰哲.smali	12276	95daee8dc3ee87e7e090f7c9498af3ca96eee44483e4d28acbf59ce0d6	比如打卡,撤回,戳一戳
smali_classes2\飘花落叶言楪世子苏哲兰\飘花落叶言子楪世苏兰哲.smali	12282	101a174611090f0d161b0e46141d0f1a5d1e1f1a0b090d401d140e01130908000710080e040f04402b18162d09090c0b1d01	com.tencent.qqnt.kernel.nativeinterface.XmlElement
smali_classes2\飘花落叶言楪世子苏哲兰\飘花落叶言子楪世苏兰哲.smali	12288	14100e250001030b0106	getMembers
smali_classes2\飘花落叶言楪世子苏哲兰\飘花落叶言子楪世苏兰哲.smali	12294	14100e2c000f0d0f01101e2500180901175d54464b45	getDeclaredMethod(...)
smali_classes2\飘花落叶言楪世子苏哲兰\飘花落叶言子楪世苏兰哲.smali	12300	101a174611090f0d161b0e46141d0f1a5d1e1f1a0b090d1e0617160106420f0f071c0c0d0c02150b01131b0b00422b1d1c1b3d1a0415240216181f0611	com.tencent.qqnt.kernelpublic.nativeinterface.JsonGrayElement
smali_classes2\飘花落叶言楪世子苏哲兰\飘花落叶言子楪世苏兰哲.smali	12306	101a174611090f0d161b0e46141d0f1a5d1e1f1a0b090d1e0617160106420f0f071c0c0d0c02150b01131b0b004239031f21152216030f3e12071b05	com.tencent.qqnt.kernelpublic.nativeinterface.XmlToJsonParam
smali_classes2\飘花落叶言楪世子苏哲兰\飘花落叶言子楪世苏兰哲.smali	12312	151c140c26030f1d07070f0b110313465d5b5441	findConstructor(...)
smali_classes2\飘花落叶言楪世子苏哲兰\飘花落叶言子楪世苏兰哲.smali	12318	9aefea80f2e387f8c393e6e380e3ea8bfbe292c9cd88d9c394effe81e5f689c0dc90c7fd83e2c986fee59fe5c48be8e9	隐藏新朋友列表中的通讯录推荐卡片
smali_classes2\飘花落叶言楪世子苏哲兰\飘花落叶言子楪世苏兰哲.smali	12324	101a174611090f0d161b0e46080303071f100b194b0204191507130d0b084f1b1a5b181d0c00050b015b340d122a1307161b1e2a0c02052d1c1b0e090618261b1a111f2a10050d0a16072c5b	com.tencent.mobileqq.newfriend.ui.builder.NewFriendBindContactGuideBuilderV3
smali_classes2\飘花落叶言楪世子苏哲兰\飘花落叶言子楪世苏兰哲.smali	12330	9af5fb8fc1d086e7da	送礼物
smali_classes2\飘花落叶言楪世子苏哲兰\飘花落叶言子楪世苏兰哲.smali	12336	96c4f580f1d184cbce90f5e38dd9e588e5ec9fe5c489dbfb9af6d28dd2c984ebc493dae781d4cc89e9f193e8e48bc5d294fcd38ee9e588fcdd	屏蔽好友资料卡底部工具栏中的送礼物按钮
smali_classes2\飘花落叶言楪世子苏哲兰\飘花落叶言子楪世苏兰哲.smali	12342	101a174611090f0d161b0e46080303071f100b194b1c1301151c160d060d130a5d171b1b004202011d011b010b0913402307150e0c00042c1c010e07082f0e0007141306001e	com.tencent.mobileqq.profilecard.base.container.ProfileBottomContainer
smali_classes2\飘花落叶言楪世子苏哲兰\飘花落叶言子楪世苏兰哲.smali	12348	151c14011604330b15071f1b0d	finishRefresh
smali_classes2\飘花落叶言楪世子苏哲兰\飘花落叶言子楪世苏兰哲.smali	12354	9aefea80f2e385d6f893f1e180dcee89dbfe9fd2ea	隐藏下拉小程序
smali_classes2\飘花落叶言楪世子苏哲兰\飘花落叶言子楪世苏兰哲.smali	12360	101a174611090f0d161b0e46141d0f1a5d161209111f4f181a100d4628050f073c191e3b11150d0b3b101b0c001e2f0b04	com.tencent.qqnt.chats.view.MiniOldStyleHeaderNew
smali_classes2\飘花落叶言楪世子苏哲兰\飘花落叶言子楪世苏兰哲.smali	12366	101a174611090f0d161b0e46141d0f1a5d161209111f4f181a100d4628050f073c191e3b11150d0b3b101b0c001e	com.tencent.qqnt.chats.view.MiniOldStyleHeader
smali_classes2\飘花落叶言楪世子苏哲兰\飘花落叶言子楪世苏兰哲.smali	12372	01101c1a001f0922120c151d11	refreshLayout
smali_classes2\飘花落叶言楪世子苏哲兰\飘花落叶言子楪世苏兰哲.smali	12378	1c191e3b110d150b	oldState
smali_classes2\飘花落叶言楪世子苏哲兰\飘花落叶言子楪世苏兰哲.smali	12384	1d100d3b110d150b	newState
smali_classes2\飘花落叶言楪世子苏哲兰\飘花落叶言子楪世苏兰哲.smali	12390	1a1b131c28050f0732050a2d0b1813173f14030710184f	initMiniAppEntryLayout.
smali_classes2\飘花落叶言楪世子苏哲兰\飘花落叶言子楪世苏兰哲.smali	12396	1a1b131c2805021c1c340a182002151c0a391b110a191540	initMicroAppEntryLayout.
smali_classes2\飘花落叶言楪世子苏哲兰\飘花落叶言子楪世苏兰哲.smali	12402	1a1b131c452108001a553b181540410d1c060e55	init Mini App, cost=
smali_classes2\飘花落叶言楪世子苏哲兰\飘花落叶言子楪世苏兰哲.smali	12408	101a174611090f0d161b0e46080303071f100b194b0108001a5b1b180c4228231a1b1329151c320b0103130b00	com.tencent.mobileqq.mini.api.IMiniAppService
smali_classes2\飘花落叶言楪世子苏哲兰\飘花落叶言子楪世苏兰哲.smali	12414	10071f0911092c071d1c3b1815290f1a010c37090b0d060b01	createMiniAppEntryManager
smali_classes2\飘花落叶言楪世子苏哲兰\飘花落叶言子楪世苏兰哲.smali	12420	1d001604450f00001d1a0e480709410d12060e48110341001c1b570610000d4e070c0a0d45070e1a1f1c144629030f09	null cannot be cast to non-null type kotlin.Long
smali_classes2\飘花落叶言楪世子苏哲兰\飘花落叶言子楪世苏兰哲.smali	12426	96c4f580f1d189eff990dec182f9ed87eed79df2e184d7eb94cfdd39348bc6ee5393d7cc80e6fe86f0c893e8e78bf5c697cff4514b5e4f5c465e5a81e2e184fedc92eef783f9e9	屏蔽聊天界面的超级QQ秀 此功能适用于9.2.25+ 重启生效
smali_classes2\飘花落叶言楪世子苏哲兰\飘花落叶言子楪世苏兰哲.smali	12432	101a174611090f0d161b0e46080303071f100b194b0d084012031b1c041e4f0f031c5401081c0d40323c3b1e0418001c2002131c0604201e1a3c171809	com.tencent.mobileqq.ai.avatar.api.impl.AIAvatarSwitchApiImpl
smali_classes2\飘花落叶言楪世子苏哲兰\飘花落叶言子楪世苏兰哲.smali	12438	1a062b3936040e19361b1b0a0909270101343327	isQQShowEnableForAIO
smali_classes2\飘花落叶言楪世子苏哲兰\飘花落叶言子楪世苏兰哲.smali	12444	1a062b3936040e19361b1b0a0909	isQQShowEnable
smali_classes2\飘花落叶言楪世子苏哲兰\飘花落叶言子楪世苏兰哲.smali	12450	0314081b0023030416160e404b424f47	parseObject(...)
smali_classes2\飘花落叶言楪世子苏哲兰\飘花落叶言子楪世苏兰哲.smali	12456	14071b0a230d0802271a1b1b11	grabFailToast
smali_classes2\飘花落叶言楪世子苏哲兰\飘花落叶言子楪世苏兰哲.smali	12462	94cfd88de9e988ccf790deec82fce78bd7c492dcc0564189c9d79fe4e089d6dc9bd7d18eefce84ebfa	红包预处理失败: 红包已被抢光
smali_classes2\飘花落叶言楪世子苏哲兰\飘花落叶言子楪世苏兰哲.smali	12468	94cfd88de9e989d9c09dc5ef8ccee78bfce34048	红包跳过领取: 
smali_classes2\飘花落叶言楪世子苏哲兰\飘花落叶言子楪世苏兰哲.smali	12474	171016091c3e041e1f0c	delayReply
smali_classes2\飘花落叶言楪世子苏哲兰\飘花落叶言子楪世苏兰哲.smali	12480	95e3ca8fece4303f95ffd88fdfce84e2f69ac6e480f0c9575d475458451241575d4654588cecfb86ccf29cddee84cefb9cc9f68fe7d584e9c890f5c78ce9ec89cedb9fe7e78af4de9cc9f68cdde187fadc93f6e95c4252404690f5e281d7c48acbff	新版QQ抢红包，在9.2.0 ~ 9.3.0通过测试，点击可配置参数，不支持9.3.5及以上
smali_classes2\飘花落叶言楪世子苏哲兰\飘花落叶言子楪世苏兰哲.smali	12486	14100e3d0c02271c1c182f0101444f405d5c	getUinFromUid(...)
smali_classes2\飘花落叶言楪世子苏哲兰\飘花落叶言子楪世苏兰哲.smali	12492	97cdf781c7ea84e1e593e3c68cecfb89c9d79fe4e0	不领取普通红包
smali_classes2\飘花落叶言楪世子苏哲兰\飘花落叶言子楪世苏兰哲.smali	12498	97cdf781c7ea84e1e591c2fb80ddff89c9d79fe4e0	不领取专属红包
smali_classes2\飘花落叶言楪世子苏哲兰\飘花落叶言子楪世苏兰哲.smali	12504	94cbde8deadb84f2db9cc1f980fcec8bfee09ed0c8	群号在黑名单中
smali_classes2\飘花落叶言楪世子苏哲兰\飘花落叶言子楪世苏兰哲.smali	12510	94cfd88de9e987e1fc9dc5d880e0e48be3de9fedd685f5c09bdaf75245	红包描述包含关键词: 
smali_classes2\飘花落叶言楪世子苏哲兰\飘花落叶言子楪世苏兰哲.smali	12516	94cfd88de9e984d7c090e7ef8cebf087d1e8	红包平均金额
smali_classes2\飘花落叶言楪世子苏哲兰\飘花落叶言子楪世苏兰哲.smali	12522	96f0f987d9e087f2d99dc4d680e4d188efea9cf4fe89e1d2	元，未达到期望值
smali_classes2\飘花落叶言楪世子苏哲兰\飘花落叶言子楪世苏兰哲.smali	12528	2824291c0a1e18334955	[QStory]: 
smali_classes2\飘花落叶言楪世子苏哲兰\飘花落叶言子楪世苏兰哲.smali	12534	94cfd88de9e987e1fc9dc5d85f	红包描述:
smali_classes2\飘花落叶言楪世子苏哲兰\飘花落叶言子楪世苏兰哲.smali	12540	95e8df80e2c686d0d79dfbe25f	来自群聊:
smali_classes2\飘花落叶言楪世子苏哲兰\飘花落叶言子楪世苏兰哲.smali	12546	94cfd88de9e988ccf590f5fe80c8d086c7d0404882d6c38bfff09fdfd784c3c595ffd88de0e585d4f5	红包领取失败: 红包已被抢光了
smali_classes2\飘花落叶言楪世子苏哲兰\飘花落叶言子楪世苏兰哲.smali	12552	101a174611090f0d161b0e46080303071f100b194b1c1301151c160d060d130a5d16150515030f0b1d015438170307071f1033063618041e301a17180a02040007	com.tencent.mobileqq.profilecard.component.ProfileInStepComponent
smali_classes2\飘花落叶言楪世子苏哲兰\飘花落叶言子楪世苏兰哲.smali	12558	1c1b3e09110d341e17140e0d	onDataUpdate
smali_classes2\飘花落叶言楪世子苏哲兰\飘花落叶言子楪世苏兰哲.smali	12564	101a174611090f0d161b0e46080303071f100b194b1c1301151c160d060d130a5d111b1c0442311c1c131304002f001c173c140e0a	com.tencent.mobileqq.profilecard.data.ProfileCardInfo
smali_classes2\飘花落叶言楪世子苏哲兰\飘花落叶言子楪世苏兰哲.smali	12570	101a174611090f0d161b0e4607051b40011c1900031e00031602151a0e42160717121f1c4b00081d0703130d1242020f0111543a233b220f01113601161837071602	com.tencent.biz.richframework.widget.listview.card.RFWCardListView
smali_classes2\飘花落叶言楪世子苏哲兰\飘花落叶言子楪世苏兰哲.smali	12576	14100e38041e040007	getParent
smali_classes2\飘花落叶言楪世子苏哲兰\飘花落叶言子楪世苏兰哲.smali	12582	2314080d0b182d0f0a1a0f1c45515c4e1d001604	ParentLayout == null
smali_classes2\飘花落叶言楪世子苏哲兰\飘花落叶言子楪世苏兰哲.smali	12588	101a174611090f0d161b0e46080303071f100b194b0d021a1a03131c1c423707001c0e07171f200d071c0c011115	com.tencent.mobileqq.activity.VisitorsActivity
smali_classes2\飘花落叶言楪世子苏哲兰\飘花落叶言子楪世苏兰哲.smali	12594	101a174611090f0d161b0e46080303071f100b194b08001a125b39091708311c1c13130400	com.tencent.mobileqq.data.CardProfile
smali_classes2\飘花落叶言楪世子苏哲兰\飘花落叶言子楪世苏兰哲.smali	12600	101a174611090f0d161b0e46080303071f100b194b1c1301151c160d4b1a0e1a165b2c071109290b1f051f1a	com.tencent.mobileqq.profile.vote.VoteHelper
smali_classes2\飘花落叶言楪世子苏哲兰\飘花落叶言子楪世苏兰哲.smali	12606	14100e2c000f0d0f01101e2e0c090d0a005d54464b45	getDeclaredFields(...)
smali_classes2\飘花落叶言楪世子苏哲兰\飘花落叶言子楪世苏兰哲.smali	12612	101a174611090f0d161b0e46080303071f100b194b1c1301151c160d060d130a5d171b1b004202011e0515060002154032170938170307071f10320d0408041c301a17180a02040007	com.tencent.mobileqq.profilecard.base.component.AbsProfileHeaderComponent
smali_classes2\飘花落叶言楪世子苏哲兰\飘花落叶言子楪世苏兰哲.smali	12618	101a174611090f0d161b0e46080303071f100b194b08001a125b39091708	com.tencent.mobileqq.data.Card
smali_classes2\飘花落叶言楪世子苏哲兰\飘花落叶言子楪世苏兰哲.smali	12624	1b14140c090937010710381c0b2f0d07101e3c07172b140b00012a1a0a0a080216	handleVoteBtnClickForGuestProfile
smali_classes2\飘花落叶言楪世子苏哲兰\飘花落叶言子楪世苏兰哲.smali	12630	1b14140c090937010710	handleVote
smali_classes2\飘花落叶言楪世子苏哲兰\飘花落叶言子楪世苏兰哲.smali	12636	03010e370303131912071e	ptt_forward
smali_classes2\飘花落叶言楪世子苏哲兰\飘花落叶言子楪世苏兰哲.smali	12642	9ae0c58ee9e589c1de9ce5db83dae988f2da9cf0db8bc5d49bc8d68deafd87e2fa9ce8c6	长按语音消息显示转发按钮
smali_classes2\飘花落叶言楪世子苏哲兰\飘花落叶言子楪世苏兰哲.smali	12648	03010e2d09090c0b1d01	pttElement
smali_classes2\飘花落叶言楪世子苏哲兰\飘花落叶言子楪世苏兰哲.smali	12654	171c080d06183e1d161b1e370c0a3e0a12011b040c020431151a081f041e05	direct_send_if_dataline_forward
smali_classes2\飘花落叶言楪世子苏哲兰\飘花落叶言子楪世苏兰哲.smali	12660	151a081f041e05310710021c	forward_text
smali_classes2\飘花落叶言楪世子苏哲兰\飘花落叶言子楪世苏兰哲.smali	12666	151a081f041e0531070c0a0d	forward_type
smali_classes2\飘花落叶言楪世子苏哲兰\飘花落叶言子楪世苏兰哲.smali	12672	151a081f041e0531150715053a06140303	forward_from_jump
smali_classes2\飘花落叶言楪世子苏哲兰\飘花落叶言子楪世苏兰哲.smali	12678	10141604001e3e0012181f	caller_name
smali_classes2\飘花落叶言楪世子苏哲兰\飘花落叶言子楪世苏兰哲.smali	12684	301d1b1c240f1507051c0e11	ChatActivity
smali_classes2\飘花落叶言楪世子苏哲兰\飘花落叶言子楪世苏兰哲.smali	12690	182a0905041e150a1603130b00	k_smartdevice
smali_classes2\飘花落叶言楪世子苏哲兰\飘花落叶言子楪世苏兰哲.smali	12696	182a1e09110d0d071d10	k_dataline
smali_classes2\飘花落叶言楪世子苏哲兰\飘花落叶言子楪世苏兰哲.smali	12702	1a06250600090531001d151f3a180e0f0001	is_need_show_toast
smali_classes2\飘花落叶言楪世子苏哲兰\飘花落叶言子楪世苏兰哲.smali	12708	182a1c07171b001c172a0e01110004	k_forward_title
smali_classes2\飘花落叶言楪世子苏哲兰\飘花落叶言子楪世苏兰哲.smali	12714	9bdad781fadf89d3df90f5f9	语音转发
smali_classes2\飘花落叶言楪世子苏哲兰\飘花落叶言子楪世苏兰哲.smali	12720	23010e2e0a1e160f0111404880fcce8bf9dd92d5c989eeff94e0f681f8ce87e6e390f0f7	PttForward: 启动转发界面成功
smali_classes2\飘花落叶言楪世子苏哲兰\飘花落叶言子楪世苏兰哲.smali	12726	23010e2e0a1e160f0111404880fcce8bf9dd92d5c989eeff94e0f681f8ce84cac29dcecd5f4c	PttForward: 启动转发界面失败: 
smali_classes2\飘花落叶言楪世子苏哲兰\飘花落叶言子楪世苏兰哲.smali	12732	101a174611090f0d161b0e46080303071f100b194b0a0e1c0414080c4b2a0e1c0414080c270d120b3c050e010a02	com.tencent.mobileqq.forward.ForwardBaseOption
smali_classes2\飘花落叶言楪世子苏哲兰\飘花落叶言子楪世苏兰哲.smali	12738	1e30021c170d250f0714	mExtraData
smali_classes2\飘花落叶言楪世子苏哲兰\飘花落叶言子楪世苏兰哲.smali	12744	1a06340d000832061c022e07041f15	isNeedShowToast
smali_classes2\飘花落叶言楪世子苏哲兰\飘花落叶言子楪世苏兰哲.smali	12750	23010e2e0a1e160f011140488dd1cd8bfce493e8de84dfff533d15070e4c84cac29dcecd5f4c	PttForward: 转发逻辑 Hook 失败: 
smali_classes2\飘花落叶言楪世子苏哲兰\飘花落叶言子楪世苏兰哲.smali	12756	051a130b002f090f1d121f3c1c1c04	voiceChangeType
smali_classes2\飘花落叶言楪世子苏哲兰\飘花落叶言子楪世苏兰哲.smali	12762	23010e2e0a1e160f0111404880e3f087f3f492efd64c	PttForward: 发送至 
smali_classes2\飘花落叶言楪世子苏哲兰\飘花落叶言子楪世苏兰哲.smali	12768	5390ded98dd8c45453	 失败: 
smali_classes2\飘花落叶言楪世子苏哲兰\飘花落叶言子楪世苏兰哲.smali	12774	14100e2526030f1a160d0e	getMContext
smali_classes2\飘花落叶言楪世子苏哲兰\飘花落叶言子楪世苏兰哲.smali	12780	1d001604450f00001d1a0e480709410d12060e48110341001c1b570610000d4e070c0a0d450d0f0a011a130c4b0f0e000710141c4b2f0e000710021c	null cannot be cast to non-null type android.content.Context
smali_classes2\飘花落叶言楪世子苏哲兰\飘花落叶言子楪世苏兰哲.smali	12786	9bc8d68deafd89c1de9ce5db	转发语音
smali_classes2\飘花落叶言楪世子苏哲兰\飘花落叶言子楪世苏兰哲.smali	12792	1d001604450f00001d1a0e480709410d12060e48110341001c1b570610000d4e070c0a0d45070e1a1f1c144606030d0216160e010a0212403e000e09070004221a060e540e0315021a1b54290b155f	null cannot be cast to non-null type kotlin.collections.MutableList<kotlin.Any>
smali_classes2\飘花落叶言楪世子苏哲兰\飘花落叶言子楪世苏兰哲.smali	12798	151a081f041e05311e00161c0c33150f01121f1c	forward_multi_target
smali_classes2\飘花落叶言楪世子苏哲兰\飘花落叶言子楪世苏兰哲.smali	12804	23010e2e0a1e160f0111404880e3f087f3f49dd2da8bc9e596c9f88dddd45b4e	PttForward: 发送线程异常: 
smali_classes2\飘花落叶言楪世子苏哲兰\飘花落叶言子楪世苏兰哲.smali	12810	96e3cf8df4f084f8c690ecdd80fad48be5c09ff9f989f7db0d90ecdd80fdfd8be5c09ffed089f7db96e4e68df3d984f8c60b9ffed089f0f296e3cf8df3d984ffef90ebf480fdfd8be5c0048df3d984ffef90ecdd80fdfd8be2e99ff9f989f7db96e4e61680fad48be2e99ffed089f0f296e3cf8df4f084f8c690ecdd1b89f7db96e4e68df3d984ffef90ebf480fad48be5c09ffed0	喵呜喵喵喵喵呜喵~喵呜喵喵喵呜喵喵~喵呜喵喵呜呜呜喵~喵呜喵呜呜呜喵呜~喵呜喵呜喵呜喵喵~喵呜喵呜呜喵喵喵
smali_classes2\飘花落叶言楪世子苏哲兰\飘花落叶言子楪世苏兰哲.smali	12816	3f14140c370906071c1b520604010453	LandRegion(name=
smali_classes2\飘花落叶言楪世子苏哲兰\飘花落叶言子楪世苏兰哲.smali	12822	5f5517010b20001a4e	, minLat=
smali_classes2\飘花落叶言楪世子苏哲兰\飘花落叶言子楪世苏兰哲.smali	12828	5f5517091d20001a4e	, maxLat=
smali_classes2\飘花落叶言楪世子苏哲兰\飘花落叶言子楪世苏兰哲.smali	12834	5f5517010b200e004e	, minLon=
smali_classes2\飘花落叶言楪世子苏哲兰\飘花落叶言子楪世苏兰哲.smali	12840	5f5517091d200e004e	, maxLon=
smali_classes2\飘花落叶言楪世子苏哲兰\飘花落叶言子楪世苏兰哲.smali	12846	14100e210b18041c1514190d16444f405d5c	getInterfaces(...)
smali_classes2\飘花落叶言楪世子苏哲兰\飘花落叶言子楪世苏兰哲.smali	12852	101a174611090f0d161b0e46080d1140141015040a0f001a1a1a144631090f0d161b0e240a0f001a1a1a14240c1f150b1d1008	com.tencent.map.geolocation.TencentLocationListener
smali_classes2\飘花落叶言楪世子苏哲兰\飘花落叶言子楪世苏兰哲.smali	12858	97cdd78dfed187cecb90c5eb80e0db	中国核心区
smali_classes2\飘花落叶言楪世子苏哲兰\飘花落叶言子楪世苏兰哲.smali	12864	95e2df8ef9c04e87ecdc9ff3d8	日本/韩国
smali_classes2\飘花落叶言楪世子苏哲兰\飘花落叶言子楪世苏兰哲.smali	12870	97cde68de8fb85d4e95d9cfed585c8c295c6ca4780e1d18bc3c953	东南亚(新马泰/印尼)
smali_classes2\飘花落叶言楪世子苏哲兰\飘花落叶言子楪世苏兰哲.smali	12876	97cdd78cddf04986ccdf9ce3f94384f2ec9dfadb80e9d747	中东(迪拜/土耳其)
smali_classes2\飘花落叶言楪世子苏哲兰\飘花落叶言子楪世苏兰哲.smali	12882	95d9dd8ed1de84cad49ce3ee	欧洲大陆
smali_classes2\飘花落叶言楪世子苏哲兰\飘花落叶言子楪世苏兰哲.smali	12888	96f9ed8fdbe286edde9cedc080e0db	北美热门区
smali_classes2\飘花落叶言楪世子苏哲兰\飘花落叶言子楪世苏兰哲.smali	12894	95cbc98ed1de4e88e5c592cdda89e4de	澳洲/新西兰
smali_classes2\飘花落叶言楪世子苏哲兰\飘花落叶言子楪世苏兰哲.smali	12900	96f8ed8fdbe287dac1	南美洲
smali_classes2\飘花落叶言楪世子苏哲兰\飘花落叶言子楪世苏兰哲.smali	12906	9ae8e48ed1de84cad49ce3ee	非洲大陆
smali_classes2\飘花落叶言楪世子苏哲兰\飘花落叶言子楪世苏兰哲.smali	12912	101a174611090f0d161b0e46080d1140141015040a0f001a1a1a14460c02150b011b1b044b3804001010141c2903020f071c15062c011102	com.tencent.map.geolocation.internal.TencentLocationImpl
smali_classes2\飘花落叶言楪世子苏哲兰\飘花落叶言子楪世苏兰哲.smali	12918	101a174611090f0d161b0e46080d1140141015040a0f001a1a1a144631090f0d161b0e240a0f001a1a1a1425040200091607	com.tencent.map.geolocation.TencentLocationManager
smali_classes2\飘花落叶言楪世子苏哲兰\飘花落叶言子楪世苏兰哲.smali	12924	1c1b3607060d15071c1b39000402060b17	onLocationChanged
smali_classes2\飘花落叶言楪世子苏哲兰\飘花落叶言子楪世苏兰哲.smali	12930	101a174611090f0d161b0e46080d1140141015040a0f001a1a1a144631090f0d161b0e240a0f001a1a1a14	com.tencent.map.geolocation.TencentLocation
smali_classes2\飘花落叶言楪世子苏哲兰\飘花落叶言子楪世苏兰哲.smali	12936	101a174611090f0d161b0e46080303071f100b194b000e0d120113070b420f0b075b3607060d15071c1b2900041e04221c161b1c0c030f23121b1b0f001e450f	com.tencent.mobileqq.location.net.LocationShareLocationManager$a
smali_classes2\飘花落叶言楪世子苏哲兰\飘花落叶言子楪世苏兰哲.smali	12942	14100e240a02060707001e0d	getLongitude
smali_classes2\飘花落叶言楪世子苏哲兰\飘花落叶言子楪世苏兰哲.smali	12948	14100e240418081a06111f	getLatitude
smali_classes2\飘花落叶言楪世子苏哲兰\飘花落叶言子楪世苏兰哲.smali	12954	101a174611090f0d161b0e46080303071f100b194b0d08015d1d1f041509134023010e200000110b01511d0d113c09011d103607123a0e0206181f240c1f150b1d10084c0a022d01042315041001044a42	com.tencent.mobileqq.aio.helper.PttHelper$getPhoneLowVolumeListener$onLowVolume$1
smali_classes2\飘花落叶言楪世子苏哲兰\飘花落叶言子楪世苏兰哲.smali	12960	101a174611090f0d161b0e46080303071f100b194b1b040c051c1f1f4b1f16071501540b0a0111011d10141c4b3f16071501381a0a1b120b0126120917092c0b1d0032090b080d0b01	com.tencent.mobileqq.webview.swift.component.SwiftBrowserShareMenuHandler
smali_classes2\飘花落叶言楪世子苏哲兰\飘花落叶言子楪世苏兰哲.smali	12966	94d2c181fcc884e8f692c7c683d9ee86d4fd9ff1cd89e9e897cfd180eaf084e3e691c2c582f6e54c94e1d239348ad4e19bd2f28dfcc487e7e090c6e84785e1e79ad4c3	移除内置浏览器分享菜单中的"用QQ浏览器打开"选项
smali_classes2\飘花落叶言楪世子苏哲兰\飘花落叶言子楪世苏兰哲.smali	12972	96c4f580f1d187f1d692e6e380c9dc8bfcfe93c9d085fccc9bf2d08dcbf685d7fa92e0ec80fcec89faf2	屏蔽查看好友页面自定义的名片
smali_classes2\飘花落叶言楪世子苏哲兰\飘花落叶言子楪世苏兰哲.smali	12978	101a174611090f0d161b0e46080303071f100b194b1c1301151c160d060d130a5d14191c0c1a081a0a5b3c1a0c090f0a2307150e0c00042d12071e29061808181a0103	com.tencent.mobileqq.profilecard.activity.FriendProfileCardActivity
smali_classes2\飘花落叶言楪世子苏哲兰\飘花落叶言子楪世苏兰哲.smali	12984	1b14140c090932191a011900330d122d12071e	handleSwitchVasCard
smali_classes2\飘花落叶言楪世子苏哲兰\飘花落叶言子楪世苏兰哲.smali	12990	1e261f0b101e081a0a371f0911	mSecurityBeat
smali_classes2\飘花落叶言楪世子苏哲兰\飘花落叶言子楪世苏兰哲.smali	12996	101a174611090f0d161b0e46080303071f100b194b1c0d1b141c141b01074f3e1f001d010b3f150f071c19	com.tencent.mobileqq.pluginsdk.PluginStatic
smali_classes2\飘花落叶言楪世子苏哲兰\飘花落叶言子楪世苏兰哲.smali	13002	14100e27172f130b12011f2b090d121d3f1a1b0c001e	getOrCreateClassLoader
smali_classes2\飘花落叶言楪世子苏哲兰\飘花落叶言子楪世苏兰哲.smali	13008	101a1746141d070f055b3c09130313070710290d171a080d16	com.qqfav.FavoriteService
smali_classes2\飘花落叶言楪世子苏哲兰\飘花落叶言子楪世苏兰哲.smali	13014	101a1746141d070f055b1e09110d4f281203151a0c18042a12011b	com.qqfav.data.FavoriteData
smali_classes2\飘花落叶言楪世子苏哲兰\飘花落叶言子楪世苏兰哲.smali	13020	94d2c181fcc888fbcc93f6e183dae988f2da9cd8f18ad2cf9bfae68de8f985d6de92e0ec80f7df88d3f2	移除长按消息气泡菜单中的图标
smali_classes2\飘花落叶言楪世子苏哲兰\飘花落叶言子楪世苏兰哲.smali	13026	95fcd18eeae386f5cb90fce48cebed89e9f19ed2e98bdada94d5fb8ef2da85d6fe90fce583e7c788fbdf9df1de89dcfb	扫描相册里的二维码时不再拦截登录
smali_classes2\飘花落叶言楪世子苏哲兰\飘花落叶言子楪世苏兰哲.smali	13032	101a174611090f0d161b0e460a1c04005d141d0d0b184f3f01341d0d0b182d01141c1425040200091607	com.tencent.open.agent.QrAgentLoginManager
smali_classes2\飘花落叶言楪世子苏哲兰\飘花落叶言子楪世苏兰哲.smali	13038	96fbc181fcc8303f96fad08de0ed89c0cb90f5f98cece05c4390c6c880f7df89faf29df2e185f8fe96fdcc488cebec8be3da9dfcfa8af4e6	去除QQ只允许发送20张图片的限制 重启生效
smali_classes2\飘花落叶言楪世子苏哲兰\飘花落叶言子楪世苏兰哲.smali	13044	101a174611090f0d161b0e46141d0f1a5d041809160900021100174616090d0b1001541e0c0916031c111f044b3f040216160e0d0121040a1a142c01001b2c01171016	com.tencent.qqnt.qbasealbum.select.viewmodel.SelectedMediaViewModel
smali_classes2\飘花落叶言楪世子苏哲兰\飘花落叶言子楪世苏兰哲.smali	13050	94d2c181fcc889c1de9ce5db83dae988f2da9ed0ee8af7d79bdacb8dcad084d2f39cfaf2363a283e94effe80e2c684e4db9dc7c483fae688efd99de9d589ccf995faea8fc1d6	移除语音消息下方诱导开通SVIP的自动转文本灰字提示
smali_classes2\飘花落叶言楪世子苏哲兰\飘花落叶言子楪世苏兰哲.smali	13056	101a174611090f0d161b0e46080303071f100b194b1a001d5d051f1a0609111a1a1a1446041c08401a180a044b3a081e2310080b001c15071c1b33051500	com.tencent.mobileqq.vas.perception.api.impl.VipPerceptionImpl
smali_classes2\飘花落叶言楪世子苏哲兰\飘花落叶言子楪世苏兰哲.smali	13062	12111e3b330511221c161b04221e0017271c0a	addSVipLocalGrayTip
smali_classes2\飘花落叶言楪世子苏哲兰\飘花落叶言子楪世苏兰哲.smali	13068	101a174611090f0d161b0e46080303071f100b194b1d140711141e0f0042303b3a371b0c0209	com.tencent.mobileqq.quibadge.QUIBadge
smali_classes2\飘花落叶言楪世子苏哲兰\飘花落叶言子楪世苏兰哲.smali	13074	06051e0911092f1b1e	updateNum
smali_classes2\飘花落叶言楪世子苏哲兰\飘花落叶言子楪世苏兰哲.smali	13080	101a174611090f0d161b0e46080303071f100b194b0d021a1a03131c1c42071c12181f0a101f08001606094606030f1a011a1604001e08001910191c4b2a130f1e1039070b1813011f191f1a2c020b0b100133051500	com.tencent.mobileqq.activity.framebusiness.controllerinject.FrameControllerInjectImpl
smali_classes2\飘花落叶言楪世子苏哲兰\飘花落叶言子楪世苏兰哲.smali	13086	101a174611090f0d161b0e46080303071f100b194b1915071f06542c0c0d0d0114200e0109	com.tencent.mobileqq.utils.DialogUtil
smali_classes2\飘花落叶言楪世子苏哲兰\飘花落叶言子楪世苏兰哲.smali	13092	10071f0911092201061b0e0c0a1b0f2a1a14160702	createCountdownDialog
smali_classes2\飘花落叶言楪世子苏哲兰\飘花落叶言子楪世苏兰哲.smali	13098	101a174611090f0d161b0e4607051b400207190701094f0f1001131e0c1818402227360702050f2f06011229061808181a0103	com.tencent.biz.qrcode.activity.QRLoginAuthActivity
smali_classes2\飘花落叶言楪世子苏哲兰\飘花落叶言子楪世苏兰哲.smali	13104	1c1b3c010b051206	onFinish
smali_classes2\飘花落叶言楪世子苏哲兰\飘花落叶言子楪世苏兰哲.smali	13110	121b1e1a0a050540031008050c1f12071c1b542b2421243c32	android.permission.CAMERA
smali_classes2\飘花落叶言楪世子苏哲兰\飘花落叶言子楪世苏兰哲.smali	13116	121b1e1a0a050540031008050c1f12071c1b543a202f2e3c372a3b3d21252e	android.permission.RECORD_AUDIO
smali_classes2\飘花落叶言楪世子苏哲兰\飘花落叶言子楪世苏兰哲.smali	13122	96f8c98ef2da86faec93efe04589ddee96e5d58df5e288f2f39ddce983e5ea8bf9dd9fe0d589dbfa94e1d280caca87edf69cdbdd82d7f88ac9fd9cf5e685f8fe5392e1c680e5ec8ac8f09cfcca8aedef97c9d080c6e989c1de9ce5db83f1e287eae59ffae98aeae394f0dd8ef8ef88f7e3559cc5c689fdc696dbf68df3e884e1dc9cfae181d4ef88e8c19fccff89ebf19bf6c7	即时生效 开启后需要手动到应用详情页给予权限 目前仅支持伪装语音权限和拍照权限 正在完善可选与更多功能
smali_classes2\飘花落叶言楪世子苏哲兰\飘花落叶言子楪世苏兰哲.smali	13128	101d1f0b0e3c041c1e1c091b0c030f	checkPermission
smali_classes2\飘花落叶言楪世子苏哲兰\飘花落叶言子楪世苏兰哲.smali	13134	101d1f0b0e3f040215251f1a0805121d1a1a14	checkSelfPermission
smali_classes2\飘花落叶言楪世子苏哲兰\飘花落叶言子楪世苏兰哲.smali	13140	101a174611090f0d161b0e46080303071f100b194b180416075b3f050a18020f071c150626030f1d0714141c16	com.tencent.mobileqq.text.EmotcationConstants
smali_classes2\飘花落叶言楪世子苏哲兰\飘花落叶言子楪世苏兰哲.smali	13146	14100e3b0c020602163017070f05	getSingleEmoji
smali_classes2\飘花落叶言楪世子苏哲兰\飘花落叶言子楪世苏兰哲.smali	13152	14100e2c0a190302163017070f05	getDoubleEmoji
smali_classes2\飘花落叶言楪世子苏哲兰\飘花落叶言子楪世苏兰哲.smali	13158	0001083703050d0b2c1b1b0500514646282b5d354f4546	str_file_name='([^']*)'
smali_classes2\飘花落叶言楪世子苏哲兰\飘花落叶言子楪世苏兰哲.smali	13164	061c141c565e3e0a1c0214040a0d0531071c170d16514932175e53	uint32_download_times=(\d+)
smali_classes2\飘花落叶言楪世子苏哲兰\飘花落叶言子楪世苏兰哲.smali	13170	535d9ed0ee84dcd395e0ca87d9f6	 (下载数：
smali_classes2\飘花落叶言楪世子苏哲兰\飘花落叶言子楪世苏兰哲.smali	13176	3d100d3c041e060b07	NewTarget
smali_classes2\飘花落叶言楪世子苏哲兰\飘花落叶言子楪世苏兰哲.smali	13182	1d100d3c041e060b07381f1c0d0305	newTargetMethod
smali_classes2\飘花落叶言楪世子苏哲兰\飘花落叶言子楪世苏兰哲.smali	13188	96e9d28fdbc887f8f491c1de80e4f686d2dd9ed0c88af9d094d1c08ef3eb85d5c592e0ec81d4ea86cec89cc4c48af4de5390ffc082e5e988efd993e8ff8bf5c6	在群文件列表中显示文件的下载次数 全版本通用
smali_classes2\飘花落叶言楪世子苏哲兰\飘花落叶言子楪世苏兰哲.smali	13194	101a174611090f0d161b0e46080303071f100b194b1813011c05540e0c00044017140e094b3813011c053c01090932061c023b0c041c150b01	com.tencent.mobileqq.troop.file.data.TroopFileShowAdapter
smali_classes2\飘花落叶言楪世子苏哲兰\飘花落叶言子楪世苏兰哲.smali	13200	101a174611090f0d161b0e46080303071f100b194b1813011c05540c0418004027071507152a080216261207122d050f03011f1a	com.tencent.mobileqq.troop.data.TroopFileShowAdapter
smali_classes2\飘花落叶言楪世子苏哲兰\飘花落叶言子楪世苏兰哲.smali	13206	5b91c2e38dd1dc5453	(下载: 
smali_classes2\飘花落叶言楪世子苏哲兰\飘花落叶言子楪世苏兰哲.smali	13212	570112011648000a17	$this$add
smali_classes2\飘花落叶言楪世子苏哲兰\飘花落叶言子楪世苏兰哲.smali	13218	5701120116480c0b071d150c16	$this$methods
smali_classes2\飘花落叶言楪世子苏哲兰\飘花落叶言子楪世苏兰哲.smali	13224	5701120116480c0f0716120d17	$this$matcher
smali_classes2\飘花落叶言楪世子苏哲兰\飘花落叶言子楪世苏兰哲.smali	13230	57011201164807071d113904041f12	$this$findClass
smali_classes2\飘花落叶言楪世子苏哲兰\飘花落叶言子楪世苏兰哲.smali	13236	5391c2e38dd1dc88dfd49cfdd556	 下载次数:
smali_classes2\飘花落叶言楪世子苏哲兰\飘花落叶言子楪世苏兰哲.smali	13242	96e9d28fdbc887f8f491c1de81d4ea88e5cc9cf0db8bc5d495e3fd8cdeda85d6f89dc7d583c0c088e6c55a8cdee987fadc93f6e945554f5f5d4c4a4881d7c48acbfe9de1ed8afdc2	在群文件下方显示文件下载次数 仅支持 9.1.90 以下版本
smali_classes2\飘花落叶言楪世子苏哲兰\飘花落叶言子楪世苏兰哲.smali	13248	101a174611090f0d161b0e46080303071f100b194b0a080216181b06040b041c5d140a014b050c1e1f5b2b2e0c00043b071c161b2c011102	com.tencent.mobileqq.filemanager.api.impl.QFileUtilsImpl
smali_classes2\飘花落叶言楪世子苏哲兰\飘花落叶言子楪世苏兰哲.smali	13254	00100e2e0c00042a1606191a0c1c15071c1b	setFileDescription
smali_classes2\飘花落叶言楪世子苏哲兰\飘花落叶言子楪世苏兰哲.smali	13260	1e23130d122f0e0007141306001e	mViewContainer
smali_classes2\飘花落叶言楪世子苏哲兰\飘花落叶言子楪世苏兰哲.smali	13266	101a174611090f0d161b0e46080303071f100b194b1c1301151c160d060d130a5d16150515030f0b1d015438170307071f10330611050c0f07103907081c0e00161b0e	com.tencent.mobileqq.profilecard.component.ProfileIntimateComponent
smali_classes2\飘花落叶言楪世子苏哲兰\飘花落叶言子楪世苏兰哲.smali	13272	1a1b131c26030c1e1c1b1f06113a080b04361506110d08001607	initComponentViewContainer
smali_classes2\飘花落叶言楪世子苏哲兰\飘花落叶言子楪世苏兰哲.smali	13278	97cdf08cd9cc85d5c893fee780f7df89faf29ed0df89c5da96f6f58ef2da4188e8ca9ce5c788d9d496f0d281e5e387f6fd90dedc80efee	上传任意图片为头像时 替换为全透明头像
smali_classes2\飘花落叶言楪世子苏哲兰\飘花落叶言子楪世苏兰哲.smali	13284	101a174611090f0d161b0e46080303071f100b194b1915071f	com.tencent.mobileqq.util
smali_classes2\飘花落叶言楪世子苏哲兰\飘花落叶言子楪世苏兰哲.smali	13290	1a181b0f004c08021f101d090940411d1a0f1f480819121a53171f48161d140f011054	image illegal, size must be square.
smali_classes2\飘花落叶言楪世子苏哲兰\飘花落叶言子楪世苏兰哲.smali	13296	101a174611090f0d161b0e46080303071f100b194b1c080d5d161505151e041d00	com.tencent.mobileqq.pic.compress
smali_classes2\飘花落叶言楪世子苏哲兰\飘花落叶言子楪世苏兰哲.smali	13302	39051f0f26030c1e0110091b0a1e4f0d1c180a1a001f12465a551f1a170313	JpegCompressor.compress() error
smali_classes2\飘花落叶言楪世子苏哲兰\飘花落叶言子楪世苏兰哲.smali	13308	12050a041c444f405d5c	apply(...)
smali_classes2\飘花落叶言楪世子苏哲兰\飘花落叶言子楪世苏兰哲.smali	13314	96fad58cdec985d6f991c6c88debcb8bddef9ed1ec89ece49af5f58efde286f4f725342f83ccdd8bcffa9fccd189e2e15391c2e58dcae08be1f99ed0ef88ddce96f0d281e5e387f6fd90dedc80efee8acbf592ddd28ae8fd96c9fa	可以上传自定义半透明的PNG格式头像 不要和上传全透明头像一起打开
smali_classes2\飘花落叶言楪世子苏哲兰\飘花落叶言子楪世苏兰哲.smali	13320	101a17181709121d	compress
smali_classes2\飘花落叶言楪世子苏哲兰\飘花落叶言子楪世苏兰哲.smali	13326	101a174611090f0d161b0e46080303071f100b194b0d021a1a03131c1c4211061c0115	com.tencent.mobileqq.activity.photo
smali_classes2\飘花落叶言楪世子苏哲兰\飘花落叶言子楪世苏兰哲.smali	13332	2001151a002a080216211b1b0e	StoreFileTask
smali_classes2\飘花落叶言楪世子苏哲兰\飘花落叶言子楪世苏兰哲.smali	13338	001119091708071b1f19	sdcardfull
smali_classes2\飘花落叶言楪世子苏哲兰\飘花落叶言子楪世苏兰哲.smali	13344	171a3306270d02051407151d0b08	doInBackground
smali_classes2\飘花落叶言楪世子苏哲兰\飘花落叶言子楪世苏兰哲.smali	13350	101a17181709121d5d200e01091f	compress.Utils
smali_classes2\飘花落叶言楪世子苏哲兰\飘花落叶言子楪世苏兰哲.smali	13356	101a17181709121d22001b040c1818391a01122a041f04021a1b1f404c	compressQualityWithBaseline()
smali_classes2\飘花落叶言楪世子苏哲兰\飘花落叶言子楪世苏兰哲.smali	13362	101a174611090f0d161b0e46080303071f100b194b1c080d5d361505151e041d003c140e0a	com.tencent.mobileqq.pic.CompressInfo
smali_classes2\飘花落叶言楪世子苏哲兰\飘花落叶言子楪世苏兰哲.smali	13368	031a081c170d081a	portrait
smali_classes2\飘花落叶言楪世子苏哲兰\飘花落叶言子楪世苏兰哲.smali	13374	1d001604450f00001d1a0e480709410d12060e48110341001c1b570610000d4e070c0a0d45060018125b13074b2a080216	null cannot be cast to non-null type java.io.File
smali_classes2\飘花落叶言楪世子苏哲兰\飘花落叶言子楪世苏兰哲.smali	13380	14100e29071f0e0206011f38041809465d5b5441	getAbsolutePath(...)
smali_classes2\飘花落叶言楪世子苏哲兰\飘花落叶言子楪世苏兰哲.smali	13386	3f1615054a1804001010141c4a010e0c1a191f19144311020612130616080a4123190f0f0c02321a1201130b5e415f091601351a261e040f07103904041f12221c141e0d17442d0f1d1108070c084e0d1c1b0e0d0b184e2d1c1b0e0d1d185a2219140c094a000000145a291c17050f09485c3602041a00411f14140f4a2f0d0f000636070408041c48	Lcom/tencent/mobileqq/pluginsdk/PluginStatic;->getOrCreateClassLoader(Landroid/content/Context;Ljava/lang/String;)Ljava/lang/ClassLoader;
smali_classes2\飘花落叶言楪世子苏哲兰\飘花落叶言子楪世苏兰哲.smali	13392	3f1615054a1804001010141c4a010e0c1a191f19144311020612130616080a413a25161d02050f2f17140a1c001e311c1c0d03534852060b072508071d1549473f1615054a1804001010141c4a010e0c1a191f19144311020612130616080a413a25161d02050f2f17140a1c001e311c1c0d0353	Lcom/tencent/mobileqq/pluginsdk/IPluginAdapterProxy;->getProxy()Lcom/tencent/mobileqq/pluginsdk/IPluginAdapterProxy;
smali_classes2\飘花落叶言楪世子苏哲兰\飘花落叶言子楪世苏兰哲.smali	13398	3f1615054a1804001010141c4a010e0c1a191f19144311020612130616080a413a25161d02050f2f17140a1c001e311c1c0d03534852120b072508071d154922101a174711090f0d161b0e47080303071f100b194a1c0d1b141c141b01074e2723190f0f0c02200a12050e0d17574838	Lcom/tencent/mobileqq/pluginsdk/IPluginAdapterProxy;->setProxy(Lcom/tencent/mobileqq/pluginsdk/IPluginAdapter;)V
smali_classes2\飘花落叶言楪世子苏哲兰\飘花落叶言子楪世苏兰哲.smali	13404	1d001604450f00001d1a0e480709410d12060e48110341001c1b570610000d4e070c0a0d45060018125b16090b0b4f2d1f14091b2903000a1607	null cannot be cast to non-null type java.lang.ClassLoader
smali_classes2\飘花落叶言楪世子苏哲兰\飘花落叶言子楪世苏兰哲.smali	13410	101a1518001e001a1a1a1446150014091a1b	cooperation.plugin
smali_classes2\飘花落叶言楪世子苏哲兰\飘花落叶言子楪世苏兰哲.smali	13416	101a174611090f0d161b0e46080303071f100b194b1c0d1b141c141b01074f2723190f0f0c02200a12050e0d17	com.tencent.mobileqq.pluginsdk.IPluginAdapter
smali_classes2\飘花落叶言楪世子苏哲兰\飘花落叶言子楪世苏兰哲.smali	13422	0707150715390800	troopUin
smali_classes2\飘花落叶言楪世子苏哲兰\飘花落叶言子楪世苏兰哲.smali	13428	101a174611090f0d161b0e46080303071f100b194b1c1301151c160d060d130a5d111b1c044220021f3c14270b09	com.tencent.mobileqq.profilecard.data.AllInOne
smali_classes2\飘花落叶言楪世子苏哲兰\飘花落叶言子楪世苏兰哲.smali	13434	07071507152f0e0a16	troopCode
smali_classes2\飘花落叶言楪世子苏哲兰\飘花落叶言子楪世苏兰哲.smali	13440	0307150e0c00042b1d0108113115110b	profileEntryType
smali_classes2\飘花落叶言楪世子苏哲兰\飘花落叶言子楪世苏兰哲.smali	13446	0000183b0a19130d163c1e	subSourceId
smali_classes2\飘花落叶言楪世子苏哲兰\飘花落叶言子楪世苏兰哲.smali	13452	161b0e0d1733110f1410251b0a19130d161c1e	enter_page_sourceid
smali_classes2\飘花落叶言楪世子苏哲兰\飘花落叶言子楪世苏兰哲.smali	13458	161b0e0d1733110f1410251b100e12010607190d0c08	enter_page_subsourceid
smali_classes2\飘花落叶言楪世子苏哲兰\飘花落叶言子楪世苏兰哲.smali	13464	1e10170a001e34071d	memberUin
smali_classes2\飘花落叶言楪世子苏哲兰\飘花落叶言子楪世苏兰哲.smali	13470	321916210b230f0b	AllInOne
smali_classes2\飘花落叶言楪世子苏哲兰\飘花落叶言子楪世苏兰哲.smali	13476	1d001604450f00001d1a0e480709410d12060e48110341001c1b570610000d4e070c0a0d450d0f0a011a130c4b0312402314080b0000000c1f10	null cannot be cast to non-null type android.os.Parcelable
smali_classes2\飘花落叶言楪世子苏哲兰\飘花落叶言子楪世苏兰哲.smali	13482	95c3f28ee4c387f2fa9df3d682e5d888e4c39fe7ca8be3d796f2c180d2df89d3df90f2d88de5df89facc9df3cb8ac1e99bc0fe8ef3f584e3d2	消息有艾特时可点击跳转到艾特目标资料卡
smali_classes2\飘花落叶言楪世子苏哲兰\飘花落叶言子楪世苏兰哲.smali	13488	101a174611090f0d161b0e46141d0f1a5d1413074b1b080a14100e4624252e2300122e0d1d1837071602	com.tencent.qqnt.aio.widget.AIOMsgTextView
smali_classes2\飘花落叶言楪世子苏哲兰\飘花落叶言子楪世苏兰哲.smali	13494	14100e29090022061a191e3e0c09161d5b5b54464c	getAllChildViews(...)
smali_classes2\飘花落叶言楪世子苏哲兰\飘花落叶言子楪世苏兰哲.smali	13500	1d001604450f00001d1a0e480709410d12060e48110341001c1b570610000d4e070c0a0d450d0f0a011a130c4b1b080a14100e463109191a251c1f1f	null cannot be cast to non-null type android.widget.TextView
smali_classes2\飘花落叶言楪世子苏哲兰\飘花落叶言子楪世苏兰哲.smali	13506	14100e3b150d0f1d5b5b54464c	getSpans(...)
smali_classes2\飘花落叶言楪世子苏哲兰\飘花落叶言子楪世苏兰哲.smali	13512	181003370c1f3e1f0614160111153e1c1202	key_is_quality_raw
smali_classes2\飘花落叶言楪世子苏哲兰\飘花落叶言子楪世苏兰哲.smali	13518	9af5f881e0e1303f3d215a8cdde187fadc93f6e98ccef087f2e6	适配QQNT 不支持频道
smali_classes2\飘花落叶言楪世子苏哲兰\飘花落叶言子楪世苏兰哲.smali	13524	101a174611090f0d161b0e46080303071f100b194b0d08015d051b0600004f1e1b1a0e074b3c0901071a2a090b090d3831	com.tencent.mobileqq.aio.panel.photo.PhotoPanelVB
smali_classes2\飘花落叶言楪世子苏哲兰\飘花落叶言子楪世苏兰哲.smali	13530	101a174611090f0d161b0e46141d0f1a5d04180916090002110017460803050b1f5b39070b0a0809	com.tencent.qqnt.qbasealbum.model.Config
smali_classes2\飘花落叶言楪世子苏哲兰\飘花落叶言子楪世苏兰哲.smali	13536	101a174611090f0d161b0e46141d0f1a5d041809160900021100174632050f053b1a170d240f1507051c0e11	com.tencent.qqnt.qbasealbum.WinkHomeActivity
smali_classes2\飘花落叶言楪世子苏哲兰\飘花落叶言子楪世苏兰哲.smali	13542	320708091c4c02011d011b010b1f41031c071f4811040000531a140d4501001a101d1306024c040216181f061142	Array contains more than one matching element.
smali_classes2\飘花落叶言楪世子苏哲兰\飘花落叶言子楪世苏兰哲.smali	13548	320708091c4c02011d011b010b1f41001c551f040001040007551709110f09071d125a1c0d09411e01101e01060d150b5d	Array contains no element matching the predicate.
smali_classes2\飘花落叶言楪世子苏哲兰\飘花落叶言子楪世苏兰哲.smali	13554	101a174611090f0d161b0e46141d0f1a5d1e1f1a0b090d401d140e01130908000710080e040f04403f1c14032c020701	com.tencent.qqnt.kernel.nativeinterface.LinkInfo
smali_classes2\飘花落叶言楪世子苏哲兰\飘花落叶言子楪世苏兰哲.smali	13560	101a174611090f0d161b0e46141d0f1a5d1e1f1a0b090d401d140e01130908000710080e040f04402710021c20000403161b0e	com.tencent.qqnt.kernel.nativeinterface.TextElement
smali_classes2\飘花落叶言楪世子苏哲兰\飘花落叶言子楪世苏兰哲.smali	13566	14100e2d09090c0b1d0109	getElements
smali_classes2\飘花落叶言楪世子苏哲兰\飘花落叶言子楪世苏兰哲.smali	13572	1d001604450f00001d1a0e480709410d12060e48110341001c1b570610000d4e070c0a0d450d0f0a011a130c4b1b080a14100e4629050f0b120736091c03141a	null cannot be cast to non-null type android.widget.LinearLayout
smali_classes2\飘花落叶言楪世子苏哲兰\飘花落叶言子楪世苏兰哲.smali	13578	301d1b1c2c02111b073d130611	ChatInputHint
smali_classes2\飘花落叶言楪世子苏哲兰\飘花落叶言子楪世苏兰哲.smali	13584	9bf2d08dcbf685d7fa9dfbe280c8c886cde69fedc08ac0e894effe8eeafc86cac993ecef80c1f6	自定义聊天输入框的提示文字
smali_classes2\飘花落叶言楪世子苏哲兰\飘花落叶言子楪世苏兰哲.smali	13590	1a1b0a1d113e0e0107	inputRoot
smali_classes2\飘花落叶言楪世子苏哲兰\飘花落叶言子楪世苏兰哲.smali	13596	101a174611090f0d161b0e46080303071f100b194b0d021a1a03131c1c4200071c5b19071709	com.tencent.mobileqq.activity.aio.core
smali_classes2\飘花落叶言楪世子苏哲兰\飘花落叶言子楪世苏兰哲.smali	13602	101a174611090f0d161b0e46080303071f100b194b0d021a1a03131c1c4200071c	com.tencent.mobileqq.activity.aio
smali_classes2\飘花落叶言楪世子苏哲兰\飘花落叶言子楪世苏兰哲.smali	13608	1a1b0a1d114c120b07551f1a170313	input set error
smali_classes2\飘花落叶言楪世子苏哲兰\飘花落叶言子楪世苏兰哲.smali	13614	1b1c141c3a18041607	hint_text
smali_classes2\飘花落叶言楪世子苏哲兰\飘花落叶言子楪世苏兰哲.smali	13620	3b1016040a4c360101191e46	Hello World.
smali_classes2\飘花落叶言楪世子苏哲兰\飘花落叶言子楪世苏兰哲.smali	13626	9bdbc48fd8c289d0e090ffcd83cde788fce59dccdf8af7e996d8ed	设置输入框提示文字
smali_classes2\飘花落叶言楪世子苏哲兰\飘花落叶言子楪世苏兰哲.smali	13632	9bdbc48fd8c287f8c393f5f882c8db86dcf89ff8eb85fdee9bd3fb81e2e184fedc92eef783f9e9	设置新提示词后需要重启生效
smali_classes2\飘花落叶言楪世子苏哲兰\飘花落叶言子楪世苏兰哲.smali	13638	14100e200a1f152f030539070b180416075d54464b45	getHostAppContext(...)
smali_classes2\飘花落叶言楪世子苏哲兰\飘花落叶言子楪世苏兰哲.smali	13644	96c2c88ee4ce84cafe9cc1f08dc2c588fce59dccdf56412616191607453b0e1c1f1154	已恢复默认提示: Hello World.
smali_classes2\飘花落叶言楪世子苏哲兰\飘花落叶言子楪世苏兰哲.smali	13650	9bdbc48fd8c284d9c191c5f580c1f95453	设置已保存: 
smali_classes2\飘花落叶言楪世子苏哲兰\飘花落叶言子楪世苏兰哲.smali	13656	101a174611090f0d161b0e46080303071f100b194b090c01071c19070b1a080b045b3f050a18080d1c1b2a090b090d2d1c1b0e1a0a000d0b01	com.tencent.mobileqq.emoticonview.EmoticonPanelController
smali_classes2\飘花落叶言楪世子苏哲兰\飘花落叶言子楪世苏兰哲.smali	13662	14100e380402040237140e092905121a	getPanelDataList
smali_classes2\飘花落叶言楪世子苏哲兰\飘花落叶言子楪世苏兰哲.smali	13668	323c92c9cd8ae2eb	AI表情
smali_classes2\飘花落叶言楪世子苏哲兰\飘花落叶言子楪世苏兰哲.smali	13674	323c9dd3fd8bdaf6	AI绘绘
smali_classes2\飘花落叶言楪世子苏哲兰\飘花落叶言子楪世苏兰哲.smali	13680	96fdda81fcc884f2db242b514b5c4f5b4390cdce80e3d28bf4cf9de6d589fdc694cef58de0d484defc9ddbc083efe44e9af5f381c4d584e1c091c4cf82f6e58bd7d292c9cd8ae2eb96ffd28ff1d788eefa9cdbd18ad0e98bd6c89feade8bfbea9bd4d28ee6e98ed2e993cbc283ddcb8df3f49ffef984ebdf95c6df8fc8e58ed2fa	删除在QQ9.0.50左右出现在经典小表情 选项右侧的大表情动画选项（好傻的表情：汪汪、喜花泥等）
smali_classes2\飘花落叶言楪世子苏哲兰\飘花落叶言子楪世苏兰哲.smali	13686	14100e2d1d18041c1d14163b1103130f14102a1d0700080d371c080d06180e1c0a5d54464b45	getExternalStoragePublicDirectory(...)
smali_classes2\飘花落叶言楪世子苏哲兰\飘花落叶言子楪世苏兰哲.smali	13692	97cdf180d8d184cac29dcecd44	下载失败!
smali_classes2\飘花落叶言楪世子苏哲兰\飘花落叶言子楪世苏兰哲.smali	13698	97cdf180d8d187e6e390f0f744	下载成功!
smali_classes2\飘花落叶言楪世子苏哲兰\飘花落叶言子楪世苏兰哲.smali	13704	9ae0c58ee9e589cfdb93f9ed83dae988f2da9fefdf8befde5f92eec081d6ef8bcfd092c9c089fdc64a5b4846575c85d6f993edc883dff48acbfe92d5d884c0c695f6ff8fffe888f9dd9cd8f0	长按表情消息出现,用于弥补在9.2.20上无法下载表情的问题
smali_classes2\飘花落叶言楪世子苏哲兰\飘花落叶言子楪世苏兰哲.smali	13710	96c9c08dedda84fedc92eec0428bcae596f8c98ee5d786d5e0529ce4ec85f3c09cc9f68ef1c387e2f2242b485c425340404051	强制启用'立即总结'按钮，支持QQ 9.2.35+
smali_classes2\飘花落叶言楪世子苏哲兰\飘花落叶言子楪世苏兰哲.smali	13716	101d1b1c3a1f14031e1408114b0f0e03031a090d	chat_summary.compose
smali_classes2\飘花落叶言楪世子苏哲兰\飘花落叶言子楪世苏兰哲.smali	13722	95e9d080cad787d8fb93fbc78dd2e28bd7ef9cffd383dde296fad58cdec989d1e89ddbe482d2c586f2ff9ce8de8bdafd	未读消息较多时，可以进行群聊总结
smali_classes2\飘花落叶言楪世子苏哲兰\飘花落叶言子楪世苏兰哲.smali	13728	94def18de8df87eec892c1fb	立即总结
smali_classes2\飘花落叶言楪世子苏哲兰\飘花落叶言子楪世苏兰哲.smali	13734	20001705041e1829161b3d1d0c0804381a100d2311	SummaryGenGuideViewKt
smali_classes2\飘花落叶言楪世子苏哲兰\飘花落叶言子楪世苏兰哲.smali	13740	96dac38fd9fa89d0e292c4cc83f4d489d4c59dfde985fccc94effe80c6e987e7dd90c2eb80dde186ccee92c9e985fbfe9be2f5	对编辑群昵称界面的装扮布局进行隐藏
smali_classes2\飘花落叶言楪世子苏哲兰\飘花落叶言子楪世苏兰哲.smali	13746	101a174611090f0d161b0e46080303071f100b194b0d021a1a03131c1c42040a1a01090d171a080d165b3f0c0c18351c1c1a0a250001030b013b130b0e3f041c051c190d	com.tencent.mobileqq.activity.editservice.EditTroopMemberNickService
smali_classes2\飘花落叶言楪世子苏哲兰\飘花落叶言子楪世苏兰哲.smali	13752	96f8c98dd5ea84d3c890c0fd83dae98bd7c4	即将彻底消失
smali_classes2\飘花落叶言楪世子苏哲兰\飘花落叶言子楪世苏兰哲.smali	13758	96ffda8de0c985d4f592c4cc8dedeb	加入了群聊
smali_classes2\飘花落叶言楪世子苏哲兰\飘花落叶言子楪世苏兰哲.smali	13764	95fdeb8cdcf389c8f293f3fb80e1c0	我也要打卡
smali_classes2\飘花落叶言楪世子苏哲兰\飘花落叶言子楪世苏兰哲.smali	13770	97cdfa80d0db87f3d692f4c180fcc6	一起来玩吧
smali_classes2\飘花落叶言楪世子苏哲兰\飘花落叶言子楪世苏兰哲.smali	13776	9aefea80f2e389eff990dec182f9ed87eed79ed0c88bfbea94f4ca80ecde87e1e392ded283fae688efd95a8dc3ee84e4d390ffcd82d2c586f2ff5a8eecff84e3d2	隐藏聊天界面中的灰色提示文本 如加入群聊 打卡
smali_classes2\飘花落叶言楪世子苏哲兰\飘花落叶言子楪世苏兰哲.smali	13782	101a174611090f0d161b0e46080303071f100b194b0d08015d18090f0905121a5d1d150401091340101a17180a020400075b1d1a041c15070306540b0a010c011d5b390708010e0034071b113105111d301a17180a02040007	com.tencent.mobileqq.aio.msglist.holder.component.graptips.common.CommonGrayTipsComponent
smali_classes2\飘花落叶言楪世子苏哲兰\飘花落叶言子楪世苏兰哲.smali	13788	101a174611090f0d161b0e46080303071f100b194b1c00070a1c0a090c42310f1a2c13380405290f1d11160d17	com.tencent.mobileqq.paiyipai.PaiYiPaiHandler
smali_classes2\飘花落叶言楪世子苏哲兰\飘花落叶言子楪世苏兰哲.smali	13794	1a1b1e0d1d21000012121f1a	indexManager
smali_classes2\飘花落叶言楪世子苏哲兰\飘花落叶言子楪世苏兰哲.smali	13800	23071f1e0002153c160108090618080014	PreventRetracting
smali_classes2\飘花落叶言楪世子苏哲兰\飘花落叶言子楪世苏兰哲.smali	13806	96d8e28de7c486d5ec9dd4c95f4c	存储统计: 
smali_classes2\飘花落叶言楪世子苏哲兰\飘花落叶言子楪世苏兰哲.smali	13812	9af5f881e0e1303f3d215a8fe7d584e9c890f5c783d4e489e3f39dd4f689ccf696e7f68efac986f2f892c6fb80c1f98accd49ce9ca	适配QQNT 点击可清理缓存和查看缓存信息
smali_classes2\飘花落叶言楪世子苏哲兰\飘花落叶言子楪世苏兰哲.smali	13818	95e2da8ed6f989e0c490f5fe452f0e000710021c8ad0ed8bdeed9feacd89e9f396d2f18de9fa84cac29dcecd	无法获取 Context，存储初始化失败
smali_classes2\飘花落叶言楪世子苏哲兰\飘花落叶言子楪世苏兰哲.smali	13824	9bdadf8ed3e487efdc90cdda	该消息已
smali_classes2\飘花落叶言楪世子苏哲兰\飘花落叶言子楪世苏兰哲.smali	13830	14100e2111090c3e120112404b424f47	getItemPath(...)
smali_classes2\飘花落叶言楪世子苏哲兰\飘花落叶言子楪世苏兰哲.smali	13836	9ae0c58ee9e587f8f493e6c483dae988f2da9cf0db8bc5d497cad48ef1d584e8f690d4d183e0e887e1db95d4e988daeb97cad48ef1d587f2df90e6d88dedeb8bd7dc9dfde985fccc95edc48fc1d684e8f690d4d186ece3	长按文本消息显示修改内容按钮，仅修改本地聊天界面显示内容。
smali_classes2\飘花落叶言楪世子苏哲兰\飘花落叶言子楪世苏兰哲.smali	13842	2200130b0e29050707271f1b00020523160609090209	QuickEditResendMessage
smali_classes2\飘花落叶言楪世子苏哲兰\飘花落叶言子楪世苏兰哲.smali	13848	1b1a15034501041d00141d0d4501040006551c090c00040a	hook message menu failed
smali_classes2\飘花落叶言楪世子苏哲兰\飘花落叶言子楪世苏兰哲.smali	13854	97cad48ef1d587d8fb93fbc7	修改消息
smali_classes2\飘花落叶言楪世子苏哲兰\飘花落叶言子楪世苏兰哲.smali	13860	96c2c88cdac287faca9ac6e483d7f08bf9dd9ce0f385e6e395e3ca8eecff84d2f391c6f28dc3fc8be3fb9dfcfa8af4e6	已修改，滑动或重新打开会话后生效
smali_classes2\飘花落叶言楪世子苏哲兰\飘花落叶言子楪世苏兰哲.smali	13866	96dac380c4c487edf690e1f680d6f589f2c59fc5f24c89cfdb93f9ed80f7ff8bc9e192e7f989ecfb5393e2d682c8db8befdd9cdeed8ae0c197cdf18ef3d586f4f790cdda80f7ff8bc9e192c9cd8ae2eb9bcae180c4e088f4e39dede7	对表情回应灰字 表情回应菜单 显示在消息下方的已回应表情进行隐藏
smali_classes2\飘花落叶言楪世子苏哲兰\飘花落叶言子楪世苏兰哲.smali	13872	101a174611090f0d161b0e46141d0f1a5d1413074b0d11075d1c1718094220273c301707370911020a381f06102d11073a180a04	com.tencent.qqnt.aio.api.impl.AIOEmoReplyMenuApiImpl
smali_classes2\飘花落叶言楪世子苏哲兰\飘花落叶言子楪世苏兰哲.smali	13878	14100e3b001c001c12011f2d0803330b03190325000214381a100d	getSeparateEmoReplyMenuView
smali_classes2\飘花落叶言楪世子苏哲兰\飘花落叶言子楪世苏兰哲.smali	13884	14100e2d0803330b03190325000214381a100d	getEmoReplyMenuView
smali_classes2\飘花落叶言楪世子苏哲兰\飘花落叶言子楪世苏兰哲.smali	13890	101a174611090f0d161b0e46080303071f100b194b0d08015d18090f0905121a5d1d150401091340101a17180a020400075b171b021800071f5b3b212a2b040016071b04281f063a121c162b0a02150b1d013907081c0e00161b0e	com.tencent.mobileqq.aio.msglist.holder.component.msgtail.AIOGeneralMsgTailContentComponent
smali_classes2\飘花落叶言楪世子苏哲兰\飘花落叶言子楪世苏兰哲.smali	13896	9bd7d18cdffd87e0d490eae680ebdb89fdc552515759518be3fb9ed0e589cff496f2c08febdc48	被云控后出现(9250后一定出现)
smali_classes2\飘花落叶言楪世子苏哲兰\飘花落叶言子楪世苏兰哲.smali	13902	95cede81f0f089c9f59cd8f9	滤镜视频
smali_classes2\飘花落叶言楪世子苏哲兰\飘花落叶言子楪世苏兰哲.smali	13908	9bd2d981fcc889d3df90f5f98dedf589c0ce9ed2df8af6d895e9fa8dc1f688eefa93f1c15c88dbd494effe81fcfc84e6c5	解除转发联系人时最多选择9人的限制
smali_classes2\飘花落叶言楪世子苏哲兰\飘花落叶言子楪世苏兰哲.smali	13914	101a140e0c0b2202120609	configClass
smali_classes2\飘花落叶言楪世子苏哲兰\飘花落叶言子楪世苏兰哲.smali	13920	14100e2b090d121d5b5b54464c	getClass(...)
smali_classes2\飘花落叶言楪世子苏哲兰\飘花落叶言子楪世苏兰哲.smali	13926	0110190d0b182202120609	recentClass
smali_classes2\飘花落叶言楪世子苏哲兰\飘花落叶言子楪世苏兰哲.smali	13932	1507130d0b082202120609	friendClass
smali_classes2\飘花落叶言楪世子苏哲兰\飘花落叶言子楪世苏兰哲.smali	13938	07071507152f0d0f0006	troopClass
smali_classes2\飘花落叶言楪世子苏哲兰\飘花落叶言子楪世苏兰哲.smali	13944	301d1b1c36090d0b1001151a26030f081a12	ChatSelectorConfig
smali_classes2\飘花落叶言楪世子苏哲兰\飘花落叶言子楪世苏兰哲.smali	13950	171a0f0a090922021a1611	doubleClick
smali_classes2\飘花落叶言楪世子苏哲兰\飘花落叶言子楪世苏兰哲.smali	13956	14100e2b101e130b1d0139070b18000d075d54464b45	getCurrentContact(...)
smali_classes2\飘花落叶言楪世子苏哲兰\飘花落叶言子楪世苏兰哲.smali	13962	111a0e1c0a013501311a0e1c0a01	bottomToBottom
smali_classes2\飘花落叶言楪世子苏哲兰\飘花落叶言子楪世苏兰哲.smali	13968	161b1e3c0a3f150f0101	endToStart
smali_classes2\飘花落叶言楪世子苏哲兰\飘花落叶言子楪世苏兰哲.smali	13974	00011b1a11380e2b1d11	startToEnd
smali_classes2\飘花落叶言楪世子苏哲兰\飘花落叶言子楪世苏兰哲.smali	13980	97c9da8fdef387d8fb93fbc780dde48acbd89ed5e88bdcc05392f8d180ebda8bfcda92c6db8bdcc097cdfa8cdff784cafe9dd5d380e3e388e6c5	传统消息居中位置 点击可设置一些复读参数
smali_classes2\飘花落叶言楪世子苏哲兰\飘花落叶言子楪世苏兰哲.smali	13986	21100a0d110515071c1b	Repetition
smali_classes2\飘花落叶言楪世子苏哲兰\飘花落叶言子楪世苏兰哲.smali	13992	101a174611090f0d161b0e46080303071f100b194b0d08015d18090f0905121a5d1d150401091340101a17180a020400075b171b020a0e021f1a0d4624252e2300123c0709000e19301a17180a02040007	com.tencent.mobileqq.aio.msglist.holder.component.msgfollow.AIOMsgFollowComponent
smali_classes2\飘花落叶言楪世子苏哲兰\飘花落叶言子楪世苏兰哲.smali	13998	181a0e040c024f22120f03	kotlin.Lazy
smali_classes2\飘花落叶言楪世子苏哲兰\飘花落叶言子楪世苏兰哲.smali	14004	14100e2500180901170652464b4248	getMethods(...)
smali_classes2\飘花落叶言楪世子苏哲兰\飘花落叶言子楪世苏兰哲.smali	14010	14100e3e0400140b	getValue
smali_classes2\飘花落叶言楪世子苏哲兰\飘花落叶言子楪世苏兰哲.smali	14016	95e9d08dc4c784e8ea90decf80dcee	未填写大小
smali_classes2\飘花落叶言楪世子苏哲兰\飘花落叶言子楪世苏兰哲.smali	14022	58449ff3db8ac1e996fde78dc2e784e2e590d4e483c3f4	+1图标初始化完毕
smali_classes2\飘花落叶言楪世子苏哲兰\飘花落叶言子楪世苏兰哲.smali	14028	3e00161c0c2a0e1c0414080c240f1507051c0e11	MultiForwardActivity
smali_classes2\飘花落叶言楪世子苏哲兰\飘花落叶言子楪世苏兰哲.smali	14034	10071f091109320d12191f0c27051503120552464b4248	createScaledBitmap(...)
smali_classes2\飘花落叶言楪世子苏哲兰\飘花落叶言子楪世苏兰哲.smali	14040	9bdadf8ed3e487efdc91c2e583f8ce88fff49fcce884ced5	该消息不支持复读
smali_classes2\飘花落叶言楪世子苏哲兰\飘花落叶言子楪世苏兰哲.smali	14046	222492efcf89d9c894effe8dc1e189c1c891c7e582d1cf4e96f4f58cdde7418bddcc9cf0f689fce1539dd5df80e7de8be1f99cdeed8ae0c196d1f780cad784feff93edde80d0e18be3da5a8df5ca84e6ea91c2e581d0fb8bfce49dfcfa88daee97ccf24882eed88bf4ce9fe7ca88dacb9af0f78fd8c285d6f391c0f380e3e388e6c5	QQ自带的复读位置 偏下 容易坏 请勿和消息复读同时开启 否则不会发生什么 点击可以配置一些参数
smali_classes2\飘花落叶言楪世子苏哲兰\飘花落叶言子楪世苏兰哲.smali	14052	21100a0d110515071c1b2a04101f	RepetitionPlus
smali_classes2\飘花落叶言楪世子苏哲兰\飘花落叶言子楪世苏兰哲.smali	14058	10071f091109230707181b184d424f405a	createBitmap(...)
smali_classes2\飘花落叶言楪世子苏哲兰\飘花落叶言子楪世苏兰哲.smali	14064	101a174611090f0d161b0e46080303071f100b194b0d08015d1c14181018	com.tencent.mobileqq.aio.input
smali_classes2\飘花落叶言楪世子苏哲兰\飘花落叶言子楪世苏兰哲.smali	14070	101a174611090f0d161b0e46081a08401114090d4b1e0e1b07105425160b28000710141c	com.tencent.mvi.base.route.MsgIntent
smali_classes2\飘花落叶言楪世子苏哲兰\飘花落叶言子楪世苏兰哲.smali	14076	1e3615061109191a	mContext
smali_classes2\飘花落叶言楪世子苏哲兰\飘花落叶言子楪世苏兰哲.smali	14082	1e061d2111090c401e061d3a000f0e1c175b090d0b08041c261c1e	msgItem.msgRecord.senderUid
smali_classes2\飘花落叶言楪世子苏哲兰\飘花落叶言子楪世苏兰哲.smali	14088	121b15061c010e1b0030021c2c020701	anonymousExtInfo
smali_classes2\飘花落叶言楪世子苏哲兰\飘花落叶言子楪世苏兰哲.smali	14094	101a174611090f0d161b0e46080303071f100b194b0d08015d000e01091f	com.tencent.mobileqq.aio.utils
smali_classes2\飘花落叶言楪世子苏哲兰\飘花落叶言子楪世苏兰哲.smali	14100	96faeb81e5ed87d8fb93fbc78cebec88e5c59cc8d989dde196f9ec8eebfe86e7fb9ac6e480f0c986f8c49cfee289ecfb9bdaf78ef0dc84c3e491c2e681d4cc88e5f29ed1ee85f6da94e1d28fccd687cecf9ce0fc80d0e181cff992c6cc8ad7e695f4d58efed884e4d392c4e68dcbe3	发送消息重新格式化排版，在英文单词数字与中文之间用空格隔开，让消息更加美观
smali_classes2\飘花落叶言楪世子苏哲兰\飘花落叶言子楪世苏兰哲.smali	14106	071a3900041e201c011403404b424f47	toCharArray(...)
smali_classes2\飘花落叶言楪世子苏哲兰\飘花落叶言子楪世苏兰哲.smali	14112	282b2606393f3c45	[^\n\S]+
smali_classes2\飘花落叶言楪世子苏哲兰\飘花落叶言子楪世苏兰哲.smali	14118	5b4a46553e441a32285a59354c3012122f065257583748132f28405338451d464c4947340b453d1d	(?<=[({\[/#])\s|\s(?=[)}\]:;])|(?<=\n)\s
smali_classes2\飘花落叶言楪世子苏哲兰\飘花落叶言子楪世苏兰哲.smali	14124	1d001604450f00001d1a0e480709410d12060e48110341001c1b570610000d4e070c0a0d45060018125b0f1c0c004f2f01071b112905121a4f5f44	null cannot be cast to non-null type java.util.ArrayList<*>
smali_classes2\飘花落叶言楪世子苏哲兰\飘花落叶言子楪世苏兰哲.smali	14130	111a0e1c0a012c0f01121306	bottomMargin
smali_classes2\飘花落叶言楪世子苏哲兰\飘花落叶言子楪世苏兰哲.smali	14136	201d151f2809121d12121f3c0c0104	ShowMessageTime
smali_classes2\飘花落叶言楪世子苏哲兰\飘花落叶言子楪世苏兰哲.smali	14142	97ceff8ef1c387e2f2242b26314c86ecca90fdd380e3ce8ac8d092efcf89cff497ccf38efdd286cac9	仅支持QQNT 点击可以自定义显示
smali_classes2\飘花落叶言楪世子苏哲兰\飘花落叶言子楪世苏兰哲.smali	14148	9bf2d08dcbf685d7fa93cce083edce88e4c393ffd18af9d094d1c0	自定义消息时间显示
smali_classes2\飘花落叶言楪世子苏哲兰\飘花落叶言子楪世苏兰哲.smali	14154	95f4d88dc1e188d5eb9dd4cc	恢复默认
smali_classes2\飘花落叶言楪世子苏哲兰\飘花落叶言子楪世苏兰哲.smali	14160	96c2c88ee4ce84cafe9cc1f08dc2c5	已恢复默认
smali_classes2\飘花落叶言楪世子苏哲兰\飘花落叶言子楪世苏兰哲.smali	14166	101a174611090f0d161b0e46141d0f1a5d0108070a1c4f071e051646311e0e0103321b0f3018080200	com.tencent.qqnt.troop.impl.TroopGagUtils
smali_classes2\飘花落叶言楪世子苏哲兰\飘花落叶言子楪世苏兰哲.smali	14172	011017090c0208001421130500380e3d07071306022f0e1b1d013e071202	remainingTimeToStringCountDown
smali_classes2\飘花落叶言楪世子苏哲兰\飘花落叶言子楪世苏兰哲.smali	14178	96c2c881e5ec84e9c99dd5cd82d2c5	已退出该群
smali_classes2\飘花落叶言楪世子苏哲兰\飘花落叶言子楪世苏兰哲.smali	14184	94e1d28cdfe286f5c793f4cd83f3c489effe9fdfd785e1ee94cbde8ff1c487e6c492e0ec80e3f086dbf592c6d589dcfb9cc9f68df9c486d0d793f2f880fdf98accd49ce9ca85c0db95edc48fc1d684e4d390ffcd83fbd787e4c1	用于直接查看已退群用户的发言记录，在群成员信息页显示加入时间
smali_classes2\飘花落叶言楪世子苏哲兰\飘花落叶言子楪世苏兰哲.smali	14190	101a174611090f0d161b0e46080303071f100b194b1c1301151c160d060d130a5d16150515030f0b1d01541c17030e1e5d30160d020d0f1a2307150e0c00043a011a151828090c271d13152b0a0111011d10141c	com.tencent.mobileqq.profilecard.component.troop.ElegantProfileTroopMemInfoComponent
smali_classes2\飘花落叶言楪世子苏哲兰\飘花落叶言子楪世苏兰哲.smali	14196	14100e3c17030e1e3e10170d2f030800271c170d	getTroopMemeJoinTime
smali_classes2\飘花落叶言楪世子苏哲兰\飘花落叶言子楪世苏兰哲.smali	14202	101a174611090f0d161b0e46080303071f100b194b0d08015d1c141810184f0f075b190708010e005d260f0a080515221a060e2d13090f1a	com.tencent.mobileqq.aio.input.at.common.SubmitListEvent
smali_classes2\飘花落叶言楪世子苏哲兰\飘花落叶言子楪世苏兰哲.smali	14208	14100e2111090c221a060e	getItemList
smali_classes2\飘花落叶言楪世子苏哲兰\飘花落叶言子楪世苏兰哲.smali	14214	101a174611090f0d161b0e46141d0f1a5d1e1f1a0b090d401d140e01130908000710080e040f04403e10170a001e2800151a	com.tencent.qqnt.kernel.nativeinterface.MemberInfo
smali_classes2\飘花落叶言楪世子苏哲兰\飘花落叶言子楪世苏兰哲.smali	14220	96faeb81e5ed87fac59dede782f6e586d2dd9cebe089f1e097c9e28de0e489e9d990f0c083e2f38bc9fa9ff4cd8afdee96fcf781f8ce	发送收藏的表情后优先自动排序在最前面
smali_classes2\飘花落叶言楪世子苏哲兰\飘花落叶言子楪世苏兰哲.smali	14226	101a174611090f0d161b0e46080303071f100b194b0d111e5d331b1e20010e3c1c1417010b0b290f1d11160d17	com.tencent.mobileqq.app.FavEmoRoamingHandler
smali_classes2\飘花落叶言楪世子苏哲兰\飘花落叶言子楪世苏兰哲.smali	14232	101a174611090f0d161b0e46080303071f100b194b090c01071c19070b1a080b045b3c091303130707103f050a1808011d341e091518041c	com.tencent.mobileqq.emoticonview.FavoriteEmotionAdapter
smali_classes2\飘花落叶言楪世子苏哲兰\飘花落叶言子楪世苏兰哲.smali	14238	101a174611090f0d161b0e46080303071f100b194b0d111e	com.tencent.mobileqq.app
smali_classes2\飘花落叶言楪世子苏哲兰\飘花落叶言子楪世苏兰哲.smali	14244	1e1a0c0d20010e1a1a1a14480014020b030113070b4c5c	moveEmotion exception =
smali_classes2\飘花落叶言楪世子苏哲兰\飘花落叶言子楪世苏兰哲.smali	14250	101a174611090f0d161b0e46080303071f100b194b090c010018540915054f2735140c1a0a0d0c071d123e2a280d0f0f1410083b001e17071010	com.tencent.mobileqq.emosm.api.IFavroamingDBManagerService
smali_classes2\飘花落叶言楪世子苏哲兰\飘花落叶言子楪世苏兰哲.smali	14256	14100e2d08031507101a142c041800221a060e	getEmoticonDataList
smali_classes2\飘花落叶言楪世子苏哲兰\飘花落叶言子楪世苏兰哲.smali	14262	1618151c0c0f0e0037140e092905121a	emoticonDataList
smali_classes2\飘花落叶言楪世子苏哲兰\飘花落叶言子楪世苏兰哲.smali	14268	1710160d1109221b0001150520010e1a1a1a14	deleteCustomEmotion
smali_classes2\飘花落叶言楪世子苏哲兰\飘花落叶言子楪世苏兰哲.smali	14274	1019150600290c01071c1506210d150f	cloneEmotionData
smali_classes2\飘花落叶言楪世子苏哲兰\飘花落叶言子楪世苏兰哲.smali	14280	1a1b090d1718221b0001150520010e1a1a1a14	insertCustomEmotion
smali_classes2\飘花落叶言楪世子苏哲兰\飘花落叶言子楪世苏兰哲.smali	14286	07071305260d020616	trimCache
smali_classes2\飘花落叶言楪世子苏哲兰\飘花落叶言子楪世苏兰哲.smali	14292	1e3c141c001e000d071c15062905121a161b1f1a	mInteractionListener
smali_classes2\飘花落叶言楪世子苏哲兰\飘花落叶言子楪世苏兰哲.smali	14298	101a174611090f0d161b0e46080303071f100b194b090c01071c19070b1a080b045b1b180c42282b1e1a0905360913181a161f	com.tencent.mobileqq.emoticonview.api.IEmosmService
smali_classes2\飘花落叶言楪世子苏哲兰\飘花落叶言子楪世苏兰哲.smali	14304	0707032f001824031c01130b0a022c0f1a1b2a090b090d	tryGetEmoticonMainPanel
smali_classes2\飘花落叶言楪世子苏哲兰\飘花落叶言子楪世苏兰哲.smali	14310	06051e091109270f05301707110502011d251b060000	updateFavEmoticonPanel
smali_classes2\飘花落叶言楪世子苏哲兰\飘花落叶言子楪世苏兰哲.smali	14316	32000e07270d02050605	AutoBackup
smali_classes2\飘花落叶言楪世子苏哲兰\飘花落叶言子楪世苏兰哲.smali	14322	0a0c03112821050a2c3d3205081f12	yyyyMMdd_HHmmss
smali_classes2\飘花落叶言楪世子苏哲兰\飘花落叶言子楪世苏兰哲.smali	14328	95daf58dc1c584fedc90f0c0343d89e9d990f0c080c8e68ac8c89cc0c489fcf995e0ca8ee8c24189f1cc9fefde89eec19bcae180c4e087e7f890f0c080c8e68ac8c89cddee84cefb	每天启动QQ自动备份模块数据 点击可进行手动备份测试
smali_classes2\飘花落叶言楪世子苏哲兰\飘花落叶言子楪世苏兰哲.smali	14334	96fde18dded684caf491c1d582f7cf8bcee09fccd484d5cb4955	创建备份目录失败: 
smali_classes2\飘花落叶言楪世子苏哲兰\飘花落叶言子楪世苏兰哲.smali	14340	96d1fd8cded189d9dc90c4ec81d4ec88ebda9df3cb89dcfb4955	备份路径不是目录: 
smali_classes2\飘花落叶言楪世子苏哲兰\飘花落叶言子楪世苏兰哲.smali	14346	95dddb8df8fb87fbc393f7c682f7cf8bcee09ed0e889ccf696e9d25245	模块数据目录不存在: 
smali_classes2\飘花落叶言楪世子苏哲兰\飘花落叶言子楪世苏兰哲.smali	14352	95dddb8df8fb87fbc393f7c68ddbce8bcdf19ed0e88af9c194eed48dd8f95b4e	模块数据路径不是目录: 
smali_classes2\飘花落叶言楪世子苏哲兰\飘花落叶言子楪世苏兰哲.smali	14358	22260e071715230f101e0f183a	QStoryBackup_
smali_classes2\飘花落叶言楪世子苏哲兰\飘花落叶言子楪世苏兰哲.smali	14364	32000e07270d02050605370701190d0b37140e09	AutoBackupModuleData
smali_classes2\飘花落叶言楪世子苏哲兰\飘花落叶言子楪世苏兰哲.smali	14370	96fde18dded64f001c181f0c0c0d87f8f491c1de80d0e38bcbcd	创建.nomedia文件异常
smali_classes2\飘花落叶言楪世子苏哲兰\飘花落叶言子楪世苏兰哲.smali	14376	95fcf18defc484caf491c1d583d9ea86dce0	手动备份测试
smali_classes2\飘花落叶言楪世子苏哲兰\飘花落叶言子楪世苏兰哲.smali	14382	95fcf18defc484caf491c1d581d4ec8acfef9ff8fb89f8c297cef08ef2c987f9d490deef81d7dc4e97cef08ef2c984caf491c1d580dce78befdd9dc4c988dbe296d1d380e2c684e4db90f2c88cf5c5647990deef81d7dc86c4da9fd6e183ddf4	手动备份不会吞噬今日旧备份 今日备份将在第二天自动删除\n\n备份路径：
smali_classes2\飘花落叶言楪世子苏哲兰\飘花落叶言子楪世苏兰哲.smali	14388	96c9fa8dc2e784caf491c1d5	开始备份
smali_classes2\飘花落叶言楪世子苏哲兰\飘花落叶言子楪世苏兰哲.smali	14394	95fcf18defc484caf491c1d583e4f18bf9ea708ef3eb85d5c54f5a4d166684cad490cae75f4c441d	手动备份成功\n文件: %s\n大小: %s
smali_classes2\飘花落叶言楪世子苏哲兰\飘花落叶言子楪世苏兰哲.smali	14400	96d1fd8cded184cac29dcecd5f4c	备份失败: 
smali_classes2\飘花落叶言楪世子苏哲兰\飘花落叶言子楪世苏兰哲.smali	14406	1f14091c3a0e000d18000a37010d150b	last_backup_date
smali_classes2\飘花落叶言楪世子苏哲兰\飘花落叶言子楪世苏兰哲.smali	14412	9bf2d08defc484caf491c1d583e5c686d2f99fd4e789d9d6	自动备份执行异常
smali_classes2\飘花落叶言楪世子苏哲兰\飘花落叶言子楪世苏兰哲.smali	14418	96e5d58defc484caf491c1d583cfe188ecd09fd4e789d9d6	启动备份检查异常
smali_classes2\飘花落叶言楪世子苏哲兰\飘花落叶言子楪世苏兰哲.smali	14424	5c34140c1703080a5c111b1c044302011e5b0e0d0b0f0400075b170707050d0b0204553936180e1c0a	/Android/data/com.tencent.mobileqq/QStory
smali_classes2\飘花落叶言楪世子苏哲兰\飘花落叶言子楪世苏兰哲.smali	14430	5c31151f0b000e0f175a2b3b11031317	/Download/QStory
smali_classes2\飘花落叶言楪世子苏哲兰\飘花落叶言子楪世苏兰哲.smali	14436	1e251b1c0d3c130b151c02240c1f15	mPathPrefixList
smali_classes2\飘花落叶言楪世子苏哲兰\飘花落叶言子楪世苏兰哲.smali	14442	0206250b0a02070714	qs_config
smali_classes2\飘花落叶言楪世子苏哲兰\飘花落叶言子楪世苏兰哲.smali	14448	321b1e1a0a05054117140e094a0f0e035d011f0606090f1a5d18150a0c00041f025a1c01090912	Android/data/com.tencent.mobileqq/files
smali_classes2\飘花落叶言楪世子苏哲兰\飘花落叶言子楪世苏兰哲.smali	14454	101a174611090f0d161b0e46080303071f100b194b0d111e5d181f1b160d060b5d16160d0402141e5d36160d0402341e271d151a0a1906063e141409020913	com.tencent.mobileqq.app.message.cleanup.CleanUpThoroughManager
smali_classes2\飘花落叶言楪世子苏哲兰\飘花落叶言子楪世苏兰哲.smali	14460	94f7c38de2d788ebfe92c7c680e3ce89e7dd5a25263c82eef290c6e880e9d28acbfb93c9df89dbe1	点击配置可用 MCP、开关与顺序
smali_classes2\飘花落叶言楪世子苏哲兰\飘花落叶言子楪世苏兰哲.smali	14466	011019110600041c251c1f1f	recyclerView
smali_classes2\飘花落叶言楪世子苏哲兰\飘花落叶言子楪世苏兰哲.smali	14472	051c1f1f2d030d0a1607	viewHolder
smali_classes2\飘花落叶言楪世子苏哲兰\飘花落叶言子楪世苏兰哲.smali	14478	96c2c88df5c386fadb55	已启用 
smali_classes2\飘花落叶言楪世子苏哲兰\飘花落叶言子楪世苏兰哲.smali	14484	5391c2c24521223e9cc9f681f0d387e2fa90f5db81d2c688f8e39fe2cd8afeea96fad580d5ef87fbc79cdbd280d6ee	 个 MCP，长按右侧拖动柄可调整顺序
smali_classes2\飘花落叶言楪世子苏哲兰\飘花落叶言子楪世苏兰哲.smali	14490	3e362a488ce9ec89cedb9fdfd788def396d8e2	MCP 配置已保存
smali_classes2\飘花落叶言楪世子苏哲兰\飘花落叶言子楪世苏兰哲.smali	14496	1d001604450f00001d1a0e480709410d12060e48110341001c1b570610000d4e070c0a0d450d0f0a011a130c4b0f0e000710141c4b2f0d070317150917082c0f1d141d0d17	null cannot be cast to non-null type android.content.ClipboardManager
smali_classes2\飘花落叶言楪世子苏哲兰\飘花落叶言子楪世苏兰哲.smali	14502	22260e071715412330255a2b0a02070714	QStory MCP Config
smali_classes2\飘花落叶言楪世子苏哲兰\飘花落叶言子楪世苏兰哲.smali	14508	3e362a488ce9ec89cedb5a2236232f4e96c2c88dc1e184e6c5	MCP 配置 JSON 已复制
smali_classes2\飘花落叶言楪世子苏哲兰\飘花落叶言子楪世苏兰哲.smali	14514	5701120116480b1d1c1b350a0f09021a	$this$jsonObject
smali_classes2\飘花落叶言楪世子苏哲兰\飘花落叶言子楪世苏兰哲.smali	14520	96c2c88cddd687ecdb90eac780e6c94e22260e071715412310055a8ef9e184e4d2	已为您启动 QStory Mcp 服务
smali_classes2\飘花落叶言楪世子苏哲兰\飘花落叶言子楪世苏兰哲.smali	14526	087f5a484701021e2010081e001e124c49550162454c414e5124291c0a1e18231005585245176b4e53555a48454e141c1f5740484704151a034f55470903020f1f1d151b1156585e43455505061c434279555a48454c414c07071b06161c0e1c07574048471f151c16141709070004431b010e184766414e53550762454c1c640e	{\n  "mcpServers": {\n    "QStoryMcp": {\n      "url": "http://localhost:9000/mcp",\n      "transport": "streamable-http"\n    }\n  }\n}
smali_classes2\飘花落叶言楪世子苏哲兰\飘花落叶言子楪世苏兰哲.smali	14532	071a15043a03130a1607	tool_order
smali_classes2\飘花落叶言楪世子苏哲兰\飘花落叶言子楪世苏兰哲.smali	14538	071a15043a090f0f11191f0c3a	tool_enabled_
smali_classes2\飘花落叶言楪世子苏哲兰\飘花落叶言子楪世苏兰哲.smali	14544	1710090b1705111a1a1a14	description
smali_classes2\飘花落叶言楪世子苏哲兰\飘花落叶言子楪世苏兰哲.smali	14550	3e160a3c0a030d2d1c1b1c010225150b1e5d130c58	McpToolConfigItem(id=
smali_classes2\飘花落叶言楪世子苏哲兰\飘花落叶言子楪世苏兰哲.smali	14556	5f55151a01091353	, order=
smali_classes2\飘花落叶言楪世子苏哲兰\飘花落叶言子楪世苏兰哲.smali	14562	3e362a4880c2c388fbc29dc3ca84def095fbdf5245430c0d03	MCP 客户端连接: /mcp
smali_classes2\飘花落叶言楪世子苏哲兰\飘花落叶言子楪世苏兰哲.smali	14568	1d1a570b040f090b	no-cache
smali_classes2\飘花落叶言楪世子苏哲兰\飘花落叶言子楪世苏兰哲.smali	14574	0710021c4a09170b1d01571b111e040f1e	text/event-stream
smali_classes2\飘花落叶言楪世子苏哲兰\飘花落叶言子楪世苏兰哲.smali	14580	3e362a4880c2c388fbc29dc3ca8af7c396c9fa5245430c0d03	MCP 客户端断开: /mcp
smali_classes2\飘花落叶言楪世子苏哲兰\飘花落叶言子楪世苏兰哲.smali	14586	233a293c45430c0d03	POST /mcp
smali_classes2\飘花落叶言楪世子苏哲兰\飘花落叶言子楪世苏兰哲.smali	14592	0010081e001e2f0f1e10	serverName
smali_classes2\飘花落叶言楪世子苏哲兰\飘花落叶言子楪世苏兰哲.smali	14598	22260e0717152c2d23	QStoryMCP
smali_classes2\飘花落叶言楪世子苏哲兰\飘花落叶言子楪世苏兰哲.smali	14604	3e362a4883f0ec8bf9d45a8ec8cf84f2db90eac780e6c9	MCP 服务 正在启动
smali_classes2\飘花落叶言楪世子苏哲兰\飘花落叶言子楪世苏兰哲.smali	14610	3e362a4883f0ec8bf9d45a8df5c384e4db93f2f880e6fe5453	MCP 服务 启动成功: 
smali_classes2\飘花落叶言楪世子苏哲兰\飘花落叶言子楪世苏兰哲.smali	14616	3e362a4883f0ec8bf9d45a8df5c384e4db90ded98dd8c45453	MCP 服务 启动失败: 
smali_classes2\飘花落叶言楪世子苏哲兰\飘花落叶言子楪世苏兰哲.smali	14622	3e362a4883f0ec8bf9d45a8ec8cf84f2db90fbf483c1c3	MCP 服务 正在停止
smali_classes2\飘花落叶言楪世子苏哲兰\飘花落叶言子楪世苏兰哲.smali	14628	3e362a4883f0ec8bf9d45a8de4f087c3d193f2f880e6fe	MCP 服务 停止成功
smali_classes2\飘花落叶言楪世子苏哲兰\飘花落叶言子楪世苏兰哲.smali	14634	3e362a4883f0ec8bf9d45a8de4f087c3d190ded98dd8c45453	MCP 服务 停止失败: 
smali_classes2\飘花落叶言楪世子苏哲兰\飘花落叶言子楪世苏兰哲.smali	14640	3e362a488dc3d688c2f792dfca89dfea4955	MCP 请求路径: 
smali_classes2\飘花落叶言楪世子苏哲兰\飘花落叶言子楪世苏兰哲.smali	14646	3a19160d020d0d4e301a141c00021543270c0a0d450a0e1c1e140e5245	Illegal Content-Type format: 
smali_classes2\飘花落叶言楪世子苏哲兰\飘花落叶言子楪世苏兰哲.smali	14652	3e362a488dc3d688c2f74048	MCP 请求: 
smali_classes2\飘花落叶言楪世子苏哲兰\飘花落叶言子楪世苏兰哲.smali	14658	5390e9e580d6f55453	 响应: 
smali_classes2\飘花落叶言楪世子苏哲兰\飘花落叶言子楪世苏兰哲.smali	14664	2314081b004c041c011a08	Parse error
smali_classes2\飘花落叶言楪世子苏哲兰\飘花落叶言子楪世苏兰哲.smali	14670	1d1a0e010305020f071c1506164308001a01130909051b0b17	notifications/initialized
smali_classes2\飘花落叶言楪世子苏哲兰\飘花落叶言子楪世苏兰哲.smali	14676	3e362a4883f8d78bfbc59fe0f889c6e596f9ec81e5f686f1d6	MCP 收到初始化通知
smali_classes2\飘花落叶言楪世子苏哲兰\飘花落叶言子楪世苏兰哲.smali	14682	071a15041643020f1f19	tools/call
smali_classes2\飘花落叶言楪世子苏哲兰\飘花落叶言子楪世苏兰哲.smali	14688	1a1b131c0c0d0d070910	initialize
smali_classes2\飘花落叶言楪世子苏哲兰\飘花落叶言子楪世苏兰哲.smali	14694	071a150416430d070001	tools/list
smali_classes2\飘花落叶言楪世子苏哲兰\飘花落叶言子楪世苏兰哲.smali	14700	3e100e000a0841001c015a0e0a190f0a4955	Method not found: 
smali_classes2\飘花落叶言楪世子苏哲兰\飘花落叶言子楪世苏兰哲.smali	14706	9bcaee8dfef284fdfe90c0fc80e4d14e	返回响应到 
smali_classes2\飘花落叶言楪世子苏哲兰\飘花落叶言子楪世苏兰哲.smali	14712	5391c2c24521223e5390d4ca83e4d689d8da	 个 MCP 客户端
smali_classes2\飘花落叶言楪世子苏哲兰\飘花落叶言子楪世苏兰哲.smali	14718	57011201164813010601130602	$this$routing
smali_classes2\飘花落叶言楪世子苏哲兰\飘花落叶言子楪世苏兰哲.smali	14724	570112011648040311101e0c0008320b01031f1a	$this$embeddedServer
smali_classes2\飘花落叶言楪世子苏哲兰\飘花落叶言子楪世苏兰哲.smali	14730	1f1c091c2604000014101e	listChanged
smali_classes2\飘花落叶言楪世子苏哲兰\飘花落叶言子楪世苏兰哲.smali	14736	0307151c0a0f0e022510081b0c030f	protocolVersion
smali_classes2\飘花落叶言楪世子苏哲兰\飘花落叶言子楪世苏兰哲.smali	14742	4145485d485c52434143	2025-03-26
smali_classes2\飘花落叶言楪世子苏哲兰\飘花落叶言子楪世苏兰哲.smali	14748	0010081e001e2800151a	serverInfo
smali_classes2\飘花落叶言楪世子苏哲兰\飘花落叶言子楪世苏兰哲.smali	14754	10140a0907050d07071c1f1b	capabilities
smali_classes2\飘花落叶言楪世子苏哲兰\飘花落叶言子楪世苏兰哲.smali	14760	1a1b0a1d113f020616181b	inputSchema
smali_classes2\飘花落叶言楪世子苏哲兰\飘花落叶言子楪世苏兰哲.smali	14766	5701120116480b1d1c1b3b1a170d18	$this$jsonArray
smali_classes2\飘花落叶言楪世子苏哲兰\飘花落叶言子楪世苏兰哲.smali	14772	3e362a480309001a06071f480105120f11191f0c	MCP feature disabled
smali_classes2\飘花落叶言楪世子苏哲兰\飘花落叶言子楪世苏兰哲.smali	14778	271a150445020e1a5313151d0b085b4e	Tool not found: 
smali_classes2\飘花落叶言楪世子苏哲兰\飘花落叶言子楪世苏兰哲.smali	14784	271a15044508081d1217160d015641	Tool disabled: 
smali_classes2\飘花落叶言楪世子苏哲兰\飘花落叶言子楪世苏兰哲.smali	14790	1d1a0e010305020f071c1506164315011c1909470905121a2c1612090b0b040a	notifications/tools/list_changed
smali_classes2\飘花落叶言楪世子苏哲兰\飘花落叶言子楪世苏兰哲.smali	14796	3e160a3b001e170b01361506030506	McpServerConfig
smali_classes2\飘花落叶言楪世子苏哲兰\飘花落叶言子楪世苏兰哲.smali	14802	96e3cf8df4f084f8c690ebf480fdfd8be2e99ffed089f7db0d90ecdd80fad48be5c09ff9f989f0f296e3cf8df3d984f8c60b9ffed089f7db96e3cf8df4f084ffef90ecdd80fad48be2e9048df3d984f8c690ecdd80fdfd8be2e99ffed089f7db96e3cf	喵呜喵呜呜呜喵喵~喵喵喵呜呜喵喵喵~喵喵喵呜呜喵喵呜~喵喵喵呜呜喵喵喵
smali_classes2\飘花落叶言楪世子苏哲兰\飘花落叶言子楪世苏兰哲.smali	14808	1a06250e1705040017	is_friend
smali_classes2\飘花落叶言楪世子苏哲兰\飘花落叶言子楪世苏兰哲.smali	14814	95d6fa8efac987f6dc90eace81d4db8bd6c89fe7ee	检查是否为好友
smali_classes2\飘花落叶言楪世子苏哲兰\飘花落叶言子楪世苏兰哲.smali	14820	95d6fa8efac987e2f490d4f2453d304e95edd58df5ca85d6c990c7fb80e5ec86c7d39fe7d289c4d396faf1	检查指定 QQ 是否为当前账号好友
smali_classes2\飘花落叶言楪世子苏哲兰\飘花落叶言子楪世苏兰哲.smali	14826	94eed48ec5eb413f22559fe7d2	目标 QQ 号
smali_classes2\飘花落叶言楪世子苏哲兰\飘花落叶言子楪世苏兰哲.smali	14832	14100e37021e0e1b032a08030015	get_group_rkey
smali_classes2\飘花落叶言楪世子苏哲兰\飘花落叶言子楪世苏兰哲.smali	14838	9bfbcd8deafa86d0d75528230015	获取群 RKey
smali_classes2\飘花落叶言楪世子苏哲兰\飘花落叶言子楪世苏兰哲.smali	14844	9bdac18deafa86d0d792e1d080e9d286dcc29cd9e788dcd194e1d28fffe8413c381003	读取群相关请求使用的 RKey
smali_classes2\飘花落叶言楪世子苏哲兰\飘花落叶言子楪世苏兰哲.smali	14850	14100e37031e080b1d11251a0e0918	get_friend_rkey
smali_classes2\飘花落叶言楪世子苏哲兰\飘花落叶言子楪世苏兰哲.smali	14856	9bfbcd8deafa86c9f29dfbe2453e2a0b0a	获取私聊 RKey
smali_classes2\飘花落叶言楪世子苏哲兰\飘花落叶言子楪世苏兰哲.smali	14862	9bdac18deafa86c9f29dfbe282f7d98bf6c692c7d28ad0ec97c8c58ff1c486f4f75528230015	读取私聊相关请求使用的 RKey
smali_classes2\飘花落叶言楪世子苏哲兰\飘花落叶言子楪世苏兰哲.smali	14868	14100e3716070417	get_skey
smali_classes2\飘花落叶言楪世子苏哲兰\飘花落叶言子楪世苏兰哲.smali	14874	9bfbcd8deafa413d381003	获取 SKey
smali_classes2\飘花落叶言楪世子苏哲兰\飘花落叶言子楪世苏兰哲.smali	14880	9bdac18deafa84d3e090f3e582f5da8bcee09ce8e48bfbea5326310d1c	读取当前登录态的 SKey
smali_classes2\飘花落叶言楪世子苏哲兰\飘花落叶言子楪世苏兰哲.smali	14886	14100e37170900022c06110d1c	get_real_skey
smali_classes2\飘花落叶言楪世子苏哲兰\飘花落叶言子楪世苏兰哲.smali	14892	9bfbcd8deafa413c1614164836270417	获取 Real SKey
smali_classes2\飘花落叶言楪世子苏哲兰\飘花落叶言子楪世苏兰哲.smali	14898	9bdac18deafa84d3e090f3e582f5da8bcee09ce8e48bfbea94e9e58dcbf2413d381003	读取当前登录态的真实 SKey
smali_classes2\飘花落叶言楪世子苏哲兰\飘花落叶言子楪世苏兰哲.smali	14904	14100e37151f0a0b0a	get_pskey
smali_classes2\飘花落叶言楪世子苏哲兰\飘花落叶言子楪世苏兰哲.smali	14910	9bfbcd8deafa413e003e1f11	获取 PsKey
smali_classes2\飘花落叶言楪世子苏哲兰\飘花落叶言子楪世苏兰哲.smali	14916	95f9f38dfaf384fefe9dd5d380e3f74e2306310d1c	按域名读取 PsKey
smali_classes2\飘花落叶言楪世子苏哲兰\飘花落叶言子楪世苏兰哲.smali	14922	14100e3715185531071a110d0b	get_pt4_token
smali_classes2\飘花落叶言楪世子苏哲兰\飘花落叶言子楪世苏兰哲.smali	14928	9bfbcd8deafa413e27412e070e090f	获取 PT4Token
smali_classes2\飘花落叶言楪世子苏哲兰\飘花落叶言子楪世苏兰哲.smali	14934	95f9f38dfaf384fefe9dd5d380e3f74e23214e3c0a070400	按域名读取 PT4Token
smali_classes2\飘花落叶言楪世子苏哲兰\飘花落叶言子楪世苏兰哲.smali	14940	9bfbcd8deafa412c383b	获取 BKN
smali_classes2\飘花落叶言楪世子苏哲兰\飘花落叶言子楪世苏兰哲.smali	14946	95d5c38ee8c2411e001e1f114584cfcf94dbed4827272f	根据 pskey 计算 BKN
smali_classes2\飘花落叶言楪世子苏哲兰\飘花落叶言子楪世苏兰哲.smali	14952	94e1d28cdfe289c0d292d4ff82f6e54e0306110d1c	用于计算的 pskey
smali_classes2\飘花落叶言楪世子苏哲兰\飘花落叶言子楪世苏兰哲.smali	14958	9bfbcd8deafa4129273e	获取 GTK
smali_classes2\飘花落叶言楪世子苏哲兰\飘花落叶言子楪世苏兰哲.smali	14964	95f9f38dfaf384fefe9dd5d380e3f74e342131	按域名读取 GTK
smali_classes2\飘花落叶言楪世子苏哲兰\飘花落叶言子楪世苏兰哲.smali	14970	14100e37161813071d12	get_string
smali_classes2\飘花落叶言楪世子苏哲兰\飘花落叶言子楪世苏兰哲.smali	14976	9bdac18deafa84c3e492d6ce81d4d387f6f89dd5cb	读取字符串配置
smali_classes2\飘花落叶言楪世子苏哲兰\飘花落叶言子楪世苏兰哲.smali	14982	9bdac18deafa84c3e492d6ce81d4d387f6f89dd5cb83dde297c8c58ff1c4412330255a8de3e986d3dd90ebd580fcec89dacf93ffd189ccf696f7d2	读取字符串配置，使用 MCP 内置命名空间存储
smali_classes2\飘花落叶言楪世子苏哲兰\飘花落叶言子楪世苏兰哲.smali	14988	101a140e0c0b3e0012181f	config_name
smali_classes2\飘花落叶言楪世子苏哲兰\飘花落叶言子楪世苏兰哲.smali	14994	9af0f78fd8c287f8f491c1de80fcec	配置文件名
smali_classes2\飘花落叶言楪世子苏哲兰\飘花落叶言子楪世苏兰哲.smali	15000	9af0f78fd8c288fadd	配置键
smali_classes2\飘花落叶言楪世子苏哲兰\飘花落叶言子楪世苏兰哲.smali	15006	17101c09100015310514161d00	default_value
smali_classes2\飘花落叶言楪世子苏哲兰\飘花落叶言子楪世苏兰哲.smali	15012	9acee280cbc884eecf9ac6e480e3ce87f3fc	默认值，可选
smali_classes2\飘花落叶言楪世子苏哲兰\飘花落叶言子楪世苏兰哲.smali	15018	03000e37161813071d12	put_string
smali_classes2\飘花落叶言楪世子苏哲兰\飘花落叶言子楪世苏兰哲.smali	15024	96f3e38de0c984c3e492d6ce81d4d387f6f89dd5cb	写入字符串配置
smali_classes2\飘花落叶言楪世子苏哲兰\飘花落叶言子楪世苏兰哲.smali	15030	96f3e38de0c984c3e492d6ce81d4d387f6f89dd5cb83dde297c8c58ff1c4412330255a8de3e986d3dd90ebd580fcec89dacf93ffd189ccf696f7d2	写入字符串配置，使用 MCP 内置命名空间存储
smali_classes2\飘花落叶言楪世子苏哲兰\飘花落叶言子楪世苏兰哲.smali	15036	96d8ed8fc9ca85d6c190fad4	字符串值
smali_classes2\飘花落叶言楪世子苏哲兰\飘花落叶言子楪世苏兰哲.smali	15042	14100e3707030e02161414	get_boolean
smali_classes2\飘花落叶言楪世子苏哲兰\飘花落叶言子楪世苏兰哲.smali	15048	9bdac18deafa84d6f090cafc8ce9ec89cedb	读取布尔配置
smali_classes2\飘花落叶言楪世子苏哲兰\飘花落叶言子楪世苏兰哲.smali	15054	9bdac18deafa84d6f090cafc8ce9ec89cedb95d4e988dcd194e1d248282f314e96f3ff8fd8c284ffce90eae582c5db87e4c19fc5fd89e3c6	读取布尔配置，使用 MCP 内置命名空间存储
smali_classes2\飘花落叶言楪世子苏哲兰\飘花落叶言子楪世苏兰哲.smali	15060	9acee280cbc884eecf	默认值
smali_classes2\飘花落叶言楪世子苏哲兰\飘花落叶言子楪世苏兰哲.smali	15066	03000e3707030e02161414	put_boolean
smali_classes2\飘花落叶言楪世子苏哲兰\飘花落叶言子楪世苏兰哲.smali	15072	96f3e38de0c984d6f090cafc8ce9ec89cedb	写入布尔配置
smali_classes2\飘花落叶言楪世子苏哲兰\飘花落叶言子楪世苏兰哲.smali	15078	96f3e38de0c984d6f090cafc8ce9ec89cedb95d4e988dcd194e1d248282f314e96f3ff8fd8c284ffce90eae582c5db87e4c19fc5fd89e3c6	写入布尔配置，使用 MCP 内置命名空间存储
smali_classes2\飘花落叶言楪世子苏哲兰\飘花落叶言子楪世苏兰哲.smali	15084	96cdf98dd5f884eecf	布尔值
smali_classes2\飘花落叶言楪世子苏哲兰\飘花落叶言子楪世苏兰哲.smali	15090	9bdac18deafa87fbc790e4e38ce9ec89cedb	读取整型配置
smali_classes2\飘花落叶言楪世子苏哲兰\飘花落叶言子楪世苏兰哲.smali	15096	9bdac18deafa87fbc790e4e38ce9ec89cedb95d4e988dcd194e1d248282f314e96f3ff8fd8c284ffce90eae582c5db87e4c19fc5fd89e3c6	读取整型配置，使用 MCP 内置命名空间存储
smali_classes2\飘花落叶言楪世子苏哲兰\飘花落叶言子楪世苏兰哲.smali	15102	96f3e38de0c987fbc790e4e38ce9ec89cedb	写入整型配置
smali_classes2\飘花落叶言楪世子苏哲兰\飘花落叶言子楪世苏兰哲.smali	15108	96f3e38de0c987fbc790e4e38ce9ec89cedb95d4e988dcd194e1d248282f314e96f3ff8fd8c284ffce90eae582c5db87e4c19fc5fd89e3c6	写入整型配置，使用 MCP 内置命名空间存储
smali_classes2\飘花落叶言楪世子苏哲兰\飘花落叶言子楪世苏兰哲.smali	15114	95e0ce8dfbe784eecf	整型值
smali_classes2\飘花落叶言楪世子苏哲兰\飘花落叶言子楪世苏兰哲.smali	15120	14100e3709030f09	get_long
smali_classes2\飘花落叶言楪世子苏哲兰\飘花落叶言子楪世苏兰哲.smali	15126	9bdac18deafa88fbcc93efdc80f2ea87f6f89dd5cb	读取长整型配置
smali_classes2\飘花落叶言楪世子苏哲兰\飘花落叶言子楪世苏兰哲.smali	15132	9bdac18deafa88fbcc93efdc80f2ea87f6f89dd5cb83dde297c8c58ff1c4412330255a8de3e986d3dd90ebd580fcec89dacf93ffd189ccf696f7d2	读取长整型配置，使用 MCP 内置命名空间存储
smali_classes2\飘花落叶言楪世子苏哲兰\飘花落叶言子楪世苏兰哲.smali	15138	1f1a140f4585daf69bdbde8de5d0	long 默认值
smali_classes2\飘花落叶言楪世子苏哲兰\飘花落叶言子楪世苏兰哲.smali	15144	03000e3709030f09	put_long
smali_classes2\飘花落叶言楪世子苏哲兰\飘花落叶言子楪世苏兰哲.smali	15150	96f3e38de0c988fbcc93efdc80f2ea87f6f89dd5cb	写入长整型配置
smali_classes2\飘花落叶言楪世子苏哲兰\飘花落叶言子楪世苏兰哲.smali	15156	96f3e38de0c988fbcc93efdc80f2ea87f6f89dd5cb83dde297c8c58ff1c4412330255a8de3e986d3dd90ebd580fcec89dacf93ffd189ccf696f7d2	写入长整型配置，使用 MCP 内置命名空间存储
smali_classes2\飘花落叶言楪世子苏哲兰\飘花落叶言子楪世苏兰哲.smali	15162	1f1a140f4589e1d2	long 值
smali_classes2\飘花落叶言楪世子苏哲兰\飘花落叶言子楪世苏兰哲.smali	15168	14100e3703000e0f07	get_float
smali_classes2\飘花落叶言楪世子苏哲兰\飘花落叶言子楪世苏兰哲.smali	15174	9bdac18deafa87dbdd92f8d18ce9ec89cedb	读取浮点配置
smali_classes2\飘花落叶言楪世子苏哲兰\飘花落叶言子楪世苏兰哲.smali	15180	9bdac18deafa87dbdd92f8d18ce9ec89cedb95d4e988dcd194e1d248282f314e96f3ff8fd8c284ffce90eae582c5db87e4c19fc5fd89e3c6	读取浮点配置，使用 MCP 内置命名空间存储
smali_classes2\飘花落叶言楪世子苏哲兰\飘花落叶言子楪世苏兰哲.smali	15186	15191509114c88d5eb9dd4cc80ecdd	float 默认值
smali_classes2\飘花落叶言楪世子苏哲兰\飘花落叶言子楪世苏兰哲.smali	15192	03000e3703000e0f07	put_float
smali_classes2\飘花落叶言楪世子苏哲兰\飘花落叶言子楪世苏兰哲.smali	15198	96f3e38de0c987dbdd92f8d18ce9ec89cedb	写入浮点配置
smali_classes2\飘花落叶言楪世子苏哲兰\飘花落叶言子楪世苏兰哲.smali	15204	96f3e38de0c987dbdd92f8d18ce9ec89cedb95d4e988dcd194e1d248282f314e96f3ff8fd8c284ffce90eae582c5db87e4c19fc5fd89e3c6	写入浮点配置，使用 MCP 内置命名空间存储
smali_classes2\飘花落叶言楪世子苏哲兰\飘花落叶言子楪世苏兰哲.smali	15210	15191509114c84eecf	float 值
smali_classes2\飘花落叶言楪世子苏哲兰\飘花落叶言子楪世苏兰哲.smali	15216	14100e370103140c1f10	get_double
smali_classes2\飘花落叶言楪世子苏哲兰\飘花落叶言子楪世苏兰哲.smali	15222	9bdac18deafa84e1ff92c8d680d6c787f6f89dd5cb	读取双精度配置
smali_classes2\飘花落叶言楪世子苏哲兰\飘花落叶言子楪世苏兰哲.smali	15228	9bdac18deafa84e1ff92c8d680d6c787f6f89dd5cb83dde297c8c58ff1c4412330255a8de3e986d3dd90ebd580fcec89dacf93ffd189ccf696f7d2	读取双精度配置，使用 MCP 内置命名空间存储
smali_classes2\飘花落叶言楪世子苏哲兰\飘花落叶言子楪世苏兰哲.smali	15234	171a0f0a09094187c8ed92c6c189e1d2	double 默认值
smali_classes2\飘花落叶言楪世子苏哲兰\飘花落叶言子楪世苏兰哲.smali	15240	03000e370103140c1f10	put_double
smali_classes2\飘花落叶言楪世子苏哲兰\飘花落叶言子楪世苏兰哲.smali	15246	96f3e38de0c984e1ff92c8d680d6c787f6f89dd5cb	写入双精度配置
smali_classes2\飘花落叶言楪世子苏哲兰\飘花落叶言子楪世苏兰哲.smali	15252	96f3e38de0c984e1ff92c8d680d6c787f6f89dd5cb83dde297c8c58ff1c4412330255a8de3e986d3dd90ebd580fcec89dacf93ffd189ccf696f7d2	写入双精度配置，使用 MCP 内置命名空间存储
smali_classes2\飘花落叶言楪世子苏哲兰\飘花落叶言子楪世苏兰哲.smali	15258	171a0f0a0909418bf3c9	double 值
smali_classes2\飘花落叶言楪世子苏哲兰\飘花落叶言子楪世苏兰哲.smali	15264	14100e370604001a2c01031800	get_chat_type
smali_classes2\飘花落叶言楪世子苏哲兰\飘花落叶言子楪世苏兰哲.smali	15270	9bfbcd8deafa84d3e090f3e581d0fb86dce89dd9de89ffe5	获取当前会话类型
smali_classes2\飘花落叶言楪世子苏哲兰\飘花落叶言子楪世苏兰哲.smali	15276	9bdac18deafa84d3e090f3e581d0fb86dce89dd9de89ffe5	读取当前会话类型
smali_classes2\飘花落叶言楪世子苏哲兰\飘花落叶言子楪世苏兰哲.smali	15282	14100e370619131c161b0e37021e0e1b032a0f010b	get_current_group_uin
smali_classes2\飘花落叶言楪世子苏哲兰\飘花落叶言子楪世苏兰哲.smali	15288	9bfbcd8deafa84d3e090f3e582d2c58bfcc2	获取当前群号
smali_classes2\飘花落叶言楪世子苏哲兰\飘花落叶言子楪世苏兰哲.smali	15294	9bdac18deafa84d3e090f3e581d0fb86dce89ed0c88bfbea94cbde8deadb	读取当前会话中的群号
smali_classes2\飘花落叶言楪世子苏哲兰\飘花落叶言子楪世苏兰哲.smali	15300	14100e370619131c161b0e37031e080b1d11251d0c02	get_current_friend_uin
smali_classes2\飘花落叶言楪世子苏哲兰\飘花落叶言子楪世苏兰哲.smali	15306	9bfbcd8deafa84d3e090f3e580c9dc8bfcfe5a3934	获取当前好友 QQ
smali_classes2\飘花落叶言楪世子苏哲兰\飘花落叶言子楪世苏兰哲.smali	15312	9bdac18deafa84d3e090f3e581d0fb86dce89ed0c88bfbea96d0c78deae7413f22559fe7d2	读取当前会话中的好友 QQ 号
smali_classes2\飘花落叶言楪世子苏哲兰\飘花落叶言子楪世苏兰哲.smali	15318	14100e38160704175b5b54464c	getPskey(...)
smali_classes2\飘花落叶言楪世子苏哲兰\飘花落叶言子楪世苏兰哲.smali	15324	14100e3831583501181014404b424f47	getPT4Token(...)
smali_classes2\飘花落叶言楪世子苏哲兰\飘花落叶言子楪世苏兰哲.smali	15330	14100e2f312749405d5b53	getGTK(...)
smali_classes2\飘花落叶言楪世子苏哲兰\飘花落叶言子楪世苏兰哲.smali	15336	101a140e0c0b2f0f1e10	configName
smali_classes2\飘花落叶言楪世子苏哲兰\飘花落叶言子楪世苏兰哲.smali	15342	1e160a3707190802071c143711030e0200	mcp_builtin_tools
smali_classes2\飘花落叶言楪世子苏哲兰\飘花落叶言子楪世苏兰哲.smali	15348	3e362a4827190802071c144831030e0200	MCP Builtin Tools
smali_classes2\飘花落叶言楪世子苏哲兰\飘花落叶言子楪世苏兰哲.smali	15354	03071518001e15071606	properties
smali_classes2\飘花落叶言楪世子苏哲兰\飘花落叶言子楪世苏兰哲.smali	15360	01100b1d0c1e040a	required
smali_classes2\飘花落叶言楪世子苏哲兰\飘花落叶言子楪世苏兰哲.smali	15366	5391c2e58defdc8acbcf9dc1df	 不能为空
smali_classes2\飘花落叶言楪世子苏哲兰\飘花落叶言子楪世苏兰哲.smali	15372	101a141c0002152012181f	contentName
smali_classes2\飘花落叶言楪世子苏哲兰\飘花落叶言子楪世苏兰哲.smali	15378	101a141c0002152a160619	contentDesc
smali_classes2\飘花落叶言楪世子苏哲兰\飘花落叶言子楪世苏兰哲.smali	15384	94cbde8deadb8ed2ff92dde98dedeb88e4c39fe7ca8bf4f794dcc0	群号，私聊时可留空
smali_classes2\飘花落叶言楪世子苏哲兰\飘花落叶言子楪世苏兰哲.smali	15390	06061f1a3a190800	user_uin
smali_classes2\飘花落叶言楪世子苏哲兰\飘花落叶言子楪世苏兰哲.smali	15396	96d0c78deae7413f22559fe7d283dde294cbde80e4e687f9c590f5c782f9f889dacf	好友 QQ 号，群聊时可留空
smali_classes2\飘花落叶言楪世子苏哲兰\飘花落叶言子楪世苏兰哲.smali	15402	96faeb81e5ed84e8f690d4d1	发送内容
smali_classes2\飘花落叶言楪世子苏哲兰\飘花落叶言子楪世苏兰哲.smali	15408	17101c091000153e011a0a0d171818	defaultProperty
smali_classes2\飘花落叶言楪世子苏哲兰\飘花落叶言子楪世苏兰哲.smali	15414	0514161d0022000316	valueName
smali_classes2\飘花落叶言楪世子苏哲兰\飘花落叶言子楪世苏兰哲.smali	15420	0514161d003c13010310081c1c	valueProperty
smali_classes2\飘花落叶言楪世子苏哲兰\飘花落叶言子楪世苏兰哲.smali	15426	1407151d153314071d559ffae94c141d1607251d0c02418acbf892ebd889f1e295e2cc8cddd686c7c9	group_uin 和 user_uin 不能同时为空
smali_classes2\飘花落叶言楪世子苏哲兰\飘花落叶言子楪世苏兰哲.smali	15432	01101b0c3a0a0802162a0e0d1d18	read_file_text
smali_classes2\飘花落叶言楪世子苏哲兰\飘花落叶言子楪世苏兰哲.smali	15438	9bdac18deafa87f8f493e6c483fae68ac8c3	读取文本文件
smali_classes2\飘花落叶言楪世子苏哲兰\飘花落叶言子楪世苏兰哲.smali	15444	9bdac18deafa87e2f490d4f283fae688efd99cfee288dad896f3ff8dcbd5	读取指定文本文件内容
smali_classes2\飘花落叶言楪世子苏哲兰\飘花落叶言子楪世苏兰哲.smali	15450	95e3fd8cdeda89d9dc90c4ec	文件路径
smali_classes2\飘花落叶言楪世子苏哲兰\飘花落叶言子楪世苏兰哲.smali	15456	0407131c0033150b0b01251c0a3307071f10	write_text_to_file
smali_classes2\飘花落叶言楪世子苏哲兰\飘花落叶言子楪世苏兰哲.smali	15462	9bd3fc8ffefa84e8ea90ffcd83fae688efd99cfee288dad8	覆盖写入文本文件
smali_classes2\飘花落叶言楪世子苏哲兰\飘花落叶言子楪世苏兰哲.smali	15468	96f3e38de0c984e8f690d4d1	写入内容
smali_classes2\飘花落叶言楪世子苏哲兰\飘花落叶言子楪世苏兰哲.smali	15474	0407131c0033150b0b012509151c0400172a0e073a0a080216	write_text_append_to_file
smali_classes2\飘花落叶言楪世子苏哲兰\飘花落叶言子楪世苏兰哲.smali	15480	9bcac78defcc84e8ea90ffcd83fae688efd99cfee288dad8	追加写入文本文件
smali_classes2\飘花落叶言楪世子苏哲兰\飘花落叶言子楪世苏兰哲.smali	15486	96e5eb8ef3eb87f2df93ecef81d7d786ccc89fe2c589e7eb96dbc3	向文本文件追加内容
smali_classes2\飘花落叶言楪世子苏哲兰\飘花落叶言子楪世苏兰哲.smali	15492	01101b0c3a0a0802162a1811110912	read_file_bytes
smali_classes2\飘花落叶言楪世子苏哲兰\飘花落叶言子楪世苏兰哲.smali	15498	9bdac18deafa85d4ff9dc5f380e4d788e5f29ed3d3	读取二进制文件
smali_classes2\飘花落叶言楪世子苏哲兰\飘花落叶言子楪世苏兰哲.smali	15504	9bdac18deafa85d4ff9dc5f380e4d788e5f29ed3d389d8d89bcaee8dfef2412c12061f5e514c84c3e492d6ce81d4d3	读取二进制文件并返回 Base64 字符串
smali_classes2\飘花落叶言楪世子苏哲兰\飘花落叶言子楪世苏兰哲.smali	15510	0407131c003303170710093711033e081a191f	write_bytes_to_file
smali_classes2\飘花落叶言楪世子苏哲兰\飘花落叶言子楪世苏兰哲.smali	15516	96f3e38de0c985d4ff9dc5f380e4d788e5f29ed3d3	写入二进制文件
smali_classes2\飘花落叶言楪世子苏哲兰\飘花落叶言子楪世苏兰哲.smali	15522	96c5fc48270d120b45415a8de3e984c0ca90fcf180e9c48ac9f992d7fe89e9d895e3fd8cdeda	将 Base64 内容写入二进制文件
smali_classes2\飘花落叶言楪世子苏哲兰\飘花落叶言子楪世苏兰哲.smali	15528	110c0e0d1633030f00104c5c	bytes_base64
smali_classes2\飘花落叶言楪世子苏哲兰\飘花落叶言子楪世苏兰哲.smali	15534	3114090d53584189cfe39dc8e489f1e094effe8ef3eb85d5c590fced80c2d8	Base64 编码后的文件内容
smali_classes2\飘花落叶言楪世子苏哲兰\飘花落叶言子楪世苏兰哲.smali	15540	00161b063a050c0f1410251c001415	scan_image_text
smali_classes2\飘花落叶言楪世子苏哲兰\飘花落叶言子楪世苏兰哲.smali	15546	96eec48feceb412130275a8ef3eb87f2df9dd5ee80e4ca	图片 OCR 文本识别
smali_classes2\飘花落叶言楪世子苏哲兰\飘花落叶言子楪世苏兰哲.smali	15552	9bdafc8dedc784f5cd92f3ef81d4cc89e9f19cfee28afdc296f3ff8dcbd5	识别图片中的文本内容
smali_classes2\飘花落叶言楪世子苏哲兰\飘花落叶言子楪世苏兰哲.smali	15558	96eec48feceb89d9dc90c4ec	图片路径
smali_classes2\飘花落叶言楪世子苏哲兰\飘花落叶言子楪世苏兰哲.smali	15564	00161b063a050c0f1410251c0014153117100e090c00	scan_image_text_detail
smali_classes2\飘花落叶言楪世子苏哲兰\飘花落叶言子楪世苏兰哲.smali	15570	96eec48feceb412130275a80caca86d5f59dd5ee80e4ca	图片 OCR 详细识别
smali_classes2\飘花落叶言楪世子苏哲兰\飘花落叶言子楪世苏兰哲.smali	15576	9bdafc8dedc784f5cd92f3ef81d4cc89e9f192c7c38bdae895e3fd8ef9c086d5e093e4ec	识别图片中的详细文本结构
smali_classes2\飘花落叶言楪世子苏哲兰\飘花落叶言子楪世苏兰哲.smali	15582	14100e370b0916311507130d0b083e071d1315	get_new_friend_info
smali_classes2\飘花落叶言楪世子苏哲兰\飘花落叶言子楪世苏兰哲.smali	15588	9bfbcd8deafa84e3e691c2c280c9dc8bfcfe9ed7c48ae0c15b93ecd883e2c48bfcd653	获取单个好友信息(新接口)
smali_classes2\飘花落叶言楪世子苏哲兰\飘花落叶言子楪世苏兰哲.smali	15594	9bdac18deafa84e3e691c2c280c9dc8bfcfe9df2e184cec894cefc8cdacd87efdc	读取单个好友的详细信息
smali_classes2\飘花落叶言楪世子苏哲兰\飘花落叶言子楪世苏兰哲.smali	15600	96d0c78deae7413f22559fe7d2	好友 QQ 号
smali_classes2\飘花落叶言楪世子苏哲兰\飘花落叶言子楪世苏兰哲.smali	15606	14100e370809121d12121f370905121a	get_message_list
smali_classes2\飘花落叶言楪世子苏哲兰\飘花落叶言子楪世苏兰哲.smali	15612	9bfbcd8deafa87f2df90e6d883dae988f2da9fe0f284c0c6	获取本地消息列表
smali_classes2\飘花落叶言楪世子苏哲兰\飘花落叶言子楪世苏兰哲.smali	15618	9bdac18deafa87f2df90e6d883dae988f2da9fe0f284c0c690f5f88fdbc889eff993edde81d0c14e1407151d153314071d9ac6e482cbe086f2ff9cffd388ddce5300090d173314071d	读取本地消息列表。群聊时传 group_uin，私聊时传 user_uin
smali_classes2\飘花落叶言楪世子苏哲兰\飘花落叶言子楪世苏兰哲.smali	15624	9bcaee8dfef287fbc39cfde78ad0ed87c8ed92c6c14c535e	返回数量，默认 20
smali_classes2\飘花落叶言楪世子苏哲兰\飘花落叶言子楪世苏兰哲.smali	15630	01101b0c23050d0b2710021c4d424f405a	readFileText(...)
smali_classes2\飘花落叶言楪世子苏哲兰\飘花落叶言子楪世苏兰哲.smali	15636	96f3e38de0c987e6e390f0f7	写入成功
smali_classes2\飘花落叶言楪世子苏哲兰\飘花落叶言子楪世苏兰哲.smali	15642	00161b062c01000916211f1011444f405d5c	scanImageText(...)
smali_classes2\飘花落叶言楪世子苏哲兰\飘花落叶言子楪世苏兰哲.smali	15648	12071d1d08090f1a00	arguments
smali_classes2\飘花落叶言楪世子苏哲兰\飘花落叶言子楪世苏兰哲.smali	15654	0714080f00183e1b1a1b	target_uin
smali_classes2\飘花落叶言楪世子苏哲兰\飘花落叶言子楪世苏兰哲.smali	15660	1e10091b040b04311f1c170111	message_limit
smali_classes2\飘花落叶言楪世子苏哲兰\飘花落叶言子楪世苏兰哲.smali	15666	96faf88ef0dc88faea9dd5c75f4c84d3e090f3e581d7e488e7da9ce4e48aede753161209113315170310520e17050400175a1d1a0a191147535e5a1c041e060b072a0f010b4c87f1d69dd5ca83e0e68bddef9ed4ff84cef396fbfc8deade87d8fb93fbc7	参数错误: 当前仅支持按 chat_type(friend/group) + target_uin 查询指定会话历史消息
smali_classes2\飘花落叶言楪世子苏哲兰\飘花落叶言子楪世苏兰哲.smali	15672	97c9e080caf186dfc890e4e38ad0ed8bccf09fc9ce83dde296fad581e5e54108011c1f06014c87e6e5551d1a0a1911	会话类型，必填，可选 friend 或 group
smali_classes2\飘花落叶言楪世子苏哲兰\飘花落叶言子楪世苏兰哲.smali	15678	94eed48ec5eb84cbce90f5e3453d308bfcc2521d0c02484e95fdec8fdbc884e1c49ac6e480d3e48bd2de	目标好友 QQ号(uin) 或群号，必填
smali_classes2\飘花落叶言楪世子苏哲兰\飘花落叶言子楪世苏兰哲.smali	15684	9bcaee8dfef287e2f490d4f281d0fb86dce89df2e18ad7e695f4d58ef0dc88e9fc9ac6e48cd7f986ddd15a5a554087f2f390decf83fbc187eae59fe0d3	返回指定会话的消息数量，默认 20,最大无限制
smali_classes2\飘花落叶言楪世子苏哲兰\飘花落叶言子楪世苏兰哲.smali	15690	14100e370604001a2c19131b11	get_chat_list
smali_classes2\飘花落叶言楪世子苏哲兰\飘花落叶言子楪世苏兰哲.smali	15696	9bfbcd8deafa87e2f490d4f281d0fb86dce892e9ef89c5c79bdbca8dd8f9	获取指定会话聊天记录
smali_classes2\飘花落叶言楪世子苏哲兰\飘花落叶言子楪世苏兰哲.smali	15702	95f9f3480604001a2c010318004c85d6fd550e09170b041a2c0013064589cff095e2cc80cad784e1e593f6ef80c2fb8bd6c89fe7ee4386d0d79dfbe282f6e588eff592d7f48ad7e695f4d587d9e087e0e190c0e781d4db89e7c49cffc289e9de95e3ca	按 chat_type 与 target_uin 实时读取指定好友/群聊的最近消息，排序为由旧到新
smali_classes2\飘花落叶言楪世子苏哲兰\飘花落叶言子楪世苏兰哲.smali	15708	14100e370619131c161b0e37040f0201061b0e370c020701	get_current_account_info
smali_classes2\飘花落叶言楪世子苏哲兰\飘花落叶言子楪世苏兰哲.smali	15714	9bfbcd8deafa84d3e090f3e5343d84fcff93e2dd82cbd1	获取当前QQ和昵称
smali_classes2\飘花落叶言楪世子苏哲兰\飘花落叶言子楪世苏兰哲.smali	15720	9bdac18deafa84d3e090f3e582f5da8bcee092dcc389eed994effe48343d418bfcc29ed0eb8af9db94d2ca	读取当前登录账号的 QQ 号与昵称
smali_classes2\飘花落叶言楪世子苏哲兰\飘花落叶言子楪世苏兰哲.smali	15726	96d0c78deae714071d	好友uin
smali_classes2\飘花落叶言楪世子苏哲兰\飘花落叶言子楪世苏兰哲.smali	15732	97c9e08df4f486c3fa92c0cf	会员等级
smali_classes2\飘花落叶言楪世子苏哲兰\飘花落叶言子楪世苏兰哲.smali	15738	14100e37031e080b1d1125040c1f15	get_friend_list
smali_classes2\飘花落叶言楪世子苏哲兰\飘花落叶言子楪世苏兰哲.smali	15744	9bfbcd8deafa84cbce90f5e380e4f686d2dd	获取好友列表
smali_classes2\飘花落叶言楪世子苏哲兰\飘花落叶言子楪世苏兰哲.smali	15750	9bdac18deafa84d3e090f3e58dd8c78bfcc29df2e189c4d396faf18dedfb89cfdb90c3de8dd3f58be8eb5a40343d84e1c45c0f010b8fe1ef96d1fd8ed6c485d6fd93e2dd82cbd18df3f49cf0ca89f1c895e9f38cd9f684ffeb9ac6e481d0fb8be2ed9dc5ec8bdbc9	读取当前账号的好友列表并返回 (QQ号)uin、备注与昵称、是否有会员，会员等级
smali_classes2\飘花落叶言楪世子苏哲兰\飘花落叶言子楪世苏兰哲.smali	15756	321117010b20081d07	AdminList
smali_classes2\飘花落叶言楪世子苏哲兰\飘花落叶言子楪世苏兰哲.smali	15762	94dbdb8ff5ea84ffeb	管理员
smali_classes2\飘花落叶言楪世子苏哲兰\飘花落叶言子楪世苏兰哲.smali	15768	14100e37021e0e1b032a16011618	get_group_list
smali_classes2\飘花落叶言楪世子苏哲兰\飘花落叶言子楪世苏兰哲.smali	15774	9bfbcd8deafa86d0d79dfbe280e4f686d2dd	获取群聊列表
smali_classes2\飘花落叶言楪世子苏哲兰\飘花落叶言子楪世苏兰哲.smali	15780	9bdac18deafa84d3e090f3e58dd8c78bfcc29df2e18bdfca9bf4f08dedfb89cfdb90c3de8dd3f58be8eb9dd6c189eed990f5fb8fdbc884fefe96fae982d2c58acbce9ed0eb8bcfcf94e5fc8df4f485d1d293fbc7	读取当前账号的群聊列表并返回群号、群名、群主与管理员信息
smali_classes2\飘花落叶言楪世子苏哲兰\飘花落叶言子楪世苏兰哲.smali	15786	14100e37021e0e1b032a13060303	get_group_info
smali_classes2\飘花落叶言楪世子苏哲兰\飘花落叶言子楪世苏兰哲.smali	15792	9bfbcd8deafa86d0d791c5c983edce	获取群信息
smali_classes2\飘花落叶言楪世子苏哲兰\飘花落叶言子楪世苏兰哲.smali	15798	9bdac18deafa87e2f490d4f282d2c589e9f19ff7df8bc0ee97cadb8ee4c3	读取指定群的基础信息
smali_classes2\飘花落叶言楪世子苏哲兰\飘花落叶言子楪世苏兰哲.smali	15804	14100e3708090c0c160725010b0a0e	get_member_info
smali_classes2\飘花落叶言楪世子苏哲兰\飘花落叶言子楪世苏兰哲.smali	15810	9bfbcd8deafa86d0d793f2f880fdf98accd49ce9ca	获取群成员信息
smali_classes2\飘花落叶言楪世子苏哲兰\飘花落叶言子楪世苏兰哲.smali	15816	9bdac18deafa87e2f490d4f282d2c588fbe59ff9fd8bfbea9bdadc8fdeea85d1d293fbc7	读取指定群成员的详细信息
smali_classes2\飘花落叶言楪世子苏哲兰\飘花落叶言子楪世苏兰哲.smali	15822	95fdea8df4f4413f22559fe7d2	成员 QQ 号
smali_classes2\飘花落叶言楪世子苏哲兰\飘花落叶言子楪世苏兰哲.smali	15828	14100e3708090c0c16072506040104	get_member_name
smali_classes2\飘花落叶言楪世子苏哲兰\飘花落叶言子楪世苏兰哲.smali	15834	9bfbcd8deafa86d0d793f2f880fdf98be3f89dcfd5	获取群成员名称
smali_classes2\飘花落叶言楪世子苏哲兰\飘花落叶言子楪世苏兰哲.smali	15840	9bdac18deafa87e2f490d4f282d2c588fbe59ff9fd8bfbea95edc48fc1d684fefe92ddd8	读取指定群成员的显示名称
smali_classes2\飘花落叶言楪世子苏哲兰\飘花落叶言子楪世苏兰哲.smali	15846	14100e37021e0e1b032a170d080e041c2c19131b11	get_group_member_list
smali_classes2\飘花落叶言楪世子苏哲兰\飘花落叶言子楪世苏兰哲.smali	15852	9bfbcd8deafa86d0d793f2f880fdf98bfbe292c9cd	获取群成员列表
smali_classes2\飘花落叶言楪世子苏哲兰\飘花落叶言子楪世苏兰哲.smali	15858	9bdac18deafa87e2f490d4f282d2c589e9f19ce0f589f0f696fded80c4c4	读取指定群的成员列表
smali_classes2\飘花落叶言楪世子苏哲兰\飘花落叶言子楪世苏兰哲.smali	15864	14100e370303130c1a111e0d0b330d070001	get_forbidden_list
smali_classes2\飘花落叶言楪世子苏哲兰\飘花落叶言子楪世苏兰哲.smali	15870	9bfbcd8deafa86d0d792dce98dc4e18bfbe292c9cd	获取群禁言列表
smali_classes2\飘花落叶言楪世子苏哲兰\飘花落叶言子楪世苏兰哲.smali	15876	9bdac18deafa87e2f490d4f282d2c589e9f19dcee484c9ee96fded80c4c4	读取指定群的禁言列表
smali_classes2\飘花落叶言楪世子苏哲兰\飘花落叶言子楪世苏兰哲.smali	15882	00100e371105150216	set_title
smali_classes2\飘花落叶言楪世子苏哲兰\飘花落叶言子楪世苏兰哲.smali	15888	9bdbc48fd8c286d0d793f2f880fdf98bd7c192c9f1	设置群成员头衔
smali_classes2\飘花落叶言楪世子苏哲兰\飘花落叶言子楪世苏兰哲.smali	15894	9bdbc48fd8c287e2f490d4f282d2c588fbe59ff9fd8bfbea96d1ce80c4f8	设置指定群成员的头衔
smali_classes2\飘花落叶言楪世子苏哲兰\飘花落叶言子楪世苏兰哲.smali	15900	94cbde8fc3ed89c6f3	群禁言
smali_classes2\飘花落叶言楪世子苏哲兰\飘花落叶言子楪世苏兰哲.smali	15906	95fcdd80c4e086d0d792dce98dc4e188e0f89ed5f98fe1ec06061f1a3a1908005391c2d282c5db88e4c39cfbe888dcf296f0d28cd8ff86c8f29dd2e8	执行群禁言操作。user_uin 为空时操作全体禁言
smali_classes2\飘花落叶言楪世子苏哲兰\飘花落叶言子楪世苏兰哲.smali	15912	95fdea8df4f4413f22559fe7d283dde296f0d28cd8ff86c8f29dd2e883fbd789e6ec9dc1df	成员 QQ 号，全体禁言时留空
smali_classes2\飘花落叶言楪世子苏哲兰\飘花落叶言子楪世苏兰哲.smali	15918	94d3fb80cdec86c9e193efd88ad0fa8bf6dd9ed5f68bc7ef9bddfa8ef2da85d2d3554b488dcdc989d7cf9fd4e589f1c19cc9f6584584c0c694d1c08de0df88f9de	禁言秒数；全体禁言时传 1 表示开启，0 表示关闭
smali_classes2\飘花落叶言楪世子苏哲兰\飘花落叶言子楪世苏兰哲.smali	15924	9bcdd88de2d686d0d793f2f880fdf9	踢出群成员
smali_classes2\飘花落叶言楪世子苏哲兰\飘花落叶言子楪世苏兰哲.smali	15930	96c5fc8ee9eb84c0e993f2f880fdf989d4ce9fefdf8bdfca9bf4f0	将指定成员移出群聊
smali_classes2\飘花落叶言楪世子苏哲兰\飘花落叶言子楪世苏兰哲.smali	15936	1a06250a090d0205	is_black
smali_classes2\飘花落叶言楪世子苏哲兰\飘花落叶言子楪世苏兰哲.smali	15942	95edd58df5ca87e5fa9cc1f98ad0ed87c8ed92c6c14c070f1f061f	是否拉黑，默认 false
smali_classes2\飘花落叶言楪世子苏哲兰\飘花落叶言子楪世苏兰哲.smali	15948	14100e250001030b013b1b0500444f405d5c	getMemberName(...)
smali_classes2\飘花落叶言楪世子苏哲兰\飘花落叶言子楪世苏兰哲.smali	15954	9bdbc48fd8c287e6e390f0f7	设置成功
smali_classes2\飘花落叶言楪世子苏哲兰\飘花落叶言子楪世苏兰哲.smali	15960	95e6f78cd8f087e6e390f0f7	操作成功
smali_classes2\飘花落叶言楪世子苏哲兰\飘花落叶言子楪世苏兰哲.smali	15966	071a301b0a0249405d5b53	toJson(...)
smali_classes2\飘花落叶言楪世子苏哲兰\飘花落叶言子楪世苏兰哲.smali	15972	5701120116482b1d1c1b	$this$Json
smali_classes2\飘花落叶言楪世子苏哲兰\飘花落叶言子楪世苏兰哲.smali	15978	0010140c3a011209	send_msg
smali_classes2\飘花落叶言楪世子苏哲兰\飘花落叶言子楪世苏兰哲.smali	15984	96faeb81e5ed87f8f493e6c483dae988f2da	发送文本消息
smali_classes2\飘花落叶言楪世子苏哲兰\飘花落叶言子楪世苏兰哲.smali	15990	96faeb81e5ed87f8f493e6c483dae988f2da99e8e78bdfca9bf4f08ef2da84cfd8551d1a0a191131061c1487d9e086c9f29dfbe283fbd78bd2de5a1d16091331061c14	发送文本消息。群聊时填 group_uin，私聊时填 user_uin
smali_classes2\飘花落叶言楪世子苏哲兰\飘花落叶言子楪世苏兰哲.smali	15996	0010140c3a1c080d	send_pic
smali_classes2\飘花落叶言楪世子苏哲兰\飘花落叶言子楪世苏兰哲.smali	16002	96faeb81e5ed84f5cd92f3ef83dae988f2da	发送图片消息
smali_classes2\飘花落叶言楪世子苏哲兰\飘花落叶言子楪世苏兰哲.smali	16008	96faeb81e5ed84f5cd92f3ef83dae988f2da95d4e91c001a1b559ed0df89fad094fcfd80d2c384d0f7	发送图片消息，path 为图片路径
smali_classes2\飘花落叶言楪世子苏哲兰\飘花落叶言子楪世苏兰哲.smali	16014	96eec48feceb87f8f491c1de8ddbce8bcdf1	图片文件路径
smali_classes2\飘花落叶言楪世子苏哲兰\飘花落叶言子楪世苏兰哲.smali	16020	0010140c3a0f001c17	send_card
smali_classes2\飘花落叶言楪世子苏哲兰\飘花落叶言子楪世苏兰哲.smali	16026	96faeb81e5ed84e3d292f3ef83dae988f2da	发送卡片消息
smali_classes2\飘花落叶言楪世子苏哲兰\飘花落叶言子楪世苏兰哲.smali	16032	96faeb81e5ed84e3d292f3ef83dae988f2da95d4e90f001c172a0e0d1d18418acbcf9fe5c48be8e995e3fd8ef9c0	发送卡片消息，card_text 为卡片文本
smali_classes2\飘花落叶言楪世子苏哲兰\飘花落叶言子楪世苏兰哲.smali	16038	1014080c3a18041607	card_text
smali_classes2\飘花落叶言楪世子苏哲兰\飘花落叶言子楪世苏兰哲.smali	16044	96f8db8feceb87f8f493e6c480eae48bddcc	卡片文本内容
smali_classes2\飘花落叶言楪世子苏哲兰\飘花落叶言子楪世苏兰哲.smali	16050	0010140c3a0a080216	send_file
smali_classes2\飘花落叶言楪世子苏哲兰\飘花落叶言子楪世苏兰哲.smali	16056	96faeb81e5ed87f8f491c1de	发送文件
smali_classes2\飘花落叶言楪世子苏哲兰\飘花落叶言子楪世苏兰哲.smali	16062	96faeb81e5ed87f8f491c1de8ad0ed1e1201124881d4db88efd99ff4d58af7e997cecc80d2c384d0f7	发送文件，path 为本地文件路径
smali_classes2\飘花落叶言楪世子苏哲兰\飘花落叶言子楪世苏兰哲.smali	16068	0010140c3a1c0007	send_pai
smali_classes2\飘花落叶言楪世子苏哲兰\飘花落叶言子楪世苏兰哲.smali	16074	96faeb81e5ed87e5fe91c2e883e7ec	发送拍一拍
smali_classes2\飘花落叶言楪世子苏哲兰\飘花落叶言子楪世苏兰哲.smali	16080	96faeb81e5ed87e5fe91c2e883e7ec8df3f79dd6c184e0e495e2cc48021e0e1b032a0f010b4c84d1f690dbc38ad0ed89d4f492e9ef8af6d894e0e38fccd6	发送拍一拍。群聊时 group_uin 必填，私聊时留空
smali_classes2\飘花落叶言楪世子苏哲兰\飘花落叶言子楪世苏兰哲.smali	16086	0010140c3a1c1301071a	send_proto
smali_classes2\飘花落叶言楪世子苏哲兰\飘花落叶言子楪世苏兰哲.smali	16092	96faeb81e5ed413e011a0e074589edeb	发送 Proto 包
smali_classes2\飘花落叶言楪世子苏哲兰\飘花落叶言子楪世苏兰哲.smali	16098	96faeb81e5ed413e011a0e07458af4de95f8d48de9e9	发送 Proto 数据包
smali_classes2\飘花落叶言楪世子苏哲兰\飘花落叶言子楪世苏兰哲.smali	16104	96f8f580cbc284ffce91c1cc80fcec	协议命令名
smali_classes2\飘花落叶言楪世子苏哲兰\飘花落叶言子楪世苏兰哲.smali	16110	190615063a0e0e0a0a	json_body
smali_classes2\飘花落叶言楪世子苏哲兰\飘花落叶言子楪世苏兰哲.smali	16116	350014381703150137140e09458bfbea533f29272b4c84c3e492d6ce81d4d3	FunProtoData 的 JSON 字符串
smali_classes2\飘花落叶言楪世子苏哲兰\飘花落叶言子楪世苏兰哲.smali	16122	0010140c3a1a0e071010	send_voice
smali_classes2\飘花落叶言楪世子苏哲兰\飘花落叶言子楪世苏兰哲.smali	16128	96faeb81e5ed89c1de9ce5db	发送语音
smali_classes2\飘花落叶言楪世子苏哲兰\飘花落叶言子楪世苏兰哲.smali	16134	96faeb81e5ed89c1de9ce5db83dae988f2da95d4e91c001a1b559ed0df84cec39aeac98ef3eb85d5c59dcdc780d2e5	发送语音消息，path 为语音文件路径
smali_classes2\飘花落叶言楪世子苏哲兰\飘花落叶言子楪世苏兰哲.smali	16140	9bdad781fadf87f8f491c1de8ddbce8bcdf1	语音文件路径
smali_classes2\飘花落叶言楪世子苏哲兰\飘花落叶言子楪世苏兰哲.smali	16146	0010140c3a1a080a161a	send_video
smali_classes2\飘花落叶言楪世子苏哲兰\飘花落叶言子楪世苏兰哲.smali	16152	96faeb81e5ed89c9f59cd8f9	发送视频
smali_classes2\飘花落叶言楪世子苏哲兰\飘花落叶言子楪世苏兰哲.smali	16158	96faeb81e5ed89c9f59cd8f983dae988f2da95d4e91c001a1b559ed0df84c6e89ad7eb8ef3eb85d5c59dcdc780d2e5	发送视频消息，path 为视频文件路径
smali_classes2\飘花落叶言楪世子苏哲兰\飘花落叶言子楪世苏兰哲.smali	16164	9bd2fc81c7fd87f8f491c1de8ddbce8bcdf1	视频文件路径
smali_classes2\飘花落叶言楪世子苏哲兰\飘花落叶言子楪世苏兰哲.smali	16170	0010140c3a00080516	send_like
smali_classes2\飘花落叶言楪世子苏哲兰\飘花落叶言子楪世苏兰哲.smali	16176	96faeb81e5ed86ecca9dcff6	发送点赞
smali_classes2\飘花落叶言楪世子苏哲兰\飘花落叶言子楪世苏兰哲.smali	16182	96e5eb8ee9eb84c0e992eec083e4d68bfce493e8e48be3d79bc0e487d9e00201061b0e488cd7f986ddd15a5a55	向指定用户发送点赞，count 默认 20
smali_classes2\飘花落叶言楪世子苏哲兰\飘花落叶言子楪世苏兰哲.smali	16188	94f7c380d0f287c2d293efd88ad0ed87c8ed92c6c14c535e	点赞次数，默认 20
smali_classes2\飘花落叶言楪世子苏哲兰\飘花落叶言子楪世苏兰哲.smali	16194	1014080c3109191a	cardText
smali_classes2\飘花落叶言楪世子苏哲兰\飘花落叶言子楪世苏兰哲.smali	16200	1b010e183a0b041a	http_get
smali_classes2\飘花落叶言楪世子苏哲兰\飘花落叶言子楪世苏兰哲.smali	16206	3b212e38452b243a539dd5df83dde3	HTTP GET 请求
smali_classes2\飘花落叶言楪世子苏哲兰\飘花落叶言子楪世苏兰哲.smali	16212	96faeb80d0db412627212a482229354e9bdacd8ed4ee8ed2ff93eec783e0e08bfcda93e8ec84ced995c4f88dc1d8	发起 HTTP GET 请求，支持可选请求头
smali_classes2\飘花落叶言楪世子苏哲兰\飘花落叶言子楪世苏兰哲.smali	16218	9bdacd8ed4ee84f2c390e7e8	请求地址
smali_classes2\飘花落叶言楪世子苏哲兰\飘花落叶言子楪世苏兰哲.smali	16224	9bdacd8ed4ee84cac79ac6e48cf8cf8bf3c993ebd88aede796d8ed8fc9ca85d6c190deec82fce7	请求头，键值都按字符串处理
smali_classes2\飘花落叶言楪世子苏哲兰\飘花落叶言子楪世苏兰哲.smali	16230	1b010e183a1c0e1d07	http_post
smali_classes2\飘花落叶言楪世子苏哲兰\飘花落叶言子楪世苏兰哲.smali	16236	3b212e38453c2e3d275592c9cd89ecfb9bdacd8ed4ee	HTTP POST 表单请求
smali_classes2\飘花落叶言楪世子苏哲兰\飘花落叶言子楪世苏兰哲.smali	16242	96faeb80d0db412627212a483523323a539ddbc080e1f486dcc29cd9e783dde217140e094589deeb96d4d187d9e0090b12111f1a164c84e1dc9cfae1	发起 HTTP POST 表单请求，data 必填，headers 可选
smali_classes2\飘花落叶言楪世子苏哲兰\飘花落叶言子楪世苏兰哲.smali	16248	9bd4d28de8f987fbc393f7c68ad0ed87e7db9fe8d985e2d395f9f38dc8fb86c2d591c2da80c8e589e3f3	表单数据，键值都按字符串处理
smali_classes2\飘花落叶言楪世子苏哲兰\飘花落叶言子楪世苏兰哲.smali	16254	1b010e183a1c0e1d072a101b0a02	http_post_json
smali_classes2\飘花落叶言楪世子苏哲兰\飘花落叶言子楪世苏兰哲.smali	16260	3b212e38453c2e3d2755303b2a224186dcc29cd9e7	HTTP POST JSON 请求
smali_classes2\飘花落叶言楪世子苏哲兰\飘花落叶言子楪世苏兰哲.smali	16266	96faeb80d0db412627212a483523323a533f29272b4c89c1c493cbea8ad0ed04001a1437070305175390c5ed80cdca81cff9120d0408041c00559fe7ca85e1e7	发起 HTTP POST JSON 请求，json_body 必填，headers 可选
smali_classes2\飘花落叶言楪世子苏哲兰\飘花落叶言子楪世苏兰哲.smali	16272	392635264589ccf994d9dc8cddde	JSON 字符串
smali_classes2\飘花落叶言楪世子苏哲兰\飘花落叶言子楪世苏兰哲.smali	16278	1b010e183a080e191d19150901	http_download
smali_classes2\飘花落叶言楪世子苏哲兰\飘花落叶言子楪世苏兰哲.smali	16284	3b212e384588d9e59bc8c78ef3eb85d5c5	HTTP 下载文件
smali_classes2\飘花落叶言楪世子苏哲兰\飘花落叶言子楪世苏兰哲.smali	16290	97cdf180d8d189d1ef92d2e383fae68ac8c39fe0d58aede996dbe080d2c384d0f7	下载远程文件到指定路径
smali_classes2\飘花落叶言楪世子苏哲兰\飘花落叶言子楪世苏兰哲.smali	16296	97cdf180d8d184f2c390e7e8	下载地址
smali_classes2\飘花落叶言楪世子苏哲兰\飘花落叶言子楪世苏兰哲.smali	16302	97cae78dc8f489d9dc90c4ec	保存路径
smali_classes2\飘花落叶言楪世子苏哲兰\飘花落叶言子楪世苏兰哲.smali	16308	97cdf180d8d184c0ff93f2f85f4c	下载完成: 
smali_classes2\飘花落叶言楪世子苏哲兰\飘花落叶言子楪世苏兰哲.smali	16314	14100e370b0916311507130d0b083e021a060e	get_new_friend_list
smali_classes2\飘花落叶言楪世子苏哲兰\飘花落叶言子楪世苏兰哲.smali	16320	9bfbcd8deafa84cbce90f5e380e4f686d2dd528ef3dc48	获取好友列表(新)
smali_classes2\飘花落叶言楪世子苏哲兰\飘花落叶言子楪世苏兰哲.smali	16326	9bdac18deafa84d3e090f3e58dd8c78bfcc29df2e189c4d396faf18dedfb89cfdb90c3de8dd3f58be8eb5a40343d84e1c45c0f010b8fe1ef96d1fd8ed6c485d6fd93e2dd82cbd18df3f49ce8c289e9c59cc9f68ddcd888d0f7	读取当前账号的好友列表并返回 (QQ号)uin、备注与昵称、性别，年龄
smali_classes2\飘花落叶言楪世子苏哲兰\飘花落叶言子楪世苏兰哲.smali	16332	0714080f001834071d	targetUin
smali_classes2\飘花落叶言楪世子苏哲兰\飘花落叶言子楪世苏兰哲.smali	16338	301a141e001e120f071c15062e091846101d1b1c3115110b4e	ConversationKey(chatType=
smali_classes2\飘花落叶言楪世子苏哲兰\飘花落叶言子楪世苏兰哲.smali	16344	5f550e09170b041a261c1455	, targetUin=
smali_classes2\飘花落叶言楪世子苏哲兰\飘花落叶言子楪世苏兰哲.smali	16350	3e160a25160b320b0103130b00	McpMsgService
smali_classes2\飘花落叶言楪世子苏哲兰\飘花落叶言子楪世苏兰哲.smali	16356	14100e25160b123d0a1b1948030d0802161140480604001a270c0a0d58	getMsgsSync failed: chatType=
smali_classes2\飘花落叶言楪世子苏哲兰\飘花落叶言子楪世苏兰哲.smali	16362	53011b1a0209153b1a1b47	 targetUin=
smali_classes2\飘花落叶言楪世子苏哲兰\飘花落叶言子楪世苏兰哲.smali	16368	53071f1b10001553	 result=
smali_classes2\飘花落叶言楪世子苏哲兰\飘花落叶言子楪世苏兰哲.smali	16374	1d001604450f00001d1a0e480709410d12060e48110341001c1b570610000d4e070c0a0d450008005d0d0a07160905401b1a15034b0600181205161d02050f4023190f0f0c022c0b00061b0f002f00021f171b0b0e2d3127	null cannot be cast to non-null type lin.xposed.hook.javaplugin.PluginMessageCallbackAPI
smali_classes2\飘花落叶言楪世子苏哲兰\飘花落叶言子楪世苏兰哲.smali	16380	1e10091b040b0431101a0f0611	message_count
smali_classes2\飘花落叶言楪世子苏哲兰\飘花落叶言子楪世苏兰哲.smali	16386	1e10091b040b041d	messages
smali_classes2\飘花落叶言楪世子苏哲兰\飘花落叶言子楪世苏兰哲.smali	16392	1e10091b040b0431071c170d	message_time
smali_classes2\飘花落叶言楪世子苏哲兰\飘花落叶言子楪世苏兰哲.smali	16398	1e10091b040b0431070c0a0d	message_type
smali_classes2\飘花落叶言楪世子苏哲兰\飘花落叶言子楪世苏兰哲.smali	16404	0010140c001e3e1b1a1b	sender_uin
smali_classes2\飘花落叶言楪世子苏哲兰\飘花落叶言子楪世苏兰哲.smali	16410	0010140c001e3e001a161106040104	sender_nickname
smali_classes2\飘花落叶言楪世子苏哲兰\飘花落叶言子楪世苏兰哲.smali	16416	151c160d3a02000316	file_name
smali_classes2\飘花落叶言楪世子苏哲兰\飘花落叶言子楪世苏兰哲.smali	16422	151c160d3a191302	file_url
smali_classes2\飘花落叶言楪世子苏哲兰\飘花落叶言子楪世苏兰哲.smali	16428	151c160d3a1f081416	file_size
smali_classes2\飘花落叶言楪世子苏哲兰\飘花落叶言子楪世苏兰哲.smali	16434	1f1a19090933110f071d	local_path
smali_classes2\飘花落叶言楪世子苏哲兰\飘花落叶言子楪世苏兰哲.smali	16440	01100a041c3315012c001306	reply_to_uin
smali_classes2\飘花落叶言楪世子苏哲兰\飘花落叶言子楪世苏兰哲.smali	16446	031c1937101e0d311f1c091c	pic_url_list
smali_classes2\飘花落叶言楪世子苏哲兰\飘花落叶言子楪世苏兰哲.smali	16452	01100a041c330c0b00061b0f00	reply_message
smali_classes2\飘花落叶言楪世子苏哲兰\飘花落叶言子楪世苏兰哲.smali	16458	1507130d0b083e1b1a1b	friend_uin
smali_classes2\飘花落叶言楪世子苏哲兰\飘花落叶言子楪世苏兰哲.smali	16464	96e3cf8df3d984f8c690ebf480fad48be2e99ffed089f0f20d90ecdd80fad48be5c09ffed089f7db96e4e68df4f084ffef0b9ffed089f7db96e3cf8df4f084f8c690ecdd80fdfd8be2e9048df3d984f8c690ecdd80fad48be2e99ff9f989f7db96e4e61680fad48be5c09ffed089f7db96e4e68df3d984ffef90ebf41b89f7db96e3cf8df3d984f8c690ebf480fad48be5c09ffed0	喵喵喵呜喵呜喵呜~喵喵喵喵喵呜呜呜~喵喵喵呜喵喵呜呜~喵喵喵喵呜呜喵呜~喵喵喵喵呜喵呜呜~喵喵喵喵呜喵喵喵
smali_classes2\飘花落叶言楪世子苏哲兰\飘花落叶言子楪世苏兰哲.smali	16470	96e3cf8df3d984f8c690ebf480fad48be2e99ffed089f7db0d90ecdd80fad48be5c09ffed089f7db96e4e68df4f084ffef0b9ffed089f7db96e3cf8df4f084f8c690ebf480fad48be2e9048df3d984f8c690ecdd80fdfd8be2e99ff9f989f7db96e4e61680fad48be5c09ffed089f0f296e3cf8df4f084f8c690ebf4	喵喵喵呜喵呜喵喵~喵喵喵喵喵呜呜呜~喵喵喵呜喵呜喵呜~喵喵喵呜呜呜喵呜~喵喵喵呜喵呜喵呜
smali_classes2\飘花落叶言楪世子苏哲兰\飘花落叶言子楪世苏兰哲.smali	16476	01101e38040f0a0b073c3e	redPacketID
smali_classes2\飘花落叶言楪世子苏哲兰\飘花落叶言子楪世苏兰哲.smali	16482	01101e38040f0a0b07311f1b06	redPacketDesc
smali_classes2\飘花落叶言楪世子苏哲兰\飘花落叶言子楪世苏兰哲.smali	16488	03071f2f170d033a1c1e1f06	preGrabToken
smali_classes2\飘花落叶言楪世子苏哲兰\飘花落叶言子楪世苏兰哲.smali	16494	1d100d210b1f150f1d161f404b424f47	newInstance(...)
smali_classes2\飘花落叶言楪世子苏哲兰\飘花落叶言子楪世苏兰哲.smali	16500	1a1b0c070e09270701060e404b424f47	invokeFirst(...)
smali_classes2\飘花落叶言楪世子苏哲兰\飘花落叶言子楪世苏兰哲.smali	16506	0010091b0c030f25160c	sessionKey
smali_classes2\飘花落叶言楪世子苏哲兰\飘花落叶言子楪世苏兰哲.smali	16512	151c140c2600001d005d54464b45	findClass(...)
smali_classes2\飘花落叶言楪世子苏哲兰\飘花落叶言子楪世苏兰哲.smali	16518	1d001604450f00001d1a0e480709410d12060e48110341001c1b570610000d4e070c0a0d450d0f0a011a130c4b0312403100140c0909	null cannot be cast to non-null type android.os.Bundle
smali_classes2\飘花落叶言楪世子苏哲兰\飘花落叶言子楪世苏兰哲.smali	16524	1a1b1c04041804465d5b5441	inflate(...)
smali_classes2\飘花落叶言楪世子苏哲兰\飘花落叶言子楪世苏兰哲.smali	16530	95ffd88fdfce84e2f690f5ea83f9d14695e3ca8ef3dc48	抢红包参数(新新)
smali_classes2\飘花落叶言楪世子苏哲兰\飘花落叶言子楪世苏兰哲.smali	16536	96e3cf8df3d984f8c690ebf480fad48be2e99ff9f989f0f20d90ecdd80fad48be5c09ff9f989f7db96e3cf8df3d984f8c60b9ffed089f7db96e3cf8df4f084f8c690ebf480fdfd8be5c0048df3d984f8c690ecdd80fad48be2e99ffed089f7db96e4e61680fad48be5c09ffed089f0f296e4e68df4f084f8c690ecdd	喵喵喵呜喵呜呜呜~喵喵喵呜喵喵喵喵~喵喵喵呜喵呜呜喵~喵喵喵喵呜喵喵呜~喵喵喵呜呜呜喵喵
smali_classes2\飘花落叶言楪世子苏哲兰\飘花落叶言子楪世苏兰哲.smali	16542	3b1739070b0a0809	HbConfig
smali_classes2\飘花落叶言楪世子苏哲兰\飘花落叶言子楪世苏兰哲.smali	16548	3f3c34373d3c2e3d3631	LIN_XPOSED
smali_classes2\飘花落叶言楪世子苏哲兰\飘花落叶言子楪世苏兰哲.smali	16554	0307150b001f123c16060f0411	processResult
smali_classes2\飘花落叶言楪世子苏哲兰\飘花落叶言子楪世苏兰哲.smali	16560	19140c094b1915071f5b36011618	java.util.List
smali_classes2\飘花落叶言楪世子苏哲兰\飘花落叶言子楪世苏兰哲.smali	16566	181a0e040c024f04051854010b18041c1d1416462109070f06190e2b0a02121a0100191c0a1e2c0f011e1f1a	kotlin.jvm.internal.DefaultConstructorMarker
smali_classes2\飘花落叶言楪世子苏哲兰\飘花落叶言子楪世苏兰哲.smali	16572	97cdf78ef1c387e2f292e0ec343d86e7fb93e6c4	不支持的QQ版本
smali_classes2\飘花落叶言楪世子苏哲兰\飘花落叶言子楪世苏兰哲.smali	16578	06061f404b424f47	use(...)
smali_classes2\飘花落叶言楪世子苏哲兰\飘花落叶言子楪世苏兰哲.smali	16584	34140e0d120d183c16040f0d161822011d13130f4d05123d16160f1a0051	GatewayRequestConfig(isSecure=
smali_classes2\飘花落叶言楪世子苏哲兰\飘花落叶言子楪世苏兰哲.smali	16590	02021b04090915310317250004020502162a0e1a150f3e0b0107151a	qwallet_pb_handle_trpc_error
smali_classes2\飘花落叶言楪世子苏哲兰\飘花落叶言子楪世苏兰哲.smali	16596	22221b040909152607010a45343b00021f100e38073f041c05191f1c	QWalletHttp-QWalletPbServlet
smali_classes2\飘花落叶言楪世子苏哲兰\飘花落叶言子楪世苏兰哲.smali	16602	101a174611090f0d161b0e46080303071f100b194b1a001d5d141e1e4b1d1b011d1054040a0b080d5d34160a1001330b101a17050002052f170339070b1813011f191f1a	com.tencent.mobileqq.vas.adv.qzone.logic.AlbumRecommendAdvController
smali_classes2\飘花落叶言楪世子苏哲兰\飘花落叶言子楪世苏兰哲.smali	16608	101a174611090f0d161b0e46080303071f100b194b1a001d5d141e1e4b0f0e031e1a1446010d150f5d34161d082e001d1a163e09110d	com.tencent.mobileqq.vas.adv.common.data.AlumBasicData
smali_classes2\飘花落叶言楪世子苏哲兰\飘花落叶言子楪世苏兰哲.smali	16614	1a1b131c2402053c161b1e0d1728001a12	initAndRenderData
smali_classes2\飘花落叶言楪世子苏哲兰\飘花落叶言子楪世苏兰哲.smali	16620	101a174614160e00165b0a1a0a14184015101f0c06030c1e1c1b1f0611420c011710164602081540222f1506002d052816101e2c0418002b0b01311c	com.qzone.proxy.feedcomponent.model.gdt.QZoneAdFeedDataExtKt
smali_classes2\飘花落叶言楪世子苏哲兰\飘花落叶言子楪世苏兰哲.smali	16626	101a174614160e00165b0a1a0a14184015101f0c06030c1e1c1b1f0611420c0117101646271912071d10091b2309040a37140e09	com.qzone.proxy.feedcomponent.model.BusinessFeedData
smali_classes2\飘花落叶言楪世子苏哲兰\飘花落叶言子楪世苏兰哲.smali	16632	1a0629000a1b080014271f0b0a010c0b1d113b0c	isShowingRecommendAd
smali_classes2\飘花落叶言楪世子苏哲兰\飘花落叶言子楪世苏兰哲.smali	16638	12110c01080d060b260716	advimageUrl
smali_classes2\飘花落叶言楪世子苏哲兰\飘花落叶言子楪世苏兰哲.smali	16644	051c1e0d0a391302	videoUrl
smali_classes2\飘花落叶言楪世子苏哲兰\飘花落叶言子楪世苏兰哲.smali	16650	051c1e0d0a3e041e1c070e3d1700	videoReportUrl
smali_classes2\飘花落叶言楪世子苏哲兰\飘花落叶言子楪世苏兰哲.smali	16656	1d101d091105170b35101f0c070d0205260716	negativeFeedbackUrl
smali_classes2\飘花落叶言楪世子苏哲兰\飘花落叶言子楪世苏兰哲.smali	16662	1019130b0e391302	clickUrl
smali_classes2\飘花落叶言楪世子苏哲兰\飘花落叶言子楪世苏兰哲.smali	16668	12110c240a0b0e3b0119	advLogoUrl
smali_classes2\飘花落叶言楪世子苏哲兰\飘花落叶言子楪世苏兰哲.smali	16674	101a174614160e00165b080d070313005d131f0d011c13015d1c0e0d081a080b045b1b0c4b3d3b011d103b0c270d120b3e101e01042a040b172508072c180403251c1f1f	com.qzone.reborn.feedpro.itemview.ad.QZoneAdBaseMediaFeedProItemView
smali_classes2\飘花落叶言楪世子苏哲兰\飘花落叶言子楪世苏兰哲.smali	16680	101a174614160e00165b080d070313005d131f0d01144f070710171e0c091640121154393f030f0b321138091609270b1611331c000137071602	com.qzone.reborn.feedx.itemview.ad.QZoneAdBaseFeedItemView
smali_classes2\飘花落叶言楪世子苏哲兰\飘花落叶言子楪世苏兰哲.smali	16686	101a174614160e00165b080d070313005d131f0d011c13015d1c0e0d081a080b045b2b120a02042816101e381703260b1d100809092e08093014080c2c180403251c1f1f	com.qzone.reborn.feedpro.itemview.QzoneFeedProGeneralBigCardItemView
smali_classes2\飘花落叶言楪世子苏哲兰\飘花落叶言子楪世苏兰哲.smali	16692	101a174614160e00165b080d070313005d131f0d011c13015d1c0e0d081a080b045b2b320a02042f17331f0d013c1301351a081f041e05231a0d2a01063a080a161a331c000137071602	com.qzone.reborn.feedpro.itemview.QZoneAdFeedProForwardMixPicVideoItemView
smali_classes2\飘花落叶言楪世子苏哲兰\飘花落叶言子楪世苏兰哲.smali	16698	101a174614160e00165b080d070313005d131f0d011c13015d02130c02091540101a170500021540222f1506002a040b172508072109150f1a19380711180e03321138040a0f0a381a100d	com.qzone.reborn.feedpro.widget.comment.QZoneFeedProDetailBottomAdBlockView
smali_classes2\飘花落叶言楪世子苏哲兰\飘花落叶言子楪世苏兰哲.smali	16704	101a174614160e00165b080d070313005d131f0d01144f070710171e0c091640121154393f030f0b3211280d120d130a35101f0c2c180403251c1f1f	com.qzone.reborn.feedx.itemview.ad.QZoneAdRewardFeedItemView
smali_classes2\飘花落叶言楪世子苏哲兰\飘花落叶言子楪世苏兰哲.smali	16710	94f7c38de2d784d4e693dae780e6c988f3f42e09078af6d894eece8eebc987f6cd92ded282c5db87e4c19fe2cd8ae1ef	点击底栏动态Tab时直接显示空间动态
smali_classes2\飘花落叶言楪世子苏哲兰\飘花落叶言子楪世苏兰哲.smali	16716	101a174611090f0d161b0e4614160e00161d0f0a4b0d11075d1c1718094230341c1b1f291505311c1c0d0321081c0d	com.tencent.qzonehub.api.impl.QZoneApiProxyImpl
smali_classes2\飘花落叶言楪世子苏哲兰\飘花落叶言子楪世苏兰哲.smali	16722	1d101f0c36040e19220f1506002a130f1e10	needShowQzoneFrame
smali_classes2\飘花落叶言楪世子苏哲兰\飘花落叶言子楪世苏兰哲.smali	16728	1000081a0002153d16191f0b11050e00	currentSelection
smali_classes2\飘花落叶言楪世子苏哲兰\飘花落叶言子楪世苏兰哲.smali	16734	96fde18dded689cfdb93f9ed83fae68ac8c39fccdc8ae9fe96ffe5	创建表情文件夹成功
smali_classes2\飘花落叶言楪世子苏哲兰\飘花落叶言子楪世苏兰哲.smali	16740	0001130b0e09132a1a0734090809	stickerDirName
smali_classes2\飘花落叶言楪世子苏哲兰\飘花落叶言子楪世苏兰哲.smali	16746	101a140e0c0b4f04001a14	config.json
smali_classes2\飘花落叶言楪世子苏哲兰\飘花落叶言子楪世苏兰哲.smali	16752	0001130b0e09133e120112	stickerPath
smali_classes2\飘花落叶言楪世子苏哲兰\飘花落叶言子楪世苏兰哲.smali	16758	0110190d0b18341d1611291c0c0f0a0b0106	recentUsedStickers
smali_classes2\飘花落叶言楪世子苏哲兰\飘花落叶言子楪世苏兰哲.smali	16764	17101c091000153812190f0d	defaultValue
smali_classes2\飘花落叶言楪世子苏哲兰\飘花落叶言子楪世苏兰哲.smali	16770	9bd4d28ee6e988f3d193e7d7	表情面板
smali_classes2\飘花落叶言楪世子苏哲兰\飘花落叶言子楪世苏兰哲.smali	16776	1c050e3b111e0800145d54464b45	optString(...)
smali_classes2\飘花落叶言楪世子苏哲兰\飘花落叶言子楪世苏兰哲.smali	16782	2001130b0e09132a1a0739070b0a08095b1b1b050051	StickerDirConfig(name=
smali_classes2\飘花落叶言楪世子苏哲兰\飘花落叶言子楪世苏兰哲.smali	16788	5f551b1d11040e1c4e	, author=
smali_classes2\飘花落叶言楪世子苏哲兰\飘花落叶言子楪世苏兰哲.smali	16794	5f55190713091353	, cover=
smali_classes2\飘花落叶言楪世子苏哲兰\飘花落叶言子楪世苏兰哲.smali	16800	2001130b0e0913271d131540150d15064e	StickerInfo(path=
smali_classes2\飘花落叶言楪世子苏哲兰\飘花落叶言子楪世苏兰哲.smali	16806	9bd4d28ee6e988f3d193e7d7465e8ed2ff9ddbc083efe48ac8d09cfee288dad896d1c38fdee885d1ee90d7f080f0c9	表情面板#2，表情以文件夹组保存在
smali_classes2\飘花落叶言楪世子苏哲兰\飘花落叶言子楪世苏兰哲.smali	16812	95ceeb8fcdd14f1e1d12	滑稽.png
smali_classes2\飘花落叶言楪世子苏哲兰\飘花落叶言子楪世苏兰哲.smali	16818	95efed81defd87d5e292d2d54b1b040c03	暗黑滑稽.webp
smali_classes2\飘花落叶言楪世子苏哲兰\飘花落叶言子楪世苏兰哲.smali	16824	2001130b0e09133e121b1f042c020b0b10014048350d0f0b1f3c19070b2008001614082404150e1b0755170d11040e0a531b151c450a0e1b1d11	StickerPanelInject: PanelIconLinearLayout method not found
smali_classes2\飘花落叶言楪世子苏哲兰\飘花落叶言子楪世苏兰哲.smali	16830	151c081b11231320061916404b424f47	firstOrNull(...)
smali_classes2\飘花落叶言楪世子苏哲兰\飘花落叶言子楪世苏兰哲.smali	16836	9bf2d08dcbf685d7fa9ddbc083efe487eed79cf5da	自定义表情面板
smali_classes2\飘花落叶言楪世子苏哲兰\飘花落叶言子楪世苏兰哲.smali	16842	1d001604450f00001d1a0e480709410d12060e48110341001c1b570610000d4e070c0a0d450d0f0a011a130c4b1b080a14100e4629050f0b120736091c03141a5d391b110a19153e12071b0516	null cannot be cast to non-null type android.widget.LinearLayout.LayoutParams
smali_classes2\飘花落叶言楪世子苏哲兰\飘花落叶言子楪世苏兰哲.smali	16848	14100e2e0c1e121a351c1f0401444f405d5c	getFirstField(...)
smali_classes2\飘花落叶言楪世子苏哲兰\飘花落叶言子楪世苏兰哲.smali	16854	14100e25160b330b101a080c2808543b0119370915444f405d5c	getMsgRecordMd5UrlMap(...)
smali_classes2\飘花落叶言楪世子苏哲兰\飘花落叶言子楪世苏兰哲.smali	16860	2130392d2b383e3b20343d2d	RECENT_USAGE
smali_classes2\飘花落叶言楪世子苏哲兰\飘花落叶言子楪世苏兰哲.smali	16866	0110190d0b183e1b00141d0d	recent_usage
smali_classes2\飘花落叶言楪世子苏哲兰\飘花落叶言子楪世苏兰哲.smali	16872	95e9fa80dafd85d3cc92eec0	最近使用
smali_classes2\飘花落叶言楪世子苏哲兰\飘花落叶言子楪世苏兰哲.smali	16878	3d34372d3a2d322d	NAME_ASC
smali_classes2\飘花落叶言楪世子苏哲兰\飘花落叶言子楪世苏兰哲.smali	16884	1d14170d3a0d120d	name_asc
smali_classes2\飘花落叶言楪世子苏哲兰\飘花落叶言子楪世苏兰哲.smali	16890	95e3fd8cdeda84fefe553b8ae3fe3b	文件名 A→Z
smali_classes2\飘花落叶言楪世子苏哲兰\飘花落叶言子楪世苏兰哲.smali	16896	3d34372d3a28243d30	NAME_DESC
smali_classes2\飘花落叶言楪世子苏哲兰\飘花落叶言子楪世苏兰哲.smali	16902	1d14170d3a08041d10	name_desc
smali_classes2\飘花落叶言楪世子苏哲兰\飘花落叶言子楪世苏兰哲.smali	16908	95e3fd8cdeda84fefe55208ae3fe20	文件名 Z→A
smali_classes2\飘花落叶言楪世子苏哲兰\飘花落叶言子楪世苏兰哲.smali	16914	273c372d3a2d322d	TIME_ASC
smali_classes2\飘花落叶言楪世子苏哲兰\飘花落叶言子楪世苏兰哲.smali	16920	071c170d3a0d120d	time_asc
smali_classes2\飘花落叶言楪世子苏哲兰\飘花落叶言子楪世苏兰哲.smali	16926	97cad48ef1d587f9c59ceddc458af6c991f3e88ef3dc	修改时间 旧→新
smali_classes2\飘花落叶言楪世子苏哲兰\飘花落叶言子楪世苏兰哲.smali	16932	273c372d3a28243d30	TIME_DESC
smali_classes2\飘花落叶言楪世子苏哲兰\飘花落叶言子楪世苏兰哲.smali	16938	071c170d3a08041d10	time_desc
smali_classes2\飘花落叶言楪世子苏哲兰\飘花落叶言子楪世苏兰哲.smali	16944	97cad48ef1d587f9c59ceddc458af7de91f3e88ef2cb	修改时间 新→旧
smali_classes2\飘花落叶言楪世子苏哲兰\飘花落叶言子楪世苏兰哲.smali	16950	171c083b0a1e15231c111f	dirSortMode
smali_classes2\飘花落叶言楪世子苏哲兰\飘花落叶言子楪世苏兰哲.smali	16956	151c160d3603131a3e1a1e0d	fileSortMode
smali_classes2\飘花落叶言楪世子苏哲兰\飘花落叶言子楪世苏兰哲.smali	16962	18101f182a1c040032130e0d173f040017	keepOpenAfterSend
smali_classes2\飘花落叶言楪世子苏哲兰\飘花落叶言子楪世苏兰哲.smali	16968	371c083e0c1f140f1f260e09110949081a19162b0a000e1c4e	DirVisualState(fillColor=
smali_classes2\飘花落叶言楪世子苏哲兰\飘花落叶言子楪世苏兰哲.smali	16974	5f55091c17030a0b301a16071751	, strokeColor=
smali_classes2\飘花落叶言楪世子苏哲兰\飘花落叶言子楪世苏兰哲.smali	16980	5f550e0d1d1822011f1a0855	, textColor=
smali_classes2\飘花落叶言楪世子苏哲兰\飘花落叶言子楪世苏兰哲.smali	16986	5f55090b04000453	, scale=
smali_classes2\飘花落叶言楪世子苏哲兰\飘花落叶言子楪世苏兰哲.smali	16992	5f551b0415040053	, alpha=
smali_classes2\飘花落叶言楪世子苏哲兰\飘花落叶言子楪世苏兰哲.smali	16998	5f551f04001a001a1a1a1455	, elevation=
smali_classes2\飘花落叶言楪世子苏哲兰\飘花落叶言子楪世苏兰哲.smali	17004	32160e010a02490f100113070b51	Action(action=
smali_classes2\飘花落叶言楪世子苏哲兰\飘花落叶言子楪世苏兰哲.smali	17010	371c080d06180e1c0a5d140908095c	Directory(name=
smali_classes2\飘花落叶言楪世子苏哲兰\飘花落叶言子楪世苏兰哲.smali	17016	203a283c3a2f2e20353c3d	SORT_CONFIG
smali_classes2\飘花落叶言楪世子苏哲兰\飘花落叶言子楪世苏兰哲.smali	17022	3c3b36212b293e3d273c3923203e	ONLINE_STICKER
smali_classes2\飘花落叶言楪世子苏哲兰\飘花落叶言子楪世苏兰哲.smali	17028	121b1305041808011d	animation
smali_classes2\飘花落叶言楪世子苏哲兰\飘花落叶言子楪世苏兰哲.smali	17034	031403040a0d051d	payloads
smali_classes2\飘花落叶言楪世子苏哲兰\飘花落叶言子楪世苏兰哲.smali	17040	031403040a0d05310010160d061808011d	payload_selection
smali_classes2\飘花落叶言楪世子苏哲兰\飘花落叶言子楪世苏兰哲.smali	17046	121b130504180e1c	animator
smali_classes2\飘花落叶言楪世子苏哲兰\飘花落叶言子楪世苏兰哲.smali	17052	0001130b0e09133d10071504093c0e1d1a0113070b	stickerScrollPosition
smali_classes2\飘花落叶言楪世子苏哲兰\飘花落叶言子楪世苏兰哲.smali	17058	0001130b0e09133d100715040923070800100e	stickerScrollOffset
smali_classes2\飘花落叶言楪世子苏哲兰\飘花落叶言子楪世苏兰哲.smali	17064	171c083b061e0e021f25151b0c1808011d	dirScrollPosition
smali_classes2\飘花落叶言楪世子苏哲兰\飘花落叶言子楪世苏兰哲.smali	17070	171c083b061e0e021f3a1c0e160915	dirScrollOffset
smali_classes2\飘花落叶言楪世子苏哲兰\飘花落叶言子楪世苏兰哲.smali	17076	96faeb81e5ed89cfdb93f9ed80c8d086c7d04048	发送表情失败: 
smali_classes2\飘花落叶言楪世子苏哲兰\飘花落叶言子楪世苏兰哲.smali	17082	1a1b131c0c0d0d2d1c031f1a	initialCover
smali_classes2\飘花落叶言楪世子苏哲兰\飘花落叶言子楪世苏兰哲.smali	17088	1c1b290d0909021a	onSelect
smali_classes2\飘花落叶言楪世子苏哲兰\飘花落叶言子楪世苏兰哲.smali	17094	94eed48dd8f985d6fe90d7f080f0c9	目录不存在
smali_classes2\飘花落叶言楪世子苏哲兰\飘花落叶言子楪世苏兰哲.smali	17100	94c9ec80dbfd89cfdb93f9ed80e0e4	编辑表情包
smali_classes2\飘花落叶言楪世子苏哲兰\飘花落叶言子楪世苏兰哲.smali	17106	101a0c0d172d050f03011f1a	coverAdapter
smali_classes2\飘花落叶言楪世子苏哲兰\飘花落叶言子楪世苏兰哲.smali	17112	96fdda81fcc887f8f491c1de80c8d8	删除文件夹
smali_classes2\飘花落叶言楪世子苏哲兰\飘花落叶言子楪世苏兰哲.smali	17118	94d4d48dcbf689c8f290f2c88cf5c54e51	确定要删除 "
smali_classes2\飘花落叶言楪世子苏哲兰\飘花落叶言子楪世苏兰哲.smali	17124	51559ff8f283ddf19bcae38dd5ea87f9d393c9fd8dd3f98bfdea	" 吗？这将无法还原
smali_classes2\飘花落叶言楪世子苏哲兰\飘花落叶言子楪世苏兰哲.smali	17130	95d5fd8fc8d285d6fe9df9d581d4db89dacf	标签不能为空
smali_classes2\飘花落叶言楪世子苏哲兰\飘花落叶言子楪世苏兰哲.smali	17136	95d5fd8fc8d284d9c190d7f080f0c9	标签已存在
smali_classes2\飘花落叶言楪世子苏哲兰\飘花落叶言子楪世苏兰哲.smali	17142	96e5f78fc2dc85d6fe9df9d581d4db89dacf	名称不能为空
smali_classes2\飘花落叶言楪世子苏哲兰\飘花落叶言子楪世苏兰哲.smali	17148	5393ecef81d7d78bd7cc9fdfd789ccf696e9d2	 文件夹已存在
smali_classes2\飘花落叶言楪世子苏哲兰\飘花落叶言子楪世苏兰哲.smali	17154	9af2f78df4d184fefe90ded98dd8c4	重命名失败
smali_classes2\飘花落叶言楪世子苏哲兰\飘花落叶言子楪世苏兰哲.smali	17160	96e5f78fc2dc85d6fe9df9d581d4db89dacf95d4e98af6ce95c6ef8cdde685d2d3	名称不能为空，无法上传
smali_classes2\飘花落叶言楪世子苏哲兰\飘花落叶言子楪世苏兰哲.smali	17166	96fdda81fcc887e6e390f0f7	删除成功
smali_classes2\飘花落叶言楪世子苏哲兰\飘花落叶言子楪世苏兰哲.smali	17172	1c1b391a000d150b17	onCreated
smali_classes2\飘花落叶言楪世子苏哲兰\飘花落叶言子楪世苏兰哲.smali	17178	96fde18dded687f8c393ecef81d7d78bd7cc	创建新文件夹
smali_classes2\飘花落叶言楪世子苏哲兰\飘花落叶言子楪世苏兰哲.smali	17184	9bcbe98de0c987f8f491c1de80c8d88be3f8	输入文件夹名
smali_classes2\飘花落叶言楪世子苏哲兰\飘花落叶言子楪世苏兰哲.smali	17190	95e3fd8cdeda84caca90eae581d4ec86f0c89ed0df8bc8d4	文件夹名不能为空
smali_classes2\飘花落叶言楪世子苏哲兰\飘花落叶言子楪世苏兰哲.smali	17196	95e3fd8cdeda84caca90cdda80c1f98befdd	文件夹已存在
smali_classes2\飘花落叶言楪世子苏哲兰\飘花落叶言子楪世苏兰哲.smali	17202	96fde18dded687e6e390f0f745	创建成功 
smali_classes2\飘花落叶言楪世子苏哲兰\飘花落叶言子楪世苏兰哲.smali	17208	0001130b0e0913271d1315	stickerInfo
smali_classes2\飘花落叶言楪世子苏哲兰\飘花落叶言子楪世苏兰哲.smali	17214	1c1b3e0d0909150b2000190b001f12	onDeleteSuccess
smali_classes2\飘花落叶言楪世子苏哲兰\飘花落叶言子楪世苏兰哲.smali	17220	96fdda81fcc889cfdb93f9ed	删除表情
smali_classes2\飘花落叶言楪世子苏哲兰\飘花落叶言子楪世苏兰哲.smali	17226	94d4d48dcbf689c8f290f2c88cf5c586dcd092c9cd8ae2eb96e5ed578dd3f88bc3f39cffc58ad2fb9bcae28debf3	确定要删除该表情吗?这将无法还原
smali_classes2\飘花落叶言楪世子苏哲兰\飘花落叶言子楪世苏兰哲.smali	17232	10141900003c001a1b	cachePath
smali_classes2\飘花落叶言楪世子苏哲兰\飘花落叶言子楪世苏兰哲.smali	17238	1e114f3d17002c0f03	md5UrlMap
smali_classes2\飘花落叶言楪世子苏哲兰\飘花落叶言子楪世苏兰哲.smali	17244	97cae78dc8f489cfdb93f9ed	保存表情
smali_classes2\飘花落叶言楪世子苏哲兰\飘花落叶言子楪世苏兰哲.smali	17250	95eff88ef2cc87f8f491c1de80c8d881cff992c7d289e4e696fde18dded6	暂无文件夹，请先创建
smali_classes2\飘花落叶言楪世子苏哲兰\飘花落叶言子楪世苏兰哲.smali	17256	9bdacd81e5e587e5da9dfddb80dcf08acbf59ed0cf88def396d8e28ffec284d3e6	请选择至少一个保存目录
smali_classes2\飘花落叶言楪世子苏哲兰\飘花落叶言子楪世苏兰哲.smali	17262	96eec48feceb89d1eb93c8c980e6c186cec892c7d28bc9e396e5f4	图片还没加载请稍后
smali_classes2\飘花落叶言楪世子苏哲兰\飘花落叶言子楪世苏兰哲.smali	17268	5390c6c880f7df89faf29ed7f889ccf696d1cb80d1c9	 张图片保存失败
smali_classes2\飘花落叶言楪世子苏哲兰\飘花落叶言子楪世苏兰哲.smali	17274	96c2c88cdaf184c3eb90f2d845	已保存到 
smali_classes2\飘花落叶言楪世子苏哲兰\飘花落叶言子楪世苏兰哲.smali	17280	5391c2c283fae68ac8c39fccdc	 个文件夹
smali_classes2\飘花落叶言楪世子苏哲兰\飘花落叶言子楪世苏兰哲.smali	17286	101d1f0b0e2e0e16	checkBox
smali_classes2\飘花落叶言楪世子苏哲兰\飘花落叶言子楪世苏兰哲.smali	17292	301d1f0b0e23111a1a1a144017031653	CheckOption(row=
smali_classes2\飘花落叶言楪世子苏哲兰\飘花落叶言子楪世苏兰哲.smali	17298	5f551900000f0a2c1c0d47	, checkBox=
smali_classes2\飘花落叶言楪世子苏哲兰\飘花落叶言子楪世苏兰哲.smali	17304	1c1b290d11180800140639000402060b17	onSettingsChanged
smali_classes2\飘花落叶言楪世子苏哲兰\飘花落叶言子楪世苏兰哲.smali	17310	9bd4d28ee6e988f3d193e7d78dc2df89cedb	表情面板设置
smali_classes2\飘花落叶言楪世子苏哲兰\飘花落叶言子楪世苏兰哲.smali	17316	95d8d98df9c487e7d893f5e78dcdc988f0f09cfee288dad85d5b54	正在扫描表情文件...
smali_classes2\飘花落叶言楪世子苏哲兰\飘花落叶言子楪世苏兰哲.smali	17322	9bd4d28ee6e986f5dd90c7fd81d4ec8bdeed9ff4cd	表情目录不存在
smali_classes2\飘花落叶言楪世子苏哲兰\飘花落叶言子楪世苏兰哲.smali	17328	95c7db8ef9e587e7cd90f2d88dcdc988f0f09cfee288dad8	没有找到表情文件
smali_classes2\飘花落叶言楪世子苏哲兰\飘花落叶言子楪世苏兰哲.smali	17334	95fcfa8ef9e589cfdb93f9ed83fae68ac8c393ebd889d6dc95e9f38df5e286d2f39ac6e483fbc187eff59cfdd18bf1e8	所有表情文件都已有后缀，无需整理
smali_classes2\飘花落叶言楪世子苏哲兰\飘花落叶言子楪世苏兰哲.smali	17340	95d8d98df9c487fbc792eaee4544	正在整理 (
smali_classes2\飘花落叶言楪世子苏哲兰\飘花落叶言子楪世苏兰哲.smali	17346	95e0ce8ff5ea84c0ff93f2f88ad0e04695c7db8ef9e589e9d990f0c080e9d287e4d89df2e184cef396c5cb81e2e184fedc242b416f	整理完成！(没有自动关闭的话就重启QQ)\n
smali_classes2\飘花落叶言楪世子苏哲兰\飘花落叶言子楪世苏兰哲.smali	17352	96f0cb8dc1e886fef555	共处理 
smali_classes2\飘花落叶言楪世子苏哲兰\飘花落叶言子楪世苏兰哲.smali	17358	5391c2c283fae68ac8c370	 个文件\n
smali_classes2\飘花落叶言楪世子苏哲兰\飘花落叶言子楪世苏兰哲.smali	17364	9cc9f68dc1dd89dad655	，失败 
smali_classes2\飘花落叶言楪世子苏哲兰\飘花落叶言子楪世苏兰哲.smali	17370	94eed48dd8f95b4e	目录: 
smali_classes2\飘花落叶言楪世子苏哲兰\飘花落叶言子楪世苏兰哲.smali	17376	96c9da80c4c487edf65c	张表情)
smali_classes2\飘花落叶言楪世子苏哲兰\飘花落叶言子楪世苏兰哲.smali	17382	94d4d480cbc885d6f991c6c8	确认上传
smali_classes2\飘花落叶言楪世子苏哲兰\飘花落叶言子楪世苏兰哲.smali	17388	94eed48dd8f985d6fe90d7f080f0c981cff99cffc58ad2fb97cdf08cd9cc	目录不存在，无法上传
smali_classes2\飘花落叶言楪世子苏哲兰\飘花落叶言子楪世苏兰哲.smali	17394	94eed48dd8f985d6c992d3d28ad0ed88e4d59cdbf088d9e497c9da	目录为空，无法上传
smali_classes2\飘花落叶言楪世子苏哲兰\飘花落叶言子楪世苏兰哲.smali	17400	97cdf08cd9cc89cfdb93f9ed80e0e4	上传表情包
smali_classes2\飘花落叶言楪世子苏哲兰\飘花落叶言子楪世苏兰哲.smali	17406	94d4d480cbc884def55558	确认将 "
smali_classes2\飘花落叶言楪世子苏哲兰\飘花落叶言子楪世苏兰哲.smali	17412	51559ed0ef88ddce96fdca8df9c486d4cc9ddbc083efe48bc9e695d4fa	" 上传到在线表情库？
smali_classes2\飘花落叶言楪世子苏哲兰\飘花落叶言子楪世苏兰哲.smali	17418	101a174611090f0d161b0e46080303071f100b194b020e1a1a13130b041808011d5b170701190d0f011c000d	com.tencent.mobileqq.notification.modularize
smali_classes2\飘花落叶言楪世子苏哲兰\飘花落叶言子楪世苏兰哲.smali	17424	271c1b0636041421151316010b092c1d14361f06110913	TianShuOfflineMsgCenter
smali_classes2\飘花落叶言楪世子苏哲兰\飘花落叶言子楪世苏兰哲.smali	17430	17101b045514505d4638090f45030f021a1b1f52	deal0x135Msg online:
smali_classes2\飘花落叶言楪世子苏哲兰\飘花落叶言子楪世苏兰哲.smali	17436	1d001604450f00001d1a0e480709410d12060e48110341001c1b570610000d4e070c0a0d45060018125b0f1c0c004f2f01071b112905121a4f1e151c09050f40310c0e0d5b	null cannot be cast to non-null type java.util.ArrayList<kotlin.Byte>
smali_classes2\飘花落叶言楪世子苏哲兰\飘花落叶言子楪世苏兰哲.smali	17442	9aefea80f2e389eff990dec18dd2f28bf6d09cc9e388d9e495e3c38ddac787e3c493dae780ddf489d7cf9df2e18bdfca96cfee8ff1c4	隐藏聊天输入框上方快捷栏展示的群应用
smali_classes2\飘花落叶言楪世子苏哲兰\飘花落叶言子楪世苏兰哲.smali	17448	101a174611090f0d161b0e46080303071f100b194b1813011c05541b0d03131a10000e4604050e	com.tencent.mobileqq.troop.shortcut.aio
smali_classes2\飘花落叶言楪世子苏哲兰\飘花落叶言子楪世苏兰哲.smali	17454	5f1c093b0d0316071d12391d16180e03201d151a110f141a49	,isShowingCustomShortcut:
smali_classes2\飘花落叶言楪世子苏哲兰\飘花落叶言子楪世苏兰哲.smali	17460	101a174611090f0d161b0e46080303071f100b194b0d021a1a03131c1c4200071c5b120d091c041c	com.tencent.mobileqq.activity.aio.helper
smali_classes2\飘花落叶言楪世子苏哲兰\飘花落叶言子楪世苏兰哲.smali	17466	1a0629000a1e150d06013809173a081d1a17160d2a1e26011a1b1d3c0a2e04381a06130a0909411c16010f1a0b4c070f1f061f480303134e323c35210609231c1614113e0c09163d1b1a0d010b0b	isShortcutBarVisibleOrGoingToBeVisible return false for AIOIceBreakViewShowing
smali_classes2\飘花落叶言楪世子苏哲兰\飘花落叶言子楪世苏兰哲.smali	17472	94d2c181fcc886d0d79dfbe28ccdd787f0dd9df2e185c2e09aecd38eeafc88e8e193d2c280d5e4	移除群聊顶部的风险提醒横幅
smali_classes2\飘花落叶言楪世子苏哲兰\飘花落叶言子楪世苏兰哲.smali	17478	101a174611090f0d161b0e46080303071f100b194b1813011c05541c0c1c120c1207	com.tencent.mobileqq.troop.tipsbar
smali_classes2\飘花落叶言楪世子苏哲兰\飘花落叶言子楪世苏兰哲.smali	17484	281115270b2f130b12011f35	[doOnCreate]
smali_classes2\飘花落叶言楪世子苏哲兰\飘花落叶言子楪世苏兰哲.smali	17490	27071507153f040d0607131c1c38081e00371b1a	TroopSecurityTipsBar
smali_classes2\飘花落叶言楪世子苏哲兰\飘花落叶言子楪世苏兰哲.smali	17496	34100e25160b123c16060f041144130b0000161c58	GetMsgsResult(result=
smali_classes2\飘花落叶言楪世子苏哲兰\飘花落叶言子楪世苏兰哲.smali	17502	5f551f1a172112094e	, errMsg=
smali_classes2\飘花落叶言楪世子苏哲兰\飘花落叶言子楪世苏兰哲.smali	17508	9bfbcd8deafa41230012290d171a080d16559fccd484d5cb	获取 MsgService 失败
smali_classes2\飘花落叶言楪世子苏哲兰\飘花落叶言子楪世苏兰哲.smali	17514	14100e25160b122b0b01	getMsgsExt
smali_classes2\飘花落叶言楪世子苏哲兰\飘花落叶言子楪世苏兰哲.smali	17520	101a174611090f0d161b0e46141d0f1a5d1e1f1a0b090d401d140e01130908000710080e040f04403e061d1b370910	com.tencent.qqnt.kernel.nativeinterface.MsgsReq
smali_classes2\飘花落叶言楪世子苏哲兰\飘花落叶言子楪世苏兰哲.smali	17526	101a174611090f0d161b0e46141d0f1a5d1e1f1a0b090d401d140e01130908000710080e040f04403a38090f163e121e3c051f1a0418042d1219160a040f0a	com.tencent.qqnt.kernel.nativeinterface.IMsgsRspOperateCallback
smali_classes2\飘花落叶言楪世子苏哲兰\飘花落叶言子楪世苏兰哲.smali	17532	9bfbcd8deafa87d8fb93fbc780c8d086c7d040488de2d68bfce39dd3f68afff297cdc08fccd6	获取消息失败: 获取结果为空
smali_classes2\飘花落叶言楪世子苏哲兰\飘花落叶言子楪世苏兰哲.smali	17538	14100e24041f150b0001371b021f32171d165a0d171e0e1c4955	getLastestMsgsSync error: 
smali_classes2\飘花落叶言楪世子苏哲兰\飘花落叶言子楪世苏兰哲.smali	17544	9bfbcd8deafa87d8fb93fbc780c8d086c7d04048	获取消息失败: 
smali_classes2\飘花落叶言楪世子苏哲兰\飘花落叶言子楪世苏兰哲.smali	17550	14100e25160b123d0a1b194811050c0b1c000e5245	getMsgsSync timeout: 
smali_classes2\飘花落叶言楪世子苏哲兰\飘花落叶言子楪世苏兰哲.smali	17556	9bfbcd8deafa87d8fb93fbc78ddae488e4c3	获取消息超时
smali_classes2\飘花落叶言楪世子苏哲兰\飘花落叶言子楪世苏兰哲.smali	17562	9bfbcd8deafa87d8fb93fbc780c8d086c7d0404882d7f288ede99ed0df8bc8d4	获取消息失败: 结果为空
smali_classes2\飘花落叶言楪世子苏哲兰\飘花落叶言子楪世苏兰哲.smali	17568	14100e25160b123d0a1b19480c02150b01070f181109055453	getMsgsSync interrupted: 
smali_classes2\飘花落叶言楪世子苏哲兰\飘花落叶言子楪世苏兰哲.smali	17574	9bfbcd8deafa87d8fb93fbc78dceca8acbd89cfec8	获取消息被中断
smali_classes2\飘花落叶言楪世子苏哲兰\飘花落叶言子楪世苏兰哲.smali	17580	14100e25160b124e16070807175641	getMsgs error: 
smali_classes2\飘花落叶言楪世子苏哲兰\飘花落叶言子楪世苏兰哲.smali	17586	14100e23001e0f0b1f38090f360913181a161f48001e1301014f5a	getKernelMsgService error: 
smali_classes2\飘花落叶言楪世子苏哲兰\飘花落叶言子楪世苏兰哲.smali	17592	02001f1a1c23130a1607	queryOrder
smali_classes2\飘花落叶言楪世子苏哲兰\飘花落叶言子楪世苏兰哲.smali	17598	1a1b19041008043d16191c	includeSelf
smali_classes2\飘花落叶言楪世子苏哲兰\飘花落叶言子楪世苏兰哲.smali	17604	1a1b19041008042a16191f1c00211209	includeDeleteMsg
smali_classes2\飘花落叶言楪世子苏哲兰\飘花落叶言子楪世苏兰哲.smali	17610	101a174611090f0d161b0e4607051b402307151c0a3f041c05191f1c	com.tencent.biz.ProtoServlet
smali_classes2\飘花落叶言楪世子苏哲兰\飘花落叶言子楪世苏兰哲.smali	17616	101a174611090f0d161b0e4607051b401e	com.tencent.biz.m
smali_classes2\飘花落叶言楪世子苏哲兰\飘花落叶言子楪世苏兰哲.smali	17622	1d001604450f00001d1a0e480709410d12060e48110341001c1b570610000d4e070c0a0d45070e1a1f1c144627030e02161414	null cannot be cast to non-null type kotlin.Boolean
smali_classes2\飘花落叶言楪世子苏哲兰\飘花落叶言子楪世苏兰哲.smali	17628	071a0a4616191b0616191b064b1d121a1c0703460d030e055d061f1a1305020b5d05080711034f213a31383b3623310514	top.suzhelan.qstory.hook.service.proto.OIDBSSOPkg
smali_classes2\飘花落叶言楪世子苏哲兰\飘花落叶言子楪世苏兰哲.smali	17634	0010081e0c0f043a0a051f	serviceType
smali_classes2\飘花落叶言楪世子苏哲兰\飘花落叶言子楪世苏兰哲.smali	17640	111a1e11071907081607	bodybuffer
smali_classes2\飘花落叶言楪世子苏哲兰\飘花落叶言子楪世苏兰哲.smali	17646	16070807172f0e0a16	errorCode
smali_classes2\飘花落叶言楪世子苏哲兰\飘花落叶言子楪世苏兰哲.smali	17652	1d001604450f00001d1a0e480709410d12060e48110341001c1b570610000d4e070c0a0d45180e1e5d060f120d090d0f1d5b0b1b110313175d1d15070e42120b0103130b0042111c1c0115462a25252c202635380e0b	null cannot be cast to non-null type top.suzhelan.qstory.hook.service.proto.OIDBSSOPkg
smali_classes2\飘花落叶言楪世子苏哲兰\飘花落叶言子楪世苏兰哲.smali	17658	3c3c3e2a363f2e3e1812520b0a010c0f1d1147	OIDBSSOPkg(command=
smali_classes2\飘花落叶言楪世子苏哲兰\飘花落叶言子楪世苏兰哲.smali	17664	5f55090d171a080d162103180051	, serviceType=
smali_classes2\飘花落叶言楪世子苏哲兰\飘花落叶言子楪世苏兰哲.smali	17670	5f55080d16190d1a4e	, result=
smali_classes2\飘花落叶言楪世子苏哲兰\飘花落叶言子楪世苏兰哲.smali	17676	5f5518070115031b15131f1a58	, bodybuffer=
smali_classes2\飘花落叶言楪世子苏哲兰\飘花落叶言子楪世苏兰哲.smali	17682	5f551f1a1703132d1c111f55	, errorCode=
smali_classes2\飘花落叶言楪世子苏哲兰\飘花落叶言子楪世苏兰哲.smali	17688	071a0a4616191b0616191b064b1d121a1c0703460d030e055d061f1a1305020b5d05080711034f3a011a1518370911020a3017070f05	top.suzhelan.qstory.hook.service.proto.TroopReplyEmoji
smali_classes2\飘花落叶言楪世子苏哲兰\飘花落叶言子楪世苏兰哲.smali	17694	27071507153e041e1f0c3f050a06084607071507153908004e	TroopReplyEmoji(troopUin=
smali_classes2\飘花落叶言楪世子苏哲兰\飘花落叶言子楪世苏兰哲.smali	17700	5f551f050a0608271748	, emojiId=
smali_classes2\飘花落叶言楪世子苏哲兰\飘花落叶言子楪世苏兰哲.smali	17706	3c1c1e0a361a023a0105193c061c4f5e0b4c4a50573350	OidbSvcTrpcTcp.0x9082_1
smali_classes2\飘花落叶言楪世子苏哲兰\飘花落叶言子楪世苏兰哲.smali	17712	15100e0b0d3813011c05370d080e041c3f1c091c	fetchTroopMemberList
smali_classes2\飘花落叶言楪世子苏哲兰\飘花落叶言子楪世苏兰哲.smali	17718	27071507152104031110083d11050d1d	TroopMemberUtils
smali_classes2\飘花落叶言楪世子苏哲兰\飘花落叶言子楪世苏兰哲.smali	17724	191a13063a18080316	join_time
smali_classes2\飘花落叶言楪世子苏哲兰\飘花落叶言子楪世苏兰哲.smali	17730	1f14091c3a0d021a1a031f3711050c0b	last_active_time
smali_classes2\飘花落叶言楪世子苏哲兰\飘花落叶言子楪世苏兰哲.smali	17736	1e10170a001e14071d	memberuin
smali_classes2\飘花落叶言楪世子苏哲兰\飘花落叶言子楪世苏兰哲.smali	17742	1d100d3a000d0d2216031f04	newRealLevel
smali_classes2\飘花落叶言楪世子苏哲兰\飘花落叶言子楪世苏兰哲.smali	17748	01101b042909170b1f	realLevel
smali_classes2\飘花落叶言楪世子苏哲兰\飘花落叶言子楪世苏兰哲.smali	17754	1507130d0b080f07101e	friendnick
smali_classes2\飘花落叶言楪世子苏哲兰\飘花落叶言子楪世苏兰哲.smali	17760	101a174611090f0d161b0e46080303071f100b194b08001a125b0e1a0a0311402707150715210403111008260c0f0a271d1315	com.tencent.mobileqq.data.troop.TroopMemberNickInfo
smali_classes2\飘花落叶言楪世子苏哲兰\飘花落叶言子楪世苏兰哲.smali	17766	070715071522080d18	troopNick
smali_classes2\飘花落叶言楪世子苏哲兰\飘花落叶言子楪世苏兰哲.smali	17772	101a16071722080d18	colorNick
smali_classes2\飘花落叶言楪世子苏哲兰\飘花落叶言子楪世苏兰哲.smali	17778	2707150715210403111008260401042d1216120d48	TroopMemberNameCache-
smali_classes2\飘花落叶言楪世子苏哲兰\飘花落叶言子楪世苏兰哲.smali	17784	3e10170a001e2f0f1e10390906040431	MemberNameCache_
smali_classes2\飘花落叶言楪世子苏哲兰\飘花落叶言子楪世苏兰哲.smali	17790	101a174611090f0d161b0e46080303071f100b194b1813011c05540915054f27311c003c17030e1e3e10170a001e2800151a290d171a080d16	com.tencent.mobileqq.troop.api.IBizTroopMemberInfoService
smali_classes2\飘花落叶言楪世子苏哲兰\飘花落叶言子楪世苏兰哲.smali	17796	14100e3c17030e1e3e10170a001e2f07101e34072001111a0a	getTroopMemberNickNoEmpty
smali_classes2\飘花落叶言楪世子苏哲兰\飘花落叶言子楪世苏兰哲.smali	17802	3c1c1e0a361a0240430d420e063353	OidbSvc.0x8fc_2
smali_classes2\飘花落叶言楪世子苏哲兰\飘花落叶言子楪世苏兰哲.smali	17808	071a3811110912465d5b5441	toBytes(...)
smali_classes2\飘花落叶言楪世子苏哲兰\飘花落叶言子楪世苏兰哲.smali	17814	14100e3c0a08001737140e0d4d424f405a	getTodayDate(...)
smali_classes2\飘花落叶言楪世子苏哲兰\飘花落叶言子楪世苏兰哲.smali	17820	23190f0f0c02351c1c1a0a2b040f090b	PluginTroopCache
smali_classes2\飘花落叶言楪世子苏哲兰\飘花落叶言子楪世苏兰哲.smali	17826	1d100d3b0018271c1c18370915444f405d5c	newSetFromMap(...)
smali_classes2\飘花落叶言楪世子苏哲兰\飘花落叶言子楪世苏兰哲.smali	17832	101a174611090f0d161b0e46080303071f100b194b08001a125b0e1a0a03114027071507152104031110082b041e05271d1315	com.tencent.mobileqq.data.troop.TroopMemberCardInfo
smali_classes2\飘花落叶言楪世子苏哲兰\飘花落叶言子楪世苏兰哲.smali	17838	101a174611090f0d161b0e46080303071f100b194b1813011c05540915054f27270715071524000017191f1a2b0d0c0b320513	com.tencent.mobileqq.troop.api.ITroopHandlerNameApi
smali_classes2\飘花落叶言楪世子苏哲兰\飘花落叶言子楪世苏兰哲.smali	17844	14100e3c17030e1e3e10170a001e220f011132090b080d0b013b1b0500	getTroopMemberCardHandlerName
smali_classes2\飘花落叶言楪世子苏哲兰\飘花落叶言子楪世苏兰哲.smali	17850	1b010e1816564e41171a124615190341171b09451419041c0a	https://doh.pub/dns-query
smali_classes2\飘花落叶言楪世子苏哲兰\飘花落叶言子楪世苏兰哲.smali	17856	425b4b5a4b5d53404247	1.12.12.12
smali_classes2\飘花落叶言楪世子苏哲兰\飘花落叶言子楪世苏兰哲.smali	17862	42474a46505f4f5b405b4f5b	120.53.53.53
smali_classes2\飘花落叶言楪世子苏哲兰\飘花落叶言子楪世苏兰哲.smali	17868	1b010e1816564e411019151d010a0d0f0110570c0b1f4f0d1c18550c0b1f4c1f06100811	https://cloudflare-dns.com/dns-query
smali_classes2\飘花落叶言楪世子苏哲兰\飘花落叶言子楪世苏兰哲.smali	17874	1b010e1816564e41171b094602030e091f10550c0b1f4c1f06100811	https://dns.google/dns-query
smali_classes2\飘花落叶言楪世子苏哲兰\飘花落叶言子楪世苏兰哲.smali	17880	1b010e1816564e4102060e0717154f1d060f120d090d0f40071a0a	https://qstory.suzhelan.top
smali_classes2\飘花落叶言楪世子苏哲兰\飘花落叶言子楪世苏兰哲.smali	17886	10071f09110949405d5b53	create(...)
smali_classes2\飘花落叶言楪世子苏哲兰\飘花落叶言子楪世苏兰哲.smali	17892	3d1c19030b0d0c0b	Nickname
smali_classes2\飘花落叶言楪世子苏哲兰\飘花落叶言子楪世苏兰哲.smali	17898	3019130d0b182207070c	ClientCity
smali_classes2\飘花落叶言楪世子苏哲兰\飘花落叶言子楪世苏兰哲.smali	17904	3f1a190911050e00	Location
smali_classes2\飘花落叶言楪世子苏哲兰\飘花落叶言子楪世苏兰哲.smali	17910	101a17050c182800151a	commitInfo
smali_classes2\飘花落叶言楪世子苏哲兰\飘花落叶言子楪世苏兰哲.smali	17916	01101d1d090d13020a	regularly
smali_classes2\飘花落叶言楪世子苏哲兰\飘花落叶言子楪世苏兰哲.smali	17922	1b1a091c0b0d0c0b	hostname
smali_classes2\飘花落叶言楪世子苏哲兰\飘花落叶言子楪世苏兰哲.smali	17928	321916482122324e0307151e0c08041c00551c090c00040a5313151a45	All DNS providers failed for 
smali_classes2\飘花落叶言楪世子苏哲兰\飘花落叶言子楪世苏兰哲.smali	17934	5d5536091618410b0107151a5f4c	. Last error: 
smali_classes2\飘花落叶言楪世子苏哲兰\飘花落叶言子楪世苏兰哲.smali	17940	111a151c1618130f033c0a1b	bootstrapIps
smali_classes2\飘花落叶言楪世子苏哲兰\飘花落叶言子楪世苏兰哲.smali	17946	30474f285d5a532242474026001b2c0f1a1b3b0b11051707070c5403114f081a0606150f	C25@862L12:NewMainActivity.kt#itusog
smali_classes2\飘花落叶言楪世子苏哲兰\飘花落叶言子楪世苏兰哲.smali	17952	071a0a4616191b0616191b064b1d121a1c07034610054f0f1001131e0c181840301a17180a1f000c1f1029010b0b0d0b071a141b412204193e141306240f1507051c0e112e184f021218180c0448505a41474c5f565f565c5d491b060a0218031c00095645442f0b04381b010b2d021a1a03131c1c420a1a49474f41	top.suzhelan.qstory.ui.activity.ComposableSingletons$NewMainActivityKt.lambda$1422673372.<anonymous> (NewMainActivity.kt:25)
smali_classes2\飘花落叶言楪世子苏哲兰\飘花落叶言子楪世苏兰哲.smali	17958	30434d28575b545e3f4743523609151a1a1b1d29061808181a0103460e1842070700090702	C67@2750L29:SettingActivity.kt#itusog
smali_classes2\飘花落叶言楪世子苏哲兰\飘花落叶言子楪世苏兰哲.smali	17964	071a0a4616191b0616191b064b1d121a1c07034610054f0f1001131e0c18184020100e1c0c02062f1001131e0c1818401c1b391a000d150b5d491b060a0218031c0009564544320b07011306022d021a1a03131c1c420a1a49434d41	top.suzhelan.qstory.ui.activity.SettingActivity.onCreate.<anonymous> (SettingActivity.kt:67)
smali_classes2\飘花落叶言楪世子苏哲兰\飘花落叶言子楪世苏兰哲.smali	17970	1c1b290d041e0206371c1b040a0b32061c0214	onSearchDialogShown
smali_classes2\飘花落叶言楪世子苏哲兰\飘花落叶言子楪世苏兰哲.smali	17976	1c1b290d041e0206371c1b040a0b32061c0214404c3a	onSearchDialogShown()V
smali_classes2\飘花落叶言楪世子苏哲兰\飘花落叶言子楪世苏兰哲.smali	17982	1c1b320102040d07141d0e2b0a02121b1e101e	onHighlightConsumed
smali_classes2\飘花落叶言楪世子苏哲兰\飘花落叶言子楪世苏兰哲.smali	17988	1c1b320102040d07141d0e2b0a02121b1e101e404c3a	onHighlightConsumed()V
smali_classes2\飘花落叶言楪世子苏哲兰\飘花落叶言子楪世苏兰哲.smali	17994	1c1b3e011709021a1c07032b09050205	onDirectoryClick
smali_classes2\飘花落叶言楪世子苏哲兰\飘花落叶言子楪世苏兰哲.smali	18000	1c1b3e011709021a1c07032b090502055b3916010b43191e1c061f0c4a040e01185a0c01001b4e03121c14470c180403051c1f1f4a050f081c5a3e011709021a1c07033d0c250f081c4e533e	onDirectoryClick(Llin/xposed/hook/view/main/itemview/info/DirectoryUiInfo;)V
smali_classes2\飘花落叶言楪世子苏哲兰\飘花落叶言子楪世苏兰哲.smali	18006	1c1b3c1d0b0f15071c1b2e07020b0d0b	onFunctionToggle
smali_classes2\飘花落叶言楪世子苏哲兰\飘花落叶言子楪世苏兰哲.smali	18012	1c1b3c1d0b0f15071c1b2e07020b0d0b5b3916010b43191e1c061f0c4a040e01185a0c01001b4e03121c14470c180403051c1f1f4a050f081c5a331c000134073a1b1c075e364838	onFunctionToggle(Llin/xposed/hook/view/main/itemview/info/ItemUiInfo;Z)V
smali_classes2\飘花落叶言楪世子苏哲兰\飘花落叶言子楪世苏兰哲.smali	18018	1c1b3c1d0b0f15071c1b39040c0f0a	onFunctionClick
smali_classes2\飘花落叶言楪世子苏哲兰\飘花落叶言子楪世苏兰哲.smali	18024	1c1b3c1d0b0f15071c1b39040c0f0a463f1913064a14110100101e470d030e055c03130d12430c0f1a1b550111090c181a100d470c0207015c3c0e0d083908271d131553290d0f0a011a130c4a1a080b045a2c01001b5a4725	onFunctionClick(Llin/xposed/hook/view/main/itemview/info/ItemUiInfo;Landroid/view/View;)V
smali_classes2\飘花落叶言楪世子苏哲兰\飘花落叶言子楪世苏兰哲.smali	18030	1c1b351c0d09132d1f1c1903	onOtherClick
smali_classes2\飘花落叶言楪世子苏哲兰\飘花落叶言子楪世苏兰哲.smali	18036	1c1b351c0d09132d1f1c19034d200d071d5a02180a1f040a5c1d15070e4317071602550504050f411a011f05130504195c171b1b00432e1a1b10083e0c091627071017210b0a0e553f14140c1703080a5c03130d124337071602414133	onOtherClick(Llin/xposed/hook/view/main/itemview/base/OtherViewItemInfo;Landroid/view/View;)V
smali_classes2\飘花落叶言楪世子苏哲兰\飘花落叶言子楪世苏兰哲.smali	18042	1c1b290d041e0206371c1b040a0b25070018131b160905	onSearchDialogDismissed
smali_classes2\飘花落叶言楪世子苏哲兰\飘花落叶言子楪世苏兰哲.smali	18048	1c1b290d041e0206371c1b040a0b25070018131b160905465a23	onSearchDialogDismissed()V
smali_classes2\飘花落叶言楪世子苏哲兰\飘花落叶言子楪世苏兰哲.smali	18054	1c1b290d041e02063810031f0a1e052d1b14140f0008	onSearchKeywordChanged
smali_classes2\飘花落叶言楪世子苏哲兰\飘花落叶言子楪世苏兰哲.smali	18060	1c1b290d041e02063810031f0a1e052d1b14140f0008492219140c094a000000145a291c17050f09485c2c	onSearchKeywordChanged(Ljava/lang/String;)V
smali_classes2\飘花落叶言楪世子苏哲兰\飘花落叶言子楪世苏兰哲.smali	18066	1c1b290d041e02063b1c091c0a1e183d16191f0b110905	onSearchHistorySelected
smali_classes2\飘花落叶言楪世子苏哲兰\飘花落叶言子楪世苏兰哲.smali	18072	1c1b290d041e02063b1c091c0a1e183d16191f0b110905463f1f1b1e04430d0f1d12553b111e0800144e533e	onSearchHistorySelected(Ljava/lang/String;)V
smali_classes2\飘花落叶言楪世子苏哲兰\飘花落叶言子楪世苏兰哲.smali	18078	1c1b290d041e02063b1c091c0a1e182d1f101b1a0008	onSearchHistoryCleared
smali_classes2\飘花落叶言楪世子苏哲兰\飘花落叶言子楪世苏兰哲.smali	18084	1c1b290d041e02063b1c091c0a1e182d1f101b1a0008494725	onSearchHistoryCleared()V
smali_classes2\飘花落叶言楪世子苏哲兰\飘花落叶言子楪世苏兰哲.smali	18090	1c1b290d041e02062110091d0918320b1f10191c0008	onSearchResultSelected
smali_classes2\飘花落叶言楪世子苏哲兰\飘花落叶言子楪世苏兰哲.smali	18096	1c1b290d041e02062110091d0918320b1f10191c000849221f1c14471d1c0e1d161155000a030a41051c1f1f4a0100071d5a290d041e02063b101618001e453d1614080b0d3e041d06190e534c3a	onSearchResultSelected(Llin/xposed/hook/view/main/SearchHelper$SearchResult;)V
smali_classes2\飘花落叶言楪世子苏哲兰\飘花落叶言子楪世苏兰哲.smali	18102	305d290d111808001427151d110948205b14191c0c1a081a0a590c01001b2c0117101641545d522e47474d592958535d45594b59562c555c464c365c5758595420100e1c0c02062f1001131e0c181840180159011119120114	C(SettingRoute)N(activity,viewModel)113@4271L4236,113@4259L4248:SettingActivity.kt#itusog
smali_classes2\飘花落叶言楪世子苏哲兰\飘花落叶言子楪世苏兰哲.smali	18108	42444828515e555d3f444b	112@4243L11
smali_classes2\飘花落叶言楪世子苏哲兰\飘花落叶言子楪世苏兰哲.smali	18114	3036521e0c0916231c111f044c2249181a100d250a0804022001151a002316001607560300154d0812160e0717154d0b0b0108091645545833474f5f5620564245423a5a5c5450224546403e0c0916231c111f044b07154d40011009535b	CC(viewModel)N(viewModelStoreOwner,key,factory,extras)56@2573L7,67@2981L63:ViewModel.kt#3tja67
smali_classes2\飘花落叶言楪世子苏哲兰\飘花落叶言子楪世苏兰哲.smali	18120	3d1a5a3e0c0916231c111f0436180e1c163a0d06001e411912065a181703170717101e481305004e3f1a1909093a080b0438150c0000321a1c071f271202041c	No ViewModelStoreOwner was provided via LocalViewModelStoreOwner
smali_classes2\飘花落叶言楪世子苏哲兰\飘花落叶言子楪世苏兰哲.smali	18126	071a0a4616191b0616191b064b1d121a1c07034610054f0f1001131e0c18184020100e1c0c02063c1c000e0d4544320b07011306022d021a1a03131c1c420a1a49444b5b4c	top.suzhelan.qstory.ui.activity.SettingRoute (SettingActivity.kt:113)
smali_classes2\飘花落叶言楪世子苏哲兰\飘花落叶言子楪世苏兰哲.smali	18132	57011201164820001a181b1c000822011d011f0611	$this$AnimatedContent
smali_classes2\飘花落叶言楪世子苏哲兰\飘花落叶言子楪世苏兰哲.smali	18138	303b520c0c1e040d071a081130052800151a53595355215844404924545b5142424248285355545a3f444b5d495d595f3342495d5020525e5f44425a255b555c4539485f495d595d33424e51512053595f44425c255b54584239485e495d595b33424c5a5120535d5f444d5e255b515644394f5f5d56320b07011306022d021a1a03131c1c420a1a501c0e1d160306	CN(directoryUiInfo)169@6753L170,172@6954L115,181@7355L30,182@7426L27,183@7494L27,184@7561L26,185@7624L23,176@7087L578:SettingActivity.kt#itusog
smali_classes2\飘花落叶言楪世子苏哲兰\飘花落叶言子楪世苏兰哲.smali	18144	071a0a4616191b0616191b064b1d121a1c07034610054f0f1001131e0c18184020100e1c0c02063c1c000e0d4b5000001c1b03050a1912505d491b060a0218031c0009564b5000001c1b03050a1912505d491b060a0218031c0009564544320b07011306022d021a1a03131c1c420a1a49444c504c	top.suzhelan.qstory.ui.activity.SettingRoute.<anonymous>.<anonymous>.<anonymous>.<anonymous> (SettingActivity.kt:168)
smali_classes2\飘花落叶言楪世子苏哲兰\飘花落叶言子楪世苏兰哲.smali	18150	3036521a00010403111008415f3f041a071c140f240f1507051c0e114b07154d4a1c1d02021c	CC(remember):SettingActivity.kt#9igjgp
smali_classes2\飘花落叶言楪世子苏哲兰\飘花落叶言子楪世苏兰哲.smali	18156	30444b5c2558525f43394b5e495d50583341495d5220595e5f444b502558545f4539495c495d505733414f5f5320555b5f4448592558575946394e5b495d535f33414c5a5220585f5f44485d2558565c4739495f5d5d5b3d16010e010b0b200d071c0c0111154f050756131c101f0e09	C114@4310L16,116@4357L80,118@4516L34,119@4576L45,121@4675L43,121@4627L91,125@4724L3781:SettingActivity.kt#itusog
smali_classes2\飘花落叶言楪世子苏哲兰\飘花落叶言子楪世苏兰哲.smali	18162	071a0a4616191b0616191b064b1d121a1c07034610054f0f1001131e0c18184020100e1c0c02063c1c000e0d4b5000001c1b03050a191250535d290d111808001434191c0c1a081a0a5b111c5f5d505a5a	top.suzhelan.qstory.ui.activity.SettingRoute.<anonymous> (SettingActivity.kt:114)
smali_classes2\飘花落叶言楪世子苏哲兰\飘花落叶言子楪世苏兰哲.smali	18168	3036522a0a1448205b18150c0c0a080b015919070b1804000734160102020c0b1d0156181703110f14140e0d28050f2d1c1b091c170d08000706560b0a02150b1d01535f542c525a41413659565d5b2c1c0d5403114f531940071c07	CC(Box)N(modifier,contentAlignment,propagateMinConstraints,content)71@3424L131:Box.kt#2w3rfo
smali_classes2\飘花落叶言楪世子苏哲兰\飘花落叶言子楪世苏兰哲.smali	18174	3036522404150e1b075c344006030f1a161b0e4408030507151c1f1a4901040f0000080d35030d07100c5350542c525d4640365a5240595a33464f5a5420555f464f36091c03141a5d1e0e4b5d5c0c1c151d	CC(Layout)N(content,modifier,measurePolicy)81@3355L27,84@3521L415:Layout.kt#80mrfh
smali_classes2\飘花落叶言楪世子苏哲兰\飘花落叶言子楪世苏兰哲.smali	18180	3036523a0019120f11191f2b0a01110100103407010948205b131b0b110313175f000a0c04180442101a141c0002154747444a28545a50564439435226030c1e1c061b0a09091240180159510c0b0b0903	CC(ReusableComposeNode)N(factory,update,content)410@16187L9:Composables.kt#9igjgp
smali_classes2\飘花落叶言楪世子苏哲兰\飘花落叶言子楪世苏兰哲.smali	18186	30424828565857573f4c402a0a144f050756481f561e0701	C72@3469L9:Box.kt#2w3rfo
smali_classes2\飘花落叶言楪世子苏哲兰\飘花落叶言子楪世苏兰哲.smali	18192	3044485f2558595e41394e5b495d535833414d5f5620535f47594b5b562c55574a42365a5355535420100e1c0c02062f1001131e0c181840180159011119120114	C127@4802L43,126@4773L214,133@4997L2692:SettingActivity.kt#itusog
smali_classes2\飘花落叶言楪世子苏哲兰\飘花落叶言子楪世苏兰哲.smali	18198	3036522b0a0014031d5c344008030507151c1f1a491a041c071c1909092d131c121b1d0d08090f1a5f1d151a0c160e0007141629090506001e10141c490f0e000710141c4c54562e47414e5b295a50424b4d3a5c505c582242464e5226030d1b1e1b5403114f531940071c07	CC(Column)N(modifier,verticalArrangement,horizontalAlignment,content)87@4443L61,88@4509L134:Column.kt#2w3rfo
smali_classes2\飘花落叶言楪世子苏哲兰\飘花落叶言子楪世苏兰哲.smali	18204	304d4328515954593f4c402b0a0014031d5b111c465e165d011315	C89@4557L9:Column.kt#2w3rfo
smali_classes2\飘花落叶言楪世子苏哲兰\飘花落叶言子楪世苏兰哲.smali	18210	3044495f255950564b394b5b5c40505a41354f5b535d2d5d43594b5c562c545a4140365a5040505d47354f58505f2d5a42445659505c215b45424f245c54544242434d28535a565b3f444a585140505a45354f5c52542d5c41454b523609151a1a1b1d29061808181a0103460e1842070700090702	C137@5188L139,142@5361L30,143@5425L25,134@5053L411,150@5675L985,167@6675L1004,146@5478L2201:SettingActivity.kt#itusog
smali_classes2\飘花落叶言楪世子苏哲兰\飘花落叶言子楪世苏兰哲.smali	18216	00100e1c0c02063103141d0d3a18130f1d06131c0c030f	setting_page_transition
smali_classes2\飘花落叶言楪世子苏哲兰\飘花落叶言子楪世苏兰哲.smali	18222	424c4f28525555583f464e445455572e4b454b5e295f5242424c4d285d5c595a3f414a445455592e4b444c5a295f5542424c43285d5e525f3f464944575c512e4b464a59295f5242424c4b28525b555d3f434a5d	195@7946L34,196@8016L33,197@8084L40,198@8162L34,199@8231L33,200@8301L33,191@7743L605
smali_classes2\飘花落叶言楪世子苏哲兰\飘花落叶言子楪世苏兰哲.smali	18228	41454c285d5855573f474c44575c542e4b414a5a295456	206@8449L26,205@8402L87
smali_classes2\飘花落叶言楪世子苏哲兰\飘花落叶言子楪世苏兰哲.smali	18234	95edcf8fc2dc5b4e	昵称: 
smali_classes2\飘花落叶言楪世子苏哲兰\飘花落叶言子楪世苏兰哲.smali	18240	10140e0d020313173e140a	categoryMap
smali_classes2\飘花落叶言楪世子苏哲兰\飘花落叶言子楪世苏兰哲.smali	18246	3507130d0b08281a1618520e170504001748	FriendItem(friend=
smali_classes2\飘花落叶言楪世子苏哲兰\飘花落叶言子楪世苏兰哲.smali	18252	3407151d1524040f17100840060d150b141a08112c085c	GroupHeader(categoryId=
smali_classes2\飘花落叶言楪世子苏哲兰\飘花落叶言子楪世苏兰哲.smali	18258	5f55190911090601010c340908095c	, categoryName=
smali_classes2\飘花落叶言楪世子苏哲兰\飘花落叶言子楪世苏兰哲.smali	18264	5f55131b2014110f1d111f0c58	, isExpanded=
smali_classes2\飘花落叶言楪世子苏哲兰\飘花落叶言子楪世苏兰哲.smali	18270	96c2c88df5c386fadb	已启用
smali_classes2\飘花落叶言楪世子苏哲兰\飘花落叶言子楪世苏兰哲.smali	18276	96c2c88de4f086fadb	已停用
smali_classes2\飘花落叶言楪世子苏哲兰\飘花落叶言子楪世苏兰哲.smali	18282	1b010e1816564e41035b0b040a0b0e40101b550f0d43	https://p.qlogo.cn/gh/
smali_classes2\飘花落叶言楪世子苏哲兰\飘花落叶言子楪世苏兰哲.smali	18288	94cbde8deadb5b4e	群号: 
smali_classes2\飘花落叶言楪世子苏哲兰\飘花落叶言子楪世苏兰哲.smali	18294	5355218eedfd84e6e890c1d282f6e589cdd127	  [我创建的群]
smali_classes2\飘花落叶言楪世子苏哲兰\飘花落叶言子楪世苏兰哲.smali	18300	5355218fcbcd86fef590ebf038	  [管理员]
smali_classes2\飘花落叶言楪世子苏哲兰\飘花落叶言子楪世苏兰哲.smali	18306	3407151d1522000316	GroupName
smali_classes2\飘花落叶言楪世子苏哲兰\飘花落叶言子楪世苏兰哲.smali	18312	3407151d15390800	GroupUin
smali_classes2\飘花落叶言楪世子苏哲兰\飘花落叶言子楪世苏兰哲.smali	18318	95fdeb8dedf784d5c992e0ec82d2c5	我创建的群
smali_classes2\飘花落叶言楪世子苏哲兰\飘花落叶言子楪世苏兰哲.smali	18324	95fdeb8fcbcd86fef592e0ec82d2c5	我管理的群
smali_classes2\飘花落叶言楪世子苏哲兰\飘花落叶言子楪世苏兰哲.smali	18330	95fdeb8defcc84ebd692e0ec82d2c5	我加入的群
smali_classes2\飘花落叶言楪世子苏哲兰\飘花落叶言子楪世苏兰哲.smali	18336	270715071525150b1e5d0e1a0a031153	TroopItem(troop=
smali_classes2\飘花落叶言楪世子苏哲兰\飘花落叶言子楪世苏兰哲.smali	18342	5f55131b2a1b0f0b0148	, isOwner=
smali_classes2\飘花落叶言楪世子苏哲兰\飘花落叶言子楪世苏兰哲.smali	18348	303b52011145575f33474c505c20505f49381b010b3f021c161014460e18420017120c1b5c	CN(it)61@2689L11:MainScreen.kt#ndgvs9
smali_classes2\飘花落叶言楪世子苏哲兰\飘花落叶言子楪世苏兰哲.smali	18354	071a0a4616191b0616191b064b1d121a1c07034610054f0d1c180a070b090f1a005b3907081c0e1d1217160d36050f091f100e070b1f4523121c143b061e040b1d3e0e46090d0c0c17145e59545856564b464b5e57425d0f1d1a14110803141d4d55522504050f3d10071f0d0b420a1a49434b41	top.suzhelan.qstory.ui.components.ComposableSingletons$MainScreenKt.lambda$1147883162.<anonymous> (MainScreen.kt:61)
smali_classes2\飘花落叶言楪世子苏哲兰\飘花落叶言子楪世苏兰哲.smali	18360	30434a28575a57583f414e52280d08002016080d00024f050756140c021a1257	C60@2666L44:MainScreen.kt#ndgvs9
smali_classes2\飘花落叶言楪世子苏哲兰\飘花落叶言子楪世苏兰哲.smali	18366	071a0a4616191b0616191b064b1d121a1c07034610054f0d1c180a070b090f1a005b3907081c0e1d1217160d36050f091f100e070b1f4523121c143b061e040b1d3e0e46090d0c0c17145e5e5d54555f414449584b5000001c1b03050a191250535d37090c02320d01101f064b071554454553	top.suzhelan.qstory.ui.components.ComposableSingletons$MainScreenKt.lambda$688412130.<anonymous> (MainScreen.kt:60)
smali_classes2\飘花落叶言楪世子苏哲兰\飘花落叶言子楪世苏兰哲.smali	18372	570112011648081a1618	$this$item
smali_classes2\飘花落叶言楪世子苏哲兰\飘花落叶言子楪世苏兰哲.smali	18378	304d43285658585f3f464b5f5f2100071d26191a00090f4018015906010b171d4a	C89@3491L317:MainScreen.kt#ndgvs9
smali_classes2\飘花落叶言楪世子苏哲兰\飘花落叶言子楪世苏兰哲.smali	18384	071a0a4616191b0616191b064b1d121a1c07034610054f0d1c180a070b090f1a005b3907081c0e1d1217160d36050f091f100e070b1f4523121c143b061e040b1d3e0e46090d0c0c17145e59565b595c42474f5956425d0f1d1a14110803141d4d55522504050f3d10071f0d0b420a1a494d4341	top.suzhelan.qstory.ui.components.ComposableSingletons$MainScreenKt.lambda$1378212513.<anonymous> (MainScreen.kt:89)
smali_classes2\飘花落叶言楪世子苏哲兰\飘花落叶言子楪世苏兰哲.smali	18390	304c4e28565b55563f444b445c59215d444d4a24545c5b23121c143b061e040b1d5b111c46020509050643	C94@3748L11,95@3780L10:MainScreen.kt#ndgvs9
smali_classes2\飘花落叶言楪世子苏哲兰\飘花落叶言子楪世苏兰哲.smali	18396	570112011648220f0111	$this$Card
smali_classes2\飘花落叶言楪世子苏哲兰\飘花落叶言子楪世苏兰哲.smali	18402	30444b592558505d45394b59535e5b23121c143b061e040b1d5b111c46020509050643	C111@4136L1162:MainScreen.kt#ndgvs9
smali_classes2\飘花落叶言楪世子苏哲兰\飘花落叶言子楪世苏兰哲.smali	18408	071a0a4616191b0616191b064b1d121a1c07034610054f0d1c180a070b090f1a005b3907081c0e1d1217160d36050f091f100e070b1f4523121c143b061e040b1d3e0e46090d0c0c17145e45545c54564344425c565e4f52121b15061c010e1b004b5a40280d08002016080d00024f05074f4b595445	top.suzhelan.qstory.ui.components.ComposableSingletons$MainScreenKt.lambda$-1058018432.<anonymous> (MainScreen.kt:111)
smali_classes2\飘花落叶言楪世子苏哲兰\飘花落叶言子楪世苏兰哲.smali	18414	3036523a0a1b48205b18150c0c0a080b0159120717051b011d011b04241e130f1d121f05000215420510081c0c0f00023219130f0b010400075919070b180400075c43512559505c46394f50495d515e33404b505d20505d424f280712420a1a50470d5b170a0e	CC(Row)N(modifier,horizontalArrangement,verticalAlignment,content)99@5125L58,100@5188L131:Row.kt#2w3rfo
smali_classes2\飘花落叶言楪世子苏哲兰\飘花落叶言子楪世苏兰哲.smali	18420	30444a592559535d40394352370316401801595a125f13081c	C101@5233L9:Row.kt#2w3rfo
smali_classes2\飘花落叶言楪世子苏哲兰\飘花落叶言子楪世苏兰哲.smali	18426	30444b502558525647394e50495d50593341495d5720535c4b594b5a562c555b4a46365e5c595b23121c143b061e040b1d5b111c46020509050643	C118@4384L48,117@4352L228,123@4593L695:MainScreen.kt#ndgvs9
smali_classes2\飘花落叶言楪世子苏哲兰\飘花落叶言子楪世苏兰哲.smali	18432	3044485f2558565c46394e59495d535833414c515720505647594b5b542c55564a46365a5c40505d41354e5156552d5f43425659565a215b4343492457554d5f40423a5d545c582242434f52280d08002016080d00024f050756140c021a1257	C127@4725L41,126@4692L184,131@4893L29,132@4939L107,136@5063L29,137@5109L165:MainScreen.kt#ndgvs9
smali_classes2\飘花落叶言楪世子苏哲兰\飘花落叶言子楪世苏兰哲.smali	18438	22245a8deff389edce93facf4534110100101e4883c4c08beee2	QQ 功能性 Xposed 模块
smali_classes2\飘花落叶言楪世子苏哲兰\飘花落叶言子楪世苏兰哲.smali	18444	305d37090c02320d01101f064c59562e41404d59295d555b49381b010b3f021c161014460e18420017120c1b5c	C(MainScreen)57@2571L145:MainScreen.kt#ndgvs9
smali_classes2\飘花落叶言楪世子苏哲兰\飘花落叶言子楪世苏兰哲.smali	18450	071a0a4616191b0616191b064b1d121a1c07034610054f0d1c180a070b090f1a005b37090c02320d01101f0645442c0f1a1b290b170904005d1e0e52505a48	top.suzhelan.qstory.ui.components.MainScreen (MainScreen.kt:56)
smali_classes2\飘花落叶言楪世子苏哲兰\飘花落叶言子楪世苏兰哲.smali	18456	305d32070809310f141008415354215c44424f24575d4d594335485057542d5f4546565f532c525e404336595540565933464a5f5220505d5f424328565d55583f43435a495a582e414d4a59295d515d444f37090c02320d01101f064b07154d1d111d1e1655	C(HomePager)68@2775L21,70@2828L163,76@3036L10,77@3077L13,79@3146L692,69@2801L1037:MainScreen.kt#ndgvs9
smali_classes2\飘花落叶言楪世子苏哲兰\飘花落叶言子楪世苏兰哲.smali	18462	071a0a4616191b0616191b064b1d121a1c07034610054f0d1c180a070b090f1a005b32070809310f141008484d2100071d26191a00090f401801405e5245	top.suzhelan.qstory.ui.components.HomePager (MainScreen.kt:67)
smali_classes2\飘花落叶言楪世子苏哲兰\飘花落叶言子楪世苏兰哲.smali	18468	305d3b0a0a19152d12071e41545c552e404c4b5f295b4d5f434c3a5c55545122404c56595559215d4a474324545f565b49381b010b3f021c161014460e18420017120c1b5c	C(AboutCard)104@3917L7,109@4080L39,105@3929L1375:MainScreen.kt#ndgvs9
smali_classes2\飘花落叶言楪世子苏哲兰\飘花落叶言子楪世苏兰哲.smali	18474	071a0a4616191b0616191b064b1d121a1c07034610054f0d1c180a070b090f1a005b3b0a0a19152d12071e484d2100071d26191a00090f4018014059555f48	top.suzhelan.qstory.ui.components.AboutCard (MainScreen.kt:103)
smali_classes2\飘花落叶言楪世子苏哲兰\飘花落叶言子楪世苏兰哲.smali	18480	30365254020915431000081a000215505a4f3907081c0e1d1a0113070b200e0d12195403114f5807141f1d18	CC(<get-current>):CompositionLocal.kt#9igjgp
smali_classes2\飘花落叶言楪世子苏哲兰\飘花落叶言子楪世苏兰哲.smali	18486	3036521a00010403111008415f2100071d26191a00090f40180159510c0b0b0903	CC(remember):MainScreen.kt#9igjgp
smali_classes2\飘花落叶言楪世子苏哲兰\飘花落叶言子楪世苏兰哲.smali	18492	305d36010b07220f011153595154215b40424e245240505a4a354f5b5d5a2d564446402504050f3d10071f0d0b420a1a501b1e0f131f58	C(LinkCard)148@5374L7,149@5386L873:MainScreen.kt#ndgvs9
smali_classes2\飘花落叶言楪世子苏哲兰\飘花落叶言子楪世苏兰哲.smali	18498	071a0a4616191b0616191b064b1d121a1c07034610054f0d1c180a070b090f1a005b36010b07220f01115a40280d08002016080d00024f05074f4b5c5245	top.suzhelan.qstory.ui.components.LinkCard (MainScreen.kt:147)
smali_classes2\飘花落叶言楪世子苏哲兰\飘花落叶言子楪世苏兰哲.smali	18504	30444f5a2559555845394d505240505b43354f5c555f2d564645402504050f3d10071f0d0b420a1a501b1e0f131f58	C152@5466L787,150@5403L850:MainScreen.kt#ndgvs9
smali_classes2\飘花落叶言楪世子苏哲兰\飘花落叶言子楪世苏兰哲.smali	18510	30424828575456593f414b44525d215c4b414824545f58543e141306360f130b161b5403114f0f0a14030951	C72@2877L41,71@2842L139:MainScreen.kt#ndgvs9
smali_classes2\飘花落叶言楪世子苏哲兰\飘花落叶言子楪世苏兰哲.smali	18516	071a0a4616191b0616191b064b1d121a1c07034610054f0d1c180a070b090f1a005b32070809310f14100846590d0f011d0c1707101f5f4e5b381b010b3f021c161014460e185b59425c	top.suzhelan.qstory.ui.components.HomePager.<anonymous> (MainScreen.kt:71)
smali_classes2\飘花落叶言楪世子苏哲兰\飘花落叶言子楪世苏兰哲.smali	18522	5701120116482d0f090c390709190c00	$this$LazyColumn
smali_classes2\飘花落叶言楪世子苏哲兰\飘花落叶言子楪世苏兰哲.smali	18528	1a1b140d173c000a171c140f	innerPadding
smali_classes2\飘花落叶言楪世子苏哲兰\飘花落叶言子楪世苏兰哲.smali	18534	303b52010b02041c23141e0c0c0206474b423a5b51595522404242445d5c215d42424824535a51543e141306360f130b161b5403114f0f0a14030951	CN(innerPadding)87@3454L378,80@3172L660:MainScreen.kt#ndgvs9
smali_classes2\飘花落叶言楪世子苏哲兰\飘花落叶言子楪世苏兰哲.smali	18540	071a0a4616191b0616191b064b1d121a1c07034610054f0d1c180a070b090f1a005b32070809310f14100846590d0f011d0c1707101f5f4e5b381b010b3f021c161014460e185b56435c	top.suzhelan.qstory.ui.components.HomePager.<anonymous> (MainScreen.kt:80)
smali_classes2\飘花落叶言楪世子苏哲兰\飘花落叶言子楪世苏兰哲.smali	18546	1b010e1816564e41141c0e00100e4f0d1c18553b1016090b1f1414	https://github.com/Suzhelan
smali_classes2\飘花落叶言楪世子苏哲兰\飘花落叶言子楪世苏兰哲.smali	18552	1b010e1816564e4100000000000000005d011518	https://suzhelan.top
smali_classes2\飘花落叶言楪世子苏哲兰\飘花落叶言子楪世苏兰哲.smali	18558	1b010e1816564e41141c0e00100e4f0d1c1855301503120b1758370701190d0b0058280d15034e021a1b54101503120b17	https://github.com/Xposed-Modules-Repo/lin.xposed
smali_classes2\飘花落叶言楪世子苏哲兰\飘花落叶言子楪世苏兰哲.smali	18564	1b010e1816564e4117101f1809154c1c12050e0717415259175b140711050e005d06131c004333011c01575a065c04084210190a00580056434c4951005f580d40104f5b0608535e46474f	https://deeply-raptor-37d.notion.site/Root-2c0ef1ecbe4a80939e39c3e53cd20525
smali_classes2\飘花落叶言楪世子苏哲兰\飘花落叶言子楪世苏兰哲.smali	18570	30444f5d2559545b4739495e495d545d33404e505520505c47594b5d5c2c54584b42365b5340505b44354f5e545b2d5f41455659535f215b4b474b24565e4d5f45443a5d5259512242444d44545a562e464c4f58295e544242434f285054595e3f444a51495d565f33434a5f572053565f444c51255a515e41394b595740505946354c595c5b2d5d41594b5f562c575f41423659545a5b23121c143b061e040b1d5b111c46020509050643	C155@5554L36,153@5480L124,159@5687L36,157@5617L120,163@5821L32,161@5750L117,167@5950L25,165@5880L109,171@6072L28,169@6002L112,175@6197L32,173@6127L116:MainScreen.kt#ndgvs9
smali_classes2\飘花落叶言楪世子苏哲兰\飘花落叶言子楪世苏兰哲.smali	18576	071a0a4616191b0616191b064b1d121a1c07034610054f0d1c180a070b090f1a005b36010b07220f0111545404020e000a18151d16524f52121b15061c010e1b004b5a40280d08002016080d00024f05074f4b5d5645	top.suzhelan.qstory.ui.components.LinkCard.<anonymous>.<anonymous> (MainScreen.kt:153)
smali_classes2\飘花落叶言楪世子苏哲兰\飘花落叶言子楪世苏兰哲.smali	18582	2710160d021e0003	Telegram
smali_classes2\飘花落叶言楪世子苏哲兰\飘花落叶言子楪世苏兰哲.smali	18588	3f262a8cdeff84d4e0	LSP仓库
smali_classes2\飘花落叶言楪世子苏哲兰\飘花落叶言子楪世苏兰哲.smali	18594	97c8c58ff1c487fbea92d2e3	使用教程
smali_classes2\飘花落叶言楪世子苏哲兰\飘花落叶言子楪世苏兰哲.smali	18600	303b52011145535f47354b58535a5922414340240416182a00195403114f555c4b1b1709	CN(it)214@10668L26:LazyDsl.kt#428nma
smali_classes2\飘花落叶言楪世子苏哲兰\飘花落叶言子楪世苏兰哲.smali	18606	121b1e1a0a0505165d1615051503120b5d13151d0b08001a1a1a1446090d1b175d1c0e0d081f28001710020d01425d0f1d1a14110803141d4d5552240416182a001954031156535f475c	androidx.compose.foundation.lazy.itemsIndexed.<anonymous> (LazyDsl.kt:214)
smali_classes2\飘花落叶言楪世子苏哲兰\飘花落叶言子楪世苏兰哲.smali	18612	303b52010b0804165f10141c1715485420100e1c0c0206221a060e2b0a02150b1d015403114f0f0a14030951	CN(index,entry):SettingListContent.kt#ndgvs9
smali_classes2\飘花落叶言楪世子苏哲兰\飘花落叶言子楪世苏兰哲.smali	18618	42474928505d595e3f414c51	123@5180L469
smali_classes2\飘花落叶言楪世子苏哲兰\飘花落叶言子楪世苏兰哲.smali	18624	42414328535d59593f464844545f562e46424a5829595259	149@6187L32,137@5700L537
smali_classes2\飘花落叶言楪世子苏哲兰\飘花落叶言子楪世苏兰哲.smali	18630	3036521a00010403111008415f3f041a071c140f2905121a301a141c00021540180159510c0b0b0903	CC(remember):SettingListContent.kt#9igjgp
smali_classes2\飘花落叶言楪世子苏哲兰\飘花落叶言子楪世苏兰哲.smali	18636	42404828535e59593f404c50	152@6287L568
smali_classes2\飘花落叶言楪世子苏哲兰\飘花落叶言子楪世苏兰哲.smali	18642	424342285355515c3f404b5b	168@6902L513
smali_classes2\飘花落叶言楪世子苏哲兰\飘花落叶言子楪世苏兰哲.smali	18648	001608070900321a12011f25041c	scrollStateMap
smali_classes2\飘花落叶言楪世子苏哲兰\飘花落叶言子楪世苏兰哲.smali	18654	305d290d111808001439131b112f0e000710141c4c2249021a060e2300154d1d10071504093f150f07103709154004000707130d16400907141d1601020415271d111f1049030f261a1212040c0b091a301a141b1001040a5f1a142c0c1e040d071a08112600080d1859150623190f0d071c1506310306091f1056070b2a1400100113070b2f0d07101e56070b231506160739040c0f0a47444d3a5b525857224441565f5c2c52564743365c5640595f3346435c5c20575647594259255f595746394d5b5d40505f42354e50565e2d5c45444944545c542e47434951295e595e454f290d111808001439131b112f0e000710141c4b07154d1d111d1e1655	C(SettingListContent)N(listKey,scrollStateMap,entries,highlightIndex,onHighlightConsumed,onDirectoryClick,onFunctionToggle,onFunctionClick,onOtherClick)78@3746L74,79@3846L43,81@3949L684,81@3895L738,111@4832L2613,105@4639L2806:SettingListContent.kt#ndgvs9
smali_classes2\飘花落叶言楪世子苏哲兰\飘花落叶言子楪世苏兰哲.smali	18660	071a0a4616191b0616191b064b1d121a1c07034610054f0d1c180a070b090f1a005b290d111808001439131b112f0e000710141c4544320b070113060220081d0736150611090f1a5d1e0e52525b48	top.suzhelan.qstory.ui.components.SettingListContent (SettingListContent.kt:77)
smali_classes2\飘花落叶言楪世子苏哲兰\飘花落叶言子楪世苏兰哲.smali	18666	305d290d1118080014320807101c281a161853264d090f1a010c560111090c1d5f1c140c00144d061a1212040c0b091a161156050a0808081a100841575c502e444d4a5d295e525f5f44435d255b575a463949515456320b070113060220081d0736150611090f1a5d1e0e4b0b080618004c	C(SettingGroupItem)N(entry,items,index,highlighted,modifier)201@7805L231,195@7645L391:SettingListContent.kt#ndgvs9
smali_classes2\飘花落叶言楪世子苏哲兰\飘花落叶言子楪世苏兰哲.smali	18672	071a0a4616191b0616191b064b1d121a1c07034610054f0d1c180a070b090f1a005b290d1118080014320807101c281a16185a403609151a1a1b1d240c1f152d1c1b0e0d0b184f05074f4b515145	top.suzhelan.qstory.ui.components.SettingGroupItem (SettingListContent.kt:194)
smali_classes2\飘花落叶言楪世子苏哲兰\飘花落叶言子楪世苏兰哲.smali	18678	305d290d111808001431131a000f1501010c331c000148205b10141c17154d070710171b49050f0a160d56000c0b09021a12121c00084d031c11130e0c0913421c1b39040c0f0a4741474d285d5854583f434b5b495e535e334d485e5c20595e434f290d111808001439131b112f0e000710141c4b07154d1d111d1e1655	C(SettingDirectoryItem)N(entry,items,index,highlighted,modifier,onClick)227@8456L613,220@8269L800:SettingListContent.kt#ndgvs9
smali_classes2\飘花落叶言楪世子苏哲兰\飘花落叶言子楪世苏兰哲.smali	18684	071a0a4616191b0616191b064b1d121a1c07034610054f0d1c180a070b090f1a005b290d111808001431131a000f1501010c331c0001414620100e1c0c0206221a060e2b0a02150b1d0154031156535f4a5c	top.suzhelan.qstory.ui.components.SettingDirectoryItem (SettingListContent.kt:219)
smali_classes2\飘花落叶言楪世子苏哲兰\飘花落叶言子楪世苏兰哲.smali	18690	305d290d1118080014330f06061808011d3c0e0d08452f46161b0e1a1c40081a161809440c02050b0b59120102040d07141d0e0d01400c01171c1c01001e4d011d21150f020004421c1b39040c0f0a47414043285c5f59563f42565a5c5d215f43414f5f295e51594259485f502c58574441365a5059555420100e1c0c0206221a060e2b0a02150b1d015403114f0f0a14030951	C(SettingFunctionItem)N(entry,items,index,highlighted,modifier,onToggle,onClick)259@9388L7,291@10457L2071,275@9974L2554:SettingListContent.kt#ndgvs9
smali_classes2\飘花落叶言楪世子苏哲兰\飘花落叶言子楪世苏兰哲.smali	18696	071a0a4616191b0616191b064b1d121a1c07034610054f0d1c180a070b090f1a005b290d1118080014330f06061808011d3c0e0d084c493d16010e010b0b2d07000139070b180400075b111c5f5e54565a	top.suzhelan.qstory.ui.components.SettingFunctionItem (SettingListContent.kt:258)
smali_classes2\飘花落叶言楪世子苏哲兰\飘花落叶言子楪世苏兰哲.smali	18702	41424a285c54595c3f4743	270@9882L29
smali_classes2\飘花落叶言楪世子苏哲兰\飘花落叶言子楪世苏兰哲.smali	18708	414248285c55525d3f4743	272@9933L29
smali_classes2\飘花落叶言楪世子苏哲兰\飘花落叶言子楪世苏兰哲.smali	18714	414d4828545c50594b39495b	282@10178L33
smali_classes2\飘花落叶言楪世子苏哲兰\飘花落叶言子楪世苏兰哲.smali	18720	414d4e28545c535a42394958	284@10241L30
smali_classes2\飘花落叶言楪世子苏哲兰\飘花落叶言子楪世苏兰哲.smali	18726	414d4d28545c52594239495d	287@10371L35
smali_classes2\飘花落叶言楪世子苏哲兰\飘花落叶言子楪世苏兰哲.smali	18732	305d290d11180800143a0e00001e281a161853264d090f1a010c560111090c1d5f1c140c00144d061a1212040c0b091a161156050a0808081a1008440a0222021a1611415659582e424742585620564240434d28545e58564a39495d495f575633444958565d2d584440565b535d215f414d4b5e2954585e49261f1c11050f093f1c091c26030f1a161b0e460e18420017120c1b5c	C(SettingOtherItem)N(entry,items,index,highlighted,modifier,onClick)359@12803L7,367@12989L35,368@13031L675,361@12816L890:SettingListContent.kt#ndgvs9
smali_classes2\飘花落叶言楪世子苏哲兰\飘花落叶言子楪世苏兰哲.smali	18738	071a0a4616191b0616191b064b1d121a1c07034610054f0d1c180a070b090f1a005b290d11180800143a0e00001e281a16185a403609151a1a1b1d240c1f152d1c1b0e0d0b184f05074f495d5d45	top.suzhelan.qstory.ui.components.SettingOtherItem (SettingListContent.kt:358)
smali_classes2\飘花落叶言楪世子苏哲兰\飘花落叶言子楪世苏兰哲.smali	18744	305d290d1118080014361b1a012f0e0007141306001e48205b10141c17154d070710171b49050f0a160d56000c0b09021a12121c00084d031c11130e0c0913421114090d26030d01014f194b10054f0901140a000c0f1240301a160717400e003019130b0e4002011d011f061145555f46354b5c515d58224540565c545b215f47414358295a575d49261f1c11050f093f1c091c26030f1a161b0e460e18420017120c1b5c	C(SettingCardContainer)N(entry,items,index,highlighted,modifier,baseColor:c#ui.graphics.Color,onClick,content)415@14419L65,417@14490L663:SettingListContent.kt#ndgvs9
smali_classes2\飘花落叶言楪世子苏哲兰\飘花落叶言子楪世苏兰哲.smali	18750	071a0a4616191b0616191b064b1d121a1c07034610054f0d1c180a070b090f1a005b290d1118080014361b1a012f0e0007141306001e414620100e1c0c0206221a060e2b0a02150b1d0154031156555e405c	top.suzhelan.qstory.ui.components.SettingCardContainer (SettingListContent.kt:403)
smali_classes2\飘花落叶言楪世子苏哲兰\飘花落叶言子楪世苏兰哲.smali	18756	47454f28545851574a39485b	405@14099L23
smali_classes2\飘花落叶言楪世子苏哲兰\飘花落叶言子楪世苏兰哲.smali	18762	47454d285458505a47394958	407@14144L30
smali_classes2\飘花落叶言楪世子苏哲兰\飘花落叶言子楪世苏兰哲.smali	18768	47444b285458525f4439485b	411@14317L23
smali_classes2\飘花落叶言楪世子苏哲兰\飘花落叶言子楪世苏兰哲.smali	18774	47474928545857564739485b	423@14684L23
smali_classes2\飘花落叶言楪世子苏哲兰\飘花落叶言子楪世苏兰哲.smali	18780	570112011648320b07011306022f001c17361506110d08001607	$this$SettingCardContainer
smali_classes2\飘花落叶言楪世子苏哲兰\飘花落叶言子楪世苏兰哲.smali	18786	30474a5c255b595641394851495e515c334242595020535f464f290d111808001439131b112f0e000710141c4b07154d1d111d1e1655	C204@7882L29,202@7815L215:SettingListContent.kt#ndgvs9
smali_classes2\飘花落叶言楪世子苏哲兰\飘花落叶言子楪世苏兰哲.smali	18792	071a0a4616191b0616191b064b1d121a1c07034610054f0d1c180a070b090f1a005b290d1118080014320807101c281a1618545404020e000a18151d1652414620100e1c0c0206221a060e2b0a02150b1d0154031156535e415c	top.suzhelan.qstory.ui.components.SettingGroupItem.<anonymous> (SettingListContent.kt:202)
smali_classes2\飘花落叶言楪世子苏哲兰\飘花落叶言子楪世苏兰哲.smali	18798	304748502554555845394f515256320b070113060220081d0736150611090f1a5d1e0e4b0b080618004c	C228@8466L597:SettingListContent.kt#ndgvs9
smali_classes2\飘花落叶言楪世子苏哲兰\飘花落叶言子楪世苏兰哲.smali	18804	071a0a4616191b0616191b064b1d121a1c07034610054f0d1c180a070b090f1a005b290d111808001431131a000f1501010c331c00014f52121b15061c010e1b004b5a403609151a1a1b1d240c1f152d1c1b0e0d0b184f05074f485a5d45	top.suzhelan.qstory.ui.components.SettingDirectoryItem.<anonymous> (SettingListContent.kt:228)
smali_classes2\飘花落叶言楪世子苏哲兰\飘花落叶言子楪世苏兰哲.smali	18810	3047495e2554565b45394851495e525a334d4c50572050574a59485c572c59574443365a5c40535a433542505c582d5f464c403b001815071d123601161822011d011f0611420a1a501b1e0f131f58	C236@8756L29,234@8682L199,242@8976L29,240@8894L159:SettingListContent.kt#ndgvs9
smali_classes2\飘花落叶言楪世子苏哲兰\飘花落叶言子楪世苏兰哲.smali	18816	3047435a255d515a45423659525c505420100e1c0c0206221a060e2b0a02150b1d015403114f0f0a14030951	C292@10467L1701:SettingListContent.kt#ndgvs9
smali_classes2\飘花落叶言楪世子苏哲兰\飘花落叶言子楪世苏兰哲.smali	18822	071a0a4616191b0616191b064b1d121a1c07034610054f0d1c180a070b090f1a005b290d1118080014330f06061808011d3c0e0d08425d0f1d1a14110803141d4d55523b001815071d123601161822011d011f0611420a1a4947435a4c	top.suzhelan.qstory.ui.components.SettingFunctionItem.<anonymous> (SettingListContent.kt:292)
smali_classes2\飘花落叶言楪世子苏哲兰\飘花落叶言子楪世苏兰哲.smali	18828	30474350255d51584b46365e5d594d5d414d3a59545b505e3f414a44565e582e42444d515120555c5f464958255d5056444d365c5540525d42354b595c5a53224747565b575b215f42434c5a2958595c5f464858255d505d4b47365f525a5b3d16010e010b0b2d07000139070b180400075b111c46020509050643	C298@10683L685,328@11710L40,329@11794L42,330@11878L40,331@11962L42,327@11662L482,320@11382L776:SettingListContent.kt#ndgvs9
smali_classes2\飘花落叶言楪世子苏哲兰\飘花落叶言子楪世苏兰哲.smali	18834	30464a5b255d51564046365951545b3d16010e010b0b2d07000139070b180400075b111c46020509050643	C303@10833L148:SettingListContent.kt#ndgvs9
smali_classes2\飘花落叶言楪世子苏哲兰\飘花落叶言子楪世苏兰哲.smali	18840	40444928545d505945394959495f505f33444b585c5b2d5c404c	313@11176L31,311@11097L239
smali_classes2\飘花落叶言楪世子苏哲兰\飘花落叶言子楪世苏兰哲.smali	18846	40474f28545d545b47394e50	325@11554L48
smali_classes2\飘花落叶言楪世子苏哲兰\飘花落叶言子楪世苏兰哲.smali	18852	40414b28545e525e4239495d495f52573344485a555b2d5d4340	341@12301L35,339@12207L305
smali_classes2\飘花落叶言楪世子苏哲兰\飘花落叶言子楪世苏兰哲.smali	18858	30464c51255d525e4744365e50555b3d16010e010b0b2d07000139070b180400075b111c46020509050643	C369@13041L659:SettingListContent.kt#ndgvs9
smali_classes2\飘花落叶言楪世子苏哲兰\飘花落叶言子楪世苏兰哲.smali	18864	071a0a4616191b0616191b064b1d121a1c07034610054f0d1c180a070b090f1a005b290d11180800143a0e00001e281a1618545404020e000a18151d1652414620100e1c0c0206221a060e2b0a02150b1d015403115652584a5c	top.suzhelan.qstory.ui.components.SettingOtherItem.<anonymous> (SettingListContent.kt:369)
smali_classes2\飘花落叶言楪世子苏哲兰\飘花落叶言子楪世苏兰哲.smali	18870	30464d5e255d525c4441365a5c40525947354b5b575c512242404b523609151a1a1b1d240c1f152d1c1b0e0d0b184f050756140c021a1257	C376@13274L29,374@13200L151:SettingListContent.kt#ndgvs9
smali_classes2\飘花落叶言楪世子苏哲兰\飘花落叶言子楪世苏兰哲.smali	18876	14100e24000a153a160d0e404b424f47	getLeftText(...)
smali_classes2\飘花落叶言楪世子苏哲兰\飘花落叶言子楪世苏兰哲.smali	18882	404d4e28545f545c4b394959495f595c3344495c505b2d5c424c	384@13528L31,382@13457L219
smali_classes2\飘花落叶言楪世子苏哲兰\飘花落叶言子楪世苏兰哲.smali	18888	303b5201114550594b35425056582d5c414f36091f15251d1f5b111c465853561d181b	CN(it)178@8834L22:LazyDsl.kt#428nma
smali_classes2\飘花落叶言楪世子苏哲兰\飘花落叶言子楪世苏兰哲.smali	18894	121b1e1a0a0505165d1615051503120b5d13151d0b08001a1a1a1446090d1b175d1c0e0d081f4f52121b15061c010e1b004b5a40290d1b17370616460e185b5f444d53	androidx.compose.foundation.lazy.items.<anonymous> (LazyDsl.kt:178)
smali_classes2\飘花落叶言楪世子苏哲兰\飘花落叶言子楪世苏兰哲.smali	18900	303b521a001f1402075c505a555d215641454d2457544d5f4a4c3a50545c572242404f523609151a1a1b1d3b000d130d1b3113090903064018015906010b171d4a	CN(result)*201@8207L28,199@8106L155:SettingSearchDialog.kt#ndgvs9
smali_classes2\飘花落叶言楪世子苏哲兰\飘花落叶言子楪世苏兰哲.smali	18906	3036521a00010403111008415f3f041a071c140f3609001c101d3e0104000e095d1e0e4b5c0506041405	CC(remember):SettingSearchDialog.kt#9igjgp
smali_classes2\飘花落叶言楪世子苏哲兰\飘花落叶言子楪世苏兰哲.smali	18912	1c1b3e011601081d00271f191009121a	onDismissRequest
smali_classes2\飘花落叶言楪世子苏哲兰\飘花落叶言子楪世苏兰哲.smali	18918	1c1b310d1c1b0e1c173612090b0b04	onKeywordChange
smali_classes2\飘花落叶言楪世子苏哲兰\飘花落叶言子楪世苏兰哲.smali	18924	1c1b3904000d1325160c0d071708	onClearKeyword
smali_classes2\飘花落叶言楪世子苏哲兰\飘花落叶言子楪世苏兰哲.smali	18930	1c1b320116180e1c0a261f04000f150b17	onHistorySelected
smali_classes2\飘花落叶言楪世子苏哲兰\飘花落叶言子楪世苏兰哲.smali	18936	1c1b3904000d13261a060e071715	onClearHistory
smali_classes2\飘花落叶言楪世子苏哲兰\飘花落叶言子楪世苏兰哲.smali	18942	1c1b280d16190d1a2010160d0618040a	onResultSelected
smali_classes2\飘花落叶言楪世子苏哲兰\飘花落叶言子楪世苏兰哲.smali	18948	305d290d1118080014261f09170f092a1a14160702452f461810031f0a1e05421b1c091c0a1e18420110091d091812421c1b3e011601081d00271f191009121a5f1a142300151601011139000402060b5f1a142b0909001c3810031f0a1e05421c1b320116180e1c0a261f04000f150b175915062600040f013d131b110313175f1a143a001f140207261f04000f150b175c4c5c255e595841394851495a542e414c4b5f2958544245403a5a5d5557224543565f572c525e4a4d365d53545642454c3a5a5c5a5922464d4b5f5f3f041a071c140f3609001c101d3e0104000e095d1e0e4b0b080618004c	C(SettingSearchDialog)N(keyword,history,results,onDismissRequest,onKeywordChange,onClearKeyword,onHistorySelected,onClearHistory,onResultSelected)64@2862L29,65@2917L45,65@2896L66,72@3098L5687,69@2968L5817:SettingSearchDialog.kt#ndgvs9
smali_classes2\飘花落叶言楪世子苏哲兰\飘花落叶言子楪世苏兰哲.smali	18954	071a0a4616191b0616191b064b1d121a1c07034610054f0d1c180a070b090f1a005b290d1118080014261f09170f092a1a141607024c493d16010e010b0b320b12071900210500021c1254031156575c5a	top.suzhelan.qstory.ui.components.SettingSearchDialog (SettingSearchDialog.kt:62)
smali_classes2\飘花落叶言楪世子苏哲兰\飘花落叶言子楪世苏兰哲.smali	18960	305d290d041e02062110091d0918281a161853264d1e041d06190e440a0222021a161141575e562e4b4c4a5a295d535f434f290d1118080014261f09170f092a1a14160702420a1a501b1e0f131f58	C(SearchResultItem)N(result,onClick)227@8902L1210:SettingSearchDialog.kt#ndgvs9
smali_classes2\飘花落叶言楪世子苏哲兰\飘花落叶言子楪世苏兰哲.smali	18966	071a0a4616191b0616191b064b1d121a1c07034610054f0d1c180a070b090f1a005b290d041e02062110091d0918281a16185a403609151a1a1b1d3b000d130d1b311309090306401801405a575a48	top.suzhelan.qstory.ui.components.SearchResultItem (SettingSearchDialog.kt:226)
smali_classes2\飘花落叶言楪世子苏哲兰\飘花落叶言子楪世苏兰哲.smali	18972	3047495c2555505d45394f515240535b45354350575e2d5d4b59485e552c505e43454b24565f4d5c46413a5152585222404349523609151a1a1b1d3b000d130d1b3113090903064018015906010b171d4a	C234@9136L597,256@9822L38,260@10001L33,254@9743L363:SettingSearchDialog.kt#ndgvs9
smali_classes2\飘花落叶言楪世子苏哲兰\飘花落叶言子楪世苏兰哲.smali	18978	304749512555535647394851495e5259334c485954205057454f290d1118080014261f09170f092a1a14160702420a1a501b1e0f131f58	C239@9284L29,237@9211L196:SettingSearchDialog.kt#ndgvs9
smali_classes2\飘花落叶言楪世子苏哲兰\飘花落叶言子楪世苏兰哲.smali	18984	41414d285c59575f3f464b445758542e4a414258295e5357	247@9561L31,245@9480L229
smali_classes2\飘花落叶言楪世子苏哲兰\飘花落叶言子楪世苏兰哲.smali	18990	305d080d16190d1a270c0a0d26030d01015c3440080d150d1b21031800455b3d16010e010b0b320b12071900210500021c125403114f0f0a14030951	C(resultTypeColor)N(matchType):SettingSearchDialog.kt#ndgvs9
smali_classes2\飘花落叶言楪世子苏哲兰\飘花落叶言子楪世苏兰哲.smali	18996	071a0a4616191b0616191b064b1d121a1c07034610054f0d1c180a070b090f1a005b080d16190d1a270c0a0d26030d010155523b001815071d12290d041e0206371c1b040a0b4f05074f485f5045	top.suzhelan.qstory.ui.components.resultTypeColor (SettingSearchDialog.kt:275)
smali_classes2\飘花落叶言楪世子苏哲兰\飘花落叶言子楪世苏兰哲.smali	19002	41424d28545c575e46394851	277@10605L29
smali_classes2\飘花落叶言楪世子苏哲兰\飘花落叶言子楪世苏兰哲.smali	19008	41424228545c57594a394858	278@10679L20
smali_classes2\飘花落叶言楪世子苏哲兰\飘花落叶言子楪世苏兰哲.smali	19014	41424328545c565a4339485e	279@10740L26
smali_classes2\飘花落叶言楪世子苏哲兰\飘花落叶言子楪世苏兰哲.smali	19020	57011201164827021c02280712	$this$FlowRow
smali_classes2\飘花落叶言楪世子苏哲兰\飘花落叶言子楪世苏兰哲.smali	19026	305f4b5f572c57574442365b5d40505945354d5a575c2d5c43594b5f522c565c4b40365b5240505943354c505d582d5b4747403b001815071d12290d041e0206371c1b040a0b4f050756140c021a1257	C*172@6977L38,176@7220L20,177@7285L37,170@6884L542:SettingSearchDialog.kt#ndgvs9
smali_classes2\飘花落叶言楪世子苏哲兰\飘花落叶言子楪世苏兰哲.smali	19032	071a0a4616191b0616191b064b1d121a1c07034610054f0d1c180a070b090f1a005b290d1118080014261f09170f092a1a14160702425d0f1d1a14110803141d4d5b46090b030f171e1a0f1b5b425d0f1d1a14110803141d4d55523b001815071d12290d041e0206371c1b040a0b4f05074f4b5e5c45	top.suzhelan.qstory.ui.components.SettingSearchDialog.<anonymous>.<anonymous>.<anonymous> (SettingSearchDialog.kt:169)
smali_classes2\飘花落叶言楪世子苏哲兰\飘花落叶言子楪世苏兰哲.smali	19038	30424d28565e575f3f474c44525f215d42454224505a565f49261f1c11050f0920101b1a060425071219150f4b07154d1d111d1e1655	C77@3261L26,73@3108L5671:SettingSearchDialog.kt#ndgvs9
smali_classes2\飘花落叶言楪世子苏哲兰\飘花落叶言子楪世苏兰哲.smali	19044	071a0a4616191b0616191b064b1d121a1c07034610054f0d1c180a070b090f1a005b290d1118080014261f09170f092a1a14160702425d0f1d1a14110803141d4d55523b001815071d12290d041e0206371c1b040a0b4f05074f4d5b4c	top.suzhelan.qstory.ui.components.SettingSearchDialog.<anonymous> (SettingSearchDialog.kt:73)
smali_classes2\飘花落叶言楪世子苏哲兰\飘花落叶言子楪世苏兰哲.smali	19050	304d48285658535a3f4743445d5c215d40414f24575c53424a473a5b525a5422404d5650522c525b4544365a5559555420100e1c0c02063d1614080b0d28080f1f1a1d460e18420017120c1b5c	C82@3424L29,80@3345L202,92@3765L38,87@3561L2054:SettingSearchDialog.kt#ndgvs9
smali_classes2\飘花落叶言楪世子苏哲兰\飘花落叶言子楪世苏兰哲.smali	19056	304c4328515d515d3f464b445c5a215d4a434d245454544242454828515d565e3f4c435e5f3f041a071c140f3609001c101d3e0104000e095d1e0e4b0b080618004c	C99@4103L31,96@3967L185,102@4170L996:SettingSearchDialog.kt#ndgvs9
smali_classes2\飘花落叶言楪世子苏哲兰\飘花落叶言子楪世苏兰哲.smali	19062	3044485b2559515c46394851495d505b33414c5b5320545f414f290d1118080014261f09170f092a1a14160702420a1a501b1e0f131f58	C123@5025L29,115@4636L512:SettingSearchDialog.kt#ndgvs9
smali_classes2\飘花落叶言楪世子苏哲兰\飘花落叶言子楪世苏兰哲.smali	19068	42444a28515859573f464b44545c592e4746425f295e515b	110@4489L31,108@4387L205
smali_classes2\飘花落叶言楪世子苏哲兰\飘花落叶言子楪世苏兰哲.smali	19074	42464928505f56573f464b44545f512e4647495a295f545f	133@5379L31,130@5232L351
smali_classes2\飘花落叶言楪世子苏哲兰\飘花落叶言子楪世苏兰哲.smali	19080	42414828505b515f3f424251495d5756334342585720575847594b5e572c575b434d36515054	142@5701L789,168@6802L664,162@6508L958
smali_classes2\飘花落叶言楪世子苏哲兰\飘花落叶言子楪世苏兰哲.smali	19086	30444f58255a515a41394851495d55563340435c5520535b42594b5d532c575d4342365a5540505b47354c5a545e2d5c4545403b001815071d12290d041e0206371c1b040a0b4f050756140c021a1257	C150@6042L29,148@5940L251,156@6307L20,154@6212L260:SettingSearchDialog.kt#ndgvs9
smali_classes2\飘花落叶言楪世子苏哲兰\飘花落叶言子楪世苏兰哲.smali	19092	424d4d28525a575c3f4743445454542e44404c51295e555e5f44435f2554515d4039485e5d40505741354d50575b2d5a4441	187@7662L29,185@7569L240,197@8033L268,192@7827L474
smali_classes2\飘花落叶言楪世子苏哲兰\飘花落叶言子楪世苏兰哲.smali	19098	41444a285d58585f3f464b44575c592e4b414a59295f545a	210@8491L31,208@8401L354
smali_classes2\飘花落叶言楪世子苏哲兰\飘花落叶言子楪世苏兰哲.smali	19104	0510081b0c030f3a160d0e	versionText
smali_classes2\飘花落叶言楪世子苏哲兰\飘花落叶言子楪世苏兰哲.smali	19110	1c1b3809060722021a1611	onBackClick
smali_classes2\飘花落叶言楪世子苏哲兰\飘花落叶言子楪世苏兰哲.smali	19116	1c1b290d041e02063019130b0e	onSearchClick
smali_classes2\飘花落叶言楪世子苏哲兰\飘花落叶言子楪世苏兰哲.smali	19122	1c1b3b1e0418001c3019130b0e	onAvatarClick
smali_classes2\飘花落叶言楪世子苏哲兰\飘花落叶言子楪世苏兰哲.smali	19128	305d290d1118080014211518270d13473d5d0e01110004420510081b0c030f3a160d0e440a02230f101e39040c0f0a421c1b290d041e02063019130b0e400e0032031b1c041e22021a161141515f215f45434b24575f4d5a47354b5f545c2d5c4059495f255d55584739485b525c5b3d16010e010b0b350103371b1a4b07154d1d111d1e1655	C(SettingTopBar)N(title,versionText,onBackClick,onSearchClick,onAvatarClick)43@1661L23,44@1710L23,37@1464L2370:SettingTopBar.kt#ndgvs9
smali_classes2\飘花落叶言楪世子苏哲兰\飘花落叶言子楪世苏兰哲.smali	19134	071a0a4616191b0616191b064b1d121a1c07034610054f0d1c180a070b090f1a005b290d1118080014211518270d134e5b261f1c11050f09271a0a2a041e4f05074f495e4c	top.suzhelan.qstory.ui.components.SettingTopBar (SettingTopBar.kt:36)
smali_classes2\飘花落叶言楪世子苏哲兰\飘花落叶言子楪世苏兰哲.smali	19140	30404a28545454593f44435f5456320b0701130602380e1e311408460e18420017120c1b5c	C50@1857L1971:SettingTopBar.kt#ndgvs9
smali_classes2\飘花落叶言楪世子苏哲兰\飘花落叶言子楪世苏兰哲.smali	19146	30404328575d575e3f474344505a215c43474c245659504245433a5a56555022464349445d5f215c4a4342245d59515420100e1c0c02063a1c05380917420a1a501b1e0f131f58	C59@2160L29,56@2026L351,66@2391L563,83@2968L850:SettingTopBar.kt#ndgvs9
smali_classes2\飘花落叶言楪世子苏哲兰\飘花落叶言子楪世苏兰哲.smali	19152	30424828575a53593f474344525c215c46404324575c5442444d3a5a5d595422414c565f532c53594b44365950555b3d16010e010b0b350103371b1a4b07154d1d111d1e1655	C72@2627L29,70@2559L205,78@2855L29,76@2781L159:SettingTopBar.kt#ndgvs9
smali_classes2\飘花落叶言楪世子苏哲兰\飘花落叶言子楪世苏兰哲.smali	19158	304c4b28565f52593f4743445d54215d41454a24565e53424a433a5b505f582241434f523609151a1a1b1d3c0a1c230f015b111c46020509050643	C91@3337L29,88@3200L322,96@3539L265:SettingTopBar.kt#ndgvs9
smali_classes2\飘花落叶言楪世子苏哲兰\飘花落叶言子楪世苏兰哲.smali	19164	305d2f1b001e25071219150f4c2249011d31131b0805121d21100b1d001f154746423a5a515d59224646565d5d2c535a4a43365b5140575d33474c5e5320525a4240565e552c535b4043365b5058545426061f1a210500021c125403114f0f0a14030951	C(UserDialog)N(onDismissRequest)57@2418L53,58@2496L34,63@2666L3415,60@2536L3545:UserDialog.kt#ndgvs9
smali_classes2\飘花落叶言楪世子苏哲兰\飘花落叶言子楪世苏兰哲.smali	19170	071a0a4616191b0616191b064b1d121a1c07034610054f0d1c180a070b090f1a005b2f1b001e25071219150f4544341d16073e0104000e095d1e0e52505a48	top.suzhelan.qstory.ui.components.UserDialog (UserDialog.kt:56)
smali_classes2\飘花落叶言楪世子苏哲兰\飘花落叶言子楪世苏兰哲.smali	19176	3036521a00010403111008415f39120b0131130909030640180159510c0b0b0903	CC(remember):UserDialog.kt#9igjgp
smali_classes2\飘花落叶言楪世子苏哲兰\飘花落叶言子楪世苏兰哲.smali	19182	305d2f1b001e290b12111f1a4c22491b001008415459562e45444950295956594920090d1728080f1f1a1d460e18420017120c1b5c	C(UserHeader)N(user)157@6138L577:UserDialog.kt#ndgvs9
smali_classes2\飘花落叶言楪世子苏哲兰\飘花落叶言子楪世苏兰哲.smali	19188	071a0a4616191b0616191b064b1d121a1c07034610054f0d1c180a070b090f1a005b2f1b001e290b12111f1a4544341d16073e0104000e095d1e0e5254595747	top.suzhelan.qstory.ui.components.UserHeader (UserDialog.kt:156)
smali_classes2\飘花落叶言楪世子苏哲兰\飘花落叶言子楪世苏兰哲.smali	19194	30444c59255a53594639485e495d575d33434959542052574b4f2f1b001e25071219150f4b07154d1d111d1e1655	C161@6275L26,163@6311L398:UserDialog.kt#ndgvs9
smali_classes2\飘花落叶言楪世子苏哲兰\飘花落叶言子楪世苏兰哲.smali	19200	30444c5e255a555e43394851495d575a3343495b5720505a46594b5f572c575b4546365b5440505943354c5c5c5d2d5c434d403d1609132a1a14160702420a1a501b1e0f131f58	C166@6400L29,164@6332L145,172@6563L31,170@6491L208:UserDialog.kt#ndgvs9
smali_classes2\飘花落叶言楪世子苏哲兰\飘花落叶言子楪世苏兰哲.smali	19206	305d2f1b001e201812011b1a4c22491b1a1b53595d5e21584b454a245240505646354c5051582d5f424c56595c5f215943434d24575a5542424d4e285354505d3f40485c5f39120b013113090903064018015906010b171d4a	C(UserAvatar)N(uin)182@6800L7,185@6844L119,193@7067L264,184@6813L524:UserDialog.kt#ndgvs9
smali_classes2\飘花落叶言楪世子苏哲兰\飘花落叶言子楪世苏兰哲.smali	19212	071a0a4616191b0616191b064b1d121a1c07034610054f0d1c180a070b090f1a005b2f1b001e201812011b1a4544341d16073e0104000e095d1e0e5254545047	top.suzhelan.qstory.ui.components.UserAvatar (UserDialog.kt:181)
smali_classes2\飘花落叶言楪世子苏哲兰\飘花落叶言子楪世苏兰哲.smali	19218	305d3e0104000e0932160e010a02231b070115064c22491a160d0e4408030507151c1f1a49090f0f11191f0c49030f2d1f1c19034c5e505e33424e515c20575f414f2f1b001e25071219150f4b07154d1d111d1e1655	C(DialogActionButton)N(text,modifier,enabled,onClick)210@7499L612:UserDialog.kt#ndgvs9
smali_classes2\飘花落叶言楪世子苏哲兰\飘花落叶言子楪世苏兰哲.smali	19224	071a0a4616191b0616191b064b1d121a1c07034610054f0d1c180a070b090f1a005b3e0104000e0932160e010a02231b070115064544341d16073e0104000e095d1e0e52575c5847	top.suzhelan.qstory.ui.components.DialogActionButton (UserDialog.kt:209)
smali_classes2\飘花落叶言楪世子苏哲兰\飘花落叶言子楪世苏兰哲.smali	19230	41444c28525a595f3f4749	216@7681L23
smali_classes2\飘花落叶言楪世子苏哲兰\飘花落叶言子楪世苏兰哲.smali	19236	41444228525b545e3f464f	218@7750L35
smali_classes2\飘花落叶言楪世子苏哲兰\飘花落叶言子楪世苏兰哲.smali	19242	3047485f2554515d4339495d495e535b3342435f5c20505c454f2f1b001e25071219150f4b07154d1d111d1e1655	C227@8030L35,225@7979L126:UserDialog.kt#ndgvs9
smali_classes2\飘花落叶言楪世子苏哲兰\飘花落叶言子楪世苏兰哲.smali	19248	01101c1a001f090b1720090d17	refreshedUser
smali_classes2\飘花落叶言楪世子苏哲兰\飘花落叶言子楪世苏兰哲.smali	19254	30434228575453593f474c445355215c4b4c48245740575a33474c5f5320525d4a4c403d1609132a1a14160702420a1a501b1e0f131f58	C68@2827L26,69@2892L2,64@2676L3399:UserDialog.kt#ndgvs9
smali_classes2\飘花落叶言楪世子苏哲兰\飘花落叶言子楪世苏兰哲.smali	19260	071a0a4616191b0616191b064b1d121a1c07034610054f0d1c180a070b090f1a005b2f1b001e25071219150f4b5000001c1b03050a191250535d2f1b001e25071219150f4b071554454153	top.suzhelan.qstory.ui.components.UserDialog.<anonymous> (UserDialog.kt:64)
smali_classes2\飘花落叶言楪世子苏哲兰\飘花落叶言子楪世苏兰哲.smali	19266	304d4928565f50593f474d5c5d56341d16073e0104000e095d1e0e4b0b080618004c	C83@3317L2748:UserDialog.kt#ndgvs9
smali_classes2\飘花落叶言楪世子苏哲兰\飘花落叶言子楪世苏兰哲.smali	19272	444d3a5b575c57224146565f562c53574b4d365b555d	78@3206L23,73@2988L301
smali_classes2\飘花落叶言楪世子苏哲兰\飘花落叶言子楪世苏兰哲.smali	19278	304d4e28565f555c3f4749445d5a215d404d4924565557424a4c3a5b5c5e552247444244545d552e47404f5e295e584242444a28515f575e3f464e5a495d535c334142515220505c42594b595c2c55594145365b545a4d5f40473a5d575b572244404d44545e592e46454f5c295558594920090d1728080f1f1a1d460e18420017120c1b5c	C84@3342L23,86@3383L396,99@3924L418,114@4556L29,110@4360L342,122@4897L121,119@4720L316,132@5276L757,128@5054L997:UserDialog.kt#ndgvs9
smali_classes2\飘花落叶言楪世子苏哲兰\飘花落叶言子楪世苏兰哲.smali	19284	4b4c3a5b505f51224143	89@3530L26
smali_classes2\飘花落叶言楪世子苏哲兰\飘花落叶言子楪世苏兰哲.smali	19290	4a443a5b535d5122414c	91@3610L29
smali_classes2\飘花落叶言楪世子苏哲兰\飘花落叶言子楪世苏兰哲.smali	19296	42454828515d515e3f4743	102@4100L29
smali_classes2\飘花落叶言楪世子苏哲兰\飘花落叶言子楪世苏兰哲.smali	19302	42454e28515d595d3f474a	104@4183L20
smali_classes2\飘花落叶言楪世子苏哲兰\飘花落叶言子楪世苏兰哲.smali	19308	1a181b0f003a080b04	imageView
smali_classes2\飘花落叶言楪世子苏哲兰\飘花落叶言子楪世苏兰哲.smali	19314	95d8d98df9c484e4d39dc7d580c9dc8bfcfe9fe0f284c0c65d5b54	正在加载好友列表...
smali_classes2\飘花落叶言楪世子苏哲兰\飘花落叶言子楪世苏兰哲.smali	19320	10140e0d020313071606	categories
smali_classes2\飘花落叶言楪世子苏哲兰\飘花落叶言子楪世苏兰哲.smali	19326	95fcc381e2e386c0d292eaee80c9dc8bfcfe5a40	批量管理好友 (
smali_classes2\飘花落叶言楪世子苏哲兰\飘花落叶言子楪世苏兰哲.smali	19332	96fec481e5e588f2f39ddce980e4c187ead19df2e189c4d396faf1	勾选需要删除的好友
smali_classes2\飘花落叶言楪世子苏哲兰\飘花落叶言子楪世苏兰哲.smali	19338	96c2c881e5e55b4e	已选: 
smali_classes2\飘花落叶言楪世子苏哲兰\飘花落叶言子楪世苏兰哲.smali	19344	96fdda81fcc888eefa91c2c54544	删除选中 (
smali_classes2\飘花落叶言楪世子苏哲兰\飘花落叶言子楪世苏兰哲.smali	19350	9bdacd8de0e488eefa93f1c180c9dc8bfcfe	请先选择好友
smali_classes2\飘花落叶言楪世子苏哲兰\飘花落叶言子楪世苏兰哲.smali	19356	94d4d48dcbf689c8f290f2c88cf5c54e	确定要删除 
smali_classes2\飘花落叶言楪世子苏哲兰\飘花落叶言子楪世苏兰哲.smali	19362	5391c7e580c9dc8bfcfe9ff8f283ddf17993d7cc83ffec8acee99ed0e889eec195e7de81f1ec8ed2f2	 位好友吗？\n此操作不可撤销！
smali_classes2\飘花落叶言楪世子苏哲兰\飘花落叶言子楪世苏兰哲.smali	19368	95d8d98df9c484e6d39ce3cc80c9dc8bfcfe5a405543	正在删除好友 (0/
smali_classes2\飘花落叶言楪世子苏哲兰\飘花落叶言子楪世苏兰哲.smali	19374	96d0c78deae784e6e49ddbc081d4db89dacf	好友列表为空
smali_classes2\飘花落叶言楪世子苏哲兰\飘花落叶言子楪世苏兰哲.smali	19380	96ffda80d8d184cac29dcecd5f4c	加载失败: 
smali_classes2\飘花落叶言楪世子苏哲兰\飘花落叶言子楪世苏兰哲.smali	19386	95d8d98df9c484e6d39ce3cc80c9dc8bfcfe5a40	正在删除好友 (
smali_classes2\飘花落叶言楪世子苏哲兰\飘花落叶言子楪世苏兰哲.smali	19392	5a7f2b3980e3d65453	)\nQQ号: 
smali_classes2\飘花落叶言楪世子苏哲兰\飘花落叶言子楪世苏兰哲.smali	19398	96fdda81fcc884c0ff93f2f88ad0e064	删除完成！\n
smali_classes2\飘花落叶言楪世子苏哲兰\飘花落叶言子楪世苏兰哲.smali	19404	5391c7e580c9dc8bfcfe70	 位好友\n
smali_classes2\飘花落叶言楪世子苏哲兰\飘花落叶言子楪世苏兰哲.smali	19410	95d8d98df9c484e4d39dc7d582d2c58bfbe292c9cd424f40	正在加载群列表...
smali_classes2\飘花落叶言楪世子苏哲兰\飘花落叶言子楪世苏兰哲.smali	19416	94cbde8dedfb89cfdb4f5a	群列表: 
smali_classes2\飘花落叶言楪世子苏哲兰\飘花落叶言子楪世苏兰哲.smali	19422	95fcc381e2e386c0d292eaee82d2c54e5b	批量管理群 (
smali_classes2\飘花落叶言楪世子苏哲兰\飘花落叶言子楪世苏兰哲.smali	19428	96fec481e5e588f2f39ddce98cece18bf4cf9df2e18bdfca9cc9f28eedfd84e6e890c1d282f6e589cdd19ed0e889eec196fec481e5e58ed2fa	勾选需要退出的群（我创建的群不可勾选）
smali_classes2\飘花落叶言楪世子苏哲兰\飘花落叶言子楪世苏兰哲.smali	19434	9af5fa8de2d688eefa91c2c582d2c54e5b	退出选中群 (
smali_classes2\飘花落叶言楪世子苏哲兰\飘花落叶言子楪世苏兰哲.smali	19440	9bdacd8de0e488eefa93f1c182d2c5	请先选择群
smali_classes2\飘花落叶言楪世子苏哲兰\飘花落叶言子楪世苏兰哲.smali	19446	94d4d480cbc888eef390fdd2	确认退出
smali_classes2\飘花落叶言楪世子苏哲兰\飘花落叶言子楪世苏兰哲.smali	19452	94d4d48dcbf689c8f29cfae880ebdb4e	确定要退出 
smali_classes2\飘花落叶言楪世子苏哲兰\飘花落叶言子楪世苏兰哲.smali	19458	5391c2c282d2c58be3e295d4fa6687c3d793e9e581d1fd8acbf89fe7ca8af3ca9ae1fa87d9ed	 个群吗？\n此操作不可撤销！
smali_classes2\飘花落叶言楪世子苏哲兰\飘花落叶言子楪世苏兰哲.smali	19464	95d8d98df9c488eef390fdd282d2c54e5b4555	正在退出群 (0/
smali_classes2\飘花落叶言楪世子苏哲兰\飘花落叶言子楪世苏兰哲.smali	19470	94cbde8dedfb89cfdb91c2d282c5db	群列表为空
smali_classes2\飘花落叶言楪世子苏哲兰\飘花落叶言子楪世苏兰哲.smali	19476	95d8d98df9c488eef390fdd282d2c54e5b	正在退出群 (
smali_classes2\飘花落叶言楪世子苏哲兰\飘花落叶言子楪世苏兰哲.smali	19482	5a7f9dd6c189eed94955	)\n群号: 
smali_classes2\飘花落叶言楪世子苏哲兰\飘花落叶言子楪世苏兰哲.smali	19488	9af5fa8de2d684c0ff93f2f88ad0e064	退出完成！\n
smali_classes2\飘花落叶言楪世子苏哲兰\飘花落叶言子楪世苏兰哲.smali	19494	5391c2c282d2c564	 个群\n
smali_classes2\飘花落叶言楪世子苏哲兰\飘花落叶言子楪世苏兰哲.smali	19500	96fbfc8deade84ebdf90ebe283fbc48bcce2	历史公告日志
smali_classes2\飘花落叶言楪世子苏哲兰\飘花落叶言子楪世苏兰哲.smali	19506	1d1a0e0106092d070001	noticeList
smali_classes2\飘花落叶言楪世子苏哲兰\飘花落叶言子楪世苏兰哲.smali	19512	96fde18dded689c0d190f7fd8cece887d2cc9fccd484d5cb5f9dd5df8cebec86dce0	创建订单选项失败,请重试
smali_classes2\飘花落叶言楪世子苏哲兰\飘花落叶言子楪世苏兰哲.smali	19518	96fde18dded689c0d190f7fd8cece887d2cc9fccd484d5cb	创建订单选项失败
smali_classes2\飘花落叶言楪世子苏哲兰\飘花落叶言子楪世苏兰哲.smali	19524	14100e2c041800465d5b5441	getData(...)
smali_classes2\飘花落叶言楪世子苏哲兰\飘花落叶言子楪世苏兰哲.smali	19530	14100e380415341c1f5d54464b45	getPayUrl(...)
smali_classes2\飘花落叶言楪世子苏哲兰\飘花落叶言子楪世苏兰哲.smali	19536	0314081b00444f405d5c	parse(...)
smali_classes2\飘花落叶言楪世子苏哲兰\飘花落叶言子楪世苏兰哲.smali	19542	95eadf80cace87fadc91c1f082d7f288ede99fccd484d5cb5f93f8c080e3ce8bc3e892c7f089e7e395d9db8efac989c1d1	查询支付结果失败,您可尝试再次查询
smali_classes2\飘花落叶言楪世子苏哲兰\飘花落叶言子楪世苏兰哲.smali	19548	95eadf80cace87fadc91c1f082d7f288ede99fccd484d5cb5f9dd5df8cebec86dce0	查询支付结果失败,请重试
smali_classes2\飘花落叶言楪世子苏哲兰\飘花落叶言子楪世苏兰哲.smali	19554	95eadf80cace87fadc91c1f082d7f288ede99fccd484d5cb	查询支付结果失败
smali_classes2\飘花落叶言楪世子苏哲兰\飘花落叶言子楪世苏兰哲.smali	19560	96fad58cdec989dbed90f0c181d4e18acbfe9ff8f24089d1ea91c6f280d4cf8bf9dc9cc0c489fcf996c9fa8deafd87f5c790def280e6fe86f0c892ddd58bfbea95eece80daf04d8acbcf9ed5c58aeefe97cbe18efed884cae993e6e580e6c0645b91c2e58dd9ff8bf9dc9ed1fa89eec197cedf8ec8cf84d6cb91c7d782f8c981cff99ed5c58bfbea95e1d58ee9ed87f6dc93d7cc83c4c08beee29dd3d18aebca94effe8defc484e4e89ac6e16f84d4f096ffd38df5e287c3d790c6d182c6f68bc3f39ed0e888ddf496f2c08febdc	可以赞助一下吗,这会帮助模块开发更多功能走的更远,为你提供更多服务\n(不赞助也可以正常使用，你的支持是此模块维护的动力）\n赞助后此弹窗将不会出现
smali_classes2\飘花落叶言楪世子苏哲兰\飘花落叶言子楪世苏兰哲.smali	19566	96fbc180d0f284e4da	去赞助
smali_classes2\飘花落叶言楪世子苏哲兰\飘花落叶言子楪世苏兰哲.smali	19572	96fde18dded689c0d190f7fd8cece887d2cc9ed0c8	创建订单选项中
smali_classes2\飘花落叶言楪世子苏哲兰\飘花落叶言子楪世苏兰哲.smali	19578	9bdacd81e5e587e5da9dcff680e6c887d2cc9df3cb	请选择赞助项目
smali_classes2\飘花落叶言楪世子苏哲兰\飘花落叶言子楪世苏兰哲.smali	19584	95e1d58cdef484c0ff93f2f8	支付完成
smali_classes2\飘花落叶言楪世子苏哲兰\飘花落叶言子楪世苏兰哲.smali	19590	95eadf80cace86d5e093e4f4	查询结果
smali_classes2\飘花落叶言楪世子苏哲兰\飘花落叶言子楪世苏兰哲.smali	19596	95f7d28df9c487fadc91c1f080c2ed88fbe59ff8eb83dde296fad58cdec986ecca90fdd383f8ce8ac8ed9fc6e98ae9fe95eadf80cace87fadc91c1f082d7f288ede995d4e98ae5f19bc5d88ee7c486f4f793eec783e0e081cff992d7fc88ddf49bdbd381c4d586f5dd9dcfd882f6e588e8c192d7f9	您在支付完成后，可以点击支付完成查询支付结果，感谢您的支持，这会让项目走的更远
smali_classes2\飘花落叶言楪世子苏哲兰\飘花落叶言子楪世苏兰哲.smali	19602	95eece8ef3dc86fadb93f2df81d3c088f2da9ed0c8	更新用户信息中
smali_classes2\飘花落叶言楪世子苏哲兰\飘花落叶言子楪世苏兰哲.smali	19608	00100e2b0402020b1f14180400	setCancelable
smali_classes2\飘花落叶言楪世子苏哲兰\飘花落叶言子楪世苏兰哲.smali	19614	95eadf80cace85d6de	查询中
smali_classes2\飘花落叶言楪世子苏哲兰\飘花落叶言子楪世苏兰哲.smali	19620	95eece8ef3dc86fadb93f2df81d3c088f2da9ce0f589ebf1	更新用户信息成功
smali_classes2\飘花落叶言楪世子苏哲兰\飘花落叶言子楪世苏兰哲.smali	19626	95eece8ef3dc86fadb93f2df81d3c088f2da9fccd484d5cb5f9dd5df8cebec88e5c59fe0d28af7de	更新用户信息失败,请重新刷新
smali_classes2\飘花落叶言楪世子苏哲兰\飘花落叶言子楪世苏兰哲.smali	19632	1c1b2a091c3f140d1010091b	onPaySuccess
smali_classes2\飘花落叶言楪世子苏哲兰\飘花落叶言子楪世苏兰哲.smali	19638	1c1b290d0909021a270715071528080f1f1a1d240c1f150b1d1008	onSelectTroopDialogListener
smali_classes2\飘花落叶言楪世子苏哲兰\飘花落叶言子楪世苏兰哲.smali	19644	9af5f38eeec584d2f390eac782f6e589cdd1	选择开启的群
smali_classes2\飘花落叶言楪世子苏哲兰\飘花落叶言子楪世苏兰哲.smali	19650	305d460f00184c3f2001151a1c2e130f1d112a1a0c01001c0a3615040a1e5f4742464a28565b535e3f42402b0a000e1c5d1e0e4b041a115a1a02	C(<get-QStoryBrandPrimaryColor>)130@3720L7:Color.kt#avp4iw
smali_classes2\飘花落叶言楪世子苏哲兰\飘花落叶言子楪世苏兰哲.smali	19656	071a0a4616191b0616191b064b1d121a1c07034610054f1a1b10170d4b50060b07582b3b1103131731071b06013c13071e14081126030d01014b5a4026030d01015b111c5f5d525e5a	top.suzhelan.qstory.ui.theme.<get-QStoryBrandPrimaryColor> (Color.kt:130)
smali_classes2\飘花落叶言楪世子苏哲兰\飘花落叶言子楪世苏兰哲.smali	19662	305d460f00184c3f2001151a1c3f041a071c140f3109191a23071305041e182d1c19151a5b45505d40354950565a2d59493615040a1e4f0507561b1e15580819	C(<get-QStorySettingTextPrimaryColor>)133@3836L7:Color.kt#avp4iw
smali_classes2\飘花落叶言楪世子苏哲兰\飘花落叶言子楪世苏兰哲.smali	19668	071a0a4616191b0616191b064b1d121a1c07034610054f1a1b10170d4b50060b07582b3b1103131720100e1c0c02063a160d0e3817050c0f010c390709031350535d39070903134018014059565f48	top.suzhelan.qstory.ui.theme.<get-QStorySettingTextPrimaryColor> (Color.kt:133)
smali_classes2\飘花落叶言楪世子苏哲兰\飘花落叶言子楪世苏兰哲.smali	19674	305d460f00184c3f2001151a1c3f041a071c140f3109191a201019070b08001c0a3615040a1e5f4742464c285655545d3f42402b0a000e1c5d1e0e4b041a115a1a02	C(<get-QStorySettingTextSecondaryColor>)136@3953L7:Color.kt#avp4iw
smali_classes2\飘花落叶言楪世子苏哲兰\飘花落叶言子楪世苏兰哲.smali	19680	071a0a4616191b0616191b064b1d121a1c07034610054f1a1b10170d4b50060b07582b3b1103131720100e1c0c02063a160d0e3b000f0e001714081126030d01014b5a4026030d01015b111c5f5d52585a	top.suzhelan.qstory.ui.theme.<get-QStorySettingTextSecondaryColor> (Color.kt:136)
smali_classes2\飘花落叶言楪世子苏哲兰\飘花落叶言子楪世苏兰哲.smali	19686	305d460f00184c3f2001151a1c3f041a071c140f3618001a06063f1a1703132d1c19151a5b45505d4a354e58525c2d59493615040a1e4f0507561b1e15580819	C(<get-QStorySettingStatusErrorColor>)139@4070L7:Color.kt#avp4iw
smali_classes2\飘花落叶言楪世子苏哲兰\飘花落叶言子楪世苏兰哲.smali	19692	071a0a4616191b0616191b064b1d121a1c07034610054f1a1b10170d4b50060b07582b3b1103131720100e1c0c02063d07140e1d1629131c1c07390709031350535d39070903134018014059565548	top.suzhelan.qstory.ui.theme.<get-QStorySettingStatusErrorColor> (Color.kt:139)
smali_classes2\飘花落叶言楪世子苏哲兰\飘花落叶言子楪世苏兰哲.smali	19698	305d460f00184c3f2001151a1c3f041a071c140f3618001a0606351e001e0d0f0a211f10112f0e021c0744415458532e47444359295b5b2d1c19151a4b07154d12030a5c0c1b	C(<get-QStorySettingStatusOverlayTextColor>)142@4191L7:Color.kt#avp4iw
smali_classes2\飘花落叶言楪世子苏哲兰\飘花落叶言子楪世苏兰哲.smali	19704	071a0a4616191b0616191b064b1d121a1c07034610054f1a1b10170d4b50060b07582b3b1103131720100e1c0c02063d07140e1d1623170b01191b113109191a301a160717524146301a160717420a1a49444e5a4c	top.suzhelan.qstory.ui.theme.<get-QStorySettingStatusOverlayTextColor> (Color.kt:142)
smali_classes2\飘花落叶言楪世子苏哲兰\飘花落叶言子楪世苏兰哲.smali	19710	305d460f00184c3f2001151a1c3f041a071c140f2905121a3a011f05260d130a301a16071752485f47403a5c565d5222444f39070903134018015909131c550704	C(<get-QStorySettingListItemCardColor>)145@4313L7:Color.kt#avp4iw
smali_classes2\飘花落叶言楪世子苏哲兰\飘花落叶言子楪世苏兰哲.smali	19716	071a0a4616191b0616191b064b1d121a1c07034610054f1a1b10170d4b50060b07582b3b1103131720100e1c0c0206221a060e2111090c2d12071e2b0a000e1c4d55522b0a000e1c5d1e0e5254585447	top.suzhelan.qstory.ui.theme.<get-QStorySettingListItemCardColor> (Color.kt:145)
smali_classes2\飘花落叶言楪世子苏哲兰\飘花落叶言子楪世苏兰哲.smali	19722	305d460f00184c3f2001151a1c3f041a071c140f2905121a3f1c17011109052d12071e2b0a000e1c4d5c4b5c5d2c555a4046365f5f2f0e021c075403114f00180341131f	C(<get-QStorySettingListLimitedCardColor>)148@4433L7:Color.kt#avp4iw
smali_classes2\飘花落叶言楪世子苏哲兰\飘花落叶言子楪世苏兰哲.smali	19728	071a0a4616191b0616191b064b1d121a1c07034610054f1a1b10170d4b50060b07582b3b1103131720100e1c0c0206221a060e240c01081a16113909170822011f1a0856454422011f1a08460e185b5f474d53	top.suzhelan.qstory.ui.theme.<get-QStorySettingListLimitedCardColor> (Color.kt:148)
smali_classes2\飘花落叶言楪世子苏哲兰\飘花落叶言子楪世苏兰哲.smali	19734	305d460f00184c3f2001151a1c3f041a071c140f2905121a2002131c060422061616110d0138091b1e173907090313505a444f592558545840394d5226030d01015b111c460d171e471c0d	C(<get-QStorySettingListSwitchCheckedThumbColor>)151@4563L7:Color.kt#avp4iw
smali_classes2\飘花落叶言楪世子苏哲兰\飘花落叶言子楪世苏兰哲.smali	19740	071a0a4616191b0616191b064b1d121a1c07034610054f1a1b10170d4b50060b07582b3b1103131720100e1c0c0206221a060e3b1205150d1b36120d0607040a271d0f05072f0e021c0744484d2f0e021c0754031156505b425c	top.suzhelan.qstory.ui.theme.<get-QStorySettingListSwitchCheckedThumbColor> (Color.kt:151)
smali_classes2\飘花落叶言楪世子苏哲兰\飘花落叶言子楪世苏兰哲.smali	19746	305d460f00184c3f2001151a1c3f041a071c140f2905121a2002131c06043400101d1f0b0e09053a1b00170a26030d01014b53595058215a454c4224525622011f1a08460e18420f05054e0112	C(<get-QStorySettingListSwitchUncheckedThumbColor>)154@4698L7:Color.kt#avp4iw
smali_classes2\飘花落叶言楪世子苏哲兰\飘花落叶言子楪世苏兰哲.smali	19752	071a0a4616191b0616191b064b1d121a1c07034610054f1a1b10170d4b50060b07582b3b1103131720100e1c0c0206221a060e3b1205150d1b20140b0d09020516112e001001032d1c19151a5b4c492d1c19151a4b07155442404e41	top.suzhelan.qstory.ui.theme.<get-QStorySettingListSwitchUncheckedThumbColor> (Color.kt:154)
smali_classes2\飘花落叶言楪世子苏哲兰\飘花落叶言子楪世苏兰哲.smali	19758	305d460f00184c3f2001151a1c3f041a071c140f2905121a2002131c060422061616110d0138130f101e3907090313505a444f5f2558595d40394d5226030d01015b111c460d171e471c0d	C(<get-QStorySettingListSwitchCheckedTrackColor>)157@4833L7:Color.kt#avp4iw
smali_classes2\飘花落叶言楪世子苏哲兰\飘花落叶言子楪世苏兰哲.smali	19764	071a0a4616191b0616191b064b1d121a1c07034610054f1a1b10170d4b50060b07582b3b1103131720100e1c0c0206221a060e3b1205150d1b36120d0607040a27071b0b0e2f0e021c0744484d2f0e021c0754031156505b445c	top.suzhelan.qstory.ui.theme.<get-QStorySettingListSwitchCheckedTrackColor> (Color.kt:157)
smali_classes2\飘花落叶言楪世子苏哲兰\飘花落叶言子楪世苏兰哲.smali	19770	305d460f00184c3f2001151a1c3f041a071c140f2905121a2002131c06043400101d1f0b0e09053a0114190326030d01014b5359535c215a4a434224525622011f1a08460e18420f05054e0112	C(<get-QStorySettingListSwitchUncheckedTrackColor>)160@4968L7:Color.kt#avp4iw
smali_classes2\飘花落叶言楪世子苏哲兰\飘花落叶言子楪世苏兰哲.smali	19776	071a0a4616191b0616191b064b1d121a1c07034610054f1a1b10170d4b50060b07582b3b1103131720100e1c0c0206221a060e3b1205150d1b20140b0d09020516112e1a040f0a2d1c19151a5b4c492d1c19151a4b07155442434a41	top.suzhelan.qstory.ui.theme.<get-QStorySettingListSwitchUncheckedTrackColor> (Color.kt:160)
smali_classes2\飘花落叶言楪世子苏哲兰\飘花落叶言子楪世苏兰哲.smali	19782	305d460f00184c3f2001151a1c28080f1f1a1d2b0a02150f1a1b1f1a26030d01014b5359535f215b434d4324525622011f1a08460e18420f05054e0112	C(<get-QStoryDialogContainerColor>)163@5089L7:Color.kt#avp4iw
smali_classes2\飘花落叶言楪世子苏哲兰\飘花落叶言子楪世苏兰哲.smali	19788	071a0a4616191b0616191b064b1d121a1c07034610054f1a1b10170d4b50060b07582b3b11031317371c1b040a0b22011d011b010b09132d1c19151a5b4c492d1c19151a4b07155442434941	top.suzhelan.qstory.ui.theme.<get-QStoryDialogContainerColor> (Color.kt:163)
smali_classes2\飘花落叶言楪世子苏哲兰\飘花落叶言子楪世苏兰哲.smali	19794	305d460f00184c3f2001151a1c3f041a071c140f3609001c101d33061519152d1c1b0e090c02041c301a16071752485f45433a5d575d5622444f39070903134018015909131c550704	C(<get-QStorySettingSearchInputContainerColor>)166@5217L7:Color.kt#avp4iw
smali_classes2\飘花落叶言楪世子苏哲兰\飘花落叶言子楪世苏兰哲.smali	19800	071a0a4616191b0616191b064b1d121a1c07034610054f1a1b10170d4b50060b07582b3b1103131720100e1c0c02063d1614080b0d250f1e060139070b1800071d10082b0a000e1c4d55522b0a000e1c5d1e0e52545a5747	top.suzhelan.qstory.ui.theme.<get-QStorySettingSearchInputContainerColor> (Color.kt:166)
smali_classes2\飘花落叶言楪世子苏哲兰\飘花落叶言子楪世苏兰哲.smali	19806	305d460f00184c3f2001151a1c3f041a071c140f3609001c101d320116180e1c0a211b0f3109191a301a16071752485f454c3a5d56595122444f39070903134018015909131c550704	C(<get-QStorySettingSearchHistoryTagTextColor>)169@5350L7:Color.kt#avp4iw
smali_classes2\飘花落叶言楪世子苏哲兰\飘花落叶言子楪世苏兰哲.smali	19812	071a0a4616191b0616191b064b1d121a1c07034610054f1a1b10170d4b50060b07582b3b1103131720100e1c0c02063d1614080b0d24081d071a0811310d063a160d0e2b0a000e1c4d55522b0a000e1c5d1e0e52545a5847	top.suzhelan.qstory.ui.theme.<get-QStorySettingSearchHistoryTagTextColor> (Color.kt:169)
smali_classes2\飘花落叶言楪世子苏哲兰\飘花落叶言子楪世苏兰哲.smali	19818	305d460f00184c3f2001151a1c3f041a071c140f310d0628061b191c0c030f2d1c19151a5b45505941354f5c52582d59493615040a1e4f0507561b1e15580819	C(<get-QStorySettingTagFunctionColor>)172@5474L7:Color.kt#avp4iw
smali_classes2\飘花落叶言楪世子苏哲兰\飘花落叶言子楪世苏兰哲.smali	19824	071a0a4616191b0616191b064b1d121a1c07034610054f1a1b10170d4b50060b07582b3b1103131720100e1c0c02063a12123c1d0b0f15071c1b390709031350535d39070903134018014059525e48	top.suzhelan.qstory.ui.theme.<get-QStorySettingTagFunctionColor> (Color.kt:172)
smali_classes2\飘花落叶言楪世子苏哲兰\飘花落叶言子楪世苏兰哲.smali	19830	305d460f00184c3f2001151a1c2d020d161b0e3c040b22011f1a08564c5d565b33404f5055205654301a160717420a1a50140c18510516	C(<get-QStoryAccentTagColor>)175@5580L7:Color.kt#avp4iw
smali_classes2\飘花落叶言楪世子苏哲兰\飘花落叶言子楪世苏兰哲.smali	19836	071a0a4616191b0616191b064b1d121a1c07034610054f1a1b10170d4b50060b07582b3b110313173216190d0b18350f143615040a1e5f4e5b3615040a1e4f05074f4b5f5045	top.suzhelan.qstory.ui.theme.<get-QStoryAccentTagColor> (Color.kt:175)
smali_classes2\飘花落叶言楪世子苏哲兰\飘花落叶言子楪世苏兰哲.smali	19842	305d460f00184c3f2001151a1c3f041a071c140f310d0629011a0f1826030d01014b53595254215b454c4a24525622011f1a08460e18420f05054e0112	C(<get-QStorySettingTagGroupColor>)178@5690L7:Color.kt#avp4iw
smali_classes2\飘花落叶言楪世子苏哲兰\飘花落叶言子楪世苏兰哲.smali	19848	071a0a4616191b0616191b064b1d121a1c07034610054f1a1b10170d4b50060b07582b3b1103131720100e1c0c02063a12123d1a0a19112d1c19151a5b4c492d1c19151a4b07155442424241	top.suzhelan.qstory.ui.theme.<get-QStorySettingTagGroupColor> (Color.kt:178)
smali_classes2\飘花落叶言楪世子苏哲兰\飘花落叶言子楪世苏兰哲.smali	19854	305d460f00184c3f2001151a1c39120b012313182c080400071c0e1126030d01014b53595d5d215b444c4324525622011f1a08460e18420f05054e0112	C(<get-QStoryUserVipIdentityColor>)181@5799L7:Color.kt#avp4iw
smali_classes2\飘花落叶言楪世子苏哲兰\飘花落叶言子楪世苏兰哲.smali	19860	071a0a4616191b0616191b064b1d121a1c07034610054f1a1b10170d4b50060b07582b3b1103131726061f1a330511271710141c0c18182d1c19151a5b4c492d1c19151a4b071554424d4b41	top.suzhelan.qstory.ui.theme.<get-QStoryUserVipIdentityColor> (Color.kt:181)
smali_classes2\飘花落叶言楪世子苏哲兰\飘花落叶言子楪世苏兰哲.smali	19866	305d460f00184c3f2001151a1c39120b0134191c0c030f2c06010e070b28081d1217160d012f0e021c0744415454552e464c485c295b5b2d1c19151a4b07154d12030a5c0c1b	C(<get-QStoryUserActionButtonDisabledColor>)184@5924L7:Color.kt#avp4iw
smali_classes2\飘花落叶言楪世子苏哲兰\飘花落叶言子楪世苏兰哲.smali	19872	071a0a4616191b0616191b064b1d121a1c07034610054f1a1b10170d4b50060b07582b3b1103131726061f1a240f15071c1b381d11180e00371c09090700040a301a160717524146301a160717420a1a4944425c4c	top.suzhelan.qstory.ui.theme.<get-QStoryUserActionButtonDisabledColor> (Color.kt:184)
smali_classes2\飘花落叶言楪世子苏哲兰\飘花落叶言子楪世苏兰哲.smali	19878	22260e07171522011f1a08380400041a0710520a170d0f0a23071305041e182d1c19151a58	QStoryColorPalette(brandPrimaryColor=
smali_classes2\飘花落叶言楪世子苏哲兰\飘花落叶言子楪世苏兰哲.smali	19884	5f550e0d1d18311c1a181b1a1c2f0e021c0747	, textPrimaryColor=
smali_classes2\飘花落叶言楪世子苏哲兰\飘花落叶言子楪世苏兰哲.smali	19890	5f550e0d1d18320b101a140c041e182d1c19151a58	, textSecondaryColor=
smali_classes2\飘花落叶言楪世子苏哲兰\飘花落叶言子楪世苏兰哲.smali	19896	5f55091c0418141d36070807172f0e021c0747	, statusErrorColor=
smali_classes2\飘花落叶言楪世子苏哲兰\飘花落叶言子楪世苏兰哲.smali	19902	5f55091c0418141d3c031f1a090d183a160d0e2b0a000e1c4e	, statusOverlayTextColor=
smali_classes2\飘花落叶言楪世子苏哲兰\飘花落叶言子楪世苏兰哲.smali	19908	5f5516011618281a16183909170822011f1a0855	, listItemCardColor=
smali_classes2\飘花落叶言楪世子苏哲兰\飘花落叶言子楪世苏兰哲.smali	19914	5f55160116182d071e1c0e0d012f001c173615040a1e5c	, listLimitedCardColor=
smali_classes2\飘花落叶言楪世子苏哲兰\飘花落叶言子楪世苏兰哲.smali	19920	5f55091f0c180206301d1f0b0e09053a1b00170a26030d010148	, switchCheckedThumbColor=
smali_classes2\飘花落叶言楪世子苏哲兰\飘花落叶言子楪世苏兰哲.smali	19926	5f55091f0c180206261b1900000f0a0b1721121d080e22011f1a0855	, switchUncheckedThumbColor=
smali_classes2\飘花落叶言楪世子苏哲兰\飘花落叶言子楪世苏兰哲.smali	19932	5f55091f0c180206301d1f0b0e09053a0114190326030d010148	, switchCheckedTrackColor=
smali_classes2\飘花落叶言楪世子苏哲兰\飘花落叶言子楪世苏兰哲.smali	19938	5f55091f0c180206261b1900000f0a0b17210809060722011f1a0855	, switchUncheckedTrackColor=
smali_classes2\飘花落叶言楪世子苏哲兰\飘花落叶言子楪世苏兰哲.smali	19944	5f551e0104000e09301a141c04050f0b013615040a1e5c	, dialogContainerColor=
smali_classes2\飘花落叶言楪世子苏哲兰\飘花落叶言子楪世苏兰哲.smali	19950	5f55090d041e02063a1b0a1d112f0e0007141306001e22011f1a0855	, searchInputContainerColor=
smali_classes2\飘花落叶言楪世子苏哲兰\飘花落叶言子楪世苏兰哲.smali	19956	5f55090d041e02063b1c091c0a1e183a12122e0d1d1822011f1a0855	, searchHistoryTagTextColor=
smali_classes2\飘花落叶言楪世子苏哲兰\飘花落叶言子楪世苏兰哲.smali	19962	5f550e09022a1400100113070b2f0e021c0747	, tagFunctionColor=
smali_classes2\飘花落叶言楪世子苏哲兰\飘花落叶言子楪世苏兰哲.smali	19968	5f551b0b06090f1a27141d2b0a000e1c4e	, accentTagColor=
smali_classes2\飘花落叶言楪世子苏哲兰\飘花落叶言子楪世苏兰哲.smali	19974	5f550e09022b13010605390709031353	, tagGroupColor=
smali_classes2\飘花落叶言楪世子苏哲兰\飘花落叶言子楪世苏兰哲.smali	19980	5f550f1b001e3707033c1e0d0b18081a0a3615040a1e5c	, userVipIdentityColor=
smali_classes2\飘花落叶言楪世子苏哲兰\飘花落叶言子楪世苏兰哲.smali	19986	5f550f1b001e200d071c15062719151a1c1b3e01160d03021611390709031353	, userActionButtonDisabledColor=
smali_classes2\飘花落叶言楪世子苏哲兰\飘花落叶言子楪世苏兰哲.smali	19992	305d2b3b11031317271d1f0500452f46171408033104040316591e110b0d0c07103615040a1e4d0d1c1b0e0d0b18485a45354858565e2d595f434b28575a515a3f474859495a502e41404959295e585a4924291c0a1e183a1b10170d4b07154d12030a5c0c1b	C(QStoryTheme)N(darkTheme,dynamicColor,content)46@2032L7,61@2604L221,61@2531L294:QStoryTheme.kt#avp4iw
smali_classes2\飘花落叶言楪世子苏哲兰\飘花落叶言子楪世苏兰哲.smali	19998	47473a595c5c52224144	42@1903L21
smali_classes2\飘花落叶言楪世子苏哲兰\飘花落叶言子楪世苏兰哲.smali	20004	071a0a4616191b0616191b064b1d121a1c07034610054f1a1b10170d4b3d321a1c07033c0d090c0b535d2b3b11031317271d1f0500420a1a49414f41	top.suzhelan.qstory.ui.theme.QStoryTheme (QStoryTheme.kt:45)
smali_classes2\飘花落叶言楪世子苏哲兰\飘花落叶言子楪世苏兰哲.smali	20010	30434c28575b52563f444b445359215c454c4b24545d595422260e071715350616181f460e18420f05054e0112	C66@2738L11,65@2691L118:QStoryTheme.kt#avp4iw
smali_classes2\飘花落叶言楪世子苏哲兰\飘花落叶言子楪世苏兰哲.smali	20016	071a0a4616191b0616191b064b1d121a1c07034610054f1a1b10170d4b3d321a1c07033c0d090c0b5d491b060a0218031c0009564b5000001c1b03050a191250535d2b3b11031317271d1f0500420a1a49434f41	top.suzhelan.qstory.ui.theme.QStoryTheme.<anonymous>.<anonymous> (QStoryTheme.kt:65)
smali_classes2\飘花落叶言楪世子苏哲兰\飘花落叶言子楪世苏兰哲.smali	20022	30434e28575a56593f444e5a495a532e41434b5c295e515b4924291c0a1e183a1b10170d4b07154d12030a5c0c1b	C64@2677L142,62@2614L205:QStoryTheme.kt#avp4iw
smali_classes2\飘花落叶言楪世子苏哲兰\飘花落叶言子楪世苏兰哲.smali	20028	071a0a4616191b0616191b064b1d121a1c07034610054f1a1b10170d4b3d321a1c07033c0d090c0b5d491b060a0218031c0009564544303d071a081131040403165b111c5f5a5347	top.suzhelan.qstory.ui.theme.QStoryTheme.<anonymous> (QStoryTheme.kt:62)
smali_classes2\飘花落叶言楪世子苏哲兰\飘花落叶言子楪世苏兰哲.smali	20034	371c080d06180e1c0a5d110d1c51	Directory(key=
smali_classes2\飘花落叶言楪世子苏哲兰\飘花落叶言子楪世苏兰哲.smali	20040	3500140b11050e005b1e1f1158	Function(key=
smali_classes2\飘花落叶言楪世子苏哲兰\飘花落叶言子楪世苏兰哲.smali	20046	5f55131b2002000c1f101e55	, isEnabled=
smali_classes2\飘花落叶言楪世子苏哲兰\飘花落叶言子楪世苏兰哲.smali	20052	3407151d15440a0b0a48	Group(key=
smali_classes2\飘花落叶言楪世子苏哲兰\飘花落叶言子楪世苏兰哲.smali	20058	3c01120d17440a0b0a48	Other(key=
smali_classes2\飘花落叶言楪世子苏哲兰\飘花落叶言子楪世苏兰哲.smali	20064	011a151c480b1301060557	root-group-
smali_classes2\飘花落叶言楪世子苏哲兰\飘花落叶言子楪世苏兰哲.smali	20070	14100e2c0c1e040d071a081130252800151a3601161849405d5b53	getDirectoryUIInfoList(...)
smali_classes2\飘花落叶言楪世子苏哲兰\飘花落叶言子楪世苏兰哲.smali	20076	3c21322d373337273622252131292c313a3b3c273a20283d27	OTHER_VIEW_ITEM_INFO_LIST
smali_classes2\飘花落叶言楪世子苏哲兰\飘花落叶言子楪世苏兰哲.smali	20082	011a151c48031506160757	root-other-
smali_classes2\飘花落叶言楪世子苏哲兰\飘花落叶言子楪世苏兰哲.smali	20088	171c080d06180e1c0a2013210b0a0e	directoryUiInfo
smali_classes2\飘花落叶言楪世子苏哲兰\飘花落叶言子楪世苏兰哲.smali	20094	1407151d153b130f03051f1a2905121a	groupWrapperList
smali_classes2\飘花落叶言楪世子苏哲兰\飘花落叶言子楪世苏兰哲.smali	20100	171c080d06180e1c0a581d1a0a191143	directory-group-
smali_classes2\飘花落叶言楪世子苏哲兰\飘花落叶言子楪世苏兰哲.smali	20106	171c080d06180e1c0a58	directory-
smali_classes2\飘花落叶言楪世子苏哲兰\飘花落叶言子楪世苏兰哲.smali	20112	061c330603032d070001	uiInfoList
smali_classes2\飘花落叶言楪世子苏哲兰\飘花落叶言子楪世苏兰哲.smali	20118	5e11131a000f1501010c57	-directory-
smali_classes2\飘花落叶言楪世子苏哲兰\飘花落叶言子楪世苏兰哲.smali	20124	5e130f06061808011d58	-function-
smali_classes2\飘花落叶言楪世子苏哲兰\飘花落叶言子楪世苏兰哲.smali	20130	31141903120d130a	Backward
smali_classes2\飘花落叶言楪世子苏哲兰\飘花落叶言子楪世苏兰哲.smali	20136	07071b06160515071c1b3e011709021a1a1a14	transitionDirection
smali_classes2\飘花落叶言楪世子苏哲兰\飘花落叶言子楪世苏兰哲.smali	20142	00101b1a06042a0b0a02151a01	searchKeyword
smali_classes2\飘花落叶言楪世子苏哲兰\飘花落叶言子楪世苏兰哲.smali	20148	00101b1a060429070001151a1c	searchHistory
smali_classes2\飘花落叶言楪世子苏哲兰\飘花落叶言子楪世苏兰哲.smali	20154	00101b1a0604330b0000161c16	searchResults
smali_classes2\飘花落叶言楪世子苏哲兰\飘花落叶言子楪世苏兰哲.smali	20160	14100e39343a041c001c15062b0d0c0b5b5b54464c	getQQVersionName(...)
smali_classes2\飘花落叶言楪世子苏哲兰\飘花落叶言子楪世苏兰哲.smali	20166	20100e1c0c02063b1a260e0911094918160709010a02350b0b0147	SettingUiState(versionText=
smali_classes2\飘花落叶言楪世子苏哲兰\飘花落叶言子楪世苏兰哲.smali	20172	5f55191d171e04000731131a000f1501010c47	, currentDirectory=
smali_classes2\飘花落叶言楪世子苏哲兰\飘花落叶言子楪世苏兰哲.smali	20178	5f550a0d0b080800143d130f0d0008091b01330601091953	, pendingHighlightIndex=
smali_classes2\飘花落叶言楪世子苏哲兰\飘花落叶言子楪世苏兰哲.smali	20184	5f55080d031e041d1b231f1a16050e004e	, refreshVersion=
smali_classes2\飘花落叶言楪世子苏哲兰\飘花落叶言子楪世苏兰哲.smali	20190	5f5509000a1b320b12071900210500021c1247	, showSearchDialog=
smali_classes2\飘花落叶言楪世子苏哲兰\飘花落叶言子楪世苏兰哲.smali	20196	5f550e1a04021207071c15062105130b100113070b51	, transitionDirection=
smali_classes2\飘花落叶言楪世子苏哲兰\飘花落叶言子楪世苏兰哲.smali	20202	5f55090d041e02063810031f0a1e0553	, searchKeyword=
smali_classes2\飘花落叶言楪世子苏哲兰\飘花落叶言子楪世苏兰哲.smali	20208	5f55090d041e02063b1c091c0a1e1853	, searchHistory=
smali_classes2\飘花落叶言楪世子苏哲兰\飘花落叶言子楪世苏兰哲.smali	20214	5f55090d041e02062110091d09181253	, searchResults=
smali_classes2\飘花落叶言楪世子苏哲兰\飘花落叶言子楪世苏兰哲.smali	20220	0714080f001825070110191c0a1e18	targetDirectory
smali_classes2\飘花落叶言楪世子苏哲兰\飘花落叶言子楪世苏兰哲.smali	20226	1a011f0530052800151a	itemUiInfo
smali_classes2\飘花落叶言楪世子苏哲兰\飘花落叶言子楪世苏兰哲.smali	20232	121b19000a1e37071602	anchorView
smali_classes2\飘花落叶言楪世子苏哲兰\飘花落叶言子楪世苏兰哲.smali	20238	1c01120d173a080b043c0e0d08250f081c	otherViewItemInfo
smali_classes2\飘花落叶言楪世子苏哲兰\飘花落叶言子楪世苏兰哲.smali	20244	1d001604450f00001d1a0e480709410d12060e48110341001c1b570610000d4e070c0a0d45070e1a1f1c144623000e0f07	null cannot be cast to non-null type kotlin.Float
smali_classes2\飘花落叶言楪世子苏哲兰\飘花落叶言子楪世苏兰哲.smali	20250	1c1b331c000122021a1611240c1f150b1d1008	onItemClickListener
smali_classes2\飘花落叶言楪世子苏哲兰\飘花落叶言子楪世苏兰哲.smali	20256	1d001604450f00001d1a0e480709410d12060e48110341001c1b570610000d4e070c0a0d450d0f0a011a130c4b1b080a14100e462905121a251c1f1f	null cannot be cast to non-null type android.widget.ListView
smali_classes2\飘花落叶言楪世子苏哲兰\飘花落叶言子楪世苏兰哲.smali	20262	161b191a1c1c15465d5b5441	encrypt(...)
smali_classes2\飘花落叶言楪世子苏哲兰\飘花落叶言子楪世苏兰哲.smali	20268	1710191a1c1c15465d5b5441	decrypt(...)
smali_classes2\飘花落叶言楪世子苏哲兰\飘花落叶言子楪世苏兰哲.smali	20274	14100e29171e00175b5b54464c	getArray(...)
smali_classes2\飘花落叶言楪世子苏哲兰\飘花落叶言子楪世苏兰哲.smali	20280	0307151e0c08041c	provider
smali_classes2\飘花落叶言楪世子苏哲兰\飘花落叶言子楪世苏兰哲.smali	20286	1f1c091c0002041c	listener
smali_classes2\飘花落叶言楪世子苏哲兰\飘花落叶言子楪世苏兰哲.smali	20292	1d001604450f00001d1a0e480709410d12060e48110341001c1b570610000d4e070c0a0d450d0f0a011a130c4b000e0d120113070b422d0110140e010a022c0f1d141d0d17	null cannot be cast to non-null type android.location.LocationManager
smali_classes2\飘花落叶言楪世子苏哲兰\飘花落叶言子楪世苏兰哲.smali	20298	121b1e1a0a050540031008050c1f12071c1b5429262f243d202a3c212b293e223c363b3c2c232f	android.permission.ACCESS_FINE_LOCATION
smali_classes2\飘花落叶言楪世子苏哲兰\飘花落叶言子楪世苏兰哲.smali	20304	121b1e1a0a050540031008050c1f12071c1b5429262f243d202a3927243e322b2c39352b243828213d	android.permission.ACCESS_COARSE_LOCATION
smali_classes2\飘花落叶言楪世子苏哲兰\飘花落叶言子楪世苏兰哲.smali	20310	1a181b0f003c001a1b	imagePath
smali_classes2\飘花落叶言楪世子苏哲兰\飘花落叶言子楪世苏兰哲.smali	20316	3c3628488ddbd286ccf292c7e389e9c59cc9e08dfed286e7f49dcdc780d2e58acbcf9dc1df	OCR 跳过识别：图片路径为空
smali_classes2\飘花落叶言楪世子苏哲兰\飘花落叶言子楪世苏兰哲.smali	20322	3c3628488ddbd286ccf292c7e389e9c59cc9e08dfed286e7f491c2e580c1f98befdd95d4e91c001a1b48	OCR 跳过识别：图片不存在，path=
smali_classes2\飘花落叶言楪世子苏哲兰\飘花落叶言子楪世苏兰哲.smali	20328	3c3628482705150312055a80caea84e6d890ded98dd8c4	OCR Bitmap 识别失败
smali_classes2\飘花落叶言楪世子苏哲兰\飘花落叶言子楪世苏兰哲.smali	20334	23252527263e175b2c18150a0c00043117100e460b0f0f005d051b1a0401	PP_OCRv5_mobile_det.ncnn.param
smali_classes2\飘花落叶言楪世子苏哲兰\飘花落叶言子楪世苏兰哲.smali	20340	23252527263e175b2c18150a0c00043117100e460b0f0f005d171306	PP_OCRv5_mobile_det.ncnn.bin
smali_classes2\飘花落叶言楪世子苏哲兰\飘花落叶言子楪世苏兰哲.smali	20346	23252527263e175b2c18150a0c000431011019460b0f0f005d051b1a0401	PP_OCRv5_mobile_rec.ncnn.param
smali_classes2\飘花落叶言楪世子苏哲兰\飘花落叶言子楪世苏兰哲.smali	20352	23252527263e175b2c18150a0c000431011019460b0f0f005d171306	PP_OCRv5_mobile_rec.ncnn.bin
smali_classes2\飘花落叶言楪世子苏哲兰\飘花落叶言子楪世苏兰哲.smali	20358	3c36284883c4c08bedfe9fe0f889c6e596f9ec8dc1dd89dad6	OCR 模型初始化失败
smali_classes2\飘花落叶言楪世子苏哲兰\飘花落叶言子楪世苏兰哲.smali	20364	03141e0c09090e0d014155	paddleocr4/
smali_classes2\飘花落叶言楪世子苏哲兰\飘花落叶言子楪世苏兰哲.smali	20370	12111e29161f041a23140e00	addAssetPath
smali_classes2\飘花落叶言楪世子苏哲兰\飘花落叶言子楪世苏兰哲.smali	20376	12111e29161f041a23140e00450a00071f101e5245	addAssetPath failed: 
smali_classes2\飘花落叶言楪世子苏哲兰\飘花落叶言子楪世苏兰哲.smali	20382	9af2f08ef1d2412130275a8dd9f987fdfd93edde80e3f089e7ea9fd4e789d9d6	释放 OCR 引擎时发生异常
smali_classes2\飘花落叶言楪世子苏哲兰\飘花落叶言子楪世苏兰哲.smali	20388	96e3cf8df3d984ffef90ebf480fdfd8be2e99ffed089f7db0d90ecdd80fad48be5c09ff9f989f7db96e4e68df4f084f8c60b9ffed089f7db96e3cf8df3d984ffef90ecdd80fad48be5c0048df3d984f8c690ebf480fdfd8be2e99ff9f989f7db96e4e61680fad48be5c09ffed089f0f296e3cf8df3d984f8c690ebf41b89f7db96e3cf8df3d984f8c690ecdd80fdfd8be5c09ff9f91284f8c690ecdd80fad48be5c09ff9f989f0f296e3cf8df4f0	喵喵呜呜呜呜喵喵~喵喵喵呜喵呜呜喵~喵喵喵喵呜喵喵喵~喵喵呜呜呜呜喵呜~喵喵喵呜喵喵喵呜~喵喵喵喵喵呜喵呜~喵喵喵喵呜呜喵呜
smali_classes2\飘花落叶言楪世子苏哲兰\飘花落叶言子楪世苏兰哲.smali	20394	03141e0c09090e0d0141	paddleocr4
smali_classes2\飘花落叶言楪世子苏哲兰\飘花落叶言子楪世苏兰哲.smali	20400	1c051f06370d163c1606151d170f04465d5b5441	openRawResource(...)
smali_classes2\飘花落叶言楪世子苏哲兰\飘花落叶言子楪世苏兰哲.smali	20406	22242c0d171f08011d	QQVersion
smali_classes2\飘花落叶言楪世子苏哲兰\飘花落叶言子楪世苏兰哲.smali	20412	22260e071715370b010613070b	QStoryVersion
smali_classes2\飘花落叶言楪世子苏哲兰\飘花落叶言子楪世苏兰哲.smali	20418	2b25151b0008350f14	XPosedTag
smali_classes2\飘花落叶言楪世子苏哲兰\飘花落叶言子楪世苏兰哲.smali	20424	37100c010609231c121b1e	DeviceBrand
smali_classes2\飘花落叶言楪世子苏哲兰\飘花落叶言子楪世苏兰哲.smali	20430	211a173e001e12071c1b	RomVersion
smali_classes2\飘花落叶言楪世子苏哲兰\飘花落叶言子楪世苏兰哲.smali	20436	321b1e1a0a050538160709010a02	AndroidVersion
smali_classes2\飘花落叶言楪世子苏哲兰\飘花落叶言子楪世苏兰哲.smali	20442	321b1e1a0a05053d373e	AndroidSDK
smali_classes2\飘花落叶言楪世子苏哲兰\飘花落叶言子楪世苏兰哲.smali	20448	200c091c00012c01171016	SystemModel
smali_classes2\飘花落叶言楪兰世子哲苏\飘花落叶言子楪哲世兰苏.smali	19	0707150715	troop
smali_classes2\飘花落叶言楪兰世子哲苏\飘花落叶言子楪哲世兰苏.smali	33	161815020c2505	emojiId
smali_classes2\飘花落叶言楪兰哲世苏子\飘花落叶言子楪世苏哲兰.smali	5904	2f09	\|
smali_classes2\飘花落叶言楪哲苏世子兰\飘花落叶言子楪世苏兰哲.smali	55	171c1b040a0b	dialog
smali_classes2\飘花落叶言楪子兰苏世哲\飘花落叶言子楪世苏哲兰.smali	357	1f1c091c	list
smali_classes2\飘花落叶言楪子兰苏世哲\飘花落叶言子楪世苏哲兰.smali	644	12111b18110913	adapter
smali_classes2\飘花落叶言楪子兰苏世哲\飘花落叶言子楪世苏哲兰.smali	890	96fdda81fcc8	删除
smali_classes2\飘花落叶言楪子兰苏世哲\飘花落叶言子楪世苏哲兰.smali	945	96faec8ed3e4	取消
smali_classes2\飘花落叶言楪子兰苏世哲\飘花落叶言子楪世苏哲兰.smali	997	12071d1b	args
smali_classes2\飘花落叶言楪子兰苏世哲\飘花落叶言子楪世苏哲兰.smali	1033	40	3
smali_classes2\飘花落叶言楪子兰苏世哲\飘花落叶言子楪世苏哲兰.smali	1039	41	2
smali_classes2\飘花落叶言楪子兰苏世哲\飘花落叶言子楪世苏哲兰.smali	1045	44	7
smali_classes2\飘花落叶言楪子兰苏世哲\飘花落叶言子楪世苏哲兰.smali	1051	46	5
smali_classes2\飘花落叶言楪子兰苏世哲\飘花落叶言子楪世苏哲兰.smali	1057	42	1
smali_classes2\飘花落叶言苏世兰哲子楪\飘花落叶言子楪世兰苏哲.smali	46	12071d1b	args
smali_classes2\飘花落叶言苏世兰哲子楪\飘花落叶言子楪世兰苏哲.smali	97	181003	key
smali_classes2\飘花落叶言苏世兰哲子楪\飘花落叶言子楪世哲兰苏.smali	60	070c0a0d	type
smali_classes2\飘花落叶言苏世兰哲子楪\飘花落叶言子楪世哲兰苏.smali	64	1d14170d	name
smali_classes2\飘花落叶言苏世兰哲子楪\飘花落叶言子楪世哲兰苏.smali	120	000108010b0b	string
smali_classes2\飘花落叶言苏世兰哲子楪\飘花落叶言子楪世哲兰苏.smali	185	1c17100d0618	object
smali_classes2\飘花落叶言苏世兰哲子楪\飘花落叶言子楪世哲兰苏.smali	250	1d00170a001e	number
smali_classes2\飘花落叶言苏世兰哲子楪\飘花落叶言子楪世哲兰苏.smali	315	1a1b0e0d020913	integer
smali_classes2\飘花落叶言苏世兰哲子楪\飘花落叶言子楪世哲兰苏.smali	380	111a1504000d0f	boolean
smali_classes2\飘花落叶言苏世兰哲子楪\飘花落叶言子楪世苏兰哲.smali	55	061c14	uin
smali_classes2\飘花落叶言苏世兰哲子楪\飘花落叶言子楪世苏兰哲.smali	408	171a17090c02	domain
smali_classes2\飘花落叶言苏世兰哲子楪\飘花落叶言子楪世苏兰哲.smali	420	96eae58df5e1	域名
smali_classes2\飘花落叶言苏世兰哲子楪\飘花落叶言子楪世苏兰哲.smali	615	14100e3707070f	get_bkn
smali_classes2\飘花落叶言苏世兰哲子楪\飘花落叶言子楪世苏兰哲.smali	651	0306110d1c	pskey
smali_classes2\飘花落叶言苏世兰哲子楪\飘花落叶言子楪世苏兰哲.smali	740	14100e3702180a	get_gtk
smali_classes2\飘花落叶言苏世兰哲子楪\飘花落叶言子楪世苏兰哲.smali	926	181003	key
smali_classes2\飘花落叶言苏世兰哲子楪\飘花落叶言子楪世苏兰哲.smali	1116	0514161d00	value
smali_classes2\飘花落叶言苏世兰哲子楪\飘花落叶言子楪世苏兰哲.smali	1367	14100e370c0215	get_int
smali_classes2\飘花落叶言苏世兰哲子楪\飘花落叶言子楪世苏兰哲.smali	1456	03000e370c0215	put_int
smali_classes2\飘花落叶言苏世兰哲子楪\飘花落叶言子楪世苏兰哲.smali	2192	1a11	id
smali_classes2\飘花落叶言苏世兰哲子楪\飘花落叶言子楪世苏兰哲.smali	2206	071c0e0400	title
smali_classes2\飘花落叶言苏世兰哲子楪\飘花落叶言子楪世苏兰哲.smali	2234	12160e010a02	action
smali_classes2\飘花落叶言苏世兰哲子楪\飘花落叶言子楪兰世哲苏.smali	164	1119150b0e	block
smali_classes2\飘花落叶言苏世兰哲子楪\飘花落叶言子楪兰世苏哲.smali	55	060716	url
smali_classes2\飘花落叶言苏世兰哲子楪\飘花落叶言子楪兰世苏哲.smali	87	1b101b0c001e12	headers
smali_classes2\飘花落叶言苏世兰哲子楪\飘花落叶言子楪兰世苏哲.smali	240	17140e09	data
smali_classes2\飘花落叶言苏世兰哲子楪\飘花落叶言子楪兰世苏哲.smali	638	03140e00	path
smali_classes2\飘花落叶言苏世兰哲子楪\飘花落叶言子楪兰苏世哲.smali	26	1a11	id
smali_classes2\飘花落叶言苏世兰哲子楪\飘花落叶言子楪兰苏世哲.smali	40	071c0e0400	title
smali_classes2\飘花落叶言苏世兰哲子楪\飘花落叶言子楪兰苏世哲.smali	77	1119150b0e	block
smali_classes2\飘花落叶言苏世兰哲子楪\飘花落叶言子楪哲世兰苏.smali	42	181003	key
smali_classes2\飘花落叶言苏世兰哲子楪\飘花落叶言子楪哲世苏兰.smali	42	0514161d001f	values
smali_classes2\飘花落叶言苏世兰哲子楪\飘花落叶言子楪哲兰世苏.smali	55	1b101b0c001e12	headers
smali_classes2\飘花落叶言苏世兰哲子楪\飘花落叶言子楪哲兰世苏.smali	59	060716	url
smali_classes2\飘花落叶言苏世兰哲子楪\飘花落叶言子楪哲兰世苏.smali	63	12071d1b	args
smali_classes2\飘花落叶言苏世兰哲子楪\飘花落叶言子楪哲兰世苏.smali	91	1e061d	msg
smali_classes2\飘花落叶言苏世兰哲子楪\飘花落叶言子楪哲兰世苏.smali	113	94d4d48dcbf6	确定
smali_classes2\飘花落叶言苏世兰哲子楪\飘花落叶言子楪哲兰世苏.smali	660	03140e00	path
smali_classes2\飘花落叶言苏世兰哲子楪\飘花落叶言子楪哲兰世苏.smali	832	17140e09	data
smali_classes2\飘花落叶言苏世兰哲子楪\飘花落叶言子楪哲兰世苏.smali	844	4f0112011652	<this>
smali_classes2\飘花落叶言苏世兰哲子楪\飘花落叶言子楪哲兰世苏.smali	853	1d14170d	name
smali_classes2\飘花落叶言苏世兰哲子楪\飘花落叶言子楪哲兰世苏.smali	1073	061c14	uin
smali_classes2\飘花落叶言苏世兰哲子楪\飘花落叶言子楪哲兰世苏.smali	1134	10181e	cmd
smali_classes2\飘花落叶言苏世兰哲子楪\飘花落叶言子楪哲兰苏世.smali	64	101a141c000215	content
smali_classes2\飘花落叶言苏世兰哲子楪\飘花落叶言子楪哲兰苏世.smali	132	03140e00	path
smali_classes2\飘花落叶言苏世兰哲子楪\飘花落叶言子楪哲兰苏世.smali	407	061c14	uin
smali_classes2\飘花落叶言苏世兰哲子楪\飘花落叶言子楪哲兰苏世.smali	536	10181e	cmd
smali_classes2\飘花落叶言苏世兰哲子楪\飘花落叶言子楪哲兰苏世.smali	907	101a0f0611	count
smali_classes2\飘花落叶言苏世兰哲子楪\飘花落叶言子楪哲苏世兰.smali	73	4f0112011652	<this>
smali_classes2\飘花落叶言苏世兰哲子楪\飘花落叶言子楪哲苏世兰.smali	87	1d14170d	name
smali_classes2\飘花落叶言苏世兰哲子楪\飘花落叶言子楪哲苏世兰.smali	135	4f0112011652	<this>
smali_classes2\飘花落叶言苏世兰哲子楪\飘花落叶言子楪哲苏世兰.smali	149	1d14170d	name
smali_classes2\飘花落叶言苏世兰哲子楪\飘花落叶言子楪哲苏世兰.smali	294	4f0112011652	<this>
smali_classes2\飘花落叶言苏世兰哲子楪\飘花落叶言子楪哲苏世兰.smali	308	1d14170d	name
smali_classes2\飘花落叶言苏世兰哲子楪\飘花落叶言子楪哲苏世兰.smali	426	4f0112011652	<this>
smali_classes2\飘花落叶言苏世兰哲子楪\飘花落叶言子楪哲苏世兰.smali	440	1d14170d	name
smali_classes2\飘花落叶言苏世兰哲子楪\飘花落叶言子楪哲苏世兰.smali	521	4f0112011652	<this>
smali_classes2\飘花落叶言苏世兰哲子楪\飘花落叶言子楪哲苏世兰.smali	535	1d14170d	name
smali_classes2\飘花落叶言苏世兰哲子楪\飘花落叶言子楪哲苏世兰.smali	663	4f0112011652	<this>
smali_classes2\飘花落叶言苏世兰哲子楪\飘花落叶言子楪哲苏世兰.smali	889	4f0112011652	<this>
smali_classes2\飘花落叶言苏世兰哲子楪\飘花落叶言子楪哲苏世兰.smali	903	1d14170d	name
smali_classes2\飘花落叶言苏世兰哲子楪\飘花落叶言子楪哲苏世兰.smali	975	4f0112011652	<this>
smali_classes2\飘花落叶言苏世兰哲子楪\飘花落叶言子楪哲苏世兰.smali	989	1d14170d	name
smali_classes2\飘花落叶言苏世兰哲子楪\飘花落叶言子楪哲苏世兰.smali	1081	4f0112011652	<this>
smali_classes2\飘花落叶言苏世兰哲子楪\飘花落叶言子楪哲苏世兰.smali	1678	1119150b0e	block
smali_classes2\飘花落叶言苏世兰哲子楪\飘花落叶言子楪哲苏世兰.smali	1721	1119150b0e	block
smali_classes2\飘花落叶言苏世兰哲子楪\飘花落叶言子楪苏世兰哲.smali	522	1507130d0b08	friend
smali_classes2\飘花落叶言苏世兰哲子楪\飘花落叶言子楪苏世兰哲.smali	542	1407151d15	group
smali_classes2\飘花落叶言苏世兰哲子楪\飘花落叶言子楪苏世兰哲.smali	684	03101f1a300505	peerUid
smali_classes2\飘花落叶言苏世兰哲子楪\飘花落叶言子楪苏世兰哲.smali	1135	271c170d0a1915	Timeout
smali_classes2\飘花落叶言苏世兰哲子楪\飘花落叶言子楪苏世兰哲.smali	1377	1119150b0e	block
smali_classes2\飘花落叶言苏世兰哲子楪\飘花落叶言子楪苏世兰哲.smali	1472	5310081a58	 err=
smali_classes2\飘花落叶言苏世兰哲子楪\飘花落叶言子楪苏世哲兰.smali	55	03140e00	path
smali_classes2\飘花落叶言苏世兰哲子楪\飘花落叶言子楪苏世哲兰.smali	200	0710021c	text
smali_classes2\飘花落叶言苏世兰哲子楪\飘花落叶言子楪苏世哲兰.smali	1040	061c14	uin
smali_classes2\飘花落叶言苏世兰哲子楪\飘花落叶言子楪苏世哲兰.smali	1226	101a0f0611	count
smali_classes2\飘花落叶言苏世兰哲子楪\飘花落叶言子楪苏兰世哲.smali	155	1119150b0e	block
smali_classes2\飘花落叶言苏世兰哲子楪\飘花落叶言子楪苏兰哲世.smali	67	94cbde8deadb	群号
smali_classes2\飘花落叶言苏世兰哲子楪\飘花落叶言子楪苏兰哲世.smali	204	061c14	uin
smali_classes2\飘花落叶言苏世兰哲子楪\飘花落叶言子楪苏兰哲世.smali	800	071c0e0400	title
smali_classes2\飘花落叶言苏世兰哲子楪\飘花落叶言子楪苏兰哲世.smali	816	96d1ce80c4f8	头衔
smali_classes2\飘花落叶言苏世兰哲子楪\飘花落叶言子楪苏兰哲世.smali	1018	071c170d	time
smali_classes2\飘花落叶言苏世兰哲子楪\飘花落叶言子楪苏兰哲世.smali	1132	181c1903	kick
smali_classes2\飘花落叶言苏世兰哲子楪\飘花落叶言子楪苏哲世兰.smali	282	1119150b0e	block
smali_classes2\飘花落叶言苏世兰哲子楪\飘花落叶言子楪苏哲世兰.smali	309	22249fe7d2	QQ号
smali_classes2\飘花落叶言苏世兰哲子楪\飘花落叶言子楪苏哲世兰.smali	326	95edcf8fc2dc	昵称
smali_classes2\飘花落叶言苏世兰哲子楪\飘花落叶言子楪苏哲兰世.smali	155	1119150b0e	block
smali_classes2\飘花落叶言苏世兰子哲楪\飘花落叶言子楪世哲兰苏.smali	57	1f1a1b0c001e	loader
smali_classes2\飘花落叶言苏世兰子哲楪\飘花落叶言子楪世哲苏兰.smali	41	22260e071715	QStory
smali_classes2\飘花落叶言苏世兰子哲楪\飘花落叶言子楪世哲苏兰.smali	222	1f1c091c	list
smali_classes2\飘花落叶言苏世兰子哲楪\飘花落叶言子楪世苏兰哲.smali	665	5d0f1318	.zip
smali_classes2\飘花落叶言苏世兰子哲楪\飘花落叶言子楪世苏兰哲.smali	1005	5337	 B
smali_classes2\飘花落叶言苏世兰子哲楪\飘花落叶言子楪世苏兰哲.smali	1054	565b4b0e452723	%.1f KB
smali_classes2\飘花落叶言苏世兰子哲楪\飘花落叶言子楪世苏兰哲.smali	1117	565b480e452123	%.2f MB
smali_classes2\飘花落叶言苏世兰子哲楪\飘花落叶言子楪世苏兰哲.smali	1424	5d0f1318	.zip
smali_classes2\飘花落叶言苏世兰子哲楪\飘花落叶言子楪世苏兰哲.smali	1664	06061f1a	user
smali_classes2\飘花落叶言苏世兰子哲楪\飘花落叶言子楪世苏兰哲.smali	1683	06061f1a	user
smali_classes2\飘花落叶言苏世兰子楪哲\飘花落叶言子楪世兰苏哲.smali	30	16	e
smali_classes2\飘花落叶言苏世兰子楪哲\飘花落叶言子楪世兰苏哲.smali	54	15	f
smali_classes2\飘花落叶言苏世兰子楪哲\飘花落叶言子楪世苏兰哲.smali	534	1c1b39040c0f0a	onClick
smali_classes2\飘花落叶言苏世兰子楪哲\飘花落叶言子楪苏世兰哲.smali	80	171016091c	delay
smali_classes2\飘花落叶言苏世兰子楪哲\飘花落叶言子楪苏世兰哲.smali	276	1b17	hb
smali_classes2\飘花落叶言苏世兰子楪哲\飘花落叶言子楪苏哲世兰.smali	202	03101f1a300505	peerUid
smali_classes2\飘花落叶言苏世兰子楪哲\飘花落叶言子楪苏哲世兰.smali	330	12000e000e0918	authkey
smali_classes2\飘花落叶言苏世兰子楪哲\飘花落叶言子楪苏哲世兰.smali	354	111c16042b03	billNo
smali_classes2\飘花落叶言苏世兰子楪哲\飘花落叶言子楪苏哲世兰.smali	429	1d1a0e010609	notice
smali_classes2\飘花落叶言苏世兰子楪哲\飘花落叶言子楪苏哲世兰.smali	679	53	 
smali_classes2\飘花落叶言苏世兰子楪哲\飘花落叶言子楪苏哲世兰.smali	755	0f	|
smali_classes2\飘花落叶言苏世兰子楪哲\飘花落叶言子楪苏哲世兰.smali	788	2f09	\|
smali_classes2\飘花落叶言苏世兰子楪哲\飘花落叶言子楪苏哲世兰.smali	1001	5b	(
smali_classes2\飘花落叶言苏世兰子楪哲\飘花落叶言子楪苏哲世兰.smali	1023	5a7f	)\n
smali_classes2\飘花落叶言苏世兰子楪哲\飘花落叶言子楪苏哲世兰.smali	1063	5a	)
smali_classes2\飘花落叶言苏世兰楪子哲\飘花落叶言子楪世兰苏哲.smali	760	1c1b2a09101f04	onPause
smali_classes2\飘花落叶言苏世兰楪子哲\飘花落叶言子楪世哲兰苏.smali	126	1c1b2a09101f04	onPause
smali_classes2\飘花落叶言苏世兰楪子哲\飘花落叶言子楪世苏兰哲.smali	139	1c1b2a09101f04	onPause
smali_classes2\飘花落叶言苏世兰楪子哲\飘花落叶言子楪苏世哲兰.smali	139	1c1b2a09101f04	onPause
smali_classes2\飘花落叶言苏世哲子兰楪\飘花落叶言子楪世苏哲兰.smali	206	061c14	uin
smali_classes2\飘花落叶言苏世哲子兰楪\飘花落叶言子楪世苏哲兰.smali	244	1d1c1903	nick
smali_classes2\飘花落叶言苏世哲子兰楪\飘花落叶言子楪世苏哲兰.smali	278	011017091707	remark
smali_classes2\飘花落叶言苏世哲子兰楪\飘花落叶言子楪世苏哲兰.smali	312	12121f	age
smali_classes2\飘花落叶言苏世哲子兰楪\飘花落叶言子楪世苏哲兰.smali	358	001002	sex
smali_classes2\飘花落叶言苏世哲子兰楪\飘花落叶言子楪世苏哲兰.smali	613	061c1e	uid
smali_classes2\飘花落叶言苏世哲子兰楪\飘花落叶言子楪世苏哲兰.smali	1298	061c14	uin
smali_classes2\飘花落叶言苏世哲子楪兰\飘花落叶言子楪世哲苏兰.smali	145	1c1b39040c0f0a	onClick
smali_classes2\飘花落叶言苏世哲子楪兰\飘花落叶言子楪世苏哲兰.smali	224	03140e00	path
smali_classes2\飘花落叶言苏世哲子楪兰\飘花落叶言子楪世苏哲兰.smali	912	02060e071715	qstory
smali_classes2\飘花落叶言苏世哲子楪兰\飘花落叶言子楪世苏哲兰.smali	1018	5c361b0b0d09	/Cache
smali_classes2\飘花落叶言苏世哲子楪兰\飘花落叶言子楪世苏哲兰.smali	1065	5c39150f	/Log
smali_classes2\飘花落叶言苏世哲子楪兰\飘花落叶言子楪世苏哲兰.smali	1254	171a291c001c	doStep
smali_classes2\飘花落叶言苏世哲子楪兰\飘花落叶言子楪世苏哲兰.smali	1572	00011b1a11	start
smali_classes2\飘花落叶言苏世哲楪兰子\飘花落叶言子楪世苏哲兰.smali	214	12000e000e0918	authkey
smali_classes2\飘花落叶言苏世哲楪兰子\飘花落叶言子楪世苏哲兰.smali	235	1b17250e17030c	hb_from
smali_classes2\飘花落叶言苏世哲楪兰子\飘花落叶言子楪世苏哲兰.smali	247	43	0
smali_classes2\飘花落叶言苏世哲楪兰子\飘花落叶言子楪世苏哲兰.smali	314	1407151d150505	groupid
smali_classes2\飘花落叶言苏世哲楪兰子\飘花落叶言子楪世苏哲兰.smali	335	101d1b060b090d	channel
smali_classes2\飘花落叶言苏世哲楪兰子\飘花落叶言子楪世苏哲兰.smali	406	1f1c091c0c08	listid
smali_classes2\飘花落叶言苏世哲楪兰子\飘花落叶言子楪世苏哲兰.smali	439	42	1
smali_classes2\飘花落叶言苏世哲楪兰子\飘花落叶言子楪世苏哲兰.smali	473	121b091f001e	answer
smali_classes2\飘花落叶言苏世哲楪兰子\飘花落叶言子楪世苏哲兰.smali	515	071c14110c08	tinyid
smali_classes2\飘花落叶言苏世哲楪兰子\飘花落叶言子楪世苏哲兰.smali	549	1d14170d	name
smali_classes2\飘花落叶言苏世哲楪兰子\飘花落叶言子楪世苏哲兰.smali	566	061c14	uin
smali_classes2\飘花落叶言苏世哲楪兰子\飘花落叶言子楪世苏哲兰.smali	583	1e061d37080854	msg_md5
smali_classes2\飘花落叶言苏世哲楪兰子\飘花落叶言子楪世苏哲兰.smali	600	1e061d37160910	msg_seq
smali_classes2\飘花落叶言苏世哲楪兰子\飘花落叶言子楪世苏哲兰.smali	617	1e061d370c08	msg_id
smali_classes2\飘花落叶言苏世哲楪兰子\飘花落叶言子楪世苏哲兰.smali	668	4e	=
smali_classes2\飘花落叶言苏世哲楪兰子\飘花落叶言子楪世苏哲兰.smali	672	55	&
smali_classes2\飘花落叶言苏世哲楪兰子\飘花落叶言子楪世苏哲兰.smali	1326	26213c455d	UTF-8
smali_classes2\飘花落叶言苏世哲楪兰子\飘花落叶言子楪世苏哲兰.smali	1421	10121326040104	cgiName
smali_classes2\飘花落叶言苏世哲楪兰子\飘花落叶言子楪世苏哲兰.smali	1441	00100e	set
smali_classes2\飘花落叶言苏世哲楪兰子\飘花落叶言子楪世苏哲兰.smali	1482	01100b2a0a0818	reqBody
smali_classes2\飘花落叶言苏世哲楪兰子\飘花落叶言子楪世苏哲兰.smali	1669	10181e	cmd
smali_classes2\飘花落叶言苏世哲楪兰子\飘花落叶言子楪世苏哲兰.smali	1698	17140e09	data
smali_classes2\飘花落叶言苏世哲楪兰子\飘花落叶言子楪世苏哲兰.smali	1715	071c170d0a1915	timeout
smali_classes2\飘花落叶言苏世子兰楪哲\飘花落叶言子楪世苏哲兰.smali	55	1c000e3a000f15	outRect
smali_classes2\飘花落叶言苏世子兰楪哲\飘花落叶言子楪世苏哲兰.smali	69	051c1f1f	view
smali_classes2\飘花落叶言苏世子兰楪哲\飘花落叶言子楪世苏哲兰.smali	83	0314080d0b18	parent
smali_classes2\飘花落叶言苏世子兰楪哲\飘花落叶言子楪世苏哲兰.smali	92	00011b1c00	state
smali_classes2\飘花落叶言苏世子楪兰哲\飘花落叶言子楪世兰苏哲.smali	46	171c1b040a0b	dialog
smali_classes2\飘花落叶言苏世子楪兰哲\飘花落叶言子楪世兰苏哲.smali	60	05	v
smali_classes2\飘花落叶言苏世子楪兰哲\飘花落叶言子楪世苏兰哲.smali	62	171c1b040a0b	dialog
smali_classes2\飘花落叶言苏世子楪兰哲\飘花落叶言子楪世苏兰哲.smali	145	171c1b040a0b	dialog
smali_classes2\飘花落叶言苏世子楪兰哲\飘花落叶言子楪世苏哲兰.smali	173	171c1b040a0b	dialog
smali_classes2\飘花落叶言苏世子楪兰哲\飘花落叶言子楪世苏哲兰.smali	181	05	v
smali_classes2\飘花落叶言苏世子楪哲兰\飘花落叶言子楪世苏哲兰.smali	197	101a141c001415	context
smali_classes2\飘花落叶言苏世子楪哲兰\飘花落叶言子楪世苏哲兰.smali	206	0314080d0b18	parent
smali_classes2\飘花落叶言苏世子楪哲兰\飘花落叶言子楪世苏哲兰.smali	691	1b1a160c001e	holder
smali_classes2\飘花落叶言苏世子楪哲兰\飘花落叶言子楪世苏哲兰.smali	785	5c434e584a	/640/
smali_classes2\飘花落叶言苏世楪兰哲子\飘花落叶言子楪世苏兰哲.smali	137	43	0
smali_classes2\飘花落叶言苏世楪兰哲子\飘花落叶言子楪世苏兰哲.smali	153	95e9d08ffac9	未知
smali_classes2\飘花落叶言苏世楪哲兰子\飘花落叶言子楪世苏哲兰.smali	58	1a11	id
smali_classes2\飘花落叶言苏世楪哲兰子\飘花落叶言子楪世苏哲兰.smali	98	1e061d37160910	msg_seq
smali_classes2\飘花落叶言苏世楪哲兰子\飘花落叶言子楪世苏哲兰.smali	316	17101907010913	decoder
smali_classes2\飘花落叶言苏世楪哲兰子\飘花落叶言子楪世苏哲兰.smali	661	161b1907010913	encoder
smali_classes2\飘花落叶言苏世楪哲兰子\飘花落叶言子楪世苏哲兰.smali	670	0514161d00	value
smali_classes2\飘花落叶言苏世楪哲子兰\飘花落叶言子楪世哲兰苏.smali	20	2c2a1e0a	__db
smali_classes2\飘花落叶言苏世楪哲子兰\飘花落叶言子楪世哲苏兰.smali	93	1a11	id
smali_classes2\飘花落叶言苏世楪哲子兰\飘花落叶言子楪世哲苏兰.smali	133	1e061d37160910	msg_seq
smali_classes2\飘花落叶言苏哲世兰楪子\飘花落叶言子楪世哲兰苏.smali	20	181003	key
smali_classes2\飘花落叶言苏哲世兰楪子\飘花落叶言子楪世哲兰苏.smali	29	1a1b1c07	info
smali_classes2\飘花落叶言苏哲世兰楪子\飘花落叶言子楪世哲兰苏.smali	229	5f55130603035c	, info=
smali_classes2\飘花落叶言苏哲世兰楪子\飘花落叶言子楪世哲苏兰.smali	20	181003	key
smali_classes2\飘花落叶言苏哲世兰楪子\飘花落叶言子楪世哲苏兰.smali	29	1a1b1c07	info
smali_classes2\飘花落叶言苏哲世兰楪子\飘花落叶言子楪世哲苏兰.smali	229	5f55130603035c	, info=
smali_classes2\飘花落叶言苏哲世兰楪子\飘花落叶言子楪世苏兰哲.smali	22	181003	key
smali_classes2\飘花落叶言苏哲世兰楪子\飘花落叶言子楪世苏兰哲.smali	31	1a1b1c07	info
smali_classes2\飘花落叶言苏哲世兰楪子\飘花落叶言子楪世苏兰哲.smali	270	5f55130603035c	, info=
smali_classes2\飘花落叶言苏哲世兰楪子\飘花落叶言子楪世苏哲兰.smali	20	181003	key
smali_classes2\飘花落叶言苏哲世兰楪子\飘花落叶言子楪世苏哲兰.smali	29	1a1b1c07	info
smali_classes2\飘花落叶言苏哲世兰楪子\飘花落叶言子楪世苏哲兰.smali	229	5f55130603035c	, info=
smali_classes2\飘花落叶言苏哲世兰楪子\飘花落叶言子楪苏世兰哲.smali	48	415b4c4651	2.6.4
smali_classes2\飘花落叶言苏哲世兰楪子\飘花落叶言子楪苏世兰哲.smali	97	222440	QQ:
smali_classes2\飘花落叶言苏哲世兰楪子\飘花落叶言子楪苏世兰哲.smali	229	1810031f0a1e05	keyword
smali_classes2\飘花落叶言苏哲世子兰楪\飘花落叶言子楪世哲苏兰.smali	98	303d3f2b2e33	CHECK_
smali_classes2\飘花落叶言苏哲世子兰楪\飘花落叶言子楪世苏哲兰.smali	18	171b09240c1f15	dnsList
smali_classes2\飘花落叶言苏哲世楪兰子\飘花落叶言子楪世兰哲苏.smali	67	16070807175641	error: 
smali_classes2\飘花落叶言苏哲世楪兰子\飘花落叶言子楪世兰哲苏.smali	71	4f0112011652	<this>
smali_classes2\飘花落叶言苏哲世楪兰子\飘花落叶言子楪世兰哲苏.smali	839	140509	gps
smali_classes2\飘花落叶言苏哲世楪兰子\飘花落叶言子楪世兰哲苏.smali	867	1d100e1f0a1e0a	network
smali_classes2\飘花落叶言苏哲世楪兰子\飘花落叶言子楪世哲兰苏.smali	54	171c1b040a0b	dialog
smali_classes2\飘花落叶言苏哲世楪兰子\飘花落叶言子楪世哲兰苏.smali	68	05	v
smali_classes2\飘花落叶言苏哲世楪兰子\飘花落叶言子楪世哲兰苏.smali	247	1507130d0b0812	friends
smali_classes2\飘花落叶言苏哲世楪兰子\飘花落叶言子楪世哲苏兰.smali	70	5391c2c2	 个
smali_classes2\飘花落叶言苏哲世楪兰子\飘花落叶言子楪世哲苏兰.smali	74	95fdea8deff341	成功 
smali_classes2\飘花落叶言苏哲世楪兰子\飘花落叶言子楪苏兰世哲.smali	129	94d4d48dcbf6	确定
smali_classes2\飘花落叶言苏哲世楪兰子\飘花落叶言子楪苏兰世哲.smali	170	061c14240c1f15	uinList
smali_classes2\飘花落叶言苏哲世楪子兰\飘花落叶言子楪世哲兰苏.smali	15	1507130d0b08	friend
smali_classes2\飘花落叶言苏哲世楪子兰\飘花落叶言子楪世哲苏兰.smali	328	061c14	uin
smali_classes2\飘花落叶言苏哲世楪子兰\飘花落叶言子楪世哲苏兰.smali	362	011017091707	remark
smali_classes2\飘花落叶言苏哲世楪子兰\飘花落叶言子楪世哲苏兰.smali	656	96fdfc8fdee841	分组 
smali_classes2\飘花落叶言苏哲世楪子兰\飘花落叶言子楪世苏兰哲.smali	53	1b1a160c001e	holder
smali_classes2\飘花落叶言苏哲世楪子兰\飘花落叶言子楪世苏兰哲.smali	113	011017091707	remark
smali_classes2\飘花落叶言苏哲世楪子兰\飘花落叶言子楪世苏兰哲.smali	223	53552b395f4c	  QQ: 
smali_classes2\飘花落叶言苏哲世楪子兰\飘花落叶言子楪世苏兰哲.smali	253	22244048	QQ: 
smali_classes2\飘花落叶言苏哲世楪子兰\飘花落叶言子楪世苏兰哲.smali	906	0314080d0b18	parent
smali_classes2\飘花落叶言苏哲世楪子兰\飘花落叶言子楪世苏兰哲.smali	910	101a141c001415	context
smali_classes2\飘花落叶言苏哲世楪子兰\飘花落叶言子楪哲世兰苏.smali	17	0707150715	troop
smali_classes2\飘花落叶言苏哲世楪子兰\飘花落叶言子楪苏兰世哲.smali	59	1b1a160c001e	holder
smali_classes2\飘花落叶言苏哲世楪子兰\飘花落叶言子楪苏兰世哲.smali	384	5c434e584a	/640/
smali_classes2\飘花落叶言苏哲世楪子兰\飘花落叶言子楪苏兰世哲.smali	1037	0314080d0b18	parent
smali_classes2\飘花落叶言苏哲世楪子兰\飘花落叶言子楪苏兰世哲.smali	1041	101a141c001415	context
smali_classes2\飘花落叶言苏哲世楪子兰\飘花落叶言子楪苏兰哲世.smali	616	96f0cc8cdefa	其他
smali_classes2\飘花落叶言苏哲世楪子兰\飘花落叶言子楪苏哲世兰.smali	40	1a01	it
smali_classes2\飘花落叶言苏哲世楪子兰\飘花落叶言子楪苏哲兰世.smali	19	17140e09	data
smali_classes2\飘花落叶言苏哲世楪子兰\飘花落叶言子楪苏哲兰世.smali	174	101a141c001415	context
smali_classes2\飘花落叶言苏哲世楪子兰\飘花落叶言子楪苏哲兰世.smali	183	0314080d0b18	parent
smali_classes2\飘花落叶言苏哲世楪子兰\飘花落叶言子楪苏哲兰世.smali	221	1b1a160c001e	holder
smali_classes2\飘花落叶言苏哲兰子世楪\飘花落叶言子楪世兰哲苏.smali	199	303d3f2b2e33	CHECK_
smali_classes2\飘花落叶言苏哲兰子世楪\飘花落叶言子楪世兰苏哲.smali	99	3c16083d11050d	OcrUtil
smali_classes2\飘花落叶言苏哲兰子世楪\飘花落叶言子楪世兰苏哲.smali	648	3c16083d11050d	OcrUtil
smali_classes2\飘花落叶言苏哲兰子世楪\飘花落叶言子楪世兰苏哲.smali	971	1c1608	ocr
smali_classes2\飘花落叶言苏哲兰子世楪\飘花落叶言子楪世兰苏哲.smali	1683	1019151b00	close
smali_classes2\飘花落叶言苏哲兰子世楪\飘花落叶言子楪世哲兰苏.smali	81	140509	gps
smali_classes2\飘花落叶言苏哲兰子世楪\飘花落叶言子楪世哲兰苏.smali	105	1d100e1f0a1e0a	network
smali_classes2\飘花落叶言苏哲兰子世楪\飘花落叶言子楪世哲兰苏.smali	517	140509	gps
smali_classes2\飘花落叶言苏哲兰子世楪\飘花落叶言子楪世哲兰苏.smali	581	1d100e1f0a1e0a	network
smali_classes2\飘花落叶言苏哲兰子楪世\飘花落叶言子楪世兰苏哲.smali	19	1f1c091c	list
smali_classes2\飘花落叶言苏哲兰子楪世\飘花落叶言子楪世兰苏哲.smali	98	0314080d0b18	parent
smali_classes2\飘花落叶言苏哲兰子楪世\飘花落叶言子楪世哲兰苏.smali	67	12111b18110913	adapter
smali_classes2\飘花落叶言苏哲兰子楪世\飘花落叶言子楪世哲兰苏.smali	76	051c1f1f	view
smali_classes2\飘花落叶言苏哲子世兰楪\飘花落叶言子楪世哲兰苏.smali	15	1d14170d	name
smali_classes2\飘花落叶言苏哲子世兰楪\飘花落叶言子楪世哲苏兰.smali	15	12160e010a02	action
smali_classes2\飘花落叶言苏哲子世兰楪\飘花落叶言子楪苏世兰哲.smali	11	101a141c001415	context
smali_classes2\飘花落叶言苏哲子世兰楪\飘花落叶言子楪苏世兰哲.smali	20	0314080d0b18	parent
smali_classes2\飘花落叶言苏哲子世兰楪\飘花落叶言子楪苏世兰哲.smali	91	1b1a160c001e	holder
smali_classes2\飘花落叶言苏哲子世兰楪\飘花落叶言子楪苏世哲兰.smali	33	171c08240c1f15	dirList
smali_classes2\飘花落叶言苏哲子世兰楪\飘花落叶言子楪苏世哲兰.smali	1007	1f1c091c	list
smali_classes2\飘花落叶言苏哲子世兰楪\飘花落叶言子楪苏世哲兰.smali	1083	1b1a160c001e	holder
smali_classes2\飘花落叶言苏哲子世兰楪\飘花落叶言子楪苏世哲兰.smali	1178	101a141c001415	context
smali_classes2\飘花落叶言苏哲子世兰楪\飘花落叶言子楪苏世哲兰.smali	1187	0314080d0b18	parent
smali_classes2\飘花落叶言苏哲子世兰楪\飘花落叶言子楪苏世哲兰.smali	1239	1b1a160c001e	holder
smali_classes2\飘花落叶言苏哲子世楪兰\飘花落叶言子楪世兰哲苏.smali	57	19051d	jpg
smali_classes2\飘花落叶言苏哲子世楪兰\飘花落叶言子楪世兰哲苏.smali	69	19051f0f	jpeg
smali_classes2\飘花落叶言苏哲子世楪兰\飘花落叶言子楪世兰哲苏.smali	81	031b1d	png
smali_classes2\飘花落叶言苏哲子世楪兰\飘花落叶言子楪世兰哲苏.smali	93	141c1c	gif
smali_classes2\飘花落叶言苏哲子世楪兰\飘花落叶言子楪世兰哲苏.smali	105	04101818	webp
smali_classes2\飘花落叶言苏哲子世楪兰\飘花落叶言子楪世兰哲苏.smali	117	11180a	bmp
smali_classes2\飘花落叶言苏哲子世楪兰\飘花落叶言子楪世兰哲苏.smali	180	1d14170d	name
smali_classes2\飘花落叶言苏哲子世楪兰\飘花落叶言子楪世兰哲苏.smali	194	07141d1b	tags
smali_classes2\飘花落叶言苏哲子世楪兰\飘花落叶言子楪世兰哲苏.smali	222	12000e000a1e	author
smali_classes2\飘花落叶言苏哲子世楪兰\飘花落叶言子楪世兰哲苏.smali	236	101a0c0d17	cover
smali_classes2\飘花落叶言苏哲子世楪兰\飘花落叶言子楪世兰哲苏.smali	585	5f550e09021f5c	, tags=
smali_classes2\飘花落叶言苏哲子世楪兰\飘花落叶言子楪世兰苏哲.smali	241	5c25130b	/Pic
smali_classes2\飘花落叶言苏哲子世楪兰\飘花落叶言子楪世兰苏哲.smali	412	181003	key
smali_classes2\飘花落叶言苏哲子世楪兰\飘花落叶言子楪世兰苏哲.smali	494	181003	key
smali_classes2\飘花落叶言苏哲子世楪兰\飘花落叶言子楪世兰苏哲.smali	508	0514161d00	value
smali_classes2\飘花落叶言苏哲子世楪兰\飘花落叶言子楪苏世兰哲.smali	63	1e	m
smali_classes2\飘花落叶言苏哲子世楪兰\飘花落叶言子楪苏世哲兰.smali	301	5f55140908095c	, name=
smali_classes2\飘花落叶言苏哲子世楪兰\飘花落叶言子楪苏世哲兰.smali	327	5f550e1115095c	, type=
smali_classes2\飘花落叶言苏哲子世楪兰\飘花落叶言子楪苏世哲兰.smali	352	5f55170c5051	, md5=
smali_classes2\飘花落叶言苏哲子世楪兰\飘花落叶言子楪苏世哲兰.smali	378	5f550f1a0951	, url=
smali_classes2\飘花落叶言苏哲子世楪兰\飘花落叶言子楪苏世哲兰.smali	404	5f550e0108095c	, time=
smali_classes2\飘花落叶言苏哲子世楪兰\飘花落叶言子楪苏兰世哲.smali	11	181003	key
smali_classes2\飘花落叶言苏哲子世楪兰\飘花落叶言子楪苏兰哲世.smali	78	1514161b00	false
smali_classes2\飘花落叶言苏哲子世楪兰\飘花落叶言子楪苏兰哲世.smali	103	07070f0d	true
smali_classes2\飘花落叶言苏哲子世楪兰\飘花落叶言子楪苏哲兰世.smali	447	00100e25000214	setMenu
smali_classes2\飘花落叶言苏哲子世楪兰\飘花落叶言子楪苏哲兰世.smali	943	101a141c001415	context
smali_classes2\飘花落叶言苏哲子兰世楪\飘花落叶言子楪世哲苏兰.smali	113	12191b1a08	alarm
smali_classes2\飘花落叶言苏哲子兰世楪\飘花落叶言子楪世苏哲兰.smali	103	96faeb81e5ed	发送
smali_classes2\飘花落叶言苏哲子兰世楪\飘花落叶言子楪苏兰世哲.smali	135	151c140c001e	finder
smali_classes2\飘花落叶言苏哲子兰世楪\飘花落叶言子楪苏兰世哲.smali	151	151c140c001e	finder
smali_classes2\飘花落叶言苏哲子兰世楪\飘花落叶言子楪苏哲兰世.smali	155	151c140c001e	finder
smali_classes2\飘花落叶言苏哲子兰世楪\飘花落叶言子楪苏哲兰世.smali	171	151c140c001e	finder
smali_classes2\飘花落叶言苏哲子兰楪世\飘花落叶言子楪世兰哲苏.smali	76	151c160d	file
smali_classes2\飘花落叶言苏哲子兰楪世\飘花落叶言子楪世兰哲苏.smali	198	1d14170d	name
smali_classes2\飘花落叶言苏哲子兰楪世\飘花落叶言子楪世兰苏哲.smali	139	5e44	-1
smali_classes2\飘花落叶言苏哲子兰楪世\飘花落叶言子楪世兰苏哲.smali	173	43	0
smali_classes2\飘花落叶言苏哲子兰楪世\飘花落叶言子楪世兰苏哲.smali	313	5d171b03	.bak
smali_classes2\飘花落叶言苏哲子兰楪世\飘花落叶言子楪世兰苏哲.smali	494	03140e00	path
smali_classes2\飘花落叶言苏哲子兰楪世\飘花落叶言子楪世兰苏哲.smali	503	1d14170d	name
smali_classes2\飘花落叶言苏哲子兰楪世\飘花落叶言子楪世兰苏哲.smali	512	1e114f	md5
smali_classes2\飘花落叶言苏哲子兰楪世\飘花落叶言子楪世兰苏哲.smali	521	060716	url
smali_classes2\飘花落叶言苏哲子兰楪世\飘花落叶言子楪世兰苏哲.smali	1137	171c0826040104	dirName
smali_classes2\飘花落叶言苏哲子兰楪世\飘花落叶言子楪世苏兰哲.smali	749	171c0826040104	dirName
smali_classes2\飘花落叶言苏哲子兰楪世\飘花落叶言子楪世苏兰哲.smali	1081	12111b18110913	adapter
smali_classes2\飘花落叶言苏哲子兰楪世\飘花落叶言子楪世苏兰哲.smali	1184	171c0826040104	dirName
smali_classes2\飘花落叶言苏哲子兰楪世\飘花落叶言子楪世苏兰哲.smali	1193	1c1b3e070b09	onDone
smali_classes2\飘花落叶言苏哲子兰楪世\飘花落叶言子楪世苏哲兰.smali	46	43	0
smali_classes2\飘花落叶言苏哲子兰楪世\飘花落叶言子楪世苏哲兰.smali	50	5e44	-1
smali_classes2\飘花落叶言苏哲子兰楪世\飘花落叶言子楪兰世苏哲.smali	96	5f	,
smali_classes2\飘花落叶言苏哲子兰楪世\飘花落叶言子楪哲世兰苏.smali	269	97cae78dc8f4	保存
smali_classes2\飘花落叶言苏哲子兰楪世\飘花落叶言子楪哲世苏兰.smali	116	05	v
smali_classes2\飘花落叶言苏哲子兰楪世\飘花落叶言子楪哲世苏兰.smali	120	171c1b040a0b	dialog
smali_classes2\飘花落叶言苏哲子兰楪世\飘花落叶言子楪哲世苏兰.smali	240	535d	 (
smali_classes2\飘花落叶言苏哲子兰楪世\飘花落叶言子楪哲世苏兰.smali	427	90f5fb	、
smali_classes2\飘花落叶言苏哲子兰楪世\飘花落叶言子楪哲世苏兰.smali	679	171c08	dir
smali_classes2\飘花落叶言苏哲子兰楪世\飘花落叶言子楪哲世苏兰.smali	688	101a140e0c0b	config
smali_classes2\飘花落叶言苏哲子兰楪世\飘花落叶言子楪哲兰世苏.smali	249	1e1a1e0d	mode
smali_classes2\飘花落叶言苏哲子兰楪世\飘花落叶言子楪哲苏世兰.smali	111	5a7f	)\n
smali_classes2\飘花落叶言苏哲子兰楪世\飘花落叶言子楪哲苏兰世.smali	19	011a0d	row
smali_classes2\飘花落叶言苏哲子兰楪世\飘花落叶言子楪哲苏兰世.smali	37	1e1a1e0d	mode
smali_classes2\飘花落叶言苏哲子兰楪世\飘花落叶言子楪哲苏兰世.smali	296	5f55170701095c	, mode=
smali_classes2\飘花落叶言苏哲子兰楪世\飘花落叶言子楪苏世兰哲.smali	210	1e114f	md5
smali_classes2\飘花落叶言苏哲子兰楪世\飘花落叶言子楪苏世哲兰.smali	726	171c0826040104	dirName
smali_classes2\飘花落叶言苏哲子兰楪世\飘花落叶言子楪苏世哲兰.smali	971	96faec8ed3e4	取消
smali_classes2\飘花落叶言苏哲子兰楪世\飘花落叶言子楪苏兰世哲.smali	73	171c1b040a0b	dialog
smali_classes2\飘花落叶言苏哲子兰楪世\飘花落叶言子楪苏兰世哲.smali	87	05	v
smali_classes2\飘花落叶言苏哲子兰楪世\飘花落叶言子楪苏哲世兰.smali	17	051c1f1f	view
smali_classes2\飘花落叶言苏哲子兰楪世\飘花落叶言子楪苏哲兰世.smali	19	1a181b0f001f	images
smali_classes2\飘花落叶言苏哲子兰楪世\飘花落叶言子楪苏哲兰世.smali	101	0314080d0b18	parent
smali_classes2\飘花落叶言苏哲子兰楪世\飘花落叶言子楪苏哲兰世.smali	167	1b1a160c001e	holder
smali_classes2\飘花落叶言苏哲子楪世兰\飘花落叶言子楪世哲兰苏.smali	144	1134081a	bArr
smali_classes2\飘花落叶言苏哲子楪世兰\飘花落叶言子楪世哲苏兰.smali	27	12000e002e0918	authKey
smali_classes2\飘花落叶言苏哲子楪世兰\飘花落叶言子楪世苏哲兰.smali	39	12000e002e0918	authKey
smali_classes2\飘花落叶言苏哲子楪兰世\飘花落叶言子楪世兰哲苏.smali	415	5c5a	//
smali_classes2\飘花落叶言苏哲子楪兰世\飘花落叶言子楪世哲苏兰.smali	114	0744251c0c08	t1_tid
smali_classes2\飘花落叶言苏哲子楪兰世\飘花落叶言子楪世哲苏兰.smali	202	061c14550a	uin=o
smali_classes2\飘花落叶言苏哲子楪兰世\飘花落叶言子楪世哲苏兰.smali	248	4855090300155c	; skey=
smali_classes2\飘花落叶言苏哲子楪兰世\飘花落叶言子楪世哲苏兰.smali	349	071c1e	tid
smali_classes2\飘花落叶言苏哲子楪兰世\飘花落叶言子楪世哲苏兰.smali	378	42	1
smali_classes2\飘花落叶言苏哲子楪兰世\飘花落叶言子楪世哲苏兰.smali	395	1b1a091c10050f	hostuin
smali_classes2\飘花落叶言苏哲子楪兰世\飘花落叶言子楪世哲苏兰.smali	445	151a08050418	format
smali_classes2\飘花落叶言苏哲子楪兰世\飘花落叶言子楪世哲苏兰.smali	457	1506	fs
smali_classes2\飘花落叶言苏哲子楪兰世\飘花落叶言子楪世哲苏兰.smali	525	5c181b010b	/main
smali_classes2\飘花落叶言苏哲子楪兰世\飘花落叶言子楪世苏兰哲.smali	39	96f0d68dd9ec	公开
smali_classes2\飘花落叶言苏哲子楪兰世\飘花落叶言子楪世苏兰哲.smali	64	222f150600	QZone
smali_classes2\飘花落叶言苏哲子楪兰世\飘花落叶言子楪世苏兰哲.smali	104	42	1
smali_classes2\飘花落叶言苏哲子楪兰世\飘花落叶言子楪世苏兰哲.smali	124	4541	64
smali_classes2\飘花落叶言苏哲子楪兰世\飘花落叶言子楪世苏兰哲.smali	205	061c14550a	uin=o
smali_classes2\飘花落叶言苏哲子楪兰世\飘花落叶言子楪世苏兰哲.smali	251	4855090300155c	; skey=
smali_classes2\飘花落叶言苏哲子楪兰世\飘花落叶言子楪世苏兰哲.smali	440	011c1900130d0d	richval
smali_classes2\飘花落叶言苏哲子楪兰世\飘花落叶言子楪世苏兰哲.smali	491	101a14	con
smali_classes2\飘花落叶言苏哲子楪兰世\飘花落叶言子楪世苏兰哲.smali	533	051008	ver
smali_classes2\飘花落叶言苏哲子楪兰世\飘花落叶言子楪世苏兰哲.smali	575	071a251b0c0b0f	to_sign
smali_classes2\飘花落叶言苏哲子楪兰世\飘花落叶言子楪世苏兰哲.smali	587	43	0
smali_classes2\飘花落叶言苏哲子楪兰世\飘花落叶言子楪世苏兰哲.smali	604	1b1a091c10050f	hostuin
smali_classes2\飘花落叶言苏哲子楪兰世\飘花落叶言子楪世苏兰哲.smali	654	151a08050418	format
smali_classes2\飘花落叶言苏哲子楪兰世\飘花落叶言子楪世苏兰哲.smali	666	1506	fs
smali_classes2\飘花落叶言苏哲子楪兰世\飘花落叶言子楪世苏兰哲.smali	734	5c181b010b	/main
smali_classes2\飘花落叶言苏哲子楪兰世\飘花落叶言子楪世苏哲兰.smali	42	222f150600	QZone
smali_classes2\飘花落叶言苏哲子楪兰世\飘花落叶言子楪世苏哲兰.smali	150	061c14550a	uin=o
smali_classes2\飘花落叶言苏哲子楪兰世\飘花落叶言子楪世苏哲兰.smali	242	4855090300155c	; skey=
smali_classes2\飘花落叶言苏哲子楪兰世\飘花落叶言子楪世苏哲兰.smali	343	1c050f010b	opuin
smali_classes2\飘花落叶言苏哲子楪兰世\飘花落叶言子楪世苏哲兰.smali	368	061b13030015	unikey
smali_classes2\飘花落叶言苏哲子楪兰世\飘花落叶言子楪世苏哲兰.smali	385	100008030015	curkey
smali_classes2\飘花落叶言苏哲子楪兰世\飘花落叶言子楪世苏哲兰.smali	402	12050a0101	appid
smali_classes2\飘花落叶言苏哲子楪兰世\飘花落叶言子楪世苏哲兰.smali	414	40444b	311
smali_classes2\飘花落叶言苏哲子楪兰世\飘花落叶言子楪世苏哲兰.smali	443	1f1c110d	like
smali_classes2\飘花落叶言苏哲子楪兰世\飘花落叶言子楪世苏哲兰.smali	460	151a08050418	format
smali_classes2\飘花落叶言苏哲子楪兰世\飘花落叶言子楪世苏哲兰.smali	505	01100e	ret
smali_classes2\飘花落叶言苏哲子楪兰世\飘花落叶言子楪世苏哲兰.smali	614	061c14550a	uin=o
smali_classes2\飘花落叶言苏哲子楪兰世\飘花落叶言子楪世苏哲兰.smali	706	4855090300155c	; skey=
smali_classes2\飘花落叶言苏哲子楪兰世\飘花落叶言子楪世苏哲兰.smali	819	43	0
smali_classes2\飘花落叶言苏哲子楪兰世\飘花落叶言子楪世苏哲兰.smali	848	42	1
smali_classes2\飘花落叶言苏哲子楪兰世\飘花落叶言子楪世苏哲兰.smali	865	151a08050418	format
smali_classes2\飘花落叶言苏哲子楪兰世\飘花落叶言子楪世苏哲兰.smali	877	19061506	json
smali_classes2\飘花落叶言苏哲子楪兰世\飘花落叶言子楪世苏哲兰.smali	910	01100e	ret
smali_classes2\飘花落叶言苏哲子楪兰世\飘花落叶言子楪世苏哲兰.smali	937	17140e09	data
smali_classes2\飘花落叶言苏哲子楪兰世\飘花落叶言子楪世苏哲兰.smali	957	05331f0d011f	vFeeds
smali_classes2\飘花落叶言苏哲子楪兰世\飘花落叶言子楪世苏哲兰.smali	1000	101a1705	comm
smali_classes2\飘花落叶言苏哲楪世兰子\飘花落叶言子楪世哲苏兰.smali	209	2c01130500	_time
smali_classes2\飘花落叶言苏哲楪世兰子\飘花落叶言子楪世哲苏兰.smali	234	43	0
smali_classes2\飘花落叶言苏哲楪世兰子\飘花落叶言子楪世哲苏兰.smali	714	061c14	uin
smali_classes2\飘花落叶言苏哲楪世兰子\飘花落叶言子楪世哲苏兰.smali	890	1407151d15	group
smali_classes2\飘花落叶言苏哲楪世兰子\飘花落叶言子楪世哲苏兰.smali	1504	011a160d	role
smali_classes2\飘花落叶言苏哲楪世兰子\飘花落叶言子楪世哲苏兰.smali	1524	3c22342d37	OWNER
smali_classes2\飘花落叶言苏哲楪世兰子\飘花落叶言子楪世哲苏兰.smali	1556	323137212b	ADMIN
smali_classes2\飘花落叶言苏哲楪世兰子\飘花落叶言子楪世哲苏兰.smali	2250	1407151d15	group
smali_classes2\飘花落叶言苏哲楪世兰子\飘花落叶言子楪世哲苏兰.smali	2264	061c14	uin
smali_classes2\飘花落叶言苏哲楪世兰子\飘花落叶言子楪世苏哲兰.smali	123	2c01130500	_time
smali_classes2\飘花落叶言苏哲楪世兰子\飘花落叶言子楪世苏哲兰.smali	277	2c01130500	_time
smali_classes2\飘花落叶言苏哲楪世子兰\飘花落叶言子楪世兰苏哲.smali	97	1e061d3b001d	msgSeq
smali_classes2\飘花落叶言苏哲楪世子兰\飘花落叶言子楪世兰苏哲.smali	131	161815020c2505	emojiId
smali_classes2\飘花落叶言苏哲楪世子兰\飘花落叶言子楪世兰苏哲.smali	165	070c0a0d	type
smali_classes2\飘花落叶言苏哲楪世子兰\飘花落叶言子楪世兰苏哲.smali	199	0343	p6
smali_classes2\飘花落叶言苏哲楪世子兰\飘花落叶言子楪世兰苏哲.smali	233	0342	p7
smali_classes2\飘花落叶言苏哲楪世子兰\飘花落叶言子楪世兰苏哲.smali	351	17101907010913	decoder
smali_classes2\飘花落叶言苏哲楪世子兰\飘花落叶言子楪世兰苏哲.smali	609	161b1907010913	encoder
smali_classes2\飘花落叶言苏哲楪世子兰\飘花落叶言子楪世兰苏哲.smali	618	0514161d00	value
smali_classes2\飘花落叶言苏哲楪世子兰\飘花落叶言子楪世苏兰哲.smali	57	101a1705040205	command
smali_classes2\飘花落叶言苏哲楪世子兰\飘花落叶言子楪世苏兰哲.smali	131	0110091d0918	result
smali_classes2\飘花落叶言苏哲楪世子兰\飘花落叶言子楪世苏兰哲.smali	307	17101907010913	decoder
smali_classes2\飘花落叶言苏哲楪世子兰\飘花落叶言子楪世苏兰哲.smali	555	161b1907010913	encoder
smali_classes2\飘花落叶言苏哲楪世子兰\飘花落叶言子楪世苏兰哲.smali	564	0514161d00	value
smali_classes2\飘花落叶言苏哲楪世子兰\飘花落叶言子楪世苏哲兰.smali	287	1d00170a001e	number
smali_classes2\飘花落叶言苏哲楪世子兰\飘花落叶言子楪世苏哲兰.smali	331	1d00170a001e	number
smali_classes2\飘花落叶言苏哲楪世子兰\飘花落叶言子楪世苏哲兰.smali	371	1d00170a001e	number
smali_classes2\飘花落叶言苏哲楪世子兰\飘花落叶言子楪世苏哲兰.smali	411	1d00170a001e	number
smali_classes2\飘花落叶言苏哲楪世子兰\飘花落叶言子楪苏世哲兰.smali	125	161815020c2505	emojiId
smali_classes2\飘花落叶言苏哲楪世子兰\飘花落叶言子楪苏世哲兰.smali	462	5f550e1115095c	, type=
smali_classes2\飘花落叶言苏哲楪世子兰\飘花落叶言子楪苏世哲兰.smali	488	5f550a5e58	, p6=
smali_classes2\飘花落叶言苏哲楪世子兰\飘花落叶言子楪苏世哲兰.smali	514	5f550a5f58	, p7=
smali_classes2\飘花落叶言苏哲楪兰世子\飘花落叶言子楪世苏哲兰.smali	481	425b4b46544250	1.1.1.1
smali_classes2\飘花落叶言苏哲楪兰世子\飘花落叶言子楪世苏哲兰.smali	493	425b4a46554250	1.0.0.1
smali_classes2\飘花落叶言苏哲楪兰世子\飘花落叶言子楪世苏哲兰.smali	541	4b5b42465d4259	8.8.8.8
smali_classes2\飘花落叶言苏哲楪兰世子\飘花落叶言子楪世苏哲兰.smali	553	4b5b4246514255	8.8.4.4
smali_classes2\飘花落叶言苏哲楪子世兰\飘花落叶言子楪世哲苏兰.smali	145	03101f1a	peer
smali_classes2\飘花落叶言苏哲楪子世兰\飘花落叶言子楪世哲苏兰.smali	162	101b0e	cnt
smali_classes2\飘花落叶言苏哲楪子世兰\飘花落叶言子楪世哲苏兰.smali	187	110c2e111509	byType
smali_classes2\飘花落叶言苏哲楪子世兰\飘花落叶言子楪世苏兰哲.smali	57	1e061d240c1f15	msgList
smali_classes2\飘花落叶言苏哲楪子世兰\飘花落叶言子楪世苏兰哲.smali	61	16070825160b	errMsg
smali_classes2\飘花落叶言苏哲楪子世兰\飘花落叶言子楪世苏哲兰.smali	19	16070825160b	errMsg
smali_classes2\飘花落叶言苏哲楪子世兰\飘花落叶言子楪世苏哲兰.smali	33	1e061d240c1f15	msgList
smali_classes2\飘花落叶言苏楪世兰哲子\飘花落叶言子世兰哲楪苏.smali	57	0710021c	text
smali_classes2\飘花落叶言苏楪世兰哲子\飘花落叶言子世兰哲楪苏.smali	129	17101907010913	decoder
smali_classes2\飘花落叶言苏楪世兰哲子\飘花落叶言子世兰哲楪苏.smali	264	161b1907010913	encoder
smali_classes2\飘花落叶言苏楪世兰哲子\飘花落叶言子世兰哲楪苏.smali	273	0514161d00	value
smali_classes2\飘花落叶言苏楪世兰哲子\飘花落叶言子世兰楪哲苏.smali	129	17101907010913	decoder
smali_classes2\飘花落叶言苏楪世兰哲子\飘花落叶言子世兰楪哲苏.smali	264	161b1907010913	encoder
smali_classes2\飘花落叶言苏楪世兰哲子\飘花落叶言子世兰楪哲苏.smali	273	0514161d00	value
smali_classes2\飘花落叶言苏楪世兰哲子\飘花落叶言子世哲兰苏楪.smali	57	0710021c281f06	textMsg
smali_classes2\飘花落叶言苏楪世兰哲子\飘花落叶言子世哲兰苏楪.smali	194	17101907010913	decoder
smali_classes2\飘花落叶言苏楪世兰哲子\飘花落叶言子世哲兰苏楪.smali	369	161b1907010913	encoder
smali_classes2\飘花落叶言苏楪世兰哲子\飘花落叶言子世哲兰苏楪.smali	378	0514161d00	value
smali_classes2\飘花落叶言苏楪世兰哲子\飘花落叶言子世哲楪兰苏.smali	127	1e061d210b0a0e	msgInfo
smali_classes2\飘花落叶言苏楪世兰哲子\飘花落叶言子世哲苏兰楪.smali	144	17101907010913	decoder
smali_classes2\飘花落叶言苏楪世兰哲子\飘花落叶言子世哲苏兰楪.smali	306	161b1907010913	encoder
smali_classes2\飘花落叶言苏楪世兰哲子\飘花落叶言子世哲苏兰楪.smali	315	0514161d00	value
smali_classes2\飘花落叶言苏楪世兰哲子\飘花落叶言子世哲苏楪兰.smali	138	1a1b1c07	info
smali_classes2\飘花落叶言苏楪世兰哲子\飘花落叶言子世哲苏楪兰.smali	352	5f55130603035c	, info=
smali_classes2\飘花落叶言苏楪世兰哲子\飘花落叶言子世楪兰苏哲.smali	94	1a1b1c07	info
smali_classes2\飘花落叶言苏楪世兰哲子\飘花落叶言子世楪苏兰哲.smali	131	1e061d3c0c0104	msgTime
smali_classes2\飘花落叶言苏楪世兰哲子\飘花落叶言子世楪苏兰哲.smali	199	1e061d3b001d	msgSeq
smali_classes2\飘花落叶言苏楪世兰哲子\飘花落叶言子世楪苏兰哲.smali	311	17101907010913	decoder
smali_classes2\飘花落叶言苏楪世兰哲子\飘花落叶言子世楪苏兰哲.smali	552	161b1907010913	encoder
smali_classes2\飘花落叶言苏楪世兰哲子\飘花落叶言子世楪苏兰哲.smali	561	0514161d00	value
smali_classes2\飘花落叶言苏楪世兰哲子\飘花落叶言子世苏兰楪哲.smali	57	1e061d3b001d	msgSeq
smali_classes2\飘花落叶言苏楪世兰哲子\飘花落叶言子世苏兰楪哲.smali	91	1e061d3c0c0104	msgTime
smali_classes2\飘花落叶言苏楪世兰哲子\飘花落叶言子世苏兰楪哲.smali	225	17101907010913	decoder
smali_classes2\飘花落叶言苏楪世兰哲子\飘花落叶言子世苏兰楪哲.smali	414	161b1907010913	encoder
smali_classes2\飘花落叶言苏楪世兰哲子\飘花落叶言子世苏兰楪哲.smali	423	0514161d00	value
smali_classes2\飘花落叶言苏楪世兰哲子\飘花落叶言子世苏哲楪兰.smali	94	1e061d210b0a0e	msgInfo
smali_classes2\飘花落叶言苏楪世兰哲子\飘花落叶言子世苏哲楪兰.smali	180	17101907010913	decoder
smali_classes2\飘花落叶言苏楪世兰哲子\飘花落叶言子世苏哲楪兰.smali	347	161b1907010913	encoder
smali_classes2\飘花落叶言苏楪世兰哲子\飘花落叶言子世苏哲楪兰.smali	356	0514161d00	value
smali_classes2\飘花落叶言苏楪世兰哲子\飘花落叶言子世苏楪哲兰.smali	57	03101f1a2c08	peerId
smali_classes2\飘花落叶言苏楪世兰哲子\飘花落叶言子世苏楪哲兰.smali	97	1a1b1c07	info
smali_classes2\飘花落叶言苏楪世兰哲子\飘花落叶言子世苏楪哲兰.smali	135	1e061d3b001d	msgSeq
smali_classes2\飘花落叶言苏楪世兰哲子\飘花落叶言子世苏楪哲兰.smali	233	17101907010913	decoder
smali_classes2\飘花落叶言苏楪世兰哲子\飘花落叶言子世苏楪哲兰.smali	433	161b1907010913	encoder
smali_classes2\飘花落叶言苏楪世兰哲子\飘花落叶言子世苏楪哲兰.smali	442	0514161d00	value
smali_classes2\飘花落叶言苏楪世兰哲子\飘花落叶言子楪世哲兰苏.smali	94	1e061d3b001d	msgSeq
smali_classes2\飘花落叶言苏楪世兰哲子\飘花落叶言子楪世哲兰苏.smali	167	17101907010913	decoder
smali_classes2\飘花落叶言苏楪世兰哲子\飘花落叶言子楪世哲兰苏.smali	352	161b1907010913	encoder
smali_classes2\飘花落叶言苏楪世兰哲子\飘花落叶言子楪世哲兰苏.smali	361	0514161d00	value
smali_classes2\飘花落叶言苏楪世兰哲子\飘花落叶言子楪世哲苏兰.smali	100	03101f1a300505	peerUid
smali_classes2\飘花落叶言苏楪世兰哲子\飘花落叶言子楪世苏哲兰.smali	57	03101f1a300505	peerUid
smali_classes2\飘花落叶言苏楪世兰哲子\飘花落叶言子楪世苏哲兰.smali	77	1e061d3b001d	msgSeq
smali_classes2\飘花落叶言苏楪世兰哲子\飘花落叶言子楪世苏哲兰.smali	143	17101907010913	decoder
smali_classes2\飘花落叶言苏楪世兰哲子\飘花落叶言子楪世苏哲兰.smali	302	161b1907010913	encoder
smali_classes2\飘花落叶言苏楪世兰哲子\飘花落叶言子楪世苏哲兰.smali	311	0514161d00	value
smali_classes2\飘花落叶言苏楪世兰哲子\飘花落叶言子楪兰哲世苏.smali	57	011c1900281f06	richMsg
smali_classes2\飘花落叶言苏楪世兰哲子\飘花落叶言子楪兰哲世苏.smali	185	17101907010913	decoder
smali_classes2\飘花落叶言苏楪世兰哲子\飘花落叶言子楪兰哲世苏.smali	360	161b1907010913	encoder
smali_classes2\飘花落叶言苏楪世兰哲子\飘花落叶言子楪兰哲世苏.smali	369	0514161d00	value
smali_classes2\飘花落叶言苏楪世兰哲子\飘花落叶言子楪兰哲苏世.smali	57	1a1b1c07	info
smali_classes2\飘花落叶言苏楪世兰哲子\飘花落叶言子楪兰哲苏世.smali	132	17101907010913	decoder
smali_classes2\飘花落叶言苏楪世兰哲子\飘花落叶言子楪兰哲苏世.smali	278	161b1907010913	encoder
smali_classes2\飘花落叶言苏楪世兰哲子\飘花落叶言子楪兰哲苏世.smali	287	0514161d00	value
smali_classes2\飘花落叶言苏楪世兰哲子\飘花落叶言子楪兰苏世哲.smali	233	17101907010913	decoder
smali_classes2\飘花落叶言苏楪世兰哲子\飘花落叶言子楪兰苏世哲.smali	442	161b1907010913	encoder
smali_classes2\飘花落叶言苏楪世兰哲子\飘花落叶言子楪兰苏世哲.smali	451	0514161d00	value
smali_classes2\飘花落叶言苏楪世兰哲子\飘花落叶言子楪哲世苏兰.smali	131	00001820000d05	subHead
smali_classes2\飘花落叶言苏楪世兰哲子\飘花落叶言子楪哲世苏兰.smali	309	17101907010913	decoder
smali_classes2\飘花落叶言苏楪世兰哲子\飘花落叶言子楪哲世苏兰.smali	569	161b1907010913	encoder
smali_classes2\飘花落叶言苏楪世兰哲子\飘花落叶言子楪哲世苏兰.smali	578	0514161d00	value
smali_classes2\飘花落叶言苏楪世兰哲子\飘花落叶言子楪哲苏世兰.smali	129	17101907010913	decoder
smali_classes2\飘花落叶言苏楪世兰哲子\飘花落叶言子楪哲苏世兰.smali	265	161b1907010913	encoder
smali_classes2\飘花落叶言苏楪世兰哲子\飘花落叶言子楪哲苏世兰.smali	274	0514161d00	value
smali_classes2\飘花落叶言苏楪世兰哲子\飘花落叶言子楪苏世兰哲.smali	129	17101907010913	decoder
smali_classes2\飘花落叶言苏楪世兰哲子\飘花落叶言子楪苏世兰哲.smali	275	161b1907010913	encoder
smali_classes2\飘花落叶言苏楪世兰哲子\飘花落叶言子楪苏世兰哲.smali	284	0514161d00	value
smali_classes2\飘花落叶言苏楪世兰哲子\飘花落叶言子楪苏世哲兰.smali	71	1d00170a001e	number
smali_classes2\飘花落叶言苏楪世兰哲子\飘花落叶言子楪苏兰世哲.smali	57	070c0a0d	type
smali_classes2\飘花落叶言苏楪世兰哲子\飘花落叶言子楪苏兰世哲.smali	97	030009002c08	pushId
smali_classes2\飘花落叶言苏楪世兰哲子\飘花落叶言子楪苏兰世哲.smali	336	17101907010913	decoder
smali_classes2\飘花落叶言苏楪世兰哲子\飘花落叶言子楪苏兰世哲.smali	606	161b1907010913	encoder
smali_classes2\飘花落叶言苏楪世兰哲子\飘花落叶言子楪苏兰世哲.smali	615	0514161d00	value
smali_classes2\飘花落叶言苏楪世兰哲子\飘花落叶言子苏世哲兰楪.smali	57	03101f1a2c08	peerId
smali_classes2\飘花落叶言苏楪世兰哲子\飘花落叶言子苏世哲兰楪.smali	225	17101907010913	decoder
smali_classes2\飘花落叶言苏楪世兰哲子\飘花落叶言子苏世哲兰楪.smali	414	161b1907010913	encoder
smali_classes2\飘花落叶言苏楪世兰哲子\飘花落叶言子苏世哲兰楪.smali	423	0514161d00	value
smali_classes2\飘花落叶言苏楪世兰哲子\飘花落叶言子苏世楪兰哲.smali	319	17101907010913	decoder
smali_classes2\飘花落叶言苏楪世兰哲子\飘花落叶言子苏世楪兰哲.smali	571	161b1907010913	encoder
smali_classes2\飘花落叶言苏楪世兰哲子\飘花落叶言子苏世楪兰哲.smali	580	0514161d00	value
smali_classes2\飘花落叶言苏楪世兰哲子\飘花落叶言子苏楪兰世哲.smali	57	1e061d3c1c1c04	msgType
smali_classes2\飘花落叶言苏楪世兰哲子\飘花落叶言子苏楪兰世哲.smali	131	0000183b001d	subSeq
smali_classes2\飘花落叶言苏楪世兰哲子\飘花落叶言子苏楪兰世哲.smali	165	1e061d3b001d	msgSeq
smali_classes2\飘花落叶言苏楪世兰哲子\飘花落叶言子苏楪兰世哲.smali	196	1e061d3c0c0104	msgTime
smali_classes2\飘花落叶言苏楪世兰哲子\飘花落叶言子苏楪兰世哲.smali	303	17101907010913	decoder
smali_classes2\飘花落叶言苏楪世兰哲子\飘花落叶言子苏楪兰世哲.smali	544	161b1907010913	encoder
smali_classes2\飘花落叶言苏楪世兰哲子\飘花落叶言子苏楪兰世哲.smali	553	0514161d00	value
smali_classes2\飘花落叶言苏楪兰世子哲\飘花落叶言子楪苏世哲兰.smali	771	0710021c	text
smali_classes2\飘花落叶言苏楪兰世子哲\飘花落叶言子楪苏世哲兰.smali	785	1119150b0e	block
smali_classes2\飘花落叶言苏楪兰世子哲\飘花落叶言子楪苏世哲兰.smali	812	101a141c000215	content
smali_classes2\飘花落叶言苏楪兰世子哲\飘花落叶言子楪苏世哲兰.smali	849	1a063f1a170313	isError
smali_classes2\飘花落叶言苏楪兰世子哲\飘花落叶言子楪苏世哲兰.smali	902	1d14170d	name
smali_classes2\飘花落叶言苏楪兰世子哲\飘花落叶言子楪苏世哲兰.smali	1044	1d14170d	name
smali_classes2\飘花落叶言苏楪兰世子哲\飘花落叶言子楪苏世哲兰.smali	1099	1d14170d	name
smali_classes2\飘花落叶言苏楪兰世子哲\飘花落叶言子楪苏世哲兰.smali	1154	1a11	id
smali_classes2\飘花落叶言苏楪兰世子哲\飘花落叶言子楪苏世哲兰.smali	1168	071c0e0400	title
smali_classes2\飘花落叶言苏楪兰世子哲\飘花落叶言子楪苏世哲兰.smali	1196	12160e010a02	action
smali_classes2\飘花落叶言苏楪兰世子哲\飘花落叶言子楪苏世哲兰.smali	1289	10181e	cmd
smali_classes2\飘花落叶言苏楪兰世子哲\飘花落叶言子楪苏世哲兰.smali	1303	17140e09	data
smali_classes2\飘花落叶言苏楪兰世子哲\飘花落叶言子楪苏世哲兰.smali	1729	4f0112011652	<this>
smali_classes2\飘花落叶言苏楪兰世子哲\飘花落叶言子楪苏世哲兰.smali	1743	1d14170d	name
smali_classes2\飘花落叶言苏楪兰世子哲\飘花落叶言子楪苏世哲兰.smali	3205	1d14170d	name
smali_classes2\飘花落叶言苏楪兰世子哲\飘花落叶言子楪苏世哲兰.smali	3582	1d14170d	name
smali_classes2\飘花落叶言苏楪兰世子哲\飘花落叶言子楪苏世哲兰.smali	4257	1a11	id
smali_classes2\飘花落叶言苏楪兰世子哲\飘花落叶言子楪苏世哲兰.smali	4271	071c0e0400	title
smali_classes2\飘花落叶言苏楪兰世子哲\飘花落叶言子楪苏世哲兰.smali	4327	0010140c001e	sender
smali_classes2\飘花落叶言苏楪兰世子哲\飘花落叶言子楪苏世哲兰.smali	4780	1a11	id
smali_classes2\飘花落叶言苏楪兰世子哲\飘花落叶言子楪苏世哲兰.smali	4794	071c0e0400	title
smali_classes2\飘花落叶言苏楪兰世子哲\飘花落叶言子楪苏世哲兰.smali	4831	12160e010a02	action
smali_classes2\飘花落叶言苏楪兰世子哲\飘花落叶言子楪苏世哲兰.smali	4876	181003	key
smali_classes2\飘花落叶言苏楪兰世子哲\飘花落叶言子楪苏世哲兰.smali	5537	1a11	id
smali_classes2\飘花落叶言苏楪兰世子哲\飘花落叶言子楪苏世哲兰.smali	5551	071c0e0400	title
smali_classes2\飘花落叶言苏楪兰世子哲\飘花落叶言子楪苏世哲兰.smali	5602	12160e010a02	action
smali_classes2\飘花落叶言苏楪兰世子哲\飘花落叶言子楪苏世哲兰.smali	5659	181003	key
