file	line	text
smali\androidx\compose\ui\graphics\飘花落叶言子世楪哲兰苏.smali	4294	    const-string v1, "Extracting native reference is only supported from androidx.compose.ui.graphics.AndroidPaint instances but received "
smali\androidx\graphics\path\ConicConverter.smali	37	.method private final native internalConicToQuadratics([FI[FFF)I
smali\androidx\graphics\path\PathIteratorPreApi34Impl.smali	59	    invoke-static {v0}, Ljava/lang/System;->loadLibrary(Ljava/lang/String;)V
smali\androidx\graphics\path\PathIteratorPreApi34Impl.smali	67	.method private final native createInternalPathIterator(Landroid/graphics/Path;IF)J
smali\androidx\graphics\path\PathIteratorPreApi34Impl.smali	70	.method private final native destroyInternalPathIterator(J)V
smali\androidx\graphics\path\PathIteratorPreApi34Impl.smali	73	.method private final native internalPathIteratorHasNext(J)Z
smali\androidx\graphics\path\PathIteratorPreApi34Impl.smali	74	    .annotation build Ldalvik/annotation/optimization/FastNative;
smali\androidx\graphics\path\PathIteratorPreApi34Impl.smali	78	.method private final native internalPathIteratorNext(J[FI)I
smali\androidx\graphics\path\PathIteratorPreApi34Impl.smali	79	    .annotation build Ldalvik/annotation/optimization/FastNative;
smali\androidx\graphics\path\PathIteratorPreApi34Impl.smali	83	.method private final native internalPathIteratorPeek(J)I
smali\androidx\graphics\path\PathIteratorPreApi34Impl.smali	84	    .annotation build Ldalvik/annotation/optimization/FastNative;
smali\androidx\graphics\path\PathIteratorPreApi34Impl.smali	88	.method private final native internalPathIteratorRawSize(J)I
smali\androidx\graphics\path\PathIteratorPreApi34Impl.smali	89	    .annotation build Ldalvik/annotation/optimization/FastNative;
smali\androidx\graphics\path\PathIteratorPreApi34Impl.smali	93	.method private final native internalPathIteratorSize(J)I
smali\androidx\graphics\path\PathIteratorPreApi34Impl.smali	94	    .annotation build Ldalvik/annotation/optimization/FastNative;
smali\bsh\Interpreter.smali	1572	    invoke-virtual {p0}, Lbsh/TargetError;->inNativeCode()Z
smali\bsh\Interpreter.smali	7837	    invoke-virtual {v4}, Lbsh/TargetError;->inNativeCode()Z
smali\bsh\Modifiers.smali	248	    const-string v2, "native"
smali\bsh\TargetError.smali	7	.field private final inNativeCode:Z
smali\bsh\TargetError.smali	18	    iput-boolean p5, p0, Lbsh/TargetError;->inNativeCode:Z
smali\bsh\TargetError.smali	324	.method public inNativeCode()Z
smali\bsh\TargetError.smali	328	    iget-boolean p0, p0, Lbsh/TargetError;->inNativeCode:Z
smali\bsh\飘花落叶言子世兰哲苏楪.smali	183	    const-string v41, "\"native\""
smali\bsh\飘花落叶言子苏楪世哲兰.smali	323	    const-string v41, "native"
smali\bsh\飘花落叶言子苏楪兰世哲.smali	1177	    invoke-virtual {p0}, Lbsh/TargetError;->inNativeCode()Z
smali\com\alibaba\fastjson2\JSONReader$Feature.smali	90	.field public static final enum UseNativeObject:Lcom/alibaba/fastjson2/JSONReader$Feature;
smali\com\alibaba\fastjson2\JSONReader$Feature.smali	130	    sget-object v8, Lcom/alibaba/fastjson2/JSONReader$Feature;->UseNativeObject:Lcom/alibaba/fastjson2/JSONReader$Feature;
smali\com\alibaba\fastjson2\JSONReader$Feature.smali	436	    const-string v4, "UseNativeObject"
smali\com\alibaba\fastjson2\JSONReader$Feature.smali	445	    sput-object v0, Lcom/alibaba/fastjson2/JSONReader$Feature;->UseNativeObject:Lcom/alibaba/fastjson2/JSONReader$Feature;
smali\com\alibaba\fastjson2\飘花落叶言子哲楪世兰苏.smali	10570	    sget-object v0, Lcom/alibaba/fastjson2/JSONReader$Feature;->UseNativeObject:Lcom/alibaba/fastjson2/JSONReader$Feature;
smali\com\alibaba\fastjson2\飘花落叶言子哲楪世兰苏.smali	13409	    sget-object v0, Lcom/alibaba/fastjson2/JSONReader$Feature;->UseNativeObject:Lcom/alibaba/fastjson2/JSONReader$Feature;
smali\com\alibaba\fastjson2\飘花落叶言子哲楪苏兰世.smali	23393	    sget-object v3, Lcom/alibaba/fastjson2/JSONReader$Feature;->UseNativeObject:Lcom/alibaba/fastjson2/JSONReader$Feature;
smali\com\alibaba\fastjson2\飘花落叶言子哲楪苏兰世.smali	23949	    sget-object v8, Lcom/alibaba/fastjson2/JSONReader$Feature;->UseNativeObject:Lcom/alibaba/fastjson2/JSONReader$Feature;
smali\com\alibaba\fastjson2\飘花落叶言子哲楪苏兰世.smali	23996	    sget-object v10, Lcom/alibaba/fastjson2/JSONReader$Feature;->UseNativeObject:Lcom/alibaba/fastjson2/JSONReader$Feature;
smali\com\alibaba\fastjson2\飘花落叶言子哲楪苏兰世.smali	29192	    sget-object v7, Lcom/alibaba/fastjson2/JSONReader$Feature;->UseNativeObject:Lcom/alibaba/fastjson2/JSONReader$Feature;
smali\com\alibaba\fastjson2\飘花落叶言子哲楪苏兰世.smali	29243	    sget-object v15, Lcom/alibaba/fastjson2/JSONReader$Feature;->UseNativeObject:Lcom/alibaba/fastjson2/JSONReader$Feature;
smali\com\alibaba\fastjson2\飘花落叶言子哲楪苏兰世.smali	30118	    sget-object v2, Lcom/alibaba/fastjson2/JSONReader$Feature;->UseNativeObject:Lcom/alibaba/fastjson2/JSONReader$Feature;
smali\com\alibaba\fastjson2\飘花落叶言子哲楪苏兰世.smali	30167	    sget-object v5, Lcom/alibaba/fastjson2/JSONReader$Feature;->UseNativeObject:Lcom/alibaba/fastjson2/JSONReader$Feature;
smali\com\alibaba\fastjson2\飘花落叶言子哲楪苏兰世.smali	32225	    sget-object v2, Lcom/alibaba/fastjson2/JSONReader$Feature;->UseNativeObject:Lcom/alibaba/fastjson2/JSONReader$Feature;
smali\com\alibaba\fastjson2\飘花落叶言子哲楪苏兰世.smali	32499	    sget-object v3, Lcom/alibaba/fastjson2/JSONReader$Feature;->UseNativeObject:Lcom/alibaba/fastjson2/JSONReader$Feature;
smali\com\alibaba\fastjson2\飘花落叶言子楪世苏哲兰.smali	991	    sget-object v1, Lcom/alibaba/fastjson2/JSONReader$Feature;->UseNativeObject:Lcom/alibaba/fastjson2/JSONReader$Feature;
smali\com\alibaba\fastjson2\reader\飘花落叶言子兰哲楪苏世.smali	1596	    sget-object v0, Lcom/alibaba/fastjson2/JSONReader$Feature;->UseNativeObject:Lcom/alibaba/fastjson2/JSONReader$Feature;
smali\com\alibaba\fastjson2\util\飘花落叶言子楪兰苏哲世.smali	234	    const-string v0, "org.graalvm.nativeimage.imagecode"
smali\com\alibaba\fastjson2\util\飘花落叶言子楪兰苏哲世.smali	915	    invoke-static {}, Ljava/nio/ByteOrder;->nativeOrder()Ljava/nio/ByteOrder;
smali\com\android\dx\command\dexer\Main.smali	34	.field private static final IN_RE_CORE_CLASSES:Ljava/lang/String; = "Ill-advised or mistaken usage of a core class (java.* or javax.*)\nwhen not building a core library.\n\nThis is often due to inadvertently including a core library file\nin your application\'s project, when using an IDE (such as\nEclipse). If you are sure you\'re not intentionally defining a\ncore class, then this is the most likely explanation of what\'s\ngoing on.\n\nHowever, you might actually be trying to define a class in a core\nnamespace, the source of which you may have taken, for example,\nfrom a non-Android virtual machine project. This will most\nassuredly not work. At a minimum, it jeopardizes the\ncompatibility of your app with future versions of the platform.\nIt is also often of questionable legality.\n\nIf you really intend to build a core library -- which is only\nappropriate as part of creating a full virtual machine\ndistribution, as opposed to compiling an application -- then use\nthe \"--core-library\" option to suppress this error message.\n\nIf you go ahead and use \"--core-library\" but are in fact\nbuilding an application, then be forewarned that your application\nwill still fail to build or run, at some point. Please be\nprepared for angry customers who find, for example, that your\napplication ceases to function once they upgrade their operating\nsystem. You will be to blame for this problem.\n\nIf you are legitimately using some code that happens to be in a\ncore package, then the easiest safe alternative you have is to\nrepackage that code. That is, move the classes in question into\nyour own package namespace. This means that they will never be in\nconflict with core system classes. JarJar is a tool that may help\nyou in this endeavor. If you find that you cannot do this, then\nthat is an indication that the path you are on will ultimately\nlead to pain, suffering, grief, and lamentation.\n"
smali\com\android\dx\command\dexer\Main.smali	827	    const-string p1, "\":\n\nIll-advised or mistaken usage of a core class (java.* or javax.*)\nwhen not building a core library.\n\nThis is often due to inadvertently including a core library file\nin your application\'s project, when using an IDE (such as\nEclipse). If you are sure you\'re not intentionally defining a\ncore class, then this is the most likely explanation of what\'s\ngoing on.\n\nHowever, you might actually be trying to define a class in a core\nnamespace, the source of which you may have taken, for example,\nfrom a non-Android virtual machine project. This will most\nassuredly not work. At a minimum, it jeopardizes the\ncompatibility of your app with future versions of the platform.\nIt is also often of questionable legality.\n\nIf you really intend to build a core library -- which is only\nappropriate as part of creating a full virtual machine\ndistribution, as opposed to compiling an application -- then use\nthe \"--core-library\" option to suppress this error message.\n\nIf you go ahead and use \"--core-library\" but are in fact\nbuilding an application, then be forewarned that your application\nwill still fail to build or run, at some point. Please be\nprepared for angry customers who find, for example, that your\napplication ceases to function once they upgrade their operating\nsystem. You will be to blame for this problem.\n\nIf you are legitimately using some code that happens to be in a\ncore package, then the easiest safe alternative you have is to\nrepackage that code. That is, move the classes in question into\nyour own package namespace. This means that they will never be in\nconflict with core system classes. JarJar is a tool that may help\nyou in this endeavor. If you find that you cannot do this, then\nthat is an indication that the path you are on will ultimately\nlead to pain, suffering, grief, and lamentation.\n"
smali\com\android\dx\dex\cf\CfTranslator.smali	641	    invoke-static/range {v16 .. v16}, Lcom/android/dx/rop/code/AccessFlags;->isNative(I)Z
smali\com\android\dx\dex\file\EncodedMethod.smali	233	    const-string p0, ": abstract or native"
smali\com\davemorrissey\labs\subscaleview\decoder\SkiaPooledImageRegionDecoder.smali	1330	    const-string p3, ", estimated native memory "
smali\com\equationl\ncnnandroidppocr\OCR$ocrNative$2.smali	1	.class final Lcom/equationl/ncnnandroidppocr/OCR$ocrNative$2;
smali\com\equationl\ncnnandroidppocr\OCR$ocrNative$2.smali	23	        "Lcom/equationl/ncnnandroidppocr/cpp/OCRNative;",
smali\com\equationl\ncnnandroidppocr\OCR$ocrNative$2.smali	37	.field public static final INSTANCE:Lcom/equationl/ncnnandroidppocr/OCR$ocrNative$2;
smali\com\equationl\ncnnandroidppocr\OCR$ocrNative$2.smali	45	    new-instance v0, Lcom/equationl/ncnnandroidppocr/OCR$ocrNative$2;
smali\com\equationl\ncnnandroidppocr\OCR$ocrNative$2.smali	49	    invoke-direct {v0}, Lcom/equationl/ncnnandroidppocr/OCR$ocrNative$2;-><init>()V
smali\com\equationl\ncnnandroidppocr\OCR$ocrNative$2.smali	54	    sput-object v0, Lcom/equationl/ncnnandroidppocr/OCR$ocrNative$2;->INSTANCE:Lcom/equationl/ncnnandroidppocr/OCR$ocrNative$2;
smali\com\equationl\ncnnandroidppocr\OCR$ocrNative$2.smali	78	.method public final invoke()Lcom/equationl/ncnnandroidppocr/cpp/OCRNative;
smali\com\equationl\ncnnandroidppocr\OCR$ocrNative$2.smali	82	    new-instance p0, Lcom/equationl/ncnnandroidppocr/cpp/OCRNative;
smali\com\equationl\ncnnandroidppocr\OCR$ocrNative$2.smali	98	    invoke-virtual {p0}, Lcom/equationl/ncnnandroidppocr/OCR$ocrNative$2;->invoke()Lcom/equationl/ncnnandroidppocr/cpp/OCRNative;
smali\com\equationl\ncnnandroidppocr\飘花落叶言子楪世苏哲兰.smali	22	    sget-object v0, Lcom/equationl/ncnnandroidppocr/OCR$ocrNative$2;->INSTANCE:Lcom/equationl/ncnnandroidppocr/OCR$ocrNative$2;
smali\com\equationl\ncnnandroidppocr\飘花落叶言子楪世苏哲兰.smali	167	    check-cast v2, Lcom/equationl/ncnnandroidppocr/cpp/OCRNative;
smali\com\equationl\ncnnandroidppocr\飘花落叶言子楪世苏哲兰.smali	175	    invoke-virtual {v2, v3}, Lcom/equationl/ncnnandroidppocr/cpp/OCRNative;->detectImagePath(Ljava/lang/String;)Lcom/equationl/ncnnandroidppocr/bean/OcrResult;
smali\com\esotericsoftware\kryo\io\ByteBufferInput.smali	7	.field private static final nativeOrder:Ljava/nio/ByteOrder;
smali\com\esotericsoftware\kryo\io\ByteBufferInput.smali	21	    invoke-static {}, Ljava/nio/ByteOrder;->nativeOrder()Ljava/nio/ByteOrder;
smali\com\esotericsoftware\kryo\io\ByteBufferInput.smali	29	    sput-object v0, Lcom/esotericsoftware/kryo/io/ByteBufferInput;->nativeOrder:Ljava/nio/ByteOrder;
smali\com\esotericsoftware\kryo\io\ByteBufferOutput.smali	7	.field private static final nativeOrder:Ljava/nio/ByteOrder;
smali\com\esotericsoftware\kryo\io\ByteBufferOutput.smali	19	    invoke-static {}, Ljava/nio/ByteOrder;->nativeOrder()Ljava/nio/ByteOrder;
smali\com\esotericsoftware\kryo\io\ByteBufferOutput.smali	27	    sput-object v0, Lcom/esotericsoftware/kryo/io/ByteBufferOutput;->nativeOrder:Ljava/nio/ByteOrder;
smali\com\google\protobuf\飘花落叶言苏楪世子兰哲.smali	344	    invoke-static {}, Ljava/nio/ByteOrder;->nativeOrder()Ljava/nio/ByteOrder;
smali\org\fusesource\jansi\AnsiType.smali	21	.field public static final enum Native:Lorg/fusesource/jansi/AnsiType;
smali\org\fusesource\jansi\AnsiType.smali	46	    const-string v2, "Supports ansi sequences natively"
smali\org\fusesource\jansi\AnsiType.smali	50	    const-string v3, "Native"
smali\org\fusesource\jansi\AnsiType.smali	59	    sput-object v0, Lorg/fusesource/jansi/AnsiType;->Native:Lorg/fusesource/jansi/AnsiType;
smali\top\suzhelan\qstory\ui\activity\NewMainActivity.smali	73	    invoke-static {p1}, Ljava/lang/System;->loadLibrary(Ljava/lang/String;)V
smali\飘花落叶言子世兰哲楪苏\飘花落叶言子楪世苏兰哲.smali	110	    const-string v1, "KeyEvent(nativeKeyEvent="
smali\飘花落叶言楪子世兰哲苏\飘花落叶言子楪世哲苏兰.smali	134	    const-string v7, "native"
smali_classes2\com\android\dx\rop\code\AccessFlags.smali	23	.field public static final ACC_NATIVE:I = 0x100
smali_classes2\com\android\dx\rop\code\AccessFlags.smali	357	    const-string p1, "|native"
smali_classes2\com\android\dx\rop\code\AccessFlags.smali	746	.method public static isNative(I)Z
smali_classes2\com\equationl\ncnnandroidppocr\cpp\OCRNative.smali	1	.class public final Lcom/equationl/ncnnandroidppocr/cpp/OCRNative;
smali_classes2\com\equationl\ncnnandroidppocr\cpp\OCRNative.smali	12	        "Lcom/equationl/ncnnandroidppocr/cpp/OCRNative;",
smali_classes2\com\equationl\ncnnandroidppocr\cpp\OCRNative.smali	54	    invoke-static {v0}, Ljava/lang/System;->loadLibrary(Ljava/lang/String;)V
smali_classes2\com\equationl\ncnnandroidppocr\cpp\OCRNative.smali	64	.method public final native detectImagePath(Ljava/lang/String;)Lcom/equationl/ncnnandroidppocr/bean/OcrResult;
smali_classes2\com\equationl\ncnnandroidppocr\cpp\OCRNative.smali	67	.method public final native loadModelByPath(Ljava/lang/String;Ljava/lang/String;Ljava/lang/String;Ljava/lang/String;IIZ)Z
smali_classes2\com\equationl\ncnnandroidppocr\cpp\OCRNative.smali	70	.method public final native release()V
smali_classes2\com\esotericsoftware\asm\Opcodes.smali	26	.field public static final ACC_NATIVE:I = 0x100
smali_classes2\com\google\errorprone\annotations\Modifier.smali	25	.field public static final enum NATIVE:Lcom/google/errorprone/annotations/Modifier;
smali_classes2\com\google\errorprone\annotations\Modifier.smali	89	    sget-object v10, Lcom/google/errorprone/annotations/Modifier;->NATIVE:Lcom/google/errorprone/annotations/Modifier;
smali_classes2\com\google\errorprone\annotations\Modifier.smali	318	    const-string v1, "NATIVE"
smali_classes2\com\google\errorprone\annotations\Modifier.smali	331	    sput-object v0, Lcom/google/errorprone/annotations/Modifier;->NATIVE:Lcom/google/errorprone/annotations/Modifier;
smali_classes2\io\ktor\util\飘花落叶言子楪苏兰哲世.smali	27	    const-string v2, "NativePRNGNonBlocking"
smali_classes2\io\ktor\utils\io\core\ByteOrder.smali	56	.field private static final native:Lio/ktor/utils/io/core/ByteOrder;
smali_classes2\io\ktor\utils\io\core\ByteOrder.smali	186	    invoke-static {}, Ljava/nio/ByteOrder;->nativeOrder()Ljava/nio/ByteOrder;
smali_classes2\io\ktor\utils\io\core\ByteOrder.smali	211	    sput-object v0, Lio/ktor/utils/io/core/ByteOrder;->native:Lio/ktor/utils/io/core/ByteOrder;
smali_classes2\io\ktor\utils\io\core\ByteOrder.smali	241	.method public static final synthetic access$getNative$cp()Lio/ktor/utils/io/core/ByteOrder;
smali_classes2\io\ktor\utils\io\core\ByteOrder.smali	245	    sget-object v0, Lio/ktor/utils/io/core/ByteOrder;->native:Lio/ktor/utils/io/core/ByteOrder;
smali_classes2\io\modelcontextprotocol\kotlin\sdk\server\飘花落叶言子楪世苏兰哲.smali	84	    const-string v1, "kotlin-logging-to-android-native"
smali_classes2\io\modelcontextprotocol\kotlin\sdk\server\飘花落叶言子楪苏世兰哲.smali	84	    const-string v1, "kotlin-logging-to-android-native"
smali_classes2\io\modelcontextprotocol\kotlin\sdk\shared\飘花落叶言子楪苏哲世兰.smali	90	    const-string v1, "kotlin-logging-to-android-native"
smali_classes2\kotlin\reflect\jvm\internal\impl\load\java\lazy\descriptors\飘花落叶言子世楪苏兰哲.smali	1794	    invoke-static {v0}, Ljava/lang/reflect/Modifier;->isNative(I)Z
smali_classes2\kotlin\text\Regex$splitToSequence$1.smali	331	    invoke-static {p1}, Lkotlin/text/Regex;->access$getNativePattern$p(Lkotlin/text/Regex;)Ljava/util/regex/Pattern;
smali_classes2\kotlin\text\Regex.smali	25	        "nativePattern",
smali_classes2\kotlin\text\Regex.smali	117	.field private final nativePattern:Ljava/util/regex/Pattern;
smali_classes2\kotlin\text\Regex.smali	325	    iput-object p1, p0, Lkotlin/text/Regex;->nativePattern:Ljava/util/regex/Pattern;
smali_classes2\kotlin\text\Regex.smali	330	.method public static final synthetic access$getNativePattern$p(Lkotlin/text/Regex;)Ljava/util/regex/Pattern;
smali_classes2\kotlin\text\Regex.smali	334	    iget-object p0, p0, Lkotlin/text/Regex;->nativePattern:Ljava/util/regex/Pattern;
smali_classes2\kotlin\text\Regex.smali	492	    iget-object v1, p0, Lkotlin/text/Regex;->nativePattern:Ljava/util/regex/Pattern;
smali_classes2\kotlin\text\Regex.smali	509	    iget-object p0, p0, Lkotlin/text/Regex;->nativePattern:Ljava/util/regex/Pattern;
smali_classes2\kotlin\text\Regex.smali	555	    iget-object p0, p0, Lkotlin/text/Regex;->nativePattern:Ljava/util/regex/Pattern;
smali_classes2\kotlin\text\Regex.smali	587	    iget-object p0, p0, Lkotlin/text/Regex;->nativePattern:Ljava/util/regex/Pattern;
smali_classes2\kotlin\text\Regex.smali	754	    iget-object v0, p0, Lkotlin/text/Regex;->nativePattern:Ljava/util/regex/Pattern;
smali_classes2\kotlin\text\Regex.smali	893	    iget-object p0, p0, Lkotlin/text/Regex;->nativePattern:Ljava/util/regex/Pattern;
smali_classes2\kotlin\text\Regex.smali	922	    iget-object p0, p0, Lkotlin/text/Regex;->nativePattern:Ljava/util/regex/Pattern;
smali_classes2\kotlin\text\Regex.smali	1012	    iget-object p0, p0, Lkotlin/text/Regex;->nativePattern:Ljava/util/regex/Pattern;
smali_classes2\kotlin\text\Regex.smali	1069	    iget-object p0, p0, Lkotlin/text/Regex;->nativePattern:Ljava/util/regex/Pattern;
smali_classes2\kotlin\text\Regex.smali	1101	    iget-object p0, p0, Lkotlin/text/Regex;->nativePattern:Ljava/util/regex/Pattern;
smali_classes2\kotlin\text\Regex.smali	1170	    iget-object p0, p0, Lkotlin/text/Regex;->nativePattern:Ljava/util/regex/Pattern;
smali_classes2\kotlin\text\Regex.smali	1368	    iget-object p0, p0, Lkotlin/text/Regex;->nativePattern:Ljava/util/regex/Pattern;
smali_classes2\kotlin\text\Regex.smali	1420	    iget-object p0, p0, Lkotlin/text/Regex;->nativePattern:Ljava/util/regex/Pattern;
smali_classes2\kotlin\text\Regex.smali	1665	    iget-object p0, p0, Lkotlin/text/Regex;->nativePattern:Ljava/util/regex/Pattern;
smali_classes2\kotlin\text\Regex.smali	1676	    iget-object p0, p0, Lkotlin/text/Regex;->nativePattern:Ljava/util/regex/Pattern;
smali_classes2\net\bytebuddy\agent\builder\AgentBuilder$Default$Delegator.smali	212	.method public disableNativeMethodPrefix()Lnet/bytebuddy/agent/builder/AgentBuilder;
smali_classes2\net\bytebuddy\agent\builder\AgentBuilder$Default$Delegator.smali	224	    invoke-interface {p0}, Lnet/bytebuddy/agent/builder/AgentBuilder;->disableNativeMethodPrefix()Lnet/bytebuddy/agent/builder/AgentBuilder;
smali_classes2\net\bytebuddy\agent\builder\AgentBuilder$Default$Delegator.smali	235	.method public enableNativeMethodPrefix(Ljava/lang/String;)Lnet/bytebuddy/agent/builder/AgentBuilder;
smali_classes2\net\bytebuddy\agent\builder\AgentBuilder$Default$Delegator.smali	247	    invoke-interface {p0, p1}, Lnet/bytebuddy/agent/builder/AgentBuilder;->enableNativeMethodPrefix(Ljava/lang/String;)Lnet/bytebuddy/agent/builder/AgentBuilder;
smali_classes2\net\bytebuddy\agent\builder\AgentBuilder$Default$Dispatcher.smali	28	.method public abstract isNativeMethodPrefixSupported(Ljava/lang/instrument/Instrumentation;)Z
smali_classes2\net\bytebuddy\agent\builder\AgentBuilder$Default$Dispatcher.smali	33	        value = "isNativeMethodPrefixSupported"
smali_classes2\net\bytebuddy\agent\builder\AgentBuilder$Default$Dispatcher.smali	37	.method public abstract setNativeMethodPrefix(Ljava/lang/instrument/Instrumentation;Ljava/lang/instrument/ClassFileTransformer;Ljava/lang/String;)V
smali_classes2\net\bytebuddy\agent\builder\AgentBuilder$Default$Dispatcher.smali	39	        value = "setNativeMethodPrefix"
smali_classes2\net\bytebuddy\agent\builder\AgentBuilder$Default$ExecutingTransformer$Factory$CreationAction.smali	438	    const-class v9, Lnet/bytebuddy/agent/builder/AgentBuilder$Default$NativeMethodStrategy;
smali_classes2\net\bytebuddy\agent\builder\AgentBuilder$Default$ExecutingTransformer$Factory$ForJava9CapableVm.smali	191	.method public make(Lnet/bytebuddy/ByteBuddy;Lnet/bytebuddy/agent/builder/AgentBuilder$Listener;Lnet/bytebuddy/agent/builder/AgentBuilder$PoolStrategy;Lnet/bytebuddy/agent/builder/AgentBuilder$TypeStrategy;Lnet/bytebuddy/agent/builder/AgentBuilder$LocationStrategy;Lnet/bytebuddy/dynamic/ClassFileLocator;Lnet/bytebuddy/agent/builder/AgentBuilder$Default$NativeMethodStrategy;Lnet/bytebuddy/agent/builder/AgentBuilder$InitializationStrategy;Lnet/bytebuddy/agent/builder/AgentBuilder$InjectionStrategy;Lnet/bytebuddy/agent/builder/AgentBuilder$LambdaInstrumentationStrategy;Lnet/bytebuddy/agent/builder/AgentBuilder$DescriptionStrategy;Lnet/bytebuddy/agent/builder/AgentBuilder$FallbackStrategy;Lnet/bytebuddy/agent/builder/AgentBuilder$ClassFileBufferStrategy;Lnet/bytebuddy/agent/builder/AgentBuilder$InstallationListener;Lnet/bytebuddy/agent/builder/AgentBuilder$RawMatcher;Lnet/bytebuddy/agent/builder/AgentBuilder$RedefinitionStrategy$ResubmissionEnforcer;Ljava/util/List;Lnet/bytebuddy/agent/builder/AgentBuilder$CircularityLock;)Lnet/bytebuddy/agent/builder/ResettableClassFileTransformer;
smali_classes2\net\bytebuddy\agent\builder\AgentBuilder$Default$ExecutingTransformer$Factory$ForJava9CapableVm.smali	202	            "Lnet/bytebuddy/agent/builder/AgentBuilder$Default$NativeMethodStrategy;",
smali_classes2\net\bytebuddy\agent\builder\AgentBuilder$Default$ExecutingTransformer$Factory$ForLegacyVm.smali	140	.method public make(Lnet/bytebuddy/ByteBuddy;Lnet/bytebuddy/agent/builder/AgentBuilder$Listener;Lnet/bytebuddy/agent/builder/AgentBuilder$PoolStrategy;Lnet/bytebuddy/agent/builder/AgentBuilder$TypeStrategy;Lnet/bytebuddy/agent/builder/AgentBuilder$LocationStrategy;Lnet/bytebuddy/dynamic/ClassFileLocator;Lnet/bytebuddy/agent/builder/AgentBuilder$Default$NativeMethodStrategy;Lnet/bytebuddy/agent/builder/AgentBuilder$InitializationStrategy;Lnet/bytebuddy/agent/builder/AgentBuilder$InjectionStrategy;Lnet/bytebuddy/agent/builder/AgentBuilder$LambdaInstrumentationStrategy;Lnet/bytebuddy/agent/builder/AgentBuilder$DescriptionStrategy;Lnet/bytebuddy/agent/builder/AgentBuilder$FallbackStrategy;Lnet/bytebuddy/agent/builder/AgentBuilder$ClassFileBufferStrategy;Lnet/bytebuddy/agent/builder/AgentBuilder$InstallationListener;Lnet/bytebuddy/agent/builder/AgentBuilder$RawMatcher;Lnet/bytebuddy/agent/builder/AgentBuilder$RedefinitionStrategy$ResubmissionEnforcer;Ljava/util/List;Lnet/bytebuddy/agent/builder/AgentBuilder$CircularityLock;)Lnet/bytebuddy/agent/builder/ResettableClassFileTransformer;
smali_classes2\net\bytebuddy\agent\builder\AgentBuilder$Default$ExecutingTransformer$Factory$ForLegacyVm.smali	151	            "Lnet/bytebuddy/agent/builder/AgentBuilder$Default$NativeMethodStrategy;",
smali_classes2\net\bytebuddy\agent\builder\AgentBuilder$Default$ExecutingTransformer$Factory$ForLegacyVm.smali	247	    invoke-direct/range {v0 .. v18}, Lnet/bytebuddy/agent/builder/AgentBuilder$Default$ExecutingTransformer;-><init>(Lnet/bytebuddy/ByteBuddy;Lnet/bytebuddy/agent/builder/AgentBuilder$Listener;Lnet/bytebuddy/agent/builder/AgentBuilder$PoolStrategy;Lnet/bytebuddy/agent/builder/AgentBuilder$TypeStrategy;Lnet/bytebuddy/agent/builder/AgentBuilder$LocationStrategy;Lnet/bytebuddy/dynamic/ClassFileLocator;Lnet/bytebuddy/agent/builder/AgentBuilder$Default$NativeMethodStrategy;Lnet/bytebuddy/agent/builder/AgentBuilder$InitializationStrategy;Lnet/bytebuddy/agent/builder/AgentBuilder$InjectionStrategy;Lnet/bytebuddy/agent/builder/AgentBuilder$LambdaInstrumentationStrategy;Lnet/bytebuddy/agent/builder/AgentBuilder$DescriptionStrategy;Lnet/bytebuddy/agent/builder/AgentBuilder$FallbackStrategy;Lnet/bytebuddy/agent/builder/AgentBuilder$ClassFileBufferStrategy;Lnet/bytebuddy/agent/builder/AgentBuilder$InstallationListener;Lnet/bytebuddy/agent/builder/AgentBuilder$RawMatcher;Lnet/bytebuddy/agent/builder/AgentBuilder$RedefinitionStrategy$ResubmissionEnforcer;Ljava/util/List;Lnet/bytebuddy/agent/builder/AgentBuilder$CircularityLock;)V
smali_classes2\net\bytebuddy\agent\builder\AgentBuilder$Default$ExecutingTransformer$Factory.smali	26	.method public abstract make(Lnet/bytebuddy/ByteBuddy;Lnet/bytebuddy/agent/builder/AgentBuilder$Listener;Lnet/bytebuddy/agent/builder/AgentBuilder$PoolStrategy;Lnet/bytebuddy/agent/builder/AgentBuilder$TypeStrategy;Lnet/bytebuddy/agent/builder/AgentBuilder$LocationStrategy;Lnet/bytebuddy/dynamic/ClassFileLocator;Lnet/bytebuddy/agent/builder/AgentBuilder$Default$NativeMethodStrategy;Lnet/bytebuddy/agent/builder/AgentBuilder$InitializationStrategy;Lnet/bytebuddy/agent/builder/AgentBuilder$InjectionStrategy;Lnet/bytebuddy/agent/builder/AgentBuilder$LambdaInstrumentationStrategy;Lnet/bytebuddy/agent/builder/AgentBuilder$DescriptionStrategy;Lnet/bytebuddy/agent/builder/AgentBuilder$FallbackStrategy;Lnet/bytebuddy/agent/builder/AgentBuilder$ClassFileBufferStrategy;Lnet/bytebuddy/agent/builder/AgentBuilder$InstallationListener;Lnet/bytebuddy/agent/builder/AgentBuilder$RawMatcher;Lnet/bytebuddy/agent/builder/AgentBuilder$RedefinitionStrategy$ResubmissionEnforcer;Ljava/util/List;Lnet/bytebuddy/agent/builder/AgentBuilder$CircularityLock;)Lnet/bytebuddy/agent/builder/ResettableClassFileTransformer;
smali_classes2\net\bytebuddy\agent\builder\AgentBuilder$Default$ExecutingTransformer$Factory.smali	36	            "Lnet/bytebuddy/agent/builder/AgentBuilder$Default$NativeMethodStrategy;",
smali_classes2\net\bytebuddy\agent\builder\AgentBuilder$Default$ExecutingTransformer.smali	63	.field private final nativeMethodStrategy:Lnet/bytebuddy/agent/builder/AgentBuilder$Default$NativeMethodStrategy;
smali_classes2\net\bytebuddy\agent\builder\AgentBuilder$Default$ExecutingTransformer.smali	170	.method public constructor <init>(Lnet/bytebuddy/ByteBuddy;Lnet/bytebuddy/agent/builder/AgentBuilder$Listener;Lnet/bytebuddy/agent/builder/AgentBuilder$PoolStrategy;Lnet/bytebuddy/agent/builder/AgentBuilder$TypeStrategy;Lnet/bytebuddy/agent/builder/AgentBuilder$LocationStrategy;Lnet/bytebuddy/dynamic/ClassFileLocator;Lnet/bytebuddy/agent/builder/AgentBuilder$Default$NativeMethodStrategy;Lnet/bytebuddy/agent/builder/AgentBuilder$InitializationStrategy;Lnet/bytebuddy/agent/builder/AgentBuilder$InjectionStrategy;Lnet/bytebuddy/agent/builder/AgentBuilder$LambdaInstrumentationStrategy;Lnet/bytebuddy/agent/builder/AgentBuilder$DescriptionStrategy;Lnet/bytebuddy/agent/builder/AgentBuilder$FallbackStrategy;Lnet/bytebuddy/agent/builder/AgentBuilder$ClassFileBufferStrategy;Lnet/bytebuddy/agent/builder/AgentBuilder$InstallationListener;Lnet/bytebuddy/agent/builder/AgentBuilder$RawMatcher;Lnet/bytebuddy/agent/builder/AgentBuilder$RedefinitionStrategy$ResubmissionEnforcer;Ljava/util/List;Lnet/bytebuddy/agent/builder/AgentBuilder$CircularityLock;)V
smali_classes2\net\bytebuddy\agent\builder\AgentBuilder$Default$ExecutingTransformer.smali	181	            "Lnet/bytebuddy/agent/builder/AgentBuilder$Default$NativeMethodStrategy;",
smali_classes2\net\bytebuddy\agent\builder\AgentBuilder$Default$ExecutingTransformer.smali	229	    iput-object p7, p0, Lnet/bytebuddy/agent/builder/AgentBuilder$Default$ExecutingTransformer;->nativeMethodStrategy:Lnet/bytebuddy/agent/builder/AgentBuilder$Default$NativeMethodStrategy;
smali_classes2\net\bytebuddy\agent\builder\AgentBuilder$Default$ExecutingTransformer.smali	631	    iget-object v4, p0, Lnet/bytebuddy/agent/builder/AgentBuilder$Default$ExecutingTransformer;->nativeMethodStrategy:Lnet/bytebuddy/agent/builder/AgentBuilder$Default$NativeMethodStrategy;
smali_classes2\net\bytebuddy\agent\builder\AgentBuilder$Default$ExecutingTransformer.smali	635	    invoke-interface {v4}, Lnet/bytebuddy/agent/builder/AgentBuilder$Default$NativeMethodStrategy;->resolve()Lnet/bytebuddy/dynamic/scaffold/inline/MethodNameTransformer;
smali_classes2\net\bytebuddy\agent\builder\AgentBuilder$Default$Ignoring.smali	362	    iget-object v8, v2, Lnet/bytebuddy/agent/builder/AgentBuilder$Default;->nativeMethodStrategy:Lnet/bytebuddy/agent/builder/AgentBuilder$Default$NativeMethodStrategy;
smali_classes2\net\bytebuddy\agent\builder\AgentBuilder$Default$Ignoring.smali	537	    invoke-direct/range {v0 .. v24}, Lnet/bytebuddy/agent/builder/AgentBuilder$Default;-><init>(Lnet/bytebuddy/ByteBuddy;Lnet/bytebuddy/agent/builder/AgentBuilder$Listener;Lnet/bytebuddy/agent/builder/AgentBuilder$CircularityLock;Lnet/bytebuddy/agent/builder/AgentBuilder$PoolStrategy;Lnet/bytebuddy/agent/builder/AgentBuilder$TypeStrategy;Lnet/bytebuddy/agent/builder/AgentBuilder$LocationStrategy;Lnet/bytebuddy/dynamic/ClassFileLocator;Lnet/bytebuddy/agent/builder/AgentBuilder$Default$NativeMethodStrategy;Lnet/bytebuddy/agent/builder/AgentBuilder$Default$WarmupStrategy;Lnet/bytebuddy/agent/builder/AgentBuilder$TransformerDecorator;Lnet/bytebuddy/agent/builder/AgentBuilder$InitializationStrategy;Lnet/bytebuddy/agent/builder/AgentBuilder$RedefinitionStrategy;Lnet/bytebuddy/agent/builder/AgentBuilder$RedefinitionStrategy$DiscoveryStrategy;Lnet/bytebuddy/agent/builder/AgentBuilder$RedefinitionStrategy$BatchAllocator;Lnet/bytebuddy/agent/builder/AgentBuilder$RedefinitionStrategy$Listener;Lnet/bytebuddy/agent/builder/AgentBuilder$RedefinitionStrategy$ResubmissionStrategy;Lnet/bytebuddy/agent/builder/AgentBuilder$InjectionStrategy;Lnet/bytebuddy/agent/builder/AgentBuilder$LambdaInstrumentationStrategy;Lnet/bytebuddy/agent/builder/AgentBuilder$DescriptionStrategy;Lnet/bytebuddy/agent/builder/AgentBuilder$FallbackStrategy;Lnet/bytebuddy/agent/builder/AgentBuilder$ClassFileBufferStrategy;Lnet/bytebuddy/agent/builder/AgentBuilder$InstallationListener;Lnet/bytebuddy/agent/builder/AgentBuilder$RawMatcher;Ljava/util/List;)V
smali_classes2\net\bytebuddy\agent\builder\AgentBuilder$Default$NativeMethodStrategy$Disabled.smali	1	.class public final enum Lnet/bytebuddy/agent/builder/AgentBuilder$Default$NativeMethodStrategy$Disabled;
smali_classes2\net\bytebuddy\agent\builder\AgentBuilder$Default$NativeMethodStrategy$Disabled.smali	6	.implements Lnet/bytebuddy/agent/builder/AgentBuilder$Default$NativeMethodStrategy;
smali_classes2\net\bytebuddy\agent\builder\AgentBuilder$Default$NativeMethodStrategy$Disabled.smali	11	    value = Lnet/bytebuddy/agent/builder/AgentBuilder$Default$NativeMethodStrategy;
smali_classes2\net\bytebuddy\agent\builder\AgentBuilder$Default$NativeMethodStrategy$Disabled.smali	22	        "Lnet/bytebuddy/agent/builder/AgentBuilder$Default$NativeMethodStrategy$Disabled;",
smali_classes2\net\bytebuddy\agent\builder\AgentBuilder$Default$NativeMethodStrategy$Disabled.smali	24	        "Lnet/bytebuddy/agent/builder/AgentBuilder$Default$NativeMethodStrategy;"
smali_classes2\net\bytebuddy\agent\builder\AgentBuilder$Default$NativeMethodStrategy$Disabled.smali	30	.field private static final synthetic $VALUES:[Lnet/bytebuddy/agent/builder/AgentBuilder$Default$NativeMethodStrategy$Disabled;
smali_classes2\net\bytebuddy\agent\builder\AgentBuilder$Default$NativeMethodStrategy$Disabled.smali	32	.field public static final enum INSTANCE:Lnet/bytebuddy/agent/builder/AgentBuilder$Default$NativeMethodStrategy$Disabled;
smali_classes2\net\bytebuddy\agent\builder\AgentBuilder$Default$NativeMethodStrategy$Disabled.smali	40	    new-instance v0, Lnet/bytebuddy/agent/builder/AgentBuilder$Default$NativeMethodStrategy$Disabled;
smali_classes2\net\bytebuddy\agent\builder\AgentBuilder$Default$NativeMethodStrategy$Disabled.smali	51	    invoke-direct {v0, v1, v2}, Lnet/bytebuddy/agent/builder/AgentBuilder$Default$NativeMethodStrategy$Disabled;-><init>(Ljava/lang/String;I)V
smali_classes2\net\bytebuddy\agent\builder\AgentBuilder$Default$NativeMethodStrategy$Disabled.smali	56	    sput-object v0, Lnet/bytebuddy/agent/builder/AgentBuilder$Default$NativeMethodStrategy$Disabled;->INSTANCE:Lnet/bytebuddy/agent/builder/AgentBuilder$Default$NativeMethodStrategy$Disabled;
smali_classes2\net\bytebuddy\agent\builder\AgentBuilder$Default$NativeMethodStrategy$Disabled.smali	60	    filled-new-array {v0}, [Lnet/bytebuddy/agent/builder/AgentBuilder$Default$NativeMethodStrategy$Disabled;
smali_classes2\net\bytebuddy\agent\builder\AgentBuilder$Default$NativeMethodStrategy$Disabled.smali	68	    sput-object v0, Lnet/bytebuddy/agent/builder/AgentBuilder$Default$NativeMethodStrategy$Disabled;->$VALUES:[Lnet/bytebuddy/agent/builder/AgentBuilder$Default$NativeMethodStrategy$Disabled;
smali_classes2\net\bytebuddy\agent\builder\AgentBuilder$Default$NativeMethodStrategy$Disabled.smali	92	.method public static valueOf(Ljava/lang/String;)Lnet/bytebuddy/agent/builder/AgentBuilder$Default$NativeMethodStrategy$Disabled;
smali_classes2\net\bytebuddy\agent\builder\AgentBuilder$Default$NativeMethodStrategy$Disabled.smali	96	    const-class v0, Lnet/bytebuddy/agent/builder/AgentBuilder$Default$NativeMethodStrategy$Disabled;
smali_classes2\net\bytebuddy\agent\builder\AgentBuilder$Default$NativeMethodStrategy$Disabled.smali	108	    check-cast p0, Lnet/bytebuddy/agent/builder/AgentBuilder$Default$NativeMethodStrategy$Disabled;
smali_classes2\net\bytebuddy\agent\builder\AgentBuilder$Default$NativeMethodStrategy$Disabled.smali	115	.method public static values()[Lnet/bytebuddy/agent/builder/AgentBuilder$Default$NativeMethodStrategy$Disabled;
smali_classes2\net\bytebuddy\agent\builder\AgentBuilder$Default$NativeMethodStrategy$Disabled.smali	119	    sget-object v0, Lnet/bytebuddy/agent/builder/AgentBuilder$Default$NativeMethodStrategy$Disabled;->$VALUES:[Lnet/bytebuddy/agent/builder/AgentBuilder$Default$NativeMethodStrategy$Disabled;
smali_classes2\net\bytebuddy\agent\builder\AgentBuilder$Default$NativeMethodStrategy$Disabled.smali	123	    invoke-virtual {v0}, [Lnet/bytebuddy/agent/builder/AgentBuilder$Default$NativeMethodStrategy$Disabled;->clone()Ljava/lang/Object;
smali_classes2\net\bytebuddy\agent\builder\AgentBuilder$Default$NativeMethodStrategy$Disabled.smali	131	    check-cast v0, [Lnet/bytebuddy/agent/builder/AgentBuilder$Default$NativeMethodStrategy$Disabled;
smali_classes2\net\bytebuddy\agent\builder\AgentBuilder$Default$NativeMethodStrategy$ForPrefix.smali	1	.class public Lnet/bytebuddy/agent/builder/AgentBuilder$Default$NativeMethodStrategy$ForPrefix;
smali_classes2\net\bytebuddy\agent\builder\AgentBuilder$Default$NativeMethodStrategy$ForPrefix.smali	6	.implements Lnet/bytebuddy/agent/builder/AgentBuilder$Default$NativeMethodStrategy;
smali_classes2\net\bytebuddy\agent\builder\AgentBuilder$Default$NativeMethodStrategy$ForPrefix.smali	11	    value = Lnet/bytebuddy/agent/builder/AgentBuilder$Default$NativeMethodStrategy;
smali_classes2\net\bytebuddy\agent\builder\AgentBuilder$Default$NativeMethodStrategy$ForPrefix.smali	37	    iput-object p1, p0, Lnet/bytebuddy/agent/builder/AgentBuilder$Default$NativeMethodStrategy$ForPrefix;->prefix:Ljava/lang/String;
smali_classes2\net\bytebuddy\agent\builder\AgentBuilder$Default$NativeMethodStrategy$ForPrefix.smali	44	.method public static of(Ljava/lang/String;)Lnet/bytebuddy/agent/builder/AgentBuilder$Default$NativeMethodStrategy;
smali_classes2\net\bytebuddy\agent\builder\AgentBuilder$Default$NativeMethodStrategy$ForPrefix.smali	60	    new-instance v0, Lnet/bytebuddy/agent/builder/AgentBuilder$Default$NativeMethodStrategy$ForPrefix;
smali_classes2\net\bytebuddy\agent\builder\AgentBuilder$Default$NativeMethodStrategy$ForPrefix.smali	64	    invoke-direct {v0, p0}, Lnet/bytebuddy/agent/builder/AgentBuilder$Default$NativeMethodStrategy$ForPrefix;-><init>(Ljava/lang/String;)V
smali_classes2\net\bytebuddy\agent\builder\AgentBuilder$Default$NativeMethodStrategy$ForPrefix.smali	102	    invoke-interface {v0, p1}, Lnet/bytebuddy/agent/builder/AgentBuilder$Default$Dispatcher;->isNativeMethodPrefixSupported(Ljava/lang/instrument/Instrumentation;)Z
smali_classes2\net\bytebuddy\agent\builder\AgentBuilder$Default$NativeMethodStrategy$ForPrefix.smali	122	    iget-object p0, p0, Lnet/bytebuddy/agent/builder/AgentBuilder$Default$NativeMethodStrategy$ForPrefix;->prefix:Ljava/lang/String;
smali_classes2\net\bytebuddy\agent\builder\AgentBuilder$Default$NativeMethodStrategy$ForPrefix.smali	126	    invoke-interface {v0, p1, p2, p0}, Lnet/bytebuddy/agent/builder/AgentBuilder$Default$Dispatcher;->setNativeMethodPrefix(Ljava/lang/instrument/Instrumentation;Ljava/lang/instrument/ClassFileTransformer;Ljava/lang/String;)V
smali_classes2\net\bytebuddy\agent\builder\AgentBuilder$Default$NativeMethodStrategy$ForPrefix.smali	135	    const-string p0, "A prefix for native methods is not supported: "
smali_classes2\net\bytebuddy\agent\builder\AgentBuilder$Default$NativeMethodStrategy$ForPrefix.smali	201	    iget-object p0, p0, Lnet/bytebuddy/agent/builder/AgentBuilder$Default$NativeMethodStrategy$ForPrefix;->prefix:Ljava/lang/String;
smali_classes2\net\bytebuddy\agent\builder\AgentBuilder$Default$NativeMethodStrategy$ForPrefix.smali	205	    check-cast p1, Lnet/bytebuddy/agent/builder/AgentBuilder$Default$NativeMethodStrategy$ForPrefix;
smali_classes2\net\bytebuddy\agent\builder\AgentBuilder$Default$NativeMethodStrategy$ForPrefix.smali	209	    iget-object p1, p1, Lnet/bytebuddy/agent/builder/AgentBuilder$Default$NativeMethodStrategy$ForPrefix;->prefix:Ljava/lang/String;
smali_classes2\net\bytebuddy\agent\builder\AgentBuilder$Default$NativeMethodStrategy$ForPrefix.smali	256	    iget-object p0, p0, Lnet/bytebuddy/agent/builder/AgentBuilder$Default$NativeMethodStrategy$ForPrefix;->prefix:Ljava/lang/String;
smali_classes2\net\bytebuddy\agent\builder\AgentBuilder$Default$NativeMethodStrategy$ForPrefix.smali	282	    iget-object p0, p0, Lnet/bytebuddy/agent/builder/AgentBuilder$Default$NativeMethodStrategy$ForPrefix;->prefix:Ljava/lang/String;
smali_classes2\net\bytebuddy\agent\builder\AgentBuilder$Default$NativeMethodStrategy.smali	1	.class public interface abstract Lnet/bytebuddy/agent/builder/AgentBuilder$Default$NativeMethodStrategy;
smali_classes2\net\bytebuddy\agent\builder\AgentBuilder$Default$NativeMethodStrategy.smali	13	    name = "NativeMethodStrategy"
smali_classes2\net\bytebuddy\agent\builder\AgentBuilder$Default$NativeMethodStrategy.smali	18	        Lnet/bytebuddy/agent/builder/AgentBuilder$Default$NativeMethodStrategy$ForPrefix;,
smali_classes2\net\bytebuddy\agent\builder\AgentBuilder$Default$NativeMethodStrategy.smali	19	        Lnet/bytebuddy/agent/builder/AgentBuilder$Default$NativeMethodStrategy$Disabled;
smali_classes2\net\bytebuddy\agent\builder\AgentBuilder$Default$Redefining$WithResubmission.smali	126	    iget-object v8, v2, Lnet/bytebuddy/agent/builder/AgentBuilder$Default;->nativeMethodStrategy:Lnet/bytebuddy/agent/builder/AgentBuilder$Default$NativeMethodStrategy;
smali_classes2\net\bytebuddy\agent\builder\AgentBuilder$Default$Redefining$WithResubmission.smali	333	    invoke-direct/range {v0 .. v24}, Lnet/bytebuddy/agent/builder/AgentBuilder$Default;-><init>(Lnet/bytebuddy/ByteBuddy;Lnet/bytebuddy/agent/builder/AgentBuilder$Listener;Lnet/bytebuddy/agent/builder/AgentBuilder$CircularityLock;Lnet/bytebuddy/agent/builder/AgentBuilder$PoolStrategy;Lnet/bytebuddy/agent/builder/AgentBuilder$TypeStrategy;Lnet/bytebuddy/agent/builder/AgentBuilder$LocationStrategy;Lnet/bytebuddy/dynamic/ClassFileLocator;Lnet/bytebuddy/agent/builder/AgentBuilder$Default$NativeMethodStrategy;Lnet/bytebuddy/agent/builder/AgentBuilder$Default$WarmupStrategy;Lnet/bytebuddy/agent/builder/AgentBuilder$TransformerDecorator;Lnet/bytebuddy/agent/builder/AgentBuilder$InitializationStrategy;Lnet/bytebuddy/agent/builder/AgentBuilder$RedefinitionStrategy;Lnet/bytebuddy/agent/builder/AgentBuilder$RedefinitionStrategy$DiscoveryStrategy;Lnet/bytebuddy/agent/builder/AgentBuilder$RedefinitionStrategy$BatchAllocator;Lnet/bytebuddy/agent/builder/AgentBuilder$RedefinitionStrategy$Listener;Lnet/bytebuddy/agent/builder/AgentBuilder$RedefinitionStrategy$ResubmissionStrategy;Lnet/bytebuddy/agent/builder/AgentBuilder$InjectionStrategy;Lnet/bytebuddy/agent/builder/AgentBuilder$LambdaInstrumentationStrategy;Lnet/bytebuddy/agent/builder/AgentBuilder$DescriptionStrategy;Lnet/bytebuddy/agent/builder/AgentBuilder$FallbackStrategy;Lnet/bytebuddy/agent/builder/AgentBuilder$ClassFileBufferStrategy;Lnet/bytebuddy/agent/builder/AgentBuilder$InstallationListener;Lnet/bytebuddy/agent/builder/AgentBuilder$RawMatcher;Ljava/util/List;)V
smali_classes2\net\bytebuddy\agent\builder\AgentBuilder$Default$Redefining.smali	27	.method public constructor <init>(Lnet/bytebuddy/ByteBuddy;Lnet/bytebuddy/agent/builder/AgentBuilder$Listener;Lnet/bytebuddy/agent/builder/AgentBuilder$CircularityLock;Lnet/bytebuddy/agent/builder/AgentBuilder$PoolStrategy;Lnet/bytebuddy/agent/builder/AgentBuilder$TypeStrategy;Lnet/bytebuddy/agent/builder/AgentBuilder$LocationStrategy;Lnet/bytebuddy/dynamic/ClassFileLocator;Lnet/bytebuddy/agent/builder/AgentBuilder$Default$NativeMethodStrategy;Lnet/bytebuddy/agent/builder/AgentBuilder$Default$WarmupStrategy;Lnet/bytebuddy/agent/builder/AgentBuilder$TransformerDecorator;Lnet/bytebuddy/agent/builder/AgentBuilder$InitializationStrategy;Lnet/bytebuddy/agent/builder/AgentBuilder$RedefinitionStrategy;Lnet/bytebuddy/agent/builder/AgentBuilder$RedefinitionStrategy$DiscoveryStrategy;Lnet/bytebuddy/agent/builder/AgentBuilder$RedefinitionStrategy$BatchAllocator;Lnet/bytebuddy/agent/builder/AgentBuilder$RedefinitionStrategy$Listener;Lnet/bytebuddy/agent/builder/AgentBuilder$RedefinitionStrategy$ResubmissionStrategy;Lnet/bytebuddy/agent/builder/AgentBuilder$InjectionStrategy;Lnet/bytebuddy/agent/builder/AgentBuilder$LambdaInstrumentationStrategy;Lnet/bytebuddy/agent/builder/AgentBuilder$DescriptionStrategy;Lnet/bytebuddy/agent/builder/AgentBuilder$FallbackStrategy;Lnet/bytebuddy/agent/builder/AgentBuilder$ClassFileBufferStrategy;Lnet/bytebuddy/agent/builder/AgentBuilder$InstallationListener;Lnet/bytebuddy/agent/builder/AgentBuilder$RawMatcher;Ljava/util/List;)V
smali_classes2\net\bytebuddy\agent\builder\AgentBuilder$Default$Redefining.smali	39	            "Lnet/bytebuddy/agent/builder/AgentBuilder$Default$NativeMethodStrategy;",
smali_classes2\net\bytebuddy\agent\builder\AgentBuilder$Default$Redefining.smali	62	    invoke-direct/range {p0 .. p24}, Lnet/bytebuddy/agent/builder/AgentBuilder$Default;-><init>(Lnet/bytebuddy/ByteBuddy;Lnet/bytebuddy/agent/builder/AgentBuilder$Listener;Lnet/bytebuddy/agent/builder/AgentBuilder$CircularityLock;Lnet/bytebuddy/agent/builder/AgentBuilder$PoolStrategy;Lnet/bytebuddy/agent/builder/AgentBuilder$TypeStrategy;Lnet/bytebuddy/agent/builder/AgentBuilder$LocationStrategy;Lnet/bytebuddy/dynamic/ClassFileLocator;Lnet/bytebuddy/agent/builder/AgentBuilder$Default$NativeMethodStrategy;Lnet/bytebuddy/agent/builder/AgentBuilder$Default$WarmupStrategy;Lnet/bytebuddy/agent/builder/AgentBuilder$TransformerDecorator;Lnet/bytebuddy/agent/builder/AgentBuilder$InitializationStrategy;Lnet/bytebuddy/agent/builder/AgentBuilder$RedefinitionStrategy;Lnet/bytebuddy/agent/builder/AgentBuilder$RedefinitionStrategy$DiscoveryStrategy;Lnet/bytebuddy/agent/builder/AgentBuilder$RedefinitionStrategy$BatchAllocator;Lnet/bytebuddy/agent/builder/AgentBuilder$RedefinitionStrategy$Listener;Lnet/bytebuddy/agent/builder/AgentBuilder$RedefinitionStrategy$ResubmissionStrategy;Lnet/bytebuddy/agent/builder/AgentBuilder$InjectionStrategy;Lnet/bytebuddy/agent/builder/AgentBuilder$LambdaInstrumentationStrategy;Lnet/bytebuddy/agent/builder/AgentBuilder$DescriptionStrategy;Lnet/bytebuddy/agent/builder/AgentBuilder$FallbackStrategy;Lnet/bytebuddy/agent/builder/AgentBuilder$ClassFileBufferStrategy;Lnet/bytebuddy/agent/builder/AgentBuilder$InstallationListener;Lnet/bytebuddy/agent/builder/AgentBuilder$RawMatcher;Ljava/util/List;)V
smali_classes2\net\bytebuddy\agent\builder\AgentBuilder$Default$Redefining.smali	150	    iget-object v10, v0, Lnet/bytebuddy/agent/builder/AgentBuilder$Default;->nativeMethodStrategy:Lnet/bytebuddy/agent/builder/AgentBuilder$Default$NativeMethodStrategy;
smali_classes2\net\bytebuddy\agent\builder\AgentBuilder$Default$Redefining.smali	204	    invoke-direct/range {v2 .. v26}, Lnet/bytebuddy/agent/builder/AgentBuilder$Default$Redefining;-><init>(Lnet/bytebuddy/ByteBuddy;Lnet/bytebuddy/agent/builder/AgentBuilder$Listener;Lnet/bytebuddy/agent/builder/AgentBuilder$CircularityLock;Lnet/bytebuddy/agent/builder/AgentBuilder$PoolStrategy;Lnet/bytebuddy/agent/builder/AgentBuilder$TypeStrategy;Lnet/bytebuddy/agent/builder/AgentBuilder$LocationStrategy;Lnet/bytebuddy/dynamic/ClassFileLocator;Lnet/bytebuddy/agent/builder/AgentBuilder$Default$NativeMethodStrategy;Lnet/bytebuddy/agent/builder/AgentBuilder$Default$WarmupStrategy;Lnet/bytebuddy/agent/builder/AgentBuilder$TransformerDecorator;Lnet/bytebuddy/agent/builder/AgentBuilder$InitializationStrategy;Lnet/bytebuddy/agent/builder/AgentBuilder$RedefinitionStrategy;Lnet/bytebuddy/agent/builder/AgentBuilder$RedefinitionStrategy$DiscoveryStrategy;Lnet/bytebuddy/agent/builder/AgentBuilder$RedefinitionStrategy$BatchAllocator;Lnet/bytebuddy/agent/builder/AgentBuilder$RedefinitionStrategy$Listener;Lnet/bytebuddy/agent/builder/AgentBuilder$RedefinitionStrategy$ResubmissionStrategy;Lnet/bytebuddy/agent/builder/AgentBuilder$InjectionStrategy;Lnet/bytebuddy/agent/builder/AgentBuilder$LambdaInstrumentationStrategy;Lnet/bytebuddy/agent/builder/AgentBuilder$DescriptionStrategy;Lnet/bytebuddy/agent/builder/AgentBuilder$FallbackStrategy;Lnet/bytebuddy/agent/builder/AgentBuilder$ClassFileBufferStrategy;Lnet/bytebuddy/agent/builder/AgentBuilder$InstallationListener;Lnet/bytebuddy/agent/builder/AgentBuilder$RawMatcher;Ljava/util/List;)V
smali_classes2\net\bytebuddy\agent\builder\AgentBuilder$Default$Redefining.smali	250	    iget-object v10, v0, Lnet/bytebuddy/agent/builder/AgentBuilder$Default;->nativeMethodStrategy:Lnet/bytebuddy/agent/builder/AgentBuilder$Default$NativeMethodStrategy;
smali_classes2\net\bytebuddy\agent\builder\AgentBuilder$Default$Redefining.smali	306	    invoke-direct/range {v2 .. v26}, Lnet/bytebuddy/agent/builder/AgentBuilder$Default$Redefining;-><init>(Lnet/bytebuddy/ByteBuddy;Lnet/bytebuddy/agent/builder/AgentBuilder$Listener;Lnet/bytebuddy/agent/builder/AgentBuilder$CircularityLock;Lnet/bytebuddy/agent/builder/AgentBuilder$PoolStrategy;Lnet/bytebuddy/agent/builder/AgentBuilder$TypeStrategy;Lnet/bytebuddy/agent/builder/AgentBuilder$LocationStrategy;Lnet/bytebuddy/dynamic/ClassFileLocator;Lnet/bytebuddy/agent/builder/AgentBuilder$Default$NativeMethodStrategy;Lnet/bytebuddy/agent/builder/AgentBuilder$Default$WarmupStrategy;Lnet/bytebuddy/agent/builder/AgentBuilder$TransformerDecorator;Lnet/bytebuddy/agent/builder/AgentBuilder$InitializationStrategy;Lnet/bytebuddy/agent/builder/AgentBuilder$RedefinitionStrategy;Lnet/bytebuddy/agent/builder/AgentBuilder$RedefinitionStrategy$DiscoveryStrategy;Lnet/bytebuddy/agent/builder/AgentBuilder$RedefinitionStrategy$BatchAllocator;Lnet/bytebuddy/agent/builder/AgentBuilder$RedefinitionStrategy$Listener;Lnet/bytebuddy/agent/builder/AgentBuilder$RedefinitionStrategy$ResubmissionStrategy;Lnet/bytebuddy/agent/builder/AgentBuilder$InjectionStrategy;Lnet/bytebuddy/agent/builder/AgentBuilder$LambdaInstrumentationStrategy;Lnet/bytebuddy/agent/builder/AgentBuilder$DescriptionStrategy;Lnet/bytebuddy/agent/builder/AgentBuilder$FallbackStrategy;Lnet/bytebuddy/agent/builder/AgentBuilder$ClassFileBufferStrategy;Lnet/bytebuddy/agent/builder/AgentBuilder$InstallationListener;Lnet/bytebuddy/agent/builder/AgentBuilder$RawMatcher;Ljava/util/List;)V
smali_classes2\net\bytebuddy\agent\builder\AgentBuilder$Default$Redefining.smali	377	    iget-object v10, v0, Lnet/bytebuddy/agent/builder/AgentBuilder$Default;->nativeMethodStrategy:Lnet/bytebuddy/agent/builder/AgentBuilder$Default$NativeMethodStrategy;
smali_classes2\net\bytebuddy\agent\builder\AgentBuilder$Default$Redefining.smali	541	    invoke-direct/range {v2 .. v26}, Lnet/bytebuddy/agent/builder/AgentBuilder$Default$Redefining;-><init>(Lnet/bytebuddy/ByteBuddy;Lnet/bytebuddy/agent/builder/AgentBuilder$Listener;Lnet/bytebuddy/agent/builder/AgentBuilder$CircularityLock;Lnet/bytebuddy/agent/builder/AgentBuilder$PoolStrategy;Lnet/bytebuddy/agent/builder/AgentBuilder$TypeStrategy;Lnet/bytebuddy/agent/builder/AgentBuilder$LocationStrategy;Lnet/bytebuddy/dynamic/ClassFileLocator;Lnet/bytebuddy/agent/builder/AgentBuilder$Default$NativeMethodStrategy;Lnet/bytebuddy/agent/builder/AgentBuilder$Default$WarmupStrategy;Lnet/bytebuddy/agent/builder/AgentBuilder$TransformerDecorator;Lnet/bytebuddy/agent/builder/AgentBuilder$InitializationStrategy;Lnet/bytebuddy/agent/builder/AgentBuilder$RedefinitionStrategy;Lnet/bytebuddy/agent/builder/AgentBuilder$RedefinitionStrategy$DiscoveryStrategy;Lnet/bytebuddy/agent/builder/AgentBuilder$RedefinitionStrategy$BatchAllocator;Lnet/bytebuddy/agent/builder/AgentBuilder$RedefinitionStrategy$Listener;Lnet/bytebuddy/agent/builder/AgentBuilder$RedefinitionStrategy$ResubmissionStrategy;Lnet/bytebuddy/agent/builder/AgentBuilder$InjectionStrategy;Lnet/bytebuddy/agent/builder/AgentBuilder$LambdaInstrumentationStrategy;Lnet/bytebuddy/agent/builder/AgentBuilder$DescriptionStrategy;Lnet/bytebuddy/agent/builder/AgentBuilder$FallbackStrategy;Lnet/bytebuddy/agent/builder/AgentBuilder$ClassFileBufferStrategy;Lnet/bytebuddy/agent/builder/AgentBuilder$InstallationListener;Lnet/bytebuddy/agent/builder/AgentBuilder$RawMatcher;Ljava/util/List;)V
smali_classes2\net\bytebuddy\agent\builder\AgentBuilder$Default$Transforming.smali	496	    iget-object v8, v2, Lnet/bytebuddy/agent/builder/AgentBuilder$Default;->nativeMethodStrategy:Lnet/bytebuddy/agent/builder/AgentBuilder$Default$NativeMethodStrategy;
smali_classes2\net\bytebuddy\agent\builder\AgentBuilder$Default$Transforming.smali	716	    invoke-direct/range {v0 .. v24}, Lnet/bytebuddy/agent/builder/AgentBuilder$Default;-><init>(Lnet/bytebuddy/ByteBuddy;Lnet/bytebuddy/agent/builder/AgentBuilder$Listener;Lnet/bytebuddy/agent/builder/AgentBuilder$CircularityLock;Lnet/bytebuddy/agent/builder/AgentBuilder$PoolStrategy;Lnet/bytebuddy/agent/builder/AgentBuilder$TypeStrategy;Lnet/bytebuddy/agent/builder/AgentBuilder$LocationStrategy;Lnet/bytebuddy/dynamic/ClassFileLocator;Lnet/bytebuddy/agent/builder/AgentBuilder$Default$NativeMethodStrategy;Lnet/bytebuddy/agent/builder/AgentBuilder$Default$WarmupStrategy;Lnet/bytebuddy/agent/builder/AgentBuilder$TransformerDecorator;Lnet/bytebuddy/agent/builder/AgentBuilder$InitializationStrategy;Lnet/bytebuddy/agent/builder/AgentBuilder$RedefinitionStrategy;Lnet/bytebuddy/agent/builder/AgentBuilder$RedefinitionStrategy$DiscoveryStrategy;Lnet/bytebuddy/agent/builder/AgentBuilder$RedefinitionStrategy$BatchAllocator;Lnet/bytebuddy/agent/builder/AgentBuilder$RedefinitionStrategy$Listener;Lnet/bytebuddy/agent/builder/AgentBuilder$RedefinitionStrategy$ResubmissionStrategy;Lnet/bytebuddy/agent/builder/AgentBuilder$InjectionStrategy;Lnet/bytebuddy/agent/builder/AgentBuilder$LambdaInstrumentationStrategy;Lnet/bytebuddy/agent/builder/AgentBuilder$DescriptionStrategy;Lnet/bytebuddy/agent/builder/AgentBuilder$FallbackStrategy;Lnet/bytebuddy/agent/builder/AgentBuilder$ClassFileBufferStrategy;Lnet/bytebuddy/agent/builder/AgentBuilder$InstallationListener;Lnet/bytebuddy/agent/builder/AgentBuilder$RawMatcher;Ljava/util/List;)V
smali_classes2\net\bytebuddy\agent\builder\AgentBuilder$Default.smali	28	        Lnet/bytebuddy/agent/builder/AgentBuilder$Default$NativeMethodStrategy;,
smali_classes2\net\bytebuddy\agent\builder\AgentBuilder$Default.smali	93	.field protected final nativeMethodStrategy:Lnet/bytebuddy/agent/builder/AgentBuilder$Default$NativeMethodStrategy;
smali_classes2\net\bytebuddy\agent\builder\AgentBuilder$Default.smali	282	    sget-object v8, Lnet/bytebuddy/agent/builder/AgentBuilder$Default$NativeMethodStrategy$Disabled;->INSTANCE:Lnet/bytebuddy/agent/builder/AgentBuilder$Default$NativeMethodStrategy$Disabled;
smali_classes2\net\bytebuddy\agent\builder\AgentBuilder$Default.smali	571	    invoke-direct/range {v0 .. v24}, Lnet/bytebuddy/agent/builder/AgentBuilder$Default;-><init>(Lnet/bytebuddy/ByteBuddy;Lnet/bytebuddy/agent/builder/AgentBuilder$Listener;Lnet/bytebuddy/agent/builder/AgentBuilder$CircularityLock;Lnet/bytebuddy/agent/builder/AgentBuilder$PoolStrategy;Lnet/bytebuddy/agent/builder/AgentBuilder$TypeStrategy;Lnet/bytebuddy/agent/builder/AgentBuilder$LocationStrategy;Lnet/bytebuddy/dynamic/ClassFileLocator;Lnet/bytebuddy/agent/builder/AgentBuilder$Default$NativeMethodStrategy;Lnet/bytebuddy/agent/builder/AgentBuilder$Default$WarmupStrategy;Lnet/bytebuddy/agent/builder/AgentBuilder$TransformerDecorator;Lnet/bytebuddy/agent/builder/AgentBuilder$InitializationStrategy;Lnet/bytebuddy/agent/builder/AgentBuilder$RedefinitionStrategy;Lnet/bytebuddy/agent/builder/AgentBuilder$RedefinitionStrategy$DiscoveryStrategy;Lnet/bytebuddy/agent/builder/AgentBuilder$RedefinitionStrategy$BatchAllocator;Lnet/bytebuddy/agent/builder/AgentBuilder$RedefinitionStrategy$Listener;Lnet/bytebuddy/agent/builder/AgentBuilder$RedefinitionStrategy$ResubmissionStrategy;Lnet/bytebuddy/agent/builder/AgentBuilder$InjectionStrategy;Lnet/bytebuddy/agent/builder/AgentBuilder$LambdaInstrumentationStrategy;Lnet/bytebuddy/agent/builder/AgentBuilder$DescriptionStrategy;Lnet/bytebuddy/agent/builder/AgentBuilder$FallbackStrategy;Lnet/bytebuddy/agent/builder/AgentBuilder$ClassFileBufferStrategy;Lnet/bytebuddy/agent/builder/AgentBuilder$InstallationListener;Lnet/bytebuddy/agent/builder/AgentBuilder$RawMatcher;Ljava/util/List;)V
smali_classes2\net\bytebuddy\agent\builder\AgentBuilder$Default.smali	579	.method public constructor <init>(Lnet/bytebuddy/ByteBuddy;Lnet/bytebuddy/agent/builder/AgentBuilder$Listener;Lnet/bytebuddy/agent/builder/AgentBuilder$CircularityLock;Lnet/bytebuddy/agent/builder/AgentBuilder$PoolStrategy;Lnet/bytebuddy/agent/builder/AgentBuilder$TypeStrategy;Lnet/bytebuddy/agent/builder/AgentBuilder$LocationStrategy;Lnet/bytebuddy/dynamic/ClassFileLocator;Lnet/bytebuddy/agent/builder/AgentBuilder$Default$NativeMethodStrategy;Lnet/bytebuddy/agent/builder/AgentBuilder$Default$WarmupStrategy;Lnet/bytebuddy/agent/builder/AgentBuilder$TransformerDecorator;Lnet/bytebuddy/agent/builder/AgentBuilder$InitializationStrategy;Lnet/bytebuddy/agent/builder/AgentBuilder$RedefinitionStrategy;Lnet/bytebuddy/agent/builder/AgentBuilder$RedefinitionStrategy$DiscoveryStrategy;Lnet/bytebuddy/agent/builder/AgentBuilder$RedefinitionStrategy$BatchAllocator;Lnet/bytebuddy/agent/builder/AgentBuilder$RedefinitionStrategy$Listener;Lnet/bytebuddy/agent/builder/AgentBuilder$RedefinitionStrategy$ResubmissionStrategy;Lnet/bytebuddy/agent/builder/AgentBuilder$InjectionStrategy;Lnet/bytebuddy/agent/builder/AgentBuilder$LambdaInstrumentationStrategy;Lnet/bytebuddy/agent/builder/AgentBuilder$DescriptionStrategy;Lnet/bytebuddy/agent/builder/AgentBuilder$FallbackStrategy;Lnet/bytebuddy/agent/builder/AgentBuilder$ClassFileBufferStrategy;Lnet/bytebuddy/agent/builder/AgentBuilder$InstallationListener;Lnet/bytebuddy/agent/builder/AgentBuilder$RawMatcher;Ljava/util/List;)V
smali_classes2\net\bytebuddy\agent\builder\AgentBuilder$Default.smali	591	            "Lnet/bytebuddy/agent/builder/AgentBuilder$Default$NativeMethodStrategy;",
smali_classes2\net\bytebuddy\agent\builder\AgentBuilder$Default.smali	638	    iput-object p8, p0, Lnet/bytebuddy/agent/builder/AgentBuilder$Default;->nativeMethodStrategy:Lnet/bytebuddy/agent/builder/AgentBuilder$Default$NativeMethodStrategy;
smali_classes2\net\bytebuddy\agent\builder\AgentBuilder$Default.smali	1030	    iget-object v0, v1, Lnet/bytebuddy/agent/builder/AgentBuilder$Default;->nativeMethodStrategy:Lnet/bytebuddy/agent/builder/AgentBuilder$Default$NativeMethodStrategy;
smali_classes2\net\bytebuddy\agent\builder\AgentBuilder$Default.smali	1034	    invoke-interface {v0, v3, v2}, Lnet/bytebuddy/agent/builder/AgentBuilder$Default$NativeMethodStrategy;->apply(Ljava/lang/instrument/Instrumentation;Ljava/lang/instrument/ClassFileTransformer;)V
smali_classes2\net\bytebuddy\agent\builder\AgentBuilder$Default.smali	1458	    iget-object v8, v0, Lnet/bytebuddy/agent/builder/AgentBuilder$Default;->nativeMethodStrategy:Lnet/bytebuddy/agent/builder/AgentBuilder$Default$NativeMethodStrategy;
smali_classes2\net\bytebuddy\agent\builder\AgentBuilder$Default.smali	1522	    invoke-interface/range {v1 .. v19}, Lnet/bytebuddy/agent/builder/AgentBuilder$Default$ExecutingTransformer$Factory;->make(Lnet/bytebuddy/ByteBuddy;Lnet/bytebuddy/agent/builder/AgentBuilder$Listener;Lnet/bytebuddy/agent/builder/AgentBuilder$PoolStrategy;Lnet/bytebuddy/agent/builder/AgentBuilder$TypeStrategy;Lnet/bytebuddy/agent/builder/AgentBuilder$LocationStrategy;Lnet/bytebuddy/dynamic/ClassFileLocator;Lnet/bytebuddy/agent/builder/AgentBuilder$Default$NativeMethodStrategy;Lnet/bytebuddy/agent/builder/AgentBuilder$InitializationStrategy;Lnet/bytebuddy/agent/builder/AgentBuilder$InjectionStrategy;Lnet/bytebuddy/agent/builder/AgentBuilder$LambdaInstrumentationStrategy;Lnet/bytebuddy/agent/builder/AgentBuilder$DescriptionStrategy;Lnet/bytebuddy/agent/builder/AgentBuilder$FallbackStrategy;Lnet/bytebuddy/agent/builder/AgentBuilder$ClassFileBufferStrategy;Lnet/bytebuddy/agent/builder/AgentBuilder$InstallationListener;Lnet/bytebuddy/agent/builder/AgentBuilder$RawMatcher;Lnet/bytebuddy/agent/builder/AgentBuilder$RedefinitionStrategy$ResubmissionEnforcer;Ljava/util/List;Lnet/bytebuddy/agent/builder/AgentBuilder$CircularityLock;)Lnet/bytebuddy/agent/builder/ResettableClassFileTransformer;
smali_classes2\net\bytebuddy\agent\builder\AgentBuilder$Default.smali	2254	    sget-object v8, Lnet/bytebuddy/agent/builder/AgentBuilder$Default$NativeMethodStrategy$Disabled;->INSTANCE:Lnet/bytebuddy/agent/builder/AgentBuilder$Default$NativeMethodStrategy$Disabled;
smali_classes2\net\bytebuddy\agent\builder\AgentBuilder$Default.smali	2428	    invoke-direct/range {v0 .. v24}, Lnet/bytebuddy/agent/builder/AgentBuilder$Default;-><init>(Lnet/bytebuddy/ByteBuddy;Lnet/bytebuddy/agent/builder/AgentBuilder$Listener;Lnet/bytebuddy/agent/builder/AgentBuilder$CircularityLock;Lnet/bytebuddy/agent/builder/AgentBuilder$PoolStrategy;Lnet/bytebuddy/agent/builder/AgentBuilder$TypeStrategy;Lnet/bytebuddy/agent/builder/AgentBuilder$LocationStrategy;Lnet/bytebuddy/dynamic/ClassFileLocator;Lnet/bytebuddy/agent/builder/AgentBuilder$Default$NativeMethodStrategy;Lnet/bytebuddy/agent/builder/AgentBuilder$Default$WarmupStrategy;Lnet/bytebuddy/agent/builder/AgentBuilder$TransformerDecorator;Lnet/bytebuddy/agent/builder/AgentBuilder$InitializationStrategy;Lnet/bytebuddy/agent/builder/AgentBuilder$RedefinitionStrategy;Lnet/bytebuddy/agent/builder/AgentBuilder$RedefinitionStrategy$DiscoveryStrategy;Lnet/bytebuddy/agent/builder/AgentBuilder$RedefinitionStrategy$BatchAllocator;Lnet/bytebuddy/agent/builder/AgentBuilder$RedefinitionStrategy$Listener;Lnet/bytebuddy/agent/builder/AgentBuilder$RedefinitionStrategy$ResubmissionStrategy;Lnet/bytebuddy/agent/builder/AgentBuilder$InjectionStrategy;Lnet/bytebuddy/agent/builder/AgentBuilder$LambdaInstrumentationStrategy;Lnet/bytebuddy/agent/builder/AgentBuilder$DescriptionStrategy;Lnet/bytebuddy/agent/builder/AgentBuilder$FallbackStrategy;Lnet/bytebuddy/agent/builder/AgentBuilder$ClassFileBufferStrategy;Lnet/bytebuddy/agent/builder/AgentBuilder$InstallationListener;Lnet/bytebuddy/agent/builder/AgentBuilder$RawMatcher;Ljava/util/List;)V
smali_classes2\net\bytebuddy\agent\builder\AgentBuilder$Default.smali	2436	.method public disableNativeMethodPrefix()Lnet/bytebuddy/agent/builder/AgentBuilder;
smali_classes2\net\bytebuddy\agent\builder\AgentBuilder$Default.smali	2500	    sget-object v8, Lnet/bytebuddy/agent/builder/AgentBuilder$Default$NativeMethodStrategy$Disabled;->INSTANCE:Lnet/bytebuddy/agent/builder/AgentBuilder$Default$NativeMethodStrategy$Disabled;
smali_classes2\net\bytebuddy\agent\builder\AgentBuilder$Default.smali	2674	    invoke-direct/range {v0 .. v24}, Lnet/bytebuddy/agent/builder/AgentBuilder$Default;-><init>(Lnet/bytebuddy/ByteBuddy;Lnet/bytebuddy/agent/builder/AgentBuilder$Listener;Lnet/bytebuddy/agent/builder/AgentBuilder$CircularityLock;Lnet/bytebuddy/agent/builder/AgentBuilder$PoolStrategy;Lnet/bytebuddy/agent/builder/AgentBuilder$TypeStrategy;Lnet/bytebuddy/agent/builder/AgentBuilder$LocationStrategy;Lnet/bytebuddy/dynamic/ClassFileLocator;Lnet/bytebuddy/agent/builder/AgentBuilder$Default$NativeMethodStrategy;Lnet/bytebuddy/agent/builder/AgentBuilder$Default$WarmupStrategy;Lnet/bytebuddy/agent/builder/AgentBuilder$TransformerDecorator;Lnet/bytebuddy/agent/builder/AgentBuilder$InitializationStrategy;Lnet/bytebuddy/agent/builder/AgentBuilder$RedefinitionStrategy;Lnet/bytebuddy/agent/builder/AgentBuilder$RedefinitionStrategy$DiscoveryStrategy;Lnet/bytebuddy/agent/builder/AgentBuilder$RedefinitionStrategy$BatchAllocator;Lnet/bytebuddy/agent/builder/AgentBuilder$RedefinitionStrategy$Listener;Lnet/bytebuddy/agent/builder/AgentBuilder$RedefinitionStrategy$ResubmissionStrategy;Lnet/bytebuddy/agent/builder/AgentBuilder$InjectionStrategy;Lnet/bytebuddy/agent/builder/AgentBuilder$LambdaInstrumentationStrategy;Lnet/bytebuddy/agent/builder/AgentBuilder$DescriptionStrategy;Lnet/bytebuddy/agent/builder/AgentBuilder$FallbackStrategy;Lnet/bytebuddy/agent/builder/AgentBuilder$ClassFileBufferStrategy;Lnet/bytebuddy/agent/builder/AgentBuilder$InstallationListener;Lnet/bytebuddy/agent/builder/AgentBuilder$RawMatcher;Ljava/util/List;)V
smali_classes2\net\bytebuddy\agent\builder\AgentBuilder$Default.smali	2682	.method public enableNativeMethodPrefix(Ljava/lang/String;)Lnet/bytebuddy/agent/builder/AgentBuilder;
smali_classes2\net\bytebuddy\agent\builder\AgentBuilder$Default.smali	2743	    invoke-static/range {p1 .. p1}, Lnet/bytebuddy/agent/builder/AgentBuilder$Default$NativeMethodStrategy$ForPrefix;->of(Ljava/lang/String;)Lnet/bytebuddy/agent/builder/AgentBuilder$Default$NativeMethodStrategy;
smali_classes2\net\bytebuddy\agent\builder\AgentBuilder$Default.smali	2924	    invoke-direct/range {v0 .. v24}, Lnet/bytebuddy/agent/builder/AgentBuilder$Default;-><init>(Lnet/bytebuddy/ByteBuddy;Lnet/bytebuddy/agent/builder/AgentBuilder$Listener;Lnet/bytebuddy/agent/builder/AgentBuilder$CircularityLock;Lnet/bytebuddy/agent/builder/AgentBuilder$PoolStrategy;Lnet/bytebuddy/agent/builder/AgentBuilder$TypeStrategy;Lnet/bytebuddy/agent/builder/AgentBuilder$LocationStrategy;Lnet/bytebuddy/dynamic/ClassFileLocator;Lnet/bytebuddy/agent/builder/AgentBuilder$Default$NativeMethodStrategy;Lnet/bytebuddy/agent/builder/AgentBuilder$Default$WarmupStrategy;Lnet/bytebuddy/agent/builder/AgentBuilder$TransformerDecorator;Lnet/bytebuddy/agent/builder/AgentBuilder$InitializationStrategy;Lnet/bytebuddy/agent/builder/AgentBuilder$RedefinitionStrategy;Lnet/bytebuddy/agent/builder/AgentBuilder$RedefinitionStrategy$DiscoveryStrategy;Lnet/bytebuddy/agent/builder/AgentBuilder$RedefinitionStrategy$BatchAllocator;Lnet/bytebuddy/agent/builder/AgentBuilder$RedefinitionStrategy$Listener;Lnet/bytebuddy/agent/builder/AgentBuilder$RedefinitionStrategy$ResubmissionStrategy;Lnet/bytebuddy/agent/builder/AgentBuilder$InjectionStrategy;Lnet/bytebuddy/agent/builder/AgentBuilder$LambdaInstrumentationStrategy;Lnet/bytebuddy/agent/builder/AgentBuilder$DescriptionStrategy;Lnet/bytebuddy/agent/builder/AgentBuilder$FallbackStrategy;Lnet/bytebuddy/agent/builder/AgentBuilder$ClassFileBufferStrategy;Lnet/bytebuddy/agent/builder/AgentBuilder$InstallationListener;Lnet/bytebuddy/agent/builder/AgentBuilder$RawMatcher;Ljava/util/List;)V
smali_classes2\net\bytebuddy\agent\builder\AgentBuilder$Default.smali	3206	    iget-object v2, p0, Lnet/bytebuddy/agent/builder/AgentBuilder$Default;->nativeMethodStrategy:Lnet/bytebuddy/agent/builder/AgentBuilder$Default$NativeMethodStrategy;
smali_classes2\net\bytebuddy\agent\builder\AgentBuilder$Default.smali	3210	    iget-object v3, p1, Lnet/bytebuddy/agent/builder/AgentBuilder$Default;->nativeMethodStrategy:Lnet/bytebuddy/agent/builder/AgentBuilder$Default$NativeMethodStrategy;
smali_classes2\net\bytebuddy\agent\builder\AgentBuilder$Default.smali	3726	    iget-object v0, p0, Lnet/bytebuddy/agent/builder/AgentBuilder$Default;->nativeMethodStrategy:Lnet/bytebuddy/agent/builder/AgentBuilder$Default$NativeMethodStrategy;
smali_classes2\net\bytebuddy\agent\builder\AgentBuilder$Default.smali	4697	    iget-object v9, v0, Lnet/bytebuddy/agent/builder/AgentBuilder$Default;->nativeMethodStrategy:Lnet/bytebuddy/agent/builder/AgentBuilder$Default$NativeMethodStrategy;
smali_classes2\net\bytebuddy\agent\builder\AgentBuilder$Default.smali	4861	    invoke-direct/range {v1 .. v25}, Lnet/bytebuddy/agent/builder/AgentBuilder$Default;-><init>(Lnet/bytebuddy/ByteBuddy;Lnet/bytebuddy/agent/builder/AgentBuilder$Listener;Lnet/bytebuddy/agent/builder/AgentBuilder$CircularityLock;Lnet/bytebuddy/agent/builder/AgentBuilder$PoolStrategy;Lnet/bytebuddy/agent/builder/AgentBuilder$TypeStrategy;Lnet/bytebuddy/agent/builder/AgentBuilder$LocationStrategy;Lnet/bytebuddy/dynamic/ClassFileLocator;Lnet/bytebuddy/agent/builder/AgentBuilder$Default$NativeMethodStrategy;Lnet/bytebuddy/agent/builder/AgentBuilder$Default$WarmupStrategy;Lnet/bytebuddy/agent/builder/AgentBuilder$TransformerDecorator;Lnet/bytebuddy/agent/builder/AgentBuilder$InitializationStrategy;Lnet/bytebuddy/agent/builder/AgentBuilder$RedefinitionStrategy;Lnet/bytebuddy/agent/builder/AgentBuilder$RedefinitionStrategy$DiscoveryStrategy;Lnet/bytebuddy/agent/builder/AgentBuilder$RedefinitionStrategy$BatchAllocator;Lnet/bytebuddy/agent/builder/AgentBuilder$RedefinitionStrategy$Listener;Lnet/bytebuddy/agent/builder/AgentBuilder$RedefinitionStrategy$ResubmissionStrategy;Lnet/bytebuddy/agent/builder/AgentBuilder$InjectionStrategy;Lnet/bytebuddy/agent/builder/AgentBuilder$LambdaInstrumentationStrategy;Lnet/bytebuddy/agent/builder/AgentBuilder$DescriptionStrategy;Lnet/bytebuddy/agent/builder/AgentBuilder$FallbackStrategy;Lnet/bytebuddy/agent/builder/AgentBuilder$ClassFileBufferStrategy;Lnet/bytebuddy/agent/builder/AgentBuilder$InstallationListener;Lnet/bytebuddy/agent/builder/AgentBuilder$RawMatcher;Ljava/util/List;)V
smali_classes2\net\bytebuddy\agent\builder\AgentBuilder$Default.smali	4934	    iget-object v8, v0, Lnet/bytebuddy/agent/builder/AgentBuilder$Default;->nativeMethodStrategy:Lnet/bytebuddy/agent/builder/AgentBuilder$Default$NativeMethodStrategy;
smali_classes2\net\bytebuddy\agent\builder\AgentBuilder$Default.smali	5010	    invoke-direct/range {v0 .. v24}, Lnet/bytebuddy/agent/builder/AgentBuilder$Default$Redefining;-><init>(Lnet/bytebuddy/ByteBuddy;Lnet/bytebuddy/agent/builder/AgentBuilder$Listener;Lnet/bytebuddy/agent/builder/AgentBuilder$CircularityLock;Lnet/bytebuddy/agent/builder/AgentBuilder$PoolStrategy;Lnet/bytebuddy/agent/builder/AgentBuilder$TypeStrategy;Lnet/bytebuddy/agent/builder/AgentBuilder$LocationStrategy;Lnet/bytebuddy/dynamic/ClassFileLocator;Lnet/bytebuddy/agent/builder/AgentBuilder$Default$NativeMethodStrategy;Lnet/bytebuddy/agent/builder/AgentBuilder$Default$WarmupStrategy;Lnet/bytebuddy/agent/builder/AgentBuilder$TransformerDecorator;Lnet/bytebuddy/agent/builder/AgentBuilder$InitializationStrategy;Lnet/bytebuddy/agent/builder/AgentBuilder$RedefinitionStrategy;Lnet/bytebuddy/agent/builder/AgentBuilder$RedefinitionStrategy$DiscoveryStrategy;Lnet/bytebuddy/agent/builder/AgentBuilder$RedefinitionStrategy$BatchAllocator;Lnet/bytebuddy/agent/builder/AgentBuilder$RedefinitionStrategy$Listener;Lnet/bytebuddy/agent/builder/AgentBuilder$RedefinitionStrategy$ResubmissionStrategy;Lnet/bytebuddy/agent/builder/AgentBuilder$InjectionStrategy;Lnet/bytebuddy/agent/builder/AgentBuilder$LambdaInstrumentationStrategy;Lnet/bytebuddy/agent/builder/AgentBuilder$DescriptionStrategy;Lnet/bytebuddy/agent/builder/AgentBuilder$FallbackStrategy;Lnet/bytebuddy/agent/builder/AgentBuilder$ClassFileBufferStrategy;Lnet/bytebuddy/agent/builder/AgentBuilder$InstallationListener;Lnet/bytebuddy/agent/builder/AgentBuilder$RawMatcher;Ljava/util/List;)V
smali_classes2\net\bytebuddy\agent\builder\AgentBuilder$Default.smali	5035	    iget-object v8, v0, Lnet/bytebuddy/agent/builder/AgentBuilder$Default;->nativeMethodStrategy:Lnet/bytebuddy/agent/builder/AgentBuilder$Default$NativeMethodStrategy;
smali_classes2\net\bytebuddy\agent\builder\AgentBuilder$Default.smali	5107	    invoke-direct/range {v0 .. v24}, Lnet/bytebuddy/agent/builder/AgentBuilder$Default;-><init>(Lnet/bytebuddy/ByteBuddy;Lnet/bytebuddy/agent/builder/AgentBuilder$Listener;Lnet/bytebuddy/agent/builder/AgentBuilder$CircularityLock;Lnet/bytebuddy/agent/builder/AgentBuilder$PoolStrategy;Lnet/bytebuddy/agent/builder/AgentBuilder$TypeStrategy;Lnet/bytebuddy/agent/builder/AgentBuilder$LocationStrategy;Lnet/bytebuddy/dynamic/ClassFileLocator;Lnet/bytebuddy/agent/builder/AgentBuilder$Default$NativeMethodStrategy;Lnet/bytebuddy/agent/builder/AgentBuilder$Default$WarmupStrategy;Lnet/bytebuddy/agent/builder/AgentBuilder$TransformerDecorator;Lnet/bytebuddy/agent/builder/AgentBuilder$InitializationStrategy;Lnet/bytebuddy/agent/builder/AgentBuilder$RedefinitionStrategy;Lnet/bytebuddy/agent/builder/AgentBuilder$RedefinitionStrategy$DiscoveryStrategy;Lnet/bytebuddy/agent/builder/AgentBuilder$RedefinitionStrategy$BatchAllocator;Lnet/bytebuddy/agent/builder/AgentBuilder$RedefinitionStrategy$Listener;Lnet/bytebuddy/agent/builder/AgentBuilder$RedefinitionStrategy$ResubmissionStrategy;Lnet/bytebuddy/agent/builder/AgentBuilder$InjectionStrategy;Lnet/bytebuddy/agent/builder/AgentBuilder$LambdaInstrumentationStrategy;Lnet/bytebuddy/agent/builder/AgentBuilder$DescriptionStrategy;Lnet/bytebuddy/agent/builder/AgentBuilder$FallbackStrategy;Lnet/bytebuddy/agent/builder/AgentBuilder$ClassFileBufferStrategy;Lnet/bytebuddy/agent/builder/AgentBuilder$InstallationListener;Lnet/bytebuddy/agent/builder/AgentBuilder$RawMatcher;Ljava/util/List;)V
smali_classes2\net\bytebuddy\agent\builder\AgentBuilder$Default.smali	5136	    iget-object v8, v0, Lnet/bytebuddy/agent/builder/AgentBuilder$Default;->nativeMethodStrategy:Lnet/bytebuddy/agent/builder/AgentBuilder$Default$NativeMethodStrategy;
smali_classes2\net\bytebuddy\agent\builder\AgentBuilder$Default.smali	5212	    invoke-direct/range {v0 .. v24}, Lnet/bytebuddy/agent/builder/AgentBuilder$Default;-><init>(Lnet/bytebuddy/ByteBuddy;Lnet/bytebuddy/agent/builder/AgentBuilder$Listener;Lnet/bytebuddy/agent/builder/AgentBuilder$CircularityLock;Lnet/bytebuddy/agent/builder/AgentBuilder$PoolStrategy;Lnet/bytebuddy/agent/builder/AgentBuilder$TypeStrategy;Lnet/bytebuddy/agent/builder/AgentBuilder$LocationStrategy;Lnet/bytebuddy/dynamic/ClassFileLocator;Lnet/bytebuddy/agent/builder/AgentBuilder$Default$NativeMethodStrategy;Lnet/bytebuddy/agent/builder/AgentBuilder$Default$WarmupStrategy;Lnet/bytebuddy/agent/builder/AgentBuilder$TransformerDecorator;Lnet/bytebuddy/agent/builder/AgentBuilder$InitializationStrategy;Lnet/bytebuddy/agent/builder/AgentBuilder$RedefinitionStrategy;Lnet/bytebuddy/agent/builder/AgentBuilder$RedefinitionStrategy$DiscoveryStrategy;Lnet/bytebuddy/agent/builder/AgentBuilder$RedefinitionStrategy$BatchAllocator;Lnet/bytebuddy/agent/builder/AgentBuilder$RedefinitionStrategy$Listener;Lnet/bytebuddy/agent/builder/AgentBuilder$RedefinitionStrategy$ResubmissionStrategy;Lnet/bytebuddy/agent/builder/AgentBuilder$InjectionStrategy;Lnet/bytebuddy/agent/builder/AgentBuilder$LambdaInstrumentationStrategy;Lnet/bytebuddy/agent/builder/AgentBuilder$DescriptionStrategy;Lnet/bytebuddy/agent/builder/AgentBuilder$FallbackStrategy;Lnet/bytebuddy/agent/builder/AgentBuilder$ClassFileBufferStrategy;Lnet/bytebuddy/agent/builder/AgentBuilder$InstallationListener;Lnet/bytebuddy/agent/builder/AgentBuilder$RawMatcher;Ljava/util/List;)V
smali_classes2\net\bytebuddy\agent\builder\AgentBuilder$Default.smali	5255	    iget-object v8, v0, Lnet/bytebuddy/agent/builder/AgentBuilder$Default;->nativeMethodStrategy:Lnet/bytebuddy/agent/builder/AgentBuilder$Default$NativeMethodStrategy;
smali_classes2\net\bytebuddy\agent\builder\AgentBuilder$Default.smali	5337	    invoke-direct/range {v0 .. v24}, Lnet/bytebuddy/agent/builder/AgentBuilder$Default;-><init>(Lnet/bytebuddy/ByteBuddy;Lnet/bytebuddy/agent/builder/AgentBuilder$Listener;Lnet/bytebuddy/agent/builder/AgentBuilder$CircularityLock;Lnet/bytebuddy/agent/builder/AgentBuilder$PoolStrategy;Lnet/bytebuddy/agent/builder/AgentBuilder$TypeStrategy;Lnet/bytebuddy/agent/builder/AgentBuilder$LocationStrategy;Lnet/bytebuddy/dynamic/ClassFileLocator;Lnet/bytebuddy/agent/builder/AgentBuilder$Default$NativeMethodStrategy;Lnet/bytebuddy/agent/builder/AgentBuilder$Default$WarmupStrategy;Lnet/bytebuddy/agent/builder/AgentBuilder$TransformerDecorator;Lnet/bytebuddy/agent/builder/AgentBuilder$InitializationStrategy;Lnet/bytebuddy/agent/builder/AgentBuilder$RedefinitionStrategy;Lnet/bytebuddy/agent/builder/AgentBuilder$RedefinitionStrategy$DiscoveryStrategy;Lnet/bytebuddy/agent/builder/AgentBuilder$RedefinitionStrategy$BatchAllocator;Lnet/bytebuddy/agent/builder/AgentBuilder$RedefinitionStrategy$Listener;Lnet/bytebuddy/agent/builder/AgentBuilder$RedefinitionStrategy$ResubmissionStrategy;Lnet/bytebuddy/agent/builder/AgentBuilder$InjectionStrategy;Lnet/bytebuddy/agent/builder/AgentBuilder$LambdaInstrumentationStrategy;Lnet/bytebuddy/agent/builder/AgentBuilder$DescriptionStrategy;Lnet/bytebuddy/agent/builder/AgentBuilder$FallbackStrategy;Lnet/bytebuddy/agent/builder/AgentBuilder$ClassFileBufferStrategy;Lnet/bytebuddy/agent/builder/AgentBuilder$InstallationListener;Lnet/bytebuddy/agent/builder/AgentBuilder$RawMatcher;Ljava/util/List;)V
smali_classes2\net\bytebuddy\agent\builder\AgentBuilder$Default.smali	5380	    iget-object v8, v0, Lnet/bytebuddy/agent/builder/AgentBuilder$Default;->nativeMethodStrategy:Lnet/bytebuddy/agent/builder/AgentBuilder$Default$NativeMethodStrategy;
smali_classes2\net\bytebuddy\agent\builder\AgentBuilder$Default.smali	5462	    invoke-direct/range {v0 .. v24}, Lnet/bytebuddy/agent/builder/AgentBuilder$Default;-><init>(Lnet/bytebuddy/ByteBuddy;Lnet/bytebuddy/agent/builder/AgentBuilder$Listener;Lnet/bytebuddy/agent/builder/AgentBuilder$CircularityLock;Lnet/bytebuddy/agent/builder/AgentBuilder$PoolStrategy;Lnet/bytebuddy/agent/builder/AgentBuilder$TypeStrategy;Lnet/bytebuddy/agent/builder/AgentBuilder$LocationStrategy;Lnet/bytebuddy/dynamic/ClassFileLocator;Lnet/bytebuddy/agent/builder/AgentBuilder$Default$NativeMethodStrategy;Lnet/bytebuddy/agent/builder/AgentBuilder$Default$WarmupStrategy;Lnet/bytebuddy/agent/builder/AgentBuilder$TransformerDecorator;Lnet/bytebuddy/agent/builder/AgentBuilder$InitializationStrategy;Lnet/bytebuddy/agent/builder/AgentBuilder$RedefinitionStrategy;Lnet/bytebuddy/agent/builder/AgentBuilder$RedefinitionStrategy$DiscoveryStrategy;Lnet/bytebuddy/agent/builder/AgentBuilder$RedefinitionStrategy$BatchAllocator;Lnet/bytebuddy/agent/builder/AgentBuilder$RedefinitionStrategy$Listener;Lnet/bytebuddy/agent/builder/AgentBuilder$RedefinitionStrategy$ResubmissionStrategy;Lnet/bytebuddy/agent/builder/AgentBuilder$InjectionStrategy;Lnet/bytebuddy/agent/builder/AgentBuilder$LambdaInstrumentationStrategy;Lnet/bytebuddy/agent/builder/AgentBuilder$DescriptionStrategy;Lnet/bytebuddy/agent/builder/AgentBuilder$FallbackStrategy;Lnet/bytebuddy/agent/builder/AgentBuilder$ClassFileBufferStrategy;Lnet/bytebuddy/agent/builder/AgentBuilder$InstallationListener;Lnet/bytebuddy/agent/builder/AgentBuilder$RawMatcher;Ljava/util/List;)V
smali_classes2\net\bytebuddy\agent\builder\AgentBuilder$Default.smali	5505	    iget-object v8, v0, Lnet/bytebuddy/agent/builder/AgentBuilder$Default;->nativeMethodStrategy:Lnet/bytebuddy/agent/builder/AgentBuilder$Default$NativeMethodStrategy;
smali_classes2\net\bytebuddy\agent\builder\AgentBuilder$Default.smali	5589	    invoke-direct/range {v0 .. v24}, Lnet/bytebuddy/agent/builder/AgentBuilder$Default;-><init>(Lnet/bytebuddy/ByteBuddy;Lnet/bytebuddy/agent/builder/AgentBuilder$Listener;Lnet/bytebuddy/agent/builder/AgentBuilder$CircularityLock;Lnet/bytebuddy/agent/builder/AgentBuilder$PoolStrategy;Lnet/bytebuddy/agent/builder/AgentBuilder$TypeStrategy;Lnet/bytebuddy/agent/builder/AgentBuilder$LocationStrategy;Lnet/bytebuddy/dynamic/ClassFileLocator;Lnet/bytebuddy/agent/builder/AgentBuilder$Default$NativeMethodStrategy;Lnet/bytebuddy/agent/builder/AgentBuilder$Default$WarmupStrategy;Lnet/bytebuddy/agent/builder/AgentBuilder$TransformerDecorator;Lnet/bytebuddy/agent/builder/AgentBuilder$InitializationStrategy;Lnet/bytebuddy/agent/builder/AgentBuilder$RedefinitionStrategy;Lnet/bytebuddy/agent/builder/AgentBuilder$RedefinitionStrategy$DiscoveryStrategy;Lnet/bytebuddy/agent/builder/AgentBuilder$RedefinitionStrategy$BatchAllocator;Lnet/bytebuddy/agent/builder/AgentBuilder$RedefinitionStrategy$Listener;Lnet/bytebuddy/agent/builder/AgentBuilder$RedefinitionStrategy$ResubmissionStrategy;Lnet/bytebuddy/agent/builder/AgentBuilder$InjectionStrategy;Lnet/bytebuddy/agent/builder/AgentBuilder$LambdaInstrumentationStrategy;Lnet/bytebuddy/agent/builder/AgentBuilder$DescriptionStrategy;Lnet/bytebuddy/agent/builder/AgentBuilder$FallbackStrategy;Lnet/bytebuddy/agent/builder/AgentBuilder$ClassFileBufferStrategy;Lnet/bytebuddy/agent/builder/AgentBuilder$InstallationListener;Lnet/bytebuddy/agent/builder/AgentBuilder$RawMatcher;Ljava/util/List;)V
smali_classes2\net\bytebuddy\agent\builder\AgentBuilder$Default.smali	5632	    iget-object v8, v0, Lnet/bytebuddy/agent/builder/AgentBuilder$Default;->nativeMethodStrategy:Lnet/bytebuddy/agent/builder/AgentBuilder$Default$NativeMethodStrategy;
smali_classes2\net\bytebuddy\agent\builder\AgentBuilder$Default.smali	5710	    invoke-direct/range {v0 .. v24}, Lnet/bytebuddy/agent/builder/AgentBuilder$Default;-><init>(Lnet/bytebuddy/ByteBuddy;Lnet/bytebuddy/agent/builder/AgentBuilder$Listener;Lnet/bytebuddy/agent/builder/AgentBuilder$CircularityLock;Lnet/bytebuddy/agent/builder/AgentBuilder$PoolStrategy;Lnet/bytebuddy/agent/builder/AgentBuilder$TypeStrategy;Lnet/bytebuddy/agent/builder/AgentBuilder$LocationStrategy;Lnet/bytebuddy/dynamic/ClassFileLocator;Lnet/bytebuddy/agent/builder/AgentBuilder$Default$NativeMethodStrategy;Lnet/bytebuddy/agent/builder/AgentBuilder$Default$WarmupStrategy;Lnet/bytebuddy/agent/builder/AgentBuilder$TransformerDecorator;Lnet/bytebuddy/agent/builder/AgentBuilder$InitializationStrategy;Lnet/bytebuddy/agent/builder/AgentBuilder$RedefinitionStrategy;Lnet/bytebuddy/agent/builder/AgentBuilder$RedefinitionStrategy$DiscoveryStrategy;Lnet/bytebuddy/agent/builder/AgentBuilder$RedefinitionStrategy$BatchAllocator;Lnet/bytebuddy/agent/builder/AgentBuilder$RedefinitionStrategy$Listener;Lnet/bytebuddy/agent/builder/AgentBuilder$RedefinitionStrategy$ResubmissionStrategy;Lnet/bytebuddy/agent/builder/AgentBuilder$InjectionStrategy;Lnet/bytebuddy/agent/builder/AgentBuilder$LambdaInstrumentationStrategy;Lnet/bytebuddy/agent/builder/AgentBuilder$DescriptionStrategy;Lnet/bytebuddy/agent/builder/AgentBuilder$FallbackStrategy;Lnet/bytebuddy/agent/builder/AgentBuilder$ClassFileBufferStrategy;Lnet/bytebuddy/agent/builder/AgentBuilder$InstallationListener;Lnet/bytebuddy/agent/builder/AgentBuilder$RawMatcher;Ljava/util/List;)V
smali_classes2\net\bytebuddy\agent\builder\AgentBuilder$Default.smali	5753	    iget-object v8, v0, Lnet/bytebuddy/agent/builder/AgentBuilder$Default;->nativeMethodStrategy:Lnet/bytebuddy/agent/builder/AgentBuilder$Default$NativeMethodStrategy;
smali_classes2\net\bytebuddy\agent\builder\AgentBuilder$Default.smali	5835	    invoke-direct/range {v0 .. v24}, Lnet/bytebuddy/agent/builder/AgentBuilder$Default;-><init>(Lnet/bytebuddy/ByteBuddy;Lnet/bytebuddy/agent/builder/AgentBuilder$Listener;Lnet/bytebuddy/agent/builder/AgentBuilder$CircularityLock;Lnet/bytebuddy/agent/builder/AgentBuilder$PoolStrategy;Lnet/bytebuddy/agent/builder/AgentBuilder$TypeStrategy;Lnet/bytebuddy/agent/builder/AgentBuilder$LocationStrategy;Lnet/bytebuddy/dynamic/ClassFileLocator;Lnet/bytebuddy/agent/builder/AgentBuilder$Default$NativeMethodStrategy;Lnet/bytebuddy/agent/builder/AgentBuilder$Default$WarmupStrategy;Lnet/bytebuddy/agent/builder/AgentBuilder$TransformerDecorator;Lnet/bytebuddy/agent/builder/AgentBuilder$InitializationStrategy;Lnet/bytebuddy/agent/builder/AgentBuilder$RedefinitionStrategy;Lnet/bytebuddy/agent/builder/AgentBuilder$RedefinitionStrategy$DiscoveryStrategy;Lnet/bytebuddy/agent/builder/AgentBuilder$RedefinitionStrategy$BatchAllocator;Lnet/bytebuddy/agent/builder/AgentBuilder$RedefinitionStrategy$Listener;Lnet/bytebuddy/agent/builder/AgentBuilder$RedefinitionStrategy$ResubmissionStrategy;Lnet/bytebuddy/agent/builder/AgentBuilder$InjectionStrategy;Lnet/bytebuddy/agent/builder/AgentBuilder$LambdaInstrumentationStrategy;Lnet/bytebuddy/agent/builder/AgentBuilder$DescriptionStrategy;Lnet/bytebuddy/agent/builder/AgentBuilder$FallbackStrategy;Lnet/bytebuddy/agent/builder/AgentBuilder$ClassFileBufferStrategy;Lnet/bytebuddy/agent/builder/AgentBuilder$InstallationListener;Lnet/bytebuddy/agent/builder/AgentBuilder$RawMatcher;Ljava/util/List;)V
smali_classes2\net\bytebuddy\agent\builder\AgentBuilder$Default.smali	5904	    iget-object v8, v0, Lnet/bytebuddy/agent/builder/AgentBuilder$Default;->nativeMethodStrategy:Lnet/bytebuddy/agent/builder/AgentBuilder$Default$NativeMethodStrategy;
smali_classes2\net\bytebuddy\agent\builder\AgentBuilder$Default.smali	6114	    invoke-direct/range {v0 .. v24}, Lnet/bytebuddy/agent/builder/AgentBuilder$Default;-><init>(Lnet/bytebuddy/ByteBuddy;Lnet/bytebuddy/agent/builder/AgentBuilder$Listener;Lnet/bytebuddy/agent/builder/AgentBuilder$CircularityLock;Lnet/bytebuddy/agent/builder/AgentBuilder$PoolStrategy;Lnet/bytebuddy/agent/builder/AgentBuilder$TypeStrategy;Lnet/bytebuddy/agent/builder/AgentBuilder$LocationStrategy;Lnet/bytebuddy/dynamic/ClassFileLocator;Lnet/bytebuddy/agent/builder/AgentBuilder$Default$NativeMethodStrategy;Lnet/bytebuddy/agent/builder/AgentBuilder$Default$WarmupStrategy;Lnet/bytebuddy/agent/builder/AgentBuilder$TransformerDecorator;Lnet/bytebuddy/agent/builder/AgentBuilder$InitializationStrategy;Lnet/bytebuddy/agent/builder/AgentBuilder$RedefinitionStrategy;Lnet/bytebuddy/agent/builder/AgentBuilder$RedefinitionStrategy$DiscoveryStrategy;Lnet/bytebuddy/agent/builder/AgentBuilder$RedefinitionStrategy$BatchAllocator;Lnet/bytebuddy/agent/builder/AgentBuilder$RedefinitionStrategy$Listener;Lnet/bytebuddy/agent/builder/AgentBuilder$RedefinitionStrategy$ResubmissionStrategy;Lnet/bytebuddy/agent/builder/AgentBuilder$InjectionStrategy;Lnet/bytebuddy/agent/builder/AgentBuilder$LambdaInstrumentationStrategy;Lnet/bytebuddy/agent/builder/AgentBuilder$DescriptionStrategy;Lnet/bytebuddy/agent/builder/AgentBuilder$FallbackStrategy;Lnet/bytebuddy/agent/builder/AgentBuilder$ClassFileBufferStrategy;Lnet/bytebuddy/agent/builder/AgentBuilder$InstallationListener;Lnet/bytebuddy/agent/builder/AgentBuilder$RawMatcher;Ljava/util/List;)V
smali_classes2\net\bytebuddy\agent\builder\AgentBuilder$Default.smali	6160	    iget-object v8, v0, Lnet/bytebuddy/agent/builder/AgentBuilder$Default;->nativeMethodStrategy:Lnet/bytebuddy/agent/builder/AgentBuilder$Default$NativeMethodStrategy;
smali_classes2\net\bytebuddy\agent\builder\AgentBuilder$Default.smali	6244	    invoke-direct/range {v0 .. v24}, Lnet/bytebuddy/agent/builder/AgentBuilder$Default;-><init>(Lnet/bytebuddy/ByteBuddy;Lnet/bytebuddy/agent/builder/AgentBuilder$Listener;Lnet/bytebuddy/agent/builder/AgentBuilder$CircularityLock;Lnet/bytebuddy/agent/builder/AgentBuilder$PoolStrategy;Lnet/bytebuddy/agent/builder/AgentBuilder$TypeStrategy;Lnet/bytebuddy/agent/builder/AgentBuilder$LocationStrategy;Lnet/bytebuddy/dynamic/ClassFileLocator;Lnet/bytebuddy/agent/builder/AgentBuilder$Default$NativeMethodStrategy;Lnet/bytebuddy/agent/builder/AgentBuilder$Default$WarmupStrategy;Lnet/bytebuddy/agent/builder/AgentBuilder$TransformerDecorator;Lnet/bytebuddy/agent/builder/AgentBuilder$InitializationStrategy;Lnet/bytebuddy/agent/builder/AgentBuilder$RedefinitionStrategy;Lnet/bytebuddy/agent/builder/AgentBuilder$RedefinitionStrategy$DiscoveryStrategy;Lnet/bytebuddy/agent/builder/AgentBuilder$RedefinitionStrategy$BatchAllocator;Lnet/bytebuddy/agent/builder/AgentBuilder$RedefinitionStrategy$Listener;Lnet/bytebuddy/agent/builder/AgentBuilder$RedefinitionStrategy$ResubmissionStrategy;Lnet/bytebuddy/agent/builder/AgentBuilder$InjectionStrategy;Lnet/bytebuddy/agent/builder/AgentBuilder$LambdaInstrumentationStrategy;Lnet/bytebuddy/agent/builder/AgentBuilder$DescriptionStrategy;Lnet/bytebuddy/agent/builder/AgentBuilder$FallbackStrategy;Lnet/bytebuddy/agent/builder/AgentBuilder$ClassFileBufferStrategy;Lnet/bytebuddy/agent/builder/AgentBuilder$InstallationListener;Lnet/bytebuddy/agent/builder/AgentBuilder$RawMatcher;Ljava/util/List;)V
smali_classes2\net\bytebuddy\agent\builder\AgentBuilder$Default.smali	6303	    iget-object v8, v0, Lnet/bytebuddy/agent/builder/AgentBuilder$Default;->nativeMethodStrategy:Lnet/bytebuddy/agent/builder/AgentBuilder$Default$NativeMethodStrategy;
smali_classes2\net\bytebuddy\agent\builder\AgentBuilder$Default.smali	6393	    invoke-direct/range {v0 .. v24}, Lnet/bytebuddy/agent/builder/AgentBuilder$Default;-><init>(Lnet/bytebuddy/ByteBuddy;Lnet/bytebuddy/agent/builder/AgentBuilder$Listener;Lnet/bytebuddy/agent/builder/AgentBuilder$CircularityLock;Lnet/bytebuddy/agent/builder/AgentBuilder$PoolStrategy;Lnet/bytebuddy/agent/builder/AgentBuilder$TypeStrategy;Lnet/bytebuddy/agent/builder/AgentBuilder$LocationStrategy;Lnet/bytebuddy/dynamic/ClassFileLocator;Lnet/bytebuddy/agent/builder/AgentBuilder$Default$NativeMethodStrategy;Lnet/bytebuddy/agent/builder/AgentBuilder$Default$WarmupStrategy;Lnet/bytebuddy/agent/builder/AgentBuilder$TransformerDecorator;Lnet/bytebuddy/agent/builder/AgentBuilder$InitializationStrategy;Lnet/bytebuddy/agent/builder/AgentBuilder$RedefinitionStrategy;Lnet/bytebuddy/agent/builder/AgentBuilder$RedefinitionStrategy$DiscoveryStrategy;Lnet/bytebuddy/agent/builder/AgentBuilder$RedefinitionStrategy$BatchAllocator;Lnet/bytebuddy/agent/builder/AgentBuilder$RedefinitionStrategy$Listener;Lnet/bytebuddy/agent/builder/AgentBuilder$RedefinitionStrategy$ResubmissionStrategy;Lnet/bytebuddy/agent/builder/AgentBuilder$InjectionStrategy;Lnet/bytebuddy/agent/builder/AgentBuilder$LambdaInstrumentationStrategy;Lnet/bytebuddy/agent/builder/AgentBuilder$DescriptionStrategy;Lnet/bytebuddy/agent/builder/AgentBuilder$FallbackStrategy;Lnet/bytebuddy/agent/builder/AgentBuilder$ClassFileBufferStrategy;Lnet/bytebuddy/agent/builder/AgentBuilder$InstallationListener;Lnet/bytebuddy/agent/builder/AgentBuilder$RawMatcher;Ljava/util/List;)V
smali_classes2\net\bytebuddy\agent\builder\AgentBuilder$Default.smali	6428	    iget-object v8, v0, Lnet/bytebuddy/agent/builder/AgentBuilder$Default;->nativeMethodStrategy:Lnet/bytebuddy/agent/builder/AgentBuilder$Default$NativeMethodStrategy;
smali_classes2\net\bytebuddy\agent\builder\AgentBuilder$Default.smali	6504	    invoke-direct/range {v0 .. v24}, Lnet/bytebuddy/agent/builder/AgentBuilder$Default;-><init>(Lnet/bytebuddy/ByteBuddy;Lnet/bytebuddy/agent/builder/AgentBuilder$Listener;Lnet/bytebuddy/agent/builder/AgentBuilder$CircularityLock;Lnet/bytebuddy/agent/builder/AgentBuilder$PoolStrategy;Lnet/bytebuddy/agent/builder/AgentBuilder$TypeStrategy;Lnet/bytebuddy/agent/builder/AgentBuilder$LocationStrategy;Lnet/bytebuddy/dynamic/ClassFileLocator;Lnet/bytebuddy/agent/builder/AgentBuilder$Default$NativeMethodStrategy;Lnet/bytebuddy/agent/builder/AgentBuilder$Default$WarmupStrategy;Lnet/bytebuddy/agent/builder/AgentBuilder$TransformerDecorator;Lnet/bytebuddy/agent/builder/AgentBuilder$InitializationStrategy;Lnet/bytebuddy/agent/builder/AgentBuilder$RedefinitionStrategy;Lnet/bytebuddy/agent/builder/AgentBuilder$RedefinitionStrategy$DiscoveryStrategy;Lnet/bytebuddy/agent/builder/AgentBuilder$RedefinitionStrategy$BatchAllocator;Lnet/bytebuddy/agent/builder/AgentBuilder$RedefinitionStrategy$Listener;Lnet/bytebuddy/agent/builder/AgentBuilder$RedefinitionStrategy$ResubmissionStrategy;Lnet/bytebuddy/agent/builder/AgentBuilder$InjectionStrategy;Lnet/bytebuddy/agent/builder/AgentBuilder$LambdaInstrumentationStrategy;Lnet/bytebuddy/agent/builder/AgentBuilder$DescriptionStrategy;Lnet/bytebuddy/agent/builder/AgentBuilder$FallbackStrategy;Lnet/bytebuddy/agent/builder/AgentBuilder$ClassFileBufferStrategy;Lnet/bytebuddy/agent/builder/AgentBuilder$InstallationListener;Lnet/bytebuddy/agent/builder/AgentBuilder$RawMatcher;Ljava/util/List;)V
smali_classes2\net\bytebuddy\agent\builder\AgentBuilder$Default.smali	6535	    iget-object v8, v0, Lnet/bytebuddy/agent/builder/AgentBuilder$Default;->nativeMethodStrategy:Lnet/bytebuddy/agent/builder/AgentBuilder$Default$NativeMethodStrategy;
smali_classes2\net\bytebuddy\agent\builder\AgentBuilder$Default.smali	6611	    invoke-direct/range {v0 .. v24}, Lnet/bytebuddy/agent/builder/AgentBuilder$Default;-><init>(Lnet/bytebuddy/ByteBuddy;Lnet/bytebuddy/agent/builder/AgentBuilder$Listener;Lnet/bytebuddy/agent/builder/AgentBuilder$CircularityLock;Lnet/bytebuddy/agent/builder/AgentBuilder$PoolStrategy;Lnet/bytebuddy/agent/builder/AgentBuilder$TypeStrategy;Lnet/bytebuddy/agent/builder/AgentBuilder$LocationStrategy;Lnet/bytebuddy/dynamic/ClassFileLocator;Lnet/bytebuddy/agent/builder/AgentBuilder$Default$NativeMethodStrategy;Lnet/bytebuddy/agent/builder/AgentBuilder$Default$WarmupStrategy;Lnet/bytebuddy/agent/builder/AgentBuilder$TransformerDecorator;Lnet/bytebuddy/agent/builder/AgentBuilder$InitializationStrategy;Lnet/bytebuddy/agent/builder/AgentBuilder$RedefinitionStrategy;Lnet/bytebuddy/agent/builder/AgentBuilder$RedefinitionStrategy$DiscoveryStrategy;Lnet/bytebuddy/agent/builder/AgentBuilder$RedefinitionStrategy$BatchAllocator;Lnet/bytebuddy/agent/builder/AgentBuilder$RedefinitionStrategy$Listener;Lnet/bytebuddy/agent/builder/AgentBuilder$RedefinitionStrategy$ResubmissionStrategy;Lnet/bytebuddy/agent/builder/AgentBuilder$InjectionStrategy;Lnet/bytebuddy/agent/builder/AgentBuilder$LambdaInstrumentationStrategy;Lnet/bytebuddy/agent/builder/AgentBuilder$DescriptionStrategy;Lnet/bytebuddy/agent/builder/AgentBuilder$FallbackStrategy;Lnet/bytebuddy/agent/builder/AgentBuilder$ClassFileBufferStrategy;Lnet/bytebuddy/agent/builder/AgentBuilder$InstallationListener;Lnet/bytebuddy/agent/builder/AgentBuilder$RawMatcher;Ljava/util/List;)V
smali_classes2\net\bytebuddy\agent\builder\AgentBuilder$Default.smali	6654	    iget-object v8, v0, Lnet/bytebuddy/agent/builder/AgentBuilder$Default;->nativeMethodStrategy:Lnet/bytebuddy/agent/builder/AgentBuilder$Default$NativeMethodStrategy;
smali_classes2\net\bytebuddy\agent\builder\AgentBuilder$Default.smali	6760	    invoke-direct/range {v0 .. v24}, Lnet/bytebuddy/agent/builder/AgentBuilder$Default;-><init>(Lnet/bytebuddy/ByteBuddy;Lnet/bytebuddy/agent/builder/AgentBuilder$Listener;Lnet/bytebuddy/agent/builder/AgentBuilder$CircularityLock;Lnet/bytebuddy/agent/builder/AgentBuilder$PoolStrategy;Lnet/bytebuddy/agent/builder/AgentBuilder$TypeStrategy;Lnet/bytebuddy/agent/builder/AgentBuilder$LocationStrategy;Lnet/bytebuddy/dynamic/ClassFileLocator;Lnet/bytebuddy/agent/builder/AgentBuilder$Default$NativeMethodStrategy;Lnet/bytebuddy/agent/builder/AgentBuilder$Default$WarmupStrategy;Lnet/bytebuddy/agent/builder/AgentBuilder$TransformerDecorator;Lnet/bytebuddy/agent/builder/AgentBuilder$InitializationStrategy;Lnet/bytebuddy/agent/builder/AgentBuilder$RedefinitionStrategy;Lnet/bytebuddy/agent/builder/AgentBuilder$RedefinitionStrategy$DiscoveryStrategy;Lnet/bytebuddy/agent/builder/AgentBuilder$RedefinitionStrategy$BatchAllocator;Lnet/bytebuddy/agent/builder/AgentBuilder$RedefinitionStrategy$Listener;Lnet/bytebuddy/agent/builder/AgentBuilder$RedefinitionStrategy$ResubmissionStrategy;Lnet/bytebuddy/agent/builder/AgentBuilder$InjectionStrategy;Lnet/bytebuddy/agent/builder/AgentBuilder$LambdaInstrumentationStrategy;Lnet/bytebuddy/agent/builder/AgentBuilder$DescriptionStrategy;Lnet/bytebuddy/agent/builder/AgentBuilder$FallbackStrategy;Lnet/bytebuddy/agent/builder/AgentBuilder$ClassFileBufferStrategy;Lnet/bytebuddy/agent/builder/AgentBuilder$InstallationListener;Lnet/bytebuddy/agent/builder/AgentBuilder$RawMatcher;Ljava/util/List;)V
smali_classes2\net\bytebuddy\agent\builder\AgentBuilder$Default.smali	6793	    iget-object v8, v0, Lnet/bytebuddy/agent/builder/AgentBuilder$Default;->nativeMethodStrategy:Lnet/bytebuddy/agent/builder/AgentBuilder$Default$NativeMethodStrategy;
smali_classes2\net\bytebuddy\agent\builder\AgentBuilder$Default.smali	6869	    invoke-direct/range {v0 .. v24}, Lnet/bytebuddy/agent/builder/AgentBuilder$Default;-><init>(Lnet/bytebuddy/ByteBuddy;Lnet/bytebuddy/agent/builder/AgentBuilder$Listener;Lnet/bytebuddy/agent/builder/AgentBuilder$CircularityLock;Lnet/bytebuddy/agent/builder/AgentBuilder$PoolStrategy;Lnet/bytebuddy/agent/builder/AgentBuilder$TypeStrategy;Lnet/bytebuddy/agent/builder/AgentBuilder$LocationStrategy;Lnet/bytebuddy/dynamic/ClassFileLocator;Lnet/bytebuddy/agent/builder/AgentBuilder$Default$NativeMethodStrategy;Lnet/bytebuddy/agent/builder/AgentBuilder$Default$WarmupStrategy;Lnet/bytebuddy/agent/builder/AgentBuilder$TransformerDecorator;Lnet/bytebuddy/agent/builder/AgentBuilder$InitializationStrategy;Lnet/bytebuddy/agent/builder/AgentBuilder$RedefinitionStrategy;Lnet/bytebuddy/agent/builder/AgentBuilder$RedefinitionStrategy$DiscoveryStrategy;Lnet/bytebuddy/agent/builder/AgentBuilder$RedefinitionStrategy$BatchAllocator;Lnet/bytebuddy/agent/builder/AgentBuilder$RedefinitionStrategy$Listener;Lnet/bytebuddy/agent/builder/AgentBuilder$RedefinitionStrategy$ResubmissionStrategy;Lnet/bytebuddy/agent/builder/AgentBuilder$InjectionStrategy;Lnet/bytebuddy/agent/builder/AgentBuilder$LambdaInstrumentationStrategy;Lnet/bytebuddy/agent/builder/AgentBuilder$DescriptionStrategy;Lnet/bytebuddy/agent/builder/AgentBuilder$FallbackStrategy;Lnet/bytebuddy/agent/builder/AgentBuilder$ClassFileBufferStrategy;Lnet/bytebuddy/agent/builder/AgentBuilder$InstallationListener;Lnet/bytebuddy/agent/builder/AgentBuilder$RawMatcher;Ljava/util/List;)V
smali_classes2\net\bytebuddy\agent\builder\AgentBuilder$Default.smali	6928	    iget-object v8, v0, Lnet/bytebuddy/agent/builder/AgentBuilder$Default;->nativeMethodStrategy:Lnet/bytebuddy/agent/builder/AgentBuilder$Default$NativeMethodStrategy;
smali_classes2\net\bytebuddy\agent\builder\AgentBuilder$Default.smali	7018	    invoke-direct/range {v0 .. v24}, Lnet/bytebuddy/agent/builder/AgentBuilder$Default;-><init>(Lnet/bytebuddy/ByteBuddy;Lnet/bytebuddy/agent/builder/AgentBuilder$Listener;Lnet/bytebuddy/agent/builder/AgentBuilder$CircularityLock;Lnet/bytebuddy/agent/builder/AgentBuilder$PoolStrategy;Lnet/bytebuddy/agent/builder/AgentBuilder$TypeStrategy;Lnet/bytebuddy/agent/builder/AgentBuilder$LocationStrategy;Lnet/bytebuddy/dynamic/ClassFileLocator;Lnet/bytebuddy/agent/builder/AgentBuilder$Default$NativeMethodStrategy;Lnet/bytebuddy/agent/builder/AgentBuilder$Default$WarmupStrategy;Lnet/bytebuddy/agent/builder/AgentBuilder$TransformerDecorator;Lnet/bytebuddy/agent/builder/AgentBuilder$InitializationStrategy;Lnet/bytebuddy/agent/builder/AgentBuilder$RedefinitionStrategy;Lnet/bytebuddy/agent/builder/AgentBuilder$RedefinitionStrategy$DiscoveryStrategy;Lnet/bytebuddy/agent/builder/AgentBuilder$RedefinitionStrategy$BatchAllocator;Lnet/bytebuddy/agent/builder/AgentBuilder$RedefinitionStrategy$Listener;Lnet/bytebuddy/agent/builder/AgentBuilder$RedefinitionStrategy$ResubmissionStrategy;Lnet/bytebuddy/agent/builder/AgentBuilder$InjectionStrategy;Lnet/bytebuddy/agent/builder/AgentBuilder$LambdaInstrumentationStrategy;Lnet/bytebuddy/agent/builder/AgentBuilder$DescriptionStrategy;Lnet/bytebuddy/agent/builder/AgentBuilder$FallbackStrategy;Lnet/bytebuddy/agent/builder/AgentBuilder$ClassFileBufferStrategy;Lnet/bytebuddy/agent/builder/AgentBuilder$InstallationListener;Lnet/bytebuddy/agent/builder/AgentBuilder$RawMatcher;Ljava/util/List;)V
smali_classes2\net\bytebuddy\agent\builder\AgentBuilder$LambdaInstrumentationStrategy$1.smali	210	    sget-object v1, Lnet/bytebuddy/agent/builder/AgentBuilder$LambdaInstrumentationStrategy$LambdaMetafactoryFactory;->ALTERNATIVE:Lnet/bytebuddy/agent/builder/AgentBuilder$LambdaInstrumentationStrategy$LambdaMetafactoryFactory;
smali_classes2\net\bytebuddy\agent\builder\AgentBuilder$LambdaInstrumentationStrategy$LambdaMetafactoryFactory.smali	38	.field public static final enum ALTERNATIVE:Lnet/bytebuddy/agent/builder/AgentBuilder$LambdaInstrumentationStrategy$LambdaMetafactoryFactory;
smali_classes2\net\bytebuddy\agent\builder\AgentBuilder$LambdaInstrumentationStrategy$LambdaMetafactoryFactory.smali	91	    const-string v5, "ALTERNATIVE"
smali_classes2\net\bytebuddy\agent\builder\AgentBuilder$LambdaInstrumentationStrategy$LambdaMetafactoryFactory.smali	103	    sput-object v1, Lnet/bytebuddy/agent/builder/AgentBuilder$LambdaInstrumentationStrategy$LambdaMetafactoryFactory;->ALTERNATIVE:Lnet/bytebuddy/agent/builder/AgentBuilder$LambdaInstrumentationStrategy$LambdaMetafactoryFactory;
smali_classes2\net\bytebuddy\agent\builder\AgentBuilder.smali	99	.method public abstract disableNativeMethodPrefix()Lnet/bytebuddy/agent/builder/AgentBuilder;
smali_classes2\net\bytebuddy\agent\builder\AgentBuilder.smali	102	.method public abstract enableNativeMethodPrefix(Ljava/lang/String;)Lnet/bytebuddy/agent/builder/AgentBuilder;
smali_classes2\net\bytebuddy\asm\Advice.smali	2557	    invoke-interface {p2}, Lnet/bytebuddy/description/ModifierReviewable$ForMethodDescription;->isNative()Z
smali_classes2\net\bytebuddy\description\ModifierReviewable$AbstractBase.smali	384	    sget-object p0, Lnet/bytebuddy/description/modifier/MethodManifestation;->FINAL_NATIVE:Lnet/bytebuddy/description/modifier/MethodManifestation;
smali_classes2\net\bytebuddy\description\ModifierReviewable$AbstractBase.smali	392	    sget-object p0, Lnet/bytebuddy/description/modifier/MethodManifestation;->NATIVE:Lnet/bytebuddy/description/modifier/MethodManifestation;
smali_classes2\net\bytebuddy\description\ModifierReviewable$AbstractBase.smali	1074	.method public isNative()Z
smali_classes2\net\bytebuddy\description\ModifierReviewable$ForMethodDescription.smali	33	.method public abstract isNative()Z
smali_classes2\net\bytebuddy\description\modifier\MethodManifestation.smali	31	.field public static final enum FINAL_NATIVE:Lnet/bytebuddy/description/modifier/MethodManifestation;
smali_classes2\net\bytebuddy\description\modifier\MethodManifestation.smali	33	.field public static final enum NATIVE:Lnet/bytebuddy/description/modifier/MethodManifestation;
smali_classes2\net\bytebuddy\description\modifier\MethodManifestation.smali	78	    const-string v4, "NATIVE"
smali_classes2\net\bytebuddy\description\modifier\MethodManifestation.smali	87	    sput-object v1, Lnet/bytebuddy/description/modifier/MethodManifestation;->NATIVE:Lnet/bytebuddy/description/modifier/MethodManifestation;
smali_classes2\net\bytebuddy\description\modifier\MethodManifestation.smali	150	    const-string v7, "FINAL_NATIVE"
smali_classes2\net\bytebuddy\description\modifier\MethodManifestation.smali	159	    sput-object v4, Lnet/bytebuddy/description/modifier/MethodManifestation;->FINAL_NATIVE:Lnet/bytebuddy/description/modifier/MethodManifestation;
smali_classes2\net\bytebuddy\description\modifier\MethodManifestation.smali	429	.method public isNative()Z
smali_classes2\net\bytebuddy\dynamic\loading\ByteArrayClassLoader$ChildFirst.smali	785	    invoke-virtual {p7}, Lnet/bytebuddy/utility/GraalImageCode;->isNativeImageExecution()Z
smali_classes2\net\bytebuddy\dynamic\loading\ByteArrayClassLoader.smali	1090	    invoke-virtual {p7}, Lnet/bytebuddy/utility/GraalImageCode;->isNativeImageExecution()Z
smali_classes2\net\bytebuddy\dynamic\loading\ClassInjector$UsingJna$Dispatcher$CreationAction.smali	291	    invoke-static {v1, v2, p0}, Lcom/sun/jna/Native;->loadLibrary(Ljava/lang/String;Ljava/lang/Class;Ljava/util/Map;)Ljava/lang/Object;
smali_classes2\net\bytebuddy\dynamic\loading\ClassInjector$UsingJna$Dispatcher$Windows32BitFunctionMapper.smali	140	.method public getFunctionName(Lcom/sun/jna/NativeLibrary;Ljava/lang/reflect/Method;)Ljava/lang/String;
smali_classes2\net\bytebuddy\dynamic\scaffold\InstrumentedType$Default.smali	393	    const-string v48, "native"
smali_classes2\net\bytebuddy\dynamic\scaffold\TypeWriter$Default$ForInlining$WithFullProcessing$RedefinitionClassVisitor.smali	3580	    invoke-interface {p1}, Lnet/bytebuddy/description/ModifierReviewable$ForMethodDescription;->isNative()Z
smali_classes2\net\bytebuddy\dynamic\scaffold\inline\MethodRebaseResolver$Resolution$ForRebasedMethod$RebasedMethod.smali	216	    invoke-interface {v2}, Lnet/bytebuddy/description/ModifierReviewable$ForMethodDescription;->isNative()Z
smali_classes2\net\bytebuddy\dynamic\scaffold\inline\MethodRebaseResolver$Resolution$ForRebasedMethod$RebasedMethod.smali	256	    invoke-interface {p0}, Lnet/bytebuddy/description/ModifierReviewable$ForMethodDescription;->isNative()Z
smali_classes2\net\bytebuddy\jar\asm\Opcodes.smali	29	.field public static final ACC_NATIVE:I = 0x100
smali_classes2\net\bytebuddy\matcher\ElementMatchers.smali	4412	.method public static isNative()Lnet/bytebuddy/matcher/ElementMatcher$Junction;
smali_classes2\net\bytebuddy\matcher\ElementMatchers.smali	4425	    sget-object v0, Lnet/bytebuddy/matcher/ModifierMatcher$Mode;->NATIVE:Lnet/bytebuddy/matcher/ModifierMatcher$Mode;
smali_classes2\net\bytebuddy\matcher\ModifierMatcher$Mode.smali	42	.field public static final enum NATIVE:Lnet/bytebuddy/matcher/ModifierMatcher$Mode;
smali_classes2\net\bytebuddy\matcher\ModifierMatcher$Mode.smali	249	    const-string v10, "isNative()"
smali_classes2\net\bytebuddy\matcher\ModifierMatcher$Mode.smali	253	    const-string v11, "NATIVE"
smali_classes2\net\bytebuddy\matcher\ModifierMatcher$Mode.smali	265	    sput-object v7, Lnet/bytebuddy/matcher/ModifierMatcher$Mode;->NATIVE:Lnet/bytebuddy/matcher/ModifierMatcher$Mode;
smali_classes2\net\bytebuddy\utility\GraalImageCode$ImageCodeContextAction.smali	258	    const-string v1, "-agentlib:native-image-agent"
smali_classes2\net\bytebuddy\utility\GraalImageCode.smali	50	.field private final nativeImageExecution:Z
smali_classes2\net\bytebuddy\utility\GraalImageCode.smali	289	    iput-boolean p4, p0, Lnet/bytebuddy/utility/GraalImageCode;->nativeImageExecution:Z
smali_classes2\net\bytebuddy\utility\GraalImageCode.smali	362	    const-string v1, "org.graalvm.nativeimage.imagecode"
smali_classes2\net\bytebuddy\utility\GraalImageCode.smali	616	.method public isNativeImageExecution()Z
smali_classes2\net\bytebuddy\utility\GraalImageCode.smali	620	    iget-boolean p0, p0, Lnet/bytebuddy/utility/GraalImageCode;->nativeImageExecution:Z
smali_classes2\org\luckypray\dexkit\DexKitBridge.smali	61	    invoke-static {p1, v0}, Lorg/luckypray/dexkit/DexKitBridge;->nativeInitDexKitByClassLoader(Ljava/lang/ClassLoader;Z)J
smali_classes2\org\luckypray\dexkit\DexKitBridge.smali	90	    invoke-static {p1}, Lorg/luckypray/dexkit/DexKitBridge;->nativeInitDexKit(Ljava/lang/String;)J
smali_classes2\org\luckypray\dexkit\DexKitBridge.smali	114	    invoke-static {p1}, Lorg/luckypray/dexkit/DexKitBridge;->nativeInitDexKitByBytesArray([[B)J
smali_classes2\org\luckypray\dexkit\DexKitBridge.smali	124	.method private static final native nativeBatchFindClassUsingStrings(J[B)[B
smali_classes2\org\luckypray\dexkit\DexKitBridge.smali	127	.method private static final native nativeBatchFindMethodUsingStrings(J[B)[B
smali_classes2\org\luckypray\dexkit\DexKitBridge.smali	130	.method private static final native nativeExportDexFile(JLjava/lang/String;)V
smali_classes2\org\luckypray\dexkit\DexKitBridge.smali	133	.method private static final native nativeFieldGetMethods(JJ)[B
smali_classes2\org\luckypray\dexkit\DexKitBridge.smali	136	.method private static final native nativeFieldPutMethods(JJ)[B
smali_classes2\org\luckypray\dexkit\DexKitBridge.smali	139	.method private static final native nativeFindClass(J[B)[B
smali_classes2\org\luckypray\dexkit\DexKitBridge.smali	142	.method private static final native nativeFindField(J[B)[B
smali_classes2\org\luckypray\dexkit\DexKitBridge.smali	145	.method private static final native nativeFindMethod(J[B)[B
smali_classes2\org\luckypray\dexkit\DexKitBridge.smali	148	.method private static final native nativeGetCallMethods(JJ)[B
smali_classes2\org\luckypray\dexkit\DexKitBridge.smali	151	.method private static final native nativeGetClassAnnotations(JJ)[B
smali_classes2\org\luckypray\dexkit\DexKitBridge.smali	154	.method private static final native nativeGetClassByIds(J[J)[B
smali_classes2\org\luckypray\dexkit\DexKitBridge.smali	157	.method private static final native nativeGetClassData(JLjava/lang/String;)[B
smali_classes2\org\luckypray\dexkit\DexKitBridge.smali	160	.method private static final native nativeGetDexNum(J)I
smali_classes2\org\luckypray\dexkit\DexKitBridge.smali	163	.method private static final native nativeGetFieldAnnotations(JJ)[B
smali_classes2\org\luckypray\dexkit\DexKitBridge.smali	166	.method private static final native nativeGetFieldByIds(J[J)[B
smali_classes2\org\luckypray\dexkit\DexKitBridge.smali	169	.method private static final native nativeGetFieldData(JLjava/lang/String;)[B
smali_classes2\org\luckypray\dexkit\DexKitBridge.smali	172	.method private static final native nativeGetInvokeMethods(JJ)[B
smali_classes2\org\luckypray\dexkit\DexKitBridge.smali	175	.method private static final native nativeGetMethodAnnotations(JJ)[B
smali_classes2\org\luckypray\dexkit\DexKitBridge.smali	178	.method private static final native nativeGetMethodByIds(J[J)[B
smali_classes2\org\luckypray\dexkit\DexKitBridge.smali	181	.method private static final native nativeGetMethodData(JLjava/lang/String;)[B
smali_classes2\org\luckypray\dexkit\DexKitBridge.smali	184	.method private static final native nativeGetMethodOpCodes(JJ)[I
smali_classes2\org\luckypray\dexkit\DexKitBridge.smali	187	.method private static final native nativeGetMethodUsingFields(JJ)[B
smali_classes2\org\luckypray\dexkit\DexKitBridge.smali	190	.method private static final native nativeGetMethodUsingStrings(JJ)[Ljava/lang/String;
smali_classes2\org\luckypray\dexkit\DexKitBridge.smali	193	.method private static final native nativeGetParameterAnnotations(JJ)[B
smali_classes2\org\luckypray\dexkit\DexKitBridge.smali	196	.method private static final native nativeGetParameterNames(JJ)[Ljava/lang/String;
smali_classes2\org\luckypray\dexkit\DexKitBridge.smali	199	.method private static final native nativeInitDexKit(Ljava/lang/String;)J
smali_classes2\org\luckypray\dexkit\DexKitBridge.smali	202	.method private static final native nativeInitDexKitByBytesArray([[B)J
smali_classes2\org\luckypray\dexkit\DexKitBridge.smali	205	.method private static final native nativeInitDexKitByClassLoader(Ljava/lang/ClassLoader;Z)J
smali_classes2\org\luckypray\dexkit\DexKitBridge.smali	208	.method private static final native nativeInitFullCache(J)V
smali_classes2\org\luckypray\dexkit\DexKitBridge.smali	211	.method private static final native nativeRelease(J)V
smali_classes2\org\luckypray\dexkit\DexKitBridge.smali	214	.method private static final native nativeSetMaxConcurrentQueries(JI)V
smali_classes2\org\luckypray\dexkit\DexKitBridge.smali	217	.method private static final native nativeSetThreadNum(JI)V
smali_classes2\org\luckypray\dexkit\DexKitBridge.smali	224	    invoke-static {p0, p1, p2}, Lorg/luckypray/dexkit/DexKitBridge;->nativeGetFieldByIds(J[J)[B
smali_classes2\org\luckypray\dexkit\DexKitBridge.smali	239	    invoke-static {p0, p1}, Lorg/luckypray/dexkit/DexKitBridge;->nativeGetDexNum(J)I
smali_classes2\org\luckypray\dexkit\DexKitBridge.smali	254	    invoke-static {p0, p1, p2, p3}, Lorg/luckypray/dexkit/DexKitBridge;->nativeGetFieldAnnotations(JJ)[B
smali_classes2\org\luckypray\dexkit\DexKitBridge.smali	269	    invoke-static {p0, p1, p2}, Lorg/luckypray/dexkit/DexKitBridge;->nativeGetClassData(JLjava/lang/String;)[B
smali_classes2\org\luckypray\dexkit\DexKitBridge.smali	284	    invoke-static {p0, p1, p2}, Lorg/luckypray/dexkit/DexKitBridge;->nativeGetClassByIds(J[J)[B
smali_classes2\org\luckypray\dexkit\DexKitBridge.smali	299	    invoke-static {p0, p1, p2, p3}, Lorg/luckypray/dexkit/DexKitBridge;->nativeGetParameterNames(JJ)[Ljava/lang/String;
smali_classes2\org\luckypray\dexkit\DexKitBridge.smali	314	    invoke-static {p1, p2, p0}, Lorg/luckypray/dexkit/DexKitBridge;->nativeSetThreadNum(JI)V
smali_classes2\org\luckypray\dexkit\DexKitBridge.smali	326	    invoke-static {p0, p1, p2, p3}, Lorg/luckypray/dexkit/DexKitBridge;->nativeGetParameterAnnotations(JJ)[B
smali_classes2\org\luckypray\dexkit\DexKitBridge.smali	341	    invoke-static {p0, p1, p2, p3}, Lorg/luckypray/dexkit/DexKitBridge;->nativeGetMethodUsingStrings(JJ)[Ljava/lang/String;
smali_classes2\org\luckypray\dexkit\DexKitBridge.smali	356	    invoke-static {p1, p2, p0}, Lorg/luckypray/dexkit/DexKitBridge;->nativeSetMaxConcurrentQueries(JI)V
smali_classes2\org\luckypray\dexkit\DexKitBridge.smali	368	    invoke-static {p0, p1}, Lorg/luckypray/dexkit/DexKitBridge;->nativeInitFullCache(J)V
smali_classes2\org\luckypray\dexkit\DexKitBridge.smali	380	    invoke-static {p0, p1, p2}, Lorg/luckypray/dexkit/DexKitBridge;->nativeBatchFindMethodUsingStrings(J[B)[B
smali_classes2\org\luckypray\dexkit\DexKitBridge.smali	395	    invoke-static {p0, p1, p2}, Lorg/luckypray/dexkit/DexKitBridge;->nativeBatchFindClassUsingStrings(J[B)[B
smali_classes2\org\luckypray\dexkit\DexKitBridge.smali	410	    invoke-static {p0, p1, p2, p3}, Lorg/luckypray/dexkit/DexKitBridge;->nativeGetCallMethods(JJ)[B
smali_classes2\org\luckypray\dexkit\DexKitBridge.smali	425	    invoke-static {p0, p1, p2, p3}, Lorg/luckypray/dexkit/DexKitBridge;->nativeGetClassAnnotations(JJ)[B
smali_classes2\org\luckypray\dexkit\DexKitBridge.smali	440	    invoke-static {p0, p1, p2, p3}, Lorg/luckypray/dexkit/DexKitBridge;->nativeFieldPutMethods(JJ)[B
smali_classes2\org\luckypray\dexkit\DexKitBridge.smali	455	    invoke-static {p0, p1, p2}, Lorg/luckypray/dexkit/DexKitBridge;->nativeFindMethod(J[B)[B
smali_classes2\org\luckypray\dexkit\DexKitBridge.smali	470	    invoke-static {p0, p1, p2}, Lorg/luckypray/dexkit/DexKitBridge;->nativeFindClass(J[B)[B
smali_classes2\org\luckypray\dexkit\DexKitBridge.smali	485	    invoke-static {p0, p1, p2}, Lorg/luckypray/dexkit/DexKitBridge;->nativeFindField(J[B)[B
smali_classes2\org\luckypray\dexkit\DexKitBridge.smali	500	    invoke-static {p0, p1, p2}, Lorg/luckypray/dexkit/DexKitBridge;->nativeExportDexFile(JLjava/lang/String;)V
smali_classes2\org\luckypray\dexkit\DexKitBridge.smali	512	    invoke-static {p0, p1, p2, p3}, Lorg/luckypray/dexkit/DexKitBridge;->nativeFieldGetMethods(JJ)[B
smali_classes2\org\luckypray\dexkit\DexKitBridge.smali	527	    invoke-static {p0, p1, p2}, Lorg/luckypray/dexkit/DexKitBridge;->nativeGetMethodData(JLjava/lang/String;)[B
smali_classes2\org\luckypray\dexkit\DexKitBridge.smali	542	    invoke-static {p0, p1, p2, p3}, Lorg/luckypray/dexkit/DexKitBridge;->nativeGetMethodUsingFields(JJ)[B
smali_classes2\org\luckypray\dexkit\DexKitBridge.smali	557	    invoke-static {p0, p1, p2, p3}, Lorg/luckypray/dexkit/DexKitBridge;->nativeGetMethodOpCodes(JJ)[I
smali_classes2\org\luckypray\dexkit\DexKitBridge.smali	572	    invoke-static {p0, p1, p2, p3}, Lorg/luckypray/dexkit/DexKitBridge;->nativeGetMethodAnnotations(JJ)[B
smali_classes2\org\luckypray\dexkit\DexKitBridge.smali	587	    invoke-static {p0, p1, p2}, Lorg/luckypray/dexkit/DexKitBridge;->nativeGetMethodByIds(J[J)[B
smali_classes2\org\luckypray\dexkit\DexKitBridge.smali	602	    invoke-static {p0, p1, p2, p3}, Lorg/luckypray/dexkit/DexKitBridge;->nativeGetInvokeMethods(JJ)[B
smali_classes2\org\luckypray\dexkit\DexKitBridge.smali	617	    invoke-static {p0, p1, p2}, Lorg/luckypray/dexkit/DexKitBridge;->nativeGetFieldData(JLjava/lang/String;)[B
smali_classes2\org\luckypray\dexkit\DexKitBridge.smali	762	    invoke-static {v4, v5}, Lorg/luckypray/dexkit/DexKitBridge;->nativeRelease(J)V
smali_classes2\org\luckypray\dexkit\result\飘花落叶言子楪苏哲兰世.smali	1090	    invoke-static {v3, v2, p1, p0}, Lorg/luckypray/dexkit/util/NativeReflect;->getReflectedMethod(Ljava/lang/Class;Ljava/lang/String;Ljava/lang/String;Ljava/lang/Boolean;)Ljava/lang/reflect/Member;
smali_classes2\org\luckypray\dexkit\util\NativeReflect.smali	1	.class public final Lorg/luckypray/dexkit/util/NativeReflect;
smali_classes2\org\luckypray\dexkit\util\NativeReflect.smali	12	        "Lorg/luckypray/dexkit/util/NativeReflect;",
smali_classes2\org\luckypray\dexkit\util\NativeReflect.smali	40	.method public static final native getReflectedField(Ljava/lang/Class;Ljava/lang/String;Ljava/lang/String;Ljava/lang/Boolean;)Ljava/lang/reflect/Field;
smali_classes2\org\luckypray\dexkit\util\NativeReflect.smali	55	.method public static final native getReflectedMethod(Ljava/lang/Class;Ljava/lang/String;Ljava/lang/String;Ljava/lang/Boolean;)Ljava/lang/reflect/Member;
smali_classes2\top\suzhelan\qstory\nativelib\NativeCipherBridge.smali	1	.class public final Ltop/suzhelan/qstory/nativelib/NativeCipherBridge;
smali_classes2\top\suzhelan\qstory\nativelib\NativeCipherBridge.smali	12	        "Ltop/suzhelan/qstory/nativelib/NativeCipherBridge;",
smali_classes2\top\suzhelan\qstory\nativelib\NativeCipherBridge.smali	38	.field public static final INSTANCE:Ltop/suzhelan/qstory/nativelib/NativeCipherBridge;
smali_classes2\top\suzhelan\qstory\nativelib\NativeCipherBridge.smali	46	    new-instance v0, Ltop/suzhelan/qstory/nativelib/NativeCipherBridge;
smali_classes2\top\suzhelan\qstory\nativelib\NativeCipherBridge.smali	50	    invoke-direct {v0}, Ltop/suzhelan/qstory/nativelib/NativeCipherBridge;-><init>()V
smali_classes2\top\suzhelan\qstory\nativelib\NativeCipherBridge.smali	55	    sput-object v0, Ltop/suzhelan/qstory/nativelib/NativeCipherBridge;->INSTANCE:Ltop/suzhelan/qstory/nativelib/NativeCipherBridge;
smali_classes2\top\suzhelan\qstory\nativelib\NativeCipherBridge.smali	74	.method public static final native xorCipher([B[B)[B
smali_classes2\top\suzhelan\qstory\util\StringTamperGuard.smali	1	.class public final Ltop/suzhelan/qstory/util/StringTamperGuard;
smali_classes2\top\suzhelan\qstory\util\StringTamperGuard.smali	12	        "Ltop/suzhelan/qstory/util/StringTamperGuard;",
smali_classes2\top\suzhelan\qstory\util\StringTamperGuard.smali	20	        "decryptGuarded",
smali_classes2\top\suzhelan\qstory\util\StringTamperGuard.smali	26	        "isTampered",
smali_classes2\top\suzhelan\qstory\util\StringTamperGuard.smali	47	.field public static final INSTANCE:Ltop/suzhelan/qstory/util/StringTamperGuard;
smali_classes2\top\suzhelan\qstory\util\StringTamperGuard.smali	55	    new-instance v0, Ltop/suzhelan/qstory/util/StringTamperGuard;
smali_classes2\top\suzhelan\qstory\util\StringTamperGuard.smali	59	    invoke-direct {v0}, Ltop/suzhelan/qstory/util/StringTamperGuard;-><init>()V
smali_classes2\top\suzhelan\qstory\util\StringTamperGuard.smali	64	    sput-object v0, Ltop/suzhelan/qstory/util/StringTamperGuard;->INSTANCE:Ltop/suzhelan/qstory/util/StringTamperGuard;
smali_classes2\top\suzhelan\qstory\util\StringTamperGuard.smali	83	.method public static final native decryptGuarded([B[BLjava/lang/ClassLoader;)[B
smali_classes2\top\suzhelan\qstory\util\StringTamperGuard.smali	90	    const-class p0, Ltop/suzhelan/qstory/util/StringTamperGuard;
smali_classes2\top\suzhelan\qstory\util\StringTamperGuard.smali	110	.method public static final native isTampered(Ljava/lang/ClassLoader;)Z
smali_classes2\top\suzhelan\qstory\util\StringTamperGuard.smali	124	    invoke-direct {p0}, Ltop/suzhelan/qstory/util/StringTamperGuard;->getAppClassLoader()Ljava/lang/ClassLoader;
smali_classes2\top\suzhelan\qstory\util\StringTamperGuard.smali	132	    invoke-static {p1, p2, p0}, Ltop/suzhelan/qstory/util/StringTamperGuard;->decryptGuarded([B[BLjava/lang/ClassLoader;)[B
smali_classes2\飘花落叶言世兰楪哲子苏\飘花落叶言子世楪苏哲兰.smali	53	    const-string v0, "multipart/alternative"
smali_classes2\飘花落叶言世哲子苏兰楪\飘花落叶言子楪苏哲世兰.smali	232	    const-string v1, "\', allowSpecialFloatingPointValues=false, useAlternativeNames="
smali_classes2\飘花落叶言世哲楪子苏兰\飘花落叶言子楪世苏哲兰.smali	253	    const-string v1, "com.tencent.qqnt.kernel.nativeinterface."
smali_classes2\飘花落叶言世哲楪子苏兰\飘花落叶言子楪世苏哲兰.smali	273	    const-string v1, "com.tencent.qqnt.kernel.nativeinterface"
smali_classes2\飘花落叶言世哲楪子苏兰\飘花落叶言子楪世苏哲兰.smali	277	    const-string v3, "com.tencent.qqnt.kernelpublic.nativeinterface"
smali_classes2\飘花落叶言世子苏哲楪兰\飘花落叶言世楪子哲苏兰.smali	86	    const-string v1, "kotlin-logging-to-android-native"
smali_classes2\飘花落叶言楪兰苏世子哲\飘花落叶言子楪世兰苏哲.smali	49	    const-string v1, "alternative"
smali_classes2\飘花落叶言苏世哲子楪兰\飘花落叶言子楪世苏哲兰.smali	924	    invoke-static {p0}, Ljava/lang/System;->loadLibrary(Ljava/lang/String;)V
smali_classes2\飘花落叶言苏世子兰哲楪\飘花落叶言子楪世苏哲兰.smali	47	    sget-object p0, Ltop/suzhelan/qstory/util/StringTamperGuard;->INSTANCE:Ltop/suzhelan/qstory/util/StringTamperGuard;
smali_classes2\飘花落叶言苏世子兰哲楪\飘花落叶言子楪世苏哲兰.smali	51	    invoke-virtual {p0, p1, p2}, Ltop/suzhelan/qstory/util/StringTamperGuard;->decrypt([B[B)Ljava/lang/String;
smali_classes2\飘花落叶言苏哲兰子世楪\飘花落叶言子楪世兰苏哲.smali	1550	    check-cast v10, Lcom/equationl/ncnnandroidppocr/cpp/OCRNative;
smali_classes2\飘花落叶言苏哲兰子世楪\飘花落叶言子楪世兰苏哲.smali	1574	    invoke-virtual/range {v10 .. v17}, Lcom/equationl/ncnnandroidppocr/cpp/OCRNative;->loadModelByPath(Ljava/lang/String;Ljava/lang/String;Ljava/lang/String;Ljava/lang/String;IIZ)Z
smali_classes2\飘花落叶言苏哲兰子世楪\飘花落叶言子楪世兰苏哲.smali	1606	    check-cast v0, Lcom/equationl/ncnnandroidppocr/cpp/OCRNative;
smali_classes2\飘花落叶言苏哲兰子世楪\飘花落叶言子楪世兰苏哲.smali	1610	    invoke-virtual {v0}, Lcom/equationl/ncnnandroidppocr/cpp/OCRNative;->release()V
smali_classes2\飘花落叶言苏哲楪兰子世\飘花落叶言子楪世苏哲兰.smali	96	    invoke-static {v0}, Ljava/lang/System;->loadLibrary(Ljava/lang/String;)V
smali_classes2\飘花落叶言苏子楪世兰哲\飘花落叶言子楪世哲苏兰.smali	679	    invoke-virtual {p0}, Ljava/security/cert/X509Certificate;->getSubjectAlternativeNames()Ljava/util/Collection;
smali_classes2\飘花落叶言苏楪哲世子兰\飘花落叶言子楪世苏哲兰.smali	91	    const-string v3, "android.app.ActivityManagerNative"
smali_classes2\飘花落叶言苏楪哲世子兰\飘花落叶言子楪世苏哲兰.smali	280	    const-string v0, "android.app.ActivityManagerNative"
smali_classes2\飘花落叶言苏楪哲兰世子\飘花落叶言子楪世哲苏兰.smali	145	    invoke-static {v2}, Ljava/lang/System;->loadLibrary(Ljava/lang/String;)V