file_offset	string
0x1B0	<%
0x1B8	<%
0x244	Android
0x250	r22b
0x290	7171670
0x2DC	GNU
0x5F8	=F
0x610	EF
0x628	LF
0x640	SF
0x658	[F
0x670	dF
0x688	kF
0x6A0	rF
0x6B8	yF
0x9E8	@T
0xA00	NT
0xA18	^T
0xA60	Ve
0xA78	ee
0xA90	re
0xAF0	#X
0xB38	Wd
0xB68	P%
0xBE0	g_
0xC10	['
0xC40	cM
0xC70	T`
0xC88	jd
0xCE8	5e
0xDF0	%,
0xE08	OP
0xE20	[U
0xE38	?a
0xEC8	'E
0xEE0	AR
0xF10	@E
0xF28	.T
0xFA0	&J
0x1030	S4
0x1048	fT
0x10C0	&W
0x1138	+'
0x1150	.W
0x11B0	6W
0x11C8	_]
0x11E0	$2
0x11F8	>W
0x1288	FW
0x1300	Z/
0x1360	NW
0x13C0	_)
0x1408	VW
0x1420	^W
0x14B0	*L
0x14C8	fW
0x15B8	q6
0x15D0	KL
0x1648	nW
0x1660	"""e"
0x1678	$N
0x1690	vW
0x16A8	w'
0x16C0	`@
0x1738	r,
0x1768	~W
0x18A0	%M
0x1AB0	xc
0x1D20	k`
0x1D38	Bb
0x1D50	}d
0x1DC8	$-
0x1E88	4(
0x1EE8	O(
0x1F18	UA
0x1F30	CC
0x2008	CM
0x2020	lS
0x2038	C'
0x2050	gP
0x2068	wV
0x2080	[Y
0x20C8	i!
0x20F8	M>
0x2230	KV
0x22F0	3;
0x2308	2P
0x2338	J*
0x2350	TJ
0x2380	'a
0x23F8	k2
0x2440	U^
0x2488	QZ
0x24D0	m?
0x24E8	7]
0x25D8	3c
0x2620	~S
0x26C8	2`
0x26E0	^7
0x2758	lL
0x2770	ZR
0x27A0	Ee
0x27E8	e$
0x2830	{_
0x28D8	x[
0x2968	oa
0x2998	5U
0x29F8	%Z
0x2A58	w-
0x2A70	75
0x2AA0	 [
0x2B18	?_
0x2B60	}I
0x2B90	([
0x2BF0	TS
0x2C08	0[
0x2C38	-G
0x2C68	8[
0x2C98	S_
0x2CC8	71
0x2CE0	$K
0x2D10	@[
0x2DE8	=D
0x2ED8	\K
0x2EF0	!V
0x2F08	H[
0x2F50	P[
0x2F80	4Q
0x2FE0	X[
0x3040	`[
0x3070	h[
0x30E8	`=
0x3118	p[
0x31F0	=^
0x3268	"""\"
0x3280	Wa
0x3310	(\
0x3388	.\
0x33E8	4\
0x3430	6+
0x3448	:\
0x3460	dc
0x34F0	@\
0x3508	1O
0x3520	F\
0x3580	&?
0x35C8	L\
0x3628	R\
0x3688	"""6"
0x36A0	5S
0x36B8	*X
0x36E8	X\
0x3730	$F
0x3760	0X
0x3790	^\
0x37C0	c.
0x37D8	6X
0x3850	<X
0x3868	d\
0x38C8	BX
0x38E0	j\
0x3958	HX
0x3970	p\
0x39D0	yM
0x3A00	NX
0x3A30	v\
0x3AC0	TX
0x3B38	ZX
0x3BB0	`X
0x3BF8	fX
0x3C58	lX
0x3C88	kG
0x3CA0	rX
0x3CE8	xX
0x3D30	Dd
0x3D60	"d"""
0x3E08	_Q
0x3E20	~X
0x3E38	&b
0x3EF8	KQ
0x3F40	HI
0x3F70	|\
0x3F88	^b
0x4000	J0
0x40A8	L8
0x4120	5Y
0x4210	m^
0x4228	DN
0x42B8	$<
0x42D0	s<
0x4330	C`
0x4360	M9
0x43A8	;:
0x4408	YE
0x4468	XN
0x44E0	KB
0x44F8	tR
0x4678	rb
0x46C0	D3
0x4768	| 
0x47B0	?&
0x47F8	.d
0x4810	j(
0x48A0	q#
0x4AB0	0 
0x4AE0	lN
0x4AF8	Kc
0x52AB	@1
0x52C0	@@
0x53B9	,B
0x541F	""" "
0x54C2	D@
0x5546	  
0x55B0	p@
0x55CE	@ 
0x5623	""" "
0x585E	0 
0x8085	__cxa_finalize
0x8094	__cxa_atexit
0x80A1	_ZNKSt6__ndk121__basic_string_commonILb1EE20__throw_length_errorEv
0x80E4	_ZNSt6__ndk112basic_stringIcNS_11char_traitsIcEENS_9allocatorIcEEE6appendEPKc
0x8132	_ZNSt6__ndk112basic_stringIcNS_11char_traitsIcEENS_9allocatorIcEEE6appendEPKcm
0x8181	_ZNSt6__ndk112basic_stringIcNS_11char_traitsIcEENS_9allocatorIcEEE6insertEmPKc
0x81D0	_ZNSt6__ndk19to_stringEi
0x81E9	_ZdlPv
0x81F0	_Znwm
0x81F6	__stack_chk_fail
0x8207	memcpy
0x820E	memset
0x8215	strlen
0x821C	JNI_OnLoad
0x8227	_ZNSt6__ndk112__next_primeEm
0x8244	_ZNSt6__ndk15mutex4lockEv
0x825E	_ZNSt6__ndk15mutex6unlockEv
0x827A	_ZNSt6__ndk15mutexD1Ev
0x8291	__sF
0x8296	abort
0x829C	fflush
0x82A3	fprintf
0x82AB	_ZNSt6__ndk16__itoa8__u32toaEjPc
0x82CC	_ZNSt6__ndk16__itoa8__u64toaEmPc
0x82ED	_ZNSt6__ndk118condition_variable10notify_allEv
0x831C	_ZNSt6__ndk118condition_variable10notify_oneEv
0x834B	_ZNSt6__ndk118condition_variable15__do_timed_waitERNS_11unique_lockINS_5mutexEEENS_6chrono10time_pointINS5_12system_clockENS5_8durationIxNS_5ratioILl1ELl1000000000EEEEEEE
0x83F6	_ZNSt6__ndk118condition_variable4waitERNS_11unique_lockINS_5mutexEEE
0x843B	_ZNSt6__ndk125notify_all_at_thread_exitERNS_18condition_variableENS_11unique_lockINS_5mutexEEE
0x849A	_ZNSt6__ndk118condition_variableD1Ev
0x84BF	_ZNSt6__ndk118condition_variableD2Ev
0x84E4	_ZNKSt16nested_exception14rethrow_nestedEv
0x850F	_ZNSt13exception_ptrC1ERKS_
0x852B	_ZNSt13exception_ptrC2ERKS_
0x8547	_ZNSt13exception_ptrD1Ev
0x8560	_ZNSt13exception_ptrD2Ev
0x8579	_ZNSt13exception_ptraSERKS_
0x8595	_ZNSt16nested_exceptionC1Ev
0x85B1	_ZNSt16nested_exceptionC2Ev
0x85CD	_ZNSt16nested_exceptionD0Ev
0x85E9	_ZNSt16nested_exceptionD1Ev
0x8605	_ZNSt16nested_exceptionD2Ev
0x8621	_ZSt17current_exceptionv
0x863A	_ZSt17rethrow_exceptionSt13exception_ptr
0x8663	_ZSt18uncaught_exceptionv
0x867D	_ZSt19uncaught_exceptionsv
0x8698	_ZTISt16nested_exception
0x86B1	_ZTSSt16nested_exception
0x86CA	_ZTVSt16nested_exception
0x86E3	_ZNSt6__ndk112future_errorC1ENS_10error_codeE
0x8711	_ZNSt6__ndk112future_errorC2ENS_10error_codeE
0x873F	_ZNSt6__ndk112future_errorD0Ev
0x875E	_ZNSt6__ndk112future_errorD1Ev
0x877D	_ZNSt6__ndk112future_errorD2Ev
0x879C	_ZNSt6__ndk113shared_futureIvED1Ev
0x87BF	_ZNSt6__ndk113shared_futureIvED2Ev
0x87E2	_ZNSt6__ndk113shared_futureIvEaSERKS1_
0x8809	_ZNSt6__ndk115future_categoryEv
0x8829	_ZNSt6__ndk117__assoc_sub_state10__sub_waitERNS_11unique_lockINS_5mutexEEE
0x8874	_ZNSt6__ndk117__assoc_sub_state12__make_readyEv
0x88A4	_ZNSt6__ndk117__assoc_sub_state13set_exceptionESt13exception_ptr
0x88E5	_ZNSt6__ndk117__assoc_sub_state16__on_zero_sharedEv
0x8919	_ZNSt6__ndk117__assoc_sub_state24set_value_at_thread_exitEv
0x8955	_ZNSt6__ndk117__assoc_sub_state28set_exception_at_thread_exitESt13exception_ptr
0x89A5	_ZNSt6__ndk117__assoc_sub_state4copyEv
0x89CC	_ZNSt6__ndk117__assoc_sub_state4waitEv
0x89F3	_ZNSt6__ndk117__assoc_sub_state9__executeEv
0x8A1F	_ZNSt6__ndk117__assoc_sub_state9set_valueEv
0x8A4B	_ZNSt6__ndk117__assoc_sub_stateD0Ev
0x8A6F	_ZNSt6__ndk117__assoc_sub_stateD2Ev
0x8A93	_ZNSt6__ndk16futureIvE3getEv
0x8AB0	_ZNSt6__ndk16futureIvEC1EPNS_17__assoc_sub_stateE
0x8AE2	_ZNSt6__ndk16futureIvEC2EPNS_17__assoc_sub_stateE
0x8B14	_ZNSt6__ndk16futureIvED1Ev
0x8B2F	_ZNSt6__ndk16futureIvED2Ev
0x8B4A	_ZNSt6__ndk17promiseIvE10get_futureEv
0x8B70	_ZNSt6__ndk17promiseIvE13set_exceptionESt13exception_ptr
0x8BA9	_ZNSt6__ndk17promiseIvE24set_value_at_thread_exitEv
0x8BDD	_ZNSt6__ndk17promiseIvE28set_exception_at_thread_exitESt13exception_ptr
0x8C25	_ZNSt6__ndk17promiseIvE9set_valueEv
0x8C49	_ZNSt6__ndk17promiseIvEC1Ev
0x8C65	_ZNSt6__ndk17promiseIvEC2Ev
0x8C81	_ZNSt6__ndk17promiseIvED1Ev
0x8C9D	_ZNSt6__ndk17promiseIvED2Ev
0x8CB9	_ZTINSt6__ndk112future_errorE
0x8CD7	_ZTINSt6__ndk117__assoc_sub_stateE
0x8CFA	_ZTSNSt6__ndk112future_errorE
0x8D18	_ZTSNSt6__ndk117__assoc_sub_stateE
0x8D3B	_ZTVNSt6__ndk112future_errorE
0x8D59	_ZTVNSt6__ndk117__assoc_sub_stateE
0x8D7C	_ZNSt13runtime_errorC2EPKc
0x8D97	_ZNSt14overflow_errorD1Ev
0x8DB1	_ZTISt14overflow_error
0x8DC8	_ZTVSt14overflow_error
0x8DDF	__cxa_allocate_exception
0x8DF8	__cxa_free_exception
0x8E0D	__cxa_throw
0x8E19	__gxx_personality_v0
0x8E2E	_ZNKSt6__ndk112bad_weak_ptr4whatEv
0x8E51	_ZNKSt6__ndk119__shared_weak_count13__get_deleterERKSt9type_info
0x8E92	_ZNSt6__ndk112__get_sp_mutEPKv
0x8EB1	_ZNSt6__ndk112bad_weak_ptrD0Ev
0x8ED0	_ZNSt6__ndk112bad_weak_ptrD1Ev
0x8EEF	_ZNSt6__ndk112bad_weak_ptrD2Ev
0x8F0E	_ZNSt6__ndk113allocator_argE
0x8F2B	_ZNSt6__ndk114__shared_count12__add_sharedEv
0x8F58	_ZNSt6__ndk114__shared_count16__release_sharedEv
0x8F89	_ZNSt6__ndk114__shared_countD0Ev
0x8FAA	_ZNSt6__ndk114__shared_countD1Ev
0x8FCB	_ZNSt6__ndk114__shared_countD2Ev
0x8FEC	_ZNSt6__ndk117declare_reachableEPv
0x900F	_ZNSt6__ndk118get_pointer_safetyEv
0x9032	_ZNSt6__ndk119__shared_weak_count10__add_weakEv
0x9062	_ZNSt6__ndk119__shared_weak_count12__add_sharedEv
0x9094	_ZNSt6__ndk119__shared_weak_count14__release_weakEv
0x90C8	_ZNSt6__ndk119__shared_weak_count16__release_sharedEv
0x90FE	_ZNSt6__ndk119__shared_weak_count4lockEv
0x9127	_ZNSt6__ndk119__shared_weak_countD0Ev
0x914D	_ZNSt6__ndk119__shared_weak_countD1Ev
0x9173	_ZNSt6__ndk119__shared_weak_countD2Ev
0x9199	_ZNSt6__ndk119declare_no_pointersEPcm
0x91BF	_ZNSt6__ndk121__undeclare_reachableEPv
0x91E6	_ZNSt6__ndk121undeclare_no_pointersEPcm
0x920E	_ZNSt6__ndk15alignEmmRPvRm
0x9229	_ZNSt6__ndk18__sp_mut4lockEv
0x9246	_ZNSt6__ndk18__sp_mut6unlockEv
0x9265	_ZTINSt6__ndk112bad_weak_ptrE
0x9283	_ZTINSt6__ndk114__shared_countE
0x92A3	_ZTINSt6__ndk119__shared_weak_countE
0x92C8	_ZTSNSt6__ndk112bad_weak_ptrE
0x92E6	_ZTSNSt6__ndk114__shared_countE
0x9306	_ZTSNSt6__ndk119__shared_weak_countE
0x932B	_ZTVNSt6__ndk112bad_weak_ptrE
0x9349	_ZTVNSt6__ndk114__shared_countE
0x9369	_ZTVNSt6__ndk119__shared_weak_countE
0x938E	_ZNSt6__ndk110adopt_lockE
0x93A8	_ZNSt6__ndk110defer_lockE
0x93C2	_ZNSt6__ndk111__call_onceERVmPvPFvS2_E
0x93E9	_ZNSt6__ndk111timed_mutex4lockEv
0x940A	_ZNSt6__ndk111timed_mutex6unlockEv
0x942D	_ZNSt6__ndk111timed_mutex8try_lockEv
0x9452	_ZNSt6__ndk111timed_mutexC1Ev
0x9470	_ZNSt6__ndk111timed_mutexC2Ev
0x948E	_ZNSt6__ndk111timed_mutexD1Ev
0x94AC	_ZNSt6__ndk111timed_mutexD2Ev
0x94CA	_ZNSt6__ndk111try_to_lockE
0x94E5	_ZNSt6__ndk115recursive_mutex4lockEv
0x950A	_ZNSt6__ndk115recursive_mutex6unlockEv
0x9531	_ZNSt6__ndk115recursive_mutex8try_lockEv
0x955A	_ZNSt6__ndk115recursive_mutexC1Ev
0x957C	_ZNSt6__ndk115recursive_mutexC2Ev
0x959E	_ZNSt6__ndk115recursive_mutexD1Ev
0x95C0	_ZNSt6__ndk115recursive_mutexD2Ev
0x95E2	_ZNSt6__ndk121recursive_timed_mutex4lockEv
0x960D	_ZNSt6__ndk121recursive_timed_mutex6unlockEv
0x963A	_ZNSt6__ndk121recursive_timed_mutex8try_lockEv
0x9669	_ZNSt6__ndk121recursive_timed_mutexC1Ev
0x9691	_ZNSt6__ndk121recursive_timed_mutexC2Ev
0x96B9	_ZNSt6__ndk121recursive_timed_mutexD1Ev
0x96E1	_ZNSt6__ndk121recursive_timed_mutexD2Ev
0x9709	_ZNSt6__ndk120__throw_system_errorEiPKc
0x9731	_ZNSt6__ndk15mutex8try_lockEv
0x974F	_ZSt9terminatev
0x975F	__cxa_begin_catch
0x9771	__cxa_end_catch
0x9781	__cxa_rethrow
0x978F	pthread_cond_broadcast
0x97A6	pthread_cond_wait
0x97B8	pthread_equal
0x97C6	pthread_mutex_destroy
0x97DC	pthread_mutex_init
0x97EF	pthread_mutex_lock
0x9802	pthread_mutex_trylock
0x9818	pthread_mutex_unlock
0x982D	pthread_mutexattr_destroy
0x9847	pthread_mutexattr_init
0x985E	pthread_mutexattr_settype
0x9878	pthread_self
0x9885	_ZNSt6__ndk115__thread_struct25notify_all_at_thread_exitEPNS_18condition_variableEPNS_5mutexE
0x98E3	_ZNSt6__ndk115__thread_structC1Ev
0x9905	_ZNSt6__ndk119__thread_local_dataEv
0x9929	pthread_cond_signal
0x993D	pthread_cond_timedwait
0x9954	pthread_getspecific
0x9968	pthread_setspecific
0x997C	pthread_cond_destroy
0x9991	_ZNSt6__ndk15mutexD2Ev
0x99A8	_ZSt17__throw_bad_allocv
0x99C1	_ZSt7nothrow
0x99CE	_ZdaPv
0x99D5	_ZdaPvRKSt9nothrow_t
0x99EA	_ZdaPvSt11align_val_t
0x9A00	_ZdaPvSt11align_val_tRKSt9nothrow_t
0x9A24	_ZdaPvm
0x9A2C	_ZdaPvmSt11align_val_t
0x9A43	_ZNSt9bad_allocC1Ev
0x9A57	_ZNSt9bad_allocD1Ev
0x9A6B	_ZSt15get_new_handlerv
0x9A82	_ZTISt9bad_alloc
0x9A93	_ZdlPvRKSt9nothrow_t
0x9AA8	_ZdlPvSt11align_val_t
0x9ABE	_ZdlPvSt11align_val_tRKSt9nothrow_t
0x9AE2	_ZdlPvm
0x9AEA	_ZdlPvmSt11align_val_t
0x9B01	_Znam
0x9B07	_ZnamRKSt9nothrow_t
0x9B1B	_ZnamSt11align_val_t
0x9B30	_ZnamSt11align_val_tRKSt9nothrow_t
0x9B53	_ZnwmRKSt9nothrow_t
0x9B67	_ZnwmSt11align_val_t
0x9B7C	_ZnwmSt11align_val_tRKSt9nothrow_t
0x9B9F	free
0x9BA4	malloc
0x9BAB	posix_memalign
0x9BBA	_ZNSt11logic_errorC1EPKc
0x9BD3	_ZNSt11logic_errorC1ERKNSt6__ndk112basic_stringIcNS0_11char_traitsIcEENS0_9allocatorIcEEEE
0x9C2E	_ZNSt11logic_errorC1ERKS_
0x9C48	_ZNSt11logic_errorC2EPKc
0x9C61	_ZNSt11logic_errorC2ERKNSt6__ndk112basic_stringIcNS0_11char_traitsIcEENS0_9allocatorIcEEEE
0x9CBC	_ZNSt11logic_errorC2ERKS_
0x9CD6	_ZNSt11logic_erroraSERKS_
0x9CF0	_ZNSt13runtime_errorC1EPKc
0x9D0B	_ZNSt13runtime_errorC1ERKNSt6__ndk112basic_stringIcNS0_11char_traitsIcEENS0_9allocatorIcEEEE
0x9D68	_ZNSt13runtime_errorC1ERKS_
0x9D84	_ZNSt13runtime_errorC2ERKNSt6__ndk112basic_stringIcNS0_11char_traitsIcEENS0_9allocatorIcEEEE
0x9DE1	_ZNSt13runtime_errorC2ERKS_
0x9DFD	_ZNSt13runtime_erroraSERKS_
0x9E19	_ZNSt9exceptionD2Ev
0x9E2D	_ZTVSt11logic_error
0x9E41	_ZTVSt13runtime_error
0x9E57	__strlen_chk
0x9E64	_ZNKSt6__ndk112basic_stringIcNS_11char_traitsIcEENS_9allocatorIcEEE12find_last_ofEPKcmm
0x9EBC	_ZNKSt6__ndk112basic_stringIcNS_11char_traitsIcEENS_9allocatorIcEEE13find_first_ofEPKcmm
0x9F15	_ZNKSt6__ndk112basic_stringIcNS_11char_traitsIcEENS_9allocatorIcEEE16find_last_not_ofEPKcmm
0x9F71	_ZNKSt6__ndk112basic_stringIcNS_11char_traitsIcEENS_9allocatorIcEEE17find_first_not_ofEPKcmm
0x9FCE	_ZNKSt6__ndk112basic_stringIcNS_11char_traitsIcEENS_9allocatorIcEEE2atEm
0xA017	_ZNKSt6__ndk112basic_stringIcNS_11char_traitsIcEENS_9allocatorIcEEE4copyEPcmm
0xA065	_ZNKSt6__ndk112basic_stringIcNS_11char_traitsIcEENS_9allocatorIcEEE4findEPKcmm
0xA0B4	_ZNKSt6__ndk112basic_stringIcNS_11char_traitsIcEENS_9allocatorIcEEE4findEcm
0xA100	_ZNKSt6__ndk112basic_stringIcNS_11char_traitsIcEENS_9allocatorIcEEE5rfindEPKcmm
0xA150	_ZNKSt6__ndk112basic_stringIcNS_11char_traitsIcEENS_9allocatorIcEEE5rfindEcm
0xA19D	_ZNKSt6__ndk112basic_stringIcNS_11char_traitsIcEENS_9allocatorIcEEE7compareEPKc
0xA1ED	_ZNKSt6__ndk112basic_stringIcNS_11char_traitsIcEENS_9allocatorIcEEE7compareEmmPKc
0xA23F	_ZNKSt6__ndk112basic_stringIcNS_11char_traitsIcEENS_9allocatorIcEEE7compareEmmPKcm
0xA292	_ZNKSt6__ndk112basic_stringIcNS_11char_traitsIcEENS_9allocatorIcEEE7compareEmmRKS5_mm
0xA2E8	_ZNKSt6__ndk112basic_stringIwNS_11char_traitsIwEENS_9allocatorIwEEE12find_last_ofEPKwmm
0xA340	_ZNKSt6__ndk112basic_stringIwNS_11char_traitsIwEENS_9allocatorIwEEE13find_first_ofEPKwmm
0xA399	_ZNKSt6__ndk112basic_stringIwNS_11char_traitsIwEENS_9allocatorIwEEE16find_last_not_ofEPKwmm
0xA3F5	_ZNKSt6__ndk112basic_stringIwNS_11char_traitsIwEENS_9allocatorIwEEE17find_first_not_ofEPKwmm
0xA452	_ZNKSt6__ndk112basic_stringIwNS_11char_traitsIwEENS_9allocatorIwEEE2atEm
0xA49B	_ZNKSt6__ndk112basic_stringIwNS_11char_traitsIwEENS_9allocatorIwEEE4copyEPwmm
0xA4E9	_ZNKSt6__ndk112basic_stringIwNS_11char_traitsIwEENS_9allocatorIwEEE4findEPKwmm
0xA538	_ZNKSt6__ndk112basic_stringIwNS_11char_traitsIwEENS_9allocatorIwEEE4findEwm
0xA584	_ZNKSt6__ndk112basic_stringIwNS_11char_traitsIwEENS_9allocatorIwEEE5rfindEPKwmm
0xA5D4	_ZNKSt6__ndk112basic_stringIwNS_11char_traitsIwEENS_9allocatorIwEEE5rfindEwm
0xA621	_ZNKSt6__ndk112basic_stringIwNS_11char_traitsIwEENS_9allocatorIwEEE7compareEPKw
0xA671	_ZNKSt6__ndk112basic_stringIwNS_11char_traitsIwEENS_9allocatorIwEEE7compareEmmPKw
0xA6C3	_ZNKSt6__ndk112basic_stringIwNS_11char_traitsIwEENS_9allocatorIwEEE7compareEmmPKwm
0xA716	_ZNKSt6__ndk112basic_stringIwNS_11char_traitsIwEENS_9allocatorIwEEE7compareEmmRKS5_mm
0xA76C	_ZNKSt6__ndk121__basic_string_commonILb1EE20__throw_out_of_rangeEv
0xA7AF	_ZNSt12length_errorD1Ev
0xA7C7	_ZNSt12out_of_rangeD1Ev
0xA7DF	_ZNSt16invalid_argumentD1Ev
0xA7FB	_ZNSt6__ndk110to_wstringEd
0xA816	_ZNSt6__ndk110to_wstringEe
0xA831	_ZNSt6__ndk110to_wstringEf
0xA84C	_ZNSt6__ndk110to_wstringEi
0xA867	_ZNSt6__ndk110to_wstringEj
0xA882	_ZNSt6__ndk110to_wstringEl
0xA89D	_ZNSt6__ndk110to_wstringEm
0xA8B8	_ZNSt6__ndk110to_wstringEx
0xA8D3	_ZNSt6__ndk110to_wstringEy
0xA8EE	_ZNSt6__ndk112basic_stringIcNS_11char_traitsIcEENS_9allocatorIcEEE21__grow_by_and_replaceEmmmmmmPKc
0xA952	_ZNSt6__ndk112basic_stringIcNS_11char_traitsIcEENS_9allocatorIcEEE2atEm
0xA99A	_ZNSt6__ndk112basic_stringIcNS_11char_traitsIcEENS_9allocatorIcEEE4nposE
0xA9E3	_ZNSt6__ndk112basic_stringIcNS_11char_traitsIcEENS_9allocatorIcEEE5eraseEmm
0xAA2F	_ZNSt6__ndk112basic_stringIcNS_11char_traitsIcEENS_9allocatorIcEEE6__initEPKcm
0xAA7E	_ZNSt6__ndk112basic_stringIcNS_11char_traitsIcEENS_9allocatorIcEEE6__initEPKcmm
0xAACE	_ZNSt6__ndk112basic_stringIcNS_11char_traitsIcEENS_9allocatorIcEEE6__initEmc
0xAB1B	_ZNSt6__ndk112basic_stringIcNS_11char_traitsIcEENS_9allocatorIcEEE6appendERKS5_mm
0xAB6D	_ZNSt6__ndk112basic_stringIcNS_11char_traitsIcEENS_9allocatorIcEEE6appendEmc
0xABBA	_ZNSt6__ndk112basic_stringIcNS_11char_traitsIcEENS_9allocatorIcEEE6assignEPKc
0xAC08	_ZNSt6__ndk112basic_stringIcNS_11char_traitsIcEENS_9allocatorIcEEE6assignEPKcm
0xAC57	_ZNSt6__ndk112basic_stringIcNS_11char_traitsIcEENS_9allocatorIcEEE6assignERKS5_mm
0xACA9	_ZNSt6__ndk112basic_stringIcNS_11char_traitsIcEENS_9allocatorIcEEE6assignEmc
0xACF6	_ZNSt6__ndk112basic_stringIcNS_11char_traitsIcEENS_9allocatorIcEEE6insertENS_11__wrap_iterIPKcEEc
0xAD58	_ZNSt6__ndk112basic_stringIcNS_11char_traitsIcEENS_9allocatorIcEEE6insertEmPKcm
0xADA8	_ZNSt6__ndk112basic_stringIcNS_11char_traitsIcEENS_9allocatorIcEEE6insertEmRKS5_mm
0xADFB	_ZNSt6__ndk112basic_stringIcNS_11char_traitsIcEENS_9allocatorIcEEE6insertEmmc
0xAE49	_ZNSt6__ndk112basic_stringIcNS_11char_traitsIcEENS_9allocatorIcEEE6resizeEmc
0xAE96	_ZNSt6__ndk112basic_stringIcNS_11char_traitsIcEENS_9allocatorIcEEE7replaceEmmPKc
0xAEE7	_ZNSt6__ndk112basic_stringIcNS_11char_traitsIcEENS_9allocatorIcEEE7replaceEmmPKcm
0xAF39	_ZNSt6__ndk112basic_stringIcNS_11char_traitsIcEENS_9allocatorIcEEE7replaceEmmRKS5_mm
0xAF8E	_ZNSt6__ndk112basic_stringIcNS_11char_traitsIcEENS_9allocatorIcEEE7replaceEmmmc
0xAFDE	_ZNSt6__ndk112basic_stringIcNS_11char_traitsIcEENS_9allocatorIcEEE7reserveEm
0xB02B	_ZNSt6__ndk112basic_stringIcNS_11char_traitsIcEENS_9allocatorIcEEE9__grow_byEmmmmmm
0xB07F	_ZNSt6__ndk112basic_stringIcNS_11char_traitsIcEENS_9allocatorIcEEE9push_backEc
0xB0CE	_ZNSt6__ndk112basic_stringIcNS_11char_traitsIcEENS_9allocatorIcEEEC1ERKS5_
0xB119	_ZNSt6__ndk112basic_stringIcNS_11char_traitsIcEENS_9allocatorIcEEEC1ERKS5_RKS4_
0xB169	_ZNSt6__ndk112basic_stringIcNS_11char_traitsIcEENS_9allocatorIcEEEC1ERKS5_mmRKS4_
0xB1BB	_ZNSt6__ndk112basic_stringIcNS_11char_traitsIcEENS_9allocatorIcEEEC2ERKS5_
0xB206	_ZNSt6__ndk112basic_stringIcNS_11char_traitsIcEENS_9allocatorIcEEEC2ERKS5_RKS4_
0xB256	_ZNSt6__ndk112basic_stringIcNS_11char_traitsIcEENS_9allocatorIcEEEC2ERKS5_mmRKS4_
0xB2A8	_ZNSt6__ndk112basic_stringIcNS_11char_traitsIcEENS_9allocatorIcEEED1Ev
0xB2EF	_ZNSt6__ndk112basic_stringIcNS_11char_traitsIcEENS_9allocatorIcEEED2Ev
0xB336	_ZNSt6__ndk112basic_stringIcNS_11char_traitsIcEENS_9allocatorIcEEEaSERKS5_
0xB381	_ZNSt6__ndk112basic_stringIcNS_11char_traitsIcEENS_9allocatorIcEEEaSEc
0xB3C8	_ZNSt6__ndk112basic_stringIwNS_11char_traitsIwEENS_9allocatorIwEEE21__grow_by_and_replaceEmmmmmmPKw
0xB42C	_ZNSt6__ndk112basic_stringIwNS_11char_traitsIwEENS_9allocatorIwEEE25__init_copy_ctor_externalEPKwm
0xB48F	_ZNSt6__ndk112basic_stringIwNS_11char_traitsIwEENS_9allocatorIwEEE2atEm
0xB4D7	_ZNSt6__ndk112basic_stringIwNS_11char_traitsIwEENS_9allocatorIwEEE4nposE
0xB520	_ZNSt6__ndk112basic_stringIwNS_11char_traitsIwEENS_9allocatorIwEEE5eraseEmm
0xB56C	_ZNSt6__ndk112basic_stringIwNS_11char_traitsIwEENS_9allocatorIwEEE6__initEPKwm
0xB5BB	_ZNSt6__ndk112basic_stringIwNS_11char_traitsIwEENS_9allocatorIwEEE6__initEPKwmm
0xB60B	_ZNSt6__ndk112basic_stringIwNS_11char_traitsIwEENS_9allocatorIwEEE6__initEmw
0xB658	_ZNSt6__ndk112basic_stringIwNS_11char_traitsIwEENS_9allocatorIwEEE6appendEPKw
0xB6A6	_ZNSt6__ndk112basic_stringIwNS_11char_traitsIwEENS_9allocatorIwEEE6appendEPKwm
0xB6F5	_ZNSt6__ndk112basic_stringIwNS_11char_traitsIwEENS_9allocatorIwEEE6appendERKS5_mm
0xB747	_ZNSt6__ndk112basic_stringIwNS_11char_traitsIwEENS_9allocatorIwEEE6appendEmw
0xB794	_ZNSt6__ndk112basic_stringIwNS_11char_traitsIwEENS_9allocatorIwEEE6assignEPKw
0xB7E2	_ZNSt6__ndk112basic_stringIwNS_11char_traitsIwEENS_9allocatorIwEEE6assignEPKwm
0xB831	_ZNSt6__ndk112basic_stringIwNS_11char_traitsIwEENS_9allocatorIwEEE6assignERKS5_mm
0xB883	_ZNSt6__ndk112basic_stringIwNS_11char_traitsIwEENS_9allocatorIwEEE6assignEmw
0xB8D0	_ZNSt6__ndk112basic_stringIwNS_11char_traitsIwEENS_9allocatorIwEEE6insertENS_11__wrap_iterIPKwEEw
0xB932	_ZNSt6__ndk112basic_stringIwNS_11char_traitsIwEENS_9allocatorIwEEE6insertEmPKw
0xB981	_ZNSt6__ndk112basic_stringIwNS_11char_traitsIwEENS_9allocatorIwEEE6insertEmPKwm
0xB9D1	_ZNSt6__ndk112basic_stringIwNS_11char_traitsIwEENS_9allocatorIwEEE6insertEmRKS5_mm
0xBA24	_ZNSt6__ndk112basic_stringIwNS_11char_traitsIwEENS_9allocatorIwEEE6insertEmmw
0xBA72	_ZNSt6__ndk112basic_stringIwNS_11char_traitsIwEENS_9allocatorIwEEE6resizeEmw
0xBABF	_ZNSt6__ndk112basic_stringIwNS_11char_traitsIwEENS_9allocatorIwEEE7replaceEmmPKw
0xBB10	_ZNSt6__ndk112basic_stringIwNS_11char_traitsIwEENS_9allocatorIwEEE7replaceEmmPKwm
0xBB62	_ZNSt6__ndk112basic_stringIwNS_11char_traitsIwEENS_9allocatorIwEEE7replaceEmmRKS5_mm
0xBBB7	_ZNSt6__ndk112basic_stringIwNS_11char_traitsIwEENS_9allocatorIwEEE7replaceEmmmw
0xBC07	_ZNSt6__ndk112basic_stringIwNS_11char_traitsIwEENS_9allocatorIwEEE7reserveEm
0xBC54	_ZNSt6__ndk112basic_stringIwNS_11char_traitsIwEENS_9allocatorIwEEE9__grow_byEmmmmmm
0xBCA8	_ZNSt6__ndk112basic_stringIwNS_11char_traitsIwEENS_9allocatorIwEEE9push_backEw
0xBCF7	_ZNSt6__ndk112basic_stringIwNS_11char_traitsIwEENS_9allocatorIwEEEC1ERKS5_
0xBD42	_ZNSt6__ndk112basic_stringIwNS_11char_traitsIwEENS_9allocatorIwEEEC1ERKS5_RKS4_
0xBD92	_ZNSt6__ndk112basic_stringIwNS_11char_traitsIwEENS_9allocatorIwEEEC1ERKS5_mmRKS4_
0xBDE4	_ZNSt6__ndk112basic_stringIwNS_11char_traitsIwEENS_9allocatorIwEEEC2ERKS5_
0xBE2F	_ZNSt6__ndk112basic_stringIwNS_11char_traitsIwEENS_9allocatorIwEEEC2ERKS5_RKS4_
0xBE7F	_ZNSt6__ndk112basic_stringIwNS_11char_traitsIwEENS_9allocatorIwEEEC2ERKS5_mmRKS4_
0xBED1	_ZNSt6__ndk112basic_stringIwNS_11char_traitsIwEENS_9allocatorIwEEED1Ev
0xBF18	_ZNSt6__ndk112basic_stringIwNS_11char_traitsIwEENS_9allocatorIwEEED2Ev
0xBF5F	_ZNSt6__ndk112basic_stringIwNS_11char_traitsIwEENS_9allocatorIwEEEaSERKS5_
0xBFAA	_ZNSt6__ndk112basic_stringIwNS_11char_traitsIwEENS_9allocatorIwEEEaSEw
0xBFF1	_ZNSt6__ndk14stodERKNS_12basic_stringIcNS_11char_traitsIcEENS_9allocatorIcEEEEPm
0xC042	_ZNSt6__ndk14stodERKNS_12basic_stringIwNS_11char_traitsIwEENS_9allocatorIwEEEEPm
0xC093	_ZNSt6__ndk14stofERKNS_12basic_stringIcNS_11char_traitsIcEENS_9allocatorIcEEEEPm
0xC0E4	_ZNSt6__ndk14stofERKNS_12basic_stringIwNS_11char_traitsIwEENS_9allocatorIwEEEEPm
0xC135	_ZNSt6__ndk14stoiERKNS_12basic_stringIcNS_11char_traitsIcEENS_9allocatorIcEEEEPmi
0xC187	_ZNSt6__ndk14stoiERKNS_12basic_stringIwNS_11char_traitsIwEENS_9allocatorIwEEEEPmi
0xC1D9	_ZNSt6__ndk14stolERKNS_12basic_stringIcNS_11char_traitsIcEENS_9allocatorIcEEEEPmi
0xC22B	_ZNSt6__ndk14stolERKNS_12basic_stringIwNS_11char_traitsIwEENS_9allocatorIwEEEEPmi
0xC27D	_ZNSt6__ndk15stoldERKNS_12basic_stringIcNS_11char_traitsIcEENS_9allocatorIcEEEEPm
0xC2CF	_ZNSt6__ndk15stoldERKNS_12basic_stringIwNS_11char_traitsIwEENS_9allocatorIwEEEEPm
0xC321	_ZNSt6__ndk15stollERKNS_12basic_stringIcNS_11char_traitsIcEENS_9allocatorIcEEEEPmi
0xC374	_ZNSt6__ndk15stollERKNS_12basic_stringIwNS_11char_traitsIwEENS_9allocatorIwEEEEPmi
0xC3C7	_ZNSt6__ndk15stoulERKNS_12basic_stringIcNS_11char_traitsIcEENS_9allocatorIcEEEEPmi
0xC41A	_ZNSt6__ndk15stoulERKNS_12basic_stringIwNS_11char_traitsIwEENS_9allocatorIwEEEEPmi
0xC46D	_ZNSt6__ndk16stoullERKNS_12basic_stringIcNS_11char_traitsIcEENS_9allocatorIcEEEEPmi
0xC4C1	_ZNSt6__ndk16stoullERKNS_12basic_stringIwNS_11char_traitsIwEENS_9allocatorIwEEEEPmi
0xC515	_ZNSt6__ndk19to_stringEd
0xC52E	_ZNSt6__ndk19to_stringEe
0xC547	_ZNSt6__ndk19to_stringEf
0xC560	_ZNSt6__ndk19to_stringEj
0xC579	_ZNSt6__ndk19to_stringEl
0xC592	_ZNSt6__ndk19to_stringEm
0xC5AB	_ZNSt6__ndk19to_stringEx
0xC5C4	_ZNSt6__ndk19to_stringEy
0xC5DD	_ZNSt6__ndk1plIcNS_11char_traitsIcEENS_9allocatorIcEEEENS_12basic_stringIT_T0_T1_EEPKS6_RKS9_
0xC63B	_ZTISt12length_error
0xC650	_ZTISt12out_of_range
0xC665	_ZTISt16invalid_argument
0xC67E	_ZTVSt12length_error
0xC693	_ZTVSt12out_of_range
0xC6A8	_ZTVSt16invalid_argument
0xC6C1	__errno
0xC6C9	memchr
0xC6D0	memcmp
0xC6D7	memmove
0xC6DF	snprintf
0xC6E8	strtod
0xC6EF	strtof
0xC6F6	strtol
0xC6FD	strtold
0xC705	strtoll
0xC70D	strtoul
0xC715	strtoull
0xC71E	swprintf
0xC727	wcslen
0xC72E	wcstod
0xC735	wcstof
0xC73C	wcstol
0xC743	wcstold
0xC74B	wcstoll
0xC753	wcstoul
0xC75B	wcstoull
0xC764	wmemchr
0xC76C	wmemcmp
0xC774	wmemcpy
0xC77C	wmemmove
0xC785	wmemset
0xC78D	_ZNKSt6__ndk110error_code7messageEv
0xC7B1	_ZNKSt6__ndk114error_category10equivalentERKNS_10error_codeEi
0xC7EF	_ZNKSt6__ndk114error_category10equivalentEiRKNS_15error_conditionE
0xC832	_ZNKSt6__ndk114error_category23default_error_conditionEi
0xC86B	_ZNKSt6__ndk115error_condition7messageEv
0xC894	_ZNSt6__ndk112system_error6__initERKNS_10error_codeENS_12basic_stringIcNS_11char_traitsIcEENS_9allocatorIcEEEE
0xC903	_ZNSt6__ndk112system_errorC1ENS_10error_codeE
0xC931	_ZNSt6__ndk112system_errorC1ENS_10error_codeEPKc
0xC962	_ZNSt6__ndk112system_errorC1ENS_10error_codeERKNS_12basic_stringIcNS_11char_traitsIcEENS_9allocatorIcEEEE
0xC9CC	_ZNSt6__ndk112system_errorC1EiRKNS_14error_categoryE
0xCA01	_ZNSt6__ndk112system_errorC1EiRKNS_14error_categoryEPKc
0xCA39	_ZNSt6__ndk112system_errorC1EiRKNS_14error_categoryERKNS_12basic_stringIcNS_11char_traitsIcEENS_9allocatorIcEEEE
0xCAAA	_ZNSt6__ndk112system_errorC2ENS_10error_codeE
0xCAD8	_ZNSt6__ndk112system_errorC2ENS_10error_codeEPKc
0xCB09	_ZNSt6__ndk112system_errorC2ENS_10error_codeERKNS_12basic_stringIcNS_11char_traitsIcEENS_9allocatorIcEEEE
0xCB73	_ZNSt6__ndk112system_errorC2EiRKNS_14error_categoryE
0xCBA8	_ZNSt6__ndk112system_errorC2EiRKNS_14error_categoryEPKc
0xCBE0	_ZNSt6__ndk112system_errorC2EiRKNS_14error_categoryERKNS_12basic_stringIcNS_11char_traitsIcEENS_9allocatorIcEEEE
0xCC51	_ZNSt6__ndk112system_errorD0Ev
0xCC70	_ZNSt6__ndk112system_errorD1Ev
0xCC8F	_ZNSt6__ndk112system_errorD2Ev
0xCCAE	_ZNSt6__ndk114error_categoryC2Ev
0xCCCF	_ZNSt6__ndk114error_categoryD0Ev
0xCCF0	_ZNSt6__ndk114error_categoryD1Ev
0xCD11	_ZNSt6__ndk114error_categoryD2Ev
0xCD32	_ZNSt6__ndk115system_categoryEv
0xCD52	_ZNSt6__ndk116generic_categoryEv
0xCD73	_ZNKSt13runtime_error4whatEv
0xCD90	_ZNSt13runtime_errorD2Ev
0xCDA9	_ZTINSt6__ndk112system_errorE
0xCDC7	_ZTINSt6__ndk114error_categoryE
0xCDE7	_ZTISt13runtime_error
0xCDFD	_ZTSNSt6__ndk112system_errorE
0xCE1B	_ZTSNSt6__ndk114error_categoryE
0xCE3B	_ZTVN10__cxxabiv117__class_type_infoE
0xCE61	_ZTVN10__cxxabiv120__si_class_type_infoE
0xCE8A	_ZTVNSt6__ndk112system_errorE
0xCEA8	_ZTVNSt6__ndk114error_categoryE
0xCEC8	__cxa_guard_acquire
0xCEDC	__cxa_guard_release
0xCEF0	__cxa_pure_virtual
0xCF03	strerror_r
0xCF0E	vsnprintf
0xCF18	_ZNSt6__ndk111this_thread9sleep_forERKNS_6chrono8durationIxNS_5ratioILl1ELl1000000000EEEEE
0xCF73	_ZNKSt6__ndk120__vector_base_commonILb1EE20__throw_length_errorEv
0xCFB5	_ZNSt6__ndk115__thread_struct27__make_ready_at_thread_exitEPNS_17__assoc_sub_stateE
0xD009	_ZNSt6__ndk115__thread_structC2Ev
0xD02B	_ZNSt6__ndk115__thread_structD1Ev
0xD04D	_ZNSt6__ndk115__thread_structD2Ev
0xD06F	_ZNSt6__ndk16thread20hardware_concurrencyEv
0xD09B	_ZNSt6__ndk16thread4joinEv
0xD0B6	_ZNSt6__ndk16thread6detachEv
0xD0D3	_ZNSt6__ndk16threadD1Ev
0xD0EB	_ZNSt6__ndk16threadD2Ev
0xD103	__cxa_guard_abort
0xD115	nanosleep
0xD11F	pthread_detach
0xD12E	pthread_join
0xD13B	pthread_key_create
0xD14E	sysconf
0xD156	_ZTISt9exception
0xD167	_ZTVN10__cxxabiv121__vmi_class_type_infoE
0xD191	sched_yield
0xD19D	_ZNKSt11logic_error4whatEv
0xD1B8	_ZNSt11logic_errorD2Ev
0xD1CF	_ZTISt11logic_error
0xD1E3	__cxa_current_primary_exception
0xD203	__cxa_decrement_exception_refcount
0xD226	__cxa_increment_exception_refcount
0xD249	__cxa_rethrow_primary_exception
0xD269	__cxa_uncaught_exceptions
0xD283	_ZNKSt6__ndk120__vector_base_commonILb1EE20__throw_out_of_rangeEv
0xD2C5	_ZSt13set_terminatePFvvE
0xD2DE	_ZSt14set_unexpectedPFvvE
0xD2F8	__cxa_terminate_handler
0xD310	__cxa_unexpected_handler
0xD329	__cxa_demangle
0xD338	__cxa_allocate_dependent_exception
0xD35B	_ZSt13get_terminatev
0xD370	_ZSt14get_unexpectedv
0xD386	__cxa_call_unexpected
0xD39C	__cxa_current_exception_type
0xD3B9	__cxa_free_dependent_exception
0xD3D8	__cxa_get_exception_ptr
0xD3F0	__cxa_get_globals
0xD402	__cxa_get_globals_fast
0xD419	__cxa_uncaught_exception
0xD432	syscall
0xD43A	android_set_abort_message
0xD454	closelog
0xD45D	fputc
0xD463	openlog
0xD46B	syslog
0xD472	vasprintf
0xD47C	vfprintf
0xD485	_ZSt10unexpectedv
0xD497	_ZSt15set_new_handlerPFvvE
0xD4B2	__cxa_new_handler
0xD4C4	__memmove_chk
0xD4D2	__vsnprintf_chk
0xD4E2	realloc
0xD4EA	_ZNSt13bad_exceptionD1Ev
0xD503	_ZTISt13bad_exception
0xD519	_ZTVSt13bad_exception
0xD52F	__cxa_deleted_virtual
0xD545	calloc
0xD54C	_ZTIDh
0xD553	_ZTIDi
0xD55A	_ZTIDn
0xD561	_ZTIDs
0xD568	_ZTIDu
0xD56F	_ZTIN10__cxxabiv116__enum_type_infoE
0xD594	_ZTIN10__cxxabiv116__shim_type_infoE
0xD5B9	_ZTIN10__cxxabiv117__array_type_infoE
0xD5DF	_ZTIN10__cxxabiv117__class_type_infoE
0xD605	_ZTIN10__cxxabiv117__pbase_type_infoE
0xD62B	_ZTIN10__cxxabiv119__pointer_type_infoE
0xD653	_ZTIN10__cxxabiv120__function_type_infoE
0xD67C	_ZTIN10__cxxabiv120__si_class_type_infoE
0xD6A5	_ZTIN10__cxxabiv121__vmi_class_type_infoE
0xD6CF	_ZTIN10__cxxabiv123__fundamental_type_infoE
0xD6FB	_ZTIN10__cxxabiv129__pointer_to_member_type_infoE
0xD72D	_ZTIPDh
0xD735	_ZTIPDi
0xD73D	_ZTIPDn
0xD745	_ZTIPDs
0xD74D	_ZTIPDu
0xD755	_ZTIPKDh
0xD75E	_ZTIPKDi
0xD767	_ZTIPKDn
0xD770	_ZTIPKDs
0xD779	_ZTIPKDu
0xD782	_ZTIPKa
0xD78A	_ZTIPKb
0xD792	_ZTIPKc
0xD79A	_ZTIPKd
0xD7A2	_ZTIPKe
0xD7AA	_ZTIPKf
0xD7B2	_ZTIPKg
0xD7BA	_ZTIPKh
0xD7C2	_ZTIPKi
0xD7CA	_ZTIPKj
0xD7D2	_ZTIPKl
0xD7DA	_ZTIPKm
0xD7E2	_ZTIPKn
0xD7EA	_ZTIPKo
0xD7F2	_ZTIPKs
0xD7FA	_ZTIPKt
0xD802	_ZTIPKv
0xD80A	_ZTIPKw
0xD812	_ZTIPKx
0xD81A	_ZTIPKy
0xD822	_ZTIPa
0xD829	_ZTIPb
0xD830	_ZTIPc
0xD837	_ZTIPd
0xD83E	_ZTIPe
0xD845	_ZTIPf
0xD84C	_ZTIPg
0xD853	_ZTIPh
0xD85A	_ZTIPi
0xD861	_ZTIPj
0xD868	_ZTIPl
0xD86F	_ZTIPm
0xD876	_ZTIPn
0xD87D	_ZTIPo
0xD884	_ZTIPs
0xD88B	_ZTIPt
0xD892	_ZTIPv
0xD899	_ZTIPw
0xD8A0	_ZTIPx
0xD8A7	_ZTIPy
0xD8AE	_ZTIa
0xD8B4	_ZTIb
0xD8BA	_ZTIc
0xD8C0	_ZTId
0xD8C6	_ZTIe
0xD8CC	_ZTIf
0xD8D2	_ZTIg
0xD8D8	_ZTIh
0xD8DE	_ZTIi
0xD8E4	_ZTIj
0xD8EA	_ZTIl
0xD8F0	_ZTIm
0xD8F6	_ZTIn
0xD8FC	_ZTIo
0xD902	_ZTIs
0xD908	_ZTIt
0xD90E	_ZTIv
0xD914	_ZTIw
0xD91A	_ZTIx
0xD920	_ZTIy
0xD926	_ZTSDh
0xD92D	_ZTSDi
0xD934	_ZTSDn
0xD93B	_ZTSDs
0xD942	_ZTSDu
0xD949	_ZTSN10__cxxabiv116__enum_type_infoE
0xD96E	_ZTSN10__cxxabiv116__shim_type_infoE
0xD993	_ZTSN10__cxxabiv117__array_type_infoE
0xD9B9	_ZTSN10__cxxabiv117__class_type_infoE
0xD9DF	_ZTSN10__cxxabiv117__pbase_type_infoE
0xDA05	_ZTSN10__cxxabiv119__pointer_type_infoE
0xDA2D	_ZTSN10__cxxabiv120__function_type_infoE
0xDA56	_ZTSN10__cxxabiv120__si_class_type_infoE
0xDA7F	_ZTSN10__cxxabiv121__vmi_class_type_infoE
0xDAA9	_ZTSN10__cxxabiv123__fundamental_type_infoE
0xDAD5	_ZTSN10__cxxabiv129__pointer_to_member_type_infoE
0xDB07	_ZTSPDh
0xDB0F	_ZTSPDi
0xDB17	_ZTSPDn
0xDB1F	_ZTSPDs
0xDB27	_ZTSPDu
0xDB2F	_ZTSPKDh
0xDB38	_ZTSPKDi
0xDB41	_ZTSPKDn
0xDB4A	_ZTSPKDs
0xDB53	_ZTSPKDu
0xDB5C	_ZTSPKa
0xDB64	_ZTSPKb
0xDB6C	_ZTSPKc
0xDB74	_ZTSPKd
0xDB7C	_ZTSPKe
0xDB84	_ZTSPKf
0xDB8C	_ZTSPKg
0xDB94	_ZTSPKh
0xDB9C	_ZTSPKi
0xDBA4	_ZTSPKj
0xDBAC	_ZTSPKl
0xDBB4	_ZTSPKm
0xDBBC	_ZTSPKn
0xDBC4	_ZTSPKo
0xDBCC	_ZTSPKs
0xDBD4	_ZTSPKt
0xDBDC	_ZTSPKv
0xDBE4	_ZTSPKw
0xDBEC	_ZTSPKx
0xDBF4	_ZTSPKy
0xDBFC	_ZTSPa
0xDC03	_ZTSPb
0xDC0A	_ZTSPc
0xDC11	_ZTSPd
0xDC18	_ZTSPe
0xDC1F	_ZTSPf
0xDC26	_ZTSPg
0xDC2D	_ZTSPh
0xDC34	_ZTSPi
0xDC3B	_ZTSPj
0xDC42	_ZTSPl
0xDC49	_ZTSPm
0xDC50	_ZTSPn
0xDC57	_ZTSPo
0xDC5E	_ZTSPs
0xDC65	_ZTSPt
0xDC6C	_ZTSPv
0xDC73	_ZTSPw
0xDC7A	_ZTSPx
0xDC81	_ZTSPy
0xDC88	_ZTSa
0xDC8E	_ZTSb
0xDC94	_ZTSc
0xDC9A	_ZTSd
0xDCA0	_ZTSe
0xDCA6	_ZTSf
0xDCAC	_ZTSg
0xDCB2	_ZTSh
0xDCB8	_ZTSi
0xDCBE	_ZTSj
0xDCC4	_ZTSl
0xDCCA	_ZTSm
0xDCD0	_ZTSn
0xDCD6	_ZTSo
0xDCDC	_ZTSs
0xDCE2	_ZTSt
0xDCE8	_ZTSv
0xDCEE	_ZTSw
0xDCF4	_ZTSx
0xDCFA	_ZTSy
0xDD00	_ZTVN10__cxxabiv116__enum_type_infoE
0xDD25	_ZTVN10__cxxabiv116__shim_type_infoE
0xDD4A	_ZTVN10__cxxabiv117__array_type_infoE
0xDD70	_ZNSt9type_infoD2Ev
0xDD84	_ZTISt9type_info
0xDD95	_ZTVN10__cxxabiv117__pbase_type_infoE
0xDDBB	_ZTVN10__cxxabiv119__pointer_type_infoE
0xDDE3	_ZTVN10__cxxabiv120__function_type_infoE
0xDE0C	_ZTVN10__cxxabiv123__fundamental_type_infoE
0xDE38	_ZTVN10__cxxabiv129__pointer_to_member_type_infoE
0xDE6A	__dynamic_cast
0xDE79	strcmp
0xDE80	_ZNKSt13bad_exception4whatEv
0xDE9D	_ZNKSt20bad_array_new_length4whatEv
0xDEC1	_ZNKSt9bad_alloc4whatEv
0xDED9	_ZNKSt9exception4whatEv
0xDEF1	_ZNSt13bad_exceptionD0Ev
0xDF0A	_ZNSt13bad_exceptionD2Ev
0xDF23	_ZNSt20bad_array_new_lengthC1Ev
0xDF43	_ZNSt20bad_array_new_lengthC2Ev
0xDF63	_ZNSt20bad_array_new_lengthD0Ev
0xDF83	_ZNSt20bad_array_new_lengthD1Ev
0xDFA3	_ZNSt20bad_array_new_lengthD2Ev
0xDFC3	_ZNSt9bad_allocC2Ev
0xDFD7	_ZNSt9bad_allocD0Ev
0xDFEB	_ZNSt9bad_allocD2Ev
0xDFFF	_ZNSt9exceptionD0Ev
0xE013	_ZNSt9exceptionD1Ev
0xE027	_ZTISt20bad_array_new_length
0xE044	_ZTSSt13bad_exception
0xE05A	_ZTSSt20bad_array_new_length
0xE077	_ZTSSt9bad_alloc
0xE088	_ZTSSt9exception
0xE099	_ZTVSt20bad_array_new_length
0xE0B6	_ZTVSt9bad_alloc
0xE0C7	_ZTVSt9exception
0xE0D8	_ZNSt11logic_errorD0Ev
0xE0EF	_ZNSt11logic_errorD1Ev
0xE106	_ZNSt11range_errorD0Ev
0xE11D	_ZNSt11range_errorD1Ev
0xE134	_ZNSt11range_errorD2Ev
0xE14B	_ZNSt12domain_errorD0Ev
0xE163	_ZNSt12domain_errorD1Ev
0xE17B	_ZNSt12domain_errorD2Ev
0xE193	_ZNSt12length_errorD0Ev
0xE1AB	_ZNSt12length_errorD2Ev
0xE1C3	_ZNSt12out_of_rangeD0Ev
0xE1DB	_ZNSt12out_of_rangeD2Ev
0xE1F3	_ZNSt13runtime_errorD0Ev
0xE20C	_ZNSt13runtime_errorD1Ev
0xE225	_ZNSt14overflow_errorD0Ev
0xE23F	_ZNSt14overflow_errorD2Ev
0xE259	_ZNSt15underflow_errorD0Ev
0xE274	_ZNSt15underflow_errorD1Ev
0xE28F	_ZNSt15underflow_errorD2Ev
0xE2AA	_ZNSt16invalid_argumentD0Ev
0xE2C6	_ZNSt16invalid_argumentD2Ev
0xE2E2	_ZTISt11range_error
0xE2F6	_ZTISt12domain_error
0xE30B	_ZTISt15underflow_error
0xE323	_ZTSSt11logic_error
0xE337	_ZTSSt11range_error
0xE34B	_ZTSSt12domain_error
0xE360	_ZTSSt12length_error
0xE375	_ZTSSt12out_of_range
0xE38A	_ZTSSt13runtime_error
0xE3A0	_ZTSSt14overflow_error
0xE3B7	_ZTSSt15underflow_error
0xE3CF	_ZTSSt16invalid_argument
0xE3E8	_ZTVSt11range_error
0xE3FC	_ZTVSt12domain_error
0xE411	_ZTVSt15underflow_error
0xE429	_ZNKSt10bad_typeid4whatEv
0xE443	_ZNKSt8bad_cast4whatEv
0xE45A	_ZNSt10bad_typeidC1Ev
0xE470	_ZNSt10bad_typeidC2Ev
0xE486	_ZNSt10bad_typeidD0Ev
0xE49C	_ZNSt10bad_typeidD1Ev
0xE4B2	_ZNSt10bad_typeidD2Ev
0xE4C8	_ZNSt8bad_castC1Ev
0xE4DB	_ZNSt8bad_castC2Ev
0xE4EE	_ZNSt8bad_castD0Ev
0xE501	_ZNSt8bad_castD1Ev
0xE514	_ZNSt8bad_castD2Ev
0xE527	_ZNSt9type_infoD0Ev
0xE53B	_ZNSt9type_infoD1Ev
0xE54F	_ZTISt10bad_typeid
0xE562	_ZTISt8bad_cast
0xE572	_ZTSSt10bad_typeid
0xE585	_ZTSSt8bad_cast
0xE595	_ZTSSt9type_info
0xE5A6	_ZTVSt10bad_typeid
0xE5B9	_ZTVSt8bad_cast
0xE5C9	_ZTVSt9type_info
0xE5DA	pthread_create
0xE5E9	pthread_once
0xE5F6	dl_iterate_phdr
0xE606	pthread_key_delete
0xE619	libc.so
0xE621	LIBC
0xE626	libdl.so
0xE62F	libm.so
0xE637	libfkw.so
0x19210	()Ljava/lang/Class;
0x19224	(Ljava/lang/String;)Ljava/lang/Class;
0x1924A	getMessage
0x19255	__cxa_guard_release
0x19269	covariant return thunk to 
0x19286	++
0x19289	operator^=
0x19294	operator<=
0x1929F	[Z
0x192A2	loadClass
0x192AC	decltype(
0x192B6	>=
0x192B9	typeid (
0x192C2	{...}
0x192C8	operator>>=
0x192D4	operator<=>
0x192E0	long
0x192E5	char32_t
0x192EE	stoll
0x192F4	thread::detach failed
0x1930A	The state of the promise has already been set.
0x1933D	throw
0x19343	wchar_t
0x1934B	'lambda
0x19353	operator~
0x1935D	"operator"""" "
0x19369	std::basic_string
0x1937B	decltype(auto)
0x1938A	Deleted virtual function called!
0x193AB	std::exception
0x193BA	java/lang/String
0x193CB	initCause
0x193D5	condition_variable::timed wait: mutex not locked
0x19406	terminating with %s exception of type %s
0x1942F	const_cast
0x1943A	>>
0x1943D	unsigned __int128
0x1944F	operator delete
0x1945F	operator>=
0x1946A	(Ljava/lang/String;)V
0x19480	java/lang/invoke/MethodHandles$Lookup
0x194A6	typeinfo name for 
0x194B9	operator new
0x194C6	) ? (
0x194CC	 [enable_if:
0x194D9	std::nullptr_t
0x194E8	objc_object
0x194F4	std::bad_alloc
0x19503	std::bad_typeid
0x19513	java/lang/NoClassDefFoundError
0x19532	(Ljava/lang/Class;)V
0x19547	recursive_mutex lock failed
0x19563	The associated promise has been destructed prior to the associated state becoming ready.
0x195BC	__cxa_guard_abort
0x195CE	%s
0x195D1	typeinfo for 
0x195DF	reference temporary for 
0x195F8	unsigned char
0x19608	operator&=
0x19613	operator*=
0x1961E	std::basic_string<char, std::char_traits<char>, std::allocator<char> >
0x19665	Unknown error %d
0x19676	__thread_specific_ptr construction failed
0x196A0	std
0x196A4	/=
0x196A7	-=
0x196AA	operator delete[]
0x196BC	 = 
0x196C0	new
0x196C4	std::string
0x196D0	()Ljava/lang/String;
0x196E5	<init>
0x196EC	auto
0x196F3	unsigned short
0x19702	false
0x19708	%LaL
0x1970D	operator/
0x19717	operator|
0x19721	::*
0x19725	allocator<T>::allocate(size_t n) 'n' exceeds maximum supported size
0x19769	The future has already been retrieved from the promise or packaged_task.
0x197B2	$TT
0x197B6	delete
0x197BD	operator&
0x197C7	operator%
0x197D1	operator>>
0x197DC	) : (
0x197E2	[abi:
0x197E8	int
0x197EC	java/lang/NegativeArraySizeException
0x19811	condition_variable::wait: mutex not locked
0x1983C	terminate_handler unexpectedly returned
0x19866	signed char
0x19872	%a
0x19875	sizeof...(
0x19880	basic_ostream
0x1988E	std::ostream
0x1989B	std::iostream
0x198A9	long long
0x198B3	noexcept(
0x198BD	""" on "
0x198C3	%f
0x198C6	__cxa_guard_acquire detected recursive initialization
0x198FE	*=
0x19901	operator new[]
0x19910	operator!
0x1991A	std::basic_ostream<char, std::char_traits<char> >
0x1994C	__float128
0x19957	char16_t
0x19960	MULTIANEWARRAY size < 0
0x19978	&=
0x1997B	->*
0x1997F	typename 
0x19989	[] 
0x1998D	operator()
0x19998	operator>
0x199A2	operator[]
0x199AD	operator->
0x199B8	unsigned long
0x199C6	id<
0x199CA	std::bad_cast
0x199D8	required_count == 0
0x199EE	stoul
0x199F4	> typename 
0x19A00	(anonymous namespace)
0x19A16	operator==
0x19A21	 complex
0x19A2A	java/lang/Object
0x19A3D	%s failed to broadcast
0x19A54	vtable for 
0x19A60	VTT for 
0x19A69	alignof (
0x19A75	noexcept (
0x19A80	char
0x19A87	operator<
0x19A91	operator->*
0x19A9D	unsigned int
0x19AAA	fkw0/me/yun/fkwechat/FkwLoader
0x19AC9	%Lf
0x19ACD	: out of range
0x19ADC	__cxa_guard_acquire
0x19AF0	libc++abi
0x19AFA	dynamic_cast
0x19B07	^=
0x19B0A	==
0x19B0F	short
0x19B15	 ... 
0x19B1B	string
0x19B22	ostream
0x19B2A	long double
0x19B36	unexpected
0x19B41	guard variable for 
0x19B55	.*
0x19B58	true
0x19B5D	operator?
0x19B67	bad_array_new_length
0x19B7C	java/lang/ClassLoader
0x19B92	(ILjava/lang/Class;)V
0x19BA8	generic
0x19BB0	virtual thunk to 
0x19BC2	+=
0x19BC5	>>=
0x19BC9	ul
0x19BCC	%af
0x19BD0	operator*
0x19BDA	operator||
0x19BE5	istream
0x19BED	 &&
0x19BF1	char8_t
0x19BF9	mutex lock failed
0x19C0B	unspecified system_category error
0x19C2D	unexpected_handler unexpectedly returned
0x19C56	construction vtable for 
0x19C71	||
0x19C74	__int128
0x19C7D	template<
0x19C87	operator<<
0x19C92	operator+
0x19C9C	operator+=
0x19CA7	operator++
0x19CB2	string literal
0x19CC1	unsigned long long
0x19CD4	 imaginary
0x19CDF	: no conversion
0x19CEF	: 
0x19CF4	|=
0x19CF9	vE
0x19CFC	operator=
0x19D06	operator/=
0x19D11	bool
0x19D16	intern
0x19D1D	getClass
0x19D26	java/lang/Throwable
0x19D3A	bad_weak_ptr
0x19D47	<<=
0x19D4B	operator^
0x19D55	 restrict
0x19D5F	decimal64
0x19D69	condition_variable wait failed
0x19D88	stoull
0x19D8F	string_view::substr
0x19DA3	terminating with %s exception of type %s: %s
0x19DD0	non-virtual thunk to 
0x19DE6	->
0x19DE9	...
0x19DED	std::basic_istream<char, std::char_traits<char> >
0x19E1F	iostream
0x19E28	pixel vector[
0x19E36	union
0x19E3C	system
0x19E43	<<
0x19E46	yptn
0x19E4B	operator%=
0x19E56	 const
0x19E5D	registerNativesForClass
0x19E75	terminating with %s foreign exception
0x19E9B	uncaught
0x19EA4	!=
0x19EA7	operator--
0x19EB2	operator|=
0x19EBD	std::basic_iostream<char, std::char_traits<char> >
0x19EF0	()Ljava/lang/ClassLoader;
0x19F0A	__next_prime overflow
0x19F20	recursive_timed_mutex lock limit reached
0x19F49	<=
0x19F4C	%=
0x19F4F	'block-literal'
0x19F5F	operator-
0x19F69	basic_istream
0x19F77	std::istream
0x19F84	double
0x19F8B	getClassLoader
0x19F9A	condition_variable timed_wait failed
0x19FBF	%s failed to acquire mutex
0x19FDA	invocation function for block in 
0x19FFC	static_cast
0x1A008	sizeof... (
0x1A014	ull
0x1A01A	operator-=
0x1A025	Operation not permitted on an object without an associated state.
0x1A067	%s failed to release mutex
0x1A082	&&
0x1A087	nullptr
0x1A08F	operator<<=
0x1A09B	::operator 
0x1A0A7	enum
0x1A0AC	vector
0x1A0B3	terminating
0x1A0C3	reinterpret_cast
0x1A0D6	, 
0x1A0D9	(Ljava/lang/Throwable;)Ljava/lang/Throwable;
0x1A108	recursive_mutex constructor failed
0x1A12B	basic_string
0x1A139	operator 
0x1A143	throw 
0x1A14A	void
0x1A14F	float
0x1A155	decimal128
0x1A160	java/lang/Class
0x1A1A7	thread::join failed
0x1A1BD	--
0x1A1C2	operator&&
0x1A1CD	decimal32
0x1A1F6	unique_lock::unlock: not locked
0x1A216	thread-local wrapper routine for 
0x1A238	thread-local initialization routine for 
0x1A261	sizeof (
0x1A26A	operator!=
0x1A275	__uuidof(
0x1A27F	std::allocator
0x1A28E	allocator
0x1A298	struct
0x1A29F	stold
0x1A2A5	terminate_handler unexpectedly threw an exception
0x1A2D7	ll
0x1A2DA	operator,
0x1A2E4	decimal16
0x1A2EE	noexcept
0x1A2F7	unspecified generic_category error
0x1A31A	future
0x1A323	basic_iostream
0x1A332	std::
0x1A338	 volatile
0x1A342	throw(
0x1A349	Pure virtual function called!
0x1A367	std::bad_exception
0x1A390	s?
0x1A4C0	n4
0x1A4E8	$6
0x1A4F0	T@
0x1A500	1L
0x1A508	AL
0x1A538	~G
0x1A550	*(
0x1A558	;(
0x1A590	P-
0x1A5D0	,W
0x1A5D8	9W
0x1A670	ve
0x1A690	r*
0x1A698	{*
0x1A6B0	gB
0x1A6B8	qB
0x1A6D0	hI
0x1A6D8	|I
0x1A750	RB
0x1A790	K0
0x1A798	W0
0x1A7A0	Dg
0x1A7A8	Vg
0x1A7C0	;K
0x1A808	KT
0x1A830	iG
0x1A8F0	 J
0x1A920	=N
0x1A9D0	4@
0x1A9E0	19
0x1A9E8	>9
0x1AA00	e-
0x1AA08	r-
0x1AA30	RN
0x1AA38	dN
0x1AA78	!)
0x1AA80	4C
0x1AA98	IC
0x1AAA0	PK
0x1AAD0	(l
0x1AB18	 .
0x1AB20	SI
0x1AB30	6T
0x1ABA0	>@
0x1ADB1	ʚ;
0x1AE01	ʚ;
0x1AF3A	NSt6__ndk114error_categoryE
0x1AF56	NSt6__ndk112__do_messageE
0x1AF70	NSt6__ndk124__generic_error_categoryE
0x1AF96	NSt6__ndk123__system_error_categoryE
0x1AFBC	NSt6__ndk112bad_weak_ptrE
0x1AFD6	NSt6__ndk114__shared_countE
0x1AFF2	NSt6__ndk119__shared_weak_countE
0x1B014	 0>
0x1B018	NSt6__ndk112future_errorE
0x1B032	NSt6__ndk117__assoc_sub_stateE
0x1B051	NSt6__ndk123__future_error_categoryE
0x1B076	St16nested_exception
0x1B828	N12_GLOBAL__N_116itanium_demangle4NodeE
0x1B850	N12_GLOBAL__N_116itanium_demangle21CtorVtableSpecialNameE
0x1B88A	N12_GLOBAL__N_116itanium_demangle8NameTypeE
0x1B8B6	N12_GLOBAL__N_116itanium_demangle10NestedNameE
0x1B8E5	N12_GLOBAL__N_116itanium_demangle24ForwardTemplateReferenceE
0x1B922	N12_GLOBAL__N_116itanium_demangle14IntegerLiteralE
0x1B955	N12_GLOBAL__N_116itanium_demangle8BoolExprE
0x1B981	N12_GLOBAL__N_116itanium_demangle16FloatLiteralImplIfEE
0x1B9B9	N12_GLOBAL__N_116itanium_demangle16FloatLiteralImplIdEE
0x1B9F1	N12_GLOBAL__N_116itanium_demangle16FloatLiteralImplIeEE
0x1BA29	N12_GLOBAL__N_116itanium_demangle13StringLiteralE
0x1BA5B	N12_GLOBAL__N_116itanium_demangle15UnnamedTypeNameE
0x1BA8F	N12_GLOBAL__N_116itanium_demangle26SyntheticTemplateParamNameE
0x1BACE	N12_GLOBAL__N_116itanium_demangle21TypeTemplateParamDeclE
0x1BB08	N12_GLOBAL__N_116itanium_demangle24NonTypeTemplateParamDeclE
0x1BB45	N12_GLOBAL__N_116itanium_demangle25TemplateTemplateParamDeclE
0x1BB83	N12_GLOBAL__N_116itanium_demangle21TemplateParamPackDeclE
0x1BBBD	N12_GLOBAL__N_116itanium_demangle15ClosureTypeNameE
0x1BBF1	N12_GLOBAL__N_116itanium_demangle10LambdaExprE
0x1BC20	N12_GLOBAL__N_116itanium_demangle15IntegerCastExprE
0x1BC54	N12_GLOBAL__N_116itanium_demangle13FunctionParamE
0x1BC86	N12_GLOBAL__N_116itanium_demangle8FoldExprE
0x1BCB2	N12_GLOBAL__N_116itanium_demangle22ParameterPackExpansionE
0x1BCED	N12_GLOBAL__N_116itanium_demangle10BinaryExprE
0x1BD1C	N12_GLOBAL__N_116itanium_demangle10PrefixExprE
0x1BD4B	N12_GLOBAL__N_116itanium_demangle8CastExprE
0x1BD77	N12_GLOBAL__N_116itanium_demangle8CallExprE
0x1BDA3	N12_GLOBAL__N_116itanium_demangle14ConversionExprE
0x1BDD6	N12_GLOBAL__N_116itanium_demangle10DeleteExprE
0x1BE05	N12_GLOBAL__N_116itanium_demangle13QualifiedNameE
0x1BE37	N12_GLOBAL__N_116itanium_demangle8DtorNameE
0x1BE63	N12_GLOBAL__N_116itanium_demangle22ConversionOperatorTypeE
0x1BE9E	N12_GLOBAL__N_116itanium_demangle15LiteralOperatorE
0x1BED2	N12_GLOBAL__N_116itanium_demangle19GlobalQualifiedNameE
0x1BF0A	N12_GLOBAL__N_116itanium_demangle10MemberExprE
0x1BF39	N12_GLOBAL__N_116itanium_demangle18ArraySubscriptExprE
0x1BF70	N12_GLOBAL__N_116itanium_demangle10BracedExprE
0x1BF9F	N12_GLOBAL__N_116itanium_demangle15BracedRangeExprE
0x1BFD3	N12_GLOBAL__N_116itanium_demangle12InitListExprE
0x1C004	N12_GLOBAL__N_116itanium_demangle11PostfixExprE
0x1C034	N12_GLOBAL__N_116itanium_demangle7NewExprE
0x1C05F	N12_GLOBAL__N_116itanium_demangle13EnclosingExprE
0x1C091	N12_GLOBAL__N_116itanium_demangle15ConditionalExprE
0x1C0C5	N12_GLOBAL__N_116itanium_demangle19SizeofParamPackExprE
0x1C0FD	N12_GLOBAL__N_116itanium_demangle13NodeArrayNodeE
0x1C12F	N12_GLOBAL__N_116itanium_demangle9ThrowExprE
0x1C15C	N12_GLOBAL__N_116itanium_demangle10UUIDOfExprE
0x1C18B	N12_GLOBAL__N_116itanium_demangle27ExpandedSpecialSubstitutionE
0x1C1CB	N12_GLOBAL__N_116itanium_demangle12CtorDtorNameE
0x1C1FC	N12_GLOBAL__N_116itanium_demangle10AbiTagAttrE
0x1C22B	N12_GLOBAL__N_116itanium_demangle21StructuredBindingNameE
0x1C265	N12_GLOBAL__N_116itanium_demangle9LocalNameE
0x1C292	N12_GLOBAL__N_116itanium_demangle19SpecialSubstitutionE
0x1C2CA	N12_GLOBAL__N_116itanium_demangle13ParameterPackE
0x1C2FC	N12_GLOBAL__N_116itanium_demangle12TemplateArgsE
0x1C32D	N12_GLOBAL__N_116itanium_demangle20NameWithTemplateArgsE
0x1C366	N12_GLOBAL__N_116itanium_demangle16StdQualifiedNameE
0x1C39B	N12_GLOBAL__N_116itanium_demangle20TemplateArgumentPackE
0x1C3D4	N12_GLOBAL__N_116itanium_demangle12EnableIfAttrE
0x1C405	N12_GLOBAL__N_116itanium_demangle16FunctionEncodingE
0x1C43A	N12_GLOBAL__N_116itanium_demangle9DotSuffixE
0x1C467	N12_GLOBAL__N_116itanium_demangle12NoexceptSpecE
0x1C498	N12_GLOBAL__N_116itanium_demangle20DynamicExceptionSpecE
0x1C4D1	N12_GLOBAL__N_116itanium_demangle12FunctionTypeE
0x1C502	N12_GLOBAL__N_116itanium_demangle13ObjCProtoNameE
0x1C534	N12_GLOBAL__N_116itanium_demangle17VendorExtQualTypeE
0x1C56A	N12_GLOBAL__N_116itanium_demangle8QualTypeE
0x1C596	N12_GLOBAL__N_116itanium_demangle15PixelVectorTypeE
0x1C5CA	N12_GLOBAL__N_116itanium_demangle10VectorTypeE
0x1C5F9	N12_GLOBAL__N_116itanium_demangle9ArrayTypeE
0x1C626	N12_GLOBAL__N_116itanium_demangle19PointerToMemberTypeE
0x1C65E	N12_GLOBAL__N_116itanium_demangle22ElaboratedTypeSpefTypeE
0x1C699	N12_GLOBAL__N_116itanium_demangle11PointerTypeE
0x1C6C9	N12_GLOBAL__N_116itanium_demangle13ReferenceTypeE
0x1C6FB	N12_GLOBAL__N_116itanium_demangle20PostfixQualifiedTypeE
0x1C808	N10__cxxabiv116__shim_type_infoE
0x1C829	N10__cxxabiv117__class_type_infoE
0x1C84B	N10__cxxabiv117__pbase_type_infoE
0x1C86D	N10__cxxabiv119__pointer_type_infoE
0x1C891	N10__cxxabiv120__function_type_infoE
0x1C8B6	N10__cxxabiv129__pointer_to_member_type_infoE
0x1C92A	Pv
0x1C92D	PKv
0x1C931	Dn
0x1C934	PDn
0x1C938	PKDn
0x1C93F	Pb
0x1C942	PKb
0x1C948	Pw
0x1C94B	PKw
0x1C951	Pc
0x1C954	PKc
0x1C95A	Ph
0x1C95D	PKh
0x1C963	Pa
0x1C966	PKa
0x1C96C	Ps
0x1C96F	PKs
0x1C975	Pt
0x1C978	PKt
0x1C97E	Pi
0x1C981	PKi
0x1C987	Pj
0x1C98A	PKj
0x1C990	Pl
0x1C993	PKl
0x1C999	Pm
0x1C99C	PKm
0x1C9A2	Px
0x1C9A5	PKx
0x1C9AB	Py
0x1C9AE	PKy
0x1C9B4	Pn
0x1C9B7	PKn
0x1C9BD	Po
0x1C9C0	PKo
0x1C9C4	Dh
0x1C9C7	PDh
0x1C9CB	PKDh
0x1C9D2	Pf
0x1C9D5	PKf
0x1C9DB	Pd
0x1C9DE	PKd
0x1C9E4	Pe
0x1C9E7	PKe
0x1C9ED	Pg
0x1C9F0	PKg
0x1C9F4	Du
0x1C9F7	PDu
0x1C9FB	PKDu
0x1CA00	Ds
0x1CA03	PDs
0x1CA07	PKDs
0x1CA0C	Di
0x1CA0F	PDi
0x1CA13	PKDi
0x1CA18	N10__cxxabiv117__array_type_infoE
0x1CA3A	N10__cxxabiv116__enum_type_infoE
0x1CA5B	N10__cxxabiv120__si_class_type_infoE
0x1CA80	N10__cxxabiv121__vmi_class_type_infoE
0x1CAA6	St9exception
0x1CAB3	St13bad_exception
0x1CAC5	St9bad_alloc
0x1CAD2	St20bad_array_new_length
0x1CAEB	St12domain_error
0x1CAFC	St11logic_error
0x1CB0C	St16invalid_argument
0x1CB21	St12length_error
0x1CB32	St12out_of_range
0x1CB43	St11range_error
0x1CB53	St13runtime_error
0x1CB65	St14overflow_error
0x1CB78	St15underflow_error
0x1CB8C	St9type_info
0x1CB99	St8bad_cast
0x1CBA5	St10bad_typeid
0x1CC78	$,
0x1CE84	<L
0x1CF28	LD
0x1CF34	@D
0x1CF40	LD
0x1CF4C	@D
0x1CF5C	$,
0x1CF6C	$,
0x1D7E1	x,
0x1D859	<h
0x1D970	8H
0x1D97C	8H
0x1D998	$,
0x1D9A8	$,
0x1DBCC	D,
0x1DBD8	D,
0x1DBE4	D,
0x1DBF0	0 
0x1DD9C	T%
0x1DDA4	t%
0x1DDE4	4&
0x1DDEC	d&
0x1DE1C	D'
0x1DE24	l'
0x1DE54	,(
0x1DE5C	T(
0x1DE64	t(
0x1DE9C	4)
0x1DEA4	\)
0x1DEAC	|)
0x1DEDC	D*
0x1DEE4	d*
0x1DF14	4+
0x1DF1C	T+
0x1DF24	|+
0x1DF4C	D,
0x1DF54	d,
0x1DF84	D-
0x1DF8C	l-
0x1DF9C	T0
0x1DFBC	D.
0x1DFC4	l.
0x1DFEC	4/
0x1DFF4	\/
0x1E01C	$0
0x1E024	l0
0x1E04C	$1
0x1E05C	D1
0x1E064	l1
0x1E08C	42
0x1E094	\2
0x1E0BC	43
0x1E0C4	\3
0x1E0E4	,4
0x1E0F4	L4
0x1E0FC	t4
0x1E12C	L5
0x1E134	|5
0x1E154	l7
0x1E15C	$6
0x1E164	L6
0x1E16C	l6
0x1E18C	$7
0x1E194	D7
0x1E1C4	,8
0x1E1CC	\8
0x1E1D4	|8
0x1E1FC	49
0x1E204	d9
0x1E234	4:
0x1E23C	d:
0x1E26C	<;
0x1E274	d;
0x1E29C	4<
0x1E2A4	\<
0x1E2AC	|<
0x1E2D4	4=
0x1E2DC	d=
0x1E30C	4>
0x1E314	d>
0x1E334	$?
0x1E33C	D@
0x1E344	D?
0x1E34C	l?
0x1E374	\@
0x1E37C	|A
0x1E384	|@
0x1E3A4	4A
0x1E3AC	TA
0x1E3DC	,B
0x1E3E4	TB
0x1E40C	,C
0x1E414	\C
0x1E424	\G
0x1E444	4D
0x1E44C	\D
0x1E474	$E
0x1E47C	LE
0x1E484	|E
0x1E4A4	,F
0x1E4AC	\F
0x1E4D4	,G
0x1E4DC	tG
0x1E514	<H
0x1E51C	dH
0x1E534	tJ
0x1E54C	4I
0x1E554	\I
0x1E57C	LJ
0x1E5AC	,K
0x1E5B4	TK
0x1E5E4	<L
0x1E5EC	dL
0x1E61C	4M
0x1E624	\M
0x1E62C	|M
0x1E63C	LN
0x1E654	$N
0x1E65C	dN
0x1E694	,O
0x1E69C	TO
0x1E6A4	|O
0x1E6CC	DP
0x1E6D4	lP
0x1E704	<Q
0x1E70C	dQ
0x1E72C	DS
0x1E73C	4R
0x1E744	\R
0x1E774	\S
0x1E784	|S
0x1E7A4	,T
0x1E7AC	\T
0x1E7DC	LU
0x1E7E4	|U
0x1E804	,V
0x1E814	LV
0x1E81C	lV
0x1E834	lW
0x1E84C	DW
0x1E884	DX
0x1E88C	lX
0x1E8B4	4Y
0x1E8BC	\Y
0x1E8EC	4Z
0x1E8F4	TZ
0x1E90C	\[
0x1E924	4[
0x1E92C	t[
0x1E934	D]
0x1E95C	D\
0x1E964	l\
0x1E98C	\]
0x1E994	$^
0x1E99C	|]
0x1E9BC	<^
0x1E9CC	\^
0x1E9EC	l`
0x1E9FC	4_
0x1EA04	d_
0x1EA2C	D`
0x1EA64	Da
0x1EA6C	la
0x1EA94	<b
0x1EA9C	db
0x1EAC4	Dc
0x1EACC	lc
0x1EAFC	<d
0x1EB04	dd
0x1EB2C	De
0x1EB34	le
0x1EB5C	<f
0x1EB64	df
0x1EB94	4g
0x1EBA4	Tg
0x1EBB4	lg
0x1EC94	4h
0x1EC9C	Lh
0x1ECA4	dh
0x1ECAC	|h
0x1ECF4	,i
0x1ECFC	Di
0x1ED04	\i
0x1ED0C	ti
0x1ED74	<j
0x1ED7C	lj
0x1EDA4	,k
0x1EDAC	Tk
0x1EDB4	|k
0x1EDDC	,l
0x1EDE4	Tl
0x1EDEC	tl
0x1EE1C	$m
0x1EE24	Dm
0x1EE2C	dm
0x1EE5C	<n
0x1EE64	dn
0x1EE6C	|n
0x1EE9C	<o
0x1EEA4	\o
0x1EED4	4p
0x1EEDC	\p
0x1EEE4	|p
0x1EF34	4q
0x1EF3C	Lq
0x1EF54	tq
0x1EFCC	$r
0x1EFD4	Lr
0x1EFE4	lr
0x1F02C	,s
0x1F034	Ts
0x1F044	ts
0x1F104	Dt
0x1F10C	lt
0x1F134	4u
0x1F13C	\u
0x1F1A4	<v
0x1F1AC	Tv
0x1F1B4	lv
0x1F1EC	4w
0x1F1F4	Lw
0x1F1FC	lw
0x1F26C	4x
0x1F274	Lx
0x1F284	lx
0x1F2BC	,y
0x1F2CC	Ly
0x1F2E4	ly
0x1F314	,z
0x1F31C	Dz
0x1F324	\z
0x1F32C	|z
0x1F364	,{
0x1F36C	L{
0x1F374	d{
0x1F37C	|{
0x1F3C4	,|
0x1F3CC	D|
0x1F3D4	\|
0x1F3DC	t|
0x1F444	4}
0x1F454	T}
0x1F464	t}
0x1F4CC	$~
0x1F4D4	D~
0x1F4DC	d~
0x209FC	H}
0x2230C	D 
0x2233C	t 
0x223EC	$!
0x2241C	T!
0x22444	|!
0x224EC	"$"""
0x22504	"<"""
0x22524	"\"""
0x225F4	,#
0x22614	L#
0x2263C	t#
0x2269C	D6
0x226EC	$$
0x2271C	T$
0x22804	<%
0x2281C	T%
0x2283C	t%
0x22914	L&
0x22944	|&
0x229F4	,'
0x22A1C	T'
0x22A3C	t'
0x22AEC	$(
0x22B0C	D(
0x22B34	l(
0x22BF4	,)
0x22C14	L)
0x22C3C	t)
0x22D0C	D*
0x22D34	l*
0x22DFC	4+
0x22E24	\+
0x22EF4	,,
0x22F1C	T,
0x22F3C	t,
0x22FEC	$-
0x23014	L-
0x2303C	t-
0x230EC	$.
0x2310C	D.
0x23134	l.
0x231EC	$/
0x2321C	T/
0x2330C	D0
0x23334	l0
0x233FC	41
0x23404	(8
0x2342C	d1
0x234FC	42
0x23514	L2
0x23534	l2
0x235FC	43
0x23624	\3
0x236EC	$4
0x23714	L4
0x2373C	t4
0x237EC	T/
0x23814	L5
0x2383C	t5
0x2389C	,#
0x238EC	$6
0x23904	<6
0x23924	\6
0x239FC	47
0x23A2C	d7
0x23AEC	$8
0x23B0C	D8
0x23B3C	t8
0x23BEC	$9
0x23C1C	T9
0x23C3C	t9
0x23CF4	,:
0x23D24	\:
0x23DFC	4;
0x23E14	L;
0x23E34	l;
0x23EFC	4<
0x23F24	\<
0x23F54	\%
0x23FF4	,=
0x2401C	T=
0x24054	8)
0x240FC	4>
0x24124	\>
0x2413C	t>
0x241F4	,?
0x2421C	T?
0x242FC	4@
0x24324	\@
0x243F4	,A
0x2441C	TA
0x24444	|A
0x244FC	4B
0x2451C	TB
0x2453C	tB
0x245F4	,C
0x2460C	DC
0x24624	\C
0x2463C	tC
0x246EC	$D
0x24704	<D
0x2471C	TD
0x24734	lD
0x247FC	4E
0x2482C	dE
0x24844	|E
0x2490C	DF
0x24924	\F
0x24A04	<G
0x24A2C	dG
0x24A44	|G
0x24AF4	,H
0x24B1C	TH
0x24B3C	tH
0x24BF4	,I
0x24C0C	DI
0x24C34	lI
0x24CEC	$J
0x24D14	LJ
0x24D3C	tJ
0x24DEC	$K
0x24E0C	DK
0x24E2C	dK
0x24E44	|K
0x24F04	<L
0x24F1C	TL
0x24F3C	tL
0x24FFC	4M
0x25014	LM
0x25034	lM
0x25104	<N
0x25124	\N
0x25144	|N
0x251FC	4O
0x25224	\O
0x252EC	$P
0x25314	LP
0x2533C	tP
0x253FC	4Q
0x2541C	TQ
0x25434	lQ
0x254FC	4R
0x2551C	TR
0x25534	lR
0x255FC	4S
0x25614	LS
0x2562C	dS
0x25644	|S
0x256FC	4T
0x25714	LT
0x2572C	dT
0x257EC	$U
0x2580C	DU
0x25824	\U
0x25844	|U
0x258F4	,V
0x2590C	DV
0x2592C	dV
0x25944	|V
0x259EC	$W
0x25A04	<W
0x25A1C	TW
0x25A34	lW
0x25B04	<X
0x25B24	\X
0x25B3C	tX
0x25BF4	,Y
0x25C14	LY
0x25C34	lY
0x25CFC	4Z
0x25D14	LZ
0x25D34	lZ
0x25DFC	4[
0x25E14	L[
0x25E3C	t[
0x25F04	<\
0x25F34	l\
0x25FF4	,]
0x26014	L]
0x2602C	d]
0x26044	|]
0x260F4	,^
0x2611C	T^
0x26134	l^
0x261EC	$_
0x26204	<_
0x26224	\_
0x2623C	t_
0x26304	<`
0x2632C	d`
0x263F4	,a
0x2640C	Da
0x26434	la
0x26504	<b
0x2652C	db
0x265FC	4c
0x2661C	Tc
0x26634	lc
0x26704	<d
0x2672C	dd
0x26744	|d
0x267F4	,e
0x26814	Le
0x26834	le
0x268F4	,f
0x2690C	Df
0x2692C	df
0x269EC	$g
0x26A14	Lg
0x26A2C	dg
0x26A44	|g
0x26AEC	$h
0x26B04	<h
0x26B24	\h
0x26B3C	th
0x26BF4	,i
0x26C1C	Ti
0x26C44	|i
0x26CEC	$j
0x26D04	<j
0x26D24	\j
0x26D3C	tj
0x26DEC	$k
0x26E04	<k
0x26E24	\k
0x26E3C	tk
0x26F04	<l
0x26F1C	Tl
0x26F44	|l
0x26FFC	4m
0x2701C	Tm
0x27034	lm
0x270F4	,n
0x27114	Ln
0x2712C	dn
0x271EC	$o
0x27204	<o
0x2721C	To
0x27234	lo
0x272EC	$p
0x27304	<p
0x2731C	Tp
0x2733C	tp
0x273EC	$q
0x27404	<q
0x27424	\q
0x27444	|q
0x274EC	$r
0x27514	Lr
0x27534	lr
0x275F4	,s
0x2760C	Ds
0x2762C	ds
0x27644	|s
0x276FC	4t
0x27714	Lt
0x27734	lt
0x277EC	$u
0x27804	<u
0x2781C	Tu
0x2783C	tu
0x278F4	,v
0x27914	Lv
0x2792C	dv
0x27944	|v
0x279EC	$w
0x27A0C	Dw
0x27A2C	dw
0x27AF4	,x
0x27B0C	Dx
0x27B24	\x
0x27B3C	tx
0x27BFC	4y
0x27C1C	Ty
0x27C3C	ty
0x27CFC	4z
0x27D14	Lz
0x27D2C	dz
0x27D44	|z
0x27DF4	,{
0x27E14	L{
0x27E34	l{
0x27F0C	D|
0x27F34	l|
0x27FFC	4}
0x28014	L}
0x2802C	d}
0x28044	|}
0x280FC	4~
0x28114	L~
0x28134	l~
0x2ABF7	r`
0x2B283	5Z
0x2B653	6-
0x2CD13	TT
0x2D0F3	rA 
0x2DB7B	T!
0x2E07B	T/
0x2E76F	rak
0x2E80F	raf
0x2E8AF	raa
0x2E94F	ra\
0x2E9EF	raW
0x2EA8F	raR
0x2EB33	rAM
0x2EBD3	rAH
0x2EC93	rAB
0x2ECCF	ra@
0x2ED17	r!>
0x2ED73	rA;
0x2EDAF	ra9
0x2EE4F	ra4
0x2EEEF	ra/
0x2EF8F	ra*
0x2F02F	ra%
0x2F0CF	ra 
0x30EF3	T!
0x31193	r!H
0x31253	r!B
0x31273	r!A
0x314EB	ra-
0x31613	r!$
0x343BB	q(
0x36803	raO
0x36B4B	r!5
0x36D4B	r!%
0x36DC7	rA!
0x3B1E3	ra
0x48A73	rA/
0x48BF7	r!#
0x4A5DB	ra 
0x4C1BB	ra(
0x4C1FF	rA&
0x4E35B	ra\
0x4E3A3	r!Z
0x4E85F	rA4
0x4E8FB	ra/
0x4E9BB	ra)
0x4EF1F	qH|
0x53503	95[
0x535CF	9u`
0x53613	95b
0x548B3	r`A
0x55093	9u_
0x550D7	95a
0x5617B	r R
0x5665F	rA#
0x56BB7	9UC
0x56BFF	95f
0x59A2F	r@6
0x5ABE7	r`U
0x5BD47	9Հ
0x5C42B	9v-
0x5C8F3	9U=
0x5CDB3	96(
0x5D653	9u/
0x5EEE3	r!
0x5F1DF	9u3
0x5F89F	9V&
0x608CF	r!r
0x60B63	9v-
0x60E57	ru&
0x622A3	rUS
0x69B53	r!m
0x6A373	r!,
0x6A543	rAn
0x6A83F	raV
0x6AB7F	ra<
0x6AD47	r!.
0x6ADDF	ra)
0x6BE7B	ra
0x6CEE3	r!}
0x6D063	r!q
0x6D19F	rAg
0x6D1DF	rAe
0x6D303	r!\
0x6D35F	rAY
0x6D49B	raO
0x6D4DB	raM
0x6D5FF	rAD
0x6D65B	raA
0x6D79F	rA7
0x6D7FB	ra4
0x6D93F	rA*
0x6D99B	ra'
0x6EE8F	r!&
0x70193	ra!
0x73763	rA3
0x7379F	ra1
0x738FF	ra&
0x743DF	rA'
0x74B97	rA-
0x74C37	rA(
0x75663	ra!
0x780D3	rA=
0x7822F	ra2
0x78B4B	rA-
0x78BEB	rA(
0x79617	ra!
0x7C17F	r!3
0x7C2D7	ra(
0x7CC6B	ra!
0x7D35B	rA-
0x7D3FB	rA(
0x7DC17	r!0
0x7DCF7	r!)
0x7E2D3	4)
0x81C37	rA-
0x81CD7	rA(
0x82703	ra!
0x8477F	rA-
0x8481F	rA(
0x8524B	ra!
0x878D7	rA'
0x8B007	rA-
0x8B0A7	rA(
0x8BAD3	ra!
0x8DB2F	rAM
0x8DC73	r!C
0x8DD33	r!=
0x8DE8B	ra2
0x8E7A7	rA-
0x8E847	rA(
0x8F273	ra!
0x8FEE3	rA`
0x8FFA7	r!Z
0x90303	rA?
0x90383	rA;
0x9309F	rA5
0x930E3	r!3
0x9323B	ra(
0x9329F	rA%
0x93C07	ra
0x9565F	rU&
0x98557	rAa
0x9867B	r!X
0x98777	rAP
0x98913	raC
0x98B1B	r!3
0x98B93	ra/
0x98C77	rA(
0x9B727	ra0
0x9C003	rA-
0x9C0A3	rA(
0x9CACF	ra!
0x9D4BF	4)
0x9D9E3	Ti
0x9E81B	9U.
0x9E98B	r`T
0x9EC93	r`>
0xA045F	rab
0xA0587	r!Y
0xA0607	r!U
0xA0687	r!Q
0xA0747	r!K
0xA08C3	rA?
0xA0943	rA;
0xA1103	r !
0xA3337	r!X
0xA3793	rA5
0xA37D7	r!3
0xA392F	ra(
0xA3993	rA%
0xA607B	raU
0xA7697	rA7
0xA90A7	r!
0xAD673	rA#
0xADDAB	rA-
0xADE4B	rA(
0xAE877	ra!
0xB0C33	"r!"""
0xB1D17	T3
0xB1F8F	rA$
0xB3093	rA(
0xB3C8F	rA>
0xB3DAF	rA5
0xB3E2B	ra1
0xB3FF3	r!#
0xB4CEF	ra 
0xB7B3F	r!/
0xB92C7	r!*
0xB939F	ra#
0xB9EF3	raL
0xBA077	rA@
0xBA1FB	r!4
0xBA233	ra2
0xBBD33	raL
0xBBEB7	rA@
0xBC03B	r!4
0xBC073	ra2
0xBDB0B	r!/
0xBF2BF	rA6
0xBF443	r!*
0xBF51B	ra#
0xC113F	rA6
0xC12C3	r!*
0xC139B	ra#
0xC2EE3	r!/
0xC457F	"r!"""
0xC786B	rA8
0xC9883	q(
0xCAE7B	rA@
0xCB19F	r!'
0xCB1D7	ra%
0xCB927	r!]
0xCBD7F	ra:
0xCBE47	r!4
0xCBF03	rA.
0xCBF3F	ra,
0xCD797	rad
0xCD91B	rAX
0xCDCD7	ra:
0xCDD9F	r!4
0xCDE5B	rA.
0xCDE97	ra,
0xCF5F3	rA,
0xCFE63	r!X
0xCFE9B	raV
0xD001F	rAJ
0xD017F	rA?
0xD01BB	ra=
0xD031F	rA2
0xD1263	rAA
0xD337F	r@*
0xD4B8B	r`*
0xD5AA7	r!]
0xD5B7F	raV
0xD5E07	r!B
0xD6027	r!1
0xD605F	ra/
0xD613F	ra(
0xD697B	r!Q
0xD6A53	raJ
0xD6BD7	rA>
0xD6C9B	r!8
0xD6D77	rA1
0xD6DF7	rA-
0xD6EF3	ra%
0xD8637	rAA
0xDC07B	ra2
0xDC21F	rA%
0xDCDD3	ra2
0xDCF77	rA%
0xE5A77	rA'
0xE5EC7	r@1
0xE62A7	r@ 
0xE6403	r@/
0xE882F	r!L
0xE8907	raE
0xE8A8B	rA9
0xE8B4F	r!3
0xE8C2B	rA,
0xE8CAF	r!(
0xE9487	rAA
0xEA6E7	qH
0xECD67	ra?
0xED00F	r!*
0xED08F	r!&
0xED0C7	ra$
0xEDFBF	ra*
0xEEFAF	r!J
0xEF1AB	rA:
0xEF2AF	r!2
0xEF44F	r!%
0xF1437	r!X
0xF1497	r!U
0xF1593	rAM
0xF16B7	r!D
0xF1A53	rA'
0xF60B3	rA\
0xF6373	rAF
0xF66AF	ra,
0xF8D7B	T!
0xFB527	r!>
0xFB6E7	r!0
0xFC47F	r@K
0xFCA47	r N
0xFCB8F	r Q
0xFF2FF	r!z
0xFF49B	rAm
0xFF59B	rAe
0xFF6FB	rAZ
0xFF737	raX
0xFF877	raN
0xFFA9B	rA=
0xFFB5B	rA7
0xFFB9B	rA5
0xFFC5F	r!/
0x102527	r!`
0x1025C3	rA[
0x10267F	raU
0x1027A3	rAL
0x1028DF	raB
0x102A1F	ra8
0x102AA3	rA4
0x102C43	rA'
0x10322B	r!+
0x104317	r!s
0x104517	r!c
0x1088A7	rAS
0x1089A3	raK
0x108B33	r!q
0x108D2B	raa
0x108DEB	ra[
0x108FB3	r!M
0x109113	r!B
0x109533	r!!
0x109CAF	ra>
0x109CF7	r!<
0x10A78F	ra]
0x10A973	rAN
0x10AA13	rAI
0x10AB97	r!=
0x10C67B	r`*
0x113DCB	rA$
0x11CAEB	ra 
0x11D0AB	ra?
0x11DA5B	rA/
0x11DB77	rAV
0x11DEB7	rA<
0x11E093	ra-
0x11E1B3	ra$
0x11EE63	r@Z
0x120057	r!e
0x120133	rA^
0x120273	rAT
0x120333	rAN
0x1207AF	r!p
0x1209CB	rA_
0x120A8F	r!Y
0x120CF7	r`4
0x122227	ran
0x12230F	r!g
0x12244F	r!]
0x12250F	r!W
0x1261F7	r!*
0x12622F	ra(
0x1271A3	ra/
0x1272C3	ra&
0x128E23	ra6
0x128EC3	ra1
0x129027	rA&
0x13144B	r!I
0x135A63	r!k
0x135C63	r![
0x135CFB	raV
0x13631F	rA%
0x1383EB	r!Z
0x1384E7	rAR
0x1385CB	r!K
0x138603	raI
0x1386C3	raC
0x1387C7	rA;
0x138803	ra9
0x1388CB	r!3
0x138907	rA1
0x138AAB	r!$
0x138AE3	"ra"""
0x139E2B	rAi
0x139F07	rab
0x139F4F	r!`
0x13A26F	r!G
0x13A3CB	rA<
0x13A4C7	ra4
0x13A50F	r!2
0x13AB97	T3
0x13ADDF	r!_
0x13AFDF	r!O
0x13B09F	r!I
0x13B17F	r!B
0x13B23F	r!<
0x13B4BB	rA(
0x14457F	r!}
0x144817	rah
0x1448D7	rab
0x144A77	raU
0x144C3F	r!G
0x144D77	ra=
0x144EBB	rA3
0x144F9F	r!,
0x14505B	rA&
0x145F6B	rA)
0x14600F	r!$
0x14604B	"rA"""
0x146903	T3
0x146BBF	r!)
0x146C7F	r!#
0x14730B	r!,
0x147A9F	r!)
0x147B5F	r!#
0x149557	TБ
0x149577	TС
0x149597	TЩ
0x1495B7	Tй
0x149F4F	9ș
0x14A2AB	4!
0x14ACEB	TH
0x14ADF3	T*
0x14B10A	@9H
0x14B327	TH
0x14B3DB	7I
0x14B8EF	7:
0x14BEC7	"T"""
0x14CA03	q4
0x14CA2F	"T"""
0x14CAF7	T!
0x14CDCB	TH
0x14D1F6	@9H
0x14D427	TH
0x14D4F3	7I
0x14DA47	7:
0x14DFE3	"T"""
0x14E917	"T"""
0x14E9E3	T!
0x1507FF	TS
0x1509E3	Ts
0x15168B	T=}
0x152673	T5
0x15268F	T5
0x15278F	9*
0x15279F	yJ
0x15282F	T?$
0x15287F	9*
0x1528DB	T룐R*=
0x152907	9j
0x15290F	x!
0x15292F	yJ
0x152ACF	9+
0x152B0B	xk
0x152B1B	yK
0x152D03	1A
0x1540D7	5*
0x15412B	q`
0x15493F	9$o
0x15564B	qh:
0x1556C7	1h:
0x155B27	r`
0x155BA7	qa
0x155BCF	93
0x1562E3	TH
0x1563AB	Th
0x1565AF	TI5
0x1565CB	TK9
0x1566C3	qa
0x1567A7	T2h
0x1567B7	T.h
0x1567C7	T*h
0x1567D7	T&h
0x1567E7	"T""h"
0x156A57	T-
0x156A73	T_5
0x156B17	T)5
0x156EB3	T*
0x1575EF	T)
0x15786B	T)
0x157A07	Q?%
0x157EBB	Q?%
0x157EBF	qh1
0x157EF7	Q_)
0x157F8B	y)
0x1583DF	Q?)
0x1589CB	Q_!
0x1589D7	Q?%
0x158B17	Q?)
0x158D5F	Tf
0x158DEB	q)K
0x158EEF	Th
0x158F0F	TH
0x1592E7	9w
0x15942B	9&
0x1595CF	Q_%
0x1596AB	Q?%
0x159B13	T*
0x159C73	Q_%
0x15A5CF	TJ!
0x15A5F7	TJ!
0x15A617	T)!
0x15A7BF	Q_%
0x15AA37	Q_)
0x15ACEF	T]
0x15AD23	T)
0x15ADAF	9*
0x15AEE7	xI-
0x15AF1F	Q_%
0x15B173	Q_!
0x15B4A3	9vL
0x15B513	9ZL
0x15B583	9>L
0x15B5D3	9*L
0x15BD6F	T(-
0x15D637	Q_%
0x15DF13	9!
0x15E04F	T<
0x15E083	Q?%
0x15E137	Q_%
0x15E237	Q?)
0x15E273	Q_%
0x15EBCF	T7
0x15F093	9O
0x15F137	9&
0x15F24B	Q_%
0x15F2FB	Q_)
0x15F7CB	Q_%
0x160267	Q?&
0x160AAF	Tp?
0x160DBB	yh
0x162283	Ta
0x16322F	Q?%
0x1639A3	qh~
0x163ABB	Q?%
0x1673E7	yh
0x167B2B	Q?)
0x168547	yh
0x169BEB	q`
0x169DBB	oi
0x169DE3	TH
0x169DF3	Th
0x16A0EB	Tx
0x16A77F	53
0x16A7C3	"5"""
0x16AD87	Th
0x16ADBB	o)
0x16AF8B	6J
0x16B0F3	qA
0x16B0F7	Tt2
0x16B473	o)
0x16B6EB	58
0x16B75F	Ta
0x16B9AB	qa
0x16BB3B	TY
0x16BBA7	Tv6
0x16BC3B	68
0x16BC4B	T(
0x16BC5F	7%
0x16BD63	qhB
0x16BD73	qa
0x16BD77	T(
0x16BDA7	6j
0x16BDDF	6J
0x16BECB	4h2A9i
0x16BEDB	5$
0x16BF47	Tu6
0x16BF57	T(
0x16BF7B	qhB
0x16BF8B	qa
0x16BF8F	T(
0x16C05F	qhB
0x16C06F	qa
0x16C073	T(
0x16C09F	Tt6
0x16C0AB	qa
0x16C0AF	T(
0x16C257	r`
0x16C2D7	qa
0x16C407	qa
0x16C4F7	qa
0x16CACD	Ha8a
0x16CB56	86!
0x16CB9B	9  
0x16CB9F	9 $
0x16CBA3	9 (
0x16CBA7	9 ,
0x16CBAB	9 0
0x16CBAF	9 4
0x16CBB3	9 8
0x16CBB7	9 <
0x16CBBB	9 @
0x16CBBF	9 D
0x16CBC3	9 H
0x16CBC7	9 L
0x16CBCB	9 P
0x16CBCF	9 T
0x16CBD3	9 X
0x16CBD7	9 \
0x16CBDB	9 `
0x16CBDF	9 d
0x16CBE3	9 h
0x16CBE7	9 l
0x16CBEB	9 p
0x16CBEF	9 t
0x16CBF3	9 x
0x16CBF7	9 |
0x16CBFB	9 
0x16CC9B	TA
0x16CDB7	T?
0x16CF1B	4_@
0x16D02B	qH 
0x16D02F	Ta[axc
0x16D4F3	k!
0x16D557	4$
0x16D622	@9? 
0x16D8F3	T_C
0x16D8FF	T_+
0x16D937	T_'
0x16D953	T_/
0x16D95B	T_3
0x16D977	T_?
0x16D98F	T_K
0x16D99B	T_O
0x16D9A3	T_S
0x16D9BB	T_[
0x16D9CB	T__
0x16DC3B	T_g
0x16DC96	@9W
0x16DC9E	@yU
0x16DCEB	QZk
0x16DCF3	Q_S
0x16DF61	`M9
0x16E147	qa
0x16E277	*@
0x16E38E	@9C
0x16E397	q`
0x16E48B	T`
0x16E48F	4`
0x16E707	q@
0x16E7FF	q@
0x16E8F7	*@
0x16ECC9	Ha8a
0x16ED52	86!
0x16EE7B	qa
0x16F0F3	T?
0x16F347	T`
0x16F58B	*a
0x16FEF3	4T
0x1746B0	pR
0x174720	0R
0x174FC8	classloader == null
0x174FDC	<init>
0x174FE3	()V
0x174FE7	java/lang/NullPointerException
0x175006	INVOKESPECIAL Void npe
0x17501D	INSTANCE
0x175026	Lme/yun/fkwechat/core/config/AppConfig;
0x17504E	$stable
0x175058	isMainProcess
0x175066	()Z
0x17506A	hostProcessName
0x17507A	Ljava/lang/String;
0x17508D	hostPackageName
0x17509F	(Ljava/lang/Object;Ljava/lang/Object;)Z
0x1750C7	b9.t
0x1750CC	me.yun.fkwechat.core.config.AppConfig
0x1750F2	fkw0/hidden/Hidden0
0x175106	special_clinit_0_00
0x17511A	(Ljava/lang/Class;)V
0x17512F	fkw0.hidden.Hidden0
0x175143	Lme/yun/fkwechat/core/config/AppMetadata;
0x17516D	java/lang/NegativeArraySizeException
0x175192	NEWARRAY Byte array size < 0
0x1751AF	BASTORE npe
0x1751BB	KEY_BYTES
0x1751C5	[B
0x1751C8	IV_BYTES
0x1751D1	decrypt
0x1751D9	(Ljava/lang/String;)Ljava/lang/String;
0x175200	getInstance
0x17520C	(Ljava/lang/String;)Ljavax/crypto/Cipher;
0x175236	([BLjava/lang/String;)V
0x17524E	([B)V
0x175254	init
0x175259	(ILjava/security/Key;Ljava/security/spec/AlgorithmParameterSpec;)V
0x17529C	INVOKEVIRTUAL Void npe
0x1752B3	decode
0x1752BA	(Ljava/lang/String;I)[B
0x1752D2	doFinal
0x1752DA	([B)[B
0x1752E1	INVOKEVIRTUAL Object npe
0x1752FA	getClass
0x175303	()Ljava/lang/Class;
0x175317	UTF_8
0x17531D	Ljava/nio/charset/Charset;
0x175338	([BLjava/nio/charset/Charset;)V
0x175358	getExternalMediaFile
0x17536D	()Ljava/io/File;
0x17537E	hostMediaPath
0x17538C	(Ljava/lang/String;)V
0x1753A2	exists
0x1753A9	INVOKEVIRTUAL Boolean npe
0x1753C3	mkdirs
0x1753CA	(Ljava/io/File;Ljava/lang/String;)V
0x1753EE	getPrivateFile
0x1753FD	hostContext
0x175409	Landroid/content/Context;
0x175423	getFilesDir
0x17542F	getStoreFile
0x17543C	selfDestruct
0x175449	()Lme/yun/fkwechat/core/config/LicData;
0x175471	save
0x175476	(ZI)V
0x17547C	sha256
0x175483	(Ljava/lang/String;)Ljava/security/MessageDigest;
0x1754B5	getBytes
0x1754BE	(Ljava/nio/charset/Charset;)[B
0x1754DD	digest
0x1754E4	ARRAYLENGTH npe
0x1754F4	BALOAD npe
0x1754FF	toHexString
0x17550B	(I)Ljava/lang/String;
0x175521	length
0x175528	()I
0x17552C	INVOKEVIRTUAL Int npe
0x175542	append
0x175549	(C)Ljava/lang/StringBuilder;
0x175566	(Ljava/lang/String;)Ljava/lang/StringBuilder;
0x175594	toString
0x17559D	()Ljava/lang/String;
0x1755B2	load
0x1755B7	MONITORENTER npe
0x1755C8	INVOKESPECIAL Object npe
0x1755E1	getString
0x1755EB	(Ljava/lang/String;Ljava/lang/String;)Ljava/lang/String;
0x175624	INVOKEINTERFACE Int npe
0x17563C	(Ljava/io/File;Ljava/nio/charset/Charset;)Ljava/lang/String;
0x175679	r1
0x17567C	(Ljava/lang/CharSequence;)Ljava/lang/CharSequence;
0x1756AF	optBoolean
0x1756BA	(Ljava/lang/String;Z)Z
0x1756D1	optInt
0x1756D8	(Ljava/lang/String;I)I
0x1756EF	optLong
0x1756F7	(Ljava/lang/String;J)J
0x17570E	INVOKEVIRTUAL Long npe
0x175725	optString
0x17572F	(Z)Ljava/lang/StringBuilder;
0x17574C	(I)Ljava/lang/StringBuilder;
0x175769	(J)Ljava/lang/StringBuilder;
0x175786	(Ljava/lang/String;Ljava/lang/String;)V
0x1757AE	currentTimeMillis
0x1757C0	()J
0x1757C6	(Ljava/lang/String;Ljava/lang/String;Ljava/lang/Throwable;)V
0x175803	ATHROW npe
0x17580E	put
0x175812	(Ljava/lang/String;Z)Lorg/json/JSONObject;
0x17583D	(Ljava/lang/String;I)Lorg/json/JSONObject;
0x175868	(Ljava/lang/String;J)Lorg/json/JSONObject;
0x175893	(Ljava/lang/String;Ljava/lang/Object;)Lorg/json/JSONObject;
0x1758CF	encodeToString
0x1758DE	([BI)Ljava/lang/String;
0x1758F8	(Ljava/io/File;Ljava/lang/String;Ljava/nio/charset/Charset;)V
0x175936	setString
0x175941	android.content.Context
0x175959	role
0x17595E	me.yun.fkwechat.core.config.LicData
0x175982	java.security.MessageDigest
0x17599E	java.lang.System
0x1759AF	me.yun.fkwechat.core.config.AppMetadata
0x1759D7	javax.crypto.spec.SecretKeySpec
0x1759F7	javax.crypto.Cipher
0x175A0B	java.lang.Integer
0x175A1D	Clock manipulated! Future timestamp detected.
0x175A4B	Failed to save secure metadata status
0x175A71	sig
0x175A75	org.json.JSONObject
0x175A89	vd.d
0x175A8E	Consensus failed! Triple mirror rollback.
0x175AB8	javax.crypto.spec.IvParameterSpec
0x175ADA	ub.f0
0x175AE0	sys_state_sign_node
0x175AF4	java.lang.String
0x175B05	AES/CBC/PKCS5Padding
0x175B1A	.sys_cache_node
0x175B2A	timestamp
0x175B34	w8.d
0x175B39	java.lang.CharSequence
0x175B50	Data tampered! Active mirror missing.
0x175B76	verified
0x175B7F	Integrity failed! Signature mismatch.
0x175BA5	Failed to load/decrypt secure license metadata
0x175BD4	java.lang.Exception
0x175BE8	java.nio.charset.StandardCharsets
0x175C0A	java.io.File
0x175C17	AES
0x175C1B	android.util.Base64
0x175C2F	me.yun.fkwechat.core.config.ConfigRepo
0x175C56	.mm_sys_lic_data
0x175C67	SHA-256
0x175C6F	java.lang.Object
0x175C80	java.lang.StringBuilder
0x175C9A	AppMetadata
0x175CA6	:FkWeChatAntiTamperSalt_2026_#
0x175CC5	special_clinit_1_00
0x175CD9	getSharedPreferences
0x175CEE	(Ljava/lang/String;I)Landroid/content/SharedPreferences;
0x175D27	sharedPrefs
0x175D33	Landroid/content/SharedPreferences;
0x175D57	clear
0x175D5D	edit
0x175D62	()Landroid/content/SharedPreferences$Editor;
0x175D8F	INVOKEINTERFACE Object npe
0x175DAA	apply
0x175DB0	INVOKEINTERFACE Void npe
0x175DC9	contains
0x175DD2	(Ljava/lang/String;)Z
0x175DE8	INVOKEINTERFACE Boolean npe
0x175E04	getBoolean
0x175E0F	getFloat
0x175E18	(Ljava/lang/String;F)F
0x175E2F	INVOKEINTERFACE Float npe
0x175E49	getInt
0x175E50	getLong
0x175E58	INVOKEINTERFACE Long npe
0x175E71	remove
0x175E78	(Ljava/lang/String;)Landroid/content/SharedPreferences$Editor;
0x175EB7	setBoolean
0x175EC2	(Ljava/lang/String;Z)V
0x175ED9	putBoolean
0x175EE4	(Ljava/lang/String;Z)Landroid/content/SharedPreferences$Editor;
0x175F24	setFloat
0x175F2D	(Ljava/lang/String;F)V
0x175F44	putFloat
0x175F4D	(Ljava/lang/String;F)Landroid/content/SharedPreferences$Editor;
0x175F8D	setInt
0x175F94	(Ljava/lang/String;I)V
0x175FAB	putInt
0x175FB2	(Ljava/lang/String;I)Landroid/content/SharedPreferences$Editor;
0x175FF2	setLong
0x175FFA	(Ljava/lang/String;J)V
0x176011	putLong
0x176019	(Ljava/lang/String;J)Landroid/content/SharedPreferences$Editor;
0x176059	putString
0x176063	(Ljava/lang/String;Ljava/lang/String;)Landroid/content/SharedPreferences$Editor;
0x1760B4	android.content.SharedPreferences$Editor
0x1760DD	Module_Config_HostLocal
0x1760F5	ConfigRepo
0x176100	Host context is null, configuration will not be persisted.
0x17613B	android.content.SharedPreferences
0x17615D	special_clinit_2_00
0x176171	Lme/yun/fkwechat/core/config/Constants;
0x176199	getAbsolutePath
0x1761A9	PLUGIN_PATH
0x1761B5	getPLUGIN_PATH
0x1761C4	me.yun.fkwechat.core.config.Constants
0x1761EC	FkWeChat/Plugin
0x1761FC	special_clinit_3_00
0x176210	invokeSuspend
0x17621E	(Ljava/lang/Object;)Ljava/lang/Object;
0x176245	result
0x17624C	Ljava/lang/Object;
0x17625F	PUTFIELD Object npe
0x176273	label
0x176279	GETFIELD Int npe
0x17628A	PUTFIELD Int npe
0x17629B	this$0
0x1762A2	Lme/yun/fkwechat/core/config/ControlManager;
0x1762CF	GETFIELD Object npe
0x1762E3	access$autoRegisterFlow
0x1762FB	(Lme/yun/fkwechat/core/config/ControlManager;Landroid/app/Activity;Ljava/lang/String;Ljava/lang/String;Lp8/f;)Ljava/lang/Object;
0x17637C	me.yun.fkwechat.core.config.ControlManager
0x1763A7	me.yun.fkwechat.core.config.ControlManager$autoRegisterFlow$1
0x1763E5	special_clinit_4_20
0x1763F9	create
0x176400	(Ljava/lang/Object;Lp8/f;)Lp8/f;
0x176421	$err
0x176426	$activity
0x176430	Landroid/app/Activity;
0x176447	(Ljava/lang/String;Landroid/app/Activity;Lp8/f;)V
0x176479	invoke
0x176480	(Lec/o0;Lp8/f;)Ljava/lang/Object;
0x1764A2	java/lang/ClassCastException
0x1764BF	cannot cast to 
0x1764CF	me/yun/fkwechat/core/config/ControlManager$autoRegisterFlow$2
0x17650F	Ll8/i0;
0x176517	(Ljava/lang/Object;Ljava/lang/Object;)Ljava/lang/Object;
0x176550	ec/o0
0x176556	p8/f
0x17655D	()Ljava/lang/Object;
0x176574	(Ljava/lang/Object;)V
0x17658A	access$setChecking$p
0x17659F	(Z)V
0x1765A4	(Landroid/app/Activity;Ljava/lang/String;Ljava/lang/String;)V
0x1765E2	l8.i0
0x1765E8	ec.o0
0x1765EE	vd.g
0x1765F3	sd.ea
0x1765F9	服务激活并自动注册成功
0x17661B	zd.p0
0x176621	l8.t
0x176626	q8.c
0x17662B	call to 'resume' before 'invoke' with coroutine
0x17665B	me.yun.fkwechat.core.config.ControlManager$autoRegisterFlow$2
0x176699	p8.f
0x17669E	激活失败
0x1766AB	special_clinit_5_50
0x1766BF	(Lp8/f;)V
0x1766C9	me/yun/fkwechat/core/config/ControlManager$autoRegisterFlow$3$1$1
0x17670B	激活并注册成功
0x176721	me.yun.fkwechat.core.config.ControlManager$autoRegisterFlow$3$1$1
0x176763	special_clinit_6_50
0x176777	$uin
0x17677C	$wxid
0x176782	$nickname
0x17678C	(Ljava/lang/String;Ljava/lang/String;Ljava/lang/String;Lp8/f;)V
0x1767CC	L$0
0x1767D0	java/lang/String
0x1767E1	(Ljava/lang/String;Lp8/f;)Ljava/lang/Object;
0x17680E	me/yun/fkwechat/core/config/ControlManager$autoRegisterFlow$3$1
0x17684E	L$1
0x176852	access$submitRegisterRequest
0x17686F	(Lme/yun/fkwechat/core/config/ControlManager;Ljava/lang/String;Ljava/lang/String;Ljava/lang/String;Ljava/lang/String;Ljava/lang/String;Lp8/f;)Ljava/lang/Object;
0x176910	()Lec/g2;
0x17691A	(Lp8/j;La9/p;Lp8/f;)Ljava/lang/Object;
0x176941	me.yun.fkwechat.core.config.ControlManager$autoRegisterFlow$3$1
0x176981	order
0x176987	ec.d1
0x17698D	r8.l
0x176992	ec.i
0x176997	special_clinit_7_50
0x1769AD	()Ll8/i0;
0x1769B7	myPid
0x1769BD	killProcess
0x1769C9	(I)V
0x1769CE	exit
0x1769D3	(Landroid/app/Activity;Ljava/lang/String;Ljava/lang/String;Ljava/lang/String;Lp8/f;)V
0x176A29	me/yun/fkwechat/core/config/ControlManager$autoRegisterFlow$3
0x176A67	(Landroid/app/Activity;Ljava/lang/String;Ljava/lang/String;Ljava/lang/String;La9/p;La9/a;)V
0x176AC3	android.os.Process
0x176AD6	me.yun.fkwechat.core.config.a
0x176AF4	java.lang.RuntimeException
0x176B0F	me.yun.fkwechat.core.config.ControlManager$autoRegisterFlow$3
0x176B4D	System.exit returned normally, while it was supposed to halt JVM.
0x176B8F	special_clinit_8_60
0x176BA3	(Landroid/app/Activity;Lp8/f;)V
0x176BC3	me/yun/fkwechat/core/config/ControlManager$handleNetworkFallback$2
0x176C06	access$applyLocalBlock
0x176C1D	(Lme/yun/fkwechat/core/config/ControlManager;Landroid/app/Activity;)Z
0x176C63	(Z)Ljava/lang/Boolean;
0x176C7A	r8.b
0x176C7F	me.yun.fkwechat.core.config.ControlManager$handleNetworkFallback$2
0x176CC2	special_clinit_9_50
0x176CD6	onActivityCreated
0x176CE8	(Landroid/app/Activity;Landroid/os/Bundle;)V
0x176D15	onActivityDestroyed
0x176D29	(Landroid/app/Activity;)V
0x176D43	onActivityPaused
0x176D54	onActivityResumed
0x176D66	getName
0x176D70	(Ljava/lang/CharSequence;Ljava/lang/CharSequence;Z)Z
0x176DA5	access$syncLicenseStatus
0x176DBE	(Lme/yun/fkwechat/core/config/ControlManager;Landroid/app/Activity;Ljava/lang/String;Ljava/lang/String;)V
0x176E28	p0
0x176E2B	(Ljava/lang/CharSequence;)Z
0x176E47	onActivitySaveInstanceState
0x176E63	onActivityStarted
0x176E75	onActivityStopped
0x176E87	stub
0x176E8C	AppBrand
0x176E95	com.tencent.mm.ui.LauncherUI
0x176EB2	fd.b
0x176EB7	me.yun.fkwechat.core.config.ControlManager$register$1
0x176EED	Splash
0x176EF4	EntryActivity
0x176F02	java.lang.Class
0x176F12	special_clinit_10_80
0x176F27	me/yun/fkwechat/core/config/ControlManager$showClosedDialog$2
0x176F65	激活提示
0x176F72	me.yun.fkwechat.core.config.ControlManager$showClosedDialog$2
0x176FB0	正常注册通道未开启，暂无权限使用。
0x176FE4	special_clinit_11_50
0x176FF9	$registerType
0x177007	$tradeNo
0x177010	(Ljava/lang/String;Ljava/lang/String;Ljava/lang/String;Ljava/lang/String;Ljava/lang/String;Lp8/f;)V
0x177074	me/yun/fkwechat/core/config/ControlManager$submitRegisterRequest$2
0x1770B7	openConnection
0x1770C6	()Ljava/net/URLConnection;
0x1770E1	java/net/HttpURLConnection
0x1770FC	setRequestMethod
0x17710D	setRequestProperty
0x177120	getProperty
0x17712C	setConnectTimeout
0x17713E	setReadTimeout
0x17714D	setDoOutput
0x177159	getOutputStream
0x177169	()Ljava/io/OutputStream;
0x177182	write
0x177188	(Ljava/io/Closeable;Ljava/lang/Throwable;)V
0x1771B4	getResponseCode
0x1771C4	getInputStream
0x1771D3	()Ljava/io/InputStream;
0x1771EB	(Ljava/io/InputStream;Ljava/nio/charset/Charset;)V
0x17721E	(Ljava/io/Reader;I)V
0x177233	(Ljava/io/Reader;)Ljava/lang/String;
0x177258	optJSONObject
0x177266	(Ljava/lang/String;)Lorg/json/JSONObject;
0x177290	getErrorStream
0x17729F	java.net.HttpURLConnection
0x1772BA	data
0x1772BF	POST
0x1772C4	java.net.URL
0x1772D1	HTTP 
0x1772D7	User-Agent
0x1772E2	application/json; charset=utf-8
0x177302	wxid
0x177307	tradeNo
0x17730F	Android
0x177317	name
0x17731C	http.agent
0x177327	registerType
0x177334	https://cdn.yunpro.club/api/register
0x177359	java.net.URLConnection
0x177370	uin
0x177374	key
0x177378	Content-Type
0x177385	java.io.OutputStream
0x17739A	w8.b
0x17739F	me.yun.fkwechat.core.config.ControlManager$submitRegisterRequest$2
0x1773E2	xd.a
0x1773E7	连接服务器超时，请检查您的网络设置
0x17741B	message
0x177423	java.io.InputStreamReader
0x17743D	w8.e
0x177442	ub.c
0x177447	encrypted
0x177451	java.io.BufferedReader
0x177468	special_clinit_12_50
0x17747D	$role
0x177483	(ILandroid/app/Activity;Lp8/f;)V
0x1774A4	me/yun/fkwechat/core/config/ControlManager$syncLicenseStatus$1$2
0x1774E5	me.yun.fkwechat.core.config.ControlManager$syncLicenseStatus$1$2
0x177526	封禁提示
0x177533	抱歉，您的账号已被加入黑名单，限制使用。
0x177570	special_clinit_13_50
0x177585	(Ljava/lang/String;Landroid/app/Activity;Ljava/lang/String;Lp8/f;)V
0x1775C9	me/yun/fkwechat/core/config/ControlManager$syncLicenseStatus$1
0x177608	java/lang/Exception
0x17761C	L$3
0x177620	org/json/JSONObject
0x177634	L$2
0x177638	java/net/URL
0x177645	L$5
0x177649	L$4
0x17764D	I$0
0x177651	access$handleNetworkFallback
0x17766E	(Lme/yun/fkwechat/core/config/ControlManager;Landroid/app/Activity;Lp8/f;)Ljava/lang/Object;
0x1776CB	Z$0
0x1776D1	PUTFIELD Boolean npe
0x1776E6	I$1
0x1776EA	/login-status
0x1776F8	Licensing
0x177702	Verification and status update connection failed
0x177733	PUT
0x177737	https://cdn.yunpro.club/api/users/
0x17775A	me.yun.fkwechat.core.config.ControlManager$syncLicenseStatus$1
0x177799	special_clinit_14_50
0x1777AE	applyLocalBlock
0x1777BE	(Landroid/app/Activity;)Z
0x1777D8	INVOKESPECIAL Boolean npe
0x1777F2	autoRegisterFlow
0x177803	(Landroid/app/Activity;Ljava/lang/String;Ljava/lang/String;Lp8/f;)Ljava/lang/Object;
0x177858	handleNetworkFallback
0x17786E	(Landroid/app/Activity;Lp8/f;)Ljava/lang/Object;
0x17789F	isChecking
0x1778AA	access$showClosedDialog
0x1778C2	showClosedDialog
0x1778D3	submitRegisterRequest
0x1778E9	(Ljava/lang/String;Ljava/lang/String;Ljava/lang/String;Ljava/lang/String;Ljava/lang/String;Lp8/f;)Ljava/lang/Object;
0x17795E	syncLicenseStatus
0x177970	getVerified
0x17797C	getRole
0x177984	me/yun/fkwechat/core/config/ControlManager$autoRegisterFlow$1
0x1779C2	(Lme/yun/fkwechat/core/config/ControlManager;Lp8/f;)V
0x1779F8	android/app/Activity
0x177A0D	L$8
0x177A11	L$7
0x177A15	L$6
0x177A19	L$9
0x177A1D	Z$2
0x177A21	GETFIELD Boolean npe
0x177A36	Z$1
0x177A3A	register
0x177A43	(Landroid/app/Application;)V
0x177A60	registerActivityLifecycleCallbacks
0x177A83	(Landroid/app/Application$ActivityLifecycleCallbacks;)V
0x177ABB	()Lec/k0;
0x177AC5	(Lp8/j;)Lec/o0;
0x177AD5	(Lec/o0;Lp8/j;Lec/q0;La9/p;ILjava/lang/Object;)Lec/w1;
0x177B0C	您的本地离线授权已过期（已超出12小时无网限制），请确保您的手机已连接网络以自动重新校准授权。
0x177B96	联网激活提示
0x177BA9	本程序首次使用需要联网进行自助注册与授权激活，请确保您的手机已连接网络。
0x177C16	ec.p0
0x177C1C	授权过期提示
0x177C2F	android.app.Application
0x177C47	GET
0x177C4B	true
0x177C50	openNormalRegistration
0x177C67	openOrderRegistration
0x177C7D	normal
0x177C84	抱歉，您的微信账号已被加入黑名单，限制使用。
0x177CC7	false
0x177CCD	https://cdn.yunpro.club/api/settings
0x177CF2	openRegistration
0x177D03	android.app.Activity
0x177D18	special_clinit_15_00
0x177D2D	copy$default
0x177D3A	(Lme/yun/fkwechat/core/config/LicData;ZIILjava/lang/Object;)Lme/yun/fkwechat/core/config/LicData;
0x177D9C	copy
0x177DA1	(ZI)Lme/yun/fkwechat/core/config/LicData;
0x177DCB	component1
0x177DD6	component2
0x177DE1	equals
0x177DE8	(Ljava/lang/Object;)Z
0x177DFE	me/yun/fkwechat/core/config/LicData
0x177E22	hashCode
0x177E2B	(Z)I
0x177E30	(I)I
0x177E37	, role=
0x177E3F	LicData(verified=
0x177E51	java.lang.Boolean
0x177E63	special_clinit_16_00
0x177E78	special_clinit_17_20
0x177E8D	Lme/yun/fkwechat/loader/LoaderCore;
0x177EB1	isInitialized
0x177EBF	Ljava/util/concurrent/atomic/AtomicBoolean;
0x177EEB	()Lod/g;
0x177EF6	(Ljava/io/File;)V
0x177F08	Ll8/s$a;
0x177F13	(Ljava/lang/Throwable;)Ljava/lang/Object;
0x177F3D	(Ljava/lang/Object;)Ljava/lang/Throwable;
0x177F6B	startTime
0x177F79	bootstrap
0x177F83	(Landroid/app/Application;)Z
0x177FA0	buildDetailInfo
0x177FB0	compareAndSet
0x177FBE	(ZZ)Z
0x177FC4	initialize
0x177FCF	hostVersionName
0x177FDF	hostVersionCode
0x177FEF	moduleVersionName
0x178001	moduleVersionCode
0x178013	initFeature
0x17801F	(Ljava/lang/String;La9/a;)V
0x17803B	Lcd/c;
0x178042	(Ljava/lang/Runnable;Ljava/lang/String;)V
0x17806C	setDaemon
0x178076	start
0x17807C	setPriority
0x178088	FkWeChat-Hook-Thread
0x17809D	LoaderCore
0x1780A8	fd.j
0x1780AD	Thread hook error
0x1780BF	fd.i
0x1780C4	java.lang.Thread
0x1780D5	fd.g
0x1780DA	fd.d
0x1780DF	Total cost: 
0x1780EC	Failed to initialize Context
0x178109	 init failed
0x178116	ms
0x178119	me.yun.fkwechat.loader.LoaderCore
0x17813D	Plugin load error
0x17814F	NetworkBridge init failed
0x178169	cd.c
0x17816E	Hook successfully completed!
0x17818B	od.g
0x178190	FkWeChat-Plugin-Thread
0x1781A7	Host: 
0x1781AE	a9.a
0x1781B3	java.util.concurrent.atomic.AtomicBoolean
0x1781DD	AccountBridge init failed
0x1781F7	ld.a
0x1781FC	pd.c
0x178201	ld.b
0x178206	ld.c
0x17820B	l8.s
0x178210	RelationBridge init failed
0x17822B	McpServer init failed
0x178241	DatabaseBridge init failed
0x17825C	) Module: 
0x178267	MessageBridge init failed
0x178281	ed.a
0x178286	special_clinit_18_00
0x17829B	Lme/yun/fkwechat/loader/api/HookEngine;
0x1782C3	(Lmd/k;Lmd/i;)Ll8/i0;
0x1782D9	(Lmd/i;)V
0x1782E3	(Lmd/k;Lmd/i;)Ljava/lang/Object;
0x178304	getResult
0x17830E	hookAfter
0x178318	(Ljava/lang/reflect/Member;Ljava/lang/String;Lmd/k;)Lmd/h;
0x178353	provider
0x17835C	Lmd/j;
0x178363	(Lmd/k;)V
0x17836D	hook
0x178372	(Ljava/lang/reflect/Member;Ljava/lang/String;La9/l;La9/l;)Lmd/h;
0x1783B3	(Ljava/lang/reflect/Member;Lmd/k;)Lmd/h;
0x1783DC	(Lmd/j;Ljava/lang/reflect/Member;Ljava/lang/String;La9/l;La9/l;ILjava/lang/Object;)Lmd/h;
0x178436	hookAllConstructorsBefore
0x178450	(Ljava/lang/Class;Lmd/k;)V
0x17846B	getDeclaredConstructors
0x178483	()[Ljava/lang/reflect/Constructor;
0x1784A6	AALOAD npe
0x1784B1	hookBefore
0x1784BC	hookAllMethodsAfter
0x1784D0	(Ljava/lang/Class;Ljava/lang/String;Lmd/k;)V
0x1784FD	getDeclaredMethods
0x178510	()[Ljava/lang/reflect/Method;
0x17852E	add
0x178532	iterator
0x17853B	()Ljava/util/Iterator;
0x178552	hasNext
0x17855A	next
0x17855F	java/lang/reflect/Method
0x178578	hookAllMethodsBefore
0x17858D	hookMethodAfter
0x17859D	(Ljava/lang/Class;Ljava/lang/String;Lmd/k;)Lmd/h;
0x1785CF	hookMethodBefore
0x1785E0	hookReplace
0x1785EC	(Ljava/lang/reflect/Member;Ljava/lang/String;La9/l;)Lmd/h;
0x178627	(Lmd/j;Ljava/lang/reflect/Member;Ljava/lang/String;La9/l;ILjava/lang/Object;)Lmd/h;
0x17867B	replaceHook
0x178687	(Ljava/lang/String;Lmd/k;)V
0x1786A3	(Ljava/lang/String;La9/l;)V
0x1786BF	unhook
0x1786C6	java.lang.NoSuchMethodException
0x1786E6	Method 
0x1786EE	 not found in class 
0x178703	java.lang.reflect.Method
0x17871C	java.util.Collection
0x178731	java.lang.Iterable
0x178744	java.util.ArrayList
0x178758	md.j
0x17875D	me.yun.fkwechat.loader.api.HookEngine
0x178783	md.i
0x178788	md.g
0x17878D	java.util.Iterator
0x1787A0	md.k
0x1787A5	md.b
0x1787AA	md.a
0x1787AF	md.f
0x1787B4	md.e
0x1787B9	md.d
0x1787BE	md.c
0x1787C3	special_clinit_19_00
0x1787D8	initLSPlant
0x1787E4	ANEWARRAY array size < 0
0x1787FD	AASTORE npe
0x17880B	(Ljava/lang/String;Ljava/lang/String;)I
0x178833	getMessage
0x17883E	loadLibrary
0x17884A	nativeInitLSPlant
0x17885C	getStackTrace
0x17886A	()[Ljava/lang/StackTraceElement;
0x17888B	(Ljava/lang/Object;)Ljava/lang/StringBuilder;
0x1788B9	nativeHook
0x1788C4	(Ljava/lang/reflect/Executable;Ljava/lang/Object;Z)Z
0x1788F9	nativeUnhook
0x178906	(Ljava/lang/reflect/Method;)Z
0x178924	fkw_zygisk
0x17892F	System.loadLibrary(fkw_zygisk) OK
0x178951	All System.load paths failed, trying System.loadLibrary...
0x17898C	) unexpected: 
0x17899B	System.load(
0x1789A8	android.util.Log
0x1789B9	  at 
0x1789BF	) OK
0x1789C4	 — 
0x1789CA	Trying System.load(
0x1789DE	) failed: 
0x1789E9	nativeInitLSPlant threw: 
0x178A03	nativeInitLSPlant() returned: 
0x178A22	)...
0x178A27	FkWeChat/ZE
0x178A33	Calling nativeInitLSPlant()...
0x178A52	java.lang.Throwable
0x178A66	me.yun.fkwechat.loader.driver.HookProviderZygisk
0x178A97	System.loadLibrary also failed: 
0x178AB8	nativeInitLSPlant UnsatisfiedLinkError: 
0x178AE1	/data/adb/modules_update/fkwechat/lib/arm64-v8a/libfkw_zygisk.so
0x178B22	/data/adb/modules/fkwechat/lib/arm64-v8a/libfkw_zygisk.so
0x178B5C	java.lang.UnsatisfiedLinkError
0x178B7B	me.yun.fkwechat.loader.driver.HookProviderZygisk$Companion
0x178BB6	special_clinit_20_60
0x178BCB	callback
0x178BD4	([Ljava/lang/Object;)Ljava/lang/Object;
0x178BFC	isStatic
0x178C05	(Ljava/lang/Object;Ljava/lang/Object;)Ll8/r;
0x178C34	([Ljava/lang/Object;II)[Ljava/lang/Object;
0x178C5F	[Ljava/lang/Object;
0x178C73	(Ljava/lang/Object;[Ljava/lang/Object;)V
0x178C9C	replace
0x178CA4	La9/l;
0x178CAD	before
0x178CB4	isResultSet
0x178CC0	backup
0x178CC7	Ljava/lang/reflect/Method;
0x178CE2	copyOf
0x178CE9	([Ljava/lang/Object;I)[Ljava/lang/Object;
0x178D13	(Ljava/lang/Object;[Ljava/lang/Object;)Ljava/lang/Object;
0x178D4D	setResultInternal
0x178D5F	setThrowable
0x178D6C	(Ljava/lang/Throwable;)V
0x178D85	getTargetException
0x178D98	()Ljava/lang/Throwable;
0x178DB0	after
0x178DB6	getThrowable
0x178DC3	java.util.Arrays
0x178DD4	m8.r
0x178DD9	java.lang.reflect.InvocationTargetException
0x178E05	me.yun.fkwechat.loader.driver.HookProviderZygisk$ZygiskHookEntry
0x178E46	a9.l
0x178E4B	me.yun.fkwechat.loader.driver.HookProviderZygisk$ZygiskHookParam
0x178E8C	l8.r
0x178E91	l8.x
0x178E96	special_clinit_21_00
0x178EAB	method
0x178EB2	Companion
0x178EBC	Lme/yun/fkwechat/loader/driver/HookProviderZygisk$Companion;
0x178EF9	me.yun.fkwechat.loader.driver.HookProviderZygisk$ZygiskHookHandle
0x178F3B	special_clinit_22_00
0x178F50	arg
0x178F54	(I)Ljava/lang/Object;
0x178F6A	getArgs
0x178F72	()[Ljava/lang/Object;
0x178F88	args
0x178F8D	getHasThrowable
0x178F9D	_result
0x178FA5	getThisObject
0x178FB3	thisObject
0x178FBE	throwable
0x178FC8	Ljava/lang/Throwable;
0x178FDE	setArg
0x178FE5	(ILjava/lang/Object;)V
0x178FFC	setResult
0x179006	setResultSet
0x179013	skipWith
0x17901C	special_clinit_23_140
0x179032	(Lb9/k;)V
0x17903C	(Lme/yun/fkwechat/loader/driver/HookProviderZygisk$ZygiskHookEntry;Ljava/lang/reflect/Method;)V
0x17909C	handles
0x1790A4	Ljava/util/concurrent/ConcurrentHashMap;
0x1790CD	me/yun/fkwechat/loader/driver/HookProviderZygisk$ZygiskHookHandle
0x17910F	getModifiers
0x17911C	(I)Z
0x179121	(La9/l;La9/l;La9/l;Ljava/lang/reflect/Method;ZLjava/lang/reflect/Member;)V
0x17916C	log
0x179170	(ILjava/lang/String;Ljava/lang/String;)V
0x179199	println
0x1791A1	(ILjava/lang/String;Ljava/lang/String;)I
0x1791CA	java.util.Map
0x1791D8	java.util.concurrent.ConcurrentHashMap
0x1791FF	java.lang.reflect.Modifier
0x17921A	special_clinit_24_00
0x17922F	intercept
0x179239	(Lio/github/libxposed/api/XposedInterface$Chain;)Ljava/lang/Object;
0x17927D	(La9/l;Lio/github/libxposed/api/XposedInterface$Chain;)Ll8/i0;
0x1792BC	me.yun.fkwechat.loader.driver.c
0x1792DC	me.yun.fkwechat.loader.driver.a
0x1792FC	special_clinit_25_20
0x179311	(La9/l;La9/l;Lio/github/libxposed/api/XposedInterface$Chain;)Ljava/lang/Object;
0x179361	me.yun.fkwechat.loader.driver.b
0x179381	special_clinit_26_20
0x179396	getMethods
0x1793A1	getParameterCount
0x1793B3	java/lang/reflect/InvocationTargetException
0x1793DF	(Lio/github/libxposed/api/XposedInterface$HookHandle;)V
0x179417	Lio/github/libxposed/api/XposedInterface;
0x179441	java/lang/reflect/Executable
0x17945E	(Ljava/lang/reflect/Executable;)Lio/github/libxposed/api/XposedInterface$HookBuilder;
0x1794B4	setId
0x1794BA	(Ljava/lang/String;)Lio/github/libxposed/api/XposedInterface$HookBuilder;
0x179504	(La9/l;La9/l;)V
0x179514	(Lio/github/libxposed/api/XposedInterface$Hooker;)Lio/github/libxposed/api/XposedInterface$HookHandle;
0x17957B	(La9/l;)V
0x179585	get
0x179589	me/yun/fkwechat/loader/driver/f
0x1795A9	()Lio/github/libxposed/api/XposedInterface$HookHandle;
0x1795E0	md/h
0x1795E5	Array contains no element matching the predicate.
0x179617	io.github.libxposed.api.XposedInterface$HookBuilder
0x17964B	java.lang.reflect.Executable
0x179668	proceed
0x179670	io.github.libxposed.api.XposedInterface
0x179698	java.util.NoSuchElementException
0x1796B9	md.h
0x1796BE	io.github.libxposed.api.XposedInterface$HookHandle
0x1796F1	me.yun.fkwechat.loader.driver.f
0x179711	me.yun.fkwechat.loader.driver.e
0x179731	special_clinit_27_00
0x179746	()Ljava/lang/reflect/Member;
0x179763	Ljava/lang/reflect/Member;
0x17977E	()Lde/robv/android/xposed/XC_MethodHook;
0x1797A7	Lde/robv/android/xposed/XC_MethodHook;
0x1797CE	unhookMethod
0x1797DB	(Ljava/lang/reflect/Member;Lde/robv/android/xposed/XC_MethodHook;)V
0x17981F	me.yun.fkwechat.loader.driver.d$a
0x179841	de.robv.android.xposed.XposedBridge
0x179865	special_clinit_28_40
0x17987A	afterHookedMethod
0x17988C	(Lde/robv/android/xposed/XC_MethodHook$MethodHookParam;)V
0x1798C6	beforeHookedMethod
0x1798D9	me.yun.fkwechat.loader.driver.d$b
0x1798FB	me.yun.fkwechat.loader.driver.g
0x17991B	special_clinit_29_30
0x179930	replaceHookedMethod
0x179944	(Lde/robv/android/xposed/XC_MethodHook$MethodHookParam;)Ljava/lang/Object;
0x17998F	me.yun.fkwechat.loader.driver.d$c
0x1799B1	special_clinit_30_20
0x1799C6	me.yun.fkwechat.loader.driver.d$d
0x1799E8	special_clinit_31_20
0x1799FD	hookMethod
0x179A08	(Ljava/lang/reflect/Member;Lde/robv/android/xposed/XC_MethodHook;)Lde/robv/android/xposed/XC_MethodHook$Unhook;
0x179A78	(Lde/robv/android/xposed/XC_MethodHook;Ljava/lang/reflect/Member;)V
0x179ABC	me/yun/fkwechat/loader/driver/d$a
0x179AE0	] 
0x179AE3	me.yun.fkwechat.loader.driver.d
0x179B03	special_clinit_32_00
0x179B18	special_clinit_33_110
0x179B2E	Lio/github/libxposed/api/XposedInterface$HookHandle;
0x179B63	special_clinit_34_30
0x179B78	Lde/robv/android/xposed/XC_MethodHook$MethodHookParam;
0x179BAF	de.robv.android.xposed.XC_MethodHook$MethodHookParam
0x179BE4	special_clinit_35_70
0x179BF9	onPackageLoaded
0x179C09	(Lio/github/libxposed/api/XposedModuleInterface$PackageLoadedParam;)V
0x179C4F	getPackageName
0x179C5E	detach
0x179C65	(Ljava/io/File;Ljava/nio/charset/Charset;ILjava/lang/Object;)Ljava/lang/String;
0x179CB5	NEWARRAY Char array size < 0
0x179CD2	CASTORE npe
0x179CDE	s1
0x179CE1	(Ljava/lang/String;[C)Ljava/lang/String;
0x179D0A	getApiVersion
0x179D18	apiVersion
0x179D23	(Lio/github/libxposed/api/XposedInterface;)V
0x179D50	com.tencent.mm
0x179D5F	io.github.libxposed.api.XposedModule
0x179D84	/proc/self/cmdline
0x179D97	me.yun.fkwechat.loader.entry.Xp102Entry
0x179DBF	ld.e
0x179DC4	io.github.libxposed.api.XposedModuleInterface$PackageLoadedParam
0x179E05	special_clinit_36_00
0x179E1A	handleLoadPackage
0x179E2C	(Lde/robv/android/xposed/callbacks/XC_LoadPackage$LoadPackageParam;)V
0x179E72	processName
0x179E7E	classLoader
0x179E8A	Ljava/lang/ClassLoader;
0x179EA2	TRUE
0x179EA7	Ljava/lang/Boolean;
0x179EBB	returnConstant
0x179ECA	(Ljava/lang/Object;)Lde/robv/android/xposed/XC_MethodReplacement;
0x179F0C	findAndHookMethod
0x179F1E	(Ljava/lang/String;Ljava/lang/ClassLoader;Ljava/lang/String;[Ljava/lang/Object;)Lde/robv/android/xposed/XC_MethodHook$Unhook;
0x179F9C	packageName
0x179FA8	getXposedVersion
0x179FB9	de.robv.android.xposed.XC_MethodReplacement
0x179FE5	isModuleActive
0x179FF4	me.yun.fkwechat.ui.activity.MainActivity
0x17A01D	me.yun.fkwechat
0x17A02D	de.robv.android.xposed.callbacks.XC_LoadPackage$LoadPackageParam
0x17A06E	me.yun.fkwechat.loader.entry.Xp82Entry
0x17A095	de.robv.android.xposed.XposedHelpers
0x17A0BA	special_clinit_37_00
0x17A0CF	getApplication
0x17A0DE	()Landroid/app/Application;
0x17A0FA	forName
0x17A102	(Ljava/lang/String;)Ljava/lang/Class;
0x17A128	getMethod
0x17A132	(Ljava/lang/String;[Ljava/lang/Class;)Ljava/lang/reflect/Method;
0x17A173	android/app/Application
0x17A18B	run
0x17A18F	retries
0x17A197	java/lang/ArithmeticException
0x17A1B5	IREM % by 0
0x17A1C3	getMainLooper
0x17A1D1	()Landroid/os/Looper;
0x17A1E7	(Landroid/os/Looper;)V
0x17A1FE	postDelayed
0x17A20A	(Ljava/lang/Runnable;J)Z
0x17A223	(Ljava/lang/String;Ljava/lang/String;Ljava/lang/Throwable;)I
0x17A260	currentApplication
0x17A273	LoaderCore.bootstrap() done ✓
0x17A293	android.os.Handler
0x17A2A6	android.os.Looper
0x17A2B8	WeChat Application: 
0x17A2CD	me.yun.fkwechat.loader.entry.ZygiskEntry$BootstrapTask
0x17A304	ms)
0x17A308	Native libs preloaded via memfd — skipping System.loadLibrary
0x17A348	Giving up — WeChat Application not found after 15 seconds
0x17A384	AppConfig.hostProcessName set to: 
0x17A3A7	 (Captured in 
0x17A3B6	/150)
0x17A3BC	android.app.ActivityThread
0x17A3D7	App not ready (retry 
0x17A3ED	Bootstrap failed
0x17A3FE	special_clinit_38_30
0x17A413	()Ljava/util/Set;
0x17A425	Ljava/lang/reflect/Executable;
0x17A444	arraycopy
0x17A44E	(Ljava/lang/Object;ILjava/lang/Object;II)V
0x17A479	java/lang/reflect/Constructor
0x17A497	newInstance
0x17A4A3	Failed to invoke LoadedApk.<init> backup
0x17A4CC	java.util.Set
0x17A4DA	me.yun.fkwechat.loader.entry.ZygiskEntry
0x17A503	java.lang.reflect.Constructor
0x17A521	me.yun.fkwechat.loader.entry.ZygiskEntry$LoadedApkCtorMarker
0x17A55E	special_clinit_39_20
0x17A573	newKeySet
0x17A57D	()Ljava/util/concurrent/ConcurrentHashMap$KeySetView;
0x17A5B3	sTrackedLoadedApks
0x17A5C6	Ljava/util/Set;
0x17A5D6	bootstrapAfterLSPlant
0x17A5EC	(Ljava/lang/ClassLoader;)V
0x17A607	getClassLoader
0x17A616	()Ljava/lang/ClassLoader;
0x17A630	getDeclaredField
0x17A641	(Ljava/lang/String;)Ljava/lang/reflect/Field;
0x17A66F	setAccessible
0x17A67D	set
0x17A681	(Ljava/lang/Object;Ljava/lang/Object;)V
0x17A6A9	post
0x17A6AE	(Ljava/lang/Runnable;)Z
0x17A6C6	concat
0x17A6CD	installBootstrapHook
0x17A6E2	getDeclaredMethod
0x17A6F4	invokeBackup
0x17A701	([Ljava/lang/Object;)V
0x17A718	resolveClass
0x17A725	(Ljava/lang/ClassLoader;Ljava/lang/String;)Ljava/lang/Class;
0x17A762	tryLoadClass
0x17A76F	getSystemClassLoader
0x17A784	(Ljava/lang/String;ZLjava/lang/ClassLoader;)Ljava/lang/Class;
0x17A7C2	sAppClassLoader
0x17A7D2	java/lang/ClassLoader
0x17A7E8	nativeOnAppClassLoaderReady
0x17A804	Bootstrap hook installed: getClassLoader()
0x17A82F	STEP2: HookEngine.provider ✓
0x17A84E	STEP2: setting HookEngine.provider...
0x17A874	===== bootstrapAfterLSPlant() done =====
0x17A89D	STEP1: THREW: 
0x17A8AC	STEP3: BootstrapTask scheduled ✓
0x17A8CF	===== ZygiskEntry.init() =====
0x17A8EE	STEP3: scheduling fast-poll BootstrapTask...
0x17A91B	Failed to invoke backup
0x17A933	STEP1: calling initLSPlant()...
0x17A953	Unknown backup type: 
0x17A969	Bootstrap hook FAILED
0x17A97F	STEP1: LSPlant init returned FALSE
0x17A9A2	java.lang.ClassLoader
0x17A9B8	 found via own classloader
0x17A9D3	android.app.LoadedApk
0x17A9E9	java.lang.StackTraceElement
0x17AA05	STEP3: THREW: 
0x17AA14	===== bootstrapAfterLSPlant() =====
0x17AA38	STEP2: THREW: 
0x17AA47	java.lang.reflect.AccessibleObject
0x17AA6A	ClassLoader from getClassLoader(): 
0x17AA8E	===== ZygiskEntry.init() done =====
0x17AAB2	java.lang.reflect.Field
0x17AACA	STEP1: LSPlant ready ✓
0x17AAE3	Classloader: 
0x17AAF1	installBootstrapHook threw
0x17AB0C	backup.invoke threw
0x17AB20	java.lang.ClassNotFoundException
0x17AB41	 found via system classloader
0x17AB5F	callback error
0x17AB6E	special_clinit_40_00
0x17AB85	(Lme/yun/fkwechat/ui/activity/MainActivity;Landroidx/compose/runtime/r;I)Ll8/i0;
0x17ABD8	(ZI)Z
0x17ABE0	(IIILjava/lang/String;)V
0x17ABF9	Landroidx/compose/runtime/r$a;
0x17AC18	(Lme/yun/fkwechat/ui/activity/MainActivity;)V
0x17AC48	a9/a
0x17AC4F	(ZLa9/a;La9/a;ZLandroidx/compose/runtime/r;I)V
0x17AC84	(Lme/yun/fkwechat/ui/activity/MainActivity;)Ll8/i0;
0x17ACBE	(Lx3/o1;Lme/yun/fkwechat/ui/activity/MainActivity;Landroidx/compose/runtime/r;I)Ll8/i0;
0x17AD16	(Landroidx/compose/runtime/r;I)Z
0x17AD37	(Z)Z
0x17AD3C	(Lx3/o1;Z)V
0x17AD48	(La9/a;Landroidx/compose/runtime/r;I)V
0x17AD6F	(IZLjava/lang/Object;Landroidx/compose/runtime/r;I)Le1/f;
0x17ADA9	(ZZLa9/p;Landroidx/compose/runtime/r;II)V
0x17ADD5	(Lx3/o1;Z)Ll8/i0;
0x17ADE9	Ll1/m$a;
0x17ADF2	(Ll1/m;FILjava/lang/Object;)Ll1/m;
0x17AE15	Ls0/v5;
0x17AE1D	(Landroidx/compose/runtime/r;I)Ls0/h1;
0x17AE44	(Ll1/m;Ls1/i3;JJFFLn/w;La9/p;Landroidx/compose/runtime/r;II)V
0x17AE82	(Landroid/content/Context;Ljava/lang/String;)V
0x17AEB1	getPackageManager
0x17AEC3	()Landroid/content/pm/PackageManager;
0x17AEE9	setComponentEnabledSetting
0x17AF04	(Landroid/content/ComponentName;II)V
0x17AF29	makeText
0x17AF32	(Landroid/content/Context;Ljava/lang/CharSequence;I)Landroid/widget/Toast;
0x17AF7D	show
0x17AF82	recreate
0x17AF8B	onCreate
0x17AF94	(Landroid/os/Bundle;)V
0x17AFAB	getApplicationContext
0x17AFC1	()Landroid/content/Context;
0x17AFDD	getWindow
0x17AFE7	()Landroid/view/Window;
0x17AFFF	(Landroid/view/Window;Z)V
0x17B019	getDecorView
0x17B026	()Landroid/view/View;
0x17B03C	(Landroid/view/Window;Landroid/view/View;)V
0x17B068	(Lx3/o1;Lme/yun/fkwechat/ui/activity/MainActivity;)V
0x17B09D	(IZLjava/lang/Object;)Le1/f;
0x17B0BA	(Lb/h;Landroidx/compose/runtime/e0;La9/p;ILjava/lang/Object;)V
0x17B0F9	getComponentEnabledSetting
0x17B114	(Landroid/content/ComponentName;)I
0x17B137	addCategory
0x17B143	(Ljava/lang/String;)Landroid/content/Intent;
0x17B170	setComponent
0x17B17D	(Landroid/content/ComponentName;)Landroid/content/Intent;
0x17B1B7	setFlags
0x17B1C0	(I)Landroid/content/Intent;
0x17B1DC	startActivity
0x17B1EA	(Landroid/content/Intent;)V
0x17B206	getLaunchIntentForPackage
0x17B220	me.yun.fkwechat.ui.activity.MainActivity.onCreate.<anonymous> (MainActivity.kt:91)
0x17B273	android.content.pm.PackageManager
0x17B295	x3.o1
0x17B29B	androidx.compose.runtime.g1
0x17B2B7	androidx.compose.runtime.c0
0x17B2D3	qd.c0
0x17B2D9	c.a
0x17B2DD	s0.v5
0x17B2E3	桌面图标已恢复
0x17B2F9	me.yun.fkwechat.ui.activity.MainActivity.onCreate.<anonymous>.<anonymous>.<anonymous> (MainActivity.kt:95)
0x17B364	androidx.compose.runtime.r$a
0x17B381	x3.x
0x17B386	l1.m
0x17B38B	操作失败: 
0x17B39A	android.view.Window
0x17B3AE	android.intent.category.LAUNCHER
0x17B3CF	e1.l
0x17B3D4	未找到微信
0x17B3E4	androidx.compose.runtime.r
0x17B3FF	android.content.Intent
0x17B416	.ui.activity.MainActivityLauncher
0x17B438	s0.h1
0x17B43E	s0.sa
0x17B444	android.widget.Toast
0x17B459	b.h
0x17B45D	me.yun.fkwechat.ui.activity.MainActivity.onCreate.<anonymous>.<anonymous> (MainActivity.kt:94)
0x17B4BC	android.content.ComponentName
0x17B4DA	android.intent.action.MAIN
0x17B4F5	n.p0
0x17B4FA	ud.c
0x17B4FF	t.f3
0x17B504	1.2.6
0x17B50A	qd.g
0x17B50F	桌面图标已隐藏
0x17B525	qd.h
0x17B52A	qd.i
0x17B52F	qd.j
0x17B534	qd.e
0x17B539	qd.f
0x17B53E	special_clinit_41_00
0x17B553	(Lme/yun/fkwechat/ui/activity/ManagerActivity;Landroidx/compose/runtime/r;I)Ll8/i0;
0x17B5A7	onCreate$lambda$0$0$0$0
0x17B5BF	onCreate$lambda$0$0
0x17B5D3	onCreate$lambda$0$0$0
0x17B5E9	(Lme/yun/fkwechat/ui/activity/ManagerActivity;)Ll8/i0;
0x17B620	onCreate$lambda$0$0$0$0$0$0
0x17B63C	()Landroidx/compose/runtime/h3;
0x17B65C	(Ljava/lang/Object;)Landroidx/compose/runtime/i3;
0x17B68E	(Lme/yun/fkwechat/ui/activity/ManagerActivity;)V
0x17B6BF	(Landroidx/compose/runtime/i3;La9/p;Landroidx/compose/runtime/r;I)V
0x17B705	finish
0x17B70C	attachBaseContext
0x17B71E	(Landroid/content/Context;)V
0x17B73B	createPackageContext
0x17B750	(Ljava/lang/String;I)Landroid/content/Context;
0x17B77F	getLifecycle
0x17B78C	()Landroidx/lifecycle/k;
0x17B7A5	lifecycleRegistry
0x17B7B7	Landroidx/lifecycle/q;
0x17B7CE	getSavedStateRegistry
0x17B7E4	()Lm4/g;
0x17B7ED	savedStateController
0x17B802	Lm4/i;
0x17B809	Landroidx/lifecycle/k$b;
0x17B822	(Landroidx/lifecycle/k$b;)V
0x17B83E	setStatusBarColor
0x17B850	(Landroid/content/Context;Landroid/util/AttributeSet;IILb9/k;)V
0x17B890	(Landroid/view/View;Landroidx/lifecycle/o;)V
0x17B8BD	(Landroid/view/View;Lm4/j;)V
0x17B8DA	Lm2/f3$d;
0x17B8E4	setViewCompositionStrategy
0x17B8FF	(Lm2/f3;)V
0x17B90A	setContent
0x17B915	(La9/p;)V
0x17B91F	setContentView
0x17B92E	(Landroid/view/View;)V
0x17B945	onDestroy
0x17B94F	onKeyDown
0x17B959	(ILandroid/view/KeyEvent;)Z
0x17B975	onResume
0x17B97E	onSaveInstanceState
0x17B992	onStart
0x17B99A	qd.g0
0x17B9A0	androidx.lifecycle.p0
0x17B9B6	m2.i0
0x17B9BC	m4.i
0x17B9C1	androidx.lifecycle.k$b
0x17B9D8	m4.n
0x17B9DD	me.yun.fkwechat.ui.activity.ManagerActivity.onCreate.<anonymous>.<anonymous> (ManagerActivity.kt:46)
0x17BA42	qd.f0
0x17BA48	androidx.compose.runtime.h3
0x17BA64	m2.a
0x17BA69	qd.e0
0x17BA6F	androidx.compose.runtime.i3
0x17BA8B	me.yun.fkwechat.ui.activity.ManagerActivity.onCreate.<anonymous>.<anonymous>.<anonymous> (ManagerActivity.kt:47)
0x17BAFC	me.yun.fkwechat.ui.activity.ManagerActivity
0x17BB28	androidx.lifecycle.q
0x17BB3D	m2.k1
0x17BB43	me.yun.fkwechat.ui.activity.ManagerActivity.onCreate.<anonymous>.<anonymous>.<anonymous>.<anonymous> (ManagerActivity.kt:48)
0x17BBC0	qd.d0
0x17BBC6	m2.f3$d
0x17BBCE	androidx.compose.runtime.o0
0x17BBEA	sd.nb
0x17BBF0	special_clinit_42_00
0x17BCF8	Android (7155654, based on r399163b1) clang version 11.0.5 (https://android.googlesource.com/toolchain/llvm-project 87f1315dfbea7c137aa2e6d362dbb457e388158d)
0x17BD96	Linker: LLD 11.0.5 (/buildbot/src/android/llvm-r399163b/out/llvm-project/lld 87f1315dfbea7c137aa2e6d362dbb457e388158d)
0x17BE0E	.init_array
0x17BE1A	.fini_array
0x17BE26	.text
0x17BE2C	.got
0x17BE31	.comment
0x17BE3A	.note.android.ident
0x17BE4E	.got.plt
0x17BE57	.rela.plt
0x17BE61	.bss
0x17BE66	.dynstr
0x17BE6E	.eh_frame_hdr
0x17BE7C	.gnu.version_r
0x17BE8B	.data.rel.ro
0x17BE98	.rela.dyn
0x17BEA2	.gnu.version
0x17BEAF	.dynsym
0x17BEB7	.gnu.hash
0x17BEC1	.eh_frame
0x17BECB	.gcc_except_table
0x17BEDD	.note.gnu.build-id
0x17BEF0	.dynamic
0x17BEF9	.shstrtab
0x17BF03	.rodata
0x17BF0B	.data
0x17BFF8	 I
0x17C068	0R
0x17C070	0R
0x17C0A8	pR
0x17C0B0	pR
0x17C1F8	Y:
0x17C278	<%
