"Root"	"RelativePath"	"Bytes"	"Extension"
"FkWeChat_1.2.6-extracted"	"AndroidManifest.xml"	"7416"	".xml"
"FkWeChat_1.2.6-extracted"	"assets\assets.zip"	"9034"	".zip"
"FkWeChat_1.2.6-extracted"	"assets\assets\+1.png"	"834"	".png"
"FkWeChat_1.2.6-extracted"	"assets\assets\about.png"	"2010"	".png"
"FkWeChat_1.2.6-extracted"	"assets\assets\ai.png"	"2542"	".png"
"FkWeChat_1.2.6-extracted"	"assets\assets\analy.png"	"630"	".png"
"FkWeChat_1.2.6-extracted"	"assets\assets\icon.png"	"2530"	".png"
"FkWeChat_1.2.6-extracted"	"assets\dexopt\baseline.prof"	"8652"	".prof"
"FkWeChat_1.2.6-extracted"	"assets\dexopt\baseline.profm"	"1270"	".profm"
"FkWeChat_1.2.6-extracted"	"assets\protected_by_np\ApkDex2CPro_c35bd4c930a0407088b93d251f6cadd9.txt"	"142"	".txt"
"FkWeChat_1.2.6-extracted"	"assets\PublicSuffixDatabase.list"	"132737"	".list"
"FkWeChat_1.2.6-extracted"	"assets\xposed_init"	"38"	""
"FkWeChat_1.2.6-extracted"	"classes.dex"	"13374992"	".dex"
"FkWeChat_1.2.6-extracted"	"classes2.dex"	"7473808"	".dex"
"FkWeChat_1.2.6-extracted"	"classes3.dex"	"39024"	".dex"
"FkWeChat_1.2.6-extracted"	"customize.sh"	"1342"	".sh"
"FkWeChat_1.2.6-extracted"	"DebugProbesKt.bin"	"1733"	".bin"
"FkWeChat_1.2.6-extracted"	"kotlin\annotation\annotation.kotlin_builtins"	"1022"	".kotlin_builtins"
"FkWeChat_1.2.6-extracted"	"kotlin\collections\collections.kotlin_builtins"	"8625"	".kotlin_builtins"
"FkWeChat_1.2.6-extracted"	"kotlin\concurrent\atomics\atomics.kotlin_builtins"	"2882"	".kotlin_builtins"
"FkWeChat_1.2.6-extracted"	"kotlin\coroutines\coroutines.kotlin_builtins"	"139"	".kotlin_builtins"
"FkWeChat_1.2.6-extracted"	"kotlin\internal\internal.kotlin_builtins"	"596"	".kotlin_builtins"
"FkWeChat_1.2.6-extracted"	"kotlin\kotlin.kotlin_builtins"	"30920"	".kotlin_builtins"
"FkWeChat_1.2.6-extracted"	"kotlin\ranges\ranges.kotlin_builtins"	"4353"	".kotlin_builtins"
"FkWeChat_1.2.6-extracted"	"kotlin\reflect\reflect.kotlin_builtins"	"4859"	".kotlin_builtins"
"FkWeChat_1.2.6-extracted"	"lib\arm64-v8a\libandroidx.graphics.path.so"	"10096"	".so"
"FkWeChat_1.2.6-extracted"	"lib\arm64-v8a\libdexkit.so"	"381024"	".so"
"FkWeChat_1.2.6-extracted"	"lib\arm64-v8a\libfkw.so"	"1557976"	".so"
"FkWeChat_1.2.6-extracted"	"lib\arm64-v8a\libsilk_codec.so"	"347328"	".so"
"FkWeChat_1.2.6-extracted"	"META-INF\androidx.activity_activity.version"	"6"	".version"
"FkWeChat_1.2.6-extracted"	"META-INF\androidx.activity_activity-compose.version"	"6"	".version"
"FkWeChat_1.2.6-extracted"	"META-INF\androidx.activity_activity-ktx.version"	"6"	".version"
"FkWeChat_1.2.6-extracted"	"META-INF\androidx.annotation_annotation-experimental.version"	"6"	".version"
"FkWeChat_1.2.6-extracted"	"META-INF\androidx.appcompat_appcompat-resources.version"	"6"	".version"
"FkWeChat_1.2.6-extracted"	"META-INF\androidx.arch.core_core-runtime.version"	"67"	".version"
"FkWeChat_1.2.6-extracted"	"META-INF\androidx.autofill_autofill.version"	"6"	".version"
"FkWeChat_1.2.6-extracted"	"META-INF\androidx.compose.animation_animation.version"	"6"	".version"
"FkWeChat_1.2.6-extracted"	"META-INF\androidx.compose.animation_animation-core.version"	"6"	".version"
"FkWeChat_1.2.6-extracted"	"META-INF\androidx.compose.foundation_foundation.version"	"6"	".version"
"FkWeChat_1.2.6-extracted"	"META-INF\androidx.compose.foundation_foundation-layout.version"	"6"	".version"
"FkWeChat_1.2.6-extracted"	"META-INF\androidx.compose.material_material-icons-core.version"	"6"	".version"
"FkWeChat_1.2.6-extracted"	"META-INF\androidx.compose.material_material-icons-extended.version"	"6"	".version"
"FkWeChat_1.2.6-extracted"	"META-INF\androidx.compose.material_material-ripple.version"	"6"	".version"
"FkWeChat_1.2.6-extracted"	"META-INF\androidx.compose.material3_material3.version"	"6"	".version"
"FkWeChat_1.2.6-extracted"	"META-INF\androidx.compose.runtime_runtime.version"	"7"	".version"
"FkWeChat_1.2.6-extracted"	"META-INF\androidx.compose.runtime_runtime-annotation.version"	"7"	".version"
"FkWeChat_1.2.6-extracted"	"META-INF\androidx.compose.runtime_runtime-retain.version"	"7"	".version"
"FkWeChat_1.2.6-extracted"	"META-INF\androidx.compose.runtime_runtime-saveable.version"	"7"	".version"
"FkWeChat_1.2.6-extracted"	"META-INF\androidx.compose.ui_ui.version"	"7"	".version"
"FkWeChat_1.2.6-extracted"	"META-INF\androidx.compose.ui_ui-geometry.version"	"7"	".version"
"FkWeChat_1.2.6-extracted"	"META-INF\androidx.compose.ui_ui-graphics.version"	"7"	".version"
"FkWeChat_1.2.6-extracted"	"META-INF\androidx.compose.ui_ui-text.version"	"7"	".version"
"FkWeChat_1.2.6-extracted"	"META-INF\androidx.compose.ui_ui-unit.version"	"7"	".version"
"FkWeChat_1.2.6-extracted"	"META-INF\androidx.compose.ui_ui-util.version"	"7"	".version"
"FkWeChat_1.2.6-extracted"	"META-INF\androidx.core_core.version"	"7"	".version"
"FkWeChat_1.2.6-extracted"	"META-INF\androidx.core_core-ktx.version"	"7"	".version"
"FkWeChat_1.2.6-extracted"	"META-INF\androidx.core_core-viewtree.version"	"6"	".version"
"FkWeChat_1.2.6-extracted"	"META-INF\androidx.customview_customview-poolingcontainer.version"	"6"	".version"
"FkWeChat_1.2.6-extracted"	"META-INF\androidx.databinding_viewbinding.version"	"5"	".version"
"FkWeChat_1.2.6-extracted"	"META-INF\androidx.documentfile_documentfile.version"	"6"	".version"
"FkWeChat_1.2.6-extracted"	"META-INF\androidx.dynamicanimation_dynamicanimation.version"	"6"	".version"
"FkWeChat_1.2.6-extracted"	"META-INF\androidx.emoji2_emoji2.version"	"6"	".version"
"FkWeChat_1.2.6-extracted"	"META-INF\androidx.exifinterface_exifinterface.version"	"6"	".version"
"FkWeChat_1.2.6-extracted"	"META-INF\androidx.graphics_graphics-path.version"	"6"	".version"
"FkWeChat_1.2.6-extracted"	"META-INF\androidx.interpolator_interpolator.version"	"6"	".version"
"FkWeChat_1.2.6-extracted"	"META-INF\androidx.legacy_legacy-support-core-utils.version"	"6"	".version"
"FkWeChat_1.2.6-extracted"	"META-INF\androidx.lifecycle_lifecycle-livedata.version"	"6"	".version"
"FkWeChat_1.2.6-extracted"	"META-INF\androidx.lifecycle_lifecycle-livedata-core.version"	"6"	".version"
"FkWeChat_1.2.6-extracted"	"META-INF\androidx.lifecycle_lifecycle-livedata-core-ktx.version"	"6"	".version"
"FkWeChat_1.2.6-extracted"	"META-INF\androidx.lifecycle_lifecycle-process.version"	"6"	".version"
"FkWeChat_1.2.6-extracted"	"META-INF\androidx.lifecycle_lifecycle-runtime.version"	"6"	".version"
"FkWeChat_1.2.6-extracted"	"META-INF\androidx.lifecycle_lifecycle-runtime-compose.version"	"6"	".version"
"FkWeChat_1.2.6-extracted"	"META-INF\androidx.lifecycle_lifecycle-runtime-ktx.version"	"6"	".version"
"FkWeChat_1.2.6-extracted"	"META-INF\androidx.lifecycle_lifecycle-viewmodel.version"	"6"	".version"
"FkWeChat_1.2.6-extracted"	"META-INF\androidx.lifecycle_lifecycle-viewmodel-ktx.version"	"6"	".version"
"FkWeChat_1.2.6-extracted"	"META-INF\androidx.lifecycle_lifecycle-viewmodel-savedstate.version"	"6"	".version"
"FkWeChat_1.2.6-extracted"	"META-INF\androidx.loader_loader.version"	"6"	".version"
"FkWeChat_1.2.6-extracted"	"META-INF\androidx.localbroadcastmanager_localbroadcastmanager.version"	"6"	".version"
"FkWeChat_1.2.6-extracted"	"META-INF\androidx.print_print.version"	"6"	".version"
"FkWeChat_1.2.6-extracted"	"META-INF\androidx.profileinstaller_profileinstaller.version"	"6"	".version"
"FkWeChat_1.2.6-extracted"	"META-INF\androidx.savedstate_savedstate.version"	"6"	".version"
"FkWeChat_1.2.6-extracted"	"META-INF\androidx.savedstate_savedstate-compose.version"	"6"	".version"
"FkWeChat_1.2.6-extracted"	"META-INF\androidx.savedstate_savedstate-ktx.version"	"6"	".version"
"FkWeChat_1.2.6-extracted"	"META-INF\androidx.startup_startup-runtime.version"	"6"	".version"
"FkWeChat_1.2.6-extracted"	"META-INF\androidx.tracing_tracing.version"	"6"	".version"
"FkWeChat_1.2.6-extracted"	"META-INF\androidx.transition_transition.version"	"6"	".version"
"FkWeChat_1.2.6-extracted"	"META-INF\androidx.vectordrawable_vectordrawable.version"	"6"	".version"
"FkWeChat_1.2.6-extracted"	"META-INF\androidx.vectordrawable_vectordrawable-animated.version"	"6"	".version"
"FkWeChat_1.2.6-extracted"	"META-INF\androidx.versionedparcelable_versionedparcelable.version"	"6"	".version"
"FkWeChat_1.2.6-extracted"	"META-INF\androidx.window_window.version"	"6"	".version"
"FkWeChat_1.2.6-extracted"	"META-INF\androidx.window_window-core.version"	"6"	".version"
"FkWeChat_1.2.6-extracted"	"META-INF\com\android\build\gradle\app-metadata.properties"	"56"	".properties"
"FkWeChat_1.2.6-extracted"	"META-INF\kotlinx_coroutines_android.version"	"6"	".version"
"FkWeChat_1.2.6-extracted"	"META-INF\kotlinx_coroutines_core.version"	"6"	".version"
"FkWeChat_1.2.6-extracted"	"META-INF\native-image\com.alibaba.fastjson2\fastjson2\native-image.properties"	"1903"	".properties"
"FkWeChat_1.2.6-extracted"	"META-INF\native-image\okhttp\okhttp\native-image.properties"	"144"	".properties"
"FkWeChat_1.2.6-extracted"	"META-INF\okhttp.kotlin_module"	"802"	".kotlin_module"
"FkWeChat_1.2.6-extracted"	"META-INF\scm\com.alibaba.fastjson2\fastjson2\git.properties"	"928"	".properties"
"FkWeChat_1.2.6-extracted"	"META-INF\services\a7.f"	"5"	".f"
"FkWeChat_1.2.6-extracted"	"META-INF\services\ec.l0"	"5"	".l0"
"FkWeChat_1.2.6-extracted"	"META-INF\services\jc.r"	"5"	".r"
"FkWeChat_1.2.6-extracted"	"META-INF\services\m9.b"	"5"	".b"
"FkWeChat_1.2.6-extracted"	"META-INF\services\sa.j"	"15"	".j"
"FkWeChat_1.2.6-extracted"	"META-INF\version-control-info.textproto"	"46"	".textproto"
"FkWeChat_1.2.6-extracted"	"META-INF\xposed\java_init.list"	"39"	".list"
"FkWeChat_1.2.6-extracted"	"META-INF\xposed\module.prop"	"74"	".prop"
"FkWeChat_1.2.6-extracted"	"META-INF\xposed\scope.list"	"14"	".list"
"FkWeChat_1.2.6-extracted"	"module.prop"	"152"	".prop"
"FkWeChat_1.2.6-extracted"	"res\yn.png"	"30373"	".png"
"FkWeChat_1.2.6-extracted"	"resources.arsc"	"264464"	".arsc"
"FkWeChat_1.2.6-extracted"	"schema\2020-12.json"	"2452"	".json"
"FkWeChat_1.2.6-extracted"	"schema\draft-04.json"	"3603"	".json"
"FkWeChat_1.2.6-extracted"	"webroot\css\style.css"	"2411"	".css"
"FkWeChat_1.2.6-extracted"	"webroot\icon.png"	"44143"	".png"
"FkWeChat_1.2.6-extracted"	"webroot\index.html"	"10362"	".html"
"FkWeChat_1.2.6-extracted"	"webroot\js\app.js"	"9579"	".js"
"FkWeChat_1.2.6-extracted"	"webroot\libs\kernelsu-index.js"	"3268"	".js"
"FkWeChat_1.2.6-extracted"	"webroot\libs\material-icons.css"	"421"	".css"
"FkWeChat_1.2.6-extracted"	"webroot\libs\MaterialIcons-Regular.ttf"	"356840"	".ttf"
"FkWeChat_1.2.6-extracted"	"webroot\libs\mdui.css"	"22776"	".css"
"FkWeChat_1.2.6-extracted"	"webroot\libs\mdui.global.js"	"355590"	".js"
"FkWeChat_1.2.6-extracted"	"webroot\libs\vue.esm-browser.js"	"552547"	".js"
"FkWeChat_1.2.6-extracted"	"webroot\utils\helper.js"	"4922"	".js"
"FkWeChat_1.2.6-extracted"	"zygisk\arm64-v8a.so"	"440032"	".so"
"FkWeChat_1.2.6-jadx"	"resources\AndroidManifest.xml"	"4684"	".xml"
"FkWeChat_1.2.6-jadx"	"resources\assets\assets.zip"	"9034"	".zip"
"FkWeChat_1.2.6-jadx"	"resources\assets\dexopt\baseline.prof"	"8652"	".prof"
"FkWeChat_1.2.6-jadx"	"resources\assets\dexopt\baseline.profm"	"1270"	".profm"
"FkWeChat_1.2.6-jadx"	"resources\assets\protected_by_np\ApkDex2CPro_c35bd4c930a0407088b93d251f6cadd9.txt"	"142"	".txt"
"FkWeChat_1.2.6-jadx"	"resources\assets\PublicSuffixDatabase.list"	"132737"	".list"
"FkWeChat_1.2.6-jadx"	"resources\assets\xposed_init"	"38"	""
"FkWeChat_1.2.6-jadx"	"resources\customize.sh"	"1342"	".sh"
"FkWeChat_1.2.6-jadx"	"resources\DebugProbesKt.bin"	"1733"	".bin"
"FkWeChat_1.2.6-jadx"	"resources\kotlin\annotation\annotation.kotlin_builtins"	"1022"	".kotlin_builtins"
"FkWeChat_1.2.6-jadx"	"resources\kotlin\collections\collections.kotlin_builtins"	"8625"	".kotlin_builtins"
"FkWeChat_1.2.6-jadx"	"resources\kotlin\concurrent\atomics\atomics.kotlin_builtins"	"2882"	".kotlin_builtins"
"FkWeChat_1.2.6-jadx"	"resources\kotlin\coroutines\coroutines.kotlin_builtins"	"139"	".kotlin_builtins"
"FkWeChat_1.2.6-jadx"	"resources\kotlin\internal\internal.kotlin_builtins"	"596"	".kotlin_builtins"
"FkWeChat_1.2.6-jadx"	"resources\kotlin\kotlin.kotlin_builtins"	"30920"	".kotlin_builtins"
"FkWeChat_1.2.6-jadx"	"resources\kotlin\ranges\ranges.kotlin_builtins"	"4353"	".kotlin_builtins"
"FkWeChat_1.2.6-jadx"	"resources\kotlin\reflect\reflect.kotlin_builtins"	"4859"	".kotlin_builtins"
"FkWeChat_1.2.6-jadx"	"resources\lib\arm64-v8a\libandroidx.graphics.path.so"	"10096"	".so"
"FkWeChat_1.2.6-jadx"	"resources\lib\arm64-v8a\libdexkit.so"	"381024"	".so"
"FkWeChat_1.2.6-jadx"	"resources\lib\arm64-v8a\libfkw.so"	"1557976"	".so"
"FkWeChat_1.2.6-jadx"	"resources\lib\arm64-v8a\libsilk_codec.so"	"347328"	".so"
"FkWeChat_1.2.6-jadx"	"resources\META-INF\androidx.activity_activity.version"	"6"	".version"
"FkWeChat_1.2.6-jadx"	"resources\META-INF\androidx.activity_activity-compose.version"	"6"	".version"
"FkWeChat_1.2.6-jadx"	"resources\META-INF\androidx.activity_activity-ktx.version"	"6"	".version"
"FkWeChat_1.2.6-jadx"	"resources\META-INF\androidx.annotation_annotation-experimental.version"	"6"	".version"
"FkWeChat_1.2.6-jadx"	"resources\META-INF\androidx.appcompat_appcompat-resources.version"	"6"	".version"
"FkWeChat_1.2.6-jadx"	"resources\META-INF\androidx.arch.core_core-runtime.version"	"67"	".version"
"FkWeChat_1.2.6-jadx"	"resources\META-INF\androidx.autofill_autofill.version"	"6"	".version"
"FkWeChat_1.2.6-jadx"	"resources\META-INF\androidx.compose.animation_animation.version"	"6"	".version"
"FkWeChat_1.2.6-jadx"	"resources\META-INF\androidx.compose.animation_animation-core.version"	"6"	".version"
"FkWeChat_1.2.6-jadx"	"resources\META-INF\androidx.compose.foundation_foundation.version"	"6"	".version"
"FkWeChat_1.2.6-jadx"	"resources\META-INF\androidx.compose.foundation_foundation-layout.version"	"6"	".version"
"FkWeChat_1.2.6-jadx"	"resources\META-INF\androidx.compose.material_material-icons-core.version"	"6"	".version"
"FkWeChat_1.2.6-jadx"	"resources\META-INF\androidx.compose.material_material-icons-extended.version"	"6"	".version"
"FkWeChat_1.2.6-jadx"	"resources\META-INF\androidx.compose.material_material-ripple.version"	"6"	".version"
"FkWeChat_1.2.6-jadx"	"resources\META-INF\androidx.compose.material3_material3.version"	"6"	".version"
"FkWeChat_1.2.6-jadx"	"resources\META-INF\androidx.compose.runtime_runtime.version"	"7"	".version"
"FkWeChat_1.2.6-jadx"	"resources\META-INF\androidx.compose.runtime_runtime-annotation.version"	"7"	".version"
"FkWeChat_1.2.6-jadx"	"resources\META-INF\androidx.compose.runtime_runtime-retain.version"	"7"	".version"
"FkWeChat_1.2.6-jadx"	"resources\META-INF\androidx.compose.runtime_runtime-saveable.version"	"7"	".version"
"FkWeChat_1.2.6-jadx"	"resources\META-INF\androidx.compose.ui_ui.version"	"7"	".version"
"FkWeChat_1.2.6-jadx"	"resources\META-INF\androidx.compose.ui_ui-geometry.version"	"7"	".version"
"FkWeChat_1.2.6-jadx"	"resources\META-INF\androidx.compose.ui_ui-graphics.version"	"7"	".version"
"FkWeChat_1.2.6-jadx"	"resources\META-INF\androidx.compose.ui_ui-text.version"	"7"	".version"
"FkWeChat_1.2.6-jadx"	"resources\META-INF\androidx.compose.ui_ui-unit.version"	"7"	".version"
"FkWeChat_1.2.6-jadx"	"resources\META-INF\androidx.compose.ui_ui-util.version"	"7"	".version"
"FkWeChat_1.2.6-jadx"	"resources\META-INF\androidx.core_core.version"	"7"	".version"
"FkWeChat_1.2.6-jadx"	"resources\META-INF\androidx.core_core-ktx.version"	"7"	".version"
"FkWeChat_1.2.6-jadx"	"resources\META-INF\androidx.core_core-viewtree.version"	"6"	".version"
"FkWeChat_1.2.6-jadx"	"resources\META-INF\androidx.customview_customview-poolingcontainer.version"	"6"	".version"
"FkWeChat_1.2.6-jadx"	"resources\META-INF\androidx.databinding_viewbinding.version"	"5"	".version"
"FkWeChat_1.2.6-jadx"	"resources\META-INF\androidx.documentfile_documentfile.version"	"6"	".version"
"FkWeChat_1.2.6-jadx"	"resources\META-INF\androidx.dynamicanimation_dynamicanimation.version"	"6"	".version"
"FkWeChat_1.2.6-jadx"	"resources\META-INF\androidx.emoji2_emoji2.version"	"6"	".version"
"FkWeChat_1.2.6-jadx"	"resources\META-INF\androidx.exifinterface_exifinterface.version"	"6"	".version"
"FkWeChat_1.2.6-jadx"	"resources\META-INF\androidx.graphics_graphics-path.version"	"6"	".version"
"FkWeChat_1.2.6-jadx"	"resources\META-INF\androidx.interpolator_interpolator.version"	"6"	".version"
"FkWeChat_1.2.6-jadx"	"resources\META-INF\androidx.legacy_legacy-support-core-utils.version"	"6"	".version"
"FkWeChat_1.2.6-jadx"	"resources\META-INF\androidx.lifecycle_lifecycle-livedata.version"	"6"	".version"
"FkWeChat_1.2.6-jadx"	"resources\META-INF\androidx.lifecycle_lifecycle-livedata-core.version"	"6"	".version"
"FkWeChat_1.2.6-jadx"	"resources\META-INF\androidx.lifecycle_lifecycle-livedata-core-ktx.version"	"6"	".version"
"FkWeChat_1.2.6-jadx"	"resources\META-INF\androidx.lifecycle_lifecycle-process.version"	"6"	".version"
"FkWeChat_1.2.6-jadx"	"resources\META-INF\androidx.lifecycle_lifecycle-runtime.version"	"6"	".version"
"FkWeChat_1.2.6-jadx"	"resources\META-INF\androidx.lifecycle_lifecycle-runtime-compose.version"	"6"	".version"
"FkWeChat_1.2.6-jadx"	"resources\META-INF\androidx.lifecycle_lifecycle-runtime-ktx.version"	"6"	".version"
"FkWeChat_1.2.6-jadx"	"resources\META-INF\androidx.lifecycle_lifecycle-viewmodel.version"	"6"	".version"
"FkWeChat_1.2.6-jadx"	"resources\META-INF\androidx.lifecycle_lifecycle-viewmodel-ktx.version"	"6"	".version"
"FkWeChat_1.2.6-jadx"	"resources\META-INF\androidx.lifecycle_lifecycle-viewmodel-savedstate.version"	"6"	".version"
"FkWeChat_1.2.6-jadx"	"resources\META-INF\androidx.loader_loader.version"	"6"	".version"
"FkWeChat_1.2.6-jadx"	"resources\META-INF\androidx.localbroadcastmanager_localbroadcastmanager.version"	"6"	".version"
"FkWeChat_1.2.6-jadx"	"resources\META-INF\androidx.print_print.version"	"6"	".version"
"FkWeChat_1.2.6-jadx"	"resources\META-INF\androidx.profileinstaller_profileinstaller.version"	"6"	".version"
"FkWeChat_1.2.6-jadx"	"resources\META-INF\androidx.savedstate_savedstate.version"	"6"	".version"
"FkWeChat_1.2.6-jadx"	"resources\META-INF\androidx.savedstate_savedstate-compose.version"	"6"	".version"
"FkWeChat_1.2.6-jadx"	"resources\META-INF\androidx.savedstate_savedstate-ktx.version"	"6"	".version"
"FkWeChat_1.2.6-jadx"	"resources\META-INF\androidx.startup_startup-runtime.version"	"6"	".version"
"FkWeChat_1.2.6-jadx"	"resources\META-INF\androidx.tracing_tracing.version"	"6"	".version"
"FkWeChat_1.2.6-jadx"	"resources\META-INF\androidx.transition_transition.version"	"6"	".version"
"FkWeChat_1.2.6-jadx"	"resources\META-INF\androidx.vectordrawable_vectordrawable.version"	"6"	".version"
"FkWeChat_1.2.6-jadx"	"resources\META-INF\androidx.vectordrawable_vectordrawable-animated.version"	"6"	".version"
"FkWeChat_1.2.6-jadx"	"resources\META-INF\androidx.versionedparcelable_versionedparcelable.version"	"6"	".version"
"FkWeChat_1.2.6-jadx"	"resources\META-INF\androidx.window_window.version"	"6"	".version"
"FkWeChat_1.2.6-jadx"	"resources\META-INF\androidx.window_window-core.version"	"6"	".version"
"FkWeChat_1.2.6-jadx"	"resources\META-INF\com\android\build\gradle\app-metadata.properties"	"56"	".properties"
"FkWeChat_1.2.6-jadx"	"resources\META-INF\kotlinx_coroutines_android.version"	"6"	".version"
"FkWeChat_1.2.6-jadx"	"resources\META-INF\kotlinx_coroutines_core.version"	"6"	".version"
"FkWeChat_1.2.6-jadx"	"resources\META-INF\native-image\com.alibaba.fastjson2\fastjson2\native-image.properties"	"1903"	".properties"
"FkWeChat_1.2.6-jadx"	"resources\META-INF\native-image\okhttp\okhttp\native-image.properties"	"144"	".properties"
"FkWeChat_1.2.6-jadx"	"resources\META-INF\okhttp.kotlin_module"	"802"	".kotlin_module"
"FkWeChat_1.2.6-jadx"	"resources\META-INF\scm\com.alibaba.fastjson2\fastjson2\git.properties"	"928"	".properties"
"FkWeChat_1.2.6-jadx"	"resources\META-INF\services\a7.f"	"5"	".f"
"FkWeChat_1.2.6-jadx"	"resources\META-INF\services\ec.l0"	"5"	".l0"
"FkWeChat_1.2.6-jadx"	"resources\META-INF\services\jc.r"	"5"	".r"
"FkWeChat_1.2.6-jadx"	"resources\META-INF\services\m9.b"	"5"	".b"
"FkWeChat_1.2.6-jadx"	"resources\META-INF\services\sa.j"	"15"	".j"
"FkWeChat_1.2.6-jadx"	"resources\META-INF\version-control-info.textproto"	"46"	".textproto"
"FkWeChat_1.2.6-jadx"	"resources\META-INF\xposed\java_init.list"	"39"	".list"
"FkWeChat_1.2.6-jadx"	"resources\META-INF\xposed\module.prop"	"74"	".prop"
"FkWeChat_1.2.6-jadx"	"resources\META-INF\xposed\scope.list"	"14"	".list"
"FkWeChat_1.2.6-jadx"	"resources\module.prop"	"152"	".prop"
"FkWeChat_1.2.6-jadx"	"resources\res\mipmap-hdpi\ic_launcher.png"	"30373"	".png"
"FkWeChat_1.2.6-jadx"	"resources\res\values\arrays.xml"	"150"	".xml"
"FkWeChat_1.2.6-jadx"	"resources\res\values\attrs.xml"	"1228"	".xml"
"FkWeChat_1.2.6-jadx"	"resources\res\values\public.xml"	"14365"	".xml"
"FkWeChat_1.2.6-jadx"	"resources\res\values\strings.xml"	"3848"	".xml"
"FkWeChat_1.2.6-jadx"	"resources\res\values\styles.xml"	"656"	".xml"
"FkWeChat_1.2.6-jadx"	"resources\res\values-af\strings.xml"	"3702"	".xml"
"FkWeChat_1.2.6-jadx"	"resources\res\values-am\strings.xml"	"4310"	".xml"
"FkWeChat_1.2.6-jadx"	"resources\res\values-ar\strings.xml"	"4453"	".xml"
"FkWeChat_1.2.6-jadx"	"resources\res\values-as\strings.xml"	"5242"	".xml"
"FkWeChat_1.2.6-jadx"	"resources\res\values-az\strings.xml"	"3802"	".xml"
"FkWeChat_1.2.6-jadx"	"resources\res\values-b+sr+Latn\strings.xml"	"3794"	".xml"
"FkWeChat_1.2.6-jadx"	"resources\res\values-be\strings.xml"	"4637"	".xml"
"FkWeChat_1.2.6-jadx"	"resources\res\values-bg\strings.xml"	"4638"	".xml"
"FkWeChat_1.2.6-jadx"	"resources\res\values-bn\strings.xml"	"5166"	".xml"
"FkWeChat_1.2.6-jadx"	"resources\res\values-bs\strings.xml"	"3858"	".xml"
"FkWeChat_1.2.6-jadx"	"resources\res\values-ca\strings.xml"	"3901"	".xml"
"FkWeChat_1.2.6-jadx"	"resources\res\values-cs\strings.xml"	"3831"	".xml"
"FkWeChat_1.2.6-jadx"	"resources\res\values-da\strings.xml"	"3707"	".xml"
"FkWeChat_1.2.6-jadx"	"resources\res\values-de\strings.xml"	"3856"	".xml"
"FkWeChat_1.2.6-jadx"	"resources\res\values-el\strings.xml"	"4801"	".xml"
"FkWeChat_1.2.6-jadx"	"resources\res\values-en-rAU\strings.xml"	"3646"	".xml"
"FkWeChat_1.2.6-jadx"	"resources\res\values-en-rCA\strings.xml"	"3637"	".xml"
"FkWeChat_1.2.6-jadx"	"resources\res\values-en-rGB\strings.xml"	"3646"	".xml"
"FkWeChat_1.2.6-jadx"	"resources\res\values-en-rIN\strings.xml"	"3646"	".xml"
"FkWeChat_1.2.6-jadx"	"resources\res\values-en-rXC\strings.xml"	"18556"	".xml"
"FkWeChat_1.2.6-jadx"	"resources\res\values-es\strings.xml"	"3911"	".xml"
"FkWeChat_1.2.6-jadx"	"resources\res\values-es-rUS\strings.xml"	"3895"	".xml"
"FkWeChat_1.2.6-jadx"	"resources\res\values-et\strings.xml"	"3771"	".xml"
"FkWeChat_1.2.6-jadx"	"resources\res\values-eu\strings.xml"	"3801"	".xml"
"FkWeChat_1.2.6-jadx"	"resources\res\values-fa\strings.xml"	"4277"	".xml"
"FkWeChat_1.2.6-jadx"	"resources\res\values-fi\strings.xml"	"3885"	".xml"
"FkWeChat_1.2.6-jadx"	"resources\res\values-fr\strings.xml"	"3920"	".xml"
"FkWeChat_1.2.6-jadx"	"resources\res\values-fr-rCA\strings.xml"	"3960"	".xml"
"FkWeChat_1.2.6-jadx"	"resources\res\values-gl\strings.xml"	"3927"	".xml"
"FkWeChat_1.2.6-jadx"	"resources\res\values-gu\strings.xml"	"5197"	".xml"
"FkWeChat_1.2.6-jadx"	"resources\res\values-hi\strings.xml"	"5159"	".xml"
"FkWeChat_1.2.6-jadx"	"resources\res\values-hr\strings.xml"	"3831"	".xml"
"FkWeChat_1.2.6-jadx"	"resources\res\values-hu\strings.xml"	"3941"	".xml"
"FkWeChat_1.2.6-jadx"	"resources\res\values-hy\strings.xml"	"4507"	".xml"
"FkWeChat_1.2.6-jadx"	"resources\res\values-in\strings.xml"	"3771"	".xml"
"FkWeChat_1.2.6-jadx"	"resources\res\values-is\strings.xml"	"3803"	".xml"
"FkWeChat_1.2.6-jadx"	"resources\res\values-it\strings.xml"	"3917"	".xml"
"FkWeChat_1.2.6-jadx"	"resources\res\values-iw\strings.xml"	"4093"	".xml"
"FkWeChat_1.2.6-jadx"	"resources\res\values-ja\strings.xml"	"3890"	".xml"
"FkWeChat_1.2.6-jadx"	"resources\res\values-ka\strings.xml"	"5231"	".xml"
"FkWeChat_1.2.6-jadx"	"resources\res\values-kk\strings.xml"	"4456"	".xml"
"FkWeChat_1.2.6-jadx"	"resources\res\values-km\strings.xml"	"5430"	".xml"
"FkWeChat_1.2.6-jadx"	"resources\res\values-kn\strings.xml"	"5408"	".xml"
"FkWeChat_1.2.6-jadx"	"resources\res\values-ko\strings.xml"	"3826"	".xml"
"FkWeChat_1.2.6-jadx"	"resources\res\values-ky\strings.xml"	"4694"	".xml"
"FkWeChat_1.2.6-jadx"	"resources\res\values-lo\strings.xml"	"5115"	".xml"
"FkWeChat_1.2.6-jadx"	"resources\res\values-lt\strings.xml"	"3917"	".xml"
"FkWeChat_1.2.6-jadx"	"resources\res\values-lv\strings.xml"	"3930"	".xml"
"FkWeChat_1.2.6-jadx"	"resources\res\values-mk\strings.xml"	"4586"	".xml"
"FkWeChat_1.2.6-jadx"	"resources\res\values-ml\strings.xml"	"5711"	".xml"
"FkWeChat_1.2.6-jadx"	"resources\res\values-mn\strings.xml"	"4444"	".xml"
"FkWeChat_1.2.6-jadx"	"resources\res\values-mr\strings.xml"	"4982"	".xml"
"FkWeChat_1.2.6-jadx"	"resources\res\values-ms\strings.xml"	"3794"	".xml"
"FkWeChat_1.2.6-jadx"	"resources\res\values-my\strings.xml"	"5529"	".xml"
"FkWeChat_1.2.6-jadx"	"resources\res\values-nb\strings.xml"	"3673"	".xml"
"FkWeChat_1.2.6-jadx"	"resources\res\values-ne\strings.xml"	"5416"	".xml"
"FkWeChat_1.2.6-jadx"	"resources\res\values-nl\strings.xml"	"3803"	".xml"
"FkWeChat_1.2.6-jadx"	"resources\res\values-or\strings.xml"	"5220"	".xml"
"FkWeChat_1.2.6-jadx"	"resources\res\values-pa\strings.xml"	"4787"	".xml"
"FkWeChat_1.2.6-jadx"	"resources\res\values-pl\strings.xml"	"3803"	".xml"
"FkWeChat_1.2.6-jadx"	"resources\res\values-pt\strings.xml"	"3815"	".xml"
"FkWeChat_1.2.6-jadx"	"resources\res\values-pt-rBR\strings.xml"	"3815"	".xml"
"FkWeChat_1.2.6-jadx"	"resources\res\values-pt-rPT\strings.xml"	"3907"	".xml"
"FkWeChat_1.2.6-jadx"	"resources\res\values-ro\strings.xml"	"3861"	".xml"
"FkWeChat_1.2.6-jadx"	"resources\res\values-ru\strings.xml"	"4522"	".xml"
"FkWeChat_1.2.6-jadx"	"resources\res\values-si\strings.xml"	"5020"	".xml"
"FkWeChat_1.2.6-jadx"	"resources\res\values-sk\strings.xml"	"3822"	".xml"
"FkWeChat_1.2.6-jadx"	"resources\res\values-sl\strings.xml"	"3803"	".xml"
"FkWeChat_1.2.6-jadx"	"resources\res\values-sq\strings.xml"	"3897"	".xml"
"FkWeChat_1.2.6-jadx"	"resources\res\values-sr\strings.xml"	"4445"	".xml"
"FkWeChat_1.2.6-jadx"	"resources\res\values-sv\strings.xml"	"3744"	".xml"
"FkWeChat_1.2.6-jadx"	"resources\res\values-sw\strings.xml"	"3812"	".xml"
"FkWeChat_1.2.6-jadx"	"resources\res\values-ta\strings.xml"	"5870"	".xml"
"FkWeChat_1.2.6-jadx"	"resources\res\values-te\strings.xml"	"5409"	".xml"
"FkWeChat_1.2.6-jadx"	"resources\res\values-th\strings.xml"	"5144"	".xml"
"FkWeChat_1.2.6-jadx"	"resources\res\values-tl\strings.xml"	"3859"	".xml"
"FkWeChat_1.2.6-jadx"	"resources\res\values-tr\strings.xml"	"3752"	".xml"
"FkWeChat_1.2.6-jadx"	"resources\res\values-uk\strings.xml"	"4535"	".xml"
"FkWeChat_1.2.6-jadx"	"resources\res\values-ur\strings.xml"	"4425"	".xml"
"FkWeChat_1.2.6-jadx"	"resources\res\values-uz\strings.xml"	"3818"	".xml"
"FkWeChat_1.2.6-jadx"	"resources\res\values-vi\strings.xml"	"3975"	".xml"
"FkWeChat_1.2.6-jadx"	"resources\res\values-zh-rCN\strings.xml"	"3664"	".xml"
"FkWeChat_1.2.6-jadx"	"resources\res\values-zh-rHK\strings.xml"	"3662"	".xml"
"FkWeChat_1.2.6-jadx"	"resources\res\values-zh-rTW\strings.xml"	"3675"	".xml"
"FkWeChat_1.2.6-jadx"	"resources\res\values-zu\strings.xml"	"3873"	".xml"
"FkWeChat_1.2.6-jadx"	"resources\schema\2020-12.json"	"2452"	".json"
"FkWeChat_1.2.6-jadx"	"resources\schema\draft-04.json"	"3603"	".json"
"FkWeChat_1.2.6-jadx"	"resources\webroot\css\style.css"	"2411"	".css"
"FkWeChat_1.2.6-jadx"	"resources\webroot\icon.png"	"44143"	".png"
"FkWeChat_1.2.6-jadx"	"resources\webroot\index.html"	"10362"	".html"
"FkWeChat_1.2.6-jadx"	"resources\webroot\js\app.js"	"9579"	".js"
"FkWeChat_1.2.6-jadx"	"resources\webroot\libs\kernelsu-index.js"	"3268"	".js"
"FkWeChat_1.2.6-jadx"	"resources\webroot\libs\material-icons.css"	"421"	".css"
"FkWeChat_1.2.6-jadx"	"resources\webroot\libs\MaterialIcons-Regular.ttf"	"356840"	".ttf"
"FkWeChat_1.2.6-jadx"	"resources\webroot\libs\mdui.css"	"22776"	".css"
"FkWeChat_1.2.6-jadx"	"resources\webroot\libs\mdui.global.js"	"355590"	".js"
"FkWeChat_1.2.6-jadx"	"resources\webroot\libs\vue.esm-browser.js"	"552547"	".js"
"FkWeChat_1.2.6-jadx"	"resources\webroot\utils\helper.js"	"4922"	".js"
"FkWeChat_1.2.6-jadx"	"resources\zygisk\arm64-v8a.so"	"440032"	".so"
"FkWeChat_1.2.6-jadx"	"sources\ac\AbstractC0213a.java"	"1556"	".java"
"FkWeChat_1.2.6-jadx"	"sources\ac\AbstractC0217e.java"	"3390"	".java"
"FkWeChat_1.2.6-jadx"	"sources\ac\AbstractC0233u.java"	"2597"	".java"
"FkWeChat_1.2.6-jadx"	"sources\ac\AbstractC0236x.java"	"2551"	".java"
"FkWeChat_1.2.6-jadx"	"sources\ac\C0214b.java"	"1803"	".java"
"FkWeChat_1.2.6-jadx"	"sources\ac\C0215c.java"	"1213"	".java"
"FkWeChat_1.2.6-jadx"	"sources\ac\C0216d.java"	"7327"	".java"
"FkWeChat_1.2.6-jadx"	"sources\ac\C0218f.java"	"9285"	".java"
"FkWeChat_1.2.6-jadx"	"sources\ac\C0219g.java"	"4841"	".java"
"FkWeChat_1.2.6-jadx"	"sources\ac\C0220h.java"	"1738"	".java"
"FkWeChat_1.2.6-jadx"	"sources\ac\C0221i.java"	"1320"	".java"
"FkWeChat_1.2.6-jadx"	"sources\ac\C0222j.java"	"1703"	".java"
"FkWeChat_1.2.6-jadx"	"sources\ac\C0223k.java"	"609"	".java"
"FkWeChat_1.2.6-jadx"	"sources\ac\C0224l.java"	"1387"	".java"
"FkWeChat_1.2.6-jadx"	"sources\ac\C0225m.java"	"609"	".java"
"FkWeChat_1.2.6-jadx"	"sources\ac\C0226n.java"	"1357"	".java"
"FkWeChat_1.2.6-jadx"	"sources\ac\C0227o.java"	"617"	".java"
"FkWeChat_1.2.6-jadx"	"sources\ac\C0228p.java"	"1042"	".java"
"FkWeChat_1.2.6-jadx"	"sources\ac\C0229q.java"	"617"	".java"
"FkWeChat_1.2.6-jadx"	"sources\ac\C0230r.java"	"1029"	".java"
"FkWeChat_1.2.6-jadx"	"sources\ac\C0231s.java"	"617"	".java"
"FkWeChat_1.2.6-jadx"	"sources\ac\C0232t.java"	"30493"	".java"
"FkWeChat_1.2.6-jadx"	"sources\ac\C0234v.java"	"622"	".java"
"FkWeChat_1.2.6-jadx"	"sources\ac\C0235w.java"	"472"	".java"
"FkWeChat_1.2.6-jadx"	"sources\ac\C0237y.java"	"811"	".java"
"FkWeChat_1.2.6-jadx"	"sources\ac\C0238z.java"	"472"	".java"
"FkWeChat_1.2.6-jadx"	"sources\ad\AbstractC0239a.java"	"25265"	".java"
"FkWeChat_1.2.6-jadx"	"sources\ad\AbstractC0242b.java"	"1108"	".java"
"FkWeChat_1.2.6-jadx"	"sources\ad\AbstractC0244b1.java"	"1338"	".java"
"FkWeChat_1.2.6-jadx"	"sources\ad\AbstractC0245c.java"	"23205"	".java"
"FkWeChat_1.2.6-jadx"	"sources\ad\AbstractC0246c0.java"	"5339"	".java"
"FkWeChat_1.2.6-jadx"	"sources\ad\AbstractC0250d1.java"	"563"	".java"
"FkWeChat_1.2.6-jadx"	"sources\ad\AbstractC0251e.java"	"15206"	".java"
"FkWeChat_1.2.6-jadx"	"sources\ad\AbstractC0252e0.java"	"3390"	".java"
"FkWeChat_1.2.6-jadx"	"sources\ad\AbstractC0256f1.java"	"2767"	".java"
"FkWeChat_1.2.6-jadx"	"sources\ad\AbstractC0257g.java"	"1015"	".java"
"FkWeChat_1.2.6-jadx"	"sources\ad\AbstractC0261h0.java"	"8141"	".java"
"FkWeChat_1.2.6-jadx"	"sources\ad\AbstractC0263i.java"	"827"	".java"
"FkWeChat_1.2.6-jadx"	"sources\ad\AbstractC0265i1.java"	"1885"	".java"
"FkWeChat_1.2.6-jadx"	"sources\ad\AbstractC0269k.java"	"1343"	".java"
"FkWeChat_1.2.6-jadx"	"sources\ad\AbstractC0271k1.java"	"2555"	".java"
"FkWeChat_1.2.6-jadx"	"sources\ad\AbstractC0275m0.java"	"2076"	".java"
"FkWeChat_1.2.6-jadx"	"sources\ad\AbstractC0284r.java"	"630"	".java"
"FkWeChat_1.2.6-jadx"	"sources\ad\AbstractC0286s.java"	"455"	".java"
"FkWeChat_1.2.6-jadx"	"sources\ad\AbstractC0293v0.java"	"3542"	".java"
"FkWeChat_1.2.6-jadx"	"sources\ad\AbstractC0297x0.java"	"671"	".java"
"FkWeChat_1.2.6-jadx"	"sources\ad\C0240a0.java"	"434"	".java"
"FkWeChat_1.2.6-jadx"	"sources\ad\C0243b0.java"	"452"	".java"
"FkWeChat_1.2.6-jadx"	"sources\ad\C0247c1.java"	"4878"	".java"
"FkWeChat_1.2.6-jadx"	"sources\ad\C0249d0.java"	"3055"	".java"
"FkWeChat_1.2.6-jadx"	"sources\ad\C0253e1.java"	"3722"	".java"
"FkWeChat_1.2.6-jadx"	"sources\ad\C0254f.java"	"1873"	".java"
"FkWeChat_1.2.6-jadx"	"sources\ad\C0255f0.java"	"1443"	".java"
"FkWeChat_1.2.6-jadx"	"sources\ad\C0260h.java"	"470"	".java"
"FkWeChat_1.2.6-jadx"	"sources\ad\C0264i0.java"	"4250"	".java"
"FkWeChat_1.2.6-jadx"	"sources\ad\C0266j.java"	"608"	".java"
"FkWeChat_1.2.6-jadx"	"sources\ad\C0267j0.java"	"1824"	".java"
"FkWeChat_1.2.6-jadx"	"sources\ad\C0270k0.java"	"1822"	".java"
"FkWeChat_1.2.6-jadx"	"sources\ad\C0272l.java"	"2249"	".java"
"FkWeChat_1.2.6-jadx"	"sources\ad\C0273l0.java"	"4114"	".java"
"FkWeChat_1.2.6-jadx"	"sources\ad\C0274m.java"	"5672"	".java"
"FkWeChat_1.2.6-jadx"	"sources\ad\C0276n.java"	"2522"	".java"
"FkWeChat_1.2.6-jadx"	"sources\ad\C0277n0.java"	"3960"	".java"
"FkWeChat_1.2.6-jadx"	"sources\ad\C0278o.java"	"847"	".java"
"FkWeChat_1.2.6-jadx"	"sources\ad\C0279o0.java"	"8671"	".java"
"FkWeChat_1.2.6-jadx"	"sources\ad\C0280p.java"	"2036"	".java"
"FkWeChat_1.2.6-jadx"	"sources\ad\C0281p0.java"	"1890"	".java"
"FkWeChat_1.2.6-jadx"	"sources\ad\C0282q.java"	"1651"	".java"
"FkWeChat_1.2.6-jadx"	"sources\ad\C0283q0.java"	"1973"	".java"
"FkWeChat_1.2.6-jadx"	"sources\ad\C0285r0.java"	"1566"	".java"
"FkWeChat_1.2.6-jadx"	"sources\ad\C0287s0.java"	"2636"	".java"
"FkWeChat_1.2.6-jadx"	"sources\ad\C0288t.java"	"2009"	".java"
"FkWeChat_1.2.6-jadx"	"sources\ad\C0289t0.java"	"2278"	".java"
"FkWeChat_1.2.6-jadx"	"sources\ad\C0291u0.java"	"10765"	".java"
"FkWeChat_1.2.6-jadx"	"sources\ad\C0294w.java"	"756"	".java"
"FkWeChat_1.2.6-jadx"	"sources\ad\C0295w0.java"	"6926"	".java"
"FkWeChat_1.2.6-jadx"	"sources\ad\C0296x.java"	"3506"	".java"
"FkWeChat_1.2.6-jadx"	"sources\ad\C0298y.java"	"431"	".java"
"FkWeChat_1.2.6-jadx"	"sources\ad\C0299y0.java"	"5385"	".java"
"FkWeChat_1.2.6-jadx"	"sources\ad\C0300z.java"	"2193"	".java"
"FkWeChat_1.2.6-jadx"	"sources\ad\EnumC0268j1.java"	"2135"	".java"
"FkWeChat_1.2.6-jadx"	"sources\ad\InterfaceC0290u.java"	"329"	".java"
"FkWeChat_1.2.6-jadx"	"sources\ad\InterfaceC0292v.java"	"482"	".java"
"FkWeChat_1.2.6-jadx"	"sources\ae\AbstractC0302a.java"	"11247"	".java"
"FkWeChat_1.2.6-jadx"	"sources\ae\AbstractC0303b.java"	"2073"	".java"
"FkWeChat_1.2.6-jadx"	"sources\ae\AbstractC0304c.java"	"662"	".java"
"FkWeChat_1.2.6-jadx"	"sources\ae\AbstractC0305d.java"	"16833"	".java"
"FkWeChat_1.2.6-jadx"	"sources\ae\AbstractC0308g.java"	"8479"	".java"
"FkWeChat_1.2.6-jadx"	"sources\ae\AbstractC0309h.java"	"2896"	".java"
"FkWeChat_1.2.6-jadx"	"sources\ae\AbstractC0310i.java"	"1090"	".java"
"FkWeChat_1.2.6-jadx"	"sources\ae\AbstractC0325x.java"	"734"	".java"
"FkWeChat_1.2.6-jadx"	"sources\ae\AbstractC0326y.java"	"888"	".java"
"FkWeChat_1.2.6-jadx"	"sources\ae\AbstractC0327z.java"	"1055"	".java"
"FkWeChat_1.2.6-jadx"	"sources\ae\C0306e.java"	"422"	".java"
"FkWeChat_1.2.6-jadx"	"sources\ae\C0307f.java"	"425"	".java"
"FkWeChat_1.2.6-jadx"	"sources\ae\C0311j.java"	"10879"	".java"
"FkWeChat_1.2.6-jadx"	"sources\ae\C0312k.java"	"908"	".java"
"FkWeChat_1.2.6-jadx"	"sources\ae\C0313l.java"	"2181"	".java"
"FkWeChat_1.2.6-jadx"	"sources\ae\C0317p.java"	"1472"	".java"
"FkWeChat_1.2.6-jadx"	"sources\ae\C0318q.java"	"6229"	".java"
"FkWeChat_1.2.6-jadx"	"sources\ae\C0319r.java"	"459"	".java"
"FkWeChat_1.2.6-jadx"	"sources\ae\C0320s.java"	"462"	".java"
"FkWeChat_1.2.6-jadx"	"sources\af\AbstractC0332e.java"	"1272"	".java"
"FkWeChat_1.2.6-jadx"	"sources\af\C0328a.java"	"4356"	".java"
"FkWeChat_1.2.6-jadx"	"sources\af\C0329b.java"	"1917"	".java"
"FkWeChat_1.2.6-jadx"	"sources\af\C0331d.java"	"14605"	".java"
"FkWeChat_1.2.6-jadx"	"sources\af\C0333f.java"	"15207"	".java"
"FkWeChat_1.2.6-jadx"	"sources\af\C0334g.java"	"1919"	".java"
"FkWeChat_1.2.6-jadx"	"sources\af\C0335h.java"	"11653"	".java"
"FkWeChat_1.2.6-jadx"	"sources\af\C0336i.java"	"1919"	".java"
"FkWeChat_1.2.6-jadx"	"sources\af\C0338k.java"	"21647"	".java"
"FkWeChat_1.2.6-jadx"	"sources\af\C0339l.java"	"1919"	".java"
"FkWeChat_1.2.6-jadx"	"sources\af\C0340m.java"	"2644"	".java"
"FkWeChat_1.2.6-jadx"	"sources\af\EnumC0337j.java"	"255"	".java"
"FkWeChat_1.2.6-jadx"	"sources\android\app\AppComponentFactory.java"	"186"	".java"
"FkWeChat_1.2.6-jadx"	"sources\android\support\v4\app\RemoteActionCompatParcelizer.java"	"752"	".java"
"FkWeChat_1.2.6-jadx"	"sources\android\support\v4\graphics\drawable\IconCompatParcelizer.java"	"750"	".java"
"FkWeChat_1.2.6-jadx"	"sources\android\support\v4\os\InterfaceC0344a.java"	"3449"	".java"
"FkWeChat_1.2.6-jadx"	"sources\android\support\v4\os\ResultReceiver.java"	"3746"	".java"
"FkWeChat_1.2.6-jadx"	"sources\android\text\SegmentFinder.java"	"181"	".java"
"FkWeChat_1.2.6-jadx"	"sources\android\view\accessibility\AccessibilityManager$AccessibilityServicesStateChangeListener.java"	"247"	".java"
"FkWeChat_1.2.6-jadx"	"sources\android\view\ScrollCaptureCallback.java"	"193"	".java"
"FkWeChat_1.2.6-jadx"	"sources\android\view\translation\ViewTranslationCallback.java"	"207"	".java"
"FkWeChat_1.2.6-jadx"	"sources\android\view\WindowInsetsAnimation$Callback.java"	"198"	".java"
"FkWeChat_1.2.6-jadx"	"sources\android\window\OnBackAnimationCallback.java"	"227"	".java"
"FkWeChat_1.2.6-jadx"	"sources\android\window\OnBackInvokedCallback.java"	"195"	".java"
"FkWeChat_1.2.6-jadx"	"sources\androidx\activity\result\ActivityResult.java"	"2419"	".java"
"FkWeChat_1.2.6-jadx"	"sources\androidx\activity\result\IntentSenderRequest.java"	"5019"	".java"
"FkWeChat_1.2.6-jadx"	"sources\androidx\compose\foundation\lazy\layout\AbstractC0353a2.java"	"1338"	".java"
"FkWeChat_1.2.6-jadx"	"sources\androidx\compose\foundation\lazy\layout\AbstractC0356b1.java"	"8070"	".java"
"FkWeChat_1.2.6-jadx"	"sources\androidx\compose\foundation\lazy\layout\AbstractC0364d1.java"	"1608"	".java"
"FkWeChat_1.2.6-jadx"	"sources\androidx\compose\foundation\lazy\layout\AbstractC0374g.java"	"1126"	".java"
"FkWeChat_1.2.6-jadx"	"sources\androidx\compose\foundation\lazy\layout\AbstractC0382i.java"	"441"	".java"
"FkWeChat_1.2.6-jadx"	"sources\androidx\compose\foundation\lazy\layout\AbstractC0385i2.java"	"3113"	".java"
"FkWeChat_1.2.6-jadx"	"sources\androidx\compose\foundation\lazy\layout\AbstractC0394l.java"	"901"	".java"
"FkWeChat_1.2.6-jadx"	"sources\androidx\compose\foundation\lazy\layout\AbstractC0396l1.java"	"3046"	".java"
"FkWeChat_1.2.6-jadx"	"sources\androidx\compose\foundation\lazy\layout\AbstractC0397l2.java"	"435"	".java"
"FkWeChat_1.2.6-jadx"	"sources\androidx\compose\foundation\lazy\layout\AbstractC0399m0.java"	"1839"	".java"
"FkWeChat_1.2.6-jadx"	"sources\androidx\compose\foundation\lazy\layout\AbstractC0403n0.java"	"1313"	".java"
"FkWeChat_1.2.6-jadx"	"sources\androidx\compose\foundation\lazy\layout\AbstractC0410p.java"	"1821"	".java"
"FkWeChat_1.2.6-jadx"	"sources\androidx\compose\foundation\lazy\layout\AbstractC0413q.java"	"2460"	".java"
"FkWeChat_1.2.6-jadx"	"sources\androidx\compose\foundation\lazy\layout\AbstractC0416r.java"	"2635"	".java"
"FkWeChat_1.2.6-jadx"	"sources\androidx\compose\foundation\lazy\layout\AbstractC0420s0.java"	"5567"	".java"
"FkWeChat_1.2.6-jadx"	"sources\androidx\compose\foundation\lazy\layout\AbstractC0422t.java"	"732"	".java"
"FkWeChat_1.2.6-jadx"	"sources\androidx\compose\foundation\lazy\layout\AbstractC0429v0.java"	"873"	".java"
"FkWeChat_1.2.6-jadx"	"sources\androidx\compose\foundation\lazy\layout\AbstractC0430v1.java"	"458"	".java"
"FkWeChat_1.2.6-jadx"	"sources\androidx\compose\foundation\lazy\layout\AbstractC0434x.java"	"4751"	".java"
"FkWeChat_1.2.6-jadx"	"sources\androidx\compose\foundation\lazy\layout\AbstractC0435x0.java"	"446"	".java"
"FkWeChat_1.2.6-jadx"	"sources\androidx\compose\foundation\lazy\layout\AbstractC0440z.java"	"743"	".java"
"FkWeChat_1.2.6-jadx"	"sources\androidx\compose\foundation\lazy\layout\C0351a0.java"	"1791"	".java"
"FkWeChat_1.2.6-jadx"	"sources\androidx\compose\foundation\lazy\layout\C0358c.java"	"2691"	".java"
"FkWeChat_1.2.6-jadx"	"sources\androidx\compose\foundation\lazy\layout\C0362d.java"	"6046"	".java"
"FkWeChat_1.2.6-jadx"	"sources\androidx\compose\foundation\lazy\layout\C0365d2.java"	"25871"	".java"
"FkWeChat_1.2.6-jadx"	"sources\androidx\compose\foundation\lazy\layout\C0366e.java"	"733"	".java"
"FkWeChat_1.2.6-jadx"	"sources\androidx\compose\foundation\lazy\layout\C0368e1.java"	"5446"	".java"
"FkWeChat_1.2.6-jadx"	"sources\androidx\compose\foundation\lazy\layout\C0369e2.java"	"1182"	".java"
"FkWeChat_1.2.6-jadx"	"sources\androidx\compose\foundation\lazy\layout\C0378h.java"	"892"	".java"
"FkWeChat_1.2.6-jadx"	"sources\androidx\compose\foundation\lazy\layout\C0386j.java"	"3689"	".java"
"FkWeChat_1.2.6-jadx"	"sources\androidx\compose\foundation\lazy\layout\C0387j0.java"	"4694"	".java"
"FkWeChat_1.2.6-jadx"	"sources\androidx\compose\foundation\lazy\layout\C0390k.java"	"4858"	".java"
"FkWeChat_1.2.6-jadx"	"sources\androidx\compose\foundation\lazy\layout\C0392k1.java"	"9235"	".java"
"FkWeChat_1.2.6-jadx"	"sources\androidx\compose\foundation\lazy\layout\C0393k2.java"	"1831"	".java"
"FkWeChat_1.2.6-jadx"	"sources\androidx\compose\foundation\lazy\layout\C0405n2.java"	"3314"	".java"
"FkWeChat_1.2.6-jadx"	"sources\androidx\compose\foundation\lazy\layout\C0407o0.java"	"2422"	".java"
"FkWeChat_1.2.6-jadx"	"sources\androidx\compose\foundation\lazy\layout\C0409o2.java"	"1173"	".java"
"FkWeChat_1.2.6-jadx"	"sources\androidx\compose\foundation\lazy\layout\C0411p0.java"	"4648"	".java"
"FkWeChat_1.2.6-jadx"	"sources\androidx\compose\foundation\lazy\layout\C0418r1.java"	"11185"	".java"
"FkWeChat_1.2.6-jadx"	"sources\androidx\compose\foundation\lazy\layout\C0423t0.java"	"7321"	".java"
"FkWeChat_1.2.6-jadx"	"sources\androidx\compose\foundation\lazy\layout\C0426u0.java"	"5250"	".java"
"FkWeChat_1.2.6-jadx"	"sources\androidx\compose\foundation\lazy\layout\C0428v.java"	"8827"	".java"
"FkWeChat_1.2.6-jadx"	"sources\androidx\compose\foundation\lazy\layout\C0433w1.java"	"3252"	".java"
"FkWeChat_1.2.6-jadx"	"sources\androidx\compose\foundation\lazy\layout\C0439y1.java"	"5020"	".java"
"FkWeChat_1.2.6-jadx"	"sources\androidx\compose\foundation\lazy\layout\DefaultLazyKey.java"	"3694"	".java"
"FkWeChat_1.2.6-jadx"	"sources\androidx\compose\foundation\lazy\layout\InterfaceC0355b0.java"	"456"	".java"
"FkWeChat_1.2.6-jadx"	"sources\androidx\compose\foundation\lazy\layout\InterfaceC0360c1.java"	"783"	".java"
"FkWeChat_1.2.6-jadx"	"sources\androidx\compose\foundation\lazy\layout\InterfaceC0370f.java"	"1827"	".java"
"FkWeChat_1.2.6-jadx"	"sources\androidx\compose\foundation\lazy\layout\InterfaceC0373f2.java"	"413"	".java"
"FkWeChat_1.2.6-jadx"	"sources\androidx\compose\foundation\lazy\layout\InterfaceC0377g2.java"	"377"	".java"
"FkWeChat_1.2.6-jadx"	"sources\androidx\compose\foundation\lazy\layout\InterfaceC0379h0.java"	"467"	".java"
"FkWeChat_1.2.6-jadx"	"sources\androidx\compose\foundation\lazy\layout\InterfaceC0381h2.java"	"410"	".java"
"FkWeChat_1.2.6-jadx"	"sources\androidx\compose\foundation\lazy\layout\InterfaceC0383i0.java"	"470"	".java"
"FkWeChat_1.2.6-jadx"	"sources\androidx\compose\foundation\lazy\layout\InterfaceC0389j2.java"	"750"	".java"
"FkWeChat_1.2.6-jadx"	"sources\androidx\compose\foundation\lazy\layout\InterfaceC0391k0.java"	"1097"	".java"
"FkWeChat_1.2.6-jadx"	"sources\androidx\compose\foundation\lazy\layout\InterfaceC0401m2.java"	"3932"	".java"
"FkWeChat_1.2.6-jadx"	"sources\androidx\compose\foundation\lazy\layout\InterfaceC0406o.java"	"618"	".java"
"FkWeChat_1.2.6-jadx"	"sources\androidx\compose\foundation\lazy\layout\InterfaceC0437y.java"	"796"	".java"
"FkWeChat_1.2.6-jadx"	"sources\androidx\compose\foundation\lazy\layout\InterfaceC0438y0.java"	"1258"	".java"
"FkWeChat_1.2.6-jadx"	"sources\androidx\compose\foundation\lazy\layout\InterfaceC0442z1.java"	"444"	".java"
"FkWeChat_1.2.6-jadx"	"sources\androidx\compose\foundation\lazy\layout\ViewOnAttachStateChangeListenerC0354b.java"	"8618"	".java"
"FkWeChat_1.2.6-jadx"	"sources\androidx\compose\p013ui\input\pointer\PointerInputEventHandler.java"	"1042"	".java"
"FkWeChat_1.2.6-jadx"	"sources\androidx\compose\runtime\AbstractC0453a.java"	"1869"	".java"
"FkWeChat_1.2.6-jadx"	"sources\androidx\compose\runtime\AbstractC0454a0.java"	"8281"	".java"
"FkWeChat_1.2.6-jadx"	"sources\androidx\compose\runtime\AbstractC0456a2.java"	"1454"	".java"
"FkWeChat_1.2.6-jadx"	"sources\androidx\compose\runtime\AbstractC0459a5.java"	"4852"	".java"
"FkWeChat_1.2.6-jadx"	"sources\androidx\compose\runtime\AbstractC0463b2.java"	"292"	".java"
"FkWeChat_1.2.6-jadx"	"sources\androidx\compose\runtime\AbstractC0464b3.java"	"583"	".java"
"FkWeChat_1.2.6-jadx"	"sources\androidx\compose\runtime\AbstractC0468c0.java"	"3767"	".java"
"FkWeChat_1.2.6-jadx"	"sources\androidx\compose\runtime\AbstractC0470c2.java"	"369"	".java"
"FkWeChat_1.2.6-jadx"	"sources\androidx\compose\runtime\AbstractC0471c3.java"	"444"	".java"
"FkWeChat_1.2.6-jadx"	"sources\androidx\compose\runtime\AbstractC0473c5.java"	"4012"	".java"
"FkWeChat_1.2.6-jadx"	"sources\androidx\compose\runtime\AbstractC0478d3.java"	"460"	".java"
"FkWeChat_1.2.6-jadx"	"sources\androidx\compose\runtime\AbstractC0480d5.java"	"1359"	".java"
"FkWeChat_1.2.6-jadx"	"sources\androidx\compose\runtime\AbstractC0482e0.java"	"2952"	".java"
"FkWeChat_1.2.6-jadx"	"sources\androidx\compose\runtime\AbstractC0485e3.java"	"2993"	".java"
"FkWeChat_1.2.6-jadx"	"sources\androidx\compose\runtime\AbstractC0487e5.java"	"12193"	".java"
"FkWeChat_1.2.6-jadx"	"sources\androidx\compose\runtime\AbstractC0489f0.java"	"441"	".java"
"FkWeChat_1.2.6-jadx"	"sources\androidx\compose\runtime\AbstractC0497g1.java"	"6774"	".java"
"FkWeChat_1.2.6-jadx"	"sources\androidx\compose\runtime\AbstractC0506h3.java"	"4090"	".java"
"FkWeChat_1.2.6-jadx"	"sources\androidx\compose\runtime\AbstractC0515i5.java"	"897"	".java"
"FkWeChat_1.2.6-jadx"	"sources\androidx\compose\runtime\AbstractC0517j0.java"	"1221"	".java"
"FkWeChat_1.2.6-jadx"	"sources\androidx\compose\runtime\AbstractC0522j5.java"	"2339"	".java"
"FkWeChat_1.2.6-jadx"	"sources\androidx\compose\runtime\AbstractC0524k0.java"	"972"	".java"
"FkWeChat_1.2.6-jadx"	"sources\androidx\compose\runtime\AbstractC0529k5.java"	"545"	".java"
"FkWeChat_1.2.6-jadx"	"sources\androidx\compose\runtime\AbstractC0532l1.java"	"1554"	".java"
"FkWeChat_1.2.6-jadx"	"sources\androidx\compose\runtime\AbstractC0533l2.java"	"448"	".java"
"FkWeChat_1.2.6-jadx"	"sources\androidx\compose\runtime\AbstractC0537m.java"	"2708"	".java"
"FkWeChat_1.2.6-jadx"	"sources\androidx\compose\runtime\AbstractC0539m1.java"	"1185"	".java"
"FkWeChat_1.2.6-jadx"	"sources\androidx\compose\runtime\AbstractC0541m3.java"	"534"	".java"
"FkWeChat_1.2.6-jadx"	"sources\androidx\compose\runtime\AbstractC0543m5.java"	"467"	".java"
"FkWeChat_1.2.6-jadx"	"sources\androidx\compose\runtime\AbstractC0549n4.java"	"3952"	".java"
"FkWeChat_1.2.6-jadx"	"sources\androidx\compose\runtime\AbstractC0552o0.java"	"4583"	".java"
"FkWeChat_1.2.6-jadx"	"sources\androidx\compose\runtime\AbstractC0557o5.java"	"2299"	".java"
"FkWeChat_1.2.6-jadx"	"sources\androidx\compose\runtime\AbstractC0563p4.java"	"461"	".java"
"FkWeChat_1.2.6-jadx"	"sources\androidx\compose\runtime\AbstractC0566q0.java"	"2230"	".java"
"FkWeChat_1.2.6-jadx"	"sources\androidx\compose\runtime\AbstractC0570q4.java"	"442"	".java"
"FkWeChat_1.2.6-jadx"	"sources\androidx\compose\runtime\AbstractC0577r4.java"	"458"	".java"
"FkWeChat_1.2.6-jadx"	"sources\androidx\compose\runtime\AbstractC0584s4.java"	"457"	".java"
"FkWeChat_1.2.6-jadx"	"sources\androidx\compose\runtime\AbstractC0595t4.java"	"443"	".java"
"FkWeChat_1.2.6-jadx"	"sources\androidx\compose\runtime\AbstractC0600u2.java"	"532"	".java"
"FkWeChat_1.2.6-jadx"	"sources\androidx\compose\runtime\AbstractC0602u4.java"	"459"	".java"
"FkWeChat_1.2.6-jadx"	"sources\androidx\compose\runtime\AbstractC0603u5.java"	"1943"	".java"
"FkWeChat_1.2.6-jadx"	"sources\androidx\compose\runtime\AbstractC0609v4.java"	"459"	".java"
"FkWeChat_1.2.6-jadx"	"sources\androidx\compose\runtime\AbstractC0616w4.java"	"4253"	".java"
"FkWeChat_1.2.6-jadx"	"sources\androidx\compose\runtime\AbstractC0622x4.java"	"4300"	".java"
"FkWeChat_1.2.6-jadx"	"sources\androidx\compose\runtime\AbstractC0628y4.java"	"4291"	".java"
"FkWeChat_1.2.6-jadx"	"sources\androidx\compose\runtime\AbstractC0634z4.java"	"4299"	".java"
"FkWeChat_1.2.6-jadx"	"sources\androidx\compose\runtime\C0458a4.java"	"1025"	".java"
"FkWeChat_1.2.6-jadx"	"sources\androidx\compose\runtime\C0460b.java"	"1149"	".java"
"FkWeChat_1.2.6-jadx"	"sources\androidx\compose\runtime\C0462b1.java"	"1279"	".java"
"FkWeChat_1.2.6-jadx"	"sources\androidx\compose\runtime\C0467c.java"	"665"	".java"
"FkWeChat_1.2.6-jadx"	"sources\androidx\compose\runtime\C0476d1.java"	"281"	".java"
"FkWeChat_1.2.6-jadx"	"sources\androidx\compose\runtime\C0477d2.java"	"2067"	".java"
"FkWeChat_1.2.6-jadx"	"sources\androidx\compose\runtime\C0479d4.java"	"791"	".java"
"FkWeChat_1.2.6-jadx"	"sources\androidx\compose\runtime\C0483e1.java"	"827"	".java"
"FkWeChat_1.2.6-jadx"	"sources\androidx\compose\runtime\C0486e4.java"	"6233"	".java"
"FkWeChat_1.2.6-jadx"	"sources\androidx\compose\runtime\C0488f.java"	"6113"	".java"
"FkWeChat_1.2.6-jadx"	"sources\androidx\compose\runtime\C0490f1.java"	"1268"	".java"
"FkWeChat_1.2.6-jadx"	"sources\androidx\compose\runtime\C0496g0.java"	"800"	".java"
"FkWeChat_1.2.6-jadx"	"sources\androidx\compose\runtime\C0499g3.java"	"5188"	".java"
"FkWeChat_1.2.6-jadx"	"sources\androidx\compose\runtime\C0500g4.java"	"409"	".java"
"FkWeChat_1.2.6-jadx"	"sources\androidx\compose\runtime\C0503h0.java"	"481"	".java"
"FkWeChat_1.2.6-jadx"	"sources\androidx\compose\runtime\C0507h4.java"	"378"	".java"
"FkWeChat_1.2.6-jadx"	"sources\androidx\compose\runtime\C0509i.java"	"1953"	".java"
"FkWeChat_1.2.6-jadx"	"sources\androidx\compose\runtime\C0510i0.java"	"71240"	".java"
"FkWeChat_1.2.6-jadx"	"sources\androidx\compose\runtime\C0511i1.java"	"431"	".java"
"FkWeChat_1.2.6-jadx"	"sources\androidx\compose\runtime\C0513i3.java"	"3134"	".java"
"FkWeChat_1.2.6-jadx"	"sources\androidx\compose\runtime\C0518j1.java"	"1290"	".java"
"FkWeChat_1.2.6-jadx"	"sources\androidx\compose\runtime\C0525k1.java"	"1815"	".java"
"FkWeChat_1.2.6-jadx"	"sources\androidx\compose\runtime\C0526k2.java"	"3177"	".java"
"FkWeChat_1.2.6-jadx"	"sources\androidx\compose\runtime\C0528k4.java"	"14488"	".java"
"FkWeChat_1.2.6-jadx"	"sources\androidx\compose\runtime\C0530l.java"	"2766"	".java"
"FkWeChat_1.2.6-jadx"	"sources\androidx\compose\runtime\C0534l3.java"	"21501"	".java"
"FkWeChat_1.2.6-jadx"	"sources\androidx\compose\runtime\C0535l4.java"	"8098"	".java"
"FkWeChat_1.2.6-jadx"	"sources\androidx\compose\runtime\C0536l5.java"	"2511"	".java"
"FkWeChat_1.2.6-jadx"	"sources\androidx\compose\runtime\C0540m2.java"	"668"	".java"
"FkWeChat_1.2.6-jadx"	"sources\androidx\compose\runtime\C0542m4.java"	"1738"	".java"
"FkWeChat_1.2.6-jadx"	"sources\androidx\compose\runtime\C0546n1.java"	"2218"	".java"
"FkWeChat_1.2.6-jadx"	"sources\androidx\compose\runtime\C0550n5.java"	"1873"	".java"
"FkWeChat_1.2.6-jadx"	"sources\androidx\compose\runtime\C0551o.java"	"7442"	".java"
"FkWeChat_1.2.6-jadx"	"sources\androidx\compose\runtime\C0556o4.java"	"60071"	".java"
"FkWeChat_1.2.6-jadx"	"sources\androidx\compose\runtime\C0558p.java"	"562"	".java"
"FkWeChat_1.2.6-jadx"	"sources\androidx\compose\runtime\C0560p1.java"	"1345"	".java"
"FkWeChat_1.2.6-jadx"	"sources\androidx\compose\runtime\C0561p2.java"	"3337"	".java"
"FkWeChat_1.2.6-jadx"	"sources\androidx\compose\runtime\C0565q.java"	"612"	".java"
"FkWeChat_1.2.6-jadx"	"sources\androidx\compose\runtime\C0568q2.java"	"2939"	".java"
"FkWeChat_1.2.6-jadx"	"sources\androidx\compose\runtime\C0571q5.java"	"660"	".java"
"FkWeChat_1.2.6-jadx"	"sources\androidx\compose\runtime\C0573r0.java"	"1229"	".java"
"FkWeChat_1.2.6-jadx"	"sources\androidx\compose\runtime\C0574r1.java"	"1434"	".java"
"FkWeChat_1.2.6-jadx"	"sources\androidx\compose\runtime\C0575r2.java"	"902"	".java"
"FkWeChat_1.2.6-jadx"	"sources\androidx\compose\runtime\C0578r5.java"	"1289"	".java"
"FkWeChat_1.2.6-jadx"	"sources\androidx\compose\runtime\C0581s1.java"	"1292"	".java"
"FkWeChat_1.2.6-jadx"	"sources\androidx\compose\runtime\C0582s2.java"	"850"	".java"
"FkWeChat_1.2.6-jadx"	"sources\androidx\compose\runtime\C0585s5.java"	"736"	".java"
"FkWeChat_1.2.6-jadx"	"sources\androidx\compose\runtime\C0592t1.java"	"4025"	".java"
"FkWeChat_1.2.6-jadx"	"sources\androidx\compose\runtime\C0598u0.java"	"1459"	".java"
"FkWeChat_1.2.6-jadx"	"sources\androidx\compose\runtime\C0599u1.java"	"3922"	".java"
"FkWeChat_1.2.6-jadx"	"sources\androidx\compose\runtime\C0605v0.java"	"1311"	".java"
"FkWeChat_1.2.6-jadx"	"sources\androidx\compose\runtime\C0606v1.java"	"936"	".java"
"FkWeChat_1.2.6-jadx"	"sources\androidx\compose\runtime\C0607v2.java"	"5327"	".java"
"FkWeChat_1.2.6-jadx"	"sources\androidx\compose\runtime\C0613w1.java"	"428"	".java"
"FkWeChat_1.2.6-jadx"	"sources\androidx\compose\runtime\C0624y0.java"	"15109"	".java"
"FkWeChat_1.2.6-jadx"	"sources\androidx\compose\runtime\C0627y3.java"	"8340"	".java"
"FkWeChat_1.2.6-jadx"	"sources\androidx\compose\runtime\C0631z1.java"	"907"	".java"
"FkWeChat_1.2.6-jadx"	"sources\androidx\compose\runtime\C0632z2.java"	"13610"	".java"
"FkWeChat_1.2.6-jadx"	"sources\androidx\compose\runtime\C0633z3.java"	"683"	".java"
"FkWeChat_1.2.6-jadx"	"sources\androidx\compose\runtime\EnumC0567q1.java"	"1841"	".java"
"FkWeChat_1.2.6-jadx"	"sources\androidx\compose\runtime\EnumC0626y2.java"	"2239"	".java"
"FkWeChat_1.2.6-jadx"	"sources\androidx\compose\runtime\InterfaceC0455a1.java"	"474"	".java"
"FkWeChat_1.2.6-jadx"	"sources\androidx\compose\runtime\InterfaceC0457a3.java"	"1136"	".java"
"FkWeChat_1.2.6-jadx"	"sources\androidx\compose\runtime\InterfaceC0465b4.java"	"976"	".java"
"FkWeChat_1.2.6-jadx"	"sources\androidx\compose\runtime\InterfaceC0466b5.java"	"509"	".java"
"FkWeChat_1.2.6-jadx"	"sources\androidx\compose\runtime\InterfaceC0469c1.java"	"347"	".java"
"FkWeChat_1.2.6-jadx"	"sources\androidx\compose\runtime\InterfaceC0472c4.java"	"469"	".java"
"FkWeChat_1.2.6-jadx"	"sources\androidx\compose\runtime\InterfaceC0474d.java"	"1240"	".java"
"FkWeChat_1.2.6-jadx"	"sources\androidx\compose\runtime\InterfaceC0475d0.java"	"601"	".java"
"FkWeChat_1.2.6-jadx"	"sources\androidx\compose\runtime\InterfaceC0484e2.java"	"903"	".java"
"FkWeChat_1.2.6-jadx"	"sources\androidx\compose\runtime\InterfaceC0491f2.java"	"957"	".java"
"FkWeChat_1.2.6-jadx"	"sources\androidx\compose\runtime\InterfaceC0492f3.java"	"553"	".java"
"FkWeChat_1.2.6-jadx"	"sources\androidx\compose\runtime\InterfaceC0493f4.java"	"463"	".java"
"FkWeChat_1.2.6-jadx"	"sources\androidx\compose\runtime\InterfaceC0498g2.java"	"953"	".java"
"FkWeChat_1.2.6-jadx"	"sources\androidx\compose\runtime\InterfaceC0502h.java"	"1347"	".java"
"FkWeChat_1.2.6-jadx"	"sources\androidx\compose\runtime\InterfaceC0504h1.java"	"373"	".java"
"FkWeChat_1.2.6-jadx"	"sources\androidx\compose\runtime\InterfaceC0505h2.java"	"951"	".java"
"FkWeChat_1.2.6-jadx"	"sources\androidx\compose\runtime\InterfaceC0512i2.java"	"431"	".java"
"FkWeChat_1.2.6-jadx"	"sources\androidx\compose\runtime\InterfaceC0514i4.java"	"412"	".java"
"FkWeChat_1.2.6-jadx"	"sources\androidx\compose\runtime\InterfaceC0520j3.java"	"312"	".java"
"FkWeChat_1.2.6-jadx"	"sources\androidx\compose\runtime\InterfaceC0521j4.java"	"350"	".java"
"FkWeChat_1.2.6-jadx"	"sources\androidx\compose\runtime\InterfaceC0531l0.java"	"380"	".java"
"FkWeChat_1.2.6-jadx"	"sources\androidx\compose\runtime\InterfaceC0544n.java"	"406"	".java"
"FkWeChat_1.2.6-jadx"	"sources\androidx\compose\runtime\InterfaceC0548n3.java"	"528"	".java"
"FkWeChat_1.2.6-jadx"	"sources\androidx\compose\runtime\InterfaceC0553o1.java"	"371"	".java"
"FkWeChat_1.2.6-jadx"	"sources\androidx\compose\runtime\InterfaceC0559p0.java"	"1089"	".java"
"FkWeChat_1.2.6-jadx"	"sources\androidx\compose\runtime\InterfaceC0564p5.java"	"312"	".java"
"FkWeChat_1.2.6-jadx"	"sources\androidx\compose\runtime\InterfaceC0572r.java"	"4981"	".java"
"FkWeChat_1.2.6-jadx"	"sources\androidx\compose\runtime\InterfaceC0580s0.java"	"288"	".java"
"FkWeChat_1.2.6-jadx"	"sources\androidx\compose\runtime\InterfaceC0593t2.java"	"553"	".java"
"FkWeChat_1.2.6-jadx"	"sources\androidx\compose\runtime\InterfaceC0610v5.java"	"382"	".java"
"FkWeChat_1.2.6-jadx"	"sources\androidx\compose\runtime\InterfaceC0612w0.java"	"1728"	".java"
"FkWeChat_1.2.6-jadx"	"sources\androidx\compose\runtime\InterfaceC0614w2.java"	"490"	".java"
"FkWeChat_1.2.6-jadx"	"sources\androidx\compose\runtime\InterfaceC0619x1.java"	"372"	".java"
"FkWeChat_1.2.6-jadx"	"sources\androidx\compose\runtime\InterfaceC0625y1.java"	"2345"	".java"
"FkWeChat_1.2.6-jadx"	"sources\androidx\compose\runtime\InterfaceC0630z0.java"	"839"	".java"
"FkWeChat_1.2.6-jadx"	"sources\androidx\compose\runtime\ParcelableSnapshotMutableDoubleState.java"	"2791"	".java"
"FkWeChat_1.2.6-jadx"	"sources\androidx\compose\runtime\ParcelableSnapshotMutableFloatState.java"	"2779"	".java"
"FkWeChat_1.2.6-jadx"	"sources\androidx\compose\runtime\ParcelableSnapshotMutableIntState.java"	"2711"	".java"
"FkWeChat_1.2.6-jadx"	"sources\androidx\compose\runtime\ParcelableSnapshotMutableLongState.java"	"2763"	".java"
"FkWeChat_1.2.6-jadx"	"sources\androidx\compose\runtime\ParcelableSnapshotMutableState.java"	"4795"	".java"
"FkWeChat_1.2.6-jadx"	"sources\androidx\compose\runtime\snapshots\SnapshotStateList.java"	"29462"	".java"
"FkWeChat_1.2.6-jadx"	"sources\androidx\compose\runtime\snapshots\SnapshotStateSet.java"	"16664"	".java"
"FkWeChat_1.2.6-jadx"	"sources\androidx\core\app\CoreComponentFactory.java"	"1567"	".java"
"FkWeChat_1.2.6-jadx"	"sources\androidx\core\app\RemoteActionCompat.java"	"800"	".java"
"FkWeChat_1.2.6-jadx"	"sources\androidx\core\app\RemoteActionCompatParcelizer.java"	"1654"	".java"
"FkWeChat_1.2.6-jadx"	"sources\androidx\core\graphics\drawable\IconCompat.java"	"8132"	".java"
"FkWeChat_1.2.6-jadx"	"sources\androidx\core\graphics\drawable\IconCompatParcelizer.java"	"2393"	".java"
"FkWeChat_1.2.6-jadx"	"sources\androidx\core\widget\NestedScrollView$SavedState.java"	"1912"	".java"
"FkWeChat_1.2.6-jadx"	"sources\androidx\emoji2\text\AbstractC0642a.java"	"6128"	".java"
"FkWeChat_1.2.6-jadx"	"sources\androidx\emoji2\text\C0643b.java"	"1455"	".java"
"FkWeChat_1.2.6-jadx"	"sources\androidx\emoji2\text\C0644c.java"	"19922"	".java"
"FkWeChat_1.2.6-jadx"	"sources\androidx\emoji2\text\C0645d.java"	"14510"	".java"
"FkWeChat_1.2.6-jadx"	"sources\androidx\emoji2\text\C0646e.java"	"9599"	".java"
"FkWeChat_1.2.6-jadx"	"sources\androidx\emoji2\text\C0647f.java"	"3999"	".java"
"FkWeChat_1.2.6-jadx"	"sources\androidx\emoji2\text\EmojiCompatInitializer.java"	"6384"	".java"
"FkWeChat_1.2.6-jadx"	"sources\androidx\graphics\path\ConicConverter.java"	"1258"	".java"
"FkWeChat_1.2.6-jadx"	"sources\androidx\graphics\path\PathIteratorPreApi34Impl.java"	"3550"	".java"
"FkWeChat_1.2.6-jadx"	"sources\androidx\lifecycle\AbstractC0648a.java"	"302"	".java"
"FkWeChat_1.2.6-jadx"	"sources\androidx\lifecycle\AbstractC0649a0.java"	"296"	".java"
"FkWeChat_1.2.6-jadx"	"sources\androidx\lifecycle\AbstractC0657e0.java"	"5799"	".java"
"FkWeChat_1.2.6-jadx"	"sources\androidx\lifecycle\AbstractC0660g.java"	"1635"	".java"
"FkWeChat_1.2.6-jadx"	"sources\androidx\lifecycle\AbstractC0667j0.java"	"2679"	".java"
"FkWeChat_1.2.6-jadx"	"sources\androidx\lifecycle\AbstractC0668k.java"	"9436"	".java"
"FkWeChat_1.2.6-jadx"	"sources\androidx\lifecycle\AbstractC0671l0.java"	"1258"	".java"
"FkWeChat_1.2.6-jadx"	"sources\androidx\lifecycle\AbstractC0679p0.java"	"1188"	".java"
"FkWeChat_1.2.6-jadx"	"sources\androidx\lifecycle\AbstractC0681q0.java"	"1198"	".java"
"FkWeChat_1.2.6-jadx"	"sources\androidx\lifecycle\AbstractC0682r.java"	"1109"	".java"
"FkWeChat_1.2.6-jadx"	"sources\androidx\lifecycle\AbstractC0683s.java"	"434"	".java"
"FkWeChat_1.2.6-jadx"	"sources\androidx\lifecycle\C0650b.java"	"495"	".java"
"FkWeChat_1.2.6-jadx"	"sources\androidx\lifecycle\C0651b0.java"	"1983"	".java"
"FkWeChat_1.2.6-jadx"	"sources\androidx\lifecycle\C0652c.java"	"8737"	".java"
"FkWeChat_1.2.6-jadx"	"sources\androidx\lifecycle\C0653c0.java"	"1044"	".java"
"FkWeChat_1.2.6-jadx"	"sources\androidx\lifecycle\C0654d.java"	"1223"	".java"
"FkWeChat_1.2.6-jadx"	"sources\androidx\lifecycle\C0655d0.java"	"1945"	".java"
"FkWeChat_1.2.6-jadx"	"sources\androidx\lifecycle\C0658f.java"	"3515"	".java"
"FkWeChat_1.2.6-jadx"	"sources\androidx\lifecycle\C0661g0.java"	"5792"	".java"
"FkWeChat_1.2.6-jadx"	"sources\androidx\lifecycle\C0663h0.java"	"552"	".java"
"FkWeChat_1.2.6-jadx"	"sources\androidx\lifecycle\C0665i0.java"	"5935"	".java"
"FkWeChat_1.2.6-jadx"	"sources\androidx\lifecycle\C0666j.java"	"4441"	".java"
"FkWeChat_1.2.6-jadx"	"sources\androidx\lifecycle\C0669k0.java"	"707"	".java"
"FkWeChat_1.2.6-jadx"	"sources\androidx\lifecycle\C0670l.java"	"1576"	".java"
"FkWeChat_1.2.6-jadx"	"sources\androidx\lifecycle\C0673m0.java"	"12538"	".java"
"FkWeChat_1.2.6-jadx"	"sources\androidx\lifecycle\C0675n0.java"	"1447"	".java"
"FkWeChat_1.2.6-jadx"	"sources\androidx\lifecycle\C0678p.java"	"487"	".java"
"FkWeChat_1.2.6-jadx"	"sources\androidx\lifecycle\C0680q.java"	"12055"	".java"
"FkWeChat_1.2.6-jadx"	"sources\androidx\lifecycle\C0684t.java"	"6418"	".java"
"FkWeChat_1.2.6-jadx"	"sources\androidx\lifecycle\C0685u.java"	"399"	".java"
"FkWeChat_1.2.6-jadx"	"sources\androidx\lifecycle\C0688x.java"	"8341"	".java"
"FkWeChat_1.2.6-jadx"	"sources\androidx\lifecycle\C0689y.java"	"895"	".java"
"FkWeChat_1.2.6-jadx"	"sources\androidx\lifecycle\FragmentC0690z.java"	"11621"	".java"
"FkWeChat_1.2.6-jadx"	"sources\androidx\lifecycle\InterfaceC0656e.java"	"1163"	".java"
"FkWeChat_1.2.6-jadx"	"sources\androidx\lifecycle\InterfaceC0662h.java"	"274"	".java"
"FkWeChat_1.2.6-jadx"	"sources\androidx\lifecycle\InterfaceC0664i.java"	"478"	".java"
"FkWeChat_1.2.6-jadx"	"sources\androidx\lifecycle\InterfaceC0672m.java"	"456"	".java"
"FkWeChat_1.2.6-jadx"	"sources\androidx\lifecycle\InterfaceC0674n.java"	"274"	".java"
"FkWeChat_1.2.6-jadx"	"sources\androidx\lifecycle\InterfaceC0676o.java"	"310"	".java"
"FkWeChat_1.2.6-jadx"	"sources\androidx\lifecycle\InterfaceC0677o0.java"	"338"	".java"
"FkWeChat_1.2.6-jadx"	"sources\androidx\lifecycle\InterfaceC0686v.java"	"474"	".java"
"FkWeChat_1.2.6-jadx"	"sources\androidx\lifecycle\ProcessLifecycleInitializer.java"	"2534"	".java"
"FkWeChat_1.2.6-jadx"	"sources\androidx\profileinstaller\AbstractC0694a.java"	"2030"	".java"
"FkWeChat_1.2.6-jadx"	"sources\androidx\profileinstaller\AbstractC0696c.java"	"9315"	".java"
"FkWeChat_1.2.6-jadx"	"sources\androidx\profileinstaller\AbstractC0697d.java"	"6881"	".java"
"FkWeChat_1.2.6-jadx"	"sources\androidx\profileinstaller\C0695b.java"	"11360"	".java"
"FkWeChat_1.2.6-jadx"	"sources\androidx\profileinstaller\ProfileInstallerInitializer.java"	"3046"	".java"
"FkWeChat_1.2.6-jadx"	"sources\androidx\profileinstaller\ProfileInstallReceiver.java"	"3567"	".java"
"FkWeChat_1.2.6-jadx"	"sources\androidx\startup\InitializationProvider.java"	"1838"	".java"
"FkWeChat_1.2.6-jadx"	"sources\androidx\versionedparcelable\CustomVersionedParcelable.java"	"307"	".java"
"FkWeChat_1.2.6-jadx"	"sources\androidx\versionedparcelable\ParcelImpl.java"	"1658"	".java"
"FkWeChat_1.2.6-jadx"	"sources\androidx\window\area\reflectionguard\ExtensionWindowAreaPresentationRequirements.java"	"412"	".java"
"FkWeChat_1.2.6-jadx"	"sources\androidx\window\area\reflectionguard\ExtensionWindowAreaStatusRequirements.java"	"385"	".java"
"FkWeChat_1.2.6-jadx"	"sources\androidx\window\area\reflectionguard\WindowAreaComponentApi3Requirements.java"	"1258"	".java"
"FkWeChat_1.2.6-jadx"	"sources\androidx\window\reflection\Consumer2.java"	"1025"	".java"
"FkWeChat_1.2.6-jadx"	"sources\androidx\window\reflection\JFunction2.java"	"1067"	".java"
"FkWeChat_1.2.6-jadx"	"sources\androidx\window\reflection\Predicate2.java"	"1069"	".java"
"FkWeChat_1.2.6-jadx"	"sources\ba\AbstractC1075c.java"	"3975"	".java"
"FkWeChat_1.2.6-jadx"	"sources\ba\AbstractC1080h.java"	"590"	".java"
"FkWeChat_1.2.6-jadx"	"sources\ba\C1073a.java"	"664"	".java"
"FkWeChat_1.2.6-jadx"	"sources\ba\C1074b.java"	"664"	".java"
"FkWeChat_1.2.6-jadx"	"sources\ba\C1078f.java"	"558"	".java"
"FkWeChat_1.2.6-jadx"	"sources\ba\C1079g.java"	"2916"	".java"
"FkWeChat_1.2.6-jadx"	"sources\ba\C1081i.java"	"656"	".java"
"FkWeChat_1.2.6-jadx"	"sources\ba\C1082j.java"	"3041"	".java"
"FkWeChat_1.2.6-jadx"	"sources\ba\C1083k.java"	"1935"	".java"
"FkWeChat_1.2.6-jadx"	"sources\ba\C1084l.java"	"558"	".java"
"FkWeChat_1.2.6-jadx"	"sources\ba\C1085m.java"	"2207"	".java"
"FkWeChat_1.2.6-jadx"	"sources\ba\C1087o.java"	"1103"	".java"
"FkWeChat_1.2.6-jadx"	"sources\ba\InterfaceC1077e.java"	"1454"	".java"
"FkWeChat_1.2.6-jadx"	"sources\ba\InterfaceC1086n.java"	"410"	".java"
"FkWeChat_1.2.6-jadx"	"sources\ba\InterfaceC1088p.java"	"972"	".java"
"FkWeChat_1.2.6-jadx"	"sources\bb\AbstractC1089a.java"	"4954"	".java"
"FkWeChat_1.2.6-jadx"	"sources\bd\AbstractC1109b.java"	"1746"	".java"
"FkWeChat_1.2.6-jadx"	"sources\bd\AbstractC1110c.java"	"384"	".java"
"FkWeChat_1.2.6-jadx"	"sources\bd\AbstractC1112e.java"	"646"	".java"
"FkWeChat_1.2.6-jadx"	"sources\bd\C1108a.java"	"5833"	".java"
"FkWeChat_1.2.6-jadx"	"sources\bd\InterfaceC1111d.java"	"745"	".java"
"FkWeChat_1.2.6-jadx"	"sources\be\AbstractC1113a.java"	"605"	".java"
"FkWeChat_1.2.6-jadx"	"sources\be\AbstractC1117e.java"	"5737"	".java"
"FkWeChat_1.2.6-jadx"	"sources\be\C1114b.java"	"981"	".java"
"FkWeChat_1.2.6-jadx"	"sources\be\C1115c.java"	"4197"	".java"
"FkWeChat_1.2.6-jadx"	"sources\be\C1116d.java"	"445"	".java"
"FkWeChat_1.2.6-jadx"	"sources\bf\AbstractC1118a.java"	"1405"	".java"
"FkWeChat_1.2.6-jadx"	"sources\bsh\AbstractC1126a.java"	"9265"	".java"
"FkWeChat_1.2.6-jadx"	"sources\bsh\AbstractC1128a1.java"	"7246"	".java"
"FkWeChat_1.2.6-jadx"	"sources\bsh\AbstractC1143c4.java"	"45982"	".java"
"FkWeChat_1.2.6-jadx"	"sources\bsh\AbstractC1175f2.java"	"3268"	".java"
"FkWeChat_1.2.6-jadx"	"sources\bsh\AbstractC1195i4.java"	"8551"	".java"
"FkWeChat_1.2.6-jadx"	"sources\bsh\AbstractC1200j3.java"	"28950"	".java"
"FkWeChat_1.2.6-jadx"	"sources\bsh\AbstractC1225n4.java"	"13962"	".java"
"FkWeChat_1.2.6-jadx"	"sources\bsh\AbstractC1241q2.java"	"10040"	".java"
"FkWeChat_1.2.6-jadx"	"sources\bsh\AbstractC1269v0.java"	"21264"	".java"
"FkWeChat_1.2.6-jadx"	"sources\bsh\AbstractC1273v4.java"	"17963"	".java"
"FkWeChat_1.2.6-jadx"	"sources\bsh\C1127a0.java"	"5375"	".java"
"FkWeChat_1.2.6-jadx"	"sources\bsh\C1133b0.java"	"3373"	".java"
"FkWeChat_1.2.6-jadx"	"sources\bsh\C1135b2.java"	"2063"	".java"
"FkWeChat_1.2.6-jadx"	"sources\bsh\C1138c.java"	"2206"	".java"
"FkWeChat_1.2.6-jadx"	"sources\bsh\C1160d.java"	"895"	".java"
"FkWeChat_1.2.6-jadx"	"sources\bsh\C1161d0.java"	"623"	".java"
"FkWeChat_1.2.6-jadx"	"sources\bsh\C1163d2.java"	"3097"	".java"
"FkWeChat_1.2.6-jadx"	"sources\bsh\C1165d4.java"	"402"	".java"
"FkWeChat_1.2.6-jadx"	"sources\bsh\C1166e.java"	"2805"	".java"
"FkWeChat_1.2.6-jadx"	"sources\bsh\C1167e0.java"	"1125"	".java"
"FkWeChat_1.2.6-jadx"	"sources\bsh\C1168e1.java"	"12338"	".java"
"FkWeChat_1.2.6-jadx"	"sources\bsh\C1169e2.java"	"766"	".java"
"FkWeChat_1.2.6-jadx"	"sources\bsh\C1171e4.java"	"1625"	".java"
"FkWeChat_1.2.6-jadx"	"sources\bsh\C1172f.java"	"11774"	".java"
"FkWeChat_1.2.6-jadx"	"sources\bsh\C1173f0.java"	"1071"	".java"
"FkWeChat_1.2.6-jadx"	"sources\bsh\C1174f1.java"	"2412"	".java"
"FkWeChat_1.2.6-jadx"	"sources\bsh\C1177f4.java"	"626"	".java"
"FkWeChat_1.2.6-jadx"	"sources\bsh\C1178g.java"	"6287"	".java"
"FkWeChat_1.2.6-jadx"	"sources\bsh\C1179g0.java"	"693"	".java"
"FkWeChat_1.2.6-jadx"	"sources\bsh\C1180g1.java"	"2292"	".java"
"FkWeChat_1.2.6-jadx"	"sources\bsh\C1181g2.java"	"3234"	".java"
"FkWeChat_1.2.6-jadx"	"sources\bsh\C1182g3.java"	"34287"	".java"
"FkWeChat_1.2.6-jadx"	"sources\bsh\C1183g4.java"	"464"	".java"
"FkWeChat_1.2.6-jadx"	"sources\bsh\C1184h.java"	"7625"	".java"
"FkWeChat_1.2.6-jadx"	"sources\bsh\C1185h0.java"	"916"	".java"
"FkWeChat_1.2.6-jadx"	"sources\bsh\C1187h2.java"	"620"	".java"
"FkWeChat_1.2.6-jadx"	"sources\bsh\C1189h4.java"	"440"	".java"
"FkWeChat_1.2.6-jadx"	"sources\bsh\C1191i0.java"	"3323"	".java"
"FkWeChat_1.2.6-jadx"	"sources\bsh\C1193i2.java"	"403"	".java"
"FkWeChat_1.2.6-jadx"	"sources\bsh\C1196j.java"	"5020"	".java"
"FkWeChat_1.2.6-jadx"	"sources\bsh\C1197j0.java"	"665"	".java"
"FkWeChat_1.2.6-jadx"	"sources\bsh\C1202k.java"	"770"	".java"
"FkWeChat_1.2.6-jadx"	"sources\bsh\C1203k0.java"	"822"	".java"
"FkWeChat_1.2.6-jadx"	"sources\bsh\C1206k3.java"	"4763"	".java"
"FkWeChat_1.2.6-jadx"	"sources\bsh\C1209l0.java"	"2791"	".java"
"FkWeChat_1.2.6-jadx"	"sources\bsh\C1211l2.java"	"402"	".java"
"FkWeChat_1.2.6-jadx"	"sources\bsh\C1212l3.java"	"396"	".java"
"FkWeChat_1.2.6-jadx"	"sources\bsh\C1215m0.java"	"5792"	".java"
"FkWeChat_1.2.6-jadx"	"sources\bsh\C1220n.java"	"4343"	".java"
"FkWeChat_1.2.6-jadx"	"sources\bsh\C1221n0.java"	"5606"	".java"
"FkWeChat_1.2.6-jadx"	"sources\bsh\C1226o.java"	"6912"	".java"
"FkWeChat_1.2.6-jadx"	"sources\bsh\C1228o1.java"	"583"	".java"
"FkWeChat_1.2.6-jadx"	"sources\bsh\C1231o4.java"	"2334"	".java"
"FkWeChat_1.2.6-jadx"	"sources\bsh\C1232p.java"	"3929"	".java"
"FkWeChat_1.2.6-jadx"	"sources\bsh\C1233p0.java"	"2272"	".java"
"FkWeChat_1.2.6-jadx"	"sources\bsh\C1234p1.java"	"393"	".java"
"FkWeChat_1.2.6-jadx"	"sources\bsh\C1236p3.java"	"77865"	".java"
"FkWeChat_1.2.6-jadx"	"sources\bsh\C1237p4.java"	"417"	".java"
"FkWeChat_1.2.6-jadx"	"sources\bsh\C1238q.java"	"2669"	".java"
"FkWeChat_1.2.6-jadx"	"sources\bsh\C1239q0.java"	"1755"	".java"
"FkWeChat_1.2.6-jadx"	"sources\bsh\C1244r.java"	"3380"	".java"
"FkWeChat_1.2.6-jadx"	"sources\bsh\C1245r0.java"	"2380"	".java"
"FkWeChat_1.2.6-jadx"	"sources\bsh\C1247r2.java"	"4046"	".java"
"FkWeChat_1.2.6-jadx"	"sources\bsh\C1250s.java"	"2494"	".java"
"FkWeChat_1.2.6-jadx"	"sources\bsh\C1253s2.java"	"6054"	".java"
"FkWeChat_1.2.6-jadx"	"sources\bsh\C1257t0.java"	"4135"	".java"
"FkWeChat_1.2.6-jadx"	"sources\bsh\C1259t2.java"	"407"	".java"
"FkWeChat_1.2.6-jadx"	"sources\bsh\C1261t4.java"	"1346"	".java"
"FkWeChat_1.2.6-jadx"	"sources\bsh\C1262u.java"	"7872"	".java"
"FkWeChat_1.2.6-jadx"	"sources\bsh\C1265u2.java"	"11850"	".java"
"FkWeChat_1.2.6-jadx"	"sources\bsh\C1267u4.java"	"3021"	".java"
"FkWeChat_1.2.6-jadx"	"sources\bsh\C1268v.java"	"1837"	".java"
"FkWeChat_1.2.6-jadx"	"sources\bsh\C1271v2.java"	"461"	".java"
"FkWeChat_1.2.6-jadx"	"sources\bsh\C1274w.java"	"8516"	".java"
"FkWeChat_1.2.6-jadx"	"sources\bsh\C1277w2.java"	"4457"	".java"
"FkWeChat_1.2.6-jadx"	"sources\bsh\C1279w4.java"	"1412"	".java"
"FkWeChat_1.2.6-jadx"	"sources\bsh\C1281x0.java"	"14800"	".java"
"FkWeChat_1.2.6-jadx"	"sources\bsh\C1283x2.java"	"5677"	".java"
"FkWeChat_1.2.6-jadx"	"sources\bsh\C1285x4.java"	"854"	".java"
"FkWeChat_1.2.6-jadx"	"sources\bsh\C1288y1.java"	"10476"	".java"
"FkWeChat_1.2.6-jadx"	"sources\bsh\C1289y2.java"	"412"	".java"
"FkWeChat_1.2.6-jadx"	"sources\bsh\C1291y4.java"	"4956"	".java"
"FkWeChat_1.2.6-jadx"	"sources\bsh\C1292z.java"	"6487"	".java"
"FkWeChat_1.2.6-jadx"	"sources\bsh\C1295z2.java"	"427"	".java"
"FkWeChat_1.2.6-jadx"	"sources\bsh\classpath\C1144a.java"	"2932"	".java"
"FkWeChat_1.2.6-jadx"	"sources\bsh\classpath\C1145b.java"	"410"	".java"
"FkWeChat_1.2.6-jadx"	"sources\bsh\classpath\C1151h.java"	"499"	".java"
"FkWeChat_1.2.6-jadx"	"sources\bsh\classpath\C1152i.java"	"478"	".java"
"FkWeChat_1.2.6-jadx"	"sources\bsh\classpath\C1153j.java"	"475"	".java"
"FkWeChat_1.2.6-jadx"	"sources\bsh\classpath\C1157n.java"	"26410"	".java"
"FkWeChat_1.2.6-jadx"	"sources\bsh\classpath\C1159p.java"	"2120"	".java"
"FkWeChat_1.2.6-jadx"	"sources\bsh\classpath\ClassManagerImpl.java"	"10598"	".java"
"FkWeChat_1.2.6-jadx"	"sources\bsh\classpath\InterfaceC1158o.java"	"264"	".java"
"FkWeChat_1.2.6-jadx"	"sources\bsh\commands\dir.java"	"3189"	".java"
"FkWeChat_1.2.6-jadx"	"sources\bsh\GeneratedClass.java"	"205"	".java"
"FkWeChat_1.2.6-jadx"	"sources\bsh\InterfaceC1129a2.java"	"782"	".java"
"FkWeChat_1.2.6-jadx"	"sources\bsh\InterfaceC1188h3.java"	"2334"	".java"
"FkWeChat_1.2.6-jadx"	"sources\bsh\InterfaceC1230o3.java"	"2416"	".java"
"FkWeChat_1.2.6-jadx"	"sources\bsh\InterfaceC1242q3.java"	"1108"	".java"
"FkWeChat_1.2.6-jadx"	"sources\bsh\InterfaceC1294z1.java"	"468"	".java"
"FkWeChat_1.2.6-jadx"	"sources\bsh\Primitive.java"	"18524"	".java"
"FkWeChat_1.2.6-jadx"	"sources\bsh\RunnableC1205k2.java"	"29715"	".java"
"FkWeChat_1.2.6-jadx"	"sources\bsh\This.java"	"27291"	".java"
"FkWeChat_1.2.6-jadx"	"sources\ca\AbstractC1408a1.java"	"1611"	".java"
"FkWeChat_1.2.6-jadx"	"sources\ca\AbstractC1414d.java"	"495"	".java"
"FkWeChat_1.2.6-jadx"	"sources\ca\AbstractC1447t0.java"	"27369"	".java"
"FkWeChat_1.2.6-jadx"	"sources\ca\C1406a.java"	"575"	".java"
"FkWeChat_1.2.6-jadx"	"sources\ca\C1407a0.java"	"465"	".java"
"FkWeChat_1.2.6-jadx"	"sources\ca\C1409b.java"	"5548"	".java"
"FkWeChat_1.2.6-jadx"	"sources\ca\C1410b0.java"	"465"	".java"
"FkWeChat_1.2.6-jadx"	"sources\ca\C1411b1.java"	"3108"	".java"
"FkWeChat_1.2.6-jadx"	"sources\ca\C1413c0.java"	"465"	".java"
"FkWeChat_1.2.6-jadx"	"sources\ca\C1415d0.java"	"7428"	".java"
"FkWeChat_1.2.6-jadx"	"sources\ca\C1416e.java"	"456"	".java"
"FkWeChat_1.2.6-jadx"	"sources\ca\C1417e0.java"	"616"	".java"
"FkWeChat_1.2.6-jadx"	"sources\ca\C1418f.java"	"8095"	".java"
"FkWeChat_1.2.6-jadx"	"sources\ca\C1419f0.java"	"700"	".java"
"FkWeChat_1.2.6-jadx"	"sources\ca\C1420g.java"	"456"	".java"
"FkWeChat_1.2.6-jadx"	"sources\ca\C1421g0.java"	"13466"	".java"
"FkWeChat_1.2.6-jadx"	"sources\ca\C1422h.java"	"456"	".java"
"FkWeChat_1.2.6-jadx"	"sources\ca\C1423h0.java"	"504"	".java"
"FkWeChat_1.2.6-jadx"	"sources\ca\C1424i.java"	"456"	".java"
"FkWeChat_1.2.6-jadx"	"sources\ca\C1425i0.java"	"865"	".java"
"FkWeChat_1.2.6-jadx"	"sources\ca\C1426j.java"	"10470"	".java"
"FkWeChat_1.2.6-jadx"	"sources\ca\C1427j0.java"	"865"	".java"
"FkWeChat_1.2.6-jadx"	"sources\ca\C1428k.java"	"457"	".java"
"FkWeChat_1.2.6-jadx"	"sources\ca\C1429k0.java"	"504"	".java"
"FkWeChat_1.2.6-jadx"	"sources\ca\C1431l0.java"	"588"	".java"
"FkWeChat_1.2.6-jadx"	"sources\ca\C1432m.java"	"457"	".java"
"FkWeChat_1.2.6-jadx"	"sources\ca\C1433m0.java"	"588"	".java"
"FkWeChat_1.2.6-jadx"	"sources\ca\C1434n.java"	"22137"	".java"
"FkWeChat_1.2.6-jadx"	"sources\ca\C1435n0.java"	"588"	".java"
"FkWeChat_1.2.6-jadx"	"sources\ca\C1436o.java"	"477"	".java"
"FkWeChat_1.2.6-jadx"	"sources\ca\C1437o0.java"	"504"	".java"
"FkWeChat_1.2.6-jadx"	"sources\ca\C1439p0.java"	"504"	".java"
"FkWeChat_1.2.6-jadx"	"sources\ca\C1440q.java"	"457"	".java"
"FkWeChat_1.2.6-jadx"	"sources\ca\C1441q0.java"	"504"	".java"
"FkWeChat_1.2.6-jadx"	"sources\ca\C1443r0.java"	"588"	".java"
"FkWeChat_1.2.6-jadx"	"sources\ca\C1444s.java"	"457"	".java"
"FkWeChat_1.2.6-jadx"	"sources\ca\C1445s0.java"	"507"	".java"
"FkWeChat_1.2.6-jadx"	"sources\ca\C1448u.java"	"509"	".java"
"FkWeChat_1.2.6-jadx"	"sources\ca\C1449u0.java"	"514"	".java"
"FkWeChat_1.2.6-jadx"	"sources\ca\C1451v0.java"	"493"	".java"
"FkWeChat_1.2.6-jadx"	"sources\ca\C1452w.java"	"541"	".java"
"FkWeChat_1.2.6-jadx"	"sources\ca\C1453w0.java"	"582"	".java"
"FkWeChat_1.2.6-jadx"	"sources\ca\C1454x.java"	"541"	".java"
"FkWeChat_1.2.6-jadx"	"sources\ca\C1455x0.java"	"502"	".java"
"FkWeChat_1.2.6-jadx"	"sources\ca\C1456y.java"	"457"	".java"
"FkWeChat_1.2.6-jadx"	"sources\ca\C1457y0.java"	"493"	".java"
"FkWeChat_1.2.6-jadx"	"sources\ca\C1458z.java"	"58867"	".java"
"FkWeChat_1.2.6-jadx"	"sources\ca\C1459z0.java"	"12557"	".java"
"FkWeChat_1.2.6-jadx"	"sources\ca\InterfaceC1412c.java"	"2440"	".java"
"FkWeChat_1.2.6-jadx"	"sources\cc\AbstractC1514d.java"	"481"	".java"
"FkWeChat_1.2.6-jadx"	"sources\cc\C1511a.java"	"1528"	".java"
"FkWeChat_1.2.6-jadx"	"sources\cc\C1513c.java"	"5024"	".java"
"FkWeChat_1.2.6-jadx"	"sources\cc\C1515e.java"	"1693"	".java"
"FkWeChat_1.2.6-jadx"	"sources\cd\C1516a.java"	"436"	".java"
"FkWeChat_1.2.6-jadx"	"sources\cd\C1517b.java"	"25406"	".java"
"FkWeChat_1.2.6-jadx"	"sources\cd\C1518c.java"	"5382"	".java"
"FkWeChat_1.2.6-jadx"	"sources\cf\AbstractC1525a.java"	"1621"	".java"
"FkWeChat_1.2.6-jadx"	"sources\cf\AbstractC1526a0.java"	"1854"	".java"
"FkWeChat_1.2.6-jadx"	"sources\cf\AbstractC1528b0.java"	"6031"	".java"
"FkWeChat_1.2.6-jadx"	"sources\cf\AbstractC1534e0.java"	"1854"	".java"
"FkWeChat_1.2.6-jadx"	"sources\cf\AbstractC1536f0.java"	"1622"	".java"
"FkWeChat_1.2.6-jadx"	"sources\cf\AbstractC1537g.java"	"3922"	".java"
"FkWeChat_1.2.6-jadx"	"sources\cf\AbstractC1540h0.java"	"1622"	".java"
"FkWeChat_1.2.6-jadx"	"sources\cf\AbstractC1542i0.java"	"1866"	".java"
"FkWeChat_1.2.6-jadx"	"sources\cf\AbstractC1555t.java"	"3460"	".java"
"FkWeChat_1.2.6-jadx"	"sources\cf\AbstractC1558w.java"	"3049"	".java"
"FkWeChat_1.2.6-jadx"	"sources\cf\AbstractC1559x.java"	"3765"	".java"
"FkWeChat_1.2.6-jadx"	"sources\cf\AbstractC1560y.java"	"3765"	".java"
"FkWeChat_1.2.6-jadx"	"sources\cf\AbstractC1561z.java"	"1619"	".java"
"FkWeChat_1.2.6-jadx"	"sources\cf\C1527b.java"	"1806"	".java"
"FkWeChat_1.2.6-jadx"	"sources\cf\C1529c.java"	"1554"	".java"
"FkWeChat_1.2.6-jadx"	"sources\cf\C1530c0.java"	"3187"	".java"
"FkWeChat_1.2.6-jadx"	"sources\cf\C1531d.java"	"1764"	".java"
"FkWeChat_1.2.6-jadx"	"sources\cf\C1532d0.java"	"2553"	".java"
"FkWeChat_1.2.6-jadx"	"sources\cf\C1533e.java"	"2961"	".java"
"FkWeChat_1.2.6-jadx"	"sources\cf\C1535f.java"	"2535"	".java"
"FkWeChat_1.2.6-jadx"	"sources\cf\C1538g0.java"	"2546"	".java"
"FkWeChat_1.2.6-jadx"	"sources\cf\C1539h.java"	"4104"	".java"
"FkWeChat_1.2.6-jadx"	"sources\cf\C1541i.java"	"2535"	".java"
"FkWeChat_1.2.6-jadx"	"sources\cf\C1543j.java"	"972"	".java"
"FkWeChat_1.2.6-jadx"	"sources\cf\C1544j0.java"	"1942"	".java"
"FkWeChat_1.2.6-jadx"	"sources\cf\C1545k.java"	"1627"	".java"
"FkWeChat_1.2.6-jadx"	"sources\cf\C1546k0.java"	"2553"	".java"
"FkWeChat_1.2.6-jadx"	"sources\cf\C1547l.java"	"999"	".java"
"FkWeChat_1.2.6-jadx"	"sources\cf\C1548m.java"	"1638"	".java"
"FkWeChat_1.2.6-jadx"	"sources\cf\C1549n.java"	"1634"	".java"
"FkWeChat_1.2.6-jadx"	"sources\cf\C1550o.java"	"1620"	".java"
"FkWeChat_1.2.6-jadx"	"sources\cf\C1551p.java"	"1626"	".java"
"FkWeChat_1.2.6-jadx"	"sources\cf\C1552q.java"	"745"	".java"
"FkWeChat_1.2.6-jadx"	"sources\cf\C1553r.java"	"1636"	".java"
"FkWeChat_1.2.6-jadx"	"sources\cf\C1554s.java"	"1226"	".java"
"FkWeChat_1.2.6-jadx"	"sources\cf\C1556u.java"	"2711"	".java"
"FkWeChat_1.2.6-jadx"	"sources\cf\C1557v.java"	"2535"	".java"
"FkWeChat_1.2.6-jadx"	"sources\com\alibaba\fastjson2\AbstractC1587h0.java"	"302"	".java"
"FkWeChat_1.2.6-jadx"	"sources\com\alibaba\fastjson2\AbstractC1589i0.java"	"302"	".java"
"FkWeChat_1.2.6-jadx"	"sources\com\alibaba\fastjson2\AbstractC1843z.java"	"598"	".java"
"FkWeChat_1.2.6-jadx"	"sources\com\alibaba\fastjson2\annotation\JSONBuilder.java"	"551"	".java"
"FkWeChat_1.2.6-jadx"	"sources\com\alibaba\fastjson2\annotation\JSONCompiled.java"	"394"	".java"
"FkWeChat_1.2.6-jadx"	"sources\com\alibaba\fastjson2\annotation\JSONCompiler.java"	"791"	".java"
"FkWeChat_1.2.6-jadx"	"sources\com\alibaba\fastjson2\annotation\JSONCreator.java"	"564"	".java"
"FkWeChat_1.2.6-jadx"	"sources\com\alibaba\fastjson2\annotation\JSONField.java"	"1643"	".java"
"FkWeChat_1.2.6-jadx"	"sources\com\alibaba\fastjson2\annotation\JSONType.java"	"1827"	".java"
"FkWeChat_1.2.6-jadx"	"sources\com\alibaba\fastjson2\C1565a.java"	"452"	".java"
"FkWeChat_1.2.6-jadx"	"sources\com\alibaba\fastjson2\C1566a0.java"	"519"	".java"
"FkWeChat_1.2.6-jadx"	"sources\com\alibaba\fastjson2\C1567b.java"	"490"	".java"
"FkWeChat_1.2.6-jadx"	"sources\com\alibaba\fastjson2\C1569c.java"	"434"	".java"
"FkWeChat_1.2.6-jadx"	"sources\com\alibaba\fastjson2\C1571d.java"	"472"	".java"
"FkWeChat_1.2.6-jadx"	"sources\com\alibaba\fastjson2\C1572d0.java"	"532"	".java"
"FkWeChat_1.2.6-jadx"	"sources\com\alibaba\fastjson2\C1573e.java"	"487"	".java"
"FkWeChat_1.2.6-jadx"	"sources\com\alibaba\fastjson2\C1574e0.java"	"550"	".java"
"FkWeChat_1.2.6-jadx"	"sources\com\alibaba\fastjson2\C1575f.java"	"449"	".java"
"FkWeChat_1.2.6-jadx"	"sources\com\alibaba\fastjson2\C1584g.java"	"524"	".java"
"FkWeChat_1.2.6-jadx"	"sources\com\alibaba\fastjson2\C1586h.java"	"472"	".java"
"FkWeChat_1.2.6-jadx"	"sources\com\alibaba\fastjson2\C1588i.java"	"517"	".java"
"FkWeChat_1.2.6-jadx"	"sources\com\alibaba\fastjson2\C1605j.java"	"452"	".java"
"FkWeChat_1.2.6-jadx"	"sources\com\alibaba\fastjson2\C1606j0.java"	"451"	".java"
"FkWeChat_1.2.6-jadx"	"sources\com\alibaba\fastjson2\C1607k.java"	"452"	".java"
"FkWeChat_1.2.6-jadx"	"sources\com\alibaba\fastjson2\C1608k0.java"	"494"	".java"
"FkWeChat_1.2.6-jadx"	"sources\com\alibaba\fastjson2\C1610l0.java"	"557"	".java"
"FkWeChat_1.2.6-jadx"	"sources\com\alibaba\fastjson2\C1611m.java"	"510"	".java"
"FkWeChat_1.2.6-jadx"	"sources\com\alibaba\fastjson2\C1612m0.java"	"559"	".java"
"FkWeChat_1.2.6-jadx"	"sources\com\alibaba\fastjson2\codec\BeanInfo.java"	"5235"	".java"
"FkWeChat_1.2.6-jadx"	"sources\com\alibaba\fastjson2\codec\DateTimeCodec.java"	"5232"	".java"
"FkWeChat_1.2.6-jadx"	"sources\com\alibaba\fastjson2\codec\FieldInfo.java"	"3918"	".java"
"FkWeChat_1.2.6-jadx"	"sources\com\alibaba\fastjson2\filter\AfterFilter.java"	"1132"	".java"
"FkWeChat_1.2.6-jadx"	"sources\com\alibaba\fastjson2\filter\BeanContext.java"	"2206"	".java"
"FkWeChat_1.2.6-jadx"	"sources\com\alibaba\fastjson2\filter\BeforeFilter.java"	"1148"	".java"
"FkWeChat_1.2.6-jadx"	"sources\com\alibaba\fastjson2\filter\CompositeLabelFilter.java"	"1118"	".java"
"FkWeChat_1.2.6-jadx"	"sources\com\alibaba\fastjson2\filter\CompositePropertyFilter.java"	"1205"	".java"
"FkWeChat_1.2.6-jadx"	"sources\com\alibaba\fastjson2\filter\CompositePropertyPreFilter.java"	"1318"	".java"
"FkWeChat_1.2.6-jadx"	"sources\com\alibaba\fastjson2\filter\ContextAutoTypeBeforeHandler.java"	"10994"	".java"
"FkWeChat_1.2.6-jadx"	"sources\com\alibaba\fastjson2\filter\ContextNameFilter.java"	"331"	".java"
"FkWeChat_1.2.6-jadx"	"sources\com\alibaba\fastjson2\filter\ContextValueFilter.java"	"332"	".java"
"FkWeChat_1.2.6-jadx"	"sources\com\alibaba\fastjson2\filter\ExtraProcessor.java"	"419"	".java"
"FkWeChat_1.2.6-jadx"	"sources\com\alibaba\fastjson2\filter\Filter.java"	"222"	".java"
"FkWeChat_1.2.6-jadx"	"sources\com\alibaba\fastjson2\filter\LabelFilter.java"	"609"	".java"
"FkWeChat_1.2.6-jadx"	"sources\com\alibaba\fastjson2\filter\Labels.java"	"1886"	".java"
"FkWeChat_1.2.6-jadx"	"sources\com\alibaba\fastjson2\filter\NameFilter.java"	"1992"	".java"
"FkWeChat_1.2.6-jadx"	"sources\com\alibaba\fastjson2\filter\PascalNameFilter.java"	"567"	".java"
"FkWeChat_1.2.6-jadx"	"sources\com\alibaba\fastjson2\filter\PropertyFilter.java"	"679"	".java"
"FkWeChat_1.2.6-jadx"	"sources\com\alibaba\fastjson2\filter\PropertyPreFilter.java"	"780"	".java"
"FkWeChat_1.2.6-jadx"	"sources\com\alibaba\fastjson2\filter\SimplePropertyPreFilter.java"	"1909"	".java"
"FkWeChat_1.2.6-jadx"	"sources\com\alibaba\fastjson2\filter\ValueFilter.java"	"3019"	".java"
"FkWeChat_1.2.6-jadx"	"sources\com\alibaba\fastjson2\function\FieldBiConsumer.java"	"703"	".java"
"FkWeChat_1.2.6-jadx"	"sources\com\alibaba\fastjson2\function\FieldConsumer.java"	"302"	".java"
"FkWeChat_1.2.6-jadx"	"sources\com\alibaba\fastjson2\function\FieldSupplier.java"	"289"	".java"
"FkWeChat_1.2.6-jadx"	"sources\com\alibaba\fastjson2\function\FieldSupplierFunction.java"	"697"	".java"
"FkWeChat_1.2.6-jadx"	"sources\com\alibaba\fastjson2\function\impl\StringToAny.java"	"2858"	".java"
"FkWeChat_1.2.6-jadx"	"sources\com\alibaba\fastjson2\function\impl\ToBigDecimal.java"	"1568"	".java"
"FkWeChat_1.2.6-jadx"	"sources\com\alibaba\fastjson2\function\impl\ToBigInteger.java"	"1326"	".java"
"FkWeChat_1.2.6-jadx"	"sources\com\alibaba\fastjson2\function\impl\ToBoolean.java"	"1676"	".java"
"FkWeChat_1.2.6-jadx"	"sources\com\alibaba\fastjson2\function\impl\ToByte.java"	"934"	".java"
"FkWeChat_1.2.6-jadx"	"sources\com\alibaba\fastjson2\function\impl\ToDouble.java"	"1486"	".java"
"FkWeChat_1.2.6-jadx"	"sources\com\alibaba\fastjson2\function\impl\ToFloat.java"	"934"	".java"
"FkWeChat_1.2.6-jadx"	"sources\com\alibaba\fastjson2\function\impl\ToInteger.java"	"940"	".java"
"FkWeChat_1.2.6-jadx"	"sources\com\alibaba\fastjson2\function\impl\ToLong.java"	"922"	".java"
"FkWeChat_1.2.6-jadx"	"sources\com\alibaba\fastjson2\function\impl\ToNumber.java"	"908"	".java"
"FkWeChat_1.2.6-jadx"	"sources\com\alibaba\fastjson2\function\impl\ToShort.java"	"942"	".java"
"FkWeChat_1.2.6-jadx"	"sources\com\alibaba\fastjson2\function\impl\ToString.java"	"475"	".java"
"FkWeChat_1.2.6-jadx"	"sources\com\alibaba\fastjson2\function\ObjBoolConsumer.java"	"296"	".java"
"FkWeChat_1.2.6-jadx"	"sources\com\alibaba\fastjson2\function\ObjByteConsumer.java"	"293"	".java"
"FkWeChat_1.2.6-jadx"	"sources\com\alibaba\fastjson2\function\ObjCharConsumer.java"	"293"	".java"
"FkWeChat_1.2.6-jadx"	"sources\com\alibaba\fastjson2\function\ObjFloatConsumer.java"	"295"	".java"
"FkWeChat_1.2.6-jadx"	"sources\com\alibaba\fastjson2\function\ObjShortConsumer.java"	"295"	".java"
"FkWeChat_1.2.6-jadx"	"sources\com\alibaba\fastjson2\function\ShortSupplier.java"	"278"	".java"
"FkWeChat_1.2.6-jadx"	"sources\com\alibaba\fastjson2\function\ToByteFunction.java"	"287"	".java"
"FkWeChat_1.2.6-jadx"	"sources\com\alibaba\fastjson2\function\ToCharFunction.java"	"287"	".java"
"FkWeChat_1.2.6-jadx"	"sources\com\alibaba\fastjson2\function\ToFloatFunction.java"	"290"	".java"
"FkWeChat_1.2.6-jadx"	"sources\com\alibaba\fastjson2\function\ToShortFunction.java"	"290"	".java"
"FkWeChat_1.2.6-jadx"	"sources\com\alibaba\fastjson2\internal\asm\ASMUtils.java"	"22028"	".java"
"FkWeChat_1.2.6-jadx"	"sources\com\alibaba\fastjson2\internal\asm\ByteVector.java"	"6385"	".java"
"FkWeChat_1.2.6-jadx"	"sources\com\alibaba\fastjson2\internal\asm\ClassReader.java"	"8419"	".java"
"FkWeChat_1.2.6-jadx"	"sources\com\alibaba\fastjson2\internal\asm\ClassWriter.java"	"6477"	".java"
"FkWeChat_1.2.6-jadx"	"sources\com\alibaba\fastjson2\internal\asm\Constants.java"	"845"	".java"
"FkWeChat_1.2.6-jadx"	"sources\com\alibaba\fastjson2\internal\asm\Edge.java"	"391"	".java"
"FkWeChat_1.2.6-jadx"	"sources\com\alibaba\fastjson2\internal\asm\FieldWriter.java"	"867"	".java"
"FkWeChat_1.2.6-jadx"	"sources\com\alibaba\fastjson2\internal\asm\Frame.java"	"38832"	".java"
"FkWeChat_1.2.6-jadx"	"sources\com\alibaba\fastjson2\internal\asm\Label.java"	"3712"	".java"
"FkWeChat_1.2.6-jadx"	"sources\com\alibaba\fastjson2\internal\asm\MethodCollector.java"	"1204"	".java"
"FkWeChat_1.2.6-jadx"	"sources\com\alibaba\fastjson2\internal\asm\MethodWriter.java"	"33945"	".java"
"FkWeChat_1.2.6-jadx"	"sources\com\alibaba\fastjson2\internal\asm\Opcodes.java"	"6035"	".java"
"FkWeChat_1.2.6-jadx"	"sources\com\alibaba\fastjson2\internal\asm\Symbol.java"	"909"	".java"
"FkWeChat_1.2.6-jadx"	"sources\com\alibaba\fastjson2\internal\asm\SymbolTable.java"	"8770"	".java"
"FkWeChat_1.2.6-jadx"	"sources\com\alibaba\fastjson2\internal\asm\Type.java"	"17624"	".java"
"FkWeChat_1.2.6-jadx"	"sources\com\alibaba\fastjson2\internal\asm\TypeCollector.java"	"3075"	".java"
"FkWeChat_1.2.6-jadx"	"sources\com\alibaba\fastjson2\internal\Cast.java"	"27511"	".java"
"FkWeChat_1.2.6-jadx"	"sources\com\alibaba\fastjson2\internal\CodeGenUtils.java"	"1794"	".java"
"FkWeChat_1.2.6-jadx"	"sources\com\alibaba\fastjson2\internal\mixin\spring\SimpleGrantedAuthorityMixin.java"	"472"	".java"
"FkWeChat_1.2.6-jadx"	"sources\com\alibaba\fastjson2\internal\trove\map\hash\TLongIntHashMap.java"	"12575"	".java"
"FkWeChat_1.2.6-jadx"	"sources\com\alibaba\fastjson2\introspect\FieldAccessor.java"	"2059"	".java"
"FkWeChat_1.2.6-jadx"	"sources\com\alibaba\fastjson2\introspect\FunctionAccessor.java"	"2887"	".java"
"FkWeChat_1.2.6-jadx"	"sources\com\alibaba\fastjson2\introspect\MethodAccessor.java"	"2028"	".java"
"FkWeChat_1.2.6-jadx"	"sources\com\alibaba\fastjson2\introspect\package-info.java"	"45"	".java"
"FkWeChat_1.2.6-jadx"	"sources\com\alibaba\fastjson2\introspect\PropertyAccessor.java"	"1206"	".java"
"FkWeChat_1.2.6-jadx"	"sources\com\alibaba\fastjson2\introspect\PropertyAccessorFactory.java"	"211029"	".java"
"FkWeChat_1.2.6-jadx"	"sources\com\alibaba\fastjson2\introspect\PropertyAccessorFactoryLambda.java"	"29102"	".java"
"FkWeChat_1.2.6-jadx"	"sources\com\alibaba\fastjson2\introspect\PropertyAccessorFactoryUnsafe.java"	"23515"	".java"
"FkWeChat_1.2.6-jadx"	"sources\com\alibaba\fastjson2\JSON.java"	"172795"	".java"
"FkWeChat_1.2.6-jadx"	"sources\com\alibaba\fastjson2\JSONArray.java"	"32728"	".java"
"FkWeChat_1.2.6-jadx"	"sources\com\alibaba\fastjson2\JSONB.java"	"85393"	".java"
"FkWeChat_1.2.6-jadx"	"sources\com\alibaba\fastjson2\JSONBDump.java"	"34974"	".java"
"FkWeChat_1.2.6-jadx"	"sources\com\alibaba\fastjson2\JSONException.java"	"399"	".java"
"FkWeChat_1.2.6-jadx"	"sources\com\alibaba\fastjson2\JSONFactory.java"	"24193"	".java"
"FkWeChat_1.2.6-jadx"	"sources\com\alibaba\fastjson2\JSONLargeObjectException.java"	"429"	".java"
"FkWeChat_1.2.6-jadx"	"sources\com\alibaba\fastjson2\JSONObject.java"	"44264"	".java"
"FkWeChat_1.2.6-jadx"	"sources\com\alibaba\fastjson2\JSONPath.java"	"28216"	".java"
"FkWeChat_1.2.6-jadx"	"sources\com\alibaba\fastjson2\JSONPathSegment.java"	"70933"	".java"
"FkWeChat_1.2.6-jadx"	"sources\com\alibaba\fastjson2\JSONPathSegmentIndex.java"	"15997"	".java"
"FkWeChat_1.2.6-jadx"	"sources\com\alibaba\fastjson2\JSONPathSingle.java"	"4879"	".java"
"FkWeChat_1.2.6-jadx"	"sources\com\alibaba\fastjson2\JSONPathSingleIndex.java"	"2030"	".java"
"FkWeChat_1.2.6-jadx"	"sources\com\alibaba\fastjson2\JSONPathSingleName.java"	"24997"	".java"
"FkWeChat_1.2.6-jadx"	"sources\com\alibaba\fastjson2\JSONPathSingleNameDecimal.java"	"1727"	".java"
"FkWeChat_1.2.6-jadx"	"sources\com\alibaba\fastjson2\JSONPathSingleNameInteger.java"	"1682"	".java"
"FkWeChat_1.2.6-jadx"	"sources\com\alibaba\fastjson2\JSONPathSingleNameLong.java"	"1673"	".java"
"FkWeChat_1.2.6-jadx"	"sources\com\alibaba\fastjson2\JSONPathSingleNameString.java"	"1862"	".java"
"FkWeChat_1.2.6-jadx"	"sources\com\alibaba\fastjson2\JSONPathTyped.java"	"3634"	".java"
"FkWeChat_1.2.6-jadx"	"sources\com\alibaba\fastjson2\JSONPObject.java"	"889"	".java"
"FkWeChat_1.2.6-jadx"	"sources\com\alibaba\fastjson2\JSONReader.java"	"206865"	".java"
"FkWeChat_1.2.6-jadx"	"sources\com\alibaba\fastjson2\JSONReaderUTF8.java"	"315153"	".java"
"FkWeChat_1.2.6-jadx"	"sources\com\alibaba\fastjson2\JSONSchemaValidException.java"	"330"	".java"
"FkWeChat_1.2.6-jadx"	"sources\com\alibaba\fastjson2\JSONValidator.java"	"2227"	".java"
"FkWeChat_1.2.6-jadx"	"sources\com\alibaba\fastjson2\JSONValidException.java"	"318"	".java"
"FkWeChat_1.2.6-jadx"	"sources\com\alibaba\fastjson2\JSONWriter.java"	"77728"	".java"
"FkWeChat_1.2.6-jadx"	"sources\com\alibaba\fastjson2\JSONWriterUTF16.java"	"99275"	".java"
"FkWeChat_1.2.6-jadx"	"sources\com\alibaba\fastjson2\JSONWriterUTF16JDK8.java"	"2000"	".java"
"FkWeChat_1.2.6-jadx"	"sources\com\alibaba\fastjson2\JSONWriterUTF16JDK8UF.java"	"1338"	".java"
"FkWeChat_1.2.6-jadx"	"sources\com\alibaba\fastjson2\JSONWriterUTF16JDK9UF.java"	"1583"	".java"
"FkWeChat_1.2.6-jadx"	"sources\com\alibaba\fastjson2\modules\ObjectCodecProvider.java"	"268"	".java"
"FkWeChat_1.2.6-jadx"	"sources\com\alibaba\fastjson2\modules\ObjectReaderAnnotationProcessor.java"	"982"	".java"
"FkWeChat_1.2.6-jadx"	"sources\com\alibaba\fastjson2\modules\ObjectReaderModule.java"	"1576"	".java"
"FkWeChat_1.2.6-jadx"	"sources\com\alibaba\fastjson2\modules\ObjectWriterAnnotationProcessor.java"	"693"	".java"
"FkWeChat_1.2.6-jadx"	"sources\com\alibaba\fastjson2\PropertyNamingStrategy.java"	"2465"	".java"
"FkWeChat_1.2.6-jadx"	"sources\com\alibaba\fastjson2\reader\AbstractC1623b.java"	"314"	".java"
"FkWeChat_1.2.6-jadx"	"sources\com\alibaba\fastjson2\reader\ByteArrayValueConsumer.java"	"525"	".java"
"FkWeChat_1.2.6-jadx"	"sources\com\alibaba\fastjson2\reader\C1618a.java"	"531"	".java"
"FkWeChat_1.2.6-jadx"	"sources\com\alibaba\fastjson2\reader\C1626b2.java"	"473"	".java"
"FkWeChat_1.2.6-jadx"	"sources\com\alibaba\fastjson2\reader\C1672k3.java"	"572"	".java"
"FkWeChat_1.2.6-jadx"	"sources\com\alibaba\fastjson2\reader\C1677l3.java"	"599"	".java"
"FkWeChat_1.2.6-jadx"	"sources\com\alibaba\fastjson2\reader\C1682m3.java"	"590"	".java"
"FkWeChat_1.2.6-jadx"	"sources\com\alibaba\fastjson2\reader\C1701q2.java"	"593"	".java"
"FkWeChat_1.2.6-jadx"	"sources\com\alibaba\fastjson2\reader\C1705r1.java"	"550"	".java"
"FkWeChat_1.2.6-jadx"	"sources\com\alibaba\fastjson2\reader\C1706r2.java"	"575"	".java"
"FkWeChat_1.2.6-jadx"	"sources\com\alibaba\fastjson2\reader\C1711s2.java"	"572"	".java"
"FkWeChat_1.2.6-jadx"	"sources\com\alibaba\fastjson2\reader\C1716t2.java"	"590"	".java"
"FkWeChat_1.2.6-jadx"	"sources\com\alibaba\fastjson2\reader\C1721u2.java"	"599"	".java"
"FkWeChat_1.2.6-jadx"	"sources\com\alibaba\fastjson2\reader\C1738y.java"	"553"	".java"
"FkWeChat_1.2.6-jadx"	"sources\com\alibaba\fastjson2\reader\C1742y3.java"	"512"	".java"
"FkWeChat_1.2.6-jadx"	"sources\com\alibaba\fastjson2\reader\CharArrayValueConsumer.java"	"475"	".java"
"FkWeChat_1.2.6-jadx"	"sources\com\alibaba\fastjson2\reader\ConstructorSupplier.java"	"1527"	".java"
"FkWeChat_1.2.6-jadx"	"sources\com\alibaba\fastjson2\reader\FactoryFunction.java"	"4009"	".java"
"FkWeChat_1.2.6-jadx"	"sources\com\alibaba\fastjson2\reader\FieldReader.java"	"34154"	".java"
"FkWeChat_1.2.6-jadx"	"sources\com\alibaba\fastjson2\reader\FieldReaderAtomicBooleanReadOnly.java"	"1806"	".java"
"FkWeChat_1.2.6-jadx"	"sources\com\alibaba\fastjson2\reader\FieldReaderAtomicLong.java"	"1816"	".java"
"FkWeChat_1.2.6-jadx"	"sources\com\alibaba\fastjson2\reader\FieldReaderAtomicReference.java"	"3151"	".java"
"FkWeChat_1.2.6-jadx"	"sources\com\alibaba\fastjson2\reader\FieldReaderBigDecimal.java"	"1703"	".java"
"FkWeChat_1.2.6-jadx"	"sources\com\alibaba\fastjson2\reader\FieldReaderBoolValue.java"	"1734"	".java"
"FkWeChat_1.2.6-jadx"	"sources\com\alibaba\fastjson2\reader\FieldReaderCharValue.java"	"2013"	".java"
"FkWeChat_1.2.6-jadx"	"sources\com\alibaba\fastjson2\reader\FieldReaderDouble.java"	"1773"	".java"
"FkWeChat_1.2.6-jadx"	"sources\com\alibaba\fastjson2\reader\FieldReaderDoubleValue.java"	"1730"	".java"
"FkWeChat_1.2.6-jadx"	"sources\com\alibaba\fastjson2\reader\FieldReaderFloat.java"	"1696"	".java"
"FkWeChat_1.2.6-jadx"	"sources\com\alibaba\fastjson2\reader\FieldReaderFloatValue.java"	"1728"	".java"
"FkWeChat_1.2.6-jadx"	"sources\com\alibaba\fastjson2\reader\FieldReaderInt16.java"	"1813"	".java"
"FkWeChat_1.2.6-jadx"	"sources\com\alibaba\fastjson2\reader\FieldReaderInt16Value.java"	"1742"	".java"
"FkWeChat_1.2.6-jadx"	"sources\com\alibaba\fastjson2\reader\FieldReaderInt32.java"	"1706"	".java"
"FkWeChat_1.2.6-jadx"	"sources\com\alibaba\fastjson2\reader\FieldReaderInt32Value.java"	"1708"	".java"
"FkWeChat_1.2.6-jadx"	"sources\com\alibaba\fastjson2\reader\FieldReaderInt64Value.java"	"1706"	".java"
"FkWeChat_1.2.6-jadx"	"sources\com\alibaba\fastjson2\reader\FieldReaderInt8.java"	"1805"	".java"
"FkWeChat_1.2.6-jadx"	"sources\com\alibaba\fastjson2\reader\FieldReaderInt8Value.java"	"1730"	".java"
"FkWeChat_1.2.6-jadx"	"sources\com\alibaba\fastjson2\reader\FieldReaderNumber.java"	"1973"	".java"
"FkWeChat_1.2.6-jadx"	"sources\com\alibaba\fastjson2\reader\FieldReaderObject.java"	"13486"	".java"
"FkWeChat_1.2.6-jadx"	"sources\com\alibaba\fastjson2\reader\FieldReaderStringArray.java"	"1564"	".java"
"FkWeChat_1.2.6-jadx"	"sources\com\alibaba\fastjson2\reader\FieldReaderUUID.java"	"1536"	".java"
"FkWeChat_1.2.6-jadx"	"sources\com\alibaba\fastjson2\reader\ObjectArrayReader.java"	"4148"	".java"
"FkWeChat_1.2.6-jadx"	"sources\com\alibaba\fastjson2\reader\ObjectArrayReaderMultiType.java"	"5453"	".java"
"FkWeChat_1.2.6-jadx"	"sources\com\alibaba\fastjson2\reader\ObjectReader.java"	"9440"	".java"
"FkWeChat_1.2.6-jadx"	"sources\com\alibaba\fastjson2\reader\ObjectReader10.java"	"6732"	".java"
"FkWeChat_1.2.6-jadx"	"sources\com\alibaba\fastjson2\reader\ObjectReader11.java"	"7294"	".java"
"FkWeChat_1.2.6-jadx"	"sources\com\alibaba\fastjson2\reader\ObjectReader12.java"	"7856"	".java"
"FkWeChat_1.2.6-jadx"	"sources\com\alibaba\fastjson2\reader\ObjectReader7.java"	"5087"	".java"
"FkWeChat_1.2.6-jadx"	"sources\com\alibaba\fastjson2\reader\ObjectReader8.java"	"5633"	".java"
"FkWeChat_1.2.6-jadx"	"sources\com\alibaba\fastjson2\reader\ObjectReader9.java"	"6179"	".java"
"FkWeChat_1.2.6-jadx"	"sources\com\alibaba\fastjson2\reader\ObjectReaderAdapter.java"	"25091"	".java"
"FkWeChat_1.2.6-jadx"	"sources\com\alibaba\fastjson2\reader\ObjectReaderBean.java"	"12249"	".java"
"FkWeChat_1.2.6-jadx"	"sources\com\alibaba\fastjson2\reader\ObjectReaderCreator.java"	"67618"	".java"
"FkWeChat_1.2.6-jadx"	"sources\com\alibaba\fastjson2\reader\ObjectReaderImplAtomicReference.java"	"1358"	".java"
"FkWeChat_1.2.6-jadx"	"sources\com\alibaba\fastjson2\reader\ObjectReaderImplBigDecimal.java"	"2230"	".java"
"FkWeChat_1.2.6-jadx"	"sources\com\alibaba\fastjson2\reader\ObjectReaderImplBigInteger.java"	"1030"	".java"
"FkWeChat_1.2.6-jadx"	"sources\com\alibaba\fastjson2\reader\ObjectReaderImplBitSet.java"	"2046"	".java"
"FkWeChat_1.2.6-jadx"	"sources\com\alibaba\fastjson2\reader\ObjectReaderImplBoolean.java"	"947"	".java"
"FkWeChat_1.2.6-jadx"	"sources\com\alibaba\fastjson2\reader\ObjectReaderImplBoolValueArray.java"	"2848"	".java"
"FkWeChat_1.2.6-jadx"	"sources\com\alibaba\fastjson2\reader\ObjectReaderImplByte.java"	"1768"	".java"
"FkWeChat_1.2.6-jadx"	"sources\com\alibaba\fastjson2\reader\ObjectReaderImplCalendar.java"	"3578"	".java"
"FkWeChat_1.2.6-jadx"	"sources\com\alibaba\fastjson2\reader\ObjectReaderImplCharacter.java"	"1190"	".java"
"FkWeChat_1.2.6-jadx"	"sources\com\alibaba\fastjson2\reader\ObjectReaderImplCharValueArray.java"	"3692"	".java"
"FkWeChat_1.2.6-jadx"	"sources\com\alibaba\fastjson2\reader\ObjectReaderImplClass.java"	"2904"	".java"
"FkWeChat_1.2.6-jadx"	"sources\com\alibaba\fastjson2\reader\ObjectReaderImplCurrency.java"	"2250"	".java"
"FkWeChat_1.2.6-jadx"	"sources\com\alibaba\fastjson2\reader\ObjectReaderImplDate.java"	"2402"	".java"
"FkWeChat_1.2.6-jadx"	"sources\com\alibaba\fastjson2\reader\ObjectReaderImplDouble.java"	"946"	".java"
"FkWeChat_1.2.6-jadx"	"sources\com\alibaba\fastjson2\reader\ObjectReaderImplDoubleArray.java"	"4026"	".java"
"FkWeChat_1.2.6-jadx"	"sources\com\alibaba\fastjson2\reader\ObjectReaderImplDoubleValueArray.java"	"4576"	".java"
"FkWeChat_1.2.6-jadx"	"sources\com\alibaba\fastjson2\reader\ObjectReaderImplEnum.java"	"13207"	".java"
"FkWeChat_1.2.6-jadx"	"sources\com\alibaba\fastjson2\reader\ObjectReaderImplField.java"	"3762"	".java"
"FkWeChat_1.2.6-jadx"	"sources\com\alibaba\fastjson2\reader\ObjectReaderImplFloat.java"	"939"	".java"
"FkWeChat_1.2.6-jadx"	"sources\com\alibaba\fastjson2\reader\ObjectReaderImplFloatArray.java"	"4005"	".java"
"FkWeChat_1.2.6-jadx"	"sources\com\alibaba\fastjson2\reader\ObjectReaderImplFloatValueArray.java"	"4546"	".java"
"FkWeChat_1.2.6-jadx"	"sources\com\alibaba\fastjson2\reader\ObjectReaderImplFromBoolean.java"	"1729"	".java"
"FkWeChat_1.2.6-jadx"	"sources\com\alibaba\fastjson2\reader\ObjectReaderImplFromInt.java"	"2081"	".java"
"FkWeChat_1.2.6-jadx"	"sources\com\alibaba\fastjson2\reader\ObjectReaderImplFromLong.java"	"2083"	".java"
"FkWeChat_1.2.6-jadx"	"sources\com\alibaba\fastjson2\reader\ObjectReaderImplFromString.java"	"1753"	".java"
"FkWeChat_1.2.6-jadx"	"sources\com\alibaba\fastjson2\reader\ObjectReaderImplGenericArray.java"	"5012"	".java"
"FkWeChat_1.2.6-jadx"	"sources\com\alibaba\fastjson2\reader\ObjectReaderImplHijrahDate.java"	"3853"	".java"
"FkWeChat_1.2.6-jadx"	"sources\com\alibaba\fastjson2\reader\ObjectReaderImplInstant.java"	"3746"	".java"
"FkWeChat_1.2.6-jadx"	"sources\com\alibaba\fastjson2\reader\ObjectReaderImplInt16Array.java"	"4356"	".java"
"FkWeChat_1.2.6-jadx"	"sources\com\alibaba\fastjson2\reader\ObjectReaderImplInt16ValueArray.java"	"4702"	".java"
"FkWeChat_1.2.6-jadx"	"sources\com\alibaba\fastjson2\reader\ObjectReaderImplInt32Array.java"	"4839"	".java"
"FkWeChat_1.2.6-jadx"	"sources\com\alibaba\fastjson2\reader\ObjectReaderImplInt32ValueArray.java"	"5257"	".java"
"FkWeChat_1.2.6-jadx"	"sources\com\alibaba\fastjson2\reader\ObjectReaderImplInt64.java"	"940"	".java"
"FkWeChat_1.2.6-jadx"	"sources\com\alibaba\fastjson2\reader\ObjectReaderImplInt64ValueArray.java"	"3307"	".java"
"FkWeChat_1.2.6-jadx"	"sources\com\alibaba\fastjson2\reader\ObjectReaderImplInt8Array.java"	"6219"	".java"
"FkWeChat_1.2.6-jadx"	"sources\com\alibaba\fastjson2\reader\ObjectReaderImplInt8ValueArray.java"	"6257"	".java"
"FkWeChat_1.2.6-jadx"	"sources\com\alibaba\fastjson2\reader\ObjectReaderImplInteger.java"	"949"	".java"
"FkWeChat_1.2.6-jadx"	"sources\com\alibaba\fastjson2\reader\ObjectReaderImplJapaneseDate.java"	"3881"	".java"
"FkWeChat_1.2.6-jadx"	"sources\com\alibaba\fastjson2\reader\ObjectReaderImplJSONP.java"	"2293"	".java"
"FkWeChat_1.2.6-jadx"	"sources\com\alibaba\fastjson2\reader\ObjectReaderImplListInt64.java"	"4917"	".java"
"FkWeChat_1.2.6-jadx"	"sources\com\alibaba\fastjson2\reader\ObjectReaderImplLocalDate.java"	"2608"	".java"
"FkWeChat_1.2.6-jadx"	"sources\com\alibaba\fastjson2\reader\ObjectReaderImplLocalDateTime.java"	"3104"	".java"
"FkWeChat_1.2.6-jadx"	"sources\com\alibaba\fastjson2\reader\ObjectReaderImplLocale.java"	"1672"	".java"
"FkWeChat_1.2.6-jadx"	"sources\com\alibaba\fastjson2\reader\ObjectReaderImplLocalTime.java"	"2611"	".java"
"FkWeChat_1.2.6-jadx"	"sources\com\alibaba\fastjson2\reader\ObjectReaderImplMapEntry.java"	"3126"	".java"
"FkWeChat_1.2.6-jadx"	"sources\com\alibaba\fastjson2\reader\ObjectReaderImplMapString.java"	"3767"	".java"
"FkWeChat_1.2.6-jadx"	"sources\com\alibaba\fastjson2\reader\ObjectReaderImplMapTyped.java"	"12305"	".java"
"FkWeChat_1.2.6-jadx"	"sources\com\alibaba\fastjson2\reader\ObjectReaderImplMethod.java"	"4573"	".java"
"FkWeChat_1.2.6-jadx"	"sources\com\alibaba\fastjson2\reader\ObjectReaderImplMinguoDate.java"	"3853"	".java"
"FkWeChat_1.2.6-jadx"	"sources\com\alibaba\fastjson2\reader\ObjectReaderImplMonthDay.java"	"3811"	".java"
"FkWeChat_1.2.6-jadx"	"sources\com\alibaba\fastjson2\reader\ObjectReaderImplNumber.java"	"946"	".java"
"FkWeChat_1.2.6-jadx"	"sources\com\alibaba\fastjson2\reader\ObjectReaderImplNumberArray.java"	"3112"	".java"
"FkWeChat_1.2.6-jadx"	"sources\com\alibaba\fastjson2\reader\ObjectReaderImplOffsetDateTime.java"	"3667"	".java"
"FkWeChat_1.2.6-jadx"	"sources\com\alibaba\fastjson2\reader\ObjectReaderImplOffsetTime.java"	"3688"	".java"
"FkWeChat_1.2.6-jadx"	"sources\com\alibaba\fastjson2\reader\ObjectReaderImplOptionalDouble.java"	"1218"	".java"
"FkWeChat_1.2.6-jadx"	"sources\com\alibaba\fastjson2\reader\ObjectReaderImplOptionalInt.java"	"1200"	".java"
"FkWeChat_1.2.6-jadx"	"sources\com\alibaba\fastjson2\reader\ObjectReaderImplOptionalLong.java"	"1200"	".java"
"FkWeChat_1.2.6-jadx"	"sources\com\alibaba\fastjson2\reader\ObjectReaderImplShort.java"	"1775"	".java"
"FkWeChat_1.2.6-jadx"	"sources\com\alibaba\fastjson2\reader\ObjectReaderImplString.java"	"1527"	".java"
"FkWeChat_1.2.6-jadx"	"sources\com\alibaba\fastjson2\reader\ObjectReaderImplStringArray.java"	"2118"	".java"
"FkWeChat_1.2.6-jadx"	"sources\com\alibaba\fastjson2\reader\ObjectReaderImplThaiBuddhistDate.java"	"3937"	".java"
"FkWeChat_1.2.6-jadx"	"sources\com\alibaba\fastjson2\reader\ObjectReaderImplUUID.java"	"956"	".java"
"FkWeChat_1.2.6-jadx"	"sources\com\alibaba\fastjson2\reader\ObjectReaderImplValue.java"	"4091"	".java"
"FkWeChat_1.2.6-jadx"	"sources\com\alibaba\fastjson2\reader\ObjectReaderImplValueInt.java"	"2142"	".java"
"FkWeChat_1.2.6-jadx"	"sources\com\alibaba\fastjson2\reader\ObjectReaderImplValueString.java"	"2146"	".java"
"FkWeChat_1.2.6-jadx"	"sources\com\alibaba\fastjson2\reader\ObjectReaderImplYear.java"	"3443"	".java"
"FkWeChat_1.2.6-jadx"	"sources\com\alibaba\fastjson2\reader\ObjectReaderImplYearMonth.java"	"4540"	".java"
"FkWeChat_1.2.6-jadx"	"sources\com\alibaba\fastjson2\reader\ObjectReaderImplZonedDateTime.java"	"3624"	".java"
"FkWeChat_1.2.6-jadx"	"sources\com\alibaba\fastjson2\reader\ObjectReaderMisc.java"	"1837"	".java"
"FkWeChat_1.2.6-jadx"	"sources\com\alibaba\fastjson2\reader\ObjectReaderPrimitive.java"	"1025"	".java"
"FkWeChat_1.2.6-jadx"	"sources\com\alibaba\fastjson2\reader\ObjectReaderProvider.java"	"40968"	".java"
"FkWeChat_1.2.6-jadx"	"sources\com\alibaba\fastjson2\reader\ObjectReaders.java"	"9542"	".java"
"FkWeChat_1.2.6-jadx"	"sources\com\alibaba\fastjson2\reader\ValueConsumer.java"	"903"	".java"
"FkWeChat_1.2.6-jadx"	"sources\com\alibaba\fastjson2\schema\Any.java"	"853"	".java"
"FkWeChat_1.2.6-jadx"	"sources\com\alibaba\fastjson2\schema\AnyOf.java"	"2202"	".java"
"FkWeChat_1.2.6-jadx"	"sources\com\alibaba\fastjson2\schema\ArraySchema.java"	"11171"	".java"
"FkWeChat_1.2.6-jadx"	"sources\com\alibaba\fastjson2\schema\BooleanSchema.java"	"1072"	".java"
"FkWeChat_1.2.6-jadx"	"sources\com\alibaba\fastjson2\schema\C1753d.java"	"556"	".java"
"FkWeChat_1.2.6-jadx"	"sources\com\alibaba\fastjson2\schema\DomainValidator.java"	"12336"	".java"
"FkWeChat_1.2.6-jadx"	"sources\com\alibaba\fastjson2\schema\EnumSchema.java"	"3389"	".java"
"FkWeChat_1.2.6-jadx"	"sources\com\alibaba\fastjson2\schema\IntegerSchema.java"	"8099"	".java"
"FkWeChat_1.2.6-jadx"	"sources\com\alibaba\fastjson2\schema\JSONSchema.java"	"36722"	".java"
"FkWeChat_1.2.6-jadx"	"sources\com\alibaba\fastjson2\schema\Not.java"	"5831"	".java"
"FkWeChat_1.2.6-jadx"	"sources\com\alibaba\fastjson2\schema\NullSchema.java"	"828"	".java"
"FkWeChat_1.2.6-jadx"	"sources\com\alibaba\fastjson2\schema\NumberSchema.java"	"10898"	".java"
"FkWeChat_1.2.6-jadx"	"sources\com\alibaba\fastjson2\schema\ObjectSchema.java"	"29185"	".java"
"FkWeChat_1.2.6-jadx"	"sources\com\alibaba\fastjson2\schema\OneOf.java"	"1966"	".java"
"FkWeChat_1.2.6-jadx"	"sources\com\alibaba\fastjson2\schema\UnresolvedReference.java"	"2087"	".java"
"FkWeChat_1.2.6-jadx"	"sources\com\alibaba\fastjson2\schema\ValidateResult.java"	"1533"	".java"
"FkWeChat_1.2.6-jadx"	"sources\com\alibaba\fastjson2\stream\JSONStreamReader.java"	"7217"	".java"
"FkWeChat_1.2.6-jadx"	"sources\com\alibaba\fastjson2\stream\JSONStreamReaderUTF16.java"	"2770"	".java"
"FkWeChat_1.2.6-jadx"	"sources\com\alibaba\fastjson2\stream\JSONStreamReaderUTF8.java"	"2999"	".java"
"FkWeChat_1.2.6-jadx"	"sources\com\alibaba\fastjson2\stream\StreamReader.java"	"21935"	".java"
"FkWeChat_1.2.6-jadx"	"sources\com\alibaba\fastjson2\support\csv\CSVWriter.java"	"12121"	".java"
"FkWeChat_1.2.6-jadx"	"sources\com\alibaba\fastjson2\support\csv\CSVWriterUTF16.java"	"9891"	".java"
"FkWeChat_1.2.6-jadx"	"sources\com\alibaba\fastjson2\support\csv\CSVWriterUTF8.java"	"9669"	".java"
"FkWeChat_1.2.6-jadx"	"sources\com\alibaba\fastjson2\support\LambdaMiscCodec.java"	"29184"	".java"
"FkWeChat_1.2.6-jadx"	"sources\com\alibaba\fastjson2\SymbolTable.java"	"3401"	".java"
"FkWeChat_1.2.6-jadx"	"sources\com\alibaba\fastjson2\util\ApacheLang3Support.java"	"10552"	".java"
"FkWeChat_1.2.6-jadx"	"sources\com\alibaba\fastjson2\util\BeanUtils.java"	"120231"	".java"
"FkWeChat_1.2.6-jadx"	"sources\com\alibaba\fastjson2\util\C1775ED.java"	"75330"	".java"
"FkWeChat_1.2.6-jadx"	"sources\com\alibaba\fastjson2\util\C1776EF.java"	"10744"	".java"
"FkWeChat_1.2.6-jadx"	"sources\com\alibaba\fastjson2\util\C1780a0.java"	"529"	".java"
"FkWeChat_1.2.6-jadx"	"sources\com\alibaba\fastjson2\util\C1802v.java"	"503"	".java"
"FkWeChat_1.2.6-jadx"	"sources\com\alibaba\fastjson2\util\C1806z.java"	"495"	".java"
"FkWeChat_1.2.6-jadx"	"sources\com\alibaba\fastjson2\util\DateUtils.java"	"187714"	".java"
"FkWeChat_1.2.6-jadx"	"sources\com\alibaba\fastjson2\util\ED5.java"	"31594"	".java"
"FkWeChat_1.2.6-jadx"	"sources\com\alibaba\fastjson2\util\FDBigInteger.java"	"18626"	".java"
"FkWeChat_1.2.6-jadx"	"sources\com\alibaba\fastjson2\util\Fnv.java"	"5021"	".java"
"FkWeChat_1.2.6-jadx"	"sources\com\alibaba\fastjson2\util\GuavaSupport.java"	"15234"	".java"
"FkWeChat_1.2.6-jadx"	"sources\com\alibaba\fastjson2\util\IOUtils.java"	"72465"	".java"
"FkWeChat_1.2.6-jadx"	"sources\com\alibaba\fastjson2\util\JdbcSupport.java"	"21596"	".java"
"FkWeChat_1.2.6-jadx"	"sources\com\alibaba\fastjson2\util\JDKUtils.java"	"6394"	".java"
"FkWeChat_1.2.6-jadx"	"sources\com\alibaba\fastjson2\util\JSONObject1O.java"	"285"	".java"
"FkWeChat_1.2.6-jadx"	"sources\com\alibaba\fastjson2\util\MapMultiValueType.java"	"1851"	".java"
"FkWeChat_1.2.6-jadx"	"sources\com\alibaba\fastjson2\util\MultiType.java"	"654"	".java"
"FkWeChat_1.2.6-jadx"	"sources\com\alibaba\fastjson2\util\MutableBigInteger.java"	"8285"	".java"
"FkWeChat_1.2.6-jadx"	"sources\com\alibaba\fastjson2\util\NumberUtils.java"	"24314"	".java"
"FkWeChat_1.2.6-jadx"	"sources\com\alibaba\fastjson2\util\ParameterizedTypeImpl.java"	"2543"	".java"
"FkWeChat_1.2.6-jadx"	"sources\com\alibaba\fastjson2\util\ReferenceKey.java"	"323"	".java"
"FkWeChat_1.2.6-jadx"	"sources\com\alibaba\fastjson2\util\Scientific.java"	"1402"	".java"
"FkWeChat_1.2.6-jadx"	"sources\com\alibaba\fastjson2\util\StringUtils.java"	"13969"	".java"
"FkWeChat_1.2.6-jadx"	"sources\com\alibaba\fastjson2\util\TypeUtils.java"	"144303"	".java"
"FkWeChat_1.2.6-jadx"	"sources\com\alibaba\fastjson2\util\Wrapper.java"	"254"	".java"
"FkWeChat_1.2.6-jadx"	"sources\com\alibaba\fastjson2\writer\FieldWriter.java"	"38544"	".java"
"FkWeChat_1.2.6-jadx"	"sources\com\alibaba\fastjson2\writer\FieldWriterBigDecimal.java"	"1909"	".java"
"FkWeChat_1.2.6-jadx"	"sources\com\alibaba\fastjson2\writer\FieldWriterBigInt.java"	"1868"	".java"
"FkWeChat_1.2.6-jadx"	"sources\com\alibaba\fastjson2\writer\FieldWriterBool.java"	"6521"	".java"
"FkWeChat_1.2.6-jadx"	"sources\com\alibaba\fastjson2\writer\FieldWriterBoolValue.java"	"1465"	".java"
"FkWeChat_1.2.6-jadx"	"sources\com\alibaba\fastjson2\writer\FieldWriterCalendar.java"	"2869"	".java"
"FkWeChat_1.2.6-jadx"	"sources\com\alibaba\fastjson2\writer\FieldWriterChar.java"	"2738"	".java"
"FkWeChat_1.2.6-jadx"	"sources\com\alibaba\fastjson2\writer\FieldWriterCharValue.java"	"1454"	".java"
"FkWeChat_1.2.6-jadx"	"sources\com\alibaba\fastjson2\writer\FieldWriterDate.java"	"8509"	".java"
"FkWeChat_1.2.6-jadx"	"sources\com\alibaba\fastjson2\writer\FieldWriterDouble.java"	"3144"	".java"
"FkWeChat_1.2.6-jadx"	"sources\com\alibaba\fastjson2\writer\FieldWriterDoubleValue.java"	"2175"	".java"
"FkWeChat_1.2.6-jadx"	"sources\com\alibaba\fastjson2\writer\FieldWriterEnum.java"	"13539"	".java"
"FkWeChat_1.2.6-jadx"	"sources\com\alibaba\fastjson2\writer\FieldWriterFloat.java"	"3115"	".java"
"FkWeChat_1.2.6-jadx"	"sources\com\alibaba\fastjson2\writer\FieldWriterFloatValue.java"	"2160"	".java"
"FkWeChat_1.2.6-jadx"	"sources\com\alibaba\fastjson2\writer\FieldWriterInt16.java"	"2956"	".java"
"FkWeChat_1.2.6-jadx"	"sources\com\alibaba\fastjson2\writer\FieldWriterInt16Value.java"	"1464"	".java"
"FkWeChat_1.2.6-jadx"	"sources\com\alibaba\fastjson2\writer\FieldWriterInt32.java"	"3284"	".java"
"FkWeChat_1.2.6-jadx"	"sources\com\alibaba\fastjson2\writer\FieldWriterInt32Value.java"	"1701"	".java"
"FkWeChat_1.2.6-jadx"	"sources\com\alibaba\fastjson2\writer\FieldWriterInt64.java"	"3061"	".java"
"FkWeChat_1.2.6-jadx"	"sources\com\alibaba\fastjson2\writer\FieldWriterInt64Value.java"	"3052"	".java"
"FkWeChat_1.2.6-jadx"	"sources\com\alibaba\fastjson2\writer\FieldWriterInt8.java"	"2707"	".java"
"FkWeChat_1.2.6-jadx"	"sources\com\alibaba\fastjson2\writer\FieldWriterInt8Value.java"	"1454"	".java"
"FkWeChat_1.2.6-jadx"	"sources\com\alibaba\fastjson2\writer\FieldWriterLocalDate.java"	"1862"	".java"
"FkWeChat_1.2.6-jadx"	"sources\com\alibaba\fastjson2\writer\FieldWriterMillis.java"	"1602"	".java"
"FkWeChat_1.2.6-jadx"	"sources\com\alibaba\fastjson2\writer\FieldWriterObjectFinal.java"	"5956"	".java"
"FkWeChat_1.2.6-jadx"	"sources\com\alibaba\fastjson2\writer\FieldWriterOffsetDateTime.java"	"1922"	".java"
"FkWeChat_1.2.6-jadx"	"sources\com\alibaba\fastjson2\writer\FieldWriterString.java"	"3014"	".java"
"FkWeChat_1.2.6-jadx"	"sources\com\alibaba\fastjson2\writer\FieldWriterUUID.java"	"1930"	".java"
"FkWeChat_1.2.6-jadx"	"sources\com\alibaba\fastjson2\writer\ObjectWriter.java"	"7030"	".java"
"FkWeChat_1.2.6-jadx"	"sources\com\alibaba\fastjson2\writer\ObjectWriter1.java"	"2481"	".java"
"FkWeChat_1.2.6-jadx"	"sources\com\alibaba\fastjson2\writer\ObjectWriter10.java"	"5018"	".java"
"FkWeChat_1.2.6-jadx"	"sources\com\alibaba\fastjson2\writer\ObjectWriter11.java"	"5308"	".java"
"FkWeChat_1.2.6-jadx"	"sources\com\alibaba\fastjson2\writer\ObjectWriter12.java"	"5598"	".java"
"FkWeChat_1.2.6-jadx"	"sources\com\alibaba\fastjson2\writer\ObjectWriter2.java"	"2763"	".java"
"FkWeChat_1.2.6-jadx"	"sources\com\alibaba\fastjson2\writer\ObjectWriter3.java"	"3023"	".java"
"FkWeChat_1.2.6-jadx"	"sources\com\alibaba\fastjson2\writer\ObjectWriter4.java"	"3321"	".java"
"FkWeChat_1.2.6-jadx"	"sources\com\alibaba\fastjson2\writer\ObjectWriter5.java"	"3603"	".java"
"FkWeChat_1.2.6-jadx"	"sources\com\alibaba\fastjson2\writer\ObjectWriter6.java"	"3885"	".java"
"FkWeChat_1.2.6-jadx"	"sources\com\alibaba\fastjson2\writer\ObjectWriter7.java"	"4167"	".java"
"FkWeChat_1.2.6-jadx"	"sources\com\alibaba\fastjson2\writer\ObjectWriter8.java"	"4449"	".java"
"FkWeChat_1.2.6-jadx"	"sources\com\alibaba\fastjson2\writer\ObjectWriter9.java"	"4731"	".java"
"FkWeChat_1.2.6-jadx"	"sources\com\alibaba\fastjson2\writer\ObjectWriterAdapter.java"	"19378"	".java"
"FkWeChat_1.2.6-jadx"	"sources\com\alibaba\fastjson2\writer\ObjectWriterArray.java"	"6309"	".java"
"FkWeChat_1.2.6-jadx"	"sources\com\alibaba\fastjson2\writer\ObjectWriterBigInteger.java"	"1549"	".java"
"FkWeChat_1.2.6-jadx"	"sources\com\alibaba\fastjson2\writer\ObjectWriterCreatorASMUtils.java"	"414"	".java"
"FkWeChat_1.2.6-jadx"	"sources\com\alibaba\fastjson2\writer\ObjectWriterException.java"	"1897"	".java"
"FkWeChat_1.2.6-jadx"	"sources\com\alibaba\fastjson2\writer\ObjectWriterImpDecimalArray.java"	"2137"	".java"
"FkWeChat_1.2.6-jadx"	"sources\com\alibaba\fastjson2\writer\ObjectWriterImplAtomicBoolean.java"	"825"	".java"
"FkWeChat_1.2.6-jadx"	"sources\com\alibaba\fastjson2\writer\ObjectWriterImplAtomicInteger.java"	"1627"	".java"
"FkWeChat_1.2.6-jadx"	"sources\com\alibaba\fastjson2\writer\ObjectWriterImplAtomicIntegerArray.java"	"1703"	".java"
"FkWeChat_1.2.6-jadx"	"sources\com\alibaba\fastjson2\writer\ObjectWriterImplAtomicLong.java"	"1590"	".java"
"FkWeChat_1.2.6-jadx"	"sources\com\alibaba\fastjson2\writer\ObjectWriterImplAtomicLongArray.java"	"1664"	".java"
"FkWeChat_1.2.6-jadx"	"sources\com\alibaba\fastjson2\writer\ObjectWriterImplAtomicReference.java"	"1497"	".java"
"FkWeChat_1.2.6-jadx"	"sources\com\alibaba\fastjson2\writer\ObjectWriterImplBigDecimal.java"	"1694"	".java"
"FkWeChat_1.2.6-jadx"	"sources\com\alibaba\fastjson2\writer\ObjectWriterImplBitSet.java"	"775"	".java"
"FkWeChat_1.2.6-jadx"	"sources\com\alibaba\fastjson2\writer\ObjectWriterImplBoolean.java"	"1214"	".java"
"FkWeChat_1.2.6-jadx"	"sources\com\alibaba\fastjson2\writer\ObjectWriterImplBoolValueArray.java"	"2104"	".java"
"FkWeChat_1.2.6-jadx"	"sources\com\alibaba\fastjson2\writer\ObjectWriterImplBoolValueArrayLambda.java"	"2223"	".java"
"FkWeChat_1.2.6-jadx"	"sources\com\alibaba\fastjson2\writer\ObjectWriterImplCalendar.java"	"3882"	".java"
"FkWeChat_1.2.6-jadx"	"sources\com\alibaba\fastjson2\writer\ObjectWriterImplCharacter.java"	"1097"	".java"
"FkWeChat_1.2.6-jadx"	"sources\com\alibaba\fastjson2\writer\ObjectWriterImplCharValueArray.java"	"1934"	".java"
"FkWeChat_1.2.6-jadx"	"sources\com\alibaba\fastjson2\writer\ObjectWriterImplClass.java"	"1192"	".java"
"FkWeChat_1.2.6-jadx"	"sources\com\alibaba\fastjson2\writer\ObjectWriterImplCollection.java"	"6230"	".java"
"FkWeChat_1.2.6-jadx"	"sources\com\alibaba\fastjson2\writer\ObjectWriterImplCurrency.java"	"1978"	".java"
"FkWeChat_1.2.6-jadx"	"sources\com\alibaba\fastjson2\writer\ObjectWriterImplDate.java"	"7425"	".java"
"FkWeChat_1.2.6-jadx"	"sources\com\alibaba\fastjson2\writer\ObjectWriterImplDouble.java"	"2491"	".java"
"FkWeChat_1.2.6-jadx"	"sources\com\alibaba\fastjson2\writer\ObjectWriterImplDoubleValueArray.java"	"2556"	".java"
"FkWeChat_1.2.6-jadx"	"sources\com\alibaba\fastjson2\writer\ObjectWriterImplEnum.java"	"4890"	".java"
"FkWeChat_1.2.6-jadx"	"sources\com\alibaba\fastjson2\writer\ObjectWriterImplFloat.java"	"2230"	".java"
"FkWeChat_1.2.6-jadx"	"sources\com\alibaba\fastjson2\writer\ObjectWriterImplFloatValueArray.java"	"2554"	".java"
"FkWeChat_1.2.6-jadx"	"sources\com\alibaba\fastjson2\writer\ObjectWriterImplInstant.java"	"5788"	".java"
"FkWeChat_1.2.6-jadx"	"sources\com\alibaba\fastjson2\writer\ObjectWriterImplInt16.java"	"1869"	".java"
"FkWeChat_1.2.6-jadx"	"sources\com\alibaba\fastjson2\writer\ObjectWriterImplInt16ValueArray.java"	"2175"	".java"
"FkWeChat_1.2.6-jadx"	"sources\com\alibaba\fastjson2\writer\ObjectWriterImplInt32.java"	"1475"	".java"
"FkWeChat_1.2.6-jadx"	"sources\com\alibaba\fastjson2\writer\ObjectWriterImplInt32Array.java"	"2923"	".java"
"FkWeChat_1.2.6-jadx"	"sources\com\alibaba\fastjson2\writer\ObjectWriterImplInt32ValueArray.java"	"2239"	".java"
"FkWeChat_1.2.6-jadx"	"sources\com\alibaba\fastjson2\writer\ObjectWriterImplInt64.java"	"2125"	".java"
"FkWeChat_1.2.6-jadx"	"sources\com\alibaba\fastjson2\writer\ObjectWriterImplInt64Array.java"	"2897"	".java"
"FkWeChat_1.2.6-jadx"	"sources\com\alibaba\fastjson2\writer\ObjectWriterImplInt64ValueArray.java"	"3060"	".java"
"FkWeChat_1.2.6-jadx"	"sources\com\alibaba\fastjson2\writer\ObjectWriterImplInt8.java"	"1850"	".java"
"FkWeChat_1.2.6-jadx"	"sources\com\alibaba\fastjson2\writer\ObjectWriterImplInt8Array.java"	"2607"	".java"
"FkWeChat_1.2.6-jadx"	"sources\com\alibaba\fastjson2\writer\ObjectWriterImplInt8ValueArray.java"	"3864"	".java"
"FkWeChat_1.2.6-jadx"	"sources\com\alibaba\fastjson2\writer\ObjectWriterImplJSONP.java"	"1187"	".java"
"FkWeChat_1.2.6-jadx"	"sources\com\alibaba\fastjson2\writer\ObjectWriterImplList.java"	"11722"	".java"
"FkWeChat_1.2.6-jadx"	"sources\com\alibaba\fastjson2\writer\ObjectWriterImplListEnum.java"	"2930"	".java"
"FkWeChat_1.2.6-jadx"	"sources\com\alibaba\fastjson2\writer\ObjectWriterImplListStr.java"	"3689"	".java"
"FkWeChat_1.2.6-jadx"	"sources\com\alibaba\fastjson2\writer\ObjectWriterImplLocalDate.java"	"3333"	".java"
"FkWeChat_1.2.6-jadx"	"sources\com\alibaba\fastjson2\writer\ObjectWriterImplLocalDateTime.java"	"4350"	".java"
"FkWeChat_1.2.6-jadx"	"sources\com\alibaba\fastjson2\writer\ObjectWriterImplLocale.java"	"772"	".java"
"FkWeChat_1.2.6-jadx"	"sources\com\alibaba\fastjson2\writer\ObjectWriterImplLocalTime.java"	"2674"	".java"
"FkWeChat_1.2.6-jadx"	"sources\com\alibaba\fastjson2\writer\ObjectWriterImplMapEntry.java"	"1970"	".java"
"FkWeChat_1.2.6-jadx"	"sources\com\alibaba\fastjson2\writer\ObjectWriterImplOffsetDateTime.java"	"3403"	".java"
"FkWeChat_1.2.6-jadx"	"sources\com\alibaba\fastjson2\writer\ObjectWriterImplOffsetTime.java"	"1445"	".java"
"FkWeChat_1.2.6-jadx"	"sources\com\alibaba\fastjson2\writer\ObjectWriterImplOptional.java"	"2515"	".java"
"FkWeChat_1.2.6-jadx"	"sources\com\alibaba\fastjson2\writer\ObjectWriterImplOptionalDouble.java"	"1486"	".java"
"FkWeChat_1.2.6-jadx"	"sources\com\alibaba\fastjson2\writer\ObjectWriterImplOptionalInt.java"	"1436"	".java"
"FkWeChat_1.2.6-jadx"	"sources\com\alibaba\fastjson2\writer\ObjectWriterImplOptionalLong.java"	"1452"	".java"
"FkWeChat_1.2.6-jadx"	"sources\com\alibaba\fastjson2\writer\ObjectWriterImplString.java"	"850"	".java"
"FkWeChat_1.2.6-jadx"	"sources\com\alibaba\fastjson2\writer\ObjectWriterImplStringArray.java"	"1923"	".java"
"FkWeChat_1.2.6-jadx"	"sources\com\alibaba\fastjson2\writer\ObjectWriterImplTimeZone.java"	"779"	".java"
"FkWeChat_1.2.6-jadx"	"sources\com\alibaba\fastjson2\writer\ObjectWriterImplToString.java"	"1180"	".java"
"FkWeChat_1.2.6-jadx"	"sources\com\alibaba\fastjson2\writer\ObjectWriterImplUUID.java"	"1056"	".java"
"FkWeChat_1.2.6-jadx"	"sources\com\alibaba\fastjson2\writer\ObjectWriterImplXmlNode.java"	"1722"	".java"
"FkWeChat_1.2.6-jadx"	"sources\com\alibaba\fastjson2\writer\ObjectWriterImplZonedDateTime.java"	"3914"	".java"
"FkWeChat_1.2.6-jadx"	"sources\com\alibaba\fastjson2\writer\ObjectWriterMisc.java"	"3855"	".java"
"FkWeChat_1.2.6-jadx"	"sources\com\alibaba\fastjson2\writer\ObjectWriterPrimitiveImpl.java"	"913"	".java"
"FkWeChat_1.2.6-jadx"	"sources\com\alibaba\fastjson2\writer\ObjectWriterProvider.java"	"23796"	".java"
"FkWeChat_1.2.6-jadx"	"sources\com\alibaba\fastjson2\writer\ObjectWriterRootName.java"	"1677"	".java"
"FkWeChat_1.2.6-jadx"	"sources\com\alibaba\fastjson2\writer\ObjectWriters.java"	"8433"	".java"
"FkWeChat_1.2.6-jadx"	"sources\com\squareup\wire\AbstractC1845a.java"	"1309"	".java"
"FkWeChat_1.2.6-jadx"	"sources\com\squareup\wire\AndroidMessage.java"	"1874"	".java"
"FkWeChat_1.2.6-jadx"	"sources\de\C1953a.java"	"3497"	".java"
"FkWeChat_1.2.6-jadx"	"sources\de\C1954b.java"	"514"	".java"
"FkWeChat_1.2.6-jadx"	"sources\ec\AbstractC2105a.java"	"3000"	".java"
"FkWeChat_1.2.6-jadx"	"sources\ec\AbstractC2108a2.java"	"6562"	".java"
"FkWeChat_1.2.6-jadx"	"sources\ec\AbstractC2110b.java"	"247"	".java"
"FkWeChat_1.2.6-jadx"	"sources\ec\AbstractC2112b1.java"	"4229"	".java"
"FkWeChat_1.2.6-jadx"	"sources\ec\AbstractC2113b2.java"	"1620"	".java"
"FkWeChat_1.2.6-jadx"	"sources\ec\AbstractC2115c.java"	"381"	".java"
"FkWeChat_1.2.6-jadx"	"sources\ec\AbstractC2117c1.java"	"3904"	".java"
"FkWeChat_1.2.6-jadx"	"sources\ec\AbstractC2119c3.java"	"1840"	".java"
"FkWeChat_1.2.6-jadx"	"sources\ec\AbstractC2121d0.java"	"1184"	".java"
"FkWeChat_1.2.6-jadx"	"sources\ec\AbstractC2123d2.java"	"1576"	".java"
"FkWeChat_1.2.6-jadx"	"sources\ec\AbstractC2128f.java"	"3759"	".java"
"FkWeChat_1.2.6-jadx"	"sources\ec\AbstractC2135g2.java"	"1260"	".java"
"FkWeChat_1.2.6-jadx"	"sources\ec\AbstractC2140i.java"	"1395"	".java"
"FkWeChat_1.2.6-jadx"	"sources\ec\AbstractC2141i0.java"	"4825"	".java"
"FkWeChat_1.2.6-jadx"	"sources\ec\AbstractC2142i1.java"	"3862"	".java"
"FkWeChat_1.2.6-jadx"	"sources\ec\AbstractC2144j.java"	"2662"	".java"
"FkWeChat_1.2.6-jadx"	"sources\ec\AbstractC2146j1.java"	"17330"	".java"
"FkWeChat_1.2.6-jadx"	"sources\ec\AbstractC2149k0.java"	"4040"	".java"
"FkWeChat_1.2.6-jadx"	"sources\ec\AbstractC2150k1.java"	"875"	".java"
"FkWeChat_1.2.6-jadx"	"sources\ec\AbstractC2154l1.java"	"398"	".java"
"FkWeChat_1.2.6-jadx"	"sources\ec\AbstractC2157m0.java"	"1536"	".java"
"FkWeChat_1.2.6-jadx"	"sources\ec\AbstractC2158m1.java"	"769"	".java"
"FkWeChat_1.2.6-jadx"	"sources\ec\AbstractC2162n1.java"	"602"	".java"
"FkWeChat_1.2.6-jadx"	"sources\ec\AbstractC2168p.java"	"384"	".java"
"FkWeChat_1.2.6-jadx"	"sources\ec\AbstractC2169p0.java"	"3302"	".java"
"FkWeChat_1.2.6-jadx"	"sources\ec\AbstractC2170p1.java"	"1569"	".java"
"FkWeChat_1.2.6-jadx"	"sources\ec\AbstractC2172q.java"	"1541"	".java"
"FkWeChat_1.2.6-jadx"	"sources\ec\AbstractC2179r2.java"	"1347"	".java"
"FkWeChat_1.2.6-jadx"	"sources\ec\AbstractC2181s0.java"	"1449"	".java"
"FkWeChat_1.2.6-jadx"	"sources\ec\AbstractC2189u0.java"	"1180"	".java"
"FkWeChat_1.2.6-jadx"	"sources\ec\AbstractC2199w2.java"	"6382"	".java"
"FkWeChat_1.2.6-jadx"	"sources\ec\AbstractC2204y.java"	"915"	".java"
"FkWeChat_1.2.6-jadx"	"sources\ec\AbstractC2205y0.java"	"4939"	".java"
"FkWeChat_1.2.6-jadx"	"sources\ec\AbstractC2210z1.java"	"2573"	".java"
"FkWeChat_1.2.6-jadx"	"sources\ec\C2106a0.java"	"4473"	".java"
"FkWeChat_1.2.6-jadx"	"sources\ec\C2107a1.java"	"2801"	".java"
"FkWeChat_1.2.6-jadx"	"sources\ec\C2111b0.java"	"1320"	".java"
"FkWeChat_1.2.6-jadx"	"sources\ec\C2114b3.java"	"934"	".java"
"FkWeChat_1.2.6-jadx"	"sources\ec\C2116c0.java"	"343"	".java"
"FkWeChat_1.2.6-jadx"	"sources\ec\C2118c2.java"	"50819"	".java"
"FkWeChat_1.2.6-jadx"	"sources\ec\C2120d.java"	"426"	".java"
"FkWeChat_1.2.6-jadx"	"sources\ec\C2122d1.java"	"1134"	".java"
"FkWeChat_1.2.6-jadx"	"sources\ec\C2124e.java"	"6159"	".java"
"FkWeChat_1.2.6-jadx"	"sources\ec\C2127e2.java"	"885"	".java"
"FkWeChat_1.2.6-jadx"	"sources\ec\C2130f1.java"	"709"	".java"
"FkWeChat_1.2.6-jadx"	"sources\ec\C2131f2.java"	"885"	".java"
"FkWeChat_1.2.6-jadx"	"sources\ec\C2132g.java"	"3083"	".java"
"FkWeChat_1.2.6-jadx"	"sources\ec\C2134g1.java"	"748"	".java"
"FkWeChat_1.2.6-jadx"	"sources\ec\C2136h.java"	"555"	".java"
"FkWeChat_1.2.6-jadx"	"sources\ec\C2138h1.java"	"905"	".java"
"FkWeChat_1.2.6-jadx"	"sources\ec\C2139h2.java"	"705"	".java"
"FkWeChat_1.2.6-jadx"	"sources\ec\C2143i2.java"	"2574"	".java"
"FkWeChat_1.2.6-jadx"	"sources\ec\C2147j2.java"	"836"	".java"
"FkWeChat_1.2.6-jadx"	"sources\ec\C2159m2.java"	"1200"	".java"
"FkWeChat_1.2.6-jadx"	"sources\ec\C2161n0.java"	"1512"	".java"
"FkWeChat_1.2.6-jadx"	"sources\ec\C2163n2.java"	"960"	".java"
"FkWeChat_1.2.6-jadx"	"sources\ec\C2164o.java"	"23467"	".java"
"FkWeChat_1.2.6-jadx"	"sources\ec\C2167o2.java"	"603"	".java"
"FkWeChat_1.2.6-jadx"	"sources\ec\C2171p2.java"	"630"	".java"
"FkWeChat_1.2.6-jadx"	"sources\ec\C2174q1.java"	"551"	".java"
"FkWeChat_1.2.6-jadx"	"sources\ec\C2175q2.java"	"495"	".java"
"FkWeChat_1.2.6-jadx"	"sources\ec\C2176r.java"	"1046"	".java"
"FkWeChat_1.2.6-jadx"	"sources\ec\C2177r0.java"	"332"	".java"
"FkWeChat_1.2.6-jadx"	"sources\ec\C2178r1.java"	"781"	".java"
"FkWeChat_1.2.6-jadx"	"sources\ec\C2180s.java"	"760"	".java"
"FkWeChat_1.2.6-jadx"	"sources\ec\C2186t1.java"	"428"	".java"
"FkWeChat_1.2.6-jadx"	"sources\ec\C2187t2.java"	"1405"	".java"
"FkWeChat_1.2.6-jadx"	"sources\ec\C2188u.java"	"1056"	".java"
"FkWeChat_1.2.6-jadx"	"sources\ec\C2190u1.java"	"1155"	".java"
"FkWeChat_1.2.6-jadx"	"sources\ec\C2191u2.java"	"1113"	".java"
"FkWeChat_1.2.6-jadx"	"sources\ec\C2194v1.java"	"778"	".java"
"FkWeChat_1.2.6-jadx"	"sources\ec\C2197w0.java"	"1127"	".java"
"FkWeChat_1.2.6-jadx"	"sources\ec\C2200x.java"	"1363"	".java"
"FkWeChat_1.2.6-jadx"	"sources\ec\C2202x1.java"	"2278"	".java"
"FkWeChat_1.2.6-jadx"	"sources\ec\C2203x2.java"	"1535"	".java"
"FkWeChat_1.2.6-jadx"	"sources\ec\C2206y1.java"	"1945"	".java"
"FkWeChat_1.2.6-jadx"	"sources\ec\C2207y2.java"	"3300"	".java"
"FkWeChat_1.2.6-jadx"	"sources\ec\C2209z0.java"	"732"	".java"
"FkWeChat_1.2.6-jadx"	"sources\ec\C2211z2.java"	"1470"	".java"
"FkWeChat_1.2.6-jadx"	"sources\ec\EnumC2173q0.java"	"3751"	".java"
"FkWeChat_1.2.6-jadx"	"sources\ec\InterfaceC2109a3.java"	"378"	".java"
"FkWeChat_1.2.6-jadx"	"sources\ec\InterfaceC2125e0.java"	"309"	".java"
"FkWeChat_1.2.6-jadx"	"sources\ec\InterfaceC2126e1.java"	"304"	".java"
"FkWeChat_1.2.6-jadx"	"sources\ec\InterfaceC2151k2.java"	"245"	".java"
"FkWeChat_1.2.6-jadx"	"sources\ec\InterfaceC2152l.java"	"1159"	".java"
"FkWeChat_1.2.6-jadx"	"sources\ec\InterfaceC2153l0.java"	"2056"	".java"
"FkWeChat_1.2.6-jadx"	"sources\ec\InterfaceC2155l2.java"	"402"	".java"
"FkWeChat_1.2.6-jadx"	"sources\ec\InterfaceC2156m.java"	"1822"	".java"
"FkWeChat_1.2.6-jadx"	"sources\ec\InterfaceC2165o0.java"	"323"	".java"
"FkWeChat_1.2.6-jadx"	"sources\ec\InterfaceC2182s1.java"	"371"	".java"
"FkWeChat_1.2.6-jadx"	"sources\ec\InterfaceC2183s2.java"	"305"	".java"
"FkWeChat_1.2.6-jadx"	"sources\ec\InterfaceC2184t.java"	"379"	".java"
"FkWeChat_1.2.6-jadx"	"sources\ec\InterfaceC2192v.java"	"360"	".java"
"FkWeChat_1.2.6-jadx"	"sources\ec\InterfaceC2193v0.java"	"459"	".java"
"FkWeChat_1.2.6-jadx"	"sources\ec\InterfaceC2196w.java"	"418"	".java"
"FkWeChat_1.2.6-jadx"	"sources\ec\InterfaceC2198w1.java"	"3547"	".java"
"FkWeChat_1.2.6-jadx"	"sources\ec\InterfaceC2201x0.java"	"999"	".java"
"FkWeChat_1.2.6-jadx"	"sources\ec\InterfaceC2208z.java"	"408"	".java"
"FkWeChat_1.2.6-jadx"	"sources\ec\RunnableC2185t0.java"	"6033"	".java"
"FkWeChat_1.2.6-jadx"	"sources\ec\RunnableC2195v2.java"	"950"	".java"
"FkWeChat_1.2.6-jadx"	"sources\ee\InterfaceC2215a.java"	"527"	".java"
"FkWeChat_1.2.6-jadx"	"sources\fkw0\hidden\Hidden0.java"	"5843"	".java"
"FkWeChat_1.2.6-jadx"	"sources\fkw0\p087me\yun\fkwechat\FkwLoader.java"	"287"	".java"
"FkWeChat_1.2.6-jadx"	"sources\ga\AbstractC2578d.java"	"18645"	".java"
"FkWeChat_1.2.6-jadx"	"sources\ga\AbstractC2583e1.java"	"18690"	".java"
"FkWeChat_1.2.6-jadx"	"sources\ga\AbstractC2616p1.java"	"445"	".java"
"FkWeChat_1.2.6-jadx"	"sources\ga\AbstractC2625s1.java"	"4958"	".java"
"FkWeChat_1.2.6-jadx"	"sources\ga\C2569a.java"	"740"	".java"
"FkWeChat_1.2.6-jadx"	"sources\ga\C2570a0.java"	"554"	".java"
"FkWeChat_1.2.6-jadx"	"sources\ga\C2571a1.java"	"554"	".java"
"FkWeChat_1.2.6-jadx"	"sources\ga\C2572b.java"	"684"	".java"
"FkWeChat_1.2.6-jadx"	"sources\ga\C2573b0.java"	"554"	".java"
"FkWeChat_1.2.6-jadx"	"sources\ga\C2574b1.java"	"554"	".java"
"FkWeChat_1.2.6-jadx"	"sources\ga\C2575c.java"	"794"	".java"
"FkWeChat_1.2.6-jadx"	"sources\ga\C2576c0.java"	"554"	".java"
"FkWeChat_1.2.6-jadx"	"sources\ga\C2577c1.java"	"554"	".java"
"FkWeChat_1.2.6-jadx"	"sources\ga\C2579d0.java"	"682"	".java"
"FkWeChat_1.2.6-jadx"	"sources\ga\C2580d1.java"	"554"	".java"
"FkWeChat_1.2.6-jadx"	"sources\ga\C2581e.java"	"1408"	".java"
"FkWeChat_1.2.6-jadx"	"sources\ga\C2582e0.java"	"682"	".java"
"FkWeChat_1.2.6-jadx"	"sources\ga\C2584f.java"	"1354"	".java"
"FkWeChat_1.2.6-jadx"	"sources\ga\C2585f0.java"	"682"	".java"
"FkWeChat_1.2.6-jadx"	"sources\ga\C2586f1.java"	"1843"	".java"
"FkWeChat_1.2.6-jadx"	"sources\ga\C2588g0.java"	"682"	".java"
"FkWeChat_1.2.6-jadx"	"sources\ga\C2589g1.java"	"496"	".java"
"FkWeChat_1.2.6-jadx"	"sources\ga\C2590h.java"	"3955"	".java"
"FkWeChat_1.2.6-jadx"	"sources\ga\C2591h0.java"	"554"	".java"
"FkWeChat_1.2.6-jadx"	"sources\ga\C2592h1.java"	"635"	".java"
"FkWeChat_1.2.6-jadx"	"sources\ga\C2594i0.java"	"554"	".java"
"FkWeChat_1.2.6-jadx"	"sources\ga\C2595i1.java"	"496"	".java"
"FkWeChat_1.2.6-jadx"	"sources\ga\C2597j0.java"	"554"	".java"
"FkWeChat_1.2.6-jadx"	"sources\ga\C2598j1.java"	"509"	".java"
"FkWeChat_1.2.6-jadx"	"sources\ga\C2600k0.java"	"554"	".java"
"FkWeChat_1.2.6-jadx"	"sources\ga\C2601k1.java"	"492"	".java"
"FkWeChat_1.2.6-jadx"	"sources\ga\C2602l.java"	"2157"	".java"
"FkWeChat_1.2.6-jadx"	"sources\ga\C2603l0.java"	"682"	".java"
"FkWeChat_1.2.6-jadx"	"sources\ga\C2604l1.java"	"10815"	".java"
"FkWeChat_1.2.6-jadx"	"sources\ga\C2605m.java"	"551"	".java"
"FkWeChat_1.2.6-jadx"	"sources\ga\C2606m0.java"	"682"	".java"
"FkWeChat_1.2.6-jadx"	"sources\ga\C2607m1.java"	"6657"	".java"
"FkWeChat_1.2.6-jadx"	"sources\ga\C2608n.java"	"551"	".java"
"FkWeChat_1.2.6-jadx"	"sources\ga\C2609n0.java"	"554"	".java"
"FkWeChat_1.2.6-jadx"	"sources\ga\C2611o.java"	"551"	".java"
"FkWeChat_1.2.6-jadx"	"sources\ga\C2612o0.java"	"554"	".java"
"FkWeChat_1.2.6-jadx"	"sources\ga\C2614p.java"	"551"	".java"
"FkWeChat_1.2.6-jadx"	"sources\ga\C2615p0.java"	"554"	".java"
"FkWeChat_1.2.6-jadx"	"sources\ga\C2617q.java"	"551"	".java"
"FkWeChat_1.2.6-jadx"	"sources\ga\C2618q0.java"	"554"	".java"
"FkWeChat_1.2.6-jadx"	"sources\ga\C2619q1.java"	"1040"	".java"
"FkWeChat_1.2.6-jadx"	"sources\ga\C2620r.java"	"551"	".java"
"FkWeChat_1.2.6-jadx"	"sources\ga\C2621r0.java"	"554"	".java"
"FkWeChat_1.2.6-jadx"	"sources\ga\C2623s.java"	"551"	".java"
"FkWeChat_1.2.6-jadx"	"sources\ga\C2624s0.java"	"554"	".java"
"FkWeChat_1.2.6-jadx"	"sources\ga\C2626t.java"	"551"	".java"
"FkWeChat_1.2.6-jadx"	"sources\ga\C2627t0.java"	"554"	".java"
"FkWeChat_1.2.6-jadx"	"sources\ga\C2628u.java"	"551"	".java"
"FkWeChat_1.2.6-jadx"	"sources\ga\C2629u0.java"	"554"	".java"
"FkWeChat_1.2.6-jadx"	"sources\ga\C2630v.java"	"551"	".java"
"FkWeChat_1.2.6-jadx"	"sources\ga\C2631v0.java"	"554"	".java"
"FkWeChat_1.2.6-jadx"	"sources\ga\C2632w.java"	"551"	".java"
"FkWeChat_1.2.6-jadx"	"sources\ga\C2633w0.java"	"554"	".java"
"FkWeChat_1.2.6-jadx"	"sources\ga\C2634x.java"	"585"	".java"
"FkWeChat_1.2.6-jadx"	"sources\ga\C2635x0.java"	"554"	".java"
"FkWeChat_1.2.6-jadx"	"sources\ga\C2636y.java"	"551"	".java"
"FkWeChat_1.2.6-jadx"	"sources\ga\C2637y0.java"	"554"	".java"
"FkWeChat_1.2.6-jadx"	"sources\ga\C2638z.java"	"551"	".java"
"FkWeChat_1.2.6-jadx"	"sources\ga\C2639z0.java"	"554"	".java"
"FkWeChat_1.2.6-jadx"	"sources\ga\EnumC2593i.java"	"1527"	".java"
"FkWeChat_1.2.6-jadx"	"sources\ga\EnumC2599k.java"	"1660"	".java"
"FkWeChat_1.2.6-jadx"	"sources\ga\EnumC2613o1.java"	"1686"	".java"
"FkWeChat_1.2.6-jadx"	"sources\gb\AbstractC2641a0.java"	"1752"	".java"
"FkWeChat_1.2.6-jadx"	"sources\gb\AbstractC2644b.java"	"5539"	".java"
"FkWeChat_1.2.6-jadx"	"sources\gb\AbstractC2645b0.java"	"1131"	".java"
"FkWeChat_1.2.6-jadx"	"sources\gb\AbstractC2647b2.java"	"1210"	".java"
"FkWeChat_1.2.6-jadx"	"sources\gb\AbstractC2650c1.java"	"1476"	".java"
"FkWeChat_1.2.6-jadx"	"sources\gb\AbstractC2655d2.java"	"4615"	".java"
"FkWeChat_1.2.6-jadx"	"sources\gb\AbstractC2657e0.java"	"466"	".java"
"FkWeChat_1.2.6-jadx"	"sources\gb\AbstractC2659e2.java"	"4316"	".java"
"FkWeChat_1.2.6-jadx"	"sources\gb\AbstractC2661f0.java"	"1412"	".java"
"FkWeChat_1.2.6-jadx"	"sources\gb\AbstractC2665g0.java"	"1188"	".java"
"FkWeChat_1.2.6-jadx"	"sources\gb\AbstractC2666g1.java"	"5494"	".java"
"FkWeChat_1.2.6-jadx"	"sources\gb\AbstractC2669h0.java"	"3060"	".java"
"FkWeChat_1.2.6-jadx"	"sources\gb\AbstractC2673i0.java"	"2361"	".java"
"FkWeChat_1.2.6-jadx"	"sources\gb\AbstractC2675i2.java"	"19146"	".java"
"FkWeChat_1.2.6-jadx"	"sources\gb\AbstractC2683k2.java"	"2480"	".java"
"FkWeChat_1.2.6-jadx"	"sources\gb\AbstractC2685l0.java"	"2030"	".java"
"FkWeChat_1.2.6-jadx"	"sources\gb\AbstractC2687l2.java"	"980"	".java"
"FkWeChat_1.2.6-jadx"	"sources\gb\AbstractC2695n2.java"	"1947"	".java"
"FkWeChat_1.2.6-jadx"	"sources\gb\AbstractC2698o1.java"	"607"	".java"
"FkWeChat_1.2.6-jadx"	"sources\gb\AbstractC2699p.java"	"9628"	".java"
"FkWeChat_1.2.6-jadx"	"sources\gb\AbstractC2702q.java"	"398"	".java"
"FkWeChat_1.2.6-jadx"	"sources\gb\AbstractC2705r.java"	"398"	".java"
"FkWeChat_1.2.6-jadx"	"sources\gb\AbstractC2706r0.java"	"2378"	".java"
"FkWeChat_1.2.6-jadx"	"sources\gb\AbstractC2707r1.java"	"1257"	".java"
"FkWeChat_1.2.6-jadx"	"sources\gb\AbstractC2710s1.java"	"1320"	".java"
"FkWeChat_1.2.6-jadx"	"sources\gb\AbstractC2711t.java"	"1612"	".java"
"FkWeChat_1.2.6-jadx"	"sources\gb\AbstractC2717v.java"	"3724"	".java"
"FkWeChat_1.2.6-jadx"	"sources\gb\AbstractC2718v0.java"	"969"	".java"
"FkWeChat_1.2.6-jadx"	"sources\gb\AbstractC2719v1.java"	"5012"	".java"
"FkWeChat_1.2.6-jadx"	"sources\gb\AbstractC2729z.java"	"1655"	".java"
"FkWeChat_1.2.6-jadx"	"sources\gb\C2640a.java"	"2611"	".java"
"FkWeChat_1.2.6-jadx"	"sources\gb\C2642a1.java"	"931"	".java"
"FkWeChat_1.2.6-jadx"	"sources\gb\C2648c.java"	"7376"	".java"
"FkWeChat_1.2.6-jadx"	"sources\gb\C2651c2.java"	"3566"	".java"
"FkWeChat_1.2.6-jadx"	"sources\gb\C2652d.java"	"4075"	".java"
"FkWeChat_1.2.6-jadx"	"sources\gb\C2653d0.java"	"3452"	".java"
"FkWeChat_1.2.6-jadx"	"sources\gb\C2654d1.java"	"3365"	".java"
"FkWeChat_1.2.6-jadx"	"sources\gb\C2656e.java"	"1122"	".java"
"FkWeChat_1.2.6-jadx"	"sources\gb\C2658e1.java"	"1104"	".java"
"FkWeChat_1.2.6-jadx"	"sources\gb\C2660f.java"	"1047"	".java"
"FkWeChat_1.2.6-jadx"	"sources\gb\C2662f1.java"	"2929"	".java"
"FkWeChat_1.2.6-jadx"	"sources\gb\C2663f2.java"	"20782"	".java"
"FkWeChat_1.2.6-jadx"	"sources\gb\C2664g.java"	"30920"	".java"
"FkWeChat_1.2.6-jadx"	"sources\gb\C2668h.java"	"496"	".java"
"FkWeChat_1.2.6-jadx"	"sources\gb\C2670h1.java"	"1298"	".java"
"FkWeChat_1.2.6-jadx"	"sources\gb\C2672i.java"	"476"	".java"
"FkWeChat_1.2.6-jadx"	"sources\gb\C2674i1.java"	"464"	".java"
"FkWeChat_1.2.6-jadx"	"sources\gb\C2676j.java"	"594"	".java"
"FkWeChat_1.2.6-jadx"	"sources\gb\C2678j1.java"	"1756"	".java"
"FkWeChat_1.2.6-jadx"	"sources\gb\C2680k.java"	"567"	".java"
"FkWeChat_1.2.6-jadx"	"sources\gb\C2681k0.java"	"2993"	".java"
"FkWeChat_1.2.6-jadx"	"sources\gb\C2684l.java"	"566"	".java"
"FkWeChat_1.2.6-jadx"	"sources\gb\C2688m.java"	"567"	".java"
"FkWeChat_1.2.6-jadx"	"sources\gb\C2689m0.java"	"3087"	".java"
"FkWeChat_1.2.6-jadx"	"sources\gb\C2690m1.java"	"3531"	".java"
"FkWeChat_1.2.6-jadx"	"sources\gb\C2692n.java"	"566"	".java"
"FkWeChat_1.2.6-jadx"	"sources\gb\C2693n0.java"	"566"	".java"
"FkWeChat_1.2.6-jadx"	"sources\gb\C2696o.java"	"673"	".java"
"FkWeChat_1.2.6-jadx"	"sources\gb\C2697o0.java"	"464"	".java"
"FkWeChat_1.2.6-jadx"	"sources\gb\C2700p0.java"	"564"	".java"
"FkWeChat_1.2.6-jadx"	"sources\gb\C2703q0.java"	"6883"	".java"
"FkWeChat_1.2.6-jadx"	"sources\gb\C2704q1.java"	"6538"	".java"
"FkWeChat_1.2.6-jadx"	"sources\gb\C2708s.java"	"1795"	".java"
"FkWeChat_1.2.6-jadx"	"sources\gb\C2709s0.java"	"1012"	".java"
"FkWeChat_1.2.6-jadx"	"sources\gb\C2712t0.java"	"1208"	".java"
"FkWeChat_1.2.6-jadx"	"sources\gb\C2713t1.java"	"11512"	".java"
"FkWeChat_1.2.6-jadx"	"sources\gb\C2714u.java"	"4522"	".java"
"FkWeChat_1.2.6-jadx"	"sources\gb\C2715u0.java"	"11518"	".java"
"FkWeChat_1.2.6-jadx"	"sources\gb\C2721w0.java"	"660"	".java"
"FkWeChat_1.2.6-jadx"	"sources\gb\C2722w1.java"	"725"	".java"
"FkWeChat_1.2.6-jadx"	"sources\gb\C2723x.java"	"855"	".java"
"FkWeChat_1.2.6-jadx"	"sources\gb\C2724x0.java"	"1865"	".java"
"FkWeChat_1.2.6-jadx"	"sources\gb\C2725x1.java"	"464"	".java"
"FkWeChat_1.2.6-jadx"	"sources\gb\C2727y0.java"	"932"	".java"
"FkWeChat_1.2.6-jadx"	"sources\gb\C2728y1.java"	"548"	".java"
"FkWeChat_1.2.6-jadx"	"sources\gb\C2731z1.java"	"10392"	".java"
"FkWeChat_1.2.6-jadx"	"sources\gb\EnumC2671h2.java"	"1545"	".java"
"FkWeChat_1.2.6-jadx"	"sources\gb\EnumC2691m2.java"	"2586"	".java"
"FkWeChat_1.2.6-jadx"	"sources\gb\InterfaceC2643a2.java"	"600"	".java"
"FkWeChat_1.2.6-jadx"	"sources\gb\InterfaceC2646b1.java"	"245"	".java"
"FkWeChat_1.2.6-jadx"	"sources\gb\InterfaceC2667g2.java"	"1377"	".java"
"FkWeChat_1.2.6-jadx"	"sources\gb\InterfaceC2679j2.java"	"389"	".java"
"FkWeChat_1.2.6-jadx"	"sources\gb\InterfaceC2694n1.java"	"2318"	".java"
"FkWeChat_1.2.6-jadx"	"sources\gb\InterfaceC2701p1.java"	"1445"	".java"
"FkWeChat_1.2.6-jadx"	"sources\gb\InterfaceC2716u1.java"	"886"	".java"
"FkWeChat_1.2.6-jadx"	"sources\gb\InterfaceC2720w.java"	"412"	".java"
"FkWeChat_1.2.6-jadx"	"sources\gb\InterfaceC2730z0.java"	"269"	".java"
"FkWeChat_1.2.6-jadx"	"sources\gd\C2763d0.java"	"14277"	".java"
"FkWeChat_1.2.6-jadx"	"sources\gd\C2764e.java"	"4666"	".java"
"FkWeChat_1.2.6-jadx"	"sources\gd\C2772m.java"	"13687"	".java"
"FkWeChat_1.2.6-jadx"	"sources\gd\C2777r.java"	"9155"	".java"
"FkWeChat_1.2.6-jadx"	"sources\gd\C2783x.java"	"8145"	".java"
"FkWeChat_1.2.6-jadx"	"sources\ge\C2786a.java"	"3426"	".java"
"FkWeChat_1.2.6-jadx"	"sources\ge\C2787b.java"	"1153"	".java"
"FkWeChat_1.2.6-jadx"	"sources\ge\C2790e.java"	"1092"	".java"
"FkWeChat_1.2.6-jadx"	"sources\ge\C2791f.java"	"2850"	".java"
"FkWeChat_1.2.6-jadx"	"sources\gf\C2792a.java"	"3439"	".java"
"FkWeChat_1.2.6-jadx"	"sources\gf\C2793b.java"	"2308"	".java"
"FkWeChat_1.2.6-jadx"	"sources\gf\C2794c.java"	"1146"	".java"
"FkWeChat_1.2.6-jadx"	"sources\gf\C2797f.java"	"3263"	".java"
"FkWeChat_1.2.6-jadx"	"sources\gf\EnumC2795d.java"	"808"	".java"
"FkWeChat_1.2.6-jadx"	"sources\gf\InterfaceC2796e.java"	"751"	".java"
"FkWeChat_1.2.6-jadx"	"sources\id\C3413f.java"	"11002"	".java"
"FkWeChat_1.2.6-jadx"	"sources\id\C3416i.java"	"6193"	".java"
"FkWeChat_1.2.6-jadx"	"sources\ie\C3417a.java"	"6397"	".java"
"FkWeChat_1.2.6-jadx"	"sources\ie\C3418b.java"	"5734"	".java"
"FkWeChat_1.2.6-jadx"	"sources\io\ktor\network\sockets\AbstractC3420a0.java"	"4638"	".java"
"FkWeChat_1.2.6-jadx"	"sources\io\ktor\network\sockets\AbstractC3424c0.java"	"1742"	".java"
"FkWeChat_1.2.6-jadx"	"sources\io\ktor\network\sockets\AbstractC3429g.java"	"557"	".java"
"FkWeChat_1.2.6-jadx"	"sources\io\ktor\network\sockets\AbstractC3434l.java"	"2862"	".java"
"FkWeChat_1.2.6-jadx"	"sources\io\ktor\network\sockets\AbstractC3436n.java"	"1165"	".java"
"FkWeChat_1.2.6-jadx"	"sources\io\ktor\network\sockets\AbstractC3437o.java"	"7266"	".java"
"FkWeChat_1.2.6-jadx"	"sources\io\ktor\network\sockets\AbstractC3438p.java"	"2747"	".java"
"FkWeChat_1.2.6-jadx"	"sources\io\ktor\network\sockets\AbstractC3442t.java"	"580"	".java"
"FkWeChat_1.2.6-jadx"	"sources\io\ktor\network\sockets\AbstractC3447y.java"	"5273"	".java"
"FkWeChat_1.2.6-jadx"	"sources\io\ktor\network\sockets\C3422b0.java"	"1614"	".java"
"FkWeChat_1.2.6-jadx"	"sources\io\ktor\network\sockets\C3426d0.java"	"2487"	".java"
"FkWeChat_1.2.6-jadx"	"sources\io\ktor\network\sockets\C3435m.java"	"1843"	".java"
"FkWeChat_1.2.6-jadx"	"sources\io\ktor\network\sockets\C3440r.java"	"7639"	".java"
"FkWeChat_1.2.6-jadx"	"sources\io\ktor\network\sockets\C3445w.java"	"977"	".java"
"FkWeChat_1.2.6-jadx"	"sources\io\ktor\network\sockets\C3446x.java"	"2798"	".java"
"FkWeChat_1.2.6-jadx"	"sources\io\ktor\network\sockets\C3448z.java"	"7000"	".java"
"FkWeChat_1.2.6-jadx"	"sources\io\ktor\network\sockets\InterfaceC3419a.java"	"323"	".java"
"FkWeChat_1.2.6-jadx"	"sources\io\ktor\network\sockets\InterfaceC3421b.java"	"354"	".java"
"FkWeChat_1.2.6-jadx"	"sources\io\ktor\network\sockets\InterfaceC3423c.java"	"437"	".java"
"FkWeChat_1.2.6-jadx"	"sources\io\ktor\network\sockets\InterfaceC3425d.java"	"945"	".java"
"FkWeChat_1.2.6-jadx"	"sources\io\ktor\network\sockets\InterfaceC3427e.java"	"437"	".java"
"FkWeChat_1.2.6-jadx"	"sources\io\ktor\network\sockets\InterfaceC3428f.java"	"435"	".java"
"FkWeChat_1.2.6-jadx"	"sources\io\ktor\network\sockets\InterfaceC3439q.java"	"794"	".java"
"FkWeChat_1.2.6-jadx"	"sources\io\ktor\network\sockets\InterfaceC3441s.java"	"425"	".java"
"FkWeChat_1.2.6-jadx"	"sources\io\ktor\util\internal\AbstractC3449a.java"	"475"	".java"
"FkWeChat_1.2.6-jadx"	"sources\io\ktor\util\internal\AbstractC3451c.java"	"1149"	".java"
"FkWeChat_1.2.6-jadx"	"sources\io\ktor\util\internal\AbstractC3453e.java"	"284"	".java"
"FkWeChat_1.2.6-jadx"	"sources\io\ktor\util\internal\C3450b.java"	"282"	".java"
"FkWeChat_1.2.6-jadx"	"sources\io\ktor\util\internal\C3452d.java"	"8534"	".java"
"FkWeChat_1.2.6-jadx"	"sources\io\ktor\util\internal\C3454f.java"	"539"	".java"
"FkWeChat_1.2.6-jadx"	"sources\io\ktor\util\internal\C3455g.java"	"511"	".java"
"FkWeChat_1.2.6-jadx"	"sources\io\ktor\utils\p131io\AbstractC3457a0.java"	"561"	".java"
"FkWeChat_1.2.6-jadx"	"sources\io\ktor\utils\p131io\AbstractC3458b.java"	"1782"	".java"
"FkWeChat_1.2.6-jadx"	"sources\io\ktor\utils\p131io\AbstractC3464e.java"	"1385"	".java"
"FkWeChat_1.2.6-jadx"	"sources\io\ktor\utils\p131io\AbstractC3466f.java"	"506"	".java"
"FkWeChat_1.2.6-jadx"	"sources\io\ktor\utils\p131io\AbstractC3470h.java"	"540"	".java"
"FkWeChat_1.2.6-jadx"	"sources\io\ktor\utils\p131io\AbstractC3472j.java"	"59832"	".java"
"FkWeChat_1.2.6-jadx"	"sources\io\ktor\utils\p131io\AbstractC3474l.java"	"2052"	".java"
"FkWeChat_1.2.6-jadx"	"sources\io\ktor\utils\p131io\AbstractC3476n.java"	"14735"	".java"
"FkWeChat_1.2.6-jadx"	"sources\io\ktor\utils\p131io\AbstractC3477o.java"	"3113"	".java"
"FkWeChat_1.2.6-jadx"	"sources\io\ktor\utils\p131io\AbstractC3480r.java"	"610"	".java"
"FkWeChat_1.2.6-jadx"	"sources\io\ktor\utils\p131io\AbstractC3482t.java"	"492"	".java"
"FkWeChat_1.2.6-jadx"	"sources\io\ktor\utils\p131io\AbstractC3488z.java"	"480"	".java"
"FkWeChat_1.2.6-jadx"	"sources\io\ktor\utils\p131io\C3456a.java"	"23522"	".java"
"FkWeChat_1.2.6-jadx"	"sources\io\ktor\utils\p131io\C3459b0.java"	"4053"	".java"
"FkWeChat_1.2.6-jadx"	"sources\io\ktor\utils\p131io\C3460c.java"	"9648"	".java"
"FkWeChat_1.2.6-jadx"	"sources\io\ktor\utils\p131io\C3461c0.java"	"4965"	".java"
"FkWeChat_1.2.6-jadx"	"sources\io\ktor\utils\p131io\C3463d0.java"	"1025"	".java"
"FkWeChat_1.2.6-jadx"	"sources\io\ktor\utils\p131io\C3465e0.java"	"2299"	".java"
"FkWeChat_1.2.6-jadx"	"sources\io\ktor\utils\p131io\C3467f0.java"	"1042"	".java"
"FkWeChat_1.2.6-jadx"	"sources\io\ktor\utils\p131io\C3469g0.java"	"1025"	".java"
"FkWeChat_1.2.6-jadx"	"sources\io\ktor\utils\p131io\C3479q.java"	"4791"	".java"
"FkWeChat_1.2.6-jadx"	"sources\io\ktor\utils\p131io\C3481s.java"	"2443"	".java"
"FkWeChat_1.2.6-jadx"	"sources\io\ktor\utils\p131io\C3483u.java"	"411"	".java"
"FkWeChat_1.2.6-jadx"	"sources\io\ktor\utils\p131io\C3484v.java"	"344"	".java"
"FkWeChat_1.2.6-jadx"	"sources\io\ktor\utils\p131io\C3485w.java"	"520"	".java"
"FkWeChat_1.2.6-jadx"	"sources\io\ktor\utils\p131io\C3486x.java"	"524"	".java"
"FkWeChat_1.2.6-jadx"	"sources\io\ktor\utils\p131io\C3487y.java"	"5523"	".java"
"FkWeChat_1.2.6-jadx"	"sources\io\ktor\utils\p131io\InterfaceC3468g.java"	"3774"	".java"
"FkWeChat_1.2.6-jadx"	"sources\io\ktor\utils\p131io\InterfaceC3473k.java"	"742"	".java"
"FkWeChat_1.2.6-jadx"	"sources\io\ktor\utils\p131io\InterfaceC3478p.java"	"377"	".java"
"FkWeChat_1.2.6-jadx"	"sources\je\AbstractC3858b.java"	"849"	".java"
"FkWeChat_1.2.6-jadx"	"sources\je\C3857a.java"	"553"	".java"
"FkWeChat_1.2.6-jadx"	"sources\ke\C4264a.java"	"119834"	".java"
"FkWeChat_1.2.6-jadx"	"sources\kotlin\coroutines\jvm\internal\DebugProbesKt.java"	"2073"	".java"
"FkWeChat_1.2.6-jadx"	"sources\kotlin\Metadata.java"	"3460"	".java"
"FkWeChat_1.2.6-jadx"	"sources\la\AbstractC4721a.java"	"5165"	".java"
"FkWeChat_1.2.6-jadx"	"sources\la\AbstractC4722b.java"	"14413"	".java"
"FkWeChat_1.2.6-jadx"	"sources\la\AbstractC4726f.java"	"884"	".java"
"FkWeChat_1.2.6-jadx"	"sources\la\AbstractC4727g.java"	"10251"	".java"
"FkWeChat_1.2.6-jadx"	"sources\la\AbstractC4730j.java"	"714"	".java"
"FkWeChat_1.2.6-jadx"	"sources\la\C4723c.java"	"2870"	".java"
"FkWeChat_1.2.6-jadx"	"sources\la\C4725e.java"	"3704"	".java"
"FkWeChat_1.2.6-jadx"	"sources\la\C4728h.java"	"1603"	".java"
"FkWeChat_1.2.6-jadx"	"sources\la\C4729i.java"	"1645"	".java"
"FkWeChat_1.2.6-jadx"	"sources\la\InterfaceC4724d.java"	"418"	".java"
"FkWeChat_1.2.6-jadx"	"sources\lb\AbstractC4734d.java"	"17878"	".java"
"FkWeChat_1.2.6-jadx"	"sources\lb\C4731a.java"	"497"	".java"
"FkWeChat_1.2.6-jadx"	"sources\lb\C4732b.java"	"514"	".java"
"FkWeChat_1.2.6-jadx"	"sources\lb\C4733c.java"	"514"	".java"
"FkWeChat_1.2.6-jadx"	"sources\lc\AbstractC4740f.java"	"1753"	".java"
"FkWeChat_1.2.6-jadx"	"sources\lc\AbstractC4741g.java"	"323"	".java"
"FkWeChat_1.2.6-jadx"	"sources\lc\AbstractC4744j.java"	"1776"	".java"
"FkWeChat_1.2.6-jadx"	"sources\lc\AbstractRunnableC4742h.java"	"611"	".java"
"FkWeChat_1.2.6-jadx"	"sources\lc\C4737c.java"	"1157"	".java"
"FkWeChat_1.2.6-jadx"	"sources\lc\C4738d.java"	"329"	".java"
"FkWeChat_1.2.6-jadx"	"sources\lc\C4739e.java"	"503"	".java"
"FkWeChat_1.2.6-jadx"	"sources\lc\C4743i.java"	"829"	".java"
"FkWeChat_1.2.6-jadx"	"sources\lc\C4745k.java"	"1293"	".java"
"FkWeChat_1.2.6-jadx"	"sources\lc\C4746l.java"	"8706"	".java"
"FkWeChat_1.2.6-jadx"	"sources\lc\ExecutorC4735a.java"	"34620"	".java"
"FkWeChat_1.2.6-jadx"	"sources\lc\ExecutorC4736b.java"	"1991"	".java"
"FkWeChat_1.2.6-jadx"	"sources\ma\AbstractC5140a.java"	"89235"	".java"
"FkWeChat_1.2.6-jadx"	"sources\mc\InterfaceC5145a.java"	"312"	".java"
"FkWeChat_1.2.6-jadx"	"sources\md\AbstractC5161p.java"	"20748"	".java"
"FkWeChat_1.2.6-jadx"	"sources\md\C5146a.java"	"665"	".java"
"FkWeChat_1.2.6-jadx"	"sources\md\C5147b.java"	"665"	".java"
"FkWeChat_1.2.6-jadx"	"sources\md\C5148c.java"	"665"	".java"
"FkWeChat_1.2.6-jadx"	"sources\md\C5149d.java"	"665"	".java"
"FkWeChat_1.2.6-jadx"	"sources\md\C5150e.java"	"665"	".java"
"FkWeChat_1.2.6-jadx"	"sources\md\C5151f.java"	"665"	".java"
"FkWeChat_1.2.6-jadx"	"sources\md\C5152g.java"	"665"	".java"
"FkWeChat_1.2.6-jadx"	"sources\md\C5159n.java"	"3555"	".java"
"FkWeChat_1.2.6-jadx"	"sources\md\C5160o.java"	"477"	".java"
"FkWeChat_1.2.6-jadx"	"sources\md\InterfaceC5153h.java"	"263"	".java"
"FkWeChat_1.2.6-jadx"	"sources\md\InterfaceC5154i.java"	"600"	".java"
"FkWeChat_1.2.6-jadx"	"sources\md\InterfaceC5155j.java"	"1983"	".java"
"FkWeChat_1.2.6-jadx"	"sources\md\InterfaceC5156k.java"	"333"	".java"
"FkWeChat_1.2.6-jadx"	"sources\me\AbstractC5166e.java"	"10878"	".java"
"FkWeChat_1.2.6-jadx"	"sources\me\AbstractC5170i.java"	"8624"	".java"
"FkWeChat_1.2.6-jadx"	"sources\me\C5163b.java"	"4620"	".java"
"FkWeChat_1.2.6-jadx"	"sources\me\C5164c.java"	"6302"	".java"
"FkWeChat_1.2.6-jadx"	"sources\me\C5165d.java"	"6137"	".java"
"FkWeChat_1.2.6-jadx"	"sources\me\C5168g.java"	"1822"	".java"
"FkWeChat_1.2.6-jadx"	"sources\me\C5169h.java"	"2696"	".java"
"FkWeChat_1.2.6-jadx"	"sources\me\InterfaceC5162a.java"	"753"	".java"
"FkWeChat_1.2.6-jadx"	"sources\me\InterfaceC5167f.java"	"325"	".java"
"FkWeChat_1.2.6-jadx"	"sources\me\yun\fkwechat\core\config\AppConfig.java"	"4205"	".java"
"FkWeChat_1.2.6-jadx"	"sources\me\yun\fkwechat\core\config\AppMetadata.java"	"3921"	".java"
"FkWeChat_1.2.6-jadx"	"sources\me\yun\fkwechat\core\config\C5179a.java"	"588"	".java"
"FkWeChat_1.2.6-jadx"	"sources\me\yun\fkwechat\core\config\ConfigRepo.java"	"1354"	".java"
"FkWeChat_1.2.6-jadx"	"sources\me\yun\fkwechat\core\config\Constants.java"	"2164"	".java"
"FkWeChat_1.2.6-jadx"	"sources\me\yun\fkwechat\core\config\ControlManager.java"	"26636"	".java"
"FkWeChat_1.2.6-jadx"	"sources\me\yun\fkwechat\core\config\LicData.java"	"2470"	".java"
"FkWeChat_1.2.6-jadx"	"sources\me\yun\fkwechat\loader\api\HookEngine.java"	"6850"	".java"
"FkWeChat_1.2.6-jadx"	"sources\me\yun\fkwechat\loader\driver\C5180a.java"	"722"	".java"
"FkWeChat_1.2.6-jadx"	"sources\me\yun\fkwechat\loader\driver\C5181b.java"	"1001"	".java"
"FkWeChat_1.2.6-jadx"	"sources\me\yun\fkwechat\loader\driver\C5182c.java"	"2012"	".java"
"FkWeChat_1.2.6-jadx"	"sources\me\yun\fkwechat\loader\driver\C5183d.java"	"4617"	".java"
"FkWeChat_1.2.6-jadx"	"sources\me\yun\fkwechat\loader\driver\C5184e.java"	"4613"	".java"
"FkWeChat_1.2.6-jadx"	"sources\me\yun\fkwechat\loader\driver\C5185f.java"	"913"	".java"
"FkWeChat_1.2.6-jadx"	"sources\me\yun\fkwechat\loader\driver\C5186g.java"	"1308"	".java"
"FkWeChat_1.2.6-jadx"	"sources\me\yun\fkwechat\loader\driver\HookProviderZygisk.java"	"15759"	".java"
"FkWeChat_1.2.6-jadx"	"sources\me\yun\fkwechat\loader\entry\Xp102Entry.java"	"1375"	".java"
"FkWeChat_1.2.6-jadx"	"sources\me\yun\fkwechat\loader\entry\Xp82Entry.java"	"1403"	".java"
"FkWeChat_1.2.6-jadx"	"sources\me\yun\fkwechat\loader\entry\ZygiskEntry.java"	"2413"	".java"
"FkWeChat_1.2.6-jadx"	"sources\me\yun\fkwechat\loader\LoaderCore.java"	"2904"	".java"
"FkWeChat_1.2.6-jadx"	"sources\me\yun\fkwechat\p188ui\activity\MainActivity.java"	"3646"	".java"
"FkWeChat_1.2.6-jadx"	"sources\me\yun\fkwechat\p188ui\activity\ManagerActivity.java"	"5625"	".java"
"FkWeChat_1.2.6-jadx"	"sources\me\yun\fkwechat\R.java"	"14035"	".java"
"FkWeChat_1.2.6-jadx"	"sources\me\yun\silk\SilkCodec.java"	"1252"	".java"
"FkWeChat_1.2.6-jadx"	"sources\na\AbstractC5526a.java"	"6091"	".java"
"FkWeChat_1.2.6-jadx"	"sources\na\AbstractC5529d.java"	"4695"	".java"
"FkWeChat_1.2.6-jadx"	"sources\na\AbstractC5531f.java"	"5855"	".java"
"FkWeChat_1.2.6-jadx"	"sources\na\AbstractC5532g.java"	"942"	".java"
"FkWeChat_1.2.6-jadx"	"sources\na\AbstractC5534i.java"	"845"	".java"
"FkWeChat_1.2.6-jadx"	"sources\na\C5527b.java"	"4304"	".java"
"FkWeChat_1.2.6-jadx"	"sources\na\C5528c.java"	"963"	".java"
"FkWeChat_1.2.6-jadx"	"sources\na\C5530e.java"	"1015"	".java"
"FkWeChat_1.2.6-jadx"	"sources\na\C5533h.java"	"9399"	".java"
"FkWeChat_1.2.6-jadx"	"sources\nc\AbstractC5568g.java"	"888"	".java"
"FkWeChat_1.2.6-jadx"	"sources\nc\AbstractC5571j.java"	"1228"	".java"
"FkWeChat_1.2.6-jadx"	"sources\nc\C5570i.java"	"12557"	".java"
"FkWeChat_1.2.6-jadx"	"sources\nc\C5572k.java"	"1335"	".java"
"FkWeChat_1.2.6-jadx"	"sources\nc\InterfaceC5562a.java"	"2365"	".java"
"FkWeChat_1.2.6-jadx"	"sources\ne\AbstractC5591c.java"	"3330"	".java"
"FkWeChat_1.2.6-jadx"	"sources\ne\C5589a.java"	"19757"	".java"
"FkWeChat_1.2.6-jadx"	"sources\ne\InterfaceC5590b.java"	"855"	".java"
"FkWeChat_1.2.6-jadx"	"sources\okhttp3\Address.java"	"12668"	".java"
"FkWeChat_1.2.6-jadx"	"sources\okhttp3\Authenticator.java"	"3408"	".java"
"FkWeChat_1.2.6-jadx"	"sources\okhttp3\C5750e.java"	"412"	".java"
"FkWeChat_1.2.6-jadx"	"sources\okhttp3\C5751f.java"	"457"	".java"
"FkWeChat_1.2.6-jadx"	"sources\okhttp3\C5752g.java"	"520"	".java"
"FkWeChat_1.2.6-jadx"	"sources\okhttp3\C5753h.java"	"447"	".java"
"FkWeChat_1.2.6-jadx"	"sources\okhttp3\C5754i.java"	"470"	".java"
"FkWeChat_1.2.6-jadx"	"sources\okhttp3\C5792j.java"	"557"	".java"
"FkWeChat_1.2.6-jadx"	"sources\okhttp3\C5793k.java"	"444"	".java"
"FkWeChat_1.2.6-jadx"	"sources\okhttp3\C5794l.java"	"553"	".java"
"FkWeChat_1.2.6-jadx"	"sources\okhttp3\CacheControl.java"	"20569"	".java"
"FkWeChat_1.2.6-jadx"	"sources\okhttp3\Call.java"	"4167"	".java"
"FkWeChat_1.2.6-jadx"	"sources\okhttp3\Callback.java"	"1311"	".java"
"FkWeChat_1.2.6-jadx"	"sources\okhttp3\CertificatePinner.java"	"24552"	".java"
"FkWeChat_1.2.6-jadx"	"sources\okhttp3\Challenge.java"	"6415"	".java"
"FkWeChat_1.2.6-jadx"	"sources\okhttp3\CipherSuite.java"	"40304"	".java"
"FkWeChat_1.2.6-jadx"	"sources\okhttp3\CompressionInterceptor.java"	"5903"	".java"
"FkWeChat_1.2.6-jadx"	"sources\okhttp3\Connection.java"	"1048"	".java"
"FkWeChat_1.2.6-jadx"	"sources\okhttp3\ConnectionPool.java"	"5871"	".java"
"FkWeChat_1.2.6-jadx"	"sources\okhttp3\ConnectionSpec.java"	"21987"	".java"
"FkWeChat_1.2.6-jadx"	"sources\okhttp3\Cookie.java"	"34572"	".java"
"FkWeChat_1.2.6-jadx"	"sources\okhttp3\CookieJar.java"	"3941"	".java"
"FkWeChat_1.2.6-jadx"	"sources\okhttp3\Credentials.java"	"1830"	".java"
"FkWeChat_1.2.6-jadx"	"sources\okhttp3\Dispatcher.java"	"17975"	".java"
"FkWeChat_1.2.6-jadx"	"sources\okhttp3\Dns.java"	"3583"	".java"
"FkWeChat_1.2.6-jadx"	"sources\okhttp3\EventListener.java"	"33327"	".java"
"FkWeChat_1.2.6-jadx"	"sources\okhttp3\FormBody.java"	"8665"	".java"
"FkWeChat_1.2.6-jadx"	"sources\okhttp3\Gzip.java"	"1723"	".java"
"FkWeChat_1.2.6-jadx"	"sources\okhttp3\Handshake.java"	"15500"	".java"
"FkWeChat_1.2.6-jadx"	"sources\okhttp3\Headers.java"	"17699"	".java"
"FkWeChat_1.2.6-jadx"	"sources\okhttp3\HttpUrl.java"	"74971"	".java"
"FkWeChat_1.2.6-jadx"	"sources\okhttp3\Interceptor.java"	"4757"	".java"
"FkWeChat_1.2.6-jadx"	"sources\okhttp3\internal\_CacheControlCommonKt.java"	"7564"	".java"
"FkWeChat_1.2.6-jadx"	"sources\okhttp3\internal\_HeadersCommonKt.java"	"15905"	".java"
"FkWeChat_1.2.6-jadx"	"sources\okhttp3\internal\_HostnamesCommonKt.java"	"14506"	".java"
"FkWeChat_1.2.6-jadx"	"sources\okhttp3\internal\_InternalVersionKt.java"	"619"	".java"
"FkWeChat_1.2.6-jadx"	"sources\okhttp3\internal\_NormalizeJvmKt.java"	"859"	".java"
"FkWeChat_1.2.6-jadx"	"sources\okhttp3\internal\_UtilCommonKt.java"	"24691"	".java"
"FkWeChat_1.2.6-jadx"	"sources\okhttp3\internal\_UtilJvmKt.java"	"23450"	".java"
"FkWeChat_1.2.6-jadx"	"sources\okhttp3\internal\authenticator\JavaNetAuthenticator.java"	"6291"	".java"
"FkWeChat_1.2.6-jadx"	"sources\okhttp3\internal\C5757c.java"	"479"	".java"
"FkWeChat_1.2.6-jadx"	"sources\okhttp3\internal\cache\CacheInterceptorKt.java"	"1092"	".java"
"FkWeChat_1.2.6-jadx"	"sources\okhttp3\internal\cache\CacheRequest.java"	"927"	".java"
"FkWeChat_1.2.6-jadx"	"sources\okhttp3\internal\cache\FaultHidingSink.java"	"3683"	".java"
"FkWeChat_1.2.6-jadx"	"sources\okhttp3\internal\cache2\FileOperator.java"	"2670"	".java"
"FkWeChat_1.2.6-jadx"	"sources\okhttp3\internal\cache2\Relay.java"	"21421"	".java"
"FkWeChat_1.2.6-jadx"	"sources\okhttp3\internal\concurrent\Lockable.java"	"572"	".java"
"FkWeChat_1.2.6-jadx"	"sources\okhttp3\internal\concurrent\LockableKt.java"	"3843"	".java"
"FkWeChat_1.2.6-jadx"	"sources\okhttp3\internal\concurrent\Task.java"	"3969"	".java"
"FkWeChat_1.2.6-jadx"	"sources\okhttp3\internal\concurrent\TaskLoggerKt.java"	"5459"	".java"
"FkWeChat_1.2.6-jadx"	"sources\okhttp3\internal\concurrent\TaskQueue.java"	"15870"	".java"
"FkWeChat_1.2.6-jadx"	"sources\okhttp3\internal\concurrent\TaskRunner.java"	"24316"	".java"
"FkWeChat_1.2.6-jadx"	"sources\okhttp3\internal\connection\AddressPolicy.java"	"1910"	".java"
"FkWeChat_1.2.6-jadx"	"sources\okhttp3\internal\connection\BufferedSocket.java"	"1481"	".java"
"FkWeChat_1.2.6-jadx"	"sources\okhttp3\internal\connection\BufferedSocketKt.java"	"2500"	".java"
"FkWeChat_1.2.6-jadx"	"sources\okhttp3\internal\connection\ConnectionListener.java"	"4837"	".java"
"FkWeChat_1.2.6-jadx"	"sources\okhttp3\internal\connection\ExchangeFinder.java"	"1029"	".java"
"FkWeChat_1.2.6-jadx"	"sources\okhttp3\internal\connection\FailedPlan.java"	"3697"	".java"
"FkWeChat_1.2.6-jadx"	"sources\okhttp3\internal\connection\InetAddressOrderKt.java"	"1734"	".java"
"FkWeChat_1.2.6-jadx"	"sources\okhttp3\internal\connection\RealCall.java"	"42335"	".java"
"FkWeChat_1.2.6-jadx"	"sources\okhttp3\internal\connection\RealConnection.java"	"32267"	".java"
"FkWeChat_1.2.6-jadx"	"sources\okhttp3\internal\connection\RealConnectionPool.java"	"17965"	".java"
"FkWeChat_1.2.6-jadx"	"sources\okhttp3\internal\connection\RetryTlsHandshakeKt.java"	"1495"	".java"
"FkWeChat_1.2.6-jadx"	"sources\okhttp3\internal\connection\ReusePlan.java"	"3799"	".java"
"FkWeChat_1.2.6-jadx"	"sources\okhttp3\internal\connection\RouteDatabase.java"	"2404"	".java"
"FkWeChat_1.2.6-jadx"	"sources\okhttp3\internal\connection\RoutePlanner.java"	"10333"	".java"
"FkWeChat_1.2.6-jadx"	"sources\okhttp3\internal\connection\SequentialExchangeFinder.java"	"3059"	".java"
"FkWeChat_1.2.6-jadx"	"sources\okhttp3\internal\EmptyTags.java"	"1977"	".java"
"FkWeChat_1.2.6-jadx"	"sources\okhttp3\internal\http\DateFormattingKt.java"	"5044"	".java"
"FkWeChat_1.2.6-jadx"	"sources\okhttp3\internal\http\ExchangeCodec.java"	"6166"	".java"
"FkWeChat_1.2.6-jadx"	"sources\okhttp3\internal\http\GzipRequestBody.java"	"3097"	".java"
"FkWeChat_1.2.6-jadx"	"sources\okhttp3\internal\http\HttpMethod.java"	"2935"	".java"
"FkWeChat_1.2.6-jadx"	"sources\okhttp3\internal\http\HttpStatusCodesKt.java"	"1506"	".java"
"FkWeChat_1.2.6-jadx"	"sources\okhttp3\internal\http\RealResponseBody.java"	"2814"	".java"
"FkWeChat_1.2.6-jadx"	"sources\okhttp3\internal\http\RequestLine.java"	"2536"	".java"
"FkWeChat_1.2.6-jadx"	"sources\okhttp3\internal\http\StatusLine.java"	"5892"	".java"
"FkWeChat_1.2.6-jadx"	"sources\okhttp3\internal\http1\HeadersReader.java"	"2370"	".java"
"FkWeChat_1.2.6-jadx"	"sources\okhttp3\internal\http2\C5772a.java"	"501"	".java"
"FkWeChat_1.2.6-jadx"	"sources\okhttp3\internal\http2\ConnectionShutdownException.java"	"660"	".java"
"FkWeChat_1.2.6-jadx"	"sources\okhttp3\internal\http2\ErrorCode.java"	"5455"	".java"
"FkWeChat_1.2.6-jadx"	"sources\okhttp3\internal\http2\flowcontrol\WindowCounter.java"	"3554"	".java"
"FkWeChat_1.2.6-jadx"	"sources\okhttp3\internal\http2\FlowControlListener.java"	"3394"	".java"
"FkWeChat_1.2.6-jadx"	"sources\okhttp3\internal\http2\Header.java"	"5764"	".java"
"FkWeChat_1.2.6-jadx"	"sources\okhttp3\internal\http2\Hpack.java"	"34128"	".java"
"FkWeChat_1.2.6-jadx"	"sources\okhttp3\internal\http2\Http2.java"	"9144"	".java"
"FkWeChat_1.2.6-jadx"	"sources\okhttp3\internal\http2\Huffman.java"	"11622"	".java"
"FkWeChat_1.2.6-jadx"	"sources\okhttp3\internal\http2\PushObserver.java"	"6304"	".java"
"FkWeChat_1.2.6-jadx"	"sources\okhttp3\internal\http2\Settings.java"	"4956"	".java"
"FkWeChat_1.2.6-jadx"	"sources\okhttp3\internal\http2\StreamResetException.java"	"1201"	".java"
"FkWeChat_1.2.6-jadx"	"sources\okhttp3\internal\idn\IdnaMappingTable.java"	"7032"	".java"
"FkWeChat_1.2.6-jadx"	"sources\okhttp3\internal\idn\IdnaMappingTableInstanceKt.java"	"63781"	".java"
"FkWeChat_1.2.6-jadx"	"sources\okhttp3\internal\idn\IdnaMappingTableKt.java"	"1957"	".java"
"FkWeChat_1.2.6-jadx"	"sources\okhttp3\internal\idn\Punycode.java"	"16673"	".java"
"FkWeChat_1.2.6-jadx"	"sources\okhttp3\internal\Internal.java"	"8542"	".java"
"FkWeChat_1.2.6-jadx"	"sources\okhttp3\internal\IsProbablyUtf8Kt.java"	"1810"	".java"
"FkWeChat_1.2.6-jadx"	"sources\okhttp3\internal\LinkedTags.java"	"4884"	".java"
"FkWeChat_1.2.6-jadx"	"sources\okhttp3\internal\p218ws\MessageDeflater.java"	"4075"	".java"
"FkWeChat_1.2.6-jadx"	"sources\okhttp3\internal\p218ws\MessageDeflaterKt.java"	"1008"	".java"
"FkWeChat_1.2.6-jadx"	"sources\okhttp3\internal\p218ws\MessageInflater.java"	"3805"	".java"
"FkWeChat_1.2.6-jadx"	"sources\okhttp3\internal\p218ws\MessageInflaterKt.java"	"651"	".java"
"FkWeChat_1.2.6-jadx"	"sources\okhttp3\internal\p218ws\WebSocketExtensions.java"	"14792"	".java"
"FkWeChat_1.2.6-jadx"	"sources\okhttp3\internal\p218ws\WebSocketProtocol.java"	"6891"	".java"
"FkWeChat_1.2.6-jadx"	"sources\okhttp3\internal\p218ws\WebSocketReader.java"	"15837"	".java"
"FkWeChat_1.2.6-jadx"	"sources\okhttp3\internal\p218ws\WebSocketWriter.java"	"10358"	".java"
"FkWeChat_1.2.6-jadx"	"sources\okhttp3\internal\platform\android\AbstractC5785a.java"	"325"	".java"
"FkWeChat_1.2.6-jadx"	"sources\okhttp3\internal\platform\android\AbstractC5786b.java"	"325"	".java"
"FkWeChat_1.2.6-jadx"	"sources\okhttp3\internal\platform\android\Android10SocketAdapter.java"	"5845"	".java"
"FkWeChat_1.2.6-jadx"	"sources\okhttp3\internal\platform\android\AndroidCertificateChainCleaner.java"	"5729"	".java"
"FkWeChat_1.2.6-jadx"	"sources\okhttp3\internal\platform\android\AndroidLog.java"	"6478"	".java"
"FkWeChat_1.2.6-jadx"	"sources\okhttp3\internal\platform\android\AndroidLogHandler.java"	"1947"	".java"
"FkWeChat_1.2.6-jadx"	"sources\okhttp3\internal\platform\android\AndroidLogKt.java"	"1188"	".java"
"FkWeChat_1.2.6-jadx"	"sources\okhttp3\internal\platform\android\AndroidSocketAdapter.java"	"10440"	".java"
"FkWeChat_1.2.6-jadx"	"sources\okhttp3\internal\platform\android\BouncyCastleSocketAdapter.java"	"6916"	".java"
"FkWeChat_1.2.6-jadx"	"sources\okhttp3\internal\platform\android\ConscryptSocketAdapter.java"	"7720"	".java"
"FkWeChat_1.2.6-jadx"	"sources\okhttp3\internal\platform\android\DeferredSocketAdapter.java"	"5981"	".java"
"FkWeChat_1.2.6-jadx"	"sources\okhttp3\internal\platform\android\SocketAdapter.java"	"3701"	".java"
"FkWeChat_1.2.6-jadx"	"sources\okhttp3\internal\platform\android\StandardAndroidSocketAdapter.java"	"5547"	".java"
"FkWeChat_1.2.6-jadx"	"sources\okhttp3\internal\platform\Android10Platform.java"	"12878"	".java"
"FkWeChat_1.2.6-jadx"	"sources\okhttp3\internal\platform\AndroidPlatform.java"	"18956"	".java"
"FkWeChat_1.2.6-jadx"	"sources\okhttp3\internal\platform\ContextAwarePlatform.java"	"1044"	".java"
"FkWeChat_1.2.6-jadx"	"sources\okhttp3\internal\platform\Jdk9Platform.java"	"6911"	".java"
"FkWeChat_1.2.6-jadx"	"sources\okhttp3\internal\platform\Platform.java"	"17752"	".java"
"FkWeChat_1.2.6-jadx"	"sources\okhttp3\internal\platform\PlatformInitializer.java"	"1779"	".java"
"FkWeChat_1.2.6-jadx"	"sources\okhttp3\internal\platform\PlatformRegistry.java"	"2898"	".java"
"FkWeChat_1.2.6-jadx"	"sources\okhttp3\internal\proxy\NullProxySelector.java"	"2186"	".java"
"FkWeChat_1.2.6-jadx"	"sources\okhttp3\internal\publicsuffix\AssetPublicSuffixList.java"	"4433"	".java"
"FkWeChat_1.2.6-jadx"	"sources\okhttp3\internal\publicsuffix\BasePublicSuffixList.java"	"6455"	".java"
"FkWeChat_1.2.6-jadx"	"sources\okhttp3\internal\publicsuffix\PublicSuffixDatabase.java"	"12077"	".java"
"FkWeChat_1.2.6-jadx"	"sources\okhttp3\internal\publicsuffix\PublicSuffixList.java"	"1979"	".java"
"FkWeChat_1.2.6-jadx"	"sources\okhttp3\internal\publicsuffix\PublicSuffixList_androidKt.java"	"1074"	".java"
"FkWeChat_1.2.6-jadx"	"sources\okhttp3\internal\publicsuffix\ResourcePublicSuffixList.java"	"2844"	".java"
"FkWeChat_1.2.6-jadx"	"sources\okhttp3\internal\SuppressSignatureCheck.java"	"911"	".java"
"FkWeChat_1.2.6-jadx"	"sources\okhttp3\internal\Tags.java"	"1595"	".java"
"FkWeChat_1.2.6-jadx"	"sources\okhttp3\internal\TagsKt.java"	"1930"	".java"
"FkWeChat_1.2.6-jadx"	"sources\okhttp3\internal\tls\BasicCertificateChainCleaner.java"	"5634"	".java"
"FkWeChat_1.2.6-jadx"	"sources\okhttp3\internal\tls\BasicTrustRootIndex.java"	"3912"	".java"
"FkWeChat_1.2.6-jadx"	"sources\okhttp3\internal\tls\CertificateChainCleaner.java"	"3296"	".java"
"FkWeChat_1.2.6-jadx"	"sources\okhttp3\internal\tls\OkHostnameVerifier.java"	"8375"	".java"
"FkWeChat_1.2.6-jadx"	"sources\okhttp3\internal\tls\TrustRootIndex.java"	"902"	".java"
"FkWeChat_1.2.6-jadx"	"sources\okhttp3\internal\UnreadableResponseBody.java"	"3773"	".java"
"FkWeChat_1.2.6-jadx"	"sources\okhttp3\internal\UnreadableResponseBodyKt.java"	"781"	".java"
"FkWeChat_1.2.6-jadx"	"sources\okhttp3\internal\url\_UrlKt.java"	"13121"	".java"
"FkWeChat_1.2.6-jadx"	"sources\okhttp3\MediaType.java"	"11475"	".java"
"FkWeChat_1.2.6-jadx"	"sources\okhttp3\OkHttp.java"	"1701"	".java"
"FkWeChat_1.2.6-jadx"	"sources\okhttp3\OkHttpClient.java"	"85881"	".java"
"FkWeChat_1.2.6-jadx"	"sources\okhttp3\Protocol.java"	"5744"	".java"
"FkWeChat_1.2.6-jadx"	"sources\okhttp3\Request.java"	"28063"	".java"
"FkWeChat_1.2.6-jadx"	"sources\okhttp3\RequestBody.java"	"20091"	".java"
"FkWeChat_1.2.6-jadx"	"sources\okhttp3\Response.java"	"37169"	".java"
"FkWeChat_1.2.6-jadx"	"sources\okhttp3\ResponseBody.java"	"31981"	".java"
"FkWeChat_1.2.6-jadx"	"sources\okhttp3\Route.java"	"5907"	".java"
"FkWeChat_1.2.6-jadx"	"sources\okhttp3\TlsVersion.java"	"5689"	".java"
"FkWeChat_1.2.6-jadx"	"sources\okhttp3\TrailersSource.java"	"2537"	".java"
"FkWeChat_1.2.6-jadx"	"sources\okhttp3\WebSocket.java"	"2742"	".java"
"FkWeChat_1.2.6-jadx"	"sources\okhttp3\WebSocketListener.java"	"3178"	".java"
"FkWeChat_1.2.6-jadx"	"sources\okio\AbstractC5795a.java"	"27928"	".java"
"FkWeChat_1.2.6-jadx"	"sources\okio\C5796b.java"	"6756"	".java"
"FkWeChat_1.2.6-jadx"	"sources\okio\C5797c.java"	"12911"	".java"
"FkWeChat_1.2.6-jadx"	"sources\okio\C5798d.java"	"3629"	".java"
"FkWeChat_1.2.6-jadx"	"sources\okio\C5799e.java"	"9869"	".java"
"FkWeChat_1.2.6-jadx"	"sources\org\luckypray\dexkit\C5823a.java"	"33069"	".java"
"FkWeChat_1.2.6-jadx"	"sources\org\luckypray\dexkit\C5824b.java"	"855"	".java"
"FkWeChat_1.2.6-jadx"	"sources\org\luckypray\dexkit\C5825c.java"	"3083"	".java"
"FkWeChat_1.2.6-jadx"	"sources\org\luckypray\dexkit\DexKitBridge.java"	"51561"	".java"
"FkWeChat_1.2.6-jadx"	"sources\org\luckypray\dexkit\util\NativeReflect.java"	"2167"	".java"
"FkWeChat_1.2.6-jadx"	"sources\p000a\AbstractC0001b.java"	"661"	".java"
"FkWeChat_1.2.6-jadx"	"sources\p000a\AbstractC0002c.java"	"248"	".java"
"FkWeChat_1.2.6-jadx"	"sources\p000a\C0000a.java"	"417"	".java"
"FkWeChat_1.2.6-jadx"	"sources\p001a0\AbstractC0003a.java"	"4128"	".java"
"FkWeChat_1.2.6-jadx"	"sources\p001a0\AbstractC0005c.java"	"1172"	".java"
"FkWeChat_1.2.6-jadx"	"sources\p001a0\AbstractC0009g.java"	"1760"	".java"
"FkWeChat_1.2.6-jadx"	"sources\p001a0\C0006d.java"	"1189"	".java"
"FkWeChat_1.2.6-jadx"	"sources\p001a0\C0007e.java"	"1230"	".java"
"FkWeChat_1.2.6-jadx"	"sources\p001a0\C0008f.java"	"3270"	".java"
"FkWeChat_1.2.6-jadx"	"sources\p001a0\InterfaceC0004b.java"	"379"	".java"
"FkWeChat_1.2.6-jadx"	"sources\p002a1\AbstractC0010a.java"	"2431"	".java"
"FkWeChat_1.2.6-jadx"	"sources\p002a1\AbstractC0012c.java"	"2807"	".java"
"FkWeChat_1.2.6-jadx"	"sources\p002a1\AbstractC0023n.java"	"871"	".java"
"FkWeChat_1.2.6-jadx"	"sources\p002a1\C0013d.java"	"1073"	".java"
"FkWeChat_1.2.6-jadx"	"sources\p002a1\C0014e.java"	"595"	".java"
"FkWeChat_1.2.6-jadx"	"sources\p002a1\C0015f.java"	"11517"	".java"
"FkWeChat_1.2.6-jadx"	"sources\p002a1\C0017h.java"	"30673"	".java"
"FkWeChat_1.2.6-jadx"	"sources\p002a1\C0018i.java"	"1438"	".java"
"FkWeChat_1.2.6-jadx"	"sources\p002a1\C0019j.java"	"4080"	".java"
"FkWeChat_1.2.6-jadx"	"sources\p002a1\C0020k.java"	"756"	".java"
"FkWeChat_1.2.6-jadx"	"sources\p002a1\C0021l.java"	"6404"	".java"
"FkWeChat_1.2.6-jadx"	"sources\p002a1\C0022m.java"	"3270"	".java"
"FkWeChat_1.2.6-jadx"	"sources\p003a2\AbstractC0025b.java"	"2661"	".java"
"FkWeChat_1.2.6-jadx"	"sources\p003a2\C0026c.java"	"1325"	".java"
"FkWeChat_1.2.6-jadx"	"sources\p003a2\C0027d.java"	"2966"	".java"
"FkWeChat_1.2.6-jadx"	"sources\p003a2\InterfaceC0024a.java"	"311"	".java"
"FkWeChat_1.2.6-jadx"	"sources\p004a3\AbstractC0029a0.java"	"268"	".java"
"FkWeChat_1.2.6-jadx"	"sources\p004a3\AbstractC0032c.java"	"444"	".java"
"FkWeChat_1.2.6-jadx"	"sources\p004a3\AbstractC0034d.java"	"874"	".java"
"FkWeChat_1.2.6-jadx"	"sources\p004a3\AbstractC0035d0.java"	"1070"	".java"
"FkWeChat_1.2.6-jadx"	"sources\p004a3\AbstractC0037e0.java"	"478"	".java"
"FkWeChat_1.2.6-jadx"	"sources\p004a3\AbstractC0042h.java"	"3244"	".java"
"FkWeChat_1.2.6-jadx"	"sources\p004a3\AbstractC0048l.java"	"661"	".java"
"FkWeChat_1.2.6-jadx"	"sources\p004a3\AbstractC0049m.java"	"536"	".java"
"FkWeChat_1.2.6-jadx"	"sources\p004a3\AbstractC0057u.java"	"563"	".java"
"FkWeChat_1.2.6-jadx"	"sources\p004a3\C0028a.java"	"690"	".java"
"FkWeChat_1.2.6-jadx"	"sources\p004a3\C0030b.java"	"1136"	".java"
"FkWeChat_1.2.6-jadx"	"sources\p004a3\C0031b0.java"	"1236"	".java"
"FkWeChat_1.2.6-jadx"	"sources\p004a3\C0033c0.java"	"1864"	".java"
"FkWeChat_1.2.6-jadx"	"sources\p004a3\C0036e.java"	"1031"	".java"
"FkWeChat_1.2.6-jadx"	"sources\p004a3\C0038f.java"	"394"	".java"
"FkWeChat_1.2.6-jadx"	"sources\p004a3\C0039f0.java"	"3560"	".java"
"FkWeChat_1.2.6-jadx"	"sources\p004a3\C0043h0.java"	"2626"	".java"
"FkWeChat_1.2.6-jadx"	"sources\p004a3\C0047k.java"	"3663"	".java"
"FkWeChat_1.2.6-jadx"	"sources\p004a3\C0050n.java"	"2740"	".java"
"FkWeChat_1.2.6-jadx"	"sources\p004a3\C0051o.java"	"239"	".java"
"FkWeChat_1.2.6-jadx"	"sources\p004a3\C0052p.java"	"2498"	".java"
"FkWeChat_1.2.6-jadx"	"sources\p004a3\C0053q.java"	"3055"	".java"
"FkWeChat_1.2.6-jadx"	"sources\p004a3\C0054r.java"	"5322"	".java"
"FkWeChat_1.2.6-jadx"	"sources\p004a3\C0055s.java"	"611"	".java"
"FkWeChat_1.2.6-jadx"	"sources\p004a3\C0056t.java"	"542"	".java"
"FkWeChat_1.2.6-jadx"	"sources\p004a3\C0058v.java"	"718"	".java"
"FkWeChat_1.2.6-jadx"	"sources\p004a3\C0059w.java"	"1232"	".java"
"FkWeChat_1.2.6-jadx"	"sources\p004a3\InterfaceC0040g.java"	"246"	".java"
"FkWeChat_1.2.6-jadx"	"sources\p004a3\InterfaceC0045i0.java"	"1401"	".java"
"FkWeChat_1.2.6-jadx"	"sources\p004a3\InterfaceC0060x.java"	"306"	".java"
"FkWeChat_1.2.6-jadx"	"sources\p004a3\InterfaceC0061y.java"	"1641"	".java"
"FkWeChat_1.2.6-jadx"	"sources\p004a3\InterfaceC0062z.java"	"468"	".java"
"FkWeChat_1.2.6-jadx"	"sources\p005a4\AbstractC0063a.java"	"225"	".java"
"FkWeChat_1.2.6-jadx"	"sources\p005a4\AbstractC0064b.java"	"725"	".java"
"FkWeChat_1.2.6-jadx"	"sources\p006a5\AbstractC0066b.java"	"629"	".java"
"FkWeChat_1.2.6-jadx"	"sources\p006a5\AbstractC0068d.java"	"1898"	".java"
"FkWeChat_1.2.6-jadx"	"sources\p006a5\AbstractC0069e.java"	"1468"	".java"
"FkWeChat_1.2.6-jadx"	"sources\p006a5\C0065a.java"	"334"	".java"
"FkWeChat_1.2.6-jadx"	"sources\p006a5\C0067c.java"	"315"	".java"
"FkWeChat_1.2.6-jadx"	"sources\p007a6\AbstractC0122n.java"	"3760"	".java"
"FkWeChat_1.2.6-jadx"	"sources\p007a6\AbstractC0142s0.java"	"3092"	".java"
"FkWeChat_1.2.6-jadx"	"sources\p007a6\C0070a.java"	"2179"	".java"
"FkWeChat_1.2.6-jadx"	"sources\p008a7\AbstractC0165a.java"	"811"	".java"
"FkWeChat_1.2.6-jadx"	"sources\p008a7\AbstractC0166b.java"	"959"	".java"
"FkWeChat_1.2.6-jadx"	"sources\p008a7\AbstractC0168d.java"	"715"	".java"
"FkWeChat_1.2.6-jadx"	"sources\p008a7\C0167c.java"	"26356"	".java"
"FkWeChat_1.2.6-jadx"	"sources\p008a7\InterfaceC0169e.java"	"714"	".java"
"FkWeChat_1.2.6-jadx"	"sources\p008a7\InterfaceC0170f.java"	"380"	".java"
"FkWeChat_1.2.6-jadx"	"sources\p009a8\AbstractC0172a.java"	"1218"	".java"
"FkWeChat_1.2.6-jadx"	"sources\p010a9\InterfaceC0173a.java"	"326"	".java"
"FkWeChat_1.2.6-jadx"	"sources\p010a9\InterfaceC0174b.java"	"304"	".java"
"FkWeChat_1.2.6-jadx"	"sources\p010a9\InterfaceC0175c.java"	"304"	".java"
"FkWeChat_1.2.6-jadx"	"sources\p010a9\InterfaceC0176d.java"	"304"	".java"
"FkWeChat_1.2.6-jadx"	"sources\p010a9\InterfaceC0177e.java"	"304"	".java"
"FkWeChat_1.2.6-jadx"	"sources\p010a9\InterfaceC0178f.java"	"304"	".java"
"FkWeChat_1.2.6-jadx"	"sources\p010a9\InterfaceC0179g.java"	"304"	".java"
"FkWeChat_1.2.6-jadx"	"sources\p010a9\InterfaceC0180h.java"	"304"	".java"
"FkWeChat_1.2.6-jadx"	"sources\p010a9\InterfaceC0181i.java"	"304"	".java"
"FkWeChat_1.2.6-jadx"	"sources\p010a9\InterfaceC0182j.java"	"304"	".java"
"FkWeChat_1.2.6-jadx"	"sources\p010a9\InterfaceC0183k.java"	"304"	".java"
"FkWeChat_1.2.6-jadx"	"sources\p010a9\InterfaceC0184l.java"	"373"	".java"
"FkWeChat_1.2.6-jadx"	"sources\p010a9\InterfaceC0185m.java"	"304"	".java"
"FkWeChat_1.2.6-jadx"	"sources\p010a9\InterfaceC0186n.java"	"304"	".java"
"FkWeChat_1.2.6-jadx"	"sources\p010a9\InterfaceC0187o.java"	"304"	".java"
"FkWeChat_1.2.6-jadx"	"sources\p010a9\InterfaceC0188p.java"	"349"	".java"
"FkWeChat_1.2.6-jadx"	"sources\p010a9\InterfaceC0189q.java"	"400"	".java"
"FkWeChat_1.2.6-jadx"	"sources\p010a9\InterfaceC0190r.java"	"413"	".java"
"FkWeChat_1.2.6-jadx"	"sources\p010a9\InterfaceC0191s.java"	"426"	".java"
"FkWeChat_1.2.6-jadx"	"sources\p010a9\InterfaceC0192t.java"	"439"	".java"
"FkWeChat_1.2.6-jadx"	"sources\p010a9\InterfaceC0193u.java"	"304"	".java"
"FkWeChat_1.2.6-jadx"	"sources\p010a9\InterfaceC0194v.java"	"304"	".java"
"FkWeChat_1.2.6-jadx"	"sources\p010a9\InterfaceC0195w.java"	"304"	".java"
"FkWeChat_1.2.6-jadx"	"sources\p011aa\C0199d.java"	"1420"	".java"
"FkWeChat_1.2.6-jadx"	"sources\p011aa\C0200e.java"	"11198"	".java"
"FkWeChat_1.2.6-jadx"	"sources\p011aa\C0201f.java"	"11250"	".java"
"FkWeChat_1.2.6-jadx"	"sources\p011aa\InterfaceC0196a.java"	"542"	".java"
"FkWeChat_1.2.6-jadx"	"sources\p011aa\InterfaceC0198c.java"	"305"	".java"
"FkWeChat_1.2.6-jadx"	"sources\p011aa\InterfaceC0202g.java"	"366"	".java"
"FkWeChat_1.2.6-jadx"	"sources\p012ab\AbstractC0204a.java"	"2117"	".java"
"FkWeChat_1.2.6-jadx"	"sources\p012ab\C0205b.java"	"1205"	".java"
"FkWeChat_1.2.6-jadx"	"sources\p012ab\C0206c.java"	"1301"	".java"
"FkWeChat_1.2.6-jadx"	"sources\p012ab\C0207d.java"	"2173"	".java"
"FkWeChat_1.2.6-jadx"	"sources\p012ab\C0208e.java"	"1780"	".java"
"FkWeChat_1.2.6-jadx"	"sources\p012ab\C0212i.java"	"1585"	".java"
"FkWeChat_1.2.6-jadx"	"sources\p012ab\InterfaceC0209f.java"	"356"	".java"
"FkWeChat_1.2.6-jadx"	"sources\p012ab\InterfaceC0210g.java"	"309"	".java"
"FkWeChat_1.2.6-jadx"	"sources\p012ab\InterfaceC0211h.java"	"374"	".java"
"FkWeChat_1.2.6-jadx"	"sources\p014b\AbstractActivityC0706h.java"	"27020"	".java"
"FkWeChat_1.2.6-jadx"	"sources\p014b\AbstractC0708j.java"	"264"	".java"
"FkWeChat_1.2.6-jadx"	"sources\p014b\AbstractC0714p.java"	"1829"	".java"
"FkWeChat_1.2.6-jadx"	"sources\p014b\AbstractC0717s.java"	"1987"	".java"
"FkWeChat_1.2.6-jadx"	"sources\p014b\AbstractC0719u.java"	"308"	".java"
"FkWeChat_1.2.6-jadx"	"sources\p014b\AbstractC0720v.java"	"530"	".java"
"FkWeChat_1.2.6-jadx"	"sources\p014b\AbstractC0721w.java"	"530"	".java"
"FkWeChat_1.2.6-jadx"	"sources\p014b\AbstractDialogC0710l.java"	"5364"	".java"
"FkWeChat_1.2.6-jadx"	"sources\p014b\C0699a.java"	"1232"	".java"
"FkWeChat_1.2.6-jadx"	"sources\p014b\C0700b.java"	"1696"	".java"
"FkWeChat_1.2.6-jadx"	"sources\p014b\C0712n.java"	"2772"	".java"
"FkWeChat_1.2.6-jadx"	"sources\p014b\C0715q.java"	"20425"	".java"
"FkWeChat_1.2.6-jadx"	"sources\p014b\InterfaceC0701c.java"	"264"	".java"
"FkWeChat_1.2.6-jadx"	"sources\p014b\InterfaceC0713o.java"	"244"	".java"
"FkWeChat_1.2.6-jadx"	"sources\p014b\InterfaceC0718t.java"	"314"	".java"
"FkWeChat_1.2.6-jadx"	"sources\p015b0\AbstractC0726a3.java"	"1165"	".java"
"FkWeChat_1.2.6-jadx"	"sources\p015b0\AbstractC0733b2.java"	"691"	".java"
"FkWeChat_1.2.6-jadx"	"sources\p015b0\AbstractC0734b3.java"	"2593"	".java"
"FkWeChat_1.2.6-jadx"	"sources\p015b0\AbstractC0741c3.java"	"415"	".java"
"FkWeChat_1.2.6-jadx"	"sources\p015b0\AbstractC0747d2.java"	"675"	".java"
"FkWeChat_1.2.6-jadx"	"sources\p015b0\AbstractC0761f2.java"	"10751"	".java"
"FkWeChat_1.2.6-jadx"	"sources\p015b0\AbstractC0763f4.java"	"488"	".java"
"FkWeChat_1.2.6-jadx"	"sources\p015b0\AbstractC0768g2.java"	"2609"	".java"
"FkWeChat_1.2.6-jadx"	"sources\p015b0\AbstractC0780i0.java"	"17168"	".java"
"FkWeChat_1.2.6-jadx"	"sources\p015b0\AbstractC0783i3.java"	"3615"	".java"
"FkWeChat_1.2.6-jadx"	"sources\p015b0\AbstractC0786j.java"	"1295"	".java"
"FkWeChat_1.2.6-jadx"	"sources\p015b0\AbstractC0791j4.java"	"12130"	".java"
"FkWeChat_1.2.6-jadx"	"sources\p015b0\AbstractC0793k.java"	"423"	".java"
"FkWeChat_1.2.6-jadx"	"sources\p015b0\AbstractC0811m3.java"	"489"	".java"
"FkWeChat_1.2.6-jadx"	"sources\p015b0\AbstractC0813m5.java"	"581"	".java"
"FkWeChat_1.2.6-jadx"	"sources\p015b0\AbstractC0819n4.java"	"715"	".java"
"FkWeChat_1.2.6-jadx"	"sources\p015b0\AbstractC0834p5.java"	"561"	".java"
"FkWeChat_1.2.6-jadx"	"sources\p015b0\AbstractC0839q3.java"	"3254"	".java"
"FkWeChat_1.2.6-jadx"	"sources\p015b0\AbstractC0846r3.java"	"3325"	".java"
"FkWeChat_1.2.6-jadx"	"sources\p015b0\AbstractC0853s3.java"	"840"	".java"
"FkWeChat_1.2.6-jadx"	"sources\p015b0\AbstractC0876v5.java"	"447"	".java"
"FkWeChat_1.2.6-jadx"	"sources\p015b0\AbstractC0883w5.java"	"382"	".java"
"FkWeChat_1.2.6-jadx"	"sources\p015b0\AbstractC0889x4.java"	"936"	".java"
"FkWeChat_1.2.6-jadx"	"sources\p015b0\AbstractC0897y5.java"	"2849"	".java"
"FkWeChat_1.2.6-jadx"	"sources\p015b0\C0725a2.java"	"842"	".java"
"FkWeChat_1.2.6-jadx"	"sources\p015b0\C0755e3.java"	"2077"	".java"
"FkWeChat_1.2.6-jadx"	"sources\p015b0\C0775h2.java"	"3590"	".java"
"FkWeChat_1.2.6-jadx"	"sources\p015b0\C0789j2.java"	"4697"	".java"
"FkWeChat_1.2.6-jadx"	"sources\p015b0\C0796k2.java"	"6477"	".java"
"FkWeChat_1.2.6-jadx"	"sources\p015b0\C0815n0.java"	"7454"	".java"
"FkWeChat_1.2.6-jadx"	"sources\p015b0\C0822o0.java"	"2338"	".java"
"FkWeChat_1.2.6-jadx"	"sources\p015b0\C0827o5.java"	"4363"	".java"
"FkWeChat_1.2.6-jadx"	"sources\p015b0\C0831p2.java"	"13781"	".java"
"FkWeChat_1.2.6-jadx"	"sources\p015b0\C0838q2.java"	"4389"	".java"
"FkWeChat_1.2.6-jadx"	"sources\p015b0\C0840q4.java"	"5900"	".java"
"FkWeChat_1.2.6-jadx"	"sources\p015b0\C0841q5.java"	"1014"	".java"
"FkWeChat_1.2.6-jadx"	"sources\p015b0\C0847r4.java"	"2062"	".java"
"FkWeChat_1.2.6-jadx"	"sources\p015b0\C0848r5.java"	"462"	".java"
"FkWeChat_1.2.6-jadx"	"sources\p015b0\C0851s1.java"	"1174"	".java"
"FkWeChat_1.2.6-jadx"	"sources\p015b0\C0852s2.java"	"2189"	".java"
"FkWeChat_1.2.6-jadx"	"sources\p015b0\C0855s5.java"	"886"	".java"
"FkWeChat_1.2.6-jadx"	"sources\p015b0\C0865u1.java"	"1403"	".java"
"FkWeChat_1.2.6-jadx"	"sources\p015b0\C0869u5.java"	"5641"	".java"
"FkWeChat_1.2.6-jadx"	"sources\p015b0\C0871v0.java"	"1384"	".java"
"FkWeChat_1.2.6-jadx"	"sources\p015b0\C0878w0.java"	"1034"	".java"
"FkWeChat_1.2.6-jadx"	"sources\p015b0\C0882w4.java"	"5146"	".java"
"FkWeChat_1.2.6-jadx"	"sources\p015b0\C0890x5.java"	"1354"	".java"
"FkWeChat_1.2.6-jadx"	"sources\p015b0\C0894y2.java"	"5968"	".java"
"FkWeChat_1.2.6-jadx"	"sources\p015b0\C0901z2.java"	"3054"	".java"
"FkWeChat_1.2.6-jadx"	"sources\p015b0\EnumC0740c2.java"	"8277"	".java"
"FkWeChat_1.2.6-jadx"	"sources\p015b0\EnumC0769g3.java"	"3906"	".java"
"FkWeChat_1.2.6-jadx"	"sources\p015b0\EnumC0872v1.java"	"1683"	".java"
"FkWeChat_1.2.6-jadx"	"sources\p015b0\EnumC0879w1.java"	"1670"	".java"
"FkWeChat_1.2.6-jadx"	"sources\p015b0\InterfaceC0754e2.java"	"364"	".java"
"FkWeChat_1.2.6-jadx"	"sources\p015b0\InterfaceC0762f3.java"	"248"	".java"
"FkWeChat_1.2.6-jadx"	"sources\p015b0\InterfaceC0782i2.java"	"248"	".java"
"FkWeChat_1.2.6-jadx"	"sources\p015b0\InterfaceC0790j3.java"	"599"	".java"
"FkWeChat_1.2.6-jadx"	"sources\p015b0\InterfaceC0862t5.java"	"325"	".java"
"FkWeChat_1.2.6-jadx"	"sources\p016b1\AbstractC0905a.java"	"1513"	".java"
"FkWeChat_1.2.6-jadx"	"sources\p016b1\AbstractC0909e.java"	"3264"	".java"
"FkWeChat_1.2.6-jadx"	"sources\p016b1\AbstractC0925u.java"	"2585"	".java"
"FkWeChat_1.2.6-jadx"	"sources\p016b1\AbstractC0928x.java"	"2560"	".java"
"FkWeChat_1.2.6-jadx"	"sources\p016b1\C0906b.java"	"1812"	".java"
"FkWeChat_1.2.6-jadx"	"sources\p016b1\C0907c.java"	"1113"	".java"
"FkWeChat_1.2.6-jadx"	"sources\p016b1\C0908d.java"	"3662"	".java"
"FkWeChat_1.2.6-jadx"	"sources\p016b1\C0910f.java"	"5550"	".java"
"FkWeChat_1.2.6-jadx"	"sources\p016b1\C0911g.java"	"3508"	".java"
"FkWeChat_1.2.6-jadx"	"sources\p016b1\C0912h.java"	"1800"	".java"
"FkWeChat_1.2.6-jadx"	"sources\p016b1\C0913i.java"	"1303"	".java"
"FkWeChat_1.2.6-jadx"	"sources\p016b1\C0914j.java"	"1686"	".java"
"FkWeChat_1.2.6-jadx"	"sources\p016b1\C0915k.java"	"584"	".java"
"FkWeChat_1.2.6-jadx"	"sources\p016b1\C0916l.java"	"1368"	".java"
"FkWeChat_1.2.6-jadx"	"sources\p016b1\C0917m.java"	"584"	".java"
"FkWeChat_1.2.6-jadx"	"sources\p016b1\C0918n.java"	"1532"	".java"
"FkWeChat_1.2.6-jadx"	"sources\p016b1\C0919o.java"	"592"	".java"
"FkWeChat_1.2.6-jadx"	"sources\p016b1\C0920p.java"	"1023"	".java"
"FkWeChat_1.2.6-jadx"	"sources\p016b1\C0921q.java"	"592"	".java"
"FkWeChat_1.2.6-jadx"	"sources\p016b1\C0922r.java"	"1010"	".java"
"FkWeChat_1.2.6-jadx"	"sources\p016b1\C0923s.java"	"592"	".java"
"FkWeChat_1.2.6-jadx"	"sources\p016b1\C0924t.java"	"31167"	".java"
"FkWeChat_1.2.6-jadx"	"sources\p016b1\C0926v.java"	"632"	".java"
"FkWeChat_1.2.6-jadx"	"sources\p016b1\C0927w.java"	"480"	".java"
"FkWeChat_1.2.6-jadx"	"sources\p016b1\C0929y.java"	"796"	".java"
"FkWeChat_1.2.6-jadx"	"sources\p016b1\C0930z.java"	"480"	".java"
"FkWeChat_1.2.6-jadx"	"sources\p017b2\C0931a.java"	"2528"	".java"
"FkWeChat_1.2.6-jadx"	"sources\p017b2\C0933c.java"	"1256"	".java"
"FkWeChat_1.2.6-jadx"	"sources\p017b2\InterfaceC0932b.java"	"304"	".java"
"FkWeChat_1.2.6-jadx"	"sources\p018b3\AbstractC0936a1.java"	"5348"	".java"
"FkWeChat_1.2.6-jadx"	"sources\p018b3\AbstractC0938b0.java"	"8807"	".java"
"FkWeChat_1.2.6-jadx"	"sources\p018b3\AbstractC0941c0.java"	"1416"	".java"
"FkWeChat_1.2.6-jadx"	"sources\p018b3\AbstractC0943d.java"	"6384"	".java"
"FkWeChat_1.2.6-jadx"	"sources\p018b3\AbstractC0947e0.java"	"268"	".java"
"FkWeChat_1.2.6-jadx"	"sources\p018b3\AbstractC0950f0.java"	"268"	".java"
"FkWeChat_1.2.6-jadx"	"sources\p018b3\AbstractC0954h0.java"	"680"	".java"
"FkWeChat_1.2.6-jadx"	"sources\p018b3\AbstractC0957j.java"	"438"	".java"
"FkWeChat_1.2.6-jadx"	"sources\p018b3\AbstractC0962l0.java"	"252"	".java"
"FkWeChat_1.2.6-jadx"	"sources\p018b3\AbstractC0965n.java"	"1407"	".java"
"FkWeChat_1.2.6-jadx"	"sources\p018b3\AbstractC0971q.java"	"433"	".java"
"FkWeChat_1.2.6-jadx"	"sources\p018b3\AbstractC0973r.java"	"455"	".java"
"FkWeChat_1.2.6-jadx"	"sources\p018b3\AbstractC0980u0.java"	"1445"	".java"
"FkWeChat_1.2.6-jadx"	"sources\p018b3\AbstractC0985x.java"	"1015"	".java"
"FkWeChat_1.2.6-jadx"	"sources\p018b3\C0934a.java"	"2127"	".java"
"FkWeChat_1.2.6-jadx"	"sources\p018b3\C0937b.java"	"812"	".java"
"FkWeChat_1.2.6-jadx"	"sources\p018b3\C0939b1.java"	"1852"	".java"
"FkWeChat_1.2.6-jadx"	"sources\p018b3\C0940c.java"	"1308"	".java"
"FkWeChat_1.2.6-jadx"	"sources\p018b3\C0942c1.java"	"1457"	".java"
"FkWeChat_1.2.6-jadx"	"sources\p018b3\C0944d0.java"	"962"	".java"
"FkWeChat_1.2.6-jadx"	"sources\p018b3\C0946e.java"	"6646"	".java"
"FkWeChat_1.2.6-jadx"	"sources\p018b3\C0949f.java"	"808"	".java"
"FkWeChat_1.2.6-jadx"	"sources\p018b3\C0951g.java"	"2013"	".java"
"FkWeChat_1.2.6-jadx"	"sources\p018b3\C0952g0.java"	"1619"	".java"
"FkWeChat_1.2.6-jadx"	"sources\p018b3\C0953h.java"	"2794"	".java"
"FkWeChat_1.2.6-jadx"	"sources\p018b3\C0958j0.java"	"4769"	".java"
"FkWeChat_1.2.6-jadx"	"sources\p018b3\C0960k0.java"	"1235"	".java"
"FkWeChat_1.2.6-jadx"	"sources\p018b3\C0963m.java"	"7677"	".java"
"FkWeChat_1.2.6-jadx"	"sources\p018b3\C0967o.java"	"735"	".java"
"FkWeChat_1.2.6-jadx"	"sources\p018b3\C0968o0.java"	"1676"	".java"
"FkWeChat_1.2.6-jadx"	"sources\p018b3\C0969p.java"	"3414"	".java"
"FkWeChat_1.2.6-jadx"	"sources\p018b3\C0970p0.java"	"2485"	".java"
"FkWeChat_1.2.6-jadx"	"sources\p018b3\C0972q0.java"	"1530"	".java"
"FkWeChat_1.2.6-jadx"	"sources\p018b3\C0975s.java"	"4269"	".java"
"FkWeChat_1.2.6-jadx"	"sources\p018b3\C0977t.java"	"4456"	".java"
"FkWeChat_1.2.6-jadx"	"sources\p018b3\C0978t0.java"	"7571"	".java"
"FkWeChat_1.2.6-jadx"	"sources\p018b3\C0982v0.java"	"1953"	".java"
"FkWeChat_1.2.6-jadx"	"sources\p018b3\C0983w.java"	"3122"	".java"
"FkWeChat_1.2.6-jadx"	"sources\p018b3\C0987y.java"	"3286"	".java"
"FkWeChat_1.2.6-jadx"	"sources\p018b3\C0989z.java"	"4529"	".java"
"FkWeChat_1.2.6-jadx"	"sources\p018b3\InputConnectionC0966n0.java"	"12500"	".java"
"FkWeChat_1.2.6-jadx"	"sources\p018b3\InterfaceC0948e1.java"	"1482"	".java"
"FkWeChat_1.2.6-jadx"	"sources\p018b3\InterfaceC0955i.java"	"318"	".java"
"FkWeChat_1.2.6-jadx"	"sources\p018b3\InterfaceC0956i0.java"	"1691"	".java"
"FkWeChat_1.2.6-jadx"	"sources\p018b3\InterfaceC0964m0.java"	"1089"	".java"
"FkWeChat_1.2.6-jadx"	"sources\p018b3\InterfaceC0979u.java"	"760"	".java"
"FkWeChat_1.2.6-jadx"	"sources\p018b3\InterfaceC0981v.java"	"829"	".java"
"FkWeChat_1.2.6-jadx"	"sources\p018b3\InterfaceInputConnectionC0935a0.java"	"398"	".java"
"FkWeChat_1.2.6-jadx"	"sources\p019b4\AbstractC0991a.java"	"2013"	".java"
"FkWeChat_1.2.6-jadx"	"sources\p019b4\AbstractC0994d.java"	"310"	".java"
"FkWeChat_1.2.6-jadx"	"sources\p019b4\C0993c.java"	"751"	".java"
"FkWeChat_1.2.6-jadx"	"sources\p019b4\InterfaceC0992b.java"	"246"	".java"
"FkWeChat_1.2.6-jadx"	"sources\p020b5\C0996b.java"	"1969"	".java"
"FkWeChat_1.2.6-jadx"	"sources\p020b5\InterfaceC0995a.java"	"276"	".java"
"FkWeChat_1.2.6-jadx"	"sources\p022b7\AbstractC1004d.java"	"1974"	".java"
"FkWeChat_1.2.6-jadx"	"sources\p022b7\AbstractC1007g.java"	"1004"	".java"
"FkWeChat_1.2.6-jadx"	"sources\p022b7\C1001a.java"	"1117"	".java"
"FkWeChat_1.2.6-jadx"	"sources\p022b7\C1005e.java"	"745"	".java"
"FkWeChat_1.2.6-jadx"	"sources\p022b7\C1006f.java"	"17298"	".java"
"FkWeChat_1.2.6-jadx"	"sources\p023b8\AbstractC1011d.java"	"16454"	".java"
"FkWeChat_1.2.6-jadx"	"sources\p023b8\AbstractC1012e.java"	"1226"	".java"
"FkWeChat_1.2.6-jadx"	"sources\p023b8\AbstractC1013f.java"	"725"	".java"
"FkWeChat_1.2.6-jadx"	"sources\p023b8\AbstractC1014g.java"	"563"	".java"
"FkWeChat_1.2.6-jadx"	"sources\p023b8\AbstractC1015h.java"	"803"	".java"
"FkWeChat_1.2.6-jadx"	"sources\p023b8\AbstractC1017j.java"	"2406"	".java"
"FkWeChat_1.2.6-jadx"	"sources\p023b8\AbstractC1018k.java"	"412"	".java"
"FkWeChat_1.2.6-jadx"	"sources\p023b8\AbstractC1019l.java"	"631"	".java"
"FkWeChat_1.2.6-jadx"	"sources\p023b8\C1008a.java"	"5529"	".java"
"FkWeChat_1.2.6-jadx"	"sources\p023b8\C1009b.java"	"436"	".java"
"FkWeChat_1.2.6-jadx"	"sources\p023b8\C1010c.java"	"4209"	".java"
"FkWeChat_1.2.6-jadx"	"sources\p023b8\C1016i.java"	"608"	".java"
"FkWeChat_1.2.6-jadx"	"sources\p023b8\C1020m.java"	"712"	".java"
"FkWeChat_1.2.6-jadx"	"sources\p023b8\C1021n.java"	"868"	".java"
"FkWeChat_1.2.6-jadx"	"sources\p023b8\C1022o.java"	"8668"	".java"
"FkWeChat_1.2.6-jadx"	"sources\p024b9\AbstractC1023a.java"	"2497"	".java"
"FkWeChat_1.2.6-jadx"	"sources\p024b9\AbstractC1024a0.java"	"1241"	".java"
"FkWeChat_1.2.6-jadx"	"sources\p024b9\AbstractC1027c.java"	"449"	".java"
"FkWeChat_1.2.6-jadx"	"sources\p024b9\AbstractC1028c0.java"	"473"	".java"
"FkWeChat_1.2.6-jadx"	"sources\p024b9\AbstractC1032e0.java"	"968"	".java"
"FkWeChat_1.2.6-jadx"	"sources\p024b9\AbstractC1033f.java"	"3803"	".java"
"FkWeChat_1.2.6-jadx"	"sources\p024b9\AbstractC1034f0.java"	"412"	".java"
"FkWeChat_1.2.6-jadx"	"sources\p024b9\AbstractC1036g0.java"	"1022"	".java"
"FkWeChat_1.2.6-jadx"	"sources\p024b9\AbstractC1040i0.java"	"2312"	".java"
"FkWeChat_1.2.6-jadx"	"sources\p024b9\AbstractC1041j.java"	"3667"	".java"
"FkWeChat_1.2.6-jadx"	"sources\p024b9\AbstractC1043k.java"	"250"	".java"
"FkWeChat_1.2.6-jadx"	"sources\p024b9\AbstractC1052o0.java"	"3208"	".java"
"FkWeChat_1.2.6-jadx"	"sources\p024b9\AbstractC1053p.java"	"2974"	".java"
"FkWeChat_1.2.6-jadx"	"sources\p024b9\AbstractC1057r.java"	"515"	".java"
"FkWeChat_1.2.6-jadx"	"sources\p024b9\AbstractC1061t.java"	"2854"	".java"
"FkWeChat_1.2.6-jadx"	"sources\p024b9\AbstractC1064u0.java"	"7840"	".java"
"FkWeChat_1.2.6-jadx"	"sources\p024b9\AbstractC1065v.java"	"311"	".java"
"FkWeChat_1.2.6-jadx"	"sources\p024b9\AbstractC1066v0.java"	"2548"	".java"
"FkWeChat_1.2.6-jadx"	"sources\p024b9\AbstractC1067w.java"	"733"	".java"
"FkWeChat_1.2.6-jadx"	"sources\p024b9\AbstractC1071y.java"	"1184"	".java"
"FkWeChat_1.2.6-jadx"	"sources\p024b9\AbstractC1072z.java"	"408"	".java"
"FkWeChat_1.2.6-jadx"	"sources\p024b9\C1025b.java"	"1330"	".java"
"FkWeChat_1.2.6-jadx"	"sources\p024b9\C1026b0.java"	"522"	".java"
"FkWeChat_1.2.6-jadx"	"sources\p024b9\C1029d.java"	"334"	".java"
"FkWeChat_1.2.6-jadx"	"sources\p024b9\C1030d0.java"	"1279"	".java"
"FkWeChat_1.2.6-jadx"	"sources\p024b9\C1031e.java"	"334"	".java"
"FkWeChat_1.2.6-jadx"	"sources\p024b9\C1035g.java"	"334"	".java"
"FkWeChat_1.2.6-jadx"	"sources\p024b9\C1038h0.java"	"788"	".java"
"FkWeChat_1.2.6-jadx"	"sources\p024b9\C1039i.java"	"40589"	".java"
"FkWeChat_1.2.6-jadx"	"sources\p024b9\C1042j0.java"	"451"	".java"
"FkWeChat_1.2.6-jadx"	"sources\p024b9\C1044k0.java"	"449"	".java"
"FkWeChat_1.2.6-jadx"	"sources\p024b9\C1045l.java"	"334"	".java"
"FkWeChat_1.2.6-jadx"	"sources\p024b9\C1046l0.java"	"447"	".java"
"FkWeChat_1.2.6-jadx"	"sources\p024b9\C1047m.java"	"334"	".java"
"FkWeChat_1.2.6-jadx"	"sources\p024b9\C1048m0.java"	"448"	".java"
"FkWeChat_1.2.6-jadx"	"sources\p024b9\C1050n0.java"	"450"	".java"
"FkWeChat_1.2.6-jadx"	"sources\p024b9\C1054p0.java"	"2505"	".java"
"FkWeChat_1.2.6-jadx"	"sources\p024b9\C1055q.java"	"546"	".java"
"FkWeChat_1.2.6-jadx"	"sources\p024b9\C1058r0.java"	"338"	".java"
"FkWeChat_1.2.6-jadx"	"sources\p024b9\C1059s.java"	"334"	".java"
"FkWeChat_1.2.6-jadx"	"sources\p024b9\C1060s0.java"	"2057"	".java"
"FkWeChat_1.2.6-jadx"	"sources\p024b9\C1062t0.java"	"338"	".java"
"FkWeChat_1.2.6-jadx"	"sources\p024b9\C1069x.java"	"334"	".java"
"FkWeChat_1.2.6-jadx"	"sources\p024b9\C1070x0.java"	"7634"	".java"
"FkWeChat_1.2.6-jadx"	"sources\p024b9\InterfaceC1037h.java"	"364"	".java"
"FkWeChat_1.2.6-jadx"	"sources\p024b9\InterfaceC1049n.java"	"350"	".java"
"FkWeChat_1.2.6-jadx"	"sources\p024b9\InterfaceC1051o.java"	"325"	".java"
"FkWeChat_1.2.6-jadx"	"sources\p024b9\InterfaceC1056q0.java"	"374"	".java"
"FkWeChat_1.2.6-jadx"	"sources\p024b9\InterfaceC1063u.java"	"395"	".java"
"FkWeChat_1.2.6-jadx"	"sources\p025bc\C1090a.java"	"1971"	".java"
"FkWeChat_1.2.6-jadx"	"sources\p025bc\C1091b.java"	"1219"	".java"
"FkWeChat_1.2.6-jadx"	"sources\p025bc\C1092c.java"	"9369"	".java"
"FkWeChat_1.2.6-jadx"	"sources\p025bc\C1093d.java"	"9094"	".java"
"FkWeChat_1.2.6-jadx"	"sources\p025bc\C1094e.java"	"1776"	".java"
"FkWeChat_1.2.6-jadx"	"sources\p025bc\C1095f.java"	"1058"	".java"
"FkWeChat_1.2.6-jadx"	"sources\p025bc\C1096g.java"	"1715"	".java"
"FkWeChat_1.2.6-jadx"	"sources\p025bc\C1097h.java"	"908"	".java"
"FkWeChat_1.2.6-jadx"	"sources\p025bc\C1098i.java"	"3007"	".java"
"FkWeChat_1.2.6-jadx"	"sources\p025bc\C1099j.java"	"1397"	".java"
"FkWeChat_1.2.6-jadx"	"sources\p025bc\C1100k.java"	"886"	".java"
"FkWeChat_1.2.6-jadx"	"sources\p025bc\C1101l.java"	"1360"	".java"
"FkWeChat_1.2.6-jadx"	"sources\p025bc\C1102m.java"	"1138"	".java"
"FkWeChat_1.2.6-jadx"	"sources\p025bc\C1103n.java"	"1043"	".java"
"FkWeChat_1.2.6-jadx"	"sources\p025bc\C1104o.java"	"1030"	".java"
"FkWeChat_1.2.6-jadx"	"sources\p025bc\C1105p.java"	"1823"	".java"
"FkWeChat_1.2.6-jadx"	"sources\p025bc\C1106q.java"	"1030"	".java"
"FkWeChat_1.2.6-jadx"	"sources\p025bc\C1107r.java"	"969"	".java"
"FkWeChat_1.2.6-jadx"	"sources\p026c\AbstractC1297a.java"	"2634"	".java"
"FkWeChat_1.2.6-jadx"	"sources\p027c0\AbstractC1302e.java"	"2313"	".java"
"FkWeChat_1.2.6-jadx"	"sources\p027c0\C1300c.java"	"4099"	".java"
"FkWeChat_1.2.6-jadx"	"sources\p028c1\C1303a.java"	"1531"	".java"
"FkWeChat_1.2.6-jadx"	"sources\p028c1\C1304b.java"	"4753"	".java"
"FkWeChat_1.2.6-jadx"	"sources\p028c1\C1305c.java"	"4104"	".java"
"FkWeChat_1.2.6-jadx"	"sources\p028c1\C1306d.java"	"1896"	".java"
"FkWeChat_1.2.6-jadx"	"sources\p028c1\C1307e.java"	"1769"	".java"
"FkWeChat_1.2.6-jadx"	"sources\p029c2\AbstractC1309b.java"	"2480"	".java"
"FkWeChat_1.2.6-jadx"	"sources\p029c2\AbstractC1311d.java"	"1621"	".java"
"FkWeChat_1.2.6-jadx"	"sources\p029c2\AbstractC1312e.java"	"1710"	".java"
"FkWeChat_1.2.6-jadx"	"sources\p029c2\C1308a.java"	"1585"	".java"
"FkWeChat_1.2.6-jadx"	"sources\p029c2\C1313f.java"	"2115"	".java"
"FkWeChat_1.2.6-jadx"	"sources\p029c2\InterfaceC1310c.java"	"391"	".java"
"FkWeChat_1.2.6-jadx"	"sources\p030c3\AbstractC1314a.java"	"834"	".java"
"FkWeChat_1.2.6-jadx"	"sources\p031c4\AbstractC1316b.java"	"266"	".java"
"FkWeChat_1.2.6-jadx"	"sources\p031c4\AbstractC1317c.java"	"1951"	".java"
"FkWeChat_1.2.6-jadx"	"sources\p031c4\AbstractC1319e.java"	"1814"	".java"
"FkWeChat_1.2.6-jadx"	"sources\p031c4\AbstractC1320f.java"	"2120"	".java"
"FkWeChat_1.2.6-jadx"	"sources\p031c4\AbstractC1322h.java"	"4800"	".java"
"FkWeChat_1.2.6-jadx"	"sources\p031c4\AbstractC1326l.java"	"476"	".java"
"FkWeChat_1.2.6-jadx"	"sources\p031c4\C1323i.java"	"3491"	".java"
"FkWeChat_1.2.6-jadx"	"sources\p031c4\C1324j.java"	"3615"	".java"
"FkWeChat_1.2.6-jadx"	"sources\p031c4\C1325k.java"	"4395"	".java"
"FkWeChat_1.2.6-jadx"	"sources\p032c5\AbstractC1346t.java"	"1180"	".java"
"FkWeChat_1.2.6-jadx"	"sources\p032c5\AbstractC1347u.java"	"724"	".java"
"FkWeChat_1.2.6-jadx"	"sources\p032c5\AbstractC1348v.java"	"1089"	".java"
"FkWeChat_1.2.6-jadx"	"sources\p032c5\AbstractC1349w.java"	"1198"	".java"
"FkWeChat_1.2.6-jadx"	"sources\p032c5\C1327a.java"	"1025"	".java"
"FkWeChat_1.2.6-jadx"	"sources\p032c5\C1328b.java"	"990"	".java"
"FkWeChat_1.2.6-jadx"	"sources\p032c5\C1329c.java"	"2735"	".java"
"FkWeChat_1.2.6-jadx"	"sources\p032c5\C1330d.java"	"1396"	".java"
"FkWeChat_1.2.6-jadx"	"sources\p032c5\C1331e.java"	"457"	".java"
"FkWeChat_1.2.6-jadx"	"sources\p032c5\C1332f.java"	"1101"	".java"
"FkWeChat_1.2.6-jadx"	"sources\p032c5\C1333g.java"	"1109"	".java"
"FkWeChat_1.2.6-jadx"	"sources\p032c5\C1334h.java"	"1029"	".java"
"FkWeChat_1.2.6-jadx"	"sources\p032c5\C1335i.java"	"1053"	".java"
"FkWeChat_1.2.6-jadx"	"sources\p032c5\C1336j.java"	"376"	".java"
"FkWeChat_1.2.6-jadx"	"sources\p032c5\C1337k.java"	"380"	".java"
"FkWeChat_1.2.6-jadx"	"sources\p032c5\C1338l.java"	"399"	".java"
"FkWeChat_1.2.6-jadx"	"sources\p032c5\C1339m.java"	"408"	".java"
"FkWeChat_1.2.6-jadx"	"sources\p032c5\C1340n.java"	"397"	".java"
"FkWeChat_1.2.6-jadx"	"sources\p032c5\C1341o.java"	"406"	".java"
"FkWeChat_1.2.6-jadx"	"sources\p032c5\C1342p.java"	"873"	".java"
"FkWeChat_1.2.6-jadx"	"sources\p032c5\C1343q.java"	"909"	".java"
"FkWeChat_1.2.6-jadx"	"sources\p032c5\C1344r.java"	"875"	".java"
"FkWeChat_1.2.6-jadx"	"sources\p032c5\C1345s.java"	"456"	".java"
"FkWeChat_1.2.6-jadx"	"sources\p032c5\C1350x.java"	"2118"	".java"
"FkWeChat_1.2.6-jadx"	"sources\p032c5\C1351y.java"	"1125"	".java"
"FkWeChat_1.2.6-jadx"	"sources\p033c6\AbstractC1352a.java"	"250"	".java"
"FkWeChat_1.2.6-jadx"	"sources\p034c7\AbstractC1361e.java"	"858"	".java"
"FkWeChat_1.2.6-jadx"	"sources\p034c7\AbstractC1365g.java"	"2552"	".java"
"FkWeChat_1.2.6-jadx"	"sources\p034c7\AbstractC1370i0.java"	"1631"	".java"
"FkWeChat_1.2.6-jadx"	"sources\p034c7\AbstractC1376l0.java"	"25562"	".java"
"FkWeChat_1.2.6-jadx"	"sources\p034c7\AbstractC1377m.java"	"11832"	".java"
"FkWeChat_1.2.6-jadx"	"sources\p034c7\AbstractC1382o0.java"	"498"	".java"
"FkWeChat_1.2.6-jadx"	"sources\p034c7\AbstractC1387r.java"	"758"	".java"
"FkWeChat_1.2.6-jadx"	"sources\p034c7\AbstractC1395w.java"	"7080"	".java"
"FkWeChat_1.2.6-jadx"	"sources\p034c7\AbstractC1396x.java"	"1947"	".java"
"FkWeChat_1.2.6-jadx"	"sources\p034c7\AbstractC1397y.java"	"455"	".java"
"FkWeChat_1.2.6-jadx"	"sources\p034c7\C1353a.java"	"4969"	".java"
"FkWeChat_1.2.6-jadx"	"sources\p034c7\C1354a0.java"	"956"	".java"
"FkWeChat_1.2.6-jadx"	"sources\p034c7\C1356b0.java"	"789"	".java"
"FkWeChat_1.2.6-jadx"	"sources\p034c7\C1357c.java"	"3144"	".java"
"FkWeChat_1.2.6-jadx"	"sources\p034c7\C1358c0.java"	"1038"	".java"
"FkWeChat_1.2.6-jadx"	"sources\p034c7\C1362e0.java"	"560"	".java"
"FkWeChat_1.2.6-jadx"	"sources\p034c7\C1364f0.java"	"4444"	".java"
"FkWeChat_1.2.6-jadx"	"sources\p034c7\C1366g0.java"	"4100"	".java"
"FkWeChat_1.2.6-jadx"	"sources\p034c7\C1371j.java"	"1884"	".java"
"FkWeChat_1.2.6-jadx"	"sources\p034c7\C1378m0.java"	"464"	".java"
"FkWeChat_1.2.6-jadx"	"sources\p034c7\C1379n.java"	"809"	".java"
"FkWeChat_1.2.6-jadx"	"sources\p034c7\C1388r0.java"	"2095"	".java"
"FkWeChat_1.2.6-jadx"	"sources\p034c7\C1389s.java"	"3228"	".java"
"FkWeChat_1.2.6-jadx"	"sources\p034c7\C1390s0.java"	"2104"	".java"
"FkWeChat_1.2.6-jadx"	"sources\p034c7\C1392t0.java"	"416"	".java"
"FkWeChat_1.2.6-jadx"	"sources\p034c7\C1398z.java"	"441"	".java"
"FkWeChat_1.2.6-jadx"	"sources\p034c7\EnumC1381o.java"	"1534"	".java"
"FkWeChat_1.2.6-jadx"	"sources\p034c7\InterfaceC1355b.java"	"1036"	".java"
"FkWeChat_1.2.6-jadx"	"sources\p034c7\InterfaceC1359d.java"	"577"	".java"
"FkWeChat_1.2.6-jadx"	"sources\p034c7\InterfaceC1360d0.java"	"1834"	".java"
"FkWeChat_1.2.6-jadx"	"sources\p034c7\InterfaceC1363f.java"	"447"	".java"
"FkWeChat_1.2.6-jadx"	"sources\p034c7\InterfaceC1368h0.java"	"6185"	".java"
"FkWeChat_1.2.6-jadx"	"sources\p034c7\InterfaceC1369i.java"	"270"	".java"
"FkWeChat_1.2.6-jadx"	"sources\p034c7\InterfaceC1372j0.java"	"483"	".java"
"FkWeChat_1.2.6-jadx"	"sources\p034c7\InterfaceC1380n0.java"	"272"	".java"
"FkWeChat_1.2.6-jadx"	"sources\p034c7\InterfaceC1383p.java"	"271"	".java"
"FkWeChat_1.2.6-jadx"	"sources\p034c7\InterfaceC1385q.java"	"271"	".java"
"FkWeChat_1.2.6-jadx"	"sources\p035c8\C1399a.java"	"1991"	".java"
"FkWeChat_1.2.6-jadx"	"sources\p036c9\InterfaceC1400a.java"	"246"	".java"
"FkWeChat_1.2.6-jadx"	"sources\p036c9\InterfaceC1401b.java"	"270"	".java"
"FkWeChat_1.2.6-jadx"	"sources\p036c9\InterfaceC1402c.java"	"270"	".java"
"FkWeChat_1.2.6-jadx"	"sources\p036c9\InterfaceC1403d.java"	"270"	".java"
"FkWeChat_1.2.6-jadx"	"sources\p036c9\InterfaceC1404e.java"	"484"	".java"
"FkWeChat_1.2.6-jadx"	"sources\p036c9\InterfaceC1405f.java"	"270"	".java"
"FkWeChat_1.2.6-jadx"	"sources\p037cb\AbstractC1464c.java"	"3906"	".java"
"FkWeChat_1.2.6-jadx"	"sources\p037cb\AbstractC1483l0.java"	"909"	".java"
"FkWeChat_1.2.6-jadx"	"sources\p037cb\AbstractC1487n0.java"	"5223"	".java"
"FkWeChat_1.2.6-jadx"	"sources\p037cb\AbstractC1491p0.java"	"5271"	".java"
"FkWeChat_1.2.6-jadx"	"sources\p037cb\AbstractC1493q0.java"	"749"	".java"
"FkWeChat_1.2.6-jadx"	"sources\p037cb\AbstractC1494r.java"	"1463"	".java"
"FkWeChat_1.2.6-jadx"	"sources\p037cb\AbstractC1500u.java"	"4625"	".java"
"FkWeChat_1.2.6-jadx"	"sources\p037cb\AbstractC1507x0.java"	"418"	".java"
"FkWeChat_1.2.6-jadx"	"sources\p037cb\AbstractC1509y0.java"	"4193"	".java"
"FkWeChat_1.2.6-jadx"	"sources\p037cb\C1462b.java"	"584"	".java"
"FkWeChat_1.2.6-jadx"	"sources\p037cb\C1465c0.java"	"783"	".java"
"FkWeChat_1.2.6-jadx"	"sources\p037cb\C1467d0.java"	"783"	".java"
"FkWeChat_1.2.6-jadx"	"sources\p037cb\C1469e0.java"	"812"	".java"
"FkWeChat_1.2.6-jadx"	"sources\p037cb\C1471f0.java"	"751"	".java"
"FkWeChat_1.2.6-jadx"	"sources\p037cb\C1473g0.java"	"812"	".java"
"FkWeChat_1.2.6-jadx"	"sources\p037cb\C1475h0.java"	"1255"	".java"
"FkWeChat_1.2.6-jadx"	"sources\p037cb\C1476i.java"	"2457"	".java"
"FkWeChat_1.2.6-jadx"	"sources\p037cb\C1477i0.java"	"783"	".java"
"FkWeChat_1.2.6-jadx"	"sources\p037cb\C1479j0.java"	"783"	".java"
"FkWeChat_1.2.6-jadx"	"sources\p037cb\C1480k.java"	"546"	".java"
"FkWeChat_1.2.6-jadx"	"sources\p037cb\C1481k0.java"	"28733"	".java"
"FkWeChat_1.2.6-jadx"	"sources\p037cb\C1482l.java"	"6552"	".java"
"FkWeChat_1.2.6-jadx"	"sources\p037cb\C1485m0.java"	"2321"	".java"
"FkWeChat_1.2.6-jadx"	"sources\p037cb\C1486n.java"	"9217"	".java"
"FkWeChat_1.2.6-jadx"	"sources\p037cb\C1489o0.java"	"9701"	".java"
"FkWeChat_1.2.6-jadx"	"sources\p037cb\C1492q.java"	"1160"	".java"
"FkWeChat_1.2.6-jadx"	"sources\p037cb\C1495r0.java"	"542"	".java"
"FkWeChat_1.2.6-jadx"	"sources\p037cb\C1496s.java"	"585"	".java"
"FkWeChat_1.2.6-jadx"	"sources\p037cb\C1497s0.java"	"542"	".java"
"FkWeChat_1.2.6-jadx"	"sources\p037cb\C1498t.java"	"501"	".java"
"FkWeChat_1.2.6-jadx"	"sources\p037cb\C1499t0.java"	"623"	".java"
"FkWeChat_1.2.6-jadx"	"sources\p037cb\C1501u0.java"	"552"	".java"
"FkWeChat_1.2.6-jadx"	"sources\p037cb\C1503v0.java"	"499"	".java"
"FkWeChat_1.2.6-jadx"	"sources\p037cb\C1505w0.java"	"19218"	".java"
"FkWeChat_1.2.6-jadx"	"sources\p037cb\C1508y.java"	"2477"	".java"
"FkWeChat_1.2.6-jadx"	"sources\p037cb\C1510z.java"	"512"	".java"
"FkWeChat_1.2.6-jadx"	"sources\p037cb\EnumC1466d.java"	"310"	".java"
"FkWeChat_1.2.6-jadx"	"sources\p037cb\InterfaceC1461a0.java"	"382"	".java"
"FkWeChat_1.2.6-jadx"	"sources\p037cb\InterfaceC1463b0.java"	"843"	".java"
"FkWeChat_1.2.6-jadx"	"sources\p037cb\InterfaceC1468e.java"	"606"	".java"
"FkWeChat_1.2.6-jadx"	"sources\p037cb\InterfaceC1474h.java"	"1692"	".java"
"FkWeChat_1.2.6-jadx"	"sources\p037cb\InterfaceC1478j.java"	"346"	".java"
"FkWeChat_1.2.6-jadx"	"sources\p037cb\InterfaceC1484m.java"	"1834"	".java"
"FkWeChat_1.2.6-jadx"	"sources\p037cb\InterfaceC1488o.java"	"2182"	".java"
"FkWeChat_1.2.6-jadx"	"sources\p037cb\InterfaceC1502v.java"	"792"	".java"
"FkWeChat_1.2.6-jadx"	"sources\p037cb\InterfaceC1504w.java"	"2194"	".java"
"FkWeChat_1.2.6-jadx"	"sources\p037cb\InterfaceC1506x.java"	"1275"	".java"
"FkWeChat_1.2.6-jadx"	"sources\p038ce\AbstractC1521c.java"	"1509"	".java"
"FkWeChat_1.2.6-jadx"	"sources\p038ce\AbstractC1522d.java"	"1317"	".java"
"FkWeChat_1.2.6-jadx"	"sources\p038ce\C1520b.java"	"3683"	".java"
"FkWeChat_1.2.6-jadx"	"sources\p038ce\C1523e.java"	"1497"	".java"
"FkWeChat_1.2.6-jadx"	"sources\p038ce\C1524f.java"	"1285"	".java"
"FkWeChat_1.2.6-jadx"	"sources\p038ce\InterfaceC1519a.java"	"548"	".java"
"FkWeChat_1.2.6-jadx"	"sources\p039d\C1846a.java"	"1288"	".java"
"FkWeChat_1.2.6-jadx"	"sources\p039d\InterfaceC1847b.java"	"353"	".java"
"FkWeChat_1.2.6-jadx"	"sources\p040d0\AbstractC1849b.java"	"473"	".java"
"FkWeChat_1.2.6-jadx"	"sources\p040d0\AbstractC1850c.java"	"1166"	".java"
"FkWeChat_1.2.6-jadx"	"sources\p040d0\C1848a.java"	"2956"	".java"
"FkWeChat_1.2.6-jadx"	"sources\p041d1\AbstractC1851a.java"	"347"	".java"
"FkWeChat_1.2.6-jadx"	"sources\p041d1\C1852b.java"	"1262"	".java"
"FkWeChat_1.2.6-jadx"	"sources\p041d1\C1853c.java"	"334"	".java"
"FkWeChat_1.2.6-jadx"	"sources\p041d1\C1854d.java"	"1231"	".java"
"FkWeChat_1.2.6-jadx"	"sources\p041d1\C1855e.java"	"239"	".java"
"FkWeChat_1.2.6-jadx"	"sources\p042d2\AbstractC1856a.java"	"35396"	".java"
"FkWeChat_1.2.6-jadx"	"sources\p042d2\AbstractC1858c.java"	"1621"	".java"
"FkWeChat_1.2.6-jadx"	"sources\p042d2\AbstractC1859d.java"	"1335"	".java"
"FkWeChat_1.2.6-jadx"	"sources\p042d2\AbstractC1861f.java"	"794"	".java"
"FkWeChat_1.2.6-jadx"	"sources\p042d2\AbstractC1864i.java"	"563"	".java"
"FkWeChat_1.2.6-jadx"	"sources\p042d2\C1857b.java"	"1653"	".java"
"FkWeChat_1.2.6-jadx"	"sources\p042d2\C1860e.java"	"3818"	".java"
"FkWeChat_1.2.6-jadx"	"sources\p042d2\C1863h.java"	"1753"	".java"
"FkWeChat_1.2.6-jadx"	"sources\p042d2\InterfaceC1862g.java"	"497"	".java"
"FkWeChat_1.2.6-jadx"	"sources\p043d3\AbstractC1866b.java"	"341"	".java"
"FkWeChat_1.2.6-jadx"	"sources\p043d3\AbstractC1867c.java"	"377"	".java"
"FkWeChat_1.2.6-jadx"	"sources\p043d3\AbstractC1871g.java"	"488"	".java"
"FkWeChat_1.2.6-jadx"	"sources\p043d3\AbstractC1872h.java"	"419"	".java"
"FkWeChat_1.2.6-jadx"	"sources\p043d3\C1865a.java"	"1974"	".java"
"FkWeChat_1.2.6-jadx"	"sources\p043d3\C1868d.java"	"1827"	".java"
"FkWeChat_1.2.6-jadx"	"sources\p043d3\C1869e.java"	"5043"	".java"
"FkWeChat_1.2.6-jadx"	"sources\p043d3\InterfaceC1870f.java"	"408"	".java"
"FkWeChat_1.2.6-jadx"	"sources\p044d4\AbstractC1875c.java"	"1800"	".java"
"FkWeChat_1.2.6-jadx"	"sources\p044d4\AbstractC1876d.java"	"526"	".java"
"FkWeChat_1.2.6-jadx"	"sources\p044d4\C1873a.java"	"2206"	".java"
"FkWeChat_1.2.6-jadx"	"sources\p044d4\C1874b.java"	"1771"	".java"
"FkWeChat_1.2.6-jadx"	"sources\p044d4\C1877e.java"	"262"	".java"
"FkWeChat_1.2.6-jadx"	"sources\p045d5\AbstractC1879a0.java"	"1322"	".java"
"FkWeChat_1.2.6-jadx"	"sources\p045d5\AbstractC1880b.java"	"11858"	".java"
"FkWeChat_1.2.6-jadx"	"sources\p045d5\AbstractC1887i.java"	"22117"	".java"
"FkWeChat_1.2.6-jadx"	"sources\p045d5\AbstractC1894p.java"	"1417"	".java"
"FkWeChat_1.2.6-jadx"	"sources\p045d5\AbstractC1897s.java"	"5715"	".java"
"FkWeChat_1.2.6-jadx"	"sources\p045d5\C1878a.java"	"459"	".java"
"FkWeChat_1.2.6-jadx"	"sources\p045d5\C1882d.java"	"1278"	".java"
"FkWeChat_1.2.6-jadx"	"sources\p045d5\C1883e.java"	"2334"	".java"
"FkWeChat_1.2.6-jadx"	"sources\p045d5\C1884f.java"	"2547"	".java"
"FkWeChat_1.2.6-jadx"	"sources\p045d5\C1885g.java"	"960"	".java"
"FkWeChat_1.2.6-jadx"	"sources\p045d5\C1886h.java"	"5207"	".java"
"FkWeChat_1.2.6-jadx"	"sources\p045d5\C1888j.java"	"34076"	".java"
"FkWeChat_1.2.6-jadx"	"sources\p045d5\C1889k.java"	"4722"	".java"
"FkWeChat_1.2.6-jadx"	"sources\p045d5\C1890l.java"	"6215"	".java"
"FkWeChat_1.2.6-jadx"	"sources\p045d5\C1891m.java"	"6991"	".java"
"FkWeChat_1.2.6-jadx"	"sources\p045d5\C1892n.java"	"3091"	".java"
"FkWeChat_1.2.6-jadx"	"sources\p045d5\C1893o.java"	"5737"	".java"
"FkWeChat_1.2.6-jadx"	"sources\p045d5\C1895q.java"	"11340"	".java"
"FkWeChat_1.2.6-jadx"	"sources\p045d5\C1898t.java"	"5832"	".java"
"FkWeChat_1.2.6-jadx"	"sources\p045d5\C1899u.java"	"1932"	".java"
"FkWeChat_1.2.6-jadx"	"sources\p045d5\C1902x.java"	"479"	".java"
"FkWeChat_1.2.6-jadx"	"sources\p045d5\C1904z.java"	"3189"	".java"
"FkWeChat_1.2.6-jadx"	"sources\p045d5\InterfaceC1896r.java"	"1785"	".java"
"FkWeChat_1.2.6-jadx"	"sources\p046d6\AbstractC1912h.java"	"1656"	".java"
"FkWeChat_1.2.6-jadx"	"sources\p047d7\AbstractC1920c.java"	"2202"	".java"
"FkWeChat_1.2.6-jadx"	"sources\p048d8\AbstractC1921a.java"	"4589"	".java"
"FkWeChat_1.2.6-jadx"	"sources\p048d8\AbstractC1922b.java"	"1582"	".java"
"FkWeChat_1.2.6-jadx"	"sources\p048d8\AbstractC1923c.java"	"774"	".java"
"FkWeChat_1.2.6-jadx"	"sources\p048d8\C1924d.java"	"441"	".java"
"FkWeChat_1.2.6-jadx"	"sources\p049d9\AbstractC1925a.java"	"165"	".java"
"FkWeChat_1.2.6-jadx"	"sources\p049d9\AbstractC1926b.java"	"250"	".java"
"FkWeChat_1.2.6-jadx"	"sources\p049d9\AbstractC1927c.java"	"1583"	".java"
"FkWeChat_1.2.6-jadx"	"sources\p050da\AbstractC1929b.java"	"1183"	".java"
"FkWeChat_1.2.6-jadx"	"sources\p050da\AbstractC1933f.java"	"388"	".java"
"FkWeChat_1.2.6-jadx"	"sources\p050da\C1928a.java"	"6195"	".java"
"FkWeChat_1.2.6-jadx"	"sources\p050da\C1931d.java"	"1198"	".java"
"FkWeChat_1.2.6-jadx"	"sources\p050da\C1932e.java"	"20164"	".java"
"FkWeChat_1.2.6-jadx"	"sources\p050da\C1935h.java"	"1088"	".java"
"FkWeChat_1.2.6-jadx"	"sources\p050da\C1936i.java"	"8095"	".java"
"FkWeChat_1.2.6-jadx"	"sources\p050da\C1937j.java"	"455"	".java"
"FkWeChat_1.2.6-jadx"	"sources\p050da\C1938k.java"	"6694"	".java"
"FkWeChat_1.2.6-jadx"	"sources\p050da\EnumC1930c.java"	"1681"	".java"
"FkWeChat_1.2.6-jadx"	"sources\p051db\C1939a.java"	"2621"	".java"
"FkWeChat_1.2.6-jadx"	"sources\p051db\C1942d.java"	"995"	".java"
"FkWeChat_1.2.6-jadx"	"sources\p052dc\AbstractC1943a.java"	"348"	".java"
"FkWeChat_1.2.6-jadx"	"sources\p052dc\C1944b.java"	"1263"	".java"
"FkWeChat_1.2.6-jadx"	"sources\p052dc\C1945c.java"	"335"	".java"
"FkWeChat_1.2.6-jadx"	"sources\p052dc\C1946d.java"	"1232"	".java"
"FkWeChat_1.2.6-jadx"	"sources\p052dc\C1947e.java"	"1519"	".java"
"FkWeChat_1.2.6-jadx"	"sources\p052dc\C1948f.java"	"240"	".java"
"FkWeChat_1.2.6-jadx"	"sources\p053dd\AbstractC1949a.java"	"17595"	".java"
"FkWeChat_1.2.6-jadx"	"sources\p053dd\C1950b.java"	"1030"	".java"
"FkWeChat_1.2.6-jadx"	"sources\p053dd\C1951c.java"	"12326"	".java"
"FkWeChat_1.2.6-jadx"	"sources\p053dd\C1952d.java"	"2271"	".java"
"FkWeChat_1.2.6-jadx"	"sources\p054df\AbstractC1958d.java"	"1835"	".java"
"FkWeChat_1.2.6-jadx"	"sources\p054df\AbstractC1959e.java"	"1508"	".java"
"FkWeChat_1.2.6-jadx"	"sources\p054df\C1955a.java"	"5769"	".java"
"FkWeChat_1.2.6-jadx"	"sources\p054df\C1956b.java"	"8016"	".java"
"FkWeChat_1.2.6-jadx"	"sources\p054df\C1957c.java"	"15998"	".java"
"FkWeChat_1.2.6-jadx"	"sources\p055e\AbstractC1960a.java"	"488"	".java"
"FkWeChat_1.2.6-jadx"	"sources\p055e\AbstractC1961b.java"	"3710"	".java"
"FkWeChat_1.2.6-jadx"	"sources\p056e0\AbstractC1963b.java"	"513"	".java"
"FkWeChat_1.2.6-jadx"	"sources\p056e0\C1962a.java"	"574"	".java"
"FkWeChat_1.2.6-jadx"	"sources\p056e0\C1964c.java"	"1546"	".java"
"FkWeChat_1.2.6-jadx"	"sources\p056e0\C1965d.java"	"1242"	".java"
"FkWeChat_1.2.6-jadx"	"sources\p056e0\C1966e.java"	"1425"	".java"
"FkWeChat_1.2.6-jadx"	"sources\p056e0\C1967f.java"	"500"	".java"
"FkWeChat_1.2.6-jadx"	"sources\p056e0\C1969h.java"	"1071"	".java"
"FkWeChat_1.2.6-jadx"	"sources\p056e0\InterfaceC1968g.java"	"265"	".java"
"FkWeChat_1.2.6-jadx"	"sources\p057e1\AbstractC1970a.java"	"1123"	".java"
"FkWeChat_1.2.6-jadx"	"sources\p057e1\AbstractC1972b.java"	"971"	".java"
"FkWeChat_1.2.6-jadx"	"sources\p057e1\AbstractC1973b0.java"	"434"	".java"
"FkWeChat_1.2.6-jadx"	"sources\p057e1\AbstractC1984l.java"	"2551"	".java"
"FkWeChat_1.2.6-jadx"	"sources\p057e1\AbstractC1985m.java"	"653"	".java"
"FkWeChat_1.2.6-jadx"	"sources\p057e1\AbstractC1989q.java"	"378"	".java"
"FkWeChat_1.2.6-jadx"	"sources\p057e1\AbstractC1990r.java"	"562"	".java"
"FkWeChat_1.2.6-jadx"	"sources\p057e1\AbstractC1991s.java"	"370"	".java"
"FkWeChat_1.2.6-jadx"	"sources\p057e1\AbstractC1994v.java"	"374"	".java"
"FkWeChat_1.2.6-jadx"	"sources\p057e1\AbstractC1995w.java"	"391"	".java"
"FkWeChat_1.2.6-jadx"	"sources\p057e1\AbstractC1997y.java"	"684"	".java"
"FkWeChat_1.2.6-jadx"	"sources\p057e1\AbstractC1998z.java"	"524"	".java"
"FkWeChat_1.2.6-jadx"	"sources\p057e1\C1971a0.java"	"635"	".java"
"FkWeChat_1.2.6-jadx"	"sources\p057e1\C1974c.java"	"2107"	".java"
"FkWeChat_1.2.6-jadx"	"sources\p057e1\C1975c0.java"	"364"	".java"
"FkWeChat_1.2.6-jadx"	"sources\p057e1\C1977e.java"	"5355"	".java"
"FkWeChat_1.2.6-jadx"	"sources\p057e1\C1983k.java"	"12329"	".java"
"FkWeChat_1.2.6-jadx"	"sources\p057e1\C1986n.java"	"1138"	".java"
"FkWeChat_1.2.6-jadx"	"sources\p057e1\C1987o.java"	"1550"	".java"
"FkWeChat_1.2.6-jadx"	"sources\p057e1\C1988p.java"	"7734"	".java"
"FkWeChat_1.2.6-jadx"	"sources\p057e1\C1992t.java"	"12497"	".java"
"FkWeChat_1.2.6-jadx"	"sources\p057e1\C1993u.java"	"1401"	".java"
"FkWeChat_1.2.6-jadx"	"sources\p057e1\C1996x.java"	"3739"	".java"
"FkWeChat_1.2.6-jadx"	"sources\p057e1\InterfaceC1978f.java"	"1186"	".java"
"FkWeChat_1.2.6-jadx"	"sources\p058e2\AbstractC2002d.java"	"884"	".java"
"FkWeChat_1.2.6-jadx"	"sources\p058e2\AbstractC2004f.java"	"1985"	".java"
"FkWeChat_1.2.6-jadx"	"sources\p058e2\AbstractC2005g.java"	"1939"	".java"
"FkWeChat_1.2.6-jadx"	"sources\p058e2\C2000b.java"	"10208"	".java"
"FkWeChat_1.2.6-jadx"	"sources\p058e2\C2001c.java"	"3338"	".java"
"FkWeChat_1.2.6-jadx"	"sources\p058e2\C2003e.java"	"13708"	".java"
"FkWeChat_1.2.6-jadx"	"sources\p058e2\InterfaceC1999a.java"	"1434"	".java"
"FkWeChat_1.2.6-jadx"	"sources\p059e3\AbstractC2007b.java"	"3318"	".java"
"FkWeChat_1.2.6-jadx"	"sources\p059e3\AbstractC2008c.java"	"4482"	".java"
"FkWeChat_1.2.6-jadx"	"sources\p059e3\AbstractC2011f.java"	"2264"	".java"
"FkWeChat_1.2.6-jadx"	"sources\p059e3\AbstractC2012g.java"	"1062"	".java"
"FkWeChat_1.2.6-jadx"	"sources\p059e3\AbstractC2015j.java"	"643"	".java"
"FkWeChat_1.2.6-jadx"	"sources\p059e3\AbstractC2019n.java"	"531"	".java"
"FkWeChat_1.2.6-jadx"	"sources\p059e3\AbstractC2022q.java"	"350"	".java"
"FkWeChat_1.2.6-jadx"	"sources\p059e3\C2014i.java"	"7904"	".java"
"FkWeChat_1.2.6-jadx"	"sources\p059e3\C2016k.java"	"562"	".java"
"FkWeChat_1.2.6-jadx"	"sources\p059e3\C2017l.java"	"868"	".java"
"FkWeChat_1.2.6-jadx"	"sources\p059e3\C2018m.java"	"2700"	".java"
"FkWeChat_1.2.6-jadx"	"sources\p059e3\C2020o.java"	"756"	".java"
"FkWeChat_1.2.6-jadx"	"sources\p059e3\C2023r.java"	"703"	".java"
"FkWeChat_1.2.6-jadx"	"sources\p059e3\C2024s.java"	"239"	".java"
"FkWeChat_1.2.6-jadx"	"sources\p059e3\C2025t.java"	"1201"	".java"
"FkWeChat_1.2.6-jadx"	"sources\p059e3\C2026u.java"	"1894"	".java"
"FkWeChat_1.2.6-jadx"	"sources\p059e3\InterfaceC2021p.java"	"370"	".java"
"FkWeChat_1.2.6-jadx"	"sources\p060e4\AbstractC2027a.java"	"783"	".java"
"FkWeChat_1.2.6-jadx"	"sources\p061e5\C2028a.java"	"12367"	".java"
"FkWeChat_1.2.6-jadx"	"sources\p062e6\AbstractC2033e.java"	"3262"	".java"
"FkWeChat_1.2.6-jadx"	"sources\p062e6\C2031c.java"	"3638"	".java"
"FkWeChat_1.2.6-jadx"	"sources\p063e7\AbstractC2042i.java"	"2051"	".java"
"FkWeChat_1.2.6-jadx"	"sources\p063e7\AbstractC2047n.java"	"962"	".java"
"FkWeChat_1.2.6-jadx"	"sources\p063e7\C2034a.java"	"1366"	".java"
"FkWeChat_1.2.6-jadx"	"sources\p063e7\C2037d.java"	"46283"	".java"
"FkWeChat_1.2.6-jadx"	"sources\p063e7\C2044k.java"	"3234"	".java"
"FkWeChat_1.2.6-jadx"	"sources\p063e7\C2045l.java"	"1289"	".java"
"FkWeChat_1.2.6-jadx"	"sources\p063e7\C2046m.java"	"2022"	".java"
"FkWeChat_1.2.6-jadx"	"sources\p064e8\AbstractC2048a.java"	"764"	".java"
"FkWeChat_1.2.6-jadx"	"sources\p064e8\AbstractC2049b.java"	"1616"	".java"
"FkWeChat_1.2.6-jadx"	"sources\p064e8\AbstractC2050c.java"	"1778"	".java"
"FkWeChat_1.2.6-jadx"	"sources\p064e8\AbstractC2051d.java"	"1498"	".java"
"FkWeChat_1.2.6-jadx"	"sources\p064e8\AbstractC2052e.java"	"615"	".java"
"FkWeChat_1.2.6-jadx"	"sources\p064e8\AbstractC2053f.java"	"3104"	".java"
"FkWeChat_1.2.6-jadx"	"sources\p065e9\AbstractC2055b.java"	"1511"	".java"
"FkWeChat_1.2.6-jadx"	"sources\p065e9\C2054a.java"	"334"	".java"
"FkWeChat_1.2.6-jadx"	"sources\p065e9\InterfaceC2056c.java"	"384"	".java"
"FkWeChat_1.2.6-jadx"	"sources\p065e9\InterfaceC2057d.java"	"566"	".java"
"FkWeChat_1.2.6-jadx"	"sources\p066ea\InterfaceC2058a.java"	"409"	".java"
"FkWeChat_1.2.6-jadx"	"sources\p066ea\InterfaceC2059b.java"	"382"	".java"
"FkWeChat_1.2.6-jadx"	"sources\p067eb\AbstractC2101w.java"	"42018"	".java"
"FkWeChat_1.2.6-jadx"	"sources\p067eb\C2060a.java"	"1929"	".java"
"FkWeChat_1.2.6-jadx"	"sources\p067eb\C2061a0.java"	"520"	".java"
"FkWeChat_1.2.6-jadx"	"sources\p067eb\C2063b0.java"	"520"	".java"
"FkWeChat_1.2.6-jadx"	"sources\p067eb\C2064c.java"	"5930"	".java"
"FkWeChat_1.2.6-jadx"	"sources\p067eb\C2065c0.java"	"520"	".java"
"FkWeChat_1.2.6-jadx"	"sources\p067eb\C2066d.java"	"461"	".java"
"FkWeChat_1.2.6-jadx"	"sources\p067eb\C2067d0.java"	"520"	".java"
"FkWeChat_1.2.6-jadx"	"sources\p067eb\C2068e.java"	"461"	".java"
"FkWeChat_1.2.6-jadx"	"sources\p067eb\C2069e0.java"	"520"	".java"
"FkWeChat_1.2.6-jadx"	"sources\p067eb\C2070f.java"	"461"	".java"
"FkWeChat_1.2.6-jadx"	"sources\p067eb\C2071f0.java"	"684"	".java"
"FkWeChat_1.2.6-jadx"	"sources\p067eb\C2072g.java"	"461"	".java"
"FkWeChat_1.2.6-jadx"	"sources\p067eb\C2073g0.java"	"684"	".java"
"FkWeChat_1.2.6-jadx"	"sources\p067eb\C2074h.java"	"461"	".java"
"FkWeChat_1.2.6-jadx"	"sources\p067eb\C2075h0.java"	"604"	".java"
"FkWeChat_1.2.6-jadx"	"sources\p067eb\C2076i.java"	"461"	".java"
"FkWeChat_1.2.6-jadx"	"sources\p067eb\C2077i0.java"	"604"	".java"
"FkWeChat_1.2.6-jadx"	"sources\p067eb\C2078j.java"	"501"	".java"
"FkWeChat_1.2.6-jadx"	"sources\p067eb\C2079j0.java"	"604"	".java"
"FkWeChat_1.2.6-jadx"	"sources\p067eb\C2080k.java"	"485"	".java"
"FkWeChat_1.2.6-jadx"	"sources\p067eb\C2081k0.java"	"684"	".java"
"FkWeChat_1.2.6-jadx"	"sources\p067eb\C2082l.java"	"485"	".java"
"FkWeChat_1.2.6-jadx"	"sources\p067eb\C2083l0.java"	"684"	".java"
"FkWeChat_1.2.6-jadx"	"sources\p067eb\C2084m.java"	"42002"	".java"
"FkWeChat_1.2.6-jadx"	"sources\p067eb\C2086n.java"	"485"	".java"
"FkWeChat_1.2.6-jadx"	"sources\p067eb\C2087n0.java"	"4065"	".java"
"FkWeChat_1.2.6-jadx"	"sources\p067eb\C2088o.java"	"701"	".java"
"FkWeChat_1.2.6-jadx"	"sources\p067eb\C2089o0.java"	"5505"	".java"
"FkWeChat_1.2.6-jadx"	"sources\p067eb\C2090p.java"	"485"	".java"
"FkWeChat_1.2.6-jadx"	"sources\p067eb\C2092q.java"	"640"	".java"
"FkWeChat_1.2.6-jadx"	"sources\p067eb\C2093q0.java"	"469"	".java"
"FkWeChat_1.2.6-jadx"	"sources\p067eb\C2095r0.java"	"3571"	".java"
"FkWeChat_1.2.6-jadx"	"sources\p067eb\C2097s0.java"	"755"	".java"
"FkWeChat_1.2.6-jadx"	"sources\p067eb\C2099u.java"	"504"	".java"
"FkWeChat_1.2.6-jadx"	"sources\p067eb\C2100v.java"	"500"	".java"
"FkWeChat_1.2.6-jadx"	"sources\p067eb\C2102x.java"	"517"	".java"
"FkWeChat_1.2.6-jadx"	"sources\p067eb\C2103y.java"	"517"	".java"
"FkWeChat_1.2.6-jadx"	"sources\p067eb\C2104z.java"	"517"	".java"
"FkWeChat_1.2.6-jadx"	"sources\p067eb\EnumC2094r.java"	"1529"	".java"
"FkWeChat_1.2.6-jadx"	"sources\p067eb\InterfaceC2062b.java"	"322"	".java"
"FkWeChat_1.2.6-jadx"	"sources\p067eb\InterfaceC2096s.java"	"368"	".java"
"FkWeChat_1.2.6-jadx"	"sources\p067eb\InterfaceC2098t.java"	"712"	".java"
"FkWeChat_1.2.6-jadx"	"sources\p068ed\AbstractC2212a.java"	"4027"	".java"
"FkWeChat_1.2.6-jadx"	"sources\p068ed\InterfaceC2213b.java"	"435"	".java"
"FkWeChat_1.2.6-jadx"	"sources\p068ed\InterfaceC2214c.java"	"2581"	".java"
"FkWeChat_1.2.6-jadx"	"sources\p069ef\C2216a.java"	"1881"	".java"
"FkWeChat_1.2.6-jadx"	"sources\p069ef\C2217b.java"	"4400"	".java"
"FkWeChat_1.2.6-jadx"	"sources\p069ef\C2218c.java"	"6640"	".java"
"FkWeChat_1.2.6-jadx"	"sources\p069ef\InterfaceC2219d.java"	"1766"	".java"
"FkWeChat_1.2.6-jadx"	"sources\p070f\InterfaceC2220a.java"	"970"	".java"
"FkWeChat_1.2.6-jadx"	"sources\p071f0\AbstractC2221a.java"	"9189"	".java"
"FkWeChat_1.2.6-jadx"	"sources\p072f1\AbstractC2224c.java"	"938"	".java"
"FkWeChat_1.2.6-jadx"	"sources\p072f1\C2222a.java"	"361"	".java"
"FkWeChat_1.2.6-jadx"	"sources\p072f1\C2225d.java"	"4392"	".java"
"FkWeChat_1.2.6-jadx"	"sources\p072f1\InterfaceC2226e.java"	"246"	".java"
"FkWeChat_1.2.6-jadx"	"sources\p073f2\AbstractC2231b0.java"	"1315"	".java"
"FkWeChat_1.2.6-jadx"	"sources\p073f2\AbstractC2234c0.java"	"763"	".java"
"FkWeChat_1.2.6-jadx"	"sources\p073f2\AbstractC2239f.java"	"10975"	".java"
"FkWeChat_1.2.6-jadx"	"sources\p073f2\AbstractC2246i0.java"	"475"	".java"
"FkWeChat_1.2.6-jadx"	"sources\p073f2\AbstractC2247j.java"	"266"	".java"
"FkWeChat_1.2.6-jadx"	"sources\p073f2\AbstractC2248j0.java"	"1016"	".java"
"FkWeChat_1.2.6-jadx"	"sources\p073f2\AbstractC2249k.java"	"266"	".java"
"FkWeChat_1.2.6-jadx"	"sources\p073f2\AbstractC2257o.java"	"357"	".java"
"FkWeChat_1.2.6-jadx"	"sources\p073f2\AbstractC2258o0.java"	"2386"	".java"
"FkWeChat_1.2.6-jadx"	"sources\p073f2\AbstractC2259p.java"	"266"	".java"
"FkWeChat_1.2.6-jadx"	"sources\p073f2\AbstractC2260p0.java"	"1969"	".java"
"FkWeChat_1.2.6-jadx"	"sources\p073f2\AbstractC2263r.java"	"3173"	".java"
"FkWeChat_1.2.6-jadx"	"sources\p073f2\AbstractC2264r0.java"	"2408"	".java"
"FkWeChat_1.2.6-jadx"	"sources\p073f2\AbstractC2268t0.java"	"359"	".java"
"FkWeChat_1.2.6-jadx"	"sources\p073f2\AbstractC2269u.java"	"2517"	".java"
"FkWeChat_1.2.6-jadx"	"sources\p073f2\AbstractC2271v.java"	"632"	".java"
"FkWeChat_1.2.6-jadx"	"sources\p073f2\AbstractC2278y0.java"	"1651"	".java"
"FkWeChat_1.2.6-jadx"	"sources\p073f2\AbstractC2279z.java"	"1171"	".java"
"FkWeChat_1.2.6-jadx"	"sources\p073f2\AbstractC2280z0.java"	"372"	".java"
"FkWeChat_1.2.6-jadx"	"sources\p073f2\C2227a.java"	"1039"	".java"
"FkWeChat_1.2.6-jadx"	"sources\p073f2\C2233c.java"	"534"	".java"
"FkWeChat_1.2.6-jadx"	"sources\p073f2\C2235d.java"	"1550"	".java"
"FkWeChat_1.2.6-jadx"	"sources\p073f2\C2236d0.java"	"7535"	".java"
"FkWeChat_1.2.6-jadx"	"sources\p073f2\C2237e.java"	"4742"	".java"
"FkWeChat_1.2.6-jadx"	"sources\p073f2\C2238e0.java"	"3195"	".java"
"FkWeChat_1.2.6-jadx"	"sources\p073f2\C2240f0.java"	"1052"	".java"
"FkWeChat_1.2.6-jadx"	"sources\p073f2\C2241g.java"	"1815"	".java"
"FkWeChat_1.2.6-jadx"	"sources\p073f2\C2242g0.java"	"4919"	".java"
"FkWeChat_1.2.6-jadx"	"sources\p073f2\C2245i.java"	"13697"	".java"
"FkWeChat_1.2.6-jadx"	"sources\p073f2\C2251l.java"	"702"	".java"
"FkWeChat_1.2.6-jadx"	"sources\p073f2\C2252l0.java"	"371"	".java"
"FkWeChat_1.2.6-jadx"	"sources\p073f2\C2253m.java"	"21032"	".java"
"FkWeChat_1.2.6-jadx"	"sources\p073f2\C2255n.java"	"4029"	".java"
"FkWeChat_1.2.6-jadx"	"sources\p073f2\C2256n0.java"	"13958"	".java"
"FkWeChat_1.2.6-jadx"	"sources\p073f2\C2261q.java"	"4125"	".java"
"FkWeChat_1.2.6-jadx"	"sources\p073f2\C2262q0.java"	"1490"	".java"
"FkWeChat_1.2.6-jadx"	"sources\p073f2\C2267t.java"	"577"	".java"
"FkWeChat_1.2.6-jadx"	"sources\p073f2\C2270u0.java"	"963"	".java"
"FkWeChat_1.2.6-jadx"	"sources\p073f2\C2272v0.java"	"4483"	".java"
"FkWeChat_1.2.6-jadx"	"sources\p073f2\C2273w.java"	"3633"	".java"
"FkWeChat_1.2.6-jadx"	"sources\p073f2\C2274w0.java"	"1436"	".java"
"FkWeChat_1.2.6-jadx"	"sources\p073f2\C2275x.java"	"1420"	".java"
"FkWeChat_1.2.6-jadx"	"sources\p073f2\C2276x0.java"	"5733"	".java"
"FkWeChat_1.2.6-jadx"	"sources\p073f2\EnumC2265s.java"	"1646"	".java"
"FkWeChat_1.2.6-jadx"	"sources\p073f2\InterfaceC2228a0.java"	"502"	".java"
"FkWeChat_1.2.6-jadx"	"sources\p073f2\InterfaceC2229a1.java"	"369"	".java"
"FkWeChat_1.2.6-jadx"	"sources\p073f2\InterfaceC2230b.java"	"1605"	".java"
"FkWeChat_1.2.6-jadx"	"sources\p073f2\InterfaceC2243h.java"	"342"	".java"
"FkWeChat_1.2.6-jadx"	"sources\p073f2\InterfaceC2250k0.java"	"378"	".java"
"FkWeChat_1.2.6-jadx"	"sources\p073f2\InterfaceC2254m0.java"	"637"	".java"
"FkWeChat_1.2.6-jadx"	"sources\p073f2\InterfaceC2266s0.java"	"384"	".java"
"FkWeChat_1.2.6-jadx"	"sources\p073f2\InterfaceC2277y.java"	"1532"	".java"
"FkWeChat_1.2.6-jadx"	"sources\p074f3\AbstractC2282b.java"	"2742"	".java"
"FkWeChat_1.2.6-jadx"	"sources\p074f3\AbstractC2284d.java"	"17553"	".java"
"FkWeChat_1.2.6-jadx"	"sources\p074f3\AbstractC2285e.java"	"5954"	".java"
"FkWeChat_1.2.6-jadx"	"sources\p074f3\AbstractC2286f.java"	"831"	".java"
"FkWeChat_1.2.6-jadx"	"sources\p074f3\C2281a.java"	"1634"	".java"
"FkWeChat_1.2.6-jadx"	"sources\p075f4\AbstractInterpolatorC2288b.java"	"1188"	".java"
"FkWeChat_1.2.6-jadx"	"sources\p075f4\C2287a.java"	"2403"	".java"
"FkWeChat_1.2.6-jadx"	"sources\p076f5\AbstractC2290b.java"	"2918"	".java"
"FkWeChat_1.2.6-jadx"	"sources\p076f5\AbstractC2295g.java"	"4000"	".java"
"FkWeChat_1.2.6-jadx"	"sources\p076f5\C2291c.java"	"2796"	".java"
"FkWeChat_1.2.6-jadx"	"sources\p076f5\C2292d.java"	"8326"	".java"
"FkWeChat_1.2.6-jadx"	"sources\p076f5\C2293e.java"	"10890"	".java"
"FkWeChat_1.2.6-jadx"	"sources\p076f5\C2294f.java"	"1431"	".java"
"FkWeChat_1.2.6-jadx"	"sources\p076f5\C2296h.java"	"1432"	".java"
"FkWeChat_1.2.6-jadx"	"sources\p077f6\AbstractC2299a0.java"	"1714"	".java"
"FkWeChat_1.2.6-jadx"	"sources\p077f6\AbstractC2303c0.java"	"1006"	".java"
"FkWeChat_1.2.6-jadx"	"sources\p077f6\AbstractC2307e0.java"	"1002"	".java"
"FkWeChat_1.2.6-jadx"	"sources\p077f6\AbstractC2311g0.java"	"2514"	".java"
"FkWeChat_1.2.6-jadx"	"sources\p077f6\AbstractC2318k.java"	"250"	".java"
"FkWeChat_1.2.6-jadx"	"sources\p077f6\AbstractC2334t.java"	"1892"	".java"
"FkWeChat_1.2.6-jadx"	"sources\p077f6\AbstractC2337w.java"	"933"	".java"
"FkWeChat_1.2.6-jadx"	"sources\p077f6\AbstractC2338x.java"	"1006"	".java"
"FkWeChat_1.2.6-jadx"	"sources\p077f6\C2300b.java"	"1077"	".java"
"FkWeChat_1.2.6-jadx"	"sources\p077f6\C2302c.java"	"1617"	".java"
"FkWeChat_1.2.6-jadx"	"sources\p077f6\C2304d.java"	"2150"	".java"
"FkWeChat_1.2.6-jadx"	"sources\p077f6\C2306e.java"	"2861"	".java"
"FkWeChat_1.2.6-jadx"	"sources\p077f6\C2308f.java"	"3711"	".java"
"FkWeChat_1.2.6-jadx"	"sources\p077f6\C2310g.java"	"1197"	".java"
"FkWeChat_1.2.6-jadx"	"sources\p077f6\C2312h.java"	"998"	".java"
"FkWeChat_1.2.6-jadx"	"sources\p077f6\C2314i.java"	"4990"	".java"
"FkWeChat_1.2.6-jadx"	"sources\p077f6\C2316j.java"	"7275"	".java"
"FkWeChat_1.2.6-jadx"	"sources\p077f6\C2323m0.java"	"1383"	".java"
"FkWeChat_1.2.6-jadx"	"sources\p077f6\C2324n.java"	"2889"	".java"
"FkWeChat_1.2.6-jadx"	"sources\p077f6\C2325n0.java"	"1770"	".java"
"FkWeChat_1.2.6-jadx"	"sources\p077f6\C2329p0.java"	"1198"	".java"
"FkWeChat_1.2.6-jadx"	"sources\p077f6\C2330q.java"	"4404"	".java"
"FkWeChat_1.2.6-jadx"	"sources\p077f6\EnumC2322m.java"	"1534"	".java"
"FkWeChat_1.2.6-jadx"	"sources\p077f6\InterfaceC2298a.java"	"419"	".java"
"FkWeChat_1.2.6-jadx"	"sources\p077f6\InterfaceC2301b0.java"	"352"	".java"
"FkWeChat_1.2.6-jadx"	"sources\p077f6\InterfaceC2305d0.java"	"331"	".java"
"FkWeChat_1.2.6-jadx"	"sources\p077f6\InterfaceC2309f0.java"	"884"	".java"
"FkWeChat_1.2.6-jadx"	"sources\p077f6\InterfaceC2313h0.java"	"354"	".java"
"FkWeChat_1.2.6-jadx"	"sources\p077f6\InterfaceC2320l.java"	"5175"	".java"
"FkWeChat_1.2.6-jadx"	"sources\p077f6\InterfaceC2321l0.java"	"1218"	".java"
"FkWeChat_1.2.6-jadx"	"sources\p077f6\InterfaceC2327o0.java"	"403"	".java"
"FkWeChat_1.2.6-jadx"	"sources\p077f6\InterfaceC2331q0.java"	"5203"	".java"
"FkWeChat_1.2.6-jadx"	"sources\p077f6\InterfaceC2332r.java"	"350"	".java"
"FkWeChat_1.2.6-jadx"	"sources\p077f6\InterfaceC2335u.java"	"422"	".java"
"FkWeChat_1.2.6-jadx"	"sources\p077f6\InterfaceC2336v.java"	"372"	".java"
"FkWeChat_1.2.6-jadx"	"sources\p077f6\InterfaceC2339y.java"	"549"	".java"
"FkWeChat_1.2.6-jadx"	"sources\p077f6\InterfaceC2340z.java"	"678"	".java"
"FkWeChat_1.2.6-jadx"	"sources\p078f7\AbstractC2349i.java"	"823"	".java"
"FkWeChat_1.2.6-jadx"	"sources\p078f7\AbstractC2350j.java"	"705"	".java"
"FkWeChat_1.2.6-jadx"	"sources\p078f7\C2346f.java"	"1555"	".java"
"FkWeChat_1.2.6-jadx"	"sources\p078f7\C2348h.java"	"2268"	".java"
"FkWeChat_1.2.6-jadx"	"sources\p079f8\AbstractC2351a.java"	"5235"	".java"
"FkWeChat_1.2.6-jadx"	"sources\p079f8\AbstractC2353c.java"	"1327"	".java"
"FkWeChat_1.2.6-jadx"	"sources\p079f8\C2352b.java"	"9013"	".java"
"FkWeChat_1.2.6-jadx"	"sources\p080f9\AbstractC2354a.java"	"2022"	".java"
"FkWeChat_1.2.6-jadx"	"sources\p080f9\AbstractC2357d.java"	"277"	".java"
"FkWeChat_1.2.6-jadx"	"sources\p080f9\AbstractC2364k.java"	"2017"	".java"
"FkWeChat_1.2.6-jadx"	"sources\p080f9\AbstractC2367n.java"	"688"	".java"
"FkWeChat_1.2.6-jadx"	"sources\p080f9\AbstractC2368o.java"	"4722"	".java"
"FkWeChat_1.2.6-jadx"	"sources\p080f9\C2355b.java"	"1515"	".java"
"FkWeChat_1.2.6-jadx"	"sources\p080f9\C2356c.java"	"1620"	".java"
"FkWeChat_1.2.6-jadx"	"sources\p080f9\C2358e.java"	"2590"	".java"
"FkWeChat_1.2.6-jadx"	"sources\p080f9\C2361h.java"	"3654"	".java"
"FkWeChat_1.2.6-jadx"	"sources\p080f9\C2362i.java"	"1366"	".java"
"FkWeChat_1.2.6-jadx"	"sources\p080f9\C2363j.java"	"2190"	".java"
"FkWeChat_1.2.6-jadx"	"sources\p080f9\C2365l.java"	"1376"	".java"
"FkWeChat_1.2.6-jadx"	"sources\p080f9\C2366m.java"	"1763"	".java"
"FkWeChat_1.2.6-jadx"	"sources\p080f9\InterfaceC2359f.java"	"488"	".java"
"FkWeChat_1.2.6-jadx"	"sources\p080f9\InterfaceC2360g.java"	"378"	".java"
"FkWeChat_1.2.6-jadx"	"sources\p081fa\AbstractC2370a0.java"	"634"	".java"
"FkWeChat_1.2.6-jadx"	"sources\p081fa\AbstractC2388p.java"	"2250"	".java"
"FkWeChat_1.2.6-jadx"	"sources\p081fa\EnumC2376d0.java"	"1546"	".java"
"FkWeChat_1.2.6-jadx"	"sources\p081fa\InterfaceC2369a.java"	"654"	".java"
"FkWeChat_1.2.6-jadx"	"sources\p081fa\InterfaceC2371b.java"	"295"	".java"
"FkWeChat_1.2.6-jadx"	"sources\p081fa\InterfaceC2372b0.java"	"419"	".java"
"FkWeChat_1.2.6-jadx"	"sources\p081fa\InterfaceC2373c.java"	"341"	".java"
"FkWeChat_1.2.6-jadx"	"sources\p081fa\InterfaceC2374c0.java"	"407"	".java"
"FkWeChat_1.2.6-jadx"	"sources\p081fa\InterfaceC2375d.java"	"509"	".java"
"FkWeChat_1.2.6-jadx"	"sources\p081fa\InterfaceC2377e.java"	"356"	".java"
"FkWeChat_1.2.6-jadx"	"sources\p081fa\InterfaceC2378f.java"	"341"	".java"
"FkWeChat_1.2.6-jadx"	"sources\p081fa\InterfaceC2379g.java"	"1447"	".java"
"FkWeChat_1.2.6-jadx"	"sources\p081fa\InterfaceC2380h.java"	"341"	".java"
"FkWeChat_1.2.6-jadx"	"sources\p081fa\InterfaceC2381i.java"	"288"	".java"
"FkWeChat_1.2.6-jadx"	"sources\p081fa\InterfaceC2382j.java"	"618"	".java"
"FkWeChat_1.2.6-jadx"	"sources\p081fa\InterfaceC2383k.java"	"373"	".java"
"FkWeChat_1.2.6-jadx"	"sources\p081fa\InterfaceC2384l.java"	"247"	".java"
"FkWeChat_1.2.6-jadx"	"sources\p081fa\InterfaceC2385m.java"	"443"	".java"
"FkWeChat_1.2.6-jadx"	"sources\p081fa\InterfaceC2386n.java"	"431"	".java"
"FkWeChat_1.2.6-jadx"	"sources\p081fa\InterfaceC2387o.java"	"295"	".java"
"FkWeChat_1.2.6-jadx"	"sources\p081fa\InterfaceC2389q.java"	"375"	".java"
"FkWeChat_1.2.6-jadx"	"sources\p081fa\InterfaceC2390r.java"	"581"	".java"
"FkWeChat_1.2.6-jadx"	"sources\p081fa\InterfaceC2391s.java"	"567"	".java"
"FkWeChat_1.2.6-jadx"	"sources\p081fa\InterfaceC2392t.java"	"319"	".java"
"FkWeChat_1.2.6-jadx"	"sources\p081fa\InterfaceC2393u.java"	"584"	".java"
"FkWeChat_1.2.6-jadx"	"sources\p081fa\InterfaceC2394v.java"	"327"	".java"
"FkWeChat_1.2.6-jadx"	"sources\p081fa\InterfaceC2395w.java"	"367"	".java"
"FkWeChat_1.2.6-jadx"	"sources\p081fa\InterfaceC2396x.java"	"271"	".java"
"FkWeChat_1.2.6-jadx"	"sources\p081fa\InterfaceC2397y.java"	"337"	".java"
"FkWeChat_1.2.6-jadx"	"sources\p081fa\InterfaceC2398z.java"	"328"	".java"
"FkWeChat_1.2.6-jadx"	"sources\p082fb\AbstractC2411m.java"	"847"	".java"
"FkWeChat_1.2.6-jadx"	"sources\p082fb\C2401c.java"	"1607"	".java"
"FkWeChat_1.2.6-jadx"	"sources\p082fb\C2402d.java"	"1033"	".java"
"FkWeChat_1.2.6-jadx"	"sources\p082fb\C2403e.java"	"516"	".java"
"FkWeChat_1.2.6-jadx"	"sources\p082fb\C2404f.java"	"43559"	".java"
"FkWeChat_1.2.6-jadx"	"sources\p082fb\C2410l.java"	"893"	".java"
"FkWeChat_1.2.6-jadx"	"sources\p082fb\InterfaceC2399a.java"	"385"	".java"
"FkWeChat_1.2.6-jadx"	"sources\p082fb\InterfaceC2400b.java"	"247"	".java"
"FkWeChat_1.2.6-jadx"	"sources\p082fb\InterfaceC2405g.java"	"305"	".java"
"FkWeChat_1.2.6-jadx"	"sources\p082fb\InterfaceC2406h.java"	"377"	".java"
"FkWeChat_1.2.6-jadx"	"sources\p082fb\InterfaceC2407i.java"	"366"	".java"
"FkWeChat_1.2.6-jadx"	"sources\p082fb\InterfaceC2408j.java"	"305"	".java"
"FkWeChat_1.2.6-jadx"	"sources\p082fb\InterfaceC2409k.java"	"997"	".java"
"FkWeChat_1.2.6-jadx"	"sources\p082fb\InterfaceC2412n.java"	"1246"	".java"
"FkWeChat_1.2.6-jadx"	"sources\p083fc\AbstractC2419g.java"	"622"	".java"
"FkWeChat_1.2.6-jadx"	"sources\p083fc\AbstractC2420h.java"	"2031"	".java"
"FkWeChat_1.2.6-jadx"	"sources\p083fc\C2413a.java"	"1172"	".java"
"FkWeChat_1.2.6-jadx"	"sources\p083fc\C2414b.java"	"2028"	".java"
"FkWeChat_1.2.6-jadx"	"sources\p083fc\C2418f.java"	"5701"	".java"
"FkWeChat_1.2.6-jadx"	"sources\p084fd\AbstractC2422b.java"	"5400"	".java"
"FkWeChat_1.2.6-jadx"	"sources\p084fd\AbstractC2424d.java"	"21795"	".java"
"FkWeChat_1.2.6-jadx"	"sources\p084fd\AbstractC2426f.java"	"5246"	".java"
"FkWeChat_1.2.6-jadx"	"sources\p084fd\AbstractC2427g.java"	"11642"	".java"
"FkWeChat_1.2.6-jadx"	"sources\p084fd\AbstractC2429i.java"	"2393"	".java"
"FkWeChat_1.2.6-jadx"	"sources\p084fd\AbstractC2430j.java"	"3469"	".java"
"FkWeChat_1.2.6-jadx"	"sources\p085fe\AbstractC2431a.java"	"1624"	".java"
"FkWeChat_1.2.6-jadx"	"sources\p085fe\C2432b.java"	"4571"	".java"
"FkWeChat_1.2.6-jadx"	"sources\p086ff\AbstractC2438f.java"	"14543"	".java"
"FkWeChat_1.2.6-jadx"	"sources\p086ff\AbstractC2439g.java"	"726"	".java"
"FkWeChat_1.2.6-jadx"	"sources\p086ff\AbstractC2441i.java"	"955"	".java"
"FkWeChat_1.2.6-jadx"	"sources\p086ff\C2435c.java"	"450"	".java"
"FkWeChat_1.2.6-jadx"	"sources\p086ff\InterfaceC2433a.java"	"327"	".java"
"FkWeChat_1.2.6-jadx"	"sources\p086ff\InterfaceC2434b.java"	"327"	".java"
"FkWeChat_1.2.6-jadx"	"sources\p086ff\InterfaceC2436d.java"	"3822"	".java"
"FkWeChat_1.2.6-jadx"	"sources\p086ff\InterfaceC2440h.java"	"323"	".java"
"FkWeChat_1.2.6-jadx"	"sources\p088g\AbstractC2446e.java"	"514"	".java"
"FkWeChat_1.2.6-jadx"	"sources\p088g\C2444c.java"	"2185"	".java"
"FkWeChat_1.2.6-jadx"	"sources\p088g\C2445d.java"	"3315"	".java"
"FkWeChat_1.2.6-jadx"	"sources\p089g0\AbstractC2454c0.java"	"25302"	".java"
"FkWeChat_1.2.6-jadx"	"sources\p089g0\AbstractC2473l0.java"	"268"	".java"
"FkWeChat_1.2.6-jadx"	"sources\p089g0\AbstractC2475m0.java"	"268"	".java"
"FkWeChat_1.2.6-jadx"	"sources\p089g0\AbstractC2481p0.java"	"268"	".java"
"FkWeChat_1.2.6-jadx"	"sources\p089g0\AbstractC2483q0.java"	"268"	".java"
"FkWeChat_1.2.6-jadx"	"sources\p089g0\ActionModeCallbackC2457d0.java"	"1876"	".java"
"FkWeChat_1.2.6-jadx"	"sources\p089g0\C2455c1.java"	"3046"	".java"
"FkWeChat_1.2.6-jadx"	"sources\p089g0\C2459e0.java"	"1755"	".java"
"FkWeChat_1.2.6-jadx"	"sources\p089g0\C2477n0.java"	"859"	".java"
"FkWeChat_1.2.6-jadx"	"sources\p089g0\C2479o0.java"	"1155"	".java"
"FkWeChat_1.2.6-jadx"	"sources\p089g0\C2486s.java"	"8012"	".java"
"FkWeChat_1.2.6-jadx"	"sources\p089g0\C2499y0.java"	"774"	".java"
"FkWeChat_1.2.6-jadx"	"sources\p089g0\C2501z0.java"	"735"	".java"
"FkWeChat_1.2.6-jadx"	"sources\p089g0\InterfaceC2471k0.java"	"757"	".java"
"FkWeChat_1.2.6-jadx"	"sources\p090g1\AbstractC2502a.java"	"393"	".java"
"FkWeChat_1.2.6-jadx"	"sources\p090g1\AbstractC2503b.java"	"1004"	".java"
"FkWeChat_1.2.6-jadx"	"sources\p091g2\AbstractC2507d.java"	"377"	".java"
"FkWeChat_1.2.6-jadx"	"sources\p091g2\AbstractC2511h.java"	"5129"	".java"
"FkWeChat_1.2.6-jadx"	"sources\p091g2\C2504a.java"	"1514"	".java"
"FkWeChat_1.2.6-jadx"	"sources\p091g2\C2505b.java"	"4214"	".java"
"FkWeChat_1.2.6-jadx"	"sources\p091g2\C2508e.java"	"3101"	".java"
"FkWeChat_1.2.6-jadx"	"sources\p091g2\C2509f.java"	"6839"	".java"
"FkWeChat_1.2.6-jadx"	"sources\p091g2\C2510g.java"	"712"	".java"
"FkWeChat_1.2.6-jadx"	"sources\p091g2\InterfaceC2506c.java"	"486"	".java"
"FkWeChat_1.2.6-jadx"	"sources\p092g3\AbstractC2513b.java"	"1124"	".java"
"FkWeChat_1.2.6-jadx"	"sources\p092g3\C2512a.java"	"1755"	".java"
"FkWeChat_1.2.6-jadx"	"sources\p092g3\C2515d.java"	"2331"	".java"
"FkWeChat_1.2.6-jadx"	"sources\p093g4\AbstractC2517b.java"	"2805"	".java"
"FkWeChat_1.2.6-jadx"	"sources\p094g5\AbstractC2531n.java"	"2421"	".java"
"FkWeChat_1.2.6-jadx"	"sources\p094g5\C2526i.java"	"398"	".java"
"FkWeChat_1.2.6-jadx"	"sources\p094g5\C2528k.java"	"2213"	".java"
"FkWeChat_1.2.6-jadx"	"sources\p094g5\C2529l.java"	"855"	".java"
"FkWeChat_1.2.6-jadx"	"sources\p094g5\C2530m.java"	"676"	".java"
"FkWeChat_1.2.6-jadx"	"sources\p094g5\C2532o.java"	"898"	".java"
"FkWeChat_1.2.6-jadx"	"sources\p094g5\C2533p.java"	"676"	".java"
"FkWeChat_1.2.6-jadx"	"sources\p094g5\InterfaceC2518a.java"	"329"	".java"
"FkWeChat_1.2.6-jadx"	"sources\p094g5\InterfaceC2519b.java"	"552"	".java"
"FkWeChat_1.2.6-jadx"	"sources\p094g5\InterfaceC2520c.java"	"394"	".java"
"FkWeChat_1.2.6-jadx"	"sources\p094g5\InterfaceC2521d.java"	"374"	".java"
"FkWeChat_1.2.6-jadx"	"sources\p094g5\InterfaceC2522e.java"	"300"	".java"
"FkWeChat_1.2.6-jadx"	"sources\p094g5\InterfaceC2523f.java"	"634"	".java"
"FkWeChat_1.2.6-jadx"	"sources\p094g5\InterfaceC2524g.java"	"356"	".java"
"FkWeChat_1.2.6-jadx"	"sources\p094g5\InterfaceC2525h.java"	"300"	".java"
"FkWeChat_1.2.6-jadx"	"sources\p094g5\InterfaceC2527j.java"	"439"	".java"
"FkWeChat_1.2.6-jadx"	"sources\p095g6\AbstractC2536c.java"	"10573"	".java"
"FkWeChat_1.2.6-jadx"	"sources\p095g6\AbstractC2538e.java"	"676"	".java"
"FkWeChat_1.2.6-jadx"	"sources\p095g6\AbstractC2540g.java"	"465"	".java"
"FkWeChat_1.2.6-jadx"	"sources\p095g6\C2535b.java"	"3191"	".java"
"FkWeChat_1.2.6-jadx"	"sources\p095g6\C2537d.java"	"907"	".java"
"FkWeChat_1.2.6-jadx"	"sources\p095g6\C2539f.java"	"2210"	".java"
"FkWeChat_1.2.6-jadx"	"sources\p096g7\AbstractC2541a.java"	"763"	".java"
"FkWeChat_1.2.6-jadx"	"sources\p097g8\AbstractC2542a.java"	"974"	".java"
"FkWeChat_1.2.6-jadx"	"sources\p097g8\AbstractC2543b.java"	"707"	".java"
"FkWeChat_1.2.6-jadx"	"sources\p097g8\AbstractC2544c.java"	"5024"	".java"
"FkWeChat_1.2.6-jadx"	"sources\p097g8\AbstractC2545d.java"	"699"	".java"
"FkWeChat_1.2.6-jadx"	"sources\p097g8\InterfaceC2546e.java"	"827"	".java"
"FkWeChat_1.2.6-jadx"	"sources\p098g9\AbstractC2567u.java"	"7706"	".java"
"FkWeChat_1.2.6-jadx"	"sources\p098g9\C2547a.java"	"1265"	".java"
"FkWeChat_1.2.6-jadx"	"sources\p098g9\C2562p.java"	"4907"	".java"
"FkWeChat_1.2.6-jadx"	"sources\p098g9\C2564r.java"	"2317"	".java"
"FkWeChat_1.2.6-jadx"	"sources\p098g9\C2565s.java"	"3546"	".java"
"FkWeChat_1.2.6-jadx"	"sources\p098g9\C2566t.java"	"434"	".java"
"FkWeChat_1.2.6-jadx"	"sources\p098g9\C2568v.java"	"2720"	".java"
"FkWeChat_1.2.6-jadx"	"sources\p098g9\EnumC2563q.java"	"1644"	".java"
"FkWeChat_1.2.6-jadx"	"sources\p098g9\InterfaceC2548b.java"	"728"	".java"
"FkWeChat_1.2.6-jadx"	"sources\p098g9\InterfaceC2549c.java"	"909"	".java"
"FkWeChat_1.2.6-jadx"	"sources\p098g9\InterfaceC2550d.java"	"246"	".java"
"FkWeChat_1.2.6-jadx"	"sources\p098g9\InterfaceC2551e.java"	"343"	".java"
"FkWeChat_1.2.6-jadx"	"sources\p098g9\InterfaceC2552f.java"	"616"	".java"
"FkWeChat_1.2.6-jadx"	"sources\p098g9\InterfaceC2553g.java"	"595"	".java"
"FkWeChat_1.2.6-jadx"	"sources\p098g9\InterfaceC2554h.java"	"685"	".java"
"FkWeChat_1.2.6-jadx"	"sources\p098g9\InterfaceC2555i.java"	"685"	".java"
"FkWeChat_1.2.6-jadx"	"sources\p098g9\InterfaceC2556j.java"	"2198"	".java"
"FkWeChat_1.2.6-jadx"	"sources\p098g9\InterfaceC2557k.java"	"813"	".java"
"FkWeChat_1.2.6-jadx"	"sources\p098g9\InterfaceC2558l.java"	"706"	".java"
"FkWeChat_1.2.6-jadx"	"sources\p098g9\InterfaceC2559m.java"	"716"	".java"
"FkWeChat_1.2.6-jadx"	"sources\p098g9\InterfaceC2560n.java"	"467"	".java"
"FkWeChat_1.2.6-jadx"	"sources\p098g9\InterfaceC2561o.java"	"416"	".java"
"FkWeChat_1.2.6-jadx"	"sources\p099gc\AbstractC2737f.java"	"5442"	".java"
"FkWeChat_1.2.6-jadx"	"sources\p099gc\AbstractC2739h.java"	"3009"	".java"
"FkWeChat_1.2.6-jadx"	"sources\p099gc\AbstractC2741j.java"	"1766"	".java"
"FkWeChat_1.2.6-jadx"	"sources\p099gc\AbstractC2744m.java"	"327"	".java"
"FkWeChat_1.2.6-jadx"	"sources\p099gc\AbstractC2745n.java"	"888"	".java"
"FkWeChat_1.2.6-jadx"	"sources\p099gc\AbstractC2749r.java"	"2793"	".java"
"FkWeChat_1.2.6-jadx"	"sources\p099gc\C2736e.java"	"90647"	".java"
"FkWeChat_1.2.6-jadx"	"sources\p099gc\C2742k.java"	"4502"	".java"
"FkWeChat_1.2.6-jadx"	"sources\p099gc\C2743l.java"	"6744"	".java"
"FkWeChat_1.2.6-jadx"	"sources\p099gc\C2746o.java"	"376"	".java"
"FkWeChat_1.2.6-jadx"	"sources\p099gc\C2747p.java"	"331"	".java"
"FkWeChat_1.2.6-jadx"	"sources\p099gc\C2748q.java"	"3394"	".java"
"FkWeChat_1.2.6-jadx"	"sources\p099gc\C2750s.java"	"1254"	".java"
"FkWeChat_1.2.6-jadx"	"sources\p099gc\C2752u.java"	"705"	".java"
"FkWeChat_1.2.6-jadx"	"sources\p099gc\C2755x.java"	"550"	".java"
"FkWeChat_1.2.6-jadx"	"sources\p099gc\EnumC2732a.java"	"1660"	".java"
"FkWeChat_1.2.6-jadx"	"sources\p099gc\InterfaceC2738g.java"	"1011"	".java"
"FkWeChat_1.2.6-jadx"	"sources\p099gc\InterfaceC2740i.java"	"395"	".java"
"FkWeChat_1.2.6-jadx"	"sources\p099gc\InterfaceC2751t.java"	"320"	".java"
"FkWeChat_1.2.6-jadx"	"sources\p099gc\InterfaceC2753v.java"	"721"	".java"
"FkWeChat_1.2.6-jadx"	"sources\p099gc\InterfaceC2754w.java"	"1257"	".java"
"FkWeChat_1.2.6-jadx"	"sources\p100h\AbstractC2799b.java"	"10982"	".java"
"FkWeChat_1.2.6-jadx"	"sources\p100h\C2798a.java"	"1492"	".java"
"FkWeChat_1.2.6-jadx"	"sources\p101h0\AbstractC2807h.java"	"549"	".java"
"FkWeChat_1.2.6-jadx"	"sources\p101h0\AbstractC2810k.java"	"3217"	".java"
"FkWeChat_1.2.6-jadx"	"sources\p101h0\AbstractC2811l.java"	"549"	".java"
"FkWeChat_1.2.6-jadx"	"sources\p101h0\AbstractC2813n.java"	"1829"	".java"
"FkWeChat_1.2.6-jadx"	"sources\p101h0\AbstractC2816q.java"	"1081"	".java"
"FkWeChat_1.2.6-jadx"	"sources\p101h0\C2800a.java"	"845"	".java"
"FkWeChat_1.2.6-jadx"	"sources\p101h0\C2801b.java"	"2839"	".java"
"FkWeChat_1.2.6-jadx"	"sources\p101h0\C2803d.java"	"1424"	".java"
"FkWeChat_1.2.6-jadx"	"sources\p101h0\C2804e.java"	"597"	".java"
"FkWeChat_1.2.6-jadx"	"sources\p101h0\C2805f.java"	"3068"	".java"
"FkWeChat_1.2.6-jadx"	"sources\p101h0\C2812m.java"	"5227"	".java"
"FkWeChat_1.2.6-jadx"	"sources\p101h0\C2815p.java"	"10476"	".java"
"FkWeChat_1.2.6-jadx"	"sources\p101h0\C2817r.java"	"656"	".java"
"FkWeChat_1.2.6-jadx"	"sources\p102h1\AbstractC2819a0.java"	"2681"	".java"
"FkWeChat_1.2.6-jadx"	"sources\p102h1\AbstractC2820b.java"	"1733"	".java"
"FkWeChat_1.2.6-jadx"	"sources\p102h1\AbstractC2825f.java"	"11060"	".java"
"FkWeChat_1.2.6-jadx"	"sources\p102h1\AbstractC2836q.java"	"1846"	".java"
"FkWeChat_1.2.6-jadx"	"sources\p102h1\AbstractC2840u.java"	"1799"	".java"
"FkWeChat_1.2.6-jadx"	"sources\p102h1\C2827h.java"	"4370"	".java"
"FkWeChat_1.2.6-jadx"	"sources\p102h1\C2834o.java"	"12080"	".java"
"FkWeChat_1.2.6-jadx"	"sources\p102h1\C2838s.java"	"4229"	".java"
"FkWeChat_1.2.6-jadx"	"sources\p102h1\C2842w.java"	"4533"	".java"
"FkWeChat_1.2.6-jadx"	"sources\p102h1\InterfaceC2821b0.java"	"321"	".java"
"FkWeChat_1.2.6-jadx"	"sources\p102h1\InterfaceC2828i.java"	"545"	".java"
"FkWeChat_1.2.6-jadx"	"sources\p102h1\InterfaceC2837r.java"	"869"	".java"
"FkWeChat_1.2.6-jadx"	"sources\p102h1\InterfaceC2843x.java"	"427"	".java"
"FkWeChat_1.2.6-jadx"	"sources\p103h2\C2847b.java"	"1441"	".java"
"FkWeChat_1.2.6-jadx"	"sources\p103h2\InterfaceC2846a.java"	"462"	".java"
"FkWeChat_1.2.6-jadx"	"sources\p104h3\AbstractC2849b.java"	"473"	".java"
"FkWeChat_1.2.6-jadx"	"sources\p104h3\AbstractC2854g.java"	"790"	".java"
"FkWeChat_1.2.6-jadx"	"sources\p104h3\AbstractC2860m.java"	"1829"	".java"
"FkWeChat_1.2.6-jadx"	"sources\p104h3\AbstractC2865r.java"	"572"	".java"
"FkWeChat_1.2.6-jadx"	"sources\p104h3\AbstractC2867t.java"	"581"	".java"
"FkWeChat_1.2.6-jadx"	"sources\p104h3\AbstractC2869v.java"	"2514"	".java"
"FkWeChat_1.2.6-jadx"	"sources\p104h3\C2848a.java"	"2644"	".java"
"FkWeChat_1.2.6-jadx"	"sources\p104h3\C2850c.java"	"1862"	".java"
"FkWeChat_1.2.6-jadx"	"sources\p104h3\C2851d.java"	"1689"	".java"
"FkWeChat_1.2.6-jadx"	"sources\p104h3\C2852e.java"	"2823"	".java"
"FkWeChat_1.2.6-jadx"	"sources\p104h3\C2853f.java"	"9952"	".java"
"FkWeChat_1.2.6-jadx"	"sources\p104h3\C2855h.java"	"12920"	".java"
"FkWeChat_1.2.6-jadx"	"sources\p104h3\C2857j.java"	"3805"	".java"
"FkWeChat_1.2.6-jadx"	"sources\p104h3\C2858k.java"	"3175"	".java"
"FkWeChat_1.2.6-jadx"	"sources\p104h3\C2859l.java"	"3566"	".java"
"FkWeChat_1.2.6-jadx"	"sources\p104h3\C2864q.java"	"1975"	".java"
"FkWeChat_1.2.6-jadx"	"sources\p104h3\C2866s.java"	"2451"	".java"
"FkWeChat_1.2.6-jadx"	"sources\p104h3\C2868u.java"	"5511"	".java"
"FkWeChat_1.2.6-jadx"	"sources\p104h3\EnumC2856i.java"	"1525"	".java"
"FkWeChat_1.2.6-jadx"	"sources\p104h3\InterfaceC2863p.java"	"4226"	".java"
"FkWeChat_1.2.6-jadx"	"sources\p105h4\C2871b.java"	"3435"	".java"
"FkWeChat_1.2.6-jadx"	"sources\p106h5\C2872a.java"	"1442"	".java"
"FkWeChat_1.2.6-jadx"	"sources\p107h6\AbstractC2882j.java"	"17057"	".java"
"FkWeChat_1.2.6-jadx"	"sources\p107h6\C2873a.java"	"3446"	".java"
"FkWeChat_1.2.6-jadx"	"sources\p107h6\C2874b.java"	"1931"	".java"
"FkWeChat_1.2.6-jadx"	"sources\p107h6\C2876d.java"	"3426"	".java"
"FkWeChat_1.2.6-jadx"	"sources\p107h6\C2877e.java"	"1912"	".java"
"FkWeChat_1.2.6-jadx"	"sources\p107h6\C2878f.java"	"3366"	".java"
"FkWeChat_1.2.6-jadx"	"sources\p107h6\C2879g.java"	"3370"	".java"
"FkWeChat_1.2.6-jadx"	"sources\p107h6\C2880h.java"	"1476"	".java"
"FkWeChat_1.2.6-jadx"	"sources\p107h6\C2881i.java"	"3426"	".java"
"FkWeChat_1.2.6-jadx"	"sources\p107h6\C2884l.java"	"499"	".java"
"FkWeChat_1.2.6-jadx"	"sources\p107h6\C2885m.java"	"13665"	".java"
"FkWeChat_1.2.6-jadx"	"sources\p107h6\C2886n.java"	"5314"	".java"
"FkWeChat_1.2.6-jadx"	"sources\p107h6\C2887o.java"	"3564"	".java"
"FkWeChat_1.2.6-jadx"	"sources\p107h6\C2888p.java"	"11635"	".java"
"FkWeChat_1.2.6-jadx"	"sources\p107h6\EnumC2875c.java"	"3992"	".java"
"FkWeChat_1.2.6-jadx"	"sources\p107h6\EnumC2889q.java"	"2241"	".java"
"FkWeChat_1.2.6-jadx"	"sources\p108h7\AbstractC2894e.java"	"628"	".java"
"FkWeChat_1.2.6-jadx"	"sources\p108h7\AbstractC2897h.java"	"1110"	".java"
"FkWeChat_1.2.6-jadx"	"sources\p108h7\C2892c.java"	"639"	".java"
"FkWeChat_1.2.6-jadx"	"sources\p108h7\C2893d.java"	"1593"	".java"
"FkWeChat_1.2.6-jadx"	"sources\p108h7\C2896g.java"	"2671"	".java"
"FkWeChat_1.2.6-jadx"	"sources\p108h7\InterfaceC2890a.java"	"327"	".java"
"FkWeChat_1.2.6-jadx"	"sources\p108h7\InterfaceC2891b.java"	"2030"	".java"
"FkWeChat_1.2.6-jadx"	"sources\p109h8\AbstractC2898a.java"	"563"	".java"
"FkWeChat_1.2.6-jadx"	"sources\p110h9\AbstractC2901c.java"	"5809"	".java"
"FkWeChat_1.2.6-jadx"	"sources\p110h9\AbstractC2902d.java"	"1575"	".java"
"FkWeChat_1.2.6-jadx"	"sources\p110h9\C2899a.java"	"509"	".java"
"FkWeChat_1.2.6-jadx"	"sources\p110h9\C2900b.java"	"629"	".java"
"FkWeChat_1.2.6-jadx"	"sources\p111ha\AbstractC2907b0.java"	"607"	".java"
"FkWeChat_1.2.6-jadx"	"sources\p111ha\AbstractC2909c0.java"	"7022"	".java"
"FkWeChat_1.2.6-jadx"	"sources\p111ha\AbstractC2910d.java"	"10562"	".java"
"FkWeChat_1.2.6-jadx"	"sources\p111ha\AbstractC2914f.java"	"2044"	".java"
"FkWeChat_1.2.6-jadx"	"sources\p111ha\AbstractC2920i.java"	"905"	".java"
"FkWeChat_1.2.6-jadx"	"sources\p111ha\AbstractC2923j0.java"	"2999"	".java"
"FkWeChat_1.2.6-jadx"	"sources\p111ha\AbstractC2930q.java"	"251"	".java"
"FkWeChat_1.2.6-jadx"	"sources\p111ha\AbstractC2932s.java"	"4780"	".java"
"FkWeChat_1.2.6-jadx"	"sources\p111ha\AbstractC2936w.java"	"1297"	".java"
"FkWeChat_1.2.6-jadx"	"sources\p111ha\C2904a.java"	"571"	".java"
"FkWeChat_1.2.6-jadx"	"sources\p111ha\C2905a0.java"	"3293"	".java"
"FkWeChat_1.2.6-jadx"	"sources\p111ha\C2906b.java"	"455"	".java"
"FkWeChat_1.2.6-jadx"	"sources\p111ha\C2908c.java"	"455"	".java"
"FkWeChat_1.2.6-jadx"	"sources\p111ha\C2913e0.java"	"460"	".java"
"FkWeChat_1.2.6-jadx"	"sources\p111ha\C2915f0.java"	"3306"	".java"
"FkWeChat_1.2.6-jadx"	"sources\p111ha\C2916g.java"	"1120"	".java"
"FkWeChat_1.2.6-jadx"	"sources\p111ha\C2918h.java"	"19443"	".java"
"FkWeChat_1.2.6-jadx"	"sources\p111ha\C2919h0.java"	"2038"	".java"
"FkWeChat_1.2.6-jadx"	"sources\p111ha\C2921i0.java"	"7238"	".java"
"FkWeChat_1.2.6-jadx"	"sources\p111ha\C2926m.java"	"396"	".java"
"FkWeChat_1.2.6-jadx"	"sources\p111ha\C2927n.java"	"7976"	".java"
"FkWeChat_1.2.6-jadx"	"sources\p111ha\C2928o.java"	"1264"	".java"
"FkWeChat_1.2.6-jadx"	"sources\p111ha\C2931r.java"	"4264"	".java"
"FkWeChat_1.2.6-jadx"	"sources\p111ha\C2934u.java"	"6383"	".java"
"FkWeChat_1.2.6-jadx"	"sources\p111ha\C2938y.java"	"922"	".java"
"FkWeChat_1.2.6-jadx"	"sources\p111ha\C2939z.java"	"1709"	".java"
"FkWeChat_1.2.6-jadx"	"sources\p111ha\InterfaceC2911d0.java"	"919"	".java"
"FkWeChat_1.2.6-jadx"	"sources\p111ha\InterfaceC2917g0.java"	"948"	".java"
"FkWeChat_1.2.6-jadx"	"sources\p111ha\InterfaceC2933t.java"	"719"	".java"
"FkWeChat_1.2.6-jadx"	"sources\p111ha\InterfaceC2935v.java"	"2437"	".java"
"FkWeChat_1.2.6-jadx"	"sources\p111ha\InterfaceC2937x.java"	"3142"	".java"
"FkWeChat_1.2.6-jadx"	"sources\p112hb\AbstractC2940a.java"	"1430"	".java"
"FkWeChat_1.2.6-jadx"	"sources\p112hb\AbstractC2943b0.java"	"5477"	".java"
"FkWeChat_1.2.6-jadx"	"sources\p112hb\AbstractC2945d.java"	"511"	".java"
"FkWeChat_1.2.6-jadx"	"sources\p112hb\AbstractC2948g.java"	"6355"	".java"
"FkWeChat_1.2.6-jadx"	"sources\p112hb\AbstractC2949h.java"	"3817"	".java"
"FkWeChat_1.2.6-jadx"	"sources\p112hb\AbstractC2950i.java"	"1131"	".java"
"FkWeChat_1.2.6-jadx"	"sources\p112hb\AbstractC2965x.java"	"5109"	".java"
"FkWeChat_1.2.6-jadx"	"sources\p112hb\C2941a0.java"	"12974"	".java"
"FkWeChat_1.2.6-jadx"	"sources\p112hb\C2942b.java"	"507"	".java"
"FkWeChat_1.2.6-jadx"	"sources\p112hb\C2952k.java"	"461"	".java"
"FkWeChat_1.2.6-jadx"	"sources\p112hb\C2953l.java"	"477"	".java"
"FkWeChat_1.2.6-jadx"	"sources\p112hb\C2954m.java"	"477"	".java"
"FkWeChat_1.2.6-jadx"	"sources\p112hb\C2955n.java"	"625"	".java"
"FkWeChat_1.2.6-jadx"	"sources\p112hb\C2956o.java"	"6409"	".java"
"FkWeChat_1.2.6-jadx"	"sources\p112hb\C2959r.java"	"3281"	".java"
"FkWeChat_1.2.6-jadx"	"sources\p112hb\C2960s.java"	"783"	".java"
"FkWeChat_1.2.6-jadx"	"sources\p112hb\C2961t.java"	"24997"	".java"
"FkWeChat_1.2.6-jadx"	"sources\p112hb\C2962u.java"	"697"	".java"
"FkWeChat_1.2.6-jadx"	"sources\p112hb\C2963v.java"	"846"	".java"
"FkWeChat_1.2.6-jadx"	"sources\p112hb\C2964w.java"	"2546"	".java"
"FkWeChat_1.2.6-jadx"	"sources\p112hb\C2967z.java"	"473"	".java"
"FkWeChat_1.2.6-jadx"	"sources\p112hb\InterfaceC2947f.java"	"1020"	".java"
"FkWeChat_1.2.6-jadx"	"sources\p112hb\InterfaceC2958q.java"	"1131"	".java"
"FkWeChat_1.2.6-jadx"	"sources\p112hb\InterfaceC2966y.java"	"410"	".java"
"FkWeChat_1.2.6-jadx"	"sources\p113hc\AbstractC2968a.java"	"3903"	".java"
"FkWeChat_1.2.6-jadx"	"sources\p113hc\AbstractC2976e.java"	"4418"	".java"
"FkWeChat_1.2.6-jadx"	"sources\p113hc\AbstractC2978f.java"	"5725"	".java"
"FkWeChat_1.2.6-jadx"	"sources\p113hc\AbstractC2980g.java"	"7275"	".java"
"FkWeChat_1.2.6-jadx"	"sources\p113hc\AbstractC2982h.java"	"1178"	".java"
"FkWeChat_1.2.6-jadx"	"sources\p113hc\AbstractC2983h0.java"	"1188"	".java"
"FkWeChat_1.2.6-jadx"	"sources\p113hc\AbstractC2984i.java"	"1958"	".java"
"FkWeChat_1.2.6-jadx"	"sources\p113hc\AbstractC2988l.java"	"2112"	".java"
"FkWeChat_1.2.6-jadx"	"sources\p113hc\AbstractC2989m.java"	"385"	".java"
"FkWeChat_1.2.6-jadx"	"sources\p113hc\AbstractC2990n.java"	"17573"	".java"
"FkWeChat_1.2.6-jadx"	"sources\p113hc\AbstractC2991o.java"	"4775"	".java"
"FkWeChat_1.2.6-jadx"	"sources\p113hc\AbstractC2992p.java"	"16898"	".java"
"FkWeChat_1.2.6-jadx"	"sources\p113hc\AbstractC3000x.java"	"2484"	".java"
"FkWeChat_1.2.6-jadx"	"sources\p113hc\C2969a0.java"	"886"	".java"
"FkWeChat_1.2.6-jadx"	"sources\p113hc\C2970b.java"	"5862"	".java"
"FkWeChat_1.2.6-jadx"	"sources\p113hc\C2973c0.java"	"573"	".java"
"FkWeChat_1.2.6-jadx"	"sources\p113hc\C2975d0.java"	"7964"	".java"
"FkWeChat_1.2.6-jadx"	"sources\p113hc\C2977e0.java"	"9814"	".java"
"FkWeChat_1.2.6-jadx"	"sources\p113hc\C2981g0.java"	"8781"	".java"
"FkWeChat_1.2.6-jadx"	"sources\p113hc\C2985i0.java"	"3299"	".java"
"FkWeChat_1.2.6-jadx"	"sources\p113hc\C2996t.java"	"1492"	".java"
"FkWeChat_1.2.6-jadx"	"sources\p113hc\C2997u.java"	"919"	".java"
"FkWeChat_1.2.6-jadx"	"sources\p113hc\C2999w.java"	"30637"	".java"
"FkWeChat_1.2.6-jadx"	"sources\p113hc\C3001y.java"	"1115"	".java"
"FkWeChat_1.2.6-jadx"	"sources\p113hc\EnumC3002z.java"	"1672"	".java"
"FkWeChat_1.2.6-jadx"	"sources\p113hc\InterfaceC2971b0.java"	"1792"	".java"
"FkWeChat_1.2.6-jadx"	"sources\p113hc\InterfaceC2972c.java"	"405"	".java"
"FkWeChat_1.2.6-jadx"	"sources\p113hc\InterfaceC2974d.java"	"384"	".java"
"FkWeChat_1.2.6-jadx"	"sources\p113hc\InterfaceC2979f0.java"	"297"	".java"
"FkWeChat_1.2.6-jadx"	"sources\p113hc\InterfaceC2994r.java"	"676"	".java"
"FkWeChat_1.2.6-jadx"	"sources\p113hc\InterfaceC2995s.java"	"477"	".java"
"FkWeChat_1.2.6-jadx"	"sources\p113hc\InterfaceC2998v.java"	"470"	".java"
"FkWeChat_1.2.6-jadx"	"sources\p114hd\C3004b.java"	"2094"	".java"
"FkWeChat_1.2.6-jadx"	"sources\p114hd\C3006d.java"	"1913"	".java"
"FkWeChat_1.2.6-jadx"	"sources\p114hd\C3009g.java"	"4207"	".java"
"FkWeChat_1.2.6-jadx"	"sources\p114hd\C3011i.java"	"1835"	".java"
"FkWeChat_1.2.6-jadx"	"sources\p114hd\C3014l.java"	"5731"	".java"
"FkWeChat_1.2.6-jadx"	"sources\p114hd\C3016n.java"	"3148"	".java"
"FkWeChat_1.2.6-jadx"	"sources\p115he\C3017a.java"	"94940"	".java"
"FkWeChat_1.2.6-jadx"	"sources\p116hf\AbstractC3018a.java"	"6451"	".java"
"FkWeChat_1.2.6-jadx"	"sources\p116hf\AbstractC3022e.java"	"1271"	".java"
"FkWeChat_1.2.6-jadx"	"sources\p116hf\AbstractC3023f.java"	"550"	".java"
"FkWeChat_1.2.6-jadx"	"sources\p116hf\AbstractC3028k.java"	"594"	".java"
"FkWeChat_1.2.6-jadx"	"sources\p116hf\AbstractC3029l.java"	"1101"	".java"
"FkWeChat_1.2.6-jadx"	"sources\p116hf\AbstractC3030m.java"	"3265"	".java"
"FkWeChat_1.2.6-jadx"	"sources\p116hf\AbstractC3035r.java"	"897"	".java"
"FkWeChat_1.2.6-jadx"	"sources\p116hf\C3019b.java"	"1101"	".java"
"FkWeChat_1.2.6-jadx"	"sources\p116hf\C3020c.java"	"2109"	".java"
"FkWeChat_1.2.6-jadx"	"sources\p116hf\C3021d.java"	"1192"	".java"
"FkWeChat_1.2.6-jadx"	"sources\p116hf\C3024g.java"	"5179"	".java"
"FkWeChat_1.2.6-jadx"	"sources\p116hf\C3025h.java"	"494"	".java"
"FkWeChat_1.2.6-jadx"	"sources\p116hf\C3026i.java"	"295"	".java"
"FkWeChat_1.2.6-jadx"	"sources\p116hf\C3027j.java"	"1503"	".java"
"FkWeChat_1.2.6-jadx"	"sources\p116hf\C3031n.java"	"9228"	".java"
"FkWeChat_1.2.6-jadx"	"sources\p116hf\C3032o.java"	"1684"	".java"
"FkWeChat_1.2.6-jadx"	"sources\p116hf\C3033p.java"	"1544"	".java"
"FkWeChat_1.2.6-jadx"	"sources\p116hf\C3034q.java"	"332"	".java"
"FkWeChat_1.2.6-jadx"	"sources\p117i\AbstractC3038a1.java"	"2475"	".java"
"FkWeChat_1.2.6-jadx"	"sources\p117i\AbstractC3040b0.java"	"345"	".java"
"FkWeChat_1.2.6-jadx"	"sources\p117i\AbstractC3041b1.java"	"20604"	".java"
"FkWeChat_1.2.6-jadx"	"sources\p117i\AbstractC3044c1.java"	"1369"	".java"
"FkWeChat_1.2.6-jadx"	"sources\p117i\AbstractC3045d.java"	"636"	".java"
"FkWeChat_1.2.6-jadx"	"sources\p117i\AbstractC3047d1.java"	"12724"	".java"
"FkWeChat_1.2.6-jadx"	"sources\p117i\AbstractC3048e.java"	"1968"	".java"
"FkWeChat_1.2.6-jadx"	"sources\p117i\AbstractC3050e1.java"	"916"	".java"
"FkWeChat_1.2.6-jadx"	"sources\p117i\AbstractC3053f1.java"	"2475"	".java"
"FkWeChat_1.2.6-jadx"	"sources\p117i\AbstractC3056g1.java"	"459"	".java"
"FkWeChat_1.2.6-jadx"	"sources\p117i\AbstractC3057h.java"	"580"	".java"
"FkWeChat_1.2.6-jadx"	"sources\p117i\AbstractC3060i.java"	"1602"	".java"
"FkWeChat_1.2.6-jadx"	"sources\p117i\AbstractC3063j.java"	"9806"	".java"
"FkWeChat_1.2.6-jadx"	"sources\p117i\AbstractC3065j1.java"	"1415"	".java"
"FkWeChat_1.2.6-jadx"	"sources\p117i\AbstractC3066k.java"	"479"	".java"
"FkWeChat_1.2.6-jadx"	"sources\p117i\AbstractC3071m.java"	"6403"	".java"
"FkWeChat_1.2.6-jadx"	"sources\p117i\AbstractC3073n.java"	"1072"	".java"
"FkWeChat_1.2.6-jadx"	"sources\p117i\AbstractC3075o.java"	"14478"	".java"
"FkWeChat_1.2.6-jadx"	"sources\p117i\AbstractC3077p.java"	"1197"	".java"
"FkWeChat_1.2.6-jadx"	"sources\p117i\AbstractC3079q.java"	"10735"	".java"
"FkWeChat_1.2.6-jadx"	"sources\p117i\AbstractC3081r.java"	"685"	".java"
"FkWeChat_1.2.6-jadx"	"sources\p117i\AbstractC3085t.java"	"8769"	".java"
"FkWeChat_1.2.6-jadx"	"sources\p117i\AbstractC3087u.java"	"479"	".java"
"FkWeChat_1.2.6-jadx"	"sources\p117i\AbstractC3088u0.java"	"10208"	".java"
"FkWeChat_1.2.6-jadx"	"sources\p117i\AbstractC3089v.java"	"4443"	".java"
"FkWeChat_1.2.6-jadx"	"sources\p117i\AbstractC3090v0.java"	"670"	".java"
"FkWeChat_1.2.6-jadx"	"sources\p117i\AbstractC3091w.java"	"14031"	".java"
"FkWeChat_1.2.6-jadx"	"sources\p117i\AbstractC3092w0.java"	"8063"	".java"
"FkWeChat_1.2.6-jadx"	"sources\p117i\AbstractC3093x.java"	"1124"	".java"
"FkWeChat_1.2.6-jadx"	"sources\p117i\AbstractC3094x0.java"	"2057"	".java"
"FkWeChat_1.2.6-jadx"	"sources\p117i\AbstractC3095y.java"	"10797"	".java"
"FkWeChat_1.2.6-jadx"	"sources\p117i\AbstractC3096y0.java"	"11850"	".java"
"FkWeChat_1.2.6-jadx"	"sources\p117i\AbstractC3097z.java"	"555"	".java"
"FkWeChat_1.2.6-jadx"	"sources\p117i\AbstractC3098z0.java"	"481"	".java"
"FkWeChat_1.2.6-jadx"	"sources\p117i\C3036a.java"	"16719"	".java"
"FkWeChat_1.2.6-jadx"	"sources\p117i\C3037a0.java"	"9045"	".java"
"FkWeChat_1.2.6-jadx"	"sources\p117i\C3039b.java"	"457"	".java"
"FkWeChat_1.2.6-jadx"	"sources\p117i\C3042c.java"	"11931"	".java"
"FkWeChat_1.2.6-jadx"	"sources\p117i\C3043c0.java"	"8540"	".java"
"FkWeChat_1.2.6-jadx"	"sources\p117i\C3046d0.java"	"1001"	".java"
"FkWeChat_1.2.6-jadx"	"sources\p117i\C3049e0.java"	"5991"	".java"
"FkWeChat_1.2.6-jadx"	"sources\p117i\C3051f.java"	"332"	".java"
"FkWeChat_1.2.6-jadx"	"sources\p117i\C3052f0.java"	"10425"	".java"
"FkWeChat_1.2.6-jadx"	"sources\p117i\C3054g.java"	"11273"	".java"
"FkWeChat_1.2.6-jadx"	"sources\p117i\C3055g0.java"	"4116"	".java"
"FkWeChat_1.2.6-jadx"	"sources\p117i\C3058h0.java"	"14237"	".java"
"FkWeChat_1.2.6-jadx"	"sources\p117i\C3059h1.java"	"13979"	".java"
"FkWeChat_1.2.6-jadx"	"sources\p117i\C3061i0.java"	"17466"	".java"
"FkWeChat_1.2.6-jadx"	"sources\p117i\C3062i1.java"	"4957"	".java"
"FkWeChat_1.2.6-jadx"	"sources\p117i\C3064j0.java"	"9632"	".java"
"FkWeChat_1.2.6-jadx"	"sources\p117i\C3067k0.java"	"3076"	".java"
"FkWeChat_1.2.6-jadx"	"sources\p117i\C3068k1.java"	"10348"	".java"
"FkWeChat_1.2.6-jadx"	"sources\p117i\C3069l.java"	"1939"	".java"
"FkWeChat_1.2.6-jadx"	"sources\p117i\C3070l0.java"	"14157"	".java"
"FkWeChat_1.2.6-jadx"	"sources\p117i\C3072m0.java"	"12219"	".java"
"FkWeChat_1.2.6-jadx"	"sources\p117i\C3074n0.java"	"11297"	".java"
"FkWeChat_1.2.6-jadx"	"sources\p117i\C3076o0.java"	"23350"	".java"
"FkWeChat_1.2.6-jadx"	"sources\p117i\C3078p0.java"	"26780"	".java"
"FkWeChat_1.2.6-jadx"	"sources\p117i\C3080q0.java"	"7565"	".java"
"FkWeChat_1.2.6-jadx"	"sources\p117i\C3082r0.java"	"15836"	".java"
"FkWeChat_1.2.6-jadx"	"sources\p117i\C3083s.java"	"10307"	".java"
"FkWeChat_1.2.6-jadx"	"sources\p117i\C3084s0.java"	"21550"	".java"
"FkWeChat_1.2.6-jadx"	"sources\p117i\C3086t0.java"	"11590"	".java"
"FkWeChat_1.2.6-jadx"	"sources\p118i0\AbstractC3111m.java"	"1510"	".java"
"FkWeChat_1.2.6-jadx"	"sources\p118i0\C3101c.java"	"8977"	".java"
"FkWeChat_1.2.6-jadx"	"sources\p118i0\InterfaceC3107i.java"	"582"	".java"
"FkWeChat_1.2.6-jadx"	"sources\p118i0\InterfaceC3108j.java"	"405"	".java"
"FkWeChat_1.2.6-jadx"	"sources\p119i1\AbstractC3118c.java"	"3694"	".java"
"FkWeChat_1.2.6-jadx"	"sources\p119i1\AbstractC3126f0.java"	"5553"	".java"
"FkWeChat_1.2.6-jadx"	"sources\p119i1\AbstractC3129h.java"	"815"	".java"
"FkWeChat_1.2.6-jadx"	"sources\p119i1\AbstractC3130h0.java"	"488"	".java"
"FkWeChat_1.2.6-jadx"	"sources\p119i1\AbstractC3137l.java"	"13853"	".java"
"FkWeChat_1.2.6-jadx"	"sources\p119i1\AbstractC3141n.java"	"1684"	".java"
"FkWeChat_1.2.6-jadx"	"sources\p119i1\AbstractC3142n0.java"	"4200"	".java"
"FkWeChat_1.2.6-jadx"	"sources\p119i1\AbstractC3149r.java"	"1953"	".java"
"FkWeChat_1.2.6-jadx"	"sources\p119i1\AbstractC3152s0.java"	"1976"	".java"
"FkWeChat_1.2.6-jadx"	"sources\p119i1\AbstractC3159w.java"	"32591"	".java"
"FkWeChat_1.2.6-jadx"	"sources\p119i1\AbstractC3160w0.java"	"930"	".java"
"FkWeChat_1.2.6-jadx"	"sources\p119i1\AbstractC3162x0.java"	"1178"	".java"
"FkWeChat_1.2.6-jadx"	"sources\p119i1\AbstractC3165z.java"	"1449"	".java"
"FkWeChat_1.2.6-jadx"	"sources\p119i1\C3113a0.java"	"6725"	".java"
"FkWeChat_1.2.6-jadx"	"sources\p119i1\C3114a1.java"	"10685"	".java"
"FkWeChat_1.2.6-jadx"	"sources\p119i1\C3115b.java"	"6625"	".java"
"FkWeChat_1.2.6-jadx"	"sources\p119i1\C3117b1.java"	"6692"	".java"
"FkWeChat_1.2.6-jadx"	"sources\p119i1\C3120c1.java"	"4470"	".java"
"FkWeChat_1.2.6-jadx"	"sources\p119i1\C3121d.java"	"23759"	".java"
"FkWeChat_1.2.6-jadx"	"sources\p119i1\C3123e.java"	"3833"	".java"
"FkWeChat_1.2.6-jadx"	"sources\p119i1\C3125f.java"	"3837"	".java"
"FkWeChat_1.2.6-jadx"	"sources\p119i1\C3128g0.java"	"12882"	".java"
"FkWeChat_1.2.6-jadx"	"sources\p119i1\C3131i.java"	"3368"	".java"
"FkWeChat_1.2.6-jadx"	"sources\p119i1\C3138l0.java"	"31081"	".java"
"FkWeChat_1.2.6-jadx"	"sources\p119i1\C3139m.java"	"438"	".java"
"FkWeChat_1.2.6-jadx"	"sources\p119i1\C3143o.java"	"4643"	".java"
"FkWeChat_1.2.6-jadx"	"sources\p119i1\C3144o0.java"	"6381"	".java"
"FkWeChat_1.2.6-jadx"	"sources\p119i1\C3145p.java"	"1292"	".java"
"FkWeChat_1.2.6-jadx"	"sources\p119i1\C3146p0.java"	"3194"	".java"
"FkWeChat_1.2.6-jadx"	"sources\p119i1\C3147q.java"	"15728"	".java"
"FkWeChat_1.2.6-jadx"	"sources\p119i1\C3148q0.java"	"2060"	".java"
"FkWeChat_1.2.6-jadx"	"sources\p119i1\C3150r0.java"	"2385"	".java"
"FkWeChat_1.2.6-jadx"	"sources\p119i1\C3154t0.java"	"749"	".java"
"FkWeChat_1.2.6-jadx"	"sources\p119i1\C3156u0.java"	"751"	".java"
"FkWeChat_1.2.6-jadx"	"sources\p119i1\C3161x.java"	"6120"	".java"
"FkWeChat_1.2.6-jadx"	"sources\p119i1\C3163y.java"	"5017"	".java"
"FkWeChat_1.2.6-jadx"	"sources\p119i1\C3164y0.java"	"2195"	".java"
"FkWeChat_1.2.6-jadx"	"sources\p119i1\C3166z0.java"	"1706"	".java"
"FkWeChat_1.2.6-jadx"	"sources\p119i1\InterfaceC3116b0.java"	"448"	".java"
"FkWeChat_1.2.6-jadx"	"sources\p119i1\InterfaceC3127g.java"	"306"	".java"
"FkWeChat_1.2.6-jadx"	"sources\p119i1\InterfaceC3158v0.java"	"619"	".java"
"FkWeChat_1.2.6-jadx"	"sources\p120i2\AbstractC3167a.java"	"839"	".java"
"FkWeChat_1.2.6-jadx"	"sources\p120i2\AbstractC3168b.java"	"743"	".java"
"FkWeChat_1.2.6-jadx"	"sources\p120i2\AbstractC3169c.java"	"370"	".java"
"FkWeChat_1.2.6-jadx"	"sources\p121i3\AbstractC3170a.java"	"853"	".java"
"FkWeChat_1.2.6-jadx"	"sources\p121i3\AbstractC3171a0.java"	"485"	".java"
"FkWeChat_1.2.6-jadx"	"sources\p121i3\AbstractC3174d.java"	"6201"	".java"
"FkWeChat_1.2.6-jadx"	"sources\p121i3\AbstractC3177g.java"	"659"	".java"
"FkWeChat_1.2.6-jadx"	"sources\p121i3\AbstractC3180j.java"	"708"	".java"
"FkWeChat_1.2.6-jadx"	"sources\p121i3\AbstractC3184n.java"	"543"	".java"
"FkWeChat_1.2.6-jadx"	"sources\p121i3\AbstractC3186p.java"	"1321"	".java"
"FkWeChat_1.2.6-jadx"	"sources\p121i3\AbstractC3188r.java"	"1002"	".java"
"FkWeChat_1.2.6-jadx"	"sources\p121i3\AbstractC3190t.java"	"1360"	".java"
"FkWeChat_1.2.6-jadx"	"sources\p121i3\AbstractC3194x.java"	"2253"	".java"
"FkWeChat_1.2.6-jadx"	"sources\p121i3\C3172b.java"	"497"	".java"
"FkWeChat_1.2.6-jadx"	"sources\p121i3\C3173c.java"	"8813"	".java"
"FkWeChat_1.2.6-jadx"	"sources\p121i3\C3176f.java"	"1378"	".java"
"FkWeChat_1.2.6-jadx"	"sources\p121i3\C3178h.java"	"2318"	".java"
"FkWeChat_1.2.6-jadx"	"sources\p121i3\C3179i.java"	"3515"	".java"
"FkWeChat_1.2.6-jadx"	"sources\p121i3\C3181k.java"	"2791"	".java"
"FkWeChat_1.2.6-jadx"	"sources\p121i3\C3182l.java"	"3623"	".java"
"FkWeChat_1.2.6-jadx"	"sources\p121i3\C3185o.java"	"4168"	".java"
"FkWeChat_1.2.6-jadx"	"sources\p121i3\C3187q.java"	"4491"	".java"
"FkWeChat_1.2.6-jadx"	"sources\p121i3\C3189s.java"	"2318"	".java"
"FkWeChat_1.2.6-jadx"	"sources\p121i3\C3192v.java"	"1180"	".java"
"FkWeChat_1.2.6-jadx"	"sources\p121i3\C3193w.java"	"3686"	".java"
"FkWeChat_1.2.6-jadx"	"sources\p121i3\C3195y.java"	"2899"	".java"
"FkWeChat_1.2.6-jadx"	"sources\p121i3\C3196z.java"	"4729"	".java"
"FkWeChat_1.2.6-jadx"	"sources\p121i3\EnumC3191u.java"	"1525"	".java"
"FkWeChat_1.2.6-jadx"	"sources\p121i3\InterfaceC3175e.java"	"2097"	".java"
"FkWeChat_1.2.6-jadx"	"sources\p121i3\InterfaceC3183m.java"	"1499"	".java"
"FkWeChat_1.2.6-jadx"	"sources\p122i4\AbstractC3197a.java"	"226"	".java"
"FkWeChat_1.2.6-jadx"	"sources\p123i5\C3198a.java"	"939"	".java"
"FkWeChat_1.2.6-jadx"	"sources\p125i7\AbstractC3206d.java"	"595"	".java"
"FkWeChat_1.2.6-jadx"	"sources\p125i7\AbstractC3207d0.java"	"893"	".java"
"FkWeChat_1.2.6-jadx"	"sources\p125i7\AbstractC3221k0.java"	"1531"	".java"
"FkWeChat_1.2.6-jadx"	"sources\p125i7\AbstractC3222l.java"	"2660"	".java"
"FkWeChat_1.2.6-jadx"	"sources\p125i7\AbstractC3225m0.java"	"718"	".java"
"FkWeChat_1.2.6-jadx"	"sources\p125i7\AbstractC3229o0.java"	"585"	".java"
"FkWeChat_1.2.6-jadx"	"sources\p125i7\AbstractC3231p0.java"	"990"	".java"
"FkWeChat_1.2.6-jadx"	"sources\p125i7\AbstractC3232q.java"	"5071"	".java"
"FkWeChat_1.2.6-jadx"	"sources\p125i7\AbstractC3243v0.java"	"1713"	".java"
"FkWeChat_1.2.6-jadx"	"sources\p125i7\AbstractC3247x0.java"	"1330"	".java"
"FkWeChat_1.2.6-jadx"	"sources\p125i7\C3204c.java"	"1375"	".java"
"FkWeChat_1.2.6-jadx"	"sources\p125i7\C3205c0.java"	"61657"	".java"
"FkWeChat_1.2.6-jadx"	"sources\p125i7\C3208e.java"	"2029"	".java"
"FkWeChat_1.2.6-jadx"	"sources\p125i7\C3217i0.java"	"1608"	".java"
"FkWeChat_1.2.6-jadx"	"sources\p125i7\C3223l0.java"	"2078"	".java"
"FkWeChat_1.2.6-jadx"	"sources\p125i7\C3227n0.java"	"4014"	".java"
"FkWeChat_1.2.6-jadx"	"sources\p125i7\C3230p.java"	"863"	".java"
"FkWeChat_1.2.6-jadx"	"sources\p125i7\C3234r.java"	"1967"	".java"
"FkWeChat_1.2.6-jadx"	"sources\p125i7\C3239t0.java"	"1011"	".java"
"FkWeChat_1.2.6-jadx"	"sources\p125i7\C3244w.java"	"2986"	".java"
"FkWeChat_1.2.6-jadx"	"sources\p125i7\C3246x.java"	"2496"	".java"
"FkWeChat_1.2.6-jadx"	"sources\p125i7\C3249y0.java"	"905"	".java"
"FkWeChat_1.2.6-jadx"	"sources\p125i7\InterfaceC3200a.java"	"2077"	".java"
"FkWeChat_1.2.6-jadx"	"sources\p125i7\InterfaceC3202b.java"	"690"	".java"
"FkWeChat_1.2.6-jadx"	"sources\p125i7\InterfaceC3219j0.java"	"396"	".java"
"FkWeChat_1.2.6-jadx"	"sources\p126i8\AbstractC3285g3.java"	"1529"	".java"
"FkWeChat_1.2.6-jadx"	"sources\p126i8\AbstractC3306l2.java"	"794"	".java"
"FkWeChat_1.2.6-jadx"	"sources\p126i8\AbstractC3328r0.java"	"549"	".java"
"FkWeChat_1.2.6-jadx"	"sources\p126i8\AbstractC3341u1.java"	"794"	".java"
"FkWeChat_1.2.6-jadx"	"sources\p126i8\C3256b.java"	"448"	".java"
"FkWeChat_1.2.6-jadx"	"sources\p126i8\C3282g0.java"	"6744"	".java"
"FkWeChat_1.2.6-jadx"	"sources\p126i8\C3290h3.java"	"1678"	".java"
"FkWeChat_1.2.6-jadx"	"sources\p126i8\C3294i2.java"	"16581"	".java"
"FkWeChat_1.2.6-jadx"	"sources\p126i8\C3322p2.java"	"2657"	".java"
"FkWeChat_1.2.6-jadx"	"sources\p126i8\C3326q2.java"	"1651"	".java"
"FkWeChat_1.2.6-jadx"	"sources\p126i8\C3332s0.java"	"1791"	".java"
"FkWeChat_1.2.6-jadx"	"sources\p126i8\C3336t0.java"	"985"	".java"
"FkWeChat_1.2.6-jadx"	"sources\p126i8\C3345v1.java"	"961"	".java"
"FkWeChat_1.2.6-jadx"	"sources\p126i8\InterfaceC3251a.java"	"246"	".java"
"FkWeChat_1.2.6-jadx"	"sources\p126i8\InterfaceC3261c.java"	"246"	".java"
"FkWeChat_1.2.6-jadx"	"sources\p126i8\InterfaceC3266d.java"	"268"	".java"
"FkWeChat_1.2.6-jadx"	"sources\p126i8\InterfaceC3271e.java"	"316"	".java"
"FkWeChat_1.2.6-jadx"	"sources\p127i9\AbstractC3365c.java"	"3001"	".java"
"FkWeChat_1.2.6-jadx"	"sources\p127i9\AbstractC3366d.java"	"7949"	".java"
"FkWeChat_1.2.6-jadx"	"sources\p127i9\C3364b.java"	"439"	".java"
"FkWeChat_1.2.6-jadx"	"sources\p128ia\C3368a.java"	"6736"	".java"
"FkWeChat_1.2.6-jadx"	"sources\p128ia\C3369b.java"	"23666"	".java"
"FkWeChat_1.2.6-jadx"	"sources\p129ib\C3373d.java"	"397"	".java"
"FkWeChat_1.2.6-jadx"	"sources\p129ib\C3374e.java"	"3920"	".java"
"FkWeChat_1.2.6-jadx"	"sources\p129ib\C3376g.java"	"3197"	".java"
"FkWeChat_1.2.6-jadx"	"sources\p129ib\C3378i.java"	"4754"	".java"
"FkWeChat_1.2.6-jadx"	"sources\p129ib\C3381l.java"	"6062"	".java"
"FkWeChat_1.2.6-jadx"	"sources\p129ib\C3382m.java"	"2687"	".java"
"FkWeChat_1.2.6-jadx"	"sources\p129ib\EnumC3371b.java"	"2578"	".java"
"FkWeChat_1.2.6-jadx"	"sources\p129ib\EnumC3377h.java"	"3369"	".java"
"FkWeChat_1.2.6-jadx"	"sources\p129ib\EnumC3380k.java"	"18753"	".java"
"FkWeChat_1.2.6-jadx"	"sources\p130ic\AbstractC3384b.java"	"4269"	".java"
"FkWeChat_1.2.6-jadx"	"sources\p130ic\AbstractC3385c.java"	"401"	".java"
"FkWeChat_1.2.6-jadx"	"sources\p130ic\AbstractC3386d.java"	"475"	".java"
"FkWeChat_1.2.6-jadx"	"sources\p130ic\AbstractC3387e.java"	"10184"	".java"
"FkWeChat_1.2.6-jadx"	"sources\p130ic\AbstractC3388f.java"	"2291"	".java"
"FkWeChat_1.2.6-jadx"	"sources\p130ic\AbstractC3389g.java"	"5915"	".java"
"FkWeChat_1.2.6-jadx"	"sources\p130ic\AbstractC3394l.java"	"438"	".java"
"FkWeChat_1.2.6-jadx"	"sources\p130ic\AbstractC3398p.java"	"595"	".java"
"FkWeChat_1.2.6-jadx"	"sources\p130ic\AbstractC3401s.java"	"1480"	".java"
"FkWeChat_1.2.6-jadx"	"sources\p130ic\AbstractC3403u.java"	"2802"	".java"
"FkWeChat_1.2.6-jadx"	"sources\p130ic\C3383a.java"	"700"	".java"
"FkWeChat_1.2.6-jadx"	"sources\p130ic\C3390h.java"	"1837"	".java"
"FkWeChat_1.2.6-jadx"	"sources\p130ic\C3391i.java"	"13360"	".java"
"FkWeChat_1.2.6-jadx"	"sources\p130ic\C3392j.java"	"574"	".java"
"FkWeChat_1.2.6-jadx"	"sources\p130ic\C3393k.java"	"1476"	".java"
"FkWeChat_1.2.6-jadx"	"sources\p130ic\C3396n.java"	"766"	".java"
"FkWeChat_1.2.6-jadx"	"sources\p130ic\C3397o.java"	"646"	".java"
"FkWeChat_1.2.6-jadx"	"sources\p130ic\C3400r.java"	"5602"	".java"
"FkWeChat_1.2.6-jadx"	"sources\p130ic\C3404v.java"	"925"	".java"
"FkWeChat_1.2.6-jadx"	"sources\p130ic\C3405w.java"	"1274"	".java"
"FkWeChat_1.2.6-jadx"	"sources\p130ic\C3406x.java"	"1135"	".java"
"FkWeChat_1.2.6-jadx"	"sources\p130ic\C3407y.java"	"3681"	".java"
"FkWeChat_1.2.6-jadx"	"sources\p130ic\InterfaceC3395m.java"	"1532"	".java"
"FkWeChat_1.2.6-jadx"	"sources\p132j\AbstractC3489a.java"	"2385"	".java"
"FkWeChat_1.2.6-jadx"	"sources\p132j\AbstractC3492d.java"	"982"	".java"
"FkWeChat_1.2.6-jadx"	"sources\p132j\C3490b.java"	"237"	".java"
"FkWeChat_1.2.6-jadx"	"sources\p132j\C3491c.java"	"1320"	".java"
"FkWeChat_1.2.6-jadx"	"sources\p133j0\AbstractC3494b.java"	"1570"	".java"
"FkWeChat_1.2.6-jadx"	"sources\p133j0\AbstractC3496d.java"	"545"	".java"
"FkWeChat_1.2.6-jadx"	"sources\p133j0\C3493a.java"	"2842"	".java"
"FkWeChat_1.2.6-jadx"	"sources\p134j1\AbstractC3498b.java"	"2447"	".java"
"FkWeChat_1.2.6-jadx"	"sources\p134j1\C3497a.java"	"859"	".java"
"FkWeChat_1.2.6-jadx"	"sources\p135j2\AbstractC3499a.java"	"1202"	".java"
"FkWeChat_1.2.6-jadx"	"sources\p135j2\AbstractC3500a0.java"	"919"	".java"
"FkWeChat_1.2.6-jadx"	"sources\p135j2\AbstractC3503b.java"	"2724"	".java"
"FkWeChat_1.2.6-jadx"	"sources\p135j2\AbstractC3509c1.java"	"552"	".java"
"FkWeChat_1.2.6-jadx"	"sources\p135j2\AbstractC3516e0.java"	"3298"	".java"
"FkWeChat_1.2.6-jadx"	"sources\p135j2\AbstractC3517e1.java"	"552"	".java"
"FkWeChat_1.2.6-jadx"	"sources\p135j2\AbstractC3518e2.java"	"500"	".java"
"FkWeChat_1.2.6-jadx"	"sources\p135j2\AbstractC3519f.java"	"1226"	".java"
"FkWeChat_1.2.6-jadx"	"sources\p135j2\AbstractC3522f2.java"	"693"	".java"
"FkWeChat_1.2.6-jadx"	"sources\p135j2\AbstractC3528h0.java"	"551"	".java"
"FkWeChat_1.2.6-jadx"	"sources\p135j2\AbstractC3531i.java"	"880"	".java"
"FkWeChat_1.2.6-jadx"	"sources\p135j2\AbstractC3541k1.java"	"1309"	".java"
"FkWeChat_1.2.6-jadx"	"sources\p135j2\AbstractC3545l1.java"	"16410"	".java"
"FkWeChat_1.2.6-jadx"	"sources\p135j2\AbstractC3549m1.java"	"1871"	".java"
"FkWeChat_1.2.6-jadx"	"sources\p135j2\AbstractC3559p1.java"	"644"	".java"
"FkWeChat_1.2.6-jadx"	"sources\p135j2\AbstractC3571t1.java"	"939"	".java"
"FkWeChat_1.2.6-jadx"	"sources\p135j2\AbstractC3574u1.java"	"1649"	".java"
"FkWeChat_1.2.6-jadx"	"sources\p135j2\AbstractC3576v0.java"	"431"	".java"
"FkWeChat_1.2.6-jadx"	"sources\p135j2\AbstractC3580w1.java"	"5048"	".java"
"FkWeChat_1.2.6-jadx"	"sources\p135j2\AbstractC3581x.java"	"6931"	".java"
"FkWeChat_1.2.6-jadx"	"sources\p135j2\AbstractC3583x1.java"	"1023"	".java"
"FkWeChat_1.2.6-jadx"	"sources\p135j2\AbstractC3586y1.java"	"791"	".java"
"FkWeChat_1.2.6-jadx"	"sources\p135j2\AbstractC3588z0.java"	"552"	".java"
"FkWeChat_1.2.6-jadx"	"sources\p135j2\C3501a1.java"	"921"	".java"
"FkWeChat_1.2.6-jadx"	"sources\p135j2\C3502a2.java"	"3920"	".java"
"FkWeChat_1.2.6-jadx"	"sources\p135j2\C3504b0.java"	"1004"	".java"
"FkWeChat_1.2.6-jadx"	"sources\p135j2\C3505b1.java"	"2780"	".java"
"FkWeChat_1.2.6-jadx"	"sources\p135j2\C3506b2.java"	"6231"	".java"
"FkWeChat_1.2.6-jadx"	"sources\p135j2\C3513d1.java"	"926"	".java"
"FkWeChat_1.2.6-jadx"	"sources\p135j2\C3521f1.java"	"2778"	".java"
"FkWeChat_1.2.6-jadx"	"sources\p135j2\C3523g.java"	"2097"	".java"
"FkWeChat_1.2.6-jadx"	"sources\p135j2\C3524g0.java"	"1185"	".java"
"FkWeChat_1.2.6-jadx"	"sources\p135j2\C3525g1.java"	"1562"	".java"
"FkWeChat_1.2.6-jadx"	"sources\p135j2\C3526g2.java"	"399"	".java"
"FkWeChat_1.2.6-jadx"	"sources\p135j2\C3529h1.java"	"1207"	".java"
"FkWeChat_1.2.6-jadx"	"sources\p135j2\C3530h2.java"	"4354"	".java"
"FkWeChat_1.2.6-jadx"	"sources\p135j2\C3535j.java"	"2552"	".java"
"FkWeChat_1.2.6-jadx"	"sources\p135j2\C3539k.java"	"1116"	".java"
"FkWeChat_1.2.6-jadx"	"sources\p135j2\C3540k0.java"	"1511"	".java"
"FkWeChat_1.2.6-jadx"	"sources\p135j2\C3542k2.java"	"1088"	".java"
"FkWeChat_1.2.6-jadx"	"sources\p135j2\C3543l.java"	"808"	".java"
"FkWeChat_1.2.6-jadx"	"sources\p135j2\C3547m.java"	"396"	".java"
"FkWeChat_1.2.6-jadx"	"sources\p135j2\C3550m2.java"	"3806"	".java"
"FkWeChat_1.2.6-jadx"	"sources\p135j2\C3551n.java"	"4173"	".java"
"FkWeChat_1.2.6-jadx"	"sources\p135j2\C3554o.java"	"2832"	".java"
"FkWeChat_1.2.6-jadx"	"sources\p135j2\C3556o1.java"	"1524"	".java"
"FkWeChat_1.2.6-jadx"	"sources\p135j2\C3557p.java"	"2522"	".java"
"FkWeChat_1.2.6-jadx"	"sources\p135j2\C3567s0.java"	"8115"	".java"
"FkWeChat_1.2.6-jadx"	"sources\p135j2\C3568s1.java"	"5132"	".java"
"FkWeChat_1.2.6-jadx"	"sources\p135j2\C3573u0.java"	"2341"	".java"
"FkWeChat_1.2.6-jadx"	"sources\p135j2\C3575v.java"	"5374"	".java"
"FkWeChat_1.2.6-jadx"	"sources\p135j2\C3579w0.java"	"732"	".java"
"FkWeChat_1.2.6-jadx"	"sources\p135j2\C3582x0.java"	"2892"	".java"
"FkWeChat_1.2.6-jadx"	"sources\p135j2\C3584y.java"	"3001"	".java"
"FkWeChat_1.2.6-jadx"	"sources\p135j2\C3587z.java"	"2863"	".java"
"FkWeChat_1.2.6-jadx"	"sources\p135j2\EnumC3569t.java"	"1525"	".java"
"FkWeChat_1.2.6-jadx"	"sources\p135j2\EnumC3572u.java"	"1530"	".java"
"FkWeChat_1.2.6-jadx"	"sources\p135j2\InterfaceC3507c.java"	"306"	".java"
"FkWeChat_1.2.6-jadx"	"sources\p135j2\InterfaceC3508c0.java"	"312"	".java"
"FkWeChat_1.2.6-jadx"	"sources\p135j2\InterfaceC3510c2.java"	"436"	".java"
"FkWeChat_1.2.6-jadx"	"sources\p135j2\InterfaceC3512d0.java"	"644"	".java"
"FkWeChat_1.2.6-jadx"	"sources\p135j2\InterfaceC3514d2.java"	"4056"	".java"
"FkWeChat_1.2.6-jadx"	"sources\p135j2\InterfaceC3515e.java"	"3043"	".java"
"FkWeChat_1.2.6-jadx"	"sources\p135j2\InterfaceC3520f0.java"	"1393"	".java"
"FkWeChat_1.2.6-jadx"	"sources\p135j2\InterfaceC3527h.java"	"6521"	".java"
"FkWeChat_1.2.6-jadx"	"sources\p135j2\InterfaceC3533i1.java"	"444"	".java"
"FkWeChat_1.2.6-jadx"	"sources\p135j2\InterfaceC3534i2.java"	"500"	".java"
"FkWeChat_1.2.6-jadx"	"sources\p135j2\InterfaceC3537j1.java"	"564"	".java"
"FkWeChat_1.2.6-jadx"	"sources\p135j2\InterfaceC3538j2.java"	"4661"	".java"
"FkWeChat_1.2.6-jadx"	"sources\p135j2\InterfaceC3552n0.java"	"351"	".java"
"FkWeChat_1.2.6-jadx"	"sources\p135j2\InterfaceC3553n1.java"	"901"	".java"
"FkWeChat_1.2.6-jadx"	"sources\p135j2\InterfaceC3555o0.java"	"2664"	".java"
"FkWeChat_1.2.6-jadx"	"sources\p135j2\InterfaceC3558p0.java"	"659"	".java"
"FkWeChat_1.2.6-jadx"	"sources\p135j2\InterfaceC3561q0.java"	"2043"	".java"
"FkWeChat_1.2.6-jadx"	"sources\p135j2\InterfaceC3562q1.java"	"308"	".java"
"FkWeChat_1.2.6-jadx"	"sources\p135j2\InterfaceC3563r.java"	"582"	".java"
"FkWeChat_1.2.6-jadx"	"sources\p135j2\InterfaceC3564r0.java"	"438"	".java"
"FkWeChat_1.2.6-jadx"	"sources\p135j2\InterfaceC3565r1.java"	"401"	".java"
"FkWeChat_1.2.6-jadx"	"sources\p135j2\InterfaceC3566s.java"	"435"	".java"
"FkWeChat_1.2.6-jadx"	"sources\p135j2\InterfaceC3570t0.java"	"848"	".java"
"FkWeChat_1.2.6-jadx"	"sources\p135j2\InterfaceC3577v1.java"	"483"	".java"
"FkWeChat_1.2.6-jadx"	"sources\p135j2\InterfaceC3578w.java"	"2595"	".java"
"FkWeChat_1.2.6-jadx"	"sources\p135j2\InterfaceC3585y0.java"	"398"	".java"
"FkWeChat_1.2.6-jadx"	"sources\p135j2\RunnableC3560q.java"	"17048"	".java"
"FkWeChat_1.2.6-jadx"	"sources\p136j3\C3591b.java"	"5346"	".java"
"FkWeChat_1.2.6-jadx"	"sources\p136j3\C3592c.java"	"4010"	".java"
"FkWeChat_1.2.6-jadx"	"sources\p136j3\C3593d.java"	"939"	".java"
"FkWeChat_1.2.6-jadx"	"sources\p136j3\InterfaceC3590a.java"	"388"	".java"
"FkWeChat_1.2.6-jadx"	"sources\p137j4\AbstractC3594a.java"	"2131"	".java"
"FkWeChat_1.2.6-jadx"	"sources\p137j4\AbstractC3596c.java"	"226"	".java"
"FkWeChat_1.2.6-jadx"	"sources\p137j4\AbstractC3598e.java"	"1072"	".java"
"FkWeChat_1.2.6-jadx"	"sources\p137j4\C3595b.java"	"1377"	".java"
"FkWeChat_1.2.6-jadx"	"sources\p137j4\C3597d.java"	"2644"	".java"
"FkWeChat_1.2.6-jadx"	"sources\p138j5\C3600b.java"	"865"	".java"
"FkWeChat_1.2.6-jadx"	"sources\p138j5\C3602d.java"	"1619"	".java"
"FkWeChat_1.2.6-jadx"	"sources\p138j5\C3603e.java"	"2150"	".java"
"FkWeChat_1.2.6-jadx"	"sources\p139j6\AbstractC3606c.java"	"3942"	".java"
"FkWeChat_1.2.6-jadx"	"sources\p139j6\AbstractC3608e.java"	"5293"	".java"
"FkWeChat_1.2.6-jadx"	"sources\p139j6\C3605b.java"	"2496"	".java"
"FkWeChat_1.2.6-jadx"	"sources\p139j6\C3607d.java"	"1857"	".java"
"FkWeChat_1.2.6-jadx"	"sources\p139j6\C3609f.java"	"16310"	".java"
"FkWeChat_1.2.6-jadx"	"sources\p140j7\AbstractC3611b.java"	"2021"	".java"
"FkWeChat_1.2.6-jadx"	"sources\p140j7\AbstractC3615f.java"	"6828"	".java"
"FkWeChat_1.2.6-jadx"	"sources\p140j7\AbstractC3617h.java"	"989"	".java"
"FkWeChat_1.2.6-jadx"	"sources\p140j7\C3618i.java"	"2521"	".java"
"FkWeChat_1.2.6-jadx"	"sources\p140j7\C3619j.java"	"443"	".java"
"FkWeChat_1.2.6-jadx"	"sources\p141j8\AbstractC3621a0.java"	"892"	".java"
"FkWeChat_1.2.6-jadx"	"sources\p141j8\AbstractC3628e.java"	"13485"	".java"
"FkWeChat_1.2.6-jadx"	"sources\p141j8\AbstractC3649z.java"	"2964"	".java"
"FkWeChat_1.2.6-jadx"	"sources\p141j8\C3623b0.java"	"241"	".java"
"FkWeChat_1.2.6-jadx"	"sources\p141j8\C3627d0.java"	"2381"	".java"
"FkWeChat_1.2.6-jadx"	"sources\p141j8\InterfaceC3625c0.java"	"1521"	".java"
"FkWeChat_1.2.6-jadx"	"sources\p142j9\AbstractC3650a.java"	"338"	".java"
"FkWeChat_1.2.6-jadx"	"sources\p142j9\AbstractC3654a3.java"	"1925"	".java"
"FkWeChat_1.2.6-jadx"	"sources\p142j9\AbstractC3655b.java"	"1226"	".java"
"FkWeChat_1.2.6-jadx"	"sources\p142j9\AbstractC3656b0.java"	"18043"	".java"
"FkWeChat_1.2.6-jadx"	"sources\p142j9\AbstractC3659b3.java"	"3764"	".java"
"FkWeChat_1.2.6-jadx"	"sources\p142j9\AbstractC3672e1.java"	"22244"	".java"
"FkWeChat_1.2.6-jadx"	"sources\p142j9\AbstractC3685h.java"	"3710"	".java"
"FkWeChat_1.2.6-jadx"	"sources\p142j9\AbstractC3699j3.java"	"1168"	".java"
"FkWeChat_1.2.6-jadx"	"sources\p142j9\AbstractC3708l2.java"	"18733"	".java"
"FkWeChat_1.2.6-jadx"	"sources\p142j9\AbstractC3709l3.java"	"397"	".java"
"FkWeChat_1.2.6-jadx"	"sources\p142j9\AbstractC3715n.java"	"7105"	".java"
"FkWeChat_1.2.6-jadx"	"sources\p142j9\C3651a0.java"	"512"	".java"
"FkWeChat_1.2.6-jadx"	"sources\p142j9\C3652a1.java"	"524"	".java"
"FkWeChat_1.2.6-jadx"	"sources\p142j9\C3653a2.java"	"473"	".java"
"FkWeChat_1.2.6-jadx"	"sources\p142j9\C3657b1.java"	"567"	".java"
"FkWeChat_1.2.6-jadx"	"sources\p142j9\C3658b2.java"	"473"	".java"
"FkWeChat_1.2.6-jadx"	"sources\p142j9\C3660c.java"	"463"	".java"
"FkWeChat_1.2.6-jadx"	"sources\p142j9\C3661c0.java"	"462"	".java"
"FkWeChat_1.2.6-jadx"	"sources\p142j9\C3662c1.java"	"512"	".java"
"FkWeChat_1.2.6-jadx"	"sources\p142j9\C3663c2.java"	"3374"	".java"
"FkWeChat_1.2.6-jadx"	"sources\p142j9\C3665d.java"	"463"	".java"
"FkWeChat_1.2.6-jadx"	"sources\p142j9\C3666d0.java"	"472"	".java"
"FkWeChat_1.2.6-jadx"	"sources\p142j9\C3667d1.java"	"510"	".java"
"FkWeChat_1.2.6-jadx"	"sources\p142j9\C3668d2.java"	"473"	".java"
"FkWeChat_1.2.6-jadx"	"sources\p142j9\C3669d3.java"	"504"	".java"
"FkWeChat_1.2.6-jadx"	"sources\p142j9\C3670e.java"	"463"	".java"
"FkWeChat_1.2.6-jadx"	"sources\p142j9\C3671e0.java"	"498"	".java"
"FkWeChat_1.2.6-jadx"	"sources\p142j9\C3673e2.java"	"473"	".java"
"FkWeChat_1.2.6-jadx"	"sources\p142j9\C3674e3.java"	"504"	".java"
"FkWeChat_1.2.6-jadx"	"sources\p142j9\C3675f.java"	"463"	".java"
"FkWeChat_1.2.6-jadx"	"sources\p142j9\C3676f0.java"	"498"	".java"
"FkWeChat_1.2.6-jadx"	"sources\p142j9\C3677f1.java"	"546"	".java"
"FkWeChat_1.2.6-jadx"	"sources\p142j9\C3678f2.java"	"3392"	".java"
"FkWeChat_1.2.6-jadx"	"sources\p142j9\C3679f3.java"	"7115"	".java"
"FkWeChat_1.2.6-jadx"	"sources\p142j9\C3680g.java"	"463"	".java"
"FkWeChat_1.2.6-jadx"	"sources\p142j9\C3681g0.java"	"498"	".java"
"FkWeChat_1.2.6-jadx"	"sources\p142j9\C3682g1.java"	"602"	".java"
"FkWeChat_1.2.6-jadx"	"sources\p142j9\C3683g2.java"	"473"	".java"
"FkWeChat_1.2.6-jadx"	"sources\p142j9\C3684g3.java"	"462"	".java"
"FkWeChat_1.2.6-jadx"	"sources\p142j9\C3686h0.java"	"498"	".java"
"FkWeChat_1.2.6-jadx"	"sources\p142j9\C3687h1.java"	"473"	".java"
"FkWeChat_1.2.6-jadx"	"sources\p142j9\C3688h2.java"	"473"	".java"
"FkWeChat_1.2.6-jadx"	"sources\p142j9\C3690i.java"	"1230"	".java"
"FkWeChat_1.2.6-jadx"	"sources\p142j9\C3691i0.java"	"498"	".java"
"FkWeChat_1.2.6-jadx"	"sources\p142j9\C3692i1.java"	"473"	".java"
"FkWeChat_1.2.6-jadx"	"sources\p142j9\C3693i2.java"	"2908"	".java"
"FkWeChat_1.2.6-jadx"	"sources\p142j9\C3694i3.java"	"468"	".java"
"FkWeChat_1.2.6-jadx"	"sources\p142j9\C3696j0.java"	"496"	".java"
"FkWeChat_1.2.6-jadx"	"sources\p142j9\C3697j1.java"	"17512"	".java"
"FkWeChat_1.2.6-jadx"	"sources\p142j9\C3698j2.java"	"513"	".java"
"FkWeChat_1.2.6-jadx"	"sources\p142j9\C3700k.java"	"1824"	".java"
"FkWeChat_1.2.6-jadx"	"sources\p142j9\C3701k0.java"	"496"	".java"
"FkWeChat_1.2.6-jadx"	"sources\p142j9\C3702k1.java"	"473"	".java"
"FkWeChat_1.2.6-jadx"	"sources\p142j9\C3703k2.java"	"512"	".java"
"FkWeChat_1.2.6-jadx"	"sources\p142j9\C3706l0.java"	"496"	".java"
"FkWeChat_1.2.6-jadx"	"sources\p142j9\C3707l1.java"	"3023"	".java"
"FkWeChat_1.2.6-jadx"	"sources\p142j9\C3710m.java"	"531"	".java"
"FkWeChat_1.2.6-jadx"	"sources\p142j9\C3711m0.java"	"496"	".java"
"FkWeChat_1.2.6-jadx"	"sources\p142j9\C3712m1.java"	"473"	".java"
"FkWeChat_1.2.6-jadx"	"sources\p142j9\C3713m2.java"	"529"	".java"
"FkWeChat_1.2.6-jadx"	"sources\p142j9\C3716n0.java"	"835"	".java"
"FkWeChat_1.2.6-jadx"	"sources\p142j9\C3717n1.java"	"3039"	".java"
"FkWeChat_1.2.6-jadx"	"sources\p142j9\C3718n2.java"	"529"	".java"
"FkWeChat_1.2.6-jadx"	"sources\p142j9\C3719n3.java"	"1345"	".java"
"FkWeChat_1.2.6-jadx"	"sources\p142j9\C3720o.java"	"496"	".java"
"FkWeChat_1.2.6-jadx"	"sources\p142j9\C3721o0.java"	"429"	".java"
"FkWeChat_1.2.6-jadx"	"sources\p142j9\C3722o1.java"	"473"	".java"
"FkWeChat_1.2.6-jadx"	"sources\p142j9\C3723o2.java"	"529"	".java"
"FkWeChat_1.2.6-jadx"	"sources\p142j9\C3725p0.java"	"496"	".java"
"FkWeChat_1.2.6-jadx"	"sources\p142j9\C3726p1.java"	"2843"	".java"
"FkWeChat_1.2.6-jadx"	"sources\p142j9\C3727p2.java"	"529"	".java"
"FkWeChat_1.2.6-jadx"	"sources\p142j9\C3728q.java"	"414"	".java"
"FkWeChat_1.2.6-jadx"	"sources\p142j9\C3729q0.java"	"636"	".java"
"FkWeChat_1.2.6-jadx"	"sources\p142j9\C3730q1.java"	"472"	".java"
"FkWeChat_1.2.6-jadx"	"sources\p142j9\C3732r.java"	"509"	".java"
"FkWeChat_1.2.6-jadx"	"sources\p142j9\C3733r0.java"	"498"	".java"
"FkWeChat_1.2.6-jadx"	"sources\p142j9\C3734r1.java"	"498"	".java"
"FkWeChat_1.2.6-jadx"	"sources\p142j9\C3735r2.java"	"472"	".java"
"FkWeChat_1.2.6-jadx"	"sources\p142j9\C3736s.java"	"509"	".java"
"FkWeChat_1.2.6-jadx"	"sources\p142j9\C3737s0.java"	"498"	".java"
"FkWeChat_1.2.6-jadx"	"sources\p142j9\C3738s1.java"	"496"	".java"
"FkWeChat_1.2.6-jadx"	"sources\p142j9\C3739s2.java"	"643"	".java"
"FkWeChat_1.2.6-jadx"	"sources\p142j9\C3740t.java"	"509"	".java"
"FkWeChat_1.2.6-jadx"	"sources\p142j9\C3741t0.java"	"496"	".java"
"FkWeChat_1.2.6-jadx"	"sources\p142j9\C3742t1.java"	"635"	".java"
"FkWeChat_1.2.6-jadx"	"sources\p142j9\C3743t2.java"	"472"	".java"
"FkWeChat_1.2.6-jadx"	"sources\p142j9\C3744u.java"	"509"	".java"
"FkWeChat_1.2.6-jadx"	"sources\p142j9\C3745u0.java"	"635"	".java"
"FkWeChat_1.2.6-jadx"	"sources\p142j9\C3746u1.java"	"496"	".java"
"FkWeChat_1.2.6-jadx"	"sources\p142j9\C3747u2.java"	"798"	".java"
"FkWeChat_1.2.6-jadx"	"sources\p142j9\C3748v.java"	"509"	".java"
"FkWeChat_1.2.6-jadx"	"sources\p142j9\C3749v0.java"	"636"	".java"
"FkWeChat_1.2.6-jadx"	"sources\p142j9\C3750v1.java"	"635"	".java"
"FkWeChat_1.2.6-jadx"	"sources\p142j9\C3751v2.java"	"11590"	".java"
"FkWeChat_1.2.6-jadx"	"sources\p142j9\C3752w.java"	"526"	".java"
"FkWeChat_1.2.6-jadx"	"sources\p142j9\C3753w0.java"	"636"	".java"
"FkWeChat_1.2.6-jadx"	"sources\p142j9\C3754w1.java"	"9973"	".java"
"FkWeChat_1.2.6-jadx"	"sources\p142j9\C3755w2.java"	"472"	".java"
"FkWeChat_1.2.6-jadx"	"sources\p142j9\C3756x.java"	"546"	".java"
"FkWeChat_1.2.6-jadx"	"sources\p142j9\C3757x0.java"	"496"	".java"
"FkWeChat_1.2.6-jadx"	"sources\p142j9\C3758x1.java"	"472"	".java"
"FkWeChat_1.2.6-jadx"	"sources\p142j9\C3759x2.java"	"7885"	".java"
"FkWeChat_1.2.6-jadx"	"sources\p142j9\C3760y.java"	"546"	".java"
"FkWeChat_1.2.6-jadx"	"sources\p142j9\C3761y0.java"	"32942"	".java"
"FkWeChat_1.2.6-jadx"	"sources\p142j9\C3762y1.java"	"472"	".java"
"FkWeChat_1.2.6-jadx"	"sources\p142j9\C3764z.java"	"664"	".java"
"FkWeChat_1.2.6-jadx"	"sources\p142j9\C3766z1.java"	"8853"	".java"
"FkWeChat_1.2.6-jadx"	"sources\p142j9\C3767z2.java"	"436"	".java"
"FkWeChat_1.2.6-jadx"	"sources\p142j9\InterfaceC3705l.java"	"3242"	".java"
"FkWeChat_1.2.6-jadx"	"sources\p142j9\InterfaceC3763y2.java"	"249"	".java"
"FkWeChat_1.2.6-jadx"	"sources\p142j9\InterfaceC3765z0.java"	"354"	".java"
"FkWeChat_1.2.6-jadx"	"sources\p143ja\C3769b.java"	"58902"	".java"
"FkWeChat_1.2.6-jadx"	"sources\p143ja\C3770c.java"	"53135"	".java"
"FkWeChat_1.2.6-jadx"	"sources\p143ja\C3771d.java"	"11316"	".java"
"FkWeChat_1.2.6-jadx"	"sources\p143ja\C3772e.java"	"17960"	".java"
"FkWeChat_1.2.6-jadx"	"sources\p143ja\C3773f.java"	"11081"	".java"
"FkWeChat_1.2.6-jadx"	"sources\p143ja\C3774g.java"	"19610"	".java"
"FkWeChat_1.2.6-jadx"	"sources\p143ja\C3775h.java"	"10214"	".java"
"FkWeChat_1.2.6-jadx"	"sources\p143ja\C3776i.java"	"22266"	".java"
"FkWeChat_1.2.6-jadx"	"sources\p143ja\C3777j.java"	"44921"	".java"
"FkWeChat_1.2.6-jadx"	"sources\p143ja\C3780m.java"	"21488"	".java"
"FkWeChat_1.2.6-jadx"	"sources\p143ja\C3781n.java"	"17881"	".java"
"FkWeChat_1.2.6-jadx"	"sources\p143ja\C3782o.java"	"39711"	".java"
"FkWeChat_1.2.6-jadx"	"sources\p143ja\C3783p.java"	"26760"	".java"
"FkWeChat_1.2.6-jadx"	"sources\p143ja\C3784q.java"	"10858"	".java"
"FkWeChat_1.2.6-jadx"	"sources\p143ja\C3785r.java"	"46618"	".java"
"FkWeChat_1.2.6-jadx"	"sources\p143ja\C3786s.java"	"29477"	".java"
"FkWeChat_1.2.6-jadx"	"sources\p143ja\C3787t.java"	"21739"	".java"
"FkWeChat_1.2.6-jadx"	"sources\p143ja\C3788u.java"	"12411"	".java"
"FkWeChat_1.2.6-jadx"	"sources\p143ja\C3789v.java"	"18022"	".java"
"FkWeChat_1.2.6-jadx"	"sources\p143ja\C3790w.java"	"19747"	".java"
"FkWeChat_1.2.6-jadx"	"sources\p143ja\C3791x.java"	"10857"	".java"
"FkWeChat_1.2.6-jadx"	"sources\p143ja\EnumC3778k.java"	"1463"	".java"
"FkWeChat_1.2.6-jadx"	"sources\p143ja\EnumC3779l.java"	"1419"	".java"
"FkWeChat_1.2.6-jadx"	"sources\p143ja\EnumC3792y.java"	"1615"	".java"
"FkWeChat_1.2.6-jadx"	"sources\p144jb\C3793a.java"	"547"	".java"
"FkWeChat_1.2.6-jadx"	"sources\p145jc\AbstractC3794a.java"	"2084"	".java"
"FkWeChat_1.2.6-jadx"	"sources\p145jc\AbstractC3795a0.java"	"2165"	".java"
"FkWeChat_1.2.6-jadx"	"sources\p145jc\AbstractC3796b.java"	"4126"	".java"
"FkWeChat_1.2.6-jadx"	"sources\p145jc\AbstractC3797b0.java"	"859"	".java"
"FkWeChat_1.2.6-jadx"	"sources\p145jc\AbstractC3798c.java"	"632"	".java"
"FkWeChat_1.2.6-jadx"	"sources\p145jc\AbstractC3799c0.java"	"1777"	".java"
"FkWeChat_1.2.6-jadx"	"sources\p145jc\AbstractC3802e.java"	"1015"	".java"
"FkWeChat_1.2.6-jadx"	"sources\p145jc\AbstractC3803e0.java"	"1129"	".java"
"FkWeChat_1.2.6-jadx"	"sources\p145jc\AbstractC3804f.java"	"1032"	".java"
"FkWeChat_1.2.6-jadx"	"sources\p145jc\AbstractC3805f0.java"	"749"	".java"
"FkWeChat_1.2.6-jadx"	"sources\p145jc\AbstractC3807g0.java"	"2530"	".java"
"FkWeChat_1.2.6-jadx"	"sources\p145jc\AbstractC3810i.java"	"6994"	".java"
"FkWeChat_1.2.6-jadx"	"sources\p145jc\AbstractC3812j.java"	"1135"	".java"
"FkWeChat_1.2.6-jadx"	"sources\p145jc\AbstractC3815k0.java"	"3310"	".java"
"FkWeChat_1.2.6-jadx"	"sources\p145jc\AbstractC3816l.java"	"763"	".java"
"FkWeChat_1.2.6-jadx"	"sources\p145jc\AbstractC3817l0.java"	"397"	".java"
"FkWeChat_1.2.6-jadx"	"sources\p145jc\AbstractC3820n.java"	"399"	".java"
"FkWeChat_1.2.6-jadx"	"sources\p145jc\AbstractC3829t.java"	"1783"	".java"
"FkWeChat_1.2.6-jadx"	"sources\p145jc\AbstractC3830u.java"	"362"	".java"
"FkWeChat_1.2.6-jadx"	"sources\p145jc\AbstractC3832w.java"	"1748"	".java"
"FkWeChat_1.2.6-jadx"	"sources\p145jc\C3800d.java"	"770"	".java"
"FkWeChat_1.2.6-jadx"	"sources\p145jc\C3801d0.java"	"471"	".java"
"FkWeChat_1.2.6-jadx"	"sources\p145jc\C3806g.java"	"794"	".java"
"FkWeChat_1.2.6-jadx"	"sources\p145jc\C3808h.java"	"7385"	".java"
"FkWeChat_1.2.6-jadx"	"sources\p145jc\C3814k.java"	"6605"	".java"
"FkWeChat_1.2.6-jadx"	"sources\p145jc\C3818m.java"	"394"	".java"
"FkWeChat_1.2.6-jadx"	"sources\p145jc\C3819m0.java"	"7739"	".java"
"FkWeChat_1.2.6-jadx"	"sources\p145jc\C3822o.java"	"7998"	".java"
"FkWeChat_1.2.6-jadx"	"sources\p145jc\C3823o0.java"	"1141"	".java"
"FkWeChat_1.2.6-jadx"	"sources\p145jc\C3824p.java"	"2392"	".java"
"FkWeChat_1.2.6-jadx"	"sources\p145jc\C3825p0.java"	"347"	".java"
"FkWeChat_1.2.6-jadx"	"sources\p145jc\C3826q.java"	"11920"	".java"
"FkWeChat_1.2.6-jadx"	"sources\p145jc\C3828s.java"	"2326"	".java"
"FkWeChat_1.2.6-jadx"	"sources\p145jc\C3831v.java"	"2375"	".java"
"FkWeChat_1.2.6-jadx"	"sources\p145jc\C3833x.java"	"481"	".java"
"FkWeChat_1.2.6-jadx"	"sources\p145jc\C3834y.java"	"1600"	".java"
"FkWeChat_1.2.6-jadx"	"sources\p145jc\C3835z.java"	"1749"	".java"
"FkWeChat_1.2.6-jadx"	"sources\p145jc\InterfaceC3821n0.java"	"441"	".java"
"FkWeChat_1.2.6-jadx"	"sources\p145jc\InterfaceC3827r.java"	"503"	".java"
"FkWeChat_1.2.6-jadx"	"sources\p146jd\C3838c.java"	"3815"	".java"
"FkWeChat_1.2.6-jadx"	"sources\p146jd\C3840e.java"	"4374"	".java"
"FkWeChat_1.2.6-jadx"	"sources\p146jd\C3842g.java"	"2065"	".java"
"FkWeChat_1.2.6-jadx"	"sources\p146jd\C3843h.java"	"4538"	".java"
"FkWeChat_1.2.6-jadx"	"sources\p146jd\C3844i.java"	"597"	".java"
"FkWeChat_1.2.6-jadx"	"sources\p146jd\C3847l.java"	"7042"	".java"
"FkWeChat_1.2.6-jadx"	"sources\p146jd\C3848m.java"	"1570"	".java"
"FkWeChat_1.2.6-jadx"	"sources\p146jd\C3852q.java"	"4609"	".java"
"FkWeChat_1.2.6-jadx"	"sources\p146jd\C3856u.java"	"4133"	".java"
"FkWeChat_1.2.6-jadx"	"sources\p147jf\C3859a.java"	"6215"	".java"
"FkWeChat_1.2.6-jadx"	"sources\p147jf\C3862d.java"	"1337"	".java"
"FkWeChat_1.2.6-jadx"	"sources\p147jf\InterfaceC3860b.java"	"718"	".java"
"FkWeChat_1.2.6-jadx"	"sources\p147jf\InterfaceC3861c.java"	"247"	".java"
"FkWeChat_1.2.6-jadx"	"sources\p147jf\InterfaceC3863e.java"	"656"	".java"
"FkWeChat_1.2.6-jadx"	"sources\p148k\AbstractC3867b0.java"	"533"	".java"
"FkWeChat_1.2.6-jadx"	"sources\p148k\AbstractC3871d0.java"	"1494"	".java"
"FkWeChat_1.2.6-jadx"	"sources\p148k\AbstractC3877g0.java"	"2360"	".java"
"FkWeChat_1.2.6-jadx"	"sources\p148k\AbstractC3886l.java"	"1876"	".java"
"FkWeChat_1.2.6-jadx"	"sources\p148k\AbstractC3889m0.java"	"2627"	".java"
"FkWeChat_1.2.6-jadx"	"sources\p148k\AbstractC3890n.java"	"4503"	".java"
"FkWeChat_1.2.6-jadx"	"sources\p148k\AbstractC3893o0.java"	"1779"	".java"
"FkWeChat_1.2.6-jadx"	"sources\p148k\AbstractC3901v.java"	"3527"	".java"
"FkWeChat_1.2.6-jadx"	"sources\p148k\AbstractC3903x.java"	"3968"	".java"
"FkWeChat_1.2.6-jadx"	"sources\p148k\C3864a.java"	"3115"	".java"
"FkWeChat_1.2.6-jadx"	"sources\p148k\C3865a0.java"	"3832"	".java"
"FkWeChat_1.2.6-jadx"	"sources\p148k\C3868c.java"	"12487"	".java"
"FkWeChat_1.2.6-jadx"	"sources\p148k\C3872e.java"	"484"	".java"
"FkWeChat_1.2.6-jadx"	"sources\p148k\C3875f0.java"	"2065"	".java"
"FkWeChat_1.2.6-jadx"	"sources\p148k\C3876g.java"	"20524"	".java"
"FkWeChat_1.2.6-jadx"	"sources\p148k\C3878h.java"	"6457"	".java"
"FkWeChat_1.2.6-jadx"	"sources\p148k\C3879h0.java"	"4898"	".java"
"FkWeChat_1.2.6-jadx"	"sources\p148k\C3881i0.java"	"12492"	".java"
"FkWeChat_1.2.6-jadx"	"sources\p148k\C3884k.java"	"851"	".java"
"FkWeChat_1.2.6-jadx"	"sources\p148k\C3885k0.java"	"1058"	".java"
"FkWeChat_1.2.6-jadx"	"sources\p148k\C3887l0.java"	"1543"	".java"
"FkWeChat_1.2.6-jadx"	"sources\p148k\C3888m.java"	"2301"	".java"
"FkWeChat_1.2.6-jadx"	"sources\p148k\C3891n0.java"	"1650"	".java"
"FkWeChat_1.2.6-jadx"	"sources\p148k\C3892o.java"	"2010"	".java"
"FkWeChat_1.2.6-jadx"	"sources\p148k\C3895p0.java"	"3605"	".java"
"FkWeChat_1.2.6-jadx"	"sources\p148k\C3897r.java"	"8827"	".java"
"FkWeChat_1.2.6-jadx"	"sources\p148k\C3900u.java"	"23273"	".java"
"FkWeChat_1.2.6-jadx"	"sources\p148k\C3902w.java"	"586"	".java"
"FkWeChat_1.2.6-jadx"	"sources\p148k\C3904y.java"	"586"	".java"
"FkWeChat_1.2.6-jadx"	"sources\p148k\C3905z.java"	"1443"	".java"
"FkWeChat_1.2.6-jadx"	"sources\p148k\EnumC3896q.java"	"1667"	".java"
"FkWeChat_1.2.6-jadx"	"sources\p148k\InterfaceC3869c0.java"	"351"	".java"
"FkWeChat_1.2.6-jadx"	"sources\p148k\InterfaceC3870d.java"	"268"	".java"
"FkWeChat_1.2.6-jadx"	"sources\p148k\InterfaceC3873e0.java"	"246"	".java"
"FkWeChat_1.2.6-jadx"	"sources\p148k\InterfaceC3874f.java"	"397"	".java"
"FkWeChat_1.2.6-jadx"	"sources\p148k\InterfaceC3882j.java"	"244"	".java"
"FkWeChat_1.2.6-jadx"	"sources\p148k\InterfaceC3883j0.java"	"435"	".java"
"FkWeChat_1.2.6-jadx"	"sources\p149k0\InterfaceC3906a.java"	"246"	".java"
"FkWeChat_1.2.6-jadx"	"sources\p150k1\AbstractC3909b.java"	"4187"	".java"
"FkWeChat_1.2.6-jadx"	"sources\p150k1\AbstractC3910c.java"	"6944"	".java"
"FkWeChat_1.2.6-jadx"	"sources\p150k1\AbstractC3912e.java"	"4743"	".java"
"FkWeChat_1.2.6-jadx"	"sources\p150k1\AbstractC3913f.java"	"1499"	".java"
"FkWeChat_1.2.6-jadx"	"sources\p150k1\AbstractC3919l.java"	"934"	".java"
"FkWeChat_1.2.6-jadx"	"sources\p150k1\AbstractC3924q.java"	"945"	".java"
"FkWeChat_1.2.6-jadx"	"sources\p150k1\AbstractC3933z.java"	"7065"	".java"
"FkWeChat_1.2.6-jadx"	"sources\p150k1\C3907a.java"	"863"	".java"
"FkWeChat_1.2.6-jadx"	"sources\p150k1\C3908a0.java"	"1021"	".java"
"FkWeChat_1.2.6-jadx"	"sources\p150k1\C3911d.java"	"2510"	".java"
"FkWeChat_1.2.6-jadx"	"sources\p150k1\C3917j.java"	"3127"	".java"
"FkWeChat_1.2.6-jadx"	"sources\p150k1\C3922o.java"	"1475"	".java"
"FkWeChat_1.2.6-jadx"	"sources\p150k1\C3925r.java"	"824"	".java"
"FkWeChat_1.2.6-jadx"	"sources\p150k1\C3926s.java"	"1427"	".java"
"FkWeChat_1.2.6-jadx"	"sources\p150k1\C3928u.java"	"953"	".java"
"FkWeChat_1.2.6-jadx"	"sources\p150k1\C3929v.java"	"534"	".java"
"FkWeChat_1.2.6-jadx"	"sources\p150k1\C3930w.java"	"1012"	".java"
"FkWeChat_1.2.6-jadx"	"sources\p150k1\C3931x.java"	"3244"	".java"
"FkWeChat_1.2.6-jadx"	"sources\p150k1\C3932y.java"	"1792"	".java"
"FkWeChat_1.2.6-jadx"	"sources\p150k1\InterfaceC3914g.java"	"246"	".java"
"FkWeChat_1.2.6-jadx"	"sources\p150k1\InterfaceC3915h.java"	"333"	".java"
"FkWeChat_1.2.6-jadx"	"sources\p150k1\InterfaceC3920m.java"	"270"	".java"
"FkWeChat_1.2.6-jadx"	"sources\p150k1\InterfaceC3921n.java"	"246"	".java"
"FkWeChat_1.2.6-jadx"	"sources\p150k1\InterfaceC3927t.java"	"246"	".java"
"FkWeChat_1.2.6-jadx"	"sources\p151k2\AbstractC3936c.java"	"783"	".java"
"FkWeChat_1.2.6-jadx"	"sources\p151k2\AbstractC3938e.java"	"449"	".java"
"FkWeChat_1.2.6-jadx"	"sources\p151k2\AbstractC3940g.java"	"642"	".java"
"FkWeChat_1.2.6-jadx"	"sources\p151k2\AbstractC3942i.java"	"690"	".java"
"FkWeChat_1.2.6-jadx"	"sources\p151k2\C3934a.java"	"1171"	".java"
"FkWeChat_1.2.6-jadx"	"sources\p151k2\C3935b.java"	"841"	".java"
"FkWeChat_1.2.6-jadx"	"sources\p151k2\C3945l.java"	"396"	".java"
"FkWeChat_1.2.6-jadx"	"sources\p151k2\C3946m.java"	"1863"	".java"
"FkWeChat_1.2.6-jadx"	"sources\p151k2\InterfaceC3937d.java"	"397"	".java"
"FkWeChat_1.2.6-jadx"	"sources\p151k2\InterfaceC3943j.java"	"354"	".java"
"FkWeChat_1.2.6-jadx"	"sources\p151k2\InterfaceC3944k.java"	"337"	".java"
"FkWeChat_1.2.6-jadx"	"sources\p152k3\AbstractC3947a.java"	"266"	".java"
"FkWeChat_1.2.6-jadx"	"sources\p152k3\AbstractC3948b.java"	"507"	".java"
"FkWeChat_1.2.6-jadx"	"sources\p152k3\AbstractC3949c.java"	"3679"	".java"
"FkWeChat_1.2.6-jadx"	"sources\p152k3\AbstractC3950d.java"	"1047"	".java"
"FkWeChat_1.2.6-jadx"	"sources\p153k4\AbstractC3951a.java"	"524"	".java"
"FkWeChat_1.2.6-jadx"	"sources\p153k4\AbstractC3955e.java"	"1201"	".java"
"FkWeChat_1.2.6-jadx"	"sources\p153k4\AbstractC3956f.java"	"1199"	".java"
"FkWeChat_1.2.6-jadx"	"sources\p153k4\AbstractC3957g.java"	"420"	".java"
"FkWeChat_1.2.6-jadx"	"sources\p153k4\C3952b.java"	"882"	".java"
"FkWeChat_1.2.6-jadx"	"sources\p153k4\C3953c.java"	"1690"	".java"
"FkWeChat_1.2.6-jadx"	"sources\p153k4\C3954d.java"	"239"	".java"
"FkWeChat_1.2.6-jadx"	"sources\p153k4\C3958h.java"	"2675"	".java"
"FkWeChat_1.2.6-jadx"	"sources\p153k4\C3959i.java"	"1998"	".java"
"FkWeChat_1.2.6-jadx"	"sources\p154k5\AbstractC3971f0.java"	"834"	".java"
"FkWeChat_1.2.6-jadx"	"sources\p154k5\AbstractC3973g0.java"	"1148"	".java"
"FkWeChat_1.2.6-jadx"	"sources\p154k5\AbstractC3976j.java"	"8809"	".java"
"FkWeChat_1.2.6-jadx"	"sources\p154k5\AbstractC3979m.java"	"54420"	".java"
"FkWeChat_1.2.6-jadx"	"sources\p154k5\AbstractC3980n.java"	"1242"	".java"
"FkWeChat_1.2.6-jadx"	"sources\p154k5\AbstractC3982p.java"	"10426"	".java"
"FkWeChat_1.2.6-jadx"	"sources\p154k5\C3960a.java"	"5134"	".java"
"FkWeChat_1.2.6-jadx"	"sources\p154k5\C3962b.java"	"2019"	".java"
"FkWeChat_1.2.6-jadx"	"sources\p154k5\C3963b0.java"	"965"	".java"
"FkWeChat_1.2.6-jadx"	"sources\p154k5\C3966d.java"	"4571"	".java"
"FkWeChat_1.2.6-jadx"	"sources\p154k5\C3967d0.java"	"5795"	".java"
"FkWeChat_1.2.6-jadx"	"sources\p154k5\C3968e.java"	"3724"	".java"
"FkWeChat_1.2.6-jadx"	"sources\p154k5\C3969e0.java"	"1998"	".java"
"FkWeChat_1.2.6-jadx"	"sources\p154k5\C3970f.java"	"1169"	".java"
"FkWeChat_1.2.6-jadx"	"sources\p154k5\C3972g.java"	"427"	".java"
"FkWeChat_1.2.6-jadx"	"sources\p154k5\C3974h.java"	"4083"	".java"
"FkWeChat_1.2.6-jadx"	"sources\p154k5\C3975i.java"	"3386"	".java"
"FkWeChat_1.2.6-jadx"	"sources\p154k5\C3977k.java"	"4483"	".java"
"FkWeChat_1.2.6-jadx"	"sources\p154k5\C3978l.java"	"3538"	".java"
"FkWeChat_1.2.6-jadx"	"sources\p154k5\C3981o.java"	"3091"	".java"
"FkWeChat_1.2.6-jadx"	"sources\p154k5\C3983q.java"	"14608"	".java"
"FkWeChat_1.2.6-jadx"	"sources\p154k5\C3984r.java"	"2290"	".java"
"FkWeChat_1.2.6-jadx"	"sources\p154k5\C3985s.java"	"2020"	".java"
"FkWeChat_1.2.6-jadx"	"sources\p154k5\C3986t.java"	"5008"	".java"
"FkWeChat_1.2.6-jadx"	"sources\p154k5\C3987u.java"	"1387"	".java"
"FkWeChat_1.2.6-jadx"	"sources\p154k5\C3988v.java"	"1971"	".java"
"FkWeChat_1.2.6-jadx"	"sources\p154k5\C3989w.java"	"19634"	".java"
"FkWeChat_1.2.6-jadx"	"sources\p154k5\C3990x.java"	"3078"	".java"
"FkWeChat_1.2.6-jadx"	"sources\p154k5\C3991y.java"	"422"	".java"
"FkWeChat_1.2.6-jadx"	"sources\p154k5\InterfaceC3964c.java"	"426"	".java"
"FkWeChat_1.2.6-jadx"	"sources\p155k6\AbstractC4007o.java"	"933"	".java"
"FkWeChat_1.2.6-jadx"	"sources\p155k6\C3996d.java"	"3131"	".java"
"FkWeChat_1.2.6-jadx"	"sources\p155k6\C3997e.java"	"1233"	".java"
"FkWeChat_1.2.6-jadx"	"sources\p155k6\C3998f.java"	"2130"	".java"
"FkWeChat_1.2.6-jadx"	"sources\p155k6\C3999g.java"	"1537"	".java"
"FkWeChat_1.2.6-jadx"	"sources\p155k6\C4000h.java"	"2146"	".java"
"FkWeChat_1.2.6-jadx"	"sources\p155k6\C4006n.java"	"7850"	".java"
"FkWeChat_1.2.6-jadx"	"sources\p155k6\C4012t.java"	"3346"	".java"
"FkWeChat_1.2.6-jadx"	"sources\p155k6\C4013u.java"	"3416"	".java"
"FkWeChat_1.2.6-jadx"	"sources\p156k7\AbstractC4014a.java"	"1371"	".java"
"FkWeChat_1.2.6-jadx"	"sources\p156k7\AbstractC4015b.java"	"1741"	".java"
"FkWeChat_1.2.6-jadx"	"sources\p156k7\C4016c.java"	"752"	".java"
"FkWeChat_1.2.6-jadx"	"sources\p157k8\AbstractC4024a6.java"	"1674"	".java"
"FkWeChat_1.2.6-jadx"	"sources\p157k8\AbstractC4076h5.java"	"10726"	".java"
"FkWeChat_1.2.6-jadx"	"sources\p157k8\AbstractC4119o.java"	"567"	".java"
"FkWeChat_1.2.6-jadx"	"sources\p157k8\AbstractC4163u1.java"	"2043"	".java"
"FkWeChat_1.2.6-jadx"	"sources\p157k8\C4025b.java"	"12074"	".java"
"FkWeChat_1.2.6-jadx"	"sources\p157k8\C4029b3.java"	"1169"	".java"
"FkWeChat_1.2.6-jadx"	"sources\p157k8\C4031b5.java"	"9926"	".java"
"FkWeChat_1.2.6-jadx"	"sources\p157k8\C4038c4.java"	"1340"	".java"
"FkWeChat_1.2.6-jadx"	"sources\p157k8\C4040c6.java"	"9286"	".java"
"FkWeChat_1.2.6-jadx"	"sources\p157k8\C4046d4.java"	"6644"	".java"
"FkWeChat_1.2.6-jadx"	"sources\p157k8\C4048d6.java"	"11043"	".java"
"FkWeChat_1.2.6-jadx"	"sources\p157k8\C4053e3.java"	"9452"	".java"
"FkWeChat_1.2.6-jadx"	"sources\p157k8\C4057f0.java"	"9713"	".java"
"FkWeChat_1.2.6-jadx"	"sources\p157k8\C4058f1.java"	"9284"	".java"
"FkWeChat_1.2.6-jadx"	"sources\p157k8\C4061f4.java"	"1896"	".java"
"FkWeChat_1.2.6-jadx"	"sources\p157k8\C4065g1.java"	"14208"	".java"
"FkWeChat_1.2.6-jadx"	"sources\p157k8\C4071h0.java"	"9276"	".java"
"FkWeChat_1.2.6-jadx"	"sources\p157k8\C4075h4.java"	"1423"	".java"
"FkWeChat_1.2.6-jadx"	"sources\p157k8\C4078i0.java"	"23644"	".java"
"FkWeChat_1.2.6-jadx"	"sources\p157k8\C4083i5.java"	"43343"	".java"
"FkWeChat_1.2.6-jadx"	"sources\p157k8\C4091k.java"	"14328"	".java"
"FkWeChat_1.2.6-jadx"	"sources\p157k8\C4093k1.java"	"3128"	".java"
"FkWeChat_1.2.6-jadx"	"sources\p157k8\C4095k3.java"	"11835"	".java"
"FkWeChat_1.2.6-jadx"	"sources\p157k8\C4097k5.java"	"976"	".java"
"FkWeChat_1.2.6-jadx"	"sources\p157k8\C4100l1.java"	"10998"	".java"
"FkWeChat_1.2.6-jadx"	"sources\p157k8\C4103l4.java"	"1093"	".java"
"FkWeChat_1.2.6-jadx"	"sources\p157k8\C4104l5.java"	"9280"	".java"
"FkWeChat_1.2.6-jadx"	"sources\p157k8\C4116n3.java"	"9898"	".java"
"FkWeChat_1.2.6-jadx"	"sources\p157k8\C4118n5.java"	"12161"	".java"
"FkWeChat_1.2.6-jadx"	"sources\p157k8\C4125o5.java"	"6782"	".java"
"FkWeChat_1.2.6-jadx"	"sources\p157k8\C4126p.java"	"9240"	".java"
"FkWeChat_1.2.6-jadx"	"sources\p157k8\C4129p2.java"	"1059"	".java"
"FkWeChat_1.2.6-jadx"	"sources\p157k8\C4132p5.java"	"9282"	".java"
"FkWeChat_1.2.6-jadx"	"sources\p157k8\C4133q.java"	"31546"	".java"
"FkWeChat_1.2.6-jadx"	"sources\p157k8\C4134q0.java"	"9282"	".java"
"FkWeChat_1.2.6-jadx"	"sources\p157k8\C4137q3.java"	"11119"	".java"
"FkWeChat_1.2.6-jadx"	"sources\p157k8\C4139q5.java"	"11039"	".java"
"FkWeChat_1.2.6-jadx"	"sources\p157k8\C4143r2.java"	"1430"	".java"
"FkWeChat_1.2.6-jadx"	"sources\p157k8\C4144r3.java"	"9288"	".java"
"FkWeChat_1.2.6-jadx"	"sources\p157k8\C4148s0.java"	"13862"	".java"
"FkWeChat_1.2.6-jadx"	"sources\p157k8\C4151s3.java"	"11045"	".java"
"FkWeChat_1.2.6-jadx"	"sources\p157k8\C4153s5.java"	"13844"	".java"
"FkWeChat_1.2.6-jadx"	"sources\p157k8\C4159t4.java"	"10012"	".java"
"FkWeChat_1.2.6-jadx"	"sources\p157k8\C4168v.java"	"1710"	".java"
"FkWeChat_1.2.6-jadx"	"sources\p157k8\C4171v2.java"	"3015"	".java"
"FkWeChat_1.2.6-jadx"	"sources\p157k8\C4174v5.java"	"21355"	".java"
"FkWeChat_1.2.6-jadx"	"sources\p157k8\C4178w2.java"	"7679"	".java"
"FkWeChat_1.2.6-jadx"	"sources\p157k8\C4179w3.java"	"439"	".java"
"FkWeChat_1.2.6-jadx"	"sources\p157k8\C4181w5.java"	"14734"	".java"
"FkWeChat_1.2.6-jadx"	"sources\p157k8\C4186x3.java"	"1286"	".java"
"FkWeChat_1.2.6-jadx"	"sources\p157k8\EnumC4051e1.java"	"4053"	".java"
"FkWeChat_1.2.6-jadx"	"sources\p157k8\EnumC4101l2.java"	"4839"	".java"
"FkWeChat_1.2.6-jadx"	"sources\p157k8\EnumC4182x.java"	"4973"	".java"
"FkWeChat_1.2.6-jadx"	"sources\p157k8\EnumC4187x4.java"	"3879"	".java"
"FkWeChat_1.2.6-jadx"	"sources\p157k8\EnumC4200z3.java"	"4490"	".java"
"FkWeChat_1.2.6-jadx"	"sources\p157k8\InterfaceC4022a4.java"	"1401"	".java"
"FkWeChat_1.2.6-jadx"	"sources\p157k8\InterfaceC4030b4.java"	"8784"	".java"
"FkWeChat_1.2.6-jadx"	"sources\p157k8\InterfaceC4068g4.java"	"1334"	".java"
"FkWeChat_1.2.6-jadx"	"sources\p157k8\InterfaceC4090j5.java"	"1605"	".java"
"FkWeChat_1.2.6-jadx"	"sources\p157k8\InterfaceC4096k4.java"	"1474"	".java"
"FkWeChat_1.2.6-jadx"	"sources\p157k8\InterfaceC4107m1.java"	"1537"	".java"
"FkWeChat_1.2.6-jadx"	"sources\p157k8\InterfaceC4136q2.java"	"1443"	".java"
"FkWeChat_1.2.6-jadx"	"sources\p157k8\InterfaceC4150s2.java"	"18289"	".java"
"FkWeChat_1.2.6-jadx"	"sources\p157k8\InterfaceC4161u.java"	"1469"	".java"
"FkWeChat_1.2.6-jadx"	"sources\p157k8\InterfaceC4172v3.java"	"1438"	".java"
"FkWeChat_1.2.6-jadx"	"sources\p157k8\InterfaceC4199z2.java"	"1835"	".java"
"FkWeChat_1.2.6-jadx"	"sources\p158k9\AbstractC4208f.java"	"9777"	".java"
"FkWeChat_1.2.6-jadx"	"sources\p158k9\AbstractC4211i.java"	"28236"	".java"
"FkWeChat_1.2.6-jadx"	"sources\p158k9\AbstractC4212j.java"	"456"	".java"
"FkWeChat_1.2.6-jadx"	"sources\p158k9\AbstractC4213k.java"	"4020"	".java"
"FkWeChat_1.2.6-jadx"	"sources\p158k9\C4203a.java"	"8408"	".java"
"FkWeChat_1.2.6-jadx"	"sources\p158k9\C4204b.java"	"500"	".java"
"FkWeChat_1.2.6-jadx"	"sources\p158k9\C4205c.java"	"610"	".java"
"FkWeChat_1.2.6-jadx"	"sources\p158k9\C4206d.java"	"1262"	".java"
"FkWeChat_1.2.6-jadx"	"sources\p158k9\C4207e.java"	"490"	".java"
"FkWeChat_1.2.6-jadx"	"sources\p158k9\C4214l.java"	"1595"	".java"
"FkWeChat_1.2.6-jadx"	"sources\p158k9\C4215m.java"	"514"	".java"
"FkWeChat_1.2.6-jadx"	"sources\p158k9\C4216n.java"	"14636"	".java"
"FkWeChat_1.2.6-jadx"	"sources\p158k9\InterfaceC4209g.java"	"247"	".java"
"FkWeChat_1.2.6-jadx"	"sources\p158k9\InterfaceC4210h.java"	"1485"	".java"
"FkWeChat_1.2.6-jadx"	"sources\p159ka\AbstractC4219b.java"	"3921"	".java"
"FkWeChat_1.2.6-jadx"	"sources\p159ka\AbstractC4220c.java"	"1349"	".java"
"FkWeChat_1.2.6-jadx"	"sources\p159ka\C4218a.java"	"2314"	".java"
"FkWeChat_1.2.6-jadx"	"sources\p160kb\AbstractC4234n.java"	"713"	".java"
"FkWeChat_1.2.6-jadx"	"sources\p160kb\AbstractC4239s.java"	"1633"	".java"
"FkWeChat_1.2.6-jadx"	"sources\p160kb\C4221a.java"	"2528"	".java"
"FkWeChat_1.2.6-jadx"	"sources\p160kb\EnumC4222b.java"	"1692"	".java"
"FkWeChat_1.2.6-jadx"	"sources\p160kb\EnumC4242v.java"	"1954"	".java"
"FkWeChat_1.2.6-jadx"	"sources\p160kb\InterfaceC4223c.java"	"271"	".java"
"FkWeChat_1.2.6-jadx"	"sources\p160kb\InterfaceC4224d.java"	"271"	".java"
"FkWeChat_1.2.6-jadx"	"sources\p160kb\InterfaceC4225e.java"	"271"	".java"
"FkWeChat_1.2.6-jadx"	"sources\p160kb\InterfaceC4226f.java"	"271"	".java"
"FkWeChat_1.2.6-jadx"	"sources\p160kb\InterfaceC4227g.java"	"271"	".java"
"FkWeChat_1.2.6-jadx"	"sources\p160kb\InterfaceC4228h.java"	"271"	".java"
"FkWeChat_1.2.6-jadx"	"sources\p160kb\InterfaceC4229i.java"	"247"	".java"
"FkWeChat_1.2.6-jadx"	"sources\p160kb\InterfaceC4230j.java"	"271"	".java"
"FkWeChat_1.2.6-jadx"	"sources\p160kb\InterfaceC4231k.java"	"271"	".java"
"FkWeChat_1.2.6-jadx"	"sources\p160kb\InterfaceC4232l.java"	"247"	".java"
"FkWeChat_1.2.6-jadx"	"sources\p160kb\InterfaceC4233m.java"	"247"	".java"
"FkWeChat_1.2.6-jadx"	"sources\p160kb\InterfaceC4235o.java"	"371"	".java"
"FkWeChat_1.2.6-jadx"	"sources\p160kb\InterfaceC4236p.java"	"247"	".java"
"FkWeChat_1.2.6-jadx"	"sources\p160kb\InterfaceC4237q.java"	"247"	".java"
"FkWeChat_1.2.6-jadx"	"sources\p160kb\InterfaceC4238r.java"	"8128"	".java"
"FkWeChat_1.2.6-jadx"	"sources\p160kb\InterfaceC4240t.java"	"353"	".java"
"FkWeChat_1.2.6-jadx"	"sources\p160kb\InterfaceC4241u.java"	"377"	".java"
"FkWeChat_1.2.6-jadx"	"sources\p161kc\AbstractC4243a.java"	"2498"	".java"
"FkWeChat_1.2.6-jadx"	"sources\p161kc\AbstractC4244b.java"	"4372"	".java"
"FkWeChat_1.2.6-jadx"	"sources\p162kd\C4249e.java"	"7193"	".java"
"FkWeChat_1.2.6-jadx"	"sources\p162kd\C4252h.java"	"2873"	".java"
"FkWeChat_1.2.6-jadx"	"sources\p162kd\C4263s.java"	"2637"	".java"
"FkWeChat_1.2.6-jadx"	"sources\p163l\AbstractC4276b4.java"	"3538"	".java"
"FkWeChat_1.2.6-jadx"	"sources\p163l\AbstractC4277c.java"	"2100"	".java"
"FkWeChat_1.2.6-jadx"	"sources\p163l\AbstractC4278c0.java"	"1260"	".java"
"FkWeChat_1.2.6-jadx"	"sources\p163l\AbstractC4284d1.java"	"666"	".java"
"FkWeChat_1.2.6-jadx"	"sources\p163l\AbstractC4294f1.java"	"543"	".java"
"FkWeChat_1.2.6-jadx"	"sources\p163l\AbstractC4298g0.java"	"1469"	".java"
"FkWeChat_1.2.6-jadx"	"sources\p163l\AbstractC4302h.java"	"749"	".java"
"FkWeChat_1.2.6-jadx"	"sources\p163l\AbstractC4304h1.java"	"473"	".java"
"FkWeChat_1.2.6-jadx"	"sources\p163l\AbstractC4314j1.java"	"5638"	".java"
"FkWeChat_1.2.6-jadx"	"sources\p163l\AbstractC4322l.java"	"3273"	".java"
"FkWeChat_1.2.6-jadx"	"sources\p163l\AbstractC4332n.java"	"4225"	".java"
"FkWeChat_1.2.6-jadx"	"sources\p163l\AbstractC4333n0.java"	"752"	".java"
"FkWeChat_1.2.6-jadx"	"sources\p163l\AbstractC4336n3.java"	"11596"	".java"
"FkWeChat_1.2.6-jadx"	"sources\p163l\AbstractC4339o1.java"	"1078"	".java"
"FkWeChat_1.2.6-jadx"	"sources\p163l\AbstractC4344p1.java"	"1137"	".java"
"FkWeChat_1.2.6-jadx"	"sources\p163l\AbstractC4346p3.java"	"3176"	".java"
"FkWeChat_1.2.6-jadx"	"sources\p163l\AbstractC4355r2.java"	"1409"	".java"
"FkWeChat_1.2.6-jadx"	"sources\p163l\AbstractC4357s.java"	"846"	".java"
"FkWeChat_1.2.6-jadx"	"sources\p163l\AbstractC4362t.java"	"1945"	".java"
"FkWeChat_1.2.6-jadx"	"sources\p163l\AbstractC4372v.java"	"1625"	".java"
"FkWeChat_1.2.6-jadx"	"sources\p163l\AbstractC4373v0.java"	"6959"	".java"
"FkWeChat_1.2.6-jadx"	"sources\p163l\AbstractC4378w0.java"	"1158"	".java"
"FkWeChat_1.2.6-jadx"	"sources\p163l\AbstractC4382x.java"	"346"	".java"
"FkWeChat_1.2.6-jadx"	"sources\p163l\AbstractC4388y0.java"	"1463"	".java"
"FkWeChat_1.2.6-jadx"	"sources\p163l\AbstractC4393z0.java"	"360"	".java"
"FkWeChat_1.2.6-jadx"	"sources\p163l\AbstractC4394z1.java"	"13384"	".java"
"FkWeChat_1.2.6-jadx"	"sources\p163l\C4267a1.java"	"1673"	".java"
"FkWeChat_1.2.6-jadx"	"sources\p163l\C4268a2.java"	"4856"	".java"
"FkWeChat_1.2.6-jadx"	"sources\p163l\C4270a4.java"	"1788"	".java"
"FkWeChat_1.2.6-jadx"	"sources\p163l\C4271b.java"	"14774"	".java"
"FkWeChat_1.2.6-jadx"	"sources\p163l\C4272b0.java"	"665"	".java"
"FkWeChat_1.2.6-jadx"	"sources\p163l\C4279c1.java"	"365"	".java"
"FkWeChat_1.2.6-jadx"	"sources\p163l\C4289e1.java"	"9395"	".java"
"FkWeChat_1.2.6-jadx"	"sources\p163l\C4295f2.java"	"39815"	".java"
"FkWeChat_1.2.6-jadx"	"sources\p163l\C4307i.java"	"896"	".java"
"FkWeChat_1.2.6-jadx"	"sources\p163l\C4309i1.java"	"985"	".java"
"FkWeChat_1.2.6-jadx"	"sources\p163l\C4312j.java"	"3338"	".java"
"FkWeChat_1.2.6-jadx"	"sources\p163l\C4318k0.java"	"1983"	".java"
"FkWeChat_1.2.6-jadx"	"sources\p163l\C4319k1.java"	"3423"	".java"
"FkWeChat_1.2.6-jadx"	"sources\p163l\C4323l0.java"	"2297"	".java"
"FkWeChat_1.2.6-jadx"	"sources\p163l\C4324l1.java"	"2148"	".java"
"FkWeChat_1.2.6-jadx"	"sources\p163l\C4327m.java"	"3611"	".java"
"FkWeChat_1.2.6-jadx"	"sources\p163l\C4328m0.java"	"2106"	".java"
"FkWeChat_1.2.6-jadx"	"sources\p163l\C4329m1.java"	"1237"	".java"
"FkWeChat_1.2.6-jadx"	"sources\p163l\C4334n1.java"	"2262"	".java"
"FkWeChat_1.2.6-jadx"	"sources\p163l\C4337o.java"	"1864"	".java"
"FkWeChat_1.2.6-jadx"	"sources\p163l\C4338o0.java"	"1862"	".java"
"FkWeChat_1.2.6-jadx"	"sources\p163l\C4342p.java"	"2489"	".java"
"FkWeChat_1.2.6-jadx"	"sources\p163l\C4347q.java"	"2642"	".java"
"FkWeChat_1.2.6-jadx"	"sources\p163l\C4348q0.java"	"18399"	".java"
"FkWeChat_1.2.6-jadx"	"sources\p163l\C4352r.java"	"3498"	".java"
"FkWeChat_1.2.6-jadx"	"sources\p163l\C4360s2.java"	"1795"	".java"
"FkWeChat_1.2.6-jadx"	"sources\p163l\C4366t3.java"	"5913"	".java"
"FkWeChat_1.2.6-jadx"	"sources\p163l\C4370u2.java"	"966"	".java"
"FkWeChat_1.2.6-jadx"	"sources\p163l\C4371u3.java"	"5509"	".java"
"FkWeChat_1.2.6-jadx"	"sources\p163l\C4376v3.java"	"3113"	".java"
"FkWeChat_1.2.6-jadx"	"sources\p163l\C4377w.java"	"14599"	".java"
"FkWeChat_1.2.6-jadx"	"sources\p163l\C4381w3.java"	"2123"	".java"
"FkWeChat_1.2.6-jadx"	"sources\p163l\C4383x0.java"	"5740"	".java"
"FkWeChat_1.2.6-jadx"	"sources\p163l\C4386x3.java"	"11134"	".java"
"FkWeChat_1.2.6-jadx"	"sources\p163l\C4387y.java"	"3206"	".java"
"FkWeChat_1.2.6-jadx"	"sources\p163l\C4391y3.java"	"1273"	".java"
"FkWeChat_1.2.6-jadx"	"sources\p163l\C4392z.java"	"3522"	".java"
"FkWeChat_1.2.6-jadx"	"sources\p163l\C4396z3.java"	"2308"	".java"
"FkWeChat_1.2.6-jadx"	"sources\p163l\EnumC4273b1.java"	"1697"	".java"
"FkWeChat_1.2.6-jadx"	"sources\p163l\EnumC4297g.java"	"1546"	".java"
"FkWeChat_1.2.6-jadx"	"sources\p163l\EnumC4299g1.java"	"1559"	".java"
"FkWeChat_1.2.6-jadx"	"sources\p163l\InterfaceC4266a0.java"	"351"	".java"
"FkWeChat_1.2.6-jadx"	"sources\p163l\InterfaceC4283d0.java"	"416"	".java"
"FkWeChat_1.2.6-jadx"	"sources\p163l\InterfaceC4288e0.java"	"316"	".java"
"FkWeChat_1.2.6-jadx"	"sources\p163l\InterfaceC4292f.java"	"782"	".java"
"FkWeChat_1.2.6-jadx"	"sources\p163l\InterfaceC4303h0.java"	"270"	".java"
"FkWeChat_1.2.6-jadx"	"sources\p163l\InterfaceC4308i0.java"	"934"	".java"
"FkWeChat_1.2.6-jadx"	"sources\p163l\InterfaceC4313j0.java"	"658"	".java"
"FkWeChat_1.2.6-jadx"	"sources\p163l\InterfaceC4317k.java"	"349"	".java"
"FkWeChat_1.2.6-jadx"	"sources\p163l\InterfaceC4341o3.java"	"1131"	".java"
"FkWeChat_1.2.6-jadx"	"sources\p163l\InterfaceC4351q3.java"	"849"	".java"
"FkWeChat_1.2.6-jadx"	"sources\p163l\InterfaceC4356r3.java"	"665"	".java"
"FkWeChat_1.2.6-jadx"	"sources\p163l\InterfaceC4361s3.java"	"414"	".java"
"FkWeChat_1.2.6-jadx"	"sources\p163l\InterfaceC4365t2.java"	"424"	".java"
"FkWeChat_1.2.6-jadx"	"sources\p163l\InterfaceC4367u.java"	"280"	".java"
"FkWeChat_1.2.6-jadx"	"sources\p164l0\AbstractC4398a0.java"	"268"	".java"
"FkWeChat_1.2.6-jadx"	"sources\p164l0\AbstractC4399a1.java"	"487"	".java"
"FkWeChat_1.2.6-jadx"	"sources\p164l0\AbstractC4402b0.java"	"486"	".java"
"FkWeChat_1.2.6-jadx"	"sources\p164l0\AbstractC4403b1.java"	"484"	".java"
"FkWeChat_1.2.6-jadx"	"sources\p164l0\AbstractC4407c1.java"	"484"	".java"
"FkWeChat_1.2.6-jadx"	"sources\p164l0\AbstractC4410d0.java"	"268"	".java"
"FkWeChat_1.2.6-jadx"	"sources\p164l0\AbstractC4411d1.java"	"497"	".java"
"FkWeChat_1.2.6-jadx"	"sources\p164l0\AbstractC4415e1.java"	"499"	".java"
"FkWeChat_1.2.6-jadx"	"sources\p164l0\AbstractC4417f.java"	"266"	".java"
"FkWeChat_1.2.6-jadx"	"sources\p164l0\AbstractC4419f1.java"	"497"	".java"
"FkWeChat_1.2.6-jadx"	"sources\p164l0\AbstractC4422g0.java"	"466"	".java"
"FkWeChat_1.2.6-jadx"	"sources\p164l0\AbstractC4423g1.java"	"499"	".java"
"FkWeChat_1.2.6-jadx"	"sources\p164l0\AbstractC4425h.java"	"749"	".java"
"FkWeChat_1.2.6-jadx"	"sources\p164l0\AbstractC4426h0.java"	"476"	".java"
"FkWeChat_1.2.6-jadx"	"sources\p164l0\AbstractC4427h1.java"	"499"	".java"
"FkWeChat_1.2.6-jadx"	"sources\p164l0\AbstractC4428h2.java"	"6465"	".java"
"FkWeChat_1.2.6-jadx"	"sources\p164l0\AbstractC4430i0.java"	"476"	".java"
"FkWeChat_1.2.6-jadx"	"sources\p164l0\AbstractC4431i1.java"	"268"	".java"
"FkWeChat_1.2.6-jadx"	"sources\p164l0\AbstractC4434j0.java"	"268"	".java"
"FkWeChat_1.2.6-jadx"	"sources\p164l0\AbstractC4435j1.java"	"268"	".java"
"FkWeChat_1.2.6-jadx"	"sources\p164l0\AbstractC4436j2.java"	"2780"	".java"
"FkWeChat_1.2.6-jadx"	"sources\p164l0\AbstractC4438k0.java"	"466"	".java"
"FkWeChat_1.2.6-jadx"	"sources\p164l0\AbstractC4439k1.java"	"268"	".java"
"FkWeChat_1.2.6-jadx"	"sources\p164l0\AbstractC4440k2.java"	"1668"	".java"
"FkWeChat_1.2.6-jadx"	"sources\p164l0\AbstractC4442l0.java"	"476"	".java"
"FkWeChat_1.2.6-jadx"	"sources\p164l0\AbstractC4443l1.java"	"268"	".java"
"FkWeChat_1.2.6-jadx"	"sources\p164l0\AbstractC4446m0.java"	"466"	".java"
"FkWeChat_1.2.6-jadx"	"sources\p164l0\AbstractC4447m1.java"	"268"	".java"
"FkWeChat_1.2.6-jadx"	"sources\p164l0\AbstractC4450n0.java"	"476"	".java"
"FkWeChat_1.2.6-jadx"	"sources\p164l0\AbstractC4451n1.java"	"487"	".java"
"FkWeChat_1.2.6-jadx"	"sources\p164l0\AbstractC4454o0.java"	"268"	".java"
"FkWeChat_1.2.6-jadx"	"sources\p164l0\AbstractC4455o1.java"	"268"	".java"
"FkWeChat_1.2.6-jadx"	"sources\p164l0\AbstractC4459p1.java"	"484"	".java"
"FkWeChat_1.2.6-jadx"	"sources\p164l0\AbstractC4462q0.java"	"4926"	".java"
"FkWeChat_1.2.6-jadx"	"sources\p164l0\AbstractC4463q1.java"	"497"	".java"
"FkWeChat_1.2.6-jadx"	"sources\p164l0\AbstractC4466r0.java"	"487"	".java"
"FkWeChat_1.2.6-jadx"	"sources\p164l0\AbstractC4467r1.java"	"499"	".java"
"FkWeChat_1.2.6-jadx"	"sources\p164l0\AbstractC4470s0.java"	"268"	".java"
"FkWeChat_1.2.6-jadx"	"sources\p164l0\AbstractC4471s1.java"	"497"	".java"
"FkWeChat_1.2.6-jadx"	"sources\p164l0\AbstractC4472s2.java"	"1042"	".java"
"FkWeChat_1.2.6-jadx"	"sources\p164l0\AbstractC4474t0.java"	"268"	".java"
"FkWeChat_1.2.6-jadx"	"sources\p164l0\AbstractC4475t1.java"	"499"	".java"
"FkWeChat_1.2.6-jadx"	"sources\p164l0\AbstractC4476t2.java"	"937"	".java"
"FkWeChat_1.2.6-jadx"	"sources\p164l0\AbstractC4478u0.java"	"268"	".java"
"FkWeChat_1.2.6-jadx"	"sources\p164l0\AbstractC4479u1.java"	"268"	".java"
"FkWeChat_1.2.6-jadx"	"sources\p164l0\AbstractC4481v0.java"	"268"	".java"
"FkWeChat_1.2.6-jadx"	"sources\p164l0\AbstractC4482v1.java"	"268"	".java"
"FkWeChat_1.2.6-jadx"	"sources\p164l0\AbstractC4484w0.java"	"268"	".java"
"FkWeChat_1.2.6-jadx"	"sources\p164l0\AbstractC4486x.java"	"266"	".java"
"FkWeChat_1.2.6-jadx"	"sources\p164l0\AbstractC4487x0.java"	"268"	".java"
"FkWeChat_1.2.6-jadx"	"sources\p164l0\AbstractC4489y.java"	"266"	".java"
"FkWeChat_1.2.6-jadx"	"sources\p164l0\AbstractC4490y0.java"	"268"	".java"
"FkWeChat_1.2.6-jadx"	"sources\p164l0\AbstractC4492z.java"	"266"	".java"
"FkWeChat_1.2.6-jadx"	"sources\p164l0\AbstractC4493z0.java"	"268"	".java"
"FkWeChat_1.2.6-jadx"	"sources\p164l0\AbstractC4494z1.java"	"9926"	".java"
"FkWeChat_1.2.6-jadx"	"sources\p164l0\C4405c.java"	"19259"	".java"
"FkWeChat_1.2.6-jadx"	"sources\p164l0\C4406c0.java"	"786"	".java"
"FkWeChat_1.2.6-jadx"	"sources\p164l0\C4412d2.java"	"2863"	".java"
"FkWeChat_1.2.6-jadx"	"sources\p164l0\C4414e0.java"	"1150"	".java"
"FkWeChat_1.2.6-jadx"	"sources\p164l0\C4418f0.java"	"10243"	".java"
"FkWeChat_1.2.6-jadx"	"sources\p164l0\C4421g.java"	"605"	".java"
"FkWeChat_1.2.6-jadx"	"sources\p164l0\C4432i2.java"	"5336"	".java"
"FkWeChat_1.2.6-jadx"	"sources\p164l0\C4458p0.java"	"1011"	".java"
"FkWeChat_1.2.6-jadx"	"sources\p164l0\C4460p2.java"	"1307"	".java"
"FkWeChat_1.2.6-jadx"	"sources\p164l0\InputConnectionC4468r2.java"	"15039"	".java"
"FkWeChat_1.2.6-jadx"	"sources\p164l0\InterfaceC4400a2.java"	"767"	".java"
"FkWeChat_1.2.6-jadx"	"sources\p164l0\InterfaceC4404b2.java"	"774"	".java"
"FkWeChat_1.2.6-jadx"	"sources\p165l1\AbstractC4497c.java"	"1440"	".java"
"FkWeChat_1.2.6-jadx"	"sources\p165l1\AbstractC4498d.java"	"547"	".java"
"FkWeChat_1.2.6-jadx"	"sources\p165l1\AbstractC4505k.java"	"4206"	".java"
"FkWeChat_1.2.6-jadx"	"sources\p165l1\AbstractC4506l.java"	"1254"	".java"
"FkWeChat_1.2.6-jadx"	"sources\p165l1\AbstractC4510p.java"	"3457"	".java"
"FkWeChat_1.2.6-jadx"	"sources\p165l1\AbstractC4511q.java"	"1417"	".java"
"FkWeChat_1.2.6-jadx"	"sources\p165l1\AbstractC4512r.java"	"312"	".java"
"FkWeChat_1.2.6-jadx"	"sources\p165l1\AbstractC4513s.java"	"6840"	".java"
"FkWeChat_1.2.6-jadx"	"sources\p165l1\AbstractC4515u.java"	"449"	".java"
"FkWeChat_1.2.6-jadx"	"sources\p165l1\C4495a.java"	"1790"	".java"
"FkWeChat_1.2.6-jadx"	"sources\p165l1\C4500f.java"	"2923"	".java"
"FkWeChat_1.2.6-jadx"	"sources\p165l1\C4501g.java"	"4202"	".java"
"FkWeChat_1.2.6-jadx"	"sources\p165l1\C4502h.java"	"2862"	".java"
"FkWeChat_1.2.6-jadx"	"sources\p165l1\C4503i.java"	"1731"	".java"
"FkWeChat_1.2.6-jadx"	"sources\p165l1\C4504j.java"	"792"	".java"
"FkWeChat_1.2.6-jadx"	"sources\p165l1\C4508n.java"	"375"	".java"
"FkWeChat_1.2.6-jadx"	"sources\p165l1\C4514t.java"	"2868"	".java"
"FkWeChat_1.2.6-jadx"	"sources\p165l1\C4516v.java"	"2713"	".java"
"FkWeChat_1.2.6-jadx"	"sources\p165l1\InterfaceC4499e.java"	"5038"	".java"
"FkWeChat_1.2.6-jadx"	"sources\p165l1\InterfaceC4507m.java"	"10976"	".java"
"FkWeChat_1.2.6-jadx"	"sources\p165l1\InterfaceC4509o.java"	"2125"	".java"
"FkWeChat_1.2.6-jadx"	"sources\p166l2\AbstractC4517a.java"	"9543"	".java"
"FkWeChat_1.2.6-jadx"	"sources\p166l2\AbstractC4527c1.java"	"7914"	".java"
"FkWeChat_1.2.6-jadx"	"sources\p166l2\AbstractC4528c2.java"	"1144"	".java"
"FkWeChat_1.2.6-jadx"	"sources\p166l2\AbstractC4532d2.java"	"1230"	".java"
"FkWeChat_1.2.6-jadx"	"sources\p166l2\AbstractC4535e1.java"	"2751"	".java"
"FkWeChat_1.2.6-jadx"	"sources\p166l2\AbstractC4537f.java"	"804"	".java"
"FkWeChat_1.2.6-jadx"	"sources\p166l2\AbstractC4539f1.java"	"100778"	".java"
"FkWeChat_1.2.6-jadx"	"sources\p166l2\AbstractC4542g0.java"	"1660"	".java"
"FkWeChat_1.2.6-jadx"	"sources\p166l2\AbstractC4543g1.java"	"3598"	".java"
"FkWeChat_1.2.6-jadx"	"sources\p166l2\AbstractC4544g2.java"	"2838"	".java"
"FkWeChat_1.2.6-jadx"	"sources\p166l2\AbstractC4546h0.java"	"1531"	".java"
"FkWeChat_1.2.6-jadx"	"sources\p166l2\AbstractC4547h1.java"	"360"	".java"
"FkWeChat_1.2.6-jadx"	"sources\p166l2\AbstractC4548h2.java"	"1691"	".java"
"FkWeChat_1.2.6-jadx"	"sources\p166l2\AbstractC4549i.java"	"766"	".java"
"FkWeChat_1.2.6-jadx"	"sources\p166l2\AbstractC4557k.java"	"9247"	".java"
"FkWeChat_1.2.6-jadx"	"sources\p166l2\AbstractC4560k2.java"	"31894"	".java"
"FkWeChat_1.2.6-jadx"	"sources\p166l2\AbstractC4561l.java"	"765"	".java"
"FkWeChat_1.2.6-jadx"	"sources\p166l2\AbstractC4565m.java"	"8762"	".java"
"FkWeChat_1.2.6-jadx"	"sources\p166l2\AbstractC4566m0.java"	"1009"	".java"
"FkWeChat_1.2.6-jadx"	"sources\p166l2\AbstractC4570n0.java"	"929"	".java"
"FkWeChat_1.2.6-jadx"	"sources\p166l2\AbstractC4572o.java"	"1040"	".java"
"FkWeChat_1.2.6-jadx"	"sources\p166l2\AbstractC4576p0.java"	"612"	".java"
"FkWeChat_1.2.6-jadx"	"sources\p166l2\AbstractC4581r.java"	"1187"	".java"
"FkWeChat_1.2.6-jadx"	"sources\p166l2\AbstractC4585s0.java"	"22708"	".java"
"FkWeChat_1.2.6-jadx"	"sources\p166l2\AbstractC4590u.java"	"526"	".java"
"FkWeChat_1.2.6-jadx"	"sources\p166l2\AbstractC4592u1.java"	"434"	".java"
"FkWeChat_1.2.6-jadx"	"sources\p166l2\AbstractC4599x.java"	"776"	".java"
"FkWeChat_1.2.6-jadx"	"sources\p166l2\AbstractC4601x1.java"	"504"	".java"
"FkWeChat_1.2.6-jadx"	"sources\p166l2\AbstractC4603y0.java"	"2874"	".java"
"FkWeChat_1.2.6-jadx"	"sources\p166l2\AbstractC4606z0.java"	"502"	".java"
"FkWeChat_1.2.6-jadx"	"sources\p166l2\C4523b1.java"	"1344"	".java"
"FkWeChat_1.2.6-jadx"	"sources\p166l2\C4526c0.java"	"2454"	".java"
"FkWeChat_1.2.6-jadx"	"sources\p166l2\C4533e.java"	"1280"	".java"
"FkWeChat_1.2.6-jadx"	"sources\p166l2\C4536e2.java"	"697"	".java"
"FkWeChat_1.2.6-jadx"	"sources\p166l2\C4540f2.java"	"912"	".java"
"FkWeChat_1.2.6-jadx"	"sources\p166l2\C4554j0.java"	"87926"	".java"
"FkWeChat_1.2.6-jadx"	"sources\p166l2\C4555j1.java"	"8606"	".java"
"FkWeChat_1.2.6-jadx"	"sources\p166l2\C4564l2.java"	"2096"	".java"
"FkWeChat_1.2.6-jadx"	"sources\p166l2\C4567m1.java"	"2491"	".java"
"FkWeChat_1.2.6-jadx"	"sources\p166l2\C4568m2.java"	"364"	".java"
"FkWeChat_1.2.6-jadx"	"sources\p166l2\C4569n.java"	"3218"	".java"
"FkWeChat_1.2.6-jadx"	"sources\p166l2\C4571n1.java"	"4973"	".java"
"FkWeChat_1.2.6-jadx"	"sources\p166l2\C4573o0.java"	"12350"	".java"
"FkWeChat_1.2.6-jadx"	"sources\p166l2\C4575p.java"	"3834"	".java"
"FkWeChat_1.2.6-jadx"	"sources\p166l2\C4579q0.java"	"6986"	".java"
"FkWeChat_1.2.6-jadx"	"sources\p166l2\C4584s.java"	"3425"	".java"
"FkWeChat_1.2.6-jadx"	"sources\p166l2\C4586s1.java"	"8640"	".java"
"FkWeChat_1.2.6-jadx"	"sources\p166l2\C4594v0.java"	"29045"	".java"
"FkWeChat_1.2.6-jadx"	"sources\p166l2\C4595v1.java"	"1227"	".java"
"FkWeChat_1.2.6-jadx"	"sources\p166l2\C4596w.java"	"24503"	".java"
"FkWeChat_1.2.6-jadx"	"sources\p166l2\C4604y1.java"	"544"	".java"
"FkWeChat_1.2.6-jadx"	"sources\p166l2\C4605z.java"	"3815"	".java"
"FkWeChat_1.2.6-jadx"	"sources\p166l2\EnumC4522b0.java"	"1845"	".java"
"FkWeChat_1.2.6-jadx"	"sources\p166l2\EnumC4552i2.java"	"1730"	".java"
"FkWeChat_1.2.6-jadx"	"sources\p166l2\InterfaceC4519a1.java"	"321"	".java"
"FkWeChat_1.2.6-jadx"	"sources\p166l2\InterfaceC4521b.java"	"951"	".java"
"FkWeChat_1.2.6-jadx"	"sources\p166l2\InterfaceC4524b2.java"	"716"	".java"
"FkWeChat_1.2.6-jadx"	"sources\p166l2\InterfaceC4530d0.java"	"501"	".java"
"FkWeChat_1.2.6-jadx"	"sources\p166l2\InterfaceC4534e0.java"	"3848"	".java"
"FkWeChat_1.2.6-jadx"	"sources\p166l2\InterfaceC4541g.java"	"12181"	".java"
"FkWeChat_1.2.6-jadx"	"sources\p166l2\InterfaceC4545h.java"	"270"	".java"
"FkWeChat_1.2.6-jadx"	"sources\p166l2\InterfaceC4553j.java"	"510"	".java"
"FkWeChat_1.2.6-jadx"	"sources\p166l2\InterfaceC4556j2.java"	"333"	".java"
"FkWeChat_1.2.6-jadx"	"sources\p166l2\InterfaceC4559k1.java"	"334"	".java"
"FkWeChat_1.2.6-jadx"	"sources\p166l2\InterfaceC4574o1.java"	"373"	".java"
"FkWeChat_1.2.6-jadx"	"sources\p166l2\InterfaceC4577p1.java"	"1436"	".java"
"FkWeChat_1.2.6-jadx"	"sources\p166l2\InterfaceC4578q.java"	"550"	".java"
"FkWeChat_1.2.6-jadx"	"sources\p166l2\InterfaceC4580q1.java"	"8324"	".java"
"FkWeChat_1.2.6-jadx"	"sources\p166l2\InterfaceC4583r1.java"	"313"	".java"
"FkWeChat_1.2.6-jadx"	"sources\p166l2\InterfaceC4587t.java"	"474"	".java"
"FkWeChat_1.2.6-jadx"	"sources\p166l2\InterfaceC4589t1.java"	"411"	".java"
"FkWeChat_1.2.6-jadx"	"sources\p166l2\InterfaceC4593v.java"	"395"	".java"
"FkWeChat_1.2.6-jadx"	"sources\p166l2\InterfaceC4598w1.java"	"1032"	".java"
"FkWeChat_1.2.6-jadx"	"sources\p166l2\InterfaceC4600x0.java"	"373"	".java"
"FkWeChat_1.2.6-jadx"	"sources\p166l2\InterfaceC4607z1.java"	"439"	".java"
"FkWeChat_1.2.6-jadx"	"sources\p167l3\AbstractC4609b.java"	"50937"	".java"
"FkWeChat_1.2.6-jadx"	"sources\p167l3\AbstractC4611d.java"	"1270"	".java"
"FkWeChat_1.2.6-jadx"	"sources\p167l3\C4613f.java"	"3230"	".java"
"FkWeChat_1.2.6-jadx"	"sources\p167l3\C4614g.java"	"5804"	".java"
"FkWeChat_1.2.6-jadx"	"sources\p167l3\C4616i.java"	"2169"	".java"
"FkWeChat_1.2.6-jadx"	"sources\p167l3\C4618k.java"	"2039"	".java"
"FkWeChat_1.2.6-jadx"	"sources\p167l3\C4619l.java"	"4605"	".java"
"FkWeChat_1.2.6-jadx"	"sources\p167l3\C4620m.java"	"2039"	".java"
"FkWeChat_1.2.6-jadx"	"sources\p167l3\C4621n.java"	"1069"	".java"
"FkWeChat_1.2.6-jadx"	"sources\p167l3\ViewTreeObserverOnGlobalFocusChangeListenerC4617j.java"	"11446"	".java"
"FkWeChat_1.2.6-jadx"	"sources\p168l4\AbstractC4625c.java"	"6596"	".java"
"FkWeChat_1.2.6-jadx"	"sources\p168l4\AbstractC4632j.java"	"31125"	".java"
"FkWeChat_1.2.6-jadx"	"sources\p168l4\AbstractC4633k.java"	"1599"	".java"
"FkWeChat_1.2.6-jadx"	"sources\p168l4\C4624b.java"	"1295"	".java"
"FkWeChat_1.2.6-jadx"	"sources\p168l4\C4634l.java"	"743"	".java"
"FkWeChat_1.2.6-jadx"	"sources\p168l4\EnumC4626d.java"	"589"	".java"
"FkWeChat_1.2.6-jadx"	"sources\p168l4\ExecutorC4627e.java"	"456"	".java"
"FkWeChat_1.2.6-jadx"	"sources\p169l5\C4635a.java"	"2039"	".java"
"FkWeChat_1.2.6-jadx"	"sources\p169l5\C4636a0.java"	"1448"	".java"
"FkWeChat_1.2.6-jadx"	"sources\p169l5\C4637b.java"	"1569"	".java"
"FkWeChat_1.2.6-jadx"	"sources\p169l5\C4638c.java"	"2870"	".java"
"FkWeChat_1.2.6-jadx"	"sources\p169l5\C4639d.java"	"2144"	".java"
"FkWeChat_1.2.6-jadx"	"sources\p169l5\C4640e.java"	"3838"	".java"
"FkWeChat_1.2.6-jadx"	"sources\p169l5\C4641f.java"	"2044"	".java"
"FkWeChat_1.2.6-jadx"	"sources\p169l5\C4642g.java"	"3735"	".java"
"FkWeChat_1.2.6-jadx"	"sources\p169l5\C4643h.java"	"3290"	".java"
"FkWeChat_1.2.6-jadx"	"sources\p169l5\C4644i.java"	"2850"	".java"
"FkWeChat_1.2.6-jadx"	"sources\p169l5\C4645j.java"	"2656"	".java"
"FkWeChat_1.2.6-jadx"	"sources\p169l5\C4646k.java"	"3191"	".java"
"FkWeChat_1.2.6-jadx"	"sources\p169l5\C4647l.java"	"3035"	".java"
"FkWeChat_1.2.6-jadx"	"sources\p169l5\C4648m.java"	"3194"	".java"
"FkWeChat_1.2.6-jadx"	"sources\p169l5\C4649n.java"	"3001"	".java"
"FkWeChat_1.2.6-jadx"	"sources\p169l5\C4650o.java"	"2472"	".java"
"FkWeChat_1.2.6-jadx"	"sources\p169l5\C4651p.java"	"2714"	".java"
"FkWeChat_1.2.6-jadx"	"sources\p169l5\C4652q.java"	"1751"	".java"
"FkWeChat_1.2.6-jadx"	"sources\p169l5\C4653r.java"	"3476"	".java"
"FkWeChat_1.2.6-jadx"	"sources\p169l5\C4654s.java"	"2716"	".java"
"FkWeChat_1.2.6-jadx"	"sources\p169l5\C4655t.java"	"2409"	".java"
"FkWeChat_1.2.6-jadx"	"sources\p169l5\C4656u.java"	"2483"	".java"
"FkWeChat_1.2.6-jadx"	"sources\p169l5\C4657v.java"	"4623"	".java"
"FkWeChat_1.2.6-jadx"	"sources\p169l5\C4658w.java"	"2747"	".java"
"FkWeChat_1.2.6-jadx"	"sources\p169l5\C4659x.java"	"4619"	".java"
"FkWeChat_1.2.6-jadx"	"sources\p169l5\C4660y.java"	"2770"	".java"
"FkWeChat_1.2.6-jadx"	"sources\p169l5\C4661z.java"	"2537"	".java"
"FkWeChat_1.2.6-jadx"	"sources\p170l6\AbstractC4665d.java"	"4147"	".java"
"FkWeChat_1.2.6-jadx"	"sources\p170l6\C4662a.java"	"418"	".java"
"FkWeChat_1.2.6-jadx"	"sources\p170l6\C4663b.java"	"8324"	".java"
"FkWeChat_1.2.6-jadx"	"sources\p170l6\C4674m.java"	"30315"	".java"
"FkWeChat_1.2.6-jadx"	"sources\p170l6\C4675n.java"	"9520"	".java"
"FkWeChat_1.2.6-jadx"	"sources\p170l6\C4676o.java"	"9088"	".java"
"FkWeChat_1.2.6-jadx"	"sources\p170l6\C4678q.java"	"4203"	".java"
"FkWeChat_1.2.6-jadx"	"sources\p170l6\C4679r.java"	"2867"	".java"
"FkWeChat_1.2.6-jadx"	"sources\p170l6\EnumC4677p.java"	"4769"	".java"
"FkWeChat_1.2.6-jadx"	"sources\p171l7\AbstractC4681b.java"	"1608"	".java"
"FkWeChat_1.2.6-jadx"	"sources\p171l7\C4680a.java"	"882"	".java"
"FkWeChat_1.2.6-jadx"	"sources\p171l7\InterfaceC4682c.java"	"503"	".java"
"FkWeChat_1.2.6-jadx"	"sources\p172l8\AbstractC4685b.java"	"717"	".java"
"FkWeChat_1.2.6-jadx"	"sources\p172l8\AbstractC4687c.java"	"578"	".java"
"FkWeChat_1.2.6-jadx"	"sources\p172l8\AbstractC4693f.java"	"1315"	".java"
"FkWeChat_1.2.6-jadx"	"sources\p172l8\AbstractC4704k0.java"	"1685"	".java"
"FkWeChat_1.2.6-jadx"	"sources\p172l8\AbstractC4706m.java"	"1982"	".java"
"FkWeChat_1.2.6-jadx"	"sources\p172l8\AbstractC4707n.java"	"408"	".java"
"FkWeChat_1.2.6-jadx"	"sources\p172l8\AbstractC4713t.java"	"646"	".java"
"FkWeChat_1.2.6-jadx"	"sources\p172l8\AbstractC4717x.java"	"401"	".java"
"FkWeChat_1.2.6-jadx"	"sources\p172l8\C4683a.java"	"620"	".java"
"FkWeChat_1.2.6-jadx"	"sources\p172l8\C4684a0.java"	"2172"	".java"
"FkWeChat_1.2.6-jadx"	"sources\p172l8\C4686b0.java"	"7322"	".java"
"FkWeChat_1.2.6-jadx"	"sources\p172l8\C4688c0.java"	"2306"	".java"
"FkWeChat_1.2.6-jadx"	"sources\p172l8\C4689d.java"	"3358"	".java"
"FkWeChat_1.2.6-jadx"	"sources\p172l8\C4690d0.java"	"7349"	".java"
"FkWeChat_1.2.6-jadx"	"sources\p172l8\C4692e0.java"	"339"	".java"
"FkWeChat_1.2.6-jadx"	"sources\p172l8\C4694f0.java"	"2218"	".java"
"FkWeChat_1.2.6-jadx"	"sources\p172l8\C4696g0.java"	"7376"	".java"
"FkWeChat_1.2.6-jadx"	"sources\p172l8\C4697h.java"	"797"	".java"
"FkWeChat_1.2.6-jadx"	"sources\p172l8\C4698h0.java"	"328"	".java"
"FkWeChat_1.2.6-jadx"	"sources\p172l8\C4699i.java"	"264"	".java"
"FkWeChat_1.2.6-jadx"	"sources\p172l8\C4700i0.java"	"411"	".java"
"FkWeChat_1.2.6-jadx"	"sources\p172l8\C4701j.java"	"2610"	".java"
"FkWeChat_1.2.6-jadx"	"sources\p172l8\C4702j0.java"	"1709"	".java"
"FkWeChat_1.2.6-jadx"	"sources\p172l8\C4703k.java"	"464"	".java"
"FkWeChat_1.2.6-jadx"	"sources\p172l8\C4709p.java"	"258"	".java"
"FkWeChat_1.2.6-jadx"	"sources\p172l8\C4710q.java"	"432"	".java"
"FkWeChat_1.2.6-jadx"	"sources\p172l8\C4711r.java"	"2254"	".java"
"FkWeChat_1.2.6-jadx"	"sources\p172l8\C4712s.java"	"3616"	".java"
"FkWeChat_1.2.6-jadx"	"sources\p172l8\C4714u.java"	"2823"	".java"
"FkWeChat_1.2.6-jadx"	"sources\p172l8\C4715v.java"	"2109"	".java"
"FkWeChat_1.2.6-jadx"	"sources\p172l8\C4716w.java"	"2292"	".java"
"FkWeChat_1.2.6-jadx"	"sources\p172l8\C4718y.java"	"2331"	".java"
"FkWeChat_1.2.6-jadx"	"sources\p172l8\C4719z.java"	"7334"	".java"
"FkWeChat_1.2.6-jadx"	"sources\p172l8\EnumC4708o.java"	"1673"	".java"
"FkWeChat_1.2.6-jadx"	"sources\p172l8\InterfaceC4691e.java"	"372"	".java"
"FkWeChat_1.2.6-jadx"	"sources\p172l8\InterfaceC4695g.java"	"246"	".java"
"FkWeChat_1.2.6-jadx"	"sources\p172l8\InterfaceC4705l.java"	"335"	".java"
"FkWeChat_1.2.6-jadx"	"sources\p173l9\C4720a.java"	"3046"	".java"
"FkWeChat_1.2.6-jadx"	"sources\p174ld\AbstractC4751e.java"	"1690"	".java"
"FkWeChat_1.2.6-jadx"	"sources\p174ld\C4749c.java"	"3238"	".java"
"FkWeChat_1.2.6-jadx"	"sources\p174ld\RunnableC4747a.java"	"577"	".java"
"FkWeChat_1.2.6-jadx"	"sources\p174ld\RunnableC4748b.java"	"435"	".java"
"FkWeChat_1.2.6-jadx"	"sources\p175le\C4752a.java"	"2791"	".java"
"FkWeChat_1.2.6-jadx"	"sources\p175le\C4754c.java"	"5172"	".java"
"FkWeChat_1.2.6-jadx"	"sources\p175le\C4755d.java"	"4955"	".java"
"FkWeChat_1.2.6-jadx"	"sources\p175le\C4756e.java"	"2480"	".java"
"FkWeChat_1.2.6-jadx"	"sources\p175le\InterfaceC4753b.java"	"643"	".java"
"FkWeChat_1.2.6-jadx"	"sources\p176m\AbstractC4757a.java"	"561"	".java"
"FkWeChat_1.2.6-jadx"	"sources\p176m\AbstractC4758b.java"	"369"	".java"
"FkWeChat_1.2.6-jadx"	"sources\p177m0\AbstractC4759a.java"	"2162"	".java"
"FkWeChat_1.2.6-jadx"	"sources\p177m0\AbstractC4761b.java"	"1738"	".java"
"FkWeChat_1.2.6-jadx"	"sources\p177m0\AbstractC4763c.java"	"1524"	".java"
"FkWeChat_1.2.6-jadx"	"sources\p177m0\AbstractC4767e.java"	"614"	".java"
"FkWeChat_1.2.6-jadx"	"sources\p177m0\AbstractC4776n.java"	"8678"	".java"
"FkWeChat_1.2.6-jadx"	"sources\p177m0\AbstractC4785w.java"	"430"	".java"
"FkWeChat_1.2.6-jadx"	"sources\p177m0\C4765d.java"	"5399"	".java"
"FkWeChat_1.2.6-jadx"	"sources\p177m0\C4766d0.java"	"21816"	".java"
"FkWeChat_1.2.6-jadx"	"sources\p177m0\C4777o.java"	"3015"	".java"
"FkWeChat_1.2.6-jadx"	"sources\p177m0\C4786x.java"	"6506"	".java"
"FkWeChat_1.2.6-jadx"	"sources\p178m1\AbstractC4791c.java"	"1361"	".java"
"FkWeChat_1.2.6-jadx"	"sources\p178m1\AbstractC4792d.java"	"2781"	".java"
"FkWeChat_1.2.6-jadx"	"sources\p178m1\AbstractC4798j.java"	"266"	".java"
"FkWeChat_1.2.6-jadx"	"sources\p178m1\AbstractC4800l.java"	"266"	".java"
"FkWeChat_1.2.6-jadx"	"sources\p178m1\AbstractC4803o.java"	"250"	".java"
"FkWeChat_1.2.6-jadx"	"sources\p178m1\AbstractC4806r.java"	"618"	".java"
"FkWeChat_1.2.6-jadx"	"sources\p178m1\AbstractC4808t.java"	"699"	".java"
"FkWeChat_1.2.6-jadx"	"sources\p178m1\C4789a.java"	"2152"	".java"
"FkWeChat_1.2.6-jadx"	"sources\p178m1\C4793e.java"	"1532"	".java"
"FkWeChat_1.2.6-jadx"	"sources\p178m1\C4794f.java"	"541"	".java"
"FkWeChat_1.2.6-jadx"	"sources\p178m1\C4795g.java"	"613"	".java"
"FkWeChat_1.2.6-jadx"	"sources\p178m1\C4797i.java"	"5369"	".java"
"FkWeChat_1.2.6-jadx"	"sources\p178m1\C4799k.java"	"627"	".java"
"FkWeChat_1.2.6-jadx"	"sources\p178m1\C4801m.java"	"537"	".java"
"FkWeChat_1.2.6-jadx"	"sources\p178m1\C4802n.java"	"1554"	".java"
"FkWeChat_1.2.6-jadx"	"sources\p178m1\C4804p.java"	"753"	".java"
"FkWeChat_1.2.6-jadx"	"sources\p178m1\C4811w.java"	"1840"	".java"
"FkWeChat_1.2.6-jadx"	"sources\p178m1\InterfaceC4796h.java"	"246"	".java"
"FkWeChat_1.2.6-jadx"	"sources\p178m1\InterfaceC4805q.java"	"1541"	".java"
"FkWeChat_1.2.6-jadx"	"sources\p178m1\InterfaceC4807s.java"	"5877"	".java"
"FkWeChat_1.2.6-jadx"	"sources\p178m1\InterfaceC4809u.java"	"246"	".java"
"FkWeChat_1.2.6-jadx"	"sources\p178m1\InterfaceC4810v.java"	"835"	".java"
"FkWeChat_1.2.6-jadx"	"sources\p179m2\AbstractC4813a.java"	"12818"	".java"
"FkWeChat_1.2.6-jadx"	"sources\p179m2\AbstractC4817a3.java"	"1008"	".java"
"FkWeChat_1.2.6-jadx"	"sources\p179m2\AbstractC4818b.java"	"1232"	".java"
"FkWeChat_1.2.6-jadx"	"sources\p179m2\AbstractC4819b0.java"	"514"	".java"
"FkWeChat_1.2.6-jadx"	"sources\p179m2\AbstractC4824c0.java"	"268"	".java"
"FkWeChat_1.2.6-jadx"	"sources\p179m2\AbstractC4826c2.java"	"721"	".java"
"FkWeChat_1.2.6-jadx"	"sources\p179m2\AbstractC4829d0.java"	"268"	".java"
"FkWeChat_1.2.6-jadx"	"sources\p179m2\AbstractC4830d1.java"	"268"	".java"
"FkWeChat_1.2.6-jadx"	"sources\p179m2\AbstractC4836e2.java"	"1596"	".java"
"FkWeChat_1.2.6-jadx"	"sources\p179m2\AbstractC4840f1.java"	"252"	".java"
"FkWeChat_1.2.6-jadx"	"sources\p179m2\AbstractC4841f2.java"	"1298"	".java"
"FkWeChat_1.2.6-jadx"	"sources\p179m2\AbstractC4846g2.java"	"252"	".java"
"FkWeChat_1.2.6-jadx"	"sources\p179m2\AbstractC4849h0.java"	"4368"	".java"
"FkWeChat_1.2.6-jadx"	"sources\p179m2\AbstractC4851h2.java"	"482"	".java"
"FkWeChat_1.2.6-jadx"	"sources\p179m2\AbstractC4854i0.java"	"26076"	".java"
"FkWeChat_1.2.6-jadx"	"sources\p179m2\AbstractC4856i2.java"	"3023"	".java"
"FkWeChat_1.2.6-jadx"	"sources\p179m2\AbstractC4857i3.java"	"2823"	".java"
"FkWeChat_1.2.6-jadx"	"sources\p179m2\AbstractC4861j2.java"	"868"	".java"
"FkWeChat_1.2.6-jadx"	"sources\p179m2\AbstractC4867k3.java"	"3042"	".java"
"FkWeChat_1.2.6-jadx"	"sources\p179m2\AbstractC4873m.java"	"1306"	".java"
"FkWeChat_1.2.6-jadx"	"sources\p179m2\AbstractC4878n.java"	"266"	".java"
"FkWeChat_1.2.6-jadx"	"sources\p179m2\AbstractC4879n0.java"	"432"	".java"
"FkWeChat_1.2.6-jadx"	"sources\p179m2\AbstractC4892p3.java"	"1216"	".java"
"FkWeChat_1.2.6-jadx"	"sources\p179m2\AbstractC4896q2.java"	"252"	".java"
"FkWeChat_1.2.6-jadx"	"sources\p179m2\AbstractC4899r0.java"	"268"	".java"
"FkWeChat_1.2.6-jadx"	"sources\p179m2\AbstractC4900r1.java"	"6639"	".java"
"FkWeChat_1.2.6-jadx"	"sources\p179m2\AbstractC4904s0.java"	"268"	".java"
"FkWeChat_1.2.6-jadx"	"sources\p179m2\AbstractC4919v0.java"	"2232"	".java"
"FkWeChat_1.2.6-jadx"	"sources\p179m2\AbstractC4920v1.java"	"5167"	".java"
"FkWeChat_1.2.6-jadx"	"sources\p179m2\AbstractC4924w0.java"	"268"	".java"
"FkWeChat_1.2.6-jadx"	"sources\p179m2\AbstractC4927w3.java"	"5315"	".java"
"FkWeChat_1.2.6-jadx"	"sources\p179m2\AbstractC4928x.java"	"266"	".java"
"FkWeChat_1.2.6-jadx"	"sources\p179m2\AbstractC4934y1.java"	"268"	".java"
"FkWeChat_1.2.6-jadx"	"sources\p179m2\AbstractC4935y2.java"	"6421"	".java"
"FkWeChat_1.2.6-jadx"	"sources\p179m2\C4815a1.java"	"2391"	".java"
"FkWeChat_1.2.6-jadx"	"sources\p179m2\C4816a2.java"	"3895"	".java"
"FkWeChat_1.2.6-jadx"	"sources\p179m2\C4823c.java"	"4719"	".java"
"FkWeChat_1.2.6-jadx"	"sources\p179m2\C4825c1.java"	"2085"	".java"
"FkWeChat_1.2.6-jadx"	"sources\p179m2\C4827c3.java"	"590"	".java"
"FkWeChat_1.2.6-jadx"	"sources\p179m2\C4828d.java"	"5099"	".java"
"FkWeChat_1.2.6-jadx"	"sources\p179m2\C4831d2.java"	"4306"	".java"
"FkWeChat_1.2.6-jadx"	"sources\p179m2\C4833e.java"	"7488"	".java"
"FkWeChat_1.2.6-jadx"	"sources\p179m2\C4834e0.java"	"703"	".java"
"FkWeChat_1.2.6-jadx"	"sources\p179m2\C4835e1.java"	"1307"	".java"
"FkWeChat_1.2.6-jadx"	"sources\p179m2\C4838f.java"	"3073"	".java"
"FkWeChat_1.2.6-jadx"	"sources\p179m2\C4839f0.java"	"1200"	".java"
"FkWeChat_1.2.6-jadx"	"sources\p179m2\C4844g0.java"	"566"	".java"
"FkWeChat_1.2.6-jadx"	"sources\p179m2\C4845g1.java"	"553"	".java"
"FkWeChat_1.2.6-jadx"	"sources\p179m2\C4848h.java"	"4932"	".java"
"FkWeChat_1.2.6-jadx"	"sources\p179m2\C4858j.java"	"1201"	".java"
"FkWeChat_1.2.6-jadx"	"sources\p179m2\C4859j0.java"	"491"	".java"
"FkWeChat_1.2.6-jadx"	"sources\p179m2\C4860j1.java"	"2113"	".java"
"FkWeChat_1.2.6-jadx"	"sources\p179m2\C4863k.java"	"910"	".java"
"FkWeChat_1.2.6-jadx"	"sources\p179m2\C4865k1.java"	"4488"	".java"
"FkWeChat_1.2.6-jadx"	"sources\p179m2\C4866k2.java"	"2143"	".java"
"FkWeChat_1.2.6-jadx"	"sources\p179m2\C4868l.java"	"2324"	".java"
"FkWeChat_1.2.6-jadx"	"sources\p179m2\C4869l0.java"	"2944"	".java"
"FkWeChat_1.2.6-jadx"	"sources\p179m2\C4871l2.java"	"1251"	".java"
"FkWeChat_1.2.6-jadx"	"sources\p179m2\C4874m0.java"	"11314"	".java"
"FkWeChat_1.2.6-jadx"	"sources\p179m2\C4875m1.java"	"1369"	".java"
"FkWeChat_1.2.6-jadx"	"sources\p179m2\C4876m2.java"	"6593"	".java"
"FkWeChat_1.2.6-jadx"	"sources\p179m2\C4880n1.java"	"753"	".java"
"FkWeChat_1.2.6-jadx"	"sources\p179m2\C4881n2.java"	"1812"	".java"
"FkWeChat_1.2.6-jadx"	"sources\p179m2\C4882n3.java"	"1448"	".java"
"FkWeChat_1.2.6-jadx"	"sources\p179m2\C4884o0.java"	"6960"	".java"
"FkWeChat_1.2.6-jadx"	"sources\p179m2\C4885o1.java"	"2526"	".java"
"FkWeChat_1.2.6-jadx"	"sources\p179m2\C4886o2.java"	"682"	".java"
"FkWeChat_1.2.6-jadx"	"sources\p179m2\C4889p0.java"	"954"	".java"
"FkWeChat_1.2.6-jadx"	"sources\p179m2\C4890p1.java"	"1566"	".java"
"FkWeChat_1.2.6-jadx"	"sources\p179m2\C4891p2.java"	"423"	".java"
"FkWeChat_1.2.6-jadx"	"sources\p179m2\C4894q0.java"	"1826"	".java"
"FkWeChat_1.2.6-jadx"	"sources\p179m2\C4905s1.java"	"6425"	".java"
"FkWeChat_1.2.6-jadx"	"sources\p179m2\C4909t0.java"	"754"	".java"
"FkWeChat_1.2.6-jadx"	"sources\p179m2\C4915u1.java"	"17169"	".java"
"FkWeChat_1.2.6-jadx"	"sources\p179m2\C4921v2.java"	"2278"	".java"
"FkWeChat_1.2.6-jadx"	"sources\p179m2\C4923w.java"	"602"	".java"
"FkWeChat_1.2.6-jadx"	"sources\p179m2\C4926w2.java"	"1266"	".java"
"FkWeChat_1.2.6-jadx"	"sources\p179m2\C4929x0.java"	"551"	".java"
"FkWeChat_1.2.6-jadx"	"sources\p179m2\C4932y.java"	"497"	".java"
"FkWeChat_1.2.6-jadx"	"sources\p179m2\C4933y0.java"	"508"	".java"
"FkWeChat_1.2.6-jadx"	"sources\p179m2\C4936z.java"	"579"	".java"
"FkWeChat_1.2.6-jadx"	"sources\p179m2\C4937z0.java"	"519"	".java"
"FkWeChat_1.2.6-jadx"	"sources\p179m2\C4938z1.java"	"666"	".java"
"FkWeChat_1.2.6-jadx"	"sources\p179m2\EnumC4832d3.java"	"1558"	".java"
"FkWeChat_1.2.6-jadx"	"sources\p179m2\InterfaceC4820b1.java"	"360"	".java"
"FkWeChat_1.2.6-jadx"	"sources\p179m2\InterfaceC4821b2.java"	"735"	".java"
"FkWeChat_1.2.6-jadx"	"sources\p179m2\InterfaceC4822b3.java"	"1741"	".java"
"FkWeChat_1.2.6-jadx"	"sources\p179m2\InterfaceC4837e3.java"	"318"	".java"
"FkWeChat_1.2.6-jadx"	"sources\p179m2\InterfaceC4842f3.java"	"12549"	".java"
"FkWeChat_1.2.6-jadx"	"sources\p179m2\InterfaceC4843g.java"	"384"	".java"
"FkWeChat_1.2.6-jadx"	"sources\p179m2\InterfaceC4850h1.java"	"487"	".java"
"FkWeChat_1.2.6-jadx"	"sources\p179m2\InterfaceC4853i.java"	"246"	".java"
"FkWeChat_1.2.6-jadx"	"sources\p179m2\InterfaceC4855i1.java"	"346"	".java"
"FkWeChat_1.2.6-jadx"	"sources\p179m2\InterfaceC4862j3.java"	"1051"	".java"
"FkWeChat_1.2.6-jadx"	"sources\p179m2\InterfaceC4872l3.java"	"425"	".java"
"FkWeChat_1.2.6-jadx"	"sources\p179m2\InterfaceC4877m3.java"	"964"	".java"
"FkWeChat_1.2.6-jadx"	"sources\p179m2\InterfaceC4887o3.java"	"373"	".java"
"FkWeChat_1.2.6-jadx"	"sources\p179m2\InterfaceC4901r2.java"	"437"	".java"
"FkWeChat_1.2.6-jadx"	"sources\p179m2\InterfaceC4906s2.java"	"306"	".java"
"FkWeChat_1.2.6-jadx"	"sources\p179m2\InterfaceC4916u2.java"	"499"	".java"
"FkWeChat_1.2.6-jadx"	"sources\p179m2\InterfaceC4939z2.java"	"370"	".java"
"FkWeChat_1.2.6-jadx"	"sources\p179m2\ViewTranslationCallbackC4814a0.java"	"1167"	".java"
"FkWeChat_1.2.6-jadx"	"sources\p180m3\AbstractC4957r.java"	"266"	".java"
"FkWeChat_1.2.6-jadx"	"sources\p180m3\AbstractC4963x.java"	"1553"	".java"
"FkWeChat_1.2.6-jadx"	"sources\p180m3\C4940a.java"	"1581"	".java"
"FkWeChat_1.2.6-jadx"	"sources\p180m3\C4943d.java"	"5237"	".java"
"FkWeChat_1.2.6-jadx"	"sources\p180m3\C4944e.java"	"1081"	".java"
"FkWeChat_1.2.6-jadx"	"sources\p180m3\C4945f.java"	"547"	".java"
"FkWeChat_1.2.6-jadx"	"sources\p180m3\C4946g.java"	"1248"	".java"
"FkWeChat_1.2.6-jadx"	"sources\p180m3\C4948i.java"	"2048"	".java"
"FkWeChat_1.2.6-jadx"	"sources\p180m3\C4949j.java"	"2112"	".java"
"FkWeChat_1.2.6-jadx"	"sources\p180m3\C4950k.java"	"2116"	".java"
"FkWeChat_1.2.6-jadx"	"sources\p180m3\C4952m.java"	"3188"	".java"
"FkWeChat_1.2.6-jadx"	"sources\p180m3\C4958s.java"	"599"	".java"
"FkWeChat_1.2.6-jadx"	"sources\p180m3\C4959t.java"	"973"	".java"
"FkWeChat_1.2.6-jadx"	"sources\p180m3\C4961v.java"	"5297"	".java"
"FkWeChat_1.2.6-jadx"	"sources\p180m3\EnumC4962w.java"	"1670"	".java"
"FkWeChat_1.2.6-jadx"	"sources\p180m3\InterfaceC4956q.java"	"680"	".java"
"FkWeChat_1.2.6-jadx"	"sources\p180m3\InterfaceC4960u.java"	"413"	".java"
"FkWeChat_1.2.6-jadx"	"sources\p181m4\AbstractC4964a.java"	"227"	".java"
"FkWeChat_1.2.6-jadx"	"sources\p181m4\AbstractC4967d.java"	"1924"	".java"
"FkWeChat_1.2.6-jadx"	"sources\p181m4\AbstractC4968e.java"	"284"	".java"
"FkWeChat_1.2.6-jadx"	"sources\p181m4\AbstractC4969f.java"	"657"	".java"
"FkWeChat_1.2.6-jadx"	"sources\p181m4\AbstractC4974k.java"	"1271"	".java"
"FkWeChat_1.2.6-jadx"	"sources\p181m4\AbstractC4975l.java"	"476"	".java"
"FkWeChat_1.2.6-jadx"	"sources\p181m4\AbstractC4976m.java"	"574"	".java"
"FkWeChat_1.2.6-jadx"	"sources\p181m4\AbstractC4977n.java"	"1131"	".java"
"FkWeChat_1.2.6-jadx"	"sources\p181m4\C4965b.java"	"440"	".java"
"FkWeChat_1.2.6-jadx"	"sources\p181m4\C4966c.java"	"5449"	".java"
"FkWeChat_1.2.6-jadx"	"sources\p181m4\C4970g.java"	"2645"	".java"
"FkWeChat_1.2.6-jadx"	"sources\p181m4\C4972i.java"	"2637"	".java"
"FkWeChat_1.2.6-jadx"	"sources\p181m4\InterfaceC4973j.java"	"353"	".java"
"FkWeChat_1.2.6-jadx"	"sources\p182m5\AbstractC4979a0.java"	"1112"	".java"
"FkWeChat_1.2.6-jadx"	"sources\p182m5\AbstractC4982b0.java"	"783"	".java"
"FkWeChat_1.2.6-jadx"	"sources\p182m5\AbstractC4985d.java"	"6352"	".java"
"FkWeChat_1.2.6-jadx"	"sources\p182m5\AbstractC4988e0.java"	"2588"	".java"
"FkWeChat_1.2.6-jadx"	"sources\p182m5\AbstractC4990f0.java"	"2352"	".java"
"FkWeChat_1.2.6-jadx"	"sources\p182m5\AbstractC5004m0.java"	"4971"	".java"
"FkWeChat_1.2.6-jadx"	"sources\p182m5\AbstractC5012q0.java"	"4722"	".java"
"FkWeChat_1.2.6-jadx"	"sources\p182m5\AbstractC5015s.java"	"742"	".java"
"FkWeChat_1.2.6-jadx"	"sources\p182m5\AbstractC5028y0.java"	"2042"	".java"
"FkWeChat_1.2.6-jadx"	"sources\p182m5\AbstractC5029z.java"	"914"	".java"
"FkWeChat_1.2.6-jadx"	"sources\p182m5\C4980a1.java"	"10309"	".java"
"FkWeChat_1.2.6-jadx"	"sources\p182m5\C4981b.java"	"3506"	".java"
"FkWeChat_1.2.6-jadx"	"sources\p182m5\C4983c.java"	"1616"	".java"
"FkWeChat_1.2.6-jadx"	"sources\p182m5\C4986d0.java"	"5997"	".java"
"FkWeChat_1.2.6-jadx"	"sources\p182m5\C4989f.java"	"2296"	".java"
"FkWeChat_1.2.6-jadx"	"sources\p182m5\C4991g.java"	"2722"	".java"
"FkWeChat_1.2.6-jadx"	"sources\p182m5\C4992g0.java"	"2582"	".java"
"FkWeChat_1.2.6-jadx"	"sources\p182m5\C4993h.java"	"2146"	".java"
"FkWeChat_1.2.6-jadx"	"sources\p182m5\C4994h0.java"	"3087"	".java"
"FkWeChat_1.2.6-jadx"	"sources\p182m5\C4995i.java"	"6845"	".java"
"FkWeChat_1.2.6-jadx"	"sources\p182m5\C4996i0.java"	"2152"	".java"
"FkWeChat_1.2.6-jadx"	"sources\p182m5\C4998j0.java"	"1303"	".java"
"FkWeChat_1.2.6-jadx"	"sources\p182m5\C4999k.java"	"8471"	".java"
"FkWeChat_1.2.6-jadx"	"sources\p182m5\C5000k0.java"	"2891"	".java"
"FkWeChat_1.2.6-jadx"	"sources\p182m5\C5001l.java"	"3523"	".java"
"FkWeChat_1.2.6-jadx"	"sources\p182m5\C5002l0.java"	"7480"	".java"
"FkWeChat_1.2.6-jadx"	"sources\p182m5\C5008o0.java"	"4204"	".java"
"FkWeChat_1.2.6-jadx"	"sources\p182m5\C5009p.java"	"11872"	".java"
"FkWeChat_1.2.6-jadx"	"sources\p182m5\C5010p0.java"	"3458"	".java"
"FkWeChat_1.2.6-jadx"	"sources\p182m5\C5011q.java"	"2408"	".java"
"FkWeChat_1.2.6-jadx"	"sources\p182m5\C5013r.java"	"2801"	".java"
"FkWeChat_1.2.6-jadx"	"sources\p182m5\C5014r0.java"	"4099"	".java"
"FkWeChat_1.2.6-jadx"	"sources\p182m5\C5016s0.java"	"2141"	".java"
"FkWeChat_1.2.6-jadx"	"sources\p182m5\C5018t0.java"	"2572"	".java"
"FkWeChat_1.2.6-jadx"	"sources\p182m5\C5019u.java"	"2570"	".java"
"FkWeChat_1.2.6-jadx"	"sources\p182m5\C5020u0.java"	"3323"	".java"
"FkWeChat_1.2.6-jadx"	"sources\p182m5\C5021v.java"	"1250"	".java"
"FkWeChat_1.2.6-jadx"	"sources\p182m5\C5022v0.java"	"1627"	".java"
"FkWeChat_1.2.6-jadx"	"sources\p182m5\C5023w.java"	"2775"	".java"
"FkWeChat_1.2.6-jadx"	"sources\p182m5\C5024w0.java"	"4309"	".java"
"FkWeChat_1.2.6-jadx"	"sources\p182m5\C5025x.java"	"3260"	".java"
"FkWeChat_1.2.6-jadx"	"sources\p182m5\C5026x0.java"	"2775"	".java"
"FkWeChat_1.2.6-jadx"	"sources\p182m5\C5027y.java"	"898"	".java"
"FkWeChat_1.2.6-jadx"	"sources\p182m5\C5030z0.java"	"4582"	".java"
"FkWeChat_1.2.6-jadx"	"sources\p182m5\EnumC4984c0.java"	"2314"	".java"
"FkWeChat_1.2.6-jadx"	"sources\p183m6\AbstractC5032b.java"	"950"	".java"
"FkWeChat_1.2.6-jadx"	"sources\p183m6\AbstractC5040j.java"	"775"	".java"
"FkWeChat_1.2.6-jadx"	"sources\p183m6\AbstractC5041k.java"	"10091"	".java"
"FkWeChat_1.2.6-jadx"	"sources\p183m6\AbstractC5047q.java"	"844"	".java"
"FkWeChat_1.2.6-jadx"	"sources\p183m6\AbstractC5049s.java"	"31970"	".java"
"FkWeChat_1.2.6-jadx"	"sources\p183m6\AbstractC5050t.java"	"9597"	".java"
"FkWeChat_1.2.6-jadx"	"sources\p183m6\AbstractC5053w.java"	"1371"	".java"
"FkWeChat_1.2.6-jadx"	"sources\p183m6\AbstractC5056z.java"	"5918"	".java"
"FkWeChat_1.2.6-jadx"	"sources\p183m6\C5031a.java"	"520"	".java"
"FkWeChat_1.2.6-jadx"	"sources\p183m6\C5033c.java"	"1369"	".java"
"FkWeChat_1.2.6-jadx"	"sources\p183m6\C5034d.java"	"1361"	".java"
"FkWeChat_1.2.6-jadx"	"sources\p183m6\C5035e.java"	"1351"	".java"
"FkWeChat_1.2.6-jadx"	"sources\p183m6\C5036f.java"	"1331"	".java"
"FkWeChat_1.2.6-jadx"	"sources\p183m6\C5037g.java"	"1339"	".java"
"FkWeChat_1.2.6-jadx"	"sources\p183m6\C5038h.java"	"633"	".java"
"FkWeChat_1.2.6-jadx"	"sources\p183m6\C5039i.java"	"2705"	".java"
"FkWeChat_1.2.6-jadx"	"sources\p183m6\C5042l.java"	"15782"	".java"
"FkWeChat_1.2.6-jadx"	"sources\p183m6\C5054x.java"	"841"	".java"
"FkWeChat_1.2.6-jadx"	"sources\p183m6\C5055y.java"	"2584"	".java"
"FkWeChat_1.2.6-jadx"	"sources\p183m6\ExecutorC5052v.java"	"1855"	".java"
"FkWeChat_1.2.6-jadx"	"sources\p183m6\SharedPreferencesC5046p.java"	"43594"	".java"
"FkWeChat_1.2.6-jadx"	"sources\p184m7\AbstractC5059c.java"	"488"	".java"
"FkWeChat_1.2.6-jadx"	"sources\p184m7\AbstractC5060d.java"	"313"	".java"
"FkWeChat_1.2.6-jadx"	"sources\p184m7\AbstractC5061e.java"	"1356"	".java"
"FkWeChat_1.2.6-jadx"	"sources\p184m7\C5057a.java"	"448"	".java"
"FkWeChat_1.2.6-jadx"	"sources\p184m7\C5058b.java"	"1087"	".java"
"FkWeChat_1.2.6-jadx"	"sources\p184m7\C5062f.java"	"1121"	".java"
"FkWeChat_1.2.6-jadx"	"sources\p185m8\AbstractC5064a0.java"	"275"	".java"
"FkWeChat_1.2.6-jadx"	"sources\p185m8\AbstractC5065a1.java"	"931"	".java"
"FkWeChat_1.2.6-jadx"	"sources\p185m8\AbstractC5066b.java"	"3738"	".java"
"FkWeChat_1.2.6-jadx"	"sources\p185m8\AbstractC5067b0.java"	"824"	".java"
"FkWeChat_1.2.6-jadx"	"sources\p185m8\AbstractC5068b1.java"	"1380"	".java"
"FkWeChat_1.2.6-jadx"	"sources\p185m8\AbstractC5069c.java"	"1991"	".java"
"FkWeChat_1.2.6-jadx"	"sources\p185m8\AbstractC5070c0.java"	"4319"	".java"
"FkWeChat_1.2.6-jadx"	"sources\p185m8\AbstractC5071c1.java"	"2737"	".java"
"FkWeChat_1.2.6-jadx"	"sources\p185m8\AbstractC5073d0.java"	"1505"	".java"
"FkWeChat_1.2.6-jadx"	"sources\p185m8\AbstractC5074d1.java"	"5641"	".java"
"FkWeChat_1.2.6-jadx"	"sources\p185m8\AbstractC5076e0.java"	"485"	".java"
"FkWeChat_1.2.6-jadx"	"sources\p185m8\AbstractC5077e1.java"	"798"	".java"
"FkWeChat_1.2.6-jadx"	"sources\p185m8\AbstractC5078f.java"	"10393"	".java"
"FkWeChat_1.2.6-jadx"	"sources\p185m8\AbstractC5081g0.java"	"32594"	".java"
"FkWeChat_1.2.6-jadx"	"sources\p185m8\AbstractC5082h.java"	"5267"	".java"
"FkWeChat_1.2.6-jadx"	"sources\p185m8\AbstractC5084i.java"	"639"	".java"
"FkWeChat_1.2.6-jadx"	"sources\p185m8\AbstractC5086j.java"	"863"	".java"
"FkWeChat_1.2.6-jadx"	"sources\p185m8\AbstractC5088k.java"	"1338"	".java"
"FkWeChat_1.2.6-jadx"	"sources\p185m8\AbstractC5090l.java"	"626"	".java"
"FkWeChat_1.2.6-jadx"	"sources\p185m8\AbstractC5092m.java"	"2027"	".java"
"FkWeChat_1.2.6-jadx"	"sources\p185m8\AbstractC5098p.java"	"867"	".java"
"FkWeChat_1.2.6-jadx"	"sources\p185m8\AbstractC5100q.java"	"273"	".java"
"FkWeChat_1.2.6-jadx"	"sources\p185m8\AbstractC5101q0.java"	"713"	".java"
"FkWeChat_1.2.6-jadx"	"sources\p185m8\AbstractC5102r.java"	"12861"	".java"
"FkWeChat_1.2.6-jadx"	"sources\p185m8\AbstractC5103r0.java"	"713"	".java"
"FkWeChat_1.2.6-jadx"	"sources\p185m8\AbstractC5105s0.java"	"664"	".java"
"FkWeChat_1.2.6-jadx"	"sources\p185m8\AbstractC5106t.java"	"30913"	".java"
"FkWeChat_1.2.6-jadx"	"sources\p185m8\AbstractC5107t0.java"	"2116"	".java"
"FkWeChat_1.2.6-jadx"	"sources\p185m8\AbstractC5108u.java"	"437"	".java"
"FkWeChat_1.2.6-jadx"	"sources\p185m8\AbstractC5109u0.java"	"5266"	".java"
"FkWeChat_1.2.6-jadx"	"sources\p185m8\AbstractC5110v.java"	"752"	".java"
"FkWeChat_1.2.6-jadx"	"sources\p185m8\AbstractC5111v0.java"	"276"	".java"
"FkWeChat_1.2.6-jadx"	"sources\p185m8\AbstractC5112w.java"	"1956"	".java"
"FkWeChat_1.2.6-jadx"	"sources\p185m8\AbstractC5113w0.java"	"1258"	".java"
"FkWeChat_1.2.6-jadx"	"sources\p185m8\AbstractC5114x.java"	"5599"	".java"
"FkWeChat_1.2.6-jadx"	"sources\p185m8\AbstractC5116y.java"	"1260"	".java"
"FkWeChat_1.2.6-jadx"	"sources\p185m8\AbstractC5118z.java"	"273"	".java"
"FkWeChat_1.2.6-jadx"	"sources\p185m8\C5072d.java"	"460"	".java"
"FkWeChat_1.2.6-jadx"	"sources\p185m8\C5075e.java"	"500"	".java"
"FkWeChat_1.2.6-jadx"	"sources\p185m8\C5083h0.java"	"2012"	".java"
"FkWeChat_1.2.6-jadx"	"sources\p185m8\C5085i0.java"	"463"	".java"
"FkWeChat_1.2.6-jadx"	"sources\p185m8\C5087j0.java"	"6309"	".java"
"FkWeChat_1.2.6-jadx"	"sources\p185m8\C5089k0.java"	"3658"	".java"
"FkWeChat_1.2.6-jadx"	"sources\p185m8\C5091l0.java"	"3811"	".java"
"FkWeChat_1.2.6-jadx"	"sources\p185m8\C5094n.java"	"3365"	".java"
"FkWeChat_1.2.6-jadx"	"sources\p185m8\C5095n0.java"	"1650"	".java"
"FkWeChat_1.2.6-jadx"	"sources\p185m8\C5096o.java"	"27634"	".java"
"FkWeChat_1.2.6-jadx"	"sources\p185m8\C5097o0.java"	"740"	".java"
"FkWeChat_1.2.6-jadx"	"sources\p185m8\C5099p0.java"	"1246"	".java"
"FkWeChat_1.2.6-jadx"	"sources\p185m8\C5115x0.java"	"3982"	".java"
"FkWeChat_1.2.6-jadx"	"sources\p185m8\C5117y0.java"	"3386"	".java"
"FkWeChat_1.2.6-jadx"	"sources\p185m8\C5119z0.java"	"5282"	".java"
"FkWeChat_1.2.6-jadx"	"sources\p185m8\InterfaceC5093m0.java"	"416"	".java"
"FkWeChat_1.2.6-jadx"	"sources\p186m9\AbstractC5124e.java"	"944"	".java"
"FkWeChat_1.2.6-jadx"	"sources\p186m9\AbstractC5128i.java"	"35317"	".java"
"FkWeChat_1.2.6-jadx"	"sources\p186m9\C5120a.java"	"440"	".java"
"FkWeChat_1.2.6-jadx"	"sources\p186m9\C5123d.java"	"1685"	".java"
"FkWeChat_1.2.6-jadx"	"sources\p186m9\C5125f.java"	"398"	".java"
"FkWeChat_1.2.6-jadx"	"sources\p186m9\C5126g.java"	"1518"	".java"
"FkWeChat_1.2.6-jadx"	"sources\p186m9\C5129j.java"	"441"	".java"
"FkWeChat_1.2.6-jadx"	"sources\p186m9\C5130k.java"	"484"	".java"
"FkWeChat_1.2.6-jadx"	"sources\p186m9\C5131l.java"	"484"	".java"
"FkWeChat_1.2.6-jadx"	"sources\p186m9\C5133n.java"	"537"	".java"
"FkWeChat_1.2.6-jadx"	"sources\p186m9\C5134o.java"	"6512"	".java"
"FkWeChat_1.2.6-jadx"	"sources\p186m9\C5135p.java"	"27738"	".java"
"FkWeChat_1.2.6-jadx"	"sources\p186m9\C5139t.java"	"4065"	".java"
"FkWeChat_1.2.6-jadx"	"sources\p186m9\EnumC5132m.java"	"5318"	".java"
"FkWeChat_1.2.6-jadx"	"sources\p186m9\EnumC5137r.java"	"2559"	".java"
"FkWeChat_1.2.6-jadx"	"sources\p186m9\EnumC5138s.java"	"3125"	".java"
"FkWeChat_1.2.6-jadx"	"sources\p186m9\InterfaceC5121b.java"	"2300"	".java"
"FkWeChat_1.2.6-jadx"	"sources\p186m9\InterfaceC5122c.java"	"307"	".java"
"FkWeChat_1.2.6-jadx"	"sources\p187mb\AbstractC5143c.java"	"12028"	".java"
"FkWeChat_1.2.6-jadx"	"sources\p187mb\C5141a.java"	"1727"	".java"
"FkWeChat_1.2.6-jadx"	"sources\p187mb\C5142b.java"	"501"	".java"
"FkWeChat_1.2.6-jadx"	"sources\p187mb\C5144d.java"	"1487"	".java"
"FkWeChat_1.2.6-jadx"	"sources\p189n\AbstractC5188a0.java"	"2122"	".java"
"FkWeChat_1.2.6-jadx"	"sources\p189n\AbstractC5212f.java"	"1594"	".java"
"FkWeChat_1.2.6-jadx"	"sources\p189n\AbstractC5214f1.java"	"933"	".java"
"FkWeChat_1.2.6-jadx"	"sources\p189n\AbstractC5218g0.java"	"1320"	".java"
"FkWeChat_1.2.6-jadx"	"sources\p189n\AbstractC5220g2.java"	"968"	".java"
"FkWeChat_1.2.6-jadx"	"sources\p189n\AbstractC5223h0.java"	"949"	".java"
"FkWeChat_1.2.6-jadx"	"sources\p189n\AbstractC5227i.java"	"4705"	".java"
"FkWeChat_1.2.6-jadx"	"sources\p189n\AbstractC5231i3.java"	"1010"	".java"
"FkWeChat_1.2.6-jadx"	"sources\p189n\AbstractC5240k2.java"	"2473"	".java"
"FkWeChat_1.2.6-jadx"	"sources\p189n\AbstractC5251m3.java"	"455"	".java"
"FkWeChat_1.2.6-jadx"	"sources\p189n\AbstractC5256n3.java"	"266"	".java"
"FkWeChat_1.2.6-jadx"	"sources\p189n\AbstractC5257o.java"	"4926"	".java"
"FkWeChat_1.2.6-jadx"	"sources\p189n\AbstractC5259o1.java"	"5297"	".java"
"FkWeChat_1.2.6-jadx"	"sources\p189n\AbstractC5261o3.java"	"266"	".java"
"FkWeChat_1.2.6-jadx"	"sources\p189n\AbstractC5263p0.java"	"852"	".java"
"FkWeChat_1.2.6-jadx"	"sources\p189n\AbstractC5266p3.java"	"266"	".java"
"FkWeChat_1.2.6-jadx"	"sources\p189n\AbstractC5268q0.java"	"970"	".java"
"FkWeChat_1.2.6-jadx"	"sources\p189n\AbstractC5271q3.java"	"266"	".java"
"FkWeChat_1.2.6-jadx"	"sources\p189n\AbstractC5275r2.java"	"2197"	".java"
"FkWeChat_1.2.6-jadx"	"sources\p189n\AbstractC5280s2.java"	"227"	".java"
"FkWeChat_1.2.6-jadx"	"sources\p189n\AbstractC5283t0.java"	"1166"	".java"
"FkWeChat_1.2.6-jadx"	"sources\p189n\AbstractC5285t2.java"	"397"	".java"
"FkWeChat_1.2.6-jadx"	"sources\p189n\AbstractC5293v2.java"	"4708"	".java"
"FkWeChat_1.2.6-jadx"	"sources\p189n\AbstractC5295w0.java"	"1012"	".java"
"FkWeChat_1.2.6-jadx"	"sources\p189n\AbstractC5298x.java"	"445"	".java"
"FkWeChat_1.2.6-jadx"	"sources\p189n\AbstractC5306z.java"	"2662"	".java"
"FkWeChat_1.2.6-jadx"	"sources\p189n\AbstractC5308z1.java"	"3187"	".java"
"FkWeChat_1.2.6-jadx"	"sources\p189n\C5189a1.java"	"1728"	".java"
"FkWeChat_1.2.6-jadx"	"sources\p189n\C5191a3.java"	"6804"	".java"
"FkWeChat_1.2.6-jadx"	"sources\p189n\C5193b0.java"	"6778"	".java"
"FkWeChat_1.2.6-jadx"	"sources\p189n\C5194b1.java"	"1527"	".java"
"FkWeChat_1.2.6-jadx"	"sources\p189n\C5195b2.java"	"365"	".java"
"FkWeChat_1.2.6-jadx"	"sources\p189n\C5199c1.java"	"4837"	".java"
"FkWeChat_1.2.6-jadx"	"sources\p189n\C5200c2.java"	"16518"	".java"
"FkWeChat_1.2.6-jadx"	"sources\p189n\C5202d.java"	"19696"	".java"
"FkWeChat_1.2.6-jadx"	"sources\p189n\C5204d1.java"	"955"	".java"
"FkWeChat_1.2.6-jadx"	"sources\p189n\C5205d2.java"	"586"	".java"
"FkWeChat_1.2.6-jadx"	"sources\p189n\C5207e.java"	"2213"	".java"
"FkWeChat_1.2.6-jadx"	"sources\p189n\C5209e1.java"	"2740"	".java"
"FkWeChat_1.2.6-jadx"	"sources\p189n\C5210e2.java"	"2145"	".java"
"FkWeChat_1.2.6-jadx"	"sources\p189n\C5213f0.java"	"10568"	".java"
"FkWeChat_1.2.6-jadx"	"sources\p189n\C5217g.java"	"1291"	".java"
"FkWeChat_1.2.6-jadx"	"sources\p189n\C5219g1.java"	"11689"	".java"
"FkWeChat_1.2.6-jadx"	"sources\p189n\C5221g3.java"	"7538"	".java"
"FkWeChat_1.2.6-jadx"	"sources\p189n\C5222h.java"	"5572"	".java"
"FkWeChat_1.2.6-jadx"	"sources\p189n\C5226h3.java"	"7684"	".java"
"FkWeChat_1.2.6-jadx"	"sources\p189n\C5228i0.java"	"9415"	".java"
"FkWeChat_1.2.6-jadx"	"sources\p189n\C5238k0.java"	"25116"	".java"
"FkWeChat_1.2.6-jadx"	"sources\p189n\C5242l.java"	"3161"	".java"
"FkWeChat_1.2.6-jadx"	"sources\p189n\C5246l3.java"	"3716"	".java"
"FkWeChat_1.2.6-jadx"	"sources\p189n\C5255n2.java"	"2420"	".java"
"FkWeChat_1.2.6-jadx"	"sources\p189n\C5258o0.java"	"1408"	".java"
"FkWeChat_1.2.6-jadx"	"sources\p189n\C5260o2.java"	"2973"	".java"
"FkWeChat_1.2.6-jadx"	"sources\p189n\C5264p1.java"	"722"	".java"
"FkWeChat_1.2.6-jadx"	"sources\p189n\C5269q1.java"	"3376"	".java"
"FkWeChat_1.2.6-jadx"	"sources\p189n\C5274r1.java"	"770"	".java"
"FkWeChat_1.2.6-jadx"	"sources\p189n\C5278s0.java"	"2183"	".java"
"FkWeChat_1.2.6-jadx"	"sources\p189n\C5281s3.java"	"955"	".java"
"FkWeChat_1.2.6-jadx"	"sources\p189n\C5284t1.java"	"8309"	".java"
"FkWeChat_1.2.6-jadx"	"sources\p189n\C5286u.java"	"11066"	".java"
"FkWeChat_1.2.6-jadx"	"sources\p189n\C5287u0.java"	"9506"	".java"
"FkWeChat_1.2.6-jadx"	"sources\p189n\C5290v.java"	"4492"	".java"
"FkWeChat_1.2.6-jadx"	"sources\p189n\C5291v0.java"	"2907"	".java"
"FkWeChat_1.2.6-jadx"	"sources\p189n\C5294w.java"	"1673"	".java"
"FkWeChat_1.2.6-jadx"	"sources\p189n\EnumC5190a2.java"	"1697"	".java"
"FkWeChat_1.2.6-jadx"	"sources\p189n\InterfaceC5225h2.java"	"762"	".java"
"FkWeChat_1.2.6-jadx"	"sources\p189n\InterfaceC5230i2.java"	"318"	".java"
"FkWeChat_1.2.6-jadx"	"sources\p189n\InterfaceC5244l1.java"	"976"	".java"
"FkWeChat_1.2.6-jadx"	"sources\p189n\InterfaceC5245l2.java"	"482"	".java"
"FkWeChat_1.2.6-jadx"	"sources\p189n\InterfaceC5249m1.java"	"371"	".java"
"FkWeChat_1.2.6-jadx"	"sources\p189n\InterfaceC5250m2.java"	"1383"	".java"
"FkWeChat_1.2.6-jadx"	"sources\p189n\InterfaceC5279s1.java"	"461"	".java"
"FkWeChat_1.2.6-jadx"	"sources\p190n0\AbstractC5311a0.java"	"576"	".java"
"FkWeChat_1.2.6-jadx"	"sources\p190n0\AbstractC5312a1.java"	"8158"	".java"
"FkWeChat_1.2.6-jadx"	"sources\p190n0\AbstractC5318b0.java"	"365"	".java"
"FkWeChat_1.2.6-jadx"	"sources\p190n0\AbstractC5332d0.java"	"268"	".java"
"FkWeChat_1.2.6-jadx"	"sources\p190n0\AbstractC5339e0.java"	"268"	".java"
"FkWeChat_1.2.6-jadx"	"sources\p190n0\AbstractC5344e5.java"	"1389"	".java"
"FkWeChat_1.2.6-jadx"	"sources\p190n0\AbstractC5346f0.java"	"268"	".java"
"FkWeChat_1.2.6-jadx"	"sources\p190n0\AbstractC5351f5.java"	"1220"	".java"
"FkWeChat_1.2.6-jadx"	"sources\p190n0\AbstractC5353g0.java"	"268"	".java"
"FkWeChat_1.2.6-jadx"	"sources\p190n0\AbstractC5359h0.java"	"268"	".java"
"FkWeChat_1.2.6-jadx"	"sources\p190n0\AbstractC5365i0.java"	"268"	".java"
"FkWeChat_1.2.6-jadx"	"sources\p190n0\AbstractC5370j.java"	"17499"	".java"
"FkWeChat_1.2.6-jadx"	"sources\p190n0\AbstractC5371j0.java"	"561"	".java"
"FkWeChat_1.2.6-jadx"	"sources\p190n0\AbstractC5377k0.java"	"365"	".java"
"FkWeChat_1.2.6-jadx"	"sources\p190n0\AbstractC5396n1.java"	"23068"	".java"
"FkWeChat_1.2.6-jadx"	"sources\p190n0\AbstractC5398n3.java"	"1365"	".java"
"FkWeChat_1.2.6-jadx"	"sources\p190n0\AbstractC5414q1.java"	"2067"	".java"
"FkWeChat_1.2.6-jadx"	"sources\p190n0\AbstractC5416q3.java"	"7464"	".java"
"FkWeChat_1.2.6-jadx"	"sources\p190n0\AbstractC5420r1.java"	"1029"	".java"
"FkWeChat_1.2.6-jadx"	"sources\p190n0\AbstractC5421r2.java"	"9914"	".java"
"FkWeChat_1.2.6-jadx"	"sources\p190n0\AbstractC5434t3.java"	"268"	".java"
"FkWeChat_1.2.6-jadx"	"sources\p190n0\AbstractC5436u.java"	"5512"	".java"
"FkWeChat_1.2.6-jadx"	"sources\p190n0\AbstractC5440u3.java"	"268"	".java"
"FkWeChat_1.2.6-jadx"	"sources\p190n0\AbstractC5444v1.java"	"3974"	".java"
"FkWeChat_1.2.6-jadx"	"sources\p190n0\AbstractC5446v3.java"	"548"	".java"
"FkWeChat_1.2.6-jadx"	"sources\p190n0\AbstractC5452w3.java"	"365"	".java"
"FkWeChat_1.2.6-jadx"	"sources\p190n0\AbstractC5454x.java"	"266"	".java"
"FkWeChat_1.2.6-jadx"	"sources\p190n0\AbstractC5460y.java"	"266"	".java"
"FkWeChat_1.2.6-jadx"	"sources\p190n0\AbstractC5466z.java"	"266"	".java"
"FkWeChat_1.2.6-jadx"	"sources\p190n0\C5323b5.java"	"653"	".java"
"FkWeChat_1.2.6-jadx"	"sources\p190n0\C5330c5.java"	"1595"	".java"
"FkWeChat_1.2.6-jadx"	"sources\p190n0\C5382l.java"	"1560"	".java"
"FkWeChat_1.2.6-jadx"	"sources\p190n0\C5386l3.java"	"11240"	".java"
"FkWeChat_1.2.6-jadx"	"sources\p190n0\C5400o.java"	"1444"	".java"
"FkWeChat_1.2.6-jadx"	"sources\p190n0\C5406p.java"	"1463"	".java"
"FkWeChat_1.2.6-jadx"	"sources\p190n0\C5407p0.java"	"3431"	".java"
"FkWeChat_1.2.6-jadx"	"sources\p190n0\C5408p1.java"	"1893"	".java"
"FkWeChat_1.2.6-jadx"	"sources\p190n0\C5419r0.java"	"5397"	".java"
"FkWeChat_1.2.6-jadx"	"sources\p190n0\C5422r3.java"	"4352"	".java"
"FkWeChat_1.2.6-jadx"	"sources\p190n0\C5424s.java"	"10529"	".java"
"FkWeChat_1.2.6-jadx"	"sources\p190n0\C5428s3.java"	"2197"	".java"
"FkWeChat_1.2.6-jadx"	"sources\p190n0\C5432t1.java"	"5647"	".java"
"FkWeChat_1.2.6-jadx"	"sources\p190n0\C5458x3.java"	"3168"	".java"
"FkWeChat_1.2.6-jadx"	"sources\p190n0\C5464y3.java"	"4438"	".java"
"FkWeChat_1.2.6-jadx"	"sources\p190n0\EnumC5388m.java"	"1673"	".java"
"FkWeChat_1.2.6-jadx"	"sources\p190n0\EnumC5394n.java"	"1659"	".java"
"FkWeChat_1.2.6-jadx"	"sources\p190n0\EnumC5402o1.java"	"1682"	".java"
"FkWeChat_1.2.6-jadx"	"sources\p190n0\EnumC5413q0.java"	"1569"	".java"
"FkWeChat_1.2.6-jadx"	"sources\p190n0\InterfaceC5356g3.java"	"1176"	".java"
"FkWeChat_1.2.6-jadx"	"sources\p190n0\InterfaceC5376k.java"	"330"	".java"
"FkWeChat_1.2.6-jadx"	"sources\p190n0\InterfaceC5401o0.java"	"1288"	".java"
"FkWeChat_1.2.6-jadx"	"sources\p190n0\InterfaceC5412q.java"	"677"	".java"
"FkWeChat_1.2.6-jadx"	"sources\p190n0\InterfaceC5426s1.java"	"1229"	".java"
"FkWeChat_1.2.6-jadx"	"sources\p190n0\InterfaceC5442v.java"	"305"	".java"
"FkWeChat_1.2.6-jadx"	"sources\p190n0\InterfaceC5448w.java"	"542"	".java"
"FkWeChat_1.2.6-jadx"	"sources\p190n0\InterfaceC5455x0.java"	"7246"	".java"
"FkWeChat_1.2.6-jadx"	"sources\p191n1\AbstractC5474c.java"	"590"	".java"
"FkWeChat_1.2.6-jadx"	"sources\p191n1\AbstractC5475d.java"	"363"	".java"
"FkWeChat_1.2.6-jadx"	"sources\p191n1\AbstractC5476e.java"	"266"	".java"
"FkWeChat_1.2.6-jadx"	"sources\p191n1\AbstractC5477f.java"	"266"	".java"
"FkWeChat_1.2.6-jadx"	"sources\p191n1\AbstractC5478g.java"	"266"	".java"
"FkWeChat_1.2.6-jadx"	"sources\p191n1\AbstractC5479h.java"	"512"	".java"
"FkWeChat_1.2.6-jadx"	"sources\p191n1\AbstractC5480i.java"	"266"	".java"
"FkWeChat_1.2.6-jadx"	"sources\p191n1\AbstractC5481j.java"	"266"	".java"
"FkWeChat_1.2.6-jadx"	"sources\p191n1\C5483l.java"	"2035"	".java"
"FkWeChat_1.2.6-jadx"	"sources\p191n1\EnumC5484m.java"	"1553"	".java"
"FkWeChat_1.2.6-jadx"	"sources\p191n1\InterfaceC5485n.java"	"860"	".java"
"FkWeChat_1.2.6-jadx"	"sources\p191n1\InterfaceC5486o.java"	"821"	".java"
"FkWeChat_1.2.6-jadx"	"sources\p193n3\AbstractC5489b.java"	"749"	".java"
"FkWeChat_1.2.6-jadx"	"sources\p193n3\AbstractFutureC5488a.java"	"22844"	".java"
"FkWeChat_1.2.6-jadx"	"sources\p193n3\C5490c.java"	"554"	".java"
"FkWeChat_1.2.6-jadx"	"sources\p194n4\AbstractC5492b.java"	"2854"	".java"
"FkWeChat_1.2.6-jadx"	"sources\p195n5\AbstractC5494b.java"	"51590"	".java"
"FkWeChat_1.2.6-jadx"	"sources\p195n5\AbstractC5495c.java"	"511"	".java"
"FkWeChat_1.2.6-jadx"	"sources\p195n5\EnumC5493a.java"	"484"	".java"
"FkWeChat_1.2.6-jadx"	"sources\p196n6\InterfaceC5496a.java"	"454"	".java"
"FkWeChat_1.2.6-jadx"	"sources\p196n6\InterfaceC5497b.java"	"432"	".java"
"FkWeChat_1.2.6-jadx"	"sources\p197n7\AbstractC5499b.java"	"863"	".java"
"FkWeChat_1.2.6-jadx"	"sources\p197n7\AbstractC5502e.java"	"1870"	".java"
"FkWeChat_1.2.6-jadx"	"sources\p197n7\AbstractC5505h.java"	"628"	".java"
"FkWeChat_1.2.6-jadx"	"sources\p197n7\C5498a.java"	"1813"	".java"
"FkWeChat_1.2.6-jadx"	"sources\p197n7\C5503f.java"	"1710"	".java"
"FkWeChat_1.2.6-jadx"	"sources\p197n7\C5504g.java"	"906"	".java"
"FkWeChat_1.2.6-jadx"	"sources\p198n8\AbstractC5508a.java"	"1243"	".java"
"FkWeChat_1.2.6-jadx"	"sources\p198n8\AbstractC5510c.java"	"2647"	".java"
"FkWeChat_1.2.6-jadx"	"sources\p198n8\C5509b.java"	"32448"	".java"
"FkWeChat_1.2.6-jadx"	"sources\p198n8\C5511d.java"	"30495"	".java"
"FkWeChat_1.2.6-jadx"	"sources\p198n8\C5512e.java"	"2897"	".java"
"FkWeChat_1.2.6-jadx"	"sources\p198n8\C5513f.java"	"2584"	".java"
"FkWeChat_1.2.6-jadx"	"sources\p198n8\C5514g.java"	"2412"	".java"
"FkWeChat_1.2.6-jadx"	"sources\p198n8\C5515h.java"	"3156"	".java"
"FkWeChat_1.2.6-jadx"	"sources\p198n8\C5516i.java"	"503"	".java"
"FkWeChat_1.2.6-jadx"	"sources\p198n8\C5517j.java"	"2403"	".java"
"FkWeChat_1.2.6-jadx"	"sources\p198n8\C5518k.java"	"4109"	".java"
"FkWeChat_1.2.6-jadx"	"sources\p199n9\AbstractC5524f.java"	"3266"	".java"
"FkWeChat_1.2.6-jadx"	"sources\p199n9\C5525g.java"	"5125"	".java"
"FkWeChat_1.2.6-jadx"	"sources\p199n9\EnumC5521c.java"	"3029"	".java"
"FkWeChat_1.2.6-jadx"	"sources\p200nb\AbstractC5535a.java"	"1770"	".java"
"FkWeChat_1.2.6-jadx"	"sources\p200nb\AbstractC5536a0.java"	"4071"	".java"
"FkWeChat_1.2.6-jadx"	"sources\p200nb\AbstractC5537b.java"	"797"	".java"
"FkWeChat_1.2.6-jadx"	"sources\p200nb\AbstractC5538c.java"	"820"	".java"
"FkWeChat_1.2.6-jadx"	"sources\p200nb\AbstractC5540e.java"	"4151"	".java"
"FkWeChat_1.2.6-jadx"	"sources\p200nb\AbstractC5542g.java"	"1980"	".java"
"FkWeChat_1.2.6-jadx"	"sources\p200nb\AbstractC5546k.java"	"2428"	".java"
"FkWeChat_1.2.6-jadx"	"sources\p200nb\AbstractC5557v.java"	"4235"	".java"
"FkWeChat_1.2.6-jadx"	"sources\p200nb\AbstractC5561z.java"	"2043"	".java"
"FkWeChat_1.2.6-jadx"	"sources\p200nb\C5539d.java"	"3265"	".java"
"FkWeChat_1.2.6-jadx"	"sources\p200nb\C5543h.java"	"6530"	".java"
"FkWeChat_1.2.6-jadx"	"sources\p200nb\C5544i.java"	"2001"	".java"
"FkWeChat_1.2.6-jadx"	"sources\p200nb\C5548m.java"	"1708"	".java"
"FkWeChat_1.2.6-jadx"	"sources\p200nb\C5549n.java"	"794"	".java"
"FkWeChat_1.2.6-jadx"	"sources\p200nb\C5550o.java"	"2570"	".java"
"FkWeChat_1.2.6-jadx"	"sources\p200nb\C5551p.java"	"497"	".java"
"FkWeChat_1.2.6-jadx"	"sources\p200nb\C5552q.java"	"497"	".java"
"FkWeChat_1.2.6-jadx"	"sources\p200nb\C5553r.java"	"497"	".java"
"FkWeChat_1.2.6-jadx"	"sources\p200nb\C5554s.java"	"10692"	".java"
"FkWeChat_1.2.6-jadx"	"sources\p200nb\C5555t.java"	"13537"	".java"
"FkWeChat_1.2.6-jadx"	"sources\p200nb\C5556u.java"	"536"	".java"
"FkWeChat_1.2.6-jadx"	"sources\p200nb\C5558w.java"	"536"	".java"
"FkWeChat_1.2.6-jadx"	"sources\p200nb\C5559x.java"	"536"	".java"
"FkWeChat_1.2.6-jadx"	"sources\p200nb\C5560y.java"	"582"	".java"
"FkWeChat_1.2.6-jadx"	"sources\p200nb\InterfaceC5541f.java"	"1090"	".java"
"FkWeChat_1.2.6-jadx"	"sources\p200nb\InterfaceC5547l.java"	"1042"	".java"
"FkWeChat_1.2.6-jadx"	"sources\p201nd\C5580h.java"	"6576"	".java"
"FkWeChat_1.2.6-jadx"	"sources\p201nd\C5582j.java"	"6813"	".java"
"FkWeChat_1.2.6-jadx"	"sources\p201nd\C5583k.java"	"1892"	".java"
"FkWeChat_1.2.6-jadx"	"sources\p201nd\C5584l.java"	"927"	".java"
"FkWeChat_1.2.6-jadx"	"sources\p201nd\C5588p.java"	"2861"	".java"
"FkWeChat_1.2.6-jadx"	"sources\p202o\AbstractC5600i.java"	"1679"	".java"
"FkWeChat_1.2.6-jadx"	"sources\p202o\AbstractC5604m.java"	"1857"	".java"
"FkWeChat_1.2.6-jadx"	"sources\p202o\AbstractC5609r.java"	"423"	".java"
"FkWeChat_1.2.6-jadx"	"sources\p202o\C5599h.java"	"2760"	".java"
"FkWeChat_1.2.6-jadx"	"sources\p202o\C5601j.java"	"333"	".java"
"FkWeChat_1.2.6-jadx"	"sources\p202o\C5603l.java"	"2709"	".java"
"FkWeChat_1.2.6-jadx"	"sources\p202o\C5607p.java"	"3817"	".java"
"FkWeChat_1.2.6-jadx"	"sources\p202o\C5608q.java"	"3958"	".java"
"FkWeChat_1.2.6-jadx"	"sources\p203o0\C5617a.java"	"335"	".java"
"FkWeChat_1.2.6-jadx"	"sources\p203o0\C5618b.java"	"335"	".java"
"FkWeChat_1.2.6-jadx"	"sources\p204o1\AbstractC5626h.java"	"250"	".java"
"FkWeChat_1.2.6-jadx"	"sources\p204o1\AbstractC5627i.java"	"602"	".java"
"FkWeChat_1.2.6-jadx"	"sources\p204o1\C5620b.java"	"3064"	".java"
"FkWeChat_1.2.6-jadx"	"sources\p204o1\C5621c.java"	"553"	".java"
"FkWeChat_1.2.6-jadx"	"sources\p204o1\C5623e.java"	"11940"	".java"
"FkWeChat_1.2.6-jadx"	"sources\p204o1\InterfaceC5622d.java"	"433"	".java"
"FkWeChat_1.2.6-jadx"	"sources\p204o1\InterfaceC5625g.java"	"709"	".java"
"FkWeChat_1.2.6-jadx"	"sources\p204o1\ViewOnDragListenerC5619a.java"	"4469"	".java"
"FkWeChat_1.2.6-jadx"	"sources\p205o2\C5628a.java"	"1720"	".java"
"FkWeChat_1.2.6-jadx"	"sources\p205o2\C5630c.java"	"7171"	".java"
"FkWeChat_1.2.6-jadx"	"sources\p205o2\EnumC5629b.java"	"4189"	".java"
"FkWeChat_1.2.6-jadx"	"sources\p206o3\AbstractC5631a.java"	"312"	".java"
"FkWeChat_1.2.6-jadx"	"sources\p206o3\AbstractC5632b.java"	"3882"	".java"
"FkWeChat_1.2.6-jadx"	"sources\p206o3\AbstractC5633c.java"	"2168"	".java"
"FkWeChat_1.2.6-jadx"	"sources\p207o4\C5635b.java"	"8609"	".java"
"FkWeChat_1.2.6-jadx"	"sources\p207o4\C5636c.java"	"239"	".java"
"FkWeChat_1.2.6-jadx"	"sources\p208o5\EnumC5637a.java"	"11910"	".java"
"FkWeChat_1.2.6-jadx"	"sources\p209o6\C5645h.java"	"1239"	".java"
"FkWeChat_1.2.6-jadx"	"sources\p209o6\C5646i.java"	"815"	".java"
"FkWeChat_1.2.6-jadx"	"sources\p209o6\EnumC5647j.java"	"2429"	".java"
"FkWeChat_1.2.6-jadx"	"sources\p209o6\InterfaceC5644g.java"	"7353"	".java"
"FkWeChat_1.2.6-jadx"	"sources\p209o6\InterfaceC5648k.java"	"269"	".java"
"FkWeChat_1.2.6-jadx"	"sources\p210o7\AbstractC5649a.java"	"652"	".java"
"FkWeChat_1.2.6-jadx"	"sources\p210o7\AbstractC5650b.java"	"1863"	".java"
"FkWeChat_1.2.6-jadx"	"sources\p210o7\AbstractC5653e.java"	"2295"	".java"
"FkWeChat_1.2.6-jadx"	"sources\p210o7\AbstractC5656h.java"	"1722"	".java"
"FkWeChat_1.2.6-jadx"	"sources\p210o7\C5651c.java"	"1683"	".java"
"FkWeChat_1.2.6-jadx"	"sources\p210o7\C5654f.java"	"335"	".java"
"FkWeChat_1.2.6-jadx"	"sources\p210o7\C5657i.java"	"369"	".java"
"FkWeChat_1.2.6-jadx"	"sources\p210o7\C5659k.java"	"1834"	".java"
"FkWeChat_1.2.6-jadx"	"sources\p210o7\InterfaceC5652d.java"	"923"	".java"
"FkWeChat_1.2.6-jadx"	"sources\p210o7\InterfaceC5655g.java"	"332"	".java"
"FkWeChat_1.2.6-jadx"	"sources\p211o8\AbstractC5661b.java"	"2164"	".java"
"FkWeChat_1.2.6-jadx"	"sources\p211o8\AbstractC5662c.java"	"502"	".java"
"FkWeChat_1.2.6-jadx"	"sources\p211o8\C5663d.java"	"838"	".java"
"FkWeChat_1.2.6-jadx"	"sources\p211o8\C5664e.java"	"838"	".java"
"FkWeChat_1.2.6-jadx"	"sources\p212o9\AbstractC5686v.java"	"721"	".java"
"FkWeChat_1.2.6-jadx"	"sources\p212o9\AbstractC5689y.java"	"1928"	".java"
"FkWeChat_1.2.6-jadx"	"sources\p212o9\C5666b.java"	"1379"	".java"
"FkWeChat_1.2.6-jadx"	"sources\p212o9\C5667c.java"	"15533"	".java"
"FkWeChat_1.2.6-jadx"	"sources\p212o9\C5669e.java"	"667"	".java"
"FkWeChat_1.2.6-jadx"	"sources\p212o9\C5670f.java"	"499"	".java"
"FkWeChat_1.2.6-jadx"	"sources\p212o9\C5671g.java"	"5402"	".java"
"FkWeChat_1.2.6-jadx"	"sources\p212o9\C5672h.java"	"668"	".java"
"FkWeChat_1.2.6-jadx"	"sources\p212o9\C5673i.java"	"669"	".java"
"FkWeChat_1.2.6-jadx"	"sources\p212o9\C5674j.java"	"465"	".java"
"FkWeChat_1.2.6-jadx"	"sources\p212o9\C5675k.java"	"7507"	".java"
"FkWeChat_1.2.6-jadx"	"sources\p212o9\C5676l.java"	"667"	".java"
"FkWeChat_1.2.6-jadx"	"sources\p212o9\C5677m.java"	"464"	".java"
"FkWeChat_1.2.6-jadx"	"sources\p212o9\C5678n.java"	"548"	".java"
"FkWeChat_1.2.6-jadx"	"sources\p212o9\C5679o.java"	"464"	".java"
"FkWeChat_1.2.6-jadx"	"sources\p212o9\C5680p.java"	"585"	".java"
"FkWeChat_1.2.6-jadx"	"sources\p212o9\C5682r.java"	"502"	".java"
"FkWeChat_1.2.6-jadx"	"sources\p212o9\C5683s.java"	"566"	".java"
"FkWeChat_1.2.6-jadx"	"sources\p212o9\C5684t.java"	"571"	".java"
"FkWeChat_1.2.6-jadx"	"sources\p212o9\C5685u.java"	"31247"	".java"
"FkWeChat_1.2.6-jadx"	"sources\p212o9\C5688x.java"	"11065"	".java"
"FkWeChat_1.2.6-jadx"	"sources\p213oa\AbstractC5694e.java"	"5283"	".java"
"FkWeChat_1.2.6-jadx"	"sources\p213oa\AbstractC5699j.java"	"3918"	".java"
"FkWeChat_1.2.6-jadx"	"sources\p213oa\C5690a.java"	"3040"	".java"
"FkWeChat_1.2.6-jadx"	"sources\p213oa\C5691b.java"	"5953"	".java"
"FkWeChat_1.2.6-jadx"	"sources\p213oa\C5692c.java"	"3524"	".java"
"FkWeChat_1.2.6-jadx"	"sources\p213oa\C5693d.java"	"7190"	".java"
"FkWeChat_1.2.6-jadx"	"sources\p213oa\C5695f.java"	"5128"	".java"
"FkWeChat_1.2.6-jadx"	"sources\p213oa\C5696g.java"	"983"	".java"
"FkWeChat_1.2.6-jadx"	"sources\p213oa\C5697h.java"	"4589"	".java"
"FkWeChat_1.2.6-jadx"	"sources\p213oa\C5698i.java"	"19703"	".java"
"FkWeChat_1.2.6-jadx"	"sources\p213oa\EnumC5700k.java"	"1671"	".java"
"FkWeChat_1.2.6-jadx"	"sources\p214ob\AbstractC5701a.java"	"3373"	".java"
"FkWeChat_1.2.6-jadx"	"sources\p215oc\AbstractC5703a0.java"	"4286"	".java"
"FkWeChat_1.2.6-jadx"	"sources\p215oc\AbstractC5707c0.java"	"6770"	".java"
"FkWeChat_1.2.6-jadx"	"sources\p215oc\AbstractC5709d0.java"	"1352"	".java"
"FkWeChat_1.2.6-jadx"	"sources\p215oc\AbstractC5710e.java"	"1815"	".java"
"FkWeChat_1.2.6-jadx"	"sources\p215oc\AbstractC5711f.java"	"3066"	".java"
"FkWeChat_1.2.6-jadx"	"sources\p215oc\AbstractC5712g.java"	"793"	".java"
"FkWeChat_1.2.6-jadx"	"sources\p215oc\AbstractC5713h.java"	"462"	".java"
"FkWeChat_1.2.6-jadx"	"sources\p215oc\AbstractC5715j.java"	"972"	".java"
"FkWeChat_1.2.6-jadx"	"sources\p215oc\AbstractC5722q.java"	"489"	".java"
"FkWeChat_1.2.6-jadx"	"sources\p215oc\AbstractC5723r.java"	"1138"	".java"
"FkWeChat_1.2.6-jadx"	"sources\p215oc\AbstractC5727v.java"	"773"	".java"
"FkWeChat_1.2.6-jadx"	"sources\p215oc\AbstractC5731z.java"	"3708"	".java"
"FkWeChat_1.2.6-jadx"	"sources\p215oc\C5702a.java"	"460"	".java"
"FkWeChat_1.2.6-jadx"	"sources\p215oc\C5704b.java"	"459"	".java"
"FkWeChat_1.2.6-jadx"	"sources\p215oc\C5705b0.java"	"509"	".java"
"FkWeChat_1.2.6-jadx"	"sources\p215oc\C5706c.java"	"407"	".java"
"FkWeChat_1.2.6-jadx"	"sources\p215oc\C5708d.java"	"17312"	".java"
"FkWeChat_1.2.6-jadx"	"sources\p215oc\C5714i.java"	"2671"	".java"
"FkWeChat_1.2.6-jadx"	"sources\p215oc\C5716k.java"	"4246"	".java"
"FkWeChat_1.2.6-jadx"	"sources\p215oc\C5719n.java"	"5601"	".java"
"FkWeChat_1.2.6-jadx"	"sources\p215oc\C5720o.java"	"1894"	".java"
"FkWeChat_1.2.6-jadx"	"sources\p215oc\C5721p.java"	"11729"	".java"
"FkWeChat_1.2.6-jadx"	"sources\p215oc\C5724s.java"	"6983"	".java"
"FkWeChat_1.2.6-jadx"	"sources\p215oc\C5725t.java"	"418"	".java"
"FkWeChat_1.2.6-jadx"	"sources\p215oc\C5729x.java"	"407"	".java"
"FkWeChat_1.2.6-jadx"	"sources\p215oc\InterfaceC5717l.java"	"415"	".java"
"FkWeChat_1.2.6-jadx"	"sources\p215oc\InterfaceC5718m.java"	"439"	".java"
"FkWeChat_1.2.6-jadx"	"sources\p215oc\InterfaceC5726u.java"	"1320"	".java"
"FkWeChat_1.2.6-jadx"	"sources\p215oc\InterfaceC5728w.java"	"884"	".java"
"FkWeChat_1.2.6-jadx"	"sources\p216od\AbstractC5736e.java"	"3568"	".java"
"FkWeChat_1.2.6-jadx"	"sources\p216od\C5732a.java"	"5596"	".java"
"FkWeChat_1.2.6-jadx"	"sources\p216od\C5733b.java"	"2086"	".java"
"FkWeChat_1.2.6-jadx"	"sources\p216od\C5738g.java"	"7718"	".java"
"FkWeChat_1.2.6-jadx"	"sources\p217oe\AbstractC5741c.java"	"3488"	".java"
"FkWeChat_1.2.6-jadx"	"sources\p217oe\C5739a.java"	"5772"	".java"
"FkWeChat_1.2.6-jadx"	"sources\p217oe\InterfaceC5740b.java"	"7709"	".java"
"FkWeChat_1.2.6-jadx"	"sources\p217oe\InterfaceC5742d.java"	"2014"	".java"
"FkWeChat_1.2.6-jadx"	"sources\p219p\AbstractC5828a1.java"	"2625"	".java"
"FkWeChat_1.2.6-jadx"	"sources\p219p\AbstractC5830b.java"	"588"	".java"
"FkWeChat_1.2.6-jadx"	"sources\p219p\AbstractC5847f0.java"	"5619"	".java"
"FkWeChat_1.2.6-jadx"	"sources\p219p\AbstractC5849g.java"	"2305"	".java"
"FkWeChat_1.2.6-jadx"	"sources\p219p\AbstractC5857i1.java"	"14829"	".java"
"FkWeChat_1.2.6-jadx"	"sources\p219p\AbstractC5865l0.java"	"14417"	".java"
"FkWeChat_1.2.6-jadx"	"sources\p219p\AbstractC5868m0.java"	"1757"	".java"
"FkWeChat_1.2.6-jadx"	"sources\p219p\AbstractC5870n.java"	"2734"	".java"
"FkWeChat_1.2.6-jadx"	"sources\p219p\AbstractC5871n0.java"	"634"	".java"
"FkWeChat_1.2.6-jadx"	"sources\p219p\AbstractC5887s1.java"	"2175"	".java"
"FkWeChat_1.2.6-jadx"	"sources\p219p\AbstractC5899w1.java"	"531"	".java"
"FkWeChat_1.2.6-jadx"	"sources\p219p\AbstractC5908z1.java"	"799"	".java"
"FkWeChat_1.2.6-jadx"	"sources\p219p\C5826a.java"	"2170"	".java"
"FkWeChat_1.2.6-jadx"	"sources\p219p\C5829a2.java"	"2735"	".java"
"FkWeChat_1.2.6-jadx"	"sources\p219p\C5838d.java"	"4698"	".java"
"FkWeChat_1.2.6-jadx"	"sources\p219p\C5840d1.java"	"1513"	".java"
"FkWeChat_1.2.6-jadx"	"sources\p219p\C5841d2.java"	"6715"	".java"
"FkWeChat_1.2.6-jadx"	"sources\p219p\C5843e0.java"	"7754"	".java"
"FkWeChat_1.2.6-jadx"	"sources\p219p\C5845e2.java"	"751"	".java"
"FkWeChat_1.2.6-jadx"	"sources\p219p\C5848f1.java"	"1789"	".java"
"FkWeChat_1.2.6-jadx"	"sources\p219p\C5851g1.java"	"7286"	".java"
"FkWeChat_1.2.6-jadx"	"sources\p219p\C5862k0.java"	"378"	".java"
"FkWeChat_1.2.6-jadx"	"sources\p219p\C5863k1.java"	"4406"	".java"
"FkWeChat_1.2.6-jadx"	"sources\p219p\C5864l.java"	"7813"	".java"
"FkWeChat_1.2.6-jadx"	"sources\p219p\C5867m.java"	"8993"	".java"
"FkWeChat_1.2.6-jadx"	"sources\p219p\C5878p1.java"	"29878"	".java"
"FkWeChat_1.2.6-jadx"	"sources\p219p\C5889t0.java"	"941"	".java"
"FkWeChat_1.2.6-jadx"	"sources\p219p\C5893u1.java"	"26654"	".java"
"FkWeChat_1.2.6-jadx"	"sources\p219p\C5904y0.java"	"9032"	".java"
"FkWeChat_1.2.6-jadx"	"sources\p219p\EnumC5898w0.java"	"1563"	".java"
"FkWeChat_1.2.6-jadx"	"sources\p219p\InterfaceC5832b1.java"	"518"	".java"
"FkWeChat_1.2.6-jadx"	"sources\p219p\InterfaceC5835c0.java"	"315"	".java"
"FkWeChat_1.2.6-jadx"	"sources\p219p\InterfaceC5836c1.java"	"316"	".java"
"FkWeChat_1.2.6-jadx"	"sources\p219p\InterfaceC5842e.java"	"2253"	".java"
"FkWeChat_1.2.6-jadx"	"sources\p219p\InterfaceC5844e1.java"	"271"	".java"
"FkWeChat_1.2.6-jadx"	"sources\p219p\InterfaceC5856i0.java"	"490"	".java"
"FkWeChat_1.2.6-jadx"	"sources\p219p\InterfaceC5859j0.java"	"419"	".java"
"FkWeChat_1.2.6-jadx"	"sources\p219p\InterfaceC5881q1.java"	"1448"	".java"
"FkWeChat_1.2.6-jadx"	"sources\p219p\InterfaceC5892u0.java"	"402"	".java"
"FkWeChat_1.2.6-jadx"	"sources\p219p\InterfaceC5895v0.java"	"316"	".java"
"FkWeChat_1.2.6-jadx"	"sources\p219p\InterfaceC5901x0.java"	"431"	".java"
"FkWeChat_1.2.6-jadx"	"sources\p219p\InterfaceC5902x1.java"	"1092"	".java"
"FkWeChat_1.2.6-jadx"	"sources\p219p\InterfaceC5907z0.java"	"637"	".java"
"FkWeChat_1.2.6-jadx"	"sources\p220p0\AbstractC5909a.java"	"2755"	".java"
"FkWeChat_1.2.6-jadx"	"sources\p220p0\AbstractC5910b.java"	"2565"	".java"
"FkWeChat_1.2.6-jadx"	"sources\p220p0\AbstractC5911c.java"	"3616"	".java"
"FkWeChat_1.2.6-jadx"	"sources\p220p0\AbstractC5912d.java"	"3551"	".java"
"FkWeChat_1.2.6-jadx"	"sources\p220p0\AbstractC5913e.java"	"3989"	".java"
"FkWeChat_1.2.6-jadx"	"sources\p220p0\AbstractC5914f.java"	"2583"	".java"
"FkWeChat_1.2.6-jadx"	"sources\p220p0\AbstractC5915g.java"	"7894"	".java"
"FkWeChat_1.2.6-jadx"	"sources\p220p0\AbstractC5916h.java"	"2635"	".java"
"FkWeChat_1.2.6-jadx"	"sources\p220p0\AbstractC5917i.java"	"2743"	".java"
"FkWeChat_1.2.6-jadx"	"sources\p221p1\AbstractC5918a.java"	"661"	".java"
"FkWeChat_1.2.6-jadx"	"sources\p221p1\AbstractC5923f.java"	"1004"	".java"
"FkWeChat_1.2.6-jadx"	"sources\p221p1\AbstractC5927j.java"	"1209"	".java"
"FkWeChat_1.2.6-jadx"	"sources\p221p1\AbstractC5934q.java"	"1868"	".java"
"FkWeChat_1.2.6-jadx"	"sources\p221p1\AbstractC5936s.java"	"662"	".java"
"FkWeChat_1.2.6-jadx"	"sources\p221p1\AbstractC5937t.java"	"883"	".java"
"FkWeChat_1.2.6-jadx"	"sources\p221p1\AbstractC5940w.java"	"1563"	".java"
"FkWeChat_1.2.6-jadx"	"sources\p221p1\C5921d.java"	"6274"	".java"
"FkWeChat_1.2.6-jadx"	"sources\p221p1\C5922e.java"	"3492"	".java"
"FkWeChat_1.2.6-jadx"	"sources\p221p1\C5924g.java"	"991"	".java"
"FkWeChat_1.2.6-jadx"	"sources\p221p1\C5925h.java"	"2750"	".java"
"FkWeChat_1.2.6-jadx"	"sources\p221p1\C5928k.java"	"577"	".java"
"FkWeChat_1.2.6-jadx"	"sources\p221p1\C5929l.java"	"2904"	".java"
"FkWeChat_1.2.6-jadx"	"sources\p221p1\C5930m.java"	"2750"	".java"
"FkWeChat_1.2.6-jadx"	"sources\p221p1\C5931n.java"	"953"	".java"
"FkWeChat_1.2.6-jadx"	"sources\p221p1\C5932o.java"	"1197"	".java"
"FkWeChat_1.2.6-jadx"	"sources\p221p1\C5933p.java"	"6672"	".java"
"FkWeChat_1.2.6-jadx"	"sources\p221p1\C5935r.java"	"11406"	".java"
"FkWeChat_1.2.6-jadx"	"sources\p221p1\C5938u.java"	"2177"	".java"
"FkWeChat_1.2.6-jadx"	"sources\p221p1\C5939v.java"	"7496"	".java"
"FkWeChat_1.2.6-jadx"	"sources\p221p1\InterfaceC5919b.java"	"444"	".java"
"FkWeChat_1.2.6-jadx"	"sources\p221p1\InterfaceC5920c.java"	"364"	".java"
"FkWeChat_1.2.6-jadx"	"sources\p221p1\InterfaceC5926i.java"	"429"	".java"
"FkWeChat_1.2.6-jadx"	"sources\p222p2\AbstractC5942b.java"	"509"	".java"
"FkWeChat_1.2.6-jadx"	"sources\p222p2\AbstractC5944d.java"	"2210"	".java"
"FkWeChat_1.2.6-jadx"	"sources\p222p2\C5941a.java"	"711"	".java"
"FkWeChat_1.2.6-jadx"	"sources\p222p2\C5943c.java"	"4883"	".java"
"FkWeChat_1.2.6-jadx"	"sources\p222p2\C5945e.java"	"3589"	".java"
"FkWeChat_1.2.6-jadx"	"sources\p223p3\AbstractActivityC5946a.java"	"2304"	".java"
"FkWeChat_1.2.6-jadx"	"sources\p223p3\C5947b.java"	"764"	".java"
"FkWeChat_1.2.6-jadx"	"sources\p223p3\C5948c.java"	"764"	".java"
"FkWeChat_1.2.6-jadx"	"sources\p224p4\AbstractC5951c.java"	"227"	".java"
"FkWeChat_1.2.6-jadx"	"sources\p224p4\C5949a.java"	"5183"	".java"
"FkWeChat_1.2.6-jadx"	"sources\p224p4\C5952d.java"	"389"	".java"
"FkWeChat_1.2.6-jadx"	"sources\p224p4\InterfaceC5950b.java"	"370"	".java"
"FkWeChat_1.2.6-jadx"	"sources\p225p5\C5953a.java"	"4555"	".java"
"FkWeChat_1.2.6-jadx"	"sources\p225p5\C5955c.java"	"3738"	".java"
"FkWeChat_1.2.6-jadx"	"sources\p225p5\C5956d.java"	"1291"	".java"
"FkWeChat_1.2.6-jadx"	"sources\p225p5\C5957e.java"	"1914"	".java"
"FkWeChat_1.2.6-jadx"	"sources\p225p5\EnumC5954b.java"	"686"	".java"
"FkWeChat_1.2.6-jadx"	"sources\p226p6\AbstractC5962e.java"	"613"	".java"
"FkWeChat_1.2.6-jadx"	"sources\p226p6\C5958a.java"	"514"	".java"
"FkWeChat_1.2.6-jadx"	"sources\p226p6\C5959b.java"	"5338"	".java"
"FkWeChat_1.2.6-jadx"	"sources\p226p6\C5960c.java"	"741"	".java"
"FkWeChat_1.2.6-jadx"	"sources\p226p6\C5961d.java"	"1615"	".java"
"FkWeChat_1.2.6-jadx"	"sources\p227p7\AbstractC5964b.java"	"1941"	".java"
"FkWeChat_1.2.6-jadx"	"sources\p227p7\AbstractC5965c.java"	"568"	".java"
"FkWeChat_1.2.6-jadx"	"sources\p227p7\AbstractC5969g.java"	"2108"	".java"
"FkWeChat_1.2.6-jadx"	"sources\p227p7\AbstractC5970h.java"	"1568"	".java"
"FkWeChat_1.2.6-jadx"	"sources\p227p7\C5966d.java"	"2286"	".java"
"FkWeChat_1.2.6-jadx"	"sources\p227p7\C5968f.java"	"463"	".java"
"FkWeChat_1.2.6-jadx"	"sources\p227p7\InterfaceC5963a.java"	"713"	".java"
"FkWeChat_1.2.6-jadx"	"sources\p227p7\InterfaceC5967e.java"	"332"	".java"
"FkWeChat_1.2.6-jadx"	"sources\p228p8\AbstractC5971a.java"	"1629"	".java"
"FkWeChat_1.2.6-jadx"	"sources\p228p8\AbstractC5972b.java"	"1201"	".java"
"FkWeChat_1.2.6-jadx"	"sources\p228p8\AbstractC5978h.java"	"1161"	".java"
"FkWeChat_1.2.6-jadx"	"sources\p228p8\C5975e.java"	"7905"	".java"
"FkWeChat_1.2.6-jadx"	"sources\p228p8\C5981k.java"	"1589"	".java"
"FkWeChat_1.2.6-jadx"	"sources\p228p8\C5982l.java"	"2693"	".java"
"FkWeChat_1.2.6-jadx"	"sources\p228p8\InterfaceC5976f.java"	"317"	".java"
"FkWeChat_1.2.6-jadx"	"sources\p228p8\InterfaceC5977g.java"	"3317"	".java"
"FkWeChat_1.2.6-jadx"	"sources\p228p8\InterfaceC5980j.java"	"4428"	".java"
"FkWeChat_1.2.6-jadx"	"sources\p229p9\AbstractC5990c0.java"	"722"	".java"
"FkWeChat_1.2.6-jadx"	"sources\p229p9\AbstractC5999f0.java"	"528"	".java"
"FkWeChat_1.2.6-jadx"	"sources\p229p9\AbstractC6013k.java"	"706"	".java"
"FkWeChat_1.2.6-jadx"	"sources\p229p9\AbstractC6030p1.java"	"5128"	".java"
"FkWeChat_1.2.6-jadx"	"sources\p229p9\AbstractC6033q1.java"	"1637"	".java"
"FkWeChat_1.2.6-jadx"	"sources\p229p9\AbstractC6034r.java"	"1126"	".java"
"FkWeChat_1.2.6-jadx"	"sources\p229p9\AbstractC6038s0.java"	"1556"	".java"
"FkWeChat_1.2.6-jadx"	"sources\p229p9\AbstractC6040t.java"	"31089"	".java"
"FkWeChat_1.2.6-jadx"	"sources\p229p9\AbstractC6043u.java"	"1154"	".java"
"FkWeChat_1.2.6-jadx"	"sources\p229p9\AbstractC6051w1.java"	"1170"	".java"
"FkWeChat_1.2.6-jadx"	"sources\p229p9\AbstractC6054y.java"	"5989"	".java"
"FkWeChat_1.2.6-jadx"	"sources\p229p9\C5984a0.java"	"1471"	".java"
"FkWeChat_1.2.6-jadx"	"sources\p229p9\C5987b0.java"	"452"	".java"
"FkWeChat_1.2.6-jadx"	"sources\p229p9\C5989c.java"	"4139"	".java"
"FkWeChat_1.2.6-jadx"	"sources\p229p9\C5991c1.java"	"472"	".java"
"FkWeChat_1.2.6-jadx"	"sources\p229p9\C5994d1.java"	"670"	".java"
"FkWeChat_1.2.6-jadx"	"sources\p229p9\C5997e1.java"	"3909"	".java"
"FkWeChat_1.2.6-jadx"	"sources\p229p9\C6002g0.java"	"484"	".java"
"FkWeChat_1.2.6-jadx"	"sources\p229p9\C6008i0.java"	"1249"	".java"
"FkWeChat_1.2.6-jadx"	"sources\p229p9\C6010j.java"	"583"	".java"
"FkWeChat_1.2.6-jadx"	"sources\p229p9\C6014k0.java"	"556"	".java"
"FkWeChat_1.2.6-jadx"	"sources\p229p9\C6017l0.java"	"560"	".java"
"FkWeChat_1.2.6-jadx"	"sources\p229p9\C6020m0.java"	"10876"	".java"
"FkWeChat_1.2.6-jadx"	"sources\p229p9\C6021m1.java"	"495"	".java"
"FkWeChat_1.2.6-jadx"	"sources\p229p9\C6024n1.java"	"495"	".java"
"FkWeChat_1.2.6-jadx"	"sources\p229p9\C6027o1.java"	"478"	".java"
"FkWeChat_1.2.6-jadx"	"sources\p229p9\C6029p0.java"	"471"	".java"
"FkWeChat_1.2.6-jadx"	"sources\p229p9\C6032q0.java"	"569"	".java"
"FkWeChat_1.2.6-jadx"	"sources\p229p9\C6035r0.java"	"3024"	".java"
"FkWeChat_1.2.6-jadx"	"sources\p229p9\C6046v.java"	"399"	".java"
"FkWeChat_1.2.6-jadx"	"sources\p229p9\C6048v1.java"	"5552"	".java"
"FkWeChat_1.2.6-jadx"	"sources\p229p9\C6050w0.java"	"1107"	".java"
"FkWeChat_1.2.6-jadx"	"sources\p229p9\C6052x.java"	"504"	".java"
"FkWeChat_1.2.6-jadx"	"sources\p229p9\EnumC5996e0.java"	"2547"	".java"
"FkWeChat_1.2.6-jadx"	"sources\p229p9\EnumC5998f.java"	"2383"	".java"
"FkWeChat_1.2.6-jadx"	"sources\p229p9\InterfaceC5983a.java"	"1277"	".java"
"FkWeChat_1.2.6-jadx"	"sources\p229p9\InterfaceC5985a1.java"	"274"	".java"
"FkWeChat_1.2.6-jadx"	"sources\p229p9\InterfaceC5986b.java"	"1301"	".java"
"FkWeChat_1.2.6-jadx"	"sources\p229p9\InterfaceC5988b1.java"	"491"	".java"
"FkWeChat_1.2.6-jadx"	"sources\p229p9\InterfaceC5992d.java"	"654"	".java"
"FkWeChat_1.2.6-jadx"	"sources\p229p9\InterfaceC5993d0.java"	"662"	".java"
"FkWeChat_1.2.6-jadx"	"sources\p229p9\InterfaceC5995e.java"	"2196"	".java"
"FkWeChat_1.2.6-jadx"	"sources\p229p9\InterfaceC6000f1.java"	"380"	".java"
"FkWeChat_1.2.6-jadx"	"sources\p229p9\InterfaceC6001g.java"	"271"	".java"
"FkWeChat_1.2.6-jadx"	"sources\p229p9\InterfaceC6003g1.java"	"1385"	".java"
"FkWeChat_1.2.6-jadx"	"sources\p229p9\InterfaceC6004h.java"	"587"	".java"
"FkWeChat_1.2.6-jadx"	"sources\p229p9\InterfaceC6005h0.java"	"1583"	".java"
"FkWeChat_1.2.6-jadx"	"sources\p229p9\InterfaceC6006h1.java"	"715"	".java"
"FkWeChat_1.2.6-jadx"	"sources\p229p9\InterfaceC6007i.java"	"456"	".java"
"FkWeChat_1.2.6-jadx"	"sources\p229p9\InterfaceC6009i1.java"	"356"	".java"
"FkWeChat_1.2.6-jadx"	"sources\p229p9\InterfaceC6011j0.java"	"297"	".java"
"FkWeChat_1.2.6-jadx"	"sources\p229p9\InterfaceC6012j1.java"	"1312"	".java"
"FkWeChat_1.2.6-jadx"	"sources\p229p9\InterfaceC6015k1.java"	"521"	".java"
"FkWeChat_1.2.6-jadx"	"sources\p229p9\InterfaceC6016l.java"	"983"	".java"
"FkWeChat_1.2.6-jadx"	"sources\p229p9\InterfaceC6018l1.java"	"1013"	".java"
"FkWeChat_1.2.6-jadx"	"sources\p229p9\InterfaceC6019m.java"	"575"	".java"
"FkWeChat_1.2.6-jadx"	"sources\p229p9\InterfaceC6022n.java"	"382"	".java"
"FkWeChat_1.2.6-jadx"	"sources\p229p9\InterfaceC6023n0.java"	"598"	".java"
"FkWeChat_1.2.6-jadx"	"sources\p229p9\InterfaceC6025o.java"	"1656"	".java"
"FkWeChat_1.2.6-jadx"	"sources\p229p9\InterfaceC6026o0.java"	"545"	".java"
"FkWeChat_1.2.6-jadx"	"sources\p229p9\InterfaceC6028p.java"	"306"	".java"
"FkWeChat_1.2.6-jadx"	"sources\p229p9\InterfaceC6031q.java"	"340"	".java"
"FkWeChat_1.2.6-jadx"	"sources\p229p9\InterfaceC6036r1.java"	"472"	".java"
"FkWeChat_1.2.6-jadx"	"sources\p229p9\InterfaceC6039s1.java"	"1211"	".java"
"FkWeChat_1.2.6-jadx"	"sources\p229p9\InterfaceC6041t0.java"	"501"	".java"
"FkWeChat_1.2.6-jadx"	"sources\p229p9\InterfaceC6042t1.java"	"572"	".java"
"FkWeChat_1.2.6-jadx"	"sources\p229p9\InterfaceC6044u0.java"	"649"	".java"
"FkWeChat_1.2.6-jadx"	"sources\p229p9\InterfaceC6045u1.java"	"337"	".java"
"FkWeChat_1.2.6-jadx"	"sources\p229p9\InterfaceC6047v0.java"	"274"	".java"
"FkWeChat_1.2.6-jadx"	"sources\p229p9\InterfaceC6049w.java"	"305"	".java"
"FkWeChat_1.2.6-jadx"	"sources\p229p9\InterfaceC6053x0.java"	"412"	".java"
"FkWeChat_1.2.6-jadx"	"sources\p229p9\InterfaceC6055y0.java"	"1109"	".java"
"FkWeChat_1.2.6-jadx"	"sources\p229p9\InterfaceC6056z.java"	"3566"	".java"
"FkWeChat_1.2.6-jadx"	"sources\p229p9\InterfaceC6057z0.java"	"274"	".java"
"FkWeChat_1.2.6-jadx"	"sources\p230pb\AbstractC6059a.java"	"1463"	".java"
"FkWeChat_1.2.6-jadx"	"sources\p231pc\AbstractC6061b.java"	"518"	".java"
"FkWeChat_1.2.6-jadx"	"sources\p231pc\AbstractC6062c.java"	"867"	".java"
"FkWeChat_1.2.6-jadx"	"sources\p231pc\C6060a.java"	"5713"	".java"
"FkWeChat_1.2.6-jadx"	"sources\p233q\AbstractC6082d.java"	"1633"	".java"
"FkWeChat_1.2.6-jadx"	"sources\p233q\AbstractC6083e.java"	"1206"	".java"
"FkWeChat_1.2.6-jadx"	"sources\p233q\AbstractC6084f.java"	"4725"	".java"
"FkWeChat_1.2.6-jadx"	"sources\p233q\AbstractC6085g.java"	"9341"	".java"
"FkWeChat_1.2.6-jadx"	"sources\p233q\AbstractC6091m.java"	"14715"	".java"
"FkWeChat_1.2.6-jadx"	"sources\p233q\AbstractC6094p.java"	"508"	".java"
"FkWeChat_1.2.6-jadx"	"sources\p233q\C6079a.java"	"869"	".java"
"FkWeChat_1.2.6-jadx"	"sources\p233q\C6081c.java"	"1545"	".java"
"FkWeChat_1.2.6-jadx"	"sources\p233q\C6095q.java"	"1574"	".java"
"FkWeChat_1.2.6-jadx"	"sources\p233q\InterfaceC6080b.java"	"528"	".java"
"FkWeChat_1.2.6-jadx"	"sources\p233q\InterfaceC6092n.java"	"397"	".java"
"FkWeChat_1.2.6-jadx"	"sources\p233q\InterfaceC6093o.java"	"1602"	".java"
"FkWeChat_1.2.6-jadx"	"sources\p234q0\AbstractC6096a.java"	"3176"	".java"
"FkWeChat_1.2.6-jadx"	"sources\p234q0\AbstractC6097a0.java"	"3214"	".java"
"FkWeChat_1.2.6-jadx"	"sources\p234q0\AbstractC6098a1.java"	"2569"	".java"
"FkWeChat_1.2.6-jadx"	"sources\p234q0\AbstractC6099a2.java"	"5172"	".java"
"FkWeChat_1.2.6-jadx"	"sources\p234q0\AbstractC6100b.java"	"3344"	".java"
"FkWeChat_1.2.6-jadx"	"sources\p234q0\AbstractC6101b0.java"	"3968"	".java"
"FkWeChat_1.2.6-jadx"	"sources\p234q0\AbstractC6102b1.java"	"2573"	".java"
"FkWeChat_1.2.6-jadx"	"sources\p234q0\AbstractC6103b2.java"	"2874"	".java"
"FkWeChat_1.2.6-jadx"	"sources\p234q0\AbstractC6104c.java"	"2900"	".java"
"FkWeChat_1.2.6-jadx"	"sources\p234q0\AbstractC6105c0.java"	"3854"	".java"
"FkWeChat_1.2.6-jadx"	"sources\p234q0\AbstractC6106c1.java"	"3360"	".java"
"FkWeChat_1.2.6-jadx"	"sources\p234q0\AbstractC6107c2.java"	"4100"	".java"
"FkWeChat_1.2.6-jadx"	"sources\p234q0\AbstractC6108d.java"	"3082"	".java"
"FkWeChat_1.2.6-jadx"	"sources\p234q0\AbstractC6109d0.java"	"3081"	".java"
"FkWeChat_1.2.6-jadx"	"sources\p234q0\AbstractC6110d1.java"	"2718"	".java"
"FkWeChat_1.2.6-jadx"	"sources\p234q0\AbstractC6111d2.java"	"4407"	".java"
"FkWeChat_1.2.6-jadx"	"sources\p234q0\AbstractC6112e.java"	"3585"	".java"
"FkWeChat_1.2.6-jadx"	"sources\p234q0\AbstractC6113e0.java"	"3573"	".java"
"FkWeChat_1.2.6-jadx"	"sources\p234q0\AbstractC6114e1.java"	"3116"	".java"
"FkWeChat_1.2.6-jadx"	"sources\p234q0\AbstractC6115e2.java"	"3095"	".java"
"FkWeChat_1.2.6-jadx"	"sources\p234q0\AbstractC6116f.java"	"3395"	".java"
"FkWeChat_1.2.6-jadx"	"sources\p234q0\AbstractC6117f0.java"	"4405"	".java"
"FkWeChat_1.2.6-jadx"	"sources\p234q0\AbstractC6118f1.java"	"4604"	".java"
"FkWeChat_1.2.6-jadx"	"sources\p234q0\AbstractC6119f2.java"	"3942"	".java"
"FkWeChat_1.2.6-jadx"	"sources\p234q0\AbstractC6120g.java"	"3276"	".java"
"FkWeChat_1.2.6-jadx"	"sources\p234q0\AbstractC6121g0.java"	"3715"	".java"
"FkWeChat_1.2.6-jadx"	"sources\p234q0\AbstractC6122g1.java"	"3530"	".java"
"FkWeChat_1.2.6-jadx"	"sources\p234q0\AbstractC6123g2.java"	"3886"	".java"
"FkWeChat_1.2.6-jadx"	"sources\p234q0\AbstractC6124h.java"	"3284"	".java"
"FkWeChat_1.2.6-jadx"	"sources\p234q0\AbstractC6125h0.java"	"3012"	".java"
"FkWeChat_1.2.6-jadx"	"sources\p234q0\AbstractC6126h1.java"	"2843"	".java"
"FkWeChat_1.2.6-jadx"	"sources\p234q0\AbstractC6127h2.java"	"2886"	".java"
"FkWeChat_1.2.6-jadx"	"sources\p234q0\AbstractC6128i.java"	"2380"	".java"
"FkWeChat_1.2.6-jadx"	"sources\p234q0\AbstractC6129i0.java"	"2806"	".java"
"FkWeChat_1.2.6-jadx"	"sources\p234q0\AbstractC6130i1.java"	"4326"	".java"
"FkWeChat_1.2.6-jadx"	"sources\p234q0\AbstractC6131i2.java"	"4636"	".java"
"FkWeChat_1.2.6-jadx"	"sources\p234q0\AbstractC6132j.java"	"3466"	".java"
"FkWeChat_1.2.6-jadx"	"sources\p234q0\AbstractC6133j0.java"	"3165"	".java"
"FkWeChat_1.2.6-jadx"	"sources\p234q0\AbstractC6134j1.java"	"3885"	".java"
"FkWeChat_1.2.6-jadx"	"sources\p234q0\AbstractC6135j2.java"	"3127"	".java"
"FkWeChat_1.2.6-jadx"	"sources\p234q0\AbstractC6136k.java"	"3957"	".java"
"FkWeChat_1.2.6-jadx"	"sources\p234q0\AbstractC6137k0.java"	"3125"	".java"
"FkWeChat_1.2.6-jadx"	"sources\p234q0\AbstractC6138k1.java"	"3841"	".java"
"FkWeChat_1.2.6-jadx"	"sources\p234q0\AbstractC6139k2.java"	"2887"	".java"
"FkWeChat_1.2.6-jadx"	"sources\p234q0\AbstractC6140l.java"	"7378"	".java"
"FkWeChat_1.2.6-jadx"	"sources\p234q0\AbstractC6141l0.java"	"3286"	".java"
"FkWeChat_1.2.6-jadx"	"sources\p234q0\AbstractC6142l1.java"	"3262"	".java"
"FkWeChat_1.2.6-jadx"	"sources\p234q0\AbstractC6143l2.java"	"3930"	".java"
"FkWeChat_1.2.6-jadx"	"sources\p234q0\AbstractC6144m.java"	"4539"	".java"
"FkWeChat_1.2.6-jadx"	"sources\p234q0\AbstractC6145m0.java"	"3662"	".java"
"FkWeChat_1.2.6-jadx"	"sources\p234q0\AbstractC6146m1.java"	"6170"	".java"
"FkWeChat_1.2.6-jadx"	"sources\p234q0\AbstractC6147m2.java"	"7749"	".java"
"FkWeChat_1.2.6-jadx"	"sources\p234q0\AbstractC6148n.java"	"5173"	".java"
"FkWeChat_1.2.6-jadx"	"sources\p234q0\AbstractC6149n0.java"	"3111"	".java"
"FkWeChat_1.2.6-jadx"	"sources\p234q0\AbstractC6150n1.java"	"2702"	".java"
"FkWeChat_1.2.6-jadx"	"sources\p234q0\AbstractC6151n2.java"	"7508"	".java"
"FkWeChat_1.2.6-jadx"	"sources\p234q0\AbstractC6152o.java"	"2477"	".java"
"FkWeChat_1.2.6-jadx"	"sources\p234q0\AbstractC6153o0.java"	"3109"	".java"
"FkWeChat_1.2.6-jadx"	"sources\p234q0\AbstractC6154o1.java"	"3288"	".java"
"FkWeChat_1.2.6-jadx"	"sources\p234q0\AbstractC6155o2.java"	"3866"	".java"
"FkWeChat_1.2.6-jadx"	"sources\p234q0\AbstractC6156p.java"	"8102"	".java"
"FkWeChat_1.2.6-jadx"	"sources\p234q0\AbstractC6157p0.java"	"3147"	".java"
"FkWeChat_1.2.6-jadx"	"sources\p234q0\AbstractC6158p1.java"	"3148"	".java"
"FkWeChat_1.2.6-jadx"	"sources\p234q0\AbstractC6159p2.java"	"4150"	".java"
"FkWeChat_1.2.6-jadx"	"sources\p234q0\AbstractC6160q.java"	"3209"	".java"
"FkWeChat_1.2.6-jadx"	"sources\p234q0\AbstractC6161q0.java"	"2922"	".java"
"FkWeChat_1.2.6-jadx"	"sources\p234q0\AbstractC6162q1.java"	"3029"	".java"
"FkWeChat_1.2.6-jadx"	"sources\p234q0\AbstractC6163q2.java"	"3677"	".java"
"FkWeChat_1.2.6-jadx"	"sources\p234q0\AbstractC6164r.java"	"4852"	".java"
"FkWeChat_1.2.6-jadx"	"sources\p234q0\AbstractC6165r0.java"	"3660"	".java"
"FkWeChat_1.2.6-jadx"	"sources\p234q0\AbstractC6166r1.java"	"2664"	".java"
"FkWeChat_1.2.6-jadx"	"sources\p234q0\AbstractC6167s.java"	"2416"	".java"
"FkWeChat_1.2.6-jadx"	"sources\p234q0\AbstractC6168s0.java"	"3568"	".java"
"FkWeChat_1.2.6-jadx"	"sources\p234q0\AbstractC6169s1.java"	"3546"	".java"
"FkWeChat_1.2.6-jadx"	"sources\p234q0\AbstractC6170t.java"	"2727"	".java"
"FkWeChat_1.2.6-jadx"	"sources\p234q0\AbstractC6171t0.java"	"4531"	".java"
"FkWeChat_1.2.6-jadx"	"sources\p234q0\AbstractC6172t1.java"	"3245"	".java"
"FkWeChat_1.2.6-jadx"	"sources\p234q0\AbstractC6173u.java"	"2851"	".java"
"FkWeChat_1.2.6-jadx"	"sources\p234q0\AbstractC6174u0.java"	"3649"	".java"
"FkWeChat_1.2.6-jadx"	"sources\p234q0\AbstractC6175u1.java"	"4220"	".java"
"FkWeChat_1.2.6-jadx"	"sources\p234q0\AbstractC6176v.java"	"2557"	".java"
"FkWeChat_1.2.6-jadx"	"sources\p234q0\AbstractC6177v0.java"	"4251"	".java"
"FkWeChat_1.2.6-jadx"	"sources\p234q0\AbstractC6178v1.java"	"4702"	".java"
"FkWeChat_1.2.6-jadx"	"sources\p234q0\AbstractC6179w.java"	"2563"	".java"
"FkWeChat_1.2.6-jadx"	"sources\p234q0\AbstractC6180w0.java"	"2962"	".java"
"FkWeChat_1.2.6-jadx"	"sources\p234q0\AbstractC6181w1.java"	"4677"	".java"
"FkWeChat_1.2.6-jadx"	"sources\p234q0\AbstractC6182x.java"	"2918"	".java"
"FkWeChat_1.2.6-jadx"	"sources\p234q0\AbstractC6183x0.java"	"2854"	".java"
"FkWeChat_1.2.6-jadx"	"sources\p234q0\AbstractC6184x1.java"	"3097"	".java"
"FkWeChat_1.2.6-jadx"	"sources\p234q0\AbstractC6185y.java"	"2860"	".java"
"FkWeChat_1.2.6-jadx"	"sources\p234q0\AbstractC6186y0.java"	"5604"	".java"
"FkWeChat_1.2.6-jadx"	"sources\p234q0\AbstractC6187y1.java"	"3467"	".java"
"FkWeChat_1.2.6-jadx"	"sources\p234q0\AbstractC6188z.java"	"3412"	".java"
"FkWeChat_1.2.6-jadx"	"sources\p234q0\AbstractC6189z0.java"	"4606"	".java"
"FkWeChat_1.2.6-jadx"	"sources\p234q0\AbstractC6190z1.java"	"3047"	".java"
"FkWeChat_1.2.6-jadx"	"sources\p235q1\AbstractC6199e.java"	"549"	".java"
"FkWeChat_1.2.6-jadx"	"sources\p235q1\AbstractC6204g0.java"	"893"	".java"
"FkWeChat_1.2.6-jadx"	"sources\p235q1\AbstractC6208i0.java"	"463"	".java"
"FkWeChat_1.2.6-jadx"	"sources\p235q1\AbstractC6209j.java"	"493"	".java"
"FkWeChat_1.2.6-jadx"	"sources\p235q1\AbstractC6211k.java"	"6221"	".java"
"FkWeChat_1.2.6-jadx"	"sources\p235q1\AbstractC6214l0.java"	"2381"	".java"
"FkWeChat_1.2.6-jadx"	"sources\p235q1\AbstractC6219o.java"	"498"	".java"
"FkWeChat_1.2.6-jadx"	"sources\p235q1\AbstractC6222p0.java"	"28909"	".java"
"FkWeChat_1.2.6-jadx"	"sources\p235q1\AbstractC6225s.java"	"505"	".java"
"FkWeChat_1.2.6-jadx"	"sources\p235q1\AbstractC6229w.java"	"3562"	".java"
"FkWeChat_1.2.6-jadx"	"sources\p235q1\AbstractC6232z.java"	"490"	".java"
"FkWeChat_1.2.6-jadx"	"sources\p235q1\C6193b.java"	"1023"	".java"
"FkWeChat_1.2.6-jadx"	"sources\p235q1\C6196c0.java"	"1110"	".java"
"FkWeChat_1.2.6-jadx"	"sources\p235q1\C6197d.java"	"2823"	".java"
"FkWeChat_1.2.6-jadx"	"sources\p235q1\C6201f.java"	"1148"	".java"
"FkWeChat_1.2.6-jadx"	"sources\p235q1\C6203g.java"	"4092"	".java"
"FkWeChat_1.2.6-jadx"	"sources\p235q1\C6206h0.java"	"28286"	".java"
"FkWeChat_1.2.6-jadx"	"sources\p235q1\C6221p.java"	"426"	".java"
"FkWeChat_1.2.6-jadx"	"sources\p235q1\C6227u.java"	"5845"	".java"
"FkWeChat_1.2.6-jadx"	"sources\p235q1\C6230x.java"	"4057"	".java"
"FkWeChat_1.2.6-jadx"	"sources\p235q1\C6231y.java"	"3097"	".java"
"FkWeChat_1.2.6-jadx"	"sources\p235q1\EnumC6195c.java"	"1804"	".java"
"FkWeChat_1.2.6-jadx"	"sources\p235q1\EnumC6200e0.java"	"3607"	".java"
"FkWeChat_1.2.6-jadx"	"sources\p235q1\InterfaceC6192a0.java"	"306"	".java"
"FkWeChat_1.2.6-jadx"	"sources\p235q1\InterfaceC6198d0.java"	"376"	".java"
"FkWeChat_1.2.6-jadx"	"sources\p235q1\InterfaceC6202f0.java"	"964"	".java"
"FkWeChat_1.2.6-jadx"	"sources\p235q1\InterfaceC6205h.java"	"367"	".java"
"FkWeChat_1.2.6-jadx"	"sources\p235q1\InterfaceC6207i.java"	"399"	".java"
"FkWeChat_1.2.6-jadx"	"sources\p235q1\InterfaceC6215m.java"	"375"	".java"
"FkWeChat_1.2.6-jadx"	"sources\p235q1\InterfaceC6217n.java"	"857"	".java"
"FkWeChat_1.2.6-jadx"	"sources\p235q1\InterfaceC6220o0.java"	"602"	".java"
"FkWeChat_1.2.6-jadx"	"sources\p235q1\InterfaceC6223q.java"	"3711"	".java"
"FkWeChat_1.2.6-jadx"	"sources\p235q1\InterfaceC6226t.java"	"4356"	".java"
"FkWeChat_1.2.6-jadx"	"sources\p235q1\InterfaceC6228v.java"	"397"	".java"
"FkWeChat_1.2.6-jadx"	"sources\p236q2\AbstractC6234b.java"	"6571"	".java"
"FkWeChat_1.2.6-jadx"	"sources\p236q2\InterfaceC6233a.java"	"561"	".java"
"FkWeChat_1.2.6-jadx"	"sources\p237q3\AbstractC6236b.java"	"3851"	".java"
"FkWeChat_1.2.6-jadx"	"sources\p237q3\AbstractC6237c.java"	"7696"	".java"
"FkWeChat_1.2.6-jadx"	"sources\p237q3\AbstractC6239e.java"	"2331"	".java"
"FkWeChat_1.2.6-jadx"	"sources\p237q3\AbstractC6240f.java"	"8640"	".java"
"FkWeChat_1.2.6-jadx"	"sources\p237q3\AbstractC6241g.java"	"1227"	".java"
"FkWeChat_1.2.6-jadx"	"sources\p237q3\AbstractC6242h.java"	"3658"	".java"
"FkWeChat_1.2.6-jadx"	"sources\p237q3\C6235a.java"	"12441"	".java"
"FkWeChat_1.2.6-jadx"	"sources\p237q3\C6238d.java"	"3338"	".java"
"FkWeChat_1.2.6-jadx"	"sources\p237q3\C6243i.java"	"5136"	".java"
"FkWeChat_1.2.6-jadx"	"sources\p238q4\AbstractC6244a.java"	"2171"	".java"
"FkWeChat_1.2.6-jadx"	"sources\p238q4\AbstractC6245b.java"	"515"	".java"
"FkWeChat_1.2.6-jadx"	"sources\p238q4\AbstractC6246c.java"	"397"	".java"
"FkWeChat_1.2.6-jadx"	"sources\p239q5\AbstractC6247a.java"	"3766"	".java"
"FkWeChat_1.2.6-jadx"	"sources\p239q5\AbstractC6253d.java"	"1307"	".java"
"FkWeChat_1.2.6-jadx"	"sources\p239q5\AbstractC6255f.java"	"3163"	".java"
"FkWeChat_1.2.6-jadx"	"sources\p239q5\AbstractC6257h.java"	"7258"	".java"
"FkWeChat_1.2.6-jadx"	"sources\p239q5\AbstractC6266q.java"	"4864"	".java"
"FkWeChat_1.2.6-jadx"	"sources\p239q5\AbstractC6273x.java"	"59536"	".java"
"FkWeChat_1.2.6-jadx"	"sources\p239q5\C6248a0.java"	"2336"	".java"
"FkWeChat_1.2.6-jadx"	"sources\p239q5\C6249b.java"	"4330"	".java"
"FkWeChat_1.2.6-jadx"	"sources\p239q5\C6250b0.java"	"2331"	".java"
"FkWeChat_1.2.6-jadx"	"sources\p239q5\C6251c.java"	"5702"	".java"
"FkWeChat_1.2.6-jadx"	"sources\p239q5\C6254e.java"	"2675"	".java"
"FkWeChat_1.2.6-jadx"	"sources\p239q5\C6256g.java"	"2001"	".java"
"FkWeChat_1.2.6-jadx"	"sources\p239q5\C6258i.java"	"1433"	".java"
"FkWeChat_1.2.6-jadx"	"sources\p239q5\C6259j.java"	"11709"	".java"
"FkWeChat_1.2.6-jadx"	"sources\p239q5\C6260k.java"	"2921"	".java"
"FkWeChat_1.2.6-jadx"	"sources\p239q5\C6261l.java"	"3860"	".java"
"FkWeChat_1.2.6-jadx"	"sources\p239q5\C6262m.java"	"3792"	".java"
"FkWeChat_1.2.6-jadx"	"sources\p239q5\C6263n.java"	"1525"	".java"
"FkWeChat_1.2.6-jadx"	"sources\p239q5\C6264o.java"	"427"	".java"
"FkWeChat_1.2.6-jadx"	"sources\p239q5\C6265p.java"	"3788"	".java"
"FkWeChat_1.2.6-jadx"	"sources\p239q5\C6267r.java"	"13471"	".java"
"FkWeChat_1.2.6-jadx"	"sources\p239q5\C6268s.java"	"6705"	".java"
"FkWeChat_1.2.6-jadx"	"sources\p239q5\C6269t.java"	"7128"	".java"
"FkWeChat_1.2.6-jadx"	"sources\p239q5\C6270u.java"	"6440"	".java"
"FkWeChat_1.2.6-jadx"	"sources\p239q5\C6271v.java"	"3158"	".java"
"FkWeChat_1.2.6-jadx"	"sources\p239q5\C6272w.java"	"422"	".java"
"FkWeChat_1.2.6-jadx"	"sources\p239q5\C6274y.java"	"2640"	".java"
"FkWeChat_1.2.6-jadx"	"sources\p239q5\C6275z.java"	"2168"	".java"
"FkWeChat_1.2.6-jadx"	"sources\p239q5\InterfaceC6252c0.java"	"509"	".java"
"FkWeChat_1.2.6-jadx"	"sources\p240q6\AbstractC6276a.java"	"2791"	".java"
"FkWeChat_1.2.6-jadx"	"sources\p241q7\AbstractC6281c.java"	"4033"	".java"
"FkWeChat_1.2.6-jadx"	"sources\p241q7\AbstractC6296j0.java"	"3263"	".java"
"FkWeChat_1.2.6-jadx"	"sources\p241q7\AbstractC6299l.java"	"419"	".java"
"FkWeChat_1.2.6-jadx"	"sources\p241q7\AbstractC6301m.java"	"7321"	".java"
"FkWeChat_1.2.6-jadx"	"sources\p241q7\AbstractC6303n.java"	"1933"	".java"
"FkWeChat_1.2.6-jadx"	"sources\p241q7\AbstractC6311r.java"	"5016"	".java"
"FkWeChat_1.2.6-jadx"	"sources\p241q7\C6277a.java"	"1310"	".java"
"FkWeChat_1.2.6-jadx"	"sources\p241q7\C6278a0.java"	"3704"	".java"
"FkWeChat_1.2.6-jadx"	"sources\p241q7\C6280b0.java"	"1673"	".java"
"FkWeChat_1.2.6-jadx"	"sources\p241q7\C6283d.java"	"1231"	".java"
"FkWeChat_1.2.6-jadx"	"sources\p241q7\C6285e.java"	"2322"	".java"
"FkWeChat_1.2.6-jadx"	"sources\p241q7\C6286e0.java"	"4778"	".java"
"FkWeChat_1.2.6-jadx"	"sources\p241q7\C6287f.java"	"2322"	".java"
"FkWeChat_1.2.6-jadx"	"sources\p241q7\C6288f0.java"	"2379"	".java"
"FkWeChat_1.2.6-jadx"	"sources\p241q7\C6289g.java"	"2048"	".java"
"FkWeChat_1.2.6-jadx"	"sources\p241q7\C6290g0.java"	"2133"	".java"
"FkWeChat_1.2.6-jadx"	"sources\p241q7\C6291h.java"	"3322"	".java"
"FkWeChat_1.2.6-jadx"	"sources\p241q7\C6292h0.java"	"2372"	".java"
"FkWeChat_1.2.6-jadx"	"sources\p241q7\C6293i.java"	"812"	".java"
"FkWeChat_1.2.6-jadx"	"sources\p241q7\C6294i0.java"	"14310"	".java"
"FkWeChat_1.2.6-jadx"	"sources\p241q7\C6295j.java"	"2363"	".java"
"FkWeChat_1.2.6-jadx"	"sources\p241q7\C6302m0.java"	"5475"	".java"
"FkWeChat_1.2.6-jadx"	"sources\p241q7\C6304n0.java"	"2379"	".java"
"FkWeChat_1.2.6-jadx"	"sources\p241q7\C6306o0.java"	"1925"	".java"
"FkWeChat_1.2.6-jadx"	"sources\p241q7\C6314s0.java"	"1344"	".java"
"FkWeChat_1.2.6-jadx"	"sources\p241q7\C6316t0.java"	"1184"	".java"
"FkWeChat_1.2.6-jadx"	"sources\p241q7\C6317u.java"	"4062"	".java"
"FkWeChat_1.2.6-jadx"	"sources\p241q7\C6318v.java"	"532"	".java"
"FkWeChat_1.2.6-jadx"	"sources\p241q7\C6319w.java"	"8750"	".java"
"FkWeChat_1.2.6-jadx"	"sources\p241q7\EnumC6282c0.java"	"1564"	".java"
"FkWeChat_1.2.6-jadx"	"sources\p241q7\InterfaceC6297k.java"	"639"	".java"
"FkWeChat_1.2.6-jadx"	"sources\p241q7\InterfaceC6305o.java"	"270"	".java"
"FkWeChat_1.2.6-jadx"	"sources\p242q8\AbstractC6324b.java"	"11114"	".java"
"FkWeChat_1.2.6-jadx"	"sources\p242q8\AbstractC6325c.java"	"392"	".java"
"FkWeChat_1.2.6-jadx"	"sources\p242q8\EnumC6323a.java"	"1681"	".java"
"FkWeChat_1.2.6-jadx"	"sources\p243q9\AbstractC6327b.java"	"1721"	".java"
"FkWeChat_1.2.6-jadx"	"sources\p243q9\AbstractC6332g.java"	"3878"	".java"
"FkWeChat_1.2.6-jadx"	"sources\p243q9\AbstractC6335j.java"	"646"	".java"
"FkWeChat_1.2.6-jadx"	"sources\p243q9\C6329d.java"	"3524"	".java"
"FkWeChat_1.2.6-jadx"	"sources\p243q9\C6331f.java"	"639"	".java"
"FkWeChat_1.2.6-jadx"	"sources\p243q9\C6334i.java"	"1258"	".java"
"FkWeChat_1.2.6-jadx"	"sources\p243q9\C6336k.java"	"464"	".java"
"FkWeChat_1.2.6-jadx"	"sources\p243q9\C6337l.java"	"2491"	".java"
"FkWeChat_1.2.6-jadx"	"sources\p243q9\C6338m.java"	"557"	".java"
"FkWeChat_1.2.6-jadx"	"sources\p243q9\C6339n.java"	"465"	".java"
"FkWeChat_1.2.6-jadx"	"sources\p243q9\C6340o.java"	"2670"	".java"
"FkWeChat_1.2.6-jadx"	"sources\p243q9\C6341p.java"	"3194"	".java"
"FkWeChat_1.2.6-jadx"	"sources\p243q9\EnumC6330e.java"	"3233"	".java"
"FkWeChat_1.2.6-jadx"	"sources\p243q9\EnumC6342q.java"	"1666"	".java"
"FkWeChat_1.2.6-jadx"	"sources\p243q9\EnumC6343r.java"	"13429"	".java"
"FkWeChat_1.2.6-jadx"	"sources\p243q9\InterfaceC6326a.java"	"286"	".java"
"FkWeChat_1.2.6-jadx"	"sources\p243q9\InterfaceC6328c.java"	"1432"	".java"
"FkWeChat_1.2.6-jadx"	"sources\p243q9\InterfaceC6333h.java"	"3911"	".java"
"FkWeChat_1.2.6-jadx"	"sources\p244qb\AbstractC6370a.java"	"2312"	".java"
"FkWeChat_1.2.6-jadx"	"sources\p244qb\AbstractC6371b.java"	"8617"	".java"
"FkWeChat_1.2.6-jadx"	"sources\p244qb\AbstractC6372c.java"	"932"	".java"
"FkWeChat_1.2.6-jadx"	"sources\p244qb\AbstractC6378i.java"	"2495"	".java"
"FkWeChat_1.2.6-jadx"	"sources\p244qb\AbstractC6381l.java"	"5373"	".java"
"FkWeChat_1.2.6-jadx"	"sources\p244qb\C6373d.java"	"455"	".java"
"FkWeChat_1.2.6-jadx"	"sources\p244qb\C6374e.java"	"472"	".java"
"FkWeChat_1.2.6-jadx"	"sources\p244qb\C6375f.java"	"455"	".java"
"FkWeChat_1.2.6-jadx"	"sources\p244qb\C6376g.java"	"437"	".java"
"FkWeChat_1.2.6-jadx"	"sources\p244qb\C6377h.java"	"494"	".java"
"FkWeChat_1.2.6-jadx"	"sources\p244qb\C6379j.java"	"11599"	".java"
"FkWeChat_1.2.6-jadx"	"sources\p244qb\C6380k.java"	"7072"	".java"
"FkWeChat_1.2.6-jadx"	"sources\p245qc\C6382a.java"	"528"	".java"
"FkWeChat_1.2.6-jadx"	"sources\p246qd\AbstractC6386b0.java"	"269"	".java"
"FkWeChat_1.2.6-jadx"	"sources\p246qd\C6390d0.java"	"741"	".java"
"FkWeChat_1.2.6-jadx"	"sources\p246qd\C6391e.java"	"1020"	".java"
"FkWeChat_1.2.6-jadx"	"sources\p246qd\C6392e0.java"	"616"	".java"
"FkWeChat_1.2.6-jadx"	"sources\p246qd\C6393f.java"	"867"	".java"
"FkWeChat_1.2.6-jadx"	"sources\p246qd\C6394f0.java"	"741"	".java"
"FkWeChat_1.2.6-jadx"	"sources\p246qd\C6395g.java"	"730"	".java"
"FkWeChat_1.2.6-jadx"	"sources\p246qd\C6396g0.java"	"741"	".java"
"FkWeChat_1.2.6-jadx"	"sources\p246qd\C6397h.java"	"730"	".java"
"FkWeChat_1.2.6-jadx"	"sources\p246qd\C6398i.java"	"605"	".java"
"FkWeChat_1.2.6-jadx"	"sources\p246qd\C6399j.java"	"605"	".java"
"FkWeChat_1.2.6-jadx"	"sources\p247qe\C6416a.java"	"3092"	".java"
"FkWeChat_1.2.6-jadx"	"sources\p247qe\C6417b.java"	"1678"	".java"
"FkWeChat_1.2.6-jadx"	"sources\p247qe\C6418c.java"	"1618"	".java"
"FkWeChat_1.2.6-jadx"	"sources\p247qe\C6419d.java"	"5002"	".java"
"FkWeChat_1.2.6-jadx"	"sources\p247qe\C6420e.java"	"3082"	".java"
"FkWeChat_1.2.6-jadx"	"sources\p247qe\C6421f.java"	"7013"	".java"
"FkWeChat_1.2.6-jadx"	"sources\p247qe\C6422g.java"	"12180"	".java"
"FkWeChat_1.2.6-jadx"	"sources\p247qe\C6423h.java"	"2411"	".java"
"FkWeChat_1.2.6-jadx"	"sources\p247qe\C6424i.java"	"2785"	".java"
"FkWeChat_1.2.6-jadx"	"sources\p248r\AbstractC6428d.java"	"6041"	".java"
"FkWeChat_1.2.6-jadx"	"sources\p248r\AbstractC6433i.java"	"376"	".java"
"FkWeChat_1.2.6-jadx"	"sources\p248r\AbstractC6437m.java"	"6272"	".java"
"FkWeChat_1.2.6-jadx"	"sources\p248r\C6426b.java"	"264"	".java"
"FkWeChat_1.2.6-jadx"	"sources\p248r\C6427c.java"	"529"	".java"
"FkWeChat_1.2.6-jadx"	"sources\p248r\C6429e.java"	"264"	".java"
"FkWeChat_1.2.6-jadx"	"sources\p248r\C6430f.java"	"529"	".java"
"FkWeChat_1.2.6-jadx"	"sources\p248r\C6435k.java"	"1350"	".java"
"FkWeChat_1.2.6-jadx"	"sources\p248r\InterfaceC6425a.java"	"1497"	".java"
"FkWeChat_1.2.6-jadx"	"sources\p248r\InterfaceC6431g.java"	"244"	".java"
"FkWeChat_1.2.6-jadx"	"sources\p248r\InterfaceC6432h.java"	"349"	".java"
"FkWeChat_1.2.6-jadx"	"sources\p248r\InterfaceC6434j.java"	"524"	".java"
"FkWeChat_1.2.6-jadx"	"sources\p248r\InterfaceC6436l.java"	"1928"	".java"
"FkWeChat_1.2.6-jadx"	"sources\p249r0\AbstractC6440c.java"	"823"	".java"
"FkWeChat_1.2.6-jadx"	"sources\p249r0\AbstractC6446i.java"	"1849"	".java"
"FkWeChat_1.2.6-jadx"	"sources\p249r0\AbstractC6448k.java"	"1893"	".java"
"FkWeChat_1.2.6-jadx"	"sources\p249r0\C6439b.java"	"1970"	".java"
"FkWeChat_1.2.6-jadx"	"sources\p249r0\C6441d.java"	"3457"	".java"
"FkWeChat_1.2.6-jadx"	"sources\p249r0\C6443f.java"	"1327"	".java"
"FkWeChat_1.2.6-jadx"	"sources\p249r0\C6445h.java"	"6372"	".java"
"FkWeChat_1.2.6-jadx"	"sources\p249r0\C6450m.java"	"3467"	".java"
"FkWeChat_1.2.6-jadx"	"sources\p249r0\InterfaceC6442e.java"	"308"	".java"
"FkWeChat_1.2.6-jadx"	"sources\p250r1\AbstractC6451a.java"	"1845"	".java"
"FkWeChat_1.2.6-jadx"	"sources\p250r1\AbstractC6452b.java"	"864"	".java"
"FkWeChat_1.2.6-jadx"	"sources\p250r1\AbstractC6454d.java"	"452"	".java"
"FkWeChat_1.2.6-jadx"	"sources\p250r1\AbstractC6456f.java"	"1071"	".java"
"FkWeChat_1.2.6-jadx"	"sources\p250r1\AbstractC6458h.java"	"1340"	".java"
"FkWeChat_1.2.6-jadx"	"sources\p250r1\AbstractC6460j.java"	"1732"	".java"
"FkWeChat_1.2.6-jadx"	"sources\p250r1\AbstractC6462l.java"	"785"	".java"
"FkWeChat_1.2.6-jadx"	"sources\p250r1\C6453c.java"	"3059"	".java"
"FkWeChat_1.2.6-jadx"	"sources\p250r1\C6455e.java"	"6602"	".java"
"FkWeChat_1.2.6-jadx"	"sources\p250r1\C6457g.java"	"7050"	".java"
"FkWeChat_1.2.6-jadx"	"sources\p250r1\C6459i.java"	"5496"	".java"
"FkWeChat_1.2.6-jadx"	"sources\p250r1\C6461k.java"	"3579"	".java"
"FkWeChat_1.2.6-jadx"	"sources\p251r2\AbstractC6463a.java"	"777"	".java"
"FkWeChat_1.2.6-jadx"	"sources\p251r2\AbstractC6468f.java"	"966"	".java"
"FkWeChat_1.2.6-jadx"	"sources\p251r2\AbstractC6469g.java"	"1406"	".java"
"FkWeChat_1.2.6-jadx"	"sources\p251r2\C6464b.java"	"4043"	".java"
"FkWeChat_1.2.6-jadx"	"sources\p251r2\C6466d.java"	"1172"	".java"
"FkWeChat_1.2.6-jadx"	"sources\p251r2\C6467e.java"	"343"	".java"
"FkWeChat_1.2.6-jadx"	"sources\p252r3\AbstractC6470a.java"	"1784"	".java"
"FkWeChat_1.2.6-jadx"	"sources\p252r3\AbstractC6471b.java"	"266"	".java"
"FkWeChat_1.2.6-jadx"	"sources\p252r3\AbstractC6472c.java"	"266"	".java"
"FkWeChat_1.2.6-jadx"	"sources\p252r3\AbstractC6473d.java"	"266"	".java"
"FkWeChat_1.2.6-jadx"	"sources\p252r3\AbstractC6474e.java"	"266"	".java"
"FkWeChat_1.2.6-jadx"	"sources\p252r3\AbstractC6476g.java"	"891"	".java"
"FkWeChat_1.2.6-jadx"	"sources\p252r3\AbstractC6477h.java"	"1454"	".java"
"FkWeChat_1.2.6-jadx"	"sources\p252r3\AbstractC6478i.java"	"273"	".java"
"FkWeChat_1.2.6-jadx"	"sources\p252r3\AbstractC6482m.java"	"2669"	".java"
"FkWeChat_1.2.6-jadx"	"sources\p252r3\AbstractC6483n.java"	"2506"	".java"
"FkWeChat_1.2.6-jadx"	"sources\p252r3\C6475f.java"	"3009"	".java"
"FkWeChat_1.2.6-jadx"	"sources\p252r3\C6479j.java"	"8932"	".java"
"FkWeChat_1.2.6-jadx"	"sources\p252r3\C6480k.java"	"1408"	".java"
"FkWeChat_1.2.6-jadx"	"sources\p252r3\C6481l.java"	"4030"	".java"
"FkWeChat_1.2.6-jadx"	"sources\p253r4\AbstractC6484a.java"	"9144"	".java"
"FkWeChat_1.2.6-jadx"	"sources\p253r4\C6485b.java"	"6011"	".java"
"FkWeChat_1.2.6-jadx"	"sources\p253r4\InterfaceC6486c.java"	"246"	".java"
"FkWeChat_1.2.6-jadx"	"sources\p254r5\AbstractC6487a.java"	"977"	".java"
"FkWeChat_1.2.6-jadx"	"sources\p254r5\AbstractC6495e.java"	"8816"	".java"
"FkWeChat_1.2.6-jadx"	"sources\p254r5\AbstractC6500g0.java"	"956"	".java"
"FkWeChat_1.2.6-jadx"	"sources\p254r5\AbstractC6504i0.java"	"1105"	".java"
"FkWeChat_1.2.6-jadx"	"sources\p254r5\AbstractC6514s.java"	"1599"	".java"
"FkWeChat_1.2.6-jadx"	"sources\p254r5\AbstractC6515t.java"	"1720"	".java"
"FkWeChat_1.2.6-jadx"	"sources\p254r5\AbstractC6516u.java"	"971"	".java"
"FkWeChat_1.2.6-jadx"	"sources\p254r5\AbstractC6518w.java"	"2386"	".java"
"FkWeChat_1.2.6-jadx"	"sources\p254r5\C6488a0.java"	"1886"	".java"
"FkWeChat_1.2.6-jadx"	"sources\p254r5\C6490b0.java"	"1488"	".java"
"FkWeChat_1.2.6-jadx"	"sources\p254r5\C6491c.java"	"1732"	".java"
"FkWeChat_1.2.6-jadx"	"sources\p254r5\C6492c0.java"	"9274"	".java"
"FkWeChat_1.2.6-jadx"	"sources\p254r5\C6493d.java"	"3027"	".java"
"FkWeChat_1.2.6-jadx"	"sources\p254r5\C6494d0.java"	"429"	".java"
"FkWeChat_1.2.6-jadx"	"sources\p254r5\C6496e0.java"	"6992"	".java"
"FkWeChat_1.2.6-jadx"	"sources\p254r5\C6497f.java"	"1509"	".java"
"FkWeChat_1.2.6-jadx"	"sources\p254r5\C6498f0.java"	"2964"	".java"
"FkWeChat_1.2.6-jadx"	"sources\p254r5\C6499g.java"	"1481"	".java"
"FkWeChat_1.2.6-jadx"	"sources\p254r5\C6501h.java"	"2379"	".java"
"FkWeChat_1.2.6-jadx"	"sources\p254r5\C6502h0.java"	"437"	".java"
"FkWeChat_1.2.6-jadx"	"sources\p254r5\C6503i.java"	"1943"	".java"
"FkWeChat_1.2.6-jadx"	"sources\p254r5\C6505j.java"	"1474"	".java"
"FkWeChat_1.2.6-jadx"	"sources\p254r5\C6506k.java"	"1397"	".java"
"FkWeChat_1.2.6-jadx"	"sources\p254r5\C6507l.java"	"964"	".java"
"FkWeChat_1.2.6-jadx"	"sources\p254r5\C6508m.java"	"1157"	".java"
"FkWeChat_1.2.6-jadx"	"sources\p254r5\C6509n.java"	"1492"	".java"
"FkWeChat_1.2.6-jadx"	"sources\p254r5\C6510o.java"	"2273"	".java"
"FkWeChat_1.2.6-jadx"	"sources\p254r5\C6511p.java"	"823"	".java"
"FkWeChat_1.2.6-jadx"	"sources\p254r5\C6512q.java"	"4141"	".java"
"FkWeChat_1.2.6-jadx"	"sources\p254r5\C6513r.java"	"1735"	".java"
"FkWeChat_1.2.6-jadx"	"sources\p254r5\C6517v.java"	"1383"	".java"
"FkWeChat_1.2.6-jadx"	"sources\p254r5\C6519x.java"	"3682"	".java"
"FkWeChat_1.2.6-jadx"	"sources\p254r5\C6520y.java"	"500"	".java"
"FkWeChat_1.2.6-jadx"	"sources\p254r5\C6521z.java"	"2888"	".java"
"FkWeChat_1.2.6-jadx"	"sources\p254r5\InterfaceC6489b.java"	"457"	".java"
"FkWeChat_1.2.6-jadx"	"sources\p255r6\AbstractC6523b.java"	"4192"	".java"
"FkWeChat_1.2.6-jadx"	"sources\p255r6\C6522a.java"	"5392"	".java"
"FkWeChat_1.2.6-jadx"	"sources\p255r6\C6524c.java"	"925"	".java"
"FkWeChat_1.2.6-jadx"	"sources\p256r7\AbstractC6528d.java"	"1439"	".java"
"FkWeChat_1.2.6-jadx"	"sources\p256r7\AbstractC6531g.java"	"1097"	".java"
"FkWeChat_1.2.6-jadx"	"sources\p256r7\C6525a.java"	"13651"	".java"
"FkWeChat_1.2.6-jadx"	"sources\p256r7\InterfaceC6530f.java"	"2477"	".java"
"FkWeChat_1.2.6-jadx"	"sources\p257r8\AbstractC6532a.java"	"3125"	".java"
"FkWeChat_1.2.6-jadx"	"sources\p257r8\AbstractC6533b.java"	"915"	".java"
"FkWeChat_1.2.6-jadx"	"sources\p257r8\AbstractC6535d.java"	"2075"	".java"
"FkWeChat_1.2.6-jadx"	"sources\p257r8\AbstractC6538g.java"	"1968"	".java"
"FkWeChat_1.2.6-jadx"	"sources\p257r8\AbstractC6539h.java"	"797"	".java"
"FkWeChat_1.2.6-jadx"	"sources\p257r8\AbstractC6541j.java"	"853"	".java"
"FkWeChat_1.2.6-jadx"	"sources\p257r8\AbstractC6542k.java"	"1006"	".java"
"FkWeChat_1.2.6-jadx"	"sources\p257r8\AbstractC6543l.java"	"371"	".java"
"FkWeChat_1.2.6-jadx"	"sources\p257r8\AbstractC6544m.java"	"961"	".java"
"FkWeChat_1.2.6-jadx"	"sources\p257r8\C6534c.java"	"877"	".java"
"FkWeChat_1.2.6-jadx"	"sources\p257r8\C6540i.java"	"2777"	".java"
"FkWeChat_1.2.6-jadx"	"sources\p257r8\InterfaceC6536e.java"	"285"	".java"
"FkWeChat_1.2.6-jadx"	"sources\p257r8\InterfaceC6537f.java"	"735"	".java"
"FkWeChat_1.2.6-jadx"	"sources\p258r9\AbstractC6548d.java"	"515"	".java"
"FkWeChat_1.2.6-jadx"	"sources\p258r9\InterfaceC6545a.java"	"2175"	".java"
"FkWeChat_1.2.6-jadx"	"sources\p258r9\InterfaceC6546b.java"	"638"	".java"
"FkWeChat_1.2.6-jadx"	"sources\p258r9\InterfaceC6547c.java"	"1773"	".java"
"FkWeChat_1.2.6-jadx"	"sources\p259ra\AbstractC6552b0.java"	"676"	".java"
"FkWeChat_1.2.6-jadx"	"sources\p259ra\AbstractC6562g0.java"	"3621"	".java"
"FkWeChat_1.2.6-jadx"	"sources\p259ra\AbstractC6569n.java"	"13367"	".java"
"FkWeChat_1.2.6-jadx"	"sources\p259ra\C6550a0.java"	"706"	".java"
"FkWeChat_1.2.6-jadx"	"sources\p259ra\C6553c.java"	"473"	".java"
"FkWeChat_1.2.6-jadx"	"sources\p259ra\C6555d.java"	"473"	".java"
"FkWeChat_1.2.6-jadx"	"sources\p259ra\C6557e.java"	"473"	".java"
"FkWeChat_1.2.6-jadx"	"sources\p259ra\C6559f.java"	"473"	".java"
"FkWeChat_1.2.6-jadx"	"sources\p259ra\C6561g.java"	"473"	".java"
"FkWeChat_1.2.6-jadx"	"sources\p259ra\C6563h.java"	"473"	".java"
"FkWeChat_1.2.6-jadx"	"sources\p259ra\C6564i.java"	"473"	".java"
"FkWeChat_1.2.6-jadx"	"sources\p259ra\C6565j.java"	"473"	".java"
"FkWeChat_1.2.6-jadx"	"sources\p259ra\C6566k.java"	"473"	".java"
"FkWeChat_1.2.6-jadx"	"sources\p259ra\C6567l.java"	"473"	".java"
"FkWeChat_1.2.6-jadx"	"sources\p259ra\C6568m.java"	"473"	".java"
"FkWeChat_1.2.6-jadx"	"sources\p259ra\C6570o.java"	"465"	".java"
"FkWeChat_1.2.6-jadx"	"sources\p259ra\C6571p.java"	"494"	".java"
"FkWeChat_1.2.6-jadx"	"sources\p259ra\C6572q.java"	"565"	".java"
"FkWeChat_1.2.6-jadx"	"sources\p259ra\C6573r.java"	"500"	".java"
"FkWeChat_1.2.6-jadx"	"sources\p259ra\C6574s.java"	"563"	".java"
"FkWeChat_1.2.6-jadx"	"sources\p259ra\C6575t.java"	"466"	".java"
"FkWeChat_1.2.6-jadx"	"sources\p259ra\C6576u.java"	"85619"	".java"
"FkWeChat_1.2.6-jadx"	"sources\p259ra\C6579x.java"	"494"	".java"
"FkWeChat_1.2.6-jadx"	"sources\p259ra\C6580y.java"	"499"	".java"
"FkWeChat_1.2.6-jadx"	"sources\p259ra\C6581z.java"	"27878"	".java"
"FkWeChat_1.2.6-jadx"	"sources\p259ra\EnumC6549a.java"	"2465"	".java"
"FkWeChat_1.2.6-jadx"	"sources\p259ra\EnumC6554c0.java"	"1714"	".java"
"FkWeChat_1.2.6-jadx"	"sources\p259ra\EnumC6556d0.java"	"1695"	".java"
"FkWeChat_1.2.6-jadx"	"sources\p259ra\EnumC6558e0.java"	"1683"	".java"
"FkWeChat_1.2.6-jadx"	"sources\p259ra\EnumC6560f0.java"	"2551"	".java"
"FkWeChat_1.2.6-jadx"	"sources\p259ra\EnumC6577v.java"	"4372"	".java"
"FkWeChat_1.2.6-jadx"	"sources\p259ra\InterfaceC6551b.java"	"5189"	".java"
"FkWeChat_1.2.6-jadx"	"sources\p259ra\InterfaceC6578w.java"	"2014"	".java"
"FkWeChat_1.2.6-jadx"	"sources\p260rb\AbstractC6582a.java"	"846"	".java"
"FkWeChat_1.2.6-jadx"	"sources\p261rc\AbstractC6585c.java"	"2618"	".java"
"FkWeChat_1.2.6-jadx"	"sources\p261rc\AbstractC6589g.java"	"544"	".java"
"FkWeChat_1.2.6-jadx"	"sources\p261rc\AbstractC6590h.java"	"278"	".java"
"FkWeChat_1.2.6-jadx"	"sources\p261rc\C6587e.java"	"267"	".java"
"FkWeChat_1.2.6-jadx"	"sources\p261rc\C6588f.java"	"1065"	".java"
"FkWeChat_1.2.6-jadx"	"sources\p261rc\InterfaceC6583a.java"	"322"	".java"
"FkWeChat_1.2.6-jadx"	"sources\p261rc\InterfaceC6586d.java"	"247"	".java"
"FkWeChat_1.2.6-jadx"	"sources\p262rd\C6620y.java"	"6833"	".java"
"FkWeChat_1.2.6-jadx"	"sources\p262rd\DialogC6599e.java"	"9026"	".java"
"FkWeChat_1.2.6-jadx"	"sources\p263s\AbstractC6632b.java"	"3187"	".java"
"FkWeChat_1.2.6-jadx"	"sources\p263s\AbstractC6635e.java"	"986"	".java"
"FkWeChat_1.2.6-jadx"	"sources\p263s\AbstractC6637g.java"	"561"	".java"
"FkWeChat_1.2.6-jadx"	"sources\p263s\AbstractC6638h.java"	"369"	".java"
"FkWeChat_1.2.6-jadx"	"sources\p263s\C6631a.java"	"1287"	".java"
"FkWeChat_1.2.6-jadx"	"sources\p263s\C6633c.java"	"8489"	".java"
"FkWeChat_1.2.6-jadx"	"sources\p263s\C6634d.java"	"6323"	".java"
"FkWeChat_1.2.6-jadx"	"sources\p263s\C6636f.java"	"6091"	".java"
"FkWeChat_1.2.6-jadx"	"sources\p264s0\AbstractC6693d5.java"	"18169"	".java"
"FkWeChat_1.2.6-jadx"	"sources\p264s0\AbstractC6715eb.java"	"2711"	".java"
"FkWeChat_1.2.6-jadx"	"sources\p264s0\AbstractC6725f5.java"	"1733"	".java"
"FkWeChat_1.2.6-jadx"	"sources\p264s0\AbstractC6728f8.java"	"2348"	".java"
"FkWeChat_1.2.6-jadx"	"sources\p264s0\AbstractC6735g.java"	"52651"	".java"
"FkWeChat_1.2.6-jadx"	"sources\p264s0\AbstractC6742g6.java"	"45140"	".java"
"FkWeChat_1.2.6-jadx"	"sources\p264s0\AbstractC6784j0.java"	"984"	".java"
"FkWeChat_1.2.6-jadx"	"sources\p264s0\AbstractC6797jd.java"	"1413"	".java"
"FkWeChat_1.2.6-jadx"	"sources\p264s0\AbstractC6799k.java"	"4549"	".java"
"FkWeChat_1.2.6-jadx"	"sources\p264s0\AbstractC6800k0.java"	"2008"	".java"
"FkWeChat_1.2.6-jadx"	"sources\p264s0\AbstractC6801k1.java"	"28594"	".java"
"FkWeChat_1.2.6-jadx"	"sources\p264s0\AbstractC6822l6.java"	"3043"	".java"
"FkWeChat_1.2.6-jadx"	"sources\p264s0\AbstractC6846me.java"	"252"	".java"
"FkWeChat_1.2.6-jadx"	"sources\p264s0\AbstractC6865o1.java"	"1307"	".java"
"FkWeChat_1.2.6-jadx"	"sources\p264s0\AbstractC6885p5.java"	"1642"	".java"
"FkWeChat_1.2.6-jadx"	"sources\p264s0\AbstractC6893pd.java"	"1130"	".java"
"FkWeChat_1.2.6-jadx"	"sources\p264s0\AbstractC6904q8.java"	"252"	".java"
"FkWeChat_1.2.6-jadx"	"sources\p264s0\AbstractC6910qe.java"	"9008"	".java"
"FkWeChat_1.2.6-jadx"	"sources\p264s0\AbstractC6925rd.java"	"2329"	".java"
"FkWeChat_1.2.6-jadx"	"sources\p264s0\AbstractC6932s5.java"	"3896"	".java"
"FkWeChat_1.2.6-jadx"	"sources\p264s0\AbstractC6934s7.java"	"2949"	".java"
"FkWeChat_1.2.6-jadx"	"sources\p264s0\AbstractC6953tb.java"	"1025"	".java"
"FkWeChat_1.2.6-jadx"	"sources\p264s0\AbstractC6962u5.java"	"1511"	".java"
"FkWeChat_1.2.6-jadx"	"sources\p264s0\AbstractC6965u8.java"	"8451"	".java"
"FkWeChat_1.2.6-jadx"	"sources\p264s0\AbstractC7031z.java"	"2904"	".java"
"FkWeChat_1.2.6-jadx"	"sources\p264s0\C6639a.java"	"3459"	".java"
"FkWeChat_1.2.6-jadx"	"sources\p264s0\C6656b0.java"	"1468"	".java"
"FkWeChat_1.2.6-jadx"	"sources\p264s0\C6664b8.java"	"12836"	".java"
"FkWeChat_1.2.6-jadx"	"sources\p264s0\C6672c0.java"	"2172"	".java"
"FkWeChat_1.2.6-jadx"	"sources\p264s0\C6673c1.java"	"20744"	".java"
"FkWeChat_1.2.6-jadx"	"sources\p264s0\C6678c6.java"	"2464"	".java"
"FkWeChat_1.2.6-jadx"	"sources\p264s0\C6680c8.java"	"1920"	".java"
"FkWeChat_1.2.6-jadx"	"sources\p264s0\C6686ce.java"	"4570"	".java"
"FkWeChat_1.2.6-jadx"	"sources\p264s0\C6696d8.java"	"593"	".java"
"FkWeChat_1.2.6-jadx"	"sources\p264s0\C6709e5.java"	"821"	".java"
"FkWeChat_1.2.6-jadx"	"sources\p264s0\C6718ee.java"	"1125"	".java"
"FkWeChat_1.2.6-jadx"	"sources\p264s0\C6722f2.java"	"2030"	".java"
"FkWeChat_1.2.6-jadx"	"sources\p264s0\C6737g1.java"	"611"	".java"
"FkWeChat_1.2.6-jadx"	"sources\p264s0\C6741g5.java"	"2834"	".java"
"FkWeChat_1.2.6-jadx"	"sources\p264s0\C6744g8.java"	"2971"	".java"
"FkWeChat_1.2.6-jadx"	"sources\p264s0\C6753h1.java"	"19108"	".java"
"FkWeChat_1.2.6-jadx"	"sources\p264s0\C6756h4.java"	"5992"	".java"
"FkWeChat_1.2.6-jadx"	"sources\p264s0\C6757h5.java"	"5577"	".java"
"FkWeChat_1.2.6-jadx"	"sources\p264s0\C6758h6.java"	"2115"	".java"
"FkWeChat_1.2.6-jadx"	"sources\p264s0\C6760h8.java"	"1094"	".java"
"FkWeChat_1.2.6-jadx"	"sources\p264s0\C6766he.java"	"3114"	".java"
"FkWeChat_1.2.6-jadx"	"sources\p264s0\C6767i.java"	"15547"	".java"
"FkWeChat_1.2.6-jadx"	"sources\p264s0\C6772i4.java"	"2896"	".java"
"FkWeChat_1.2.6-jadx"	"sources\p264s0\C6782ie.java"	"5289"	".java"
"FkWeChat_1.2.6-jadx"	"sources\p264s0\C6790j6.java"	"3607"	".java"
"FkWeChat_1.2.6-jadx"	"sources\p264s0\C6813kd.java"	"2621"	".java"
"FkWeChat_1.2.6-jadx"	"sources\p264s0\C6814ke.java"	"13490"	".java"
"FkWeChat_1.2.6-jadx"	"sources\p264s0\C6816l0.java"	"2172"	".java"
"FkWeChat_1.2.6-jadx"	"sources\p264s0\C6817l1.java"	"42229"	".java"
"FkWeChat_1.2.6-jadx"	"sources\p264s0\C6833m1.java"	"6337"	".java"
"FkWeChat_1.2.6-jadx"	"sources\p264s0\C6858na.java"	"3044"	".java"
"FkWeChat_1.2.6-jadx"	"sources\p264s0\C6877od.java"	"4816"	".java"
"FkWeChat_1.2.6-jadx"	"sources\p264s0\C6878oe.java"	"13875"	".java"
"FkWeChat_1.2.6-jadx"	"sources\p264s0\C6896q0.java"	"1690"	".java"
"FkWeChat_1.2.6-jadx"	"sources\p264s0\C6907qb.java"	"4602"	".java"
"FkWeChat_1.2.6-jadx"	"sources\p264s0\C6909qd.java"	"16188"	".java"
"FkWeChat_1.2.6-jadx"	"sources\p264s0\C6912r0.java"	"9957"	".java"
"FkWeChat_1.2.6-jadx"	"sources\p264s0\C6920r8.java"	"3883"	".java"
"FkWeChat_1.2.6-jadx"	"sources\p264s0\C6927s0.java"	"2476"	".java"
"FkWeChat_1.2.6-jadx"	"sources\p264s0\C6931s4.java"	"1581"	".java"
"FkWeChat_1.2.6-jadx"	"sources\p264s0\C6935s8.java"	"4965"	".java"
"FkWeChat_1.2.6-jadx"	"sources\p264s0\C6938sb.java"	"14751"	".java"
"FkWeChat_1.2.6-jadx"	"sources\p264s0\C6940sd.java"	"3517"	".java"
"FkWeChat_1.2.6-jadx"	"sources\p264s0\C6946t4.java"	"367"	".java"
"FkWeChat_1.2.6-jadx"	"sources\p264s0\C6949t7.java"	"3303"	".java"
"FkWeChat_1.2.6-jadx"	"sources\p264s0\C6952ta.java"	"4998"	".java"
"FkWeChat_1.2.6-jadx"	"sources\p264s0\C6964u7.java"	"2780"	".java"
"FkWeChat_1.2.6-jadx"	"sources\p264s0\C6967ua.java"	"8664"	".java"
"FkWeChat_1.2.6-jadx"	"sources\p264s0\C6968ub.java"	"4648"	".java"
"FkWeChat_1.2.6-jadx"	"sources\p264s0\C6977v5.java"	"2830"	".java"
"FkWeChat_1.2.6-jadx"	"sources\p264s0\C6991w4.java"	"4459"	".java"
"FkWeChat_1.2.6-jadx"	"sources\p264s0\C6995w8.java"	"4120"	".java"
"FkWeChat_1.2.6-jadx"	"sources\p264s0\C7006x4.java"	"2568"	".java"
"FkWeChat_1.2.6-jadx"	"sources\p264s0\C7010x8.java"	"3980"	".java"
"FkWeChat_1.2.6-jadx"	"sources\p264s0\C7018y1.java"	"5518"	".java"
"FkWeChat_1.2.6-jadx"	"sources\p264s0\C7021y4.java"	"1197"	".java"
"FkWeChat_1.2.6-jadx"	"sources\p264s0\C7032z0.java"	"4977"	".java"
"FkWeChat_1.2.6-jadx"	"sources\p264s0\C7033z1.java"	"10957"	".java"
"FkWeChat_1.2.6-jadx"	"sources\p264s0\C7039z7.java"	"4096"	".java"
"FkWeChat_1.2.6-jadx"	"sources\p264s0\C7042za.java"	"18004"	".java"
"FkWeChat_1.2.6-jadx"	"sources\p264s0\EnumC6872o8.java"	"1944"	".java"
"FkWeChat_1.2.6-jadx"	"sources\p264s0\EnumC6947t5.java"	"1566"	".java"
"FkWeChat_1.2.6-jadx"	"sources\p264s0\EnumC7024y7.java"	"1690"	".java"
"FkWeChat_1.2.6-jadx"	"sources\p264s0\EnumC7025y8.java"	"1557"	".java"
"FkWeChat_1.2.6-jadx"	"sources\p264s0\InterfaceC6640a0.java"	"417"	".java"
"FkWeChat_1.2.6-jadx"	"sources\p264s0\InterfaceC6702de.java"	"524"	".java"
"FkWeChat_1.2.6-jadx"	"sources\p264s0\InterfaceC6706e2.java"	"982"	".java"
"FkWeChat_1.2.6-jadx"	"sources\p264s0\InterfaceC6708e4.java"	"888"	".java"
"FkWeChat_1.2.6-jadx"	"sources\p264s0\InterfaceC6731fb.java"	"248"	".java"
"FkWeChat_1.2.6-jadx"	"sources\p264s0\InterfaceC6734fe.java"	"1197"	".java"
"FkWeChat_1.2.6-jadx"	"sources\p264s0\InterfaceC6806k6.java"	"4373"	".java"
"FkWeChat_1.2.6-jadx"	"sources\p264s0\InterfaceC6829ld.java"	"701"	".java"
"FkWeChat_1.2.6-jadx"	"sources\p264s0\InterfaceC6830le.java"	"318"	".java"
"FkWeChat_1.2.6-jadx"	"sources\p264s0\InterfaceC6862ne.java"	"248"	".java"
"FkWeChat_1.2.6-jadx"	"sources\p264s0\InterfaceC6888p8.java"	"465"	".java"
"FkWeChat_1.2.6-jadx"	"sources\p264s0\InterfaceC6980v8.java"	"417"	".java"
"FkWeChat_1.2.6-jadx"	"sources\p265s1\AbstractC7046a.java"	"266"	".java"
"FkWeChat_1.2.6-jadx"	"sources\p265s1\AbstractC7047a0.java"	"268"	".java"
"FkWeChat_1.2.6-jadx"	"sources\p265s1\AbstractC7049a2.java"	"1920"	".java"
"FkWeChat_1.2.6-jadx"	"sources\p265s1\AbstractC7050a3.java"	"1515"	".java"
"FkWeChat_1.2.6-jadx"	"sources\p265s1\AbstractC7051b.java"	"266"	".java"
"FkWeChat_1.2.6-jadx"	"sources\p265s1\AbstractC7052b0.java"	"268"	".java"
"FkWeChat_1.2.6-jadx"	"sources\p265s1\AbstractC7053b1.java"	"552"	".java"
"FkWeChat_1.2.6-jadx"	"sources\p265s1\AbstractC7054b2.java"	"1975"	".java"
"FkWeChat_1.2.6-jadx"	"sources\p265s1\AbstractC7055b3.java"	"1248"	".java"
"FkWeChat_1.2.6-jadx"	"sources\p265s1\AbstractC7056c.java"	"266"	".java"
"FkWeChat_1.2.6-jadx"	"sources\p265s1\AbstractC7057c0.java"	"268"	".java"
"FkWeChat_1.2.6-jadx"	"sources\p265s1\AbstractC7058c1.java"	"365"	".java"
"FkWeChat_1.2.6-jadx"	"sources\p265s1\AbstractC7059c2.java"	"367"	".java"
"FkWeChat_1.2.6-jadx"	"sources\p265s1\AbstractC7060c3.java"	"252"	".java"
"FkWeChat_1.2.6-jadx"	"sources\p265s1\AbstractC7061d.java"	"266"	".java"
"FkWeChat_1.2.6-jadx"	"sources\p265s1\AbstractC7062d0.java"	"4004"	".java"
"FkWeChat_1.2.6-jadx"	"sources\p265s1\AbstractC7066e.java"	"266"	".java"
"FkWeChat_1.2.6-jadx"	"sources\p265s1\AbstractC7070e3.java"	"2545"	".java"
"FkWeChat_1.2.6-jadx"	"sources\p265s1\AbstractC7071f.java"	"266"	".java"
"FkWeChat_1.2.6-jadx"	"sources\p265s1\AbstractC7072f0.java"	"1098"	".java"
"FkWeChat_1.2.6-jadx"	"sources\p265s1\AbstractC7074f2.java"	"3509"	".java"
"FkWeChat_1.2.6-jadx"	"sources\p265s1\AbstractC7075f3.java"	"730"	".java"
"FkWeChat_1.2.6-jadx"	"sources\p265s1\AbstractC7076g.java"	"266"	".java"
"FkWeChat_1.2.6-jadx"	"sources\p265s1\AbstractC7077g0.java"	"816"	".java"
"FkWeChat_1.2.6-jadx"	"sources\p265s1\AbstractC7078g1.java"	"4725"	".java"
"FkWeChat_1.2.6-jadx"	"sources\p265s1\AbstractC7081h.java"	"266"	".java"
"FkWeChat_1.2.6-jadx"	"sources\p265s1\AbstractC7082h0.java"	"493"	".java"
"FkWeChat_1.2.6-jadx"	"sources\p265s1\AbstractC7083h1.java"	"1015"	".java"
"FkWeChat_1.2.6-jadx"	"sources\p265s1\AbstractC7084h2.java"	"473"	".java"
"FkWeChat_1.2.6-jadx"	"sources\p265s1\AbstractC7085h3.java"	"690"	".java"
"FkWeChat_1.2.6-jadx"	"sources\p265s1\AbstractC7086i.java"	"266"	".java"
"FkWeChat_1.2.6-jadx"	"sources\p265s1\AbstractC7087i0.java"	"891"	".java"
"FkWeChat_1.2.6-jadx"	"sources\p265s1\AbstractC7091j.java"	"266"	".java"
"FkWeChat_1.2.6-jadx"	"sources\p265s1\AbstractC7096k.java"	"266"	".java"
"FkWeChat_1.2.6-jadx"	"sources\p265s1\AbstractC7097k0.java"	"268"	".java"
"FkWeChat_1.2.6-jadx"	"sources\p265s1\AbstractC7098k1.java"	"443"	".java"
"FkWeChat_1.2.6-jadx"	"sources\p265s1\AbstractC7099k2.java"	"1069"	".java"
"FkWeChat_1.2.6-jadx"	"sources\p265s1\AbstractC7101l.java"	"266"	".java"
"FkWeChat_1.2.6-jadx"	"sources\p265s1\AbstractC7102l0.java"	"444"	".java"
"FkWeChat_1.2.6-jadx"	"sources\p265s1\AbstractC7104l2.java"	"399"	".java"
"FkWeChat_1.2.6-jadx"	"sources\p265s1\AbstractC7105l3.java"	"1991"	".java"
"FkWeChat_1.2.6-jadx"	"sources\p265s1\AbstractC7106m.java"	"266"	".java"
"FkWeChat_1.2.6-jadx"	"sources\p265s1\AbstractC7108m1.java"	"268"	".java"
"FkWeChat_1.2.6-jadx"	"sources\p265s1\AbstractC7110m3.java"	"1991"	".java"
"FkWeChat_1.2.6-jadx"	"sources\p265s1\AbstractC7111n.java"	"266"	".java"
"FkWeChat_1.2.6-jadx"	"sources\p265s1\AbstractC7112n0.java"	"2100"	".java"
"FkWeChat_1.2.6-jadx"	"sources\p265s1\AbstractC7113n1.java"	"268"	".java"
"FkWeChat_1.2.6-jadx"	"sources\p265s1\AbstractC7115n3.java"	"2258"	".java"
"FkWeChat_1.2.6-jadx"	"sources\p265s1\AbstractC7116o.java"	"266"	".java"
"FkWeChat_1.2.6-jadx"	"sources\p265s1\AbstractC7117o0.java"	"2045"	".java"
"FkWeChat_1.2.6-jadx"	"sources\p265s1\AbstractC7119o2.java"	"699"	".java"
"FkWeChat_1.2.6-jadx"	"sources\p265s1\AbstractC7120o3.java"	"268"	".java"
"FkWeChat_1.2.6-jadx"	"sources\p265s1\AbstractC7121p.java"	"266"	".java"
"FkWeChat_1.2.6-jadx"	"sources\p265s1\AbstractC7123p1.java"	"1413"	".java"
"FkWeChat_1.2.6-jadx"	"sources\p265s1\AbstractC7124p2.java"	"4311"	".java"
"FkWeChat_1.2.6-jadx"	"sources\p265s1\AbstractC7126q.java"	"266"	".java"
"FkWeChat_1.2.6-jadx"	"sources\p265s1\AbstractC7127q0.java"	"7163"	".java"
"FkWeChat_1.2.6-jadx"	"sources\p265s1\AbstractC7129q2.java"	"6987"	".java"
"FkWeChat_1.2.6-jadx"	"sources\p265s1\AbstractC7131r.java"	"266"	".java"
"FkWeChat_1.2.6-jadx"	"sources\p265s1\AbstractC7133r1.java"	"1554"	".java"
"FkWeChat_1.2.6-jadx"	"sources\p265s1\AbstractC7135r3.java"	"486"	".java"
"FkWeChat_1.2.6-jadx"	"sources\p265s1\AbstractC7136s.java"	"266"	".java"
"FkWeChat_1.2.6-jadx"	"sources\p265s1\AbstractC7138s1.java"	"5554"	".java"
"FkWeChat_1.2.6-jadx"	"sources\p265s1\AbstractC7139s2.java"	"1413"	".java"
"FkWeChat_1.2.6-jadx"	"sources\p265s1\AbstractC7141t.java"	"266"	".java"
"FkWeChat_1.2.6-jadx"	"sources\p265s1\AbstractC7142t0.java"	"439"	".java"
"FkWeChat_1.2.6-jadx"	"sources\p265s1\AbstractC7145t3.java"	"268"	".java"
"FkWeChat_1.2.6-jadx"	"sources\p265s1\AbstractC7146u.java"	"266"	".java"
"FkWeChat_1.2.6-jadx"	"sources\p265s1\AbstractC7147u0.java"	"1965"	".java"
"FkWeChat_1.2.6-jadx"	"sources\p265s1\AbstractC7151v.java"	"266"	".java"
"FkWeChat_1.2.6-jadx"	"sources\p265s1\AbstractC7152v0.java"	"3542"	".java"
"FkWeChat_1.2.6-jadx"	"sources\p265s1\AbstractC7154v2.java"	"1541"	".java"
"FkWeChat_1.2.6-jadx"	"sources\p265s1\AbstractC7155w.java"	"266"	".java"
"FkWeChat_1.2.6-jadx"	"sources\p265s1\AbstractC7156w0.java"	"892"	".java"
"FkWeChat_1.2.6-jadx"	"sources\p265s1\AbstractC7159x.java"	"266"	".java"
"FkWeChat_1.2.6-jadx"	"sources\p265s1\AbstractC7161x1.java"	"268"	".java"
"FkWeChat_1.2.6-jadx"	"sources\p265s1\AbstractC7162x2.java"	"1962"	".java"
"FkWeChat_1.2.6-jadx"	"sources\p265s1\AbstractC7163y.java"	"266"	".java"
"FkWeChat_1.2.6-jadx"	"sources\p265s1\AbstractC7164y0.java"	"7876"	".java"
"FkWeChat_1.2.6-jadx"	"sources\p265s1\AbstractC7165y1.java"	"268"	".java"
"FkWeChat_1.2.6-jadx"	"sources\p265s1\AbstractC7166y2.java"	"229"	".java"
"FkWeChat_1.2.6-jadx"	"sources\p265s1\AbstractC7167z.java"	"266"	".java"
"FkWeChat_1.2.6-jadx"	"sources\p265s1\AbstractC7168z0.java"	"8897"	".java"
"FkWeChat_1.2.6-jadx"	"sources\p265s1\C7048a1.java"	"1846"	".java"
"FkWeChat_1.2.6-jadx"	"sources\p265s1\C7063d1.java"	"640"	".java"
"FkWeChat_1.2.6-jadx"	"sources\p265s1\C7065d3.java"	"12169"	".java"
"FkWeChat_1.2.6-jadx"	"sources\p265s1\C7067e0.java"	"7397"	".java"
"FkWeChat_1.2.6-jadx"	"sources\p265s1\C7068e1.java"	"2780"	".java"
"FkWeChat_1.2.6-jadx"	"sources\p265s1\C7069e2.java"	"13406"	".java"
"FkWeChat_1.2.6-jadx"	"sources\p265s1\C7073f1.java"	"6029"	".java"
"FkWeChat_1.2.6-jadx"	"sources\p265s1\C7080g3.java"	"2852"	".java"
"FkWeChat_1.2.6-jadx"	"sources\p265s1\C7092j0.java"	"6334"	".java"
"FkWeChat_1.2.6-jadx"	"sources\p265s1\C7093j1.java"	"447"	".java"
"FkWeChat_1.2.6-jadx"	"sources\p265s1\C7094j2.java"	"3333"	".java"
"FkWeChat_1.2.6-jadx"	"sources\p265s1\C7095j3.java"	"13290"	".java"
"FkWeChat_1.2.6-jadx"	"sources\p265s1\C7100k3.java"	"1668"	".java"
"FkWeChat_1.2.6-jadx"	"sources\p265s1\C7103l1.java"	"2735"	".java"
"FkWeChat_1.2.6-jadx"	"sources\p265s1\C7107m0.java"	"1300"	".java"
"FkWeChat_1.2.6-jadx"	"sources\p265s1\C7109m2.java"	"4160"	".java"
"FkWeChat_1.2.6-jadx"	"sources\p265s1\C7114n2.java"	"16780"	".java"
"FkWeChat_1.2.6-jadx"	"sources\p265s1\C7118o1.java"	"594"	".java"
"FkWeChat_1.2.6-jadx"	"sources\p265s1\C7122p0.java"	"5234"	".java"
"FkWeChat_1.2.6-jadx"	"sources\p265s1\C7125p3.java"	"506"	".java"
"FkWeChat_1.2.6-jadx"	"sources\p265s1\C7128q1.java"	"11018"	".java"
"FkWeChat_1.2.6-jadx"	"sources\p265s1\C7130q3.java"	"2664"	".java"
"FkWeChat_1.2.6-jadx"	"sources\p265s1\C7132r0.java"	"9380"	".java"
"FkWeChat_1.2.6-jadx"	"sources\p265s1\C7137s0.java"	"1784"	".java"
"FkWeChat_1.2.6-jadx"	"sources\p265s1\C7140s3.java"	"1626"	".java"
"FkWeChat_1.2.6-jadx"	"sources\p265s1\C7150u3.java"	"534"	".java"
"FkWeChat_1.2.6-jadx"	"sources\p265s1\C7157w1.java"	"5516"	".java"
"FkWeChat_1.2.6-jadx"	"sources\p265s1\C7160x0.java"	"748"	".java"
"FkWeChat_1.2.6-jadx"	"sources\p265s1\C7169z1.java"	"945"	".java"
"FkWeChat_1.2.6-jadx"	"sources\p265s1\C7170z2.java"	"4176"	".java"
"FkWeChat_1.2.6-jadx"	"sources\p265s1\InterfaceC7064d2.java"	"410"	".java"
"FkWeChat_1.2.6-jadx"	"sources\p265s1\InterfaceC7079g2.java"	"2352"	".java"
"FkWeChat_1.2.6-jadx"	"sources\p265s1\InterfaceC7088i1.java"	"4086"	".java"
"FkWeChat_1.2.6-jadx"	"sources\p265s1\InterfaceC7089i2.java"	"891"	".java"
"FkWeChat_1.2.6-jadx"	"sources\p265s1\InterfaceC7090i3.java"	"440"	".java"
"FkWeChat_1.2.6-jadx"	"sources\p265s1\InterfaceC7134r2.java"	"1973"	".java"
"FkWeChat_1.2.6-jadx"	"sources\p265s1\InterfaceC7143t1.java"	"307"	".java"
"FkWeChat_1.2.6-jadx"	"sources\p265s1\InterfaceC7144t2.java"	"5371"	".java"
"FkWeChat_1.2.6-jadx"	"sources\p265s1\InterfaceC7149u2.java"	"248"	".java"
"FkWeChat_1.2.6-jadx"	"sources\p265s1\InterfaceC7158w2.java"	"513"	".java"
"FkWeChat_1.2.6-jadx"	"sources\p266s2\AbstractC7171a.java"	"491"	".java"
"FkWeChat_1.2.6-jadx"	"sources\p266s2\AbstractC7172b.java"	"266"	".java"
"FkWeChat_1.2.6-jadx"	"sources\p266s2\AbstractC7175e.java"	"2492"	".java"
"FkWeChat_1.2.6-jadx"	"sources\p266s2\AbstractC7178h.java"	"717"	".java"
"FkWeChat_1.2.6-jadx"	"sources\p266s2\AbstractC7179i.java"	"494"	".java"
"FkWeChat_1.2.6-jadx"	"sources\p266s2\AbstractC7180j.java"	"266"	".java"
"FkWeChat_1.2.6-jadx"	"sources\p266s2\C7176f.java"	"1551"	".java"
"FkWeChat_1.2.6-jadx"	"sources\p266s2\C7177g.java"	"6128"	".java"
"FkWeChat_1.2.6-jadx"	"sources\p266s2\C7182l.java"	"1536"	".java"
"FkWeChat_1.2.6-jadx"	"sources\p267s3\AbstractC7184a.java"	"412"	".java"
"FkWeChat_1.2.6-jadx"	"sources\p268s4\C7185a.java"	"2865"	".java"
"FkWeChat_1.2.6-jadx"	"sources\p269s5\C7186a.java"	"7717"	".java"
"FkWeChat_1.2.6-jadx"	"sources\p269s5\C7187b.java"	"10117"	".java"
"FkWeChat_1.2.6-jadx"	"sources\p269s5\C7188c.java"	"17464"	".java"
"FkWeChat_1.2.6-jadx"	"sources\p269s5\InterfaceC7189d.java"	"583"	".java"
"FkWeChat_1.2.6-jadx"	"sources\p269s5\InterfaceC7190e.java"	"444"	".java"
"FkWeChat_1.2.6-jadx"	"sources\p270s6\AbstractC7194d.java"	"749"	".java"
"FkWeChat_1.2.6-jadx"	"sources\p270s6\C7191a.java"	"233"	".java"
"FkWeChat_1.2.6-jadx"	"sources\p270s6\C7193c.java"	"3363"	".java"
"FkWeChat_1.2.6-jadx"	"sources\p271s7\AbstractC7196b.java"	"1250"	".java"
"FkWeChat_1.2.6-jadx"	"sources\p271s7\C7195a.java"	"2676"	".java"
"FkWeChat_1.2.6-jadx"	"sources\p272s8\AbstractC7198b.java"	"428"	".java"
"FkWeChat_1.2.6-jadx"	"sources\p272s8\C7199c.java"	"2784"	".java"
"FkWeChat_1.2.6-jadx"	"sources\p272s8\C7200d.java"	"1314"	".java"
"FkWeChat_1.2.6-jadx"	"sources\p272s8\InterfaceC7197a.java"	"334"	".java"
"FkWeChat_1.2.6-jadx"	"sources\p273s9\AbstractC7201a.java"	"12036"	".java"
"FkWeChat_1.2.6-jadx"	"sources\p273s9\AbstractC7202a0.java"	"1091"	".java"
"FkWeChat_1.2.6-jadx"	"sources\p273s9\AbstractC7203b.java"	"3034"	".java"
"FkWeChat_1.2.6-jadx"	"sources\p273s9\AbstractC7205c.java"	"8269"	".java"
"FkWeChat_1.2.6-jadx"	"sources\p273s9\AbstractC7213g.java"	"9962"	".java"
"FkWeChat_1.2.6-jadx"	"sources\p273s9\AbstractC7215h.java"	"19176"	".java"
"FkWeChat_1.2.6-jadx"	"sources\p273s9\AbstractC7216h0.java"	"2242"	".java"
"FkWeChat_1.2.6-jadx"	"sources\p273s9\AbstractC7219j.java"	"3388"	".java"
"FkWeChat_1.2.6-jadx"	"sources\p273s9\AbstractC7220j0.java"	"13218"	".java"
"FkWeChat_1.2.6-jadx"	"sources\p273s9\AbstractC7225m.java"	"3551"	".java"
"FkWeChat_1.2.6-jadx"	"sources\p273s9\AbstractC7227n.java"	"3812"	".java"
"FkWeChat_1.2.6-jadx"	"sources\p273s9\AbstractC7229o.java"	"3586"	".java"
"FkWeChat_1.2.6-jadx"	"sources\p273s9\AbstractC7237s.java"	"59263"	".java"
"FkWeChat_1.2.6-jadx"	"sources\p273s9\AbstractC7246w0.java"	"5816"	".java"
"FkWeChat_1.2.6-jadx"	"sources\p273s9\AbstractC7248x0.java"	"3599"	".java"
"FkWeChat_1.2.6-jadx"	"sources\p273s9\AbstractC7250z.java"	"2823"	".java"
"FkWeChat_1.2.6-jadx"	"sources\p273s9\C7206c0.java"	"1348"	".java"
"FkWeChat_1.2.6-jadx"	"sources\p273s9\C7207d.java"	"505"	".java"
"FkWeChat_1.2.6-jadx"	"sources\p273s9\C7208d0.java"	"557"	".java"
"FkWeChat_1.2.6-jadx"	"sources\p273s9\C7209e.java"	"603"	".java"
"FkWeChat_1.2.6-jadx"	"sources\p273s9\C7210e0.java"	"473"	".java"
"FkWeChat_1.2.6-jadx"	"sources\p273s9\C7211f.java"	"605"	".java"
"FkWeChat_1.2.6-jadx"	"sources\p273s9\C7212f0.java"	"10136"	".java"
"FkWeChat_1.2.6-jadx"	"sources\p273s9\C7217i.java"	"8598"	".java"
"FkWeChat_1.2.6-jadx"	"sources\p273s9\C7221k.java"	"12885"	".java"
"FkWeChat_1.2.6-jadx"	"sources\p273s9\C7222k0.java"	"31458"	".java"
"FkWeChat_1.2.6-jadx"	"sources\p273s9\C7223l.java"	"2876"	".java"
"FkWeChat_1.2.6-jadx"	"sources\p273s9\C7224l0.java"	"5348"	".java"
"FkWeChat_1.2.6-jadx"	"sources\p273s9\C7228n0.java"	"4290"	".java"
"FkWeChat_1.2.6-jadx"	"sources\p273s9\C7230o0.java"	"10152"	".java"
"FkWeChat_1.2.6-jadx"	"sources\p273s9\C7231p.java"	"856"	".java"
"FkWeChat_1.2.6-jadx"	"sources\p273s9\C7232p0.java"	"2847"	".java"
"FkWeChat_1.2.6-jadx"	"sources\p273s9\C7235r.java"	"845"	".java"
"FkWeChat_1.2.6-jadx"	"sources\p273s9\C7236r0.java"	"676"	".java"
"FkWeChat_1.2.6-jadx"	"sources\p273s9\C7238s0.java"	"12721"	".java"
"FkWeChat_1.2.6-jadx"	"sources\p273s9\C7239t.java"	"2919"	".java"
"FkWeChat_1.2.6-jadx"	"sources\p273s9\C7241u.java"	"465"	".java"
"FkWeChat_1.2.6-jadx"	"sources\p273s9\C7242u0.java"	"11098"	".java"
"FkWeChat_1.2.6-jadx"	"sources\p273s9\C7243v.java"	"482"	".java"
"FkWeChat_1.2.6-jadx"	"sources\p273s9\C7244v0.java"	"497"	".java"
"FkWeChat_1.2.6-jadx"	"sources\p273s9\C7245w.java"	"465"	".java"
"FkWeChat_1.2.6-jadx"	"sources\p273s9\C7247x.java"	"5387"	".java"
"FkWeChat_1.2.6-jadx"	"sources\p273s9\InterfaceC7204b0.java"	"481"	".java"
"FkWeChat_1.2.6-jadx"	"sources\p273s9\InterfaceC7218i0.java"	"1864"	".java"
"FkWeChat_1.2.6-jadx"	"sources\p273s9\InterfaceC7234q0.java"	"412"	".java"
"FkWeChat_1.2.6-jadx"	"sources\p274t\AbstractC7820d2.java"	"1225"	".java"
"FkWeChat_1.2.6-jadx"	"sources\p274t\AbstractC7833f3.java"	"25948"	".java"
"FkWeChat_1.2.6-jadx"	"sources\p274t\AbstractC7834g.java"	"2534"	".java"
"FkWeChat_1.2.6-jadx"	"sources\p274t\AbstractC7835g0.java"	"6294"	".java"
"FkWeChat_1.2.6-jadx"	"sources\p274t\AbstractC7842h2.java"	"2276"	".java"
"FkWeChat_1.2.6-jadx"	"sources\p274t\AbstractC7848i3.java"	"2639"	".java"
"FkWeChat_1.2.6-jadx"	"sources\p274t\AbstractC7869n.java"	"8801"	".java"
"FkWeChat_1.2.6-jadx"	"sources\p274t\AbstractC7872n2.java"	"6731"	".java"
"FkWeChat_1.2.6-jadx"	"sources\p274t\AbstractC7875o0.java"	"250"	".java"
"FkWeChat_1.2.6-jadx"	"sources\p274t\AbstractC7891r1.java"	"3075"	".java"
"FkWeChat_1.2.6-jadx"	"sources\p274t\AbstractC7903t3.java"	"1480"	".java"
"FkWeChat_1.2.6-jadx"	"sources\p274t\AbstractC7905u0.java"	"29106"	".java"
"FkWeChat_1.2.6-jadx"	"sources\p274t\AbstractC7910v0.java"	"4814"	".java"
"FkWeChat_1.2.6-jadx"	"sources\p274t\AbstractC7911v1.java"	"3021"	".java"
"FkWeChat_1.2.6-jadx"	"sources\p274t\AbstractC7912v2.java"	"1871"	".java"
"FkWeChat_1.2.6-jadx"	"sources\p274t\AbstractC7913v3.java"	"7627"	".java"
"FkWeChat_1.2.6-jadx"	"sources\p274t\AbstractC7918w3.java"	"5896"	".java"
"FkWeChat_1.2.6-jadx"	"sources\p274t\AbstractC7922x2.java"	"8910"	".java"
"FkWeChat_1.2.6-jadx"	"sources\p274t\AbstractC7923x3.java"	"5261"	".java"
"FkWeChat_1.2.6-jadx"	"sources\p274t\AbstractC7928y3.java"	"1914"	".java"
"FkWeChat_1.2.6-jadx"	"sources\p274t\AbstractC7929z.java"	"2415"	".java"
"FkWeChat_1.2.6-jadx"	"sources\p274t\AbstractC7930z0.java"	"250"	".java"
"FkWeChat_1.2.6-jadx"	"sources\p274t\AbstractC7932z2.java"	"2411"	".java"
"FkWeChat_1.2.6-jadx"	"sources\p274t\C7799a.java"	"2927"	".java"
"FkWeChat_1.2.6-jadx"	"sources\p274t\C7802a2.java"	"1398"	".java"
"FkWeChat_1.2.6-jadx"	"sources\p274t\C7806b0.java"	"6044"	".java"
"FkWeChat_1.2.6-jadx"	"sources\p274t\C7808b2.java"	"3005"	".java"
"FkWeChat_1.2.6-jadx"	"sources\p274t\C7809b3.java"	"5955"	".java"
"FkWeChat_1.2.6-jadx"	"sources\p274t\C7816c4.java"	"7953"	".java"
"FkWeChat_1.2.6-jadx"	"sources\p274t\C7818d0.java"	"1160"	".java"
"FkWeChat_1.2.6-jadx"	"sources\p274t\C7821d3.java"	"883"	".java"
"FkWeChat_1.2.6-jadx"	"sources\p274t\C7823e.java"	"27738"	".java"
"FkWeChat_1.2.6-jadx"	"sources\p274t\C7824e0.java"	"502"	".java"
"FkWeChat_1.2.6-jadx"	"sources\p274t\C7826e2.java"	"4138"	".java"
"FkWeChat_1.2.6-jadx"	"sources\p274t\C7827e3.java"	"5761"	".java"
"FkWeChat_1.2.6-jadx"	"sources\p274t\C7828e4.java"	"3693"	".java"
"FkWeChat_1.2.6-jadx"	"sources\p274t\C7829f.java"	"4066"	".java"
"FkWeChat_1.2.6-jadx"	"sources\p274t\C7830f0.java"	"1397"	".java"
"FkWeChat_1.2.6-jadx"	"sources\p274t\C7831f1.java"	"1940"	".java"
"FkWeChat_1.2.6-jadx"	"sources\p274t\C7837g2.java"	"2822"	".java"
"FkWeChat_1.2.6-jadx"	"sources\p274t\C7841h1.java"	"776"	".java"
"FkWeChat_1.2.6-jadx"	"sources\p274t\C7843h3.java"	"9123"	".java"
"FkWeChat_1.2.6-jadx"	"sources\p274t\C7844i.java"	"8230"	".java"
"FkWeChat_1.2.6-jadx"	"sources\p274t\C7845i0.java"	"2504"	".java"
"FkWeChat_1.2.6-jadx"	"sources\p274t\C7846i1.java"	"2831"	".java"
"FkWeChat_1.2.6-jadx"	"sources\p274t\C7847i2.java"	"6049"	".java"
"FkWeChat_1.2.6-jadx"	"sources\p274t\C7849j.java"	"3889"	".java"
"FkWeChat_1.2.6-jadx"	"sources\p274t\C7850j0.java"	"4689"	".java"
"FkWeChat_1.2.6-jadx"	"sources\p274t\C7851j1.java"	"1228"	".java"
"FkWeChat_1.2.6-jadx"	"sources\p274t\C7854k.java"	"1475"	".java"
"FkWeChat_1.2.6-jadx"	"sources\p274t\C7858k3.java"	"1381"	".java"
"FkWeChat_1.2.6-jadx"	"sources\p274t\C7860l0.java"	"3511"	".java"
"FkWeChat_1.2.6-jadx"	"sources\p274t\C7863l3.java"	"2407"	".java"
"FkWeChat_1.2.6-jadx"	"sources\p274t\C7865m0.java"	"2259"	".java"
"FkWeChat_1.2.6-jadx"	"sources\p274t\C7866m1.java"	"4611"	".java"
"FkWeChat_1.2.6-jadx"	"sources\p274t\C7868m3.java"	"3295"	".java"
"FkWeChat_1.2.6-jadx"	"sources\p274t\C7870n0.java"	"6315"	".java"
"FkWeChat_1.2.6-jadx"	"sources\p274t\C7871n1.java"	"2420"	".java"
"FkWeChat_1.2.6-jadx"	"sources\p274t\C7876o1.java"	"1862"	".java"
"FkWeChat_1.2.6-jadx"	"sources\p274t\C7878o3.java"	"4956"	".java"
"FkWeChat_1.2.6-jadx"	"sources\p274t\C7881p1.java"	"3779"	".java"
"FkWeChat_1.2.6-jadx"	"sources\p274t\C7882p2.java"	"3665"	".java"
"FkWeChat_1.2.6-jadx"	"sources\p274t\C7883p3.java"	"2401"	".java"
"FkWeChat_1.2.6-jadx"	"sources\p274t\C7886q1.java"	"2254"	".java"
"FkWeChat_1.2.6-jadx"	"sources\p274t\C7889r.java"	"7197"	".java"
"FkWeChat_1.2.6-jadx"	"sources\p274t\C7892r2.java"	"3391"	".java"
"FkWeChat_1.2.6-jadx"	"sources\p274t\C7896s1.java"	"10169"	".java"
"FkWeChat_1.2.6-jadx"	"sources\p274t\C7897s2.java"	"2794"	".java"
"FkWeChat_1.2.6-jadx"	"sources\p274t\C7898s3.java"	"14072"	".java"
"FkWeChat_1.2.6-jadx"	"sources\p274t\C7899t.java"	"1971"	".java"
"FkWeChat_1.2.6-jadx"	"sources\p274t\C7907u2.java"	"3086"	".java"
"FkWeChat_1.2.6-jadx"	"sources\p274t\C7916w1.java"	"3770"	".java"
"FkWeChat_1.2.6-jadx"	"sources\p274t\C7921x1.java"	"2247"	".java"
"FkWeChat_1.2.6-jadx"	"sources\p274t\C7924y.java"	"2327"	".java"
"FkWeChat_1.2.6-jadx"	"sources\p274t\C7925y0.java"	"11327"	".java"
"FkWeChat_1.2.6-jadx"	"sources\p274t\C7927y2.java"	"2852"	".java"
"FkWeChat_1.2.6-jadx"	"sources\p274t\C7931z1.java"	"3070"	".java"
"FkWeChat_1.2.6-jadx"	"sources\p274t\EnumC7840h0.java"	"1687"	".java"
"FkWeChat_1.2.6-jadx"	"sources\p274t\EnumC7901t1.java"	"1551"	".java"
"FkWeChat_1.2.6-jadx"	"sources\p274t\EnumC7926y1.java"	"1563"	".java"
"FkWeChat_1.2.6-jadx"	"sources\p274t\InterfaceC7807b1.java"	"4510"	".java"
"FkWeChat_1.2.6-jadx"	"sources\p274t\InterfaceC7812c0.java"	"1119"	".java"
"FkWeChat_1.2.6-jadx"	"sources\p274t\InterfaceC7815c3.java"	"959"	".java"
"FkWeChat_1.2.6-jadx"	"sources\p274t\InterfaceC7836g1.java"	"271"	".java"
"FkWeChat_1.2.6-jadx"	"sources\p274t\InterfaceC7887q2.java"	"3371"	".java"
"FkWeChat_1.2.6-jadx"	"sources\p274t\InterfaceC7888q3.java"	"1118"	".java"
"FkWeChat_1.2.6-jadx"	"sources\p274t\InterfaceC7894s.java"	"445"	".java"
"FkWeChat_1.2.6-jadx"	"sources\p274t\InterfaceC7917w2.java"	"1541"	".java"
"FkWeChat_1.2.6-jadx"	"sources\p274t\InterfaceC7919x.java"	"329"	".java"
"FkWeChat_1.2.6-jadx"	"sources\p274t\RunnableC7856k1.java"	"3417"	".java"
"FkWeChat_1.2.6-jadx"	"sources\p275t0\AbstractC7936a1.java"	"1474"	".java"
"FkWeChat_1.2.6-jadx"	"sources\p275t0\AbstractC7940b1.java"	"630"	".java"
"FkWeChat_1.2.6-jadx"	"sources\p275t0\AbstractC7951e0.java"	"1878"	".java"
"FkWeChat_1.2.6-jadx"	"sources\p275t0\AbstractC7959g0.java"	"1149"	".java"
"FkWeChat_1.2.6-jadx"	"sources\p275t0\AbstractC7962h.java"	"12835"	".java"
"FkWeChat_1.2.6-jadx"	"sources\p275t0\AbstractC7963h0.java"	"1286"	".java"
"FkWeChat_1.2.6-jadx"	"sources\p275t0\AbstractC7975k0.java"	"1643"	".java"
"FkWeChat_1.2.6-jadx"	"sources\p275t0\AbstractC7976k1.java"	"819"	".java"
"FkWeChat_1.2.6-jadx"	"sources\p275t0\AbstractC7980l1.java"	"2446"	".java"
"FkWeChat_1.2.6-jadx"	"sources\p275t0\AbstractC7983m1.java"	"1181"	".java"
"FkWeChat_1.2.6-jadx"	"sources\p275t0\AbstractC7986n1.java"	"394"	".java"
"FkWeChat_1.2.6-jadx"	"sources\p275t0\AbstractC7987o.java"	"5813"	".java"
"FkWeChat_1.2.6-jadx"	"sources\p275t0\AbstractC7994q0.java"	"498"	".java"
"FkWeChat_1.2.6-jadx"	"sources\p275t0\AbstractC7997r0.java"	"4853"	".java"
"FkWeChat_1.2.6-jadx"	"sources\p275t0\AbstractC8009v0.java"	"2145"	".java"
"FkWeChat_1.2.6-jadx"	"sources\p275t0\AccessibilityManagerAccessibilityStateChangeListenerC7944c1.java"	"10150"	".java"
"FkWeChat_1.2.6-jadx"	"sources\p275t0\C7943c0.java"	"1599"	".java"
"FkWeChat_1.2.6-jadx"	"sources\p275t0\C7947d0.java"	"2147"	".java"
"FkWeChat_1.2.6-jadx"	"sources\p275t0\C7948d1.java"	"2701"	".java"
"FkWeChat_1.2.6-jadx"	"sources\p275t0\C7949d2.java"	"1567"	".java"
"FkWeChat_1.2.6-jadx"	"sources\p275t0\C7952e1.java"	"1887"	".java"
"FkWeChat_1.2.6-jadx"	"sources\p275t0\C7953e2.java"	"1567"	".java"
"FkWeChat_1.2.6-jadx"	"sources\p275t0\C7955f0.java"	"7432"	".java"
"FkWeChat_1.2.6-jadx"	"sources\p275t0\C7956f1.java"	"1955"	".java"
"FkWeChat_1.2.6-jadx"	"sources\p275t0\C7957f2.java"	"1567"	".java"
"FkWeChat_1.2.6-jadx"	"sources\p275t0\C7960g1.java"	"2885"	".java"
"FkWeChat_1.2.6-jadx"	"sources\p275t0\C7961g2.java"	"2026"	".java"
"FkWeChat_1.2.6-jadx"	"sources\p275t0\C7964h1.java"	"339"	".java"
"FkWeChat_1.2.6-jadx"	"sources\p275t0\C7965h2.java"	"1567"	".java"
"FkWeChat_1.2.6-jadx"	"sources\p275t0\C7967i0.java"	"2643"	".java"
"FkWeChat_1.2.6-jadx"	"sources\p275t0\C7973j2.java"	"1830"	".java"
"FkWeChat_1.2.6-jadx"	"sources\p275t0\C7977k2.java"	"1762"	".java"
"FkWeChat_1.2.6-jadx"	"sources\p275t0\C7985n0.java"	"2437"	".java"
"FkWeChat_1.2.6-jadx"	"sources\p275t0\C7988o0.java"	"2885"	".java"
"FkWeChat_1.2.6-jadx"	"sources\p275t0\C7990p.java"	"2069"	".java"
"FkWeChat_1.2.6-jadx"	"sources\p275t0\C7991p0.java"	"1748"	".java"
"FkWeChat_1.2.6-jadx"	"sources\p275t0\C7993q.java"	"1816"	".java"
"FkWeChat_1.2.6-jadx"	"sources\p275t0\C7996r.java"	"568"	".java"
"FkWeChat_1.2.6-jadx"	"sources\p275t0\C8003t0.java"	"6673"	".java"
"FkWeChat_1.2.6-jadx"	"sources\p275t0\C8006u0.java"	"1455"	".java"
"FkWeChat_1.2.6-jadx"	"sources\p275t0\C8015x0.java"	"4210"	".java"
"FkWeChat_1.2.6-jadx"	"sources\p275t0\C8018y0.java"	"7304"	".java"
"FkWeChat_1.2.6-jadx"	"sources\p275t0\EnumC7969i2.java"	"1561"	".java"
"FkWeChat_1.2.6-jadx"	"sources\p275t0\EnumC8021z0.java"	"1705"	".java"
"FkWeChat_1.2.6-jadx"	"sources\p275t0\InterfaceC8012w0.java"	"269"	".java"
"FkWeChat_1.2.6-jadx"	"sources\p276t1\AbstractC8023a.java"	"3045"	".java"
"FkWeChat_1.2.6-jadx"	"sources\p276t1\AbstractC8025b.java"	"2525"	".java"
"FkWeChat_1.2.6-jadx"	"sources\p276t1\AbstractC8027c.java"	"3539"	".java"
"FkWeChat_1.2.6-jadx"	"sources\p276t1\AbstractC8029d.java"	"9765"	".java"
"FkWeChat_1.2.6-jadx"	"sources\p276t1\AbstractC8038h0.java"	"398"	".java"
"FkWeChat_1.2.6-jadx"	"sources\p276t1\AbstractC8045m.java"	"1316"	".java"
"FkWeChat_1.2.6-jadx"	"sources\p276t1\AbstractC8050r.java"	"1727"	".java"
"FkWeChat_1.2.6-jadx"	"sources\p276t1\C8034f0.java"	"25021"	".java"
"FkWeChat_1.2.6-jadx"	"sources\p276t1\C8036g0.java"	"5000"	".java"
"FkWeChat_1.2.6-jadx"	"sources\p276t1\C8040i0.java"	"1551"	".java"
"FkWeChat_1.2.6-jadx"	"sources\p276t1\C8042j0.java"	"2098"	".java"
"FkWeChat_1.2.6-jadx"	"sources\p276t1\C8043k.java"	"15044"	".java"
"FkWeChat_1.2.6-jadx"	"sources\p276t1\C8044l.java"	"9522"	".java"
"FkWeChat_1.2.6-jadx"	"sources\p276t1\C8047o.java"	"2265"	".java"
"FkWeChat_1.2.6-jadx"	"sources\p276t1\C8048p.java"	"3948"	".java"
"FkWeChat_1.2.6-jadx"	"sources\p276t1\C8049q.java"	"5308"	".java"
"FkWeChat_1.2.6-jadx"	"sources\p276t1\InterfaceC8046n.java"	"318"	".java"
"FkWeChat_1.2.6-jadx"	"sources\p277t2\AbstractC8070f0.java"	"29481"	".java"
"FkWeChat_1.2.6-jadx"	"sources\p277t2\AbstractC8078j0.java"	"381"	".java"
"FkWeChat_1.2.6-jadx"	"sources\p277t2\AbstractC8088q.java"	"1013"	".java"
"FkWeChat_1.2.6-jadx"	"sources\p277t2\AbstractC8090s.java"	"1330"	".java"
"FkWeChat_1.2.6-jadx"	"sources\p277t2\AbstractC8093v.java"	"1426"	".java"
"FkWeChat_1.2.6-jadx"	"sources\p277t2\AbstractC8097z.java"	"422"	".java"
"FkWeChat_1.2.6-jadx"	"sources\p277t2\C8059a.java"	"1622"	".java"
"FkWeChat_1.2.6-jadx"	"sources\p277t2\C8061b.java"	"3928"	".java"
"FkWeChat_1.2.6-jadx"	"sources\p277t2\C8063c.java"	"3352"	".java"
"FkWeChat_1.2.6-jadx"	"sources\p277t2\C8064c0.java"	"21887"	".java"
"FkWeChat_1.2.6-jadx"	"sources\p277t2\C8065d.java"	"1290"	".java"
"FkWeChat_1.2.6-jadx"	"sources\p277t2\C8066d0.java"	"2426"	".java"
"FkWeChat_1.2.6-jadx"	"sources\p277t2\C8067e.java"	"1149"	".java"
"FkWeChat_1.2.6-jadx"	"sources\p277t2\C8068e0.java"	"1168"	".java"
"FkWeChat_1.2.6-jadx"	"sources\p277t2\C8069f.java"	"1583"	".java"
"FkWeChat_1.2.6-jadx"	"sources\p277t2\C8071g.java"	"511"	".java"
"FkWeChat_1.2.6-jadx"	"sources\p277t2\C8072g0.java"	"3032"	".java"
"FkWeChat_1.2.6-jadx"	"sources\p277t2\C8073h.java"	"2562"	".java"
"FkWeChat_1.2.6-jadx"	"sources\p277t2\C8075i.java"	"1236"	".java"
"FkWeChat_1.2.6-jadx"	"sources\p277t2\C8077j.java"	"2852"	".java"
"FkWeChat_1.2.6-jadx"	"sources\p277t2\C8079k.java"	"4355"	".java"
"FkWeChat_1.2.6-jadx"	"sources\p277t2\C8081l.java"	"1236"	".java"
"FkWeChat_1.2.6-jadx"	"sources\p277t2\C8083m.java"	"1614"	".java"
"FkWeChat_1.2.6-jadx"	"sources\p277t2\C8084m0.java"	"889"	".java"
"FkWeChat_1.2.6-jadx"	"sources\p277t2\C8085n.java"	"1530"	".java"
"FkWeChat_1.2.6-jadx"	"sources\p277t2\C8086o.java"	"9466"	".java"
"FkWeChat_1.2.6-jadx"	"sources\p277t2\C8087p.java"	"15066"	".java"
"FkWeChat_1.2.6-jadx"	"sources\p277t2\C8094w.java"	"31820"	".java"
"FkWeChat_1.2.6-jadx"	"sources\p277t2\C8096y.java"	"764"	".java"
"FkWeChat_1.2.6-jadx"	"sources\p277t2\InterfaceC8074h0.java"	"335"	".java"
"FkWeChat_1.2.6-jadx"	"sources\p277t2\InterfaceC8076i0.java"	"575"	".java"
"FkWeChat_1.2.6-jadx"	"sources\p277t2\InterfaceC8089r.java"	"592"	".java"
"FkWeChat_1.2.6-jadx"	"sources\p277t2\InterfaceC8091t.java"	"352"	".java"
"FkWeChat_1.2.6-jadx"	"sources\p277t2\InterfaceC8092u.java"	"368"	".java"
"FkWeChat_1.2.6-jadx"	"sources\p278t3\AbstractC8099b.java"	"5015"	".java"
"FkWeChat_1.2.6-jadx"	"sources\p278t3\AbstractC8100c.java"	"863"	".java"
"FkWeChat_1.2.6-jadx"	"sources\p278t3\AbstractC8101d.java"	"2197"	".java"
"FkWeChat_1.2.6-jadx"	"sources\p278t3\AbstractC8105h.java"	"1722"	".java"
"FkWeChat_1.2.6-jadx"	"sources\p278t3\C8098a.java"	"745"	".java"
"FkWeChat_1.2.6-jadx"	"sources\p278t3\C8102e.java"	"1681"	".java"
"FkWeChat_1.2.6-jadx"	"sources\p278t3\C8104g.java"	"1044"	".java"
"FkWeChat_1.2.6-jadx"	"sources\p278t3\InterfaceC8103f.java"	"364"	".java"
"FkWeChat_1.2.6-jadx"	"sources\p279t4\C8106a.java"	"1609"	".java"
"FkWeChat_1.2.6-jadx"	"sources\p279t4\C8109d.java"	"1584"	".java"
"FkWeChat_1.2.6-jadx"	"sources\p279t4\InterfaceC8108c.java"	"1706"	".java"
"FkWeChat_1.2.6-jadx"	"sources\p280t5\AbstractC8125p.java"	"1389"	".java"
"FkWeChat_1.2.6-jadx"	"sources\p280t5\AbstractC8127r.java"	"817"	".java"
"FkWeChat_1.2.6-jadx"	"sources\p280t5\AbstractC8131v.java"	"4483"	".java"
"FkWeChat_1.2.6-jadx"	"sources\p280t5\C8110a.java"	"1900"	".java"
"FkWeChat_1.2.6-jadx"	"sources\p280t5\C8112c.java"	"7395"	".java"
"FkWeChat_1.2.6-jadx"	"sources\p280t5\C8113d.java"	"2975"	".java"
"FkWeChat_1.2.6-jadx"	"sources\p280t5\C8114e.java"	"7185"	".java"
"FkWeChat_1.2.6-jadx"	"sources\p280t5\C8116g.java"	"2556"	".java"
"FkWeChat_1.2.6-jadx"	"sources\p280t5\C8118i.java"	"4096"	".java"
"FkWeChat_1.2.6-jadx"	"sources\p280t5\C8119j.java"	"3264"	".java"
"FkWeChat_1.2.6-jadx"	"sources\p280t5\C8120k.java"	"4496"	".java"
"FkWeChat_1.2.6-jadx"	"sources\p280t5\C8121l.java"	"5299"	".java"
"FkWeChat_1.2.6-jadx"	"sources\p280t5\C8123n.java"	"7376"	".java"
"FkWeChat_1.2.6-jadx"	"sources\p280t5\C8124o.java"	"4161"	".java"
"FkWeChat_1.2.6-jadx"	"sources\p280t5\C8128s.java"	"18360"	".java"
"FkWeChat_1.2.6-jadx"	"sources\p280t5\C8130u.java"	"422"	".java"
"FkWeChat_1.2.6-jadx"	"sources\p280t5\C8132w.java"	"19155"	".java"
"FkWeChat_1.2.6-jadx"	"sources\p281t6\AbstractC8135a0.java"	"1349"	".java"
"FkWeChat_1.2.6-jadx"	"sources\p281t6\AbstractC8136b.java"	"6290"	".java"
"FkWeChat_1.2.6-jadx"	"sources\p281t6\AbstractC8142e.java"	"1525"	".java"
"FkWeChat_1.2.6-jadx"	"sources\p281t6\AbstractC8149h0.java"	"1287"	".java"
"FkWeChat_1.2.6-jadx"	"sources\p281t6\AbstractC8150i.java"	"3871"	".java"
"FkWeChat_1.2.6-jadx"	"sources\p281t6\AbstractC8153j0.java"	"4256"	".java"
"FkWeChat_1.2.6-jadx"	"sources\p281t6\AbstractC8160n.java"	"3193"	".java"
"FkWeChat_1.2.6-jadx"	"sources\p281t6\AbstractC8162o.java"	"2996"	".java"
"FkWeChat_1.2.6-jadx"	"sources\p281t6\AbstractC8168u.java"	"7479"	".java"
"FkWeChat_1.2.6-jadx"	"sources\p281t6\AbstractC8170w.java"	"467"	".java"
"FkWeChat_1.2.6-jadx"	"sources\p281t6\C8134a.java"	"466"	".java"
"FkWeChat_1.2.6-jadx"	"sources\p281t6\C8137b0.java"	"784"	".java"
"FkWeChat_1.2.6-jadx"	"sources\p281t6\C8138c.java"	"3016"	".java"
"FkWeChat_1.2.6-jadx"	"sources\p281t6\C8139c0.java"	"785"	".java"
"FkWeChat_1.2.6-jadx"	"sources\p281t6\C8140d.java"	"15889"	".java"
"FkWeChat_1.2.6-jadx"	"sources\p281t6\C8145f0.java"	"520"	".java"
"FkWeChat_1.2.6-jadx"	"sources\p281t6\C8147g0.java"	"615"	".java"
"FkWeChat_1.2.6-jadx"	"sources\p281t6\C8151i0.java"	"664"	".java"
"FkWeChat_1.2.6-jadx"	"sources\p281t6\C8152j.java"	"1454"	".java"
"FkWeChat_1.2.6-jadx"	"sources\p281t6\C8154k.java"	"1638"	".java"
"FkWeChat_1.2.6-jadx"	"sources\p281t6\C8156l.java"	"2804"	".java"
"FkWeChat_1.2.6-jadx"	"sources\p281t6\C8157l0.java"	"439"	".java"
"FkWeChat_1.2.6-jadx"	"sources\p281t6\C8158m.java"	"2298"	".java"
"FkWeChat_1.2.6-jadx"	"sources\p281t6\C8159m0.java"	"4115"	".java"
"FkWeChat_1.2.6-jadx"	"sources\p281t6\C8161n0.java"	"532"	".java"
"FkWeChat_1.2.6-jadx"	"sources\p281t6\C8164q.java"	"1092"	".java"
"FkWeChat_1.2.6-jadx"	"sources\p281t6\C8165r.java"	"608"	".java"
"FkWeChat_1.2.6-jadx"	"sources\p281t6\C8169v.java"	"13265"	".java"
"FkWeChat_1.2.6-jadx"	"sources\p281t6\C8171x.java"	"4388"	".java"
"FkWeChat_1.2.6-jadx"	"sources\p281t6\C8172y.java"	"3858"	".java"
"FkWeChat_1.2.6-jadx"	"sources\p281t6\C8173z.java"	"16020"	".java"
"FkWeChat_1.2.6-jadx"	"sources\p281t6\InterfaceC8141d0.java"	"1462"	".java"
"FkWeChat_1.2.6-jadx"	"sources\p281t6\InterfaceC8143e0.java"	"337"	".java"
"FkWeChat_1.2.6-jadx"	"sources\p281t6\InterfaceC8155k0.java"	"399"	".java"
"FkWeChat_1.2.6-jadx"	"sources\p281t6\InterfaceC8163p.java"	"1691"	".java"
"FkWeChat_1.2.6-jadx"	"sources\p282t7\AbstractC8175a0.java"	"614"	".java"
"FkWeChat_1.2.6-jadx"	"sources\p282t7\AbstractC8177b0.java"	"4693"	".java"
"FkWeChat_1.2.6-jadx"	"sources\p282t7\AbstractC8178c.java"	"1706"	".java"
"FkWeChat_1.2.6-jadx"	"sources\p282t7\AbstractC8179c0.java"	"1651"	".java"
"FkWeChat_1.2.6-jadx"	"sources\p282t7\AbstractC8180d.java"	"650"	".java"
"FkWeChat_1.2.6-jadx"	"sources\p282t7\AbstractC8187k.java"	"399"	".java"
"FkWeChat_1.2.6-jadx"	"sources\p282t7\AbstractC8188l.java"	"568"	".java"
"FkWeChat_1.2.6-jadx"	"sources\p282t7\AbstractC8189m.java"	"391"	".java"
"FkWeChat_1.2.6-jadx"	"sources\p282t7\AbstractC8194r.java"	"1717"	".java"
"FkWeChat_1.2.6-jadx"	"sources\p282t7\AbstractC8196t.java"	"734"	".java"
"FkWeChat_1.2.6-jadx"	"sources\p282t7\AbstractC8201y.java"	"4857"	".java"
"FkWeChat_1.2.6-jadx"	"sources\p282t7\AbstractC8202z.java"	"3439"	".java"
"FkWeChat_1.2.6-jadx"	"sources\p282t7\C8174a.java"	"1476"	".java"
"FkWeChat_1.2.6-jadx"	"sources\p282t7\C8185i.java"	"5861"	".java"
"FkWeChat_1.2.6-jadx"	"sources\p282t7\C8186j.java"	"1288"	".java"
"FkWeChat_1.2.6-jadx"	"sources\p282t7\C8190n.java"	"1287"	".java"
"FkWeChat_1.2.6-jadx"	"sources\p282t7\C8191o.java"	"5945"	".java"
"FkWeChat_1.2.6-jadx"	"sources\p282t7\C8192p.java"	"1992"	".java"
"FkWeChat_1.2.6-jadx"	"sources\p282t7\C8193q.java"	"1167"	".java"
"FkWeChat_1.2.6-jadx"	"sources\p282t7\C8195s.java"	"1783"	".java"
"FkWeChat_1.2.6-jadx"	"sources\p282t7\InterfaceC8176b.java"	"1514"	".java"
"FkWeChat_1.2.6-jadx"	"sources\p282t7\InterfaceC8197u.java"	"1741"	".java"
"FkWeChat_1.2.6-jadx"	"sources\p282t7\InterfaceC8198v.java"	"606"	".java"
"FkWeChat_1.2.6-jadx"	"sources\p283t8\AbstractC8203a.java"	"3210"	".java"
"FkWeChat_1.2.6-jadx"	"sources\p283t8\AbstractC8204b.java"	"379"	".java"
"FkWeChat_1.2.6-jadx"	"sources\p283t8\AbstractC8205c.java"	"1896"	".java"
"FkWeChat_1.2.6-jadx"	"sources\p284t9\C8206a.java"	"1135"	".java"
"FkWeChat_1.2.6-jadx"	"sources\p284t9\C8207b.java"	"1307"	".java"
"FkWeChat_1.2.6-jadx"	"sources\p284t9\C8208c.java"	"825"	".java"
"FkWeChat_1.2.6-jadx"	"sources\p285ta\AbstractC8213e.java"	"4787"	".java"
"FkWeChat_1.2.6-jadx"	"sources\p285ta\C8209a.java"	"3830"	".java"
"FkWeChat_1.2.6-jadx"	"sources\p285ta\C8211c.java"	"3093"	".java"
"FkWeChat_1.2.6-jadx"	"sources\p285ta\C8212d.java"	"541"	".java"
"FkWeChat_1.2.6-jadx"	"sources\p285ta\InterfaceC8210b.java"	"453"	".java"
"FkWeChat_1.2.6-jadx"	"sources\p286tb\AbstractC8214a.java"	"251"	".java"
"FkWeChat_1.2.6-jadx"	"sources\p288u\AbstractC8476a.java"	"541"	".java"
"FkWeChat_1.2.6-jadx"	"sources\p289u0\AbstractC8480d.java"	"421"	".java"
"FkWeChat_1.2.6-jadx"	"sources\p289u0\C8477a.java"	"10521"	".java"
"FkWeChat_1.2.6-jadx"	"sources\p289u0\C8478b.java"	"6707"	".java"
"FkWeChat_1.2.6-jadx"	"sources\p289u0\C8479c.java"	"6472"	".java"
"FkWeChat_1.2.6-jadx"	"sources\p289u0\C8481e.java"	"18903"	".java"
"FkWeChat_1.2.6-jadx"	"sources\p290u1\AbstractC8483b.java"	"4225"	".java"
"FkWeChat_1.2.6-jadx"	"sources\p290u1\AbstractC8486e.java"	"567"	".java"
"FkWeChat_1.2.6-jadx"	"sources\p290u1\AbstractC8488g.java"	"423"	".java"
"FkWeChat_1.2.6-jadx"	"sources\p290u1\C8482a.java"	"25926"	".java"
"FkWeChat_1.2.6-jadx"	"sources\p290u1\C8490i.java"	"4620"	".java"
"FkWeChat_1.2.6-jadx"	"sources\p290u1\C8491j.java"	"412"	".java"
"FkWeChat_1.2.6-jadx"	"sources\p290u1\C8492k.java"	"3890"	".java"
"FkWeChat_1.2.6-jadx"	"sources\p290u1\InterfaceC8484c.java"	"332"	".java"
"FkWeChat_1.2.6-jadx"	"sources\p290u1\InterfaceC8485d.java"	"1127"	".java"
"FkWeChat_1.2.6-jadx"	"sources\p290u1\InterfaceC8487f.java"	"17038"	".java"
"FkWeChat_1.2.6-jadx"	"sources\p290u1\InterfaceC8489h.java"	"2032"	".java"
"FkWeChat_1.2.6-jadx"	"sources\p291u2\AbstractC8494b.java"	"1129"	".java"
"FkWeChat_1.2.6-jadx"	"sources\p291u2\AbstractC8496d.java"	"984"	".java"
"FkWeChat_1.2.6-jadx"	"sources\p291u2\C8493a.java"	"13043"	".java"
"FkWeChat_1.2.6-jadx"	"sources\p291u2\C8497e.java"	"5529"	".java"
"FkWeChat_1.2.6-jadx"	"sources\p292u3\AbstractC8499b.java"	"9773"	".java"
"FkWeChat_1.2.6-jadx"	"sources\p292u3\AbstractC8501d.java"	"266"	".java"
"FkWeChat_1.2.6-jadx"	"sources\p292u3\AbstractC8502e.java"	"732"	".java"
"FkWeChat_1.2.6-jadx"	"sources\p292u3\AbstractC8503f.java"	"3849"	".java"
"FkWeChat_1.2.6-jadx"	"sources\p292u3\C8500c.java"	"2636"	".java"
"FkWeChat_1.2.6-jadx"	"sources\p293u4\AbstractC8510g.java"	"473"	".java"
"FkWeChat_1.2.6-jadx"	"sources\p293u4\AbstractC8511h.java"	"470"	".java"
"FkWeChat_1.2.6-jadx"	"sources\p293u4\AbstractC8512i.java"	"2575"	".java"
"FkWeChat_1.2.6-jadx"	"sources\p293u4\AbstractC8517n.java"	"266"	".java"
"FkWeChat_1.2.6-jadx"	"sources\p293u4\AbstractC8518o.java"	"266"	".java"
"FkWeChat_1.2.6-jadx"	"sources\p293u4\AbstractC8519p.java"	"266"	".java"
"FkWeChat_1.2.6-jadx"	"sources\p293u4\AbstractC8520q.java"	"266"	".java"
"FkWeChat_1.2.6-jadx"	"sources\p293u4\C8504a.java"	"547"	".java"
"FkWeChat_1.2.6-jadx"	"sources\p293u4\C8506c.java"	"1360"	".java"
"FkWeChat_1.2.6-jadx"	"sources\p293u4\C8507d.java"	"3687"	".java"
"FkWeChat_1.2.6-jadx"	"sources\p293u4\C8508e.java"	"1647"	".java"
"FkWeChat_1.2.6-jadx"	"sources\p293u4\C8509f.java"	"805"	".java"
"FkWeChat_1.2.6-jadx"	"sources\p293u4\C8513j.java"	"1259"	".java"
"FkWeChat_1.2.6-jadx"	"sources\p293u4\C8515l.java"	"716"	".java"
"FkWeChat_1.2.6-jadx"	"sources\p293u4\C8516m.java"	"628"	".java"
"FkWeChat_1.2.6-jadx"	"sources\p293u4\C8521r.java"	"1147"	".java"
"FkWeChat_1.2.6-jadx"	"sources\p293u4\C8522s.java"	"622"	".java"
"FkWeChat_1.2.6-jadx"	"sources\p293u4\C8524u.java"	"1041"	".java"
"FkWeChat_1.2.6-jadx"	"sources\p293u4\C8525v.java"	"1129"	".java"
"FkWeChat_1.2.6-jadx"	"sources\p293u4\C8526w.java"	"2139"	".java"
"FkWeChat_1.2.6-jadx"	"sources\p293u4\InterfaceC8505b.java"	"1339"	".java"
"FkWeChat_1.2.6-jadx"	"sources\p293u4\InterfaceC8514k.java"	"970"	".java"
"FkWeChat_1.2.6-jadx"	"sources\p293u4\InterfaceC8523t.java"	"1084"	".java"
"FkWeChat_1.2.6-jadx"	"sources\p294u5\C8528b.java"	"4073"	".java"
"FkWeChat_1.2.6-jadx"	"sources\p294u5\C8529c.java"	"1381"	".java"
"FkWeChat_1.2.6-jadx"	"sources\p294u5\C8530d.java"	"7519"	".java"
"FkWeChat_1.2.6-jadx"	"sources\p295u6\AbstractC8553r.java"	"2982"	".java"
"FkWeChat_1.2.6-jadx"	"sources\p295u6\AbstractC8554s.java"	"1038"	".java"
"FkWeChat_1.2.6-jadx"	"sources\p295u6\AbstractC8558w.java"	"4098"	".java"
"FkWeChat_1.2.6-jadx"	"sources\p295u6\AbstractC8560y.java"	"2841"	".java"
"FkWeChat_1.2.6-jadx"	"sources\p295u6\C8534a0.java"	"451"	".java"
"FkWeChat_1.2.6-jadx"	"sources\p295u6\C8536b0.java"	"1418"	".java"
"FkWeChat_1.2.6-jadx"	"sources\p295u6\C8538c0.java"	"2052"	".java"
"FkWeChat_1.2.6-jadx"	"sources\p295u6\C8539d.java"	"5008"	".java"
"FkWeChat_1.2.6-jadx"	"sources\p295u6\C8549n.java"	"9618"	".java"
"FkWeChat_1.2.6-jadx"	"sources\p295u6\C8550o.java"	"7170"	".java"
"FkWeChat_1.2.6-jadx"	"sources\p295u6\C8552q.java"	"11064"	".java"
"FkWeChat_1.2.6-jadx"	"sources\p296u7\AbstractC8562a.java"	"530"	".java"
"FkWeChat_1.2.6-jadx"	"sources\p296u7\C8563b.java"	"483"	".java"
"FkWeChat_1.2.6-jadx"	"sources\p296u7\C8564c.java"	"697"	".java"
"FkWeChat_1.2.6-jadx"	"sources\p297u8\AbstractC8565a.java"	"2194"	".java"
"FkWeChat_1.2.6-jadx"	"sources\p298u9\AbstractC8570e.java"	"595"	".java"
"FkWeChat_1.2.6-jadx"	"sources\p298u9\AbstractC8573h.java"	"657"	".java"
"FkWeChat_1.2.6-jadx"	"sources\p298u9\AbstractC8574i.java"	"668"	".java"
"FkWeChat_1.2.6-jadx"	"sources\p298u9\C8567b.java"	"968"	".java"
"FkWeChat_1.2.6-jadx"	"sources\p298u9\C8569d.java"	"1826"	".java"
"FkWeChat_1.2.6-jadx"	"sources\p298u9\C8571f.java"	"3259"	".java"
"FkWeChat_1.2.6-jadx"	"sources\p298u9\C8572g.java"	"2312"	".java"
"FkWeChat_1.2.6-jadx"	"sources\p298u9\C8575j.java"	"1122"	".java"
"FkWeChat_1.2.6-jadx"	"sources\p298u9\C8576k.java"	"2243"	".java"
"FkWeChat_1.2.6-jadx"	"sources\p298u9\C8577l.java"	"1880"	".java"
"FkWeChat_1.2.6-jadx"	"sources\p298u9\C8578m.java"	"1931"	".java"
"FkWeChat_1.2.6-jadx"	"sources\p299ub\AbstractC8610a.java"	"869"	".java"
"FkWeChat_1.2.6-jadx"	"sources\p299ub\AbstractC8611a0.java"	"11197"	".java"
"FkWeChat_1.2.6-jadx"	"sources\p299ub\AbstractC8612b.java"	"880"	".java"
"FkWeChat_1.2.6-jadx"	"sources\p299ub\AbstractC8618e.java"	"2294"	".java"
"FkWeChat_1.2.6-jadx"	"sources\p299ub\AbstractC8621f0.java"	"38503"	".java"
"FkWeChat_1.2.6-jadx"	"sources\p299ub\AbstractC8623g0.java"	"277"	".java"
"FkWeChat_1.2.6-jadx"	"sources\p299ub\AbstractC8625h0.java"	"3859"	".java"
"FkWeChat_1.2.6-jadx"	"sources\p299ub\AbstractC8627i0.java"	"6910"	".java"
"FkWeChat_1.2.6-jadx"	"sources\p299ub\AbstractC8633o.java"	"1313"	".java"
"FkWeChat_1.2.6-jadx"	"sources\p299ub\AbstractC8635q.java"	"964"	".java"
"FkWeChat_1.2.6-jadx"	"sources\p299ub\AbstractC8638t.java"	"7528"	".java"
"FkWeChat_1.2.6-jadx"	"sources\p299ub\AbstractC8639u.java"	"274"	".java"
"FkWeChat_1.2.6-jadx"	"sources\p299ub\AbstractC8640v.java"	"274"	".java"
"FkWeChat_1.2.6-jadx"	"sources\p299ub\AbstractC8641w.java"	"454"	".java"
"FkWeChat_1.2.6-jadx"	"sources\p299ub\AbstractC8642x.java"	"551"	".java"
"FkWeChat_1.2.6-jadx"	"sources\p299ub\AbstractC8643y.java"	"1301"	".java"
"FkWeChat_1.2.6-jadx"	"sources\p299ub\AbstractC8644z.java"	"4070"	".java"
"FkWeChat_1.2.6-jadx"	"sources\p299ub\C8613b0.java"	"482"	".java"
"FkWeChat_1.2.6-jadx"	"sources\p299ub\C8614c.java"	"2591"	".java"
"FkWeChat_1.2.6-jadx"	"sources\p299ub\C8616d.java"	"6396"	".java"
"FkWeChat_1.2.6-jadx"	"sources\p299ub\C8620f.java"	"2955"	".java"
"FkWeChat_1.2.6-jadx"	"sources\p299ub\C8622g.java"	"1325"	".java"
"FkWeChat_1.2.6-jadx"	"sources\p299ub\C8628j.java"	"7072"	".java"
"FkWeChat_1.2.6-jadx"	"sources\p299ub\C8630l.java"	"462"	".java"
"FkWeChat_1.2.6-jadx"	"sources\p299ub\C8632n.java"	"10060"	".java"
"FkWeChat_1.2.6-jadx"	"sources\p299ub\EnumC8634p.java"	"2837"	".java"
"FkWeChat_1.2.6-jadx"	"sources\p299ub\InterfaceC8624h.java"	"373"	".java"
"FkWeChat_1.2.6-jadx"	"sources\p299ub\InterfaceC8626i.java"	"1556"	".java"
"FkWeChat_1.2.6-jadx"	"sources\p300uc\AbstractC8654h.java"	"1618"	".java"
"FkWeChat_1.2.6-jadx"	"sources\p300uc\AbstractC8670x.java"	"1600"	".java"
"FkWeChat_1.2.6-jadx"	"sources\p300uc\AbstractC8672z.java"	"11195"	".java"
"FkWeChat_1.2.6-jadx"	"sources\p300uc\C8648b0.java"	"411"	".java"
"FkWeChat_1.2.6-jadx"	"sources\p300uc\C8649c.java"	"1247"	".java"
"FkWeChat_1.2.6-jadx"	"sources\p300uc\C8658l.java"	"8697"	".java"
"FkWeChat_1.2.6-jadx"	"sources\p300uc\C8661o.java"	"409"	".java"
"FkWeChat_1.2.6-jadx"	"sources\p300uc\InterfaceC8645a.java"	"479"	".java"
"FkWeChat_1.2.6-jadx"	"sources\p300uc\InterfaceC8646a0.java"	"485"	".java"
"FkWeChat_1.2.6-jadx"	"sources\p300uc\InterfaceC8647b.java"	"458"	".java"
"FkWeChat_1.2.6-jadx"	"sources\p300uc\InterfaceC8650d.java"	"373"	".java"
"FkWeChat_1.2.6-jadx"	"sources\p300uc\InterfaceC8659m.java"	"346"	".java"
"FkWeChat_1.2.6-jadx"	"sources\p300uc\InterfaceC8660n.java"	"422"	".java"
"FkWeChat_1.2.6-jadx"	"sources\p300uc\InterfaceC8662p.java"	"489"	".java"
"FkWeChat_1.2.6-jadx"	"sources\p301ud\C8673a.java"	"4870"	".java"
"FkWeChat_1.2.6-jadx"	"sources\p301ud\C8676d.java"	"6574"	".java"
"FkWeChat_1.2.6-jadx"	"sources\p302ue\C8677a.java"	"2203"	".java"
"FkWeChat_1.2.6-jadx"	"sources\p302ue\C8678b.java"	"4829"	".java"
"FkWeChat_1.2.6-jadx"	"sources\p302ue\C8680d.java"	"7538"	".java"
"FkWeChat_1.2.6-jadx"	"sources\p302ue\C8681e.java"	"6753"	".java"
"FkWeChat_1.2.6-jadx"	"sources\p303v\AbstractC8695g.java"	"3244"	".java"
"FkWeChat_1.2.6-jadx"	"sources\p303v\AbstractC8696g0.java"	"2998"	".java"
"FkWeChat_1.2.6-jadx"	"sources\p303v\AbstractC8697h.java"	"1442"	".java"
"FkWeChat_1.2.6-jadx"	"sources\p303v\AbstractC8704k0.java"	"622"	".java"
"FkWeChat_1.2.6-jadx"	"sources\p303v\AbstractC8710n0.java"	"4157"	".java"
"FkWeChat_1.2.6-jadx"	"sources\p303v\AbstractC8712o0.java"	"1485"	".java"
"FkWeChat_1.2.6-jadx"	"sources\p303v\AbstractC8728w0.java"	"4000"	".java"
"FkWeChat_1.2.6-jadx"	"sources\p303v\AbstractC8730x0.java"	"816"	".java"
"FkWeChat_1.2.6-jadx"	"sources\p303v\AbstractC8731y.java"	"736"	".java"
"FkWeChat_1.2.6-jadx"	"sources\p303v\C8682a.java"	"4476"	".java"
"FkWeChat_1.2.6-jadx"	"sources\p303v\C8684a1.java"	"3551"	".java"
"FkWeChat_1.2.6-jadx"	"sources\p303v\C8692e0.java"	"8230"	".java"
"FkWeChat_1.2.6-jadx"	"sources\p303v\C8693f.java"	"1373"	".java"
"FkWeChat_1.2.6-jadx"	"sources\p303v\C8694f0.java"	"12108"	".java"
"FkWeChat_1.2.6-jadx"	"sources\p303v\C8698h0.java"	"488"	".java"
"FkWeChat_1.2.6-jadx"	"sources\p303v\C8699i.java"	"2131"	".java"
"FkWeChat_1.2.6-jadx"	"sources\p303v\C8701j.java"	"1328"	".java"
"FkWeChat_1.2.6-jadx"	"sources\p303v\C8707m.java"	"4680"	".java"
"FkWeChat_1.2.6-jadx"	"sources\p303v\C8708m0.java"	"3407"	".java"
"FkWeChat_1.2.6-jadx"	"sources\p303v\C8722t0.java"	"29073"	".java"
"FkWeChat_1.2.6-jadx"	"sources\p303v\C8732y0.java"	"5173"	".java"
"FkWeChat_1.2.6-jadx"	"sources\p303v\InterfaceC8691e.java"	"1570"	".java"
"FkWeChat_1.2.6-jadx"	"sources\p303v\InterfaceC8700i0.java"	"991"	".java"
"FkWeChat_1.2.6-jadx"	"sources\p303v\InterfaceC8702j0.java"	"860"	".java"
"FkWeChat_1.2.6-jadx"	"sources\p303v\InterfaceC8706l0.java"	"2591"	".java"
"FkWeChat_1.2.6-jadx"	"sources\p303v\InterfaceC8709n.java"	"350"	".java"
"FkWeChat_1.2.6-jadx"	"sources\p303v\InterfaceC8711o.java"	"639"	".java"
"FkWeChat_1.2.6-jadx"	"sources\p303v\InterfaceC8729x.java"	"854"	".java"
"FkWeChat_1.2.6-jadx"	"sources\p304v0\C8735a.java"	"1173"	".java"
"FkWeChat_1.2.6-jadx"	"sources\p304v0\C8744j.java"	"5276"	".java"
"FkWeChat_1.2.6-jadx"	"sources\p304v0\C8752r.java"	"26587"	".java"
"FkWeChat_1.2.6-jadx"	"sources\p304v0\C8756v.java"	"3968"	".java"
"FkWeChat_1.2.6-jadx"	"sources\p304v0\InterfaceC8753s.java"	"702"	".java"
"FkWeChat_1.2.6-jadx"	"sources\p305v1\AbstractC8758a0.java"	"268"	".java"
"FkWeChat_1.2.6-jadx"	"sources\p305v1\AbstractC8759b.java"	"1636"	".java"
"FkWeChat_1.2.6-jadx"	"sources\p305v1\AbstractC8760b0.java"	"268"	".java"
"FkWeChat_1.2.6-jadx"	"sources\p305v1\AbstractC8762c0.java"	"268"	".java"
"FkWeChat_1.2.6-jadx"	"sources\p305v1\AbstractC8765e.java"	"2551"	".java"
"FkWeChat_1.2.6-jadx"	"sources\p305v1\AbstractC8769g.java"	"266"	".java"
"FkWeChat_1.2.6-jadx"	"sources\p305v1\AbstractC8771h.java"	"266"	".java"
"FkWeChat_1.2.6-jadx"	"sources\p305v1\AbstractC8773i.java"	"266"	".java"
"FkWeChat_1.2.6-jadx"	"sources\p305v1\AbstractC8775j.java"	"266"	".java"
"FkWeChat_1.2.6-jadx"	"sources\p305v1\AbstractC8777k.java"	"266"	".java"
"FkWeChat_1.2.6-jadx"	"sources\p305v1\AbstractC8778k0.java"	"268"	".java"
"FkWeChat_1.2.6-jadx"	"sources\p305v1\AbstractC8779l.java"	"266"	".java"
"FkWeChat_1.2.6-jadx"	"sources\p305v1\AbstractC8781m.java"	"266"	".java"
"FkWeChat_1.2.6-jadx"	"sources\p305v1\AbstractC8782m0.java"	"268"	".java"
"FkWeChat_1.2.6-jadx"	"sources\p305v1\AbstractC8783n.java"	"266"	".java"
"FkWeChat_1.2.6-jadx"	"sources\p305v1\AbstractC8785o.java"	"266"	".java"
"FkWeChat_1.2.6-jadx"	"sources\p305v1\AbstractC8787p.java"	"266"	".java"
"FkWeChat_1.2.6-jadx"	"sources\p305v1\AbstractC8789q.java"	"266"	".java"
"FkWeChat_1.2.6-jadx"	"sources\p305v1\AbstractC8791r.java"	"266"	".java"
"FkWeChat_1.2.6-jadx"	"sources\p305v1\AbstractC8793s.java"	"266"	".java"
"FkWeChat_1.2.6-jadx"	"sources\p305v1\AbstractC8794s0.java"	"268"	".java"
"FkWeChat_1.2.6-jadx"	"sources\p305v1\AbstractC8795t.java"	"266"	".java"
"FkWeChat_1.2.6-jadx"	"sources\p305v1\AbstractC8796t0.java"	"268"	".java"
"FkWeChat_1.2.6-jadx"	"sources\p305v1\AbstractC8797u.java"	"266"	".java"
"FkWeChat_1.2.6-jadx"	"sources\p305v1\AbstractC8798u0.java"	"268"	".java"
"FkWeChat_1.2.6-jadx"	"sources\p305v1\AbstractC8799v.java"	"266"	".java"
"FkWeChat_1.2.6-jadx"	"sources\p305v1\AbstractC8801w.java"	"266"	".java"
"FkWeChat_1.2.6-jadx"	"sources\p305v1\AbstractC8802w0.java"	"268"	".java"
"FkWeChat_1.2.6-jadx"	"sources\p305v1\AbstractC8803x.java"	"266"	".java"
"FkWeChat_1.2.6-jadx"	"sources\p305v1\AbstractC8805y.java"	"266"	".java"
"FkWeChat_1.2.6-jadx"	"sources\p305v1\AbstractC8806z.java"	"266"	".java"
"FkWeChat_1.2.6-jadx"	"sources\p305v1\C8757a.java"	"1750"	".java"
"FkWeChat_1.2.6-jadx"	"sources\p305v1\C8761c.java"	"33938"	".java"
"FkWeChat_1.2.6-jadx"	"sources\p305v1\C8770g0.java"	"367"	".java"
"FkWeChat_1.2.6-jadx"	"sources\p305v1\C8772h0.java"	"367"	".java"
"FkWeChat_1.2.6-jadx"	"sources\p305v1\C8774i0.java"	"367"	".java"
"FkWeChat_1.2.6-jadx"	"sources\p305v1\C8776j0.java"	"519"	".java"
"FkWeChat_1.2.6-jadx"	"sources\p305v1\C8780l0.java"	"809"	".java"
"FkWeChat_1.2.6-jadx"	"sources\p305v1\C8784n0.java"	"519"	".java"
"FkWeChat_1.2.6-jadx"	"sources\p305v1\C8786o0.java"	"996"	".java"
"FkWeChat_1.2.6-jadx"	"sources\p305v1\C8788p0.java"	"589"	".java"
"FkWeChat_1.2.6-jadx"	"sources\p305v1\C8790q0.java"	"528"	".java"
"FkWeChat_1.2.6-jadx"	"sources\p305v1\C8800v0.java"	"782"	".java"
"FkWeChat_1.2.6-jadx"	"sources\p305v1\C8804x0.java"	"561"	".java"
"FkWeChat_1.2.6-jadx"	"sources\p305v1\InterfaceC8763d.java"	"5492"	".java"
"FkWeChat_1.2.6-jadx"	"sources\p305v1\InterfaceC8768f0.java"	"248"	".java"
"FkWeChat_1.2.6-jadx"	"sources\p306v2\AbstractC8808b.java"	"417"	".java"
"FkWeChat_1.2.6-jadx"	"sources\p306v2\EnumC8807a.java"	"1664"	".java"
"FkWeChat_1.2.6-jadx"	"sources\p307v3\AbstractC8809a.java"	"467"	".java"
"FkWeChat_1.2.6-jadx"	"sources\p308v4\AbstractC8810a.java"	"9352"	".java"
"FkWeChat_1.2.6-jadx"	"sources\p308v4\AbstractC8816g.java"	"4987"	".java"
"FkWeChat_1.2.6-jadx"	"sources\p308v4\AbstractC8818i.java"	"2676"	".java"
"FkWeChat_1.2.6-jadx"	"sources\p308v4\C8811b.java"	"7014"	".java"
"FkWeChat_1.2.6-jadx"	"sources\p308v4\C8817h.java"	"1006"	".java"
"FkWeChat_1.2.6-jadx"	"sources\p309v5\AbstractC8821c.java"	"3060"	".java"
"FkWeChat_1.2.6-jadx"	"sources\p309v5\AbstractC8824f.java"	"4434"	".java"
"FkWeChat_1.2.6-jadx"	"sources\p309v5\AbstractC8826h.java"	"5208"	".java"
"FkWeChat_1.2.6-jadx"	"sources\p309v5\AbstractC8832n.java"	"2979"	".java"
"FkWeChat_1.2.6-jadx"	"sources\p309v5\AbstractC8834p.java"	"1156"	".java"
"FkWeChat_1.2.6-jadx"	"sources\p309v5\C8820b.java"	"3979"	".java"
"FkWeChat_1.2.6-jadx"	"sources\p309v5\C8822d.java"	"6088"	".java"
"FkWeChat_1.2.6-jadx"	"sources\p309v5\C8823e.java"	"14962"	".java"
"FkWeChat_1.2.6-jadx"	"sources\p309v5\C8825g.java"	"496"	".java"
"FkWeChat_1.2.6-jadx"	"sources\p309v5\C8827i.java"	"4456"	".java"
"FkWeChat_1.2.6-jadx"	"sources\p309v5\C8829k.java"	"7619"	".java"
"FkWeChat_1.2.6-jadx"	"sources\p309v5\C8833o.java"	"3880"	".java"
"FkWeChat_1.2.6-jadx"	"sources\p309v5\C8835q.java"	"334"	".java"
"FkWeChat_1.2.6-jadx"	"sources\p309v5\C8838t.java"	"4792"	".java"
"FkWeChat_1.2.6-jadx"	"sources\p309v5\C8839u.java"	"319"	".java"
"FkWeChat_1.2.6-jadx"	"sources\p309v5\InterfaceC8819a.java"	"674"	".java"
"FkWeChat_1.2.6-jadx"	"sources\p309v5\InterfaceC8828j.java"	"289"	".java"
"FkWeChat_1.2.6-jadx"	"sources\p309v5\InterfaceC8830l.java"	"531"	".java"
"FkWeChat_1.2.6-jadx"	"sources\p309v5\InterfaceC8831m.java"	"304"	".java"
"FkWeChat_1.2.6-jadx"	"sources\p309v5\InterfaceC8836r.java"	"915"	".java"
"FkWeChat_1.2.6-jadx"	"sources\p309v5\InterfaceC8837s.java"	"307"	".java"
"FkWeChat_1.2.6-jadx"	"sources\p310v6\AbstractC8844e.java"	"553"	".java"
"FkWeChat_1.2.6-jadx"	"sources\p310v6\AbstractC8845f.java"	"1595"	".java"
"FkWeChat_1.2.6-jadx"	"sources\p310v6\AbstractC8848i.java"	"14483"	".java"
"FkWeChat_1.2.6-jadx"	"sources\p310v6\AbstractC8850k.java"	"2353"	".java"
"FkWeChat_1.2.6-jadx"	"sources\p310v6\C8842c.java"	"9844"	".java"
"FkWeChat_1.2.6-jadx"	"sources\p310v6\C8843d.java"	"12174"	".java"
"FkWeChat_1.2.6-jadx"	"sources\p310v6\C8849j.java"	"1060"	".java"
"FkWeChat_1.2.6-jadx"	"sources\p310v6\C8851l.java"	"469"	".java"
"FkWeChat_1.2.6-jadx"	"sources\p311v7\C8852a.java"	"3524"	".java"
"FkWeChat_1.2.6-jadx"	"sources\p311v7\C8853b.java"	"1549"	".java"
"FkWeChat_1.2.6-jadx"	"sources\p312v8\C8854a.java"	"2539"	".java"
"FkWeChat_1.2.6-jadx"	"sources\p313v9\AbstractC8864e0.java"	"2704"	".java"
"FkWeChat_1.2.6-jadx"	"sources\p313v9\AbstractC8865f.java"	"9878"	".java"
"FkWeChat_1.2.6-jadx"	"sources\p313v9\AbstractC8869h.java"	"1687"	".java"
"FkWeChat_1.2.6-jadx"	"sources\p313v9\AbstractC8873k.java"	"1591"	".java"
"FkWeChat_1.2.6-jadx"	"sources\p313v9\AbstractC8883u.java"	"312"	".java"
"FkWeChat_1.2.6-jadx"	"sources\p313v9\AbstractC8887y.java"	"6206"	".java"
"FkWeChat_1.2.6-jadx"	"sources\p313v9\C8855a.java"	"2744"	".java"
"FkWeChat_1.2.6-jadx"	"sources\p313v9\C8857b.java"	"4083"	".java"
"FkWeChat_1.2.6-jadx"	"sources\p313v9\C8858b0.java"	"2050"	".java"
"FkWeChat_1.2.6-jadx"	"sources\p313v9\C8859c.java"	"2943"	".java"
"FkWeChat_1.2.6-jadx"	"sources\p313v9\C8860c0.java"	"1569"	".java"
"FkWeChat_1.2.6-jadx"	"sources\p313v9\C8861d.java"	"520"	".java"
"FkWeChat_1.2.6-jadx"	"sources\p313v9\C8862d0.java"	"1568"	".java"
"FkWeChat_1.2.6-jadx"	"sources\p313v9\C8863e.java"	"520"	".java"
"FkWeChat_1.2.6-jadx"	"sources\p313v9\C8866f0.java"	"3989"	".java"
"FkWeChat_1.2.6-jadx"	"sources\p313v9\C8867g.java"	"2776"	".java"
"FkWeChat_1.2.6-jadx"	"sources\p313v9\C8868g0.java"	"2562"	".java"
"FkWeChat_1.2.6-jadx"	"sources\p313v9\C8870h0.java"	"2872"	".java"
"FkWeChat_1.2.6-jadx"	"sources\p313v9\C8871i.java"	"927"	".java"
"FkWeChat_1.2.6-jadx"	"sources\p313v9\C8874l.java"	"1189"	".java"
"FkWeChat_1.2.6-jadx"	"sources\p313v9\C8875m.java"	"2801"	".java"
"FkWeChat_1.2.6-jadx"	"sources\p313v9\C8876n.java"	"472"	".java"
"FkWeChat_1.2.6-jadx"	"sources\p313v9\C8877o.java"	"455"	".java"
"FkWeChat_1.2.6-jadx"	"sources\p313v9\C8878p.java"	"576"	".java"
"FkWeChat_1.2.6-jadx"	"sources\p313v9\C8879q.java"	"16689"	".java"
"FkWeChat_1.2.6-jadx"	"sources\p313v9\C8880r.java"	"876"	".java"
"FkWeChat_1.2.6-jadx"	"sources\p313v9\C8881s.java"	"3841"	".java"
"FkWeChat_1.2.6-jadx"	"sources\p313v9\C8882t.java"	"2864"	".java"
"FkWeChat_1.2.6-jadx"	"sources\p313v9\C8884v.java"	"1235"	".java"
"FkWeChat_1.2.6-jadx"	"sources\p313v9\C8885w.java"	"1475"	".java"
"FkWeChat_1.2.6-jadx"	"sources\p313v9\C8886x.java"	"767"	".java"
"FkWeChat_1.2.6-jadx"	"sources\p313v9\C8888z.java"	"2746"	".java"
"FkWeChat_1.2.6-jadx"	"sources\p313v9\InterfaceC8856a0.java"	"332"	".java"
"FkWeChat_1.2.6-jadx"	"sources\p313v9\InterfaceC8872j.java"	"656"	".java"
"FkWeChat_1.2.6-jadx"	"sources\p314vb\AbstractC8896c.java"	"774"	".java"
"FkWeChat_1.2.6-jadx"	"sources\p314vb\AbstractC8899f.java"	"20602"	".java"
"FkWeChat_1.2.6-jadx"	"sources\p314vb\AbstractC8901h.java"	"815"	".java"
"FkWeChat_1.2.6-jadx"	"sources\p314vb\AbstractC8902i.java"	"3336"	".java"
"FkWeChat_1.2.6-jadx"	"sources\p314vb\AbstractC8906m.java"	"733"	".java"
"FkWeChat_1.2.6-jadx"	"sources\p314vb\AbstractC8913t.java"	"16436"	".java"
"FkWeChat_1.2.6-jadx"	"sources\p314vb\AbstractC8917x.java"	"1620"	".java"
"FkWeChat_1.2.6-jadx"	"sources\p314vb\C8894a0.java"	"4210"	".java"
"FkWeChat_1.2.6-jadx"	"sources\p314vb\C8895b.java"	"15609"	".java"
"FkWeChat_1.2.6-jadx"	"sources\p314vb\C8897d.java"	"441"	".java"
"FkWeChat_1.2.6-jadx"	"sources\p314vb\C8898e.java"	"461"	".java"
"FkWeChat_1.2.6-jadx"	"sources\p314vb\C8903j.java"	"336"	".java"
"FkWeChat_1.2.6-jadx"	"sources\p314vb\C8904k.java"	"6172"	".java"
"FkWeChat_1.2.6-jadx"	"sources\p314vb\C8905l.java"	"452"	".java"
"FkWeChat_1.2.6-jadx"	"sources\p314vb\C8915v.java"	"1743"	".java"
"FkWeChat_1.2.6-jadx"	"sources\p314vb\C8916w.java"	"1695"	".java"
"FkWeChat_1.2.6-jadx"	"sources\p314vb\C8918y.java"	"968"	".java"
"FkWeChat_1.2.6-jadx"	"sources\p314vb\C8919z.java"	"1058"	".java"
"FkWeChat_1.2.6-jadx"	"sources\p314vb\EnumC8900g.java"	"2596"	".java"
"FkWeChat_1.2.6-jadx"	"sources\p314vb\InterfaceC8893a.java"	"813"	".java"
"FkWeChat_1.2.6-jadx"	"sources\p314vb\InterfaceC8914u.java"	"2131"	".java"
"FkWeChat_1.2.6-jadx"	"sources\p315vd\AbstractC8921a.java"	"1169"	".java"
"FkWeChat_1.2.6-jadx"	"sources\p315vd\AbstractC8922b.java"	"251"	".java"
"FkWeChat_1.2.6-jadx"	"sources\p315vd\AbstractC8924d.java"	"5957"	".java"
"FkWeChat_1.2.6-jadx"	"sources\p315vd\AbstractC8925e.java"	"8604"	".java"
"FkWeChat_1.2.6-jadx"	"sources\p315vd\AbstractC8927g.java"	"1361"	".java"
"FkWeChat_1.2.6-jadx"	"sources\p315vd\C8923c.java"	"2605"	".java"
"FkWeChat_1.2.6-jadx"	"sources\p316w\AbstractC8938c0.java"	"1622"	".java"
"FkWeChat_1.2.6-jadx"	"sources\p316w\AbstractC8943e.java"	"1287"	".java"
"FkWeChat_1.2.6-jadx"	"sources\p316w\AbstractC8954h1.java"	"4983"	".java"
"FkWeChat_1.2.6-jadx"	"sources\p316w\AbstractC8955i.java"	"6859"	".java"
"FkWeChat_1.2.6-jadx"	"sources\p316w\AbstractC8957i1.java"	"3936"	".java"
"FkWeChat_1.2.6-jadx"	"sources\p316w\AbstractC8961k0.java"	"2485"	".java"
"FkWeChat_1.2.6-jadx"	"sources\p316w\AbstractC8965m0.java"	"2882"	".java"
"FkWeChat_1.2.6-jadx"	"sources\p316w\AbstractC8973q0.java"	"622"	".java"
"FkWeChat_1.2.6-jadx"	"sources\p316w\AbstractC8983v0.java"	"530"	".java"
"FkWeChat_1.2.6-jadx"	"sources\p316w\C8931a.java"	"6722"	".java"
"FkWeChat_1.2.6-jadx"	"sources\p316w\C8937c.java"	"1614"	".java"
"FkWeChat_1.2.6-jadx"	"sources\p316w\C8939c1.java"	"25248"	".java"
"FkWeChat_1.2.6-jadx"	"sources\p316w\C8940d.java"	"1463"	".java"
"FkWeChat_1.2.6-jadx"	"sources\p316w\C8946f.java"	"1955"	".java"
"FkWeChat_1.2.6-jadx"	"sources\p316w\C8956i0.java"	"8161"	".java"
"FkWeChat_1.2.6-jadx"	"sources\p316w\C8958j.java"	"1640"	".java"
"FkWeChat_1.2.6-jadx"	"sources\p316w\C8959j0.java"	"10667"	".java"
"FkWeChat_1.2.6-jadx"	"sources\p316w\C8962l.java"	"3243"	".java"
"FkWeChat_1.2.6-jadx"	"sources\p316w\C8963l0.java"	"3210"	".java"
"FkWeChat_1.2.6-jadx"	"sources\p316w\C8967n0.java"	"518"	".java"
"FkWeChat_1.2.6-jadx"	"sources\p316w\C8977s0.java"	"3920"	".java"
"FkWeChat_1.2.6-jadx"	"sources\p316w\C8979t0.java"	"728"	".java"
"FkWeChat_1.2.6-jadx"	"sources\p316w\C8980u.java"	"360"	".java"
"FkWeChat_1.2.6-jadx"	"sources\p316w\C8987x0.java"	"8302"	".java"
"FkWeChat_1.2.6-jadx"	"sources\p316w\InterfaceC8934b.java"	"1438"	".java"
"FkWeChat_1.2.6-jadx"	"sources\p316w\InterfaceC8935b0.java"	"856"	".java"
"FkWeChat_1.2.6-jadx"	"sources\p316w\InterfaceC8964m.java"	"471"	".java"
"FkWeChat_1.2.6-jadx"	"sources\p316w\InterfaceC8966n.java"	"640"	".java"
"FkWeChat_1.2.6-jadx"	"sources\p316w\InterfaceC8969o0.java"	"339"	".java"
"FkWeChat_1.2.6-jadx"	"sources\p316w\InterfaceC8971p0.java"	"864"	".java"
"FkWeChat_1.2.6-jadx"	"sources\p316w\InterfaceC8975r0.java"	"2058"	".java"
"FkWeChat_1.2.6-jadx"	"sources\p316w\InterfaceC8978t.java"	"244"	".java"
"FkWeChat_1.2.6-jadx"	"sources\p316w\InterfaceC8981u0.java"	"384"	".java"
"FkWeChat_1.2.6-jadx"	"sources\p316w\InterfaceC8982v.java"	"244"	".java"
"FkWeChat_1.2.6-jadx"	"sources\p317w0\AbstractC9027r0.java"	"1032"	".java"
"FkWeChat_1.2.6-jadx"	"sources\p317w0\C8992a.java"	"1018"	".java"
"FkWeChat_1.2.6-jadx"	"sources\p317w0\C8993a0.java"	"1221"	".java"
"FkWeChat_1.2.6-jadx"	"sources\p317w0\C8994b.java"	"689"	".java"
"FkWeChat_1.2.6-jadx"	"sources\p317w0\C8995b0.java"	"1407"	".java"
"FkWeChat_1.2.6-jadx"	"sources\p317w0\C8996c.java"	"1018"	".java"
"FkWeChat_1.2.6-jadx"	"sources\p317w0\C8997c0.java"	"2594"	".java"
"FkWeChat_1.2.6-jadx"	"sources\p317w0\C8998d.java"	"689"	".java"
"FkWeChat_1.2.6-jadx"	"sources\p317w0\C9000e.java"	"910"	".java"
"FkWeChat_1.2.6-jadx"	"sources\p317w0\C9001e0.java"	"6568"	".java"
"FkWeChat_1.2.6-jadx"	"sources\p317w0\C9002f.java"	"2912"	".java"
"FkWeChat_1.2.6-jadx"	"sources\p317w0\C9003f0.java"	"8452"	".java"
"FkWeChat_1.2.6-jadx"	"sources\p317w0\C9004g.java"	"6604"	".java"
"FkWeChat_1.2.6-jadx"	"sources\p317w0\C9005g0.java"	"3167"	".java"
"FkWeChat_1.2.6-jadx"	"sources\p317w0\C9006h.java"	"2418"	".java"
"FkWeChat_1.2.6-jadx"	"sources\p317w0\C9007h0.java"	"2167"	".java"
"FkWeChat_1.2.6-jadx"	"sources\p317w0\C9008i.java"	"7332"	".java"
"FkWeChat_1.2.6-jadx"	"sources\p317w0\C9009i0.java"	"2694"	".java"
"FkWeChat_1.2.6-jadx"	"sources\p317w0\C9010j.java"	"1549"	".java"
"FkWeChat_1.2.6-jadx"	"sources\p317w0\C9011j0.java"	"10852"	".java"
"FkWeChat_1.2.6-jadx"	"sources\p317w0\C9012k.java"	"11023"	".java"
"FkWeChat_1.2.6-jadx"	"sources\p317w0\C9013k0.java"	"2201"	".java"
"FkWeChat_1.2.6-jadx"	"sources\p317w0\C9014l.java"	"11023"	".java"
"FkWeChat_1.2.6-jadx"	"sources\p317w0\C9015l0.java"	"5066"	".java"
"FkWeChat_1.2.6-jadx"	"sources\p317w0\C9017m0.java"	"10461"	".java"
"FkWeChat_1.2.6-jadx"	"sources\p317w0\C9018n.java"	"9558"	".java"
"FkWeChat_1.2.6-jadx"	"sources\p317w0\C9019n0.java"	"36027"	".java"
"FkWeChat_1.2.6-jadx"	"sources\p317w0\C9020o.java"	"3177"	".java"
"FkWeChat_1.2.6-jadx"	"sources\p317w0\C9021o0.java"	"1653"	".java"
"FkWeChat_1.2.6-jadx"	"sources\p317w0\C9022p.java"	"798"	".java"
"FkWeChat_1.2.6-jadx"	"sources\p317w0\C9024q.java"	"1567"	".java"
"FkWeChat_1.2.6-jadx"	"sources\p317w0\C9025q0.java"	"15871"	".java"
"FkWeChat_1.2.6-jadx"	"sources\p317w0\C9026r.java"	"6193"	".java"
"FkWeChat_1.2.6-jadx"	"sources\p317w0\C9028s.java"	"3064"	".java"
"FkWeChat_1.2.6-jadx"	"sources\p317w0\C9029t.java"	"1900"	".java"
"FkWeChat_1.2.6-jadx"	"sources\p317w0\C9030u.java"	"8630"	".java"
"FkWeChat_1.2.6-jadx"	"sources\p317w0\C9031v.java"	"1628"	".java"
"FkWeChat_1.2.6-jadx"	"sources\p317w0\C9033x.java"	"1868"	".java"
"FkWeChat_1.2.6-jadx"	"sources\p317w0\C9034y.java"	"11044"	".java"
"FkWeChat_1.2.6-jadx"	"sources\p317w0\C9035z.java"	"18433"	".java"
"FkWeChat_1.2.6-jadx"	"sources\p317w0\EnumC8999d0.java"	"3346"	".java"
"FkWeChat_1.2.6-jadx"	"sources\p317w0\EnumC9016m.java"	"7711"	".java"
"FkWeChat_1.2.6-jadx"	"sources\p317w0\EnumC9023p0.java"	"5411"	".java"
"FkWeChat_1.2.6-jadx"	"sources\p317w0\EnumC9032w.java"	"2072"	".java"
"FkWeChat_1.2.6-jadx"	"sources\p318w1\AbstractC9036a.java"	"1824"	".java"
"FkWeChat_1.2.6-jadx"	"sources\p318w1\C9037b.java"	"575"	".java"
"FkWeChat_1.2.6-jadx"	"sources\p319w2\AbstractC9039a0.java"	"1073"	".java"
"FkWeChat_1.2.6-jadx"	"sources\p319w2\AbstractC9048c.java"	"4420"	".java"
"FkWeChat_1.2.6-jadx"	"sources\p319w2\AbstractC9049c0.java"	"6429"	".java"
"FkWeChat_1.2.6-jadx"	"sources\p319w2\AbstractC9053d.java"	"1055"	".java"
"FkWeChat_1.2.6-jadx"	"sources\p319w2\AbstractC9059e0.java"	"3063"	".java"
"FkWeChat_1.2.6-jadx"	"sources\p319w2\AbstractC9068g.java"	"9457"	".java"
"FkWeChat_1.2.6-jadx"	"sources\p319w2\AbstractC9077h3.java"	"12293"	".java"
"FkWeChat_1.2.6-jadx"	"sources\p319w2\AbstractC9083j.java"	"5286"	".java"
"FkWeChat_1.2.6-jadx"	"sources\p319w2\AbstractC9087j3.java"	"570"	".java"
"FkWeChat_1.2.6-jadx"	"sources\p319w2\AbstractC9092k3.java"	"1413"	".java"
"FkWeChat_1.2.6-jadx"	"sources\p319w2\AbstractC9123r.java"	"1096"	".java"
"FkWeChat_1.2.6-jadx"	"sources\p319w2\AbstractC9133t.java"	"4403"	".java"
"FkWeChat_1.2.6-jadx"	"sources\p319w2\AbstractC9142u3.java"	"1728"	".java"
"FkWeChat_1.2.6-jadx"	"sources\p319w2\AbstractC9152w3.java"	"2730"	".java"
"FkWeChat_1.2.6-jadx"	"sources\p319w2\AbstractC9157x3.java"	"470"	".java"
"FkWeChat_1.2.6-jadx"	"sources\p319w2\AbstractC9163z.java"	"1096"	".java"
"FkWeChat_1.2.6-jadx"	"sources\p319w2\C9044b0.java"	"6897"	".java"
"FkWeChat_1.2.6-jadx"	"sources\p319w2\C9054d0.java"	"2263"	".java"
"FkWeChat_1.2.6-jadx"	"sources\p319w2\C9058e.java"	"28204"	".java"
"FkWeChat_1.2.6-jadx"	"sources\p319w2\C9064f0.java"	"2548"	".java"
"FkWeChat_1.2.6-jadx"	"sources\p319w2\C9067f3.java"	"15136"	".java"
"FkWeChat_1.2.6-jadx"	"sources\p319w2\C9069g0.java"	"1311"	".java"
"FkWeChat_1.2.6-jadx"	"sources\p319w2\C9074h0.java"	"1643"	".java"
"FkWeChat_1.2.6-jadx"	"sources\p319w2\C9078i.java"	"2994"	".java"
"FkWeChat_1.2.6-jadx"	"sources\p319w2\C9079i0.java"	"406"	".java"
"FkWeChat_1.2.6-jadx"	"sources\p319w2\C9082i3.java"	"1609"	".java"
"FkWeChat_1.2.6-jadx"	"sources\p319w2\C9103n.java"	"19332"	".java"
"FkWeChat_1.2.6-jadx"	"sources\p319w2\C9117p3.java"	"5346"	".java"
"FkWeChat_1.2.6-jadx"	"sources\p319w2\C9122q3.java"	"6819"	".java"
"FkWeChat_1.2.6-jadx"	"sources\p319w2\C9127r3.java"	"2637"	".java"
"FkWeChat_1.2.6-jadx"	"sources\p319w2\C9137t3.java"	"3900"	".java"
"FkWeChat_1.2.6-jadx"	"sources\p319w2\C9147v3.java"	"18042"	".java"
"FkWeChat_1.2.6-jadx"	"sources\p319w2\C9148w.java"	"6060"	".java"
"FkWeChat_1.2.6-jadx"	"sources\p319w2\C9153x.java"	"1733"	".java"
"FkWeChat_1.2.6-jadx"	"sources\p319w2\C9162y3.java"	"977"	".java"
"FkWeChat_1.2.6-jadx"	"sources\p319w2\C9167z3.java"	"993"	".java"
"FkWeChat_1.2.6-jadx"	"sources\p319w2\EnumC9073h.java"	"2164"	".java"
"FkWeChat_1.2.6-jadx"	"sources\p319w2\InterfaceC9088k.java"	"335"	".java"
"FkWeChat_1.2.6-jadx"	"sources\p319w2\InterfaceC9112o3.java"	"2995"	".java"
"FkWeChat_1.2.6-jadx"	"sources\p319w2\InterfaceC9138u.java"	"304"	".java"
"FkWeChat_1.2.6-jadx"	"sources\p319w2\InterfaceC9143v.java"	"4481"	".java"
"FkWeChat_1.2.6-jadx"	"sources\p319w2\InterfaceC9158y.java"	"432"	".java"
"FkWeChat_1.2.6-jadx"	"sources\p320w3\AbstractC9169b.java"	"565"	".java"
"FkWeChat_1.2.6-jadx"	"sources\p320w3\AbstractC9170c.java"	"1283"	".java"
"FkWeChat_1.2.6-jadx"	"sources\p320w3\InterfaceC9168a.java"	"276"	".java"
"FkWeChat_1.2.6-jadx"	"sources\p321w4\AbstractC9171a.java"	"1075"	".java"
"FkWeChat_1.2.6-jadx"	"sources\p321w4\AbstractC9173c.java"	"743"	".java"
"FkWeChat_1.2.6-jadx"	"sources\p321w4\AbstractC9176f.java"	"743"	".java"
"FkWeChat_1.2.6-jadx"	"sources\p321w4\AbstractC9181k.java"	"1875"	".java"
"FkWeChat_1.2.6-jadx"	"sources\p321w4\AbstractC9183m.java"	"1239"	".java"
"FkWeChat_1.2.6-jadx"	"sources\p321w4\C9172b.java"	"7363"	".java"
"FkWeChat_1.2.6-jadx"	"sources\p321w4\C9174d.java"	"10404"	".java"
"FkWeChat_1.2.6-jadx"	"sources\p321w4\C9175e.java"	"614"	".java"
"FkWeChat_1.2.6-jadx"	"sources\p321w4\C9177g.java"	"3101"	".java"
"FkWeChat_1.2.6-jadx"	"sources\p321w4\C9178h.java"	"19685"	".java"
"FkWeChat_1.2.6-jadx"	"sources\p321w4\C9179i.java"	"2881"	".java"
"FkWeChat_1.2.6-jadx"	"sources\p321w4\C9180j.java"	"5870"	".java"
"FkWeChat_1.2.6-jadx"	"sources\p321w4\C9182l.java"	"38823"	".java"
"FkWeChat_1.2.6-jadx"	"sources\p321w4\C9184n.java"	"15221"	".java"
"FkWeChat_1.2.6-jadx"	"sources\p321w4\C9185o.java"	"7881"	".java"
"FkWeChat_1.2.6-jadx"	"sources\p322w5\AbstractC9187b.java"	"3368"	".java"
"FkWeChat_1.2.6-jadx"	"sources\p322w5\AbstractC9188c.java"	"3819"	".java"
"FkWeChat_1.2.6-jadx"	"sources\p322w5\C9186a.java"	"14931"	".java"
"FkWeChat_1.2.6-jadx"	"sources\p322w5\C9189d.java"	"16358"	".java"
"FkWeChat_1.2.6-jadx"	"sources\p323w6\AbstractC9193d.java"	"6867"	".java"
"FkWeChat_1.2.6-jadx"	"sources\p323w6\AbstractC9195f.java"	"2539"	".java"
"FkWeChat_1.2.6-jadx"	"sources\p323w6\AbstractC9198i.java"	"4925"	".java"
"FkWeChat_1.2.6-jadx"	"sources\p323w6\C9190a.java"	"1620"	".java"
"FkWeChat_1.2.6-jadx"	"sources\p323w6\C9191b.java"	"2174"	".java"
"FkWeChat_1.2.6-jadx"	"sources\p323w6\C9194e.java"	"335"	".java"
"FkWeChat_1.2.6-jadx"	"sources\p323w6\C9199j.java"	"2171"	".java"
"FkWeChat_1.2.6-jadx"	"sources\p323w6\InterfaceC9192c.java"	"373"	".java"
"FkWeChat_1.2.6-jadx"	"sources\p324w7\AbstractC9200a.java"	"526"	".java"
"FkWeChat_1.2.6-jadx"	"sources\p325w8\AbstractC9201a.java"	"1161"	".java"
"FkWeChat_1.2.6-jadx"	"sources\p325w8\AbstractC9202b.java"	"893"	".java"
"FkWeChat_1.2.6-jadx"	"sources\p325w8\AbstractC9203c.java"	"250"	".java"
"FkWeChat_1.2.6-jadx"	"sources\p325w8\AbstractC9204d.java"	"5000"	".java"
"FkWeChat_1.2.6-jadx"	"sources\p325w8\AbstractC9205e.java"	"1441"	".java"
"FkWeChat_1.2.6-jadx"	"sources\p326w9\AbstractC9206a.java"	"1872"	".java"
"FkWeChat_1.2.6-jadx"	"sources\p327wa\AbstractC9211e.java"	"13762"	".java"
"FkWeChat_1.2.6-jadx"	"sources\p327wa\C9207a.java"	"512"	".java"
"FkWeChat_1.2.6-jadx"	"sources\p327wa\C9208b.java"	"505"	".java"
"FkWeChat_1.2.6-jadx"	"sources\p327wa\C9209c.java"	"575"	".java"
"FkWeChat_1.2.6-jadx"	"sources\p327wa\C9210d.java"	"570"	".java"
"FkWeChat_1.2.6-jadx"	"sources\p328wb\AbstractC9212a.java"	"521"	".java"
"FkWeChat_1.2.6-jadx"	"sources\p329wc\AbstractC9214b.java"	"1710"	".java"
"FkWeChat_1.2.6-jadx"	"sources\p329wc\AbstractC9216d.java"	"1225"	".java"
"FkWeChat_1.2.6-jadx"	"sources\p329wc\AbstractC9217e.java"	"3864"	".java"
"FkWeChat_1.2.6-jadx"	"sources\p329wc\AbstractC9221i.java"	"4580"	".java"
"FkWeChat_1.2.6-jadx"	"sources\p329wc\AbstractC9223k.java"	"3343"	".java"
"FkWeChat_1.2.6-jadx"	"sources\p329wc\AbstractC9224l.java"	"1465"	".java"
"FkWeChat_1.2.6-jadx"	"sources\p329wc\AbstractC9225m.java"	"1979"	".java"
"FkWeChat_1.2.6-jadx"	"sources\p329wc\C9213a.java"	"2942"	".java"
"FkWeChat_1.2.6-jadx"	"sources\p329wc\C9215c.java"	"3274"	".java"
"FkWeChat_1.2.6-jadx"	"sources\p329wc\C9220h.java"	"6518"	".java"
"FkWeChat_1.2.6-jadx"	"sources\p329wc\InterfaceC9218f.java"	"1158"	".java"
"FkWeChat_1.2.6-jadx"	"sources\p330wd\C9226a.java"	"3867"	".java"
"FkWeChat_1.2.6-jadx"	"sources\p330wd\C9227b.java"	"944"	".java"
"FkWeChat_1.2.6-jadx"	"sources\p330wd\C9228c.java"	"10818"	".java"
"FkWeChat_1.2.6-jadx"	"sources\p330wd\C9229d.java"	"6517"	".java"
"FkWeChat_1.2.6-jadx"	"sources\p330wd\C9230e.java"	"9922"	".java"
"FkWeChat_1.2.6-jadx"	"sources\p331we\AbstractC9231a.java"	"1740"	".java"
"FkWeChat_1.2.6-jadx"	"sources\p331we\AbstractC9232b.java"	"536"	".java"
"FkWeChat_1.2.6-jadx"	"sources\p331we\InterfaceC9233c.java"	"247"	".java"
"FkWeChat_1.2.6-jadx"	"sources\p332x\AbstractC9242c1.java"	"45266"	".java"
"FkWeChat_1.2.6-jadx"	"sources\p332x\AbstractC9244d0.java"	"554"	".java"
"FkWeChat_1.2.6-jadx"	"sources\p332x\AbstractC9265l.java"	"3207"	".java"
"FkWeChat_1.2.6-jadx"	"sources\p332x\AbstractC9273p.java"	"1467"	".java"
"FkWeChat_1.2.6-jadx"	"sources\p332x\AbstractC9282t0.java"	"571"	".java"
"FkWeChat_1.2.6-jadx"	"sources\p332x\AbstractC9284u0.java"	"3194"	".java"
"FkWeChat_1.2.6-jadx"	"sources\p332x\AbstractC9286v0.java"	"1513"	".java"
"FkWeChat_1.2.6-jadx"	"sources\p332x\C9234a.java"	"3210"	".java"
"FkWeChat_1.2.6-jadx"	"sources\p332x\C9246e.java"	"3527"	".java"
"FkWeChat_1.2.6-jadx"	"sources\p332x\C9247e0.java"	"1392"	".java"
"FkWeChat_1.2.6-jadx"	"sources\p332x\C9260i1.java"	"4930"	".java"
"FkWeChat_1.2.6-jadx"	"sources\p332x\C9267m.java"	"7191"	".java"
"FkWeChat_1.2.6-jadx"	"sources\p332x\C9274p0.java"	"9312"	".java"
"FkWeChat_1.2.6-jadx"	"sources\p332x\C9275q.java"	"2152"	".java"
"FkWeChat_1.2.6-jadx"	"sources\p332x\C9277r.java"	"1826"	".java"
"FkWeChat_1.2.6-jadx"	"sources\p332x\C9278r0.java"	"365"	".java"
"FkWeChat_1.2.6-jadx"	"sources\p332x\C9283u.java"	"1015"	".java"
"FkWeChat_1.2.6-jadx"	"sources\p332x\C9290x0.java"	"1025"	".java"
"FkWeChat_1.2.6-jadx"	"sources\p332x\InterfaceC9241c0.java"	"1086"	".java"
"FkWeChat_1.2.6-jadx"	"sources\p332x\InterfaceC9269n.java"	"289"	".java"
"FkWeChat_1.2.6-jadx"	"sources\p332x\InterfaceC9271o.java"	"911"	".java"
"FkWeChat_1.2.6-jadx"	"sources\p332x\InterfaceC9276q0.java"	"246"	".java"
"FkWeChat_1.2.6-jadx"	"sources\p332x\InterfaceC9288w0.java"	"1094"	".java"
"FkWeChat_1.2.6-jadx"	"sources\p333x0\AbstractC9298d.java"	"37178"	".java"
"FkWeChat_1.2.6-jadx"	"sources\p333x0\AbstractC9302h.java"	"5547"	".java"
"FkWeChat_1.2.6-jadx"	"sources\p333x0\AbstractC9304j.java"	"250"	".java"
"FkWeChat_1.2.6-jadx"	"sources\p333x0\C9297c.java"	"3605"	".java"
"FkWeChat_1.2.6-jadx"	"sources\p333x0\C9303i.java"	"9472"	".java"
"FkWeChat_1.2.6-jadx"	"sources\p333x0\InterfaceC9299e.java"	"343"	".java"
"FkWeChat_1.2.6-jadx"	"sources\p333x0\InterfaceC9300f.java"	"343"	".java"
"FkWeChat_1.2.6-jadx"	"sources\p334x1\AbstractC9306b.java"	"1291"	".java"
"FkWeChat_1.2.6-jadx"	"sources\p334x1\AbstractC9307c.java"	"6614"	".java"
"FkWeChat_1.2.6-jadx"	"sources\p334x1\C9305a.java"	"4538"	".java"
"FkWeChat_1.2.6-jadx"	"sources\p335x2\AbstractC9308a.java"	"470"	".java"
"FkWeChat_1.2.6-jadx"	"sources\p335x2\AbstractC9309a0.java"	"268"	".java"
"FkWeChat_1.2.6-jadx"	"sources\p335x2\AbstractC9310a1.java"	"268"	".java"
"FkWeChat_1.2.6-jadx"	"sources\p335x2\AbstractC9311b.java"	"266"	".java"
"FkWeChat_1.2.6-jadx"	"sources\p335x2\AbstractC9312b0.java"	"268"	".java"
"FkWeChat_1.2.6-jadx"	"sources\p335x2\AbstractC9314c.java"	"593"	".java"
"FkWeChat_1.2.6-jadx"	"sources\p335x2\AbstractC9317d.java"	"363"	".java"
"FkWeChat_1.2.6-jadx"	"sources\p335x2\AbstractC9326g.java"	"825"	".java"
"FkWeChat_1.2.6-jadx"	"sources\p335x2\AbstractC9327g0.java"	"1061"	".java"
"FkWeChat_1.2.6-jadx"	"sources\p335x2\AbstractC9329h.java"	"266"	".java"
"FkWeChat_1.2.6-jadx"	"sources\p335x2\AbstractC9332i.java"	"266"	".java"
"FkWeChat_1.2.6-jadx"	"sources\p335x2\AbstractC9334i1.java"	"9241"	".java"
"FkWeChat_1.2.6-jadx"	"sources\p335x2\AbstractC9337j1.java"	"5637"	".java"
"FkWeChat_1.2.6-jadx"	"sources\p335x2\AbstractC9339k0.java"	"2367"	".java"
"FkWeChat_1.2.6-jadx"	"sources\p335x2\AbstractC9340k1.java"	"632"	".java"
"FkWeChat_1.2.6-jadx"	"sources\p335x2\AbstractC9342l0.java"	"268"	".java"
"FkWeChat_1.2.6-jadx"	"sources\p335x2\AbstractC9346n0.java"	"2839"	".java"
"FkWeChat_1.2.6-jadx"	"sources\p335x2\AbstractC9347o.java"	"266"	".java"
"FkWeChat_1.2.6-jadx"	"sources\p335x2\AbstractC9348o0.java"	"697"	".java"
"FkWeChat_1.2.6-jadx"	"sources\p335x2\AbstractC9349p.java"	"266"	".java"
"FkWeChat_1.2.6-jadx"	"sources\p335x2\AbstractC9351q.java"	"266"	".java"
"FkWeChat_1.2.6-jadx"	"sources\p335x2\AbstractC9353r.java"	"266"	".java"
"FkWeChat_1.2.6-jadx"	"sources\p335x2\AbstractC9354r0.java"	"268"	".java"
"FkWeChat_1.2.6-jadx"	"sources\p335x2\AbstractC9355s.java"	"266"	".java"
"FkWeChat_1.2.6-jadx"	"sources\p335x2\AbstractC9357t.java"	"266"	".java"
"FkWeChat_1.2.6-jadx"	"sources\p335x2\AbstractC9358t0.java"	"480"	".java"
"FkWeChat_1.2.6-jadx"	"sources\p335x2\AbstractC9360u0.java"	"268"	".java"
"FkWeChat_1.2.6-jadx"	"sources\p335x2\AbstractC9361v.java"	"266"	".java"
"FkWeChat_1.2.6-jadx"	"sources\p335x2\AbstractC9362v0.java"	"268"	".java"
"FkWeChat_1.2.6-jadx"	"sources\p335x2\AbstractC9363w.java"	"266"	".java"
"FkWeChat_1.2.6-jadx"	"sources\p335x2\AbstractC9364w0.java"	"268"	".java"
"FkWeChat_1.2.6-jadx"	"sources\p335x2\AbstractC9365x.java"	"266"	".java"
"FkWeChat_1.2.6-jadx"	"sources\p335x2\AbstractC9366x0.java"	"268"	".java"
"FkWeChat_1.2.6-jadx"	"sources\p335x2\AbstractC9368y0.java"	"268"	".java"
"FkWeChat_1.2.6-jadx"	"sources\p335x2\AbstractC9369z.java"	"266"	".java"
"FkWeChat_1.2.6-jadx"	"sources\p335x2\C9313b1.java"	"539"	".java"
"FkWeChat_1.2.6-jadx"	"sources\p335x2\C9315c0.java"	"1167"	".java"
"FkWeChat_1.2.6-jadx"	"sources\p335x2\C9316c1.java"	"3817"	".java"
"FkWeChat_1.2.6-jadx"	"sources\p335x2\C9318d0.java"	"3087"	".java"
"FkWeChat_1.2.6-jadx"	"sources\p335x2\C9321e0.java"	"2986"	".java"
"FkWeChat_1.2.6-jadx"	"sources\p335x2\C9322e1.java"	"6081"	".java"
"FkWeChat_1.2.6-jadx"	"sources\p335x2\C9323f.java"	"1652"	".java"
"FkWeChat_1.2.6-jadx"	"sources\p335x2\C9324f0.java"	"1049"	".java"
"FkWeChat_1.2.6-jadx"	"sources\p335x2\C9325f1.java"	"1516"	".java"
"FkWeChat_1.2.6-jadx"	"sources\p335x2\C9328g1.java"	"19823"	".java"
"FkWeChat_1.2.6-jadx"	"sources\p335x2\C9330h0.java"	"13844"	".java"
"FkWeChat_1.2.6-jadx"	"sources\p335x2\C9331h1.java"	"22504"	".java"
"FkWeChat_1.2.6-jadx"	"sources\p335x2\C9335j.java"	"1413"	".java"
"FkWeChat_1.2.6-jadx"	"sources\p335x2\C9336j0.java"	"6066"	".java"
"FkWeChat_1.2.6-jadx"	"sources\p335x2\C9338k.java"	"1885"	".java"
"FkWeChat_1.2.6-jadx"	"sources\p335x2\C9341l.java"	"1303"	".java"
"FkWeChat_1.2.6-jadx"	"sources\p335x2\C9343m.java"	"962"	".java"
"FkWeChat_1.2.6-jadx"	"sources\p335x2\C9344m0.java"	"620"	".java"
"FkWeChat_1.2.6-jadx"	"sources\p335x2\C9345n.java"	"1308"	".java"
"FkWeChat_1.2.6-jadx"	"sources\p335x2\C9350p0.java"	"2084"	".java"
"FkWeChat_1.2.6-jadx"	"sources\p335x2\C9352q0.java"	"546"	".java"
"FkWeChat_1.2.6-jadx"	"sources\p335x2\C9356s0.java"	"560"	".java"
"FkWeChat_1.2.6-jadx"	"sources\p335x2\C9359u.java"	"2217"	".java"
"FkWeChat_1.2.6-jadx"	"sources\p335x2\C9367y.java"	"936"	".java"
"FkWeChat_1.2.6-jadx"	"sources\p335x2\C9370z0.java"	"811"	".java"
"FkWeChat_1.2.6-jadx"	"sources\p335x2\InterfaceC9319d1.java"	"471"	".java"
"FkWeChat_1.2.6-jadx"	"sources\p336x3\AbstractC9372a0.java"	"268"	".java"
"FkWeChat_1.2.6-jadx"	"sources\p336x3\AbstractC9373a1.java"	"268"	".java"
"FkWeChat_1.2.6-jadx"	"sources\p336x3\AbstractC9374b.java"	"266"	".java"
"FkWeChat_1.2.6-jadx"	"sources\p336x3\AbstractC9375b0.java"	"564"	".java"
"FkWeChat_1.2.6-jadx"	"sources\p336x3\AbstractC9376b1.java"	"268"	".java"
"FkWeChat_1.2.6-jadx"	"sources\p336x3\AbstractC9378c0.java"	"365"	".java"
"FkWeChat_1.2.6-jadx"	"sources\p336x3\AbstractC9379c1.java"	"268"	".java"
"FkWeChat_1.2.6-jadx"	"sources\p336x3\AbstractC9380d.java"	"2333"	".java"
"FkWeChat_1.2.6-jadx"	"sources\p336x3\AbstractC9381d0.java"	"268"	".java"
"FkWeChat_1.2.6-jadx"	"sources\p336x3\AbstractC9382d1.java"	"268"	".java"
"FkWeChat_1.2.6-jadx"	"sources\p336x3\AbstractC9383e.java"	"4985"	".java"
"FkWeChat_1.2.6-jadx"	"sources\p336x3\AbstractC9384e0.java"	"268"	".java"
"FkWeChat_1.2.6-jadx"	"sources\p336x3\AbstractC9385e1.java"	"268"	".java"
"FkWeChat_1.2.6-jadx"	"sources\p336x3\AbstractC9387f0.java"	"268"	".java"
"FkWeChat_1.2.6-jadx"	"sources\p336x3\AbstractC9388f1.java"	"268"	".java"
"FkWeChat_1.2.6-jadx"	"sources\p336x3\AbstractC9390g0.java"	"268"	".java"
"FkWeChat_1.2.6-jadx"	"sources\p336x3\AbstractC9391g1.java"	"268"	".java"
"FkWeChat_1.2.6-jadx"	"sources\p336x3\AbstractC9393h0.java"	"268"	".java"
"FkWeChat_1.2.6-jadx"	"sources\p336x3\AbstractC9394h1.java"	"268"	".java"
"FkWeChat_1.2.6-jadx"	"sources\p336x3\AbstractC9396i0.java"	"268"	".java"
"FkWeChat_1.2.6-jadx"	"sources\p336x3\AbstractC9397i1.java"	"268"	".java"
"FkWeChat_1.2.6-jadx"	"sources\p336x3\AbstractC9399j0.java"	"268"	".java"
"FkWeChat_1.2.6-jadx"	"sources\p336x3\AbstractC9400j1.java"	"268"	".java"
"FkWeChat_1.2.6-jadx"	"sources\p336x3\AbstractC9402k0.java"	"496"	".java"
"FkWeChat_1.2.6-jadx"	"sources\p336x3\AbstractC9403k1.java"	"268"	".java"
"FkWeChat_1.2.6-jadx"	"sources\p336x3\AbstractC9405l0.java"	"268"	".java"
"FkWeChat_1.2.6-jadx"	"sources\p336x3\AbstractC9406l1.java"	"268"	".java"
"FkWeChat_1.2.6-jadx"	"sources\p336x3\AbstractC9407m.java"	"266"	".java"
"FkWeChat_1.2.6-jadx"	"sources\p336x3\AbstractC9409m1.java"	"268"	".java"
"FkWeChat_1.2.6-jadx"	"sources\p336x3\AbstractC9410n.java"	"266"	".java"
"FkWeChat_1.2.6-jadx"	"sources\p336x3\AbstractC9411n0.java"	"499"	".java"
"FkWeChat_1.2.6-jadx"	"sources\p336x3\AbstractC9412n1.java"	"268"	".java"
"FkWeChat_1.2.6-jadx"	"sources\p336x3\AbstractC9413o.java"	"266"	".java"
"FkWeChat_1.2.6-jadx"	"sources\p336x3\AbstractC9414o0.java"	"462"	".java"
"FkWeChat_1.2.6-jadx"	"sources\p336x3\AbstractC9416p.java"	"266"	".java"
"FkWeChat_1.2.6-jadx"	"sources\p336x3\AbstractC9417p0.java"	"268"	".java"
"FkWeChat_1.2.6-jadx"	"sources\p336x3\AbstractC9418p1.java"	"268"	".java"
"FkWeChat_1.2.6-jadx"	"sources\p336x3\AbstractC9419q.java"	"266"	".java"
"FkWeChat_1.2.6-jadx"	"sources\p336x3\AbstractC9420q0.java"	"268"	".java"
"FkWeChat_1.2.6-jadx"	"sources\p336x3\AbstractC9421q1.java"	"268"	".java"
"FkWeChat_1.2.6-jadx"	"sources\p336x3\AbstractC9422r.java"	"266"	".java"
"FkWeChat_1.2.6-jadx"	"sources\p336x3\AbstractC9423r0.java"	"268"	".java"
"FkWeChat_1.2.6-jadx"	"sources\p336x3\AbstractC9425s0.java"	"268"	".java"
"FkWeChat_1.2.6-jadx"	"sources\p336x3\AbstractC9427t0.java"	"268"	".java"
"FkWeChat_1.2.6-jadx"	"sources\p336x3\AbstractC9428u.java"	"24997"	".java"
"FkWeChat_1.2.6-jadx"	"sources\p336x3\AbstractC9429u0.java"	"268"	".java"
"FkWeChat_1.2.6-jadx"	"sources\p336x3\AbstractC9430v.java"	"1286"	".java"
"FkWeChat_1.2.6-jadx"	"sources\p336x3\AbstractC9431v0.java"	"268"	".java"
"FkWeChat_1.2.6-jadx"	"sources\p336x3\AbstractC9432w.java"	"1330"	".java"
"FkWeChat_1.2.6-jadx"	"sources\p336x3\AbstractC9433w0.java"	"268"	".java"
"FkWeChat_1.2.6-jadx"	"sources\p336x3\AbstractC9434x.java"	"2194"	".java"
"FkWeChat_1.2.6-jadx"	"sources\p336x3\AbstractC9435x0.java"	"268"	".java"
"FkWeChat_1.2.6-jadx"	"sources\p336x3\AbstractC9437y0.java"	"268"	".java"
"FkWeChat_1.2.6-jadx"	"sources\p336x3\AbstractC9438z.java"	"582"	".java"
"FkWeChat_1.2.6-jadx"	"sources\p336x3\AbstractC9439z0.java"	"268"	".java"
"FkWeChat_1.2.6-jadx"	"sources\p336x3\C9371a.java"	"8819"	".java"
"FkWeChat_1.2.6-jadx"	"sources\p336x3\C9377c.java"	"4024"	".java"
"FkWeChat_1.2.6-jadx"	"sources\p336x3\C9386f.java"	"1888"	".java"
"FkWeChat_1.2.6-jadx"	"sources\p336x3\C9389g.java"	"568"	".java"
"FkWeChat_1.2.6-jadx"	"sources\p336x3\C9404l.java"	"6235"	".java"
"FkWeChat_1.2.6-jadx"	"sources\p336x3\C9408m0.java"	"46346"	".java"
"FkWeChat_1.2.6-jadx"	"sources\p336x3\C9415o1.java"	"7358"	".java"
"FkWeChat_1.2.6-jadx"	"sources\p336x3\C9436y.java"	"27242"	".java"
"FkWeChat_1.2.6-jadx"	"sources\p336x3\InterfaceC9392h.java"	"364"	".java"
"FkWeChat_1.2.6-jadx"	"sources\p336x3\InterfaceC9395i.java"	"246"	".java"
"FkWeChat_1.2.6-jadx"	"sources\p336x3\ViewTreeObserverOnPreDrawListenerC9398j.java"	"2496"	".java"
"FkWeChat_1.2.6-jadx"	"sources\p337x4\AbstractC9440a.java"	"25024"	".java"
"FkWeChat_1.2.6-jadx"	"sources\p337x4\AbstractC9442c.java"	"11508"	".java"
"FkWeChat_1.2.6-jadx"	"sources\p338x5\C9447e.java"	"2043"	".java"
"FkWeChat_1.2.6-jadx"	"sources\p338x5\InterfaceC9444b.java"	"741"	".java"
"FkWeChat_1.2.6-jadx"	"sources\p339x6\AbstractC9456i.java"	"2425"	".java"
"FkWeChat_1.2.6-jadx"	"sources\p339x6\AbstractC9458k.java"	"495"	".java"
"FkWeChat_1.2.6-jadx"	"sources\p339x6\AbstractC9459l.java"	"9468"	".java"
"FkWeChat_1.2.6-jadx"	"sources\p339x6\AbstractC9460m.java"	"663"	".java"
"FkWeChat_1.2.6-jadx"	"sources\p339x6\C9448a.java"	"22680"	".java"
"FkWeChat_1.2.6-jadx"	"sources\p339x6\C9449b.java"	"388"	".java"
"FkWeChat_1.2.6-jadx"	"sources\p339x6\C9450c.java"	"460"	".java"
"FkWeChat_1.2.6-jadx"	"sources\p339x6\C9451d.java"	"5764"	".java"
"FkWeChat_1.2.6-jadx"	"sources\p339x6\C9452e.java"	"2023"	".java"
"FkWeChat_1.2.6-jadx"	"sources\p339x6\C9453f.java"	"8673"	".java"
"FkWeChat_1.2.6-jadx"	"sources\p339x6\EnumC9454g.java"	"3759"	".java"
"FkWeChat_1.2.6-jadx"	"sources\p339x6\InterfaceC9455h.java"	"710"	".java"
"FkWeChat_1.2.6-jadx"	"sources\p339x6\InterfaceC9457j.java"	"703"	".java"
"FkWeChat_1.2.6-jadx"	"sources\p340x7\AbstractC9461a.java"	"5907"	".java"
"FkWeChat_1.2.6-jadx"	"sources\p340x7\C9463c.java"	"1300"	".java"
"FkWeChat_1.2.6-jadx"	"sources\p341x8\AbstractC9464a.java"	"250"	".java"
"FkWeChat_1.2.6-jadx"	"sources\p341x8\AbstractC9465b.java"	"273"	".java"
"FkWeChat_1.2.6-jadx"	"sources\p341x8\AbstractC9466c.java"	"1428"	".java"
"FkWeChat_1.2.6-jadx"	"sources\p342x9\EnumC9470d.java"	"4643"	".java"
"FkWeChat_1.2.6-jadx"	"sources\p342x9\InterfaceC9467a.java"	"247"	".java"
"FkWeChat_1.2.6-jadx"	"sources\p342x9\InterfaceC9468b.java"	"318"	".java"
"FkWeChat_1.2.6-jadx"	"sources\p342x9\InterfaceC9469c.java"	"567"	".java"
"FkWeChat_1.2.6-jadx"	"sources\p343xa\C9471a.java"	"4743"	".java"
"FkWeChat_1.2.6-jadx"	"sources\p343xa\C9473c.java"	"2360"	".java"
"FkWeChat_1.2.6-jadx"	"sources\p343xa\C9474d.java"	"3547"	".java"
"FkWeChat_1.2.6-jadx"	"sources\p343xa\C9475e.java"	"421"	".java"
"FkWeChat_1.2.6-jadx"	"sources\p343xa\EnumC9476f.java"	"4871"	".java"
"FkWeChat_1.2.6-jadx"	"sources\p343xa\InterfaceC9477g.java"	"2079"	".java"
"FkWeChat_1.2.6-jadx"	"sources\p344xb\AbstractC9480c.java"	"1372"	".java"
"FkWeChat_1.2.6-jadx"	"sources\p344xb\AbstractC9481d.java"	"7108"	".java"
"FkWeChat_1.2.6-jadx"	"sources\p344xb\C9478a.java"	"597"	".java"
"FkWeChat_1.2.6-jadx"	"sources\p344xb\C9479b.java"	"5356"	".java"
"FkWeChat_1.2.6-jadx"	"sources\p344xb\C9482e.java"	"1747"	".java"
"FkWeChat_1.2.6-jadx"	"sources\p345xc\AbstractC9483a.java"	"7157"	".java"
"FkWeChat_1.2.6-jadx"	"sources\p345xc\AbstractC9484b.java"	"8019"	".java"
"FkWeChat_1.2.6-jadx"	"sources\p345xc\InterfaceC9485c.java"	"3199"	".java"
"FkWeChat_1.2.6-jadx"	"sources\p345xc\InterfaceC9486d.java"	"2001"	".java"
"FkWeChat_1.2.6-jadx"	"sources\p345xc\InterfaceC9487e.java"	"1470"	".java"
"FkWeChat_1.2.6-jadx"	"sources\p345xc\InterfaceC9488f.java"	"2285"	".java"
"FkWeChat_1.2.6-jadx"	"sources\p346xd\C9489a.java"	"6054"	".java"
"FkWeChat_1.2.6-jadx"	"sources\p347xe\EnumC9490a.java"	"2882"	".java"
"FkWeChat_1.2.6-jadx"	"sources\p347xe\EnumC9491b.java"	"1292"	".java"
"FkWeChat_1.2.6-jadx"	"sources\p347xe\EnumC9492c.java"	"537"	".java"
"FkWeChat_1.2.6-jadx"	"sources\p347xe\EnumC9493d.java"	"648"	".java"
"FkWeChat_1.2.6-jadx"	"sources\p347xe\EnumC9494e.java"	"618"	".java"
"FkWeChat_1.2.6-jadx"	"sources\p348y\AbstractC9499e.java"	"552"	".java"
"FkWeChat_1.2.6-jadx"	"sources\p348y\AbstractC9500f.java"	"661"	".java"
"FkWeChat_1.2.6-jadx"	"sources\p348y\AbstractC9501g.java"	"584"	".java"
"FkWeChat_1.2.6-jadx"	"sources\p348y\C9496b.java"	"2628"	".java"
"FkWeChat_1.2.6-jadx"	"sources\p348y\C9498d.java"	"4831"	".java"
"FkWeChat_1.2.6-jadx"	"sources\p348y\C9502h.java"	"1614"	".java"
"FkWeChat_1.2.6-jadx"	"sources\p348y\InterfaceC9495a.java"	"409"	".java"
"FkWeChat_1.2.6-jadx"	"sources\p348y\InterfaceC9503i.java"	"540"	".java"
"FkWeChat_1.2.6-jadx"	"sources\p349y0\AbstractC9506a.java"	"698"	".java"
"FkWeChat_1.2.6-jadx"	"sources\p349y0\AbstractC9509d.java"	"1707"	".java"
"FkWeChat_1.2.6-jadx"	"sources\p349y0\AbstractC9511f.java"	"468"	".java"
"FkWeChat_1.2.6-jadx"	"sources\p349y0\AbstractC9512g.java"	"4506"	".java"
"FkWeChat_1.2.6-jadx"	"sources\p349y0\C9507b.java"	"8998"	".java"
"FkWeChat_1.2.6-jadx"	"sources\p349y0\C9508c.java"	"24129"	".java"
"FkWeChat_1.2.6-jadx"	"sources\p349y0\C9510e.java"	"10435"	".java"
"FkWeChat_1.2.6-jadx"	"sources\p350y1\AbstractC9514b.java"	"15682"	".java"
"FkWeChat_1.2.6-jadx"	"sources\p350y1\AbstractC9517e.java"	"767"	".java"
"FkWeChat_1.2.6-jadx"	"sources\p350y1\AbstractC9520h.java"	"36613"	".java"
"FkWeChat_1.2.6-jadx"	"sources\p350y1\AbstractC9521i.java"	"6488"	".java"
"FkWeChat_1.2.6-jadx"	"sources\p350y1\AbstractC9523k.java"	"21535"	".java"
"FkWeChat_1.2.6-jadx"	"sources\p350y1\AbstractC9524l.java"	"1196"	".java"
"FkWeChat_1.2.6-jadx"	"sources\p350y1\AbstractC9527o.java"	"2629"	".java"
"FkWeChat_1.2.6-jadx"	"sources\p350y1\AbstractC9528p.java"	"423"	".java"
"FkWeChat_1.2.6-jadx"	"sources\p350y1\C9513a.java"	"4400"	".java"
"FkWeChat_1.2.6-jadx"	"sources\p350y1\C9515c.java"	"10808"	".java"
"FkWeChat_1.2.6-jadx"	"sources\p350y1\C9516d.java"	"15013"	".java"
"FkWeChat_1.2.6-jadx"	"sources\p350y1\C9518f.java"	"3310"	".java"
"FkWeChat_1.2.6-jadx"	"sources\p350y1\C9519g.java"	"9631"	".java"
"FkWeChat_1.2.6-jadx"	"sources\p350y1\C9522j.java"	"3541"	".java"
"FkWeChat_1.2.6-jadx"	"sources\p350y1\C9525m.java"	"8781"	".java"
"FkWeChat_1.2.6-jadx"	"sources\p350y1\C9526n.java"	"5094"	".java"
"FkWeChat_1.2.6-jadx"	"sources\p350y1\C9529q.java"	"5328"	".java"
"FkWeChat_1.2.6-jadx"	"sources\p350y1\C9531s.java"	"5937"	".java"
"FkWeChat_1.2.6-jadx"	"sources\p351y2\AbstractC9533b.java"	"1327"	".java"
"FkWeChat_1.2.6-jadx"	"sources\p351y2\AbstractC9534c.java"	"266"	".java"
"FkWeChat_1.2.6-jadx"	"sources\p351y2\AbstractC9538g.java"	"564"	".java"
"FkWeChat_1.2.6-jadx"	"sources\p351y2\AbstractC9539h.java"	"776"	".java"
"FkWeChat_1.2.6-jadx"	"sources\p351y2\C9532a.java"	"1473"	".java"
"FkWeChat_1.2.6-jadx"	"sources\p351y2\C9535d.java"	"1240"	".java"
"FkWeChat_1.2.6-jadx"	"sources\p351y2\C9536e.java"	"1074"	".java"
"FkWeChat_1.2.6-jadx"	"sources\p351y2\C9540i.java"	"7940"	".java"
"FkWeChat_1.2.6-jadx"	"sources\p351y2\C9541j.java"	"2002"	".java"
"FkWeChat_1.2.6-jadx"	"sources\p351y2\InterfaceC9537f.java"	"516"	".java"
"FkWeChat_1.2.6-jadx"	"sources\p352y3\AbstractC9543b.java"	"974"	".java"
"FkWeChat_1.2.6-jadx"	"sources\p352y3\AbstractC9544c.java"	"997"	".java"
"FkWeChat_1.2.6-jadx"	"sources\p352y3\AbstractC9545d.java"	"266"	".java"
"FkWeChat_1.2.6-jadx"	"sources\p352y3\AbstractC9546e.java"	"266"	".java"
"FkWeChat_1.2.6-jadx"	"sources\p352y3\AbstractC9547f.java"	"266"	".java"
"FkWeChat_1.2.6-jadx"	"sources\p352y3\AbstractC9548g.java"	"266"	".java"
"FkWeChat_1.2.6-jadx"	"sources\p352y3\AbstractC9549h.java"	"266"	".java"
"FkWeChat_1.2.6-jadx"	"sources\p352y3\AbstractC9550i.java"	"266"	".java"
"FkWeChat_1.2.6-jadx"	"sources\p352y3\AbstractC9551j.java"	"266"	".java"
"FkWeChat_1.2.6-jadx"	"sources\p352y3\AbstractC9552k.java"	"266"	".java"
"FkWeChat_1.2.6-jadx"	"sources\p352y3\AbstractC9553l.java"	"266"	".java"
"FkWeChat_1.2.6-jadx"	"sources\p352y3\AbstractC9554m.java"	"266"	".java"
"FkWeChat_1.2.6-jadx"	"sources\p352y3\AbstractC9555n.java"	"266"	".java"
"FkWeChat_1.2.6-jadx"	"sources\p352y3\AbstractC9556o.java"	"266"	".java"
"FkWeChat_1.2.6-jadx"	"sources\p352y3\AbstractC9557p.java"	"266"	".java"
"FkWeChat_1.2.6-jadx"	"sources\p352y3\AbstractC9558q.java"	"266"	".java"
"FkWeChat_1.2.6-jadx"	"sources\p352y3\AbstractC9559r.java"	"266"	".java"
"FkWeChat_1.2.6-jadx"	"sources\p352y3\AbstractC9560s.java"	"266"	".java"
"FkWeChat_1.2.6-jadx"	"sources\p352y3\C9542a.java"	"991"	".java"
"FkWeChat_1.2.6-jadx"	"sources\p352y3\C9561t.java"	"42161"	".java"
"FkWeChat_1.2.6-jadx"	"sources\p352y3\C9562u.java"	"3860"	".java"
"FkWeChat_1.2.6-jadx"	"sources\p352y3\InterfaceC9563v.java"	"1911"	".java"
"FkWeChat_1.2.6-jadx"	"sources\p353y4\C9564a.java"	"9861"	".java"
"FkWeChat_1.2.6-jadx"	"sources\p353y4\C9566c.java"	"4345"	".java"
"FkWeChat_1.2.6-jadx"	"sources\p353y4\InterfaceC9567d.java"	"1103"	".java"
"FkWeChat_1.2.6-jadx"	"sources\p354y5\AbstractC9599v.java"	"11287"	".java"
"FkWeChat_1.2.6-jadx"	"sources\p355y6\AbstractC9604a.java"	"479"	".java"
"FkWeChat_1.2.6-jadx"	"sources\p356y7\C9605a.java"	"1520"	".java"
"FkWeChat_1.2.6-jadx"	"sources\p356y7\C9606b.java"	"2887"	".java"
"FkWeChat_1.2.6-jadx"	"sources\p356y7\C9607c.java"	"1940"	".java"
"FkWeChat_1.2.6-jadx"	"sources\p357y8\AbstractC9608a.java"	"814"	".java"
"FkWeChat_1.2.6-jadx"	"sources\p358y9\AbstractC9611b.java"	"19331"	".java"
"FkWeChat_1.2.6-jadx"	"sources\p358y9\AbstractC9612b0.java"	"6571"	".java"
"FkWeChat_1.2.6-jadx"	"sources\p358y9\AbstractC9626i0.java"	"3922"	".java"
"FkWeChat_1.2.6-jadx"	"sources\p358y9\AbstractC9628j0.java"	"8430"	".java"
"FkWeChat_1.2.6-jadx"	"sources\p358y9\AbstractC9629k.java"	"832"	".java"
"FkWeChat_1.2.6-jadx"	"sources\p358y9\AbstractC9636n0.java"	"2904"	".java"
"FkWeChat_1.2.6-jadx"	"sources\p358y9\AbstractC9637o.java"	"3161"	".java"
"FkWeChat_1.2.6-jadx"	"sources\p358y9\AbstractC9646s0.java"	"5669"	".java"
"FkWeChat_1.2.6-jadx"	"sources\p358y9\AbstractC9647t.java"	"733"	".java"
"FkWeChat_1.2.6-jadx"	"sources\p358y9\AbstractC9648t0.java"	"26309"	".java"
"FkWeChat_1.2.6-jadx"	"sources\p358y9\AbstractC9650u0.java"	"2482"	".java"
"FkWeChat_1.2.6-jadx"	"sources\p358y9\AbstractC9653x.java"	"2541"	".java"
"FkWeChat_1.2.6-jadx"	"sources\p358y9\AbstractC9654y.java"	"9558"	".java"
"FkWeChat_1.2.6-jadx"	"sources\p358y9\C9609a.java"	"472"	".java"
"FkWeChat_1.2.6-jadx"	"sources\p358y9\C9614c0.java"	"2971"	".java"
"FkWeChat_1.2.6-jadx"	"sources\p358y9\C9616d0.java"	"3020"	".java"
"FkWeChat_1.2.6-jadx"	"sources\p358y9\C9617e.java"	"656"	".java"
"FkWeChat_1.2.6-jadx"	"sources\p358y9\C9618e0.java"	"731"	".java"
"FkWeChat_1.2.6-jadx"	"sources\p358y9\C9619f.java"	"1983"	".java"
"FkWeChat_1.2.6-jadx"	"sources\p358y9\C9620f0.java"	"472"	".java"
"FkWeChat_1.2.6-jadx"	"sources\p358y9\C9621g.java"	"514"	".java"
"FkWeChat_1.2.6-jadx"	"sources\p358y9\C9622g0.java"	"3563"	".java"
"FkWeChat_1.2.6-jadx"	"sources\p358y9\C9623h.java"	"514"	".java"
"FkWeChat_1.2.6-jadx"	"sources\p358y9\C9624h0.java"	"2747"	".java"
"FkWeChat_1.2.6-jadx"	"sources\p358y9\C9625i.java"	"2569"	".java"
"FkWeChat_1.2.6-jadx"	"sources\p358y9\C9627j.java"	"5091"	".java"
"FkWeChat_1.2.6-jadx"	"sources\p358y9\C9631l.java"	"514"	".java"
"FkWeChat_1.2.6-jadx"	"sources\p358y9\C9632l0.java"	"556"	".java"
"FkWeChat_1.2.6-jadx"	"sources\p358y9\C9633m.java"	"2563"	".java"
"FkWeChat_1.2.6-jadx"	"sources\p358y9\C9634m0.java"	"1430"	".java"
"FkWeChat_1.2.6-jadx"	"sources\p358y9\C9635n.java"	"726"	".java"
"FkWeChat_1.2.6-jadx"	"sources\p358y9\C9639p.java"	"499"	".java"
"FkWeChat_1.2.6-jadx"	"sources\p358y9\C9640p0.java"	"527"	".java"
"FkWeChat_1.2.6-jadx"	"sources\p358y9\C9641q.java"	"4829"	".java"
"FkWeChat_1.2.6-jadx"	"sources\p358y9\C9642q0.java"	"527"	".java"
"FkWeChat_1.2.6-jadx"	"sources\p358y9\C9643r.java"	"2717"	".java"
"FkWeChat_1.2.6-jadx"	"sources\p358y9\C9644r0.java"	"527"	".java"
"FkWeChat_1.2.6-jadx"	"sources\p358y9\C9645s.java"	"1647"	".java"
"FkWeChat_1.2.6-jadx"	"sources\p358y9\C9652w.java"	"2911"	".java"
"FkWeChat_1.2.6-jadx"	"sources\p358y9\EnumC9613c.java"	"2387"	".java"
"FkWeChat_1.2.6-jadx"	"sources\p358y9\EnumC9638o0.java"	"2652"	".java"
"FkWeChat_1.2.6-jadx"	"sources\p358y9\InterfaceC9610a0.java"	"371"	".java"
"FkWeChat_1.2.6-jadx"	"sources\p358y9\InterfaceC9630k0.java"	"1056"	".java"
"FkWeChat_1.2.6-jadx"	"sources\p358y9\InterfaceC9649u.java"	"2829"	".java"
"FkWeChat_1.2.6-jadx"	"sources\p358y9\InterfaceC9651v.java"	"900"	".java"
"FkWeChat_1.2.6-jadx"	"sources\p359ya\C9657b.java"	"726"	".java"
"FkWeChat_1.2.6-jadx"	"sources\p359ya\InterfaceC9656a.java"	"247"	".java"
"FkWeChat_1.2.6-jadx"	"sources\p360yb\AbstractC9658a.java"	"1814"	".java"
"FkWeChat_1.2.6-jadx"	"sources\p360yb\InterfaceC9659b.java"	"347"	".java"
"FkWeChat_1.2.6-jadx"	"sources\p360yb\InterfaceC9660c.java"	"2542"	".java"
"FkWeChat_1.2.6-jadx"	"sources\p360yb\InterfaceC9661d.java"	"333"	".java"
"FkWeChat_1.2.6-jadx"	"sources\p360yb\InterfaceC9662e.java"	"350"	".java"
"FkWeChat_1.2.6-jadx"	"sources\p360yb\InterfaceC9663f.java"	"843"	".java"
"FkWeChat_1.2.6-jadx"	"sources\p360yb\InterfaceC9664g.java"	"697"	".java"
"FkWeChat_1.2.6-jadx"	"sources\p360yb\InterfaceC9665h.java"	"369"	".java"
"FkWeChat_1.2.6-jadx"	"sources\p361yc\AbstractC9666a.java"	"3554"	".java"
"FkWeChat_1.2.6-jadx"	"sources\p361yc\AbstractC9668a1.java"	"4089"	".java"
"FkWeChat_1.2.6-jadx"	"sources\p361yc\AbstractC9671b.java"	"4797"	".java"
"FkWeChat_1.2.6-jadx"	"sources\p361yc\AbstractC9676c.java"	"1662"	".java"
"FkWeChat_1.2.6-jadx"	"sources\p361yc\AbstractC9680c3.java"	"10068"	".java"
"FkWeChat_1.2.6-jadx"	"sources\p361yc\AbstractC9684d2.java"	"17428"	".java"
"FkWeChat_1.2.6-jadx"	"sources\p361yc\AbstractC9685d3.java"	"9313"	".java"
"FkWeChat_1.2.6-jadx"	"sources\p361yc\AbstractC9689e2.java"	"3891"	".java"
"FkWeChat_1.2.6-jadx"	"sources\p361yc\AbstractC9693f1.java"	"3685"	".java"
"FkWeChat_1.2.6-jadx"	"sources\p361yc\AbstractC9694f2.java"	"854"	".java"
"FkWeChat_1.2.6-jadx"	"sources\p361yc\AbstractC9700g3.java"	"349"	".java"
"FkWeChat_1.2.6-jadx"	"sources\p361yc\AbstractC9712j0.java"	"1949"	".java"
"FkWeChat_1.2.6-jadx"	"sources\p361yc\AbstractC9724l2.java"	"2681"	".java"
"FkWeChat_1.2.6-jadx"	"sources\p361yc\AbstractC9728m1.java"	"4526"	".java"
"FkWeChat_1.2.6-jadx"	"sources\p361yc\AbstractC9729m2.java"	"404"	".java"
"FkWeChat_1.2.6-jadx"	"sources\p361yc\AbstractC9733n1.java"	"4813"	".java"
"FkWeChat_1.2.6-jadx"	"sources\p361yc\AbstractC9734n2.java"	"993"	".java"
"FkWeChat_1.2.6-jadx"	"sources\p361yc\AbstractC9736o.java"	"1143"	".java"
"FkWeChat_1.2.6-jadx"	"sources\p361yc\AbstractC9744p2.java"	"3864"	".java"
"FkWeChat_1.2.6-jadx"	"sources\p361yc\AbstractC9748q1.java"	"1494"	".java"
"FkWeChat_1.2.6-jadx"	"sources\p361yc\AbstractC9753r1.java"	"1167"	".java"
"FkWeChat_1.2.6-jadx"	"sources\p361yc\AbstractC9754r2.java"	"1862"	".java"
"FkWeChat_1.2.6-jadx"	"sources\p361yc\AbstractC9756s.java"	"267"	".java"
"FkWeChat_1.2.6-jadx"	"sources\p361yc\AbstractC9762t0.java"	"2285"	".java"
"FkWeChat_1.2.6-jadx"	"sources\p361yc\AbstractC9769u2.java"	"253"	".java"
"FkWeChat_1.2.6-jadx"	"sources\p361yc\AbstractC9775w.java"	"2676"	".java"
"FkWeChat_1.2.6-jadx"	"sources\p361yc\AbstractC9779x.java"	"1125"	".java"
"FkWeChat_1.2.6-jadx"	"sources\p361yc\AbstractC9784y0.java"	"522"	".java"
"FkWeChat_1.2.6-jadx"	"sources\p361yc\C9667a0.java"	"1594"	".java"
"FkWeChat_1.2.6-jadx"	"sources\p361yc\C9669a2.java"	"2673"	".java"
"FkWeChat_1.2.6-jadx"	"sources\p361yc\C9672b0.java"	"2124"	".java"
"FkWeChat_1.2.6-jadx"	"sources\p361yc\C9673b1.java"	"657"	".java"
"FkWeChat_1.2.6-jadx"	"sources\p361yc\C9674b2.java"	"403"	".java"
"FkWeChat_1.2.6-jadx"	"sources\p361yc\C9677c0.java"	"1624"	".java"
"FkWeChat_1.2.6-jadx"	"sources\p361yc\C9678c1.java"	"2999"	".java"
"FkWeChat_1.2.6-jadx"	"sources\p361yc\C9681d.java"	"680"	".java"
"FkWeChat_1.2.6-jadx"	"sources\p361yc\C9682d0.java"	"1814"	".java"
"FkWeChat_1.2.6-jadx"	"sources\p361yc\C9683d1.java"	"703"	".java"
"FkWeChat_1.2.6-jadx"	"sources\p361yc\C9686e.java"	"696"	".java"
"FkWeChat_1.2.6-jadx"	"sources\p361yc\C9687e0.java"	"3947"	".java"
"FkWeChat_1.2.6-jadx"	"sources\p361yc\C9688e1.java"	"2649"	".java"
"FkWeChat_1.2.6-jadx"	"sources\p361yc\C9691f.java"	"2594"	".java"
"FkWeChat_1.2.6-jadx"	"sources\p361yc\C9695f3.java"	"5850"	".java"
"FkWeChat_1.2.6-jadx"	"sources\p361yc\C9696g.java"	"1597"	".java"
"FkWeChat_1.2.6-jadx"	"sources\p361yc\C9697g0.java"	"3384"	".java"
"FkWeChat_1.2.6-jadx"	"sources\p361yc\C9698g1.java"	"1582"	".java"
"FkWeChat_1.2.6-jadx"	"sources\p361yc\C9701h.java"	"2118"	".java"
"FkWeChat_1.2.6-jadx"	"sources\p361yc\C9703h1.java"	"2114"	".java"
"FkWeChat_1.2.6-jadx"	"sources\p361yc\C9705h3.java"	"1932"	".java"
"FkWeChat_1.2.6-jadx"	"sources\p361yc\C9706i.java"	"1626"	".java"
"FkWeChat_1.2.6-jadx"	"sources\p361yc\C9707i0.java"	"4024"	".java"
"FkWeChat_1.2.6-jadx"	"sources\p361yc\C9708i1.java"	"1614"	".java"
"FkWeChat_1.2.6-jadx"	"sources\p361yc\C9710i3.java"	"2705"	".java"
"FkWeChat_1.2.6-jadx"	"sources\p361yc\C9711j.java"	"1579"	".java"
"FkWeChat_1.2.6-jadx"	"sources\p361yc\C9714j2.java"	"10235"	".java"
"FkWeChat_1.2.6-jadx"	"sources\p361yc\C9715j3.java"	"1864"	".java"
"FkWeChat_1.2.6-jadx"	"sources\p361yc\C9716k.java"	"2103"	".java"
"FkWeChat_1.2.6-jadx"	"sources\p361yc\C9717k0.java"	"1588"	".java"
"FkWeChat_1.2.6-jadx"	"sources\p361yc\C9718k1.java"	"4609"	".java"
"FkWeChat_1.2.6-jadx"	"sources\p361yc\C9720k3.java"	"1933"	".java"
"FkWeChat_1.2.6-jadx"	"sources\p361yc\C9721l.java"	"1610"	".java"
"FkWeChat_1.2.6-jadx"	"sources\p361yc\C9722l0.java"	"2119"	".java"
"FkWeChat_1.2.6-jadx"	"sources\p361yc\C9723l1.java"	"530"	".java"
"FkWeChat_1.2.6-jadx"	"sources\p361yc\C9725l3.java"	"2712"	".java"
"FkWeChat_1.2.6-jadx"	"sources\p361yc\C9726m.java"	"461"	".java"
"FkWeChat_1.2.6-jadx"	"sources\p361yc\C9727m0.java"	"1619"	".java"
"FkWeChat_1.2.6-jadx"	"sources\p361yc\C9730m3.java"	"1865"	".java"
"FkWeChat_1.2.6-jadx"	"sources\p361yc\C9735n3.java"	"1940"	".java"
"FkWeChat_1.2.6-jadx"	"sources\p361yc\C9737o0.java"	"651"	".java"
"FkWeChat_1.2.6-jadx"	"sources\p361yc\C9738o1.java"	"829"	".java"
"FkWeChat_1.2.6-jadx"	"sources\p361yc\C9739o2.java"	"819"	".java"
"FkWeChat_1.2.6-jadx"	"sources\p361yc\C9740o3.java"	"2716"	".java"
"FkWeChat_1.2.6-jadx"	"sources\p361yc\C9741p.java"	"1579"	".java"
"FkWeChat_1.2.6-jadx"	"sources\p361yc\C9742p0.java"	"2826"	".java"
"FkWeChat_1.2.6-jadx"	"sources\p361yc\C9745p3.java"	"1868"	".java"
"FkWeChat_1.2.6-jadx"	"sources\p361yc\C9746q.java"	"2103"	".java"
"FkWeChat_1.2.6-jadx"	"sources\p361yc\C9747q0.java"	"697"	".java"
"FkWeChat_1.2.6-jadx"	"sources\p361yc\C9749q2.java"	"3381"	".java"
"FkWeChat_1.2.6-jadx"	"sources\p361yc\C9750q3.java"	"1947"	".java"
"FkWeChat_1.2.6-jadx"	"sources\p361yc\C9751r.java"	"1623"	".java"
"FkWeChat_1.2.6-jadx"	"sources\p361yc\C9752r0.java"	"2493"	".java"
"FkWeChat_1.2.6-jadx"	"sources\p361yc\C9755r3.java"	"2720"	".java"
"FkWeChat_1.2.6-jadx"	"sources\p361yc\C9757s0.java"	"2000"	".java"
"FkWeChat_1.2.6-jadx"	"sources\p361yc\C9758s1.java"	"2611"	".java"
"FkWeChat_1.2.6-jadx"	"sources\p361yc\C9759s2.java"	"3361"	".java"
"FkWeChat_1.2.6-jadx"	"sources\p361yc\C9760s3.java"	"1873"	".java"
"FkWeChat_1.2.6-jadx"	"sources\p361yc\C9761t.java"	"2081"	".java"
"FkWeChat_1.2.6-jadx"	"sources\p361yc\C9763t1.java"	"2967"	".java"
"FkWeChat_1.2.6-jadx"	"sources\p361yc\C9764t2.java"	"3485"	".java"
"FkWeChat_1.2.6-jadx"	"sources\p361yc\C9765t3.java"	"1659"	".java"
"FkWeChat_1.2.6-jadx"	"sources\p361yc\C9766u.java"	"3020"	".java"
"FkWeChat_1.2.6-jadx"	"sources\p361yc\C9767u0.java"	"1545"	".java"
"FkWeChat_1.2.6-jadx"	"sources\p361yc\C9768u1.java"	"1480"	".java"
"FkWeChat_1.2.6-jadx"	"sources\p361yc\C9770u3.java"	"1542"	".java"
"FkWeChat_1.2.6-jadx"	"sources\p361yc\C9771v.java"	"497"	".java"
"FkWeChat_1.2.6-jadx"	"sources\p361yc\C9772v0.java"	"1576"	".java"
"FkWeChat_1.2.6-jadx"	"sources\p361yc\C9773v1.java"	"2017"	".java"
"FkWeChat_1.2.6-jadx"	"sources\p361yc\C9776w0.java"	"2109"	".java"
"FkWeChat_1.2.6-jadx"	"sources\p361yc\C9778w2.java"	"1588"	".java"
"FkWeChat_1.2.6-jadx"	"sources\p361yc\C9780x0.java"	"1617"	".java"
"FkWeChat_1.2.6-jadx"	"sources\p361yc\C9782x2.java"	"2121"	".java"
"FkWeChat_1.2.6-jadx"	"sources\p361yc\C9783y.java"	"1496"	".java"
"FkWeChat_1.2.6-jadx"	"sources\p361yc\C9785y1.java"	"3844"	".java"
"FkWeChat_1.2.6-jadx"	"sources\p361yc\C9786y2.java"	"1619"	".java"
"FkWeChat_1.2.6-jadx"	"sources\p361yc\C9787z.java"	"2759"	".java"
"FkWeChat_1.2.6-jadx"	"sources\p361yc\C9788z0.java"	"2407"	".java"
"FkWeChat_1.2.6-jadx"	"sources\p361yc\C9790z2.java"	"1472"	".java"
"FkWeChat_1.2.6-jadx"	"sources\p361yc\InterfaceC9679c2.java"	"411"	".java"
"FkWeChat_1.2.6-jadx"	"sources\p361yc\InterfaceC9731n.java"	"331"	".java"
"FkWeChat_1.2.6-jadx"	"sources\p361yc\InterfaceC9732n0.java"	"908"	".java"
"FkWeChat_1.2.6-jadx"	"sources\p361yc\InterfaceC9743p1.java"	"375"	".java"
"FkWeChat_1.2.6-jadx"	"sources\p361yc\InterfaceC9774v2.java"	"417"	".java"
"FkWeChat_1.2.6-jadx"	"sources\p362yd\AbstractC9791a.java"	"267"	".java"
"FkWeChat_1.2.6-jadx"	"sources\p362yd\AbstractC9792b.java"	"462"	".java"
"FkWeChat_1.2.6-jadx"	"sources\p362yd\AbstractC9793c.java"	"267"	".java"
"FkWeChat_1.2.6-jadx"	"sources\p362yd\AbstractC9794d.java"	"439"	".java"
"FkWeChat_1.2.6-jadx"	"sources\p362yd\AbstractC9795e.java"	"267"	".java"
"FkWeChat_1.2.6-jadx"	"sources\p362yd\AbstractC9796f.java"	"267"	".java"
"FkWeChat_1.2.6-jadx"	"sources\p363z\AbstractC9813c.java"	"1130"	".java"
"FkWeChat_1.2.6-jadx"	"sources\p363z\AbstractC9814d.java"	"4739"	".java"
"FkWeChat_1.2.6-jadx"	"sources\p363z\AbstractC9817g.java"	"7775"	".java"
"FkWeChat_1.2.6-jadx"	"sources\p363z\C9811a.java"	"6598"	".java"
"FkWeChat_1.2.6-jadx"	"sources\p363z\C9815e.java"	"1913"	".java"
"FkWeChat_1.2.6-jadx"	"sources\p363z\C9816f.java"	"6691"	".java"
"FkWeChat_1.2.6-jadx"	"sources\p363z\C9820j.java"	"3155"	".java"
"FkWeChat_1.2.6-jadx"	"sources\p363z\C9821k.java"	"6657"	".java"
"FkWeChat_1.2.6-jadx"	"sources\p363z\C9822l.java"	"2001"	".java"
"FkWeChat_1.2.6-jadx"	"sources\p364z0\AbstractC9823a.java"	"746"	".java"
"FkWeChat_1.2.6-jadx"	"sources\p364z0\InterfaceC9824b.java"	"346"	".java"
"FkWeChat_1.2.6-jadx"	"sources\p364z0\InterfaceC9825c.java"	"2138"	".java"
"FkWeChat_1.2.6-jadx"	"sources\p364z0\InterfaceC9826d.java"	"349"	".java"
"FkWeChat_1.2.6-jadx"	"sources\p364z0\InterfaceC9827e.java"	"1212"	".java"
"FkWeChat_1.2.6-jadx"	"sources\p364z0\InterfaceC9828f.java"	"637"	".java"
"FkWeChat_1.2.6-jadx"	"sources\p364z0\InterfaceC9829g.java"	"902"	".java"
"FkWeChat_1.2.6-jadx"	"sources\p365z1\AbstractC9832c.java"	"12355"	".java"
"FkWeChat_1.2.6-jadx"	"sources\p365z1\C9830a.java"	"5156"	".java"
"FkWeChat_1.2.6-jadx"	"sources\p365z1\C9831b.java"	"7704"	".java"
"FkWeChat_1.2.6-jadx"	"sources\p366z2\AbstractC9836d.java"	"3551"	".java"
"FkWeChat_1.2.6-jadx"	"sources\p366z2\AbstractC9841i.java"	"469"	".java"
"FkWeChat_1.2.6-jadx"	"sources\p366z2\AbstractC9843k.java"	"383"	".java"
"FkWeChat_1.2.6-jadx"	"sources\p366z2\C9833a.java"	"904"	".java"
"FkWeChat_1.2.6-jadx"	"sources\p366z2\C9834b.java"	"850"	".java"
"FkWeChat_1.2.6-jadx"	"sources\p366z2\C9835c.java"	"1327"	".java"
"FkWeChat_1.2.6-jadx"	"sources\p366z2\C9837e.java"	"836"	".java"
"FkWeChat_1.2.6-jadx"	"sources\p366z2\C9838f.java"	"1099"	".java"
"FkWeChat_1.2.6-jadx"	"sources\p366z2\C9839g.java"	"1062"	".java"
"FkWeChat_1.2.6-jadx"	"sources\p366z2\C9840h.java"	"5753"	".java"
"FkWeChat_1.2.6-jadx"	"sources\p366z2\C9842j.java"	"6597"	".java"
"FkWeChat_1.2.6-jadx"	"sources\p366z2\C9844l.java"	"1025"	".java"
"FkWeChat_1.2.6-jadx"	"sources\p366z2\C9845m.java"	"876"	".java"
"FkWeChat_1.2.6-jadx"	"sources\p366z2\C9846n.java"	"823"	".java"
"FkWeChat_1.2.6-jadx"	"sources\p366z2\C9847o.java"	"1010"	".java"
"FkWeChat_1.2.6-jadx"	"sources\p367z3\AbstractC9848a.java"	"5303"	".java"
"FkWeChat_1.2.6-jadx"	"sources\p368z4\C9849a.java"	"3468"	".java"
"FkWeChat_1.2.6-jadx"	"sources\p369z5\AbstractC9851a0.java"	"6641"	".java"
"FkWeChat_1.2.6-jadx"	"sources\p369z5\C9872v.java"	"32485"	".java"
"FkWeChat_1.2.6-jadx"	"sources\p369z5\C9873w.java"	"5825"	".java"
"FkWeChat_1.2.6-jadx"	"sources\p369z5\C9874x.java"	"11359"	".java"
"FkWeChat_1.2.6-jadx"	"sources\p369z5\C9875y.java"	"2837"	".java"
"FkWeChat_1.2.6-jadx"	"sources\p369z5\InterfaceC9876z.java"	"1877"	".java"
"FkWeChat_1.2.6-jadx"	"sources\p370z6\AbstractC9879c.java"	"473"	".java"
"FkWeChat_1.2.6-jadx"	"sources\p370z6\AbstractC9881e.java"	"1551"	".java"
"FkWeChat_1.2.6-jadx"	"sources\p370z6\C9882f.java"	"459"	".java"
"FkWeChat_1.2.6-jadx"	"sources\p370z6\InterfaceC9878b.java"	"1872"	".java"
"FkWeChat_1.2.6-jadx"	"sources\p370z6\InterfaceC9880d.java"	"714"	".java"
"FkWeChat_1.2.6-jadx"	"sources\p371z7\AbstractC9883a.java"	"607"	".java"
"FkWeChat_1.2.6-jadx"	"sources\p371z7\AbstractC9884b.java"	"485"	".java"
"FkWeChat_1.2.6-jadx"	"sources\p371z7\AbstractC9885c.java"	"727"	".java"
"FkWeChat_1.2.6-jadx"	"sources\p372z8\AbstractC9886a.java"	"5017"	".java"
"FkWeChat_1.2.6-jadx"	"sources\p372z8\C9887b.java"	"472"	".java"
"FkWeChat_1.2.6-jadx"	"sources\p373z9\AbstractC9888a.java"	"10771"	".java"
"FkWeChat_1.2.6-jadx"	"sources\p373z9\C9889b.java"	"618"	".java"
"FkWeChat_1.2.6-jadx"	"sources\p373z9\C9890c.java"	"3646"	".java"
"FkWeChat_1.2.6-jadx"	"sources\p373z9\C9892e.java"	"499"	".java"
"FkWeChat_1.2.6-jadx"	"sources\p373z9\C9893f.java"	"4901"	".java"
"FkWeChat_1.2.6-jadx"	"sources\p373z9\C9894g.java"	"397"	".java"
"FkWeChat_1.2.6-jadx"	"sources\p373z9\C9895h.java"	"1641"	".java"
"FkWeChat_1.2.6-jadx"	"sources\p373z9\C9898k.java"	"464"	".java"
"FkWeChat_1.2.6-jadx"	"sources\p373z9\C9899l.java"	"1938"	".java"
"FkWeChat_1.2.6-jadx"	"sources\p373z9\C9900m.java"	"464"	".java"
"FkWeChat_1.2.6-jadx"	"sources\p373z9\C9901n.java"	"2341"	".java"
"FkWeChat_1.2.6-jadx"	"sources\p373z9\InterfaceC9896i.java"	"1118"	".java"
"FkWeChat_1.2.6-jadx"	"sources\p373z9\InterfaceC9897j.java"	"5010"	".java"
"FkWeChat_1.2.6-jadx"	"sources\p373z9\InterfaceC9902o.java"	"8241"	".java"
"FkWeChat_1.2.6-jadx"	"sources\p374zb\AbstractC9927a.java"	"2379"	".java"
"FkWeChat_1.2.6-jadx"	"sources\p374zb\AbstractC9928b.java"	"1731"	".java"
"FkWeChat_1.2.6-jadx"	"sources\p374zb\AbstractC9934h.java"	"890"	".java"
"FkWeChat_1.2.6-jadx"	"sources\p374zb\C9929c.java"	"1231"	".java"
"FkWeChat_1.2.6-jadx"	"sources\p374zb\C9930d.java"	"4053"	".java"
"FkWeChat_1.2.6-jadx"	"sources\p374zb\C9931e.java"	"1691"	".java"
"FkWeChat_1.2.6-jadx"	"sources\p374zb\C9932f.java"	"2704"	".java"
"FkWeChat_1.2.6-jadx"	"sources\p374zb\C9933g.java"	"2929"	".java"
"FkWeChat_1.2.6-jadx"	"sources\p375zc\AbstractC9939c.java"	"3956"	".java"
"FkWeChat_1.2.6-jadx"	"sources\p375zc\AbstractC9953j.java"	"3494"	".java"
"FkWeChat_1.2.6-jadx"	"sources\p375zc\AbstractC9956k0.java"	"2403"	".java"
"FkWeChat_1.2.6-jadx"	"sources\p375zc\AbstractC9957l.java"	"1723"	".java"
"FkWeChat_1.2.6-jadx"	"sources\p375zc\AbstractC9959m.java"	"510"	".java"
"FkWeChat_1.2.6-jadx"	"sources\p375zc\AbstractC9960m0.java"	"470"	".java"
"FkWeChat_1.2.6-jadx"	"sources\p375zc\AbstractC9961n.java"	"4080"	".java"
"FkWeChat_1.2.6-jadx"	"sources\p375zc\AbstractC9962n0.java"	"1258"	".java"
"FkWeChat_1.2.6-jadx"	"sources\p375zc\AbstractC9970v.java"	"4821"	".java"
"FkWeChat_1.2.6-jadx"	"sources\p375zc\AbstractC9974z.java"	"1020"	".java"
"FkWeChat_1.2.6-jadx"	"sources\p375zc\C9936a0.java"	"2554"	".java"
"FkWeChat_1.2.6-jadx"	"sources\p375zc\C9941d.java"	"10967"	".java"
"FkWeChat_1.2.6-jadx"	"sources\p375zc\C9943e.java"	"726"	".java"
"FkWeChat_1.2.6-jadx"	"sources\p375zc\C9944e0.java"	"1958"	".java"
"FkWeChat_1.2.6-jadx"	"sources\p375zc\C9945f.java"	"4330"	".java"
"FkWeChat_1.2.6-jadx"	"sources\p375zc\C9946f0.java"	"1838"	".java"
"FkWeChat_1.2.6-jadx"	"sources\p375zc\C9947g.java"	"5651"	".java"
"FkWeChat_1.2.6-jadx"	"sources\p375zc\C9950h0.java"	"11382"	".java"
"FkWeChat_1.2.6-jadx"	"sources\p375zc\C9951i.java"	"6010"	".java"
"FkWeChat_1.2.6-jadx"	"sources\p375zc\C9952i0.java"	"787"	".java"
"FkWeChat_1.2.6-jadx"	"sources\p375zc\C9954j0.java"	"4508"	".java"
"FkWeChat_1.2.6-jadx"	"sources\p375zc\C9973y.java"	"909"	".java"
"FkWeChat_1.2.6-jadx"	"sources\p375zc\EnumC9935a.java"	"1678"	".java"
"FkWeChat_1.2.6-jadx"	"sources\p375zc\EnumC9937b.java"	"1691"	".java"
"FkWeChat_1.2.6-jadx"	"sources\p375zc\InterfaceC9940c0.java"	"398"	".java"
"FkWeChat_1.2.6-jadx"	"sources\p375zc\InterfaceC9942d0.java"	"249"	".java"
"FkWeChat_1.2.6-jadx"	"sources\p375zc\InterfaceC9949h.java"	"402"	".java"
"FkWeChat_1.2.6-jadx"	"sources\p375zc\InterfaceC9955k.java"	"492"	".java"
"FkWeChat_1.2.6-jadx"	"sources\p375zc\InterfaceC9971w.java"	"422"	".java"
"FkWeChat_1.2.6-jadx"	"sources\p375zc\InterfaceC9972x.java"	"373"	".java"
"FkWeChat_1.2.6-jadx"	"sources\p376zd\AbstractC10007o.java"	"5966"	".java"
"FkWeChat_1.2.6-jadx"	"sources\p376zd\AbstractC10013r.java"	"6374"	".java"
"FkWeChat_1.2.6-jadx"	"sources\p376zd\AbstractC10015s.java"	"1521"	".java"
"FkWeChat_1.2.6-jadx"	"sources\p376zd\AbstractC10017t.java"	"1396"	".java"
"FkWeChat_1.2.6-jadx"	"sources\p376zd\AbstractC9975a.java"	"4704"	".java"
"FkWeChat_1.2.6-jadx"	"sources\p376zd\AbstractC9977a1.java"	"2035"	".java"
"FkWeChat_1.2.6-jadx"	"sources\p376zd\AbstractC9978b.java"	"3650"	".java"
"FkWeChat_1.2.6-jadx"	"sources\p376zd\AbstractC9986d1.java"	"869"	".java"
"FkWeChat_1.2.6-jadx"	"sources\p376zd\AbstractC9988e0.java"	"1645"	".java"
"FkWeChat_1.2.6-jadx"	"sources\p376zd\AbstractC9990f0.java"	"1783"	".java"
"FkWeChat_1.2.6-jadx"	"sources\p376zd\AbstractC9992g0.java"	"845"	".java"
"FkWeChat_1.2.6-jadx"	"sources\p376zd\C10002l0.java"	"4003"	".java"
"FkWeChat_1.2.6-jadx"	"sources\p376zd\C10003m.java"	"16868"	".java"
"FkWeChat_1.2.6-jadx"	"sources\p376zd\C10004m0.java"	"3780"	".java"
"FkWeChat_1.2.6-jadx"	"sources\p376zd\C10005n.java"	"4833"	".java"
"FkWeChat_1.2.6-jadx"	"sources\p376zd\C10006n0.java"	"8094"	".java"
"FkWeChat_1.2.6-jadx"	"sources\p376zd\C10008o0.java"	"17530"	".java"
"FkWeChat_1.2.6-jadx"	"sources\p376zd\C10009p.java"	"4449"	".java"
"FkWeChat_1.2.6-jadx"	"sources\p376zd\C10012q0.java"	"6036"	".java"
"FkWeChat_1.2.6-jadx"	"sources\p376zd\C10014r0.java"	"2989"	".java"
"FkWeChat_1.2.6-jadx"	"sources\p376zd\C10018t0.java"	"11199"	".java"
"FkWeChat_1.2.6-jadx"	"sources\p376zd\C10019u.java"	"2371"	".java"
"FkWeChat_1.2.6-jadx"	"sources\p376zd\C10021v.java"	"3577"	".java"
"FkWeChat_1.2.6-jadx"	"sources\p376zd\C10025x.java"	"5884"	".java"
"FkWeChat_1.2.6-jadx"	"sources\p376zd\C10026x0.java"	"7433"	".java"
"FkWeChat_1.2.6-jadx"	"sources\p376zd\C10027y.java"	"3428"	".java"
"FkWeChat_1.2.6-jadx"	"sources\p376zd\C10029z.java"	"4302"	".java"
"FkWeChat_1.2.6-jadx"	"sources\p376zd\C9976a0.java"	"2313"	".java"
"FkWeChat_1.2.6-jadx"	"sources\p376zd\C9979b0.java"	"1569"	".java"
"FkWeChat_1.2.6-jadx"	"sources\p376zd\C9980b1.java"	"470"	".java"
"FkWeChat_1.2.6-jadx"	"sources\p376zd\C9981c.java"	"16603"	".java"
"FkWeChat_1.2.6-jadx"	"sources\p376zd\C9982c0.java"	"579"	".java"
"FkWeChat_1.2.6-jadx"	"sources\p376zd\C9983c1.java"	"500"	".java"
"FkWeChat_1.2.6-jadx"	"sources\p376zd\C9984d.java"	"813"	".java"
"FkWeChat_1.2.6-jadx"	"sources\p376zd\C9985d0.java"	"1644"	".java"
"FkWeChat_1.2.6-jadx"	"sources\p376zd\C9987e.java"	"413"	".java"
"FkWeChat_1.2.6-jadx"	"sources\p376zd\C9989f.java"	"428"	".java"
"FkWeChat_1.2.6-jadx"	"sources\p376zd\C9995i.java"	"67039"	".java"
"FkWeChat_1.2.6-jadx"	"sources\p376zd\C9996i0.java"	"8805"	".java"
"FkWeChat_1.2.6-jadx"	"sources\p376zd\C9998j0.java"	"2067"	".java"
"FkWeChat_1.2.6-jadx"	"sources\p376zd\InterfaceC10020u0.java"	"507"	".java"
"FkWeChat_1.2.6-jadx"	"sources\p376zd\InterfaceC10022v0.java"	"344"	".java"
"FkWeChat_1.2.6-jadx"	"sources\p376zd\InterfaceC10024w0.java"	"447"	".java"
"FkWeChat_1.2.6-jadx"	"sources\p376zd\InterfaceC9997j.java"	"1578"	".java"
"FkWeChat_1.2.6-jadx"	"sources\p376zd\InterfaceC9999k.java"	"2126"	".java"
"FkWeChat_1.2.6-jadx"	"sources\p377ze\C10031a.java"	"1698"	".java"
"FkWeChat_1.2.6-jadx"	"sources\p377ze\C10032b.java"	"1334"	".java"
"FkWeChat_1.2.6-jadx"	"sources\p377ze\C10033c.java"	"3350"	".java"
"FkWeChat_1.2.6-jadx"	"sources\p377ze\C10034d.java"	"2461"	".java"
"FkWeChat_1.2.6-jadx"	"sources\pa\AbstractC6058a.java"	"350"	".java"
"FkWeChat_1.2.6-jadx"	"sources\pe\C6068a.java"	"3216"	".java"
"FkWeChat_1.2.6-jadx"	"sources\pe\C6069b.java"	"2351"	".java"
"FkWeChat_1.2.6-jadx"	"sources\pe\C6070c.java"	"4184"	".java"
"FkWeChat_1.2.6-jadx"	"sources\pe\C6071d.java"	"4080"	".java"
"FkWeChat_1.2.6-jadx"	"sources\pe\C6072e.java"	"1936"	".java"
"FkWeChat_1.2.6-jadx"	"sources\pe\C6073f.java"	"3455"	".java"
"FkWeChat_1.2.6-jadx"	"sources\pe\C6074g.java"	"2022"	".java"
"FkWeChat_1.2.6-jadx"	"sources\pe\C6075h.java"	"2704"	".java"
"FkWeChat_1.2.6-jadx"	"sources\pe\C6076i.java"	"2910"	".java"
"FkWeChat_1.2.6-jadx"	"sources\pe\C6077j.java"	"3082"	".java"
"FkWeChat_1.2.6-jadx"	"sources\pe\C6078k.java"	"3435"	".java"
"FkWeChat_1.2.6-jadx"	"sources\qa\AbstractC6344a.java"	"3392"	".java"
"FkWeChat_1.2.6-jadx"	"sources\qa\AbstractC6345b.java"	"2544"	".java"
"FkWeChat_1.2.6-jadx"	"sources\qa\AbstractC6348e.java"	"10262"	".java"
"FkWeChat_1.2.6-jadx"	"sources\qa\AbstractC6353j.java"	"16397"	".java"
"FkWeChat_1.2.6-jadx"	"sources\qa\AbstractC6354k.java"	"1608"	".java"
"FkWeChat_1.2.6-jadx"	"sources\qa\AbstractC6365v.java"	"17561"	".java"
"FkWeChat_1.2.6-jadx"	"sources\qa\AbstractC6368y.java"	"7012"	".java"
"FkWeChat_1.2.6-jadx"	"sources\qa\AbstractC6369z.java"	"9027"	".java"
"FkWeChat_1.2.6-jadx"	"sources\qa\C6346c.java"	"3494"	".java"
"FkWeChat_1.2.6-jadx"	"sources\qa\C6347d.java"	"544"	".java"
"FkWeChat_1.2.6-jadx"	"sources\qa\C6349f.java"	"24632"	".java"
"FkWeChat_1.2.6-jadx"	"sources\qa\C6350g.java"	"16281"	".java"
"FkWeChat_1.2.6-jadx"	"sources\qa\C6351h.java"	"2221"	".java"
"FkWeChat_1.2.6-jadx"	"sources\qa\C6352i.java"	"26324"	".java"
"FkWeChat_1.2.6-jadx"	"sources\qa\C6355l.java"	"2576"	".java"
"FkWeChat_1.2.6-jadx"	"sources\qa\C6356m.java"	"945"	".java"
"FkWeChat_1.2.6-jadx"	"sources\qa\C6357n.java"	"5071"	".java"
"FkWeChat_1.2.6-jadx"	"sources\qa\C6359p.java"	"6899"	".java"
"FkWeChat_1.2.6-jadx"	"sources\qa\C6364u.java"	"16185"	".java"
"FkWeChat_1.2.6-jadx"	"sources\qa\C6366w.java"	"685"	".java"
"FkWeChat_1.2.6-jadx"	"sources\qa\C6367x.java"	"5193"	".java"
"FkWeChat_1.2.6-jadx"	"sources\qa\InterfaceC6358o.java"	"596"	".java"
"FkWeChat_1.2.6-jadx"	"sources\qa\InterfaceC6360q.java"	"875"	".java"
"FkWeChat_1.2.6-jadx"	"sources\qa\InterfaceC6361r.java"	"379"	".java"
"FkWeChat_1.2.6-jadx"	"sources\qa\InterfaceC6362s.java"	"568"	".java"
"FkWeChat_1.2.6-jadx"	"sources\qa\InterfaceC6363t.java"	"282"	".java"
"FkWeChat_1.2.6-jadx"	"sources\re\AbstractC6622a.java"	"7146"	".java"
"FkWeChat_1.2.6-jadx"	"sources\re\AbstractC6628g.java"	"1403"	".java"
"FkWeChat_1.2.6-jadx"	"sources\re\AbstractC6629h.java"	"2519"	".java"
"FkWeChat_1.2.6-jadx"	"sources\re\AbstractC6630i.java"	"8013"	".java"
"FkWeChat_1.2.6-jadx"	"sources\re\C6623b.java"	"3065"	".java"
"FkWeChat_1.2.6-jadx"	"sources\re\C6624c.java"	"4927"	".java"
"FkWeChat_1.2.6-jadx"	"sources\re\C6625d.java"	"2824"	".java"
"FkWeChat_1.2.6-jadx"	"sources\re\C6626e.java"	"1215"	".java"
"FkWeChat_1.2.6-jadx"	"sources\re\InterfaceC6627f.java"	"3752"	".java"
"FkWeChat_1.2.6-jadx"	"sources\sa\AbstractC7259i.java"	"36241"	".java"
"FkWeChat_1.2.6-jadx"	"sources\sa\AbstractC7263m.java"	"1056"	".java"
"FkWeChat_1.2.6-jadx"	"sources\sa\AbstractC7264n.java"	"951"	".java"
"FkWeChat_1.2.6-jadx"	"sources\sa\AbstractC7269s.java"	"2410"	".java"
"FkWeChat_1.2.6-jadx"	"sources\sa\AbstractC7270t.java"	"723"	".java"
"FkWeChat_1.2.6-jadx"	"sources\sa\AbstractC7271u.java"	"247"	".java"
"FkWeChat_1.2.6-jadx"	"sources\sa\AbstractC7273w.java"	"768"	".java"
"FkWeChat_1.2.6-jadx"	"sources\sa\AbstractC7274x.java"	"1113"	".java"
"FkWeChat_1.2.6-jadx"	"sources\sa\C7252b.java"	"760"	".java"
"FkWeChat_1.2.6-jadx"	"sources\sa\C7253c.java"	"510"	".java"
"FkWeChat_1.2.6-jadx"	"sources\sa\C7254d.java"	"510"	".java"
"FkWeChat_1.2.6-jadx"	"sources\sa\C7255e.java"	"1012"	".java"
"FkWeChat_1.2.6-jadx"	"sources\sa\C7256f.java"	"820"	".java"
"FkWeChat_1.2.6-jadx"	"sources\sa\C7257g.java"	"9213"	".java"
"FkWeChat_1.2.6-jadx"	"sources\sa\C7262l.java"	"2413"	".java"
"FkWeChat_1.2.6-jadx"	"sources\sa\C7265o.java"	"55270"	".java"
"FkWeChat_1.2.6-jadx"	"sources\sa\C7266p.java"	"500"	".java"
"FkWeChat_1.2.6-jadx"	"sources\sa\C7268r.java"	"543"	".java"
"FkWeChat_1.2.6-jadx"	"sources\sa\InterfaceC7260j.java"	"1019"	".java"
"FkWeChat_1.2.6-jadx"	"sources\sa\InterfaceC7272v.java"	"414"	".java"
"FkWeChat_1.2.6-jadx"	"sources\sb\AbstractC7284j.java"	"402"	".java"
"FkWeChat_1.2.6-jadx"	"sources\sb\AbstractC7285k.java"	"1436"	".java"
"FkWeChat_1.2.6-jadx"	"sources\sb\AbstractC7286l.java"	"270"	".java"
"FkWeChat_1.2.6-jadx"	"sources\sb\AbstractC7291q.java"	"6488"	".java"
"FkWeChat_1.2.6-jadx"	"sources\sb\AbstractC7292r.java"	"270"	".java"
"FkWeChat_1.2.6-jadx"	"sources\sb\AbstractC7294t.java"	"12130"	".java"
"FkWeChat_1.2.6-jadx"	"sources\sb\C7275a.java"	"979"	".java"
"FkWeChat_1.2.6-jadx"	"sources\sb\C7276b.java"	"2503"	".java"
"FkWeChat_1.2.6-jadx"	"sources\sb\C7278d.java"	"743"	".java"
"FkWeChat_1.2.6-jadx"	"sources\sb\C7279e.java"	"2883"	".java"
"FkWeChat_1.2.6-jadx"	"sources\sb\C7280f.java"	"3359"	".java"
"FkWeChat_1.2.6-jadx"	"sources\sb\C7281g.java"	"2788"	".java"
"FkWeChat_1.2.6-jadx"	"sources\sb\C7283i.java"	"4246"	".java"
"FkWeChat_1.2.6-jadx"	"sources\sb\C7295u.java"	"2741"	".java"
"FkWeChat_1.2.6-jadx"	"sources\sb\C7296v.java"	"2012"	".java"
"FkWeChat_1.2.6-jadx"	"sources\sb\InterfaceC7277c.java"	"345"	".java"
"FkWeChat_1.2.6-jadx"	"sources\sb\InterfaceC7282h.java"	"299"	".java"
"FkWeChat_1.2.6-jadx"	"sources\sc\AbstractC7297a.java"	"8713"	".java"
"FkWeChat_1.2.6-jadx"	"sources\sd\C7298a.java"	"3786"	".java"
"FkWeChat_1.2.6-jadx"	"sources\sd\C7460i9.java"	"2490"	".java"
"FkWeChat_1.2.6-jadx"	"sources\sd\C7485jg.java"	"4600"	".java"
"FkWeChat_1.2.6-jadx"	"sources\sd\C7597pe.java"	"4054"	".java"
"FkWeChat_1.2.6-jadx"	"sources\sd\C7599pg.java"	"3722"	".java"
"FkWeChat_1.2.6-jadx"	"sources\sd\C7616qe.java"	"1697"	".java"
"FkWeChat_1.2.6-jadx"	"sources\sd\C7628r7.java"	"9394"	".java"
"FkWeChat_1.2.6-jadx"	"sources\sd\C7632rb.java"	"3722"	".java"
"FkWeChat_1.2.6-jadx"	"sources\sd\C7635re.java"	"1948"	".java"
"FkWeChat_1.2.6-jadx"	"sources\sd\C7707va.java"	"2164"	".java"
"FkWeChat_1.2.6-jadx"	"sources\sd\C7726wa.java"	"6274"	".java"
"FkWeChat_1.2.6-jadx"	"sources\sd\C7745xa.java"	"1933"	".java"
"FkWeChat_1.2.6-jadx"	"sources\sd\C7759y5.java"	"6199"	".java"
"FkWeChat_1.2.6-jadx"	"sources\sd\C7783za.java"	"1125"	".java"
"FkWeChat_1.2.6-jadx"	"sources\sd\C7790zh.java"	"2271"	".java"
"FkWeChat_1.2.6-jadx"	"sources\se\AbstractC7796f.java"	"6847"	".java"
"FkWeChat_1.2.6-jadx"	"sources\se\C7791a.java"	"2223"	".java"
"FkWeChat_1.2.6-jadx"	"sources\se\C7792b.java"	"2213"	".java"
"FkWeChat_1.2.6-jadx"	"sources\se\C7793c.java"	"4259"	".java"
"FkWeChat_1.2.6-jadx"	"sources\se\C7794d.java"	"1752"	".java"
"FkWeChat_1.2.6-jadx"	"sources\se\C7795e.java"	"4436"	".java"
"FkWeChat_1.2.6-jadx"	"sources\se\C7797g.java"	"2039"	".java"
"FkWeChat_1.2.6-jadx"	"sources\se\C7798h.java"	"4442"	".java"
"FkWeChat_1.2.6-jadx"	"sources\tc\AbstractC8219e.java"	"2741"	".java"
"FkWeChat_1.2.6-jadx"	"sources\tc\C8218d.java"	"332"	".java"
"FkWeChat_1.2.6-jadx"	"sources\tc\InterfaceC8215a.java"	"267"	".java"
"FkWeChat_1.2.6-jadx"	"sources\tc\InterfaceC8216b.java"	"350"	".java"
"FkWeChat_1.2.6-jadx"	"sources\tc\InterfaceC8217c.java"	"702"	".java"
"FkWeChat_1.2.6-jadx"	"sources\td\C8225a4.java"	"1736"	".java"
"FkWeChat_1.2.6-jadx"	"sources\td\C8262e1.java"	"3433"	".java"
"FkWeChat_1.2.6-jadx"	"sources\td\C8470z3.java"	"2936"	".java"
"FkWeChat_1.2.6-jadx"	"sources\td\EnumC8228a7.java"	"1821"	".java"
"FkWeChat_1.2.6-jadx"	"sources\ua\AbstractC8588e0.java"	"342"	".java"
"FkWeChat_1.2.6-jadx"	"sources\ua\AbstractC8590g.java"	"1370"	".java"
"FkWeChat_1.2.6-jadx"	"sources\ua\AbstractC8595l.java"	"2186"	".java"
"FkWeChat_1.2.6-jadx"	"sources\ua\AbstractC8601r.java"	"339"	".java"
"FkWeChat_1.2.6-jadx"	"sources\ua\AbstractC8605v.java"	"703"	".java"
"FkWeChat_1.2.6-jadx"	"sources\ua\C8579a.java"	"831"	".java"
"FkWeChat_1.2.6-jadx"	"sources\ua\C8580a0.java"	"1252"	".java"
"FkWeChat_1.2.6-jadx"	"sources\ua\C8581b.java"	"1275"	".java"
"FkWeChat_1.2.6-jadx"	"sources\ua\C8582b0.java"	"1252"	".java"
"FkWeChat_1.2.6-jadx"	"sources\ua\C8583c.java"	"821"	".java"
"FkWeChat_1.2.6-jadx"	"sources\ua\C8584c0.java"	"1253"	".java"
"FkWeChat_1.2.6-jadx"	"sources\ua\C8585d.java"	"956"	".java"
"FkWeChat_1.2.6-jadx"	"sources\ua\C8586d0.java"	"1256"	".java"
"FkWeChat_1.2.6-jadx"	"sources\ua\C8587e.java"	"2008"	".java"
"FkWeChat_1.2.6-jadx"	"sources\ua\C8589f.java"	"1897"	".java"
"FkWeChat_1.2.6-jadx"	"sources\ua\C8591h.java"	"607"	".java"
"FkWeChat_1.2.6-jadx"	"sources\ua\C8592i.java"	"4886"	".java"
"FkWeChat_1.2.6-jadx"	"sources\ua\C8593j.java"	"965"	".java"
"FkWeChat_1.2.6-jadx"	"sources\ua\C8596m.java"	"961"	".java"
"FkWeChat_1.2.6-jadx"	"sources\ua\C8597n.java"	"817"	".java"
"FkWeChat_1.2.6-jadx"	"sources\ua\C8598o.java"	"460"	".java"
"FkWeChat_1.2.6-jadx"	"sources\ua\C8599p.java"	"489"	".java"
"FkWeChat_1.2.6-jadx"	"sources\ua\C8600q.java"	"10774"	".java"
"FkWeChat_1.2.6-jadx"	"sources\ua\C8603t.java"	"957"	".java"
"FkWeChat_1.2.6-jadx"	"sources\ua\C8604u.java"	"794"	".java"
"FkWeChat_1.2.6-jadx"	"sources\ua\C8606w.java"	"959"	".java"
"FkWeChat_1.2.6-jadx"	"sources\ua\C8607x.java"	"1051"	".java"
"FkWeChat_1.2.6-jadx"	"sources\ua\C8608y.java"	"628"	".java"
"FkWeChat_1.2.6-jadx"	"sources\ua\C8609z.java"	"1103"	".java"
"FkWeChat_1.2.6-jadx"	"sources\va\AbstractC8889a.java"	"878"	".java"
"FkWeChat_1.2.6-jadx"	"sources\va\AbstractC8891c.java"	"513"	".java"
"FkWeChat_1.2.6-jadx"	"sources\va\AbstractC8892d.java"	"738"	".java"
"FkWeChat_1.2.6-jadx"	"sources\va\EnumC8890b.java"	"1661"	".java"
"FkWeChat_1.2.6-jadx"	"sources\vc\AbstractC8920a.java"	"8598"	".java"
"FkWeChat_1.2.6-jadx"	"sources\ve\C8928a.java"	"2734"	".java"
"FkWeChat_1.2.6-jadx"	"sources\ve\C8929b.java"	"2433"	".java"
"FkWeChat_1.2.6-jadx"	"sources\ve\C8930c.java"	"2878"	".java"
"FkWeChat_1.2.6-jadx"	"sources\ye\AbstractC9798b.java"	"303"	".java"
"FkWeChat_1.2.6-jadx"	"sources\ye\C9797a.java"	"6836"	".java"
"FkWeChat_1.2.6-jadx"	"sources\ye\C9799c.java"	"786"	".java"
"FkWeChat_1.2.6-jadx"	"sources\ye\C9800d.java"	"790"	".java"
"FkWeChat_1.2.6-jadx"	"sources\ye\C9801e.java"	"788"	".java"
"FkWeChat_1.2.6-jadx"	"sources\ye\C9802f.java"	"784"	".java"
"FkWeChat_1.2.6-jadx"	"sources\ye\C9803g.java"	"786"	".java"
"FkWeChat_1.2.6-jadx"	"sources\ye\C9804h.java"	"788"	".java"
"FkWeChat_1.2.6-jadx"	"sources\ye\C9805i.java"	"5147"	".java"
"FkWeChat_1.2.6-jadx"	"sources\ye\C9806j.java"	"3897"	".java"
"FkWeChat_1.2.6-jadx"	"sources\ye\C9807k.java"	"7787"	".java"
"FkWeChat_1.2.6-jadx"	"sources\ye\C9808l.java"	"3157"	".java"
"FkWeChat_1.2.6-jadx"	"sources\ye\C9809m.java"	"1966"	".java"
"FkWeChat_1.2.6-jadx"	"sources\ye\C9810n.java"	"3550"	".java"
"FkWeChat_1.2.6-jadx"	"sources\za\AbstractC9903a.java"	"2524"	".java"
"FkWeChat_1.2.6-jadx"	"sources\za\AbstractC9905c.java"	"1610"	".java"
"FkWeChat_1.2.6-jadx"	"sources\za\AbstractC9908f.java"	"8354"	".java"
"FkWeChat_1.2.6-jadx"	"sources\za\AbstractC9914l.java"	"2907"	".java"
"FkWeChat_1.2.6-jadx"	"sources\za\AbstractC9915m.java"	"860"	".java"
"FkWeChat_1.2.6-jadx"	"sources\za\C9904b.java"	"7613"	".java"
"FkWeChat_1.2.6-jadx"	"sources\za\C9906d.java"	"11585"	".java"
"FkWeChat_1.2.6-jadx"	"sources\za\C9907e.java"	"500"	".java"
"FkWeChat_1.2.6-jadx"	"sources\za\C9909g.java"	"3067"	".java"
"FkWeChat_1.2.6-jadx"	"sources\za\C9910h.java"	"496"	".java"
"FkWeChat_1.2.6-jadx"	"sources\za\C9911i.java"	"1810"	".java"
"FkWeChat_1.2.6-jadx"	"sources\za\C9912j.java"	"531"	".java"
"FkWeChat_1.2.6-jadx"	"sources\za\C9917o.java"	"460"	".java"
"FkWeChat_1.2.6-jadx"	"sources\za\C9918p.java"	"460"	".java"
"FkWeChat_1.2.6-jadx"	"sources\za\C9919q.java"	"4749"	".java"
"FkWeChat_1.2.6-jadx"	"sources\za\C9920r.java"	"484"	".java"
"FkWeChat_1.2.6-jadx"	"sources\za\C9921s.java"	"460"	".java"
"FkWeChat_1.2.6-jadx"	"sources\za\C9922t.java"	"5691"	".java"
"FkWeChat_1.2.6-jadx"	"sources\za\C9923u.java"	"495"	".java"
"FkWeChat_1.2.6-jadx"	"sources\za\C9924v.java"	"495"	".java"
"FkWeChat_1.2.6-jadx"	"sources\za\C9925w.java"	"493"	".java"
"FkWeChat_1.2.6-jadx"	"sources\za\C9926x.java"	"5087"	".java"
"FkWeChat_1.2.6-jadx"	"sources\za\InterfaceC9913k.java"	"2566"	".java"
"FkWeChat_1.2.6-jadx"	"sources\za\InterfaceC9916n.java"	"1558"	".java"
