file	index	plaintext
QStory_2.6.3-release-restored\sources\bsh\C3494.java	978	onResult
QStory_2.6.3-release-restored\sources\bsh\C3494.java	1293	<unused var>
QStory_2.6.3-release-restored\sources\bsh\C3494.java	2631	null cannot be cast to non-null type android.os.Bundle
QStory_2.6.3-release-restored\sources\bsh\C3494.java	449	rsp_bytes
QStory_2.6.3-release-restored\sources\bsh\C3494.java	450	tencent.im.qqwallet.QWalletHbPreGrab$QQHBReply
QStory_2.6.3-release-restored\sources\bsh\C3494.java	2627	newInstance(...)
QStory_2.6.3-release-restored\sources\bsh\C3494.java	451	mergeFrom
QStory_2.6.3-release-restored\sources\bsh\C3494.java	2628	invokeFirst(...)
QStory_2.6.3-release-restored\sources\bsh\C3494.java	452	toStringUtf8
QStory_2.6.3-release-restored\sources\bsh\C3494.java	2629	sessionKey
QStory_2.6.3-release-restored\sources\bsh\C3494.java	433	processEncrypt
QStory_2.6.3-release-restored\sources\bsh\C3494.java	407	com.tenpay.sdk.net.core.comm.SessionKey
QStory_2.6.3-release-restored\sources\bsh\C3494.java	408	com.tenpay.sdk.net.core.statistic.StatisticInfo
QStory_2.6.3-release-restored\sources\bsh\C3494.java	409	com.tenpay.sdk.net.core.encrypt.EncryptResult
QStory_2.6.3-release-restored\sources\bsh\C3494.java	410	com.tenpay.sdk.net.core.encrypt.DecryptResult
QStory_2.6.3-release-restored\sources\bsh\C3494.java	411	getEncryptResult
QStory_2.6.3-release-restored\sources\bsh\C3494.java	412	processDecrypt
QStory_2.6.3-release-restored\sources\bsh\C3494.java	413	getDecodedPlain
QStory_2.6.3-release-restored\sources\bsh\C3494.java	1293	<unused var>
QStory_2.6.3-release-restored\sources\bsh\C3494.java	2631	null cannot be cast to non-null type android.os.Bundle
QStory_2.6.3-release-restored\sources\bsh\C3494.java	449	rsp_bytes
QStory_2.6.3-release-restored\sources\bsh\C3494.java	450	tencent.im.qqwallet.QWalletHbPreGrab$QQHBReply
QStory_2.6.3-release-restored\sources\bsh\C3494.java	2627	newInstance(...)
QStory_2.6.3-release-restored\sources\bsh\C3494.java	451	mergeFrom
QStory_2.6.3-release-restored\sources\bsh\C3494.java	2628	invokeFirst(...)
QStory_2.6.3-release-restored\sources\bsh\C3494.java	396	com.tenpay.sdk.basebl.EncryptRequest
QStory_2.6.3-release-restored\sources\bsh\C3494.java	2627	newInstance(...)
QStory_2.6.3-release-restored\sources\bsh\C3494.java	1104	com.tenpay.sdk.basebl.DecytBean
QStory_2.6.3-release-restored\sources\bsh\C3494.java	400	decryptStr
QStory_2.6.3-release-restored\sources\bsh\C3494.java	418	hb_pre_grap
QStory_2.6.3-release-restored\sources\bsh\C3494.java	450	tencent.im.qqwallet.QWalletHbPreGrab$QQHBReply
QStory_2.6.3-release-restored\sources\bsh\C3494.java	451	mergeFrom
QStory_2.6.3-release-restored\sources\bsh\C3494.java	449	rsp_bytes
QStory_2.6.3-release-restored\sources\bsh\C3494.java	396	com.tenpay.sdk.basebl.EncryptRequest
QStory_2.6.3-release-restored\sources\bsh\C3494.java	1104	com.tenpay.sdk.basebl.DecytBean
QStory_2.6.3-release-restored\sources\bsh\C3494.java	400	decryptStr
QStory_2.6.3-release-restored\sources\bsh\C3494.java	418	hb_pre_grap
QStory_2.6.3-release-restored\sources\p024\RunnableC6988.java	1291	已刷新
QStory_2.6.3-release-restored\sources\p024\ViewOnClickListenerC6987.java	2860	https://qstory.suzhelan.top
QStory_2.6.3-release-restored\sources\p024\ViewOnClickListenerC6987.java	2861	create(...)
QStory_2.6.3-release-restored\sources\p024\ViewOnClickListenerC6987.java	3140	可以赞助一下吗,这会帮助模块开发更多功能走的更远,为你提供更多服务\n(不赞助也可以正常使用，你的支持是此模块维护的动力）\n赞助后此弹窗将不会出现
QStory_2.6.3-release-restored\sources\p024\ViewOnClickListenerC6987.java	3141	去赞助
QStory_2.6.3-release-restored\sources\p024\ViewOnClickListenerC6987.java	1281	enterSponsorshipBtn
QStory_2.6.3-release-restored\sources\p024\ViewOnClickListenerC6987.java	1282	tvSponsorEndDate
QStory_2.6.3-release-restored\sources\p024\ViewOnClickListenerC6987.java	1283	赞助到期时间:
QStory_2.6.3-release-restored\sources\p024\ViewOnClickListenerC6987.java	1289	未赞助
QStory_2.6.3-release-restored\sources\p024\ViewOnClickListenerC6987.java	1168	yyyy-MM-dd
QStory_2.6.3-release-restored\sources\p024\ViewOnClickListenerC6987.java	1290	format(...)
QStory_2.6.3-release-restored\sources\p024\ViewOnClickListenerC6987.java	1284	userNameTextView
QStory_2.6.3-release-restored\sources\p024\ViewOnClickListenerC6987.java	1285	userIdentityTextView
QStory_2.6.3-release-restored\sources\p024\ViewOnClickListenerC6987.java	1286	userLabelTextView
QStory_2.6.3-release-restored\sources\p024\ViewOnClickListenerC6987.java	1286	userLabelTextView
QStory_2.6.3-release-restored\sources\p024\ViewOnClickListenerC6987.java	1287	refreshUserInformation
QStory_2.6.3-release-restored\sources\p024\ViewOnClickListenerC6987.java	1134	http://q.qlogo.cn/headimg_dl?dst_uin=
QStory_2.6.3-release-restored\sources\p024\ViewOnClickListenerC6987.java	1135	&spec=640&img_type=jpg
QStory_2.6.3-release-restored\sources\p024\ViewOnClickListenerC6987.java	1288	userAvatar
QStory_2.6.3-release-restored\sources\p024\ViewOnClickListenerC6987.java	1285	userIdentityTextView
QStory_2.6.3-release-restored\sources\p025\C6992.java	1297	null cannot be cast to non-null type androidx.recyclerview.widget.RecyclerView.LayoutParams
QStory_2.6.3-release-restored\sources\p025\C6992.java	1118	你的身份权限无法使用此功能
QStory_2.6.3-release-restored\sources\p025\C6992.java	1293	<unused var>
QStory_2.6.3-release-restored\sources\p025\C6998.java	1331	onItemClick
QStory_2.6.3-release-restored\sources\p025\C6999.java	1325	directory:
QStory_2.6.3-release-restored\sources\p025\C6999.java	1327	喵呜喵喵呜喵喵呜~喵呜喵喵呜呜呜呜
QStory_2.6.3-release-restored\sources\p025\C6999.java	1328	喵喵喵呜呜喵呜呜~喵喵喵呜呜呜喵喵~喵喵喵喵呜喵喵呜~喵喵喵呜呜呜喵喵~喵喵喵喵呜喵呜喵~喵喵喵呜呜呜呜喵~喵喵喵呜呜喵喵喵
QStory_2.6.3-release-restored\sources\p025\C6999.java	1329	SearchHistory
QStory_2.6.3-release-restored\sources\p025\C6999.java	1322	toLowerCase(...)
QStory_2.6.3-release-restored\sources\p025\C6999.java	1323	getGroupName(...)
QStory_2.6.3-release-restored\sources\p025\C6999.java	1323	getGroupName(...)
QStory_2.6.3-release-restored\sources\p025\C6999.java	1324	功能组
QStory_2.6.3-release-restored\sources\p025\C6999.java	1294	getItemName(...)
QStory_2.6.3-release-restored\sources\p025\C6999.java	1294	getItemName(...)
QStory_2.6.3-release-restored\sources\p025\C6999.java	1294	getItemName(...)
QStory_2.6.3-release-restored\sources\p025\C6999.java	1294	getItemName(...)
QStory_2.6.3-release-restored\sources\p025\C6999.java	1294	getItemName(...)
QStory_2.6.3-release-restored\sources\p025\C6999.java	1294	getItemName(...)
QStory_2.6.3-release-restored\sources\p025\C6999.java	1294	getItemName(...)
QStory_2.6.3-release-restored\sources\p025\C6999.java	1294	getItemName(...)
QStory_2.6.3-release-restored\sources\p025\C6999.java	1294	getItemName(...)
QStory_2.6.3-release-restored\sources\p025\C6999.java	1294	getItemName(...)
QStory_2.6.3-release-restored\sources\p025\C6999.java	1325	directory:
QStory_2.6.3-release-restored\sources\p025\C7000.java	1330	itemView
QStory_2.6.3-release-restored\sources\p025\C7003.java	1312	displayName
QStory_2.6.3-release-restored\sources\p025\C7003.java	1313	locationPath
QStory_2.6.3-release-restored\sources\p025\C7003.java	1314	matchType
QStory_2.6.3-release-restored\sources\p025\C7003.java	1315	targetObject
QStory_2.6.3-release-restored\sources\p025\C7003.java	1316	SearchResult(displayName=
QStory_2.6.3-release-restored\sources\p025\C7003.java	1321	, targetObject=
QStory_2.6.3-release-restored\sources\p025\C7011.java	1296	toString(...)
QStory_2.6.3-release-restored\sources\p026\AbstractC7016.java	836	yyyy年MM月dd日
QStory_2.6.3-release-restored\sources\p026\AbstractC7016.java	837	HH:mm:ss
QStory_2.6.3-release-restored\sources\p026\AbstractC7016.java	854	\n方法返回:
QStory_2.6.3-release-restored\sources\p026\AbstractC7016.java	855	方法运行时参数 : \n
QStory_2.6.3-release-restored\sources\p026\AbstractC7016.java	855	方法运行时参数 : \n
QStory_2.6.3-release-restored\sources\p026\AbstractC7016.java	852	java.lang.
QStory_2.6.3-release-restored\sources\p026\AbstractC7016.java	856	 <---当前方法
QStory_2.6.3-release-restored\sources\p026\AbstractC7016.java	857	 <---同一类下
QStory_2.6.3-release-restored\sources\p026\AbstractC7016.java	849	StackTraceElement[]为空
QStory_2.6.3-release-restored\sources\p026\AbstractC7016.java	850	\n\n-------------------------------------------------------------------
QStory_2.6.3-release-restored\sources\p026\AbstractC7016.java	851	动态反射记录/
QStory_2.6.3-release-restored\sources\p026\AbstractC7016.java	838	对象为空 无法输出字段
QStory_2.6.3-release-restored\sources\p026\AbstractC7016.java	839	\n-------------------------------------------------------------------
QStory_2.6.3-release-restored\sources\p026\AbstractC7016.java	840	\n属性 : \n\n
QStory_2.6.3-release-restored\sources\p026\AbstractC7016.java	841	String|CharSequence
QStory_2.6.3-release-restored\sources\p026\AbstractC7016.java	841	String|CharSequence
QStory_2.6.3-release-restored\sources\p026\AbstractC7016.java	842	动态反射属性异常 : 
QStory_2.6.3-release-restored\sources\p026\AbstractC7016.java	843	\n-------------------------------------------------------------------\n\n
QStory_2.6.3-release-restored\sources\p026\AbstractC7016.java	844	对象反射记录/
QStory_2.6.3-release-restored\sources\p026\AbstractC7017.java	827	QQVersion:
QStory_2.6.3-release-restored\sources\p026\AbstractC7017.java	828	QStoryVersion:
QStory_2.6.3-release-restored\sources\p026\AbstractC7017.java	829	XPosedTag:
QStory_2.6.3-release-restored\sources\p026\AbstractC7017.java	830	DeviceBrand:
QStory_2.6.3-release-restored\sources\p026\AbstractC7017.java	831	AndroidVersion:
QStory_2.6.3-release-restored\sources\p026\AbstractC7017.java	832	AndroidSDK:
QStory_2.6.3-release-restored\sources\p026\AbstractC7017.java	833	DeviceName:
QStory_2.6.3-release-restored\sources\p026\AbstractC7017.java	834	SystemModel:
QStory_2.6.3-release-restored\sources\p026\AbstractC7017.java	824	/Download/ModuleLog.zip
QStory_2.6.3-release-restored\sources\p026\AbstractC7017.java	825	 已输出文件到
QStory_2.6.3-release-restored\sources\p026\AbstractC7017.java	824	/Download/ModuleLog.zip
QStory_2.6.3-release-restored\sources\p026\AbstractC7017.java	826	打包异常文件夹失败
QStory_2.6.3-release-restored\sources\p026\AbstractC7017.java	823	ErrorLog
QStory_2.6.3-release-restored\sources\p026\AbstractC7017.java	835	Error Log
QStory_2.6.3-release-restored\sources\p026\AbstractC7017.java	836	yyyy年MM月dd日
QStory_2.6.3-release-restored\sources\p026\AbstractC7017.java	837	HH:mm:ss
QStory_2.6.3-release-restored\sources\p026\C7018.java	820	解析异常
QStory_2.6.3-release-restored\sources\p026\C7018.java	817	FunProtoData.toBytes
QStory_2.6.3-release-restored\sources\p026\C7018.java	818	Unknown type: 
QStory_2.6.3-release-restored\sources\p026\C7018.java	819	FunProtoData-toBytes
QStory_2.6.3-release-restored\sources\p026\C7018.java	815	Unexpected wireType: 
QStory_2.6.3-release-restored\sources\p026\C7018.java	816	Unknown wireType: 
QStory_2.6.3-release-restored\sources\p026\RunnableC7015.java	2862	Nickname
QStory_2.6.3-release-restored\sources\p026\RunnableC7015.java	2863	ClientCity
QStory_2.6.3-release-restored\sources\p026\RunnableC7015.java	2864	Location
QStory_2.6.3-release-restored\sources\p026\RunnableC7015.java	2865	regularly
QStory_2.6.3-release-restored\sources\p026\RunnableC7015.java	2866	commitInfo
QStory_2.6.3-release-restored\sources\p026\RunnableC7015.java	1253	iterator(...)
QStory_2.6.3-release-restored\sources\p026\RunnableC7015.java	1254	next(...)
QStory_2.6.3-release-restored\sources\p026\RunnableC7015.java	1168	yyyy-MM-dd
QStory_2.6.3-release-restored\sources\p026\RunnableC7015.java	2849	getTodayDate(...)
QStory_2.6.3-release-restored\sources\p026\RunnableC7015.java	2833	TroopMemberUtils
QStory_2.6.3-release-restored\sources\p032\C7066.java	1234	请求成功：%s\nRequestBody:%s\nResponseBody:%s\n
QStory_2.6.3-release-restored\sources\p032\C7066.java	1234	请求成功：%s\nRequestBody:%s\nResponseBody:%s\n
QStory_2.6.3-release-restored\sources\p035\C7092.java	160	com.tencent.mobileqq.aio.msg.AIOMsgItem
QStory_2.6.3-release-restored\sources\p035\C7092.java	553	输出消息字段
QStory_2.6.3-release-restored\sources\p035\C7092.java	164	getMsgRecord
QStory_2.6.3-release-restored\sources\p035\C7092.java	315	com.tencent.qphone.base.remote.FromServiceMsg
QStory_2.6.3-release-restored\sources\p035\C7092.java	336	fromServiceMsg
QStory_2.6.3-release-restored\sources\p035\C7092.java	337	OidbSvcTrpcTcp.0x9067_202
QStory_2.6.3-release-restored\sources\p035\C7092.java	310	serviceCmd
QStory_2.6.3-release-restored\sources\p035\C7092.java	312	wupBuffer
QStory_2.6.3-release-restored\sources\p035\C7092.java	127	@全体成员
QStory_2.6.3-release-restored\sources\p035\C7092.java	160	com.tencent.mobileqq.aio.msg.AIOMsgItem
QStory_2.6.3-release-restored\sources\p035\C7092.java	164	getMsgRecord
QStory_2.6.3-release-restored\sources\p035\C7092.java	152	elements
QStory_2.6.3-release-restored\sources\p035\C7092.java	125	chatType
QStory_2.6.3-release-restored\sources\p035\C7092.java	140	getPicElement
QStory_2.6.3-release-restored\sources\p035\C7092.java	178	com.tencent.qqnt.kernel.nativeinterface.PicElement
QStory_2.6.3-release-restored\sources\p035\C7092.java	179	md5HexStr
QStory_2.6.3-release-restored\sources\p035\C7092.java	180	保存到QS
QStory_2.6.3-release-restored\sources\p035\C7092.java	82	getActivity
QStory_2.6.3-release-restored\sources\p035\C7092.java	199	加为QQ好友
QStory_2.6.3-release-restored\sources\p035\C7092.java	200	[原]加为QQ好友
QStory_2.6.3-release-restored\sources\p035\C7092.java	201	[QS]跳转主页
QStory_2.6.3-release-restored\sources\p035\C7092.java	180	保存到QS
QStory_2.6.3-release-restored\sources\p035\C7092.java	303	com.tencent.mobileqq.troop.troopsetting.part.TroopSettingAppPart
QStory_2.6.3-release-restored\sources\p035\C7092.java	304	com.tencent.mobileqq.troop.troopsetting.part.TroopSettingMemberInfoPart
QStory_2.6.3-release-restored\sources\p035\C7092.java	305	troop  app list is null
QStory_2.6.3-release-restored\sources\p038\AbstractC7125.java	557	FloatingWindows
QStory_2.6.3-release-restored\sources\p038\AbstractC7125.java	557	FloatingWindows
QStory_2.6.3-release-restored\sources\p038\AbstractC7125.java	557	FloatingWindows
QStory_2.6.3-release-restored\sources\p038\AbstractC7135.java	562	上一级:
QStory_2.6.3-release-restored\sources\p038\AbstractC7135.java	563	#80000000
QStory_2.6.3-release-restored\sources\p038\AbstractC7135.java	559	删除此文件
QStory_2.6.3-release-restored\sources\p038\AbstractC7135.java	560	重命名
QStory_2.6.3-release-restored\sources\p038\AbstractC7135.java	564	当前目录无文件
QStory_2.6.3-release-restored\sources\p038\AbstractC7135.java	563	#80000000
QStory_2.6.3-release-restored\sources\p038\C7134.java	558	重命名失败 可能已经有重名文件或格式错误
QStory_2.6.3-release-restored\sources\p040\AbstractC7137.java	769	MethodCache
QStory_2.6.3-release-restored\sources\p040\AbstractC7138.java	767	moduleVersionAndHostAppVersion
QStory_2.6.3-release-restored\sources\p042\AbstractC7143.java	774	BaseHookItem{itemPath='
QStory_2.6.3-release-restored\sources\p042\AbstractC7143.java	775	, hasUiPath=
QStory_2.6.3-release-restored\sources\p042\AbstractC7143.java	776	, isLoad=
QStory_2.6.3-release-restored\sources\p042\AbstractC7143.java	777	, exceptionCollectionTool=
QStory_2.6.3-release-restored\sources\p042\C7144.java	773	[QStory]
QStory_2.6.3-release-restored\sources\p045\C7149.java	8	/data/simple/
QStory_2.6.3-release-restored\sources\p045\C7150.java	7	/databases/
QStory_2.6.3-release-restored\sources\p046\AbstractC7151.java	0	lin.xposed
QStory_2.6.3-release-restored\sources\p048\C7157.java	3138	查询支付结果失败,请重试
QStory_2.6.3-release-restored\sources\p048\C7157.java	3139	查询支付结果失败
QStory_2.6.3-release-restored\sources\p048\C7157.java	1239	response
QStory_2.6.3-release-restored\sources\p048\C7157.java	1242	updateInfoList
QStory_2.6.3-release-restored\sources\p048\C7157.java	1243	yyyy年MM月dd日 HH:mm
QStory_2.6.3-release-restored\sources\p048\C7157.java	1244	\n---------------\n
QStory_2.6.3-release-restored\sources\p048\C7157.java	3132	noticeList
QStory_2.6.3-release-restored\sources\p048\C7157.java	1243	yyyy年MM月dd日 HH:mm
QStory_2.6.3-release-restored\sources\p048\C7157.java	1244	\n---------------\n
QStory_2.6.3-release-restored\sources\p048\C7157.java	3137	查询支付结果失败,您可尝试再次查询
QStory_2.6.3-release-restored\sources\p048\C7157.java	3147	更新用户信息中
QStory_2.6.3-release-restored\sources\p050\AbstractC7173.java	1562	hookItem
QStory_2.6.3-release-restored\sources\p050\AbstractC7173.java	1563	onMsgViewUpdateListener
QStory_2.6.3-release-restored\sources\p050\AbstractC7173.java	49	AndroidManifest.xml
QStory_2.6.3-release-restored\sources\p050\AbstractC7176.java	356	选择需要保存的图片
QStory_2.6.3-release-restored\sources\p050\AbstractC7176.java	355	是否保存
QStory_2.6.3-release-restored\sources\p050\AbstractC7176.java	2831	OidbSvcTrpcTcp.0x9082_1
QStory_2.6.3-release-restored\sources\p050\DialogInterfaceOnClickListenerC7168.java	362	名字不能为空
QStory_2.6.3-release-restored\sources\p050\DialogInterfaceOnClickListenerC7168.java	363	这个名字已经存在
QStory_2.6.3-release-restored\sources\p050\DialogInterfaceOnClickListenerC7170.java	357	没有选择任何的保存列表
QStory_2.6.3-release-restored\sources\p050\DialogInterfaceOnClickListenerC7170.java	358	图片尚未加载完毕,保存失败
QStory_2.6.3-release-restored\sources\p050\DialogInterfaceOnClickListenerC7170.java	359	已保存到:
QStory_2.6.3-release-restored\sources\p051\C7182.java	389	https://mqq.tenpay.com/cgi-bin/hongbao/qpay_hb_na_grap.cgi?ver=2.0&chv=3
QStory_2.6.3-release-restored\sources\p051\C7182.java	388	yyyyMMddHHmmss
QStory_2.6.3-release-restored\sources\p051\C7182.java	396	com.tenpay.sdk.basebl.EncryptRequest
QStory_2.6.3-release-restored\sources\p051\C7182.java	398	tenpay.com
QStory_2.6.3-release-restored\sources\p051\C7182.java	397	com.tencent.mobileqq.qwallet.api.INewQWalletApi
QStory_2.6.3-release-restored\sources\p051\C7182.java	399	报错:获取getencText出错
QStory_2.6.3-release-restored\sources\p051\C7182.java	396	com.tenpay.sdk.basebl.EncryptRequest
QStory_2.6.3-release-restored\sources\p051\C7182.java	400	decryptStr
QStory_2.6.3-release-restored\sources\p051\C7182.java	389	https://mqq.tenpay.com/cgi-bin/hongbao/qpay_hb_na_grap.cgi?ver=2.0&chv=3
QStory_2.6.3-release-restored\sources\p051\C7182.java	377	user-agent
QStory_2.6.3-release-restored\sources\p051\C7182.java	390	okhttp/3.12.10
QStory_2.6.3-release-restored\sources\p051\C7182.java	391	req_text=
QStory_2.6.3-release-restored\sources\p051\C7182.java	392	https://mqq.tenpay.com/cgi-bin/hongbao/qpay_hb_na_grap.cgi?ver2.0&chv=3
QStory_2.6.3-release-restored\sources\p051\C7182.java	393	2&random=
QStory_2.6.3-release-restored\sources\p051\C7182.java	394	&skey_type=
QStory_2.6.3-release-restored\sources\p051\C7182.java	395	https://mqq.tenpay.com/cgi-bin/hongbao/qpay_hb_na_grap.cgi?
QStory_2.6.3-release-restored\sources\p052\AbstractC7187.java	58	com.tencent.mobileqq|com.tencent.tim
QStory_2.6.3-release-restored\sources\p052\AbstractC7187.java	59	com.tencent.mobileqq
QStory_2.6.3-release-restored\sources\p052\AbstractC7187.java	60	com.tencent.tim
QStory_2.6.3-release-restored\sources\p052\C7185.java	75	/Log/Crash/MainCrash.log
QStory_2.6.3-release-restored\sources\p052\C7185.java	76	闪退日志保存在
QStory_2.6.3-release-restored\sources\p052\C7185.java	77	 点击可以复制并测试闪退 日志仅保留最新的一份
QStory_2.6.3-release-restored\sources\p052\C7189.java	97	/Log/Crash/ThreadCrash.log
QStory_2.6.3-release-restored\sources\p052\C7189.java	76	闪退日志保存在
QStory_2.6.3-release-restored\sources\p052\C7189.java	77	 点击可以复制并测试闪退 日志仅保留最新的一份
QStory_2.6.3-release-restored\sources\p052\C7193.java	96	在线脚本
QStory_2.6.3-release-restored\sources\p052\C7193.java	96	在线脚本
QStory_2.6.3-release-restored\sources\p052\C7193.java	96	在线脚本
QStory_2.6.3-release-restored\sources\p052\C7193.java	80	kotlin.jvm.functions.Function0
QStory_2.6.3-release-restored\sources\p052\C7193.java	95	Java脚本
QStory_2.6.3-release-restored\sources\p052\C7193.java	95	Java脚本
QStory_2.6.3-release-restored\sources\p052\C7193.java	95	Java脚本
QStory_2.6.3-release-restored\sources\p052\C7193.java	80	kotlin.jvm.functions.Function0
QStory_2.6.3-release-restored\sources\p052\C7193.java	92	com.tencent.mobileqq.activity.QQSettingSettingActivity
QStory_2.6.3-release-restored\sources\p052\C7193.java	93	doOnCreate
QStory_2.6.3-release-restored\sources\p052\C7193.java	94	doOnCreateView
QStory_2.6.3-release-restored\sources\p052\C7193.java	91	com.tencent.mobileqq.setting.main.MainSettingConfigProvider
QStory_2.6.3-release-restored\sources\p052\C7193.java	90	com.tencent.mobileqq.setting.main.b
QStory_2.6.3-release-restored\sources\p052\C7193.java	89	com.tencent.mobileqq.setting.main.NewSettingConfigProvider
QStory_2.6.3-release-restored\sources\p052\C7194.java	1252	ServiceValid
QStory_2.6.3-release-restored\sources\p052\C7194.java	1249	disabled
QStory_2.6.3-release-restored\sources\p052\C7194.java	1252	ServiceValid
QStory_2.6.3-release-restored\sources\p052\RunnableC7186.java	82	getActivity
QStory_2.6.3-release-restored\sources\p052\RunnableC7186.java	199	加为QQ好友
QStory_2.6.3-release-restored\sources\p052\RunnableC7186.java	200	[原]加为QQ好友
QStory_2.6.3-release-restored\sources\p052\RunnableC7186.java	201	[QS]跳转主页
QStory_2.6.3-release-restored\sources\p053\AbstractC7199.java	26	Mozilla/5.0 (Windows NT 10.0; Win64; x64) AppleWebKit/537.36 (KHTML, like Gecko) Chrome/138.0.0.0 Safari/537.36
QStory_2.6.3-release-restored\sources\p053\AbstractC7199.java	29	Mozilla/5.0 (Linux; Android 10; K) AppleWebKit/537.36 (KHTML, like Gecko) Chrome/121.0.0.0 Mobile Safari/537.36
QStory_2.6.3-release-restored\sources\p053\AbstractC7199.java	25	User-Agent
QStory_2.6.3-release-restored\sources\p053\AbstractC7199.java	29	Mozilla/5.0 (Linux; Android 10; K) AppleWebKit/537.36 (KHTML, like Gecko) Chrome/121.0.0.0 Mobile Safari/537.36
QStory_2.6.3-release-restored\sources\p053\AbstractC7199.java	27	Connection
QStory_2.6.3-release-restored\sources\p053\AbstractC7199.java	28	keep-alive
QStory_2.6.3-release-restored\sources\p053\AbstractC7199.java	35	connection
QStory_2.6.3-release-restored\sources\p053\AbstractC7199.java	36	Keep-Alive
QStory_2.6.3-release-restored\sources\p053\AbstractC7199.java	25	User-Agent
QStory_2.6.3-release-restored\sources\p053\AbstractC7199.java	29	Mozilla/5.0 (Linux; Android 10; K) AppleWebKit/537.36 (KHTML, like Gecko) Chrome/121.0.0.0 Mobile Safari/537.36
QStory_2.6.3-release-restored\sources\p053\AbstractC7199.java	25	User-Agent
QStory_2.6.3-release-restored\sources\p053\AbstractC7199.java	29	Mozilla/5.0 (Linux; Android 10; K) AppleWebKit/537.36 (KHTML, like Gecko) Chrome/121.0.0.0 Mobile Safari/537.36
QStory_2.6.3-release-restored\sources\p053\AbstractC7199.java	27	Connection
QStory_2.6.3-release-restored\sources\p053\AbstractC7199.java	28	keep-alive
QStory_2.6.3-release-restored\sources\p053\AbstractC7199.java	25	User-Agent
QStory_2.6.3-release-restored\sources\p053\AbstractC7199.java	34	Mozilla/5.0 (Linux; Android 14; V2309) AppleWebKit/537.36 (KHTML, like Gecko) Chrome/120.0.0.0 Mobile Safari/537.36
QStory_2.6.3-release-restored\sources\p053\AbstractC7199.java	27	Connection
QStory_2.6.3-release-restored\sources\p053\AbstractC7199.java	28	keep-alive
QStory_2.6.3-release-restored\sources\p053\AbstractC7199.java	25	User-Agent
QStory_2.6.3-release-restored\sources\p053\AbstractC7199.java	26	Mozilla/5.0 (Windows NT 10.0; Win64; x64) AppleWebKit/537.36 (KHTML, like Gecko) Chrome/138.0.0.0 Safari/537.36
QStory_2.6.3-release-restored\sources\p053\AbstractC7199.java	27	Connection
QStory_2.6.3-release-restored\sources\p053\AbstractC7199.java	28	keep-alive
QStory_2.6.3-release-restored\sources\p053\AbstractC7199.java	25	User-Agent
QStory_2.6.3-release-restored\sources\p053\AbstractC7199.java	29	Mozilla/5.0 (Linux; Android 10; K) AppleWebKit/537.36 (KHTML, like Gecko) Chrome/121.0.0.0 Mobile Safari/537.36
QStory_2.6.3-release-restored\sources\p053\AbstractC7199.java	27	Connection
QStory_2.6.3-release-restored\sources\p053\AbstractC7199.java	28	keep-alive
QStory_2.6.3-release-restored\sources\p053\AbstractC7199.java	30	下文件失败:
QStory_2.6.3-release-restored\sources\p053\AbstractC7199.java	31	 到路径:
QStory_2.6.3-release-restored\sources\p053\AbstractC7199.java	32	application/json; charset=utf-8
QStory_2.6.3-release-restored\sources\p053\AbstractC7199.java	25	User-Agent
QStory_2.6.3-release-restored\sources\p053\AbstractC7199.java	25	User-Agent
QStory_2.6.3-release-restored\sources\p053\AbstractC7199.java	29	Mozilla/5.0 (Linux; Android 10; K) AppleWebKit/537.36 (KHTML, like Gecko) Chrome/121.0.0.0 Mobile Safari/537.36
QStory_2.6.3-release-restored\sources\p053\AbstractC7199.java	33	Unexpected code 
QStory_2.6.3-release-restored\sources\p053\AbstractC7200.java	9	AES/ECB/PKCS5Padding
QStory_2.6.3-release-restored\sources\p053\AbstractC7200.java	9	AES/ECB/PKCS5Padding
QStory_2.6.3-release-restored\sources\p053\AbstractC7200.java	9	AES/ECB/PKCS5Padding
QStory_2.6.3-release-restored\sources\p054\C7202.java	345	com.tencent.aio.data.AIOContact
QStory_2.6.3-release-restored\sources\p054\C7202.java	344	com.tencent.aio.data.AIOSession
QStory_2.6.3-release-restored\sources\p054\C7202.java	343	com.tencent.aio.data.AIOParam
QStory_2.6.3-release-restored\sources\p054\C7202.java	122	com.tencent.mobileqq.app.QQAppInterface
QStory_2.6.3-release-restored\sources\p054\C7202.java	346	com.tencent.mobileqq.activity.aio.SessionInfo
QStory_2.6.3-release-restored\sources\p054\C7202.java	125	chatType
QStory_2.6.3-release-restored\sources\p054\C7202.java	338	elementType
QStory_2.6.3-release-restored\sources\p054\C7202.java	247	getTextElement
QStory_2.6.3-release-restored\sources\p054\C7202.java	339	getContent
QStory_2.6.3-release-restored\sources\p054\C7202.java	340	setContent
QStory_2.6.3-release-restored\sources\p054\C7202.java	178	com.tencent.qqnt.kernel.nativeinterface.PicElement
QStory_2.6.3-release-restored\sources\p054\C7202.java	282	picElement
QStory_2.6.3-release-restored\sources\p054\C7202.java	283	original
QStory_2.6.3-release-restored\sources\p054\C7202.java	284	sourcePath
QStory_2.6.3-release-restored\sources\p054\C7202.java	286	GPSLongitude
QStory_2.6.3-release-restored\sources\p054\C7202.java	287	GPSLatitude
QStory_2.6.3-release-restored\sources\p054\C7202.java	288	cannot save exif
QStory_2.6.3-release-restored\sources\p054\C7202.java	1540	null cannot be cast to non-null type java.util.ArrayList<kotlin.Any>
QStory_2.6.3-release-restored\sources\p054\C7202.java	1541	打开QStory
QStory_2.6.3-release-restored\sources\p054\C7202.java	1542	drawable
QStory_2.6.3-release-restored\sources\p054\C7202.java	1543	null cannot be cast to non-null type android.view.View
QStory_2.6.3-release-restored\sources\p054\C7202.java	1540	null cannot be cast to non-null type java.util.ArrayList<kotlin.Any>
QStory_2.6.3-release-restored\sources\p054\C7202.java	95	Java脚本
QStory_2.6.3-release-restored\sources\p054\C7202.java	1544	打开QStoryJava脚本
QStory_2.6.3-release-restored\sources\p054\C7202.java	1542	drawable
QStory_2.6.3-release-restored\sources\p054\C7202.java	1543	null cannot be cast to non-null type android.view.View
QStory_2.6.3-release-restored\sources\p054\C7204.java	316	com.tencent.relation.common.api.IRelationNTUinAndUidApi
QStory_2.6.3-release-restored\sources\p054\C7204.java	318	getUinFromUid
QStory_2.6.3-release-restored\sources\p054\C7204.java	317	isValidUin
QStory_2.6.3-release-restored\sources\p054\C7204.java	313	mqq.app.MSFServlet
QStory_2.6.3-release-restored\sources\p054\C7204.java	314	onReceive
QStory_2.6.3-release-restored\sources\p054\C7204.java	315	com.tencent.qphone.base.remote.FromServiceMsg
QStory_2.6.3-release-restored\sources\p054\C7205.java	313	mqq.app.MSFServlet
QStory_2.6.3-release-restored\sources\p054\C7205.java	314	onReceive
QStory_2.6.3-release-restored\sources\p054\C7205.java	315	com.tencent.qphone.base.remote.FromServiceMsg
QStory_2.6.3-release-restored\sources\p054\C7206.java	306	Menu_Item_Class
QStory_2.6.3-release-restored\sources\p054\C7206.java	160	com.tencent.mobileqq.aio.msg.AIOMsgItem
QStory_2.6.3-release-restored\sources\p054\C7206.java	307	generated
QStory_2.6.3-release-restored\sources\p054\C7206.java	307	generated
QStory_2.6.3-release-restored\sources\p054\C7206.java	307	generated
QStory_2.6.3-release-restored\sources\p054\C7206.java	307	generated
QStory_2.6.3-release-restored\sources\p054\C7206.java	306	Menu_Item_Class
QStory_2.6.3-release-restored\sources\p054\C7206.java	308	QQCustomMenuItem{title='
QStory_2.6.3-release-restored\sources\p054\C7206.java	309	com.tencent.qqnt.aio.menu.ui
QStory_2.6.3-release-restored\sources\p054\C7206.java	306	Menu_Item_Class
QStory_2.6.3-release-restored\sources\p054\C7207.java	352	com.tencent.mobileqq.troop.api.impl.TroopCreateInfoServiceImpl
QStory_2.6.3-release-restored\sources\p054\C7207.java	353	deleteInInviteList
QStory_2.6.3-release-restored\sources\p054\C7208.java	347	AIO_doOnCreate_initUI
QStory_2.6.3-release-restored\sources\p054\C7208.java	348	QQNT_AIOCreate
QStory_2.6.3-release-restored\sources\p054\C7208.java	349	com.tencent.aio.base.chat.ChatPie
QStory_2.6.3-release-restored\sources\p054\C7208.java	350	onDestroy
QStory_2.6.3-release-restored\sources\p054\C7208.java	348	QQNT_AIOCreate
QStory_2.6.3-release-restored\sources\p054\C7208.java	347	AIO_doOnCreate_initUI
QStory_2.6.3-release-restored\sources\p054\C7208.java	351	rootVMBuild
QStory_2.6.3-release-restored\sources\p054\C7208.java	348	QQNT_AIOCreate
QStory_2.6.3-release-restored\sources\p054\C7208.java	347	AIO_doOnCreate_initUI
QStory_2.6.3-release-restored\sources\p054\C7208.java	175	com.tencent.mobileqq.activity.aio.core.BaseChatPie
QStory_2.6.3-release-restored\sources\p054\C7208.java	347	AIO_doOnCreate_initUI
QStory_2.6.3-release-restored\sources\p054\C7209.java	329	getHostView
QStory_2.6.3-release-restored\sources\p054\C7209.java	160	com.tencent.mobileqq.aio.msg.AIOMsgItem
QStory_2.6.3-release-restored\sources\p054\C7209.java	164	getMsgRecord
QStory_2.6.3-release-restored\sources\p054\C7210.java	319	chat_show_method
QStory_2.6.3-release-restored\sources\p054\C7210.java	320	chat_hide_method
QStory_2.6.3-release-restored\sources\p054\C7210.java	321	com.tencent.mobileqq.aio.input.draft.InputDraftVMDelegate
QStory_2.6.3-release-restored\sources\p054\C7210.java	319	chat_show_method
QStory_2.6.3-release-restored\sources\p054\C7210.java	319	chat_show_method
QStory_2.6.3-release-restored\sources\p054\C7210.java	320	chat_hide_method
QStory_2.6.3-release-restored\sources\p054\C7210.java	322	onEnterAioReport mIsAIOShowed
QStory_2.6.3-release-restored\sources\p054\C7210.java	323	[hide]: nick is 
QStory_2.6.3-release-restored\sources\p054\C7210.java	324	loadBackgroundAsync: skip for mosaic is on
QStory_2.6.3-release-restored\sources\p054\C7210.java	325	doOnStop
QStory_2.6.3-release-restored\sources\p054\C7210.java	319	chat_show_method
QStory_2.6.3-release-restored\sources\p054\C7210.java	320	chat_hide_method
QStory_2.6.3-release-restored\sources\p054\C7210.java	175	com.tencent.mobileqq.activity.aio.core.BaseChatPie
QStory_2.6.3-release-restored\sources\p054\C7210.java	320	chat_hide_method
QStory_2.6.3-release-restored\sources\p054\C7211.java	137	com.tencent.qqnt.kernel.nativeinterface.IKernelMsgService$CppProxy
QStory_2.6.3-release-restored\sources\p054\C7211.java	133	com.tencent.qqnt.kernel.nativeinterface.Contact
QStory_2.6.3-release-restored\sources\p054\C7211.java	136	com.tencent.qqnt.kernel.nativeinterface.IOperateCallback
QStory_2.6.3-release-restored\sources\p054\C7212.java	326	com.tencent.mobileqq.aio.msglist.holder.AIOBubbleMsgItemVB
QStory_2.6.3-release-restored\sources\p054\C7212.java	341	com.tencent.qqnt.aio.holder.template.BubbleLayoutCompatPress
QStory_2.6.3-release-restored\sources\p054\C7212.java	342	[QStory]已对MsgView进行适配
QStory_2.6.3-release-restored\sources\p054\C7213.java	326	com.tencent.mobileqq.aio.msglist.holder.AIOBubbleMsgItemVB
QStory_2.6.3-release-restored\sources\p054\C7214.java	330	mqq.app.msghandle.MsgRespHandler
QStory_2.6.3-release-restored\sources\p054\C7214.java	331	dispatchRespMsg
QStory_2.6.3-release-restored\sources\p054\C7214.java	332	mqq.app.MobileQQ
QStory_2.6.3-release-restored\sources\p054\C7214.java	333	com.tencent.mobileqq.msf.sdk.MsfMessagePair
QStory_2.6.3-release-restored\sources\p054\C7214.java	334	com.tencent.mobileqq.msf.sdk.MsfRespHandleUtil
QStory_2.6.3-release-restored\sources\p054\C7214.java	335	com.tencent.mobileqq.msf.sdk.MsfServiceSdk
QStory_2.6.3-release-restored\sources\p055\C7216.java	300	com.tencent.mobileqq.troop.troopsetting.activity.TroopSettingFragmentV2
QStory_2.6.3-release-restored\sources\p055\C7216.java	301	onViewCreatedAfterPartInit
QStory_2.6.3-release-restored\sources\p055\C7216.java	302	com.tencent.mobileqq.troop.troopsetting.activity.TroopSettingActivity
QStory_2.6.3-release-restored\sources\p055\C7216.java	93	doOnCreate
QStory_2.6.3-release-restored\sources\p055\C7216.java	299	将群文件卡片所在位置重新排序到上方
QStory_2.6.3-release-restored\sources\p055\C7217.java	271	doNotDisturbData
QStory_2.6.3-release-restored\sources\p055\C7217.java	171	com.tencent.mobileqq.activity.home.Conversation
QStory_2.6.3-release-restored\sources\p055\C7217.java	279	openSession
QStory_2.6.3-release-restored\sources\p055\C7217.java	271	doNotDisturbData
QStory_2.6.3-release-restored\sources\p055\C7217.java	275	targetTime
QStory_2.6.3-release-restored\sources\p055\C7217.java	279	openSession
QStory_2.6.3-release-restored\sources\p055\C7217.java	271	doNotDisturbData
QStory_2.6.3-release-restored\sources\p055\C7217.java	275	targetTime
QStory_2.6.3-release-restored\sources\p055\C7217.java	279	openSession
QStory_2.6.3-release-restored\sources\p055\C7217.java	271	doNotDisturbData
QStory_2.6.3-release-restored\sources\p055\C7217.java	275	targetTime
QStory_2.6.3-release-restored\sources\p055\C7217.java	117	com.tencent.qqnt.notification.NotificationFacade
QStory_2.6.3-release-restored\sources\p055\C7217.java	118	mqq.app.AppRuntime
QStory_2.6.3-release-restored\sources\p055\C7217.java	119	com.tencent.qqnt.kernel.nativeinterface.NotificationCommonInfo
QStory_2.6.3-release-restored\sources\p055\C7217.java	120	com.tencent.qqnt.kernel.nativeinterface.RecentContactInfo
QStory_2.6.3-release-restored\sources\p055\C7217.java	279	openSession
QStory_2.6.3-release-restored\sources\p055\C7217.java	271	doNotDisturbData
QStory_2.6.3-release-restored\sources\p055\C7217.java	275	targetTime
QStory_2.6.3-release-restored\sources\p055\C7217.java	171	com.tencent.mobileqq.activity.home.Conversation
QStory_2.6.3-release-restored\sources\p055\C7217.java	62	onResume
QStory_2.6.3-release-restored\sources\p055\C7217.java	279	openSession
QStory_2.6.3-release-restored\sources\p055\C7217.java	271	doNotDisturbData
QStory_2.6.3-release-restored\sources\p055\C7217.java	275	targetTime
QStory_2.6.3-release-restored\sources\p055\C7217.java	279	openSession
QStory_2.6.3-release-restored\sources\p055\C7217.java	271	doNotDisturbData
QStory_2.6.3-release-restored\sources\p055\C7217.java	275	targetTime
QStory_2.6.3-release-restored\sources\p055\C7217.java	279	openSession
QStory_2.6.3-release-restored\sources\p055\C7217.java	271	doNotDisturbData
QStory_2.6.3-release-restored\sources\p055\C7217.java	275	targetTime
QStory_2.6.3-release-restored\sources\p055\C7217.java	278	功能已失效
QStory_2.6.3-release-restored\sources\p055\C7220.java	137	com.tencent.qqnt.kernel.nativeinterface.IKernelMsgService$CppProxy
QStory_2.6.3-release-restored\sources\p055\C7220.java	133	com.tencent.qqnt.kernel.nativeinterface.Contact
QStory_2.6.3-release-restored\sources\p055\C7220.java	136	com.tencent.qqnt.kernel.nativeinterface.IOperateCallback
QStory_2.6.3-release-restored\sources\p055\C7220.java	285	防止泄露隐私 实验性功能 效果没测出来 仅适配QQNT
QStory_2.6.3-release-restored\sources\p055\C7221.java	264	com.tencent.mobileqq.QQSettingMe
QStory_2.6.3-release-restored\sources\p055\C7221.java	265	com.tencent.mobileqq.QQSettingMeView
QStory_2.6.3-release-restored\sources\p055\C7221.java	264	com.tencent.mobileqq.QQSettingMe
QStory_2.6.3-release-restored\sources\p055\C7221.java	266	com.tencent.mobileqq.BaseQQSettingMeView
QStory_2.6.3-release-restored\sources\p055\C7221.java	267	com.tencent.mobileqq.activity.QQSettingMe
QStory_2.6.3-release-restored\sources\p055\C7221.java	268	com.tencent.mobileqq.activity.BaseQQSettingMeView
QStory_2.6.3-release-restored\sources\p055\C7221.java	269	重启生效,该项仅在旧版侧滑栏生效
QStory_2.6.3-release-restored\sources\p055\C7222.java	264	com.tencent.mobileqq.QQSettingMe
QStory_2.6.3-release-restored\sources\p055\C7222.java	265	com.tencent.mobileqq.QQSettingMeView
QStory_2.6.3-release-restored\sources\p055\C7222.java	264	com.tencent.mobileqq.QQSettingMe
QStory_2.6.3-release-restored\sources\p055\C7222.java	266	com.tencent.mobileqq.BaseQQSettingMeView
QStory_2.6.3-release-restored\sources\p055\C7222.java	267	com.tencent.mobileqq.activity.QQSettingMe
QStory_2.6.3-release-restored\sources\p055\C7222.java	268	com.tencent.mobileqq.activity.BaseQQSettingMeView
QStory_2.6.3-release-restored\sources\p055\C7222.java	269	重启生效,该项仅在旧版侧滑栏生效
QStory_2.6.3-release-restored\sources\p055\C7223.java	248	GdtMvTitleHelper
QStory_2.6.3-release-restored\sources\p055\C7223.java	249	bar == null
QStory_2.6.3-release-restored\sources\p055\C7223.java	256	com.tencent.gdtad.basics.motivebrowsing.GdtMotiveBrowsingDialog
QStory_2.6.3-release-restored\sources\p055\C7223.java	257	GdtMotiveBrowsingDialog
QStory_2.6.3-release-restored\sources\p055\C7223.java	258	doOnBackEvent
QStory_2.6.3-release-restored\sources\p055\C7223.java	256	com.tencent.gdtad.basics.motivebrowsing.GdtMotiveBrowsingDialog
QStory_2.6.3-release-restored\sources\p055\C7223.java	73	onCreate
QStory_2.6.3-release-restored\sources\p055\C7223.java	73	onCreate
QStory_2.6.3-release-restored\sources\p055\C7223.java	259	脆弱的功能 很容易坏
QStory_2.6.3-release-restored\sources\p055\C7224.java	133	com.tencent.qqnt.kernel.nativeinterface.Contact
QStory_2.6.3-release-restored\sources\p055\C7224.java	134	java.util.ArrayList
QStory_2.6.3-release-restored\sources\p055\C7224.java	135	java.util.HashMap
QStory_2.6.3-release-restored\sources\p055\C7224.java	136	com.tencent.qqnt.kernel.nativeinterface.IOperateCallback
QStory_2.6.3-release-restored\sources\p055\C7224.java	245	MessagePrefixAndSuffixModification
QStory_2.6.3-release-restored\sources\p055\C7224.java	137	com.tencent.qqnt.kernel.nativeinterface.IKernelMsgService$CppProxy
QStory_2.6.3-release-restored\sources\p055\C7224.java	246	点击设置消息前后缀
QStory_2.6.3-release-restored\sources\p055\C7226.java	261	com.tencent.mobileqq.springhb.entry.module.SpringTabBannerModule
QStory_2.6.3-release-restored\sources\p055\C7226.java	262	com.tencent.mobileqq.springhb.entry.model.MsgTabBannerData
QStory_2.6.3-release-restored\sources\p055\C7226.java	261	com.tencent.mobileqq.springhb.entry.module.SpringTabBannerModule
QStory_2.6.3-release-restored\sources\p055\C7229.java	160	com.tencent.mobileqq.aio.msg.AIOMsgItem
QStory_2.6.3-release-restored\sources\p055\C7229.java	163	com.tencent.mobileqq.aio.msglist.holder.component.BaseContentComponent
QStory_2.6.3-release-restored\sources\p055\C7231.java	198	com.tencent.mobileqq.activity.ChatSettingActivity
QStory_2.6.3-release-restored\sources\p055\C7231.java	93	doOnCreate
QStory_2.6.3-release-restored\sources\p055\C7231.java	196	com.tencent.mobileqq.activity.ChatSettingFragment
QStory_2.6.3-release-restored\sources\p055\C7231.java	197	onViewCreated
QStory_2.6.3-release-restored\sources\p055\C7231.java	195	主页搜索-游戏消息-聊天界面右上角
QStory_2.6.3-release-restored\sources\p055\C7234.java	233	inputTextMethod
QStory_2.6.3-release-restored\sources\p055\C7234.java	237	com.tencent.mobileqq.aio.input.sendmsg
QStory_2.6.3-release-restored\sources\p055\C7234.java	238	AIOSendMsgVBDelegate
QStory_2.6.3-release-restored\sources\p055\C7234.java	239	handleRecallFailed no toast
QStory_2.6.3-release-restored\sources\p055\C7234.java	240	androidx.viewbinding.ViewBinding
QStory_2.6.3-release-restored\sources\p055\C7234.java	235	com.tencent.guild.aio.input.realinput.GuildAioDefaultInputViewBinder
QStory_2.6.3-release-restored\sources\p055\C7234.java	236	bindViewAndData
QStory_2.6.3-release-restored\sources\p055\C7234.java	234	长按发送以发送输入框内的卡片
QStory_2.6.3-release-restored\sources\p055\C7234.java	233	inputTextMethod
QStory_2.6.3-release-restored\sources\p055\C7234.java	241	inputRoot.findViewById(R.id.input)
QStory_2.6.3-release-restored\sources\p055\C7234.java	233	inputTextMethod
QStory_2.6.3-release-restored\sources\p055\C7237.java	73	onCreate
QStory_2.6.3-release-restored\sources\p055\C7237.java	231	forward_source_uin_type
QStory_2.6.3-release-restored\sources\p055\C7237.java	232	extra.GROUP_CODE
QStory_2.6.3-release-restored\sources\p055\C7237.java	230	getIntent
QStory_2.6.3-release-restored\sources\p055\C7237.java	48	status_bar_height
QStory_2.6.3-release-restored\sources\p055\C7237.java	62	onResume
QStory_2.6.3-release-restored\sources\p055\C7237.java	231	forward_source_uin_type
QStory_2.6.3-release-restored\sources\p055\C7237.java	232	extra.GROUP_CODE
QStory_2.6.3-release-restored\sources\p055\C7237.java	230	getIntent
QStory_2.6.3-release-restored\sources\p055\C7237.java	48	status_bar_height
QStory_2.6.3-release-restored\sources\p055\C7237.java	73	onCreate
QStory_2.6.3-release-restored\sources\p055\C7237.java	231	forward_source_uin_type
QStory_2.6.3-release-restored\sources\p055\C7237.java	232	extra.GROUP_CODE
QStory_2.6.3-release-restored\sources\p055\C7237.java	230	getIntent
QStory_2.6.3-release-restored\sources\p055\C7237.java	48	status_bar_height
QStory_2.6.3-release-restored\sources\p055\C7237.java	62	onResume
QStory_2.6.3-release-restored\sources\p055\C7237.java	231	forward_source_uin_type
QStory_2.6.3-release-restored\sources\p055\C7237.java	232	extra.GROUP_CODE
QStory_2.6.3-release-restored\sources\p055\C7237.java	230	getIntent
QStory_2.6.3-release-restored\sources\p055\C7237.java	48	status_bar_height
QStory_2.6.3-release-restored\sources\p055\C7240.java	122	com.tencent.mobileqq.app.QQAppInterface
QStory_2.6.3-release-restored\sources\p055\C7240.java	123	notifyMessageReceived
QStory_2.6.3-release-restored\sources\p055\C7240.java	124	com.tencent.imcore.message.Message
QStory_2.6.3-release-restored\sources\p055\C7240.java	117	com.tencent.qqnt.notification.NotificationFacade
QStory_2.6.3-release-restored\sources\p055\C7240.java	118	mqq.app.AppRuntime
QStory_2.6.3-release-restored\sources\p055\C7240.java	119	com.tencent.qqnt.kernel.nativeinterface.NotificationCommonInfo
QStory_2.6.3-release-restored\sources\p055\C7240.java	120	com.tencent.qqnt.kernel.nativeinterface.RecentContactInfo
QStory_2.6.3-release-restored\sources\p055\C7240.java	121	始终没有找到合适的方法
QStory_2.6.3-release-restored\sources\p055\C7241.java	112	com.tencent.qqnt.chats.core.adapter.holder
QStory_2.6.3-release-restored\sources\p055\C7241.java	113	chatSwipeLayout
QStory_2.6.3-release-restored\sources\p055\C7241.java	114	com.tencent.qqnt.chats.core.adapter.holder.RecentContactItemBinding
QStory_2.6.3-release-restored\sources\p055\C7241.java	110	com.tencent.qqnt.chats.core.ui.ChatsListVBS$
QStory_2.6.3-release-restored\sources\p055\C7241.java	106	com.tencent.qqnt.chats.biz.guild.GuildDiscoveryItemBuilder
QStory_2.6.3-release-restored\sources\p055\C7241.java	107	com.tencent.qqnt.chats.core.adapter.
QStory_2.6.3-release-restored\sources\p055\C7241.java	115	RecentContactChatItem
QStory_2.6.3-release-restored\sources\p055\C7241.java	116	contactType=16
QStory_2.6.3-release-restored\sources\p055\C7241.java	111	findClass is null
QStory_2.6.3-release-restored\sources\p055\C7241.java	108	com.tencent.qqnt.chats.core.adapter.holder.RecentContactItemHolder
QStory_2.6.3-release-restored\sources\p055\C7241.java	109	com.tencent.qqnt.chats.core.adapter.builder.
QStory_2.6.3-release-restored\sources\p055\C7241.java	107	com.tencent.qqnt.chats.core.adapter.
QStory_2.6.3-release-restored\sources\p055\C7241.java	115	RecentContactChatItem
QStory_2.6.3-release-restored\sources\p055\C7241.java	116	contactType=16
QStory_2.6.3-release-restored\sources\p055\C7241.java	111	findClass is null
QStory_2.6.3-release-restored\sources\p055\C7241.java	105	重启生效
QStory_2.6.3-release-restored\sources\p055\C7243.java	104	/voice_icon.png
QStory_2.6.3-release-restored\sources\p055\C7243.java	99	语音图标初始化完成
QStory_2.6.3-release-restored\sources\p055\C7243.java	100	语音保存在
QStory_2.6.3-release-restored\sources\p055\C7243.java	101	单击可以复制
QStory_2.6.3-release-restored\sources\p055\C7246.java	164	getMsgRecord
QStory_2.6.3-release-restored\sources\p055\C7246.java	125	chatType
QStory_2.6.3-release-restored\sources\p055\C7246.java	152	elements
QStory_2.6.3-release-restored\sources\p055\C7246.java	140	getPicElement
QStory_2.6.3-release-restored\sources\p055\C7246.java	178	com.tencent.qqnt.kernel.nativeinterface.PicElement
QStory_2.6.3-release-restored\sources\p055\C7246.java	179	md5HexStr
QStory_2.6.3-release-restored\sources\p055\C7246.java	180	保存到QS
QStory_2.6.3-release-restored\sources\p055\C7246.java	164	getMsgRecord
QStory_2.6.3-release-restored\sources\p055\C7246.java	180	保存到QS
QStory_2.6.3-release-restored\sources\p055\C7246.java	2016	null cannot be cast to non-null type kotlin.collections.MutableList<kotlin.Any>
QStory_2.6.3-release-restored\sources\p055\C7247.java	192	com.tencent.mobileqq.emotionintegrate.AIOEmotionFragment
QStory_2.6.3-release-restored\sources\p055\C7247.java	62	onResume
QStory_2.6.3-release-restored\sources\p055\C7248.java	193	com.tencent.mobileqq.widget.share.ShareActionSheetV2
QStory_2.6.3-release-restored\sources\p055\C7248.java	194	setIntentForStartForwardRecentActivity
QStory_2.6.3-release-restored\sources\p055\C7250.java	181	/滑稽.png
QStory_2.6.3-release-restored\sources\p055\C7250.java	182	/暗黑滑稽.png
QStory_2.6.3-release-restored\sources\p055\C7250.java	188	com.tencent.mobileqq.aio.input.simpleui
QStory_2.6.3-release-restored\sources\p055\C7250.java	189	updateSimpleUI
QStory_2.6.3-release-restored\sources\p055\C7250.java	187	QStory表情面板
QStory_2.6.3-release-restored\sources\p055\C7250.java	174	com.tencent.mobileqq.activity.aio.panel.PanelIconLinearLayout
QStory_2.6.3-release-restored\sources\p055\C7250.java	175	com.tencent.mobileqq.activity.aio.core.BaseChatPie
QStory_2.6.3-release-restored\sources\p055\C7250.java	176	com.tencent.qqnt.aio.shortcutbar.PanelIconLinearLayout
QStory_2.6.3-release-restored\sources\p055\C7250.java	177	No method found
QStory_2.6.3-release-restored\sources\p055\C7250.java	158	com.tencent.qqnt.aio.menu.ui.QQCustomMenuExpandableLayout
QStory_2.6.3-release-restored\sources\p055\C7250.java	159	com.tencent.qqnt.aio.menu.ui.QQCustomMenuNoIconLayout
QStory_2.6.3-release-restored\sources\p055\C7250.java	160	com.tencent.mobileqq.aio.msg.AIOMsgItem
QStory_2.6.3-release-restored\sources\p055\C7250.java	161	com.tencent.mobileqq.aio.msglist.holder.component.pic.AIOPicContentComponent
QStory_2.6.3-release-restored\sources\p055\C7250.java	162	com.tencent.mobileqq.aio.msglist.holder.component.mix.AIOMixContentComponent
QStory_2.6.3-release-restored\sources\p055\C7250.java	163	com.tencent.mobileqq.aio.msglist.holder.component.BaseContentComponent
QStory_2.6.3-release-restored\sources\p055\C7250.java	183	 ̶因̶为̶F̶u̶n̶P̶a̶n̶e̶l̶的̶Q̶T̶o̶o̶l̶表̶情̶面̶板̶#̶2̶难̶用̶ , 所以有了这个从QTool移植适配来的表情面板#1 , 表情以文件夹组保存在
QStory_2.6.3-release-restored\sources\p055\C7250.java	184	/Pic/单击可以复制
QStory_2.6.3-release-restored\sources\p055\C7250.java	185	表情面板图标初始化完毕
QStory_2.6.3-release-restored\sources\p055\C7250.java	186	深色模式表情面板图标初始化完毕
QStory_2.6.3-release-restored\sources\p055\C7253.java	173	emotion_download_disable_8980_887036489
QStory_2.6.3-release-restored\sources\p055\C7253.java	172	在版本大于等于8.9.80时QQ关闭了表情保存 此功能可以继续下载表情
QStory_2.6.3-release-restored\sources\p055\C7253.java	173	emotion_download_disable_8980_887036489
QStory_2.6.3-release-restored\sources\p055\C7256.java	106	com.tencent.qqnt.chats.biz.guild.GuildDiscoveryItemBuilder
QStory_2.6.3-release-restored\sources\p055\C7256.java	107	com.tencent.qqnt.chats.core.adapter.
QStory_2.6.3-release-restored\sources\p055\C7256.java	115	RecentContactChatItem
QStory_2.6.3-release-restored\sources\p055\C7256.java	171	com.tencent.mobileqq.activity.home.Conversation
QStory_2.6.3-release-restored\sources\p055\C7256.java	62	onResume
QStory_2.6.3-release-restored\sources\p055\C7256.java	115	RecentContactChatItem
QStory_2.6.3-release-restored\sources\p055\C7256.java	108	com.tencent.qqnt.chats.core.adapter.holder.RecentContactItemHolder
QStory_2.6.3-release-restored\sources\p055\C7256.java	109	com.tencent.qqnt.chats.core.adapter.builder.
QStory_2.6.3-release-restored\sources\p055\C7256.java	107	com.tencent.qqnt.chats.core.adapter.
QStory_2.6.3-release-restored\sources\p055\C7256.java	115	RecentContactChatItem
QStory_2.6.3-release-restored\sources\p055\C7256.java	170	NT专用_长按主页右上角加号删除,请勿和QA的清理最近聊天一起开启,否则并不会发生什么
QStory_2.6.3-release-restored\sources\p055\C7257.java	150	com.tencent.qphone.base.util.QLogItemManager$WriteHandler
QStory_2.6.3-release-restored\sources\p055\C7258.java	143	com.tencent.richframework.gallery.part.RFWLayerAnimPart
QStory_2.6.3-release-restored\sources\p055\C7258.java	144	initStartAnim
QStory_2.6.3-release-restored\sources\p055\C7258.java	145	updateBackgroundAlpha
QStory_2.6.3-release-restored\sources\p055\C7259.java	46	clipboard
QStory_2.6.3-release-restored\sources\p055\C7259.java	166	已复制到剪切板:
QStory_2.6.3-release-restored\sources\p055\C7259.java	158	com.tencent.qqnt.aio.menu.ui.QQCustomMenuExpandableLayout
QStory_2.6.3-release-restored\sources\p055\C7259.java	159	com.tencent.qqnt.aio.menu.ui.QQCustomMenuNoIconLayout
QStory_2.6.3-release-restored\sources\p055\C7259.java	160	com.tencent.mobileqq.aio.msg.AIOMsgItem
QStory_2.6.3-release-restored\sources\p055\C7259.java	161	com.tencent.mobileqq.aio.msglist.holder.component.pic.AIOPicContentComponent
QStory_2.6.3-release-restored\sources\p055\C7259.java	162	com.tencent.mobileqq.aio.msglist.holder.component.mix.AIOMixContentComponent
QStory_2.6.3-release-restored\sources\p055\C7259.java	163	com.tencent.mobileqq.aio.msglist.holder.component.BaseContentComponent
QStory_2.6.3-release-restored\sources\p055\C7261.java	157	仅支持QQNT
QStory_2.6.3-release-restored\sources\p055\RunnableC7255.java	111	findClass is null
QStory_2.6.3-release-restored\sources\p055\RunnableC7255.java	114	com.tencent.qqnt.chats.core.adapter.holder.RecentContactItemBinding
QStory_2.6.3-release-restored\sources\p055\RunnableC7255.java	167	com.tencent.qqnt.chats.core.ui.ChatsListVB$
QStory_2.6.3-release-restored\sources\p055\RunnableC7255.java	115	RecentContactChatItem
QStory_2.6.3-release-restored\sources\p055\RunnableC7255.java	168	开始清理
QStory_2.6.3-release-restored\sources\p055\RunnableC7255.java	114	com.tencent.qqnt.chats.core.adapter.holder.RecentContactItemBinding
QStory_2.6.3-release-restored\sources\p055\RunnableC7255.java	169	已清理
QStory_2.6.3-release-restored\sources\p055\ViewOnClickListenerC7215.java	291	https://api.lzlnb.cn/api/ark
QStory_2.6.3-release-restored\sources\p055\ViewOnClickListenerC7215.java	158	com.tencent.qqnt.aio.menu.ui.QQCustomMenuExpandableLayout
QStory_2.6.3-release-restored\sources\p055\ViewOnClickListenerC7215.java	159	com.tencent.qqnt.aio.menu.ui.QQCustomMenuNoIconLayout
QStory_2.6.3-release-restored\sources\p055\ViewOnClickListenerC7215.java	160	com.tencent.mobileqq.aio.msg.AIOMsgItem
QStory_2.6.3-release-restored\sources\p055\ViewOnClickListenerC7215.java	161	com.tencent.mobileqq.aio.msglist.holder.component.pic.AIOPicContentComponent
QStory_2.6.3-release-restored\sources\p055\ViewOnClickListenerC7215.java	162	com.tencent.mobileqq.aio.msglist.holder.component.mix.AIOMixContentComponent
QStory_2.6.3-release-restored\sources\p055\ViewOnClickListenerC7215.java	163	com.tencent.mobileqq.aio.msglist.holder.component.BaseContentComponent
QStory_2.6.3-release-restored\sources\p055\ViewOnClickListenerC7215.java	292	长按图片消息会出现图转卡的可选项
QStory_2.6.3-release-restored\sources\p055\ViewOnClickListenerC7227.java	227	mqqapi://card/show_pslcard?src_type=internal&version=1&uin=
QStory_2.6.3-release-restored\sources\p055\ViewOnClickListenerC7227.java	228	&card_type=group&source=qrcode
QStory_2.6.3-release-restored\sources\p055\ViewOnClickListenerC7227.java	227	mqqapi://card/show_pslcard?src_type=internal&version=1&uin=
QStory_2.6.3-release-restored\sources\p055\ViewOnClickListenerC7227.java	228	&card_type=group&source=qrcode
QStory_2.6.3-release-restored\sources\p055\ViewOnClickListenerC7233.java	243	time_format
QStory_2.6.3-release-restored\sources\p055\ViewOnClickListenerC7233.java	244	保存成功
QStory_2.6.3-release-restored\sources\p055\ViewOnClickListenerC7239.java	132	PictureSummary
QStory_2.6.3-release-restored\sources\p055\ViewOnClickListenerC7239.java	133	com.tencent.qqnt.kernel.nativeinterface.Contact
QStory_2.6.3-release-restored\sources\p055\ViewOnClickListenerC7239.java	134	java.util.ArrayList
QStory_2.6.3-release-restored\sources\p055\ViewOnClickListenerC7239.java	135	java.util.HashMap
QStory_2.6.3-release-restored\sources\p055\ViewOnClickListenerC7239.java	136	com.tencent.qqnt.kernel.nativeinterface.IOperateCallback
QStory_2.6.3-release-restored\sources\p055\ViewOnClickListenerC7239.java	137	com.tencent.qqnt.kernel.nativeinterface.IKernelMsgService$CppProxy
QStory_2.6.3-release-restored\sources\p055\ViewOnClickListenerC7239.java	132	PictureSummary
QStory_2.6.3-release-restored\sources\p055\ViewOnClickListenerC7239.java	139	设置为:
QStory_2.6.3-release-restored\sources\p055\ViewOnClickListenerC7239.java	138	点击以设置图片/表情显示的文本
QStory_2.6.3-release-restored\sources\p055\ViewOnClickListenerC7239.java	132	PictureSummary
QStory_2.6.3-release-restored\sources\p055\ViewOnClickListenerC7239.java	1092	https://suzhelan.top/api/pan/direct/private/如果有人能懂我的忧郁.txt
QStory_2.6.3-release-restored\sources\p055\ViewOnLongClickListenerC7235.java	242	卡片格式错误
QStory_2.6.3-release-restored\sources\p055\ViewOnLongClickListenerC7235.java	242	卡片格式错误
QStory_2.6.3-release-restored\sources\p056\C7263.java	496	需要检测群.json
QStory_2.6.3-release-restored\sources\p056\C7263.java	497	警告组.json
QStory_2.6.3-release-restored\sources\p056\C7263.java	496	需要检测群.json
QStory_2.6.3-release-restored\sources\p056\C7263.java	509	2971017318
QStory_2.6.3-release-restored\sources\p056\C7263.java	510	638537273
QStory_2.6.3-release-restored\sources\p056\C7263.java	497	警告组.json
QStory_2.6.3-release-restored\sources\p056\C7263.java	497	警告组.json
QStory_2.6.3-release-restored\sources\p056\C7263.java	496	需要检测群.json
QStory_2.6.3-release-restored\sources\p056\C7263.java	1562	hookItem
QStory_2.6.3-release-restored\sources\p056\C7263.java	1566	onMsgListener
QStory_2.6.3-release-restored\sources\p056\C7265.java	517	com.tencent.mobileqq.transfile.HttpDownloader
QStory_2.6.3-release-restored\sources\p056\C7265.java	518	downloadImage
QStory_2.6.3-release-restored\sources\p056\C7265.java	519	com.tencent.image.DownloadParams
QStory_2.6.3-release-restored\sources\p056\C7265.java	520	com.tencent.image.URLDrawableHandler
QStory_2.6.3-release-restored\sources\p056\C7266.java	133	com.tencent.qqnt.kernel.nativeinterface.Contact
QStory_2.6.3-release-restored\sources\p056\C7266.java	134	java.util.ArrayList
QStory_2.6.3-release-restored\sources\p056\C7266.java	135	java.util.HashMap
QStory_2.6.3-release-restored\sources\p056\C7266.java	136	com.tencent.qqnt.kernel.nativeinterface.IOperateCallback
QStory_2.6.3-release-restored\sources\p056\C7266.java	514	AtTextSummaryChange
QStory_2.6.3-release-restored\sources\p056\C7266.java	137	com.tencent.qqnt.kernel.nativeinterface.IKernelMsgService$CppProxy
QStory_2.6.3-release-restored\sources\p056\C7266.java	515	点击可设置显示的文本
QStory_2.6.3-release-restored\sources\p056\C7267.java	496	需要检测群.json
QStory_2.6.3-release-restored\sources\p056\C7267.java	497	警告组.json
QStory_2.6.3-release-restored\sources\p056\C7267.java	496	需要检测群.json
QStory_2.6.3-release-restored\sources\p056\C7267.java	509	2971017318
QStory_2.6.3-release-restored\sources\p056\C7267.java	510	638537273
QStory_2.6.3-release-restored\sources\p056\C7267.java	497	警告组.json
QStory_2.6.3-release-restored\sources\p056\C7267.java	1562	hookItem
QStory_2.6.3-release-restored\sources\p056\C7267.java	1566	onMsgListener
QStory_2.6.3-release-restored\sources\p056\C7267.java	498	功能已关闭 请勿使用 \n仅供娱乐 使用方法 \n在
QStory_2.6.3-release-restored\sources\p056\C7267.java	496	需要检测群.json
QStory_2.6.3-release-restored\sources\p056\C7267.java	499	里编辑要开启此功能的群组(按照留下的json格式添加群)\n单击可复制路径 修改完重启QQ生效\n龙图警告次数+1\n猫图警告次数-1\n警告次数3次会执行踢出
QStory_2.6.3-release-restored\sources\p056\C7267.java	497	警告组.json
QStory_2.6.3-release-restored\sources\p056\C7267.java	496	需要检测群.json
QStory_2.6.3-release-restored\sources\p056\C7269.java	158	com.tencent.qqnt.aio.menu.ui.QQCustomMenuExpandableLayout
QStory_2.6.3-release-restored\sources\p056\C7269.java	159	com.tencent.qqnt.aio.menu.ui.QQCustomMenuNoIconLayout
QStory_2.6.3-release-restored\sources\p056\C7271.java	554	群组聊天界面 长按右上角三条杠出现 目前有快捷的全体解禁言
QStory_2.6.3-release-restored\sources\p057\C7272.java	556	onDetachedFromWindow
QStory_2.6.3-release-restored\sources\p057\C7272.java	555	使QQ字体添加彩色效果 重启生效
QStory_2.6.3-release-restored\sources\p058\AbstractC7275.java	482	[QQ红包]
QStory_2.6.3-release-restored\sources\p058\AbstractC7275.java	483	senderUin
QStory_2.6.3-release-restored\sources\p058\AbstractC7275.java	152	elements
QStory_2.6.3-release-restored\sources\p058\AbstractC7275.java	338	elementType
QStory_2.6.3-release-restored\sources\p058\AbstractC7277.java	475	&authkey=
QStory_2.6.3-release-restored\sources\p058\AbstractC7277.java	480	&hb_from=0&grouptype=
QStory_2.6.3-release-restored\sources\p058\AbstractC7277.java	476	&trans_seq=
QStory_2.6.3-release-restored\sources\p058\AbstractC7277.java	468	&groupuin=
QStory_2.6.3-release-restored\sources\p058\AbstractC7277.java	471	&pay_flag=
QStory_2.6.3-release-restored\sources\p058\AbstractC7277.java	459	&groupid=
QStory_2.6.3-release-restored\sources\p058\AbstractC7277.java	462	&channel=
QStory_2.6.3-release-restored\sources\p058\AbstractC7277.java	465	&senderuin=
QStory_2.6.3-release-restored\sources\p058\AbstractC7277.java	474	hb_pre_grapver=2.0&chv=3
QStory_2.6.3-release-restored\sources\p058\AbstractC7277.java	415	tencent.im.qqwallet.QWalletHbPreGrab$QQHBRequest
QStory_2.6.3-release-restored\sources\p058\AbstractC7277.java	418	hb_pre_grap
QStory_2.6.3-release-restored\sources\p058\AbstractC7277.java	419	toByteArray
QStory_2.6.3-release-restored\sources\p058\AbstractC7277.java	421	setObserver
QStory_2.6.3-release-restored\sources\p058\AbstractC7277.java	422	mqq.observer.BusinessObserver
QStory_2.6.3-release-restored\sources\p058\AbstractC7277.java	422	mqq.observer.BusinessObserver
QStory_2.6.3-release-restored\sources\p058\AbstractC7277.java	450	tencent.im.qqwallet.QWalletHbPreGrab$QQHBReply
QStory_2.6.3-release-restored\sources\p058\AbstractC7277.java	451	mergeFrom
QStory_2.6.3-release-restored\sources\p058\AbstractC7277.java	418	hb_pre_grap
QStory_2.6.3-release-restored\sources\p058\AbstractC7277.java	477	pre_grap_token
QStory_2.6.3-release-restored\sources\p058\AbstractC7277.java	477	pre_grap_token
QStory_2.6.3-release-restored\sources\p058\AbstractC7277.java	453	authkey=
QStory_2.6.3-release-restored\sources\p058\AbstractC7277.java	481	&hb_from=0&groupid=
QStory_2.6.3-release-restored\sources\p058\AbstractC7277.java	458	&agreement=
QStory_2.6.3-release-restored\sources\p058\AbstractC7277.java	471	&pay_flag=
QStory_2.6.3-release-restored\sources\p058\AbstractC7277.java	462	&channel=
QStory_2.6.3-release-restored\sources\p058\AbstractC7277.java	473	&pre_grap_token=
QStory_2.6.3-release-restored\sources\p058\AbstractC7277.java	465	&senderuin=
QStory_2.6.3-release-restored\sources\p058\AbstractC7277.java	466	&listid=
QStory_2.6.3-release-restored\sources\p058\AbstractC7277.java	394	&skey_type=
QStory_2.6.3-release-restored\sources\p058\AbstractC7277.java	467	&grouptype=
QStory_2.6.3-release-restored\sources\p058\AbstractC7277.java	468	&groupuin=
QStory_2.6.3-release-restored\sources\p058\AbstractC7277.java	479	trans_seq
QStory_2.6.3-release-restored\sources\p058\AbstractC7277.java	423	startServlet
QStory_2.6.3-release-restored\sources\p058\AbstractC7277.java	401	mqq.app.NewIntent
QStory_2.6.3-release-restored\sources\p058\AbstractC7279.java	475	&authkey=
QStory_2.6.3-release-restored\sources\p058\AbstractC7279.java	480	&hb_from=0&grouptype=
QStory_2.6.3-release-restored\sources\p058\AbstractC7279.java	476	&trans_seq=
QStory_2.6.3-release-restored\sources\p058\AbstractC7279.java	468	&groupuin=
QStory_2.6.3-release-restored\sources\p058\AbstractC7279.java	471	&pay_flag=
QStory_2.6.3-release-restored\sources\p058\AbstractC7279.java	459	&groupid=
QStory_2.6.3-release-restored\sources\p058\AbstractC7279.java	462	&channel=
QStory_2.6.3-release-restored\sources\p058\AbstractC7279.java	465	&senderuin=
QStory_2.6.3-release-restored\sources\p058\AbstractC7279.java	474	hb_pre_grapver=2.0&chv=3
QStory_2.6.3-release-restored\sources\p058\AbstractC7279.java	415	tencent.im.qqwallet.QWalletHbPreGrab$QQHBRequest
QStory_2.6.3-release-restored\sources\p058\AbstractC7279.java	418	hb_pre_grap
QStory_2.6.3-release-restored\sources\p058\AbstractC7279.java	419	toByteArray
QStory_2.6.3-release-restored\sources\p058\AbstractC7279.java	421	setObserver
QStory_2.6.3-release-restored\sources\p058\AbstractC7279.java	422	mqq.observer.BusinessObserver
QStory_2.6.3-release-restored\sources\p058\AbstractC7279.java	422	mqq.observer.BusinessObserver
QStory_2.6.3-release-restored\sources\p058\AbstractC7279.java	450	tencent.im.qqwallet.QWalletHbPreGrab$QQHBReply
QStory_2.6.3-release-restored\sources\p058\AbstractC7279.java	451	mergeFrom
QStory_2.6.3-release-restored\sources\p058\AbstractC7279.java	418	hb_pre_grap
QStory_2.6.3-release-restored\sources\p058\AbstractC7279.java	477	pre_grap_token
QStory_2.6.3-release-restored\sources\p058\AbstractC7279.java	477	pre_grap_token
QStory_2.6.3-release-restored\sources\p058\AbstractC7279.java	453	authkey=
QStory_2.6.3-release-restored\sources\p058\AbstractC7279.java	458	&agreement=
QStory_2.6.3-release-restored\sources\p058\AbstractC7279.java	459	&groupid=
QStory_2.6.3-release-restored\sources\p058\AbstractC7279.java	462	&channel=
QStory_2.6.3-release-restored\sources\p058\AbstractC7279.java	473	&pre_grap_token=
QStory_2.6.3-release-restored\sources\p058\AbstractC7279.java	465	&senderuin=
QStory_2.6.3-release-restored\sources\p058\AbstractC7279.java	466	&listid=
QStory_2.6.3-release-restored\sources\p058\AbstractC7279.java	394	&skey_type=
QStory_2.6.3-release-restored\sources\p058\AbstractC7279.java	467	&grouptype=
QStory_2.6.3-release-restored\sources\p058\AbstractC7279.java	468	&groupuin=
QStory_2.6.3-release-restored\sources\p058\AbstractC7279.java	479	trans_seq
QStory_2.6.3-release-restored\sources\p058\AbstractC7279.java	423	startServlet
QStory_2.6.3-release-restored\sources\p058\AbstractC7279.java	401	mqq.app.NewIntent
QStory_2.6.3-release-restored\sources\p059\C7282.java	448	请求状态  : 
QStory_2.6.3-release-restored\sources\p059\C7282.java	450	tencent.im.qqwallet.QWalletHbPreGrab$QQHBReply
QStory_2.6.3-release-restored\sources\p059\C7282.java	451	mergeFrom
QStory_2.6.3-release-restored\sources\p059\C7282.java	449	rsp_bytes
QStory_2.6.3-release-restored\sources\p059\C7282.java	452	toStringUtf8
QStory_2.6.3-release-restored\sources\p059\C7282.java	407	com.tenpay.sdk.net.core.comm.SessionKey
QStory_2.6.3-release-restored\sources\p059\C7282.java	408	com.tenpay.sdk.net.core.statistic.StatisticInfo
QStory_2.6.3-release-restored\sources\p059\C7282.java	409	com.tenpay.sdk.net.core.encrypt.EncryptResult
QStory_2.6.3-release-restored\sources\p059\C7282.java	410	com.tenpay.sdk.net.core.encrypt.DecryptResult
QStory_2.6.3-release-restored\sources\p059\C7282.java	411	getEncryptResult
QStory_2.6.3-release-restored\sources\p059\C7282.java	412	processDecrypt
QStory_2.6.3-release-restored\sources\p059\C7282.java	413	getDecodedPlain
QStory_2.6.3-release-restored\sources\p059\C7282.java	450	tencent.im.qqwallet.QWalletHbPreGrab$QQHBReply
QStory_2.6.3-release-restored\sources\p059\C7282.java	451	mergeFrom
QStory_2.6.3-release-restored\sources\p059\C7282.java	449	rsp_bytes
QStory_2.6.3-release-restored\sources\p059\C7282.java	452	toStringUtf8
QStory_2.6.3-release-restored\sources\p059\C7282.java	407	com.tenpay.sdk.net.core.comm.SessionKey
QStory_2.6.3-release-restored\sources\p059\C7282.java	408	com.tenpay.sdk.net.core.statistic.StatisticInfo
QStory_2.6.3-release-restored\sources\p059\C7282.java	409	com.tenpay.sdk.net.core.encrypt.EncryptResult
QStory_2.6.3-release-restored\sources\p059\C7282.java	410	com.tenpay.sdk.net.core.encrypt.DecryptResult
QStory_2.6.3-release-restored\sources\p059\C7282.java	411	getEncryptResult
QStory_2.6.3-release-restored\sources\p059\C7282.java	412	processDecrypt
QStory_2.6.3-release-restored\sources\p059\C7282.java	413	getDecodedPlain
QStory_2.6.3-release-restored\sources\p059\C7282.java	1093	领取成功
QStory_2.6.3-release-restored\sources\p059\RunnableC7281.java	395	https://mqq.tenpay.com/cgi-bin/hongbao/qpay_hb_na_grap.cgi?
QStory_2.6.3-release-restored\sources\p059\RunnableC7281.java	405	com.tenpay.sdk.net.core.processor.EncryptProcessor
QStory_2.6.3-release-restored\sources\p059\RunnableC7281.java	406	需要一个为pre_grap_token=rand=6e5f10e97975a3d35589a1b12c071c68&sign=267dcb90416a4c908da80c47802cfbf8&ts=1706363819&ver=1的普通参数 我查找不到
QStory_2.6.3-release-restored\sources\p059\RunnableC7281.java	438	OpenHbNetClient{encryptProcessor=
QStory_2.6.3-release-restored\sources\p059\RunnableC7281.java	439	, redPacketType=
QStory_2.6.3-release-restored\sources\p059\RunnableC7281.java	441	, redPacketID='
QStory_2.6.3-release-restored\sources\p059\RunnableC7281.java	442	, redPacketDesc='
QStory_2.6.3-release-restored\sources\p059\RunnableC7281.java	443	, troopUin='
QStory_2.6.3-release-restored\sources\p059\RunnableC7281.java	444	, senderUin='
QStory_2.6.3-release-restored\sources\p059\RunnableC7281.java	445	, msgMd5='
QStory_2.6.3-release-restored\sources\p059\RunnableC7281.java	446	, msgSeq='
QStory_2.6.3-release-restored\sources\p059\RunnableC7281.java	447	, msgId='
QStory_2.6.3-release-restored\sources\p059\RunnableC7281.java	424	subchanne
QStory_2.6.3-release-restored\sources\p059\RunnableC7281.java	425	agreement
QStory_2.6.3-release-restored\sources\p059\RunnableC7281.java	426	pay_flag
QStory_2.6.3-release-restored\sources\p059\RunnableC7281.java	427	senderuin
QStory_2.6.3-release-restored\sources\p059\RunnableC7281.java	428	grouptype
QStory_2.6.3-release-restored\sources\p059\RunnableC7281.java	429	sub_guild_id
QStory_2.6.3-release-restored\sources\p059\RunnableC7281.java	430	groupuin
QStory_2.6.3-release-restored\sources\p059\RunnableC7281.java	431	guild_id
QStory_2.6.3-release-restored\sources\p059\RunnableC7281.java	395	https://mqq.tenpay.com/cgi-bin/hongbao/qpay_hb_na_grap.cgi?
QStory_2.6.3-release-restored\sources\p059\RunnableC7281.java	434	com.tenpay.sdk.net.core.processor.PsKeyProcessor
QStory_2.6.3-release-restored\sources\p059\RunnableC7281.java	435	INSTANCE
QStory_2.6.3-release-restored\sources\p059\RunnableC7281.java	436	qpay_hb_na_grap
QStory_2.6.3-release-restored\sources\p059\RunnableC7281.java	437	getPsKey
QStory_2.6.3-release-restored\sources\p059\RunnableC7281.java	407	com.tenpay.sdk.net.core.comm.SessionKey
QStory_2.6.3-release-restored\sources\p059\RunnableC7281.java	407	com.tenpay.sdk.net.core.comm.SessionKey
QStory_2.6.3-release-restored\sources\p059\RunnableC7281.java	408	com.tenpay.sdk.net.core.statistic.StatisticInfo
QStory_2.6.3-release-restored\sources\p059\RunnableC7281.java	432	com.tenpay.sdk.net.core.processor.EncryptProcessor$ProcessResult
QStory_2.6.3-release-restored\sources\p059\RunnableC7281.java	433	processEncrypt
QStory_2.6.3-release-restored\sources\p059\RunnableC7281.java	414	getBodyData
QStory_2.6.3-release-restored\sources\p059\RunnableC7281.java	415	tencent.im.qqwallet.QWalletHbPreGrab$QQHBRequest
QStory_2.6.3-release-restored\sources\p059\RunnableC7281.java	416	com.tencent.mobileqq.pb.ByteStringMicro
QStory_2.6.3-release-restored\sources\p059\RunnableC7281.java	417	copyFromUtf8
QStory_2.6.3-release-restored\sources\p059\RunnableC7281.java	418	hb_pre_grap
QStory_2.6.3-release-restored\sources\p059\RunnableC7281.java	419	toByteArray
QStory_2.6.3-release-restored\sources\p059\RunnableC7281.java	401	mqq.app.NewIntent
QStory_2.6.3-release-restored\sources\p059\RunnableC7281.java	332	mqq.app.MobileQQ
QStory_2.6.3-release-restored\sources\p059\RunnableC7281.java	402	sMobileQQ
QStory_2.6.3-release-restored\sources\p059\RunnableC7281.java	420	com.tencent.mobileqq.qwallet.e.g
QStory_2.6.3-release-restored\sources\p059\RunnableC7281.java	404	trpc.qqhb.qqhb_proxy.Handler.sso_handle
QStory_2.6.3-release-restored\sources\p059\RunnableC7281.java	421	setObserver
QStory_2.6.3-release-restored\sources\p059\RunnableC7281.java	422	mqq.observer.BusinessObserver
QStory_2.6.3-release-restored\sources\p059\RunnableC7281.java	422	mqq.observer.BusinessObserver
QStory_2.6.3-release-restored\sources\p059\RunnableC7281.java	423	startServlet
QStory_2.6.3-release-restored\sources\p059\RunnableC7281.java	401	mqq.app.NewIntent
QStory_2.6.3-release-restored\sources\p069\AbstractC7390.java	985	getJoinedTroopInfoFromCache
QStory_2.6.3-release-restored\sources\p069\AbstractC7390.java	1223	troopuin
QStory_2.6.3-release-restored\sources\p069\AbstractC7390.java	1228	troopname
QStory_2.6.3-release-restored\sources\p069\AbstractC7390.java	1229	troopOwnerUid
QStory_2.6.3-release-restored\sources\p069\AbstractC7390.java	1230	Administrator
QStory_2.6.3-release-restored\sources\p069\AbstractC7390.java	54	不存在
QStory_2.6.3-release-restored\sources\p069\AbstractC7390.java	55	不是文件夹
QStory_2.6.3-release-restored\sources\p069\AbstractC7390.java	50	创建解压目标文件夹失败
QStory_2.6.3-release-restored\sources\p091\C7787.java	3131	历史公告日志
QStory_2.6.3-release-restored\sources\p091\C7787.java	1241	加载中
QStory_2.6.3-release-restored\sources\p091\C7790.java	2669	config.json
QStory_2.6.3-release-restored\sources\p091\C7790.java	1820	getName(...)
QStory_2.6.3-release-restored\sources\p091\C7790.java	1322	toLowerCase(...)
QStory_2.6.3-release-restored\sources\p091\C7790.java	3260	listener
QStory_2.6.3-release-restored\sources\p091\C7790.java	2669	config.json
QStory_2.6.3-release-restored\sources\p091\C7790.java	1820	getName(...)
QStory_2.6.3-release-restored\sources\p091\C7790.java	2674	optString(...)
QStory_2.6.3-release-restored\sources\p091\C7790.java	2300	description
QStory_2.6.3-release-restored\sources\p091\C7790.java	2674	optString(...)
QStory_2.6.3-release-restored\sources\p091\C7790.java	2674	optString(...)
QStory_2.6.3-release-restored\sources\p091\C7790.java	2674	optString(...)
QStory_2.6.3-release-restored\sources\p091\C7790.java	1820	getName(...)
QStory_2.6.3-release-restored\sources\p091\C7790.java	2300	description
QStory_2.6.3-release-restored\sources\p091\C7790.java	2669	config.json
QStory_2.6.3-release-restored\sources\p091\C7790.java	1296	toString(...)
QStory_2.6.3-release-restored\sources\p091\C7790.java	1490	user_info
QStory_2.6.3-release-restored\sources\p103\C7897.java	1293	<unused var>
QStory_2.6.3-release-restored\sources\p103\C7897.java	2436	properties
QStory_2.6.3-release-restored\sources\p103\C7897.java	2295	$this$jsonObject
QStory_2.6.3-release-restored\sources\p103\C7897.java	2437	required
QStory_2.6.3-release-restored\sources\p103\C7897.java	2337	$this$jsonArray
QStory_2.6.3-release-restored\sources\p103\C7897.java	2374	config_name
QStory_2.6.3-release-restored\sources\p103\C7897.java	1235	location
QStory_2.6.3-release-restored\sources\p104\C7996.java	2607	null cannot be cast to non-null type lin.xposed.hook.javaplugin.PluginMessageCallbackAPI
QStory_2.6.3-release-restored\sources\p104\C7996.java	2434	mcp_builtin_tools
QStory_2.6.3-release-restored\sources\p104\C7996.java	2435	MCP Builtin Tools
QStory_2.6.3-release-restored\sources\p105\C8009.java	1820	getName(...)
QStory_2.6.3-release-restored\sources\p105\C8009.java	2295	$this$jsonObject
QStory_2.6.3-release-restored\sources\p105\C8009.java	2433	chat_type
QStory_2.6.3-release-restored\sources\p105\C8009.java	2436	properties
QStory_2.6.3-release-restored\sources\p105\C8009.java	2437	required
QStory_2.6.3-release-restored\sources\p105\C8009.java	2295	$this$jsonObject
QStory_2.6.3-release-restored\sources\p105\C8009.java	2433	chat_type
QStory_2.6.3-release-restored\sources\p105\C8009.java	2490	会话类型，必填，可选 friend 或 group
QStory_2.6.3-release-restored\sources\p105\C8009.java	2295	$this$jsonObject
QStory_2.6.3-release-restored\sources\p105\C8009.java	2300	description
QStory_2.6.3-release-restored\sources\p105\C8009.java	2487	target_uin
QStory_2.6.3-release-restored\sources\p105\C8009.java	2491	目标好友 QQ号(uin) 或群号，必填
QStory_2.6.3-release-restored\sources\p105\C8009.java	2295	$this$jsonObject
QStory_2.6.3-release-restored\sources\p105\C8009.java	2300	description
QStory_2.6.3-release-restored\sources\p105\C8009.java	2492	返回指定会话的消息数量，默认 20,最大无限制
QStory_2.6.3-release-restored\sources\p105\C8009.java	2488	message_limit
QStory_2.6.3-release-restored\sources\p105\C8009.java	2337	$this$jsonArray
QStory_2.6.3-release-restored\sources\p105\C8009.java	2433	chat_type
QStory_2.6.3-release-restored\sources\p105\C8009.java	2487	target_uin
QStory_2.6.3-release-restored\sources\p105\C8009.java	2540	$this$Json
QStory_2.6.3-release-restored\sources\p105\C8009.java	2295	$this$jsonObject
QStory_2.6.3-release-restored\sources\p105\C8009.java	1235	location
QStory_2.6.3-release-restored\sources\p160\C8376.java	1293	<unused var>
QStory_2.6.3-release-restored\sources\p160\C8376.java	2748	stickerInfo
QStory_2.6.3-release-restored\sources\p160\C8376.java	2749	onDeleteSuccess
QStory_2.6.3-release-restored\sources\p160\C8376.java	2751	确定要删除该表情吗?这将无法还原
QStory_2.6.3-release-restored\sources\p160\C8376.java	2750	删除表情
QStory_2.6.3-release-restored\sources\p160\C8376.java	1127	exp_QQ_aio_photo_choose_B
QStory_2.6.3-release-restored\sources\p160\C8376.java	2016	null cannot be cast to non-null type kotlin.collections.MutableList<kotlin.Any>
QStory_2.6.3-release-restored\sources\p160\C8376.java	160	com.tencent.mobileqq.aio.msg.AIOMsgItem
QStory_2.6.3-release-restored\sources\p160\C8376.java	2686	getFirstField(...)
QStory_2.6.3-release-restored\sources\p160\C8376.java	180	保存到QS
QStory_2.6.3-release-restored\sources\p160\C8376.java	2651	advimageUrl
QStory_2.6.3-release-restored\sources\p160\C8376.java	2652	videoUrl
QStory_2.6.3-release-restored\sources\p160\C8376.java	2653	videoReportUrl
QStory_2.6.3-release-restored\sources\p160\C8376.java	2654	negativeFeedbackUrl
QStory_2.6.3-release-restored\sources\p160\C8376.java	2655	clickUrl
QStory_2.6.3-release-restored\sources\p160\C8376.java	2656	advLogoUrl
QStory_2.6.3-release-restored\sources\p160\C8376.java	1128	AIOShortcutBarVM
QStory_2.6.3-release-restored\sources\p160\C8376.java	2786	null cannot be cast to non-null type java.util.ArrayList<kotlin.Byte>
QStory_2.6.3-release-restored\sources\p191\AbstractC8568.java	2870	bootstrapIps
QStory_2.6.3-release-restored\sources\p207\ThreadFactoryC8633.java	1468	appExecutor-
QStory_2.6.3-release-restored\sources\p209\C8657.java	3104	已选: 
QStory_2.6.3-release-restored\sources\p209\C8657.java	3120	退出选中群 (
QStory_2.6.3-release-restored\sources\p246\C8878.java	2860	https://qstory.suzhelan.top
QStory_2.6.3-release-restored\sources\p246\C8878.java	2861	create(...)
QStory_2.6.3-release-restored\sources\p246\C8882.java	3133	创建订单选项失败,请重试
QStory_2.6.3-release-restored\sources\p246\C8882.java	3134	创建订单选项失败
QStory_2.6.3-release-restored\sources\p246\C8882.java	1239	response
QStory_2.6.3-release-restored\sources\p246\C8882.java	3133	创建订单选项失败,请重试
QStory_2.6.3-release-restored\sources\p246\C8882.java	3134	创建订单选项失败
QStory_2.6.3-release-restored\sources\p246\C8882.java	1250	getMsg(...)
QStory_2.6.3-release-restored\sources\p246\C8882.java	3135	getData(...)
QStory_2.6.3-release-restored\sources\p246\C8882.java	3143	请选择赞助项目
QStory_2.6.3-release-restored\sources\p246\C8882.java	3144	支付完成
QStory_2.6.3-release-restored\sources\p267\AbstractC9004.java	3232	-directory-
QStory_2.6.3-release-restored\sources\p267\AbstractC9004.java	3233	-function-
QStory_2.6.3-release-restored\sources\p268\C9017.java	2337	$this$jsonArray
QStory_2.6.3-release-restored\sources\p268\C9017.java	2295	$this$jsonObject
QStory_2.6.3-release-restored\sources\p268\C9017.java	2300	description
QStory_2.6.3-release-restored\sources\p269\AbstractC9019.java	1236	https://myip.ipip.net/json
QStory_2.6.3-release-restored\sources\p269\AbstractC9019.java	1235	location
QStory_2.6.3-release-restored\sources\p321\C9452.java	297	群聊信息
QStory_2.6.3-release-restored\sources\p321\C9452.java	298	群应用
QStory_2.6.3-release-restored\sources\p321\C9452.java	80	kotlin.jvm.functions.Function0
QStory_2.6.3-release-restored\sources\p321\C9452.java	80	kotlin.jvm.functions.Function0
QStory_2.6.3-release-restored\sources\p332\C9496.java	568	语音可能尚未加载完毕
QStory_2.6.3-release-restored\sources\p332\C9496.java	569	yyyy-MM-dd-HH-mm-ss
QStory_2.6.3-release-restored\sources\p332\C9496.java	570	文件名重复 目录已存在 
QStory_2.6.3-release-restored\sources\p332\C9496.java	571	覆盖此目标文件
QStory_2.6.3-release-restored\sources\p332\C9496.java	574	已覆盖该文件
QStory_2.6.3-release-restored\sources\p332\C9496.java	572	保留两个文件
QStory_2.6.3-release-restored\sources\p332\C9496.java	574	已覆盖该文件
QStory_2.6.3-release-restored\sources\p332\C9496.java	3280	QQVersion
QStory_2.6.3-release-restored\sources\p332\C9496.java	3281	QStoryVersion
QStory_2.6.3-release-restored\sources\p332\C9496.java	3282	XPosedTag
QStory_2.6.3-release-restored\sources\p332\C9496.java	1559	null cannot be cast to non-null type kotlin.String
QStory_2.6.3-release-restored\sources\p332\C9496.java	3283	DeviceBrand
QStory_2.6.3-release-restored\sources\p332\C9496.java	3284	RomVersion
QStory_2.6.3-release-restored\sources\p332\C9496.java	3285	AndroidVersion
QStory_2.6.3-release-restored\sources\p332\C9496.java	3286	AndroidSDK
QStory_2.6.3-release-restored\sources\p332\C9496.java	3287	SystemModel
QStory_2.6.3-release-restored\sources\p332\C9496.java	573	已生成新的语音文件
QStory_2.6.3-release-restored\sources\p332\C9496.java	567	创建保存语音面板 已抛出异常
QStory_2.6.3-release-restored\sources\p335\C9504.java	1216	AutoGroupCheckInPro
QStory_2.6.3-release-restored\sources\p335\C9504.java	1207	TroopUinList
QStory_2.6.3-release-restored\sources\p335\C9504.java	1212	CheckedTroopsToday
QStory_2.6.3-release-restored\sources\p335\C9504.java	1218	yyyyMMdd
QStory_2.6.3-release-restored\sources\p335\C9504.java	1219	LastCheckDate
QStory_2.6.3-release-restored\sources\p335\C9504.java	1219	LastCheckDate
QStory_2.6.3-release-restored\sources\p335\C9504.java	1207	TroopUinList
QStory_2.6.3-release-restored\sources\p335\C9504.java	1212	CheckedTroopsToday
QStory_2.6.3-release-restored\sources\p335\C9504.java	1212	CheckedTroopsToday
QStory_2.6.3-release-restored\sources\p335\C9504.java	1218	yyyyMMdd
QStory_2.6.3-release-restored\sources\p335\C9504.java	1219	LastCheckDate
QStory_2.6.3-release-restored\sources\p335\C9504.java	1219	LastCheckDate
QStory_2.6.3-release-restored\sources\p335\C9504.java	1220	每日群打卡
QStory_2.6.3-release-restored\sources\p335\C9504.java	1171	定时任务异常
QStory_2.6.3-release-restored\sources\p335\C9504.java	1207	TroopUinList
QStory_2.6.3-release-restored\sources\p335\C9504.java	1212	CheckedTroopsToday
QStory_2.6.3-release-restored\sources\p335\C9504.java	1212	CheckedTroopsToday
QStory_2.6.3-release-restored\sources\p335\C9504.java	1218	yyyyMMdd
QStory_2.6.3-release-restored\sources\p335\C9504.java	1219	LastCheckDate
QStory_2.6.3-release-restored\sources\p335\C9504.java	1219	LastCheckDate
QStory_2.6.3-release-restored\sources\p335\C9504.java	1220	每日群打卡
QStory_2.6.3-release-restored\sources\p335\C9504.java	1171	定时任务异常
QStory_2.6.3-release-restored\sources\p335\C9504.java	1217	点击可以配置开启的群聊,时间轮询实现,会大幅增加打卡精度和速度
QStory_2.6.3-release-restored\sources\p335\C9504.java	1207	TroopUinList
QStory_2.6.3-release-restored\sources\p335\C9504.java	1212	CheckedTroopsToday
QStory_2.6.3-release-restored\sources\p335\C9504.java	1212	CheckedTroopsToday
QStory_2.6.3-release-restored\sources\p335\C9506.java	1214	AutoGroupCheckInCommon
QStory_2.6.3-release-restored\sources\p335\C9506.java	1207	TroopUinList
QStory_2.6.3-release-restored\sources\p335\C9506.java	1212	CheckedTroopsToday
QStory_2.6.3-release-restored\sources\p335\C9506.java	1207	TroopUinList
QStory_2.6.3-release-restored\sources\p335\C9506.java	1212	CheckedTroopsToday
QStory_2.6.3-release-restored\sources\p335\C9506.java	1212	CheckedTroopsToday
QStory_2.6.3-release-restored\sources\p335\C9506.java	1207	TroopUinList
QStory_2.6.3-release-restored\sources\p335\C9506.java	1212	CheckedTroopsToday
QStory_2.6.3-release-restored\sources\p335\C9506.java	1212	CheckedTroopsToday
QStory_2.6.3-release-restored\sources\p335\C9506.java	1207	TroopUinList
QStory_2.6.3-release-restored\sources\p335\C9506.java	1212	CheckedTroopsToday
QStory_2.6.3-release-restored\sources\p335\C9506.java	1212	CheckedTroopsToday
QStory_2.6.3-release-restored\sources\p335\C9506.java	1207	TroopUinList
QStory_2.6.3-release-restored\sources\p335\C9506.java	1212	CheckedTroopsToday
QStory_2.6.3-release-restored\sources\p335\C9506.java	1212	CheckedTroopsToday
QStory_2.6.3-release-restored\sources\p335\C9506.java	1215	点击可以配置开启的群聊,如果在9.1.35附近的版本,可以使用此打卡
QStory_2.6.3-release-restored\sources\p335\C9508.java	1205	AutoGroupCheckIn
QStory_2.6.3-release-restored\sources\p335\C9508.java	1205	AutoGroupCheckIn
QStory_2.6.3-release-restored\sources\p335\C9508.java	1207	TroopUinList
QStory_2.6.3-release-restored\sources\p335\C9508.java	1212	CheckedTroopsToday
QStory_2.6.3-release-restored\sources\p335\C9508.java	1211	DAILY_CHECK_ACTION
QStory_2.6.3-release-restored\sources\p335\C9508.java	1211	DAILY_CHECK_ACTION
QStory_2.6.3-release-restored\sources\p335\C9508.java	1211	DAILY_CHECK_ACTION
QStory_2.6.3-release-restored\sources\p335\C9508.java	1206	点击可以配置开启的群聊,定时广播实现,与另一个打卡不冲突
QStory_2.6.3-release-restored\sources\p335\C9510.java	1257	classLoader
QStory_2.6.3-release-restored\sources\p335\C9510.java	2787	隐藏聊天输入框上方快捷栏展示的群应用
QStory_2.6.3-release-restored\sources\p335\C9510.java	2790	com.tencent.mobileqq.activity.aio.helper
QStory_2.6.3-release-restored\sources\p335\C9510.java	2791	isShortcutBarVisibleOrGoingToBeVisible return false for AIOIceBreakViewShowing
QStory_2.6.3-release-restored\sources\p335\C9510.java	2788	com.tencent.mobileqq.troop.shortcut.aio
QStory_2.6.3-release-restored\sources\p335\C9510.java	2789	,isShowingCustomShortcut:
QStory_2.6.3-release-restored\sources\p335\C9511.java	2783	com.tencent.mobileqq.notification.modularize
QStory_2.6.3-release-restored\sources\p335\C9511.java	2784	TianShuOfflineMsgCenter
QStory_2.6.3-release-restored\sources\p335\C9511.java	2785	deal0x135Msg online:
QStory_2.6.3-release-restored\sources\p335\C9511.java	1413	Check failed.
QStory_2.6.3-release-restored\sources\p335\C9512.java	1257	classLoader
QStory_2.6.3-release-restored\sources\p335\C9512.java	2792	移除群聊顶部的风险提醒横幅
QStory_2.6.3-release-restored\sources\p335\C9512.java	2793	com.tencent.mobileqq.troop.tipsbar
QStory_2.6.3-release-restored\sources\p335\C9512.java	2794	[doOnCreate]
QStory_2.6.3-release-restored\sources\p335\C9512.java	2795	TroopSecurityTipsBar
QStory_2.6.3-release-restored\sources\p335\RunnableC9509.java	1207	TroopUinList
QStory_2.6.3-release-restored\sources\p335\RunnableC9509.java	1212	CheckedTroopsToday
QStory_2.6.3-release-restored\sources\p335\RunnableC9509.java	1212	CheckedTroopsToday
QStory_2.6.3-release-restored\sources\p335\RunnableC9509.java	1207	TroopUinList
QStory_2.6.3-release-restored\sources\p335\RunnableC9509.java	1212	CheckedTroopsToday
QStory_2.6.3-release-restored\sources\p335\RunnableC9509.java	1205	AutoGroupCheckIn
QStory_2.6.3-release-restored\sources\p335\RunnableC9509.java	1210	群打卡失败: 
QStory_2.6.3-release-restored\sources\p335\RunnableC9509.java	1212	CheckedTroopsToday
QStory_2.6.3-release-restored\sources\p336\AbstractC9513.java	2811	getKernelMsgService error: 
QStory_2.6.3-release-restored\sources\p336\AbstractC9513.java	2800	com.tencent.qqnt.kernel.nativeinterface.MsgsReq
QStory_2.6.3-release-restored\sources\p336\AbstractC9513.java	2812	queryOrder
QStory_2.6.3-release-restored\sources\p336\AbstractC9513.java	2813	includeSelf
QStory_2.6.3-release-restored\sources\p336\AbstractC9513.java	2814	includeDeleteMsg
QStory_2.6.3-release-restored\sources\p336\AbstractC9513.java	2801	com.tencent.qqnt.kernel.nativeinterface.IMsgsRspOperateCallback
QStory_2.6.3-release-restored\sources\p336\AbstractC9513.java	1582	newProxyInstance(...)
QStory_2.6.3-release-restored\sources\p336\C9515.java	2796	GetMsgsResult(result=
QStory_2.6.3-release-restored\sources\p337\C9516.java	2669	config.json
QStory_2.6.3-release-restored\sources\p337\C9516.java	2300	description
QStory_2.6.3-release-restored\sources\p337\C9516.java	2675	StickerDirConfig(name=
QStory_2.6.3-release-restored\sources\p337\C9516.java	1317	, description=
QStory_2.6.3-release-restored\sources\p337\C9517.java	2673	表情面板
QStory_2.6.3-release-restored\sources\p337\C9517.java	2666	currentSelection
QStory_2.6.3-release-restored\sources\p337\C9517.java	2671	recentUsedStickers
QStory_2.6.3-release-restored\sources\p337\C9517.java	2670	stickerPath
QStory_2.6.3-release-restored\sources\p337\C9517.java	2671	recentUsedStickers
QStory_2.6.3-release-restored\sources\p337\C9517.java	2539	toJson(...)
QStory_2.6.3-release-restored\sources\p337\C9517.java	2671	recentUsedStickers
QStory_2.6.3-release-restored\sources\p337\C9517.java	2666	currentSelection
QStory_2.6.3-release-restored\sources\p337\C9517.java	2672	defaultValue
QStory_2.6.3-release-restored\sources\p337\C9517.java	2673	表情面板
QStory_2.6.3-release-restored\sources\p337\C9517.java	2667	创建表情文件夹成功
QStory_2.6.3-release-restored\sources\p337\C9517.java	2703	dirSortMode
QStory_2.6.3-release-restored\sources\p337\C9523.java	2678	StickerInfo(path=
QStory_2.6.3-release-restored\sources\p337\C9525.java	2703	dirSortMode
QStory_2.6.3-release-restored\sources\p337\C9525.java	2704	fileSortMode
QStory_2.6.3-release-restored\sources\p337\C9525.java	2705	keepOpenAfterSend
QStory_2.6.3-release-restored\sources\p337\C9525.java	2705	keepOpenAfterSend
QStory_2.6.3-release-restored\sources\p337\C9525.java	2704	fileSortMode
QStory_2.6.3-release-restored\sources\p337\C9527.java	2680	滑稽.png
QStory_2.6.3-release-restored\sources\p337\C9527.java	2681	暗黑滑稽.webp
QStory_2.6.3-release-restored\sources\p337\C9527.java	1257	classLoader
QStory_2.6.3-release-restored\sources\p337\C9527.java	176	com.tencent.qqnt.aio.shortcutbar.PanelIconLinearLayout
QStory_2.6.3-release-restored\sources\p337\C9527.java	1555	getDeclaredMethods(...)
QStory_2.6.3-release-restored\sources\p337\C9527.java	2682	StickerPanelInject: PanelIconLinearLayout method not found
QStory_2.6.3-release-restored\sources\p337\C9527.java	2146	null cannot be cast to non-null type android.widget.LinearLayout
QStory_2.6.3-release-restored\sources\p337\C9527.java	2685	null cannot be cast to non-null type android.widget.LinearLayout.LayoutParams
QStory_2.6.3-release-restored\sources\p337\C9527.java	2684	自定义表情面板
QStory_2.6.3-release-restored\sources\p337\C9527.java	188	com.tencent.mobileqq.aio.input.simpleui
QStory_2.6.3-release-restored\sources\p337\C9527.java	189	updateSimpleUI
QStory_2.6.3-release-restored\sources\p337\C9527.java	2683	firstOrNull(...)
QStory_2.6.3-release-restored\sources\p337\C9527.java	2146	null cannot be cast to non-null type android.widget.LinearLayout
QStory_2.6.3-release-restored\sources\p337\C9527.java	2685	null cannot be cast to non-null type android.widget.LinearLayout.LayoutParams
QStory_2.6.3-release-restored\sources\p337\C9527.java	2684	自定义表情面板
QStory_2.6.3-release-restored\sources\p337\C9527.java	158	com.tencent.qqnt.aio.menu.ui.QQCustomMenuExpandableLayout
QStory_2.6.3-release-restored\sources\p337\C9527.java	159	com.tencent.qqnt.aio.menu.ui.QQCustomMenuNoIconLayout
QStory_2.6.3-release-restored\sources\p337\C9527.java	160	com.tencent.mobileqq.aio.msg.AIOMsgItem
QStory_2.6.3-release-restored\sources\p337\C9527.java	161	com.tencent.mobileqq.aio.msglist.holder.component.pic.AIOPicContentComponent
QStory_2.6.3-release-restored\sources\p337\C9527.java	162	com.tencent.mobileqq.aio.msglist.holder.component.mix.AIOMixContentComponent
QStory_2.6.3-release-restored\sources\p337\C9527.java	163	com.tencent.mobileqq.aio.msglist.holder.component.BaseContentComponent
QStory_2.6.3-release-restored\sources\p337\C9527.java	2679	表情面板#2，表情以文件夹组保存在
QStory_2.6.3-release-restored\sources\p337\C9527.java	2157	getHostAppContext(...)
QStory_2.6.3-release-restored\sources\p337\C9527.java	2680	滑稽.png
QStory_2.6.3-release-restored\sources\p337\C9527.java	2681	暗黑滑稽.webp
QStory_2.6.3-release-restored\sources\p337\CallableC9526.java	2687	getMsgRecordMd5UrlMap(...)
QStory_2.6.3-release-restored\sources\p337\CallableC9526.java	164	getMsgRecord
QStory_2.6.3-release-restored\sources\p338\C9528.java	1199	/QQ空间文案.txt
QStory_2.6.3-release-restored\sources\p338\C9528.java	1200	/QQ空间文案V2.txt
QStory_2.6.3-release-restored\sources\p338\C9528.java	1201	/QQ空间文案V3.txt
QStory_2.6.3-release-restored\sources\p338\C9528.java	1202	空间打卡
QStory_2.6.3-release-restored\sources\p338\C9528.java	1092	https://suzhelan.top/api/pan/direct/private/如果有人能懂我的忧郁.txt
QStory_2.6.3-release-restored\sources\p338\C9528.java	1203	QStory发送空间使用自定义的文案内容,文案文件存放在:
QStory_2.6.3-release-restored\sources\p338\C9528.java	1091	 \n\\开头的文本不会使用,如果不使用默认文案请自行备份,QS更新时可能会覆盖掉你自定义文案
QStory_2.6.3-release-restored\sources\p338\C9529.java	2657	com.qzone.reborn.feedpro.itemview.ad.QZoneAdBaseMediaFeedProItemView
QStory_2.6.3-release-restored\sources\p338\C9529.java	2658	com.qzone.reborn.feedx.itemview.ad.QZoneAdBaseFeedItemView
QStory_2.6.3-release-restored\sources\p338\C9529.java	2659	com.qzone.reborn.feedpro.itemview.QzoneFeedProGeneralBigCardItemView
QStory_2.6.3-release-restored\sources\p338\C9529.java	2660	com.qzone.reborn.feedpro.itemview.QZoneAdFeedProForwardMixPicVideoItemView
QStory_2.6.3-release-restored\sources\p338\C9529.java	2661	com.qzone.reborn.feedpro.widget.comment.QZoneFeedProDetailBottomAdBlockView
QStory_2.6.3-release-restored\sources\p338\C9529.java	2662	com.qzone.reborn.feedx.itemview.ad.QZoneAdRewardFeedItemView
QStory_2.6.3-release-restored\sources\p338\C9529.java	1257	classLoader
QStory_2.6.3-release-restored\sources\p338\C9529.java	2645	com.tencent.mobileqq.vas.adv.qzone.logic.AlbumRecommendAdvController
QStory_2.6.3-release-restored\sources\p338\C9529.java	2646	com.tencent.mobileqq.vas.adv.common.data.AlumBasicData
QStory_2.6.3-release-restored\sources\p338\C9529.java	2647	initAndRenderData
QStory_2.6.3-release-restored\sources\p338\C9529.java	2648	com.qzone.proxy.feedcomponent.model.gdt.QZoneAdFeedDataExtKt
QStory_2.6.3-release-restored\sources\p338\C9529.java	2649	com.qzone.proxy.feedcomponent.model.BusinessFeedData
QStory_2.6.3-release-restored\sources\p338\C9529.java	2650	isShowingRecommendAd
QStory_2.6.3-release-restored\sources\p338\C9530.java	1170	AutoSendQZOne
QStory_2.6.3-release-restored\sources\p338\C9530.java	1194	frameElement.callback(
QStory_2.6.3-release-restored\sources\p338\C9530.java	1195	未找到 callback 函数
QStory_2.6.3-release-restored\sources\p338\C9530.java	1196	https://user.qzone.qq.com/proxy/domain/taotao.qzone.qq.com/cgi-bin/emotion_cgi_delete_v6?g_tk=
QStory_2.6.3-release-restored\sources\p338\C9530.java	946	qzone.qq.com
QStory_2.6.3-release-restored\sources\p338\C9530.java	948	; p_skey=
QStory_2.6.3-release-restored\sources\p338\C9530.java	946	qzone.qq.com
QStory_2.6.3-release-restored\sources\p338\C9530.java	1197	t1_source
QStory_2.6.3-release-restored\sources\p338\C9530.java	1183	code_version
QStory_2.6.3-release-restored\sources\p338\C9530.java	1184	qzreferrer
QStory_2.6.3-release-restored\sources\p338\C9530.java	1185	https://user.qzone.qq.com/
QStory_2.6.3-release-restored\sources\p338\C9530.java	1198	配合自动发送QQ空间使用,发表空间后自动删除自己发布的空间
QStory_2.6.3-release-restored\sources\p338\C9531.java	1170	AutoSendQZOne
QStory_2.6.3-release-restored\sources\p338\C9531.java	1193	仅自己可见
QStory_2.6.3-release-restored\sources\p338\C9531.java	1174	https://user.qzone.qq.com/proxy/domain/taotao.qzone.qq.com/cgi-bin/emotion_cgi_publish_v6?g_tk=
QStory_2.6.3-release-restored\sources\p338\C9531.java	946	qzone.qq.com
QStory_2.6.3-release-restored\sources\p338\C9531.java	948	; p_skey=
QStory_2.6.3-release-restored\sources\p338\C9531.java	946	qzone.qq.com
QStory_2.6.3-release-restored\sources\p338\C9531.java	1175	syn_tweet_verson
QStory_2.6.3-release-restored\sources\p338\C9531.java	1176	paramstr
QStory_2.6.3-release-restored\sources\p338\C9531.java	1177	pic_template
QStory_2.6.3-release-restored\sources\p338\C9531.java	1178	richtype
QStory_2.6.3-release-restored\sources\p338\C9531.java	1179	special_url
QStory_2.6.3-release-restored\sources\p338\C9531.java	1180	subrichtype
QStory_2.6.3-release-restored\sources\p338\C9531.java	1181	feedversion
QStory_2.6.3-release-restored\sources\p338\C9531.java	1182	ugc_right
QStory_2.6.3-release-restored\sources\p338\C9531.java	1183	code_version
QStory_2.6.3-release-restored\sources\p338\C9531.java	1184	qzreferrer
QStory_2.6.3-release-restored\sources\p338\C9531.java	1185	https://user.qzone.qq.com/
QStory_2.6.3-release-restored\sources\p338\C9531.java	1172	每天自动发QQ空间,+0.5天成长值,点击可进行手动发送测试
QStory_2.6.3-release-restored\sources\p338\C9532.java	1173	正在发送QQ空间
QStory_2.6.3-release-restored\sources\p338\C9532.java	2742	onCreated
QStory_2.6.3-release-restored\sources\p338\C9532.java	2743	创建新文件夹
QStory_2.6.3-release-restored\sources\p338\C9532.java	2744	输入文件夹名
QStory_2.6.3-release-restored\sources\p338\C9533.java	1170	AutoSendQZOne
QStory_2.6.3-release-restored\sources\p338\C9533.java	1158	https://h5.qzone.qq.com/proxy/domain/w.qzone.qq.com/cgi-bin/likes/internal_dolike_app?g_tk=
QStory_2.6.3-release-restored\sources\p338\C9533.java	946	qzone.qq.com
QStory_2.6.3-release-restored\sources\p338\C9533.java	947	; p_uin=o=
QStory_2.6.3-release-restored\sources\p338\C9533.java	948	; p_skey=
QStory_2.6.3-release-restored\sources\p338\C9533.java	946	qzone.qq.com
QStory_2.6.3-release-restored\sources\p338\C9533.java	1159	opr_type
QStory_2.6.3-release-restored\sources\p338\C9533.java	1160	purejson
QStory_2.6.3-release-restored\sources\p338\C9533.java	1161	https://h5.qzone.qq.com/webapp/json/mqzone_feeds/getActiveFeeds?g_tk=
QStory_2.6.3-release-restored\sources\p338\C9533.java	946	qzone.qq.com
QStory_2.6.3-release-restored\sources\p338\C9533.java	947	; p_uin=o=
QStory_2.6.3-release-restored\sources\p338\C9533.java	948	; p_skey=
QStory_2.6.3-release-restored\sources\p338\C9533.java	946	qzone.qq.com
QStory_2.6.3-release-restored\sources\p338\C9533.java	1162	res_type
QStory_2.6.3-release-restored\sources\p338\C9533.java	1163	refresh_type
QStory_2.6.3-release-restored\sources\p338\C9533.java	1167	获取QQ空间列表失败:
QStory_2.6.3-release-restored\sources\p338\C9533.java	1164	空间列表为0
QStory_2.6.3-release-restored\sources\p338\C9533.java	1165	orglikekey
QStory_2.6.3-release-restored\sources\p338\C9533.java	1166	curlikekey
QStory_2.6.3-release-restored\sources\p338\C9533.java	1157	每天自动点赞空间,+0.5天成长值
QStory_2.6.3-release-restored\sources\p338\C9534.java	1257	classLoader
QStory_2.6.3-release-restored\sources\p338\C9534.java	2664	com.tencent.qzonehub.api.impl.QZoneApiProxyImpl
QStory_2.6.3-release-restored\sources\p338\C9534.java	118	mqq.app.AppRuntime
QStory_2.6.3-release-restored\sources\p338\C9534.java	1555	getDeclaredMethods(...)
QStory_2.6.3-release-restored\sources\p338\C9534.java	2665	needShowQzoneFrame
QStory_2.6.3-release-restored\sources\p338\C9534.java	2663	点击底栏动态Tab时直接显示空间动态
QStory_2.6.3-release-restored\sources\p338\C9535.java	1204	开启后QStory定时发送的空间将公开可见,酌情开启
QStory_2.6.3-release-restored\sources\p339\AbstractC9550.java	2753	md5UrlMap
QStory_2.6.3-release-restored\sources\p339\AbstractC9550.java	2754	保存表情
QStory_2.6.3-release-restored\sources\p339\AbstractC9550.java	2743	创建新文件夹
QStory_2.6.3-release-restored\sources\p339\AbstractC9550.java	2755	暂无文件夹，请先创建
QStory_2.6.3-release-restored\sources\p339\AbstractC9550.java	1279	null cannot be cast to non-null type android.view.ViewGroup
QStory_2.6.3-release-restored\sources\p339\C9536.java	1280	findViewById(...)
QStory_2.6.3-release-restored\sources\p339\C9536.java	1280	findViewById(...)
QStory_2.6.3-release-restored\sources\p339\C9536.java	1280	findViewById(...)
QStory_2.6.3-release-restored\sources\p339\C9536.java	2703	dirSortMode
QStory_2.6.3-release-restored\sources\p339\C9536.java	1280	findViewById(...)
QStory_2.6.3-release-restored\sources\p339\C9536.java	2703	dirSortMode
QStory_2.6.3-release-restored\sources\p339\C9536.java	2704	fileSortMode
QStory_2.6.3-release-restored\sources\p339\C9536.java	2705	keepOpenAfterSend
QStory_2.6.3-release-restored\sources\p339\C9537.java	2722	stickerScrollPosition
QStory_2.6.3-release-restored\sources\p339\C9537.java	2723	stickerScrollOffset
QStory_2.6.3-release-restored\sources\p339\C9537.java	2724	dirScrollPosition
QStory_2.6.3-release-restored\sources\p339\C9537.java	2725	dirScrollOffset
QStory_2.6.3-release-restored\sources\p339\C9540.java	1293	<unused var>
QStory_2.6.3-release-restored\sources\p339\C9540.java	1293	<unused var>
QStory_2.6.3-release-restored\sources\p339\C9540.java	2666	currentSelection
QStory_2.6.3-release-restored\sources\p339\C9540.java	2718	payload_selection
QStory_2.6.3-release-restored\sources\p339\C9540.java	2718	payload_selection
QStory_2.6.3-release-restored\sources\p339\C9540.java	1263	getCurrentUin(...)
QStory_2.6.3-release-restored\sources\p339\C9540.java	1264	getCurrentAccountNickName(...)
QStory_2.6.3-release-restored\sources\p339\C9540.java	2764	onSettingsChanged
QStory_2.6.3-release-restored\sources\p339\C9540.java	2765	表情面板设置
QStory_2.6.3-release-restored\sources\p339\C9540.java	1293	<unused var>
QStory_2.6.3-release-restored\sources\p339\C9540.java	2669	config.json
QStory_2.6.3-release-restored\sources\p339\C9540.java	2730	编辑表情包
QStory_2.6.3-release-restored\sources\p339\C9540.java	2729	目录不存在
QStory_2.6.3-release-restored\sources\p339\C9543.java	2761	checkBox
QStory_2.6.3-release-restored\sources\p339\C9543.java	2762	CheckOption(row=
QStory_2.6.3-release-restored\sources\p339\C9543.java	2763	, checkBox=
QStory_2.6.3-release-restored\sources\p339\C9549.java	1280	findViewById(...)
QStory_2.6.3-release-restored\sources\p339\C9549.java	1280	findViewById(...)
QStory_2.6.3-release-restored\sources\p339\C9549.java	1280	findViewById(...)
QStory_2.6.3-release-restored\sources\p339\C9549.java	1280	findViewById(...)
QStory_2.6.3-release-restored\sources\p339\C9553.java	1280	findViewById(...)
QStory_2.6.3-release-restored\sources\p339\C9553.java	2775	目录: 
QStory_2.6.3-release-restored\sources\p339\C9553.java	2776	张表情)
QStory_2.6.3-release-restored\sources\p339\C9553.java	1280	findViewById(...)
QStory_2.6.3-release-restored\sources\p339\C9553.java	1280	findViewById(...)
QStory_2.6.3-release-restored\sources\p339\C9553.java	2777	确认上传
QStory_2.6.3-release-restored\sources\p339\C9553.java	2114	getAbsolutePath(...)
QStory_2.6.3-release-restored\sources\p339\C9554.java	1820	getName(...)
QStory_2.6.3-release-restored\sources\p339\C9554.java	2731	coverAdapter
QStory_2.6.3-release-restored\sources\p339\C9554.java	1820	getName(...)
QStory_2.6.3-release-restored\sources\p339\C9555.java	2722	stickerScrollPosition
QStory_2.6.3-release-restored\sources\p339\C9555.java	2723	stickerScrollOffset
QStory_2.6.3-release-restored\sources\p339\C9555.java	2724	dirScrollPosition
QStory_2.6.3-release-restored\sources\p339\C9555.java	2725	dirScrollOffset
QStory_2.6.3-release-restored\sources\p339\C9555.java	2722	stickerScrollPosition
QStory_2.6.3-release-restored\sources\p339\C9555.java	2723	stickerScrollOffset
QStory_2.6.3-release-restored\sources\p339\C9555.java	2668	stickerDirName
QStory_2.6.3-release-restored\sources\p339\C9555.java	1820	getName(...)
QStory_2.6.3-release-restored\sources\p339\C9555.java	2669	config.json
QStory_2.6.3-release-restored\sources\p339\C9555.java	2114	getAbsolutePath(...)
QStory_2.6.3-release-restored\sources\p339\C9555.java	1820	getName(...)
QStory_2.6.3-release-restored\sources\p339\C9555.java	2666	currentSelection
QStory_2.6.3-release-restored\sources\p339\C9555.java	2666	currentSelection
QStory_2.6.3-release-restored\sources\p339\C9557.java	2727	initialCover
QStory_2.6.3-release-restored\sources\p339\C9557.java	2728	onSelect
QStory_2.6.3-release-restored\sources\p339\C9559.java	2741	删除成功
QStory_2.6.3-release-restored\sources\p339\C9559.java	2756	请选择至少一个保存目录
QStory_2.6.3-release-restored\sources\p339\C9559.java	1820	getName(...)
QStory_2.6.3-release-restored\sources\p339\C9559.java	1277	getDefault(...)
QStory_2.6.3-release-restored\sources\p339\C9559.java	1278	toUpperCase(...)
QStory_2.6.3-release-restored\sources\p339\C9559.java	2758	 张图片保存失败
QStory_2.6.3-release-restored\sources\p339\C9559.java	2759	已保存到 
QStory_2.6.3-release-restored\sources\p339\C9559.java	2760	 个文件夹
QStory_2.6.3-release-restored\sources\p339\C9559.java	2757	图片还没加载请稍后
QStory_2.6.3-release-restored\sources\p339\RunnableC9541.java	2722	stickerScrollPosition
QStory_2.6.3-release-restored\sources\p339\RunnableC9541.java	2723	stickerScrollOffset
QStory_2.6.3-release-restored\sources\p339\RunnableC9541.java	2724	dirScrollPosition
QStory_2.6.3-release-restored\sources\p339\RunnableC9541.java	2725	dirScrollOffset
QStory_2.6.3-release-restored\sources\p339\ViewOnClickListenerC9558.java	2738	 文件夹已存在
QStory_2.6.3-release-restored\sources\p339\ViewOnClickListenerC9558.java	2739	重命名失败
QStory_2.6.3-release-restored\sources\p339\ViewOnClickListenerC9558.java	244	保存成功
QStory_2.6.3-release-restored\sources\p339\ViewOnClickListenerC9558.java	2737	名称不能为空
QStory_2.6.3-release-restored\sources\p339\ViewOnClickListenerC9558.java	2738	 文件夹已存在
QStory_2.6.3-release-restored\sources\p339\ViewOnClickListenerC9558.java	2739	重命名失败
QStory_2.6.3-release-restored\sources\p339\ViewOnClickListenerC9558.java	1263	getCurrentUin(...)
QStory_2.6.3-release-restored\sources\p339\ViewOnClickListenerC9558.java	1264	getCurrentAccountNickName(...)
QStory_2.6.3-release-restored\sources\p339\ViewOnClickListenerC9558.java	1820	getName(...)
QStory_2.6.3-release-restored\sources\p339\ViewOnClickListenerC9558.java	2779	目录为空，无法上传
QStory_2.6.3-release-restored\sources\p339\ViewOnClickListenerC9558.java	2780	上传表情包
QStory_2.6.3-release-restored\sources\p339\ViewOnClickListenerC9558.java	2781	确认将 "
QStory_2.6.3-release-restored\sources\p339\ViewOnClickListenerC9558.java	2782	" 上传到在线表情库？
QStory_2.6.3-release-restored\sources\p339\ViewOnClickListenerC9558.java	2778	目录不存在，无法上传
QStory_2.6.3-release-restored\sources\p339\ViewOnClickListenerC9558.java	2740	名称不能为空，无法上传
QStory_2.6.3-release-restored\sources\p340\C9561.java	2713	Directory(name=
QStory_2.6.3-release-restored\sources\p340\C9562.java	2712	Action(action=
QStory_2.6.3-release-restored\sources\p340\C9563.java	2706	DirVisualState(fillColor=
QStory_2.6.3-release-restored\sources\p340\C9563.java	2710	, alpha=
QStory_2.6.3-release-restored\sources\p340\C9563.java	2711	, elevation=
QStory_2.6.3-release-restored\sources\p340\C9566.java	2718	payload_selection
QStory_2.6.3-release-restored\sources\p340\C9566.java	1309	getContext(...)
QStory_2.6.3-release-restored\sources\p340\C9566.java	1309	getContext(...)
QStory_2.6.3-release-restored\sources\p340\C9566.java	2719	animator
QStory_2.6.3-release-restored\sources\p340\C9566.java	1866	null cannot be cast to non-null type kotlin.Int
QStory_2.6.3-release-restored\sources\p340\C9566.java	1866	null cannot be cast to non-null type kotlin.Int
QStory_2.6.3-release-restored\sources\p340\C9566.java	1866	null cannot be cast to non-null type kotlin.Int
QStory_2.6.3-release-restored\sources\p340\C9566.java	1309	getContext(...)
QStory_2.6.3-release-restored\sources\p340\C9566.java	1309	getContext(...)
QStory_2.6.3-release-restored\sources\p340\C9566.java	1309	getContext(...)
QStory_2.6.3-release-restored\sources\p340\C9566.java	1309	getContext(...)
QStory_2.6.3-release-restored\sources\p340\C9566.java	2717	payloads
QStory_2.6.3-release-restored\sources\p340\C9566.java	2718	payload_selection
QStory_2.6.3-release-restored\sources\p340\C9568.java	2632	inflate(...)
QStory_2.6.3-release-restored\sources\p341\C9569.java	2622	喵喵喵呜喵呜喵呜~喵喵喵喵喵呜呜呜~喵喵喵呜喵喵呜呜~喵喵喵喵呜呜喵呜~喵喵喵喵呜喵呜呜~喵喵喵喵呜喵喵喵
QStory_2.6.3-release-restored\sources\p341\C9569.java	2623	喵喵喵呜喵呜喵喵~喵喵喵喵喵呜呜呜~喵喵喵呜喵呜喵呜~喵喵喵呜呜呜喵呜~喵喵喵呜喵呜喵呜
QStory_2.6.3-release-restored\sources\p341\C9570.java	125	chatType
QStory_2.6.3-release-restored\sources\p341\C9570.java	2600	targetUin
QStory_2.6.3-release-restored\sources\p341\C9570.java	2601	ConversationKey(chatType=
QStory_2.6.3-release-restored\sources\p342\C9571.java	2635	HbConfig
QStory_2.6.3-release-restored\sources\p342\C9571.java	2636	LIN_XPOSED
QStory_2.6.3-release-restored\sources\p342\C9571.java	2643	qwallet_pb_handle_trpc_error
QStory_2.6.3-release-restored\sources\p342\C9571.java	2644	QWalletHttp-QWalletPbServlet
QStory_2.6.3-release-restored\sources\p342\C9571.java	313	mqq.app.MSFServlet
QStory_2.6.3-release-restored\sources\p342\C9571.java	1549	first(...)
QStory_2.6.3-release-restored\sources\p342\C9571.java	2641	use(...)
QStory_2.6.3-release-restored\sources\p342\C9572.java	2624	redPacketID
QStory_2.6.3-release-restored\sources\p342\C9572.java	2121	troopUin
QStory_2.6.3-release-restored\sources\p342\C9572.java	483	senderUin
QStory_2.6.3-release-restored\sources\p342\C9573.java	2634	喵喵喵呜喵呜呜呜~喵喵喵呜喵喵喵喵~喵喵喵呜喵呜呜喵~喵喵喵喵呜喵喵呜~喵喵喵呜呜呜喵喵
QStory_2.6.3-release-restored\sources\p342\C9573.java	1056	blacklistTroop
QStory_2.6.3-release-restored\sources\p342\C9573.java	1057	blacklistText
QStory_2.6.3-release-restored\sources\p342\C9573.java	1058	replyText
QStory_2.6.3-release-restored\sources\p342\C9573.java	1061	grabToast
QStory_2.6.3-release-restored\sources\p342\C9573.java	1062	ordinary
QStory_2.6.3-release-restored\sources\p342\C9573.java	1063	exclusiveRedEnvelopes
QStory_2.6.3-release-restored\sources\p342\C9573.java	1963	delayReply
QStory_2.6.3-release-restored\sources\p342\C9573.java	1960	grabFailToast
QStory_2.6.3-release-restored\sources\p342\C9573.java	1060	expectAmount
QStory_2.6.3-release-restored\sources\p342\C9573.java	2635	HbConfig
QStory_2.6.3-release-restored\sources\p342\C9573.java	2636	LIN_XPOSED
QStory_2.6.3-release-restored\sources\p342\C9574.java	2624	redPacketID
QStory_2.6.3-release-restored\sources\p342\C9574.java	2625	redPacketDesc
QStory_2.6.3-release-restored\sources\p342\C9574.java	2121	troopUin
QStory_2.6.3-release-restored\sources\p342\C9574.java	483	senderUin
QStory_2.6.3-release-restored\sources\p342\C9574.java	2626	preGrabToken
QStory_2.6.3-release-restored\sources\p342\C9574.java	436	qpay_hb_na_grap
QStory_2.6.3-release-restored\sources\p342\C9574.java	395	https://mqq.tenpay.com/cgi-bin/hongbao/qpay_hb_na_grap.cgi?
QStory_2.6.3-release-restored\sources\p342\C9574.java	405	com.tenpay.sdk.net.core.processor.EncryptProcessor
QStory_2.6.3-release-restored\sources\p342\C9574.java	2627	newInstance(...)
QStory_2.6.3-release-restored\sources\p343\C9576.java	1153	onWindowFocusChanged
QStory_2.6.3-release-restored\sources\p343\C9576.java	350	onDestroy
QStory_2.6.3-release-restored\sources\p343\C9576.java	1155	2024新年纪念 (看起来没什么用
QStory_2.6.3-release-restored\sources\p343\C9577.java	1153	onWindowFocusChanged
QStory_2.6.3-release-restored\sources\p343\C9577.java	350	onDestroy
QStory_2.6.3-release-restored\sources\p343\C9577.java	1154	想要留住雪花 可在掌心里 只会化的更快
QStory_2.6.3-release-restored\sources\p343\C9579.java	1153	onWindowFocusChanged
QStory_2.6.3-release-restored\sources\p343\C9579.java	350	onDestroy
QStory_2.6.3-release-restored\sources\p343\C9579.java	1152	枯树终有回春日 故人难回那年秋
QStory_2.6.3-release-restored\sources\p343\C9581.java	1153	onWindowFocusChanged
QStory_2.6.3-release-restored\sources\p343\C9581.java	350	onDestroy
QStory_2.6.3-release-restored\sources\p343\C9581.java	1156	光照亮了世界 而你照亮了我 晴朗的你推远了所有乌云
QStory_2.6.3-release-restored\sources\p344\C9582.java	2285	com.tencent.mobileqq.app.message.cleanup.CleanUpThoroughManager
QStory_2.6.3-release-restored\sources\p344\C9582.java	1555	getDeclaredMethods(...)
QStory_2.6.3-release-restored\sources\p344\C9583.java	2283	qs_config
QStory_2.6.3-release-restored\sources\p344\C9583.java	1257	classLoader
QStory_2.6.3-release-restored\sources\p344\C9583.java	858	/Android/data/
QStory_2.6.3-release-restored\sources\p344\C9584.java	2262	AutoBackup
QStory_2.6.3-release-restored\sources\p344\C9584.java	1168	yyyy-MM-dd
QStory_2.6.3-release-restored\sources\p344\C9584.java	2263	yyyyMMdd_HHmmss
QStory_2.6.3-release-restored\sources\p344\C9584.java	2270	AutoBackupModuleData
QStory_2.6.3-release-restored\sources\p344\C9584.java	2262	AutoBackup
QStory_2.6.3-release-restored\sources\p344\C9584.java	2280	/Android/data/com.tencent.mobileqq/QStory
QStory_2.6.3-release-restored\sources\p344\C9584.java	2281	/Download/QStory
QStory_2.6.3-release-restored\sources\p344\C9584.java	1218	yyyyMMdd
QStory_2.6.3-release-restored\sources\p344\C9584.java	2265	创建备份目录失败: 
QStory_2.6.3-release-restored\sources\p344\C9584.java	2266	备份路径不是目录: 
QStory_2.6.3-release-restored\sources\p344\C9584.java	66	.nomedia
QStory_2.6.3-release-restored\sources\p344\C9584.java	2270	AutoBackupModuleData
QStory_2.6.3-release-restored\sources\p344\C9584.java	2271	创建.nomedia文件异常
QStory_2.6.3-release-restored\sources\p344\C9584.java	1820	getName(...)
QStory_2.6.3-release-restored\sources\p344\C9584.java	1277	getDefault(...)
QStory_2.6.3-release-restored\sources\p344\C9584.java	1322	toLowerCase(...)
QStory_2.6.3-release-restored\sources\p344\C9584.java	1290	format(...)
QStory_2.6.3-release-restored\sources\p344\C9584.java	1290	format(...)
QStory_2.6.3-release-restored\sources\p344\C9584.java	66	.nomedia
QStory_2.6.3-release-restored\sources\p344\C9584.java	1257	classLoader
QStory_2.6.3-release-restored\sources\p344\C9584.java	2264	每天启动QQ自动备份模块数据 点击可进行手动备份测试
QStory_2.6.3-release-restored\sources\p344\C9584.java	2267	模块数据目录不存在: 
QStory_2.6.3-release-restored\sources\p344\C9584.java	2268	模块数据路径不是目录: 
QStory_2.6.3-release-restored\sources\p344\C9584.java	2269	QStoryBackup_
QStory_2.6.3-release-restored\sources\p344\C9584.java	1820	getName(...)
QStory_2.6.3-release-restored\sources\p344\RunnableC9585.java	1290	format(...)
QStory_2.6.3-release-restored\sources\p344\RunnableC9585.java	2277	last_backup_date
QStory_2.6.3-release-restored\sources\p344\RunnableC9585.java	2277	last_backup_date
QStory_2.6.3-release-restored\sources\p344\RunnableC9585.java	2270	AutoBackupModuleData
QStory_2.6.3-release-restored\sources\p344\RunnableC9585.java	2278	自动备份执行异常
QStory_2.6.3-release-restored\sources\p344\RunnableC9585.java	2270	AutoBackupModuleData
QStory_2.6.3-release-restored\sources\p344\RunnableC9585.java	2279	启动备份检查异常
QStory_2.6.3-release-restored\sources\p344\RunnableC9585.java	2275	手动备份成功\n文件: %s\n大小: %s
QStory_2.6.3-release-restored\sources\p344\RunnableC9585.java	1290	format(...)
QStory_2.6.3-release-restored\sources\p344\RunnableC9585.java	2276	备份失败: 
QStory_2.6.3-release-restored\sources\p344\RunnableC9585.java	2270	AutoBackupModuleData
QStory_2.6.3-release-restored\sources\p345\AbstractC9586.java	2450	read_file_text
QStory_2.6.3-release-restored\sources\p345\AbstractC9586.java	2451	读取文本文件
QStory_2.6.3-release-restored\sources\p345\AbstractC9586.java	2452	读取指定文本文件内容
QStory_2.6.3-release-restored\sources\p345\AbstractC9586.java	2453	文件路径
QStory_2.6.3-release-restored\sources\p345\AbstractC9586.java	2454	write_text_to_file
QStory_2.6.3-release-restored\sources\p345\AbstractC9586.java	2455	覆盖写入文本文件
QStory_2.6.3-release-restored\sources\p345\AbstractC9586.java	2455	覆盖写入文本文件
QStory_2.6.3-release-restored\sources\p345\AbstractC9586.java	2453	文件路径
QStory_2.6.3-release-restored\sources\p345\AbstractC9586.java	2456	写入内容
QStory_2.6.3-release-restored\sources\p345\AbstractC9586.java	2457	write_text_append_to_file
QStory_2.6.3-release-restored\sources\p345\AbstractC9586.java	2458	追加写入文本文件
QStory_2.6.3-release-restored\sources\p345\AbstractC9586.java	2459	向文本文件追加内容
QStory_2.6.3-release-restored\sources\p345\AbstractC9586.java	2453	文件路径
QStory_2.6.3-release-restored\sources\p345\AbstractC9586.java	2456	写入内容
QStory_2.6.3-release-restored\sources\p345\AbstractC9586.java	2460	read_file_bytes
QStory_2.6.3-release-restored\sources\p345\AbstractC9586.java	2461	读取二进制文件
QStory_2.6.3-release-restored\sources\p345\AbstractC9586.java	2462	读取二进制文件并返回 Base64 字符串
QStory_2.6.3-release-restored\sources\p345\AbstractC9586.java	2453	文件路径
QStory_2.6.3-release-restored\sources\p345\AbstractC9586.java	2463	write_bytes_to_file
QStory_2.6.3-release-restored\sources\p345\AbstractC9586.java	2464	写入二进制文件
QStory_2.6.3-release-restored\sources\p345\AbstractC9586.java	2465	将 Base64 内容写入二进制文件
QStory_2.6.3-release-restored\sources\p345\AbstractC9586.java	2453	文件路径
QStory_2.6.3-release-restored\sources\p345\AbstractC9586.java	2466	bytes_base64
QStory_2.6.3-release-restored\sources\p345\AbstractC9586.java	2467	Base64 编码后的文件内容
QStory_2.6.3-release-restored\sources\p345\AbstractC9586.java	2466	bytes_base64
QStory_2.6.3-release-restored\sources\p345\AbstractC9586.java	2468	scan_image_text
QStory_2.6.3-release-restored\sources\p345\AbstractC9586.java	2469	图片 OCR 文本识别
QStory_2.6.3-release-restored\sources\p345\AbstractC9586.java	2470	识别图片中的文本内容
QStory_2.6.3-release-restored\sources\p345\AbstractC9586.java	2471	图片路径
QStory_2.6.3-release-restored\sources\p345\AbstractC9586.java	2472	scan_image_text_detail
QStory_2.6.3-release-restored\sources\p345\AbstractC9586.java	2473	图片 OCR 详细识别
QStory_2.6.3-release-restored\sources\p345\AbstractC9586.java	2474	识别图片中的详细文本结构
QStory_2.6.3-release-restored\sources\p345\AbstractC9586.java	2471	图片路径
QStory_2.6.3-release-restored\sources\p345\AbstractC9586.java	2475	get_new_friend_info
QStory_2.6.3-release-restored\sources\p345\AbstractC9586.java	2476	获取单个好友信息(新接口)
QStory_2.6.3-release-restored\sources\p345\AbstractC9586.java	2477	读取单个好友的详细信息
QStory_2.6.3-release-restored\sources\p345\AbstractC9586.java	2478	好友 QQ 号
QStory_2.6.3-release-restored\sources\p345\AbstractC9586.java	2479	get_message_list
QStory_2.6.3-release-restored\sources\p345\AbstractC9586.java	2480	获取本地消息列表
QStory_2.6.3-release-restored\sources\p345\AbstractC9586.java	2481	读取本地消息列表。群聊时传 group_uin，私聊时传 user_uin
QStory_2.6.3-release-restored\sources\p345\AbstractC9586.java	2441	group_uin
QStory_2.6.3-release-restored\sources\p345\AbstractC9586.java	2442	群号，私聊时可留空
QStory_2.6.3-release-restored\sources\p345\AbstractC9586.java	2443	user_uin
QStory_2.6.3-release-restored\sources\p345\AbstractC9586.java	2444	好友 QQ 号，群聊时可留空
QStory_2.6.3-release-restored\sources\p345\AbstractC9586.java	2482	返回数量，默认 20
QStory_2.6.3-release-restored\sources\p345\AbstractC9591.java	2344	is_friend
QStory_2.6.3-release-restored\sources\p345\AbstractC9591.java	2345	检查是否为好友
QStory_2.6.3-release-restored\sources\p345\AbstractC9591.java	2346	检查指定 QQ 是否为当前账号好友
QStory_2.6.3-release-restored\sources\p345\AbstractC9591.java	2347	目标 QQ 号
QStory_2.6.3-release-restored\sources\p345\AbstractC9591.java	2348	get_group_rkey
QStory_2.6.3-release-restored\sources\p345\AbstractC9591.java	2349	获取群 RKey
QStory_2.6.3-release-restored\sources\p345\AbstractC9591.java	2350	读取群相关请求使用的 RKey
QStory_2.6.3-release-restored\sources\p345\AbstractC9591.java	2351	get_friend_rkey
QStory_2.6.3-release-restored\sources\p345\AbstractC9591.java	2352	获取私聊 RKey
QStory_2.6.3-release-restored\sources\p345\AbstractC9591.java	2353	读取私聊相关请求使用的 RKey
QStory_2.6.3-release-restored\sources\p345\AbstractC9591.java	2354	get_skey
QStory_2.6.3-release-restored\sources\p345\AbstractC9591.java	2355	获取 SKey
QStory_2.6.3-release-restored\sources\p345\AbstractC9591.java	2356	读取当前登录态的 SKey
QStory_2.6.3-release-restored\sources\p345\AbstractC9591.java	2357	get_real_skey
QStory_2.6.3-release-restored\sources\p345\AbstractC9591.java	2358	获取 Real SKey
QStory_2.6.3-release-restored\sources\p345\AbstractC9591.java	2359	读取当前登录态的真实 SKey
QStory_2.6.3-release-restored\sources\p345\AbstractC9591.java	2360	get_pskey
QStory_2.6.3-release-restored\sources\p345\AbstractC9591.java	2361	获取 PsKey
QStory_2.6.3-release-restored\sources\p345\AbstractC9591.java	2362	按域名读取 PsKey
QStory_2.6.3-release-restored\sources\p345\AbstractC9591.java	2363	get_pt4_token
QStory_2.6.3-release-restored\sources\p345\AbstractC9591.java	2364	获取 PT4Token
QStory_2.6.3-release-restored\sources\p345\AbstractC9591.java	2365	按域名读取 PT4Token
QStory_2.6.3-release-restored\sources\p345\AbstractC9591.java	2366	获取 BKN
QStory_2.6.3-release-restored\sources\p345\AbstractC9591.java	2367	根据 pskey 计算 BKN
QStory_2.6.3-release-restored\sources\p345\AbstractC9591.java	2368	用于计算的 pskey
QStory_2.6.3-release-restored\sources\p345\AbstractC9591.java	2369	获取 GTK
QStory_2.6.3-release-restored\sources\p345\AbstractC9591.java	2370	按域名读取 GTK
QStory_2.6.3-release-restored\sources\p345\AbstractC9591.java	2371	get_string
QStory_2.6.3-release-restored\sources\p345\AbstractC9591.java	2372	读取字符串配置
QStory_2.6.3-release-restored\sources\p345\AbstractC9591.java	2373	读取字符串配置，使用 MCP 内置命名空间存储
QStory_2.6.3-release-restored\sources\p345\AbstractC9591.java	2374	config_name
QStory_2.6.3-release-restored\sources\p345\AbstractC9591.java	2375	配置文件名
QStory_2.6.3-release-restored\sources\p345\AbstractC9591.java	2376	配置键
QStory_2.6.3-release-restored\sources\p345\AbstractC9591.java	2377	default_value
QStory_2.6.3-release-restored\sources\p345\AbstractC9591.java	2378	默认值，可选
QStory_2.6.3-release-restored\sources\p345\AbstractC9591.java	2374	config_name
QStory_2.6.3-release-restored\sources\p345\AbstractC9591.java	2379	put_string
QStory_2.6.3-release-restored\sources\p345\AbstractC9591.java	2380	写入字符串配置
QStory_2.6.3-release-restored\sources\p345\AbstractC9591.java	2381	写入字符串配置，使用 MCP 内置命名空间存储
QStory_2.6.3-release-restored\sources\p345\AbstractC9591.java	2382	字符串值
QStory_2.6.3-release-restored\sources\p345\AbstractC9591.java	2383	get_boolean
QStory_2.6.3-release-restored\sources\p345\AbstractC9591.java	2384	读取布尔配置
QStory_2.6.3-release-restored\sources\p345\AbstractC9591.java	2385	读取布尔配置，使用 MCP 内置命名空间存储
QStory_2.6.3-release-restored\sources\p345\AbstractC9591.java	2377	default_value
QStory_2.6.3-release-restored\sources\p345\AbstractC9591.java	2386	默认值
QStory_2.6.3-release-restored\sources\p345\AbstractC9591.java	2387	put_boolean
QStory_2.6.3-release-restored\sources\p345\AbstractC9591.java	2388	写入布尔配置
QStory_2.6.3-release-restored\sources\p345\AbstractC9591.java	2389	写入布尔配置，使用 MCP 内置命名空间存储
QStory_2.6.3-release-restored\sources\p345\AbstractC9591.java	2390	布尔值
QStory_2.6.3-release-restored\sources\p345\AbstractC9591.java	2391	读取整型配置
QStory_2.6.3-release-restored\sources\p345\AbstractC9591.java	2392	读取整型配置，使用 MCP 内置命名空间存储
QStory_2.6.3-release-restored\sources\p345\AbstractC9591.java	2377	default_value
QStory_2.6.3-release-restored\sources\p345\AbstractC9591.java	2386	默认值
QStory_2.6.3-release-restored\sources\p345\AbstractC9591.java	2393	写入整型配置
QStory_2.6.3-release-restored\sources\p345\AbstractC9591.java	2394	写入整型配置，使用 MCP 内置命名空间存储
QStory_2.6.3-release-restored\sources\p345\AbstractC9591.java	2395	整型值
QStory_2.6.3-release-restored\sources\p345\AbstractC9591.java	2396	get_long
QStory_2.6.3-release-restored\sources\p345\AbstractC9591.java	2397	读取长整型配置
QStory_2.6.3-release-restored\sources\p345\AbstractC9591.java	2398	读取长整型配置，使用 MCP 内置命名空间存储
QStory_2.6.3-release-restored\sources\p345\AbstractC9591.java	2377	default_value
QStory_2.6.3-release-restored\sources\p345\AbstractC9591.java	2399	long 默认值
QStory_2.6.3-release-restored\sources\p345\AbstractC9591.java	2400	put_long
QStory_2.6.3-release-restored\sources\p345\AbstractC9591.java	2401	写入长整型配置
QStory_2.6.3-release-restored\sources\p345\AbstractC9591.java	2402	写入长整型配置，使用 MCP 内置命名空间存储
QStory_2.6.3-release-restored\sources\p345\AbstractC9591.java	2403	long 值
QStory_2.6.3-release-restored\sources\p345\AbstractC9591.java	2404	get_float
QStory_2.6.3-release-restored\sources\p345\AbstractC9591.java	2405	读取浮点配置
QStory_2.6.3-release-restored\sources\p345\AbstractC9591.java	2406	读取浮点配置，使用 MCP 内置命名空间存储
QStory_2.6.3-release-restored\sources\p345\AbstractC9591.java	2377	default_value
QStory_2.6.3-release-restored\sources\p345\AbstractC9591.java	2407	float 默认值
QStory_2.6.3-release-restored\sources\p345\AbstractC9591.java	2408	put_float
QStory_2.6.3-release-restored\sources\p345\AbstractC9591.java	2409	写入浮点配置
QStory_2.6.3-release-restored\sources\p345\AbstractC9591.java	2410	写入浮点配置，使用 MCP 内置命名空间存储
QStory_2.6.3-release-restored\sources\p345\AbstractC9591.java	2411	float 值
QStory_2.6.3-release-restored\sources\p345\AbstractC9591.java	2412	get_double
QStory_2.6.3-release-restored\sources\p345\AbstractC9591.java	2413	读取双精度配置
QStory_2.6.3-release-restored\sources\p345\AbstractC9591.java	2414	读取双精度配置，使用 MCP 内置命名空间存储
QStory_2.6.3-release-restored\sources\p345\AbstractC9591.java	2377	default_value
QStory_2.6.3-release-restored\sources\p345\AbstractC9591.java	2415	double 默认值
QStory_2.6.3-release-restored\sources\p345\AbstractC9591.java	2416	put_double
QStory_2.6.3-release-restored\sources\p345\AbstractC9591.java	2417	写入双精度配置
QStory_2.6.3-release-restored\sources\p345\AbstractC9591.java	2418	写入双精度配置，使用 MCP 内置命名空间存储
QStory_2.6.3-release-restored\sources\p345\AbstractC9591.java	2419	double 值
QStory_2.6.3-release-restored\sources\p345\AbstractC9591.java	2420	get_chat_type
QStory_2.6.3-release-restored\sources\p345\AbstractC9591.java	2421	获取当前会话类型
QStory_2.6.3-release-restored\sources\p345\AbstractC9591.java	2422	读取当前会话类型
QStory_2.6.3-release-restored\sources\p345\AbstractC9591.java	2300	description
QStory_2.6.3-release-restored\sources\p345\AbstractC9591.java	2423	get_current_group_uin
QStory_2.6.3-release-restored\sources\p345\AbstractC9591.java	2424	获取当前群号
QStory_2.6.3-release-restored\sources\p345\AbstractC9591.java	2425	读取当前会话中的群号
QStory_2.6.3-release-restored\sources\p345\AbstractC9591.java	2426	get_current_friend_uin
QStory_2.6.3-release-restored\sources\p345\AbstractC9591.java	2427	获取当前好友 QQ
QStory_2.6.3-release-restored\sources\p345\AbstractC9591.java	2428	读取当前会话中的好友 QQ 号
QStory_2.6.3-release-restored\sources\p345\AbstractC9594.java	2539	toJson(...)
QStory_2.6.3-release-restored\sources\p345\AbstractC9596.java	2541	send_msg
QStory_2.6.3-release-restored\sources\p345\AbstractC9596.java	2542	发送文本消息
QStory_2.6.3-release-restored\sources\p345\AbstractC9596.java	2543	发送文本消息。群聊时填 group_uin，私聊时填 user_uin
QStory_2.6.3-release-restored\sources\p345\AbstractC9596.java	2445	发送内容
QStory_2.6.3-release-restored\sources\p345\AbstractC9596.java	2544	send_pic
QStory_2.6.3-release-restored\sources\p345\AbstractC9596.java	2545	发送图片消息
QStory_2.6.3-release-restored\sources\p345\AbstractC9596.java	2546	发送图片消息，path 为图片路径
QStory_2.6.3-release-restored\sources\p345\AbstractC9596.java	2547	图片文件路径
QStory_2.6.3-release-restored\sources\p345\AbstractC9596.java	2548	send_card
QStory_2.6.3-release-restored\sources\p345\AbstractC9596.java	2549	发送卡片消息
QStory_2.6.3-release-restored\sources\p345\AbstractC9596.java	2550	发送卡片消息，card_text 为卡片文本
QStory_2.6.3-release-restored\sources\p345\AbstractC9596.java	2551	card_text
QStory_2.6.3-release-restored\sources\p345\AbstractC9596.java	2552	卡片文本内容
QStory_2.6.3-release-restored\sources\p345\AbstractC9596.java	2553	send_file
QStory_2.6.3-release-restored\sources\p345\AbstractC9596.java	2554	发送文件
QStory_2.6.3-release-restored\sources\p345\AbstractC9596.java	2555	发送文件，path 为本地文件路径
QStory_2.6.3-release-restored\sources\p345\AbstractC9596.java	2453	文件路径
QStory_2.6.3-release-restored\sources\p345\AbstractC9596.java	2556	send_pai
QStory_2.6.3-release-restored\sources\p345\AbstractC9596.java	2557	发送拍一拍
QStory_2.6.3-release-restored\sources\p345\AbstractC9596.java	2558	发送拍一拍。群聊时 group_uin 必填，私聊时留空
QStory_2.6.3-release-restored\sources\p345\AbstractC9596.java	2441	group_uin
QStory_2.6.3-release-restored\sources\p345\AbstractC9596.java	2442	群号，私聊时可留空
QStory_2.6.3-release-restored\sources\p345\AbstractC9596.java	2347	目标 QQ 号
QStory_2.6.3-release-restored\sources\p345\AbstractC9596.java	2559	send_proto
QStory_2.6.3-release-restored\sources\p345\AbstractC9596.java	2560	发送 Proto 包
QStory_2.6.3-release-restored\sources\p345\AbstractC9596.java	2561	发送 Proto 数据包
QStory_2.6.3-release-restored\sources\p345\AbstractC9596.java	2562	协议命令名
QStory_2.6.3-release-restored\sources\p345\AbstractC9596.java	2563	json_body
QStory_2.6.3-release-restored\sources\p345\AbstractC9596.java	2564	FunProtoData 的 JSON 字符串
QStory_2.6.3-release-restored\sources\p345\AbstractC9596.java	2563	json_body
QStory_2.6.3-release-restored\sources\p345\AbstractC9596.java	2565	send_voice
QStory_2.6.3-release-restored\sources\p345\AbstractC9596.java	2566	发送语音
QStory_2.6.3-release-restored\sources\p345\AbstractC9596.java	2567	发送语音消息，path 为语音文件路径
QStory_2.6.3-release-restored\sources\p345\AbstractC9596.java	2568	语音文件路径
QStory_2.6.3-release-restored\sources\p345\AbstractC9596.java	2569	send_video
QStory_2.6.3-release-restored\sources\p345\AbstractC9596.java	2570	发送视频
QStory_2.6.3-release-restored\sources\p345\AbstractC9596.java	2571	发送视频消息，path 为视频文件路径
QStory_2.6.3-release-restored\sources\p345\AbstractC9596.java	2572	视频文件路径
QStory_2.6.3-release-restored\sources\p345\AbstractC9596.java	2573	send_like
QStory_2.6.3-release-restored\sources\p345\AbstractC9596.java	2574	发送点赞
QStory_2.6.3-release-restored\sources\p345\AbstractC9596.java	2575	向指定用户发送点赞，count 默认 20
QStory_2.6.3-release-restored\sources\p345\AbstractC9596.java	2443	user_uin
QStory_2.6.3-release-restored\sources\p345\AbstractC9596.java	2347	目标 QQ 号
QStory_2.6.3-release-restored\sources\p345\AbstractC9596.java	2576	点赞次数，默认 20
QStory_2.6.3-release-restored\sources\p345\AbstractC9596.java	2443	user_uin
QStory_2.6.3-release-restored\sources\p345\AbstractC9597.java	2578	http_get
QStory_2.6.3-release-restored\sources\p345\AbstractC9597.java	2579	HTTP GET 请求
QStory_2.6.3-release-restored\sources\p345\AbstractC9597.java	2580	发起 HTTP GET 请求，支持可选请求头
QStory_2.6.3-release-restored\sources\p345\AbstractC9597.java	2581	请求地址
QStory_2.6.3-release-restored\sources\p345\AbstractC9597.java	2582	请求头，键值都按字符串处理
QStory_2.6.3-release-restored\sources\p345\AbstractC9597.java	2583	http_post
QStory_2.6.3-release-restored\sources\p345\AbstractC9597.java	2584	HTTP POST 表单请求
QStory_2.6.3-release-restored\sources\p345\AbstractC9597.java	2585	发起 HTTP POST 表单请求，data 必填，headers 可选
QStory_2.6.3-release-restored\sources\p345\AbstractC9597.java	2581	请求地址
QStory_2.6.3-release-restored\sources\p345\AbstractC9597.java	2586	表单数据，键值都按字符串处理
QStory_2.6.3-release-restored\sources\p345\AbstractC9597.java	2582	请求头，键值都按字符串处理
QStory_2.6.3-release-restored\sources\p345\AbstractC9597.java	2587	http_post_json
QStory_2.6.3-release-restored\sources\p345\AbstractC9597.java	2588	HTTP POST JSON 请求
QStory_2.6.3-release-restored\sources\p345\AbstractC9597.java	2589	发起 HTTP POST JSON 请求，json_body 必填，headers 可选
QStory_2.6.3-release-restored\sources\p345\AbstractC9597.java	2581	请求地址
QStory_2.6.3-release-restored\sources\p345\AbstractC9597.java	2563	json_body
QStory_2.6.3-release-restored\sources\p345\AbstractC9597.java	2590	JSON 字符串
QStory_2.6.3-release-restored\sources\p345\AbstractC9597.java	2582	请求头，键值都按字符串处理
QStory_2.6.3-release-restored\sources\p345\AbstractC9597.java	2563	json_body
QStory_2.6.3-release-restored\sources\p345\AbstractC9597.java	2591	http_download
QStory_2.6.3-release-restored\sources\p345\AbstractC9597.java	2592	HTTP 下载文件
QStory_2.6.3-release-restored\sources\p345\AbstractC9597.java	2593	下载远程文件到指定路径
QStory_2.6.3-release-restored\sources\p345\AbstractC9597.java	2594	下载地址
QStory_2.6.3-release-restored\sources\p345\AbstractC9597.java	2595	保存路径
QStory_2.6.3-release-restored\sources\p345\AbstractC9597.java	2582	请求头，键值都按字符串处理
QStory_2.6.3-release-restored\sources\p345\AbstractC9602.java	2509	get_group_info
QStory_2.6.3-release-restored\sources\p345\AbstractC9602.java	2510	获取群信息
QStory_2.6.3-release-restored\sources\p345\AbstractC9602.java	2511	读取指定群的基础信息
QStory_2.6.3-release-restored\sources\p345\AbstractC9602.java	2441	group_uin
QStory_2.6.3-release-restored\sources\p345\AbstractC9602.java	2441	group_uin
QStory_2.6.3-release-restored\sources\p345\AbstractC9602.java	2512	get_member_info
QStory_2.6.3-release-restored\sources\p345\AbstractC9602.java	2513	获取群成员信息
QStory_2.6.3-release-restored\sources\p345\AbstractC9602.java	2514	读取指定群成员的详细信息
QStory_2.6.3-release-restored\sources\p345\AbstractC9602.java	2441	group_uin
QStory_2.6.3-release-restored\sources\p345\AbstractC9602.java	2515	成员 QQ 号
QStory_2.6.3-release-restored\sources\p345\AbstractC9602.java	2441	group_uin
QStory_2.6.3-release-restored\sources\p345\AbstractC9602.java	2516	get_member_name
QStory_2.6.3-release-restored\sources\p345\AbstractC9602.java	2517	获取群成员名称
QStory_2.6.3-release-restored\sources\p345\AbstractC9602.java	2518	读取指定群成员的显示名称
QStory_2.6.3-release-restored\sources\p345\AbstractC9602.java	2441	group_uin
QStory_2.6.3-release-restored\sources\p345\AbstractC9602.java	2515	成员 QQ 号
QStory_2.6.3-release-restored\sources\p345\AbstractC9602.java	2441	group_uin
QStory_2.6.3-release-restored\sources\p345\AbstractC9602.java	2519	get_group_member_list
QStory_2.6.3-release-restored\sources\p345\AbstractC9602.java	2520	获取群成员列表
QStory_2.6.3-release-restored\sources\p345\AbstractC9602.java	2521	读取指定群的成员列表
QStory_2.6.3-release-restored\sources\p345\AbstractC9602.java	2441	group_uin
QStory_2.6.3-release-restored\sources\p345\AbstractC9602.java	2441	group_uin
QStory_2.6.3-release-restored\sources\p345\AbstractC9602.java	2522	get_forbidden_list
QStory_2.6.3-release-restored\sources\p345\AbstractC9602.java	2523	获取群禁言列表
QStory_2.6.3-release-restored\sources\p345\AbstractC9602.java	2524	读取指定群的禁言列表
QStory_2.6.3-release-restored\sources\p345\AbstractC9602.java	2441	group_uin
QStory_2.6.3-release-restored\sources\p345\AbstractC9602.java	2441	group_uin
QStory_2.6.3-release-restored\sources\p345\AbstractC9602.java	2525	set_title
QStory_2.6.3-release-restored\sources\p345\AbstractC9602.java	2526	设置群成员头衔
QStory_2.6.3-release-restored\sources\p345\AbstractC9602.java	2527	设置指定群成员的头衔
QStory_2.6.3-release-restored\sources\p345\AbstractC9602.java	2441	group_uin
QStory_2.6.3-release-restored\sources\p345\AbstractC9602.java	2443	user_uin
QStory_2.6.3-release-restored\sources\p345\AbstractC9602.java	2515	成员 QQ 号
QStory_2.6.3-release-restored\sources\p345\AbstractC9602.java	2441	group_uin
QStory_2.6.3-release-restored\sources\p345\AbstractC9602.java	2443	user_uin
QStory_2.6.3-release-restored\sources\p345\AbstractC9602.java	633	forbidden
QStory_2.6.3-release-restored\sources\p345\AbstractC9602.java	2528	群禁言
QStory_2.6.3-release-restored\sources\p345\AbstractC9602.java	2529	执行群禁言操作。user_uin 为空时操作全体禁言
QStory_2.6.3-release-restored\sources\p345\AbstractC9602.java	2441	group_uin
QStory_2.6.3-release-restored\sources\p345\AbstractC9602.java	2443	user_uin
QStory_2.6.3-release-restored\sources\p345\AbstractC9602.java	2530	成员 QQ 号，全体禁言时留空
QStory_2.6.3-release-restored\sources\p345\AbstractC9602.java	2531	禁言秒数；全体禁言时传 1 表示开启，0 表示关闭
QStory_2.6.3-release-restored\sources\p345\AbstractC9602.java	2441	group_uin
QStory_2.6.3-release-restored\sources\p345\AbstractC9602.java	2532	踢出群成员
QStory_2.6.3-release-restored\sources\p345\AbstractC9602.java	2533	将指定成员移出群聊
QStory_2.6.3-release-restored\sources\p345\AbstractC9602.java	2441	group_uin
QStory_2.6.3-release-restored\sources\p345\AbstractC9602.java	2443	user_uin
QStory_2.6.3-release-restored\sources\p345\AbstractC9602.java	2515	成员 QQ 号
QStory_2.6.3-release-restored\sources\p345\AbstractC9602.java	2534	is_black
QStory_2.6.3-release-restored\sources\p345\AbstractC9602.java	2535	是否拉黑，默认 false
QStory_2.6.3-release-restored\sources\p345\AbstractC9602.java	2441	group_uin
QStory_2.6.3-release-restored\sources\p345\AbstractC9602.java	2443	user_uin
QStory_2.6.3-release-restored\sources\p345\C9588.java	2374	config_name
QStory_2.6.3-release-restored\sources\p345\C9588.java	244	保存成功
QStory_2.6.3-release-restored\sources\p345\C9589.java	2295	$this$jsonObject
QStory_2.6.3-release-restored\sources\p345\C9589.java	2300	description
QStory_2.6.3-release-restored\sources\p345\C9589.java	2295	$this$jsonObject
QStory_2.6.3-release-restored\sources\p345\C9589.java	2300	description
QStory_2.6.3-release-restored\sources\p345\C9589.java	2295	$this$jsonObject
QStory_2.6.3-release-restored\sources\p345\C9589.java	2300	description
QStory_2.6.3-release-restored\sources\p345\C9589.java	2295	$this$jsonObject
QStory_2.6.3-release-restored\sources\p345\C9589.java	2300	description
QStory_2.6.3-release-restored\sources\p345\C9589.java	2295	$this$jsonObject
QStory_2.6.3-release-restored\sources\p345\C9589.java	2300	description
QStory_2.6.3-release-restored\sources\p345\C9592.java	2300	description
QStory_2.6.3-release-restored\sources\p345\C9592.java	2336	inputSchema
QStory_2.6.3-release-restored\sources\p345\C9592.java	2486	arguments
QStory_2.6.3-release-restored\sources\p345\C9593.java	2597	get_new_friend_list
QStory_2.6.3-release-restored\sources\p345\C9593.java	2598	获取好友列表(新)
QStory_2.6.3-release-restored\sources\p345\C9593.java	2599	读取当前账号的好友列表并返回 (QQ号)uin、备注与昵称、性别，年龄
QStory_2.6.3-release-restored\sources\p345\C9593.java	2337	$this$jsonArray
QStory_2.6.3-release-restored\sources\p345\C9599.java	2443	user_uin
QStory_2.6.3-release-restored\sources\p345\C9599.java	2563	json_body
QStory_2.6.3-release-restored\sources\p345\C9599.java	2441	group_uin
QStory_2.6.3-release-restored\sources\p345\C9599.java	2438	 不能为空
QStory_2.6.3-release-restored\sources\p345\C9599.java	2563	json_body
QStory_2.6.3-release-restored\sources\p345\C9600.java	2496	get_current_account_info
QStory_2.6.3-release-restored\sources\p345\C9600.java	2497	获取当前QQ和昵称
QStory_2.6.3-release-restored\sources\p345\C9600.java	2498	读取当前登录账号的 QQ 号与昵称
QStory_2.6.3-release-restored\sources\p345\C9600.java	2295	$this$jsonObject
QStory_2.6.3-release-restored\sources\p345\C9601.java	2490	会话类型，必填，可选 friend 或 group
QStory_2.6.3-release-restored\sources\p345\C9601.java	2491	目标好友 QQ号(uin) 或群号，必填
QStory_2.6.3-release-restored\sources\p345\C9601.java	2492	返回指定会话的消息数量，默认 20,最大无限制
QStory_2.6.3-release-restored\sources\p345\C9601.java	2489	参数错误: 当前仅支持按 chat_type(friend/group) + target_uin 查询指定会话历史消息
QStory_2.6.3-release-restored\sources\p345\C9601.java	2493	get_chat_list
QStory_2.6.3-release-restored\sources\p345\C9601.java	2494	获取指定会话聊天记录
QStory_2.6.3-release-restored\sources\p345\C9601.java	2495	按 chat_type 与 target_uin 实时读取指定好友/群聊的最近消息，排序为由旧到新
QStory_2.6.3-release-restored\sources\p345\C9601.java	2486	arguments
QStory_2.6.3-release-restored\sources\p345\C9601.java	2433	chat_type
QStory_2.6.3-release-restored\sources\p345\C9601.java	2487	target_uin
QStory_2.6.3-release-restored\sources\p345\C9601.java	2488	message_limit
QStory_2.6.3-release-restored\sources\p345\C9601.java	2489	参数错误: 当前仅支持按 chat_type(friend/group) + target_uin 查询指定会话历史消息
QStory_2.6.3-release-restored\sources\p345\C9601.java	125	chatType
QStory_2.6.3-release-restored\sources\p345\C9601.java	2600	targetUin
QStory_2.6.3-release-restored\sources\p345\C9601.java	1322	toLowerCase(...)
QStory_2.6.3-release-restored\sources\p345\C9601.java	1411	callback
QStory_2.6.3-release-restored\sources\p345\C9601.java	2798	获取 MsgService 失败
QStory_2.6.3-release-restored\sources\p345\C9601.java	2799	getMsgsExt
QStory_2.6.3-release-restored\sources\p345\C9601.java	2800	com.tencent.qqnt.kernel.nativeinterface.MsgsReq
QStory_2.6.3-release-restored\sources\p345\C9601.java	2801	com.tencent.qqnt.kernel.nativeinterface.IMsgsRspOperateCallback
QStory_2.6.3-release-restored\sources\p345\C9601.java	2810	getMsgs error: 
QStory_2.6.3-release-restored\sources\p345\C9601.java	2804	获取消息失败: 
QStory_2.6.3-release-restored\sources\p345\C9601.java	2807	获取消息失败: 结果为空
QStory_2.6.3-release-restored\sources\p345\C9601.java	2805	getMsgsSync timeout: 
QStory_2.6.3-release-restored\sources\p345\C9601.java	2806	获取消息超时
QStory_2.6.3-release-restored\sources\p345\C9601.java	2808	getMsgsSync interrupted: 
QStory_2.6.3-release-restored\sources\p345\C9601.java	2809	获取消息被中断
QStory_2.6.3-release-restored\sources\p345\C9601.java	2604	getMsgsSync failed: chatType=
QStory_2.6.3-release-restored\sources\p345\C9601.java	2605	 targetUin=
QStory_2.6.3-release-restored\sources\p345\C9601.java	2606	 result=
QStory_2.6.3-release-restored\sources\p345\C9601.java	2603	McpMsgService
QStory_2.6.3-release-restored\sources\p345\C9601.java	2337	$this$jsonArray
QStory_2.6.3-release-restored\sources\p345\C9601.java	2295	$this$jsonObject
QStory_2.6.3-release-restored\sources\p345\C9601.java	2608	message_count
QStory_2.6.3-release-restored\sources\p345\C9601.java	2609	messages
QStory_2.6.3-release-restored\sources\p345\C9604.java	2501	get_friend_list
QStory_2.6.3-release-restored\sources\p345\C9604.java	2502	获取好友列表
QStory_2.6.3-release-restored\sources\p345\C9604.java	2503	读取当前账号的好友列表并返回 (QQ号)uin、备注与昵称、是否有会员，会员等级
QStory_2.6.3-release-restored\sources\p345\C9604.java	2337	$this$jsonArray
QStory_2.6.3-release-restored\sources\p345\C9605.java	2506	get_group_list
QStory_2.6.3-release-restored\sources\p345\C9605.java	2507	获取群聊列表
QStory_2.6.3-release-restored\sources\p345\C9605.java	2508	读取当前账号的群聊列表并返回群号、群名、群主与管理员信息
QStory_2.6.3-release-restored\sources\p345\C9605.java	2337	$this$jsonArray
QStory_2.6.3-release-restored\sources\p346\C9606.java	2297	{\n  "mcpServers": {\n    "QStoryMcp": {\n      "url": "http://localhost:9000/mcp",\n      "transport": "streamable-http"\n    }\n  }\n}
QStory_2.6.3-release-restored\sources\p346\C9609.java	1257	classLoader
QStory_2.6.3-release-restored\sources\p346\C9609.java	2286	点击配置可用 MCP、开关与顺序
QStory_2.6.3-release-restored\sources\p347\C9610.java	1257	classLoader
QStory_2.6.3-release-restored\sources\p347\C9610.java	1545	com.tencent.widget.PopupMenuDialog
QStory_2.6.3-release-restored\sources\p347\C9610.java	1546	createAndAttachItemsView
QStory_2.6.3-release-restored\sources\p347\C9610.java	1546	createAndAttachItemsView
QStory_2.6.3-release-restored\sources\p347\C9613.java	1533	applicationContext
QStory_2.6.3-release-restored\sources\p347\C9613.java	70	/qs_config
QStory_2.6.3-release-restored\sources\p347\C9613.java	71	/data/xphelper
QStory_2.6.3-release-restored\sources\p347\C9613.java	1249	disabled
QStory_2.6.3-release-restored\sources\p347\C9613.java	62	onResume
QStory_2.6.3-release-restored\sources\p347\C9613.java	62	onResume
QStory_2.6.3-release-restored\sources\p347\C9613.java	66	.nomedia
QStory_2.6.3-release-restored\sources\p347\C9613.java	63	com.tencent.mobileqq.app.automator.step.InitTabData
QStory_2.6.3-release-restored\sources\p347\C9613.java	64	delayHook
QStory_2.6.3-release-restored\sources\p347\C9613.java	65	com.tencent.mobileqq.startup.step.LoadData
QStory_2.6.3-release-restored\sources\p347\C9613.java	64	delayHook
QStory_2.6.3-release-restored\sources\p347\C9613.java	1296	toString(...)
QStory_2.6.3-release-restored\sources\p348\C9614.java	1050	喵喵喵喵喵呜呜喵~喵喵喵呜呜呜喵喵~喵喵喵呜喵呜喵喵
QStory_2.6.3-release-restored\sources\p348\C9614.java	1051	nickname
QStory_2.6.3-release-restored\sources\p348\C9614.java	1052	identity
QStory_2.6.3-release-restored\sources\p348\C9614.java	790	identityName
QStory_2.6.3-release-restored\sources\p348\C9614.java	1053	喵喵喵呜呜呜呜呜~喵喵喵呜喵呜喵喵~喵喵喵呜呜喵喵喵~喵喵喵喵呜呜喵呜~喵喵喵喵呜喵喵呜
QStory_2.6.3-release-restored\sources\p348\C9614.java	1054	sponsorEndDate
QStory_2.6.3-release-restored\sources\p349\C9616.java	2853	com.tencent.mobileqq.troop.api.ITroopHandlerNameApi
QStory_2.6.3-release-restored\sources\p349\C9616.java	2854	getTroopMemberCardHandlerName
QStory_2.6.3-release-restored\sources\p350\C9617.java	1473	喵喵呜喵喵喵呜喵~喵喵呜喵喵呜呜喵~喵喵喵喵呜呜呜喵~喵喵喵喵喵呜呜呜~喵喵喵呜喵呜呜呜~喵喵喵呜喵呜喵呜
QStory_2.6.3-release-restored\sources\p350\C9617.java	1474	搜索功能
QStory_2.6.3-release-restored\sources\p350\C9617.java	1475	输入关键词搜索...
QStory_2.6.3-release-restored\sources\p350\C9617.java	1476	搜索历史
QStory_2.6.3-release-restored\sources\p350\C9617.java	1477	呜喵喵呜喵呜喵呜~呜呜喵喵呜呜喵呜~呜呜呜呜呜呜呜呜~呜喵喵喵喵喵喵呜~呜呜呜呜呜呜喵喵~呜呜喵喵呜喵喵喵
QStory_2.6.3-release-restored\sources\p350\C9617.java	1478	搜索结果
QStory_2.6.3-release-restored\sources\p350\C9617.java	1479	未找到相关功能
QStory_2.6.3-release-restored\sources\p350\C9617.java	1480	呜喵喵呜喵呜呜喵~呜呜呜呜呜呜呜呜~呜呜呜喵喵呜喵呜~呜喵喵喵喵喵喵喵~呜呜呜喵喵呜呜喵~呜呜喵呜喵喵喵呜
QStory_2.6.3-release-restored\sources\p350\C9617.java	1481	呜喵喵呜喵呜喵喵~呜呜呜喵呜呜呜喵~呜呜喵呜喵呜喵喵~呜喵喵喵呜呜喵呜~呜呜喵呜呜喵喵喵~呜呜呜呜呜喵喵呜
QStory_2.6.3-release-restored\sources\p350\C9617.java	1482	呜喵喵呜喵呜呜喵~呜呜呜呜呜呜喵呜~呜呜呜呜呜呜喵喵~呜喵喵喵呜呜呜呜~呜呜喵呜呜呜呜喵~呜呜呜喵呜喵喵喵
QStory_2.6.3-release-restored\sources\p350\C9617.java	1283	赞助到期时间:
QStory_2.6.3-release-restored\sources\p350\C9617.java	1483	呜喵喵呜喵呜喵呜~呜呜喵呜喵呜喵呜~呜呜呜呜呜呜喵呜~呜喵喵喵呜呜呜呜~呜呜喵喵呜喵喵喵~呜呜喵呜喵喵呜喵~喵呜喵呜呜喵呜呜
QStory_2.6.3-release-restored\sources\p350\C9617.java	1484	呜喵喵呜喵呜喵呜~呜呜呜喵喵喵呜喵~呜呜喵呜呜喵呜喵
QStory_2.6.3-release-restored\sources\p350\C9617.java	1289	未赞助
QStory_2.6.3-release-restored\sources\p350\C9617.java	1485	赞助作者
QStory_2.6.3-release-restored\sources\p350\C9617.java	1486	刷新用户信息
QStory_2.6.3-release-restored\sources\p350\C9617.java	1291	已刷新
QStory_2.6.3-release-restored\sources\p350\C9617.java	1292	刷新失败
QStory_2.6.3-release-restored\sources\p350\C9617.java	1487	喵喵呜喵喵喵呜喵~喵喵呜喵喵呜喵喵~喵呜喵喵喵喵喵喵
QStory_2.6.3-release-restored\sources\p350\C9617.java	1488	喵喵呜喵喵喵呜喵~喵喵呜喵喵呜呜喵~喵喵喵喵呜呜呜喵~喵喵喵喵喵呜呜呜~喵喵喵呜喵呜呜呜~喵喵喵呜喵呜喵呜~喵呜喵呜呜喵呜呜
QStory_2.6.3-release-restored\sources\p350\C9617.java	1489	喵呜喵喵呜呜喵呜
QStory_2.6.3-release-restored\sources\p351\AbstractC9618.java	1469	newFixedThreadPool(...)
QStory_2.6.3-release-restored\sources\p352\C9619.java	1140	com.tencent.mobileqq.activity.qqsettingme.utils.a
QStory_2.6.3-release-restored\sources\p352\C9621.java	326	com.tencent.mobileqq.aio.msglist.holder.AIOBubbleMsgItemVB
QStory_2.6.3-release-restored\sources\p352\C9621.java	1133	阻止异常的高分辨率GIF加载导致的卡屏
QStory_2.6.3-release-restored\sources\p352\C9622.java	233	inputTextMethod
QStory_2.6.3-release-restored\sources\p352\C9622.java	1129	sendMsgBtn
QStory_2.6.3-release-restored\sources\p352\C9622.java	278	功能已失效
QStory_2.6.3-release-restored\sources\p352\C9623.java	538	getListenerInfo
QStory_2.6.3-release-restored\sources\p352\C9623.java	539	mOnClickListener
QStory_2.6.3-release-restored\sources\p352\C9623.java	128	艾特全体
QStory_2.6.3-release-restored\sources\p352\C9623.java	1130	2376738596
QStory_2.6.3-release-restored\sources\p352\C9623.java	509	2971017318
QStory_2.6.3-release-restored\sources\p352\C9623.java	1131	群组位于白名单 无法在该群组进行艾特全体
QStory_2.6.3-release-restored\sources\p352\C9624.java	1120	com.tencent.mobileqq.aio.shortcurtbar.AIOShortcutBarVM$c
QStory_2.6.3-release-restored\sources\p352\C9624.java	1121	com.tencent.input.base.panelcontainer.h$l
QStory_2.6.3-release-restored\sources\p352\C9624.java	1119	此功能在新的QQ版本中已被弃用，请使用QQ自带的半屏/全屏开关
QStory_2.6.3-release-restored\sources\p352\C9624.java	1124	QQNT_TABAPI
QStory_2.6.3-release-restored\sources\p352\C9624.java	1126	QQ_TABAPI
QStory_2.6.3-release-restored\sources\p352\C9624.java	1122	experimentGroupId
QStory_2.6.3-release-restored\sources\p352\C9624.java	1123	com.tencent.mobileqq.aio.api.impl.QQTabApiNtImpl
QStory_2.6.3-release-restored\sources\p352\C9624.java	1124	QQNT_TABAPI
QStory_2.6.3-release-restored\sources\p352\C9624.java	1125	com.tencent.mobileqq.aio.api.impl.QQTabApiImpl
QStory_2.6.3-release-restored\sources\p352\C9624.java	1126	QQ_TABAPI
QStory_2.6.3-release-restored\sources\p352\C9625.java	1149	com.tencent.mobileqq.aio.widget.AvatarContainer
QStory_2.6.3-release-restored\sources\p352\C9625.java	1150	com.tencent.mobileqq.aio.msglist.holder.component.avatar.AIOAvatarContentComponent
QStory_2.6.3-release-restored\sources\p352\C9626.java	1142	loadClass
QStory_2.6.3-release-restored\sources\p352\C9628.java	1148	(Banner)例如：2024/2/5号左右，QQ的笋言笋语 , 龙年坦白说
QStory_2.6.3-release-restored\sources\p352\C9629.java	1151	com.tencent.mobileqq.aio.widget.CommonImageView
QStory_2.6.3-release-restored\sources\p352\C9631.java	1144	grabRedEnvelope
QStory_2.6.3-release-restored\sources\p352\C9631.java	1067	LIN_XPOSED_QQ
QStory_2.6.3-release-restored\sources\p352\C9631.java	1562	hookItem
QStory_2.6.3-release-restored\sources\p352\C9631.java	1566	onMsgListener
QStory_2.6.3-release-restored\sources\p352\C9631.java	1143	点击可以设置一些参数 适配9.0.8及以下的QQNT版本
QStory_2.6.3-release-restored\sources\p352\C9631.java	483	senderUin
QStory_2.6.3-release-restored\sources\p352\C9631.java	511	getChatType
QStory_2.6.3-release-restored\sources\p352\C9631.java	1069	redChannel
QStory_2.6.3-release-restored\sources\p352\C9631.java	1070	receiver
QStory_2.6.3-release-restored\sources\p352\C9631.java	1062	ordinary
QStory_2.6.3-release-restored\sources\p352\C9631.java	1145	passwordRedEnvelope
QStory_2.6.3-release-restored\sources\p352\C9631.java	1063	exclusiveRedEnvelopes
QStory_2.6.3-release-restored\sources\p352\C9631.java	1056	blacklistTroop
QStory_2.6.3-release-restored\sources\p352\C9631.java	1057	blacklistText
QStory_2.6.3-release-restored\sources\p352\C9631.java	1061	grabToast
QStory_2.6.3-release-restored\sources\p352\C9631.java	1146	红包来自:
QStory_2.6.3-release-restored\sources\p352\C9631.java	584	peerName
QStory_2.6.3-release-restored\sources\p352\C9631.java	586	sendNickName
QStory_2.6.3-release-restored\sources\p352\C9631.java	482	[QQ红包]
QStory_2.6.3-release-restored\sources\p353\AbstractC9633.java	2115	Lcom/tencent/mobileqq/pluginsdk/PluginStatic;->getOrCreateClassLoader(Landroid/content/Context;Ljava/lang/String;)Ljava/lang/ClassLoader;
QStory_2.6.3-release-restored\sources\p353\AbstractC9633.java	2116	Lcom/tencent/mobileqq/pluginsdk/IPluginAdapterProxy;->getProxy()Lcom/tencent/mobileqq/pluginsdk/IPluginAdapterProxy;
QStory_2.6.3-release-restored\sources\p353\AbstractC9633.java	2119	cooperation.plugin
QStory_2.6.3-release-restored\sources\p353\AbstractC9633.java	2120	com.tencent.mobileqq.pluginsdk.IPluginAdapter
QStory_2.6.3-release-restored\sources\p353\AbstractC9633.java	1801	getDeclaredConstructors(...)
QStory_2.6.3-release-restored\sources\p353\AbstractC9633.java	2117	Lcom/tencent/mobileqq/pluginsdk/IPluginAdapterProxy;->setProxy(Lcom/tencent/mobileqq/pluginsdk/IPluginAdapter;)V
QStory_2.6.3-release-restored\sources\p353\AbstractC9633.java	2118	null cannot be cast to non-null type java.lang.ClassLoader
QStory_2.6.3-release-restored\sources\p354\C9635.java	405	com.tenpay.sdk.net.core.processor.EncryptProcessor
QStory_2.6.3-release-restored\sources\p354\C9635.java	1102	qpay_hb_na_detail
QStory_2.6.3-release-restored\sources\p354\C9635.java	1101	https://mqq.tenpay.com/cgi-bin/hongbao/qpay_hb_na_detail.cgi?
QStory_2.6.3-release-restored\sources\p354\C9636.java	405	com.tenpay.sdk.net.core.processor.EncryptProcessor
QStory_2.6.3-release-restored\sources\p354\C9636.java	436	qpay_hb_na_grap
QStory_2.6.3-release-restored\sources\p354\C9636.java	395	https://mqq.tenpay.com/cgi-bin/hongbao/qpay_hb_na_grap.cgi?
QStory_2.6.3-release-restored\sources\p354\C9636.java	1115	com.tencent.mobileqq.qwallet.e.p
QStory_2.6.3-release-restored\sources\p354\C9636.java	1116	[QStory]未适配此QQ版本抢红包
QStory_2.6.3-release-restored\sources\p354\C9636.java	424	subchanne
QStory_2.6.3-release-restored\sources\p354\C9636.java	425	agreement
QStory_2.6.3-release-restored\sources\p354\C9636.java	426	pay_flag
QStory_2.6.3-release-restored\sources\p354\C9636.java	477	pre_grap_token
QStory_2.6.3-release-restored\sources\p354\C9636.java	427	senderuin
QStory_2.6.3-release-restored\sources\p354\C9636.java	428	grouptype
QStory_2.6.3-release-restored\sources\p354\C9636.java	429	sub_guild_id
QStory_2.6.3-release-restored\sources\p354\C9636.java	430	groupuin
QStory_2.6.3-release-restored\sources\p354\C9636.java	431	guild_id
QStory_2.6.3-release-restored\sources\p354\C9636.java	434	com.tenpay.sdk.net.core.processor.PsKeyProcessor
QStory_2.6.3-release-restored\sources\p354\C9636.java	435	INSTANCE
QStory_2.6.3-release-restored\sources\p354\C9636.java	437	getPsKey
QStory_2.6.3-release-restored\sources\p354\C9636.java	395	https://mqq.tenpay.com/cgi-bin/hongbao/qpay_hb_na_grap.cgi?
QStory_2.6.3-release-restored\sources\p354\C9636.java	436	qpay_hb_na_grap
QStory_2.6.3-release-restored\sources\p354\C9636.java	407	com.tenpay.sdk.net.core.comm.SessionKey
QStory_2.6.3-release-restored\sources\p354\C9636.java	407	com.tenpay.sdk.net.core.comm.SessionKey
QStory_2.6.3-release-restored\sources\p354\C9636.java	408	com.tenpay.sdk.net.core.statistic.StatisticInfo
QStory_2.6.3-release-restored\sources\p354\C9636.java	432	com.tenpay.sdk.net.core.processor.EncryptProcessor$ProcessResult
QStory_2.6.3-release-restored\sources\p354\C9636.java	433	processEncrypt
QStory_2.6.3-release-restored\sources\p354\C9636.java	395	https://mqq.tenpay.com/cgi-bin/hongbao/qpay_hb_na_grap.cgi?
QStory_2.6.3-release-restored\sources\p354\C9636.java	414	getBodyData
QStory_2.6.3-release-restored\sources\p354\C9636.java	415	tencent.im.qqwallet.QWalletHbPreGrab$QQHBRequest
QStory_2.6.3-release-restored\sources\p354\C9636.java	416	com.tencent.mobileqq.pb.ByteStringMicro
QStory_2.6.3-release-restored\sources\p354\C9636.java	417	copyFromUtf8
QStory_2.6.3-release-restored\sources\p354\C9636.java	419	toByteArray
QStory_2.6.3-release-restored\sources\p354\C9636.java	332	mqq.app.MobileQQ
QStory_2.6.3-release-restored\sources\p354\C9636.java	402	sMobileQQ
QStory_2.6.3-release-restored\sources\p354\C9636.java	401	mqq.app.NewIntent
QStory_2.6.3-release-restored\sources\p354\C9636.java	404	trpc.qqhb.qqhb_proxy.Handler.sso_handle
QStory_2.6.3-release-restored\sources\p354\C9636.java	421	setObserver
QStory_2.6.3-release-restored\sources\p354\C9636.java	422	mqq.observer.BusinessObserver
QStory_2.6.3-release-restored\sources\p354\C9636.java	422	mqq.observer.BusinessObserver
QStory_2.6.3-release-restored\sources\p354\C9636.java	423	startServlet
QStory_2.6.3-release-restored\sources\p354\C9636.java	401	mqq.app.NewIntent
QStory_2.6.3-release-restored\sources\p354\C9636.java	419	toByteArray
QStory_2.6.3-release-restored\sources\p354\C9636.java	332	mqq.app.MobileQQ
QStory_2.6.3-release-restored\sources\p354\C9636.java	402	sMobileQQ
QStory_2.6.3-release-restored\sources\p354\C9636.java	401	mqq.app.NewIntent
QStory_2.6.3-release-restored\sources\p354\C9636.java	404	trpc.qqhb.qqhb_proxy.Handler.sso_handle
QStory_2.6.3-release-restored\sources\p354\C9636.java	421	setObserver
QStory_2.6.3-release-restored\sources\p354\C9636.java	422	mqq.observer.BusinessObserver
QStory_2.6.3-release-restored\sources\p354\C9636.java	422	mqq.observer.BusinessObserver
QStory_2.6.3-release-restored\sources\p354\C9636.java	423	startServlet
QStory_2.6.3-release-restored\sources\p354\C9636.java	401	mqq.app.NewIntent
QStory_2.6.3-release-restored\sources\p355\C9637.java	1602	FriendUtils
QStory_2.6.3-release-restored\sources\p355\C9637.java	1585	getAllFriend
QStory_2.6.3-release-restored\sources\p355\C9637.java	1586	FriendsManager_getAllFriends
QStory_2.6.3-release-restored\sources\p355\C9637.java	1587	null cannot be cast to non-null type kotlin.collections.List<*>
QStory_2.6.3-release-restored\sources\p355\C9637.java	1588	getField(...)
QStory_2.6.3-release-restored\sources\p355\C9637.java	1588	getField(...)
QStory_2.6.3-release-restored\sources\p355\C9637.java	1588	getField(...)
QStory_2.6.3-release-restored\sources\p355\C9637.java	1588	getField(...)
QStory_2.6.3-release-restored\sources\p355\C9637.java	1588	getField(...)
QStory_2.6.3-release-restored\sources\p355\C9637.java	1589	categoryId
QStory_2.6.3-release-restored\sources\p355\C9637.java	1585	getAllFriend
QStory_2.6.3-release-restored\sources\p355\C9637.java	945	com.tencent.qqnt.ntrelation.friendsinfo.api.IFriendsInfoService
QStory_2.6.3-release-restored\sources\p355\C9637.java	1584	getFriendsInfoService
QStory_2.6.3-release-restored\sources\p355\C9637.java	1591	getNickWithUid
QStory_2.6.3-release-restored\sources\p355\C9637.java	1590	AIOUtils
QStory_2.6.3-release-restored\sources\p355\C9637.java	1592	getFriendNick
QStory_2.6.3-release-restored\sources\p355\C9637.java	1595	getFriendsCategoryBaseInfo
QStory_2.6.3-release-restored\sources\p355\C9637.java	1596	FriendsManager
QStory_2.6.3-release-restored\sources\p355\C9637.java	1589	categoryId
QStory_2.6.3-release-restored\sources\p355\C9637.java	1588	getField(...)
QStory_2.6.3-release-restored\sources\p355\C9637.java	1597	categoryName
QStory_2.6.3-release-restored\sources\p355\C9637.java	1588	getField(...)
QStory_2.6.3-release-restored\sources\p355\C9637.java	1598	categoryId=(\d+)
QStory_2.6.3-release-restored\sources\p355\C9637.java	1599	categoryName=([^,)]+)
QStory_2.6.3-release-restored\sources\p355\C9637.java	1600	getFriendCategories
QStory_2.6.3-release-restored\sources\p355\C9637.java	600	com.tencent.mobileqq.app.BusinessHandlerFactory
QStory_2.6.3-release-restored\sources\p355\C9637.java	952	FRIENDLIST_HANDLER
QStory_2.6.3-release-restored\sources\p355\C9637.java	1593	getStaticField(...)
QStory_2.6.3-release-restored\sources\p355\C9637.java	602	getBusinessHandler
QStory_2.6.3-release-restored\sources\p355\C9637.java	953	delFriend
QStory_2.6.3-release-restored\sources\p355\C9637.java	954	ProfileCardMoreActivity
QStory_2.6.3-release-restored\sources\p355\C9637.java	955	deleteFriend
QStory_2.6.3-release-restored\sources\p358\C9646.java	2928	https://p.qlogo.cn/gh/
QStory_2.6.3-release-restored\sources\p361\C9663.java	2860	https://qstory.suzhelan.top
QStory_2.6.3-release-restored\sources\p361\C9663.java	2860	https://qstory.suzhelan.top
QStory_2.6.3-release-restored\sources\p361\C9663.java	2861	create(...)
QStory_2.6.3-release-restored\sources\p361\C9663.java	2860	https://qstory.suzhelan.top
QStory_2.6.3-release-restored\sources\p361\C9663.java	2861	create(...)
QStory_2.6.3-release-restored\sources\p361\C9663.java	2860	https://qstory.suzhelan.top
QStory_2.6.3-release-restored\sources\p361\C9663.java	2861	create(...)
QStory_2.6.3-release-restored\sources\p361\C9663.java	2855	https://doh.pub/dns-query
QStory_2.6.3-release-restored\sources\p361\C9663.java	2856	1.12.12.12
QStory_2.6.3-release-restored\sources\p361\C9663.java	2857	120.53.53.53
QStory_2.6.3-release-restored\sources\p361\C9663.java	2859	https://dns.google/dns-query
QStory_2.6.3-release-restored\sources\p361\C9663.java	2858	https://cloudflare-dns.com/dns-query
QStory_2.6.3-release-restored\sources\p361\C9663.java	1276	getApkSignatureMD5(...)
QStory_2.6.3-release-restored\sources\p361\C9663.java	1277	getDefault(...)
QStory_2.6.3-release-restored\sources\p361\C9663.java	1278	toUpperCase(...)
QStory_2.6.3-release-restored\sources\p362\AbstractC9666.java	1222	TroopAdminUtils
QStory_2.6.3-release-restored\sources\p362\AbstractC9666.java	1223	troopuin
QStory_2.6.3-release-restored\sources\p362\AbstractC9666.java	1221	AdminCache_
QStory_2.6.3-release-restored\sources\p362\AbstractC9666.java	1224	isOwnerOrAdmin
QStory_2.6.3-release-restored\sources\p362\AbstractC9666.java	1221	AdminCache_
QStory_2.6.3-release-restored\sources\p362\AbstractC9667.java	1222	TroopAdminUtils
QStory_2.6.3-release-restored\sources\p362\AbstractC9667.java	1221	AdminCache_
QStory_2.6.3-release-restored\sources\p362\AbstractC9667.java	1221	AdminCache_
QStory_2.6.3-release-restored\sources\p362\C9665.java	2833	TroopMemberUtils
QStory_2.6.3-release-restored\sources\p362\C9665.java	2850	PluginTroopCache
QStory_2.6.3-release-restored\sources\p362\C9665.java	2851	newSetFromMap(...)
QStory_2.6.3-release-restored\sources\p362\C9665.java	1168	yyyy-MM-dd
QStory_2.6.3-release-restored\sources\p362\C9665.java	2843	TroopMemberNameCache-
QStory_2.6.3-release-restored\sources\p362\C9665.java	2833	TroopMemberUtils
QStory_2.6.3-release-restored\sources\p362\C9665.java	2840	com.tencent.mobileqq.data.troop.TroopMemberNickInfo
QStory_2.6.3-release-restored\sources\p362\C9665.java	991	nickInfo
QStory_2.6.3-release-restored\sources\p362\C9665.java	2841	troopNick
QStory_2.6.3-release-restored\sources\p362\C9665.java	2842	colorNick
QStory_2.6.3-release-restored\sources\p362\C9665.java	992	friendNick
QStory_2.6.3-release-restored\sources\p362\C9665.java	988	com.tencent.qqnt.troopmemberlist.ITroopMemberListRepoApi
QStory_2.6.3-release-restored\sources\p362\C9665.java	2832	fetchTroopMemberList
QStory_2.6.3-release-restored\sources\p362\C9665.java	1005	androidx.lifecycle.LifecycleOwner
QStory_2.6.3-release-restored\sources\p362\C9665.java	988	com.tencent.qqnt.troopmemberlist.ITroopMemberListRepoApi
QStory_2.6.3-release-restored\sources\p362\C9665.java	1006	TroopMemberListActivity
QStory_2.6.3-release-restored\sources\p362\C9665.java	1253	iterator(...)
QStory_2.6.3-release-restored\sources\p362\C9665.java	1254	next(...)
QStory_2.6.3-release-restored\sources\p362\C9665.java	2834	join_time
QStory_2.6.3-release-restored\sources\p362\C9665.java	1954	null cannot be cast to non-null type kotlin.Long
QStory_2.6.3-release-restored\sources\p362\C9665.java	2835	last_active_time
QStory_2.6.3-release-restored\sources\p362\C9665.java	1954	null cannot be cast to non-null type kotlin.Long
QStory_2.6.3-release-restored\sources\p362\C9665.java	2836	memberuin
QStory_2.6.3-release-restored\sources\p362\C9665.java	1559	null cannot be cast to non-null type kotlin.String
QStory_2.6.3-release-restored\sources\p362\C9665.java	2837	newRealLevel
QStory_2.6.3-release-restored\sources\p362\C9665.java	1866	null cannot be cast to non-null type kotlin.Int
QStory_2.6.3-release-restored\sources\p362\C9665.java	2838	realLevel
QStory_2.6.3-release-restored\sources\p362\C9665.java	1866	null cannot be cast to non-null type kotlin.Int
QStory_2.6.3-release-restored\sources\p362\C9665.java	2839	friendnick
QStory_2.6.3-release-restored\sources\p362\C9665.java	1559	null cannot be cast to non-null type kotlin.String
QStory_2.6.3-release-restored\sources\p362\C9665.java	1253	iterator(...)
QStory_2.6.3-release-restored\sources\p362\C9665.java	1254	next(...)
QStory_2.6.3-release-restored\sources\p362\C9665.java	2833	TroopMemberUtils
QStory_2.6.3-release-restored\sources\p362\C9665.java	2833	TroopMemberUtils
QStory_2.6.3-release-restored\sources\p362\C9665.java	988	com.tencent.qqnt.troopmemberlist.ITroopMemberListRepoApi
QStory_2.6.3-release-restored\sources\p362\C9665.java	1004	fetchTroopMemberInfo
QStory_2.6.3-release-restored\sources\p362\C9665.java	1005	androidx.lifecycle.LifecycleOwner
QStory_2.6.3-release-restored\sources\p362\C9665.java	1006	TroopMemberListActivity
QStory_2.6.3-release-restored\sources\p362\C9665.java	2833	TroopMemberUtils
QStory_2.6.3-release-restored\sources\p362\C9665.java	1003	com.tencent.mobileqq.troop.clockin.handler.TroopClockInHandler
QStory_2.6.3-release-restored\sources\p362\C9665.java	1002	com.tencent.common.app.AppInterface
QStory_2.6.3-release-restored\sources\p362\C9665.java	2844	MemberNameCache_
QStory_2.6.3-release-restored\sources\p363\C9668.java	1233	application/json; charset=UTF-8
QStory_2.6.3-release-restored\sources\p363\C9669.java	2867	hostname
QStory_2.6.3-release-restored\sources\p363\C9669.java	2868	All DNS providers failed for 
QStory_2.6.3-release-restored\sources\p363\C9669.java	2869	. Last error: 
QStory_2.6.3-release-restored\sources\p365\C9676.java	2828	top.suzhelan.qstory.hook.service.proto.TroopReplyEmoji
QStory_2.6.3-release-restored\sources\p365\C9676.java	2121	troopUin
QStory_2.6.3-release-restored\sources\p365\C9677.java	2822	null cannot be cast to non-null type top.suzhelan.qstory.hook.service.proto.OIDBSSOPkg
QStory_2.6.3-release-restored\sources\p365\C9677.java	2823	OIDBSSOPkg(command=
QStory_2.6.3-release-restored\sources\p365\C9677.java	2827	, errorCode=
QStory_2.6.3-release-restored\sources\p365\C9677.java	2820	bodybuffer
QStory_2.6.3-release-restored\sources\p365\C9679.java	2818	top.suzhelan.qstory.hook.service.proto.OIDBSSOPkg
QStory_2.6.3-release-restored\sources\p365\C9679.java	2819	serviceType
QStory_2.6.3-release-restored\sources\p365\C9679.java	2820	bodybuffer
QStory_2.6.3-release-restored\sources\p365\C9679.java	2821	errorCode
QStory_2.6.3-release-restored\sources\p365\C9680.java	1370	@kotlinx.serialization.protobuf.ProtoNumber(number=
QStory_2.6.3-release-restored\sources\p365\C9680.java	1370	@kotlinx.serialization.protobuf.ProtoNumber(number=
QStory_2.6.3-release-restored\sources\p365\C9680.java	1370	@kotlinx.serialization.protobuf.ProtoNumber(number=
QStory_2.6.3-release-restored\sources\p365\C9680.java	1370	@kotlinx.serialization.protobuf.ProtoNumber(number=
QStory_2.6.3-release-restored\sources\p365\C9681.java	2829	TroopReplyEmoji(troopUin=
QStory_2.6.3-release-restored\sources\p365\C9681.java	1359	, msgSeq=
QStory_2.6.3-release-restored\sources\p365\C9681.java	2830	, emojiId=
QStory_2.6.3-release-restored\sources\p366\C9682.java	3065	versionText
QStory_2.6.3-release-restored\sources\p366\C9682.java	3235	transitionDirection
QStory_2.6.3-release-restored\sources\p366\C9682.java	3236	searchKeyword
QStory_2.6.3-release-restored\sources\p366\C9682.java	3237	searchHistory
QStory_2.6.3-release-restored\sources\p366\C9682.java	3238	searchResults
QStory_2.6.3-release-restored\sources\p366\C9682.java	3065	versionText
QStory_2.6.3-release-restored\sources\p366\C9682.java	3235	transitionDirection
QStory_2.6.3-release-restored\sources\p366\C9682.java	3236	searchKeyword
QStory_2.6.3-release-restored\sources\p366\C9682.java	3237	searchHistory
QStory_2.6.3-release-restored\sources\p366\C9682.java	3238	searchResults
QStory_2.6.3-release-restored\sources\p366\C9682.java	3240	SettingUiState(versionText=
QStory_2.6.3-release-restored\sources\p366\C9682.java	3242	, pendingHighlightIndex=
QStory_2.6.3-release-restored\sources\p366\C9682.java	3245	, transitionDirection=
QStory_2.6.3-release-restored\sources\p366\C9682.java	3246	, searchKeyword=
QStory_2.6.3-release-restored\sources\p366\C9682.java	3248	, searchResults=
QStory_2.6.3-release-restored\sources\p366\C9684.java	3222	Other(key=
QStory_2.6.3-release-restored\sources\p366\C9685.java	3221	Group(key=
QStory_2.6.3-release-restored\sources\p366\C9686.java	3220	Function(key=
QStory_2.6.3-release-restored\sources\p366\C9687.java	3219	Directory(key=
QStory_2.6.3-release-restored\sources\p366\C9688.java	3239	getQQVersionName(...)
QStory_2.6.3-release-restored\sources\p366\C9688.java	1470	qqVersion
QStory_2.6.3-release-restored\sources\p366\C9688.java	1471	appVersion
QStory_2.6.3-release-restored\sources\p366\C9688.java	1472	 QStory:
QStory_2.6.3-release-restored\sources\p367\AbstractC9690.java	3212	C(QStoryTheme)N(darkTheme,dynamicColor,content)46@2032L7,61@2604L221,61@2531L294:QStoryTheme.kt#avp4iw
QStory_2.6.3-release-restored\sources\p367\AbstractC9690.java	3213	42@1903L21
QStory_2.6.3-release-restored\sources\p367\AbstractC9690.java	2961	CC(<get-current>):CompositionLocal.kt#9igjgp
QStory_2.6.3-release-restored\sources\p367\AbstractC9692.java	3159	C(<get-QStorySettingTextSecondaryColor>)136@3953L7:Color.kt#avp4iw
QStory_2.6.3-release-restored\sources\p367\AbstractC9692.java	2961	CC(<get-current>):CompositionLocal.kt#9igjgp
QStory_2.6.3-release-restored\sources\p367\AbstractC9692.java	3157	C(<get-QStorySettingTextPrimaryColor>)133@3836L7:Color.kt#avp4iw
QStory_2.6.3-release-restored\sources\p367\AbstractC9692.java	2961	CC(<get-current>):CompositionLocal.kt#9igjgp
QStory_2.6.3-release-restored\sources\p367\AbstractC9692.java	3155	C(<get-QStoryBrandPrimaryColor>)130@3720L7:Color.kt#avp4iw
QStory_2.6.3-release-restored\sources\p367\AbstractC9692.java	2961	CC(<get-current>):CompositionLocal.kt#9igjgp
QStory_2.6.3-release-restored\sources\p367\AbstractC9692.java	3185	C(<get-QStoryAccentTagColor>)175@5580L7:Color.kt#avp4iw
QStory_2.6.3-release-restored\sources\p367\AbstractC9692.java	2961	CC(<get-current>):CompositionLocal.kt#9igjgp
QStory_2.6.3-release-restored\sources\p367\C9691.java	3193	QStoryColorPalette(brandPrimaryColor=
QStory_2.6.3-release-restored\sources\p367\C9691.java	3194	, textPrimaryColor=
QStory_2.6.3-release-restored\sources\p367\C9691.java	3195	, textSecondaryColor=
QStory_2.6.3-release-restored\sources\p367\C9691.java	3196	, statusErrorColor=
QStory_2.6.3-release-restored\sources\p367\C9691.java	3197	, statusOverlayTextColor=
QStory_2.6.3-release-restored\sources\p367\C9691.java	3198	, listItemCardColor=
QStory_2.6.3-release-restored\sources\p367\C9691.java	3199	, listLimitedCardColor=
QStory_2.6.3-release-restored\sources\p367\C9691.java	3200	, switchCheckedThumbColor=
QStory_2.6.3-release-restored\sources\p367\C9691.java	3201	, switchUncheckedThumbColor=
QStory_2.6.3-release-restored\sources\p367\C9691.java	3202	, switchCheckedTrackColor=
QStory_2.6.3-release-restored\sources\p367\C9691.java	3203	, switchUncheckedTrackColor=
QStory_2.6.3-release-restored\sources\p367\C9691.java	3204	, dialogContainerColor=
QStory_2.6.3-release-restored\sources\p367\C9691.java	3205	, searchInputContainerColor=
QStory_2.6.3-release-restored\sources\p367\C9691.java	3206	, searchHistoryTagTextColor=
QStory_2.6.3-release-restored\sources\p367\C9691.java	3207	, tagFunctionColor=
QStory_2.6.3-release-restored\sources\p367\C9691.java	3208	, accentTagColor=
QStory_2.6.3-release-restored\sources\p367\C9691.java	3209	, tagGroupColor=
QStory_2.6.3-release-restored\sources\p367\C9691.java	3210	, userVipIdentityColor=
QStory_2.6.3-release-restored\sources\p367\C9691.java	3211	, userActionButtonDisabledColor=
QStory_2.6.3-release-restored\sources\p368\AbstractC9694.java	1235	location
QStory_2.6.3-release-restored\sources\p368\AbstractC9694.java	3261	null cannot be cast to non-null type android.location.LocationManager
QStory_2.6.3-release-restored\sources\p368\AbstractC9694.java	3262	android.permission.ACCESS_FINE_LOCATION
QStory_2.6.3-release-restored\sources\p368\AbstractC9694.java	3263	android.permission.ACCESS_COARSE_LOCATION
QStory_2.6.3-release-restored\sources\p368\AbstractC9694.java	1235	location
QStory_2.6.3-release-restored\sources\p368\AbstractC9694.java	3261	null cannot be cast to non-null type android.location.LocationManager
QStory_2.6.3-release-restored\sources\p368\AbstractC9699.java	1238	喵喵呜呜喵喵喵喵~喵喵呜呜呜呜喵呜~喵喵呜呜呜呜呜呜~喵喵呜喵呜喵呜呜~喵喵呜喵呜呜呜喵~喵喵呜呜喵喵呜呜
QStory_2.6.3-release-restored\sources\p368\AbstractC9699.java	1237	解密失败：数据校验未通过:
QStory_2.6.3-release-restored\sources\p368\C9693.java	3277	喵喵呜呜呜呜喵喵~喵喵喵呜喵呜呜喵~喵喵喵喵呜喵喵喵~喵喵呜呜呜呜喵呜~喵喵喵呜喵喵喵呜~喵喵喵喵喵呜喵呜~喵喵喵喵呜呜喵呜
QStory_2.6.3-release-restored\sources\p368\C9693.java	3278	paddleocr4
QStory_2.6.3-release-restored\sources\p368\C9693.java	3268	PP_OCRv5_mobile_det.ncnn.param
QStory_2.6.3-release-restored\sources\p368\C9693.java	3269	PP_OCRv5_mobile_det.ncnn.bin
QStory_2.6.3-release-restored\sources\p368\C9693.java	3270	PP_OCRv5_mobile_rec.ncnn.param
QStory_2.6.3-release-restored\sources\p368\C9693.java	3271	PP_OCRv5_mobile_rec.ncnn.bin
QStory_2.6.3-release-restored\sources\p368\C9693.java	3264	imagePath
QStory_2.6.3-release-restored\sources\p368\C9693.java	3265	OCR 跳过识别：图片路径为空
QStory_2.6.3-release-restored\sources\p368\C9693.java	3266	OCR 跳过识别：图片不存在，path=
QStory_2.6.3-release-restored\sources\p368\C9693.java	2114	getAbsolutePath(...)
QStory_2.6.3-release-restored\sources\p368\C9693.java	1413	Check failed.
QStory_2.6.3-release-restored\sources\p368\C9693.java	3264	imagePath
QStory_2.6.3-release-restored\sources\p368\C9693.java	3265	OCR 跳过识别：图片路径为空
QStory_2.6.3-release-restored\sources\p368\C9693.java	3266	OCR 跳过识别：图片不存在，path=
QStory_2.6.3-release-restored\sources\p368\C9693.java	2114	getAbsolutePath(...)
QStory_2.6.3-release-restored\sources\p368\C9693.java	3274	addAssetPath
QStory_2.6.3-release-restored\sources\p368\C9693.java	3275	addAssetPath failed: 
QStory_2.6.3-release-restored\sources\p368\C9693.java	3268	PP_OCRv5_mobile_det.ncnn.param
QStory_2.6.3-release-restored\sources\p368\C9693.java	3269	PP_OCRv5_mobile_det.ncnn.bin
QStory_2.6.3-release-restored\sources\p368\C9693.java	3270	PP_OCRv5_mobile_rec.ncnn.param
QStory_2.6.3-release-restored\sources\p368\C9693.java	3271	PP_OCRv5_mobile_rec.ncnn.bin
QStory_2.6.3-release-restored\sources\p368\C9693.java	3273	paddleocr4/
QStory_2.6.3-release-restored\sources\p368\C9693.java	3268	PP_OCRv5_mobile_det.ncnn.param
QStory_2.6.3-release-restored\sources\p368\C9693.java	2114	getAbsolutePath(...)
QStory_2.6.3-release-restored\sources\p368\C9693.java	3269	PP_OCRv5_mobile_det.ncnn.bin
QStory_2.6.3-release-restored\sources\p368\C9693.java	2114	getAbsolutePath(...)
QStory_2.6.3-release-restored\sources\p368\C9693.java	3270	PP_OCRv5_mobile_rec.ncnn.param
QStory_2.6.3-release-restored\sources\p368\C9693.java	2114	getAbsolutePath(...)
QStory_2.6.3-release-restored\sources\p368\C9693.java	3271	PP_OCRv5_mobile_rec.ncnn.bin
QStory_2.6.3-release-restored\sources\p368\C9693.java	2114	getAbsolutePath(...)
QStory_2.6.3-release-restored\sources\p368\C9693.java	3272	OCR 模型初始化失败
QStory_2.6.3-release-restored\sources\p368\C9695.java	1235	location
QStory_2.6.3-release-restored\sources\p368\C9695.java	3259	provider
QStory_2.6.3-release-restored\sources\p368\C9695.java	3259	provider
QStory_2.6.3-release-restored\sources\p368\RunnableC9696.java	3101	categories
QStory_2.6.3-release-restored\sources\p368\RunnableC9696.java	3111	加载失败: 
QStory_2.6.3-release-restored\sources\p368\RunnableC9696.java	3111	加载失败: 
QStory_2.6.3-release-restored\sources\p368\RunnableC9696.java	3117	群列表: 
QStory_2.6.3-release-restored\sources\p368\RunnableC9696.java	3111	加载失败: 
QStory_2.6.3-release-restored\sources\p368\RunnableC9696.java	3111	加载失败: 
QStory_2.6.3-release-restored\sources\p368\RunnableC9697.java	3262	android.permission.ACCESS_FINE_LOCATION
QStory_2.6.3-release-restored\sources\p368\RunnableC9697.java	3263	android.permission.ACCESS_COARSE_LOCATION
QStory_2.6.3-release-restored\sources\p368\RunnableC9697.java	1235	location
QStory_2.6.3-release-restored\sources\p368\RunnableC9697.java	3261	null cannot be cast to non-null type android.location.LocationManager
QStory_2.6.3-release-restored\sources\p368\RunnableC9697.java	3112	正在删除好友 (
QStory_2.6.3-release-restored\sources\p368\RunnableC9697.java	3113	)\nQQ号: 
QStory_2.6.3-release-restored\sources\p368\RunnableC9697.java	3127	正在退出群 (
QStory_2.6.3-release-restored\sources\p368\RunnableC9697.java	3128	)\n群号: 
QStory_2.6.3-release-restored\sources\p368\RunnableC9697.java	3114	删除完成！\n
QStory_2.6.3-release-restored\sources\p368\RunnableC9697.java	2772	共处理 
QStory_2.6.3-release-restored\sources\p368\RunnableC9697.java	3115	 位好友\n
QStory_2.6.3-release-restored\sources\p368\RunnableC9697.java	2774	，失败 
QStory_2.6.3-release-restored\sources\p368\RunnableC9697.java	3129	退出完成！\n
QStory_2.6.3-release-restored\sources\p368\RunnableC9697.java	2772	共处理 
QStory_2.6.3-release-restored\sources\p368\RunnableC9697.java	3130	 个群\n
QStory_2.6.3-release-restored\sources\p368\RunnableC9697.java	2774	，失败 
QStory_2.6.3-release-restored\sources\p368\RunnableC9697.java	3126	群列表为空
QStory_2.6.3-release-restored\sources\p368\RunnableC9697.java	3118	批量管理群 (
QStory_2.6.3-release-restored\sources\p368\RunnableC9697.java	3119	勾选需要退出的群（我创建的群不可勾选）
QStory_2.6.3-release-restored\sources\p368\RunnableC9697.java	3114	删除完成！\n
QStory_2.6.3-release-restored\sources\p368\RunnableC9697.java	2772	共处理 
QStory_2.6.3-release-restored\sources\p368\RunnableC9697.java	3115	 位好友\n
QStory_2.6.3-release-restored\sources\p368\RunnableC9697.java	2774	，失败 
QStory_2.6.3-release-restored\sources\p368\RunnableC9697.java	3129	退出完成！\n
QStory_2.6.3-release-restored\sources\p368\RunnableC9697.java	2772	共处理 
QStory_2.6.3-release-restored\sources\p368\RunnableC9697.java	3130	 个群\n
QStory_2.6.3-release-restored\sources\p368\RunnableC9697.java	2774	，失败 
QStory_2.6.3-release-restored\sources\p368\RunnableC9697.java	3112	正在删除好友 (
QStory_2.6.3-release-restored\sources\p368\RunnableC9697.java	3113	)\nQQ号: 
QStory_2.6.3-release-restored\sources\p368\RunnableC9697.java	3127	正在退出群 (
QStory_2.6.3-release-restored\sources\p368\RunnableC9697.java	3128	)\n群号: 
QStory_2.6.3-release-restored\sources\p370\C9704.java	1597	categoryName
QStory_2.6.3-release-restored\sources\p370\C9704.java	2922	GroupHeader(categoryId=
QStory_2.6.3-release-restored\sources\p370\C9705.java	2921	FriendItem(friend=
QStory_2.6.3-release-restored\sources\p370\C9706.java	1322	toLowerCase(...)
QStory_2.6.3-release-restored\sources\p370\C9706.java	1051	nickname
QStory_2.6.3-release-restored\sources\p370\C9706.java	1322	toLowerCase(...)
QStory_2.6.3-release-restored\sources\p370\C9706.java	1322	toLowerCase(...)
QStory_2.6.3-release-restored\sources\p370\C9707.java	2919	昵称: 
QStory_2.6.3-release-restored\sources\p370\C9707.java	1134	http://q.qlogo.cn/headimg_dl?dst_uin=
QStory_2.6.3-release-restored\sources\p370\C9707.java	1135	&spec=640&img_type=jpg
QStory_2.6.3-release-restored\sources\p370\C9709.java	2937	TroopItem(troop=
QStory_2.6.3-release-restored\sources\p370\C9709.java	2938	, isOwner=
QStory_2.6.3-release-restored\sources\p370\C9710.java	1597	categoryName
QStory_2.6.3-release-restored\sources\p370\C9710.java	2922	GroupHeader(categoryId=
QStory_2.6.3-release-restored\sources\p370\C9714.java	2929	群号: 
QStory_2.6.3-release-restored\sources\p370\C9714.java	2930	  [我创建的群]
QStory_2.6.3-release-restored\sources\p370\C9714.java	2931	  [管理员]
QStory_2.6.3-release-restored\sources\p370\C9714.java	2928	https://p.qlogo.cn/gh/
QStory_2.6.3-release-restored\sources\p370\C9715.java	1322	toLowerCase(...)
QStory_2.6.3-release-restored\sources\p370\C9715.java	2932	GroupName
QStory_2.6.3-release-restored\sources\p370\C9715.java	1322	toLowerCase(...)
QStory_2.6.3-release-restored\sources\p370\C9715.java	2933	GroupUin
QStory_2.6.3-release-restored\sources\p370\C9715.java	2936	我加入的群
QStory_2.6.3-release-restored\sources\p370\C9715.java	2935	我管理的群
QStory_2.6.3-release-restored\sources\p370\C9715.java	2934	我创建的群
QStory_2.6.3-release-restored\sources\p370\C9717.java	1293	<unused var>
QStory_2.6.3-release-restored\sources\p371\C9719.java	3104	已选: 
QStory_2.6.3-release-restored\sources\p371\C9719.java	3105	删除选中 (
QStory_2.6.3-release-restored\sources\p371\C9720.java	2920	categoryMap
QStory_2.6.3-release-restored\sources\p371\C9725.java	3145	查询结果
QStory_2.6.3-release-restored\sources\p371\C9725.java	3146	您在支付完成后，可以点击支付完成查询支付结果，感谢您的支持，这会让项目走的更远
QStory_2.6.3-release-restored\sources\p371\C9725.java	3144	支付完成
QStory_2.6.3-release-restored\sources\p371\C9725.java	3149	查询中
QStory_2.6.3-release-restored\sources\p371\C9725.java	1263	getCurrentUin(...)
QStory_2.6.3-release-restored\sources\p371\C9727.java	3153	onSelectTroopDialogListener
QStory_2.6.3-release-restored\sources\p371\C9727.java	1270	build(...)
QStory_2.6.3-release-restored\sources\p371\C9727.java	3154	选择开启的群
QStory_2.6.3-release-restored\sources\p371\RunnableC9718.java	3148	setCancelable
QStory_2.6.3-release-restored\sources\p400\C9833.java	1443	top.artmoe.inao.entries.QQMessage.MessageBody.RichMsg.MsgContent.TextMsg
QStory_2.6.3-release-restored\sources\p400\C9835.java	1440	top.artmoe.inao.entries.QQMessage.MessageBody.RichMsg.MsgContent.MsgSender
QStory_2.6.3-release-restored\sources\p400\C9835.java	1441	nickName
QStory_2.6.3-release-restored\sources\p400\C9837.java	1442	MsgSender(nickName=
QStory_2.6.3-release-restored\sources\p400\C9840.java	1438	top.artmoe.inao.entries.QQMessage.MessageBody.RichMsg.MsgContent
QStory_2.6.3-release-restored\sources\p400\C9840.java	1439	msgSender
QStory_2.6.3-release-restored\sources\p400\C9841.java	1423	Info(operatorUid=
QStory_2.6.3-release-restored\sources\p400\C9841.java	1362	operatorUid
QStory_2.6.3-release-restored\sources\p400\C9842.java	1432	MsgInfo(msgSeq=
QStory_2.6.3-release-restored\sources\p400\C9842.java	1433	, senderUid=
QStory_2.6.3-release-restored\sources\p400\C9842.java	1431	senderUid
QStory_2.6.3-release-restored\sources\p400\C9843.java	1436	top.artmoe.inao.entries.QQMessage.MessageBody.RichMsg
QStory_2.6.3-release-restored\sources\p400\C9843.java	1437	msgContent
QStory_2.6.3-release-restored\sources\p400\C9844.java	1435	GroupRecallOperationInfo(peerId=
QStory_2.6.3-release-restored\sources\p400\C9844.java	1359	, msgSeq=
QStory_2.6.3-release-restored\sources\p400\C9846.java	1427	C2CRecallOperationInfo(info=
QStory_2.6.3-release-restored\sources\p400\C9847.java	1423	Info(operatorUid=
QStory_2.6.3-release-restored\sources\p400\C9847.java	1426	, msgRandom=
QStory_2.6.3-release-restored\sources\p400\C9847.java	1359	, msgSeq=
QStory_2.6.3-release-restored\sources\p400\C9847.java	1362	operatorUid
QStory_2.6.3-release-restored\sources\p400\C9847.java	1422	receiverUid
QStory_2.6.3-release-restored\sources\p400\C9849.java	1421	top.artmoe.inao.entries.QQMessage.MessageBody.C2CRecallOperationInfo.Info
QStory_2.6.3-release-restored\sources\p400\C9849.java	1362	operatorUid
QStory_2.6.3-release-restored\sources\p400\C9849.java	1422	receiverUid
QStory_2.6.3-release-restored\sources\p400\C9849.java	484	msgRandom
QStory_2.6.3-release-restored\sources\p400\C9852.java	1430	top.artmoe.inao.entries.QQMessage.MessageBody.GroupRecallOperationInfo.Info.MsgInfo
QStory_2.6.3-release-restored\sources\p400\C9852.java	1431	senderUid
QStory_2.6.3-release-restored\sources\p400\C9854.java	1429	top.artmoe.inao.entries.QQMessage.MessageBody.GroupRecallOperationInfo.Info
QStory_2.6.3-release-restored\sources\p400\C9854.java	1362	operatorUid
QStory_2.6.3-release-restored\sources\p400\C9856.java	1428	top.artmoe.inao.entries.QQMessage.MessageBody.GroupRecallOperationInfo
QStory_2.6.3-release-restored\sources\p400\C9857.java	1363	GroupChatMessageRecall(groupUin=
QStory_2.6.3-release-restored\sources\p400\C9857.java	1361	groupUin
QStory_2.6.3-release-restored\sources\p400\C9857.java	1362	operatorUid
QStory_2.6.3-release-restored\sources\p400\C9859.java	1360	top.artmoe.inao.entries.GroupChatMessageRecall
QStory_2.6.3-release-restored\sources\p400\C9859.java	1361	groupUin
QStory_2.6.3-release-restored\sources\p400\C9859.java	1362	operatorUid
QStory_2.6.3-release-restored\sources\p400\C9860.java	1358	FriendChatMessageRecall(peerUid=
QStory_2.6.3-release-restored\sources\p400\C9862.java	1357	top.artmoe.inao.entries.FriendChatMessageRecall
QStory_2.6.3-release-restored\sources\p400\C9863.java	1409	ProtoVarInt(value=
QStory_2.6.3-release-restored\sources\p400\C9864.java	1407	NewSyncPush(type=
QStory_2.6.3-release-restored\sources\p400\C9864.java	1398	, syncRecallContent=
QStory_2.6.3-release-restored\sources\p400\C9864.java	1408	, syncPushExtra=
QStory_2.6.3-release-restored\sources\p400\C9865.java	1418	top.artmoe.inao.entries.QQMessage.MessageBody
QStory_2.6.3-release-restored\sources\p400\C9865.java	1419	operationInfo
QStory_2.6.3-release-restored\sources\p400\C9866.java	1420	top.artmoe.inao.entries.QQMessage.MessageBody.C2CRecallOperationInfo
QStory_2.6.3-release-restored\sources\p400\C9867.java	1414	top.artmoe.inao.entries.QQMessage
QStory_2.6.3-release-restored\sources\p400\C9867.java	1415	messageHead
QStory_2.6.3-release-restored\sources\p400\C9867.java	1416	messageContentInfo
QStory_2.6.3-release-restored\sources\p400\C9867.java	1417	messageBody
QStory_2.6.3-release-restored\sources\p400\C9870.java	1403	top.artmoe.inao.entries.NewSyncPush.SyncRecallOperateInfo
QStory_2.6.3-release-restored\sources\p400\C9870.java	1381	syncInfoHead
QStory_2.6.3-release-restored\sources\p400\C9870.java	1382	syncInfoBody
QStory_2.6.3-release-restored\sources\p400\C9870.java	1404	unknownFlag
QStory_2.6.3-release-restored\sources\p400\C9871.java	1391	SyncInfoHead(syncTime=
QStory_2.6.3-release-restored\sources\p400\C9872.java	1392	SyncRecallOperateInfo(syncInfoHead=
QStory_2.6.3-release-restored\sources\p400\C9872.java	1393	, syncInfoBody=
QStory_2.6.3-release-restored\sources\p400\C9872.java	1394	, subHead=
QStory_2.6.3-release-restored\sources\p400\C9872.java	1406	, unknownFlag=
QStory_2.6.3-release-restored\sources\p400\C9873.java	1405	top.artmoe.inao.entries.NewSyncPush.SyncRecallOperateInfo.SyncInfoHead
QStory_2.6.3-release-restored\sources\p400\C9873.java	1390	syncTime
QStory_2.6.3-release-restored\sources\p400\C9875.java	1399	top.artmoe.inao.entries.MsgPush
QStory_2.6.3-release-restored\sources\p400\C9875.java	1374	qqMessage
QStory_2.6.3-release-restored\sources\p400\C9876.java	1370	@kotlinx.serialization.protobuf.ProtoNumber(number=
QStory_2.6.3-release-restored\sources\p400\C9877.java	1401	top.artmoe.inao.entries.NewSyncPush
QStory_2.6.3-release-restored\sources\p400\C9877.java	1366	syncContent
QStory_2.6.3-release-restored\sources\p400\C9877.java	1367	syncRecallContent
QStory_2.6.3-release-restored\sources\p400\C9877.java	1402	syncPushExtra
QStory_2.6.3-release-restored\sources\p400\C9880.java	1400	MsgPush(qqMessage=
QStory_2.6.3-release-restored\sources\p400\C9880.java	1374	qqMessage
QStory_2.6.3-release-restored\sources\p400\C9881.java	1460	SenderInfo(peerId=
QStory_2.6.3-release-restored\sources\p400\C9881.java	1454	, msgSubType=
QStory_2.6.3-release-restored\sources\p400\C9883.java	1459	top.artmoe.inao.entries.QQMessage.MessageHead.SenderInfo
QStory_2.6.3-release-restored\sources\p400\C9883.java	1452	msgSubType
QStory_2.6.3-release-restored\sources\p400\C9883.java	1441	nickName
QStory_2.6.3-release-restored\sources\p400\C9885.java	1456	top.artmoe.inao.entries.QQMessage.MessageHead
QStory_2.6.3-release-restored\sources\p400\C9885.java	1384	senderPeerId
QStory_2.6.3-release-restored\sources\p400\C9885.java	1431	senderUid
QStory_2.6.3-release-restored\sources\p400\C9885.java	1457	receiverPeerId
QStory_2.6.3-release-restored\sources\p400\C9885.java	1422	receiverUid
QStory_2.6.3-release-restored\sources\p400\C9885.java	1458	senderInfo
QStory_2.6.3-release-restored\sources\p400\C9886.java	1453	MessageContentInfo(msgType=
QStory_2.6.3-release-restored\sources\p400\C9887.java	1462	MessageHead(senderPeerId=
QStory_2.6.3-release-restored\sources\p400\C9887.java	1433	, senderUid=
QStory_2.6.3-release-restored\sources\p400\C9887.java	1424	, receiverUid=
QStory_2.6.3-release-restored\sources\p400\C9888.java	1415	messageHead
QStory_2.6.3-release-restored\sources\p400\C9888.java	1416	messageContentInfo
QStory_2.6.3-release-restored\sources\p400\C9888.java	1465	QQMessage(messageHead=
QStory_2.6.3-release-restored\sources\p400\C9888.java	1466	, messageContentInfo=
QStory_2.6.3-release-restored\sources\p400\C9888.java	1467	, messageBody=
QStory_2.6.3-release-restored\sources\p400\C9888.java	1415	messageHead
QStory_2.6.3-release-restored\sources\p400\C9888.java	1416	messageContentInfo
QStory_2.6.3-release-restored\sources\p400\C9889.java	1445	MsgContent(textMsg=
QStory_2.6.3-release-restored\sources\p400\C9889.java	1446	, msgSender=
QStory_2.6.3-release-restored\sources\p400\C9890.java	1444	TextMsg(text=
QStory_2.6.3-release-restored\sources\p400\C9891.java	1451	top.artmoe.inao.entries.QQMessage.MessageContentInfo
QStory_2.6.3-release-restored\sources\p400\C9891.java	1452	msgSubType
QStory_2.6.3-release-restored\sources\p400\C9893.java	1447	RichMsg(msgContent=
QStory_2.6.3-release-restored\sources\p400\C9894.java	1419	operationInfo
QStory_2.6.3-release-restored\sources\p400\C9894.java	1448	null cannot be cast to non-null type top.artmoe.inao.entries.QQMessage.MessageBody
QStory_2.6.3-release-restored\sources\p400\C9894.java	1449	MessageBody(richMsg=
QStory_2.6.3-release-restored\sources\p400\C9894.java	1450	, operationInfo=
QStory_2.6.3-release-restored\sources\p400\C9894.java	1419	operationInfo
QStory_2.6.3-release-restored\sources\top\yukonga\miuix\kmp\utils\C6886.java	2295	$this$jsonObject
QStory_2.6.3-release-restored\sources\top\yukonga\miuix\kmp\utils\C6886.java	2612	sender_uin
QStory_2.6.3-release-restored\sources\top\yukonga\miuix\kmp\utils\C6886.java	2613	sender_nickname
QStory_2.6.3-release-restored\sources\top\yukonga\miuix\kmp\utils\C6886.java	2610	message_time
QStory_2.6.3-release-restored\sources\top\yukonga\miuix\kmp\utils\C6886.java	2611	message_type
QStory_2.6.3-release-restored\sources\top\yukonga\miuix\kmp\utils\C6886.java	2295	$this$jsonObject
QStory_2.6.3-release-restored\sources\top\yukonga\miuix\kmp\utils\C6886.java	2499	好友uin
QStory_2.6.3-release-restored\sources\top\yukonga\miuix\kmp\utils\C6886.java	2500	会员等级
QStory_2.6.3-release-restored\sources\top\yukonga\miuix\kmp\utils\C6886.java	2505	管理员
QStory_2.6.3-release-restored\sources\top\yukonga\miuix\kmp\utils\C6886.java	2337	$this$jsonArray
QStory_2.6.3-release-restored\sources\top\yukonga\miuix\kmp\utils\C6886.java	2504	AdminList
QStory_2.6.3-release-restored\sources\top\yukonga\miuix\kmp\utils\C6886.java	2295	$this$jsonObject
QStory_2.6.3-release-restored\sources\top\yukonga\miuix\kmp\utils\C6886.java	2499	好友uin
QStory_2.6.3-release-restored\sources\top\suzhelan\qstory\entity\HasUpdate.java	1492	HasUpdate(hasUpdate=
QStory_2.6.3-release-restored\sources\top\suzhelan\qstory\entity\HasUpdate.java	1493	, isForceUpdate=
QStory_2.6.3-release-restored\sources\top\suzhelan\qstory\entity\HasUpdate.java	1494	, version=
QStory_2.6.3-release-restored\sources\top\suzhelan\qstory\entity\Notice.java	1495	createTime
QStory_2.6.3-release-restored\sources\top\suzhelan\qstory\entity\Notice.java	1496	operator
QStory_2.6.3-release-restored\sources\top\suzhelan\qstory\entity\Notice.java	1495	createTime
QStory_2.6.3-release-restored\sources\top\suzhelan\qstory\entity\Notice.java	1496	operator
QStory_2.6.3-release-restored\sources\top\suzhelan\qstory\entity\Notice.java	1498	Notice(content=
QStory_2.6.3-release-restored\sources\top\suzhelan\qstory\entity\Notice.java	1500	, operator=
QStory_2.6.3-release-restored\sources\top\suzhelan\qstory\entity\Notice.java	1497	now(...)
QStory_2.6.3-release-restored\sources\top\suzhelan\qstory\entity\UpdateInfo.java	587	fileName
QStory_2.6.3-release-restored\sources\top\suzhelan\qstory\entity\UpdateInfo.java	1502	updateLog
QStory_2.6.3-release-restored\sources\top\suzhelan\qstory\entity\UpdateInfo.java	1503	versionName
QStory_2.6.3-release-restored\sources\top\suzhelan\qstory\entity\UpdateInfo.java	587	fileName
QStory_2.6.3-release-restored\sources\top\suzhelan\qstory\entity\UpdateInfo.java	1502	updateLog
QStory_2.6.3-release-restored\sources\top\suzhelan\qstory\entity\UpdateInfo.java	1503	versionName
QStory_2.6.3-release-restored\sources\top\suzhelan\qstory\entity\UpdateInfo.java	1504	UpdateInfo(fileName=
QStory_2.6.3-release-restored\sources\top\suzhelan\qstory\entity\UpdateInfo.java	1506	, updateLog=
QStory_2.6.3-release-restored\sources\top\suzhelan\qstory\hook\InjectHook.java	72	com.tencent.common.app.BaseApplicationImpl
QStory_2.6.3-release-restored\sources\top\suzhelan\qstory\hook\InjectHook.java	59	com.tencent.mobileqq
QStory_2.6.3-release-restored\sources\top\suzhelan\qstory\hook\InjectHook.java	61	com.tencent.mobileqq:MSF
QStory_2.6.3-release-restored\sources\top\suzhelan\qstory\hook\InjectHook.java	74	attachBaseContext
QStory_2.6.3-release-restored\sources\top\suzhelan\qstory\hook\InjectHook.java	73	onCreate
QStory_2.6.3-release-restored\sources\top\suzhelan\qstory\hook\InjectHook.java	74	attachBaseContext
QStory_2.6.3-release-restored\sources\top\suzhelan\qstory\hook\InjectHook.java	73	onCreate
QStory_2.6.3-release-restored\sources\top\suzhelan\qstory\hook\InjectHook.java	74	attachBaseContext
QStory_2.6.3-release-restored\sources\top\suzhelan\qstory\hook\InjectHook.java	67	[QStory] 
QStory_2.6.3-release-restored\sources\top\suzhelan\qstory\hook\InjectHook.java	68	 startLoad
QStory_2.6.3-release-restored\sources\top\suzhelan\qstory\hook\InjectHook.java	1538	null cannot be cast to non-null type android.content.ContextWrapper
QStory_2.6.3-release-restored\sources\top\suzhelan\qstory\hook\InjectHook.java	1539	getBaseContext(...)
QStory_2.6.3-release-restored\sources\top\suzhelan\qstory\hook\InjectHook.java	67	[QStory] 
QStory_2.6.3-release-restored\sources\top\suzhelan\qstory\hook\InjectHook.java	69	 Loading Time 
QStory_2.6.3-release-restored\sources\top\suzhelan\qstory\hook\InjectHook.java	67	[QStory] 
QStory_2.6.3-release-restored\sources\top\suzhelan\qstory\hook\InjectHook.java	69	 Loading Time 
QStory_2.6.3-release-restored\sources\top\suzhelan\qstory\hook\InjectHook.java	1534	loadPackageParam
QStory_2.6.3-release-restored\sources\top\suzhelan\qstory\hook\InjectHook.java	58	com.tencent.mobileqq|com.tencent.tim
QStory_2.6.3-release-restored\sources\top\suzhelan\qstory\hook\InjectHook.java	1535	getTargetPackageName(...)
QStory_2.6.3-release-restored\sources\top\suzhelan\qstory\hook\InjectHook.java	72	com.tencent.common.app.BaseApplicationImpl
QStory_2.6.3-release-restored\sources\top\suzhelan\qstory\hook\InjectHook.java	73	onCreate
QStory_2.6.3-release-restored\sources\top\suzhelan\qstory\hook\InjectHook.java	1536	startupParam
QStory_2.6.3-release-restored\sources\top\suzhelan\qstory\hook\InjectHook.java	1537	modulePath
QStory_2.6.3-release-restored\sources\top\suzhelan\qstory\hook\InjectHook.java	1532	moduleApk
QStory_2.6.3-release-restored\sources\top\suzhelan\qstory\loader\CoreLoader.java	769	MethodCache
QStory_2.6.3-release-restored\sources\top\suzhelan\qstory\p015ui\activity\AbstractC6793.java	2897	C(SettingRoute)N(activity,viewModel)113@4271L4204,113@4259L4216:SettingActivity.kt#itusog
QStory_2.6.3-release-restored\sources\top\suzhelan\qstory\p015ui\activity\AbstractC6793.java	2898	112@4243L11
QStory_2.6.3-release-restored\sources\top\suzhelan\qstory\p015ui\activity\AbstractC6793.java	2899	CC(viewModel)N(viewModelStoreOwner,key,factory,extras)56@2573L7,67@2981L63:ViewModel.kt#3tja67
QStory_2.6.3-release-restored\sources\top\suzhelan\qstory\p015ui\activity\AbstractC6793.java	2900	No ViewModelStoreOwner was provided via LocalViewModelStoreOwner
QStory_2.6.3-release-restored\sources\top\suzhelan\qstory\p015ui\activity\C6791.java	2906	C114@4310L16,115@4349L56,117@4484L34,118@4544L45,120@4643L43,120@4595L91,124@4692L3781:SettingActivity.kt#itusog
QStory_2.6.3-release-restored\sources\top\suzhelan\qstory\p015ui\activity\C6791.java	2905	CC(remember):SettingActivity.kt#9igjgp
QStory_2.6.3-release-restored\sources\top\suzhelan\qstory\p015ui\activity\C6791.java	3223	root-group-
QStory_2.6.3-release-restored\sources\top\suzhelan\qstory\p015ui\activity\C6791.java	3224	getDirectoryUIInfoList(...)
QStory_2.6.3-release-restored\sources\top\suzhelan\qstory\p015ui\activity\C6791.java	3225	OTHER_VIEW_ITEM_INFO_LIST
QStory_2.6.3-release-restored\sources\top\suzhelan\qstory\p015ui\activity\C6791.java	3226	root-other-
QStory_2.6.3-release-restored\sources\top\suzhelan\qstory\p015ui\activity\C6791.java	2908	CC(Box)N(modifier,contentAlignment,propagateMinConstraints,content)71@3424L131:Box.kt#2w3rfo
QStory_2.6.3-release-restored\sources\top\suzhelan\qstory\p015ui\activity\C6791.java	2909	CC(Layout)N(content,modifier,measurePolicy)81@3355L27,84@3521L415:Layout.kt#80mrfh
QStory_2.6.3-release-restored\sources\top\suzhelan\qstory\p015ui\activity\C6791.java	2910	CC(ReusableComposeNode)N(factory,update,content)410@16187L9:Composables.kt#9igjgp
QStory_2.6.3-release-restored\sources\top\suzhelan\qstory\p015ui\activity\C6791.java	2913	CC(Column)N(modifier,verticalArrangement,horizontalAlignment,content)87@4443L61,88@4509L134:Column.kt#2w3rfo
QStory_2.6.3-release-restored\sources\top\suzhelan\qstory\p015ui\activity\C6791.java	2909	CC(Layout)N(content,modifier,measurePolicy)81@3355L27,84@3521L415:Layout.kt#80mrfh
QStory_2.6.3-release-restored\sources\top\suzhelan\qstory\p015ui\activity\C6791.java	2910	CC(ReusableComposeNode)N(factory,update,content)410@16187L9:Composables.kt#9igjgp
QStory_2.6.3-release-restored\sources\top\suzhelan\qstory\p015ui\activity\C6791.java	2916	setting_page_transition
QStory_2.6.3-release-restored\sources\top\suzhelan\qstory\p015ui\activity\C6791.java	2902	$this$AnimatedContent
QStory_2.6.3-release-restored\sources\top\suzhelan\qstory\p015ui\activity\C6791.java	2903	CN(directoryUiInfo)168@6721L170,171@6922L115,180@7323L30,181@7394L27,182@7462L27,183@7529L26,184@7592L23,175@7055L578:SettingActivity.kt#itusog
QStory_2.6.3-release-restored\sources\top\suzhelan\qstory\p015ui\activity\C6791.java	2905	CC(remember):SettingActivity.kt#9igjgp
QStory_2.6.3-release-restored\sources\top\suzhelan\qstory\p015ui\activity\C6791.java	3227	directoryUiInfo
QStory_2.6.3-release-restored\sources\top\suzhelan\qstory\p015ui\activity\C6791.java	3228	groupWrapperList
QStory_2.6.3-release-restored\sources\top\suzhelan\qstory\p015ui\activity\C6791.java	3229	directory-group-
QStory_2.6.3-release-restored\sources\top\suzhelan\qstory\p015ui\activity\C6791.java	3224	getDirectoryUIInfoList(...)
QStory_2.6.3-release-restored\sources\top\suzhelan\qstory\p015ui\activity\C6791.java	3230	directory-
QStory_2.6.3-release-restored\sources\top\suzhelan\qstory\p015ui\activity\C6791.java	3231	uiInfoList
QStory_2.6.3-release-restored\sources\top\suzhelan\qstory\p015ui\activity\C6791.java	3230	directory-
QStory_2.6.3-release-restored\sources\top\suzhelan\qstory\p015ui\activity\C6791.java	2905	CC(remember):SettingActivity.kt#9igjgp
QStory_2.6.3-release-restored\sources\top\suzhelan\qstory\p015ui\activity\C6791.java	2905	CC(remember):SettingActivity.kt#9igjgp
QStory_2.6.3-release-restored\sources\top\suzhelan\qstory\p015ui\activity\C6791.java	2905	CC(remember):SettingActivity.kt#9igjgp
QStory_2.6.3-release-restored\sources\top\suzhelan\qstory\p015ui\activity\C6791.java	2905	CC(remember):SettingActivity.kt#9igjgp
QStory_2.6.3-release-restored\sources\top\suzhelan\qstory\p015ui\activity\C6791.java	2905	CC(remember):SettingActivity.kt#9igjgp
QStory_2.6.3-release-restored\sources\top\suzhelan\qstory\p015ui\activity\C6791.java	2905	CC(remember):SettingActivity.kt#9igjgp
QStory_2.6.3-release-restored\sources\top\suzhelan\qstory\p015ui\activity\C6791.java	2917	194@7914L34,195@7984L33,196@8052L40,197@8130L34,198@8199L33,199@8269L33,190@7711L605
QStory_2.6.3-release-restored\sources\top\suzhelan\qstory\p015ui\activity\C6791.java	2918	205@8417L26,204@8370L87
QStory_2.6.3-release-restored\sources\top\suzhelan\qstory\p015ui\activity\SettingActivity.java	2873	C67@2750L29:SettingActivity.kt#itusog
QStory_2.6.3-release-restored\sources\top\suzhelan\qstory\p015ui\activity\SettingActivity.java	2860	https://qstory.suzhelan.top
QStory_2.6.3-release-restored\sources\top\suzhelan\qstory\p015ui\activity\SettingActivity.java	2861	create(...)
QStory_2.6.3-release-restored\sources\top\suzhelan\qstory\p015ui\activity\SettingActivity.java	3140	可以赞助一下吗,这会帮助模块开发更多功能走的更远,为你提供更多服务\n(不赞助也可以正常使用，你的支持是此模块维护的动力）\n赞助后此弹窗将不会出现
QStory_2.6.3-release-restored\sources\top\suzhelan\qstory\p015ui\activity\SettingActivity.java	3141	去赞助
QStory_2.6.3-release-restored\sources\top\suzhelan\qstory\p015ui\activity\SettingActivity.java	1275	System.exit returned normally, while it was supposed to halt JVM.
QStory_2.6.3-release-restored\sources\top\suzhelan\qstory\p015ui\activity\SettingActivityKt$SettingRoute$1$2$1$2$1.java	2875	onSearchDialogShown
QStory_2.6.3-release-restored\sources\top\suzhelan\qstory\p015ui\activity\SettingActivityKt$SettingRoute$1$2$1$2$1.java	2876	onSearchDialogShown()V
QStory_2.6.3-release-restored\sources\top\suzhelan\qstory\p015ui\activity\SettingActivityKt$SettingRoute$1$2$1$5$1$1.java	2877	onHighlightConsumed
QStory_2.6.3-release-restored\sources\top\suzhelan\qstory\p015ui\activity\SettingActivityKt$SettingRoute$1$2$1$5$1$1.java	2878	onHighlightConsumed()V
QStory_2.6.3-release-restored\sources\top\suzhelan\qstory\p015ui\activity\SettingActivityKt$SettingRoute$1$2$1$5$2$1.java	2879	onDirectoryClick
QStory_2.6.3-release-restored\sources\top\suzhelan\qstory\p015ui\activity\SettingActivityKt$SettingRoute$1$2$1$5$2$1.java	2880	onDirectoryClick(Llin/xposed/hook/view/main/itemview/info/DirectoryUiInfo;)V
QStory_2.6.3-release-restored\sources\top\suzhelan\qstory\p015ui\activity\SettingActivityKt$SettingRoute$1$2$1$5$2$1.java	3249	targetDirectory
QStory_2.6.3-release-restored\sources\top\suzhelan\qstory\p015ui\activity\SettingActivityKt$SettingRoute$1$2$1$5$3$1.java	2881	onFunctionToggle
QStory_2.6.3-release-restored\sources\top\suzhelan\qstory\p015ui\activity\SettingActivityKt$SettingRoute$1$2$1$5$3$1.java	2882	onFunctionToggle(Llin/xposed/hook/view/main/itemview/info/ItemUiInfo;Z)V
QStory_2.6.3-release-restored\sources\top\suzhelan\qstory\p015ui\activity\SettingActivityKt$SettingRoute$1$2$1$5$3$1.java	3250	itemUiInfo
QStory_2.6.3-release-restored\sources\top\suzhelan\qstory\p015ui\activity\SettingActivityKt$SettingRoute$1$2$1$5$4$1.java	2883	onFunctionClick
QStory_2.6.3-release-restored\sources\top\suzhelan\qstory\p015ui\activity\SettingActivityKt$SettingRoute$1$2$1$5$4$1.java	2884	onFunctionClick(Llin/xposed/hook/view/main/itemview/info/ItemUiInfo;Landroid/view/View;)V
QStory_2.6.3-release-restored\sources\top\suzhelan\qstory\p015ui\activity\SettingActivityKt$SettingRoute$1$2$1$5$4$1.java	3250	itemUiInfo
QStory_2.6.3-release-restored\sources\top\suzhelan\qstory\p015ui\activity\SettingActivityKt$SettingRoute$1$2$1$5$4$1.java	3251	anchorView
QStory_2.6.3-release-restored\sources\top\suzhelan\qstory\p015ui\activity\SettingActivityKt$SettingRoute$1$2$1$5$5$1.java	2885	onOtherClick
QStory_2.6.3-release-restored\sources\top\suzhelan\qstory\p015ui\activity\SettingActivityKt$SettingRoute$1$2$1$5$5$1.java	2886	onOtherClick(Llin/xposed/hook/view/main/itemview/base/OtherViewItemInfo;Landroid/view/View;)V
QStory_2.6.3-release-restored\sources\top\suzhelan\qstory\p015ui\activity\SettingActivityKt$SettingRoute$1$2$1$5$5$1.java	3252	otherViewItemInfo
QStory_2.6.3-release-restored\sources\top\suzhelan\qstory\p015ui\activity\SettingActivityKt$SettingRoute$1$2$1$5$5$1.java	3251	anchorView
QStory_2.6.3-release-restored\sources\top\suzhelan\qstory\p015ui\activity\SettingActivityKt$SettingRoute$1$2$2$1.java	2887	onSearchDialogDismissed
QStory_2.6.3-release-restored\sources\top\suzhelan\qstory\p015ui\activity\SettingActivityKt$SettingRoute$1$2$2$1.java	2888	onSearchDialogDismissed()V
QStory_2.6.3-release-restored\sources\top\suzhelan\qstory\p015ui\activity\SettingActivityKt$SettingRoute$1$2$3$1.java	2889	onSearchKeywordChanged
QStory_2.6.3-release-restored\sources\top\suzhelan\qstory\p015ui\activity\SettingActivityKt$SettingRoute$1$2$3$1.java	2890	onSearchKeywordChanged(Ljava/lang/String;)V
QStory_2.6.3-release-restored\sources\top\suzhelan\qstory\p015ui\activity\SettingActivityKt$SettingRoute$1$2$5$1.java	2891	onSearchHistorySelected
QStory_2.6.3-release-restored\sources\top\suzhelan\qstory\p015ui\activity\SettingActivityKt$SettingRoute$1$2$5$1.java	2892	onSearchHistorySelected(Ljava/lang/String;)V
QStory_2.6.3-release-restored\sources\top\suzhelan\qstory\p015ui\activity\SettingActivityKt$SettingRoute$1$2$6$1.java	2893	onSearchHistoryCleared
QStory_2.6.3-release-restored\sources\top\suzhelan\qstory\p015ui\activity\SettingActivityKt$SettingRoute$1$2$6$1.java	2894	onSearchHistoryCleared()V
QStory_2.6.3-release-restored\sources\top\suzhelan\qstory\p015ui\activity\SettingActivityKt$SettingRoute$1$2$7$1.java	2895	onSearchResultSelected
QStory_2.6.3-release-restored\sources\top\suzhelan\qstory\p015ui\activity\SettingActivityKt$SettingRoute$1$2$7$1.java	2896	onSearchResultSelected(Llin/xposed/hook/view/main/SearchHelper$SearchResult;)V
QStory_2.6.3-release-restored\sources\top\suzhelan\qstory\p015ui\components\AbstractC6796.java	2972	https://github.com/Suzhelan
QStory_2.6.3-release-restored\sources\top\suzhelan\qstory\p015ui\components\AbstractC6796.java	2973	https://suzhelan.top
QStory_2.6.3-release-restored\sources\top\suzhelan\qstory\p015ui\components\AbstractC6796.java	1025	https://t.me/WhenFlowersAreInBloom
QStory_2.6.3-release-restored\sources\top\suzhelan\qstory\p015ui\components\AbstractC6796.java	2974	https://github.com/Xposed-Modules-Repo/lin.xposed
QStory_2.6.3-release-restored\sources\top\suzhelan\qstory\p015ui\components\AbstractC6796.java	2975	https://deeply-raptor-37d.notion.site/Root-2c0ef1ecbe4a80939e39c3e53cd20525
QStory_2.6.3-release-restored\sources\top\suzhelan\qstory\p015ui\components\AbstractC6796.java	2955	C(MainScreen)57@2571L145:MainScreen.kt#ndgvs9
QStory_2.6.3-release-restored\sources\top\suzhelan\qstory\p015ui\components\AbstractC6796.java	2963	C(LinkCard)148@5374L7,149@5386L873:MainScreen.kt#ndgvs9
QStory_2.6.3-release-restored\sources\top\suzhelan\qstory\p015ui\components\AbstractC6796.java	2961	CC(<get-current>):CompositionLocal.kt#9igjgp
QStory_2.6.3-release-restored\sources\top\suzhelan\qstory\p015ui\components\AbstractC6796.java	2913	CC(Column)N(modifier,verticalArrangement,horizontalAlignment,content)87@4443L61,88@4509L134:Column.kt#2w3rfo
QStory_2.6.3-release-restored\sources\top\suzhelan\qstory\p015ui\components\AbstractC6796.java	2909	CC(Layout)N(content,modifier,measurePolicy)81@3355L27,84@3521L415:Layout.kt#80mrfh
QStory_2.6.3-release-restored\sources\top\suzhelan\qstory\p015ui\components\AbstractC6796.java	2910	CC(ReusableComposeNode)N(factory,update,content)410@16187L9:Composables.kt#9igjgp
QStory_2.6.3-release-restored\sources\top\suzhelan\qstory\p015ui\components\AbstractC6796.java	2957	C(HomePager)68@2775L21,70@2828L163,76@3036L10,77@3077L13,79@3146L692,69@2801L1037:MainScreen.kt#ndgvs9
QStory_2.6.3-release-restored\sources\top\suzhelan\qstory\p015ui\components\AbstractC6796.java	2959	C(AboutCard)104@3917L7,109@4080L39,105@3929L1375:MainScreen.kt#ndgvs9
QStory_2.6.3-release-restored\sources\top\suzhelan\qstory\p015ui\components\AbstractC6796.java	2961	CC(<get-current>):CompositionLocal.kt#9igjgp
QStory_2.6.3-release-restored\sources\top\suzhelan\qstory\p015ui\components\AbstractC6796.java	2962	CC(remember):MainScreen.kt#9igjgp
QStory_2.6.3-release-restored\sources\top\suzhelan\qstory\p015ui\components\AbstractC6799.java	2992	C(SettingGroupItem)N(entry,items,index,highlighted,modifier)200@7702L231,194@7542L391:SettingListContent.kt#ndgvs9
QStory_2.6.3-release-restored\sources\top\suzhelan\qstory\p015ui\components\AbstractC6799.java	2996	C(SettingFunctionItem)N(entry,items,index,highlighted,modifier,onToggle,onClick)258@9285L7,290@10354L2074,274@9871L2557:SettingListContent.kt#ndgvs9
QStory_2.6.3-release-restored\sources\top\suzhelan\qstory\p015ui\components\AbstractC6799.java	2961	CC(<get-current>):CompositionLocal.kt#9igjgp
QStory_2.6.3-release-restored\sources\top\suzhelan\qstory\p015ui\components\AbstractC6799.java	2998	269@9779L29
QStory_2.6.3-release-restored\sources\top\suzhelan\qstory\p015ui\components\AbstractC6799.java	3161	C(<get-QStorySettingStatusErrorColor>)139@4070L7:Color.kt#avp4iw
QStory_2.6.3-release-restored\sources\top\suzhelan\qstory\p015ui\components\AbstractC6799.java	2961	CC(<get-current>):CompositionLocal.kt#9igjgp
QStory_2.6.3-release-restored\sources\top\suzhelan\qstory\p015ui\components\AbstractC6799.java	2999	271@9830L29
QStory_2.6.3-release-restored\sources\top\suzhelan\qstory\p015ui\components\AbstractC6799.java	3000	281@10075L33
QStory_2.6.3-release-restored\sources\top\suzhelan\qstory\p015ui\components\AbstractC6799.java	3167	C(<get-QStorySettingListLimitedCardColor>)148@4433L7:Color.kt#avp4iw
QStory_2.6.3-release-restored\sources\top\suzhelan\qstory\p015ui\components\AbstractC6799.java	2961	CC(<get-current>):CompositionLocal.kt#9igjgp
QStory_2.6.3-release-restored\sources\top\suzhelan\qstory\p015ui\components\AbstractC6799.java	3001	283@10138L30
QStory_2.6.3-release-restored\sources\top\suzhelan\qstory\p015ui\components\AbstractC6799.java	3165	C(<get-QStorySettingListItemCardColor>)145@4313L7:Color.kt#avp4iw
QStory_2.6.3-release-restored\sources\top\suzhelan\qstory\p015ui\components\AbstractC6799.java	2961	CC(<get-current>):CompositionLocal.kt#9igjgp
QStory_2.6.3-release-restored\sources\top\suzhelan\qstory\p015ui\components\AbstractC6799.java	3002	286@10268L35
QStory_2.6.3-release-restored\sources\top\suzhelan\qstory\p015ui\components\AbstractC6799.java	2986	CC(remember):SettingListContent.kt#9igjgp
QStory_2.6.3-release-restored\sources\top\suzhelan\qstory\p015ui\components\AbstractC6799.java	3011	$this$SettingCardContainer
QStory_2.6.3-release-restored\sources\top\suzhelan\qstory\p015ui\components\AbstractC6799.java	3017	C291@10364L1704:SettingListContent.kt#ndgvs9
QStory_2.6.3-release-restored\sources\top\suzhelan\qstory\p015ui\components\AbstractC6799.java	2950	CC(Row)N(modifier,horizontalArrangement,verticalAlignment,content)99@5125L58,100@5188L131:Row.kt#2w3rfo
QStory_2.6.3-release-restored\sources\top\suzhelan\qstory\p015ui\components\AbstractC6799.java	2909	CC(Layout)N(content,modifier,measurePolicy)81@3355L27,84@3521L415:Layout.kt#80mrfh
QStory_2.6.3-release-restored\sources\top\suzhelan\qstory\p015ui\components\AbstractC6799.java	2910	CC(ReusableComposeNode)N(factory,update,content)410@16187L9:Composables.kt#9igjgp
QStory_2.6.3-release-restored\sources\top\suzhelan\qstory\p015ui\components\AbstractC6799.java	2951	C101@5233L9:Row.kt#2w3rfo
QStory_2.6.3-release-restored\sources\top\suzhelan\qstory\p015ui\components\AbstractC6799.java	3019	C297@10580L685,327@11610L40,328@11694L42,329@11778L40,330@11862L42,326@11562L482,319@11279L779:SettingListContent.kt#ndgvs9
QStory_2.6.3-release-restored\sources\top\suzhelan\qstory\p015ui\components\AbstractC6799.java	2913	CC(Column)N(modifier,verticalArrangement,horizontalAlignment,content)87@4443L61,88@4509L134:Column.kt#2w3rfo
QStory_2.6.3-release-restored\sources\top\suzhelan\qstory\p015ui\components\AbstractC6799.java	2909	CC(Layout)N(content,modifier,measurePolicy)81@3355L27,84@3521L415:Layout.kt#80mrfh
QStory_2.6.3-release-restored\sources\top\suzhelan\qstory\p015ui\components\AbstractC6799.java	2910	CC(ReusableComposeNode)N(factory,update,content)410@16187L9:Composables.kt#9igjgp
QStory_2.6.3-release-restored\sources\top\suzhelan\qstory\p015ui\components\AbstractC6799.java	1294	getItemName(...)
QStory_2.6.3-release-restored\sources\top\suzhelan\qstory\p015ui\components\AbstractC6799.java	3021	312@11073L31,310@10994L239
QStory_2.6.3-release-restored\sources\top\suzhelan\qstory\p015ui\components\AbstractC6799.java	3022	324@11454L48
QStory_2.6.3-release-restored\sources\top\suzhelan\qstory\p015ui\components\AbstractC6799.java	2986	CC(remember):SettingListContent.kt#9igjgp
QStory_2.6.3-release-restored\sources\top\suzhelan\qstory\p015ui\components\AbstractC6799.java	3169	C(<get-QStorySettingListSwitchCheckedThumbColor>)151@4563L7:Color.kt#avp4iw
QStory_2.6.3-release-restored\sources\top\suzhelan\qstory\p015ui\components\AbstractC6799.java	2961	CC(<get-current>):CompositionLocal.kt#9igjgp
QStory_2.6.3-release-restored\sources\top\suzhelan\qstory\p015ui\components\AbstractC6799.java	3171	C(<get-QStorySettingListSwitchUncheckedThumbColor>)154@4698L7:Color.kt#avp4iw
QStory_2.6.3-release-restored\sources\top\suzhelan\qstory\p015ui\components\AbstractC6799.java	2961	CC(<get-current>):CompositionLocal.kt#9igjgp
QStory_2.6.3-release-restored\sources\top\suzhelan\qstory\p015ui\components\AbstractC6799.java	3173	C(<get-QStorySettingListSwitchCheckedTrackColor>)157@4833L7:Color.kt#avp4iw
QStory_2.6.3-release-restored\sources\top\suzhelan\qstory\p015ui\components\AbstractC6799.java	2961	CC(<get-current>):CompositionLocal.kt#9igjgp
QStory_2.6.3-release-restored\sources\top\suzhelan\qstory\p015ui\components\AbstractC6799.java	3175	C(<get-QStorySettingListSwitchUncheckedTrackColor>)160@4968L7:Color.kt#avp4iw
QStory_2.6.3-release-restored\sources\top\suzhelan\qstory\p015ui\components\AbstractC6799.java	2961	CC(<get-current>):CompositionLocal.kt#9igjgp
QStory_2.6.3-release-restored\sources\top\suzhelan\qstory\p015ui\components\AbstractC6799.java	3023	340@12201L35,338@12107L305
QStory_2.6.3-release-restored\sources\top\suzhelan\qstory\p015ui\components\AbstractC6799.java	1118	你的身份权限无法使用此功能
QStory_2.6.3-release-restored\sources\top\suzhelan\qstory\p015ui\components\AbstractC6799.java	3163	C(<get-QStorySettingStatusOverlayTextColor>)142@4191L7:Color.kt#avp4iw
QStory_2.6.3-release-restored\sources\top\suzhelan\qstory\p015ui\components\AbstractC6799.java	2961	CC(<get-current>):CompositionLocal.kt#9igjgp
QStory_2.6.3-release-restored\sources\top\suzhelan\qstory\p015ui\components\AbstractC6799.java	2994	C(SettingDirectoryItem)N(entry,items,index,highlighted,modifier,onClick)226@8353L613,219@8166L800:SettingListContent.kt#ndgvs9
QStory_2.6.3-release-restored\sources\top\suzhelan\qstory\p015ui\components\AbstractC6799.java	3005	C(SettingCardContainer)N(entry,items,index,highlighted,modifier,baseColor:c#ui.graphics.Color,onClick,content)414@14319L65,416@14390L663:SettingListContent.kt#ndgvs9
QStory_2.6.3-release-restored\sources\top\suzhelan\qstory\p015ui\components\AbstractC6799.java	3007	404@13999L23
QStory_2.6.3-release-restored\sources\top\suzhelan\qstory\p015ui\components\AbstractC6799.java	3008	406@14044L30
QStory_2.6.3-release-restored\sources\top\suzhelan\qstory\p015ui\components\AbstractC6799.java	3165	C(<get-QStorySettingListItemCardColor>)145@4313L7:Color.kt#avp4iw
QStory_2.6.3-release-restored\sources\top\suzhelan\qstory\p015ui\components\AbstractC6799.java	2961	CC(<get-current>):CompositionLocal.kt#9igjgp
QStory_2.6.3-release-restored\sources\top\suzhelan\qstory\p015ui\components\AbstractC6799.java	3009	410@14217L23
QStory_2.6.3-release-restored\sources\top\suzhelan\qstory\p015ui\components\AbstractC6799.java	3010	422@14584L23
QStory_2.6.3-release-restored\sources\top\suzhelan\qstory\p015ui\components\AbstractC6799.java	2908	CC(Box)N(modifier,contentAlignment,propagateMinConstraints,content)71@3424L131:Box.kt#2w3rfo
QStory_2.6.3-release-restored\sources\top\suzhelan\qstory\p015ui\components\AbstractC6799.java	2909	CC(Layout)N(content,modifier,measurePolicy)81@3355L27,84@3521L415:Layout.kt#80mrfh
QStory_2.6.3-release-restored\sources\top\suzhelan\qstory\p015ui\components\AbstractC6799.java	2910	CC(ReusableComposeNode)N(factory,update,content)410@16187L9:Composables.kt#9igjgp
QStory_2.6.3-release-restored\sources\top\suzhelan\qstory\p015ui\components\AbstractC6799.java	2911	C72@3469L9:Box.kt#2w3rfo
QStory_2.6.3-release-restored\sources\top\suzhelan\qstory\p015ui\components\AbstractC6799.java	2908	CC(Box)N(modifier,contentAlignment,propagateMinConstraints,content)71@3424L131:Box.kt#2w3rfo
QStory_2.6.3-release-restored\sources\top\suzhelan\qstory\p015ui\components\AbstractC6799.java	2909	CC(Layout)N(content,modifier,measurePolicy)81@3355L27,84@3521L415:Layout.kt#80mrfh
QStory_2.6.3-release-restored\sources\top\suzhelan\qstory\p015ui\components\AbstractC6799.java	2910	CC(ReusableComposeNode)N(factory,update,content)410@16187L9:Composables.kt#9igjgp
QStory_2.6.3-release-restored\sources\top\suzhelan\qstory\p015ui\components\AbstractC6799.java	2911	C72@3469L9:Box.kt#2w3rfo
QStory_2.6.3-release-restored\sources\top\suzhelan\qstory\p015ui\components\AbstractC6799.java	3041	C(SearchResultItem)N(result,onClick)227@8902L1210:SettingSearchDialog.kt#ndgvs9
QStory_2.6.3-release-restored\sources\top\suzhelan\qstory\p015ui\components\AbstractC6799.java	2950	CC(Row)N(modifier,horizontalArrangement,verticalAlignment,content)99@5125L58,100@5188L131:Row.kt#2w3rfo
QStory_2.6.3-release-restored\sources\top\suzhelan\qstory\p015ui\components\AbstractC6799.java	2909	CC(Layout)N(content,modifier,measurePolicy)81@3355L27,84@3521L415:Layout.kt#80mrfh
QStory_2.6.3-release-restored\sources\top\suzhelan\qstory\p015ui\components\AbstractC6799.java	2910	CC(ReusableComposeNode)N(factory,update,content)410@16187L9:Composables.kt#9igjgp
QStory_2.6.3-release-restored\sources\top\suzhelan\qstory\p015ui\components\AbstractC6799.java	2951	C101@5233L9:Row.kt#2w3rfo
QStory_2.6.3-release-restored\sources\top\suzhelan\qstory\p015ui\components\AbstractC6799.java	3043	C234@9136L597,256@9822L38,260@10001L33,254@9743L363:SettingSearchDialog.kt#ndgvs9
QStory_2.6.3-release-restored\sources\top\suzhelan\qstory\p015ui\components\AbstractC6799.java	2913	CC(Column)N(modifier,verticalArrangement,horizontalAlignment,content)87@4443L61,88@4509L134:Column.kt#2w3rfo
QStory_2.6.3-release-restored\sources\top\suzhelan\qstory\p015ui\components\AbstractC6799.java	2909	CC(Layout)N(content,modifier,measurePolicy)81@3355L27,84@3521L415:Layout.kt#80mrfh
QStory_2.6.3-release-restored\sources\top\suzhelan\qstory\p015ui\components\AbstractC6799.java	2910	CC(ReusableComposeNode)N(factory,update,content)410@16187L9:Composables.kt#9igjgp
QStory_2.6.3-release-restored\sources\top\suzhelan\qstory\p015ui\components\AbstractC6799.java	3045	247@9561L31,245@9480L229
QStory_2.6.3-release-restored\sources\top\suzhelan\qstory\p015ui\components\AbstractC6799.java	3181	C(<get-QStorySettingSearchHistoryTagTextColor>)169@5350L7:Color.kt#avp4iw
QStory_2.6.3-release-restored\sources\top\suzhelan\qstory\p015ui\components\AbstractC6799.java	2961	CC(<get-current>):CompositionLocal.kt#9igjgp
QStory_2.6.3-release-restored\sources\top\suzhelan\qstory\p015ui\components\AbstractC6799.java	3046	C(resultTypeColor)N(matchType):SettingSearchDialog.kt#ndgvs9
QStory_2.6.3-release-restored\sources\top\suzhelan\qstory\p015ui\components\AbstractC6799.java	3048	277@10605L29
QStory_2.6.3-release-restored\sources\top\suzhelan\qstory\p015ui\components\AbstractC6799.java	3183	C(<get-QStorySettingTagFunctionColor>)172@5474L7:Color.kt#avp4iw
QStory_2.6.3-release-restored\sources\top\suzhelan\qstory\p015ui\components\AbstractC6799.java	2961	CC(<get-current>):CompositionLocal.kt#9igjgp
QStory_2.6.3-release-restored\sources\top\suzhelan\qstory\p015ui\components\AbstractC6799.java	3049	278@10679L20
QStory_2.6.3-release-restored\sources\top\suzhelan\qstory\p015ui\components\AbstractC6799.java	3050	279@10740L26
QStory_2.6.3-release-restored\sources\top\suzhelan\qstory\p015ui\components\AbstractC6799.java	3187	C(<get-QStorySettingTagGroupColor>)178@5690L7:Color.kt#avp4iw
QStory_2.6.3-release-restored\sources\top\suzhelan\qstory\p015ui\components\AbstractC6799.java	2961	CC(<get-current>):CompositionLocal.kt#9igjgp
QStory_2.6.3-release-restored\sources\top\suzhelan\qstory\p015ui\components\AbstractC6799.java	3084	C(DialogActionButton)N(text,modifier,enabled,onClick)210@7499L612:UserDialog.kt#ndgvs9
QStory_2.6.3-release-restored\sources\top\suzhelan\qstory\p015ui\components\AbstractC6799.java	3086	216@7681L23
QStory_2.6.3-release-restored\sources\top\suzhelan\qstory\p015ui\components\AbstractC6799.java	3087	218@7750L35
QStory_2.6.3-release-restored\sources\top\suzhelan\qstory\p015ui\components\AbstractC6799.java	3191	C(<get-QStoryUserActionButtonDisabledColor>)184@5924L7:Color.kt#avp4iw
QStory_2.6.3-release-restored\sources\top\suzhelan\qstory\p015ui\components\AbstractC6799.java	2961	CC(<get-current>):CompositionLocal.kt#9igjgp
QStory_2.6.3-release-restored\sources\top\suzhelan\qstory\p015ui\components\AbstractC6799.java	2908	CC(Box)N(modifier,contentAlignment,propagateMinConstraints,content)71@3424L131:Box.kt#2w3rfo
QStory_2.6.3-release-restored\sources\top\suzhelan\qstory\p015ui\components\AbstractC6799.java	2909	CC(Layout)N(content,modifier,measurePolicy)81@3355L27,84@3521L415:Layout.kt#80mrfh
QStory_2.6.3-release-restored\sources\top\suzhelan\qstory\p015ui\components\AbstractC6799.java	2910	CC(ReusableComposeNode)N(factory,update,content)410@16187L9:Composables.kt#9igjgp
QStory_2.6.3-release-restored\sources\top\suzhelan\qstory\p015ui\components\AbstractC6799.java	3163	C(<get-QStorySettingStatusOverlayTextColor>)142@4191L7:Color.kt#avp4iw
QStory_2.6.3-release-restored\sources\top\suzhelan\qstory\p015ui\components\AbstractC6799.java	2961	CC(<get-current>):CompositionLocal.kt#9igjgp
QStory_2.6.3-release-restored\sources\top\suzhelan\qstory\p015ui\components\AbstractC6799.java	3078	C(UserHeader)N(user)157@6138L577:UserDialog.kt#ndgvs9
QStory_2.6.3-release-restored\sources\top\suzhelan\qstory\p015ui\components\AbstractC6799.java	2950	CC(Row)N(modifier,horizontalArrangement,verticalAlignment,content)99@5125L58,100@5188L131:Row.kt#2w3rfo
QStory_2.6.3-release-restored\sources\top\suzhelan\qstory\p015ui\components\AbstractC6799.java	2909	CC(Layout)N(content,modifier,measurePolicy)81@3355L27,84@3521L415:Layout.kt#80mrfh
QStory_2.6.3-release-restored\sources\top\suzhelan\qstory\p015ui\components\AbstractC6799.java	2910	CC(ReusableComposeNode)N(factory,update,content)410@16187L9:Composables.kt#9igjgp
QStory_2.6.3-release-restored\sources\top\suzhelan\qstory\p015ui\components\AbstractC6799.java	2913	CC(Column)N(modifier,verticalArrangement,horizontalAlignment,content)87@4443L61,88@4509L134:Column.kt#2w3rfo
QStory_2.6.3-release-restored\sources\top\suzhelan\qstory\p015ui\components\AbstractC6799.java	2909	CC(Layout)N(content,modifier,measurePolicy)81@3355L27,84@3521L415:Layout.kt#80mrfh
QStory_2.6.3-release-restored\sources\top\suzhelan\qstory\p015ui\components\AbstractC6799.java	2910	CC(ReusableComposeNode)N(factory,update,content)410@16187L9:Composables.kt#9igjgp
QStory_2.6.3-release-restored\sources\top\suzhelan\qstory\p015ui\components\AbstractC6799.java	1051	nickname
QStory_2.6.3-release-restored\sources\top\suzhelan\qstory\p015ui\components\AbstractC6799.java	3003	C(SettingOtherItem)N(entry,items,index,highlighted,modifier,onClick)358@12703L7,366@12889L35,367@12931L675,360@12716L890:SettingListContent.kt#ndgvs9
QStory_2.6.3-release-restored\sources\top\suzhelan\qstory\p015ui\components\AbstractC6799.java	2961	CC(<get-current>):CompositionLocal.kt#9igjgp
QStory_2.6.3-release-restored\sources\top\suzhelan\qstory\p015ui\components\AbstractC6799.java	2986	CC(remember):SettingListContent.kt#9igjgp
QStory_2.6.3-release-restored\sources\top\suzhelan\qstory\p015ui\components\AbstractC6799.java	2989	scrollStateMap
QStory_2.6.3-release-restored\sources\top\suzhelan\qstory\p015ui\components\AbstractC6799.java	2877	onHighlightConsumed
QStory_2.6.3-release-restored\sources\top\suzhelan\qstory\p015ui\components\AbstractC6799.java	2879	onDirectoryClick
QStory_2.6.3-release-restored\sources\top\suzhelan\qstory\p015ui\components\AbstractC6799.java	2881	onFunctionToggle
QStory_2.6.3-release-restored\sources\top\suzhelan\qstory\p015ui\components\AbstractC6799.java	2883	onFunctionClick
QStory_2.6.3-release-restored\sources\top\suzhelan\qstory\p015ui\components\AbstractC6799.java	2885	onOtherClick
QStory_2.6.3-release-restored\sources\top\suzhelan\qstory\p015ui\components\AbstractC6799.java	2990	C(SettingListContent)N(listKey,scrollStateMap,entries,highlightIndex,onHighlightConsumed,onDirectoryClick,onFunctionToggle,onFunctionClick,onOtherClick)77@3695L74,78@3795L43,80@3898L632,80@3844L686,110@4729L2613,104@4536L2806:SettingListContent.kt#ndgvs9
QStory_2.6.3-release-restored\sources\top\suzhelan\qstory\p015ui\components\AbstractC6799.java	2986	CC(remember):SettingListContent.kt#9igjgp
QStory_2.6.3-release-restored\sources\top\suzhelan\qstory\p015ui\components\AbstractC6799.java	2986	CC(remember):SettingListContent.kt#9igjgp
QStory_2.6.3-release-restored\sources\top\suzhelan\qstory\p015ui\components\AbstractC6799.java	2986	CC(remember):SettingListContent.kt#9igjgp
QStory_2.6.3-release-restored\sources\top\suzhelan\qstory\p015ui\components\AbstractC6799.java	2986	CC(remember):SettingListContent.kt#9igjgp
QStory_2.6.3-release-restored\sources\top\suzhelan\qstory\p015ui\components\AbstractC6799.java	3082	C(UserAvatar)N(uin)182@6800L7,185@6844L119,193@7067L264,184@6813L524:UserDialog.kt#ndgvs9
QStory_2.6.3-release-restored\sources\top\suzhelan\qstory\p015ui\components\AbstractC6799.java	2961	CC(<get-current>):CompositionLocal.kt#9igjgp
QStory_2.6.3-release-restored\sources\top\suzhelan\qstory\p015ui\components\AbstractC6799.java	3077	CC(remember):UserDialog.kt#9igjgp
QStory_2.6.3-release-restored\sources\top\suzhelan\qstory\p015ui\components\AbstractC6799.java	3077	CC(remember):UserDialog.kt#9igjgp
QStory_2.6.3-release-restored\sources\top\suzhelan\qstory\p015ui\components\AbstractC6799.java	3033	onDismissRequest
QStory_2.6.3-release-restored\sources\top\suzhelan\qstory\p015ui\components\AbstractC6799.java	3075	C(UserDialog)N(onDismissRequest)57@2418L53,58@2496L34,63@2666L3415,60@2536L3545:UserDialog.kt#ndgvs9
QStory_2.6.3-release-restored\sources\top\suzhelan\qstory\p015ui\components\AbstractC6799.java	3077	CC(remember):UserDialog.kt#9igjgp
QStory_2.6.3-release-restored\sources\top\suzhelan\qstory\p015ui\components\AbstractC6799.java	3077	CC(remember):UserDialog.kt#9igjgp
QStory_2.6.3-release-restored\sources\top\suzhelan\qstory\p015ui\components\AbstractC6799.java	3033	onDismissRequest
QStory_2.6.3-release-restored\sources\top\suzhelan\qstory\p015ui\components\AbstractC6799.java	3034	onKeywordChange
QStory_2.6.3-release-restored\sources\top\suzhelan\qstory\p015ui\components\AbstractC6799.java	3035	onClearKeyword
QStory_2.6.3-release-restored\sources\top\suzhelan\qstory\p015ui\components\AbstractC6799.java	3036	onHistorySelected
QStory_2.6.3-release-restored\sources\top\suzhelan\qstory\p015ui\components\AbstractC6799.java	3037	onClearHistory
QStory_2.6.3-release-restored\sources\top\suzhelan\qstory\p015ui\components\AbstractC6799.java	3038	onResultSelected
QStory_2.6.3-release-restored\sources\top\suzhelan\qstory\p015ui\components\AbstractC6799.java	3039	C(SettingSearchDialog)N(keyword,history,results,onDismissRequest,onKeywordChange,onClearKeyword,onHistorySelected,onClearHistory,onResultSelected)64@2862L29,65@2917L45,65@2896L66,72@3098L5687,69@2968L5817:SettingSearchDialog.kt#ndgvs9
QStory_2.6.3-release-restored\sources\top\suzhelan\qstory\p015ui\components\AbstractC6799.java	3032	CC(remember):SettingSearchDialog.kt#9igjgp
QStory_2.6.3-release-restored\sources\top\suzhelan\qstory\p015ui\components\AbstractC6799.java	3032	CC(remember):SettingSearchDialog.kt#9igjgp
QStory_2.6.3-release-restored\sources\top\suzhelan\qstory\p015ui\components\AbstractC6799.java	3054	C77@3261L26,73@3108L5671:SettingSearchDialog.kt#ndgvs9
QStory_2.6.3-release-restored\sources\top\suzhelan\qstory\p015ui\components\AbstractC6799.java	3177	C(<get-QStoryDialogContainerColor>)163@5089L7:Color.kt#avp4iw
QStory_2.6.3-release-restored\sources\top\suzhelan\qstory\p015ui\components\AbstractC6799.java	2961	CC(<get-current>):CompositionLocal.kt#9igjgp
QStory_2.6.3-release-restored\sources\top\suzhelan\qstory\p015ui\components\AbstractC6799.java	2913	CC(Column)N(modifier,verticalArrangement,horizontalAlignment,content)87@4443L61,88@4509L134:Column.kt#2w3rfo
QStory_2.6.3-release-restored\sources\top\suzhelan\qstory\p015ui\components\AbstractC6799.java	2909	CC(Layout)N(content,modifier,measurePolicy)81@3355L27,84@3521L415:Layout.kt#80mrfh
QStory_2.6.3-release-restored\sources\top\suzhelan\qstory\p015ui\components\AbstractC6799.java	2910	CC(ReusableComposeNode)N(factory,update,content)410@16187L9:Composables.kt#9igjgp
QStory_2.6.3-release-restored\sources\top\suzhelan\qstory\p015ui\components\AbstractC6799.java	1474	搜索功能
QStory_2.6.3-release-restored\sources\top\suzhelan\qstory\p015ui\components\AbstractC6799.java	3179	C(<get-QStorySettingSearchInputContainerColor>)166@5217L7:Color.kt#avp4iw
QStory_2.6.3-release-restored\sources\top\suzhelan\qstory\p015ui\components\AbstractC6799.java	2961	CC(<get-current>):CompositionLocal.kt#9igjgp
QStory_2.6.3-release-restored\sources\top\suzhelan\qstory\p015ui\components\AbstractC6799.java	2950	CC(Row)N(modifier,horizontalArrangement,verticalAlignment,content)99@5125L58,100@5188L131:Row.kt#2w3rfo
QStory_2.6.3-release-restored\sources\top\suzhelan\qstory\p015ui\components\AbstractC6799.java	2909	CC(Layout)N(content,modifier,measurePolicy)81@3355L27,84@3521L415:Layout.kt#80mrfh
QStory_2.6.3-release-restored\sources\top\suzhelan\qstory\p015ui\components\AbstractC6799.java	2910	CC(ReusableComposeNode)N(factory,update,content)410@16187L9:Composables.kt#9igjgp
QStory_2.6.3-release-restored\sources\top\suzhelan\qstory\p015ui\components\AbstractC6799.java	2908	CC(Box)N(modifier,contentAlignment,propagateMinConstraints,content)71@3424L131:Box.kt#2w3rfo
QStory_2.6.3-release-restored\sources\top\suzhelan\qstory\p015ui\components\AbstractC6799.java	2909	CC(Layout)N(content,modifier,measurePolicy)81@3355L27,84@3521L415:Layout.kt#80mrfh
QStory_2.6.3-release-restored\sources\top\suzhelan\qstory\p015ui\components\AbstractC6799.java	2910	CC(ReusableComposeNode)N(factory,update,content)410@16187L9:Composables.kt#9igjgp
QStory_2.6.3-release-restored\sources\top\suzhelan\qstory\p015ui\components\AbstractC6799.java	3059	110@4489L31,108@4387L205
QStory_2.6.3-release-restored\sources\top\suzhelan\qstory\p015ui\components\AbstractC6799.java	1475	输入关键词搜索...
QStory_2.6.3-release-restored\sources\top\suzhelan\qstory\p015ui\components\AbstractC6799.java	3060	133@5379L31,130@5232L351
QStory_2.6.3-release-restored\sources\top\suzhelan\qstory\p015ui\components\AbstractC6799.java	3061	142@5701L789,168@6802L664,162@6508L958
QStory_2.6.3-release-restored\sources\top\suzhelan\qstory\p015ui\components\AbstractC6799.java	2950	CC(Row)N(modifier,horizontalArrangement,verticalAlignment,content)99@5125L58,100@5188L131:Row.kt#2w3rfo
QStory_2.6.3-release-restored\sources\top\suzhelan\qstory\p015ui\components\AbstractC6799.java	2909	CC(Layout)N(content,modifier,measurePolicy)81@3355L27,84@3521L415:Layout.kt#80mrfh
QStory_2.6.3-release-restored\sources\top\suzhelan\qstory\p015ui\components\AbstractC6799.java	2910	CC(ReusableComposeNode)N(factory,update,content)410@16187L9:Composables.kt#9igjgp
QStory_2.6.3-release-restored\sources\top\suzhelan\qstory\p015ui\components\AbstractC6799.java	1476	搜索历史
QStory_2.6.3-release-restored\sources\top\suzhelan\qstory\p015ui\components\AbstractC6799.java	3063	187@7662L29,185@7569L240,197@8033L268,192@7827L474
QStory_2.6.3-release-restored\sources\top\suzhelan\qstory\p015ui\components\AbstractC6799.java	1478	搜索结果
QStory_2.6.3-release-restored\sources\top\suzhelan\qstory\p015ui\components\AbstractC6799.java	3032	CC(remember):SettingSearchDialog.kt#9igjgp
QStory_2.6.3-release-restored\sources\top\suzhelan\qstory\p015ui\components\AbstractC6799.java	3064	210@8491L31,208@8401L354
QStory_2.6.3-release-restored\sources\top\suzhelan\qstory\p015ui\components\AbstractC6799.java	1479	未找到相关功能
QStory_2.6.3-release-restored\sources\top\suzhelan\qstory\p015ui\components\AbstractC6799.java	3065	versionText
QStory_2.6.3-release-restored\sources\top\suzhelan\qstory\p015ui\components\AbstractC6799.java	3066	onBackClick
QStory_2.6.3-release-restored\sources\top\suzhelan\qstory\p015ui\components\AbstractC6799.java	3067	onSearchClick
QStory_2.6.3-release-restored\sources\top\suzhelan\qstory\p015ui\components\AbstractC6799.java	3068	onAvatarClick
QStory_2.6.3-release-restored\sources\top\suzhelan\qstory\p015ui\components\AbstractC6799.java	3069	C(SettingTopBar)N(title,versionText,onBackClick,onSearchClick,onAvatarClick)43@1661L23,44@1710L23,37@1464L2370:SettingTopBar.kt#ndgvs9
QStory_2.6.3-release-restored\sources\top\suzhelan\qstory\p015ui\components\AbstractC6799.java	2908	CC(Box)N(modifier,contentAlignment,propagateMinConstraints,content)71@3424L131:Box.kt#2w3rfo
QStory_2.6.3-release-restored\sources\top\suzhelan\qstory\p015ui\components\AbstractC6799.java	2909	CC(Layout)N(content,modifier,measurePolicy)81@3355L27,84@3521L415:Layout.kt#80mrfh
QStory_2.6.3-release-restored\sources\top\suzhelan\qstory\p015ui\components\AbstractC6799.java	2910	CC(ReusableComposeNode)N(factory,update,content)410@16187L9:Composables.kt#9igjgp
QStory_2.6.3-release-restored\sources\top\suzhelan\qstory\p015ui\components\AbstractC6799.java	2908	CC(Box)N(modifier,contentAlignment,propagateMinConstraints,content)71@3424L131:Box.kt#2w3rfo
QStory_2.6.3-release-restored\sources\top\suzhelan\qstory\p015ui\components\AbstractC6799.java	2909	CC(Layout)N(content,modifier,measurePolicy)81@3355L27,84@3521L415:Layout.kt#80mrfh
QStory_2.6.3-release-restored\sources\top\suzhelan\qstory\p015ui\components\AbstractC6799.java	2910	CC(ReusableComposeNode)N(factory,update,content)410@16187L9:Composables.kt#9igjgp
QStory_2.6.3-release-restored\sources\top\suzhelan\qstory\p015ui\components\AbstractC6799.java	2913	CC(Column)N(modifier,verticalArrangement,horizontalAlignment,content)87@4443L61,88@4509L134:Column.kt#2w3rfo
QStory_2.6.3-release-restored\sources\top\suzhelan\qstory\p015ui\components\AbstractC6799.java	2909	CC(Layout)N(content,modifier,measurePolicy)81@3355L27,84@3521L415:Layout.kt#80mrfh
QStory_2.6.3-release-restored\sources\top\suzhelan\qstory\p015ui\components\AbstractC6799.java	2910	CC(ReusableComposeNode)N(factory,update,content)410@16187L9:Composables.kt#9igjgp
QStory_2.6.3-release-restored\sources\top\suzhelan\qstory\p015ui\components\AbstractC6799.java	2950	CC(Row)N(modifier,horizontalArrangement,verticalAlignment,content)99@5125L58,100@5188L131:Row.kt#2w3rfo
QStory_2.6.3-release-restored\sources\top\suzhelan\qstory\p015ui\components\AbstractC6799.java	2909	CC(Layout)N(content,modifier,measurePolicy)81@3355L27,84@3521L415:Layout.kt#80mrfh
QStory_2.6.3-release-restored\sources\top\suzhelan\qstory\p015ui\components\AbstractC6799.java	2910	CC(ReusableComposeNode)N(factory,update,content)410@16187L9:Composables.kt#9igjgp
QStory_2.6.3-release-restored\sources\top\suzhelan\qstory\p015ui\components\C6797.java	1260	上传成功
QStory_2.6.3-release-restored\sources\top\suzhelan\qstory\p015ui\components\C6797.java	1258	上传失败
QStory_2.6.3-release-restored\sources\top\suzhelan\qstory\p015ui\components\C6797.java	2430	getPT4Token(...)
QStory_2.6.3-release-restored\sources\top\suzhelan\qstory\p015ui\components\C6797.java	2295	$this$jsonObject
QStory_2.6.3-release-restored\sources\top\suzhelan\qstory\p015ui\components\C6797.java	2295	$this$jsonObject
QStory_2.6.3-release-restored\sources\top\suzhelan\qstory\p015ui\components\C6797.java	2344	is_friend
QStory_2.6.3-release-restored\sources\top\suzhelan\qstory\p015ui\components\C6797.java	2374	config_name
QStory_2.6.3-release-restored\sources\top\suzhelan\qstory\p015ui\components\C6797.java	2377	default_value
QStory_2.6.3-release-restored\sources\top\suzhelan\qstory\p015ui\components\C6797.java	2431	getGTK(...)
QStory_2.6.3-release-restored\sources\top\suzhelan\qstory\p015ui\components\C6797.java	2429	getPskey(...)
QStory_2.6.3-release-restored\sources\top\suzhelan\qstory\p015ui\components\C6797.java	2295	$this$jsonObject
QStory_2.6.3-release-restored\sources\top\suzhelan\qstory\p015ui\components\C6797.java	2484	写入成功
QStory_2.6.3-release-restored\sources\top\suzhelan\qstory\p015ui\components\C6797.java	2483	readFileText(...)
QStory_2.6.3-release-restored\sources\top\suzhelan\qstory\p015ui\components\C6797.java	2441	group_uin
QStory_2.6.3-release-restored\sources\top\suzhelan\qstory\p015ui\components\C6797.java	2443	user_uin
QStory_2.6.3-release-restored\sources\top\suzhelan\qstory\p015ui\components\C6797.java	2449	group_uin 和 user_uin 不能同时为空
QStory_2.6.3-release-restored\sources\top\suzhelan\qstory\p015ui\components\C6797.java	2484	写入成功
QStory_2.6.3-release-restored\sources\top\suzhelan\qstory\p015ui\components\C6797.java	2466	bytes_base64
QStory_2.6.3-release-restored\sources\top\suzhelan\qstory\p015ui\components\C6797.java	2484	写入成功
QStory_2.6.3-release-restored\sources\top\suzhelan\qstory\p015ui\components\C6797.java	2485	scanImageText(...)
QStory_2.6.3-release-restored\sources\top\suzhelan\qstory\p015ui\components\C6797.java	2441	group_uin
QStory_2.6.3-release-restored\sources\top\suzhelan\qstory\p015ui\components\C6797.java	2443	user_uin
QStory_2.6.3-release-restored\sources\top\suzhelan\qstory\p015ui\components\C6797.java	2538	操作成功
QStory_2.6.3-release-restored\sources\top\suzhelan\qstory\p015ui\components\C6797.java	2441	group_uin
QStory_2.6.3-release-restored\sources\top\suzhelan\qstory\p015ui\components\C6797.java	2441	group_uin
QStory_2.6.3-release-restored\sources\top\suzhelan\qstory\p015ui\components\C6797.java	2536	getMemberName(...)
QStory_2.6.3-release-restored\sources\top\suzhelan\qstory\p015ui\components\C6797.java	2441	group_uin
QStory_2.6.3-release-restored\sources\top\suzhelan\qstory\p015ui\components\C6797.java	2441	group_uin
QStory_2.6.3-release-restored\sources\top\suzhelan\qstory\p015ui\components\C6797.java	2441	group_uin
QStory_2.6.3-release-restored\sources\top\suzhelan\qstory\p015ui\components\C6797.java	2443	user_uin
QStory_2.6.3-release-restored\sources\top\suzhelan\qstory\p015ui\components\C6797.java	2537	设置成功
QStory_2.6.3-release-restored\sources\top\suzhelan\qstory\p015ui\components\C6797.java	2441	group_uin
QStory_2.6.3-release-restored\sources\top\suzhelan\qstory\p015ui\components\C6797.java	2443	user_uin
QStory_2.6.3-release-restored\sources\top\suzhelan\qstory\p015ui\components\C6797.java	2534	is_black
QStory_2.6.3-release-restored\sources\top\suzhelan\qstory\p015ui\components\C6797.java	2538	操作成功
QStory_2.6.3-release-restored\sources\top\suzhelan\qstory\p015ui\components\C6797.java	2441	group_uin
QStory_2.6.3-release-restored\sources\top\suzhelan\qstory\p015ui\components\C6798.java	2973	https://suzhelan.top
QStory_2.6.3-release-restored\sources\top\suzhelan\qstory\p015ui\components\C6798.java	2974	https://github.com/Xposed-Modules-Repo/lin.xposed
QStory_2.6.3-release-restored\sources\top\suzhelan\qstory\p015ui\components\C6798.java	2975	https://deeply-raptor-37d.notion.site/Root-2c0ef1ecbe4a80939e39c3e53cd20525
QStory_2.6.3-release-restored\sources\top\suzhelan\qstory\p015ui\components\C6798.java	2972	https://github.com/Suzhelan
QStory_2.6.3-release-restored\sources\top\suzhelan\qstory\p015ui\components\C6798.java	1025	https://t.me/WhenFlowersAreInBloom
QStory_2.6.3-release-restored\sources\top\suzhelan\qstory\p015ui\components\C6800.java	2860	https://qstory.suzhelan.top
QStory_2.6.3-release-restored\sources\top\suzhelan\qstory\p015ui\components\C6800.java	2861	create(...)
QStory_2.6.3-release-restored\sources\top\suzhelan\qstory\p015ui\components\C6800.java	3140	可以赞助一下吗,这会帮助模块开发更多功能走的更远,为你提供更多服务\n(不赞助也可以正常使用，你的支持是此模块维护的动力）\n赞助后此弹窗将不会出现
QStory_2.6.3-release-restored\sources\top\suzhelan\qstory\p015ui\components\C6800.java	3141	去赞助
QStory_2.6.3-release-restored\sources\top\suzhelan\qstory\p015ui\components\C6801.java	1293	<unused var>
QStory_2.6.3-release-restored\sources\top\suzhelan\qstory\p015ui\components\C6803.java	2981	CN(it)214@10668L26:LazyDsl.kt#428nma
QStory_2.6.3-release-restored\sources\top\suzhelan\qstory\p015ui\components\C6803.java	2983	CN(index,entry):SettingListContent.kt#ndgvs9
QStory_2.6.3-release-restored\sources\top\suzhelan\qstory\p015ui\components\C6803.java	2984	122@5077L469
QStory_2.6.3-release-restored\sources\top\suzhelan\qstory\p015ui\components\C6803.java	2985	148@6084L32,136@5597L537
QStory_2.6.3-release-restored\sources\top\suzhelan\qstory\p015ui\components\C6803.java	2986	CC(remember):SettingListContent.kt#9igjgp
QStory_2.6.3-release-restored\sources\top\suzhelan\qstory\p015ui\components\C6803.java	2987	151@6184L568
QStory_2.6.3-release-restored\sources\top\suzhelan\qstory\p015ui\components\C6803.java	2988	167@6799L513
QStory_2.6.3-release-restored\sources\top\suzhelan\qstory\p015ui\components\C6804.java	3029	CN(it)178@8834L22:LazyDsl.kt#428nma
QStory_2.6.3-release-restored\sources\top\suzhelan\qstory\p015ui\components\C6804.java	3031	CN(result)*201@8207L28,199@8106L155:SettingSearchDialog.kt#ndgvs9
QStory_2.6.3-release-restored\sources\top\suzhelan\qstory\p015ui\components\C6804.java	3032	CC(remember):SettingSearchDialog.kt#9igjgp
QStory_2.6.3-release-restored\sources\top\suzhelan\qstory\p015ui\components\C6807.java	3051	$this$FlowRow
QStory_2.6.3-release-restored\sources\top\suzhelan\qstory\p015ui\components\C6807.java	3052	C*172@6977L38,176@7220L20,177@7285L37,170@6884L542:SettingSearchDialog.kt#ndgvs9
QStory_2.6.3-release-restored\sources\top\suzhelan\qstory\p015ui\components\C6807.java	3181	C(<get-QStorySettingSearchHistoryTagTextColor>)169@5350L7:Color.kt#avp4iw
QStory_2.6.3-release-restored\sources\top\suzhelan\qstory\p015ui\components\C6807.java	2961	CC(<get-current>):CompositionLocal.kt#9igjgp
QStory_2.6.3-release-restored\sources\top\suzhelan\qstory\p015ui\components\C6807.java	3032	CC(remember):SettingSearchDialog.kt#9igjgp
QStory_2.6.3-release-restored\sources\top\suzhelan\qstory\p015ui\components\SettingListContentKt$SettingListContent$1$1.java	1261	call to 'resume' before 'invoke' with coroutine
QStory_2.6.3-release-restored\sources\top\suzhelan\qstory\p015ui\components\SettingListContentKt$SettingListContent$1$1.java	1261	call to 'resume' before 'invoke' with coroutine
QStory_2.6.3-release-restored\sources\top\suzhelan\qstory\p015ui\components\SettingSearchDialogKt$SettingSearchDialog$1$1.java	1261	call to 'resume' before 'invoke' with coroutine
QStory_2.6.3-release-restored\sources\top\suzhelan\qstory\p015ui\viewmodel\SettingPageTransitionDirection.java	3234	Backward
QStory_2.6.3-release-restored\sources\top\suzhelan\qstory\p015ui\views\CustomRecycleView.java	2720	onClickStart
QStory_2.6.3-release-restored\sources\top\suzhelan\qstory\p015ui\views\CustomRecycleView.java	2721	onClickEnd
QStory_2.6.3-release-restored\sources\top\suzhelan\qstory\hook\api\C6640.java	1556	com.tencent.qqnt.kernel.nativeinterface.IQQNTWrapperSession$CppProxy
QStory_2.6.3-release-restored\sources\top\suzhelan\qstory\hook\api\C6640.java	1557	com.tencent.qqnt.kernel.nativeinterface.PushExtraInfo
QStory_2.6.3-release-restored\sources\top\suzhelan\qstory\hook\api\C6640.java	1558	onMsfPush
QStory_2.6.3-release-restored\sources\top\suzhelan\qstory\hook\api\C6641.java	1257	classLoader
QStory_2.6.3-release-restored\sources\top\suzhelan\qstory\hook\api\C6641.java	122	com.tencent.mobileqq.app.QQAppInterface
QStory_2.6.3-release-restored\sources\top\suzhelan\qstory\hook\api\C6641.java	1555	getDeclaredMethods(...)
QStory_2.6.3-release-restored\sources\top\suzhelan\qstory\hook\api\C6641.java	73	onCreate
QStory_2.6.3-release-restored\sources\top\suzhelan\qstory\hook\api\C6642.java	1553	getAllRunningPluginLoader(...)
QStory_2.6.3-release-restored\sources\top\suzhelan\qstory\hook\api\C6642.java	1554	[QStory] 已切换QQ账号 请重新开启脚本 防止脚本开启状态混乱
QStory_2.6.3-release-restored\sources\top\suzhelan\qstory\hook\api\C6642.java	1796	bubbleId
QStory_2.6.3-release-restored\sources\top\suzhelan\qstory\hook\api\C6642.java	1797	subBubbleId
QStory_2.6.3-release-restored\sources\top\suzhelan\qstory\hook\api\C6642.java	1866	null cannot be cast to non-null type kotlin.Int
QStory_2.6.3-release-restored\sources\top\suzhelan\qstory\hook\api\C6642.java	2077	str_file_name='([^']*)'
QStory_2.6.3-release-restored\sources\top\suzhelan\qstory\hook\api\C6642.java	2078	uint32_download_times=(\d+)
QStory_2.6.3-release-restored\sources\top\suzhelan\qstory\hook\api\C6642.java	1985	getDeclaredFields(...)
QStory_2.6.3-release-restored\sources\top\suzhelan\qstory\hook\api\C6642.java	2079	 (下载数：
QStory_2.6.3-release-restored\sources\top\suzhelan\qstory\hook\api\C6642.java	1820	getName(...)
QStory_2.6.3-release-restored\sources\top\suzhelan\qstory\hook\api\C6642.java	2219	MultiForwardActivity
QStory_2.6.3-release-restored\sources\top\suzhelan\qstory\hook\api\C6642.java	1866	null cannot be cast to non-null type kotlin.Int
QStory_2.6.3-release-restored\sources\top\suzhelan\qstory\hook\api\C6642.java	2220	createScaledBitmap(...)
QStory_2.6.3-release-restored\sources\top\suzhelan\qstory\hook\api\C6642.java	2206	doubleClick
QStory_2.6.3-release-restored\sources\top\suzhelan\qstory\hook\api\C6642.java	164	getMsgRecord
QStory_2.6.3-release-restored\sources\top\suzhelan\qstory\hook\api\C6642.java	1909	msgRecord
QStory_2.6.3-release-restored\sources\top\suzhelan\qstory\hook\api\C6642.java	2221	该消息不支持复读
QStory_2.6.3-release-restored\sources\top\suzhelan\qstory\hook\api\C6642.java	2239	已退出该群
QStory_2.6.3-release-restored\sources\top\suzhelan\qstory\hook\api\C6642.java	81	com.tencent.mobileqq.setting.processor
QStory_2.6.3-release-restored\sources\top\suzhelan\qstory\hook\api\C6642.java	80	kotlin.jvm.functions.Function0
QStory_2.6.3-release-restored\sources\top\suzhelan\qstory\hook\api\C6642.java	329	getHostView
QStory_2.6.3-release-restored\sources\top\suzhelan\qstory\hook\api\C6642.java	160	com.tencent.mobileqq.aio.msg.AIOMsgItem
QStory_2.6.3-release-restored\sources\top\suzhelan\qstory\hook\api\C6642.java	164	getMsgRecord
QStory_2.6.3-release-restored\sources\top\suzhelan\qstory\hook\api\C6642.java	152	elements
QStory_2.6.3-release-restored\sources\top\suzhelan\qstory\hook\api\C6642.java	338	elementType
QStory_2.6.3-release-restored\sources\top\suzhelan\qstory\hook\api\C6642.java	1141	onSensorChanged
QStory_2.6.3-release-restored\sources\top\suzhelan\qstory\hook\api\C6642.java	1918	null cannot be cast to non-null type android.content.Intent
QStory_2.6.3-release-restored\sources\top\suzhelan\qstory\hook\api\C6642.java	1918	null cannot be cast to non-null type android.content.Intent
QStory_2.6.3-release-restored\sources\top\suzhelan\qstory\hook\api\C6642.java	1322	toLowerCase(...)
QStory_2.6.3-release-restored\sources\top\suzhelan\qstory\hook\api\C6642.java	1901	substring(...)
QStory_2.6.3-release-restored\sources\top\suzhelan\qstory\hook\api\C6642.java	1901	substring(...)
QStory_2.6.3-release-restored\sources\top\suzhelan\qstory\hook\api\C6642.java	1901	substring(...)
QStory_2.6.3-release-restored\sources\top\suzhelan\qstory\hook\api\C6642.java	1322	toLowerCase(...)
QStory_2.6.3-release-restored\sources\top\suzhelan\qstory\hook\api\C6642.java	398	tenpay.com
QStory_2.6.3-release-restored\sources\top\suzhelan\qstory\hook\api\C6642.java	1928	meeting.tencent.com
QStory_2.6.3-release-restored\sources\top\suzhelan\qstory\hook\api\C6642.java	1929	qq-web.cdn-go.cn
QStory_2.6.3-release-restored\sources\top\suzhelan\qstory\hook\api\C6642.java	1926	QQBrowserActivity
QStory_2.6.3-release-restored\sources\top\suzhelan\qstory\hook\api\C6642.java	883	https://
QStory_2.6.3-release-restored\sources\top\suzhelan\qstory\hook\api\C6642.java	1927	from_fqb
QStory_2.6.3-release-restored\sources\top\suzhelan\qstory\hook\api\C6642.java	1923	startActivity
QStory_2.6.3-release-restored\sources\top\suzhelan\qstory\hook\api\C6642.java	1985	getDeclaredFields(...)
QStory_2.6.3-release-restored\sources\top\suzhelan\qstory\hook\api\C6642.java	1543	null cannot be cast to non-null type android.view.View
QStory_2.6.3-release-restored\sources\top\suzhelan\qstory\hook\api\C6642.java	2090	 下载次数:
QStory_2.6.3-release-restored\sources\top\suzhelan\qstory\hook\api\C6642.java	2094	mViewContainer
QStory_2.6.3-release-restored\sources\top\suzhelan\qstory\hook\api\C6642.java	2094	mViewContainer
QStory_2.6.3-release-restored\sources\top\suzhelan\qstory\hook\api\C6642.java	311	trpc.msg.olpush.OlPushService.MsgPush
QStory_2.6.3-release-restored\sources\top\suzhelan\qstory\hook\api\C6642.java	310	serviceCmd
QStory_2.6.3-release-restored\sources\top\suzhelan\qstory\hook\api\C6642.java	312	wupBuffer
QStory_2.6.3-release-restored\sources\top\suzhelan\qstory\hook\api\C6643.java	1547	MsgViewIdAdapter
QStory_2.6.3-release-restored\sources\top\suzhelan\qstory\hook\api\C6643.java	160	com.tencent.mobileqq.aio.msg.AIOMsgItem
QStory_2.6.3-release-restored\sources\top\suzhelan\qstory\hook\api\C6643.java	164	getMsgRecord
QStory_2.6.3-release-restored\sources\top\suzhelan\qstory\hook\api\C6643.java	152	elements
QStory_2.6.3-release-restored\sources\top\suzhelan\qstory\hook\api\C6643.java	1253	iterator(...)
QStory_2.6.3-release-restored\sources\top\suzhelan\qstory\hook\api\C6643.java	1254	next(...)
QStory_2.6.3-release-restored\sources\top\suzhelan\qstory\hook\api\C6643.java	338	elementType
QStory_2.6.3-release-restored\sources\top\suzhelan\qstory\hook\api\C6643.java	1257	classLoader
QStory_2.6.3-release-restored\sources\top\suzhelan\qstory\hook\api\C6643.java	1548	get(...)
QStory_2.6.3-release-restored\sources\top\suzhelan\qstory\hook\api\C6643.java	326	com.tencent.mobileqq.aio.msglist.holder.AIOBubbleMsgItemVB
QStory_2.6.3-release-restored\sources\top\suzhelan\qstory\hook\api\C6643.java	1550	handleUIState
QStory_2.6.3-release-restored\sources\top\suzhelan\qstory\hook\api\C6643.java	1551	com.tencent.mvi.base.mvi.MviUIState
QStory_2.6.3-release-restored\sources\top\suzhelan\qstory\hook\api\C6643.java	326	com.tencent.mobileqq.aio.msglist.holder.AIOBubbleMsgItemVB
QStory_2.6.3-release-restored\sources\top\suzhelan\qstory\hook\api\C6643.java	1549	first(...)
QStory_2.6.3-release-restored\sources\top\suzhelan\qstory\hook\api\C6643.java	1330	itemView
QStory_2.6.3-release-restored\sources\top\suzhelan\qstory\hook\api\C6643.java	341	com.tencent.qqnt.aio.holder.template.BubbleLayoutCompatPress
QStory_2.6.3-release-restored\sources\top\suzhelan\qstory\hook\api\C6643.java	1548	get(...)
QStory_2.6.3-release-restored\sources\top\suzhelan\qstory\hook\api\C6643.java	1552	[QStory]已对MsgView进行适配,建议重启一次QQ
QStory_2.6.3-release-restored\sources\top\suzhelan\qstory\hook\api\C6646.java	1562	hookItem
QStory_2.6.3-release-restored\sources\top\suzhelan\qstory\hook\api\C6646.java	1566	onMsgListener
QStory_2.6.3-release-restored\sources\top\suzhelan\qstory\hook\api\C6646.java	1567	OnMsgItem(hookItem=
QStory_2.6.3-release-restored\sources\top\suzhelan\qstory\hook\api\C6646.java	1568	, onMsgListener=
QStory_2.6.3-release-restored\sources\top\suzhelan\qstory\hook\api\C6647.java	1569	newCachedThreadPool(...)
QStory_2.6.3-release-restored\sources\top\suzhelan\qstory\hook\api\C6647.java	1257	classLoader
QStory_2.6.3-release-restored\sources\top\suzhelan\qstory\hook\api\C6647.java	1570	com.tencent.qqnt.msg.MsgService$a
QStory_2.6.3-release-restored\sources\top\suzhelan\qstory\hook\api\C6647.java	1571	com.tencent.qqnt.msg.MsgService$d
QStory_2.6.3-release-restored\sources\top\suzhelan\qstory\hook\api\C6647.java	1572	com.tencent.qqnt.kernel.api.impl.MsgService$b
QStory_2.6.3-release-restored\sources\top\suzhelan\qstory\hook\api\C6647.java	1573	com.tencent.qqnt.kernel.api.impl.MsgService$d
QStory_2.6.3-release-restored\sources\top\suzhelan\qstory\hook\api\C6647.java	1574	com.tencent.qqnt.msg.MsgService$c
QStory_2.6.3-release-restored\sources\top\suzhelan\qstory\hook\api\C6647.java	1575	onRecvMsg
QStory_2.6.3-release-restored\sources\top\suzhelan\qstory\hook\api\C6647.java	1540	null cannot be cast to non-null type java.util.ArrayList<kotlin.Any>
QStory_2.6.3-release-restored\sources\top\suzhelan\qstory\hook\api\C6647.java	1548	get(...)
QStory_2.6.3-release-restored\sources\top\suzhelan\qstory\hook\api\C6647.java	1253	iterator(...)
QStory_2.6.3-release-restored\sources\top\suzhelan\qstory\hook\api\C6647.java	1254	next(...)
QStory_2.6.3-release-restored\sources\top\suzhelan\qstory\hook\api\C6647.java	1253	iterator(...)
QStory_2.6.3-release-restored\sources\top\suzhelan\qstory\hook\api\C6647.java	1254	next(...)
QStory_2.6.3-release-restored\sources\top\suzhelan\qstory\hook\api\C6647.java	1540	null cannot be cast to non-null type java.util.ArrayList<kotlin.Any>
QStory_2.6.3-release-restored\sources\top\suzhelan\qstory\hook\api\C6647.java	1548	get(...)
QStory_2.6.3-release-restored\sources\top\suzhelan\qstory\hook\api\C6647.java	1577	sendStatus
QStory_2.6.3-release-restored\sources\top\suzhelan\qstory\hook\api\C6647.java	1578	isOnlineMsg
QStory_2.6.3-release-restored\sources\top\suzhelan\qstory\hook\api\C6647.java	483	senderUin
QStory_2.6.3-release-restored\sources\top\suzhelan\qstory\hook\api\C6647.java	1253	iterator(...)
QStory_2.6.3-release-restored\sources\top\suzhelan\qstory\hook\api\C6647.java	1253	iterator(...)
QStory_2.6.3-release-restored\sources\top\suzhelan\qstory\hook\api\C6647.java	1254	next(...)
QStory_2.6.3-release-restored\sources\top\suzhelan\qstory\hook\api\C6647.java	1254	next(...)
QStory_2.6.3-release-restored\sources\top\suzhelan\qstory\hook\api\C6647.java	1576	onMsgInfoListUpdate
QStory_2.6.3-release-restored\sources\top\suzhelan\qstory\hook\api\C6647.java	1540	null cannot be cast to non-null type java.util.ArrayList<kotlin.Any>
QStory_2.6.3-release-restored\sources\top\suzhelan\qstory\hook\api\C6647.java	1548	get(...)
QStory_2.6.3-release-restored\sources\top\suzhelan\qstory\hook\api\C6647.java	1253	iterator(...)
QStory_2.6.3-release-restored\sources\top\suzhelan\qstory\hook\api\C6647.java	1254	next(...)
QStory_2.6.3-release-restored\sources\top\suzhelan\qstory\hook\api\C6647.java	1253	iterator(...)
QStory_2.6.3-release-restored\sources\top\suzhelan\qstory\hook\api\C6647.java	1254	next(...)
QStory_2.6.3-release-restored\sources\top\suzhelan\qstory\hook\api\C6647.java	1540	null cannot be cast to non-null type java.util.ArrayList<kotlin.Any>
QStory_2.6.3-release-restored\sources\top\suzhelan\qstory\hook\api\C6647.java	1548	get(...)
QStory_2.6.3-release-restored\sources\top\suzhelan\qstory\hook\api\C6647.java	1577	sendStatus
QStory_2.6.3-release-restored\sources\top\suzhelan\qstory\hook\api\C6647.java	1578	isOnlineMsg
QStory_2.6.3-release-restored\sources\top\suzhelan\qstory\hook\api\C6647.java	483	senderUin
QStory_2.6.3-release-restored\sources\top\suzhelan\qstory\hook\api\C6647.java	1253	iterator(...)
QStory_2.6.3-release-restored\sources\top\suzhelan\qstory\hook\api\C6647.java	1253	iterator(...)
QStory_2.6.3-release-restored\sources\top\suzhelan\qstory\hook\api\C6647.java	1254	next(...)
QStory_2.6.3-release-restored\sources\top\suzhelan\qstory\hook\api\C6647.java	1254	next(...)
QStory_2.6.3-release-restored\sources\top\suzhelan\qstory\hook\api\C6648.java	329	getHostView
QStory_2.6.3-release-restored\sources\top\suzhelan\qstory\hook\api\C6648.java	160	com.tencent.mobileqq.aio.msg.AIOMsgItem
QStory_2.6.3-release-restored\sources\top\suzhelan\qstory\hook\api\C6648.java	164	getMsgRecord
QStory_2.6.3-release-restored\sources\top\suzhelan\qstory\hook\api\C6648.java	1254	next(...)
QStory_2.6.3-release-restored\sources\top\suzhelan\qstory\hook\api\C6648.java	1564	<get-key>(...)
QStory_2.6.3-release-restored\sources\top\suzhelan\qstory\hook\api\C6648.java	1565	<get-value>(...)
QStory_2.6.3-release-restored\sources\top\suzhelan\qstory\hook\api\C6648.java	1257	classLoader
QStory_2.6.3-release-restored\sources\top\suzhelan\qstory\hook\api\C6648.java	326	com.tencent.mobileqq.aio.msglist.holder.AIOBubbleMsgItemVB
QStory_2.6.3-release-restored\sources\top\suzhelan\qstory\hook\api\C6648.java	1550	handleUIState
QStory_2.6.3-release-restored\sources\top\suzhelan\qstory\hook\api\C6648.java	1551	com.tencent.mvi.base.mvi.MviUIState
QStory_2.6.3-release-restored\sources\top\suzhelan\qstory\hook\api\C6648.java	326	com.tencent.mobileqq.aio.msglist.holder.AIOBubbleMsgItemVB
QStory_2.6.3-release-restored\sources\top\suzhelan\qstory\hook\api\C6648.java	1549	first(...)
QStory_2.6.3-release-restored\sources\top\suzhelan\qstory\hook\api\C6651.java	1566	onMsgListener
QStory_2.6.3-release-restored\sources\top\suzhelan\qstory\hook\api\OnAccountChangeApi$loadHook$1.java	1261	call to 'resume' before 'invoke' with coroutine
QStory_2.6.3-release-restored\sources\top\suzhelan\qstory\hook\item\C6706.java	1938	com.tencent.mobileqq.newfriend.ui.builder.NewFriendBindContactGuideBuilderV3
QStory_2.6.3-release-restored\sources\top\suzhelan\qstory\hook\item\C6706.java	1937	隐藏新朋友列表中的通讯录推荐卡片
QStory_2.6.3-release-restored\sources\top\suzhelan\qstory\hook\item\C6707.java	1939	送礼物
QStory_2.6.3-release-restored\sources\top\suzhelan\qstory\hook\item\C6708.java	1257	classLoader
QStory_2.6.3-release-restored\sources\top\suzhelan\qstory\hook\item\C6708.java	873	com.tencent.qqnt.kernel.nativeinterface.MsgRecord
QStory_2.6.3-release-restored\sources\top\suzhelan\qstory\hook\item\C6708.java	160	com.tencent.mobileqq.aio.msg.AIOMsgItem
QStory_2.6.3-release-restored\sources\top\suzhelan\qstory\hook\item\C6708.java	164	getMsgRecord
QStory_2.6.3-release-restored\sources\top\suzhelan\qstory\hook\item\C6708.java	1917	subMsgType
QStory_2.6.3-release-restored\sources\top\suzhelan\qstory\hook\item\C6708.java	1917	subMsgType
QStory_2.6.3-release-restored\sources\top\suzhelan\qstory\hook\item\C6708.java	1866	null cannot be cast to non-null type kotlin.Int
QStory_2.6.3-release-restored\sources\top\suzhelan\qstory\hook\item\C6708.java	1911	getSubMsgType
QStory_2.6.3-release-restored\sources\top\suzhelan\qstory\hook\item\C6708.java	1917	subMsgType
QStory_2.6.3-release-restored\sources\top\suzhelan\qstory\hook\item\C6708.java	1917	subMsgType
QStory_2.6.3-release-restored\sources\top\suzhelan\qstory\hook\item\C6708.java	1866	null cannot be cast to non-null type kotlin.Int
QStory_2.6.3-release-restored\sources\top\suzhelan\qstory\hook\item\C6708.java	1910	适配QQNT,开启后会导致聊天界面严重掉帧
QStory_2.6.3-release-restored\sources\top\suzhelan\qstory\hook\item\C6709.java	1908	msgItemView
QStory_2.6.3-release-restored\sources\top\suzhelan\qstory\hook\item\C6709.java	1909	msgRecord
QStory_2.6.3-release-restored\sources\top\suzhelan\qstory\hook\item\C6709.java	1912	androidx.constraintlayout.widget.ConstraintLayout$LayoutParams
QStory_2.6.3-release-restored\sources\top\suzhelan\qstory\hook\item\C6709.java	1913	null cannot be cast to non-null type android.view.ViewGroup.LayoutParams
QStory_2.6.3-release-restored\sources\top\suzhelan\qstory\hook\item\C6709.java	1914	startToStart
QStory_2.6.3-release-restored\sources\top\suzhelan\qstory\hook\item\C6709.java	1915	endToEnd
QStory_2.6.3-release-restored\sources\top\suzhelan\qstory\hook\item\C6709.java	1916	topToTop
QStory_2.6.3-release-restored\sources\top\suzhelan\qstory\hook\item\C6709.java	1908	msgItemView
QStory_2.6.3-release-restored\sources\top\suzhelan\qstory\hook\item\C6709.java	1909	msgRecord
QStory_2.6.3-release-restored\sources\top\suzhelan\qstory\hook\item\C6709.java	125	chatType
QStory_2.6.3-release-restored\sources\top\suzhelan\qstory\hook\item\C6709.java	1588	getField(...)
QStory_2.6.3-release-restored\sources\top\suzhelan\qstory\hook\item\C6709.java	1413	Check failed.
QStory_2.6.3-release-restored\sources\top\suzhelan\qstory\hook\item\C6709.java	1908	msgItemView
QStory_2.6.3-release-restored\sources\top\suzhelan\qstory\hook\item\C6709.java	1909	msgRecord
QStory_2.6.3-release-restored\sources\top\suzhelan\qstory\hook\item\C6709.java	483	senderUin
QStory_2.6.3-release-restored\sources\top\suzhelan\qstory\hook\item\C6709.java	2207	getCurrentContact(...)
QStory_2.6.3-release-restored\sources\top\suzhelan\qstory\hook\item\C6709.java	1866	null cannot be cast to non-null type kotlin.Int
QStory_2.6.3-release-restored\sources\top\suzhelan\qstory\hook\item\C6709.java	1912	androidx.constraintlayout.widget.ConstraintLayout$LayoutParams
QStory_2.6.3-release-restored\sources\top\suzhelan\qstory\hook\item\C6709.java	1913	null cannot be cast to non-null type android.view.ViewGroup.LayoutParams
QStory_2.6.3-release-restored\sources\top\suzhelan\qstory\hook\item\C6709.java	1916	topToTop
QStory_2.6.3-release-restored\sources\top\suzhelan\qstory\hook\item\C6709.java	2208	bottomToBottom
QStory_2.6.3-release-restored\sources\top\suzhelan\qstory\hook\item\C6709.java	2209	endToStart
QStory_2.6.3-release-restored\sources\top\suzhelan\qstory\hook\item\C6709.java	2210	startToEnd
QStory_2.6.3-release-restored\sources\top\suzhelan\qstory\hook\item\C6709.java	1908	msgItemView
QStory_2.6.3-release-restored\sources\top\suzhelan\qstory\hook\item\C6709.java	1909	msgRecord
QStory_2.6.3-release-restored\sources\top\suzhelan\qstory\hook\item\C6709.java	837	HH:mm:ss
QStory_2.6.3-release-restored\sources\top\suzhelan\qstory\hook\item\C6709.java	1912	androidx.constraintlayout.widget.ConstraintLayout$LayoutParams
QStory_2.6.3-release-restored\sources\top\suzhelan\qstory\hook\item\C6709.java	1913	null cannot be cast to non-null type android.view.ViewGroup.LayoutParams
QStory_2.6.3-release-restored\sources\top\suzhelan\qstory\hook\item\C6709.java	2208	bottomToBottom
QStory_2.6.3-release-restored\sources\top\suzhelan\qstory\hook\item\C6709.java	1915	endToEnd
QStory_2.6.3-release-restored\sources\top\suzhelan\qstory\hook\item\C6709.java	2236	bottomMargin
QStory_2.6.3-release-restored\sources\top\suzhelan\qstory\hook\item\C6710.java	1257	classLoader
QStory_2.6.3-release-restored\sources\top\suzhelan\qstory\hook\item\C6710.java	1931	com.tencent.qqnt.kernel.nativeinterface.XmlElement
QStory_2.6.3-release-restored\sources\top\suzhelan\qstory\hook\item\C6710.java	1932	getMembers
QStory_2.6.3-release-restored\sources\top\suzhelan\qstory\hook\item\C6710.java	1933	getDeclaredMethod(...)
QStory_2.6.3-release-restored\sources\top\suzhelan\qstory\hook\item\C6710.java	1934	com.tencent.qqnt.kernelpublic.nativeinterface.JsonGrayElement
QStory_2.6.3-release-restored\sources\top\suzhelan\qstory\hook\item\C6710.java	1935	com.tencent.qqnt.kernelpublic.nativeinterface.XmlToJsonParam
QStory_2.6.3-release-restored\sources\top\suzhelan\qstory\hook\item\C6710.java	1936	findConstructor(...)
QStory_2.6.3-release-restored\sources\top\suzhelan\qstory\hook\item\C6710.java	1930	比如打卡,撤回,戳一戳
QStory_2.6.3-release-restored\sources\top\suzhelan\qstory\hook\item\C6711.java	1919	lin.xposed.hook.item.browser.EXTRA_BYPASS_FQB_HOOK
QStory_2.6.3-release-restored\sources\top\suzhelan\qstory\hook\item\C6711.java	1920	^(https?|ftp)://[^\s/$.?#].[^\s]*$|^www\.[^.]+\.[^.]+$|^[^.]+\.[^.]+$
QStory_2.6.3-release-restored\sources\top\suzhelan\qstory\hook\item\C6711.java	1922	android.content.ContextWrapper
QStory_2.6.3-release-restored\sources\top\suzhelan\qstory\hook\item\C6711.java	1923	startActivity
QStory_2.6.3-release-restored\sources\top\suzhelan\qstory\hook\item\C6711.java	1922	android.content.ContextWrapper
QStory_2.6.3-release-restored\sources\top\suzhelan\qstory\hook\item\C6711.java	1924	startActivityForResult
QStory_2.6.3-release-restored\sources\top\suzhelan\qstory\hook\item\C6711.java	1925	android.app.Activity
QStory_2.6.3-release-restored\sources\top\suzhelan\qstory\hook\item\C6711.java	1923	startActivity
QStory_2.6.3-release-restored\sources\top\suzhelan\qstory\hook\item\C6711.java	1925	android.app.Activity
QStory_2.6.3-release-restored\sources\top\suzhelan\qstory\hook\item\C6711.java	1924	startActivityForResult
QStory_2.6.3-release-restored\sources\top\suzhelan\qstory\hook\item\C6711.java	1921	致敬 经典模块:去你大爷的QQ浏览器
QStory_2.6.3-release-restored\sources\top\suzhelan\qstory\hook\item\C6712.java	1893	sendLocalFileMethod
QStory_2.6.3-release-restored\sources\top\suzhelan\qstory\hook\item\C6712.java	1900	^base(\([0-9]+\))?.apk$
QStory_2.6.3-release-restored\sources\top\suzhelan\qstory\hook\item\C6712.java	1901	substring(...)
QStory_2.6.3-release-restored\sources\top\suzhelan\qstory\hook\item\C6712.java	1901	substring(...)
QStory_2.6.3-release-restored\sources\top\suzhelan\qstory\hook\item\C6712.java	593	filePath
QStory_2.6.3-release-restored\sources\top\suzhelan\qstory\hook\item\C6712.java	1902	%n_%v.APK
QStory_2.6.3-release-restored\sources\top\suzhelan\qstory\hook\item\C6712.java	1903	packageName
QStory_2.6.3-release-restored\sources\top\suzhelan\qstory\hook\item\C6712.java	1904	base.APK
QStory_2.6.3-release-restored\sources\top\suzhelan\qstory\hook\item\C6712.java	1257	classLoader
QStory_2.6.3-release-restored\sources\top\suzhelan\qstory\hook\item\C6712.java	1895	sendLocalFileMethod is null
QStory_2.6.3-release-restored\sources\top\suzhelan\qstory\hook\item\C6712.java	1896	com.tencent.mobileqq.troop.utils.Item
QStory_2.6.3-release-restored\sources\top\suzhelan\qstory\hook\item\C6712.java	1897	com.tencent.mobileqq.troop.utils.TroopFileTransferManager$Item
QStory_2.6.3-release-restored\sources\top\suzhelan\qstory\hook\item\C6712.java	1898	com.tencent.mobileqq.troop.filemanager.TroopFileTransferMgr
QStory_2.6.3-release-restored\sources\top\suzhelan\qstory\hook\item\C6712.java	1894	上传文件时重命名base.apk\n以及将上传时的.apk重命名为.APK 防止QQ在服务器将.apk变成.apk.1
QStory_2.6.3-release-restored\sources\top\suzhelan\qstory\hook\item\C6712.java	1899	sendLocalFileToNt strFilePath:
QStory_2.6.3-release-restored\sources\top\suzhelan\qstory\hook\item\C6714.java	1884	sizeIndex
QStory_2.6.3-release-restored\sources\top\suzhelan\qstory\hook\item\C6714.java	1887	已设置为: 
QStory_2.6.3-release-restored\sources\top\suzhelan\qstory\hook\item\C6714.java	1884	sizeIndex
QStory_2.6.3-release-restored\sources\top\suzhelan\qstory\hook\item\C6714.java	125	chatType
QStory_2.6.3-release-restored\sources\top\suzhelan\qstory\hook\item\C6714.java	1253	iterator(...)
QStory_2.6.3-release-restored\sources\top\suzhelan\qstory\hook\item\C6714.java	889	com.tencent.qqnt.kernel.nativeinterface.MsgElement
QStory_2.6.3-release-restored\sources\top\suzhelan\qstory\hook\item\C6714.java	1885	com.tencent.qqnt.kernelpublic.nativeinterface.MsgElement
QStory_2.6.3-release-restored\sources\top\suzhelan\qstory\hook\item\C6714.java	140	getPicElement
QStory_2.6.3-release-restored\sources\top\suzhelan\qstory\hook\item\C6714.java	1886	picSubType
QStory_2.6.3-release-restored\sources\top\suzhelan\qstory\hook\item\C6714.java	1139	picWidth
QStory_2.6.3-release-restored\sources\top\suzhelan\qstory\hook\item\C6714.java	1138	picHeight
QStory_2.6.3-release-restored\sources\top\suzhelan\qstory\hook\item\C6714.java	1139	picWidth
QStory_2.6.3-release-restored\sources\top\suzhelan\qstory\hook\item\C6714.java	1138	picHeight
QStory_2.6.3-release-restored\sources\top\suzhelan\qstory\hook\item\C6714.java	1139	picWidth
QStory_2.6.3-release-restored\sources\top\suzhelan\qstory\hook\item\C6714.java	1138	picHeight
QStory_2.6.3-release-restored\sources\top\suzhelan\qstory\hook\item\C6714.java	1139	picWidth
QStory_2.6.3-release-restored\sources\top\suzhelan\qstory\hook\item\C6714.java	1138	picHeight
QStory_2.6.3-release-restored\sources\top\suzhelan\qstory\hook\item\C6715.java	1877	isInMultiWindowMode
QStory_2.6.3-release-restored\sources\top\suzhelan\qstory\hook\item\C6715.java	1876	分屏模式下也能正常使用扫码、相机等被限制的功能
QStory_2.6.3-release-restored\sources\top\suzhelan\qstory\hook\item\C6716.java	1888	qqfav.apk
QStory_2.6.3-release-restored\sources\top\suzhelan\qstory\hook\item\C6716.java	1257	classLoader
QStory_2.6.3-release-restored\sources\top\suzhelan\qstory\hook\item\C6716.java	1890	Lcom/qqfav/activity/BaseDetailActivity;->onCreate(Landroid/os/Bundle;)V
QStory_2.6.3-release-restored\sources\top\suzhelan\qstory\hook\item\C6716.java	1889	回忆之所以美丽 是因为谁都回不去,目前支持纯文字收藏详情
QStory_2.6.3-release-restored\sources\top\suzhelan\qstory\hook\item\C6717.java	1878	FakePicSize
QStory_2.6.3-release-restored\sources\top\suzhelan\qstory\hook\item\C6717.java	133	com.tencent.qqnt.kernel.nativeinterface.Contact
QStory_2.6.3-release-restored\sources\top\suzhelan\qstory\hook\item\C6717.java	1880	com.tencent.qqnt.kernelpublic.nativeinterface.Contact
QStory_2.6.3-release-restored\sources\top\suzhelan\qstory\hook\item\C6717.java	136	com.tencent.qqnt.kernel.nativeinterface.IOperateCallback
QStory_2.6.3-release-restored\sources\top\suzhelan\qstory\hook\item\C6717.java	1881	com.tencent.qqnt.kernelpublic.nativeinterface.IOperateCallback
QStory_2.6.3-release-restored\sources\top\suzhelan\qstory\hook\item\C6717.java	137	com.tencent.qqnt.kernel.nativeinterface.IKernelMsgService$CppProxy
QStory_2.6.3-release-restored\sources\top\suzhelan\qstory\hook\item\C6717.java	1882	com.tencent.qqnt.kernelpublic.nativeinterface.IKernelMsgService$CppProxy
QStory_2.6.3-release-restored\sources\top\suzhelan\qstory\hook\item\C6717.java	1884	sizeIndex
QStory_2.6.3-release-restored\sources\top\suzhelan\qstory\hook\item\C6717.java	1879	点击设置图片显示大小
QStory_2.6.3-release-restored\sources\top\suzhelan\qstory\hook\item\C6719.java	1257	classLoader
QStory_2.6.3-release-restored\sources\top\suzhelan\qstory\hook\item\C6719.java	1856	com.tencent.rfix.lib.download.PatchDownloadTask
QStory_2.6.3-release-restored\sources\top\suzhelan\qstory\hook\item\C6719.java	1857	com.tencent.rfix.lib.engine.PatchEngineBase
QStory_2.6.3-release-restored\sources\top\suzhelan\qstory\hook\item\C6719.java	1858	com.tencent.rfix.lib.config.PatchConfig
QStory_2.6.3-release-restored\sources\top\suzhelan\qstory\hook\item\C6719.java	1555	getDeclaredMethods(...)
QStory_2.6.3-release-restored\sources\top\suzhelan\qstory\hook\item\C6719.java	1859	com.tencent.mobileqq.msf.core.net.patch.PatchReporter
QStory_2.6.3-release-restored\sources\top\suzhelan\qstory\hook\item\C6719.java	1555	getDeclaredMethods(...)
QStory_2.6.3-release-restored\sources\top\suzhelan\qstory\hook\item\C6719.java	1820	getName(...)
QStory_2.6.3-release-restored\sources\top\suzhelan\qstory\hook\item\C6719.java	105	重启生效
QStory_2.6.3-release-restored\sources\top\suzhelan\qstory\hook\item\C6720.java	1555	getDeclaredMethods(...)
QStory_2.6.3-release-restored\sources\top\suzhelan\qstory\hook\item\C6720.java	1852	doParseRules
QStory_2.6.3-release-restored\sources\top\suzhelan\qstory\hook\item\C6720.java	1853	parseRules
QStory_2.6.3-release-restored\sources\top\suzhelan\qstory\hook\item\C6720.java	1854	parseAnimationRules
QStory_2.6.3-release-restored\sources\top\suzhelan\qstory\hook\item\C6720.java	1855	loadRules
QStory_2.6.3-release-restored\sources\top\suzhelan\qstory\hook\item\C6720.java	1848	com.tencent.mobileqq.aio.animation.util.b
QStory_2.6.3-release-restored\sources\top\suzhelan\qstory\hook\item\C6720.java	1849	com.tencent.mobileqq.aio.animation.util.d
QStory_2.6.3-release-restored\sources\top\suzhelan\qstory\hook\item\C6720.java	1850	com.tencent.mobileqq.aio.animation.util.AioAnimationConfigHelper
QStory_2.6.3-release-restored\sources\top\suzhelan\qstory\hook\item\C6720.java	1851	com.tencent.mobileqq.activity.aio.anim.AioAnimationConfigHelper
QStory_2.6.3-release-restored\sources\top\suzhelan\qstory\hook\item\C6720.java	1847	屏蔽一些关键词触发的掉落小表情 重启生效
QStory_2.6.3-release-restored\sources\top\suzhelan\qstory\hook\item\C6721.java	1836	android.app.ActivityManager
QStory_2.6.3-release-restored\sources\top\suzhelan\qstory\hook\item\C6721.java	1837	getRunningAppProcesses
QStory_2.6.3-release-restored\sources\top\suzhelan\qstory\hook\item\C6721.java	1840	processName
QStory_2.6.3-release-restored\sources\top\suzhelan\qstory\hook\item\C6721.java	1841	android.content.Context
QStory_2.6.3-release-restored\sources\top\suzhelan\qstory\hook\item\C6721.java	1842	ACTIVITY_SERVICE
QStory_2.6.3-release-restored\sources\top\suzhelan\qstory\hook\item\C6721.java	1843	getSystemService
QStory_2.6.3-release-restored\sources\top\suzhelan\qstory\hook\item\C6721.java	1844	de.robv.android.xposed.XposedBridge
QStory_2.6.3-release-restored\sources\top\suzhelan\qstory\hook\item\C6721.java	1845	currentThread
QStory_2.6.3-release-restored\sources\top\suzhelan\qstory\hook\item\C6721.java	1846	mActivityThread
QStory_2.6.3-release-restored\sources\top\suzhelan\qstory\hook\item\C6721.java	897	getApplication
QStory_2.6.3-release-restored\sources\top\suzhelan\qstory\hook\item\C6721.java	1838	模块提醒您，此弹窗在重新启动QQ前只会展示一次。
QStory_2.6.3-release-restored\sources\top\suzhelan\qstory\hook\item\C6721.java	1257	classLoader
QStory_2.6.3-release-restored\sources\top\suzhelan\qstory\hook\item\C6721.java	1831	com.tencent.mobileqq.upgrade.ui.dialog.UpgradeActivity
QStory_2.6.3-release-restored\sources\top\suzhelan\qstory\hook\item\C6721.java	1555	getDeclaredMethods(...)
QStory_2.6.3-release-restored\sources\top\suzhelan\qstory\hook\item\C6721.java	93	doOnCreate
QStory_2.6.3-release-restored\sources\top\suzhelan\qstory\hook\item\C6721.java	1832	com.tencent.biz.qui.noticebar.view.VQUINoticeBarLayout
QStory_2.6.3-release-restored\sources\top\suzhelan\qstory\hook\item\C6721.java	1833	com.tencent.mobileqq.graycheck.business.GrayCheckHandler
QStory_2.6.3-release-restored\sources\top\suzhelan\qstory\hook\item\C6721.java	1555	getDeclaredMethods(...)
QStory_2.6.3-release-restored\sources\top\suzhelan\qstory\hook\item\C6721.java	315	com.tencent.qphone.base.remote.FromServiceMsg
QStory_2.6.3-release-restored\sources\top\suzhelan\qstory\hook\item\C6721.java	1834	com.tencent.mobileqq.dt.api.impl.DTAPIImpl
QStory_2.6.3-release-restored\sources\top\suzhelan\qstory\hook\item\C6721.java	1835	onSecDispatchToAppEvent
QStory_2.6.3-release-restored\sources\top\suzhelan\qstory\hook\item\C6721.java	1830	屏蔽版本升级弹窗、灰度版本体验弹窗、社交封禁提醒弹窗
QStory_2.6.3-release-restored\sources\top\suzhelan\qstory\hook\item\C6722.java	1828	socialError
QStory_2.6.3-release-restored\sources\top\suzhelan\qstory\hook\item\C6722.java	122	com.tencent.mobileqq.app.QQAppInterface
QStory_2.6.3-release-restored\sources\top\suzhelan\qstory\hook\item\C6722.java	1839	getCurrentUin
QStory_2.6.3-release-restored\sources\top\suzhelan\qstory\hook\item\C6722.java	1836	android.app.ActivityManager
QStory_2.6.3-release-restored\sources\top\suzhelan\qstory\hook\item\C6722.java	1837	getRunningAppProcesses
QStory_2.6.3-release-restored\sources\top\suzhelan\qstory\hook\item\C6722.java	1829	getBytes(...)
QStory_2.6.3-release-restored\sources\top\suzhelan\qstory\hook\item\C6723.java	1826	com.tencent.common.config.pad.PadUtil
QStory_2.6.3-release-restored\sources\top\suzhelan\qstory\hook\item\C6723.java	1825	需要重启生效
QStory_2.6.3-release-restored\sources\top\suzhelan\qstory\hook\item\C6723.java	1827	methodFinder
QStory_2.6.3-release-restored\sources\top\suzhelan\qstory\hook\item\C6724.java	1874	com.tencent.smtt.sdk.QbSdk
QStory_2.6.3-release-restored\sources\top\suzhelan\qstory\hook\item\C6724.java	1875	getIsSysWebViewForcedByOuter
QStory_2.6.3-release-restored\sources\top\suzhelan\qstory\hook\item\C6724.java	1873	强制QQ内置浏览器使用系统原生WebView，不加载腾讯X5内核
QStory_2.6.3-release-restored\sources\top\suzhelan\qstory\hook\item\C6725.java	1869	com.tencent.mobileqq.troop.flame.api.impl.TroopFlameApiImpl
QStory_2.6.3-release-restored\sources\top\suzhelan\qstory\hook\item\C6725.java	1870	getFlameViewDataFromPB
QStory_2.6.3-release-restored\sources\top\suzhelan\qstory\hook\item\C6725.java	1869	com.tencent.mobileqq.troop.flame.api.impl.TroopFlameApiImpl
QStory_2.6.3-release-restored\sources\top\suzhelan\qstory\hook\item\C6725.java	1872	getGroupExtFlameData
QStory_2.6.3-release-restored\sources\top\suzhelan\qstory\hook\item\C6725.java	1871	com.tencent.mobileqq.data.troop.TroopInfoExt
QStory_2.6.3-release-restored\sources\top\suzhelan\qstory\hook\item\C6725.java	1869	com.tencent.mobileqq.troop.flame.api.impl.TroopFlameApiImpl
QStory_2.6.3-release-restored\sources\top\suzhelan\qstory\hook\item\C6725.java	1872	getGroupExtFlameData
QStory_2.6.3-release-restored\sources\top\suzhelan\qstory\hook\item\C6725.java	105	重启生效
QStory_2.6.3-release-restored\sources\top\suzhelan\qstory\hook\item\C6726.java	1868	switchState
QStory_2.6.3-release-restored\sources\top\suzhelan\qstory\hook\item\C6727.java	1257	classLoader
QStory_2.6.3-release-restored\sources\top\suzhelan\qstory\hook\item\C6727.java	1867	com.tencent.aio.frame.drawer.DrawerFrameViewGroup
QStory_2.6.3-release-restored\sources\top\suzhelan\qstory\hook\item\C6727.java	1555	getDeclaredMethods(...)
QStory_2.6.3-release-restored\sources\top\suzhelan\qstory\hook\item\C6728.java	1865	com.tencent.qqperf.monitor.crash.QQCrashReportManager
QStory_2.6.3-release-restored\sources\top\suzhelan\qstory\hook\item\C6728.java	1555	getDeclaredMethods(...)
QStory_2.6.3-release-restored\sources\top\suzhelan\qstory\hook\item\C6729.java	1860	屏蔽部分关键词触发的特殊弹窗
QStory_2.6.3-release-restored\sources\top\suzhelan\qstory\hook\item\C6729.java	1863	com.tencent.mobileqq.aio.animation.pag.PagEasterEggPopManager
QStory_2.6.3-release-restored\sources\top\suzhelan\qstory\hook\item\C6729.java	1864	com.tencent.mobileqq.animation.pag.PagEasterEggPopManager
QStory_2.6.3-release-restored\sources\top\suzhelan\qstory\hook\item\C6729.java	1785	androidx.fragment.app.Fragment
QStory_2.6.3-release-restored\sources\top\suzhelan\qstory\hook\item\C6729.java	1555	getDeclaredMethods(...)
QStory_2.6.3-release-restored\sources\top\suzhelan\qstory\hook\item\C6729.java	1784	com.tencent.mobileqq.springhb.interactive.ui.InteractivePopManager
QStory_2.6.3-release-restored\sources\top\suzhelan\qstory\hook\item\C6729.java	1861	com.tencent.mobileqq.springhb.ui.InteractivePopManager
QStory_2.6.3-release-restored\sources\top\suzhelan\qstory\hook\item\C6729.java	1862	com.tencent.mobileqq.interactive.ui.InteractivePopManager
QStory_2.6.3-release-restored\sources\top\suzhelan\qstory\hook\item\C6729.java	1785	androidx.fragment.app.Fragment
QStory_2.6.3-release-restored\sources\top\suzhelan\qstory\hook\item\C6729.java	1555	getDeclaredMethods(...)
QStory_2.6.3-release-restored\sources\top\suzhelan\qstory\hook\item\C6730.java	2098	com.tencent.mobileqq.util
QStory_2.6.3-release-restored\sources\top\suzhelan\qstory\hook\item\C6730.java	2099	image illegal, size must be square.
QStory_2.6.3-release-restored\sources\top\suzhelan\qstory\hook\item\C6730.java	2100	com.tencent.mobileqq.pic.compress
QStory_2.6.3-release-restored\sources\top\suzhelan\qstory\hook\item\C6730.java	2101	JpegCompressor.compress() error
QStory_2.6.3-release-restored\sources\top\suzhelan\qstory\hook\item\C6730.java	1824	find(...)
QStory_2.6.3-release-restored\sources\top\suzhelan\qstory\hook\item\C6730.java	1257	classLoader
QStory_2.6.3-release-restored\sources\top\suzhelan\qstory\hook\item\C6730.java	2097	上传任意图片为头像时 替换为全透明头像
QStory_2.6.3-release-restored\sources\top\suzhelan\qstory\hook\item\C6731.java	2095	com.tencent.mobileqq.profilecard.component.ProfileIntimateComponent
QStory_2.6.3-release-restored\sources\top\suzhelan\qstory\hook\item\C6731.java	2096	initComponentViewContainer
QStory_2.6.3-release-restored\sources\top\suzhelan\qstory\hook\item\C6732.java	2100	com.tencent.mobileqq.pic.compress
QStory_2.6.3-release-restored\sources\top\suzhelan\qstory\hook\item\C6732.java	2109	compress.Utils
QStory_2.6.3-release-restored\sources\top\suzhelan\qstory\hook\item\C6732.java	2110	compressQualityWithBaseline()
QStory_2.6.3-release-restored\sources\top\suzhelan\qstory\hook\item\C6732.java	2111	com.tencent.mobileqq.pic.CompressInfo
QStory_2.6.3-release-restored\sources\top\suzhelan\qstory\hook\item\C6732.java	1257	classLoader
QStory_2.6.3-release-restored\sources\top\suzhelan\qstory\hook\item\C6732.java	2112	portrait
QStory_2.6.3-release-restored\sources\top\suzhelan\qstory\hook\item\C6732.java	2112	portrait
QStory_2.6.3-release-restored\sources\top\suzhelan\qstory\hook\item\C6732.java	2112	portrait
QStory_2.6.3-release-restored\sources\top\suzhelan\qstory\hook\item\C6732.java	2112	portrait
QStory_2.6.3-release-restored\sources\top\suzhelan\qstory\hook\item\C6732.java	2112	portrait
QStory_2.6.3-release-restored\sources\top\suzhelan\qstory\hook\item\C6732.java	2112	portrait
QStory_2.6.3-release-restored\sources\top\suzhelan\qstory\hook\item\C6732.java	2112	portrait
QStory_2.6.3-release-restored\sources\top\suzhelan\qstory\hook\item\C6732.java	2112	portrait
QStory_2.6.3-release-restored\sources\top\suzhelan\qstory\hook\item\C6732.java	2104	compress
QStory_2.6.3-release-restored\sources\top\suzhelan\qstory\hook\item\C6732.java	2112	portrait
QStory_2.6.3-release-restored\sources\top\suzhelan\qstory\hook\item\C6732.java	2112	portrait
QStory_2.6.3-release-restored\sources\top\suzhelan\qstory\hook\item\C6732.java	2103	可以上传自定义半透明的PNG格式头像 不要和上传全透明头像一起打开
QStory_2.6.3-release-restored\sources\top\suzhelan\qstory\hook\item\C6732.java	2105	com.tencent.mobileqq.activity.photo
QStory_2.6.3-release-restored\sources\top\suzhelan\qstory\hook\item\C6732.java	2106	StoreFileTask
QStory_2.6.3-release-restored\sources\top\suzhelan\qstory\hook\item\C6732.java	2105	com.tencent.mobileqq.activity.photo
QStory_2.6.3-release-restored\sources\top\suzhelan\qstory\hook\item\C6732.java	2107	sdcardfull
QStory_2.6.3-release-restored\sources\top\suzhelan\qstory\hook\item\C6732.java	1555	getDeclaredMethods(...)
QStory_2.6.3-release-restored\sources\top\suzhelan\qstory\hook\item\C6732.java	2108	doInBackground
QStory_2.6.3-release-restored\sources\top\suzhelan\qstory\hook\item\C6735.java	2067	com.tencent.biz.qrcode.activity.QRLoginAuthActivity
QStory_2.6.3-release-restored\sources\top\suzhelan\qstory\hook\item\C6735.java	2068	onFinish
QStory_2.6.3-release-restored\sources\top\suzhelan\qstory\hook\item\C6735.java	2065	com.tencent.mobileqq.utils.DialogUtil
QStory_2.6.3-release-restored\sources\top\suzhelan\qstory\hook\item\C6735.java	2066	createCountdownDialog
QStory_2.6.3-release-restored\sources\top\suzhelan\qstory\hook\item\C6736.java	2080	NewTarget
QStory_2.6.3-release-restored\sources\top\suzhelan\qstory\hook\item\C6736.java	2083	com.tencent.mobileqq.troop.file.data.TroopFileShowAdapter
QStory_2.6.3-release-restored\sources\top\suzhelan\qstory\hook\item\C6736.java	2084	com.tencent.mobileqq.troop.data.TroopFileShowAdapter
QStory_2.6.3-release-restored\sources\top\suzhelan\qstory\hook\item\C6736.java	2081	newTargetMethod
QStory_2.6.3-release-restored\sources\top\suzhelan\qstory\hook\item\C6736.java	2082	在群文件列表中显示文件的下载次数 全版本通用
QStory_2.6.3-release-restored\sources\top\suzhelan\qstory\hook\item\C6736.java	1792	getMethod(...)
QStory_2.6.3-release-restored\sources\top\suzhelan\qstory\hook\item\C6736.java	2089	$this$findClass
QStory_2.6.3-release-restored\sources\top\suzhelan\qstory\hook\item\C6737.java	2092	com.tencent.mobileqq.filemanager.api.impl.QFileUtilsImpl
QStory_2.6.3-release-restored\sources\top\suzhelan\qstory\hook\item\C6737.java	2093	setFileDescription
QStory_2.6.3-release-restored\sources\top\suzhelan\qstory\hook\item\C6737.java	2091	在群文件下方显示文件下载次数 仅支持 9.1.90 以下版本
QStory_2.6.3-release-restored\sources\top\suzhelan\qstory\hook\item\C6738.java	2069	android.permission.CAMERA
QStory_2.6.3-release-restored\sources\top\suzhelan\qstory\hook\item\C6738.java	2070	android.permission.RECORD_AUDIO
QStory_2.6.3-release-restored\sources\top\suzhelan\qstory\hook\item\C6738.java	1257	classLoader
QStory_2.6.3-release-restored\sources\top\suzhelan\qstory\hook\item\C6738.java	2072	checkPermission
QStory_2.6.3-release-restored\sources\top\suzhelan\qstory\hook\item\C6738.java	1559	null cannot be cast to non-null type kotlin.String
QStory_2.6.3-release-restored\sources\top\suzhelan\qstory\hook\item\C6738.java	1559	null cannot be cast to non-null type kotlin.String
QStory_2.6.3-release-restored\sources\top\suzhelan\qstory\hook\item\C6738.java	2073	checkSelfPermission
QStory_2.6.3-release-restored\sources\top\suzhelan\qstory\hook\item\C6738.java	1559	null cannot be cast to non-null type kotlin.String
QStory_2.6.3-release-restored\sources\top\suzhelan\qstory\hook\item\C6738.java	1559	null cannot be cast to non-null type kotlin.String
QStory_2.6.3-release-restored\sources\top\suzhelan\qstory\hook\item\C6738.java	2071	即时生效 开启后需要手动到应用详情页给予权限 目前仅支持伪装语音权限和拍照权限 正在完善可选与更多功能
QStory_2.6.3-release-restored\sources\top\suzhelan\qstory\hook\item\C6739.java	1257	classLoader
QStory_2.6.3-release-restored\sources\top\suzhelan\qstory\hook\item\C6739.java	2074	com.tencent.mobileqq.text.EmotcationConstants
QStory_2.6.3-release-restored\sources\top\suzhelan\qstory\hook\item\C6739.java	2075	getSingleEmoji
QStory_2.6.3-release-restored\sources\top\suzhelan\qstory\hook\item\C6739.java	2076	getDoubleEmoji
QStory_2.6.3-release-restored\sources\top\suzhelan\qstory\hook\item\C6743.java	152	elements
QStory_2.6.3-release-restored\sources\top\suzhelan\qstory\hook\item\C6743.java	338	elementType
QStory_2.6.3-release-restored\sources\top\suzhelan\qstory\hook\item\C6743.java	511	getChatType
QStory_2.6.3-release-restored\sources\top\suzhelan\qstory\hook\item\C6743.java	1081	getWalletElement
QStory_2.6.3-release-restored\sources\top\suzhelan\qstory\hook\item\C6743.java	1909	msgRecord
QStory_2.6.3-release-restored\sources\top\suzhelan\qstory\hook\item\C6743.java	152	elements
QStory_2.6.3-release-restored\sources\top\suzhelan\qstory\hook\item\C6743.java	1588	getField(...)
QStory_2.6.3-release-restored\sources\top\suzhelan\qstory\hook\item\C6743.java	1253	iterator(...)
QStory_2.6.3-release-restored\sources\top\suzhelan\qstory\hook\item\C6743.java	1254	next(...)
QStory_2.6.3-release-restored\sources\top\suzhelan\qstory\hook\item\C6743.java	338	elementType
QStory_2.6.3-release-restored\sources\top\suzhelan\qstory\hook\item\C6743.java	1588	getField(...)
QStory_2.6.3-release-restored\sources\top\suzhelan\qstory\hook\item\C6743.java	511	getChatType
QStory_2.6.3-release-restored\sources\top\suzhelan\qstory\hook\item\C6743.java	1866	null cannot be cast to non-null type kotlin.Int
QStory_2.6.3-release-restored\sources\top\suzhelan\qstory\hook\item\C6743.java	1081	getWalletElement
QStory_2.6.3-release-restored\sources\top\suzhelan\qstory\hook\item\C6743.java	483	senderUin
QStory_2.6.3-release-restored\sources\top\suzhelan\qstory\hook\item\C6743.java	511	getChatType
QStory_2.6.3-release-restored\sources\top\suzhelan\qstory\hook\item\C6743.java	152	elements
QStory_2.6.3-release-restored\sources\top\suzhelan\qstory\hook\item\C6743.java	140	getPicElement
QStory_2.6.3-release-restored\sources\top\suzhelan\qstory\hook\item\C6743.java	178	com.tencent.qqnt.kernel.nativeinterface.PicElement
QStory_2.6.3-release-restored\sources\top\suzhelan\qstory\hook\item\C6743.java	512	https://gchat.qpic.cn/gchatpic_new/0/0-0-
QStory_2.6.3-release-restored\sources\top\suzhelan\qstory\hook\item\C6743.java	179	md5HexStr
QStory_2.6.3-release-restored\sources\top\suzhelan\qstory\hook\item\C6743.java	505	龙玉涛
QStory_2.6.3-release-restored\sources\top\suzhelan\qstory\hook\item\C6743.java	502	textList
QStory_2.6.3-release-restored\sources\top\suzhelan\qstory\hook\item\C6743.java	503	https://search.linl.top/google/v2/imageContain
QStory_2.6.3-release-restored\sources\top\suzhelan\qstory\hook\item\C6743.java	507	此消息被鉴定为龙图,已进行禁言\n\n如果误判请在群内发送 : 请给我解禁\n我只是机器人私聊我是没有用的哦\n\n当前警告次数:
QStory_2.6.3-release-restored\sources\top\suzhelan\qstory\hook\item\C6743.java	508	 达到3次将会踢出
QStory_2.6.3-release-restored\sources\top\suzhelan\qstory\hook\item\C6743.java	506	警告次数到达3次 已移出群聊
QStory_2.6.3-release-restored\sources\top\suzhelan\qstory\hook\item\C6743.java	500	碧蓝航线
QStory_2.6.3-release-restored\sources\top\suzhelan\qstory\hook\item\C6743.java	501	猫羽雫
QStory_2.6.3-release-restored\sources\top\suzhelan\qstory\hook\item\C6743.java	502	textList
QStory_2.6.3-release-restored\sources\top\suzhelan\qstory\hook\item\C6743.java	503	https://search.linl.top/google/v2/imageContain
QStory_2.6.3-release-restored\sources\top\suzhelan\qstory\hook\item\C6743.java	504	你发送的是 碧蓝航线/猫猫\n\n抵消了一次警告\n\n当前警告次数:
QStory_2.6.3-release-restored\sources\top\suzhelan\qstory\hook\item\C6743.java	505	龙玉涛
QStory_2.6.3-release-restored\sources\top\suzhelan\qstory\hook\item\C6743.java	502	textList
QStory_2.6.3-release-restored\sources\top\suzhelan\qstory\hook\item\C6743.java	503	https://search.linl.top/google/v2/imageContain
QStory_2.6.3-release-restored\sources\top\suzhelan\qstory\hook\item\C6743.java	507	此消息被鉴定为龙图,已进行禁言\n\n如果误判请在群内发送 : 请给我解禁\n我只是机器人私聊我是没有用的哦\n\n当前警告次数:
QStory_2.6.3-release-restored\sources\top\suzhelan\qstory\hook\item\C6743.java	508	 达到3次将会踢出
QStory_2.6.3-release-restored\sources\top\suzhelan\qstory\hook\item\C6743.java	506	警告次数到达3次 已移出群聊
QStory_2.6.3-release-restored\sources\top\suzhelan\qstory\hook\item\C6743.java	500	碧蓝航线
QStory_2.6.3-release-restored\sources\top\suzhelan\qstory\hook\item\C6743.java	501	猫羽雫
QStory_2.6.3-release-restored\sources\top\suzhelan\qstory\hook\item\C6743.java	502	textList
QStory_2.6.3-release-restored\sources\top\suzhelan\qstory\hook\item\C6743.java	503	https://search.linl.top/google/v2/imageContain
QStory_2.6.3-release-restored\sources\top\suzhelan\qstory\hook\item\C6743.java	504	你发送的是 碧蓝航线/猫猫\n\n抵消了一次警告\n\n当前警告次数:
QStory_2.6.3-release-restored\sources\top\suzhelan\qstory\hook\item\C6743.java	513	禁止发龙图
QStory_2.6.3-release-restored\sources\top\suzhelan\qstory\hook\item\C6743.java	483	senderUin
QStory_2.6.3-release-restored\sources\top\suzhelan\qstory\hook\item\C6743.java	511	getChatType
QStory_2.6.3-release-restored\sources\top\suzhelan\qstory\hook\item\C6743.java	152	elements
QStory_2.6.3-release-restored\sources\top\suzhelan\qstory\hook\item\C6743.java	140	getPicElement
QStory_2.6.3-release-restored\sources\top\suzhelan\qstory\hook\item\C6743.java	178	com.tencent.qqnt.kernel.nativeinterface.PicElement
QStory_2.6.3-release-restored\sources\top\suzhelan\qstory\hook\item\C6743.java	512	https://gchat.qpic.cn/gchatpic_new/0/0-0-
QStory_2.6.3-release-restored\sources\top\suzhelan\qstory\hook\item\C6743.java	179	md5HexStr
QStory_2.6.3-release-restored\sources\top\suzhelan\qstory\hook\item\C6743.java	505	龙玉涛
QStory_2.6.3-release-restored\sources\top\suzhelan\qstory\hook\item\C6743.java	502	textList
QStory_2.6.3-release-restored\sources\top\suzhelan\qstory\hook\item\C6743.java	503	https://search.linl.top/google/v2/imageContain
QStory_2.6.3-release-restored\sources\top\suzhelan\qstory\hook\item\C6743.java	551	本群开启了严格检测 发送龙图/弱智抽象表情\n\n会直接移出本群(如果误判算你运气不好)\n很高兴你来到本群 但是你可能不适合待在本群\n\n拜拜~
QStory_2.6.3-release-restored\sources\top\suzhelan\qstory\hook\item\C6743.java	552	已踢出:
QStory_2.6.3-release-restored\sources\top\suzhelan\qstory\hook\item\C6743.java	513	禁止发龙图
QStory_2.6.3-release-restored\sources\top\suzhelan\qstory\hook\item\C6743.java	152	elements
QStory_2.6.3-release-restored\sources\top\suzhelan\qstory\hook\item\C6743.java	338	elementType
QStory_2.6.3-release-restored\sources\top\suzhelan\qstory\hook\item\C6743.java	511	getChatType
QStory_2.6.3-release-restored\sources\top\suzhelan\qstory\hook\item\C6743.java	1081	getWalletElement
QStory_2.6.3-release-restored\sources\top\suzhelan\qstory\hook\item\C6744.java	1257	classLoader
QStory_2.6.3-release-restored\sources\top\suzhelan\qstory\hook\item\C6744.java	1762	com.tencent.mobileqq.profilecard.api.impl.ProfileDataServiceImpl
QStory_2.6.3-release-restored\sources\top\suzhelan\qstory\hook\item\C6744.java	1763	getProfileCard
QStory_2.6.3-release-restored\sources\top\suzhelan\qstory\hook\item\C6744.java	1764	getProfileCardFromCache
QStory_2.6.3-release-restored\sources\top\suzhelan\qstory\hook\item\C6744.java	1765	com.tencent.mobileqq.profilecard.processor.ProfileSecureProcessor
QStory_2.6.3-release-restored\sources\top\suzhelan\qstory\hook\item\C6744.java	1769	processProfileCard
QStory_2.6.3-release-restored\sources\top\suzhelan\qstory\hook\item\C6744.java	1766	android.os.Bundle
QStory_2.6.3-release-restored\sources\top\suzhelan\qstory\hook\item\C6744.java	1767	SummaryCard.RespHead
QStory_2.6.3-release-restored\sources\top\suzhelan\qstory\hook\item\C6744.java	1768	SummaryCard.RespSummaryCard
QStory_2.6.3-release-restored\sources\top\suzhelan\qstory\hook\item\C6744.java	1761	忽略账号的异常状态，使其能够正常查看资料卡
QStory_2.6.3-release-restored\sources\top\suzhelan\qstory\hook\item\C6745.java	1759	forbidCode
QStory_2.6.3-release-restored\sources\top\suzhelan\qstory\hook\item\C6745.java	1760	isForbidAccount
QStory_2.6.3-release-restored\sources\top\suzhelan\qstory\hook\item\C6745.java	1759	forbidCode
QStory_2.6.3-release-restored\sources\top\suzhelan\qstory\hook\item\C6745.java	1823	com.tencent.common.config.pad.DeviceType
QStory_2.6.3-release-restored\sources\top\suzhelan\qstory\hook\item\C6745.java	1824	find(...)
QStory_2.6.3-release-restored\sources\top\suzhelan\qstory\hook\item\C6745.java	1776	jumpResult
QStory_2.6.3-release-restored\sources\top\suzhelan\qstory\hook\item\C6745.java	1776	jumpResult
QStory_2.6.3-release-restored\sources\top\suzhelan\qstory\hook\item\C6745.java	1866	null cannot be cast to non-null type kotlin.Int
QStory_2.6.3-release-restored\sources\top\suzhelan\qstory\hook\item\C6745.java	1954	null cannot be cast to non-null type kotlin.Long
QStory_2.6.3-release-restored\sources\top\suzhelan\qstory\hook\item\C6745.java	1954	null cannot be cast to non-null type kotlin.Long
QStory_2.6.3-release-restored\sources\top\suzhelan\qstory\hook\item\C6745.java	1866	null cannot be cast to non-null type kotlin.Int
QStory_2.6.3-release-restored\sources\top\suzhelan\qstory\hook\item\C6745.java	1954	null cannot be cast to non-null type kotlin.Long
QStory_2.6.3-release-restored\sources\top\suzhelan\qstory\hook\item\C6745.java	311	trpc.msg.olpush.OlPushService.MsgPush
QStory_2.6.3-release-restored\sources\top\suzhelan\qstory\hook\item\C6745.java	310	serviceCmd
QStory_2.6.3-release-restored\sources\top\suzhelan\qstory\hook\item\C6745.java	312	wupBuffer
QStory_2.6.3-release-restored\sources\top\suzhelan\qstory\hook\item\C6746.java	1087	/未设置.txt
QStory_2.6.3-release-restored\sources\top\suzhelan\qstory\hook\item\C6746.java	1088	/表情外显文案.txt
QStory_2.6.3-release-restored\sources\top\suzhelan\qstory\hook\item\C6746.java	1089	/表情外显文案V2.txt
QStory_2.6.3-release-restored\sources\top\suzhelan\qstory\hook\item\C6746.java	1090	使用自定义的随机文案,文案文件存放在:
QStory_2.6.3-release-restored\sources\top\suzhelan\qstory\hook\item\C6746.java	1091	 \n\\开头的文本不会使用,如果不使用默认文案请自行备份,QS更新时可能会覆盖掉你自定义文案
QStory_2.6.3-release-restored\sources\top\suzhelan\qstory\hook\item\C6747.java	1085	com.tencent.mobileqq.vfs.VFSAssistantUtils
QStory_2.6.3-release-restored\sources\top\suzhelan\qstory\hook\item\C6747.java	1086	getSDKPrivatePath
QStory_2.6.3-release-restored\sources\top\suzhelan\qstory\hook\item\C6747.java	1084	目前只支持重定向到
QStory_2.6.3-release-restored\sources\top\suzhelan\qstory\hook\item\C6747.java	1082	/Download/QQ
QStory_2.6.3-release-restored\sources\top\suzhelan\qstory\hook\item\C6748.java	1812	magicFontType
QStory_2.6.3-release-restored\sources\top\suzhelan\qstory\hook\item\C6748.java	1990	ptt_forward
QStory_2.6.3-release-restored\sources\top\suzhelan\qstory\hook\item\C6749.java	1813	com.tencent.qqnt.kernel.nativeinterface.VASMsgFont
QStory_2.6.3-release-restored\sources\top\suzhelan\qstory\hook\item\C6749.java	1813	com.tencent.qqnt.kernel.nativeinterface.VASMsgFont
QStory_2.6.3-release-restored\sources\top\suzhelan\qstory\hook\item\C6749.java	1814	getFontId
QStory_2.6.3-release-restored\sources\top\suzhelan\qstory\hook\item\C6749.java	1815	getMagicFontType
QStory_2.6.3-release-restored\sources\top\suzhelan\qstory\hook\item\C6749.java	105	重启生效
QStory_2.6.3-release-restored\sources\top\suzhelan\qstory\hook\item\C6749.java	1816	com.tencent.mobileqq.vas.font.api.impl.FontManagerServiceImpl
QStory_2.6.3-release-restored\sources\top\suzhelan\qstory\hook\item\C6749.java	1817	enlargeTextMsg
QStory_2.6.3-release-restored\sources\top\suzhelan\qstory\hook\item\C6749.java	1818	com.tencent.mobileqq.activity.aio.item.TextItemBuilder
QStory_2.6.3-release-restored\sources\top\suzhelan\qstory\hook\item\C6749.java	1819	com.tencent.mobileqq.aio.item.TextItemBuilder
QStory_2.6.3-release-restored\sources\top\suzhelan\qstory\hook\item\C6749.java	1820	getName(...)
QStory_2.6.3-release-restored\sources\top\suzhelan\qstory\hook\item\C6749.java	1821	ViewHolder
QStory_2.6.3-release-restored\sources\top\suzhelan\qstory\hook\item\C6749.java	1820	getName(...)
QStory_2.6.3-release-restored\sources\top\suzhelan\qstory\hook\item\C6749.java	1822	ChatMessage
QStory_2.6.3-release-restored\sources\top\suzhelan\qstory\hook\item\C6750.java	1808	/bubble_info
QStory_2.6.3-release-restored\sources\top\suzhelan\qstory\hook\item\C6750.java	1809	/files/bubble_info
QStory_2.6.3-release-restored\sources\top\suzhelan\qstory\hook\item\C6750.java	1810	/files/bubble_paster
QStory_2.6.3-release-restored\sources\top\suzhelan\qstory\hook\item\C6750.java	1811	/files/vas_material_folder/bubble_dir
QStory_2.6.3-release-restored\sources\top\suzhelan\qstory\hook\item\C6750.java	160	com.tencent.mobileqq.aio.msg.AIOMsgItem
QStory_2.6.3-release-restored\sources\top\suzhelan\qstory\hook\item\C6750.java	1802	com.tencent.mobileqq.activity.aio.AIOMsgItem
QStory_2.6.3-release-restored\sources\top\suzhelan\qstory\hook\item\C6750.java	872	com.tencent.mobileqq.data.MessageRecord
QStory_2.6.3-release-restored\sources\top\suzhelan\qstory\hook\item\C6750.java	1803	setBubbleInfo
QStory_2.6.3-release-restored\sources\top\suzhelan\qstory\hook\item\C6750.java	1804	setBubbleId
QStory_2.6.3-release-restored\sources\top\suzhelan\qstory\hook\item\C6750.java	1805	setSubBubbleId
QStory_2.6.3-release-restored\sources\top\suzhelan\qstory\hook\item\C6750.java	1806	setMsgBubble
QStory_2.6.3-release-restored\sources\top\suzhelan\qstory\hook\item\C6750.java	1799	getBubbleId
QStory_2.6.3-release-restored\sources\top\suzhelan\qstory\hook\item\C6750.java	1555	getDeclaredMethods(...)
QStory_2.6.3-release-restored\sources\top\suzhelan\qstory\hook\item\C6750.java	1799	getBubbleId
QStory_2.6.3-release-restored\sources\top\suzhelan\qstory\hook\item\C6750.java	1807	chmod 777 
QStory_2.6.3-release-restored\sources\top\suzhelan\qstory\hook\item\C6750.java	1798	com.tencent.qqnt.kernel.nativeinterface.VASMsgBubble
QStory_2.6.3-release-restored\sources\top\suzhelan\qstory\hook\item\C6750.java	105	重启生效
QStory_2.6.3-release-restored\sources\top\suzhelan\qstory\hook\item\C6750.java	1798	com.tencent.qqnt.kernel.nativeinterface.VASMsgBubble
QStory_2.6.3-release-restored\sources\top\suzhelan\qstory\hook\item\C6750.java	1799	getBubbleId
QStory_2.6.3-release-restored\sources\top\suzhelan\qstory\hook\item\C6750.java	1800	getSubBubbleId
QStory_2.6.3-release-restored\sources\top\suzhelan\qstory\hook\item\C6750.java	1801	getDeclaredConstructors(...)
QStory_2.6.3-release-restored\sources\top\suzhelan\qstory\hook\item\C6752.java	1777	com.tencent.mobileqq.webview.WebSecurityPluginV2$1
QStory_2.6.3-release-restored\sources\top\suzhelan\qstory\hook\item\C6752.java	1411	callback
QStory_2.6.3-release-restored\sources\top\suzhelan\qstory\hook\item\C6752.java	1257	classLoader
QStory_2.6.3-release-restored\sources\top\suzhelan\qstory\hook\item\C6753.java	1775	com.tencent.mobileqq.managers.TempMsgManager
QStory_2.6.3-release-restored\sources\top\suzhelan\qstory\hook\item\C6753.java	1774	在没有开启临时会话的情况下查看已删除好友的聊天记录 则不会有开启临时会话弹窗
QStory_2.6.3-release-restored\sources\top\suzhelan\qstory\hook\item\C6754.java	1790	com.tencent.qqnt.audio.play.player.AudioPlayerDeviceHelper
QStory_2.6.3-release-restored\sources\top\suzhelan\qstory\hook\item\C6754.java	1791	onNearToEarStatusChanged
QStory_2.6.3-release-restored\sources\top\suzhelan\qstory\hook\item\C6754.java	1792	getMethod(...)
QStory_2.6.3-release-restored\sources\top\suzhelan\qstory\hook\item\C6754.java	1793	com.tencent.mobileqq.qqaudio.audioplayer.impl.AudioDeviceServiceImpl
QStory_2.6.3-release-restored\sources\top\suzhelan\qstory\hook\item\C6754.java	1794	notifyAllDeviceStatusChanged
QStory_2.6.3-release-restored\sources\top\suzhelan\qstory\hook\item\C6754.java	1795	findMethod(...)
QStory_2.6.3-release-restored\sources\top\suzhelan\qstory\hook\item\C6755.java	858	/Android/data/
QStory_2.6.3-release-restored\sources\top\suzhelan\qstory\hook\item\C6755.java	1083	/Tencent/QQfile_recv/
QStory_2.6.3-release-restored\sources\top\suzhelan\qstory\hook\item\C6755.java	1082	/Download/QQ
QStory_2.6.3-release-restored\sources\top\suzhelan\qstory\hook\item\C6755.java	839	\n-------------------------------------------------------------------
QStory_2.6.3-release-restored\sources\top\suzhelan\qstory\hook\item\C6755.java	840	\n属性 : \n\n
QStory_2.6.3-release-restored\sources\top\suzhelan\qstory\hook\item\C6755.java	841	String|CharSequence
QStory_2.6.3-release-restored\sources\top\suzhelan\qstory\hook\item\C6755.java	841	String|CharSequence
QStory_2.6.3-release-restored\sources\top\suzhelan\qstory\hook\item\C6755.java	845	{静态方法无运行时对象}
QStory_2.6.3-release-restored\sources\top\suzhelan\qstory\hook\item\C6755.java	846	静态方法无运行时对象
QStory_2.6.3-release-restored\sources\top\suzhelan\qstory\hook\item\C6755.java	847	动态反射字段异常 
QStory_2.6.3-release-restored\sources\top\suzhelan\qstory\hook\item\C6755.java	848	调用栈(从上往下调用) : \n
QStory_2.6.3-release-restored\sources\top\suzhelan\qstory\hook\item\C6755.java	839	\n-------------------------------------------------------------------
QStory_2.6.3-release-restored\sources\top\suzhelan\qstory\hook\item\C6755.java	840	\n属性 : \n\n
QStory_2.6.3-release-restored\sources\top\suzhelan\qstory\hook\item\C6755.java	841	String|CharSequence
QStory_2.6.3-release-restored\sources\top\suzhelan\qstory\hook\item\C6755.java	841	String|CharSequence
QStory_2.6.3-release-restored\sources\top\suzhelan\qstory\hook\item\C6755.java	842	动态反射属性异常 : 
QStory_2.6.3-release-restored\sources\top\suzhelan\qstory\hook\item\C6755.java	853	调用栈 : \n
QStory_2.6.3-release-restored\sources\top\suzhelan\qstory\hook\item\C6755.java	1891	thisObject
QStory_2.6.3-release-restored\sources\top\suzhelan\qstory\hook\item\C6755.java	1892	Lcom/qqfav/data/FavoriteData
QStory_2.6.3-release-restored\sources\top\suzhelan\qstory\hook\item\C6755.java	587	fileName
QStory_2.6.3-release-restored\sources\top\suzhelan\qstory\hook\item\C6755.java	1905	strFilePath
QStory_2.6.3-release-restored\sources\top\suzhelan\qstory\hook\item\C6755.java	587	fileName
QStory_2.6.3-release-restored\sources\top\suzhelan\qstory\hook\item\C6755.java	1906	FileName
QStory_2.6.3-release-restored\sources\top\suzhelan\qstory\hook\item\C6755.java	1907	LocalFile
QStory_2.6.3-release-restored\sources\top\suzhelan\qstory\hook\item\C6755.java	1906	FileName
QStory_2.6.3-release-restored\sources\top\suzhelan\qstory\hook\item\C6755.java	587	fileName
QStory_2.6.3-release-restored\sources\top\suzhelan\qstory\hook\item\C6755.java	587	fileName
QStory_2.6.3-release-restored\sources\top\suzhelan\qstory\hook\item\C6755.java	1906	FileName
QStory_2.6.3-release-restored\sources\top\suzhelan\qstory\hook\item\C6755.java	1906	FileName
QStory_2.6.3-release-restored\sources\top\suzhelan\qstory\hook\item\C6755.java	1979	com.tencent.biz.richframework.widget.listview.card.RFWCardListView
QStory_2.6.3-release-restored\sources\top\suzhelan\qstory\hook\item\C6755.java	1980	getParent
QStory_2.6.3-release-restored\sources\top\suzhelan\qstory\hook\item\C6755.java	1981	ParentLayout == null
QStory_2.6.3-release-restored\sources\top\suzhelan\qstory\hook\item\C6755.java	1954	null cannot be cast to non-null type kotlin.Long
QStory_2.6.3-release-restored\sources\top\suzhelan\qstory\hook\item\C6755.java	1866	null cannot be cast to non-null type kotlin.Int
QStory_2.6.3-release-restored\sources\top\suzhelan\qstory\hook\item\C6755.java	1891	thisObject
QStory_2.6.3-release-restored\sources\top\suzhelan\qstory\hook\item\C6755.java	1891	thisObject
QStory_2.6.3-release-restored\sources\top\suzhelan\qstory\hook\item\C6755.java	2085	(下载: 
QStory_2.6.3-release-restored\sources\top\suzhelan\qstory\hook\item\C6755.java	2102	apply(...)
QStory_2.6.3-release-restored\sources\top\suzhelan\qstory\hook\item\C6756.java	1257	classLoader
QStory_2.6.3-release-restored\sources\top\suzhelan\qstory\hook\item\C6756.java	1780	通过QQ分享图片时以原图发送
QStory_2.6.3-release-restored\sources\top\suzhelan\qstory\hook\item\C6756.java	1778	com.tencent.mobileqq.utils
QStory_2.6.3-release-restored\sources\top\suzhelan\qstory\hook\item\C6756.java	1779	ForwardSendPicUtil
QStory_2.6.3-release-restored\sources\top\suzhelan\qstory\hook\item\C6757.java	1257	classLoader
QStory_2.6.3-release-restored\sources\top\suzhelan\qstory\hook\item\C6757.java	1782	cooperation.vip.qqbanner.QbossADImmersionBannerManager
QStory_2.6.3-release-restored\sources\top\suzhelan\qstory\hook\item\C6757.java	1783	cooperation.vip.qqbanner.manager.VasADImmersionBannerManager
QStory_2.6.3-release-restored\sources\top\suzhelan\qstory\hook\item\C6757.java	1555	getDeclaredMethods(...)
QStory_2.6.3-release-restored\sources\top\suzhelan\qstory\hook\item\C6757.java	1784	com.tencent.mobileqq.springhb.interactive.ui.InteractivePopManager
QStory_2.6.3-release-restored\sources\top\suzhelan\qstory\hook\item\C6757.java	1785	androidx.fragment.app.Fragment
QStory_2.6.3-release-restored\sources\top\suzhelan\qstory\hook\item\C6757.java	1555	getDeclaredMethods(...)
QStory_2.6.3-release-restored\sources\top\suzhelan\qstory\hook\item\C6757.java	1786	com.tencent.mobileqq.activity.recent.bannerprocessor.VasADBannerProcessor
QStory_2.6.3-release-restored\sources\top\suzhelan\qstory\hook\item\C6757.java	1787	updateBanner
QStory_2.6.3-release-restored\sources\top\suzhelan\qstory\hook\item\C6757.java	1788	cooperation.vip.ad.GrowHalfLayerHelper
QStory_2.6.3-release-restored\sources\top\suzhelan\qstory\hook\item\C6757.java	1789	cooperation.vip.ad.GrowHalfLayerInfo
QStory_2.6.3-release-restored\sources\top\suzhelan\qstory\hook\item\C6757.java	1781	本小姐让你打广告了?
QStory_2.6.3-release-restored\sources\top\suzhelan\qstory\hook\item\C6758.java	1065	请使用新版抢红包
QStory_2.6.3-release-restored\sources\top\suzhelan\qstory\hook\item\C6758.java	1066	版本已过期
QStory_2.6.3-release-restored\sources\top\suzhelan\qstory\hook\item\C6758.java	1067	LIN_XPOSED_QQ
QStory_2.6.3-release-restored\sources\top\suzhelan\qstory\hook\item\C6758.java	1562	hookItem
QStory_2.6.3-release-restored\sources\top\suzhelan\qstory\hook\item\C6758.java	1566	onMsgListener
QStory_2.6.3-release-restored\sources\top\suzhelan\qstory\hook\item\C6758.java	160	com.tencent.mobileqq.aio.msg.AIOMsgItem
QStory_2.6.3-release-restored\sources\top\suzhelan\qstory\hook\item\C6758.java	1068	com.tencent.mobileqq.aio.qwallet.AIOQWalletComponent
QStory_2.6.3-release-restored\sources\top\suzhelan\qstory\hook\item\C6758.java	163	com.tencent.mobileqq.aio.msglist.holder.component.BaseContentComponent
QStory_2.6.3-release-restored\sources\top\suzhelan\qstory\hook\item\C6758.java	1064	在9.1.35通过测试 版本太高用不了 点击可以设置一些参数
QStory_2.6.3-release-restored\sources\top\suzhelan\qstory\hook\item\C6758.java	483	senderUin
QStory_2.6.3-release-restored\sources\top\suzhelan\qstory\hook\item\C6758.java	511	getChatType
QStory_2.6.3-release-restored\sources\top\suzhelan\qstory\hook\item\C6758.java	1069	redChannel
QStory_2.6.3-release-restored\sources\top\suzhelan\qstory\hook\item\C6758.java	1070	receiver
QStory_2.6.3-release-restored\sources\top\suzhelan\qstory\hook\item\C6759.java	478	send_object
QStory_2.6.3-release-restored\sources\top\suzhelan\qstory\hook\item\C6759.java	1071	send_name
QStory_2.6.3-release-restored\sources\top\suzhelan\qstory\hook\item\C6759.java	1072	recv_object
QStory_2.6.3-release-restored\sources\top\suzhelan\qstory\hook\item\C6759.java	482	[QQ红包]
QStory_2.6.3-release-restored\sources\top\suzhelan\qstory\hook\item\C6759.java	1073	[QStory]领取成功:
QStory_2.6.3-release-restored\sources\top\suzhelan\qstory\hook\item\C6759.java	1074	\n红包描述:
QStory_2.6.3-release-restored\sources\top\suzhelan\qstory\hook\item\C6759.java	1075	\n发送者:
QStory_2.6.3-release-restored\sources\top\suzhelan\qstory\hook\item\C6759.java	1076	\n来自群聊:
QStory_2.6.3-release-restored\sources\top\suzhelan\qstory\hook\item\C6759.java	1061	grabToast
QStory_2.6.3-release-restored\sources\top\suzhelan\qstory\hook\item\C6759.java	1058	replyText
QStory_2.6.3-release-restored\sources\top\suzhelan\qstory\hook\item\C6759.java	1077	grabHbLog
QStory_2.6.3-release-restored\sources\top\suzhelan\qstory\hook\item\C6761.java	1773	com.tencent.mobileqq.widget.QQToast
QStory_2.6.3-release-restored\sources\top\suzhelan\qstory\hook\item\C6762.java	1771	cooperation.buscard.BuscardHelper
QStory_2.6.3-release-restored\sources\top\suzhelan\qstory\hook\item\C6762.java	1555	getDeclaredMethods(...)
QStory_2.6.3-release-restored\sources\top\suzhelan\qstory\hook\item\C6762.java	1772	getParameterTypes(...)
QStory_2.6.3-release-restored\sources\top\suzhelan\qstory\hook\item\C6762.java	1770	禁止QQ在后台干扰NFC
QStory_2.6.3-release-restored\sources\top\suzhelan\qstory\hook\item\C6763.java	1257	classLoader
QStory_2.6.3-release-restored\sources\top\suzhelan\qstory\hook\item\C6764.java	2025	getInterfaces(...)
QStory_2.6.3-release-restored\sources\top\suzhelan\qstory\hook\item\C6764.java	2026	com.tencent.map.geolocation.TencentLocationListener
QStory_2.6.3-release-restored\sources\top\suzhelan\qstory\hook\item\C6764.java	2038	onLocationChanged
QStory_2.6.3-release-restored\sources\top\suzhelan\qstory\hook\item\C6764.java	2039	com.tencent.map.geolocation.TencentLocation
QStory_2.6.3-release-restored\sources\top\suzhelan\qstory\hook\item\C6765.java	2020	LandRegion(name=
QStory_2.6.3-release-restored\sources\top\suzhelan\qstory\hook\item\C6765.java	2022	, maxLat=
QStory_2.6.3-release-restored\sources\top\suzhelan\qstory\hook\item\C6765.java	2023	, minLon=
QStory_2.6.3-release-restored\sources\top\suzhelan\qstory\hook\item\C6765.java	2024	, maxLon=
QStory_2.6.3-release-restored\sources\top\suzhelan\qstory\hook\item\C6766.java	2019	喵呜喵喵喵喵呜喵~喵呜喵喵喵呜喵喵~喵呜喵喵呜呜呜喵~喵呜喵呜呜呜喵呜~喵呜喵呜喵呜喵喵~喵呜喵呜呜喵喵喵
QStory_2.6.3-release-restored\sources\top\suzhelan\qstory\hook\item\C6766.java	1990	ptt_forward
QStory_2.6.3-release-restored\sources\top\suzhelan\qstory\hook\item\C6766.java	338	elementType
QStory_2.6.3-release-restored\sources\top\suzhelan\qstory\hook\item\C6766.java	722	voiceType
QStory_2.6.3-release-restored\sources\top\suzhelan\qstory\hook\item\C6766.java	2010	voiceChangeType
QStory_2.6.3-release-restored\sources\top\suzhelan\qstory\hook\item\C6766.java	1992	pttElement
QStory_2.6.3-release-restored\sources\top\suzhelan\qstory\hook\item\C6766.java	2011	PttForward: 发送至 
QStory_2.6.3-release-restored\sources\top\suzhelan\qstory\hook\item\C6766.java	2012	 失败: 
QStory_2.6.3-release-restored\sources\top\suzhelan\qstory\hook\item\C6766.java	1257	classLoader
QStory_2.6.3-release-restored\sources\top\suzhelan\qstory\hook\item\C6766.java	160	com.tencent.mobileqq.aio.msg.AIOMsgItem
QStory_2.6.3-release-restored\sources\top\suzhelan\qstory\hook\item\C6766.java	163	com.tencent.mobileqq.aio.msglist.holder.component.BaseContentComponent
QStory_2.6.3-release-restored\sources\top\suzhelan\qstory\hook\item\C6766.java	2006	com.tencent.mobileqq.forward.ForwardBaseOption
QStory_2.6.3-release-restored\sources\top\suzhelan\qstory\hook\item\C6766.java	2007	mExtraData
QStory_2.6.3-release-restored\sources\top\suzhelan\qstory\hook\item\C6766.java	2008	isNeedShowToast
QStory_2.6.3-release-restored\sources\top\suzhelan\qstory\hook\item\C6766.java	2009	PttForward: 转发逻辑 Hook 失败: 
QStory_2.6.3-release-restored\sources\top\suzhelan\qstory\hook\item\C6766.java	1991	长按语音消息显示转发按钮
QStory_2.6.3-release-restored\sources\top\suzhelan\qstory\hook\item\C6767.java	1985	getDeclaredFields(...)
QStory_2.6.3-release-restored\sources\top\suzhelan\qstory\hook\item\C6767.java	1985	getDeclaredFields(...)
QStory_2.6.3-release-restored\sources\top\suzhelan\qstory\hook\item\C6767.java	1986	com.tencent.mobileqq.profilecard.base.component.AbsProfileHeaderComponent
QStory_2.6.3-release-restored\sources\top\suzhelan\qstory\hook\item\C6767.java	1987	com.tencent.mobileqq.data.Card
QStory_2.6.3-release-restored\sources\top\suzhelan\qstory\hook\item\C6767.java	1555	getDeclaredMethods(...)
QStory_2.6.3-release-restored\sources\top\suzhelan\qstory\hook\item\C6767.java	1988	handleVoteBtnClickForGuestProfile
QStory_2.6.3-release-restored\sources\top\suzhelan\qstory\hook\item\C6767.java	1989	handleVote
QStory_2.6.3-release-restored\sources\top\suzhelan\qstory\hook\item\C6767.java	1988	handleVoteBtnClickForGuestProfile
QStory_2.6.3-release-restored\sources\top\suzhelan\qstory\hook\item\C6767.java	1982	com.tencent.mobileqq.activity.VisitorsActivity
QStory_2.6.3-release-restored\sources\top\suzhelan\qstory\hook\item\C6767.java	1983	com.tencent.mobileqq.data.CardProfile
QStory_2.6.3-release-restored\sources\top\suzhelan\qstory\hook\item\C6767.java	1984	com.tencent.mobileqq.utils.VoteHelper
QStory_2.6.3-release-restored\sources\top\suzhelan\qstory\hook\item\C6767.java	1555	getDeclaredMethods(...)
QStory_2.6.3-release-restored\sources\top\suzhelan\qstory\hook\item\C6767.java	1555	getDeclaredMethods(...)
QStory_2.6.3-release-restored\sources\top\suzhelan\qstory\hook\item\C6768.java	1543	null cannot be cast to non-null type android.view.View
QStory_2.6.3-release-restored\sources\top\suzhelan\qstory\hook\item\C6768.java	1891	thisObject
QStory_2.6.3-release-restored\sources\top\suzhelan\qstory\hook\item\C6770.java	2060	com.tencent.mobileqq.vas.perception.api.impl.VipPerceptionImpl
QStory_2.6.3-release-restored\sources\top\suzhelan\qstory\hook\item\C6770.java	2061	addSVipLocalGrayTip
QStory_2.6.3-release-restored\sources\top\suzhelan\qstory\hook\item\C6770.java	2059	移除语音消息下方诱导开通SVIP的自动转文本灰字提示
QStory_2.6.3-release-restored\sources\top\suzhelan\qstory\hook\item\C6771.java	1555	getDeclaredMethods(...)
QStory_2.6.3-release-restored\sources\top\suzhelan\qstory\hook\item\C6771.java	1772	getParameterTypes(...)
QStory_2.6.3-release-restored\sources\top\suzhelan\qstory\hook\item\C6771.java	1820	getName(...)
QStory_2.6.3-release-restored\sources\top\suzhelan\qstory\hook\item\C6771.java	1322	toLowerCase(...)
QStory_2.6.3-release-restored\sources\top\suzhelan\qstory\hook\item\C6771.java	2058	com.tencent.qqnt.qbasealbum.select.viewmodel.SelectedMediaViewModel
QStory_2.6.3-release-restored\sources\top\suzhelan\qstory\hook\item\C6771.java	2057	去除QQ只允许发送20张图片的限制 重启生效
QStory_2.6.3-release-restored\sources\top\suzhelan\qstory\hook\item\C6773.java	2062	com.tencent.mobileqq.quibadge.QUIBadge
QStory_2.6.3-release-restored\sources\top\suzhelan\qstory\hook\item\C6773.java	2063	updateNum
QStory_2.6.3-release-restored\sources\top\suzhelan\qstory\hook\item\C6773.java	1555	getDeclaredMethods(...)
QStory_2.6.3-release-restored\sources\top\suzhelan\qstory\hook\item\C6773.java	2064	com.tencent.mobileqq.activity.framebusiness.controllerinject.FrameControllerInjectImpl
QStory_2.6.3-release-restored\sources\top\suzhelan\qstory\hook\item\C6773.java	2062	com.tencent.mobileqq.quibadge.QUIBadge
QStory_2.6.3-release-restored\sources\top\suzhelan\qstory\hook\item\C6773.java	1555	getDeclaredMethods(...)
QStory_2.6.3-release-restored\sources\top\suzhelan\qstory\hook\item\C6774.java	158	com.tencent.qqnt.aio.menu.ui.QQCustomMenuExpandableLayout
QStory_2.6.3-release-restored\sources\top\suzhelan\qstory\hook\item\C6774.java	1555	getDeclaredMethods(...)
QStory_2.6.3-release-restored\sources\top\suzhelan\qstory\hook\item\C6774.java	2054	移除长按消息气泡菜单中的图标
QStory_2.6.3-release-restored\sources\top\suzhelan\qstory\hook\item\C6775.java	2056	com.tencent.open.agent.QrAgentLoginManager
QStory_2.6.3-release-restored\sources\top\suzhelan\qstory\hook\item\C6775.java	2055	扫描相册里的二维码时不再拦截登录
QStory_2.6.3-release-restored\sources\top\suzhelan\qstory\hook\item\C6776.java	1257	classLoader
QStory_2.6.3-release-restored\sources\top\suzhelan\qstory\hook\item\C6776.java	2047	com.tencent.mobileqq.profilecard.activity.FriendProfileCardActivity
QStory_2.6.3-release-restored\sources\top\suzhelan\qstory\hook\item\C6776.java	2048	handleSwitchVasCard
QStory_2.6.3-release-restored\sources\top\suzhelan\qstory\hook\item\C6776.java	2046	屏蔽查看好友页面自定义的名片
QStory_2.6.3-release-restored\sources\top\suzhelan\qstory\hook\item\C6777.java	1257	classLoader
QStory_2.6.3-release-restored\sources\top\suzhelan\qstory\hook\item\C6777.java	2045	移除内置浏览器分享菜单中的"用QQ浏览器打开"选项
QStory_2.6.3-release-restored\sources\top\suzhelan\qstory\hook\item\C6777.java	2044	com.tencent.mobileqq.webview.swift.component.SwiftBrowserShareMenuHandler
QStory_2.6.3-release-restored\sources\top\suzhelan\qstory\hook\item\C6777.java	1555	getDeclaredMethods(...)
QStory_2.6.3-release-restored\sources\top\suzhelan\qstory\hook\item\C6778.java	2050	com.tencent.mobileqq.pluginsdk.PluginStatic
QStory_2.6.3-release-restored\sources\top\suzhelan\qstory\hook\item\C6778.java	2051	getOrCreateClassLoader
QStory_2.6.3-release-restored\sources\top\suzhelan\qstory\hook\item\C6779.java	2049	mSecurityBeat
QStory_2.6.3-release-restored\sources\top\suzhelan\qstory\hook\item\C6779.java	2049	mSecurityBeat
QStory_2.6.3-release-restored\sources\top\suzhelan\qstory\hook\item\C6779.java	1888	qqfav.apk
QStory_2.6.3-release-restored\sources\top\suzhelan\qstory\hook\item\C6779.java	2052	com.qqfav.FavoriteService
QStory_2.6.3-release-restored\sources\top\suzhelan\qstory\hook\item\C6779.java	1555	getDeclaredMethods(...)
QStory_2.6.3-release-restored\sources\top\suzhelan\qstory\hook\item\C6779.java	2053	com.qqfav.data.FavoriteData
QStory_2.6.3-release-restored\sources\top\suzhelan\qstory\hook\item\C6780.java	2027	中国核心区
QStory_2.6.3-release-restored\sources\top\suzhelan\qstory\hook\item\C6780.java	2028	日本/韩国
QStory_2.6.3-release-restored\sources\top\suzhelan\qstory\hook\item\C6780.java	2029	东南亚(新马泰/印尼)
QStory_2.6.3-release-restored\sources\top\suzhelan\qstory\hook\item\C6780.java	2030	中东(迪拜/土耳其)
QStory_2.6.3-release-restored\sources\top\suzhelan\qstory\hook\item\C6780.java	2031	欧洲大陆
QStory_2.6.3-release-restored\sources\top\suzhelan\qstory\hook\item\C6780.java	2032	北美热门区
QStory_2.6.3-release-restored\sources\top\suzhelan\qstory\hook\item\C6780.java	2033	澳洲/新西兰
QStory_2.6.3-release-restored\sources\top\suzhelan\qstory\hook\item\C6780.java	2034	南美洲
QStory_2.6.3-release-restored\sources\top\suzhelan\qstory\hook\item\C6780.java	2035	非洲大陆
QStory_2.6.3-release-restored\sources\top\suzhelan\qstory\hook\item\C6780.java	1257	classLoader
QStory_2.6.3-release-restored\sources\top\suzhelan\qstory\hook\item\C6780.java	2036	com.tencent.map.geolocation.internal.TencentLocationImpl
QStory_2.6.3-release-restored\sources\top\suzhelan\qstory\hook\item\C6780.java	2037	com.tencent.map.geolocation.TencentLocationManager
QStory_2.6.3-release-restored\sources\top\suzhelan\qstory\hook\item\C6780.java	1555	getDeclaredMethods(...)
QStory_2.6.3-release-restored\sources\top\suzhelan\qstory\hook\item\C6780.java	1772	getParameterTypes(...)
QStory_2.6.3-release-restored\sources\top\suzhelan\qstory\hook\item\C6780.java	2026	com.tencent.map.geolocation.TencentLocationListener
QStory_2.6.3-release-restored\sources\top\suzhelan\qstory\hook\item\C6780.java	2040	com.tencent.mobileqq.location.net.LocationShareLocationManager$a
QStory_2.6.3-release-restored\sources\top\suzhelan\qstory\hook\item\C6780.java	2038	onLocationChanged
QStory_2.6.3-release-restored\sources\top\suzhelan\qstory\hook\item\C6780.java	2039	com.tencent.map.geolocation.TencentLocation
QStory_2.6.3-release-restored\sources\top\suzhelan\qstory\hook\item\C6780.java	2041	getLongitude
QStory_2.6.3-release-restored\sources\top\suzhelan\qstory\hook\item\C6780.java	2042	getLatitude
QStory_2.6.3-release-restored\sources\top\suzhelan\qstory\hook\item\C6781.java	2043	com.tencent.mobileqq.aio.helper.PttHelper$getPhoneLowVolumeListener$onLowVolume$1
QStory_2.6.3-release-restored\sources\top\suzhelan\qstory\hook\item\C6782.java	1942	finishRefresh
QStory_2.6.3-release-restored\sources\top\suzhelan\qstory\hook\item\C6783.java	1941	com.tencent.mobileqq.profilecard.base.container.ProfileBottomContainer
QStory_2.6.3-release-restored\sources\top\suzhelan\qstory\hook\item\C6783.java	550	initViews
QStory_2.6.3-release-restored\sources\top\suzhelan\qstory\hook\item\C6783.java	1940	屏蔽好友资料卡底部工具栏中的送礼物按钮
QStory_2.6.3-release-restored\sources\top\suzhelan\qstory\hook\item\C6783.java	1939	送礼物
QStory_2.6.3-release-restored\sources\top\suzhelan\qstory\hook\item\C6784.java	1972	[QStory]: 
QStory_2.6.3-release-restored\sources\top\suzhelan\qstory\hook\item\C6784.java	1973	红包描述:
QStory_2.6.3-release-restored\sources\top\suzhelan\qstory\hook\item\C6784.java	1136	发送者:
QStory_2.6.3-release-restored\sources\top\suzhelan\qstory\hook\item\C6784.java	1974	来自群聊:
QStory_2.6.3-release-restored\sources\top\suzhelan\qstory\hook\item\C6784.java	1296	toString(...)
QStory_2.6.3-release-restored\sources\top\suzhelan\qstory\hook\item\C6784.java	1257	classLoader
QStory_2.6.3-release-restored\sources\top\suzhelan\qstory\hook\item\C6784.java	2640	不支持的QQ版本
QStory_2.6.3-release-restored\sources\top\suzhelan\qstory\hook\item\C6784.java	1066	版本已过期
QStory_2.6.3-release-restored\sources\top\suzhelan\qstory\hook\item\C6784.java	1562	hookItem
QStory_2.6.3-release-restored\sources\top\suzhelan\qstory\hook\item\C6784.java	1566	onMsgListener
QStory_2.6.3-release-restored\sources\top\suzhelan\qstory\hook\item\C6784.java	1964	新版QQ抢红包，在9.2.0 ~ 9.2.95通过测试，点击可配置参数
QStory_2.6.3-release-restored\sources\top\suzhelan\qstory\hook\item\C6784.java	2642	GatewayRequestConfig(isSecure=
QStory_2.6.3-release-restored\sources\top\suzhelan\qstory\hook\item\C6784.java	1549	first(...)
QStory_2.6.3-release-restored\sources\top\suzhelan\qstory\hook\item\C6784.java	1097	com.tenpay.sdk.net.gateway.QWalletGatewayServlet
QStory_2.6.3-release-restored\sources\top\suzhelan\qstory\hook\item\C6784.java	435	INSTANCE
QStory_2.6.3-release-restored\sources\top\suzhelan\qstory\hook\item\C6784.java	1098	sendRequest
QStory_2.6.3-release-restored\sources\top\suzhelan\qstory\hook\item\C6784.java	1548	get(...)
QStory_2.6.3-release-restored\sources\top\suzhelan\qstory\hook\item\C6784.java	1588	getField(...)
QStory_2.6.3-release-restored\sources\top\suzhelan\qstory\hook\item\C6784.java	483	senderUin
QStory_2.6.3-release-restored\sources\top\suzhelan\qstory\hook\item\C6784.java	1588	getField(...)
QStory_2.6.3-release-restored\sources\top\suzhelan\qstory\hook\item\C6784.java	511	getChatType
QStory_2.6.3-release-restored\sources\top\suzhelan\qstory\hook\item\C6784.java	1866	null cannot be cast to non-null type kotlin.Int
QStory_2.6.3-release-restored\sources\top\suzhelan\qstory\hook\item\C6784.java	1965	getUinFromUid(...)
QStory_2.6.3-release-restored\sources\top\suzhelan\qstory\hook\item\C6784.java	1069	redChannel
QStory_2.6.3-release-restored\sources\top\suzhelan\qstory\hook\item\C6784.java	1588	getField(...)
QStory_2.6.3-release-restored\sources\top\suzhelan\qstory\hook\item\C6784.java	1070	receiver
QStory_2.6.3-release-restored\sources\top\suzhelan\qstory\hook\item\C6784.java	585	sendMemberName
QStory_2.6.3-release-restored\sources\top\suzhelan\qstory\hook\item\C6784.java	586	sendNickName
QStory_2.6.3-release-restored\sources\top\suzhelan\qstory\hook\item\C6784.java	1062	ordinary
QStory_2.6.3-release-restored\sources\top\suzhelan\qstory\hook\item\C6784.java	1966	不领取普通红包
QStory_2.6.3-release-restored\sources\top\suzhelan\qstory\hook\item\C6784.java	1063	exclusiveRedEnvelopes
QStory_2.6.3-release-restored\sources\top\suzhelan\qstory\hook\item\C6784.java	1967	不领取专属红包
QStory_2.6.3-release-restored\sources\top\suzhelan\qstory\hook\item\C6784.java	1960	grabFailToast
QStory_2.6.3-release-restored\sources\top\suzhelan\qstory\hook\item\C6784.java	1962	红包跳过领取: 
QStory_2.6.3-release-restored\sources\top\suzhelan\qstory\hook\item\C6784.java	1962	红包跳过领取: 
QStory_2.6.3-release-restored\sources\top\suzhelan\qstory\hook\item\C6784.java	1959	parseObject(...)
QStory_2.6.3-release-restored\sources\top\suzhelan\qstory\hook\item\C6784.java	478	send_object
QStory_2.6.3-release-restored\sources\top\suzhelan\qstory\hook\item\C6784.java	1071	send_name
QStory_2.6.3-release-restored\sources\top\suzhelan\qstory\hook\item\C6784.java	1305	getString(...)
QStory_2.6.3-release-restored\sources\top\suzhelan\qstory\hook\item\C6784.java	1960	grabFailToast
QStory_2.6.3-release-restored\sources\top\suzhelan\qstory\hook\item\C6784.java	1975	红包领取失败: 红包已被抢光了
QStory_2.6.3-release-restored\sources\top\suzhelan\qstory\hook\item\C6784.java	1975	红包领取失败: 红包已被抢光了
QStory_2.6.3-release-restored\sources\top\suzhelan\qstory\hook\item\C6784.java	1072	recv_object
QStory_2.6.3-release-restored\sources\top\suzhelan\qstory\hook\item\C6784.java	1305	getString(...)
QStory_2.6.3-release-restored\sources\top\suzhelan\qstory\hook\item\C6784.java	1296	toString(...)
QStory_2.6.3-release-restored\sources\top\suzhelan\qstory\hook\item\C6784.java	1073	[QStory]领取成功:
QStory_2.6.3-release-restored\sources\top\suzhelan\qstory\hook\item\C6784.java	1973	红包描述:
QStory_2.6.3-release-restored\sources\top\suzhelan\qstory\hook\item\C6784.java	1136	发送者:
QStory_2.6.3-release-restored\sources\top\suzhelan\qstory\hook\item\C6784.java	1974	来自群聊:
QStory_2.6.3-release-restored\sources\top\suzhelan\qstory\hook\item\C6784.java	1296	toString(...)
QStory_2.6.3-release-restored\sources\top\suzhelan\qstory\hook\item\C6784.java	1061	grabToast
QStory_2.6.3-release-restored\sources\top\suzhelan\qstory\hook\item\C6784.java	1261	call to 'resume' before 'invoke' with coroutine
QStory_2.6.3-release-restored\sources\top\suzhelan\qstory\hook\item\C6785.java	1976	com.tencent.mobileqq.profilecard.component.ProfileInStepComponent
QStory_2.6.3-release-restored\sources\top\suzhelan\qstory\hook\item\C6785.java	1977	onDataUpdate
QStory_2.6.3-release-restored\sources\top\suzhelan\qstory\hook\item\C6785.java	1978	com.tencent.mobileqq.profilecard.data.ProfileCardInfo
QStory_2.6.3-release-restored\sources\top\suzhelan\qstory\hook\item\C6785.java	1795	findMethod(...)
QStory_2.6.3-release-restored\sources\top\suzhelan\qstory\hook\item\C6786.java	1257	classLoader
QStory_2.6.3-release-restored\sources\top\suzhelan\qstory\hook\item\C6786.java	1944	com.tencent.qqnt.chats.view.MiniOldStyleHeaderNew
QStory_2.6.3-release-restored\sources\top\suzhelan\qstory\hook\item\C6786.java	1945	com.tencent.qqnt.chats.view.MiniOldStyleHeader
QStory_2.6.3-release-restored\sources\top\suzhelan\qstory\hook\item\C6786.java	1946	refreshLayout
QStory_2.6.3-release-restored\sources\top\suzhelan\qstory\hook\item\C6786.java	1947	oldState
QStory_2.6.3-release-restored\sources\top\suzhelan\qstory\hook\item\C6786.java	1948	newState
QStory_2.6.3-release-restored\sources\top\suzhelan\qstory\hook\item\C6786.java	1824	find(...)
QStory_2.6.3-release-restored\sources\top\suzhelan\qstory\hook\item\C6786.java	171	com.tencent.mobileqq.activity.home.Conversation
QStory_2.6.3-release-restored\sources\top\suzhelan\qstory\hook\item\C6786.java	1949	initMiniAppEntryLayout.
QStory_2.6.3-release-restored\sources\top\suzhelan\qstory\hook\item\C6786.java	1950	initMicroAppEntryLayout.
QStory_2.6.3-release-restored\sources\top\suzhelan\qstory\hook\item\C6786.java	1951	init Mini App, cost=
QStory_2.6.3-release-restored\sources\top\suzhelan\qstory\hook\item\C6786.java	1952	com.tencent.mobileqq.mini.api.IMiniAppService
QStory_2.6.3-release-restored\sources\top\suzhelan\qstory\hook\item\C6786.java	1953	createMiniAppEntryManager
QStory_2.6.3-release-restored\sources\top\suzhelan\qstory\hook\item\C6786.java	1943	隐藏下拉小程序
QStory_2.6.3-release-restored\sources\top\suzhelan\qstory\hook\item\C6787.java	1257	classLoader
QStory_2.6.3-release-restored\sources\top\suzhelan\qstory\hook\item\C6787.java	1956	com.tencent.mobileqq.ai.avatar.api.impl.AIAvatarSwitchApiImpl
QStory_2.6.3-release-restored\sources\top\suzhelan\qstory\hook\item\C6787.java	1957	isQQShowEnableForAIO
QStory_2.6.3-release-restored\sources\top\suzhelan\qstory\hook\item\C6787.java	1958	isQQShowEnable
QStory_2.6.3-release-restored\sources\top\suzhelan\qstory\hook\item\C6787.java	1955	屏蔽聊天界面的超级QQ秀 此功能适用于9.2.25+ 重启生效
QStory_2.6.3-release-restored\sources\top\suzhelan\qstory\hook\item\CallableC6741.java	152	elements
QStory_2.6.3-release-restored\sources\top\suzhelan\qstory\hook\item\CallableC6741.java	338	elementType
QStory_2.6.3-release-restored\sources\top\suzhelan\qstory\hook\item\CallableC6741.java	511	getChatType
QStory_2.6.3-release-restored\sources\top\suzhelan\qstory\hook\item\CallableC6741.java	1081	getWalletElement
QStory_2.6.3-release-restored\sources\top\suzhelan\qstory\hook\item\CallableC6741.java	593	filePath
QStory_2.6.3-release-restored\sources\top\suzhelan\qstory\hook\item\CallableC6741.java	2013	getMContext
QStory_2.6.3-release-restored\sources\top\suzhelan\qstory\hook\item\CallableC6741.java	2014	null cannot be cast to non-null type android.content.Context
QStory_2.6.3-release-restored\sources\top\suzhelan\qstory\hook\item\CallableC6741.java	548	com.tencent.mobileqq.activity.ForwardRecentActivity
QStory_2.6.3-release-restored\sources\top\suzhelan\qstory\hook\item\CallableC6741.java	526	selection_mode
QStory_2.6.3-release-restored\sources\top\suzhelan\qstory\hook\item\CallableC6741.java	1993	direct_send_if_dataline_forward
QStory_2.6.3-release-restored\sources\top\suzhelan\qstory\hook\item\CallableC6741.java	1994	forward_text
QStory_2.6.3-release-restored\sources\top\suzhelan\qstory\hook\item\CallableC6741.java	1995	forward_type
QStory_2.6.3-release-restored\sources\top\suzhelan\qstory\hook\item\CallableC6741.java	1996	forward_from_jump
QStory_2.6.3-release-restored\sources\top\suzhelan\qstory\hook\item\CallableC6741.java	1990	ptt_forward
QStory_2.6.3-release-restored\sources\top\suzhelan\qstory\hook\item\CallableC6741.java	1997	caller_name
QStory_2.6.3-release-restored\sources\top\suzhelan\qstory\hook\item\CallableC6741.java	1998	ChatActivity
QStory_2.6.3-release-restored\sources\top\suzhelan\qstory\hook\item\CallableC6741.java	1999	k_smartdevice
QStory_2.6.3-release-restored\sources\top\suzhelan\qstory\hook\item\CallableC6741.java	2000	k_dataline
QStory_2.6.3-release-restored\sources\top\suzhelan\qstory\hook\item\CallableC6741.java	2001	is_need_show_toast
QStory_2.6.3-release-restored\sources\top\suzhelan\qstory\hook\item\CallableC6741.java	2002	k_forward_title
QStory_2.6.3-release-restored\sources\top\suzhelan\qstory\hook\item\CallableC6741.java	2003	语音转发
QStory_2.6.3-release-restored\sources\top\suzhelan\qstory\hook\item\CallableC6741.java	2004	PttForward: 启动转发界面成功
QStory_2.6.3-release-restored\sources\top\suzhelan\qstory\hook\item\CallableC6741.java	2005	PttForward: 启动转发界面失败: 
QStory_2.6.3-release-restored\sources\top\suzhelan\qstory\hook\item\NewAutoGrabHb$pares$1.java	397	com.tencent.mobileqq.qwallet.api.INewQWalletApi
QStory_2.6.3-release-restored\sources\top\suzhelan\qstory\hook\item\NewAutoGrabHb$pares$1.java	398	tenpay.com
QStory_2.6.3-release-restored\sources\top\suzhelan\qstory\hook\item\NewAutoGrabHb$pares$1.java	1105	&channel
QStory_2.6.3-release-restored\sources\top\suzhelan\qstory\hook\item\NewAutoGrabHb$pares$1.java	1106	&groupid
QStory_2.6.3-release-restored\sources\top\suzhelan\qstory\hook\item\NewAutoGrabHb$pares$1.java	1107	&grouptype
QStory_2.6.3-release-restored\sources\top\suzhelan\qstory\hook\item\NewAutoGrabHb$pares$1.java	1108	&groupuin
QStory_2.6.3-release-restored\sources\top\suzhelan\qstory\hook\item\NewAutoGrabHb$pares$1.java	1109	&pay_flag
QStory_2.6.3-release-restored\sources\top\suzhelan\qstory\hook\item\NewAutoGrabHb$pares$1.java	1110	&authkey
QStory_2.6.3-release-restored\sources\top\suzhelan\qstory\hook\item\NewAutoGrabHb$pares$1.java	1111	&senderuin
QStory_2.6.3-release-restored\sources\top\suzhelan\qstory\hook\item\NewAutoGrabHb$pares$1.java	1112	&trans_seq
QStory_2.6.3-release-restored\sources\top\suzhelan\qstory\hook\item\NewAutoGrabHb$pares$1.java	1113	&hb_from
QStory_2.6.3-release-restored\sources\top\suzhelan\qstory\hook\item\NewAutoGrabHb$pares$1.java	1296	toString(...)
QStory_2.6.3-release-restored\sources\top\suzhelan\qstory\hook\item\NewAutoGrabHb$pares$1.java	396	com.tenpay.sdk.basebl.EncryptRequest
QStory_2.6.3-release-restored\sources\top\suzhelan\qstory\hook\item\NewAutoGrabHb$pares$1.java	1114	com.tenpay.sdk.basebl.EncryptRequest$Encrypt
QStory_2.6.3-release-restored\sources\top\suzhelan\qstory\hook\item\NewAutoGrabHb$pares$1.java	474	hb_pre_grapver=2.0&chv=3
QStory_2.6.3-release-restored\sources\top\suzhelan\qstory\hook\item\NewAutoGrabHb$pares$1.java	415	tencent.im.qqwallet.QWalletHbPreGrab$QQHBRequest
QStory_2.6.3-release-restored\sources\top\suzhelan\qstory\hook\item\NewAutoGrabHb$pares$1.java	418	hb_pre_grap
QStory_2.6.3-release-restored\sources\top\suzhelan\qstory\hook\item\NewAutoGrabHb$pares$1.java	419	toByteArray
QStory_2.6.3-release-restored\sources\top\suzhelan\qstory\hook\item\NewAutoGrabHb$pares$1.java	1560	null cannot be cast to non-null type kotlin.ByteArray
QStory_2.6.3-release-restored\sources\top\suzhelan\qstory\hook\item\NewAutoGrabHb$pares$1.java	332	mqq.app.MobileQQ
QStory_2.6.3-release-restored\sources\top\suzhelan\qstory\hook\item\NewAutoGrabHb$pares$1.java	402	sMobileQQ
QStory_2.6.3-release-restored\sources\top\suzhelan\qstory\hook\item\NewAutoGrabHb$pares$1.java	401	mqq.app.NewIntent
QStory_2.6.3-release-restored\sources\top\suzhelan\qstory\hook\item\NewAutoGrabHb$pares$1.java	1918	null cannot be cast to non-null type android.content.Intent
QStory_2.6.3-release-restored\sources\top\suzhelan\qstory\hook\item\NewAutoGrabHb$pares$1.java	404	trpc.qqhb.qqhb_proxy.Handler.sso_handle
QStory_2.6.3-release-restored\sources\top\suzhelan\qstory\hook\item\NewAutoGrabHb$pares$1.java	421	setObserver
QStory_2.6.3-release-restored\sources\top\suzhelan\qstory\hook\item\NewAutoGrabHb$pares$1.java	422	mqq.observer.BusinessObserver
QStory_2.6.3-release-restored\sources\top\suzhelan\qstory\hook\item\NewAutoGrabHb$pares$1.java	422	mqq.observer.BusinessObserver
QStory_2.6.3-release-restored\sources\top\suzhelan\qstory\hook\item\NewAutoGrabHb$pares$1.java	2630	findClass(...)
QStory_2.6.3-release-restored\sources\top\suzhelan\qstory\hook\item\NewAutoGrabHb$pares$1.java	1582	newProxyInstance(...)
QStory_2.6.3-release-restored\sources\top\suzhelan\qstory\hook\item\NewAutoGrabHb$pares$1.java	423	startServlet
QStory_2.6.3-release-restored\sources\top\suzhelan\qstory\hook\item\NewAutoGrabHb$pares$1.java	1548	get(...)
QStory_2.6.3-release-restored\sources\top\suzhelan\qstory\hook\item\NewAutoGrabHb$pares$1.java	1959	parseObject(...)
QStory_2.6.3-release-restored\sources\top\suzhelan\qstory\hook\item\NewAutoGrabHb$pares$1.java	477	pre_grap_token
QStory_2.6.3-release-restored\sources\top\suzhelan\qstory\hook\item\NewAutoGrabHb$pares$1.java	1960	grabFailToast
QStory_2.6.3-release-restored\sources\top\suzhelan\qstory\hook\item\NewAutoGrabHb$pares$1.java	1961	红包预处理失败: 红包已被抢光
QStory_2.6.3-release-restored\sources\top\suzhelan\qstory\hook\item\NewAutoGrabHb$pares$1.java	1961	红包预处理失败: 红包已被抢光
QStory_2.6.3-release-restored\sources\top\suzhelan\qstory\hook\item\NewAutoGrabHb$pares$1.java	478	send_object
QStory_2.6.3-release-restored\sources\top\suzhelan\qstory\hook\item\NewAutoGrabHb$pares$1.java	1078	total_num
QStory_2.6.3-release-restored\sources\top\suzhelan\qstory\hook\item\NewAutoGrabHb$pares$1.java	1079	total_amount
QStory_2.6.3-release-restored\sources\top\suzhelan\qstory\hook\item\NewAutoGrabHb$pares$1.java	1056	blacklistTroop
QStory_2.6.3-release-restored\sources\top\suzhelan\qstory\hook\item\NewAutoGrabHb$pares$1.java	1968	群号在黑名单中
QStory_2.6.3-release-restored\sources\top\suzhelan\qstory\hook\item\NewAutoGrabHb$pares$1.java	1960	grabFailToast
QStory_2.6.3-release-restored\sources\top\suzhelan\qstory\hook\item\NewAutoGrabHb$pares$1.java	1962	红包跳过领取: 
QStory_2.6.3-release-restored\sources\top\suzhelan\qstory\hook\item\NewAutoGrabHb$pares$1.java	1962	红包跳过领取: 
QStory_2.6.3-release-restored\sources\top\suzhelan\qstory\hook\item\NewAutoGrabHb$pares$1.java	1057	blacklistText
QStory_2.6.3-release-restored\sources\top\suzhelan\qstory\hook\item\NewAutoGrabHb$pares$1.java	1969	红包描述包含关键词: 
QStory_2.6.3-release-restored\sources\top\suzhelan\qstory\hook\item\NewAutoGrabHb$pares$1.java	1060	expectAmount
QStory_2.6.3-release-restored\sources\top\suzhelan\qstory\hook\item\NewAutoGrabHb$pares$1.java	1296	toString(...)
QStory_2.6.3-release-restored\sources\top\suzhelan\qstory\hook\item\NewAutoGrabHb$pares$1.java	1296	toString(...)
QStory_2.6.3-release-restored\sources\top\suzhelan\qstory\hook\item\NewAutoGrabHb$pares$1.java	1970	红包平均金额
QStory_2.6.3-release-restored\sources\top\suzhelan\qstory\hook\item\NewAutoGrabHb$pares$1.java	1971	元，未达到期望值
QStory_2.6.3-release-restored\sources\top\suzhelan\qstory\hook\item\NewAutoGrabHb$pares$1.java	1261	call to 'resume' before 'invoke' with coroutine
QStory_2.6.3-release-restored\sources\top\suzhelan\qstory\hook\item\NewAutoGrabHb$pares$1.java	424	subchanne
QStory_2.6.3-release-restored\sources\top\suzhelan\qstory\hook\item\NewAutoGrabHb$pares$1.java	425	agreement
QStory_2.6.3-release-restored\sources\top\suzhelan\qstory\hook\item\NewAutoGrabHb$pares$1.java	426	pay_flag
QStory_2.6.3-release-restored\sources\top\suzhelan\qstory\hook\item\NewAutoGrabHb$pares$1.java	477	pre_grap_token
QStory_2.6.3-release-restored\sources\top\suzhelan\qstory\hook\item\NewAutoGrabHb$pares$1.java	427	senderuin
QStory_2.6.3-release-restored\sources\top\suzhelan\qstory\hook\item\NewAutoGrabHb$pares$1.java	428	grouptype
QStory_2.6.3-release-restored\sources\top\suzhelan\qstory\hook\item\NewAutoGrabHb$pares$1.java	429	sub_guild_id
QStory_2.6.3-release-restored\sources\top\suzhelan\qstory\hook\item\NewAutoGrabHb$pares$1.java	430	groupuin
QStory_2.6.3-release-restored\sources\top\suzhelan\qstory\hook\item\NewAutoGrabHb$pares$1.java	431	guild_id
QStory_2.6.3-release-restored\sources\top\suzhelan\qstory\hook\item\NewAutoGrabHb$pares$1.java	434	com.tenpay.sdk.net.core.processor.PsKeyProcessor
QStory_2.6.3-release-restored\sources\top\suzhelan\qstory\hook\item\NewAutoGrabHb$pares$1.java	435	INSTANCE
QStory_2.6.3-release-restored\sources\top\suzhelan\qstory\hook\item\NewAutoGrabHb$pares$1.java	437	getPsKey
QStory_2.6.3-release-restored\sources\top\suzhelan\qstory\hook\item\NewAutoGrabHb$pares$1.java	407	com.tenpay.sdk.net.core.comm.SessionKey
QStory_2.6.3-release-restored\sources\top\suzhelan\qstory\hook\item\NewAutoGrabHb$pares$1.java	2627	newInstance(...)
QStory_2.6.3-release-restored\sources\top\suzhelan\qstory\hook\item\NewAutoGrabHb$pares$1.java	407	com.tenpay.sdk.net.core.comm.SessionKey
QStory_2.6.3-release-restored\sources\top\suzhelan\qstory\hook\item\NewAutoGrabHb$pares$1.java	408	com.tenpay.sdk.net.core.statistic.StatisticInfo
QStory_2.6.3-release-restored\sources\top\suzhelan\qstory\hook\item\NewAutoGrabHb$pares$1.java	432	com.tenpay.sdk.net.core.processor.EncryptProcessor$ProcessResult
QStory_2.6.3-release-restored\sources\top\suzhelan\qstory\hook\item\NewAutoGrabHb$pares$1.java	433	processEncrypt
QStory_2.6.3-release-restored\sources\top\suzhelan\qstory\hook\item\NewAutoGrabHb$pares$1.java	414	getBodyData
QStory_2.6.3-release-restored\sources\top\suzhelan\qstory\hook\item\NewAutoGrabHb$pares$1.java	433	processEncrypt
QStory_2.6.3-release-restored\sources\top\suzhelan\qstory\hook\item\NewAutoGrabHb$pares$1.java	2628	invokeFirst(...)
QStory_2.6.3-release-restored\sources\top\suzhelan\qstory\hook\item\NewAutoGrabHb$pares$1.java	415	tencent.im.qqwallet.QWalletHbPreGrab$QQHBRequest
QStory_2.6.3-release-restored\sources\top\suzhelan\qstory\hook\item\NewAutoGrabHb$pares$1.java	416	com.tencent.mobileqq.pb.ByteStringMicro
QStory_2.6.3-release-restored\sources\top\suzhelan\qstory\hook\item\NewAutoGrabHb$pares$1.java	417	copyFromUtf8
QStory_2.6.3-release-restored\sources\top\suzhelan\qstory\hook\item\NewAutoGrabHb$pares$1.java	1296	toString(...)
QStory_2.6.3-release-restored\sources\top\suzhelan\qstory\hook\item\NewAutoGrabHb$pares$1.java	419	toByteArray
QStory_2.6.3-release-restored\sources\top\suzhelan\qstory\hook\item\NewAutoGrabHb$pares$1.java	332	mqq.app.MobileQQ
QStory_2.6.3-release-restored\sources\top\suzhelan\qstory\hook\item\NewAutoGrabHb$pares$1.java	402	sMobileQQ
QStory_2.6.3-release-restored\sources\top\suzhelan\qstory\hook\item\NewAutoGrabHb$pares$1.java	401	mqq.app.NewIntent
QStory_2.6.3-release-restored\sources\top\suzhelan\qstory\hook\item\NewAutoGrabHb$pares$1.java	1918	null cannot be cast to non-null type android.content.Intent
QStory_2.6.3-release-restored\sources\top\suzhelan\qstory\hook\item\NewAutoGrabHb$pares$1.java	404	trpc.qqhb.qqhb_proxy.Handler.sso_handle
QStory_2.6.3-release-restored\sources\top\suzhelan\qstory\hook\item\NewAutoGrabHb$pares$1.java	421	setObserver
QStory_2.6.3-release-restored\sources\top\suzhelan\qstory\hook\item\NewAutoGrabHb$pares$1.java	422	mqq.observer.BusinessObserver
QStory_2.6.3-release-restored\sources\top\suzhelan\qstory\hook\item\NewAutoGrabHb$pares$1.java	422	mqq.observer.BusinessObserver
QStory_2.6.3-release-restored\sources\top\suzhelan\qstory\hook\item\NewAutoGrabHb$pares$1.java	2630	findClass(...)
QStory_2.6.3-release-restored\sources\top\suzhelan\qstory\hook\item\NewAutoGrabHb$pares$1.java	1582	newProxyInstance(...)
QStory_2.6.3-release-restored\sources\top\suzhelan\qstory\hook\item\NewAutoGrabHb$pares$1.java	423	startServlet
QStory_2.6.3-release-restored\sources\top\suzhelan\qstory\hook\item\NewAutoGrabHb$pares$1.java	1548	get(...)
QStory_2.6.3-release-restored\sources\top\suzhelan\qstory\hook\item\NewAutoGrabHb$pares$1.java	1058	replyText
QStory_2.6.3-release-restored\sources\top\suzhelan\qstory\hook\item\NewAutoGrabHb$pares$1.java	1963	delayReply
QStory_2.6.3-release-restored\sources\top\suzhelan\qstory\hook\item\RunnableC6740.java	1062	ordinary
QStory_2.6.3-release-restored\sources\top\suzhelan\qstory\hook\item\RunnableC6740.java	1063	exclusiveRedEnvelopes
QStory_2.6.3-release-restored\sources\top\suzhelan\qstory\hook\item\RunnableC6740.java	1056	blacklistTroop
QStory_2.6.3-release-restored\sources\top\suzhelan\qstory\hook\item\RunnableC6740.java	1057	blacklistText
QStory_2.6.3-release-restored\sources\top\suzhelan\qstory\hook\item\RunnableC6740.java	1115	com.tencent.mobileqq.qwallet.e.p
QStory_2.6.3-release-restored\sources\top\suzhelan\qstory\hook\item\RunnableC6740.java	1116	[QStory]未适配此QQ版本抢红包
QStory_2.6.3-release-restored\sources\top\suzhelan\qstory\hook\item\RunnableC6740.java	398	tenpay.com
QStory_2.6.3-release-restored\sources\top\suzhelan\qstory\hook\item\RunnableC6740.java	1105	&channel
QStory_2.6.3-release-restored\sources\top\suzhelan\qstory\hook\item\RunnableC6740.java	1106	&groupid
QStory_2.6.3-release-restored\sources\top\suzhelan\qstory\hook\item\RunnableC6740.java	1107	&grouptype
QStory_2.6.3-release-restored\sources\top\suzhelan\qstory\hook\item\RunnableC6740.java	1108	&groupuin
QStory_2.6.3-release-restored\sources\top\suzhelan\qstory\hook\item\RunnableC6740.java	1109	&pay_flag
QStory_2.6.3-release-restored\sources\top\suzhelan\qstory\hook\item\RunnableC6740.java	1110	&authkey
QStory_2.6.3-release-restored\sources\top\suzhelan\qstory\hook\item\RunnableC6740.java	1111	&senderuin
QStory_2.6.3-release-restored\sources\top\suzhelan\qstory\hook\item\RunnableC6740.java	1112	&trans_seq
QStory_2.6.3-release-restored\sources\top\suzhelan\qstory\hook\item\RunnableC6740.java	1113	&hb_from
QStory_2.6.3-release-restored\sources\top\suzhelan\qstory\hook\item\RunnableC6740.java	396	com.tenpay.sdk.basebl.EncryptRequest
QStory_2.6.3-release-restored\sources\top\suzhelan\qstory\hook\item\RunnableC6740.java	1114	com.tenpay.sdk.basebl.EncryptRequest$Encrypt
QStory_2.6.3-release-restored\sources\top\suzhelan\qstory\hook\item\RunnableC6740.java	474	hb_pre_grapver=2.0&chv=3
QStory_2.6.3-release-restored\sources\top\suzhelan\qstory\hook\item\RunnableC6740.java	415	tencent.im.qqwallet.QWalletHbPreGrab$QQHBRequest
QStory_2.6.3-release-restored\sources\top\suzhelan\qstory\hook\item\RunnableC6740.java	418	hb_pre_grap
QStory_2.6.3-release-restored\sources\top\suzhelan\qstory\hook\item\RunnableC6740.java	419	toByteArray
QStory_2.6.3-release-restored\sources\top\suzhelan\qstory\hook\item\RunnableC6740.java	332	mqq.app.MobileQQ
QStory_2.6.3-release-restored\sources\top\suzhelan\qstory\hook\item\RunnableC6740.java	402	sMobileQQ
QStory_2.6.3-release-restored\sources\top\suzhelan\qstory\hook\item\RunnableC6740.java	401	mqq.app.NewIntent
QStory_2.6.3-release-restored\sources\top\suzhelan\qstory\hook\item\RunnableC6740.java	404	trpc.qqhb.qqhb_proxy.Handler.sso_handle
QStory_2.6.3-release-restored\sources\top\suzhelan\qstory\hook\item\RunnableC6740.java	421	setObserver
QStory_2.6.3-release-restored\sources\top\suzhelan\qstory\hook\item\RunnableC6740.java	422	mqq.observer.BusinessObserver
QStory_2.6.3-release-restored\sources\top\suzhelan\qstory\hook\item\RunnableC6740.java	422	mqq.observer.BusinessObserver
QStory_2.6.3-release-restored\sources\top\suzhelan\qstory\hook\item\RunnableC6740.java	423	startServlet
QStory_2.6.3-release-restored\sources\top\suzhelan\qstory\hook\item\RunnableC6740.java	401	mqq.app.NewIntent
QStory_2.6.3-release-restored\sources\top\suzhelan\qstory\hook\item\RunnableC6769.java	260	跳广告错误:
QStory_2.6.3-release-restored\sources\top\suzhelan\qstory\hook\item\RunnableC6769.java	1277	getDefault(...)
QStory_2.6.3-release-restored\sources\top\suzhelan\qstory\hook\item\RunnableC6769.java	1278	toUpperCase(...)
QStory_2.6.3-release-restored\sources\top\suzhelan\qstory\hook\item\ViewOnClickListenerC6742.java	1056	blacklistTroop
QStory_2.6.3-release-restored\sources\top\suzhelan\qstory\hook\item\ViewOnClickListenerC6742.java	1057	blacklistText
QStory_2.6.3-release-restored\sources\top\suzhelan\qstory\hook\item\ViewOnClickListenerC6742.java	1058	replyText
QStory_2.6.3-release-restored\sources\top\suzhelan\qstory\hook\item\ViewOnClickListenerC6742.java	1059	replyDelay
QStory_2.6.3-release-restored\sources\top\suzhelan\qstory\hook\item\ViewOnClickListenerC6742.java	1059	replyDelay
QStory_2.6.3-release-restored\sources\top\suzhelan\qstory\hook\item\ViewOnClickListenerC6742.java	1060	expectAmount
QStory_2.6.3-release-restored\sources\top\suzhelan\qstory\hook\item\ViewOnClickListenerC6742.java	1060	expectAmount
QStory_2.6.3-release-restored\sources\top\suzhelan\qstory\hook\item\ViewOnClickListenerC6742.java	1061	grabToast
QStory_2.6.3-release-restored\sources\top\suzhelan\qstory\hook\item\ViewOnClickListenerC6742.java	1062	ordinary
QStory_2.6.3-release-restored\sources\top\suzhelan\qstory\hook\item\ViewOnClickListenerC6742.java	1063	exclusiveRedEnvelopes
QStory_2.6.3-release-restored\sources\top\suzhelan\qstory\hook\item\ViewOnClickListenerC6742.java	516	已保存
QStory_2.6.3-release-restored\sources\top\suzhelan\qstory\hook\item\ViewOnClickListenerC6742.java	1293	<unused var>
QStory_2.6.3-release-restored\sources\top\suzhelan\qstory\hook\item\ViewOnClickListenerC6742.java	1056	blacklistTroop
QStory_2.6.3-release-restored\sources\top\suzhelan\qstory\hook\item\ViewOnClickListenerC6742.java	1057	blacklistText
QStory_2.6.3-release-restored\sources\top\suzhelan\qstory\hook\item\ViewOnClickListenerC6742.java	1058	replyText
QStory_2.6.3-release-restored\sources\top\suzhelan\qstory\hook\item\ViewOnClickListenerC6742.java	1963	delayReply
QStory_2.6.3-release-restored\sources\top\suzhelan\qstory\hook\item\ViewOnClickListenerC6742.java	1963	delayReply
QStory_2.6.3-release-restored\sources\top\suzhelan\qstory\hook\item\ViewOnClickListenerC6742.java	1061	grabToast
QStory_2.6.3-release-restored\sources\top\suzhelan\qstory\hook\item\ViewOnClickListenerC6742.java	1960	grabFailToast
QStory_2.6.3-release-restored\sources\top\suzhelan\qstory\hook\item\ViewOnClickListenerC6742.java	1062	ordinary
QStory_2.6.3-release-restored\sources\top\suzhelan\qstory\hook\item\ViewOnClickListenerC6742.java	1063	exclusiveRedEnvelopes
QStory_2.6.3-release-restored\sources\top\suzhelan\qstory\hook\item\ViewOnClickListenerC6742.java	1060	expectAmount
QStory_2.6.3-release-restored\sources\top\suzhelan\qstory\hook\item\ViewOnClickListenerC6742.java	1060	expectAmount
QStory_2.6.3-release-restored\sources\top\suzhelan\qstory\hook\item\ViewOnClickListenerC6742.java	516	已保存
QStory_2.6.3-release-restored\sources\top\suzhelan\qstory\hook\item\chat\C6654.java	2249	com.tencent.mobileqq.app
QStory_2.6.3-release-restored\sources\top\suzhelan\qstory\hook\item\chat\C6654.java	2250	moveEmotion exception =
QStory_2.6.3-release-restored\sources\top\suzhelan\qstory\hook\item\chat\C6654.java	1257	classLoader
QStory_2.6.3-release-restored\sources\top\suzhelan\qstory\hook\item\chat\C6654.java	2248	com.tencent.mobileqq.emoticonview.FavoriteEmotionAdapter
QStory_2.6.3-release-restored\sources\top\suzhelan\qstory\hook\item\chat\C6654.java	2247	com.tencent.mobileqq.app.FavEmoRoamingHandler
QStory_2.6.3-release-restored\sources\top\suzhelan\qstory\hook\item\chat\C6654.java	1555	getDeclaredMethods(...)
QStory_2.6.3-release-restored\sources\top\suzhelan\qstory\hook\item\chat\C6654.java	314	onReceive
QStory_2.6.3-release-restored\sources\top\suzhelan\qstory\hook\item\chat\C6654.java	2246	发送收藏的表情后优先自动排序在最前面
QStory_2.6.3-release-restored\sources\top\suzhelan\qstory\hook\item\chat\C6655.java	1257	classLoader
QStory_2.6.3-release-restored\sources\top\suzhelan\qstory\hook\item\chat\C6655.java	2237	com.tencent.qqnt.troop.impl.TroopGagUtils
QStory_2.6.3-release-restored\sources\top\suzhelan\qstory\hook\item\chat\C6655.java	2238	remainingTimeToStringCountDown
QStory_2.6.3-release-restored\sources\top\suzhelan\qstory\hook\item\chat\C6656.java	1257	classLoader
QStory_2.6.3-release-restored\sources\top\suzhelan\qstory\hook\item\chat\C6656.java	157	仅支持QQNT
QStory_2.6.3-release-restored\sources\top\suzhelan\qstory\hook\item\chat\C6657.java	2245	com.tencent.qqnt.kernel.nativeinterface.MemberInfo
QStory_2.6.3-release-restored\sources\top\suzhelan\qstory\hook\item\chat\C6657.java	1985	getDeclaredFields(...)
QStory_2.6.3-release-restored\sources\top\suzhelan\qstory\hook\item\chat\C6657.java	1257	classLoader
QStory_2.6.3-release-restored\sources\top\suzhelan\qstory\hook\item\chat\C6657.java	2243	com.tencent.mobileqq.aio.input.at.common.SubmitListEvent
QStory_2.6.3-release-restored\sources\top\suzhelan\qstory\hook\item\chat\C6657.java	2244	getItemList
QStory_2.6.3-release-restored\sources\top\suzhelan\qstory\hook\item\chat\C6658.java	1257	classLoader
QStory_2.6.3-release-restored\sources\top\suzhelan\qstory\hook\item\chat\C6658.java	2241	com.tencent.mobileqq.profilecard.component.troop.ElegantProfileTroopMemInfoComponent
QStory_2.6.3-release-restored\sources\top\suzhelan\qstory\hook\item\chat\C6658.java	1555	getDeclaredMethods(...)
QStory_2.6.3-release-restored\sources\top\suzhelan\qstory\hook\item\chat\C6658.java	2242	getTroopMemeJoinTime
QStory_2.6.3-release-restored\sources\top\suzhelan\qstory\hook\item\chat\C6658.java	2240	用于直接查看已退群用户的发言记录，在群成员信息页显示加入时间
QStory_2.6.3-release-restored\sources\top\suzhelan\qstory\hook\item\chat\C6659.java	2225	com.tencent.mobileqq.aio.input
QStory_2.6.3-release-restored\sources\top\suzhelan\qstory\hook\item\chat\C6659.java	2226	com.tencent.mvi.base.route.MsgIntent
QStory_2.6.3-release-restored\sources\top\suzhelan\qstory\hook\item\chat\C6659.java	2227	mContext
QStory_2.6.3-release-restored\sources\top\suzhelan\qstory\hook\item\chat\C6659.java	1431	senderUid
QStory_2.6.3-release-restored\sources\top\suzhelan\qstory\hook\item\chat\C6659.java	2225	com.tencent.mobileqq.aio.input
QStory_2.6.3-release-restored\sources\top\suzhelan\qstory\hook\item\chat\C6659.java	160	com.tencent.mobileqq.aio.msg.AIOMsgItem
QStory_2.6.3-release-restored\sources\top\suzhelan\qstory\hook\item\chat\C6659.java	2227	mContext
QStory_2.6.3-release-restored\sources\top\suzhelan\qstory\hook\item\chat\C6659.java	1431	senderUid
QStory_2.6.3-release-restored\sources\top\suzhelan\qstory\hook\item\chat\C6659.java	2225	com.tencent.mobileqq.aio.input
QStory_2.6.3-release-restored\sources\top\suzhelan\qstory\hook\item\chat\C6659.java	160	com.tencent.mobileqq.aio.msg.AIOMsgItem
QStory_2.6.3-release-restored\sources\top\suzhelan\qstory\hook\item\chat\C6659.java	2228	msgItem.msgRecord.senderUid
QStory_2.6.3-release-restored\sources\top\suzhelan\qstory\hook\item\chat\C6659.java	160	com.tencent.mobileqq.aio.msg.AIOMsgItem
QStory_2.6.3-release-restored\sources\top\suzhelan\qstory\hook\item\chat\C6659.java	164	getMsgRecord
QStory_2.6.3-release-restored\sources\top\suzhelan\qstory\hook\item\chat\C6659.java	2229	anonymousExtInfo
QStory_2.6.3-release-restored\sources\top\suzhelan\qstory\hook\item\chat\C6659.java	2230	com.tencent.mobileqq.aio.utils
QStory_2.6.3-release-restored\sources\top\suzhelan\qstory\hook\item\chat\C6659.java	1257	classLoader
QStory_2.6.3-release-restored\sources\top\suzhelan\qstory\hook\item\chat\C6660.java	1257	classLoader
QStory_2.6.3-release-restored\sources\top\suzhelan\qstory\hook\item\chat\C6660.java	137	com.tencent.qqnt.kernel.nativeinterface.IKernelMsgService$CppProxy
QStory_2.6.3-release-restored\sources\top\suzhelan\qstory\hook\item\chat\C6660.java	133	com.tencent.qqnt.kernel.nativeinterface.Contact
QStory_2.6.3-release-restored\sources\top\suzhelan\qstory\hook\item\chat\C6660.java	136	com.tencent.qqnt.kernel.nativeinterface.IOperateCallback
QStory_2.6.3-release-restored\sources\top\suzhelan\qstory\hook\item\chat\C6660.java	1549	first(...)
QStory_2.6.3-release-restored\sources\top\suzhelan\qstory\hook\item\chat\C6660.java	2231	发送消息重新格式化排版，在英文单词数字与中文之间用空格隔开，让消息更加美观
QStory_2.6.3-release-restored\sources\top\suzhelan\qstory\hook\item\chat\C6664.java	1542	drawable
QStory_2.6.3-release-restored\sources\top\suzhelan\qstory\hook\item\chat\C6664.java	2224	createBitmap(...)
QStory_2.6.3-release-restored\sources\top\suzhelan\qstory\hook\item\chat\C6664.java	2224	createBitmap(...)
QStory_2.6.3-release-restored\sources\top\suzhelan\qstory\hook\item\chat\C6664.java	164	getMsgRecord
QStory_2.6.3-release-restored\sources\top\suzhelan\qstory\hook\item\chat\C6664.java	1909	msgRecord
QStory_2.6.3-release-restored\sources\top\suzhelan\qstory\hook\item\chat\C6664.java	152	elements
QStory_2.6.3-release-restored\sources\top\suzhelan\qstory\hook\item\chat\C6664.java	1253	iterator(...)
QStory_2.6.3-release-restored\sources\top\suzhelan\qstory\hook\item\chat\C6664.java	338	elementType
QStory_2.6.3-release-restored\sources\top\suzhelan\qstory\hook\item\chat\C6664.java	1985	getDeclaredFields(...)
QStory_2.6.3-release-restored\sources\top\suzhelan\qstory\hook\item\chat\C6664.java	2214	kotlin.Lazy
QStory_2.6.3-release-restored\sources\top\suzhelan\qstory\hook\item\chat\C6664.java	2215	getMethods(...)
QStory_2.6.3-release-restored\sources\top\suzhelan\qstory\hook\item\chat\C6664.java	2216	getValue
QStory_2.6.3-release-restored\sources\top\suzhelan\qstory\hook\item\chat\C6664.java	1257	classLoader
QStory_2.6.3-release-restored\sources\top\suzhelan\qstory\hook\item\chat\C6664.java	2223	RepetitionPlus
QStory_2.6.3-release-restored\sources\top\suzhelan\qstory\hook\item\chat\C6664.java	2213	com.tencent.mobileqq.aio.msglist.holder.component.msgfollow.AIOMsgFollowComponent
QStory_2.6.3-release-restored\sources\top\suzhelan\qstory\hook\item\chat\C6664.java	1555	getDeclaredMethods(...)
QStory_2.6.3-release-restored\sources\top\suzhelan\qstory\hook\item\chat\C6664.java	2222	QQ自带的复读位置 偏下 容易坏 请勿和消息复读同时开启 否则不会发生什么 点击可以配置一些参数
QStory_2.6.3-release-restored\sources\top\suzhelan\qstory\hook\item\chat\C6666.java	160	com.tencent.mobileqq.aio.msg.AIOMsgItem
QStory_2.6.3-release-restored\sources\top\suzhelan\qstory\hook\item\chat\C6666.java	2132	com.tencent.qqnt.aio.widget.AIOMsgTextView
QStory_2.6.3-release-restored\sources\top\suzhelan\qstory\hook\item\chat\C6666.java	1257	classLoader
QStory_2.6.3-release-restored\sources\top\suzhelan\qstory\hook\item\chat\C6666.java	2188	QuickEditResendMessage
QStory_2.6.3-release-restored\sources\top\suzhelan\qstory\hook\item\chat\C6666.java	2189	hook message menu failed
QStory_2.6.3-release-restored\sources\top\suzhelan\qstory\hook\item\chat\C6666.java	2187	长按文本消息显示修改内容按钮，仅修改本地聊天界面显示内容。
QStory_2.6.3-release-restored\sources\top\suzhelan\qstory\hook\item\chat\C6666.java	158	com.tencent.qqnt.aio.menu.ui.QQCustomMenuExpandableLayout
QStory_2.6.3-release-restored\sources\top\suzhelan\qstory\hook\item\chat\C6666.java	159	com.tencent.qqnt.aio.menu.ui.QQCustomMenuNoIconLayout
QStory_2.6.3-release-restored\sources\top\suzhelan\qstory\hook\item\chat\C6667.java	1908	msgItemView
QStory_2.6.3-release-restored\sources\top\suzhelan\qstory\hook\item\chat\C6667.java	1909	msgRecord
QStory_2.6.3-release-restored\sources\top\suzhelan\qstory\hook\item\chat\C6667.java	2133	getAllChildViews(...)
QStory_2.6.3-release-restored\sources\top\suzhelan\qstory\hook\item\chat\C6667.java	2132	com.tencent.qqnt.aio.widget.AIOMsgTextView
QStory_2.6.3-release-restored\sources\top\suzhelan\qstory\hook\item\chat\C6667.java	152	elements
QStory_2.6.3-release-restored\sources\top\suzhelan\qstory\hook\item\chat\C6667.java	153	getArkElement
QStory_2.6.3-release-restored\sources\top\suzhelan\qstory\hook\item\chat\C6667.java	154	bytesData
QStory_2.6.3-release-restored\sources\top\suzhelan\qstory\hook\item\chat\C6667.java	155	长按复制卡片
QStory_2.6.3-release-restored\sources\top\suzhelan\qstory\hook\item\chat\C6670.java	2181	防撤回数据库
QStory_2.6.3-release-restored\sources\top\suzhelan\qstory\hook\item\chat\C6670.java	2183	friendCache
QStory_2.6.3-release-restored\sources\top\suzhelan\qstory\hook\item\chat\C6670.java	2184	groupCache
QStory_2.6.3-release-restored\sources\top\suzhelan\qstory\hook\item\chat\C6670.java	1411	callback
QStory_2.6.3-release-restored\sources\top\suzhelan\qstory\hook\item\chat\C6670.java	1556	com.tencent.qqnt.kernel.nativeinterface.IQQNTWrapperSession$CppProxy
QStory_2.6.3-release-restored\sources\top\suzhelan\qstory\hook\item\chat\C6670.java	1557	com.tencent.qqnt.kernel.nativeinterface.PushExtraInfo
QStory_2.6.3-release-restored\sources\top\suzhelan\qstory\hook\item\chat\C6670.java	1558	onMsfPush
QStory_2.6.3-release-restored\sources\top\suzhelan\qstory\hook\item\chat\C6670.java	2182	适配QQNT
QStory_2.6.3-release-restored\sources\top\suzhelan\qstory\hook\item\chat\C6670.java	1912	androidx.constraintlayout.widget.ConstraintLayout$LayoutParams
QStory_2.6.3-release-restored\sources\top\suzhelan\qstory\hook\item\chat\C6670.java	1914	startToStart
QStory_2.6.3-release-restored\sources\top\suzhelan\qstory\hook\item\chat\C6670.java	1915	endToEnd
QStory_2.6.3-release-restored\sources\top\suzhelan\qstory\hook\item\chat\C6670.java	1916	topToTop
QStory_2.6.3-release-restored\sources\top\suzhelan\qstory\hook\item\chat\C6670.java	2185	该消息已
QStory_2.6.3-release-restored\sources\top\suzhelan\qstory\hook\item\chat\C6672.java	1257	classLoader
QStory_2.6.3-release-restored\sources\top\suzhelan\qstory\hook\item\chat\C6672.java	2212	Repetition
QStory_2.6.3-release-restored\sources\top\suzhelan\qstory\hook\item\chat\C6672.java	2213	com.tencent.mobileqq.aio.msglist.holder.component.msgfollow.AIOMsgFollowComponent
QStory_2.6.3-release-restored\sources\top\suzhelan\qstory\hook\item\chat\C6672.java	2211	传统消息居中位置 点击可设置一些复读参数
QStory_2.6.3-release-restored\sources\top\suzhelan\qstory\hook\item\chat\C6674.java	1257	classLoader
QStory_2.6.3-release-restored\sources\top\suzhelan\qstory\hook\item\chat\C6674.java	2205	ChatSelectorConfig
QStory_2.6.3-release-restored\sources\top\suzhelan\qstory\hook\item\chat\C6674.java	1549	first(...)
QStory_2.6.3-release-restored\sources\top\suzhelan\qstory\hook\item\chat\C6674.java	1801	getDeclaredConstructors(...)
QStory_2.6.3-release-restored\sources\top\suzhelan\qstory\hook\item\chat\C6674.java	2199	解除转发联系人时最多选择9人的限制
QStory_2.6.3-release-restored\sources\top\suzhelan\qstory\hook\item\chat\C6674.java	2205	ChatSelectorConfig
QStory_2.6.3-release-restored\sources\top\suzhelan\qstory\hook\item\chat\C6674.java	1549	first(...)
QStory_2.6.3-release-restored\sources\top\suzhelan\qstory\hook\item\chat\C6674.java	548	com.tencent.mobileqq.activity.ForwardRecentActivity
QStory_2.6.3-release-restored\sources\top\suzhelan\qstory\hook\item\chat\C6674.java	2201	getClass(...)
QStory_2.6.3-release-restored\sources\top\suzhelan\qstory\hook\item\chat\C6674.java	533	com.tencent.mobileqq.activity.ForwardFriendListActivity
QStory_2.6.3-release-restored\sources\top\suzhelan\qstory\hook\item\chat\C6674.java	2201	getClass(...)
QStory_2.6.3-release-restored\sources\top\suzhelan\qstory\hook\item\chat\C6674.java	536	com.tencent.mobileqq.activity.ForwardTroopListFragment
QStory_2.6.3-release-restored\sources\top\suzhelan\qstory\hook\item\chat\C6674.java	2201	getClass(...)
QStory_2.6.3-release-restored\sources\top\suzhelan\qstory\hook\item\chat\C6674.java	2202	recentClass
QStory_2.6.3-release-restored\sources\top\suzhelan\qstory\hook\item\chat\C6674.java	1801	getDeclaredConstructors(...)
QStory_2.6.3-release-restored\sources\top\suzhelan\qstory\hook\item\chat\C6674.java	2203	friendClass
QStory_2.6.3-release-restored\sources\top\suzhelan\qstory\hook\item\chat\C6674.java	1801	getDeclaredConstructors(...)
QStory_2.6.3-release-restored\sources\top\suzhelan\qstory\hook\item\chat\C6674.java	2204	troopClass
QStory_2.6.3-release-restored\sources\top\suzhelan\qstory\hook\item\chat\C6674.java	1801	getDeclaredConstructors(...)
QStory_2.6.3-release-restored\sources\top\suzhelan\qstory\hook\item\chat\C6675.java	1257	classLoader
QStory_2.6.3-release-restored\sources\top\suzhelan\qstory\hook\item\chat\C6675.java	176	com.tencent.qqnt.aio.shortcutbar.PanelIconLinearLayout
QStory_2.6.3-release-restored\sources\top\suzhelan\qstory\hook\item\chat\C6675.java	1256	loadClass(...)
QStory_2.6.3-release-restored\sources\top\suzhelan\qstory\hook\item\chat\C6675.java	1555	getDeclaredMethods(...)
QStory_2.6.3-release-restored\sources\top\suzhelan\qstory\hook\item\chat\C6675.java	177	No method found
QStory_2.6.3-release-restored\sources\top\suzhelan\qstory\hook\item\chat\C6675.java	2197	被云控后出现(9250后一定出现)
QStory_2.6.3-release-restored\sources\top\suzhelan\qstory\hook\item\chat\C6676.java	2193	com.tencent.qqnt.aio.api.impl.AIOEmoReplyMenuApiImpl
QStory_2.6.3-release-restored\sources\top\suzhelan\qstory\hook\item\chat\C6676.java	2194	getSeparateEmoReplyMenuView
QStory_2.6.3-release-restored\sources\top\suzhelan\qstory\hook\item\chat\C6676.java	2195	getEmoReplyMenuView
QStory_2.6.3-release-restored\sources\top\suzhelan\qstory\hook\item\chat\C6676.java	1555	getDeclaredMethods(...)
QStory_2.6.3-release-restored\sources\top\suzhelan\qstory\hook\item\chat\C6676.java	2196	com.tencent.mobileqq.aio.msglist.holder.component.msgtail.AIOGeneralMsgTailContentComponent
QStory_2.6.3-release-restored\sources\top\suzhelan\qstory\hook\item\chat\C6676.java	1555	getDeclaredMethods(...)
QStory_2.6.3-release-restored\sources\top\suzhelan\qstory\hook\item\chat\C6676.java	2192	对表情回应灰字 表情回应菜单 显示在消息下方的已回应表情进行隐藏
QStory_2.6.3-release-restored\sources\top\suzhelan\qstory\hook\item\chat\C6678.java	1257	classLoader
QStory_2.6.3-release-restored\sources\top\suzhelan\qstory\hook\item\chat\C6678.java	1555	getDeclaredMethods(...)
QStory_2.6.3-release-restored\sources\top\suzhelan\qstory\hook\item\chat\C6678.java	2141	Array contains more than one matching element.
QStory_2.6.3-release-restored\sources\top\suzhelan\qstory\hook\item\chat\C6678.java	2142	Array contains no element matching the predicate.
QStory_2.6.3-release-restored\sources\top\suzhelan\qstory\hook\item\chat\C6679.java	1257	classLoader
QStory_2.6.3-release-restored\sources\top\suzhelan\qstory\hook\item\chat\C6679.java	2138	com.tencent.mobileqq.aio.panel.photo.PhotoPanelVB
QStory_2.6.3-release-restored\sources\top\suzhelan\qstory\hook\item\chat\C6679.java	1550	handleUIState
QStory_2.6.3-release-restored\sources\top\suzhelan\qstory\hook\item\chat\C6679.java	2139	com.tencent.qqnt.qbasealbum.model.Config
QStory_2.6.3-release-restored\sources\top\suzhelan\qstory\hook\item\chat\C6679.java	2140	com.tencent.qqnt.qbasealbum.WinkHomeActivity
QStory_2.6.3-release-restored\sources\top\suzhelan\qstory\hook\item\chat\C6679.java	73	onCreate
QStory_2.6.3-release-restored\sources\top\suzhelan\qstory\hook\item\chat\C6679.java	2137	适配QQNT 不支持频道
QStory_2.6.3-release-restored\sources\top\suzhelan\qstory\hook\item\chat\C6680.java	2136	key_is_quality_raw
QStory_2.6.3-release-restored\sources\top\suzhelan\qstory\hook\item\chat\C6681.java	1257	classLoader
QStory_2.6.3-release-restored\sources\top\suzhelan\qstory\hook\item\chat\C6681.java	2131	消息有艾特时可点击跳转到艾特目标资料卡
QStory_2.6.3-release-restored\sources\top\suzhelan\qstory\hook\item\chat\C6681.java	1908	msgItemView
QStory_2.6.3-release-restored\sources\top\suzhelan\qstory\hook\item\chat\C6681.java	1909	msgRecord
QStory_2.6.3-release-restored\sources\top\suzhelan\qstory\hook\item\chat\C6681.java	152	elements
QStory_2.6.3-release-restored\sources\top\suzhelan\qstory\hook\item\chat\C6681.java	1588	getField(...)
QStory_2.6.3-release-restored\sources\top\suzhelan\qstory\hook\item\chat\C6681.java	1253	iterator(...)
QStory_2.6.3-release-restored\sources\top\suzhelan\qstory\hook\item\chat\C6681.java	1254	next(...)
QStory_2.6.3-release-restored\sources\top\suzhelan\qstory\hook\item\chat\C6681.java	338	elementType
QStory_2.6.3-release-restored\sources\top\suzhelan\qstory\hook\item\chat\C6681.java	247	getTextElement
QStory_2.6.3-release-restored\sources\top\suzhelan\qstory\hook\item\chat\C6681.java	339	getContent
QStory_2.6.3-release-restored\sources\top\suzhelan\qstory\hook\item\chat\C6681.java	2132	com.tencent.qqnt.aio.widget.AIOMsgTextView
QStory_2.6.3-release-restored\sources\top\suzhelan\qstory\hook\item\chat\C6681.java	2133	getAllChildViews(...)
QStory_2.6.3-release-restored\sources\top\suzhelan\qstory\hook\item\chat\C6681.java	2134	null cannot be cast to non-null type android.widget.TextView
QStory_2.6.3-release-restored\sources\top\suzhelan\qstory\hook\item\chat\C6681.java	2135	getSpans(...)
QStory_2.6.3-release-restored\sources\top\suzhelan\qstory\hook\item\chat\C6681.java	1296	toString(...)
QStory_2.6.3-release-restored\sources\top\suzhelan\qstory\hook\item\chat\C6682.java	2121	troopUin
QStory_2.6.3-release-restored\sources\top\suzhelan\qstory\hook\item\chat\C6682.java	2122	com.tencent.mobileqq.profilecard.data.AllInOne
QStory_2.6.3-release-restored\sources\top\suzhelan\qstory\hook\item\chat\C6682.java	2121	troopUin
QStory_2.6.3-release-restored\sources\top\suzhelan\qstory\hook\item\chat\C6682.java	2123	troopCode
QStory_2.6.3-release-restored\sources\top\suzhelan\qstory\hook\item\chat\C6682.java	2124	profileEntryType
QStory_2.6.3-release-restored\sources\top\suzhelan\qstory\hook\item\chat\C6682.java	2125	subSourceId
QStory_2.6.3-release-restored\sources\top\suzhelan\qstory\hook\item\chat\C6682.java	2126	enter_page_sourceid
QStory_2.6.3-release-restored\sources\top\suzhelan\qstory\hook\item\chat\C6682.java	2127	enter_page_subsourceid
QStory_2.6.3-release-restored\sources\top\suzhelan\qstory\hook\item\chat\C6682.java	2047	com.tencent.mobileqq.profilecard.activity.FriendProfileCardActivity
QStory_2.6.3-release-restored\sources\top\suzhelan\qstory\hook\item\chat\C6682.java	2128	memberUin
QStory_2.6.3-release-restored\sources\top\suzhelan\qstory\hook\item\chat\C6682.java	2121	troopUin
QStory_2.6.3-release-restored\sources\top\suzhelan\qstory\hook\item\chat\C6682.java	2129	AllInOne
QStory_2.6.3-release-restored\sources\top\suzhelan\qstory\hook\item\chat\C6682.java	2130	null cannot be cast to non-null type android.os.Parcelable
QStory_2.6.3-release-restored\sources\top\suzhelan\qstory\hook\item\chat\C6683.java	1257	classLoader
QStory_2.6.3-release-restored\sources\top\suzhelan\qstory\hook\item\chat\C6683.java	2168	chat_summary.compose
QStory_2.6.3-release-restored\sources\top\suzhelan\qstory\hook\item\chat\C6683.java	2169	未读消息较多时，可以进行群聊总结
QStory_2.6.3-release-restored\sources\top\suzhelan\qstory\hook\item\chat\C6683.java	2170	立即总结
QStory_2.6.3-release-restored\sources\top\suzhelan\qstory\hook\item\chat\C6683.java	1824	find(...)
QStory_2.6.3-release-restored\sources\top\suzhelan\qstory\hook\item\chat\C6683.java	1820	getName(...)
QStory_2.6.3-release-restored\sources\top\suzhelan\qstory\hook\item\chat\C6683.java	2171	SummaryGenGuideViewKt
QStory_2.6.3-release-restored\sources\top\suzhelan\qstory\hook\item\chat\C6683.java	2167	强制启用'立即总结'按钮，支持QQ 9.2.35+
QStory_2.6.3-release-restored\sources\top\suzhelan\qstory\hook\item\chat\C6684.java	160	com.tencent.mobileqq.aio.msg.AIOMsgItem
QStory_2.6.3-release-restored\sources\top\suzhelan\qstory\hook\item\chat\C6684.java	161	com.tencent.mobileqq.aio.msglist.holder.component.pic.AIOPicContentComponent
QStory_2.6.3-release-restored\sources\top\suzhelan\qstory\hook\item\chat\C6684.java	162	com.tencent.mobileqq.aio.msglist.holder.component.mix.AIOMixContentComponent
QStory_2.6.3-release-restored\sources\top\suzhelan\qstory\hook\item\chat\C6684.java	163	com.tencent.mobileqq.aio.msglist.holder.component.BaseContentComponent
QStory_2.6.3-release-restored\sources\top\suzhelan\qstory\hook\item\chat\C6684.java	2166	长按表情消息出现,用于弥补在9.2.20上无法下载表情的问题
QStory_2.6.3-release-restored\sources\top\suzhelan\qstory\hook\item\chat\C6685.java	1257	classLoader
QStory_2.6.3-release-restored\sources\top\suzhelan\qstory\hook\item\chat\C6685.java	2180	com.tencent.mobileqq.paiyipai.PaiYiPaiHandler
QStory_2.6.3-release-restored\sources\top\suzhelan\qstory\hook\item\chat\C6686.java	1245	CheckNotice
QStory_2.6.3-release-restored\sources\top\suzhelan\qstory\hook\item\chat\C6686.java	1239	response
QStory_2.6.3-release-restored\sources\top\suzhelan\qstory\hook\item\chat\C6686.java	1246	lastNotice
QStory_2.6.3-release-restored\sources\top\suzhelan\qstory\hook\item\chat\C6686.java	1243	yyyy年MM月dd日 HH:mm
QStory_2.6.3-release-restored\sources\top\suzhelan\qstory\hook\item\chat\C6686.java	1247	有新公告
QStory_2.6.3-release-restored\sources\top\suzhelan\qstory\hook\item\chat\C6686.java	1248	查看历史公告
QStory_2.6.3-release-restored\sources\top\suzhelan\qstory\hook\item\chat\C6686.java	2184	groupCache
QStory_2.6.3-release-restored\sources\top\suzhelan\qstory\hook\item\chat\C6686.java	2183	friendCache
QStory_2.6.3-release-restored\sources\top\suzhelan\qstory\hook\item\chat\C6687.java	1257	classLoader
QStory_2.6.3-release-restored\sources\top\suzhelan\qstory\hook\item\chat\C6687.java	2173	com.tencent.mobileqq.activity.editservice.EditTroopMemberNickService
QStory_2.6.3-release-restored\sources\top\suzhelan\qstory\hook\item\chat\C6687.java	1555	getDeclaredMethods(...)
QStory_2.6.3-release-restored\sources\top\suzhelan\qstory\hook\item\chat\C6687.java	2172	对编辑群昵称界面的装扮布局进行隐藏
QStory_2.6.3-release-restored\sources\top\suzhelan\qstory\hook\item\chat\C6688.java	2174	即将彻底消失
QStory_2.6.3-release-restored\sources\top\suzhelan\qstory\hook\item\chat\C6688.java	2175	加入了群聊
QStory_2.6.3-release-restored\sources\top\suzhelan\qstory\hook\item\chat\C6688.java	2176	我也要打卡
QStory_2.6.3-release-restored\sources\top\suzhelan\qstory\hook\item\chat\C6688.java	2177	一起来玩吧
QStory_2.6.3-release-restored\sources\top\suzhelan\qstory\hook\item\chat\C6688.java	1257	classLoader
QStory_2.6.3-release-restored\sources\top\suzhelan\qstory\hook\item\chat\C6688.java	2179	com.tencent.mobileqq.aio.msglist.holder.component.graptips.common.CommonGrayTipsComponent
QStory_2.6.3-release-restored\sources\top\suzhelan\qstory\hook\item\chat\C6688.java	1555	getDeclaredMethods(...)
QStory_2.6.3-release-restored\sources\top\suzhelan\qstory\hook\item\chat\C6688.java	2132	com.tencent.qqnt.aio.widget.AIOMsgTextView
QStory_2.6.3-release-restored\sources\top\suzhelan\qstory\hook\item\chat\C6688.java	1555	getDeclaredMethods(...)
QStory_2.6.3-release-restored\sources\top\suzhelan\qstory\hook\item\chat\C6688.java	2178	隐藏聊天界面中的灰色提示文本 如加入群聊 打卡
QStory_2.6.3-release-restored\sources\top\suzhelan\qstory\hook\item\chat\C6689.java	2147	ChatInputHint
QStory_2.6.3-release-restored\sources\top\suzhelan\qstory\hook\item\chat\C6689.java	2147	ChatInputHint
QStory_2.6.3-release-restored\sources\top\suzhelan\qstory\hook\item\chat\C6689.java	2153	hint_text
QStory_2.6.3-release-restored\sources\top\suzhelan\qstory\hook\item\chat\C6689.java	2154	Hello World.
QStory_2.6.3-release-restored\sources\top\suzhelan\qstory\hook\item\chat\C6689.java	1985	getDeclaredFields(...)
QStory_2.6.3-release-restored\sources\top\suzhelan\qstory\hook\item\chat\C6689.java	1985	getDeclaredFields(...)
QStory_2.6.3-release-restored\sources\top\suzhelan\qstory\hook\item\chat\C6689.java	1820	getName(...)
QStory_2.6.3-release-restored\sources\top\suzhelan\qstory\hook\item\chat\C6689.java	1322	toLowerCase(...)
QStory_2.6.3-release-restored\sources\top\suzhelan\qstory\hook\item\chat\C6689.java	1820	getName(...)
QStory_2.6.3-release-restored\sources\top\suzhelan\qstory\hook\item\chat\C6689.java	1820	getName(...)
QStory_2.6.3-release-restored\sources\top\suzhelan\qstory\hook\item\chat\C6689.java	1257	classLoader
QStory_2.6.3-release-restored\sources\top\suzhelan\qstory\hook\item\chat\C6689.java	188	com.tencent.mobileqq.aio.input.simpleui
QStory_2.6.3-release-restored\sources\top\suzhelan\qstory\hook\item\chat\C6689.java	2149	inputRoot
QStory_2.6.3-release-restored\sources\top\suzhelan\qstory\hook\item\chat\C6689.java	2150	com.tencent.mobileqq.activity.aio.core
QStory_2.6.3-release-restored\sources\top\suzhelan\qstory\hook\item\chat\C6689.java	2151	com.tencent.mobileqq.activity.aio
QStory_2.6.3-release-restored\sources\top\suzhelan\qstory\hook\item\chat\C6689.java	2152	input set error
QStory_2.6.3-release-restored\sources\top\suzhelan\qstory\hook\item\chat\C6689.java	2148	自定义聊天输入框的提示文字
QStory_2.6.3-release-restored\sources\top\suzhelan\qstory\hook\item\chat\C6689.java	2153	hint_text
QStory_2.6.3-release-restored\sources\top\suzhelan\qstory\hook\item\chat\C6689.java	2154	Hello World.
QStory_2.6.3-release-restored\sources\top\suzhelan\qstory\hook\item\chat\C6690.java	1985	getDeclaredFields(...)
QStory_2.6.3-release-restored\sources\top\suzhelan\qstory\hook\item\chat\C6690.java	1891	thisObject
QStory_2.6.3-release-restored\sources\top\suzhelan\qstory\hook\item\chat\C6694.java	1257	classLoader
QStory_2.6.3-release-restored\sources\top\suzhelan\qstory\hook\item\chat\C6694.java	2161	com.tencent.mobileqq.emoticonview.EmoticonPanelController
QStory_2.6.3-release-restored\sources\top\suzhelan\qstory\hook\item\chat\C6694.java	2162	getPanelDataList
QStory_2.6.3-release-restored\sources\top\suzhelan\qstory\hook\item\chat\C6694.java	1548	get(...)
QStory_2.6.3-release-restored\sources\top\suzhelan\qstory\hook\item\chat\C6694.java	2160	删除在QQ9.0.50左右出现在经典小表情 选项右侧的大表情动画选项（好傻的表情：汪汪、喜花泥等）
QStory_2.6.3-release-restored\sources\top\suzhelan\qstory\hook\item\chat\C6695.java	1257	classLoader
QStory_2.6.3-release-restored\sources\top\suzhelan\qstory\hook\item\chat\C6695.java	2143	com.tencent.qqnt.kernel.nativeinterface.LinkInfo
QStory_2.6.3-release-restored\sources\top\suzhelan\qstory\hook\item\chat\C6695.java	1555	getDeclaredMethods(...)
QStory_2.6.3-release-restored\sources\top\suzhelan\qstory\hook\item\chat\C6695.java	1820	getName(...)
QStory_2.6.3-release-restored\sources\top\suzhelan\qstory\hook\item\chat\C6695.java	1772	getParameterTypes(...)
QStory_2.6.3-release-restored\sources\top\suzhelan\qstory\hook\item\chat\C6695.java	2144	com.tencent.qqnt.kernel.nativeinterface.TextElement
QStory_2.6.3-release-restored\sources\top\suzhelan\qstory\hook\item\chat\C6695.java	1555	getDeclaredMethods(...)
QStory_2.6.3-release-restored\sources\top\suzhelan\qstory\hook\item\chat\C6695.java	1772	getParameterTypes(...)
QStory_2.6.3-release-restored\sources\top\suzhelan\qstory\hook\item\chat\C6695.java	873	com.tencent.qqnt.kernel.nativeinterface.MsgRecord
QStory_2.6.3-release-restored\sources\top\suzhelan\qstory\hook\item\chat\C6695.java	2144	com.tencent.qqnt.kernel.nativeinterface.TextElement
QStory_2.6.3-release-restored\sources\top\suzhelan\qstory\hook\item\chat\C6695.java	2145	getElements
QStory_2.6.3-release-restored\sources\top\suzhelan\qstory\hook\item\chat\C6695.java	1549	first(...)
QStory_2.6.3-release-restored\sources\top\suzhelan\qstory\hook\item\chat\C6695.java	1985	getDeclaredFields(...)
QStory_2.6.3-release-restored\sources\top\suzhelan\qstory\hook\item\chat\C6696.java	2113	null cannot be cast to non-null type java.io.File
QStory_2.6.3-release-restored\sources\top\suzhelan\qstory\hook\item\chat\C6696.java	2114	getAbsolutePath(...)
QStory_2.6.3-release-restored\sources\top\suzhelan\qstory\hook\item\chat\C6696.java	2284	Android/data/com.tencent.mobileqq/files
QStory_2.6.3-release-restored\sources\top\suzhelan\qstory\hook\item\chat\C6696.java	1985	getDeclaredFields(...)
QStory_2.6.3-release-restored\sources\top\suzhelan\qstory\hook\item\chat\C6696.java	1253	iterator(...)
QStory_2.6.3-release-restored\sources\top\suzhelan\qstory\hook\item\chat\C6697.java	174	com.tencent.mobileqq.activity.aio.panel.PanelIconLinearLayout
QStory_2.6.3-release-restored\sources\top\suzhelan\qstory\hook\item\chat\C6697.java	175	com.tencent.mobileqq.activity.aio.core.BaseChatPie
QStory_2.6.3-release-restored\sources\top\suzhelan\qstory\hook\item\chat\C6697.java	176	com.tencent.qqnt.aio.shortcutbar.PanelIconLinearLayout
QStory_2.6.3-release-restored\sources\top\suzhelan\qstory\hook\item\chat\C6697.java	1555	getDeclaredMethods(...)
QStory_2.6.3-release-restored\sources\top\suzhelan\qstory\hook\item\chat\C6697.java	177	No method found
QStory_2.6.3-release-restored\sources\top\suzhelan\qstory\hook\item\chat\C6698.java	2153	hint_text
QStory_2.6.3-release-restored\sources\top\suzhelan\qstory\hook\item\chat\C6698.java	2159	设置已保存: 
QStory_2.6.3-release-restored\sources\top\suzhelan\qstory\hook\item\chat\C6698.java	2154	Hello World.
QStory_2.6.3-release-restored\sources\top\suzhelan\qstory\hook\item\chat\C6698.java	2153	hint_text
QStory_2.6.3-release-restored\sources\top\suzhelan\qstory\hook\item\chat\C6698.java	2158	已恢复默认提示: Hello World.
QStory_2.6.3-release-restored\sources\top\suzhelan\qstory\hook\item\chat\C6698.java	2746	文件夹已存在
QStory_2.6.3-release-restored\sources\top\suzhelan\qstory\hook\item\chat\C6698.java	2747	创建成功 
QStory_2.6.3-release-restored\sources\top\suzhelan\qstory\hook\item\chat\C6698.java	2745	文件夹名不能为空
QStory_2.6.3-release-restored\sources\top\suzhelan\qstory\hook\item\chat\C6699.java	2146	null cannot be cast to non-null type android.widget.LinearLayout
QStory_2.6.3-release-restored\sources\top\suzhelan\qstory\hook\item\chat\C6699.java	2146	null cannot be cast to non-null type android.widget.LinearLayout
QStory_2.6.3-release-restored\sources\top\suzhelan\qstory\hook\item\chat\C6699.java	2146	null cannot be cast to non-null type android.widget.LinearLayout
QStory_2.6.3-release-restored\sources\top\suzhelan\qstory\hook\item\chat\C6699.java	2198	滤镜视频
QStory_2.6.3-release-restored\sources\top\suzhelan\qstory\hook\item\chat\C6699.java	527	mForwardTargetMap
QStory_2.6.3-release-restored\sources\top\suzhelan\qstory\hook\item\chat\C6699.java	1891	thisObject
QStory_2.6.3-release-restored\sources\top\suzhelan\qstory\hook\item\chat\C6699.java	1891	thisObject
QStory_2.6.3-release-restored\sources\top\suzhelan\qstory\hook\item\chat\C6699.java	2235	null cannot be cast to non-null type java.util.ArrayList<*>
QStory_2.6.3-release-restored\sources\top\suzhelan\qstory\hook\item\chat\C6699.java	1253	iterator(...)
QStory_2.6.3-release-restored\sources\top\suzhelan\qstory\hook\item\chat\C6699.java	338	elementType
QStory_2.6.3-release-restored\sources\top\suzhelan\qstory\hook\item\chat\C6699.java	1588	getField(...)
QStory_2.6.3-release-restored\sources\top\suzhelan\qstory\hook\item\chat\C6699.java	247	getTextElement
QStory_2.6.3-release-restored\sources\top\suzhelan\qstory\hook\item\chat\C6699.java	339	getContent
QStory_2.6.3-release-restored\sources\top\suzhelan\qstory\hook\item\chat\C6699.java	340	setContent
QStory_2.6.3-release-restored\sources\top\suzhelan\qstory\hook\item\chat\C6699.java	2232	toCharArray(...)
QStory_2.6.3-release-restored\sources\top\suzhelan\qstory\hook\item\chat\C6699.java	1296	toString(...)
QStory_2.6.3-release-restored\sources\top\suzhelan\qstory\hook\item\chat\C6699.java	2234	(?<=[({\[/#])\s|\s(?=[)}\]:;])|(?<=\n)\s
QStory_2.6.3-release-restored\sources\top\suzhelan\qstory\hook\item\chat\C6699.java	2233	[^\n\S]+
QStory_2.6.3-release-restored\sources\top\suzhelan\qstory\hook\item\chat\DownloadEmotion$downloadEmotion$1.java	1261	call to 'resume' before 'invoke' with coroutine
QStory_2.6.3-release-restored\sources\top\suzhelan\qstory\hook\item\chat\DownloadEmotion$downloadEmotion$1.java	2163	getExternalStoragePublicDirectory(...)
QStory_2.6.3-release-restored\sources\top\suzhelan\qstory\hook\item\chat\DownloadEmotion$downloadEmotion$1.java	1253	iterator(...)
QStory_2.6.3-release-restored\sources\top\suzhelan\qstory\hook\item\chat\DownloadEmotion$downloadEmotion$1.java	1254	next(...)
QStory_2.6.3-release-restored\sources\top\suzhelan\qstory\hook\item\chat\DownloadEmotion$downloadEmotion$1.java	2164	下载失败!
QStory_2.6.3-release-restored\sources\top\suzhelan\qstory\hook\item\chat\DownloadEmotion$downloadEmotion$1.java	2165	下载成功!
QStory_2.6.3-release-restored\sources\top\suzhelan\qstory\hook\item\chat\RunnableC6671.java	2218	+1图标初始化完毕
QStory_2.6.3-release-restored\sources\top\suzhelan\qstory\hook\item\chat\ViewOnClickListenerC6662.java	2206	doubleClick
QStory_2.6.3-release-restored\sources\top\suzhelan\qstory\hook\item\chat\ViewOnClickListenerC6662.java	516	已保存
QStory_2.6.3-release-restored\sources\top\suzhelan\qstory\hook\item\chat\ViewOnClickListenerC6662.java	2217	未填写大小
QStory_2.6.3-release-restored\sources\top\suzhelan\qstory\hook\item\chat\ViewOnClickListenerC6662.java	2735	标签不能为空
QStory_2.6.3-release-restored\sources\top\suzhelan\qstory\hook\item\chat\ViewOnClickListenerC6662.java	2736	标签已存在
QStory_2.6.3-release-restored\sources\top\suzhelan\qstory\hook\item\chat\ViewOnClickListenerC6673.java	2206	doubleClick
QStory_2.6.3-release-restored\sources\top\suzhelan\qstory\hook\item\chat\ViewOnClickListenerC6673.java	516	已保存
QStory_2.6.3-release-restored\sources\top\suzhelan\qstory\hook\item\chat\ViewOnClickListenerC6673.java	2217	未填写大小
QStory_2.6.3-release-restored\sources\top\suzhelan\qstory\hook\item\stickerpanel\StickerPanelSettingsConfig$SortMode.java	2688	RECENT_USAGE
QStory_2.6.3-release-restored\sources\top\suzhelan\qstory\hook\item\stickerpanel\StickerPanelSettingsConfig$SortMode.java	2689	recent_usage
QStory_2.6.3-release-restored\sources\top\suzhelan\qstory\hook\item\stickerpanel\StickerPanelSettingsConfig$SortMode.java	2690	最近使用
QStory_2.6.3-release-restored\sources\top\suzhelan\qstory\hook\item\stickerpanel\StickerPanelSettingsConfig$SortMode.java	2691	NAME_ASC
QStory_2.6.3-release-restored\sources\top\suzhelan\qstory\hook\item\stickerpanel\StickerPanelSettingsConfig$SortMode.java	2692	name_asc
QStory_2.6.3-release-restored\sources\top\suzhelan\qstory\hook\item\stickerpanel\StickerPanelSettingsConfig$SortMode.java	2693	文件名 A→Z
QStory_2.6.3-release-restored\sources\top\suzhelan\qstory\hook\item\stickerpanel\StickerPanelSettingsConfig$SortMode.java	2694	NAME_DESC
QStory_2.6.3-release-restored\sources\top\suzhelan\qstory\hook\item\stickerpanel\StickerPanelSettingsConfig$SortMode.java	2695	name_desc
QStory_2.6.3-release-restored\sources\top\suzhelan\qstory\hook\item\stickerpanel\StickerPanelSettingsConfig$SortMode.java	2696	文件名 Z→A
QStory_2.6.3-release-restored\sources\top\suzhelan\qstory\hook\item\stickerpanel\StickerPanelSettingsConfig$SortMode.java	2697	TIME_ASC
QStory_2.6.3-release-restored\sources\top\suzhelan\qstory\hook\item\stickerpanel\StickerPanelSettingsConfig$SortMode.java	2698	time_asc
QStory_2.6.3-release-restored\sources\top\suzhelan\qstory\hook\item\stickerpanel\StickerPanelSettingsConfig$SortMode.java	2699	修改时间 旧→新
QStory_2.6.3-release-restored\sources\top\suzhelan\qstory\hook\item\stickerpanel\StickerPanelSettingsConfig$SortMode.java	2700	TIME_DESC
QStory_2.6.3-release-restored\sources\top\suzhelan\qstory\hook\item\stickerpanel\StickerPanelSettingsConfig$SortMode.java	2701	time_desc
QStory_2.6.3-release-restored\sources\top\suzhelan\qstory\hook\item\stickerpanel\StickerPanelSettingsConfig$SortMode.java	2702	修改时间 新→旧
QStory_2.6.3-release-restored\sources\top\suzhelan\qstory\hook\item\stickerpanel\adapter\StickerDirAdapter$SpecialAction.java	2714	SORT_CONFIG
QStory_2.6.3-release-restored\sources\top\suzhelan\qstory\hook\item\stickerpanel\adapter\StickerDirAdapter$SpecialAction.java	2715	ONLINE_STICKER
QStory_2.6.3-release-restored\sources\top\suzhelan\qstory\hook\item\mcp\config\C6701.java	2342	McpServerConfig
QStory_2.6.3-release-restored\sources\top\suzhelan\qstory\hook\item\mcp\config\C6701.java	2298	tool_order
QStory_2.6.3-release-restored\sources\top\suzhelan\qstory\hook\item\mcp\config\C6701.java	2299	tool_enabled_
QStory_2.6.3-release-restored\sources\top\suzhelan\qstory\hook\item\mcp\config\C6701.java	2343	喵呜喵呜呜呜喵喵~喵喵喵呜呜喵喵喵~喵喵喵呜呜喵喵呜~喵喵喵呜呜喵喵喵
QStory_2.6.3-release-restored\sources\top\suzhelan\qstory\hook\item\mcp\config\C6701.java	2342	McpServerConfig
QStory_2.6.3-release-restored\sources\top\suzhelan\qstory\hook\item\mcp\config\C6701.java	2309	QStoryMCP
QStory_2.6.3-release-restored\sources\top\suzhelan\qstory\hook\item\mcp\config\C6701.java	2308	serverName
QStory_2.6.3-release-restored\sources\top\suzhelan\qstory\hook\item\mcp\config\C6701.java	2313	MCP 服务 正在停止
QStory_2.6.3-release-restored\sources\top\suzhelan\qstory\hook\item\mcp\config\C6701.java	2314	MCP 服务 停止成功
QStory_2.6.3-release-restored\sources\top\suzhelan\qstory\hook\item\mcp\config\C6701.java	2315	MCP 服务 停止失败: 
QStory_2.6.3-release-restored\sources\top\suzhelan\qstory\hook\item\mcp\config\C6701.java	2310	MCP 服务 正在启动
QStory_2.6.3-release-restored\sources\top\suzhelan\qstory\hook\item\mcp\config\C6701.java	2311	MCP 服务 启动成功: 
QStory_2.6.3-release-restored\sources\top\suzhelan\qstory\hook\item\mcp\config\C6701.java	2312	MCP 服务 启动失败: 
QStory_2.6.3-release-restored\sources\top\suzhelan\qstory\hook\item\mcp\config\C6701.java	2316	MCP 请求路径: 
QStory_2.6.3-release-restored\sources\top\suzhelan\qstory\hook\item\mcp\config\C6701.java	2317	Illegal Content-Type format: 
QStory_2.6.3-release-restored\sources\top\suzhelan\qstory\hook\item\mcp\config\C6701.java	1261	call to 'resume' before 'invoke' with coroutine
QStory_2.6.3-release-restored\sources\top\suzhelan\qstory\hook\item\mcp\config\C6701.java	2318	MCP 请求: 
QStory_2.6.3-release-restored\sources\top\suzhelan\qstory\hook\item\mcp\config\C6701.java	2319	 响应: 
QStory_2.6.3-release-restored\sources\top\suzhelan\qstory\hook\item\mcp\config\C6701.java	2320	Parse error
QStory_2.6.3-release-restored\sources\top\suzhelan\qstory\hook\item\mcp\config\C6701.java	2321	notifications/initialized
QStory_2.6.3-release-restored\sources\top\suzhelan\qstory\hook\item\mcp\config\C6701.java	2322	MCP 收到初始化通知
QStory_2.6.3-release-restored\sources\top\suzhelan\qstory\hook\item\mcp\config\C6701.java	2326	Method not found: 
QStory_2.6.3-release-restored\sources\top\suzhelan\qstory\hook\item\mcp\config\C6701.java	2323	tools/call
QStory_2.6.3-release-restored\sources\top\suzhelan\qstory\hook\item\mcp\config\C6701.java	2326	Method not found: 
QStory_2.6.3-release-restored\sources\top\suzhelan\qstory\hook\item\mcp\config\C6701.java	2295	$this$jsonObject
QStory_2.6.3-release-restored\sources\top\suzhelan\qstory\hook\item\mcp\config\C6701.java	2337	$this$jsonArray
QStory_2.6.3-release-restored\sources\top\suzhelan\qstory\hook\item\mcp\config\C6701.java	2295	$this$jsonObject
QStory_2.6.3-release-restored\sources\top\suzhelan\qstory\hook\item\mcp\config\C6701.java	2339	Tool not found: 
QStory_2.6.3-release-restored\sources\top\suzhelan\qstory\hook\item\mcp\config\C6701.java	2295	$this$jsonObject
QStory_2.6.3-release-restored\sources\top\suzhelan\qstory\hook\item\mcp\config\C6701.java	2337	$this$jsonArray
QStory_2.6.3-release-restored\sources\top\suzhelan\qstory\hook\item\mcp\config\C6701.java	2295	$this$jsonObject
QStory_2.6.3-release-restored\sources\top\suzhelan\qstory\hook\item\mcp\config\C6701.java	2340	Tool disabled: 
QStory_2.6.3-release-restored\sources\top\suzhelan\qstory\hook\item\mcp\config\C6701.java	2295	$this$jsonObject
QStory_2.6.3-release-restored\sources\top\suzhelan\qstory\hook\item\mcp\config\C6701.java	2337	$this$jsonArray
QStory_2.6.3-release-restored\sources\top\suzhelan\qstory\hook\item\mcp\config\C6701.java	2295	$this$jsonObject
QStory_2.6.3-release-restored\sources\top\suzhelan\qstory\hook\item\mcp\config\C6701.java	2338	MCP feature disabled
QStory_2.6.3-release-restored\sources\top\suzhelan\qstory\hook\item\mcp\config\C6701.java	2325	tools/list
QStory_2.6.3-release-restored\sources\top\suzhelan\qstory\hook\item\mcp\config\C6701.java	2326	Method not found: 
QStory_2.6.3-release-restored\sources\top\suzhelan\qstory\hook\item\mcp\config\C6701.java	2295	$this$jsonObject
QStory_2.6.3-release-restored\sources\top\suzhelan\qstory\hook\item\mcp\config\C6701.java	2295	$this$jsonObject
QStory_2.6.3-release-restored\sources\top\suzhelan\qstory\hook\item\mcp\config\C6701.java	2337	$this$jsonArray
QStory_2.6.3-release-restored\sources\top\suzhelan\qstory\hook\item\mcp\config\C6701.java	2324	initialize
QStory_2.6.3-release-restored\sources\top\suzhelan\qstory\hook\item\mcp\config\C6701.java	2326	Method not found: 
QStory_2.6.3-release-restored\sources\top\suzhelan\qstory\hook\item\mcp\config\C6701.java	2326	Method not found: 
QStory_2.6.3-release-restored\sources\top\suzhelan\qstory\hook\item\mcp\config\C6701.java	1253	iterator(...)
QStory_2.6.3-release-restored\sources\top\suzhelan\qstory\hook\item\mcp\config\C6701.java	2327	返回响应到 
QStory_2.6.3-release-restored\sources\top\suzhelan\qstory\hook\item\mcp\config\C6701.java	2328	 个 MCP 客户端
QStory_2.6.3-release-restored\sources\top\suzhelan\qstory\hook\item\mcp\config\C6701.java	1261	call to 'resume' before 'invoke' with coroutine
QStory_2.6.3-release-restored\sources\top\suzhelan\qstory\hook\item\mcp\config\C6701.java	2327	返回响应到 
QStory_2.6.3-release-restored\sources\top\suzhelan\qstory\hook\item\mcp\config\C6701.java	2328	 个 MCP 客户端
QStory_2.6.3-release-restored\sources\top\suzhelan\qstory\hook\item\mcp\config\C6702.java	2300	description
QStory_2.6.3-release-restored\sources\top\suzhelan\qstory\hook\item\mcp\config\C6702.java	2300	description
QStory_2.6.3-release-restored\sources\top\suzhelan\qstory\hook\item\mcp\config\C6702.java	2301	McpToolConfigItem(id=
QStory_2.6.3-release-restored\sources\top\suzhelan\qstory\hook\item\mcp\config\C6702.java	2302	, order=
QStory_2.6.3-release-restored\sources\top\suzhelan\qstory\hook\item\mcp\config\C6703.java	2298	tool_order
QStory_2.6.3-release-restored\sources\top\suzhelan\qstory\hook\item\mcp\config\C6703.java	2299	tool_enabled_
QStory_2.6.3-release-restored\sources\top\suzhelan\qstory\hook\item\mcp\config\C6703.java	2299	tool_enabled_
QStory_2.6.3-release-restored\sources\top\suzhelan\qstory\hook\item\mcp\config\C6703.java	2299	tool_enabled_
QStory_2.6.3-release-restored\sources\top\suzhelan\qstory\hook\item\mcp\config\C6703.java	2298	tool_order
QStory_2.6.3-release-restored\sources\top\suzhelan\qstory\hook\item\mcp\config\C6703.java	2298	tool_order
QStory_2.6.3-release-restored\sources\top\suzhelan\qstory\hook\item\mcp\config\C6704.java	2337	$this$jsonArray
QStory_2.6.3-release-restored\sources\top\suzhelan\qstory\hook\item\mcp\config\C6704.java	2295	$this$jsonObject
QStory_2.6.3-release-restored\sources\top\suzhelan\qstory\hook\item\mcp\config\C6704.java	2331	listChanged
QStory_2.6.3-release-restored\sources\top\suzhelan\qstory\hook\item\mcp\config\C6705.java	2329	$this$routing
QStory_2.6.3-release-restored\sources\top\suzhelan\qstory\hook\item\mcp\config\C6705.java	2295	$this$jsonObject
QStory_2.6.3-release-restored\sources\top\suzhelan\qstory\hook\item\mcp\config\C6705.java	2333	2025-03-26
QStory_2.6.3-release-restored\sources\top\suzhelan\qstory\hook\item\mcp\config\C6705.java	2332	protocolVersion
QStory_2.6.3-release-restored\sources\top\suzhelan\qstory\hook\item\mcp\config\C6705.java	2334	serverInfo
QStory_2.6.3-release-restored\sources\top\suzhelan\qstory\hook\item\mcp\config\C6705.java	2295	$this$jsonObject
QStory_2.6.3-release-restored\sources\top\suzhelan\qstory\hook\item\mcp\config\C6705.java	2335	capabilities
QStory_2.6.3-release-restored\sources\top\suzhelan\qstory\hook\item\mcp\config\C6705.java	2295	$this$jsonObject
QStory_2.6.3-release-restored\sources\top\suzhelan\qstory\hook\item\mcp\config\C6705.java	2330	$this$embeddedServer
QStory_2.6.3-release-restored\sources\top\suzhelan\qstory\hook\item\mcp\config\C6705.java	2300	description
QStory_2.6.3-release-restored\sources\top\suzhelan\qstory\hook\item\mcp\config\C6705.java	2336	inputSchema
QStory_2.6.3-release-restored\sources\top\suzhelan\qstory\hook\item\mcp\config\McpServerManager$Companion$refreshServerForCurrentProcess$1.java	1261	call to 'resume' before 'invoke' with coroutine
QStory_2.6.3-release-restored\sources\top\suzhelan\qstory\hook\item\mcp\config\McpServerManager$Companion$run$1.java	1261	call to 'resume' before 'invoke' with coroutine
QStory_2.6.3-release-restored\sources\top\suzhelan\qstory\hook\item\mcp\config\McpServerManager$Companion$run$1.java	2296	已为您启动 QStory Mcp 服务
QStory_2.6.3-release-restored\sources\top\suzhelan\qstory\hook\item\mcp\config\McpServerManager$Companion$saveToolConfig$6.java	1261	call to 'resume' before 'invoke' with coroutine
QStory_2.6.3-release-restored\sources\top\suzhelan\qstory\hook\item\mcp\config\McpServerManager$Companion$saveToolConfig$6.java	2295	$this$jsonObject
QStory_2.6.3-release-restored\sources\top\suzhelan\qstory\hook\item\mcp\config\McpServerManager$Companion$saveToolConfig$6.java	2341	notifications/tools/list_changed
QStory_2.6.3-release-restored\sources\top\suzhelan\qstory\hook\item\mcp\config\McpServerManager$start$1$1$1$1.java	1261	call to 'resume' before 'invoke' with coroutine
QStory_2.6.3-release-restored\sources\top\suzhelan\qstory\hook\item\mcp\config\McpServerManager$start$1$1$1$1.java	2303	MCP 客户端连接: /mcp
QStory_2.6.3-release-restored\sources\top\suzhelan\qstory\hook\item\mcp\config\McpServerManager$start$1$1$1$1.java	2304	no-cache
QStory_2.6.3-release-restored\sources\top\suzhelan\qstory\hook\item\mcp\config\McpServerManager$start$1$1$1$1.java	28	keep-alive
QStory_2.6.3-release-restored\sources\top\suzhelan\qstory\hook\item\mcp\config\McpServerManager$start$1$1$1$1.java	2305	text/event-stream
QStory_2.6.3-release-restored\sources\top\suzhelan\qstory\hook\item\mcp\config\McpServerManager$start$1$1$1$1.java	1261	call to 'resume' before 'invoke' with coroutine
QStory_2.6.3-release-restored\sources\top\suzhelan\qstory\hook\item\mcp\config\McpServerManager$start$1$1$1$1.java	2306	MCP 客户端断开: /mcp
QStory_2.6.3-release-restored\sources\top\suzhelan\qstory\hook\item\mcp\config\McpServerManager$start$1$1$1$2.java	2307	POST /mcp
QStory_2.6.3-release-restored\sources\top\suzhelan\qstory\hook\item\mcp\config\McpServerManager$start$1$1$1$2.java	1261	call to 'resume' before 'invoke' with coroutine
QStory_2.6.3-release-restored\sources\top\suzhelan\qstory\entity\proto\C0799x7faa26be.java	1370	@kotlinx.serialization.protobuf.ProtoNumber(number=
QStory_2.6.3-release-restored\sources\top\suzhelan\qstory\entity\proto\C0800xdb941812.java	1524	top.suzhelan.qstory.entity.proto.QQMessage.MessageBody.GroupRecallOperationInfo.Info.MsgInfo
QStory_2.6.3-release-restored\sources\top\suzhelan\qstory\entity\proto\C0800xdb941812.java	1431	senderUid
QStory_2.6.3-release-restored\sources\top\suzhelan\qstory\entity\proto\C0801x9e5c7920.java	1370	@kotlinx.serialization.protobuf.ProtoNumber(number=
QStory_2.6.3-release-restored\sources\top\suzhelan\qstory\entity\proto\InfoSyncPush$SyncContent$$serializer.java	1510	top.suzhelan.qstory.entity.proto.InfoSyncPush.SyncContent
QStory_2.6.3-release-restored\sources\top\suzhelan\qstory\entity\proto\InfoSyncPush$SyncContent$$serializer.java	1369	groupSyncContent
QStory_2.6.3-release-restored\sources\top\suzhelan\qstory\entity\proto\InfoSyncPush$SyncContent$GroupSyncContent$$serializer.java	1511	top.suzhelan.qstory.entity.proto.InfoSyncPush.SyncContent.GroupSyncContent
QStory_2.6.3-release-restored\sources\top\suzhelan\qstory\entity\proto\InfoSyncPush$SyncContent$GroupSyncContent$$serializer.java	1372	groupPeerId
QStory_2.6.3-release-restored\sources\top\suzhelan\qstory\entity\proto\InfoSyncPush$SyncContent$GroupSyncContent$$serializer.java	1373	startSeq
QStory_2.6.3-release-restored\sources\top\suzhelan\qstory\entity\proto\InfoSyncPush$SyncContent$GroupSyncContent$$serializer.java	1374	qqMessage
QStory_2.6.3-release-restored\sources\top\suzhelan\qstory\entity\proto\InfoSyncPush$SyncRecallOperateInfo$$serializer.java	1512	top.suzhelan.qstory.entity.proto.InfoSyncPush.SyncRecallOperateInfo
QStory_2.6.3-release-restored\sources\top\suzhelan\qstory\entity\proto\InfoSyncPush$SyncRecallOperateInfo$$serializer.java	1381	syncInfoHead
QStory_2.6.3-release-restored\sources\top\suzhelan\qstory\entity\proto\InfoSyncPush$SyncRecallOperateInfo$$serializer.java	1513	syncInfoBodyList
QStory_2.6.3-release-restored\sources\top\suzhelan\qstory\entity\proto\InfoSyncPush$SyncRecallOperateInfo$SyncInfoBody$$serializer.java	1514	top.suzhelan.qstory.entity.proto.InfoSyncPush.SyncRecallOperateInfo.SyncInfoBody
QStory_2.6.3-release-restored\sources\top\suzhelan\qstory\entity\proto\InfoSyncPush$SyncRecallOperateInfo$SyncInfoBody$$serializer.java	1384	senderPeerId
QStory_2.6.3-release-restored\sources\top\suzhelan\qstory\entity\proto\InfoSyncPush$SyncRecallOperateInfo$SyncInfoBody$$serializer.java	1431	senderUid
QStory_2.6.3-release-restored\sources\top\suzhelan\qstory\entity\proto\InfoSyncPush$SyncRecallOperateInfo$SyncInfoBody$$serializer.java	1385	eventTime
QStory_2.6.3-release-restored\sources\top\suzhelan\qstory\entity\proto\InfoSyncPush$SyncRecallOperateInfo$SyncInfoHead$$serializer.java	1515	top.suzhelan.qstory.entity.proto.InfoSyncPush.SyncRecallOperateInfo.SyncInfoHead
QStory_2.6.3-release-restored\sources\top\suzhelan\qstory\entity\proto\InfoSyncPush$SyncRecallOperateInfo$SyncInfoHead$$serializer.java	1390	syncTime
QStory_2.6.3-release-restored\sources\top\suzhelan\qstory\entity\proto\InfoSyncPush.java	1395	InfoSyncPush(type=
QStory_2.6.3-release-restored\sources\top\suzhelan\qstory\entity\proto\InfoSyncPush.java	1398	, syncRecallContent=
QStory_2.6.3-release-restored\sources\top\suzhelan\qstory\entity\proto\InfoSyncPush.java	1369	groupSyncContent
QStory_2.6.3-release-restored\sources\top\suzhelan\qstory\entity\proto\InfoSyncPush.java	1379	SyncContent(groupSyncContent=
QStory_2.6.3-release-restored\sources\top\suzhelan\qstory\entity\proto\InfoSyncPush.java	1374	qqMessage
QStory_2.6.3-release-restored\sources\top\suzhelan\qstory\entity\proto\InfoSyncPush.java	1375	GroupSyncContent(groupPeerId=
QStory_2.6.3-release-restored\sources\top\suzhelan\qstory\entity\proto\InfoSyncPush.java	1376	, startSeq=
QStory_2.6.3-release-restored\sources\top\suzhelan\qstory\entity\proto\InfoSyncPush.java	1374	qqMessage
QStory_2.6.3-release-restored\sources\top\suzhelan\qstory\entity\proto\InfoSyncPush.java	1369	groupSyncContent
QStory_2.6.3-release-restored\sources\top\suzhelan\qstory\entity\proto\InfoSyncPush.java	1513	syncInfoBodyList
QStory_2.6.3-release-restored\sources\top\suzhelan\qstory\entity\proto\InfoSyncPush.java	1392	SyncRecallOperateInfo(syncInfoHead=
QStory_2.6.3-release-restored\sources\top\suzhelan\qstory\entity\proto\InfoSyncPush.java	1516	, syncInfoBodyList=
QStory_2.6.3-release-restored\sources\top\suzhelan\qstory\entity\proto\InfoSyncPush.java	1394	, subHead=
QStory_2.6.3-release-restored\sources\top\suzhelan\qstory\entity\proto\InfoSyncPush.java	1431	senderUid
QStory_2.6.3-release-restored\sources\top\suzhelan\qstory\entity\proto\InfoSyncPush.java	1386	SyncInfoBody(senderPeerId=
QStory_2.6.3-release-restored\sources\top\suzhelan\qstory\entity\proto\InfoSyncPush.java	1433	, senderUid=
QStory_2.6.3-release-restored\sources\top\suzhelan\qstory\entity\proto\InfoSyncPush.java	1388	, msgList=
QStory_2.6.3-release-restored\sources\top\suzhelan\qstory\entity\proto\InfoSyncPush.java	1431	senderUid
QStory_2.6.3-release-restored\sources\top\suzhelan\qstory\entity\proto\InfoSyncPush.java	1391	SyncInfoHead(syncTime=
QStory_2.6.3-release-restored\sources\top\suzhelan\qstory\entity\proto\InfoSyncPush.java	1513	syncInfoBodyList
QStory_2.6.3-release-restored\sources\top\suzhelan\qstory\entity\proto\MsgPush$$serializer.java	1517	top.suzhelan.qstory.entity.proto.MsgPush
QStory_2.6.3-release-restored\sources\top\suzhelan\qstory\entity\proto\MsgPush$$serializer.java	1374	qqMessage
QStory_2.6.3-release-restored\sources\top\suzhelan\qstory\entity\proto\MsgPush.java	1374	qqMessage
QStory_2.6.3-release-restored\sources\top\suzhelan\qstory\entity\proto\MsgPush.java	1400	MsgPush(qqMessage=
QStory_2.6.3-release-restored\sources\top\suzhelan\qstory\entity\proto\MsgPush.java	1374	qqMessage
QStory_2.6.3-release-restored\sources\top\suzhelan\qstory\entity\proto\QQMessage$$serializer.java	1518	top.suzhelan.qstory.entity.proto.QQMessage
QStory_2.6.3-release-restored\sources\top\suzhelan\qstory\entity\proto\QQMessage$$serializer.java	1415	messageHead
QStory_2.6.3-release-restored\sources\top\suzhelan\qstory\entity\proto\QQMessage$$serializer.java	1416	messageContentInfo
QStory_2.6.3-release-restored\sources\top\suzhelan\qstory\entity\proto\QQMessage$$serializer.java	1417	messageBody
QStory_2.6.3-release-restored\sources\top\suzhelan\qstory\entity\proto\QQMessage$MessageBody$$serializer.java	1519	top.suzhelan.qstory.entity.proto.QQMessage.MessageBody
QStory_2.6.3-release-restored\sources\top\suzhelan\qstory\entity\proto\QQMessage$MessageBody$$serializer.java	1419	operationInfo
QStory_2.6.3-release-restored\sources\top\suzhelan\qstory\entity\proto\QQMessage$MessageBody$C2CRecallOperationInfo$Info$$serializer.java	1521	top.suzhelan.qstory.entity.proto.QQMessage.MessageBody.C2CRecallOperationInfo.Info
QStory_2.6.3-release-restored\sources\top\suzhelan\qstory\entity\proto\QQMessage$MessageBody$C2CRecallOperationInfo$Info$$serializer.java	1362	operatorUid
QStory_2.6.3-release-restored\sources\top\suzhelan\qstory\entity\proto\QQMessage$MessageBody$C2CRecallOperationInfo$Info$$serializer.java	1422	receiverUid
QStory_2.6.3-release-restored\sources\top\suzhelan\qstory\entity\proto\QQMessage$MessageBody$C2CRecallOperationInfo$Info$$serializer.java	484	msgRandom
QStory_2.6.3-release-restored\sources\top\suzhelan\qstory\entity\proto\QQMessage$MessageBody$GroupRecallOperationInfo$Info$$serializer.java	1523	top.suzhelan.qstory.entity.proto.QQMessage.MessageBody.GroupRecallOperationInfo.Info
QStory_2.6.3-release-restored\sources\top\suzhelan\qstory\entity\proto\QQMessage$MessageBody$GroupRecallOperationInfo$Info$$serializer.java	1362	operatorUid
QStory_2.6.3-release-restored\sources\top\suzhelan\qstory\entity\proto\QQMessage$MessageBody$RichMsg$$serializer.java	1525	top.suzhelan.qstory.entity.proto.QQMessage.MessageBody.RichMsg
QStory_2.6.3-release-restored\sources\top\suzhelan\qstory\entity\proto\QQMessage$MessageBody$RichMsg$$serializer.java	1437	msgContent
QStory_2.6.3-release-restored\sources\top\suzhelan\qstory\entity\proto\QQMessage$MessageBody$RichMsg$MsgContent$$serializer.java	1526	top.suzhelan.qstory.entity.proto.QQMessage.MessageBody.RichMsg.MsgContent
QStory_2.6.3-release-restored\sources\top\suzhelan\qstory\entity\proto\QQMessage$MessageBody$RichMsg$MsgContent$$serializer.java	1439	msgSender
QStory_2.6.3-release-restored\sources\top\suzhelan\qstory\entity\proto\QQMessage$MessageBody$RichMsg$MsgContent$MsgSender$$serializer.java	1527	top.suzhelan.qstory.entity.proto.QQMessage.MessageBody.RichMsg.MsgContent.MsgSender
QStory_2.6.3-release-restored\sources\top\suzhelan\qstory\entity\proto\QQMessage$MessageBody$RichMsg$MsgContent$MsgSender$$serializer.java	1441	nickName
QStory_2.6.3-release-restored\sources\top\suzhelan\qstory\entity\proto\QQMessage$MessageBody$RichMsg$MsgContent$TextMsg$$serializer.java	1528	top.suzhelan.qstory.entity.proto.QQMessage.MessageBody.RichMsg.MsgContent.TextMsg
QStory_2.6.3-release-restored\sources\top\suzhelan\qstory\entity\proto\QQMessage$MessageContentInfo$$serializer.java	1529	top.suzhelan.qstory.entity.proto.QQMessage.MessageContentInfo
QStory_2.6.3-release-restored\sources\top\suzhelan\qstory\entity\proto\QQMessage$MessageContentInfo$$serializer.java	1452	msgSubType
QStory_2.6.3-release-restored\sources\top\suzhelan\qstory\entity\proto\QQMessage$MessageHead$$serializer.java	1530	top.suzhelan.qstory.entity.proto.QQMessage.MessageHead
QStory_2.6.3-release-restored\sources\top\suzhelan\qstory\entity\proto\QQMessage$MessageHead$$serializer.java	1384	senderPeerId
QStory_2.6.3-release-restored\sources\top\suzhelan\qstory\entity\proto\QQMessage$MessageHead$$serializer.java	1431	senderUid
QStory_2.6.3-release-restored\sources\top\suzhelan\qstory\entity\proto\QQMessage$MessageHead$$serializer.java	1457	receiverPeerId
QStory_2.6.3-release-restored\sources\top\suzhelan\qstory\entity\proto\QQMessage$MessageHead$$serializer.java	1422	receiverUid
QStory_2.6.3-release-restored\sources\top\suzhelan\qstory\entity\proto\QQMessage$MessageHead$$serializer.java	1458	senderInfo
QStory_2.6.3-release-restored\sources\top\suzhelan\qstory\entity\proto\QQMessage$MessageHead$SenderInfo$$serializer.java	1531	top.suzhelan.qstory.entity.proto.QQMessage.MessageHead.SenderInfo
QStory_2.6.3-release-restored\sources\top\suzhelan\qstory\entity\proto\QQMessage$MessageHead$SenderInfo$$serializer.java	1452	msgSubType
QStory_2.6.3-release-restored\sources\top\suzhelan\qstory\entity\proto\QQMessage$MessageHead$SenderInfo$$serializer.java	1441	nickName
QStory_2.6.3-release-restored\sources\top\suzhelan\qstory\entity\proto\QQMessage.java	1435	GroupRecallOperationInfo(peerId=
QStory_2.6.3-release-restored\sources\top\suzhelan\qstory\entity\proto\QQMessage.java	1359	, msgSeq=
QStory_2.6.3-release-restored\sources\top\suzhelan\qstory\entity\proto\QQMessage.java	1362	operatorUid
QStory_2.6.3-release-restored\sources\top\suzhelan\qstory\entity\proto\QQMessage.java	1423	Info(operatorUid=
QStory_2.6.3-release-restored\sources\top\suzhelan\qstory\entity\proto\QQMessage.java	1431	senderUid
QStory_2.6.3-release-restored\sources\top\suzhelan\qstory\entity\proto\QQMessage.java	1432	MsgInfo(msgSeq=
QStory_2.6.3-release-restored\sources\top\suzhelan\qstory\entity\proto\QQMessage.java	1433	, senderUid=
QStory_2.6.3-release-restored\sources\top\suzhelan\qstory\entity\proto\QQMessage.java	1431	senderUid
QStory_2.6.3-release-restored\sources\top\suzhelan\qstory\entity\proto\QQMessage.java	1362	operatorUid
QStory_2.6.3-release-restored\sources\top\suzhelan\qstory\entity\proto\QQMessage.java	1437	msgContent
QStory_2.6.3-release-restored\sources\top\suzhelan\qstory\entity\proto\QQMessage.java	1447	RichMsg(msgContent=
QStory_2.6.3-release-restored\sources\top\suzhelan\qstory\entity\proto\QQMessage.java	1439	msgSender
QStory_2.6.3-release-restored\sources\top\suzhelan\qstory\entity\proto\QQMessage.java	1445	MsgContent(textMsg=
QStory_2.6.3-release-restored\sources\top\suzhelan\qstory\entity\proto\QQMessage.java	1446	, msgSender=
QStory_2.6.3-release-restored\sources\top\suzhelan\qstory\entity\proto\QQMessage.java	1441	nickName
QStory_2.6.3-release-restored\sources\top\suzhelan\qstory\entity\proto\QQMessage.java	1442	MsgSender(nickName=
QStory_2.6.3-release-restored\sources\top\suzhelan\qstory\entity\proto\QQMessage.java	1441	nickName
QStory_2.6.3-release-restored\sources\top\suzhelan\qstory\entity\proto\QQMessage.java	1444	TextMsg(text=
QStory_2.6.3-release-restored\sources\top\suzhelan\qstory\entity\proto\QQMessage.java	1439	msgSender
QStory_2.6.3-release-restored\sources\top\suzhelan\qstory\entity\proto\QQMessage.java	1437	msgContent
QStory_2.6.3-release-restored\sources\top\suzhelan\qstory\entity\proto\QQMessage.java	1419	operationInfo
QStory_2.6.3-release-restored\sources\top\suzhelan\qstory\entity\proto\QQMessage.java	1449	MessageBody(richMsg=
QStory_2.6.3-release-restored\sources\top\suzhelan\qstory\entity\proto\QQMessage.java	1450	, operationInfo=
QStory_2.6.3-release-restored\sources\top\suzhelan\qstory\entity\proto\QQMessage.java	1427	C2CRecallOperationInfo(info=
QStory_2.6.3-release-restored\sources\top\suzhelan\qstory\entity\proto\QQMessage.java	1362	operatorUid
QStory_2.6.3-release-restored\sources\top\suzhelan\qstory\entity\proto\QQMessage.java	1422	receiverUid
QStory_2.6.3-release-restored\sources\top\suzhelan\qstory\entity\proto\QQMessage.java	1423	Info(operatorUid=
QStory_2.6.3-release-restored\sources\top\suzhelan\qstory\entity\proto\QQMessage.java	1426	, msgRandom=
QStory_2.6.3-release-restored\sources\top\suzhelan\qstory\entity\proto\QQMessage.java	1359	, msgSeq=
QStory_2.6.3-release-restored\sources\top\suzhelan\qstory\entity\proto\QQMessage.java	1362	operatorUid
QStory_2.6.3-release-restored\sources\top\suzhelan\qstory\entity\proto\QQMessage.java	1422	receiverUid
QStory_2.6.3-release-restored\sources\top\suzhelan\qstory\entity\proto\QQMessage.java	1419	operationInfo
QStory_2.6.3-release-restored\sources\top\suzhelan\qstory\entity\proto\QQMessage.java	1416	messageContentInfo
QStory_2.6.3-release-restored\sources\top\suzhelan\qstory\entity\proto\QQMessage.java	1417	messageBody
QStory_2.6.3-release-restored\sources\top\suzhelan\qstory\entity\proto\QQMessage.java	1465	QQMessage(messageHead=
QStory_2.6.3-release-restored\sources\top\suzhelan\qstory\entity\proto\QQMessage.java	1466	, messageContentInfo=
QStory_2.6.3-release-restored\sources\top\suzhelan\qstory\entity\proto\QQMessage.java	1467	, messageBody=
QStory_2.6.3-release-restored\sources\top\suzhelan\qstory\entity\proto\QQMessage.java	1431	senderUid
QStory_2.6.3-release-restored\sources\top\suzhelan\qstory\entity\proto\QQMessage.java	1462	MessageHead(senderPeerId=
QStory_2.6.3-release-restored\sources\top\suzhelan\qstory\entity\proto\QQMessage.java	1433	, senderUid=
QStory_2.6.3-release-restored\sources\top\suzhelan\qstory\entity\proto\QQMessage.java	1424	, receiverUid=
QStory_2.6.3-release-restored\sources\top\suzhelan\qstory\entity\proto\QQMessage.java	1441	nickName
QStory_2.6.3-release-restored\sources\top\suzhelan\qstory\entity\proto\QQMessage.java	1460	SenderInfo(peerId=
QStory_2.6.3-release-restored\sources\top\suzhelan\qstory\entity\proto\QQMessage.java	1454	, msgSubType=
QStory_2.6.3-release-restored\sources\top\suzhelan\qstory\entity\proto\QQMessage.java	1441	nickName
QStory_2.6.3-release-restored\sources\top\suzhelan\qstory\entity\proto\QQMessage.java	1431	senderUid
QStory_2.6.3-release-restored\sources\top\suzhelan\qstory\entity\proto\QQMessage.java	1453	MessageContentInfo(msgType=
QStory_2.6.3-release-restored\sources\top\suzhelan\qstory\entity\proto\QQMessage.java	1416	messageContentInfo
QStory_2.6.3-release-restored\sources\top\suzhelan\qstory\entity\proto\QQMessage.java	1417	messageBody
QStory_2.6.3-release-restored\sources\lin\xposed\BuildConfig.java	0	lin.xposed
QStory_2.6.3-release-restored\sources\lin\xposed\BuildConfig.java	1	喵喵喵喵喵喵喵呜~喵喵喵呜喵喵喵喵~喵喵喵呜喵呜呜喵~喵喵喵喵呜呜喵呜~喵喵喵喵喵呜喵喵~喵喵喵呜呜呜呜呜~喵喵喵喵喵呜喵喵
QStory_2.6.3-release-restored\sources\lin\xposed\BuildConfig.java	2	喵喵喵喵喵喵呜呜~喵喵喵喵喵喵喵喵~喵喵喵呜呜喵喵喵~喵喵喵喵喵呜喵喵~喵喵喵喵呜呜喵喵~喵喵喵呜呜呜呜呜~喵喵喵喵呜喵喵呜
QStory_2.6.3-release-restored\sources\lin\xposed\BuildConfig.java	3	喵呜喵喵喵喵喵呜~喵呜喵呜呜喵呜呜~喵呜喵喵呜呜喵喵~喵呜喵喵喵呜呜喵~喵呜喵呜喵呜呜喵
QStory_2.6.3-release-restored\sources\lin\xposed\hook\javaplugin\C6385.java	1559	null cannot be cast to non-null type kotlin.String
QStory_2.6.3-release-restored\sources\lin\xposed\hook\javaplugin\C6385.java	1560	null cannot be cast to non-null type kotlin.ByteArray
QStory_2.6.3-release-restored\sources\lin\xposed\hook\javaplugin\C6385.java	1561	trpc.msg.register_proxy.RegisterProxy.InfoSyncPush
QStory_2.6.3-release-restored\sources\lin\xposed\hook\javaplugin\C6385.java	311	trpc.msg.olpush.OlPushService.MsgPush
QStory_2.6.3-release-restored\sources\lin\xposed\hook\javaplugin\JavaPluginLoad.java	576	plugin dialog
QStory_2.6.3-release-restored\sources\lin\xposed\hook\javaplugin\JavaPluginLoad.java	576	plugin dialog
QStory_2.6.3-release-restored\sources\lin\xposed\hook\javaplugin\OnMsgMenuCreateAPI.java	160	com.tencent.mobileqq.aio.msg.AIOMsgItem
QStory_2.6.3-release-restored\sources\lin\xposed\hook\javaplugin\OnMsgMenuCreateAPI.java	164	getMsgRecord
QStory_2.6.3-release-restored\sources\lin\xposed\hook\javaplugin\OnMsgMenuCreateAPI.java	158	com.tencent.qqnt.aio.menu.ui.QQCustomMenuExpandableLayout
QStory_2.6.3-release-restored\sources\lin\xposed\hook\javaplugin\OnMsgMenuCreateAPI.java	158	com.tencent.qqnt.aio.menu.ui.QQCustomMenuExpandableLayout
QStory_2.6.3-release-restored\sources\lin\xposed\hook\javaplugin\OnMsgMenuCreateAPI.java	158	com.tencent.qqnt.aio.menu.ui.QQCustomMenuExpandableLayout
QStory_2.6.3-release-restored\sources\lin\xposed\hook\javaplugin\OnMsgMenuCreateAPI.java	159	com.tencent.qqnt.aio.menu.ui.QQCustomMenuNoIconLayout
QStory_2.6.3-release-restored\sources\lin\xposed\hook\javaplugin\PluginCallback.java	579	callbackOnRawMsg
QStory_2.6.3-release-restored\sources\lin\xposed\hook\javaplugin\PluginCallback.java	577	onClickFloatingWindow
QStory_2.6.3-release-restored\sources\lin\xposed\hook\javaplugin\PluginCallback.java	581	onCreateMenu
QStory_2.6.3-release-restored\sources\lin\xposed\hook\javaplugin\PluginCallback.java	578	onTroopEvent
QStory_2.6.3-release-restored\sources\lin\xposed\hook\javaplugin\PluginCallback.java	578	onTroopEvent
QStory_2.6.3-release-restored\sources\lin\xposed\hook\javaplugin\PluginCallback.java	582	onMsgRetract
QStory_2.6.3-release-restored\sources\lin\xposed\hook\javaplugin\PluginCallback.java	580	onForbiddenEvent
QStory_2.6.3-release-restored\sources\lin\xposed\hook\javaplugin\PluginCallback.java	578	onTroopEvent
QStory_2.6.3-release-restored\sources\lin\xposed\hook\javaplugin\PluginCallback.java	578	onTroopEvent
QStory_2.6.3-release-restored\sources\lin\xposed\hook\javaplugin\PluginMenuFloatingWindow.java	583	PluginMenuFloatingWindow
QStory_2.6.3-release-restored\sources\lin\xposed\hook\javaplugin\PluginMenuFloatingWindow.java	583	PluginMenuFloatingWindow
QStory_2.6.3-release-restored\sources\lin\xposed\hook\javaplugin\PluginMenuFloatingWindow.java	583	PluginMenuFloatingWindow
QStory_2.6.3-release-restored\sources\lin\xposed\hook\javaplugin\PluginMessageCallbackAPI.java	152	elements
QStory_2.6.3-release-restored\sources\lin\xposed\hook\javaplugin\PluginMessageCallbackAPI.java	483	senderUin
QStory_2.6.3-release-restored\sources\lin\xposed\hook\javaplugin\PluginMessageCallbackAPI.java	338	elementType
QStory_2.6.3-release-restored\sources\lin\xposed\hook\javaplugin\PluginMessageCallbackAPI.java	247	getTextElement
QStory_2.6.3-release-restored\sources\lin\xposed\hook\javaplugin\PluginMessageCallbackAPI.java	339	getContent
QStory_2.6.3-release-restored\sources\lin\xposed\hook\javaplugin\PluginMessageCallbackAPI.java	140	getPicElement
QStory_2.6.3-release-restored\sources\lin\xposed\hook\javaplugin\PluginMessageCallbackAPI.java	587	fileName
QStory_2.6.3-release-restored\sources\lin\xposed\hook\javaplugin\PluginMessageCallbackAPI.java	588	/Android/data/com.tencent.mobileqq/Tencent/MobileQQ/photo/
QStory_2.6.3-release-restored\sources\lin\xposed\hook\javaplugin\PluginMessageCallbackAPI.java	589	/Android/data/com.tencent.mobileqq/Tencent/QQ_Images/QQEditPic/
QStory_2.6.3-release-restored\sources\lin\xposed\hook\javaplugin\PluginMessageCallbackAPI.java	179	md5HexStr
QStory_2.6.3-release-restored\sources\lin\xposed\hook\javaplugin\PluginMessageCallbackAPI.java	590	[PicUrl=
QStory_2.6.3-release-restored\sources\lin\xposed\hook\javaplugin\PluginMessageCallbackAPI.java	591	getFileElement
QStory_2.6.3-release-restored\sources\lin\xposed\hook\javaplugin\PluginMessageCallbackAPI.java	587	fileName
QStory_2.6.3-release-restored\sources\lin\xposed\hook\javaplugin\PluginMessageCallbackAPI.java	592	fileSize
QStory_2.6.3-release-restored\sources\lin\xposed\hook\javaplugin\PluginMessageCallbackAPI.java	593	filePath
QStory_2.6.3-release-restored\sources\lin\xposed\hook\javaplugin\PluginMessageCallbackAPI.java	594	getFaceElement
QStory_2.6.3-release-restored\sources\lin\xposed\hook\javaplugin\PluginMessageCallbackAPI.java	595	getVideoElement
QStory_2.6.3-release-restored\sources\lin\xposed\hook\javaplugin\PluginMessageCallbackAPI.java	592	fileSize
QStory_2.6.3-release-restored\sources\lin\xposed\hook\javaplugin\PluginMessageCallbackAPI.java	587	fileName
QStory_2.6.3-release-restored\sources\lin\xposed\hook\javaplugin\PluginMessageCallbackAPI.java	154	bytesData
QStory_2.6.3-release-restored\sources\lin\xposed\hook\javaplugin\PluginMessageCallbackAPI.java	153	getArkElement
QStory_2.6.3-release-restored\sources\lin\xposed\hook\javaplugin\PluginMessageCallbackAPI.java	596	getPttElement
QStory_2.6.3-release-restored\sources\lin\xposed\hook\javaplugin\PluginMessageCallbackAPI.java	587	fileName
QStory_2.6.3-release-restored\sources\lin\xposed\hook\javaplugin\PluginMessageCallbackAPI.java	592	fileSize
QStory_2.6.3-release-restored\sources\lin\xposed\hook\javaplugin\PluginMessageCallbackAPI.java	597	/Android/data/com.tencent.mobileqq/Tencent/MobileQQ/
QStory_2.6.3-release-restored\sources\lin\xposed\hook\javaplugin\PluginMessageCallbackAPI.java	483	senderUin
QStory_2.6.3-release-restored\sources\lin\xposed\hook\javaplugin\PluginMessageCallbackAPI.java	152	elements
QStory_2.6.3-release-restored\sources\lin\xposed\hook\javaplugin\PluginMessageCallbackAPI.java	338	elementType
QStory_2.6.3-release-restored\sources\lin\xposed\hook\javaplugin\PluginMessageCallbackAPI.java	483	senderUin
QStory_2.6.3-release-restored\sources\lin\xposed\hook\javaplugin\PluginMessageCallbackAPI.java	125	chatType
QStory_2.6.3-release-restored\sources\lin\xposed\hook\javaplugin\PluginMessageCallbackAPI.java	584	peerName
QStory_2.6.3-release-restored\sources\lin\xposed\hook\javaplugin\PluginMessageCallbackAPI.java	585	sendMemberName
QStory_2.6.3-release-restored\sources\lin\xposed\hook\javaplugin\PluginMessageCallbackAPI.java	586	sendNickName
QStory_2.6.3-release-restored\sources\lin\xposed\hook\javaplugin\PluginOutput.java	599	/error.txt
QStory_2.6.3-release-restored\sources\lin\xposed\hook\javaplugin\PluginOutput.java	598	/log.txt
QStory_2.6.3-release-restored\sources\lin\xposed\hook\view\main\MainSettingActivity.java	1298	setting_bar_right
QStory_2.6.3-release-restored\sources\lin\xposed\hook\view\main\MainSettingActivity.java	1303	SettingFragment
QStory_2.6.3-release-restored\sources\lin\xposed\hook\view\main\MainSettingActivity.java	1280	findViewById(...)
QStory_2.6.3-release-restored\sources\lin\xposed\hook\view\main\MainSettingActivity.java	1280	findViewById(...)
QStory_2.6.3-release-restored\sources\lin\xposed\hook\view\main\MainSettingActivity.java	1280	findViewById(...)
QStory_2.6.3-release-restored\sources\lin\xposed\hook\view\main\MainSettingActivity.java	1280	findViewById(...)
QStory_2.6.3-release-restored\sources\lin\xposed\hook\view\main\MainSettingActivity.java	1304	 QStory:2.6.3
QStory_2.6.3-release-restored\sources\lin\xposed\hook\view\main\MainSettingActivity.java	1305	getString(...)
QStory_2.6.3-release-restored\sources\lin\xposed\hook\view\main\MainSettingActivity.java	1306	getSupportFragmentManager(...)
QStory_2.6.3-release-restored\sources\lin\xposed\hook\view\main\MainSettingActivity.java	1307	beginTransaction(...)
QStory_2.6.3-release-restored\sources\lin\xposed\hook\view\main\MainSettingActivity.java	2860	https://qstory.suzhelan.top
QStory_2.6.3-release-restored\sources\lin\xposed\hook\view\main\MainSettingActivity.java	2861	create(...)
QStory_2.6.3-release-restored\sources\lin\xposed\hook\view\main\MainSettingActivity.java	3140	可以赞助一下吗,这会帮助模块开发更多功能走的更远,为你提供更多服务\n(不赞助也可以正常使用，你的支持是此模块维护的动力）\n赞助后此弹窗将不会出现
QStory_2.6.3-release-restored\sources\lin\xposed\hook\view\main\MainSettingActivity.java	3141	去赞助
QStory_2.6.3-release-restored\sources\lin\xposed\hook\view\main\MainSettingActivity.java	1298	setting_bar_right
QStory_2.6.3-release-restored\sources\lin\xposed\hook\view\main\MainSettingActivity.java	1308	searchIcon
QStory_2.6.3-release-restored\sources\lin\xposed\hook\view\main\MainSettingActivity.java	1309	getContext(...)
QStory_2.6.3-release-restored\sources\lin\xposed\hook\view\main\MainSettingActivity.java	1279	null cannot be cast to non-null type android.view.ViewGroup
QStory_2.6.3-release-restored\sources\lin\xposed\hook\view\main\MainSettingActivity.java	1280	findViewById(...)
QStory_2.6.3-release-restored\sources\lin\xposed\hook\view\main\MainSettingActivity.java	1280	findViewById(...)
QStory_2.6.3-release-restored\sources\lin\xposed\hook\view\main\MainSettingActivity.java	1280	findViewById(...)
QStory_2.6.3-release-restored\sources\lin\xposed\hook\view\main\MainSettingActivity.java	1280	findViewById(...)
QStory_2.6.3-release-restored\sources\lin\xposed\hook\view\main\MainSettingActivity.java	1280	findViewById(...)
QStory_2.6.3-release-restored\sources\lin\xposed\hook\view\main\MainSettingActivity.java	1280	findViewById(...)
QStory_2.6.3-release-restored\sources\lin\xposed\hook\view\main\MainSettingActivity.java	1280	findViewById(...)
QStory_2.6.3-release-restored\sources\lin\xposed\hook\view\main\MainSettingActivity.java	1280	findViewById(...)
QStory_2.6.3-release-restored\sources\lin\xposed\hook\view\main\MainSettingActivity.java	13	activity
QStory_2.6.3-release-restored\sources\lin\xposed\hook\view\main\MainSettingActivity.java	1300	centerText
QStory_2.6.3-release-restored\sources\lin\xposed\hook\view\main\MainSettingActivity.java	1301	leftIcon
QStory_2.6.3-release-restored\sources\lin\xposed\hook\view\main\MainSettingActivity.java	1299	titleLayout
QStory_2.6.3-release-restored\sources\lin\xposed\hook\view\main\MainSettingActivity.java	1302	newConfig
QStory_2.6.3-release-restored\sources\lin\xposed\hook\view\main\MainSettingActivity.java	1275	System.exit returned normally, while it was supposed to halt JVM.
QStory_2.6.3-release-restored\sources\lin\xposed\hook\view\main\MainSettingActivity.java	48	status_bar_height
QStory_2.6.3-release-restored\sources\lin\xposed\hook\view\main\SearchHelper$MatchType.java	1310	FUNCTION
QStory_2.6.3-release-restored\sources\lin\xposed\hook\view\main\SearchHelper$MatchType.java	1311	DIRECTORY
QStory_2.6.3-release-restored\sources\lin\xposed\hook\view\main\itemview\AddQQGroup.java	1024	正在获取群列表...
QStory_2.6.3-release-restored\sources\lin\xposed\hook\view\main\itemview\AddQQGroup.java	2860	https://qstory.suzhelan.top
QStory_2.6.3-release-restored\sources\lin\xposed\hook\view\main\itemview\AddQQGroup.java	2861	create(...)
QStory_2.6.3-release-restored\sources\lin\xposed\hook\view\main\itemview\AddQQGroup.java	1021	获取群列表失败
QStory_2.6.3-release-restored\sources\lin\xposed\hook\view\main\itemview\AddQQGroup.java	1021	获取群列表失败
QStory_2.6.3-release-restored\sources\lin\xposed\hook\view\main\itemview\AddQQGroup.java	227	mqqapi://card/show_pslcard?src_type=internal&version=1&uin=
QStory_2.6.3-release-restored\sources\lin\xposed\hook\view\main\itemview\AddQQGroup.java	228	&card_type=group&source=qrcode
QStory_2.6.3-release-restored\sources\lin\xposed\hook\view\main\itemview\AddQQGroup.java	1023	选择加入的QQ群
QStory_2.6.3-release-restored\sources\lin\xposed\hook\view\main\itemview\AddQQGroup.java	1022	加入QQ群
QStory_2.6.3-release-restored\sources\lin\xposed\hook\view\main\itemview\AddTelegramChannel.java	1026	TG频道
QStory_2.6.3-release-restored\sources\lin\xposed\hook\view\main\itemview\AddTelegramChannel.java	1025	https://t.me/WhenFlowersAreInBloom
QStory_2.6.3-release-restored\sources\lin\xposed\hook\view\main\itemview\AddTelegramGroup.java	1028	TG群组
QStory_2.6.3-release-restored\sources\lin\xposed\hook\view\main\itemview\AddTelegramGroup.java	1027	https://t.me/AnQChat
QStory_2.6.3-release-restored\sources\lin\xposed\hook\view\main\itemview\C6395.java	3254	onItemClickListener
QStory_2.6.3-release-restored\sources\lin\xposed\hook\view\main\itemview\C6395.java	3255	null cannot be cast to non-null type android.widget.ListView
QStory_2.6.3-release-restored\sources\lin\xposed\hook\view\main\itemview\C6395.java	3136	getPayUrl(...)
QStory_2.6.3-release-restored\sources\lin\xposed\hook\view\main\itemview\C6395.java	164	getMsgRecord
QStory_2.6.3-release-restored\sources\lin\xposed\hook\view\main\itemview\C6395.java	1080	打开红包
QStory_2.6.3-release-restored\sources\lin\xposed\hook\view\main\itemview\C6395.java	164	getMsgRecord
QStory_2.6.3-release-restored\sources\lin\xposed\hook\view\main\itemview\C6395.java	152	elements
QStory_2.6.3-release-restored\sources\lin\xposed\hook\view\main\itemview\C6395.java	1992	pttElement
QStory_2.6.3-release-restored\sources\lin\xposed\hook\view\main\itemview\C6395.java	2015	转发语音
QStory_2.6.3-release-restored\sources\lin\xposed\hook\view\main\itemview\C6395.java	2016	null cannot be cast to non-null type kotlin.collections.MutableList<kotlin.Any>
QStory_2.6.3-release-restored\sources\lin\xposed\hook\view\main\itemview\C6395.java	2015	转发语音
QStory_2.6.3-release-restored\sources\lin\xposed\hook\view\main\itemview\C6395.java	2016	null cannot be cast to non-null type kotlin.collections.MutableList<kotlin.Any>
QStory_2.6.3-release-restored\sources\lin\xposed\hook\view\main\itemview\C6395.java	164	getMsgRecord
QStory_2.6.3-release-restored\sources\lin\xposed\hook\view\main\itemview\C6395.java	125	chatType
QStory_2.6.3-release-restored\sources\lin\xposed\hook\view\main\itemview\C6395.java	152	elements
QStory_2.6.3-release-restored\sources\lin\xposed\hook\view\main\itemview\C6395.java	1588	getField(...)
QStory_2.6.3-release-restored\sources\lin\xposed\hook\view\main\itemview\C6395.java	1253	iterator(...)
QStory_2.6.3-release-restored\sources\lin\xposed\hook\view\main\itemview\C6395.java	1254	next(...)
QStory_2.6.3-release-restored\sources\lin\xposed\hook\view\main\itemview\C6395.java	140	getPicElement
QStory_2.6.3-release-restored\sources\lin\xposed\hook\view\main\itemview\C6395.java	178	com.tencent.qqnt.kernel.nativeinterface.PicElement
QStory_2.6.3-release-restored\sources\lin\xposed\hook\view\main\itemview\C6395.java	179	md5HexStr
QStory_2.6.3-release-restored\sources\lin\xposed\hook\view\main\itemview\C6395.java	1277	getDefault(...)
QStory_2.6.3-release-restored\sources\lin\xposed\hook\view\main\itemview\C6395.java	1278	toUpperCase(...)
QStory_2.6.3-release-restored\sources\lin\xposed\hook\view\main\itemview\C6395.java	2016	null cannot be cast to non-null type kotlin.collections.MutableList<kotlin.Any>
QStory_2.6.3-release-restored\sources\lin\xposed\hook\view\main\itemview\C6395.java	164	getMsgRecord
QStory_2.6.3-release-restored\sources\lin\xposed\hook\view\main\itemview\C6395.java	165	复制图链
QStory_2.6.3-release-restored\sources\lin\xposed\hook\view\main\itemview\C6395.java	164	getMsgRecord
QStory_2.6.3-release-restored\sources\lin\xposed\hook\view\main\itemview\C6395.java	289	图转卡
QStory_2.6.3-release-restored\sources\lin\xposed\hook\view\main\itemview\CheckCommonGroup.java	1332	查找共同群
QStory_2.6.3-release-restored\sources\lin\xposed\hook\view\main\itemview\CheckCommonGroup.java	1342	请输入对方QQ号
QStory_2.6.3-release-restored\sources\lin\xposed\hook\view\main\itemview\CheckCommonGroup.java	1340	请输入QQ号
QStory_2.6.3-release-restored\sources\lin\xposed\hook\view\main\itemview\CheckCommonGroup.java	1341	请输入有效的QQ号
QStory_2.6.3-release-restored\sources\lin\xposed\hook\view\main\itemview\CheckCommonGroup.java	1309	getContext(...)
QStory_2.6.3-release-restored\sources\lin\xposed\hook\view\main\itemview\CheckCommonGroup.java	1333	com.tencent.mobileqq.activity.QQBrowserDelegationActivity
QStory_2.6.3-release-restored\sources\lin\xposed\hook\view\main\itemview\CheckCommonGroup.java	1334	fling_action_key
QStory_2.6.3-release-restored\sources\lin\xposed\hook\view\main\itemview\CheckCommonGroup.java	1335	fling_code_key
QStory_2.6.3-release-restored\sources\lin\xposed\hook\view\main\itemview\CheckCommonGroup.java	1336	useDefBackText
QStory_2.6.3-release-restored\sources\lin\xposed\hook\view\main\itemview\CheckCommonGroup.java	1337	param_force_internal_browser
QStory_2.6.3-release-restored\sources\lin\xposed\hook\view\main\itemview\CheckCommonGroup.java	1338	https://ti.qq.com/friends/recall?uin=
QStory_2.6.3-release-restored\sources\lin\xposed\hook\view\main\itemview\CheckCommonGroup.java	1339	打开失败: 
QStory_2.6.3-release-restored\sources\lin\xposed\hook\view\main\itemview\CheckCommonGroup.java	1332	查找共同群
QStory_2.6.3-release-restored\sources\lin\xposed\hook\view\main\itemview\ClearLoginInformation.java	1344	正在刷新.... 可能会自动重启QQ
QStory_2.6.3-release-restored\sources\lin\xposed\hook\view\main\itemview\ClearLoginInformation.java	1343	刷新登录信息
QStory_2.6.3-release-restored\sources\lin\xposed\hook\view\main\itemview\DeleteMethodInfo.java	1029	清除方法信息
QStory_2.6.3-release-restored\sources\lin\xposed\hook\view\main\itemview\DeleteMethodInfo.java	1030	清除方法信息并重启QQ开始查找方法
QStory_2.6.3-release-restored\sources\lin\xposed\hook\view\main\itemview\EndAllActivity.java	1031	重启QQ
QStory_2.6.3-release-restored\sources\lin\xposed\hook\view\main\itemview\GithubSourceCode.java	1033	Github开源地址
QStory_2.6.3-release-restored\sources\lin\xposed\hook\view\main\itemview\GithubSourceCode.java	1032	https://github.com/Suzhelan/NewQStory
QStory_2.6.3-release-restored\sources\lin\xposed\hook\view\main\itemview\JumpDataCard.java	1345	跳转资料卡
QStory_2.6.3-release-restored\sources\lin\xposed\hook\view\main\itemview\JumpDataCard.java	1352	请输入QQ号或群号
QStory_2.6.3-release-restored\sources\lin\xposed\hook\view\main\itemview\JumpDataCard.java	1351	输入不能为空
QStory_2.6.3-release-restored\sources\lin\xposed\hook\view\main\itemview\JumpDataCard.java	1309	getContext(...)
QStory_2.6.3-release-restored\sources\lin\xposed\hook\view\main\itemview\JumpDataCard.java	227	mqqapi://card/show_pslcard?src_type=internal&version=1&uin=
QStory_2.6.3-release-restored\sources\lin\xposed\hook\view\main\itemview\JumpDataCard.java	228	&card_type=group&source=qrcode
QStory_2.6.3-release-restored\sources\lin\xposed\hook\view\main\itemview\JumpDataCard.java	1349	mqqapi://card/show_pslcard?uin=
QStory_2.6.3-release-restored\sources\lin\xposed\hook\view\main\itemview\JumpDataCard.java	1350	&card_type=profile&version=1
QStory_2.6.3-release-restored\sources\lin\xposed\hook\view\main\itemview\JumpDataCard.java	1346	选择资料卡类型
QStory_2.6.3-release-restored\sources\lin\xposed\hook\view\main\itemview\JumpDataCard.java	1347	个人资料卡
QStory_2.6.3-release-restored\sources\lin\xposed\hook\view\main\itemview\JumpDataCard.java	1348	群聊资料卡
QStory_2.6.3-release-restored\sources\lin\xposed\hook\view\main\itemview\JumpDataCard.java	1345	跳转资料卡
QStory_2.6.3-release-restored\sources\lin\xposed\hook\view\main\itemview\ManageFriends.java	3100	正在加载好友列表...
QStory_2.6.3-release-restored\sources\lin\xposed\hook\view\main\itemview\ManageFriends.java	1353	批量管理好友
QStory_2.6.3-release-restored\sources\lin\xposed\hook\view\main\itemview\ManageTroops.java	3116	正在加载群列表...
QStory_2.6.3-release-restored\sources\lin\xposed\hook\view\main\itemview\ManageTroops.java	1354	批量管理群
QStory_2.6.3-release-restored\sources\lin\xposed\hook\view\main\itemview\NoticeLog.java	1355	历史公告
QStory_2.6.3-release-restored\sources\lin\xposed\hook\view\main\itemview\Update.java	1038	请前往TG频道查看更新日志
QStory_2.6.3-release-restored\sources\lin\xposed\hook\view\main\itemview\Update.java	1037	https://qstory.suzhelan.top/update/download?version=
QStory_2.6.3-release-restored\sources\lin\xposed\hook\view\main\itemview\Update.java	1042	t-update
QStory_2.6.3-release-restored\sources\lin\xposed\hook\view\main\itemview\Update.java	1041	正在检查更新...
QStory_2.6.3-release-restored\sources\lin\xposed\hook\view\main\itemview\Update.java	1035	无更新 当前是最新版本 .. 
QStory_2.6.3-release-restored\sources\lin\xposed\hook\view\main\itemview\Update.java	1034	获取更新日志失败:
QStory_2.6.3-release-restored\sources\lin\xposed\hook\view\main\itemview\Update.java	1036	检查更新失败:
QStory_2.6.3-release-restored\sources\lin\xposed\hook\view\main\itemview\Update.java	1039	有新更新 v
QStory_2.6.3-release-restored\sources\lin\xposed\hook\view\main\itemview\Update.java	1040	检测更新
QStory_2.6.3-release-restored\sources\lin\xposed\hook\view\main\itemview\UpdateLog.java	1356	更新日志
QStory_2.6.3-release-restored\sources\lin\xposed\hook\view\main\itemview\ViewOnClickListenerC6392.java	565	/storage/emulated
QStory_2.6.3-release-restored\sources\lin\xposed\hook\view\main\itemview\ViewOnClickListenerC6392.java	566	已是所能探索到的极限
QStory_2.6.3-release-restored\sources\lin\xposed\hook\view\main\itemview\ViewOnClickListenerC6392.java	275	targetTime
QStory_2.6.3-release-restored\sources\lin\xposed\hook\view\main\itemview\ViewOnClickListenerC6392.java	275	targetTime
QStory_2.6.3-release-restored\sources\lin\xposed\hook\view\main\itemview\ViewOnClickListenerC6392.java	281	MM-dd hh:mm
QStory_2.6.3-release-restored\sources\lin\xposed\hook\view\main\itemview\ViewOnClickListenerC6392.java	272	日期格式化失败 
QStory_2.6.3-release-restored\sources\lin\xposed\hook\view\main\itemview\ViewOnClickListenerC6392.java	277	需要屏蔽通知的时长
QStory_2.6.3-release-restored\sources\lin\xposed\hook\view\main\itemview\ViewOnClickListenerC6392.java	280	关闭了免打扰
QStory_2.6.3-release-restored\sources\lin\xposed\hook\view\main\itemview\ViewOnClickListenerC6392.java	276	TaskName
QStory_2.6.3-release-restored\sources\lin\xposed\hook\view\main\itemview\ViewOnClickListenerC6392.java	360	创建新目录
QStory_2.6.3-release-restored\sources\lin\xposed\hook\view\main\itemview\ViewOnClickListenerC6392.java	361	确定创建
QStory_2.6.3-release-restored\sources\lin\xposed\hook\view\main\itemview\ViewOnClickListenerC6392.java	178	com.tencent.qqnt.kernel.nativeinterface.PicElement
QStory_2.6.3-release-restored\sources\lin\xposed\hook\view\main\itemview\ViewOnClickListenerC6392.java	282	picElement
QStory_2.6.3-release-restored\sources\lin\xposed\hook\view\main\itemview\ViewOnClickListenerC6392.java	364	[动画表情]
QStory_2.6.3-release-restored\sources\lin\xposed\hook\view\main\itemview\ViewOnClickListenerC6392.java	141	emojiFrom
QStory_2.6.3-release-restored\sources\lin\xposed\hook\view\main\itemview\ViewOnClickListenerC6392.java	364	[动画表情]
QStory_2.6.3-release-restored\sources\lin\xposed\hook\view\main\itemview\ViewOnClickListenerC6392.java	271	doNotDisturbData
QStory_2.6.3-release-restored\sources\lin\xposed\hook\view\main\itemview\ViewOnClickListenerC6392.java	273	24小时
QStory_2.6.3-release-restored\sources\lin\xposed\hook\view\main\itemview\ViewOnClickListenerC6392.java	274	12小时
QStory_2.6.3-release-restored\sources\lin\xposed\hook\view\main\itemview\ViewOnClickListenerC6392.java	275	targetTime
QStory_2.6.3-release-restored\sources\lin\xposed\hook\view\main\itemview\ViewOnClickListenerC6392.java	276	TaskName
QStory_2.6.3-release-restored\sources\lin\xposed\hook\view\main\itemview\ViewOnClickListenerC6392.java	277	需要屏蔽通知的时长
QStory_2.6.3-release-restored\sources\lin\xposed\hook\view\main\itemview\ViewOnClickListenerC6392.java	276	TaskName
QStory_2.6.3-release-restored\sources\lin\xposed\hook\view\main\itemview\ViewOnClickListenerC6392.java	2291	MCP 配置已保存
QStory_2.6.3-release-restored\sources\lin\xposed\hook\view\main\itemview\ViewOnClickListenerC6392.java	46	clipboard
QStory_2.6.3-release-restored\sources\lin\xposed\hook\view\main\itemview\ViewOnClickListenerC6392.java	2292	null cannot be cast to non-null type android.content.ClipboardManager
QStory_2.6.3-release-restored\sources\lin\xposed\hook\view\main\itemview\ViewOnClickListenerC6392.java	2293	QStory MCP Config
QStory_2.6.3-release-restored\sources\lin\xposed\hook\view\main\itemview\ViewOnClickListenerC6392.java	2294	MCP 配置 JSON 已复制
QStory_2.6.3-release-restored\sources\lin\xposed\hook\view\main\itemview\info\DirectoryUiInfo.java	1043	DirectoryUiInfo{rightText=
QStory_2.6.3-release-restored\sources\lin\xposed\hook\view\main\itemview\info\DirectoryUiInfo.java	1044	, uiInfoList=
QStory_2.6.3-release-restored\sources\lin\xposed\hook\view\main\itemview\info\DirectoryUiInfo.java	1045	, groupWrapperList=
QStory_2.6.3-release-restored\sources\lin\xposed\hook\view\main\itemview\info\ItemUiInfo.java	1046	ItemUiInfo{item=
QStory_2.6.3-release-restored\sources\lin\xposed\hook\view\main\itemview\info\ItemUiInfo.java	1047	, tips='
QStory_2.6.3-release-restored\sources\lin\xposed\hook\view\main\itemview\info\ItemUiInfoGroupWrapper.java	1048	ItemUiInfoGroupWrapper{groupName='
QStory_2.6.3-release-restored\sources\lin\xposed\hook\view\main\itemview\info\ItemUiInfoGroupWrapper.java	1049	, directoryUIInfoList=
QStory_2.6.3-release-restored\sources\lin\xposed\hook\util\p011qq\C6389.java	1540	null cannot be cast to non-null type java.util.ArrayList<kotlin.Any>
QStory_2.6.3-release-restored\sources\lin\xposed\hook\util\p011qq\C6389.java	1540	null cannot be cast to non-null type java.util.ArrayList<kotlin.Any>
QStory_2.6.3-release-restored\sources\lin\xposed\hook\util\p011qq\CommonQQMethodTools.java	124	com.tencent.imcore.message.Message
QStory_2.6.3-release-restored\sources\lin\xposed\hook\util\p011qq\CommonQQMethodTools.java	872	com.tencent.mobileqq.data.MessageRecord
QStory_2.6.3-release-restored\sources\lin\xposed\hook\util\p011qq\CommonQQMethodTools.java	345	com.tencent.aio.data.AIOContact
QStory_2.6.3-release-restored\sources\lin\xposed\hook\util\p011qq\CommonQQMethodTools.java	160	com.tencent.mobileqq.aio.msg.AIOMsgItem
QStory_2.6.3-release-restored\sources\lin\xposed\hook\util\p011qq\CommonQQMethodTools.java	873	com.tencent.qqnt.kernel.nativeinterface.MsgRecord
QStory_2.6.3-release-restored\sources\lin\xposed\hook\util\p011qq\CommonQQMethodTools.java	326	com.tencent.mobileqq.aio.msglist.holder.AIOBubbleMsgItemVB
QStory_2.6.3-release-restored\sources\lin\xposed\hook\util\p011qq\CreateElement.java	597	/Android/data/com.tencent.mobileqq/Tencent/MobileQQ/
QStory_2.6.3-release-restored\sources\lin\xposed\hook\util\p011qq\CreateElement.java	893	com.tencent.qqnt.msg.data.a
QStory_2.6.3-release-restored\sources\lin\xposed\hook\util\p011qq\CreateElement.java	894	com.tencent.qqnt.msg.data.b
QStory_2.6.3-release-restored\sources\lin\xposed\hook\util\p011qq\CreateElement.java	874	com.tencent.qqnt.msg.api.IMsgUtilApi
QStory_2.6.3-release-restored\sources\lin\xposed\hook\util\p011qq\CreateElement.java	896	createArkElement
QStory_2.6.3-release-restored\sources\lin\xposed\hook\util\p011qq\CreateElement.java	895	卡片格式有问题:
QStory_2.6.3-release-restored\sources\lin\xposed\hook\util\p011qq\CreateElement.java	878	全体成员
QStory_2.6.3-release-restored\sources\lin\xposed\hook\util\p011qq\CreateElement.java	876	createPicElement
QStory_2.6.3-release-restored\sources\lin\xposed\hook\util\p011qq\CreateElement.java	880	createFileElement
QStory_2.6.3-release-restored\sources\lin\xposed\hook\util\p011qq\CreateElement.java	883	https://
QStory_2.6.3-release-restored\sources\lin\xposed\hook\util\p011qq\CreateElement.java	885	com.tencent.qqnt.kernel.nativeinterface.XmlToJsonParam
QStory_2.6.3-release-restored\sources\lin\xposed\hook\util\p011qq\CreateElement.java	884	com.tencent.qqnt.kernel.nativeinterface.JsonGrayElement
QStory_2.6.3-release-restored\sources\lin\xposed\hook\util\p011qq\CreateElement.java	886	com.tencent.qqnt.kernel.nativeinterface.GrayTipElement
QStory_2.6.3-release-restored\sources\lin\xposed\hook\util\p011qq\CreateElement.java	887	subElementType
QStory_2.6.3-release-restored\sources\lin\xposed\hook\util\p011qq\CreateElement.java	888	jsonGrayTipElement
QStory_2.6.3-release-restored\sources\lin\xposed\hook\util\p011qq\CreateElement.java	889	com.tencent.qqnt.kernel.nativeinterface.MsgElement
QStory_2.6.3-release-restored\sources\lin\xposed\hook\util\p011qq\CreateElement.java	890	setElementType
QStory_2.6.3-release-restored\sources\lin\xposed\hook\util\p011qq\CreateElement.java	891	setGrayTipElement
QStory_2.6.3-release-restored\sources\lin\xposed\hook\util\p011qq\CreateElement.java	886	com.tencent.qqnt.kernel.nativeinterface.GrayTipElement
QStory_2.6.3-release-restored\sources\lin\xposed\hook\util\p011qq\CreateElement.java	892	报错:createJsonGrayTipElement
QStory_2.6.3-release-restored\sources\lin\xposed\hook\util\p011qq\CreateElement.java	876	createPicElement
QStory_2.6.3-release-restored\sources\lin\xposed\hook\util\p011qq\CreateElement.java	881	createPttElement
QStory_2.6.3-release-restored\sources\lin\xposed\hook\util\p011qq\CreateElement.java	879	createReplyElement
QStory_2.6.3-release-restored\sources\lin\xposed\hook\util\p011qq\CreateElement.java	875	createTextElement
QStory_2.6.3-release-restored\sources\lin\xposed\hook\util\p011qq\CreateElement.java	882	createVideoElement
QStory_2.6.3-release-restored\sources\lin\xposed\hook\util\p011qq\CreateElement.java	877	createAtTextElement
QStory_2.6.3-release-restored\sources\lin\xposed\hook\util\p011qq\Hook_cookie.java	905	getCurrentAccountUin
QStory_2.6.3-release-restored\sources\lin\xposed\hook\util\p011qq\Hook_cookie.java	905	getCurrentAccountUin
QStory_2.6.3-release-restored\sources\lin\xposed\hook\util\p011qq\Hook_cookie.java	906	报错:getMyuin()
QStory_2.6.3-release-restored\sources\lin\xposed\hook\util\p011qq\Hook_cookie.java	902	com.tencent.mobileqq.qwallet.ipc.impl.ComIPCUtilsImpl
QStory_2.6.3-release-restored\sources\lin\xposed\hook\util\p011qq\Hook_cookie.java	903	getFriendNickName
QStory_2.6.3-release-restored\sources\lin\xposed\hook\util\p011qq\Hook_cookie.java	904	报错:getName
QStory_2.6.3-release-restored\sources\lin\xposed\hook\util\p011qq\Hook_cookie.java	911	com.tencent.mobileqq.pskey.api.IPskeyManager
QStory_2.6.3-release-restored\sources\lin\xposed\hook\util\p011qq\Hook_cookie.java	649	getPskey
QStory_2.6.3-release-restored\sources\lin\xposed\hook\util\p011qq\Hook_cookie.java	912	报错:getPskey()
QStory_2.6.3-release-restored\sources\lin\xposed\hook\util\p011qq\Hook_cookie.java	913	getPt4Token
QStory_2.6.3-release-restored\sources\lin\xposed\hook\util\p011qq\Hook_cookie.java	901	报错:getQQAppInterface
QStory_2.6.3-release-restored\sources\lin\xposed\hook\util\p011qq\Hook_cookie.java	72	com.tencent.common.app.BaseApplicationImpl
QStory_2.6.3-release-restored\sources\lin\xposed\hook\util\p011qq\Hook_cookie.java	897	getApplication
QStory_2.6.3-release-restored\sources\lin\xposed\hook\util\p011qq\Hook_cookie.java	898	getRuntime
QStory_2.6.3-release-restored\sources\lin\xposed\hook\util\p011qq\Hook_cookie.java	899	报错:getRuntime()
QStory_2.6.3-release-restored\sources\lin\xposed\hook\util\p011qq\Hook_cookie.java	910	报错:getSkey()
QStory_2.6.3-release-restored\sources\lin\xposed\hook\util\p011qq\Hook_cookie.java	908	getStweb
QStory_2.6.3-release-restored\sources\lin\xposed\hook\util\p011qq\Hook_cookie.java	909	报错:getStweb()
QStory_2.6.3-release-restored\sources\lin\xposed\hook\util\p011qq\Hook_cookie.java	907	getManager
QStory_2.6.3-release-restored\sources\lin\xposed\hook\util\p011qq\Hook_cookie.java	914	异常：getPskey()
QStory_2.6.3-release-restored\sources\lin\xposed\hook\util\p011qq\LegacyQQSendTool.java	924	QQSendUtils
QStory_2.6.3-release-restored\sources\lin\xposed\hook\util\p011qq\LegacyQQSendTool.java	915	com.tencent.mobileqq.activity.ChatActivityFacade
QStory_2.6.3-release-restored\sources\lin\xposed\hook\util\p011qq\LegacyQQSendTool.java	122	com.tencent.mobileqq.app.QQAppInterface
QStory_2.6.3-release-restored\sources\lin\xposed\hook\util\p011qq\LegacyQQSendTool.java	346	com.tencent.mobileqq.activity.aio.SessionInfo
QStory_2.6.3-release-restored\sources\lin\xposed\hook\util\p011qq\LegacyQQSendTool.java	916	localUUID
QStory_2.6.3-release-restored\sources\lin\xposed\hook\util\p011qq\LegacyQQSendTool.java	917	prewrite
QStory_2.6.3-release-restored\sources\lin\xposed\hook\util\p011qq\LegacyQQSendTool.java	915	com.tencent.mobileqq.activity.ChatActivityFacade
QStory_2.6.3-release-restored\sources\lin\xposed\hook\util\p011qq\LegacyQQSendTool.java	122	com.tencent.mobileqq.app.QQAppInterface
QStory_2.6.3-release-restored\sources\lin\xposed\hook\util\p011qq\LegacyQQSendTool.java	346	com.tencent.mobileqq.activity.aio.SessionInfo
QStory_2.6.3-release-restored\sources\lin\xposed\hook\util\p011qq\LegacyQQSendTool.java	921	com.tencent.mobileqq.data.MessageForPic
QStory_2.6.3-release-restored\sources\lin\xposed\hook\util\p011qq\LegacyQQSendTool.java	922	find sendPic method == null
QStory_2.6.3-release-restored\sources\lin\xposed\hook\util\p011qq\LegacyQQSendTool.java	915	com.tencent.mobileqq.activity.ChatActivityFacade
QStory_2.6.3-release-restored\sources\lin\xposed\hook\util\p011qq\LegacyQQSendTool.java	122	com.tencent.mobileqq.app.QQAppInterface
QStory_2.6.3-release-restored\sources\lin\xposed\hook\util\p011qq\LegacyQQSendTool.java	346	com.tencent.mobileqq.activity.aio.SessionInfo
QStory_2.6.3-release-restored\sources\lin\xposed\hook\util\p011qq\LegacyQQSendTool.java	923	com.tencent.mobileqq/Tencent/MobileQQ/
QStory_2.6.3-release-restored\sources\lin\xposed\hook\util\p011qq\LegacyQQSendTool.java	597	/Android/data/com.tencent.mobileqq/Tencent/MobileQQ/
QStory_2.6.3-release-restored\sources\lin\xposed\hook\util\p011qq\LegacyQQSendTool.java	915	com.tencent.mobileqq.activity.ChatActivityFacade
QStory_2.6.3-release-restored\sources\lin\xposed\hook\util\p011qq\LegacyQQSendTool.java	122	com.tencent.mobileqq.app.QQAppInterface
QStory_2.6.3-release-restored\sources\lin\xposed\hook\util\p011qq\LegacyQQSendTool.java	346	com.tencent.mobileqq.activity.aio.SessionInfo
QStory_2.6.3-release-restored\sources\lin\xposed\hook\util\p011qq\LegacyQQSendTool.java	918	com.tencent.mobileqq.data.PicMessageExtraData
QStory_2.6.3-release-restored\sources\lin\xposed\hook\util\p011qq\LegacyQQSendTool.java	919	picExtraData
QStory_2.6.3-release-restored\sources\lin\xposed\hook\util\p011qq\LegacyQQSendTool.java	919	picExtraData
QStory_2.6.3-release-restored\sources\lin\xposed\hook\util\p011qq\LegacyQQSendTool.java	919	picExtraData
QStory_2.6.3-release-restored\sources\lin\xposed\hook\util\p011qq\LegacyQQSendTool.java	920	textSummary
QStory_2.6.3-release-restored\sources\lin\xposed\hook\util\p011qq\QQEmotionUtils.java	926	convertEmoServerIdToEmoCode
QStory_2.6.3-release-restored\sources\lin\xposed\hook\util\p011qq\QQEmotionUtils.java	927	Code is NULL!
QStory_2.6.3-release-restored\sources\lin\xposed\hook\util\p011qq\QQEmotionUtils.java	928	convertEmoServerIdToEmo
QStory_2.6.3-release-restored\sources\lin\xposed\hook\util\p011qq\QQEmotionUtils.java	929	com.tencent.mobileqq.emoticon.QQSysFaceUtil
QStory_2.6.3-release-restored\sources\lin\xposed\hook\util\p011qq\QQEmotionUtils.java	930	convertToLocal
QStory_2.6.3-release-restored\sources\lin\xposed\hook\util\p011qq\QQEmotionUtils.java	930	convertToLocal
QStory_2.6.3-release-restored\sources\lin\xposed\hook\util\p011qq\QQEmotionUtils.java	933	parseSmallEmo
QStory_2.6.3-release-restored\sources\lin\xposed\hook\util\p011qq\QQEmotionUtils.java	927	Code is NULL!
QStory_2.6.3-release-restored\sources\lin\xposed\hook\util\p011qq\QQEmotionUtils.java	934	parseMarketSmallFaceElement
QStory_2.6.3-release-restored\sources\lin\xposed\hook\util\p011qq\QQEmotionUtils.java	931	faceIndex
QStory_2.6.3-release-restored\sources\lin\xposed\hook\util\p011qq\QQEmotionUtils.java	932	imageType
QStory_2.6.3-release-restored\sources\lin\xposed\hook\util\p011qq\QQEmotionUtils.java	935	getFaceType
QStory_2.6.3-release-restored\sources\lin\xposed\hook\util\p011qq\QQEmotionUtils.java	931	faceIndex
QStory_2.6.3-release-restored\sources\lin\xposed\hook\util\p011qq\QQEnvTool.java	72	com.tencent.common.app.BaseApplicationImpl
QStory_2.6.3-release-restored\sources\lin\xposed\hook\util\p011qq\QQEnvTool.java	72	com.tencent.common.app.BaseApplicationImpl
QStory_2.6.3-release-restored\sources\lin\xposed\hook\util\p011qq\QQEnvTool.java	897	getApplication
QStory_2.6.3-release-restored\sources\lin\xposed\hook\util\p011qq\QQEnvTool.java	898	getRuntime
QStory_2.6.3-release-restored\sources\lin\xposed\hook\util\p011qq\QQEnvTool.java	118	mqq.app.AppRuntime
QStory_2.6.3-release-restored\sources\lin\xposed\hook\util\p011qq\QQEnvTool.java	941	getCurrentNickname
QStory_2.6.3-release-restored\sources\lin\xposed\hook\util\p011qq\QQEnvTool.java	905	getCurrentAccountUin
QStory_2.6.3-release-restored\sources\lin\xposed\hook\util\p011qq\QQEnvTool.java	939	getLongAccountUin
QStory_2.6.3-release-restored\sources\lin\xposed\hook\util\p011qq\QQEnvTool.java	907	getManager
QStory_2.6.3-release-restored\sources\lin\xposed\hook\util\p011qq\QQEnvTool.java	940	mqq.manager.Manager
QStory_2.6.3-release-restored\sources\lin\xposed\hook\util\p011qq\QQEnvTool.java	649	getPskey
QStory_2.6.3-release-restored\sources\lin\xposed\hook\util\p011qq\QQEnvTool.java	938	com.tencent.mobileqq.qroute.QRoute
QStory_2.6.3-release-restored\sources\lin\xposed\hook\util\p011qq\QQEnvTool.java	648	getRealSkey
QStory_2.6.3-release-restored\sources\lin\xposed\hook\util\p011qq\QQEnvTool.java	936	getRuntimeService
QStory_2.6.3-release-restored\sources\lin\xposed\hook\util\p011qq\QQEnvTool.java	936	getRuntimeService
QStory_2.6.3-release-restored\sources\lin\xposed\hook\util\p011qq\QQEnvTool.java	937	getUidFromUin
QStory_2.6.3-release-restored\sources\lin\xposed\hook\util\p011qq\QQEnvTool.java	318	getUinFromUid
QStory_2.6.3-release-restored\sources\lin\xposed\hook\util\p011qq\QQEnvTool.java	332	mqq.app.MobileQQ
QStory_2.6.3-release-restored\sources\lin\xposed\hook\util\p011qq\QQEnvTool.java	402	sMobileQQ
QStory_2.6.3-release-restored\sources\lin\xposed\hook\util\p011qq\QQEnvTool.java	942	peekAppRuntime
QStory_2.6.3-release-restored\sources\lin\xposed\hook\util\p011qq\QQFriendTool.java	602	getBusinessHandler
QStory_2.6.3-release-restored\sources\lin\xposed\hook\util\p011qq\QQFriendTool.java	600	com.tencent.mobileqq.app.BusinessHandlerFactory
QStory_2.6.3-release-restored\sources\lin\xposed\hook\util\p011qq\QQFriendTool.java	952	FRIENDLIST_HANDLER
QStory_2.6.3-release-restored\sources\lin\xposed\hook\util\p011qq\QQFriendTool.java	953	delFriend
QStory_2.6.3-release-restored\sources\lin\xposed\hook\util\p011qq\QQFriendTool.java	954	ProfileCardMoreActivity
QStory_2.6.3-release-restored\sources\lin\xposed\hook\util\p011qq\QQFriendTool.java	955	deleteFriend
QStory_2.6.3-release-restored\sources\lin\xposed\hook\util\p011qq\QQFriendTool.java	946	qzone.qq.com
QStory_2.6.3-release-restored\sources\lin\xposed\hook\util\p011qq\QQFriendTool.java	947	; p_uin=o=
QStory_2.6.3-release-restored\sources\lin\xposed\hook\util\p011qq\QQFriendTool.java	948	; p_skey=
QStory_2.6.3-release-restored\sources\lin\xposed\hook\util\p011qq\QQFriendTool.java	946	qzone.qq.com
QStory_2.6.3-release-restored\sources\lin\xposed\hook\util\p011qq\QQFriendTool.java	949	https://h5.qzone.qq.com/proxy/domain/mobile.qzone.qq.com/friend/mfriend_list?g_tk=
QStory_2.6.3-release-restored\sources\lin\xposed\hook\util\p011qq\QQFriendTool.java	950	&res_uin=
QStory_2.6.3-release-restored\sources\lin\xposed\hook\util\p011qq\QQFriendTool.java	951	&res_type=normal&format=json&uin=
QStory_2.6.3-release-restored\sources\lin\xposed\hook\util\p011qq\QQFriendTool.java	946	qzone.qq.com
QStory_2.6.3-release-restored\sources\lin\xposed\hook\util\p011qq\QQFriendTool.java	949	https://h5.qzone.qq.com/proxy/domain/mobile.qzone.qq.com/friend/mfriend_list?g_tk=
QStory_2.6.3-release-restored\sources\lin\xposed\hook\util\p011qq\QQFriendTool.java	950	&res_uin=
QStory_2.6.3-release-restored\sources\lin\xposed\hook\util\p011qq\QQFriendTool.java	951	&res_type=normal&format=json&uin=
QStory_2.6.3-release-restored\sources\lin\xposed\hook\util\p011qq\QQFriendTool.java	947	; p_uin=o=
QStory_2.6.3-release-restored\sources\lin\xposed\hook\util\p011qq\QQFriendTool.java	948	; p_skey=
QStory_2.6.3-release-restored\sources\lin\xposed\hook\util\p011qq\QQFriendTool.java	946	qzone.qq.com
QStory_2.6.3-release-restored\sources\lin\xposed\hook\util\p011qq\QQFriendTool.java	956	getAllFriendWithCategories
QStory_2.6.3-release-restored\sources\lin\xposed\hook\util\p011qq\QQFriendTool.java	622	isFriend
QStory_2.6.3-release-restored\sources\lin\xposed\hook\util\p011qq\QQFriendTool.java	602	getBusinessHandler
QStory_2.6.3-release-restored\sources\lin\xposed\hook\util\p011qq\QQFriendTool.java	600	com.tencent.mobileqq.app.BusinessHandlerFactory
QStory_2.6.3-release-restored\sources\lin\xposed\hook\util\p011qq\QQFriendTool.java	943	CARD_HANLDER
QStory_2.6.3-release-restored\sources\lin\xposed\hook\util\p011qq\QQFriendTool.java	944	com.tencent.mobileqq.app.CardHandler
QStory_2.6.3-release-restored\sources\lin\xposed\hook\util\p011qq\QQMessageUtils.java	964	QQMessageUtils
QStory_2.6.3-release-restored\sources\lin\xposed\hook\util\p011qq\QQMessageUtils.java	152	elements
QStory_2.6.3-release-restored\sources\lin\xposed\hook\util\p011qq\QQMessageUtils.java	140	getPicElement
QStory_2.6.3-release-restored\sources\lin\xposed\hook\util\p011qq\QQMessageUtils.java	178	com.tencent.qqnt.kernel.nativeinterface.PicElement
QStory_2.6.3-release-restored\sources\lin\xposed\hook\util\p011qq\QQMessageUtils.java	152	elements
QStory_2.6.3-release-restored\sources\lin\xposed\hook\util\p011qq\QQMessageUtils.java	125	chatType
QStory_2.6.3-release-restored\sources\lin\xposed\hook\util\p011qq\QQMessageUtils.java	140	getPicElement
QStory_2.6.3-release-restored\sources\lin\xposed\hook\util\p011qq\QQMessageUtils.java	178	com.tencent.qqnt.kernel.nativeinterface.PicElement
QStory_2.6.3-release-restored\sources\lin\xposed\hook\util\p011qq\QQMessageUtils.java	152	elements
QStory_2.6.3-release-restored\sources\lin\xposed\hook\util\p011qq\QQMessageUtils.java	125	chatType
QStory_2.6.3-release-restored\sources\lin\xposed\hook\util\p011qq\QQMessageUtils.java	140	getPicElement
QStory_2.6.3-release-restored\sources\lin\xposed\hook\util\p011qq\QQMessageUtils.java	178	com.tencent.qqnt.kernel.nativeinterface.PicElement
QStory_2.6.3-release-restored\sources\lin\xposed\hook\util\p011qq\QQMessageUtils.java	152	elements
QStory_2.6.3-release-restored\sources\lin\xposed\hook\util\p011qq\QQMessageUtils.java	125	chatType
QStory_2.6.3-release-restored\sources\lin\xposed\hook\util\p011qq\QQMessageUtils.java	140	getPicElement
QStory_2.6.3-release-restored\sources\lin\xposed\hook\util\p011qq\QQMessageUtils.java	178	com.tencent.qqnt.kernel.nativeinterface.PicElement
QStory_2.6.3-release-restored\sources\lin\xposed\hook\util\p011qq\QQMessageUtils.java	179	md5HexStr
QStory_2.6.3-release-restored\sources\lin\xposed\hook\util\p011qq\QQMessageUtils.java	957	originImageUrl
QStory_2.6.3-release-restored\sources\lin\xposed\hook\util\p011qq\QQMessageUtils.java	719	fileUuid
QStory_2.6.3-release-restored\sources\lin\xposed\hook\util\p011qq\QQMessageUtils.java	179	md5HexStr
QStory_2.6.3-release-restored\sources\lin\xposed\hook\util\p011qq\QQMessageUtils.java	958	https://gchat.qpic.cn
QStory_2.6.3-release-restored\sources\lin\xposed\hook\util\p011qq\QQMessageUtils.java	959	/download
QStory_2.6.3-release-restored\sources\lin\xposed\hook\util\p011qq\QQMessageUtils.java	960	appid=1406
QStory_2.6.3-release-restored\sources\lin\xposed\hook\util\p011qq\QQMessageUtils.java	512	https://gchat.qpic.cn/gchatpic_new/0/0-0-
QStory_2.6.3-release-restored\sources\lin\xposed\hook\util\p011qq\QQMessageUtils.java	963	/0?term=2&is_origin=1
QStory_2.6.3-release-restored\sources\lin\xposed\hook\util\p011qq\QQMessageUtils.java	961	https://gchat.qpic.cn/download?appid=
QStory_2.6.3-release-restored\sources\lin\xposed\hook\util\p011qq\QQMessageUtils.java	962	&fileid=
QStory_2.6.3-release-restored\sources\lin\xposed\hook\util\p011qq\QQMsgService.java	632	deleteMsg
QStory_2.6.3-release-restored\sources\lin\xposed\hook\util\p011qq\QQMsgService.java	133	com.tencent.qqnt.kernel.nativeinterface.Contact
QStory_2.6.3-release-restored\sources\lin\xposed\hook\util\p011qq\QQMsgService.java	136	com.tencent.qqnt.kernel.nativeinterface.IOperateCallback
QStory_2.6.3-release-restored\sources\lin\xposed\hook\util\p011qq\QQMsgService.java	136	com.tencent.qqnt.kernel.nativeinterface.IOperateCallback
QStory_2.6.3-release-restored\sources\lin\xposed\hook\util\p011qq\QQMsgService.java	968	getMsgsByMsgId
QStory_2.6.3-release-restored\sources\lin\xposed\hook\util\p011qq\QQMsgService.java	133	com.tencent.qqnt.kernel.nativeinterface.Contact
QStory_2.6.3-release-restored\sources\lin\xposed\hook\util\p011qq\QQMsgService.java	969	com.tencent.qqnt.kernel.nativeinterface.IMsgOperateCallback
QStory_2.6.3-release-restored\sources\lin\xposed\hook\util\p011qq\QQMsgService.java	969	com.tencent.qqnt.kernel.nativeinterface.IMsgOperateCallback
QStory_2.6.3-release-restored\sources\lin\xposed\hook\util\p011qq\QQMsgService.java	966	getMultiMsg
QStory_2.6.3-release-restored\sources\lin\xposed\hook\util\p011qq\QQMsgService.java	133	com.tencent.qqnt.kernel.nativeinterface.Contact
QStory_2.6.3-release-restored\sources\lin\xposed\hook\util\p011qq\QQMsgService.java	967	com.tencent.qqnt.kernel.nativeinterface.IGetMultiMsgCallback
QStory_2.6.3-release-restored\sources\lin\xposed\hook\util\p011qq\QQMsgService.java	967	com.tencent.qqnt.kernel.nativeinterface.IGetMultiMsgCallback
QStory_2.6.3-release-restored\sources\lin\xposed\hook\util\p011qq\QQMsgService.java	970	recallMsg
QStory_2.6.3-release-restored\sources\lin\xposed\hook\util\p011qq\QQMsgService.java	133	com.tencent.qqnt.kernel.nativeinterface.Contact
QStory_2.6.3-release-restored\sources\lin\xposed\hook\util\p011qq\QQMsgService.java	136	com.tencent.qqnt.kernel.nativeinterface.IOperateCallback
QStory_2.6.3-release-restored\sources\lin\xposed\hook\util\p011qq\QQMsgService.java	136	com.tencent.qqnt.kernel.nativeinterface.IOperateCallback
QStory_2.6.3-release-restored\sources\lin\xposed\hook\util\p011qq\QQNTSendMsgUtils.java	971	com.tencent.qqnt.kernel.nativeinterface.IForwardOperateCallback
QStory_2.6.3-release-restored\sources\lin\xposed\hook\util\p011qq\QQNTSendMsgUtils.java	133	com.tencent.qqnt.kernel.nativeinterface.Contact
QStory_2.6.3-release-restored\sources\lin\xposed\hook\util\p011qq\QQNTSendMsgUtils.java	662	forwardMsg
QStory_2.6.3-release-restored\sources\lin\xposed\hook\util\p011qq\QQNTSendMsgUtils.java	39	Content-Type
QStory_2.6.3-release-restored\sources\lin\xposed\hook\util\p011qq\QQNTSendMsgUtils.java	974	application/json
QStory_2.6.3-release-restored\sources\lin\xposed\hook\util\p011qq\QQNTSendMsgUtils.java	972	contact==null
QStory_2.6.3-release-restored\sources\lin\xposed\hook\util\p011qq\QQNTSendMsgUtils.java	973	elementList==null
QStory_2.6.3-release-restored\sources\lin\xposed\hook\util\p011qq\QQNTSendMsgUtils.java	133	com.tencent.qqnt.kernel.nativeinterface.Contact
QStory_2.6.3-release-restored\sources\lin\xposed\hook\util\p011qq\QQNTSendMsgUtils.java	136	com.tencent.qqnt.kernel.nativeinterface.IOperateCallback
QStory_2.6.3-release-restored\sources\lin\xposed\hook\util\p011qq\QQNTSendMsgUtils.java	136	com.tencent.qqnt.kernel.nativeinterface.IOperateCallback
QStory_2.6.3-release-restored\sources\lin\xposed\hook\util\p011qq\QQNTSendMsgUtils.java	972	contact==null
QStory_2.6.3-release-restored\sources\lin\xposed\hook\util\p011qq\QQNTSendMsgUtils.java	973	elementList==null
QStory_2.6.3-release-restored\sources\lin\xposed\hook\util\p011qq\QQNTSendMsgUtils.java	133	com.tencent.qqnt.kernel.nativeinterface.Contact
QStory_2.6.3-release-restored\sources\lin\xposed\hook\util\p011qq\QQNTSendMsgUtils.java	136	com.tencent.qqnt.kernel.nativeinterface.IOperateCallback
QStory_2.6.3-release-restored\sources\lin\xposed\hook\util\p011qq\QQNTSendMsgUtils.java	136	com.tencent.qqnt.kernel.nativeinterface.IOperateCallback
QStory_2.6.3-release-restored\sources\lin\xposed\hook\util\p011qq\QQNTTroopSettingTool.java	975	com.tencent.qqnt.troop.ITroopOperationRepoApi
QStory_2.6.3-release-restored\sources\lin\xposed\hook\util\p011qq\QQNTTroopSettingTool.java	976	quitGroup
QStory_2.6.3-release-restored\sources\lin\xposed\hook\util\p011qq\QQNTTroopSettingTool.java	977	TroopSettingViewModel
QStory_2.6.3-release-restored\sources\lin\xposed\hook\util\p011qq\QQNTTroopSettingTool.java	976	quitGroup
QStory_2.6.3-release-restored\sources\lin\xposed\hook\util\p011qq\QQNTTroopTool.java	981	com.tencent.mobileqq.troop.api.ITroopInfoService
QStory_2.6.3-release-restored\sources\lin\xposed\hook\util\p011qq\QQNTTroopTool.java	983	getTroopMember
QStory_2.6.3-release-restored\sources\lin\xposed\hook\util\p011qq\QQNTTroopTool.java	981	com.tencent.mobileqq.troop.api.ITroopInfoService
QStory_2.6.3-release-restored\sources\lin\xposed\hook\util\p011qq\QQNTTroopTool.java	982	getTroopInfo
QStory_2.6.3-release-restored\sources\lin\xposed\hook\util\p011qq\QQNTTroopTool.java	985	getJoinedTroopInfoFromCache
QStory_2.6.3-release-restored\sources\lin\xposed\hook\util\p011qq\QQNTTroopTool.java	981	com.tencent.mobileqq.troop.api.ITroopInfoService
QStory_2.6.3-release-restored\sources\lin\xposed\hook\util\p011qq\QQNTTroopTool.java	986	getUiTroopListWithoutBlockedTroop
QStory_2.6.3-release-restored\sources\lin\xposed\hook\util\p011qq\QQNTTroopTool.java	938	com.tencent.mobileqq.qroute.QRoute
QStory_2.6.3-release-restored\sources\lin\xposed\hook\util\p011qq\QQNTTroopTool.java	1011	com.tencent.mobileqq.search.api.ISearchPieceFetcher
QStory_2.6.3-release-restored\sources\lin\xposed\hook\util\p011qq\QQNTTroopTool.java	1012	getTroopName
QStory_2.6.3-release-restored\sources\lin\xposed\hook\util\p011qq\QQNTTroopTool.java	1002	com.tencent.common.app.AppInterface
QStory_2.6.3-release-restored\sources\lin\xposed\hook\util\p011qq\QQNTTroopTool.java	733	plugin api
QStory_2.6.3-release-restored\sources\lin\xposed\hook\util\p011qq\QQNTTroopTool.java	988	com.tencent.qqnt.troopmemberlist.ITroopMemberListRepoApi
QStory_2.6.3-release-restored\sources\lin\xposed\hook\util\p011qq\QQNTTroopTool.java	1004	fetchTroopMemberInfo
QStory_2.6.3-release-restored\sources\lin\xposed\hook\util\p011qq\QQNTTroopTool.java	1005	androidx.lifecycle.LifecycleOwner
QStory_2.6.3-release-restored\sources\lin\xposed\hook\util\p011qq\QQNTTroopTool.java	1006	TroopMemberListActivity
QStory_2.6.3-release-restored\sources\lin\xposed\hook\util\p011qq\QQNTTroopTool.java	733	plugin api
QStory_2.6.3-release-restored\sources\lin\xposed\hook\util\p011qq\QQNTTroopTool.java	1007	getShowName
QStory_2.6.3-release-restored\sources\lin\xposed\hook\util\p011qq\QQNTTroopTool.java	991	nickInfo
QStory_2.6.3-release-restored\sources\lin\xposed\hook\util\p011qq\QQNTTroopTool.java	733	plugin api
QStory_2.6.3-release-restored\sources\lin\xposed\hook\util\p011qq\QQNTTroopTool.java	1008	com.tencent.mobileqq.troop.api.ITroopMemberNameService
QStory_2.6.3-release-restored\sources\lin\xposed\hook\util\p011qq\QQNTTroopTool.java	1009	getTroopMemberName
QStory_2.6.3-release-restored\sources\lin\xposed\hook\util\p011qq\QQNTTroopTool.java	733	plugin api
QStory_2.6.3-release-restored\sources\lin\xposed\hook\util\p011qq\QQNTTroopTool.java	988	com.tencent.qqnt.troopmemberlist.ITroopMemberListRepoApi
QStory_2.6.3-release-restored\sources\lin\xposed\hook\util\p011qq\QQNTTroopTool.java	989	fetchGagTroopMemberInfo
QStory_2.6.3-release-restored\sources\lin\xposed\hook\util\p011qq\QQNTTroopTool.java	733	plugin api
QStory_2.6.3-release-restored\sources\lin\xposed\hook\util\p011qq\QQNTTroopTool.java	979	com.tencent.mobileqq.app.QQManagerFactory
QStory_2.6.3-release-restored\sources\lin\xposed\hook\util\p011qq\QQNTTroopTool.java	990	TROOP_GAG_MANAGER
QStory_2.6.3-release-restored\sources\lin\xposed\hook\util\p011qq\QQNTTroopTool.java	733	plugin api
QStory_2.6.3-release-restored\sources\lin\xposed\hook\util\p011qq\QQNTTroopTool.java	991	nickInfo
QStory_2.6.3-release-restored\sources\lin\xposed\hook\util\p011qq\QQNTTroopTool.java	992	friendNick
QStory_2.6.3-release-restored\sources\lin\xposed\hook\util\p011qq\QQNTTroopTool.java	993	gagTimeStamp
QStory_2.6.3-release-restored\sources\lin\xposed\hook\util\p011qq\QQNTTroopTool.java	733	plugin api
QStory_2.6.3-release-restored\sources\lin\xposed\hook\util\p011qq\QQNTTroopTool.java	979	com.tencent.mobileqq.app.QQManagerFactory
QStory_2.6.3-release-restored\sources\lin\xposed\hook\util\p011qq\QQNTTroopTool.java	990	TROOP_GAG_MANAGER
QStory_2.6.3-release-restored\sources\lin\xposed\hook\util\p011qq\QQNTTroopTool.java	979	com.tencent.mobileqq.app.QQManagerFactory
QStory_2.6.3-release-restored\sources\lin\xposed\hook\util\p011qq\QQNTTroopTool.java	980	TROOP_MANAGER
QStory_2.6.3-release-restored\sources\lin\xposed\hook\util\p011qq\QQNTTroopTool.java	1003	com.tencent.mobileqq.troop.clockin.handler.TroopClockInHandler
QStory_2.6.3-release-restored\sources\lin\xposed\hook\util\p011qq\QQNTTroopTool.java	1002	com.tencent.common.app.AppInterface
QStory_2.6.3-release-restored\sources\lin\xposed\hook\util\p011qq\QQNTTroopTool.java	733	plugin api
QStory_2.6.3-release-restored\sources\lin\xposed\hook\util\p011qq\QQNTTroopTool.java	996	dwGagTimeStamp
QStory_2.6.3-release-restored\sources\lin\xposed\hook\util\p011qq\QQNTTroopTool.java	997	dwGagTimeStamp_me
QStory_2.6.3-release-restored\sources\lin\xposed\hook\util\p011qq\QQNTTroopTool.java	1002	com.tencent.common.app.AppInterface
QStory_2.6.3-release-restored\sources\lin\xposed\hook\util\p011qq\QQNTTroopTool.java	994	com.tencent.qqnt.troop.ITroopMemberOperationRepoApi
QStory_2.6.3-release-restored\sources\lin\xposed\hook\util\p011qq\QQNTTroopTool.java	733	plugin api
QStory_2.6.3-release-restored\sources\lin\xposed\hook\util\p011qq\QQNTTroopTool.java	1010	com.tencent.biz.troop.EditUniqueTitleActivity
QStory_2.6.3-release-restored\sources\lin\xposed\hook\util\p011qq\QQNTTroopTool.java	122	com.tencent.mobileqq.app.QQAppInterface
QStory_2.6.3-release-restored\sources\lin\xposed\hook\util\p011qq\QQNTTroopTool.java	422	mqq.observer.BusinessObserver
QStory_2.6.3-release-restored\sources\lin\xposed\hook\util\p011qq\QQNTTroopTool.java	422	mqq.observer.BusinessObserver
QStory_2.6.3-release-restored\sources\lin\xposed\hook\util\p011qq\QQNTTroopTool.java	733	plugin api
QStory_2.6.3-release-restored\sources\lin\xposed\hook\util\p011qq\QQNTTroopTool.java	994	com.tencent.qqnt.troop.ITroopMemberOperationRepoApi
QStory_2.6.3-release-restored\sources\lin\xposed\hook\util\p011qq\QQNTTroopTool.java	995	setMemberShutUp
QStory_2.6.3-release-restored\sources\lin\xposed\hook\util\p011qq\QQNTTroopTool.java	978	onResult
QStory_2.6.3-release-restored\sources\lin\xposed\hook\util\p011qq\QQNTTroopTool.java	733	plugin api
QStory_2.6.3-release-restored\sources\lin\xposed\hook\util\p011qq\QQNTTroopTool.java	602	getBusinessHandler
QStory_2.6.3-release-restored\sources\lin\xposed\hook\util\p011qq\QQNTTroopTool.java	600	com.tencent.mobileqq.app.BusinessHandlerFactory
QStory_2.6.3-release-restored\sources\lin\xposed\hook\util\p011qq\QQNTTroopTool.java	999	TROOP_GAG_HANDLER
QStory_2.6.3-release-restored\sources\lin\xposed\hook\util\p011qq\QQNTTroopTool.java	975	com.tencent.qqnt.troop.ITroopOperationRepoApi
QStory_2.6.3-release-restored\sources\lin\xposed\hook\util\p011qq\QQNTTroopTool.java	978	onResult
QStory_2.6.3-release-restored\sources\lin\xposed\hook\util\p011qq\QQNTTroopTool.java	733	plugin api
QStory_2.6.3-release-restored\sources\lin\xposed\hook\util\p011qq\QQNTTroopTool.java	987	com.tencent.mobileqq.troop.filemanager.data.TroopMemberListRefresher
QStory_2.6.3-release-restored\sources\lin\xposed\hook\util\p011qq\QQNTTroopTool.java	122	com.tencent.mobileqq.app.QQAppInterface
QStory_2.6.3-release-restored\sources\lin\xposed\hook\util\p011qq\QQNTTroopTool.java	733	plugin api
QStory_2.6.3-release-restored\sources\lin\xposed\hook\util\p011qq\QQNTTroopTool.java	975	com.tencent.qqnt.troop.ITroopOperationRepoApi
QStory_2.6.3-release-restored\sources\lin\xposed\hook\util\p011qq\QQNTTroopTool.java	978	onResult
QStory_2.6.3-release-restored\sources\lin\xposed\hook\util\p011qq\QQNTTroopTool.java	602	getBusinessHandler
QStory_2.6.3-release-restored\sources\lin\xposed\hook\util\p011qq\QQNTTroopTool.java	600	com.tencent.mobileqq.app.BusinessHandlerFactory
QStory_2.6.3-release-restored\sources\lin\xposed\hook\util\p011qq\QQNTTroopTool.java	999	TROOP_GAG_HANDLER
QStory_2.6.3-release-restored\sources\lin\xposed\hook\util\p011qq\QQNTTroopTool.java	733	plugin api
QStory_2.6.3-release-restored\sources\lin\xposed\hook\util\p011qq\QQServiceTool.java	1013	com.tencent.qqnt.kernel.api.IKernelService
QStory_2.6.3-release-restored\sources\lin\xposed\hook\util\p011qq\QQServiceTool.java	1014	getMsgService
QStory_2.6.3-release-restored\sources\lin\xposed\hook\util\p011qq\QQServiceTool.java	72	com.tencent.common.app.BaseApplicationImpl
QStory_2.6.3-release-restored\sources\lin\xposed\hook\util\p011qq\QQServiceTool.java	897	getApplication
QStory_2.6.3-release-restored\sources\lin\xposed\hook\util\p011qq\QQServiceTool.java	898	getRuntime
QStory_2.6.3-release-restored\sources\lin\xposed\hook\util\p011qq\QQServiceTool.java	936	getRuntimeService
QStory_2.6.3-release-restored\sources\lin\xposed\hook\util\p011qq\QQSessionUtils.java	346	com.tencent.mobileqq.activity.aio.SessionInfo
QStory_2.6.3-release-restored\sources\lin\xposed\hook\util\p011qq\QQSessionUtils.java	133	com.tencent.qqnt.kernel.nativeinterface.Contact
QStory_2.6.3-release-restored\sources\lin\xposed\hook\util\p011qq\QQSessionUtils.java	1018	com.qwallet.temp.IContactUtils
QStory_2.6.3-release-restored\sources\lin\xposed\hook\util\p011qq\QQSessionUtils.java	903	getFriendNickName
QStory_2.6.3-release-restored\sources\lin\xposed\hook\util\p011qq\QQSessionUtils.java	1019	prepareTroopMemberStrangerTempChat
QStory_2.6.3-release-restored\sources\lin\xposed\hook\util\p011qq\QQSessionUtils.java	1015	com.tencent.qqnt.kernel.nativeinterface.TempChatPrepareInfo
QStory_2.6.3-release-restored\sources\lin\xposed\hook\util\p011qq\QQSessionUtils.java	1017	prepareTempChat
QStory_2.6.3-release-restored\sources\lin\xposed\hook\util\p011qq\QQSessionUtils.java	1015	com.tencent.qqnt.kernel.nativeinterface.TempChatPrepareInfo
QStory_2.6.3-release-restored\sources\lin\xposed\hook\util\p011qq\QQSessionUtils.java	136	com.tencent.qqnt.kernel.nativeinterface.IOperateCallback
QStory_2.6.3-release-restored\sources\lin\xposed\hook\util\p011qq\QQSessionUtils.java	1016	com.tencent.qqnt.kernel.nativeinterface.TempChatGameSession
QStory_2.6.3-release-restored\sources\lin\xposed\hook\util\p011qq\QQSessionUtils.java	1016	com.tencent.qqnt.kernel.nativeinterface.TempChatGameSession
QStory_2.6.3-release-restored\sources\lin\xposed\hook\util\p011qq\QQSessionUtils.java	136	com.tencent.qqnt.kernel.nativeinterface.IOperateCallback
QStory_2.6.3-release-restored\sources\lin\xposed\hook\login\model\User.java	813	用户信息获取失败
QStory_2.6.3-release-restored\sources\lin\xposed\hook\login\model\User.java	814	请尝试刷新登录信息或\n开启VPN
QStory_2.6.3-release-restored\sources\lin\xposed\hook\loader\config\AbstractC6386.java	778	/data/item_config.json
QStory_2.6.3-release-restored\sources\lin\xposed\hook\loader\config\AbstractC6386.java	778	/data/item_config.json
QStory_2.6.3-release-restored\sources\lin\xposed\hook\loader\config\AbstractC6386.java	779	配置文件已生成
QStory_2.6.3-release-restored\sources\lin\xposed\hook\loader\config\AbstractC6386.java	778	/data/item_config.json
QStory_2.6.3-release-restored\sources\lin\xposed\hook\loader\config\AbstractC6386.java	780	config read error
QStory_2.6.3-release-restored\sources\lin\xposed\hook\loader\config\AbstractC6386.java	781	[QStory]加载设置失败qwq 
QStory_2.6.3-release-restored\sources\lin\xposed\hook\loader\config\HookItemConfig.java	782	HookItemConfig{itemPath='
QStory_2.6.3-release-restored\sources\lin\xposed\hook\loader\config\HookItemConfig.java	783	, enabled=
QStory_2.6.3-release-restored\sources\lin\xposed\hook\loader\config\HookItemConfig.java	784	, bypassDefaultLoad=
QStory_2.6.3-release-restored\sources\lin\xposed\hook\javaplugin\api\QQNTPluginMethod.java	1232	getTroopInfoFromCache
QStory_2.6.3-release-restored\sources\lin\xposed\hook\javaplugin\api\QQNTPluginMethod.java	1223	troopuin
QStory_2.6.3-release-restored\sources\lin\xposed\hook\javaplugin\api\QQNTPluginMethod.java	1228	troopname
QStory_2.6.3-release-restored\sources\lin\xposed\hook\javaplugin\api\QQNTPluginMethod.java	1231	troopowneruin
QStory_2.6.3-release-restored\sources\lin\xposed\hook\javaplugin\api\QQNTPluginMethod.java	1230	Administrator
QStory_2.6.3-release-restored\sources\lin\xposed\hook\javaplugin\api\QQNTPluginMethod.java	2834	join_time
QStory_2.6.3-release-restored\sources\lin\xposed\hook\javaplugin\api\QQNTPluginMethod.java	1954	null cannot be cast to non-null type kotlin.Long
QStory_2.6.3-release-restored\sources\lin\xposed\hook\javaplugin\api\QQNTPluginMethod.java	2835	last_active_time
QStory_2.6.3-release-restored\sources\lin\xposed\hook\javaplugin\api\QQNTPluginMethod.java	1954	null cannot be cast to non-null type kotlin.Long
QStory_2.6.3-release-restored\sources\lin\xposed\hook\javaplugin\api\QQNTPluginMethod.java	2836	memberuin
QStory_2.6.3-release-restored\sources\lin\xposed\hook\javaplugin\api\QQNTPluginMethod.java	1559	null cannot be cast to non-null type kotlin.String
QStory_2.6.3-release-restored\sources\lin\xposed\hook\javaplugin\api\QQNTPluginMethod.java	2837	newRealLevel
QStory_2.6.3-release-restored\sources\lin\xposed\hook\javaplugin\api\QQNTPluginMethod.java	1866	null cannot be cast to non-null type kotlin.Int
QStory_2.6.3-release-restored\sources\lin\xposed\hook\javaplugin\api\QQNTPluginMethod.java	2838	realLevel
QStory_2.6.3-release-restored\sources\lin\xposed\hook\javaplugin\api\QQNTPluginMethod.java	1866	null cannot be cast to non-null type kotlin.Int
QStory_2.6.3-release-restored\sources\lin\xposed\hook\javaplugin\api\QQNTPluginMethod.java	2839	friendnick
QStory_2.6.3-release-restored\sources\lin\xposed\hook\javaplugin\api\QQNTPluginMethod.java	1559	null cannot be cast to non-null type kotlin.String
QStory_2.6.3-release-restored\sources\lin\xposed\hook\javaplugin\api\QQNTPluginMethod.java	2833	TroopMemberUtils
QStory_2.6.3-release-restored\sources\lin\xposed\hook\javaplugin\api\QQNTPluginMethod.java	2798	获取 MsgService 失败
QStory_2.6.3-release-restored\sources\lin\xposed\hook\javaplugin\api\QQNTPluginMethod.java	2799	getMsgsExt
QStory_2.6.3-release-restored\sources\lin\xposed\hook\javaplugin\api\QQNTPluginMethod.java	2800	com.tencent.qqnt.kernel.nativeinterface.MsgsReq
QStory_2.6.3-release-restored\sources\lin\xposed\hook\javaplugin\api\QQNTPluginMethod.java	2801	com.tencent.qqnt.kernel.nativeinterface.IMsgsRspOperateCallback
QStory_2.6.3-release-restored\sources\lin\xposed\hook\javaplugin\api\QQNTPluginMethod.java	2802	获取消息失败: 获取结果为空
QStory_2.6.3-release-restored\sources\lin\xposed\hook\javaplugin\api\QQNTPluginMethod.java	2803	getLastestMsgsSync error: 
QStory_2.6.3-release-restored\sources\lin\xposed\hook\javaplugin\api\QQNTPluginMethod.java	2804	获取消息失败: 
QStory_2.6.3-release-restored\sources\lin\xposed\hook\javaplugin\api\QQNTPluginMethod.java	1601	getFriendSimpleInfoWithUid
QStory_2.6.3-release-restored\sources\lin\xposed\hook\javaplugin\api\QQNTPluginMethod.java	1590	AIOUtils
QStory_2.6.3-release-restored\sources\lin\xposed\hook\javaplugin\api\QQNTPluginMethod.java	1588	getField(...)
QStory_2.6.3-release-restored\sources\lin\xposed\hook\javaplugin\api\QQNTPluginMethod.java	1588	getField(...)
QStory_2.6.3-release-restored\sources\lin\xposed\hook\javaplugin\api\QQNTPluginMethod.java	1588	getField(...)
QStory_2.6.3-release-restored\sources\lin\xposed\hook\javaplugin\api\QQNTPluginMethod.java	1588	getField(...)
QStory_2.6.3-release-restored\sources\lin\xposed\hook\javaplugin\api\QQNTPluginMethod.java	1588	getField(...)
QStory_2.6.3-release-restored\sources\lin\xposed\hook\javaplugin\api\QQNTPluginMethod.java	623	getNewFriendInfo
QStory_2.6.3-release-restored\sources\lin\xposed\hook\javaplugin\api\QQNTPluginMethod.java	30	下文件失败:
QStory_2.6.3-release-restored\sources\lin\xposed\hook\javaplugin\api\QQNTPluginMethod.java	31	 到路径:
QStory_2.6.3-release-restored\sources\lin\xposed\hook\javaplugin\api\QQNTPluginMethod.java	25	User-Agent
QStory_2.6.3-release-restored\sources\lin\xposed\hook\javaplugin\api\QQNTPluginMethod.java	29	Mozilla/5.0 (Linux; Android 10; K) AppleWebKit/537.36 (KHTML, like Gecko) Chrome/121.0.0.0 Mobile Safari/537.36
QStory_2.6.3-release-restored\sources\lin\xposed\hook\javaplugin\api\QQNTPluginMethod.java	27	Connection
QStory_2.6.3-release-restored\sources\lin\xposed\hook\javaplugin\api\QQNTPluginMethod.java	28	keep-alive
QStory_2.6.3-release-restored\sources\lin\xposed\hook\javaplugin\api\QQNTPluginMethod.java	603	replyEmoji不支持私聊使用
QStory_2.6.3-release-restored\sources\lin\xposed\hook\javaplugin\api\QQNTPluginMethod.java	602	getBusinessHandler
QStory_2.6.3-release-restored\sources\lin\xposed\hook\javaplugin\api\QQNTPluginMethod.java	600	com.tencent.mobileqq.app.BusinessHandlerFactory
QStory_2.6.3-release-restored\sources\lin\xposed\hook\javaplugin\api\QQNTPluginMethod.java	601	PAI_YI_PAI_HANDLER
QStory_2.6.3-release-restored\sources\lin\xposed\hook\javaplugin\api\QQNTPluginMethod.java	364	[动画表情]
QStory_2.6.3-release-restored\sources\lin\xposed\hook\javaplugin\api\QQNTPluginMethod.java	178	com.tencent.qqnt.kernel.nativeinterface.PicElement
QStory_2.6.3-release-restored\sources\lin\xposed\hook\javaplugin\api\QQNTPluginMethod.java	282	picElement
QStory_2.6.3-release-restored\sources\lin\xposed\hook\javaplugin\api\QQNTPluginMethod.java	141	emojiFrom
QStory_2.6.3-release-restored\sources\lin\xposed\hook\javaplugin\api\QQNTPluginMethod.java	602	getBusinessHandler
QStory_2.6.3-release-restored\sources\lin\xposed\hook\javaplugin\api\QQNTPluginMethod.java	2852	com.tencent.mobileqq.data.troop.TroopMemberCardInfo
QStory_2.6.3-release-restored\sources\lin\xposed\hook\javaplugin\api\QQNTPluginMethod.java	2836	memberuin
QStory_2.6.3-release-restored\sources\lin\xposed\hook\javaplugin\api\QQNTPluginMethod.java	1223	troopuin
QStory_2.6.3-release-restored\sources\lin\xposed\hook\javaplugin\api\QQNTPluginMethod.java	2845	com.tencent.mobileqq.troop.api.IBizTroopMemberInfoService
QStory_2.6.3-release-restored\sources\lin\xposed\hook\javaplugin\api\QQNTPluginMethod.java	2846	getTroopMemberNickNoEmpty
QStory_2.6.3-release-restored\sources\lin\xposed\hook\javaplugin\api\QQNTPluginMethod.java	1559	null cannot be cast to non-null type kotlin.String
QStory_2.6.3-release-restored\sources\lin\xposed\hook\javaplugin\api\QQNTPluginMethod.java	2847	OidbSvc.0x8fc_2
QStory_2.6.3-release-restored\sources\lin\xposed\hook\javaplugin\api\QQNTPluginMethod.java	2848	toBytes(...)
QStory_2.6.3-release-restored\sources\lin\xposed\hook\javaplugin\api\QQNTPluginMethod.java	2833	TroopMemberUtils
QStory_2.6.3-release-restored\sources\lin\xposed\hook\javaplugin\bean\GroupMemberInfo.java	604	GroupMemberInfo{UserUin='
QStory_2.6.3-release-restored\sources\lin\xposed\hook\javaplugin\bean\GroupMemberInfo.java	605	, UserName='
QStory_2.6.3-release-restored\sources\lin\xposed\hook\javaplugin\bean\GroupMemberInfo.java	606	, NickName='
QStory_2.6.3-release-restored\sources\lin\xposed\hook\javaplugin\bean\GroupMemberInfo.java	607	, UserLevel=
QStory_2.6.3-release-restored\sources\lin\xposed\hook\javaplugin\bean\GroupMemberInfo.java	609	, Last_AvtivityTime=
QStory_2.6.3-release-restored\sources\lin\xposed\hook\javaplugin\bean\GroupMemberInfo.java	610	, IsOwner=
QStory_2.6.3-release-restored\sources\lin\xposed\hook\javaplugin\bean\GroupMemberInfo.java	611	, IsAdmin=
QStory_2.6.3-release-restored\sources\lin\xposed\hook\javaplugin\controller\AutoLoadPlugin.java	612	AutoLoadPluginV2
QStory_2.6.3-release-restored\sources\lin\xposed\hook\javaplugin\controller\AutoLoadPlugin.java	612	AutoLoadPluginV2
QStory_2.6.3-release-restored\sources\lin\xposed\hook\javaplugin\controller\AutoLoadPlugin.java	612	AutoLoadPluginV2
QStory_2.6.3-release-restored\sources\lin\xposed\hook\javaplugin\controller\AutoLoadPlugin.java	612	AutoLoadPluginV2
QStory_2.6.3-release-restored\sources\lin\xposed\hook\javaplugin\controller\AutoLoadPlugin.java	612	AutoLoadPluginV2
QStory_2.6.3-release-restored\sources\lin\xposed\hook\javaplugin\controller\AutoLoadPlugin.java	612	AutoLoadPluginV2
QStory_2.6.3-release-restored\sources\lin\xposed\hook\javaplugin\controller\AutoLoadPlugin.java	612	AutoLoadPluginV2
QStory_2.6.3-release-restored\sources\lin\xposed\hook\javaplugin\controller\AutoLoadPlugin.java	61	com.tencent.mobileqq:MSF
QStory_2.6.3-release-restored\sources\lin\xposed\hook\javaplugin\controller\AutoLoadPlugin.java	612	AutoLoadPluginV2
QStory_2.6.3-release-restored\sources\lin\xposed\hook\javaplugin\controller\AutoLoadPlugin.java	612	AutoLoadPluginV2
QStory_2.6.3-release-restored\sources\lin\xposed\hook\javaplugin\controller\FixClassLoader.java	1257	classLoader
QStory_2.6.3-release-restored\sources\lin\xposed\hook\javaplugin\controller\FixClassLoader.java	1253	iterator(...)
QStory_2.6.3-release-restored\sources\lin\xposed\hook\javaplugin\controller\FixClassLoader.java	1254	next(...)
QStory_2.6.3-release-restored\sources\lin\xposed\hook\javaplugin\controller\FixClassLoader.java	1253	iterator(...)
QStory_2.6.3-release-restored\sources\lin\xposed\hook\javaplugin\controller\FixClassLoader.java	1254	next(...)
QStory_2.6.3-release-restored\sources\lin\xposed\hook\javaplugin\controller\FixClassLoader.java	1253	iterator(...)
QStory_2.6.3-release-restored\sources\lin\xposed\hook\javaplugin\controller\FixClassLoader.java	1254	next(...)
QStory_2.6.3-release-restored\sources\lin\xposed\hook\javaplugin\controller\FixClassLoader.java	1255	enumeration(...)
QStory_2.6.3-release-restored\sources\lin\xposed\hook\javaplugin\controller\FixClassLoader.java	1253	iterator(...)
QStory_2.6.3-release-restored\sources\lin\xposed\hook\javaplugin\controller\FixClassLoader.java	1254	next(...)
QStory_2.6.3-release-restored\sources\lin\xposed\hook\javaplugin\controller\FixClassLoader.java	1256	loadClass(...)
QStory_2.6.3-release-restored\sources\lin\xposed\hook\javaplugin\controller\PluginLoader.java	638	putString
QStory_2.6.3-release-restored\sources\lin\xposed\hook\javaplugin\controller\PluginLoader.java	639	putBoolean
QStory_2.6.3-release-restored\sources\lin\xposed\hook\javaplugin\controller\PluginLoader.java	640	getString
QStory_2.6.3-release-restored\sources\lin\xposed\hook\javaplugin\controller\PluginLoader.java	640	getString
QStory_2.6.3-release-restored\sources\lin\xposed\hook\javaplugin\controller\PluginLoader.java	641	getBoolean
QStory_2.6.3-release-restored\sources\lin\xposed\hook\javaplugin\controller\PluginLoader.java	642	getFloat
QStory_2.6.3-release-restored\sources\lin\xposed\hook\javaplugin\controller\PluginLoader.java	643	getDouble
QStory_2.6.3-release-restored\sources\lin\xposed\hook\javaplugin\controller\PluginLoader.java	644	putFloat
QStory_2.6.3-release-restored\sources\lin\xposed\hook\javaplugin\controller\PluginLoader.java	645	putDouble
QStory_2.6.3-release-restored\sources\lin\xposed\hook\javaplugin\controller\PluginLoader.java	668	readFileText
QStory_2.6.3-release-restored\sources\lin\xposed\hook\javaplugin\controller\PluginLoader.java	669	writeTextToFile
QStory_2.6.3-release-restored\sources\lin\xposed\hook\javaplugin\controller\PluginLoader.java	670	writeTextAppendToFile
QStory_2.6.3-release-restored\sources\lin\xposed\hook\javaplugin\controller\PluginLoader.java	671	readFileBytes
QStory_2.6.3-release-restored\sources\lin\xposed\hook\javaplugin\controller\PluginLoader.java	672	writeBytesToFile
QStory_2.6.3-release-restored\sources\lin\xposed\hook\javaplugin\controller\PluginLoader.java	613	getMemberName
QStory_2.6.3-release-restored\sources\lin\xposed\hook\javaplugin\controller\PluginLoader.java	614	getGroupInfo
QStory_2.6.3-release-restored\sources\lin\xposed\hook\javaplugin\controller\PluginLoader.java	615	getGroupList
QStory_2.6.3-release-restored\sources\lin\xposed\hook\javaplugin\controller\PluginLoader.java	616	getMemberInfo
QStory_2.6.3-release-restored\sources\lin\xposed\hook\javaplugin\controller\PluginLoader.java	617	getGroupMemberList
QStory_2.6.3-release-restored\sources\lin\xposed\hook\javaplugin\controller\PluginLoader.java	618	getForbiddenList
QStory_2.6.3-release-restored\sources\lin\xposed\hook\javaplugin\controller\PluginLoader.java	511	getChatType
QStory_2.6.3-release-restored\sources\lin\xposed\hook\javaplugin\controller\PluginLoader.java	619	getCurrentFriendUin
QStory_2.6.3-release-restored\sources\lin\xposed\hook\javaplugin\controller\PluginLoader.java	620	getCurrentGroupUin
QStory_2.6.3-release-restored\sources\lin\xposed\hook\javaplugin\controller\PluginLoader.java	621	getFriendList
QStory_2.6.3-release-restored\sources\lin\xposed\hook\javaplugin\controller\PluginLoader.java	622	isFriend
QStory_2.6.3-release-restored\sources\lin\xposed\hook\javaplugin\controller\PluginLoader.java	623	getNewFriendInfo
QStory_2.6.3-release-restored\sources\lin\xposed\hook\javaplugin\controller\PluginLoader.java	624	getNewFriendList
QStory_2.6.3-release-restored\sources\lin\xposed\hook\javaplugin\controller\PluginLoader.java	625	getMessageList
QStory_2.6.3-release-restored\sources\lin\xposed\hook\javaplugin\controller\PluginLoader.java	652	httpPost
QStory_2.6.3-release-restored\sources\lin\xposed\hook\javaplugin\controller\PluginLoader.java	652	httpPost
QStory_2.6.3-release-restored\sources\lin\xposed\hook\javaplugin\controller\PluginLoader.java	653	httpPostJson
QStory_2.6.3-release-restored\sources\lin\xposed\hook\javaplugin\controller\PluginLoader.java	653	httpPostJson
QStory_2.6.3-release-restored\sources\lin\xposed\hook\javaplugin\controller\PluginLoader.java	654	httpDownload
QStory_2.6.3-release-restored\sources\lin\xposed\hook\javaplugin\controller\PluginLoader.java	654	httpDownload
QStory_2.6.3-release-restored\sources\lin\xposed\hook\javaplugin\controller\PluginLoader.java	634	addTemporaryItem
QStory_2.6.3-release-restored\sources\lin\xposed\hook\javaplugin\controller\PluginLoader.java	635	removeItem
QStory_2.6.3-release-restored\sources\lin\xposed\hook\javaplugin\controller\PluginLoader.java	635	removeItem
QStory_2.6.3-release-restored\sources\lin\xposed\hook\javaplugin\controller\PluginLoader.java	636	removeItemByName
QStory_2.6.3-release-restored\sources\lin\xposed\hook\javaplugin\controller\PluginLoader.java	637	addMenuItem
QStory_2.6.3-release-restored\sources\lin\xposed\hook\javaplugin\controller\PluginLoader.java	673	scanImageText
QStory_2.6.3-release-restored\sources\lin\xposed\hook\javaplugin\controller\PluginLoader.java	674	scanImageTextDetail
QStory_2.6.3-release-restored\sources\lin\xposed\hook\javaplugin\controller\PluginLoader.java	82	getActivity
QStory_2.6.3-release-restored\sources\lin\xposed\hook\javaplugin\controller\PluginLoader.java	675	lin.xposed.hook.javaplugin.bean
QStory_2.6.3-release-restored\sources\lin\xposed\hook\javaplugin\controller\PluginLoader.java	629	pluginID
QStory_2.6.3-release-restored\sources\lin\xposed\hook\javaplugin\controller\PluginLoader.java	646	getGroupRKey
QStory_2.6.3-release-restored\sources\lin\xposed\hook\javaplugin\controller\PluginLoader.java	647	getFriendRKey
QStory_2.6.3-release-restored\sources\lin\xposed\hook\javaplugin\controller\PluginLoader.java	648	getRealSkey
QStory_2.6.3-release-restored\sources\lin\xposed\hook\javaplugin\controller\PluginLoader.java	649	getPskey
QStory_2.6.3-release-restored\sources\lin\xposed\hook\javaplugin\controller\PluginLoader.java	650	getSuperkey
QStory_2.6.3-release-restored\sources\lin\xposed\hook\javaplugin\controller\PluginLoader.java	651	getPT4Token
QStory_2.6.3-release-restored\sources\lin\xposed\hook\javaplugin\controller\PluginLoader.java	655	sendSticker
QStory_2.6.3-release-restored\sources\lin\xposed\hook\javaplugin\controller\PluginLoader.java	656	sendCard
QStory_2.6.3-release-restored\sources\lin\xposed\hook\javaplugin\controller\PluginLoader.java	657	sendFile
QStory_2.6.3-release-restored\sources\lin\xposed\hook\javaplugin\controller\PluginLoader.java	658	sendLike
QStory_2.6.3-release-restored\sources\lin\xposed\hook\javaplugin\controller\PluginLoader.java	658	sendLike
QStory_2.6.3-release-restored\sources\lin\xposed\hook\javaplugin\controller\PluginLoader.java	659	sendReply
QStory_2.6.3-release-restored\sources\lin\xposed\hook\javaplugin\controller\PluginLoader.java	660	replyEmoji
QStory_2.6.3-release-restored\sources\lin\xposed\hook\javaplugin\controller\PluginLoader.java	660	replyEmoji
QStory_2.6.3-release-restored\sources\lin\xposed\hook\javaplugin\controller\PluginLoader.java	661	sendProto
QStory_2.6.3-release-restored\sources\lin\xposed\hook\javaplugin\controller\PluginLoader.java	662	forwardMsg
QStory_2.6.3-release-restored\sources\lin\xposed\hook\javaplugin\controller\PluginLoader.java	663	sendAntEmo
QStory_2.6.3-release-restored\sources\lin\xposed\hook\javaplugin\controller\PluginLoader.java	664	sendShake
QStory_2.6.3-release-restored\sources\lin\xposed\hook\javaplugin\controller\PluginLoader.java	665	sendShow
QStory_2.6.3-release-restored\sources\lin\xposed\hook\javaplugin\controller\PluginLoader.java	666	sendVoice
QStory_2.6.3-release-restored\sources\lin\xposed\hook\javaplugin\controller\PluginLoader.java	667	sendVideo
QStory_2.6.3-release-restored\sources\lin\xposed\hook\javaplugin\controller\PluginLoader.java	630	setTitle
QStory_2.6.3-release-restored\sources\lin\xposed\hook\javaplugin\controller\PluginLoader.java	631	revokeMsg
QStory_2.6.3-release-restored\sources\lin\xposed\hook\javaplugin\controller\PluginLoader.java	632	deleteMsg
QStory_2.6.3-release-restored\sources\lin\xposed\hook\javaplugin\controller\PluginLoader.java	633	forbidden
QStory_2.6.3-release-restored\sources\lin\xposed\hook\javaplugin\controller\PluginLoader.java	626	/main.java
QStory_2.6.3-release-restored\sources\lin\xposed\hook\javaplugin\controller\PluginLoader.java	627	脚本main.java文件不存在
QStory_2.6.3-release-restored\sources\lin\xposed\hook\javaplugin\controller\PluginLoader.java	628	onUnLoad
QStory_2.6.3-release-restored\sources\lin\xposed\hook\javaplugin\controller\PluginLoader.java	676	PluginLoader{pluginInfo=
QStory_2.6.3-release-restored\sources\lin\xposed\hook\javaplugin\controller\PluginLoader.java	677	, dialogItemMap=
QStory_2.6.3-release-restored\sources\lin\xposed\hook\javaplugin\controller\PluginManager.java	683	2025-11-30
QStory_2.6.3-release-restored\sources\lin\xposed\hook\javaplugin\controller\PluginManager.java	680	脚本:'
QStory_2.6.3-release-restored\sources\lin\xposed\hook\javaplugin\controller\PluginManager.java	681	',未适配新版QStory,在info.prop的date
QStory_2.6.3-release-restored\sources\lin\xposed\hook\javaplugin\controller\PluginManager.java	682	加载失败 已有相同脚本ID在加载:
QStory_2.6.3-release-restored\sources\lin\xposed\hook\javaplugin\controller\PluginManager.java	678	info.prop
QStory_2.6.3-release-restored\sources\lin\xposed\hook\javaplugin\controller\PluginManager.java	679	desc.txt
QStory_2.6.3-release-restored\sources\lin\xposed\hook\javaplugin\dialog\PluginDialog.java	684	/Plugin/
QStory_2.6.3-release-restored\sources\lin\xposed\hook\javaplugin\dialog\PluginDialog.java	685	脚本存放位置(点击可复制)：
QStory_2.6.3-release-restored\sources\lin\xposed\hook\javaplugin\dialog\PluginDialog.java	691	复制脚本存放路径成功
QStory_2.6.3-release-restored\sources\lin\xposed\hook\javaplugin\dialog\PluginDialog.java	690	创建成功
QStory_2.6.3-release-restored\sources\lin\xposed\hook\javaplugin\dialog\PluginDialog.java	688	创建失败
QStory_2.6.3-release-restored\sources\lin\xposed\hook\javaplugin\dialog\PluginDialog.java	689	create demo plugin
QStory_2.6.3-release-restored\sources\lin\xposed\hook\javaplugin\dialog\PluginDialog.java	687	https://artistic-sword-1d7.notion.site/QStory-Java-32d4a5bbff238047b09ec04d68e0299c
QStory_2.6.3-release-restored\sources\lin\xposed\hook\javaplugin\dialog\PluginDialog.java	686	当前默认按创建时间排序
QStory_2.6.3-release-restored\sources\lin\xposed\hook\javaplugin\dialog\ViewOnClickListenerC6365.java	1309	getContext(...)
QStory_2.6.3-release-restored\sources\lin\xposed\hook\javaplugin\dialog\ViewOnClickListenerC6365.java	2632	inflate(...)
QStory_2.6.3-release-restored\sources\lin\xposed\hook\javaplugin\dialog\ViewOnClickListenerC6365.java	1280	findViewById(...)
QStory_2.6.3-release-restored\sources\lin\xposed\hook\javaplugin\dialog\ViewOnClickListenerC6365.java	2633	抢红包参数(新新)
QStory_2.6.3-release-restored\sources\lin\xposed\hook\javaplugin\dialog\ViewOnClickListenerC6365.java	1280	findViewById(...)
QStory_2.6.3-release-restored\sources\lin\xposed\hook\javaplugin\dialog\ViewOnClickListenerC6365.java	1056	blacklistTroop
QStory_2.6.3-release-restored\sources\lin\xposed\hook\javaplugin\dialog\ViewOnClickListenerC6365.java	1057	blacklistText
QStory_2.6.3-release-restored\sources\lin\xposed\hook\javaplugin\dialog\ViewOnClickListenerC6365.java	1058	replyText
QStory_2.6.3-release-restored\sources\lin\xposed\hook\javaplugin\dialog\ViewOnClickListenerC6365.java	1963	delayReply
QStory_2.6.3-release-restored\sources\lin\xposed\hook\javaplugin\dialog\ViewOnClickListenerC6365.java	1061	grabToast
QStory_2.6.3-release-restored\sources\lin\xposed\hook\javaplugin\dialog\ViewOnClickListenerC6365.java	1960	grabFailToast
QStory_2.6.3-release-restored\sources\lin\xposed\hook\javaplugin\dialog\ViewOnClickListenerC6365.java	1062	ordinary
QStory_2.6.3-release-restored\sources\lin\xposed\hook\javaplugin\dialog\ViewOnClickListenerC6365.java	1063	exclusiveRedEnvelopes
QStory_2.6.3-release-restored\sources\lin\xposed\hook\javaplugin\dialog\ViewOnClickListenerC6365.java	1060	expectAmount
QStory_2.6.3-release-restored\sources\lin\xposed\hook\javaplugin\dialog\ViewOnClickListenerC6365.java	102	复制成功
QStory_2.6.3-release-restored\sources\lin\xposed\hook\javaplugin\dialog\ViewOnClickListenerC6365.java	103	复制失败
QStory_2.6.3-release-restored\sources\lin\xposed\hook\javaplugin\dialog\ViewOnClickListenerC6365.java	102	复制成功
QStory_2.6.3-release-restored\sources\lin\xposed\hook\javaplugin\dialog\ViewOnClickListenerC6365.java	103	复制失败
QStory_2.6.3-release-restored\sources\lin\xposed\hook\javaplugin\dialog\ViewOnClickListenerC6365.java	229	可能点旁边的字会有什么反应呢
QStory_2.6.3-release-restored\sources\lin\xposed\hook\javaplugin\dialog\ViewOnClickListenerC6365.java	229	可能点旁边的字会有什么反应呢
QStory_2.6.3-release-restored\sources\lin\xposed\hook\javaplugin\dialog\ViewOnClickListenerC6365.java	496	需要检测群.json
QStory_2.6.3-release-restored\sources\lin\xposed\hook\javaplugin\dialog\ViewOnClickListenerC6365.java	102	复制成功
QStory_2.6.3-release-restored\sources\lin\xposed\hook\javaplugin\dialog\ViewOnClickListenerC6365.java	103	复制失败
QStory_2.6.3-release-restored\sources\lin\xposed\hook\javaplugin\dialog\ViewOnClickListenerC6365.java	1309	getContext(...)
QStory_2.6.3-release-restored\sources\lin\xposed\hook\javaplugin\dialog\ViewOnClickListenerC6365.java	1147	请使用新的红包功能 此功能已被弃用
QStory_2.6.3-release-restored\sources\lin\xposed\hook\javaplugin\online\OnlinePluginTool.java	692	https://plugin.sacz.top
QStory_2.6.3-release-restored\sources\lin\xposed\hook\javaplugin\online\OnlinePluginTool.java	694	/plugin/downloadPlugin?id=
QStory_2.6.3-release-restored\sources\lin\xposed\hook\javaplugin\online\OnlinePluginTool.java	693	/plugin/get-online-plugin-list/
QStory_2.6.3-release-restored\sources\lin\xposed\hook\javaplugin\online\OnlinePluginTool.java	27	Connection
QStory_2.6.3-release-restored\sources\lin\xposed\hook\javaplugin\online\OnlinePluginTool.java	28	keep-alive
QStory_2.6.3-release-restored\sources\lin\xposed\hook\javaplugin\util\PluginDemoBuildUtil.java	712	DemoPlugin
QStory_2.6.3-release-restored\sources\lin\xposed\hook\javaplugin\util\PluginDemoBuildUtil.java	713	QS示例
QStory_2.6.3-release-restored\sources\lin\xposed\hook\javaplugin\util\PluginDemoBuildUtil.java	714	main.java
QStory_2.6.3-release-restored\sources\lin\xposed\hook\javaplugin\util\PluginDemoBuildUtil.java	713	QS示例
QStory_2.6.3-release-restored\sources\lin\xposed\hook\javaplugin\util\PluginDemoBuildUtil.java	715	言子楪世
QStory_2.6.3-release-restored\sources\lin\xposed\hook\javaplugin\util\PluginDemoBuildUtil.java	716	2025-12-1
QStory_2.6.3-release-restored\sources\lin\xposed\hook\javaplugin\util\PluginDemoBuildUtil.java	717	群聊辅助,娱乐功能
QStory_2.6.3-release-restored\sources\lin\xposed\hook\javaplugin\util\PluginDemoBuildUtil.java	713	QS示例
QStory_2.6.3-release-restored\sources\lin\xposed\hook\javaplugin\util\PluginDemoBuildUtil.java	678	info.prop
QStory_2.6.3-release-restored\sources\lin\xposed\hook\javaplugin\util\PluginDemoBuildUtil.java	714	main.java
QStory_2.6.3-release-restored\sources\lin\xposed\hook\javaplugin\util\PluginDemoBuildUtil.java	679	desc.txt
QStory_2.6.3-release-restored\sources\lin\xposed\hook\javaplugin\util\PluginMessageTool.java	728	com.tencent.mobileqq.utils.HexUtil
QStory_2.6.3-release-restored\sources\lin\xposed\hook\javaplugin\util\PluginMessageTool.java	729	bytes2HexStr
QStory_2.6.3-release-restored\sources\lin\xposed\hook\javaplugin\util\PluginMessageTool.java	718	3062020101045B30590201010201010204
QStory_2.6.3-release-restored\sources\lin\xposed\hook\javaplugin\util\PluginMessageTool.java	719	fileUuid
QStory_2.6.3-release-restored\sources\lin\xposed\hook\javaplugin\util\PluginMessageTool.java	720	041F0000000866696C6574797065000000013100000005636F64656300000001300400
QStory_2.6.3-release-restored\sources\lin\xposed\hook\javaplugin\util\PluginMessageTool.java	721	http://grouptalk.c2c.qq.com/?ver=0&rkey=%s&filetype=1&voice_codec=
QStory_2.6.3-release-restored\sources\lin\xposed\hook\javaplugin\util\PluginMessageTool.java	722	voiceType
QStory_2.6.3-release-restored\sources\lin\xposed\hook\javaplugin\util\PluginMessageTool.java	723	报错:获取语音链接
QStory_2.6.3-release-restored\sources\lin\xposed\hook\javaplugin\util\PluginMessageTool.java	724	3081FD0201010481F53081F20201010201000204
QStory_2.6.3-release-restored\sources\lin\xposed\hook\javaplugin\util\PluginMessageTool.java	719	fileUuid
QStory_2.6.3-release-restored\sources\lin\xposed\hook\javaplugin\util\PluginMessageTool.java	725	04350000000866696C657479706500000004313030330000000B646F776E656E63727970740000000130000000047175696300000001310400
QStory_2.6.3-release-restored\sources\lin\xposed\hook\javaplugin\util\PluginMessageTool.java	726	http://grouptalk.c2c.qq.com/qqdownload?ver=537101242&rkey=%s&filetype=1003&videotype=0&subvideotype=0&term=android&video_codec=0&filename=
QStory_2.6.3-release-restored\sources\lin\xposed\hook\javaplugin\util\PluginMessageTool.java	727	报错:获取视频链接
QStory_2.6.3-release-restored\sources\lin\xposed\hook\javaplugin\util\PluginMessageTool.java	728	com.tencent.mobileqq.utils.HexUtil
QStory_2.6.3-release-restored\sources\lin\xposed\hook\javaplugin\util\PluginMessageTool.java	730	hexStr2Bytes
QStory_2.6.3-release-restored\sources\lin\xposed\hook\javaplugin\util\PluginSendMsgTool.java	125	chatType
QStory_2.6.3-release-restored\sources\lin\xposed\hook\javaplugin\util\PluginSendMsgTool.java	125	chatType
QStory_2.6.3-release-restored\sources\lin\xposed\hook\javaplugin\util\PluginSendMsgTool.java	733	plugin api
QStory_2.6.3-release-restored\sources\lin\xposed\hook\javaplugin\util\PluginSendMsgTool.java	125	chatType
QStory_2.6.3-release-restored\sources\lin\xposed\hook\javaplugin\util\PluginSendMsgTool.java	733	plugin api
QStory_2.6.3-release-restored\sources\lin\xposed\hook\javaplugin\util\PluginSendMsgTool.java	734	@艾特失败
QStory_2.6.3-release-restored\sources\lin\xposed\hook\javaplugin\util\PluginSendMsgTool.java	735	\[[^\[\]]*=[^\[\]]*\]
QStory_2.6.3-release-restored\sources\lin\xposed\hook\javaplugin\util\PluginSendMsgTool.java	731	FindResult{type=
QStory_2.6.3-release-restored\sources\lin\xposed\hook\javaplugin\view\C6378.java	1246	lastNotice
QStory_2.6.3-release-restored\sources\lin\xposed\hook\javaplugin\view\C6378.java	2741	删除成功
QStory_2.6.3-release-restored\sources\lin\xposed\hook\javaplugin\view\C6378.java	3109	正在删除好友 (0/
QStory_2.6.3-release-restored\sources\lin\xposed\hook\javaplugin\view\C6378.java	3125	正在退出群 (0/
QStory_2.6.3-release-restored\sources\lin\xposed\hook\javaplugin\view\C6380.java	3142	创建订单选项中
QStory_2.6.3-release-restored\sources\lin\xposed\hook\javaplugin\view\C6380.java	1263	getCurrentUin(...)
QStory_2.6.3-release-restored\sources\lin\xposed\hook\javaplugin\view\DownloadPluginItemView.java	741	下载完成
QStory_2.6.3-release-restored\sources\lin\xposed\hook\javaplugin\view\DownloadPluginItemView.java	742	已解压 可到本地脚本查看
QStory_2.6.3-release-restored\sources\lin\xposed\hook\javaplugin\view\DownloadPluginItemView.java	743	下载已完成
QStory_2.6.3-release-restored\sources\lin\xposed\hook\javaplugin\view\DownloadPluginItemView.java	739	正在下载到本地脚本中
QStory_2.6.3-release-restored\sources\lin\xposed\hook\javaplugin\view\DownloadPluginItemView.java	740	plugin cloud id :
QStory_2.6.3-release-restored\sources\lin\xposed\hook\javaplugin\view\DownloadPluginItemView.java	738	下载次数:
QStory_2.6.3-release-restored\sources\lin\xposed\hook\javaplugin\view\DownloadPluginItemView.java	736	yyyy-MM-dd HH:mm:ss
QStory_2.6.3-release-restored\sources\lin\xposed\hook\javaplugin\view\DownloadPluginItemView.java	737	上传时间:
QStory_2.6.3-release-restored\sources\lin\xposed\hook\javaplugin\view\PluginItemView.java	46	clipboard
QStory_2.6.3-release-restored\sources\lin\xposed\hook\javaplugin\view\PluginItemView.java	755	Plugin Description
QStory_2.6.3-release-restored\sources\lin\xposed\hook\javaplugin\view\PluginItemView.java	756	复制文本失败
QStory_2.6.3-release-restored\sources\lin\xposed\hook\javaplugin\view\PluginItemView.java	103	复制失败
QStory_2.6.3-release-restored\sources\lin\xposed\hook\javaplugin\view\PluginItemView.java	750	----------------\n名称: 
QStory_2.6.3-release-restored\sources\lin\xposed\hook\javaplugin\view\PluginItemView.java	751	\n版本: 
QStory_2.6.3-release-restored\sources\lin\xposed\hook\javaplugin\view\PluginItemView.java	752	\n作者: 
QStory_2.6.3-release-restored\sources\lin\xposed\hook\javaplugin\view\PluginItemView.java	753	\n----------------\n\n上传须知:\n• 请勿上传不属于自己的脚本\n• 请勿上传给一堆朋友点赞的脚本\n• 请勿上传恶意脚本(查q/炸群/恶搞等)\n• 请勿上传高度加密的脚本\n• 请勿上传不加开关的脚本\n• 请勿频繁上传\n• 上传审核通过会出现在在线脚本\n\n脚本交流群(QQ): 979938489\n脚本交流群(TG): https://t.me/QStoryPluginBackupChat
QStory_2.6.3-release-restored\sources\lin\xposed\hook\javaplugin\view\PluginItemView.java	763	正在加载中......
QStory_2.6.3-release-restored\sources\lin\xposed\hook\javaplugin\view\PluginItemView.java	761	请勿频繁点击开关
QStory_2.6.3-release-restored\sources\lin\xposed\hook\javaplugin\view\PluginItemView.java	762	load plugin
QStory_2.6.3-release-restored\sources\lin\xposed\hook\javaplugin\view\PluginItemView.java	759	预览图
QStory_2.6.3-release-restored\sources\lin\xposed\hook\javaplugin\view\PluginItemView.java	760	来自：
QStory_2.6.3-release-restored\sources\lin\xposed\hook\javaplugin\view\PluginItemView.java	757	已复制到剪贴板
QStory_2.6.3-release-restored\sources\lin\xposed\hook\javaplugin\view\PluginItemView.java	758	对嘛 还是要考虑考虑的
QStory_2.6.3-release-restored\sources\lin\xposed\hook\javaplugin\view\PluginItemView.java	754	描述内容
QStory_2.6.3-release-restored\sources\lin\xposed\hook\javaplugin\view\PluginItemView.java	747	确认删除
QStory_2.6.3-release-restored\sources\lin\xposed\hook\javaplugin\view\PluginItemView.java	748	确认删除脚本 
QStory_2.6.3-release-restored\sources\lin\xposed\hook\javaplugin\view\PluginItemView.java	749	？\n这将无法恢复
QStory_2.6.3-release-restored\sources\lin\xposed\hook\javaplugin\view\PluginItemView.java	746	上传脚本
QStory_2.6.3-release-restored\sources\lin\xposed\hook\javaplugin\view\PluginItemView.java	744	\n时间:
QStory_2.6.3-release-restored\sources\lin\xposed\hook\javaplugin\view\PluginItemView.java	745	操作 - 
QStory_2.6.3-release-restored\sources\lin\xposed\hook\javaplugin\view\ViewOnClickListenerC6375.java	565	/storage/emulated
QStory_2.6.3-release-restored\sources\lin\xposed\hook\javaplugin\view\ViewOnClickListenerC6375.java	561	重命名失败 可能已经有重名文件
QStory_2.6.3-release-restored\sources\lin\xposed\hook\javaplugin\view\ViewOnClickListenerC6375.java	516	已保存
QStory_2.6.3-release-restored\sources\lin\xposed\hook\javaplugin\view\ViewOnClickListenerC6375.java	2733	确定要删除 "
QStory_2.6.3-release-restored\sources\lin\xposed\hook\javaplugin\view\ViewOnClickListenerC6375.java	2734	" 吗？这将无法还原
QStory_2.6.3-release-restored\sources\lin\xposed\hook\javaplugin\view\ViewOnClickListenerC6375.java	2732	删除文件夹
QStory_2.6.3-release-restored\sources\lin\xposed\hook\javaplugin\view\ViewOnClickListenerC6375.java	127	@全体成员
QStory_2.6.3-release-restored\sources\lin\xposed\hook\javaplugin\view\ViewOnLongClickListenerC6376.java	366	输入名字
QStory_2.6.3-release-restored\sources\lin\xposed\hook\javaplugin\view\ViewOnLongClickListenerC6376.java	365	是否删除此图片
QStory_2.6.3-release-restored\sources\lin\xposed\hook\javaplugin\view\ViewOnLongClickListenerC6376.java	156	已复制
QStory_2.6.3-release-restored\sources\lin\xposed\hook\javaplugin\view\menu\PluginMenuGroupView.java	766	加载异常：
QStory_2.6.3-release-restored\sources\lin\xposed\hook\javaplugin\view\menu\PluginMenuGroupView.java	764	(停止中...）
QStory_2.6.3-release-restored\sources\lin\xposed\hook\javaplugin\view\menu\PluginMenuGroupView.java	765	(加载中...）
QStory_2.6.3-release-restored\sources\lin\xposed\hook\javaplugin\online\upload\NetUploadPlugin.java	695	N5ETOHF7D5SCZ5X52BQV9OV5P0I603AR
QStory_2.6.3-release-restored\sources\lin\xposed\hook\javaplugin\online\upload\NetUploadPlugin.java	692	https://plugin.sacz.top
QStory_2.6.3-release-restored\sources\lin\xposed\hook\javaplugin\online\upload\NetUploadPlugin.java	696	https://plugin.sacz.top/plugin-upload/confirmUploadStatus
QStory_2.6.3-release-restored\sources\lin\xposed\hook\javaplugin\online\upload\NetUploadPlugin.java	697	https://plugin.sacz.top/plugin-upload/uploadFile
QStory_2.6.3-release-restored\sources\lin\xposed\hook\javaplugin\online\upload\NetUploadPlugin.java	698	https://plugin.sacz.top/plugin-upload/readyToUpload
QStory_2.6.3-release-restored\sources\lin\xposed\hook\javaplugin\online\upload\NetUploadPlugin.java	699	https://plugin.sacz.top/plugin-upload/uploadInfo
QStory_2.6.3-release-restored\sources\lin\xposed\hook\javaplugin\online\upload\NetUploadPlugin.java	700	uploaderUin
QStory_2.6.3-release-restored\sources\lin\xposed\hook\javaplugin\online\upload\NetUploadPlugin.java	701	uploaderNickName
QStory_2.6.3-release-restored\sources\lin\xposed\hook\javaplugin\online\upload\NetUploadPlugin.java	702	text/plain
QStory_2.6.3-release-restored\sources\lin\xposed\hook\javaplugin\online\upload\NetUploadPlugin.java	695	N5ETOHF7D5SCZ5X52BQV9OV5P0I603AR
QStory_2.6.3-release-restored\sources\lin\xposed\hook\javaplugin\online\upload\NetUploadPlugin.java	698	https://plugin.sacz.top/plugin-upload/readyToUpload
QStory_2.6.3-release-restored\sources\lin\xposed\hook\javaplugin\online\upload\NetUploadPlugin.java	25	User-Agent
QStory_2.6.3-release-restored\sources\lin\xposed\hook\javaplugin\online\upload\NetUploadPlugin.java	39	Content-Type
QStory_2.6.3-release-restored\sources\lin\xposed\hook\javaplugin\online\upload\NetUploadPlugin.java	702	text/plain
QStory_2.6.3-release-restored\sources\lin\xposed\hook\javaplugin\online\upload\NetUploadPlugin.java	27	Connection
QStory_2.6.3-release-restored\sources\lin\xposed\hook\javaplugin\online\upload\NetUploadPlugin.java	28	keep-alive
QStory_2.6.3-release-restored\sources\lin\xposed\hook\javaplugin\online\upload\NetUploadPlugin.java	695	N5ETOHF7D5SCZ5X52BQV9OV5P0I603AR
QStory_2.6.3-release-restored\sources\lin\xposed\hook\javaplugin\online\upload\NetUploadPlugin.java	703	server return json : null
QStory_2.6.3-release-restored\sources\lin\xposed\hook\javaplugin\online\upload\NetUploadPlugin.java	704	Don't upload frequently(请勿频繁上传)
QStory_2.6.3-release-restored\sources\lin\xposed\hook\javaplugin\online\upload\NetUploadPlugin.java	702	text/plain
QStory_2.6.3-release-restored\sources\lin\xposed\hook\javaplugin\online\upload\NetUploadPlugin.java	696	https://plugin.sacz.top/plugin-upload/confirmUploadStatus
QStory_2.6.3-release-restored\sources\lin\xposed\hook\javaplugin\online\upload\NetUploadPlugin.java	25	User-Agent
QStory_2.6.3-release-restored\sources\lin\xposed\hook\javaplugin\online\upload\NetUploadPlugin.java	39	Content-Type
QStory_2.6.3-release-restored\sources\lin\xposed\hook\javaplugin\online\upload\NetUploadPlugin.java	702	text/plain
QStory_2.6.3-release-restored\sources\lin\xposed\hook\javaplugin\online\upload\NetUploadPlugin.java	27	Connection
QStory_2.6.3-release-restored\sources\lin\xposed\hook\javaplugin\online\upload\NetUploadPlugin.java	28	keep-alive
QStory_2.6.3-release-restored\sources\lin\xposed\hook\javaplugin\online\upload\NetUploadPlugin.java	695	N5ETOHF7D5SCZ5X52BQV9OV5P0I603AR
QStory_2.6.3-release-restored\sources\lin\xposed\hook\javaplugin\online\upload\NetUploadPlugin.java	703	server return json : null
QStory_2.6.3-release-restored\sources\lin\xposed\hook\javaplugin\online\upload\NetUploadPlugin.java	710	application/octet-stream
QStory_2.6.3-release-restored\sources\lin\xposed\hook\javaplugin\online\upload\NetUploadPlugin.java	697	https://plugin.sacz.top/plugin-upload/uploadFile
QStory_2.6.3-release-restored\sources\lin\xposed\hook\javaplugin\online\upload\NetUploadPlugin.java	27	Connection
QStory_2.6.3-release-restored\sources\lin\xposed\hook\javaplugin\online\upload\NetUploadPlugin.java	28	keep-alive
QStory_2.6.3-release-restored\sources\lin\xposed\hook\javaplugin\online\upload\NetUploadPlugin.java	39	Content-Type
QStory_2.6.3-release-restored\sources\lin\xposed\hook\javaplugin\online\upload\NetUploadPlugin.java	711	multipart/form-data; boundary=--------------------------237281582881051963083898
QStory_2.6.3-release-restored\sources\lin\xposed\hook\javaplugin\online\upload\NetUploadPlugin.java	703	server return json : null
QStory_2.6.3-release-restored\sources\lin\xposed\hook\javaplugin\online\upload\NetUploadPlugin.java	629	pluginID
QStory_2.6.3-release-restored\sources\lin\xposed\hook\javaplugin\online\upload\NetUploadPlugin.java	705	pluginName
QStory_2.6.3-release-restored\sources\lin\xposed\hook\javaplugin\online\upload\NetUploadPlugin.java	706	pluginAuthor
QStory_2.6.3-release-restored\sources\lin\xposed\hook\javaplugin\online\upload\NetUploadPlugin.java	707	pluginVersion
QStory_2.6.3-release-restored\sources\lin\xposed\hook\javaplugin\online\upload\NetUploadPlugin.java	708	pluginDesc
QStory_2.6.3-release-restored\sources\lin\xposed\hook\javaplugin\online\upload\NetUploadPlugin.java	709	pluginTime
QStory_2.6.3-release-restored\sources\lin\xposed\hook\javaplugin\online\upload\NetUploadPlugin.java	702	text/plain
QStory_2.6.3-release-restored\sources\lin\xposed\hook\javaplugin\online\upload\NetUploadPlugin.java	695	N5ETOHF7D5SCZ5X52BQV9OV5P0I603AR
QStory_2.6.3-release-restored\sources\lin\xposed\hook\javaplugin\online\upload\NetUploadPlugin.java	699	https://plugin.sacz.top/plugin-upload/uploadInfo
QStory_2.6.3-release-restored\sources\lin\xposed\hook\javaplugin\online\upload\NetUploadPlugin.java	39	Content-Type
QStory_2.6.3-release-restored\sources\lin\xposed\hook\javaplugin\online\upload\NetUploadPlugin.java	702	text/plain
QStory_2.6.3-release-restored\sources\lin\xposed\hook\javaplugin\online\upload\NetUploadPlugin.java	27	Connection
QStory_2.6.3-release-restored\sources\lin\xposed\hook\javaplugin\online\upload\NetUploadPlugin.java	28	keep-alive
QStory_2.6.3-release-restored\sources\lin\xposed\hook\javaplugin\online\upload\NetUploadPlugin.java	695	N5ETOHF7D5SCZ5X52BQV9OV5P0I603AR
QStory_2.6.3-release-restored\sources\lin\xposed\hook\javaplugin\online\upload\NetUploadPlugin.java	703	server return json : null
QStory_2.6.3-release-restored\sources\lin\xposed\hook\javaplugin\online\upload\UploadPlugin$special$$inlined$CoroutineExceptionHandler$1.java	1258	上传失败
QStory_2.6.3-release-restored\sources\lin\xposed\hook\javaplugin\online\upload\UploadPlugin$special$$inlined$CoroutineExceptionHandler$1.java	1259	exceptionHandler
QStory_2.6.3-release-restored\sources\lin\xposed\hook\javaplugin\online\upload\UploadPlugin.java	1269	UploadPlugin
QStory_2.6.3-release-restored\sources\lin\xposed\hook\javaplugin\online\upload\UploadPlugin.java	1261	call to 'resume' before 'invoke' with coroutine
QStory_2.6.3-release-restored\sources\lin\xposed\hook\javaplugin\online\upload\UploadPlugin.java	1260	上传成功
QStory_2.6.3-release-restored\sources\lin\xposed\hook\javaplugin\online\upload\UploadPlugin.java	1258	上传失败
QStory_2.6.3-release-restored\sources\lin\xposed\hook\javaplugin\online\upload\UploadPlugin.java	1261	call to 'resume' before 'invoke' with coroutine
QStory_2.6.3-release-restored\sources\lin\xposed\hook\javaplugin\online\upload\UploadPlugin.java	1262	getModuleCachePath(...)
QStory_2.6.3-release-restored\sources\lin\xposed\hook\javaplugin\online\upload\UploadPlugin.java	1263	getCurrentUin(...)
QStory_2.6.3-release-restored\sources\lin\xposed\hook\javaplugin\online\upload\UploadPlugin.java	1264	getCurrentAccountNickName(...)
QStory_2.6.3-release-restored\sources\lin\xposed\hook\javaplugin\online\upload\UploadPlugin.java	1265	上传中-运行脚本中...
QStory_2.6.3-release-restored\sources\lin\xposed\hook\javaplugin\online\upload\UploadPlugin.java	1266	执行脚本时出现异常
QStory_2.6.3-release-restored\sources\lin\xposed\hook\javaplugin\online\upload\UploadPlugin.java	1258	上传失败
QStory_2.6.3-release-restored\sources\lin\xposed\hook\javaplugin\online\upload\UploadPlugin.java	1267	压缩中...
QStory_2.6.3-release-restored\sources\lin\xposed\hook\javaplugin\online\upload\UploadPlugin.java	1268	上传中...
QStory_2.6.3-release-restored\sources\lin\xposed\hook\javaplugin\online\upload\UploadPlugin.java	1270	build(...)
QStory_2.6.3-release-restored\sources\lin\xposed\hook\javaplugin\online\upload\UploadPlugin.java	37	multipart/form-data
QStory_2.6.3-release-restored\sources\lin\xposed\hook\javaplugin\online\upload\UploadPlugin.java	702	text/plain
QStory_2.6.3-release-restored\sources\lin\xposed\hook\javaplugin\online\upload\UploadPlugin.java	702	text/plain
QStory_2.6.3-release-restored\sources\kotlin\reflect\jvm\internal\AbstractC5894.java	16	path No exists :
QStory_2.6.3-release-restored\sources\kotlin\reflect\jvm\internal\AbstractC5894.java	17	Non-file type :
QStory_2.6.3-release-restored\sources\kotlin\reflect\jvm\internal\AbstractC5894.java	21	path No exists(源文件不存在) : 
QStory_2.6.3-release-restored\sources\kotlin\reflect\jvm\internal\AbstractC5894.java	22	Not a file, but a directory(不是文件) : 
QStory_2.6.3-release-restored\sources\kotlin\reflect\jvm\internal\AbstractC5894.java	24	create File Fail :
QStory_2.6.3-release-restored\sources\kotlin\reflect\jvm\internal\AbstractC5894.java	23	targetFile , Empty File object
QStory_2.6.3-release-restored\sources\kotlin\reflect\jvm\internal\AbstractC5894.java	24	create File Fail :
QStory_2.6.3-release-restored\sources\kotlin\reflect\jvm\internal\types\AbstractC5754.java	46	clipboard
QStory_2.6.3-release-restored\sources\kotlin\reflect\jvm\internal\impl\descriptors\C5317.java	1273	https://qstory.suzhelan.top/user/info
QStory_2.6.3-release-restored\sources\kotlin\reflect\jvm\internal\impl\descriptors\C5317.java	974	application/json
QStory_2.6.3-release-restored\sources\kotlin\reflect\jvm\internal\impl\descriptors\C5317.java	1052	identity
QStory_2.6.3-release-restored\sources\kotlin\reflect\jvm\internal\impl\descriptors\C5317.java	1274	[QS]身份校验不通过
QStory_2.6.3-release-restored\sources\kotlin\reflect\jvm\internal\impl\descriptors\C5317.java	1052	identity
QStory_2.6.3-release-restored\sources\kotlin\reflect\jvm\internal\impl\descriptors\C5317.java	1275	System.exit returned normally, while it was supposed to halt JVM.
QStory_2.6.3-release-restored\sources\kotlin\reflect\jvm\internal\impl\descriptors\C5317.java	3256	encrypt(...)
QStory_2.6.3-release-restored\sources\kotlin\reflect\jvm\internal\impl\descriptors\C5317.java	1276	getApkSignatureMD5(...)
QStory_2.6.3-release-restored\sources\kotlin\reflect\jvm\internal\impl\descriptors\C5317.java	1277	getDefault(...)
QStory_2.6.3-release-restored\sources\kotlin\reflect\jvm\internal\impl\descriptors\C5317.java	1278	toUpperCase(...)
QStory_2.6.3-release-restored\sources\kotlin\reflect\jvm\internal\impl\descriptors\C5317.java	3257	decrypt(...)
QStory_2.6.3-release-restored\sources\kotlin\reflect\jvm\internal\impl\types\C5703.java	180	保存到QS
QStory_2.6.3-release-restored\sources\kotlin\reflect\jvm\internal\impl\types\C5707.java	2752	cachePath
QStory_2.6.3-release-restored\sources\io\ktor\util\C5039.java	2088	$this$matcher
QStory_2.6.3-release-restored\sources\io\ktor\util\C5039.java	2087	$this$methods
QStory_2.6.3-release-restored\sources\io\ktor\util\C5039.java	2086	$this$add
QStory_2.6.3-release-restored\sources\io\ktor\util\C5039.java	2086	$this$add
QStory_2.6.3-release-restored\sources\io\ktor\util\C5039.java	2966	$this$LazyColumn
QStory_2.6.3-release-restored\sources\io\ktor\server\http\content\C4956.java	2295	$this$jsonObject
QStory_2.6.3-release-restored\sources\io\ktor\server\http\content\C4956.java	2610	message_time
QStory_2.6.3-release-restored\sources\io\ktor\server\http\content\C4956.java	2611	message_type
QStory_2.6.3-release-restored\sources\io\ktor\server\http\content\C4956.java	2612	sender_uin
QStory_2.6.3-release-restored\sources\io\ktor\server\http\content\C4956.java	2613	sender_nickname
QStory_2.6.3-release-restored\sources\io\ktor\server\http\content\C4956.java	2614	file_name
QStory_2.6.3-release-restored\sources\io\ktor\server\http\content\C4956.java	2615	file_url
QStory_2.6.3-release-restored\sources\io\ktor\server\http\content\C4956.java	2616	file_size
QStory_2.6.3-release-restored\sources\io\ktor\server\http\content\C4956.java	2617	local_path
QStory_2.6.3-release-restored\sources\io\ktor\server\http\content\C4956.java	2618	reply_to_uin
QStory_2.6.3-release-restored\sources\io\ktor\server\http\content\C4956.java	2337	$this$jsonArray
QStory_2.6.3-release-restored\sources\io\ktor\server\http\content\C4956.java	2619	pic_url_list
QStory_2.6.3-release-restored\sources\io\ktor\server\http\content\C4956.java	2337	$this$jsonArray
QStory_2.6.3-release-restored\sources\io\ktor\server\http\content\C4956.java	2620	reply_message
QStory_2.6.3-release-restored\sources\io\ktor\server\http\content\C4956.java	2621	friend_uin
QStory_2.6.3-release-restored\sources\io\ktor\server\http\content\C4956.java	2441	group_uin
QStory_2.6.3-release-restored\sources\io\ktor\client\plugins\AbstractC4765.java	858	/Android/data/
QStory_2.6.3-release-restored\sources\io\ktor\client\plugins\api\C4718.java	1251	ServiceValidCheck
QStory_2.6.3-release-restored\sources\io\ktor\client\plugins\api\C4718.java	1249	disabled
QStory_2.6.3-release-restored\sources\io\ktor\client\plugins\api\C4718.java	1239	response
QStory_2.6.3-release-restored\sources\io\ktor\client\plugins\api\C4718.java	1249	disabled
QStory_2.6.3-release-restored\sources\io\ktor\client\plugins\api\C4718.java	1249	disabled
QStory_2.6.3-release-restored\sources\io\ktor\client\plugins\api\C4718.java	1249	disabled
QStory_2.6.3-release-restored\sources\io\ktor\client\plugins\api\C4718.java	1250	getMsg(...)
QStory_2.6.3-release-restored\sources\io\ktor\client\plugins\api\C4718.java	1240	历史更新日志
QStory_2.6.3-release-restored\sources\io\ktor\client\plugins\api\C4718.java	1241	加载中
QStory_2.6.3-release-restored\sources\io\ktor\client\plugins\api\C4718.java	80	kotlin.jvm.functions.Function0
QStory_2.6.3-release-restored\sources\com\kongzue\dialogx\util\C4595.java	354	com.airbnb.lottie
QStory_2.6.3-release-restored\sources\com\kongzue\dialogx\util\C4595.java	354	com.airbnb.lottie
QStory_2.6.3-release-restored\sources\com\google\gson\internal\C4056.java	125	chatType
QStory_2.6.3-release-restored\sources\com\google\gson\internal\C4056.java	129	chatType=2 atType=1
QStory_2.6.3-release-restored\sources\com\google\gson\internal\C4056.java	128	艾特全体
QStory_2.6.3-release-restored\sources\com\google\gson\internal\C4056.java	130	content=[@全体成员]
QStory_2.6.3-release-restored\sources\com\google\gson\internal\C4056.java	128	艾特全体
QStory_2.6.3-release-restored\sources\com\google\gson\internal\C4056.java	126	abstractContent
QStory_2.6.3-release-restored\sources\com\google\gson\internal\C4056.java	127	@全体成员
QStory_2.6.3-release-restored\sources\com\google\gson\internal\C4056.java	131	abstractContent=@全体成员
QStory_2.6.3-release-restored\sources\com\google\gson\internal\C4056.java	128	艾特全体
QStory_2.6.3-release-restored\sources\com\google\android\material\textfield\ViewOnClickListenerC4015.java	1067	LIN_XPOSED_QQ
QStory_2.6.3-release-restored\sources\com\google\android\material\textfield\ViewOnClickListenerC4015.java	1055	抢红包参数(新)
QStory_2.6.3-release-restored\sources\com\google\android\material\textfield\ViewOnClickListenerC4015.java	1056	blacklistTroop
QStory_2.6.3-release-restored\sources\com\google\android\material\textfield\ViewOnClickListenerC4015.java	1057	blacklistText
QStory_2.6.3-release-restored\sources\com\google\android\material\textfield\ViewOnClickListenerC4015.java	1058	replyText
QStory_2.6.3-release-restored\sources\com\google\android\material\textfield\ViewOnClickListenerC4015.java	1059	replyDelay
QStory_2.6.3-release-restored\sources\com\google\android\material\textfield\ViewOnClickListenerC4015.java	1060	expectAmount
QStory_2.6.3-release-restored\sources\com\google\android\material\textfield\ViewOnClickListenerC4015.java	1061	grabToast
QStory_2.6.3-release-restored\sources\com\google\android\material\textfield\ViewOnClickListenerC4015.java	1062	ordinary
QStory_2.6.3-release-restored\sources\com\google\android\material\textfield\ViewOnClickListenerC4015.java	1063	exclusiveRedEnvelopes
QStory_2.6.3-release-restored\sources\com\google\android\material\textfield\ViewOnClickListenerC4015.java	1309	getContext(...)
QStory_2.6.3-release-restored\sources\com\google\android\material\textfield\ViewOnClickListenerC4015.java	1883	篡改图片显示大小
QStory_2.6.3-release-restored\sources\com\google\android\material\textfield\ViewOnClickListenerC4015.java	2157	getHostAppContext(...)
QStory_2.6.3-release-restored\sources\com\google\android\material\textfield\ViewOnClickListenerC4015.java	2155	设置输入框提示文字
QStory_2.6.3-release-restored\sources\com\google\android\material\textfield\ViewOnClickListenerC4015.java	2156	设置新提示词后需要重启生效
QStory_2.6.3-release-restored\sources\com\google\android\material\textfield\ViewOnClickListenerC4015.java	2212	Repetition
QStory_2.6.3-release-restored\sources\com\google\android\material\textfield\ViewOnClickListenerC4015.java	1309	getContext(...)
QStory_2.6.3-release-restored\sources\com\google\android\material\textfield\ViewOnClickListenerC4015.java	2206	doubleClick
QStory_2.6.3-release-restored\sources\com\google\android\material\textfield\ViewOnClickListenerC4015.java	1548	get(...)
QStory_2.6.3-release-restored\sources\com\google\android\material\textfield\ViewOnClickListenerC4015.java	2223	RepetitionPlus
QStory_2.6.3-release-restored\sources\com\google\android\material\textfield\ViewOnClickListenerC4015.java	1309	getContext(...)
QStory_2.6.3-release-restored\sources\com\google\android\material\textfield\ViewOnClickListenerC4015.java	2206	doubleClick
QStory_2.6.3-release-restored\sources\com\google\android\material\textfield\ViewOnClickListenerC4015.java	1548	get(...)
QStory_2.6.3-release-restored\sources\com\google\android\material\textfield\ViewOnClickListenerC4015.java	1294	getItemName(...)
QStory_2.6.3-release-restored\sources\com\google\android\material\textfield\ViewOnClickListenerC4015.java	1295	getParentFragmentManager(...)
QStory_2.6.3-release-restored\sources\com\google\android\material\textfield\ViewOnClickListenerC4015.java	79	路径已复制
QStory_2.6.3-release-restored\sources\com\google\android\material\textfield\ViewOnClickListenerC4015.java	79	路径已复制
QStory_2.6.3-release-restored\sources\com\google\android\material\textfield\ViewOnClickListenerC4015.java	243	time_format
QStory_2.6.3-release-restored\sources\com\google\android\material\textfield\ViewOnClickListenerC4015.java	514	AtTextSummaryChange
QStory_2.6.3-release-restored\sources\com\google\android\material\textfield\ViewOnClickListenerC4015.java	1207	TroopUinList
QStory_2.6.3-release-restored\sources\com\google\android\material\textfield\ViewOnClickListenerC4015.java	1213	今日未打卡的群聊会立刻打卡
QStory_2.6.3-release-restored\sources\com\google\android\material\textfield\ViewOnClickListenerC4015.java	1207	TroopUinList
QStory_2.6.3-release-restored\sources\com\google\android\material\textfield\ViewOnClickListenerC4015.java	1213	今日未打卡的群聊会立刻打卡
QStory_2.6.3-release-restored\sources\com\google\android\material\textfield\ViewOnClickListenerC4015.java	1207	TroopUinList
QStory_2.6.3-release-restored\sources\com\google\android\material\textfield\ViewOnClickListenerC4015.java	1213	今日未打卡的群聊会立刻打卡
QStory_2.6.3-release-restored\sources\com\google\android\material\textfield\ViewOnClickListenerC4015.java	1192	点击发送后会立刻发送一条QQ空间进行测试,与其他空间功能有联动调试配合性
QStory_2.6.3-release-restored\sources\com\google\android\material\textfield\ViewOnClickListenerC4015.java	1191	手动发送进行测试
QStory_2.6.3-release-restored\sources\com\google\android\material\textfield\ViewOnClickListenerC4015.java	2766	正在扫描表情文件...
QStory_2.6.3-release-restored\sources\com\google\android\material\textfield\ViewOnClickListenerC4015.java	2273	手动备份不会吞噬今日旧备份 今日备份将在第二天自动删除\n\n备份路径：
QStory_2.6.3-release-restored\sources\com\google\android\material\textfield\ViewOnClickListenerC4015.java	2272	手动备份测试
QStory_2.6.3-release-restored\sources\com\google\android\material\textfield\ViewOnClickListenerC4015.java	2274	开始备份
QStory_2.6.3-release-restored\sources\com\google\android\material\textfield\ViewOnClickListenerC4015.java	3106	请先选择好友
QStory_2.6.3-release-restored\sources\com\google\android\material\textfield\ViewOnClickListenerC4015.java	747	确认删除
QStory_2.6.3-release-restored\sources\com\google\android\material\textfield\ViewOnClickListenerC4015.java	3107	确定要删除 
QStory_2.6.3-release-restored\sources\com\google\android\material\textfield\ViewOnClickListenerC4015.java	3108	 位好友吗？\n此操作不可撤销！
QStory_2.6.3-release-restored\sources\com\google\android\material\textfield\ViewOnClickListenerC4015.java	747	确认删除
QStory_2.6.3-release-restored\sources\com\google\android\material\textfield\ViewOnClickListenerC4015.java	3121	请先选择群
QStory_2.6.3-release-restored\sources\com\google\android\material\textfield\ViewOnClickListenerC4015.java	3122	确认退出
QStory_2.6.3-release-restored\sources\com\google\android\material\textfield\ViewOnClickListenerC4015.java	3123	确定要退出 
QStory_2.6.3-release-restored\sources\com\google\android\material\textfield\ViewOnClickListenerC4015.java	3124	 个群吗？\n此操作不可撤销！
QStory_2.6.3-release-restored\sources\com\google\android\material\textfield\ViewOnClickListenerC4015.java	3122	确认退出
QStory_2.6.3-release-restored\sources\com\bumptech\glide\AbstractC3887.java	13	activity
QStory_2.6.3-release-restored\sources\com\bumptech\glide\AbstractC3887.java	1362	operatorUid
QStory_2.6.3-release-restored\sources\com\bumptech\glide\AbstractC3887.java	1422	receiverUid
QStory_2.6.3-release-restored\sources\com\bumptech\glide\AbstractC3887.java	1374	qqMessage
QStory_2.6.3-release-restored\sources\com\bumptech\glide\AbstractC3887.java	1431	senderUid
QStory_2.6.3-release-restored\sources\com\bumptech\glide\AbstractC3887.java	1362	operatorUid
QStory_2.6.3-release-restored\sources\com\bumptech\glide\AbstractC3887.java	1374	qqMessage
QStory_2.6.3-release-restored\sources\com\bumptech\glide\AbstractC3887.java	1412	toByteArray(...)
QStory_2.6.3-release-restored\sources\com\bumptech\glide\AbstractC3887.java	10	android.app.ActivityThread
QStory_2.6.3-release-restored\sources\com\bumptech\glide\AbstractC3887.java	11	sCurrentActivityThread
QStory_2.6.3-release-restored\sources\com\bumptech\glide\AbstractC3887.java	12	mActivities
QStory_2.6.3-release-restored\sources\com\bumptech\glide\AbstractC3887.java	13	activity
QStory_2.6.3-release-restored\sources\com\bumptech\glide\AbstractC3888.java	65	com.tencent.mobileqq.startup.step.LoadData
QStory_2.6.3-release-restored\sources\com\bumptech\glide\AbstractC3888.java	1491	未同步
QStory_2.6.3-release-restored\sources\com\bumptech\glide\AbstractC3888.java	1491	未同步
QStory_2.6.3-release-restored\sources\com\bumptech\glide\AbstractC3888.java	1490	user_info
QStory_2.6.3-release-restored\sources\com\bumptech\glide\AbstractC3889.java	2289	已启用 
QStory_2.6.3-release-restored\sources\com\bumptech\glide\AbstractC3889.java	2290	 个 MCP，长按右侧拖动柄可调整顺序
QStory_2.6.3-release-restored\sources\com\bumptech\glide\AbstractC3889.java	401	mqq.app.NewIntent
QStory_2.6.3-release-restored\sources\com\bumptech\glide\AbstractC3889.java	332	mqq.app.MobileQQ
QStory_2.6.3-release-restored\sources\com\bumptech\glide\AbstractC3889.java	402	sMobileQQ
QStory_2.6.3-release-restored\sources\com\bumptech\glide\AbstractC3889.java	403	com.tencent.mobileqq.qwallet.e.a
QStory_2.6.3-release-restored\sources\com\bumptech\glide\AbstractC3889.java	404	trpc.qqhb.qqhb_proxy.Handler.sso_handle
QStory_2.6.3-release-restored\sources\com\bumptech\glide\AbstractC3898.java	15	非记录在内的图像格式
QStory_2.6.3-release-restored\sources\com\bumptech\glide\AbstractC3898.java	14	未能读取足够的字节来判断图片类型
QStory_2.6.3-release-restored\sources\com\bumptech\glide\AbstractC3898.java	1603	NewMsgViewIdAdapter-9230
QStory_2.6.3-release-restored\sources\com\bumptech\glide\AbstractC3898.java	1604	API-监听QQ账号变更
QStory_2.6.3-release-restored\sources\com\bumptech\glide\AbstractC3898.java	1605	API-监听消息撤回-未实装
QStory_2.6.3-release-restored\sources\com\bumptech\glide\AbstractC3898.java	1606	OnNewQQViewUpdate-9230
QStory_2.6.3-release-restored\sources\com\bumptech\glide\AbstractC3898.java	1607	API-OnQQMessage
QStory_2.6.3-release-restored\sources\com\bumptech\glide\AbstractC3898.java	1608	辅助功能/资料卡/允许查看异常资料卡
QStory_2.6.3-release-restored\sources\com\bumptech\glide\AbstractC3898.java	1609	辅助功能/实验功能/禁用QQ公交卡
QStory_2.6.3-release-restored\sources\com\bumptech\glide\AbstractC3898.java	1610	辅助功能/消息通知/QQ通知优化
QStory_2.6.3-release-restored\sources\com\bumptech\glide\AbstractC3898.java	1611	净化/聊天/屏蔽QQToast
QStory_2.6.3-release-restored\sources\com\bumptech\glide\AbstractC3898.java	1612	净化/聊天/屏蔽临时会话弹窗
QStory_2.6.3-release-restored\sources\com\bumptech\glide\AbstractC3898.java	1613	净化/浏览器/禁用内置浏览器网页拦截
QStory_2.6.3-release-restored\sources\com\bumptech\glide\AbstractC3898.java	1614	辅助功能/图片与表情/分享图片不压缩
QStory_2.6.3-release-restored\sources\com\bumptech\glide\AbstractC3898.java	1615	辅助功能/聊天/消息显示艾特对象
QStory_2.6.3-release-restored\sources\com\bumptech\glide\AbstractC3898.java	1616	辅助功能/图片与表情/聊天自动勾选原图
QStory_2.6.3-release-restored\sources\com\bumptech\glide\AbstractC3898.java	1617	辅助功能/聊天/语音消息自动转文本
QStory_2.6.3-release-restored\sources\com\bumptech\glide\AbstractC3898.java	1618	净化/聊天/精简聊天界面相机按钮
QStory_2.6.3-release-restored\sources\com\bumptech\glide\AbstractC3898.java	1619	辅助功能/聊天/输入框增加提示
QStory_2.6.3-release-restored\sources\com\bumptech\glide\AbstractC3898.java	1620	净化/聊天/删除QQ表情底栏中的QQ大表情选项
QStory_2.6.3-release-restored\sources\com\bumptech\glide\AbstractC3898.java	1621	辅助功能/图片与表情/表情可下载(新版)
QStory_2.6.3-release-restored\sources\com\bumptech\glide\AbstractC3898.java	1622	净化/群聊/隐藏编辑群昵称装扮
QStory_2.6.3-release-restored\sources\com\bumptech\glide\AbstractC3898.java	1623	净化/聊天/隐藏灰色提示文本
QStory_2.6.3-release-restored\sources\com\bumptech\glide\AbstractC3898.java	1624	辅助功能/聊天/解除拍一拍限制
QStory_2.6.3-release-restored\sources\com\bumptech\glide\AbstractC3898.java	1625	辅助功能/聊天/防撤回
QStory_2.6.3-release-restored\sources\com\bumptech\glide\AbstractC3898.java	1626	辅助功能/聊天/快捷修改聊天消息内容
QStory_2.6.3-release-restored\sources\com\bumptech\glide\AbstractC3898.java	1627	净化/群聊/移除消息表情回应
QStory_2.6.3-release-restored\sources\com\bumptech\glide\AbstractC3898.java	1628	净化/聊天/精简聊天界面滤镜视频
QStory_2.6.3-release-restored\sources\com\bumptech\glide\AbstractC3898.java	1629	辅助功能/聊天/移除转发数量限制
QStory_2.6.3-release-restored\sources\com\bumptech\glide\AbstractC3898.java	1630	净化/聊天/移除语音转文本灰字提示
QStory_2.6.3-release-restored\sources\com\bumptech\glide\AbstractC3898.java	1631	辅助功能/聊天/消息复读
QStory_2.6.3-release-restored\sources\com\bumptech\glide\AbstractC3898.java	1632	辅助功能/聊天/去除回复@
QStory_2.6.3-release-restored\sources\com\bumptech\glide\AbstractC3898.java	1633	辅助功能/聊天/发送消息格式化
QStory_2.6.3-release-restored\sources\com\bumptech\glide\AbstractC3898.java	1634	辅助功能/聊天/显示消息时间
QStory_2.6.3-release-restored\sources\com\bumptech\glide\AbstractC3898.java	1635	辅助功能/聊天/禁言时间精确到秒
QStory_2.6.3-release-restored\sources\com\bumptech\glide\AbstractC3898.java	1636	辅助功能/群聊/显示已退群用户的消息
QStory_2.6.3-release-restored\sources\com\bumptech\glide\AbstractC3898.java	1637	辅助功能/群聊/@列表重新排序
QStory_2.6.3-release-restored\sources\com\bumptech\glide\AbstractC3898.java	1638	辅助功能/图片与表情/收藏表情按使用排序
QStory_2.6.3-release-restored\sources\com\bumptech\glide\AbstractC3898.java	1639	净化/主页/阻止QQ每日广告弹窗
QStory_2.6.3-release-restored\sources\com\bumptech\glide\AbstractC3898.java	1640	辅助功能/聊天/禁用听语音时听筒来回自动切换
QStory_2.6.3-release-restored\sources\com\bumptech\glide\AbstractC3898.java	1641	净化/聊天/强制使用默认气泡
QStory_2.6.3-release-restored\sources\com\bumptech\glide\AbstractC3898.java	1642	净化/聊天/强制使用默认字体
QStory_2.6.3-release-restored\sources\com\bumptech\glide\AbstractC3898.java	1643	辅助功能/实验功能/平板模式
QStory_2.6.3-release-restored\sources\com\bumptech\glide\AbstractC3898.java	1644	净化/实验功能/屏蔽烦人弹窗
QStory_2.6.3-release-restored\sources\com\bumptech\glide\AbstractC3898.java	1645	净化/聊天/屏蔽掉落小表情
QStory_2.6.3-release-restored\sources\com\bumptech\glide\AbstractC3898.java	1646	辅助功能/实验功能/屏蔽云控
QStory_2.6.3-release-restored\sources\com\bumptech\glide\AbstractC3898.java	1647	净化/聊天/禁用特定消息触发的交互式弹窗
QStory_2.6.3-release-restored\sources\com\bumptech\glide\AbstractC3898.java	1648	辅助功能/小程序/禁用下拉小程序
QStory_2.6.3-release-restored\sources\com\bumptech\glide\AbstractC3898.java	1649	净化/实验功能/禁用崩溃日志上报
QStory_2.6.3-release-restored\sources\com\bumptech\glide\AbstractC3898.java	1650	净化/聊天/禁用聊天右滑
QStory_2.6.3-release-restored\sources\com\bumptech\glide\AbstractC3898.java	1651	净化/浏览器/禁用X5内核
QStory_2.6.3-release-restored\sources\com\bumptech\glide\AbstractC3898.java	1652	辅助功能/实验功能/每天自动备份模块数据
QStory_2.6.3-release-restored\sources\com\bumptech\glide\AbstractC3898.java	1653	保护模块数据不被qq清理
QStory_2.6.3-release-restored\sources\com\bumptech\glide\AbstractC3898.java	1654	保护模块数据目录
QStory_2.6.3-release-restored\sources\com\bumptech\glide\AbstractC3898.java	1655	辅助功能/图片与表情/伪装处于非多窗口模式
QStory_2.6.3-release-restored\sources\com\bumptech\glide\AbstractC3898.java	1656	辅助功能/图片与表情/篡改图片大小
QStory_2.6.3-release-restored\sources\com\bumptech\glide\AbstractC3898.java	1657	辅助功能/聊天/文件上传重命名
QStory_2.6.3-release-restored\sources\com\bumptech\glide\AbstractC3898.java	1658	辅助功能/图片与表情/闪照破解(会变卡)
QStory_2.6.3-release-restored\sources\com\bumptech\glide\AbstractC3898.java	1659	净化/浏览器/去你大爷的QQ浏览器
QStory_2.6.3-release-restored\sources\com\bumptech\glide\AbstractC3898.java	1660	辅助功能/聊天/灰字提示显示QQ号
QStory_2.6.3-release-restored\sources\com\bumptech\glide\AbstractC3898.java	1661	净化/联系人/隐藏通讯录卡片
QStory_2.6.3-release-restored\sources\com\bumptech\glide\AbstractC3898.java	1662	辅助功能/资料卡/屏蔽好友资料卡送礼物
QStory_2.6.3-release-restored\sources\com\bumptech\glide\AbstractC3898.java	1663	净化/聊天/屏蔽超级QQ秀
QStory_2.6.3-release-restored\sources\com\bumptech\glide\AbstractC3898.java	1664	辅助功能/实验功能/MCP服务
QStory_2.6.3-release-restored\sources\com\bumptech\glide\AbstractC3898.java	1665	辅助功能/季节专属/自动抢红包(2026)
QStory_2.6.3-release-restored\sources\com\bumptech\glide\AbstractC3898.java	1666	净化/资料卡/陌生人资料卡你们的关系标识
QStory_2.6.3-release-restored\sources\com\bumptech\glide\AbstractC3898.java	1667	辅助功能/资料卡/一键20赞
QStory_2.6.3-release-restored\sources\com\bumptech\glide\AbstractC3898.java	1668	辅助功能/聊天/语音转发
QStory_2.6.3-release-restored\sources\com\bumptech\glide\AbstractC3898.java	1669	辅助功能/QQ空间/隐藏QQ空间广告
QStory_2.6.3-release-restored\sources\com\bumptech\glide\AbstractC3898.java	1670	辅助功能/QQ空间/底栏直接打开空间动态
QStory_2.6.3-release-restored\sources\com\bumptech\glide\AbstractC3898.java	1671	辅助功能/实验功能/随机虚拟位置
QStory_2.6.3-release-restored\sources\com\bumptech\glide\AbstractC3898.java	1672	净化/聊天/移除语音播放弹窗
QStory_2.6.3-release-restored\sources\com\bumptech\glide\AbstractC3898.java	1673	净化/浏览器/移除浏览器菜单的QQ浏览器
QStory_2.6.3-release-restored\sources\com\bumptech\glide\AbstractC3898.java	1674	辅助功能/资料卡/屏蔽DIY名片
QStory_2.6.3-release-restored\sources\com\bumptech\glide\AbstractC3898.java	1675	辅助功能/实验功能/移除收藏预览限制
QStory_2.6.3-release-restored\sources\com\bumptech\glide\AbstractC3898.java	1676	净化/聊天/移除长按菜单图标
QStory_2.6.3-release-restored\sources\com\bumptech\glide\AbstractC3898.java	1677	辅助功能/实验功能/移除扫码登录检查
QStory_2.6.3-release-restored\sources\com\bumptech\glide\AbstractC3898.java	1678	辅助功能/聊天/去除发送图片限制
QStory_2.6.3-release-restored\sources\com\bumptech\glide\AbstractC3898.java	1679	辅助功能/群聊/显示具体消息数量
QStory_2.6.3-release-restored\sources\com\bumptech\glide\AbstractC3898.java	1680	辅助功能/实验功能/跳过扫码登录时间
QStory_2.6.3-release-restored\sources\com\bumptech\glide\AbstractC3898.java	1681	辅助功能/实验功能/伪装应用权限已持有
QStory_2.6.3-release-restored\sources\com\bumptech\glide\AbstractC3898.java	1682	辅助功能/图片与表情/表情面板#2
QStory_2.6.3-release-restored\sources\com\bumptech\glide\AbstractC3898.java	1683	辅助功能/聊天/强制使用系统Emoji
QStory_2.6.3-release-restored\sources\com\bumptech\glide\AbstractC3898.java	1684	辅助功能/消息通知/屏蔽群待办
QStory_2.6.3-release-restored\sources\com\bumptech\glide\AbstractC3898.java	1685	净化/群聊/隐藏聊天快捷栏
QStory_2.6.3-release-restored\sources\com\bumptech\glide\AbstractC3898.java	1686	净化/群聊/隐藏群聊风险提醒
QStory_2.6.3-release-restored\sources\com\bumptech\glide\AbstractC3898.java	1687	辅助功能/群聊/群文件显示下载次数(新)
QStory_2.6.3-release-restored\sources\com\bumptech\glide\AbstractC3898.java	1688	辅助功能/群聊/群文件显示下载次数(旧)
QStory_2.6.3-release-restored\sources\com\bumptech\glide\AbstractC3898.java	1689	净化/资料卡/隐藏好友互动标识
QStory_2.6.3-release-restored\sources\com\bumptech\glide\AbstractC3898.java	1690	辅助功能/资料卡/上传透明头像
QStory_2.6.3-release-restored\sources\com\bumptech\glide\AbstractC3898.java	1691	辅助功能/资料卡/上传半透明头像
QStory_2.6.3-release-restored\sources\com\bumptech\glide\AbstractC3898.java	1692	主页右上角注入
QStory_2.6.3-release-restored\sources\com\bumptech\glide\AbstractC3898.java	1693	辅助功能/聊天/语音悬浮窗
QStory_2.6.3-release-restored\sources\com\bumptech\glide\AbstractC3898.java	1694	API-BuildMenuElement
QStory_2.6.3-release-restored\sources\com\bumptech\glide\AbstractC3898.java	1695	API-群组禁言监听
QStory_2.6.3-release-restored\sources\com\bumptech\glide\AbstractC3898.java	1696	API-进群监听器
QStory_2.6.3-release-restored\sources\com\bumptech\glide\AbstractC3898.java	1697	API-ListenToChatWindowsAsTheyAppearAndClose
QStory_2.6.3-release-restored\sources\com\bumptech\glide\AbstractC3898.java	1698	API-OnRKey
QStory_2.6.3-release-restored\sources\com\bumptech\glide\AbstractC3898.java	1699	API-监听消息发送
QStory_2.6.3-release-restored\sources\com\bumptech\glide\AbstractC3898.java	1700	API-Session_info_find_init
QStory_2.6.3-release-restored\sources\com\bumptech\glide\AbstractC3898.java	1701	API-退群监听器
QStory_2.6.3-release-restored\sources\com\bumptech\glide\AbstractC3898.java	1702	净化/主页/自动清理主页频道消息（屏蔽主页频道消息）
QStory_2.6.3-release-restored\sources\com\bumptech\glide\AbstractC3898.java	1703	辅助功能/消息通知/屏蔽AT全体消息的系统通知
QStory_2.6.3-release-restored\sources\com\bumptech\glide\AbstractC3898.java	1704	辅助功能/图片与表情/图片,表情的显示文本修改
QStory_2.6.3-release-restored\sources\com\bumptech\glide\AbstractC3898.java	1705	辅助功能/图片与表情/查看图片时背景透明模糊
QStory_2.6.3-release-restored\sources\com\bumptech\glide\AbstractC3898.java	1706	净化/实验功能/禁用日志写入的线程
QStory_2.6.3-release-restored\sources\com\bumptech\glide\AbstractC3898.java	1707	辅助功能/聊天/复制卡片
QStory_2.6.3-release-restored\sources\com\bumptech\glide\AbstractC3898.java	1708	辅助功能/图片与表情/复制图片链接
QStory_2.6.3-release-restored\sources\com\bumptech\glide\AbstractC3898.java	1709	辅助功能/实验功能/删除主页聊天列表
QStory_2.6.3-release-restored\sources\com\bumptech\glide\AbstractC3898.java	1710	辅助功能/图片与表情/在新的QQ中依然可以下载表情
QStory_2.6.3-release-restored\sources\com\bumptech\glide\AbstractC3898.java	1711	辅助功能/图片与表情/查看表情时背景透明
QStory_2.6.3-release-restored\sources\com\bumptech\glide\AbstractC3898.java	1712	辅助功能/图片与表情/表情面板#1
QStory_2.6.3-release-restored\sources\com\bumptech\glide\AbstractC3898.java	1713	净化/聊天/分享弹窗不显示好友和群
QStory_2.6.3-release-restored\sources\com\bumptech\glide\AbstractC3898.java	1714	辅助功能/实验功能/获取游戏好友QQ
QStory_2.6.3-release-restored\sources\com\bumptech\glide\AbstractC3898.java	1715	净化/聊天/去除标题栏听筒标识
QStory_2.6.3-release-restored\sources\com\bumptech\glide\AbstractC3898.java	1716	辅助功能/聊天/保存语音
QStory_2.6.3-release-restored\sources\com\bumptech\glide\AbstractC3898.java	1717	辅助功能/图片与表情/聊天界面图片显示发送者
QStory_2.6.3-release-restored\sources\com\bumptech\glide\AbstractC3898.java	1718	辅助功能/聊天/发送卡片
QStory_2.6.3-release-restored\sources\com\bumptech\glide\AbstractC3898.java	1719	辅助功能/聊天/消息小尾巴
QStory_2.6.3-release-restored\sources\com\bumptech\glide\AbstractC3898.java	1720	辅助功能/小程序/小程序跳过广告
QStory_2.6.3-release-restored\sources\com\bumptech\glide\AbstractC3898.java	1721	净化/主页/净化主页横幅新年广告
QStory_2.6.3-release-restored\sources\com\bumptech\glide\AbstractC3898.java	1722	净化/侧滑栏/侧滑栏右上角返回-失效
QStory_2.6.3-release-restored\sources\com\bumptech\glide\AbstractC3898.java	1723	净化/侧滑栏/精简侧滑栏右上角二维码-失效
QStory_2.6.3-release-restored\sources\com\bumptech\glide\AbstractC3898.java	1724	辅助功能/消息通知/快捷免打扰
QStory_2.6.3-release-restored\sources\com\bumptech\glide\AbstractC3898.java	1725	辅助功能/图片与表情/发送原图时擦除位置信息
QStory_2.6.3-release-restored\sources\com\bumptech\glide\AbstractC3898.java	1726	辅助功能/图片与表情/图片转大图卡片-已失效
QStory_2.6.3-release-restored\sources\com\bumptech\glide\AbstractC3898.java	1727	辅助功能/群聊/群设置页群文件旧版排序
QStory_2.6.3-release-restored\sources\com\bumptech\glide\AbstractC3898.java	1728	辅助功能/实验功能/龙|猫图检测禁言
QStory_2.6.3-release-restored\sources\com\bumptech\glide\AbstractC3898.java	1729	辅助功能/实验功能/龙图检测内测版
QStory_2.6.3-release-restored\sources\com\bumptech\glide\AbstractC3898.java	1730	测试专用/Test/长按消息选项输出MsgRecord
QStory_2.6.3-release-restored\sources\com\bumptech\glide\AbstractC3898.java	1731	辅助功能/实验功能/炫酷彩色字体
QStory_2.6.3-release-restored\sources\com\bumptech\glide\AbstractC3898.java	1732	自动加载脚本
QStory_2.6.3-release-restored\sources\com\bumptech\glide\AbstractC3898.java	1733	Plugin-OnMsgMenuCreateAPI
QStory_2.6.3-release-restored\sources\com\bumptech\glide\AbstractC3898.java	1734	注册脚本菜单悬浮窗
QStory_2.6.3-release-restored\sources\com\bumptech\glide\AbstractC3898.java	1735	Plugin-Message-Callback
QStory_2.6.3-release-restored\sources\com\bumptech\glide\AbstractC3898.java	1736	注入QQ设置页面
QStory_2.6.3-release-restored\sources\com\bumptech\glide\AbstractC3898.java	1737	辅助功能/实验功能/阻止子线程闪退
QStory_2.6.3-release-restored\sources\com\bumptech\glide\AbstractC3898.java	1738	辅助功能/季节专属/自动抢红包(2025)
QStory_2.6.3-release-restored\sources\com\bumptech\glide\AbstractC3898.java	1739	辅助功能/实验功能/重定向文件下载位置
QStory_2.6.3-release-restored\sources\com\bumptech\glide\AbstractC3898.java	1740	辅助功能/图片与表情/自定义表情外显文案
QStory_2.6.3-release-restored\sources\com\bumptech\glide\AbstractC3898.java	1741	辅助功能/图片与表情/发送图片时半屏打开相册(禁用强制全屏打开相册)
QStory_2.6.3-release-restored\sources\com\bumptech\glide\AbstractC3898.java	1742	辅助功能/群聊/艾特全体-弃用
QStory_2.6.3-release-restored\sources\com\bumptech\glide\AbstractC3898.java	1743	净化/聊天/拦截异常GIF-弃用
QStory_2.6.3-release-restored\sources\com\bumptech\glide\AbstractC3898.java	1744	净化/侧滑栏/启用旧版侧滑栏-弃用
QStory_2.6.3-release-restored\sources\com\bumptech\glide\AbstractC3898.java	1745	辅助功能/季节专属/自动抢红包
QStory_2.6.3-release-restored\sources\com\bumptech\glide\AbstractC3898.java	1746	净化/联系人/移除联系人页上方的横幅广告-弃用
QStory_2.6.3-release-restored\sources\com\bumptech\glide\AbstractC3898.java	1747	辅助功能/季节专属/枫叶飘落
QStory_2.6.3-release-restored\sources\com\bumptech\glide\AbstractC3898.java	1748	辅助功能/季节专属/雪花飘落
QStory_2.6.3-release-restored\sources\com\bumptech\glide\AbstractC3898.java	1749	辅助功能/季节专属/新年中国结顶栏
QStory_2.6.3-release-restored\sources\com\bumptech\glide\AbstractC3898.java	1750	辅助功能/季节专属/太阳飘落
QStory_2.6.3-release-restored\sources\com\bumptech\glide\AbstractC3898.java	1751	辅助功能/QQ空间/自动点赞QQ空间
QStory_2.6.3-release-restored\sources\com\bumptech\glide\AbstractC3898.java	1752	辅助功能/QQ空间/每天自动发QQ空间
QStory_2.6.3-release-restored\sources\com\bumptech\glide\AbstractC3898.java	1753	辅助功能/QQ空间/自动删除发布的空间
QStory_2.6.3-release-restored\sources\com\bumptech\glide\AbstractC3898.java	1754	辅助功能/QQ空间/发送空间使用自定义的内容
QStory_2.6.3-release-restored\sources\com\bumptech\glide\AbstractC3898.java	1755	辅助功能/QQ空间/发送QQ空间时是否公开可见
QStory_2.6.3-release-restored\sources\com\bumptech\glide\AbstractC3898.java	1756	辅助功能/群聊/群聊自动打卡
QStory_2.6.3-release-restored\sources\com\bumptech\glide\AbstractC3898.java	1757	辅助功能/群聊/群聊自动打卡-定时版
QStory_2.6.3-release-restored\sources\com\bumptech\glide\AbstractC3898.java	1758	辅助功能/群聊/群聊自动打卡-极速版
QStory_2.6.3-release-restored\sources\com\bumptech\glide\C3902.java	786	DeclareClass
QStory_2.6.3-release-restored\sources\com\bumptech\glide\C3902.java	785	MethodName
QStory_2.6.3-release-restored\sources\com\bumptech\glide\C3902.java	787	ReturnType
QStory_2.6.3-release-restored\sources\com\bumptech\glide\C3902.java	785	MethodName
QStory_2.6.3-release-restored\sources\com\bumptech\glide\C3902.java	786	DeclareClass
QStory_2.6.3-release-restored\sources\com\bumptech\glide\C3902.java	787	ReturnType
QStory_2.6.3-release-restored\sources\com\alibaba\fastjson2\AbstractC3738.java	2300	description
QStory_2.6.3-release-restored\sources\com\alibaba\fastjson2\AbstractC3738.java	2436	properties
QStory_2.6.3-release-restored\sources\com\alibaba\fastjson2\AbstractC3738.java	2437	required
QStory_2.6.3-release-restored\sources\com\alibaba\fastjson2\AbstractC3738.java	2300	description
QStory_2.6.3-release-restored\sources\com\alibaba\fastjson2\AbstractC3738.java	2300	description
QStory_2.6.3-release-restored\sources\com\alibaba\fastjson2\AbstractC3738.java	2300	description
QStory_2.6.3-release-restored\sources\com\alibaba\fastjson2\AbstractC3738.java	2300	description
QStory_2.6.3-release-restored\sources\com\alibaba\fastjson2\AbstractC3738.java	2300	description
QStory_2.6.3-release-restored\sources\com\alibaba\fastjson2\AbstractC3738.java	2447	valueName
QStory_2.6.3-release-restored\sources\com\alibaba\fastjson2\AbstractC3738.java	2448	valueProperty
QStory_2.6.3-release-restored\sources\com\alibaba\fastjson2\AbstractC3738.java	2374	config_name
QStory_2.6.3-release-restored\sources\com\alibaba\fastjson2\AbstractC3738.java	2375	配置文件名
QStory_2.6.3-release-restored\sources\com\alibaba\fastjson2\AbstractC3738.java	2376	配置键
QStory_2.6.3-release-restored\sources\com\alibaba\fastjson2\AbstractC3738.java	2374	config_name
QStory_2.6.3-release-restored\sources\com\alibaba\fastjson2\AbstractC3738.java	2300	description
QStory_2.6.3-release-restored\sources\com\alibaba\fastjson2\AbstractC3738.java	2446	defaultProperty
QStory_2.6.3-release-restored\sources\com\alibaba\fastjson2\AbstractC3738.java	2374	config_name
QStory_2.6.3-release-restored\sources\com\alibaba\fastjson2\AbstractC3738.java	2375	配置文件名
QStory_2.6.3-release-restored\sources\com\alibaba\fastjson2\AbstractC3738.java	2376	配置键
QStory_2.6.3-release-restored\sources\com\alibaba\fastjson2\AbstractC3738.java	2374	config_name
QStory_2.6.3-release-restored\sources\com\alibaba\fastjson2\AbstractC3738.java	2300	description
QStory_2.6.3-release-restored\sources\com\alibaba\fastjson2\AbstractC3738.java	2439	contentName
QStory_2.6.3-release-restored\sources\com\alibaba\fastjson2\AbstractC3738.java	2440	contentDesc
QStory_2.6.3-release-restored\sources\com\alibaba\fastjson2\AbstractC3738.java	2441	group_uin
QStory_2.6.3-release-restored\sources\com\alibaba\fastjson2\AbstractC3738.java	2442	群号，私聊时可留空
QStory_2.6.3-release-restored\sources\com\alibaba\fastjson2\AbstractC3738.java	2443	user_uin
QStory_2.6.3-release-restored\sources\com\alibaba\fastjson2\AbstractC3738.java	2444	好友 QQ 号，群聊时可留空
QStory_2.6.3-release-restored\sources\com\alibaba\fastjson2\AbstractC3738.java	2295	$this$jsonObject
QStory_2.6.3-release-restored\sources\com\alibaba\fastjson2\AbstractC3738.java	2300	description
QStory_2.6.3-release-restored\sources\com\alibaba\fastjson2\AbstractC3738.java	2438	 不能为空
QStory_2.6.3-release-restored\sources\androidx\activity\RunnableC0899.java	2771	整理完成！(没有自动关闭的话就重启QQ)\n
QStory_2.6.3-release-restored\sources\androidx\activity\RunnableC0899.java	2772	共处理 
QStory_2.6.3-release-restored\sources\androidx\activity\RunnableC0899.java	2773	 个文件\n
QStory_2.6.3-release-restored\sources\androidx\activity\RunnableC0899.java	2774	，失败 
QStory_2.6.3-release-restored\sources\androidx\window\area\C3391.java	1275	System.exit returned normally, while it was supposed to halt JVM.
QStory_2.6.3-release-restored\sources\androidx\recyclerview\widget\C3306.java	2287	recyclerView
QStory_2.6.3-release-restored\sources\androidx\recyclerview\widget\C3306.java	2288	viewHolder
QStory_2.6.3-release-restored\sources\androidx\recyclerview\widget\RunnableC3344.java	2288	viewHolder
QStory_2.6.3-release-restored\sources\androidx\fragment\app\C3191.java	1207	TroopUinList
QStory_2.6.3-release-restored\sources\androidx\fragment\app\C3191.java	1208	已保存 
QStory_2.6.3-release-restored\sources\androidx\fragment\app\C3191.java	1209	 个群聊
QStory_2.6.3-release-restored\sources\androidx\fragment\app\C3191.java	1207	TroopUinList
QStory_2.6.3-release-restored\sources\androidx\fragment\app\C3191.java	1208	已保存 
QStory_2.6.3-release-restored\sources\androidx\fragment\app\C3191.java	1209	 个群聊
QStory_2.6.3-release-restored\sources\androidx\fragment\app\C3191.java	1207	TroopUinList
QStory_2.6.3-release-restored\sources\androidx\fragment\app\C3191.java	1208	已保存 
QStory_2.6.3-release-restored\sources\androidx\fragment\app\C3191.java	1209	 个群聊
QStory_2.6.3-release-restored\sources\androidx\fragment\app\C3191.java	1559	null cannot be cast to non-null type kotlin.String
QStory_2.6.3-release-restored\sources\androidx\fragment\app\C3191.java	1560	null cannot be cast to non-null type kotlin.ByteArray
QStory_2.6.3-release-restored\sources\androidx\fragment\app\C3191.java	1561	trpc.msg.register_proxy.RegisterProxy.InfoSyncPush
QStory_2.6.3-release-restored\sources\androidx\fragment\app\C3191.java	311	trpc.msg.olpush.OlPushService.MsgPush
QStory_2.6.3-release-restored\sources\androidx\fragment\app\C3191.java	2186	getItemPath(...)
QStory_2.6.3-release-restored\sources\androidx\fragment\app\C3191.java	2186	getItemPath(...)
QStory_2.6.3-release-restored\sources\androidx\fragment\app\C3191.java	1901	substring(...)
QStory_2.6.3-release-restored\sources\androidx\fragment\app\C3191.java	773	[QStory]
QStory_2.6.3-release-restored\sources\androidx\fragment\app\C3191.java	1559	null cannot be cast to non-null type kotlin.String
QStory_2.6.3-release-restored\sources\androidx\fragment\app\C3191.java	1560	null cannot be cast to non-null type kotlin.ByteArray
QStory_2.6.3-release-restored\sources\androidx\fragment\app\C3191.java	1985	getDeclaredFields(...)
QStory_2.6.3-release-restored\sources\androidx\fragment\app\C3191.java	160	com.tencent.mobileqq.aio.msg.AIOMsgItem
QStory_2.6.3-release-restored\sources\androidx\fragment\app\C3191.java	1985	getDeclaredFields(...)
QStory_2.6.3-release-restored\sources\androidx\fragment\app\C3191.java	164	getMsgRecord
QStory_2.6.3-release-restored\sources\androidx\fragment\app\C3191.java	152	elements
QStory_2.6.3-release-restored\sources\androidx\fragment\app\C3191.java	338	elementType
QStory_2.6.3-release-restored\sources\androidx\fragment\app\C3191.java	247	getTextElement
QStory_2.6.3-release-restored\sources\androidx\fragment\app\C3191.java	339	getContent
QStory_2.6.3-release-restored\sources\androidx\fragment\app\C3191.java	1296	toString(...)
QStory_2.6.3-release-restored\sources\androidx\fragment\app\C3191.java	2190	修改消息
QStory_2.6.3-release-restored\sources\androidx\fragment\app\C3191.java	2191	已修改，滑动或重新打开会话后生效
QStory_2.6.3-release-restored\sources\androidx\fragment\app\C3191.java	160	com.tencent.mobileqq.aio.msg.AIOMsgItem
QStory_2.6.3-release-restored\sources\androidx\fragment\app\C3191.java	1985	getDeclaredFields(...)
QStory_2.6.3-release-restored\sources\androidx\fragment\app\C3191.java	2214	kotlin.Lazy
QStory_2.6.3-release-restored\sources\androidx\fragment\app\C3191.java	2215	getMethods(...)
QStory_2.6.3-release-restored\sources\androidx\fragment\app\C3191.java	2216	getValue
QStory_2.6.3-release-restored\sources\androidx\fragment\app\C3191.java	1820	getName(...)
QStory_2.6.3-release-restored\sources\androidx\fragment\app\C3191.java	2219	MultiForwardActivity
QStory_2.6.3-release-restored\sources\androidx\fragment\app\C3191.java	1543	null cannot be cast to non-null type android.view.View
QStory_2.6.3-release-restored\sources\androidx\fragment\app\C3191.java	2251	com.tencent.mobileqq.emosm.api.IFavroamingDBManagerService
QStory_2.6.3-release-restored\sources\androidx\fragment\app\C3191.java	2252	getEmoticonDataList
QStory_2.6.3-release-restored\sources\androidx\fragment\app\C3191.java	2253	emoticonDataList
QStory_2.6.3-release-restored\sources\androidx\fragment\app\C3191.java	602	getBusinessHandler
QStory_2.6.3-release-restored\sources\androidx\fragment\app\C3191.java	2247	com.tencent.mobileqq.app.FavEmoRoamingHandler
QStory_2.6.3-release-restored\sources\androidx\fragment\app\C3191.java	2254	deleteCustomEmotion
QStory_2.6.3-release-restored\sources\androidx\fragment\app\C3191.java	2255	cloneEmotionData
QStory_2.6.3-release-restored\sources\androidx\fragment\app\C3191.java	2256	insertCustomEmotion
QStory_2.6.3-release-restored\sources\androidx\fragment\app\C3191.java	2257	trimCache
QStory_2.6.3-release-restored\sources\androidx\fragment\app\C3191.java	2258	mInteractionListener
QStory_2.6.3-release-restored\sources\androidx\fragment\app\C3191.java	2260	tryGetEmoticonMainPanel
QStory_2.6.3-release-restored\sources\androidx\fragment\app\C3191.java	2261	updateFavEmoticonPanel
QStory_2.6.3-release-restored\sources\androidx\fragment\app\C3191.java	140	getPicElement
QStory_2.6.3-release-restored\sources\androidx\fragment\app\C3191.java	142	setSummary
QStory_2.6.3-release-restored\sources\androidx\fragment\app\C3191.java	151	com.tencent.qphone.base.util.QLog
QStory_2.6.3-release-restored\sources\androidx\fragment\app\C3191.java	160	com.tencent.mobileqq.aio.msg.AIOMsgItem
QStory_2.6.3-release-restored\sources\androidx\fragment\app\C3191.java	164	getMsgRecord
QStory_2.6.3-release-restored\sources\androidx\fragment\app\C3191.java	165	复制图链
QStory_2.6.3-release-restored\sources\androidx\fragment\app\C3191.java	247	getTextElement
QStory_2.6.3-release-restored\sources\androidx\fragment\app\C3191.java	243	time_format
QStory_2.6.3-release-restored\sources\androidx\fragment\app\C3191.java	160	com.tencent.mobileqq.aio.msg.AIOMsgItem
QStory_2.6.3-release-restored\sources\androidx\fragment\app\C3191.java	164	getMsgRecord
QStory_2.6.3-release-restored\sources\androidx\fragment\app\C3191.java	290	转卡片
QStory_2.6.3-release-restored\sources\androidx\fragment\app\C3191.java	247	getTextElement
QStory_2.6.3-release-restored\sources\androidx\fragment\app\C3191.java	340	setContent
QStory_2.6.3-release-restored\sources\androidx\fragment\app\C3191.java	521	Content-Length
QStory_2.6.3-release-restored\sources\androidx\fragment\app\C3191.java	522	当前下载的图片可能过大,已停止加载
QStory_2.6.3-release-restored\sources\androidx\fragment\app\C3191.java	164	getMsgRecord
QStory_2.6.3-release-restored\sources\androidx\fragment\app\C3191.java	152	elements
QStory_2.6.3-release-restored\sources\androidx\fragment\app\C3191.java	140	getPicElement
QStory_2.6.3-release-restored\sources\androidx\fragment\app\C3191.java	178	com.tencent.qqnt.kernel.nativeinterface.PicElement
QStory_2.6.3-release-restored\sources\androidx\fragment\app\C3191.java	1138	picHeight
QStory_2.6.3-release-restored\sources\androidx\fragment\app\C3191.java	1139	picWidth
QStory_2.6.3-release-restored\sources\androidx\fragment\app\C3191.java	2282	mPathPrefixList
QStory_2.6.3-release-restored\sources\androidx\fragment\app\C3191.java	1253	iterator(...)
QStory_2.6.3-release-restored\sources\androidx\fragment\app\C3191.java	1254	next(...)
QStory_2.6.3-release-restored\sources\androidx\fragment\app\RunnableC3179.java	477	pre_grap_token
QStory_2.6.3-release-restored\sources\androidx\fragment\app\RunnableC3179.java	1060	expectAmount
QStory_2.6.3-release-restored\sources\androidx\fragment\app\RunnableC3179.java	478	send_object
QStory_2.6.3-release-restored\sources\androidx\fragment\app\RunnableC3179.java	1079	total_amount
QStory_2.6.3-release-restored\sources\androidx\fragment\app\RunnableC3179.java	1078	total_num
QStory_2.6.3-release-restored\sources\androidx\fragment\app\RunnableC3179.java	260	跳广告错误:
QStory_2.6.3-release-restored\sources\androidx\fragment\app\RunnableC3179.java	3110	好友列表为空
QStory_2.6.3-release-restored\sources\androidx\fragment\app\RunnableC3179.java	3102	批量管理好友 (
QStory_2.6.3-release-restored\sources\androidx\fragment\app\RunnableC3179.java	3103	勾选需要删除的好友
QStory_2.6.3-release-restored\sources\androidx\core\view\C3099.java	3253	null cannot be cast to non-null type kotlin.Float
QStory_2.6.3-release-restored\sources\androidx\core\view\C3099.java	3253	null cannot be cast to non-null type kotlin.Float
QStory_2.6.3-release-restored\sources\androidx\core\view\C3114.java	2716	animation
QStory_2.6.3-release-restored\sources\androidx\core\view\C3114.java	2716	animation
QStory_2.6.3-release-restored\sources\androidx\compose\animation\C1272.java	1322	toLowerCase(...)
QStory_2.6.3-release-restored\sources\androidx\compose\animation\C1272.java	1322	toLowerCase(...)
QStory_2.6.3-release-restored\sources\androidx\compose\animation\C1272.java	1322	toLowerCase(...)
QStory_2.6.3-release-restored\sources\androidx\compose\animation\C1272.java	1322	toLowerCase(...)
QStory_2.6.3-release-restored\sources\androidx\compose\animation\C1272.java	1322	toLowerCase(...)
QStory_2.6.3-release-restored\sources\androidx\compose\animation\C1272.java	1322	toLowerCase(...)
QStory_2.6.3-release-restored\sources\androidx\compose\animation\C1272.java	1322	toLowerCase(...)
QStory_2.6.3-release-restored\sources\androidx\compose\animation\C1272.java	1322	toLowerCase(...)
QStory_2.6.3-release-restored\sources\androidx\compose\animation\C1272.java	1322	toLowerCase(...)
QStory_2.6.3-release-restored\sources\androidx\compose\animation\C1272.java	1322	toLowerCase(...)
QStory_2.6.3-release-restored\sources\androidx\compose\foundation\C1868.java	938	com.tencent.mobileqq.qroute.QRoute
QStory_2.6.3-release-restored\sources\androidx\compose\foundation\C1868.java	965	com.tencent.qqnt.msg.api.IMsgService
QStory_2.6.3-release-restored\sources\androidx\compose\foundation\C1868.java	889	com.tencent.qqnt.kernel.nativeinterface.MsgElement
QStory_2.6.3-release-restored\sources\androidx\compose\foundation\C1868.java	133	com.tencent.qqnt.kernel.nativeinterface.Contact
QStory_2.6.3-release-restored\sources\androidx\compose\foundation\C1868.java	2017	forward_multi_target
QStory_2.6.3-release-restored\sources\androidx\compose\foundation\C1868.java	1559	null cannot be cast to non-null type kotlin.String
QStory_2.6.3-release-restored\sources\androidx\compose\foundation\C1868.java	2018	PttForward: 发送线程异常: 
QStory_2.6.3-release-restored\sources\androidx\compose\foundation\C1898.java	2441	group_uin
QStory_2.6.3-release-restored\sources\androidx\compose\foundation\C1898.java	2443	user_uin
QStory_2.6.3-release-restored\sources\androidx\compose\foundation\C1898.java	2449	group_uin 和 user_uin 不能同时为空
QStory_2.6.3-release-restored\sources\androidx\compose\foundation\C1898.java	1188	发送成功
QStory_2.6.3-release-restored\sources\androidx\compose\foundation\C1898.java	3217	C64@2677L142,62@2614L205:QStoryTheme.kt#avp4iw
QStory_2.6.3-release-restored\sources\androidx\compose\foundation\C1931.java	2969	innerPadding
QStory_2.6.3-release-restored\sources\androidx\compose\foundation\C1931.java	2970	CN(innerPadding)87@3454L378,80@3172L660:MainScreen.kt#ndgvs9
QStory_2.6.3-release-restored\sources\androidx\compose\foundation\C1931.java	2962	CC(remember):MainScreen.kt#9igjgp
QStory_2.6.3-release-restored\sources\androidx\compose\foundation\C1931.java	2947	$this$Card
QStory_2.6.3-release-restored\sources\androidx\compose\foundation\C1931.java	2976	C155@5554L36,153@5480L124,159@5687L36,157@5617L120,163@5821L32,161@5750L117,167@5950L25,165@5880L109,171@6072L28,169@6002L112,175@6197L32,173@6127L116:MainScreen.kt#ndgvs9
QStory_2.6.3-release-restored\sources\androidx\compose\foundation\C1931.java	2978	Telegram
QStory_2.6.3-release-restored\sources\androidx\compose\foundation\C1931.java	2962	CC(remember):MainScreen.kt#9igjgp
QStory_2.6.3-release-restored\sources\androidx\compose\foundation\C1931.java	2594	下载地址
QStory_2.6.3-release-restored\sources\androidx\compose\foundation\C1931.java	2962	CC(remember):MainScreen.kt#9igjgp
QStory_2.6.3-release-restored\sources\androidx\compose\foundation\C1931.java	2979	LSP仓库
QStory_2.6.3-release-restored\sources\androidx\compose\foundation\C1931.java	2962	CC(remember):MainScreen.kt#9igjgp
QStory_2.6.3-release-restored\sources\androidx\compose\foundation\C1931.java	1355	历史公告
QStory_2.6.3-release-restored\sources\androidx\compose\foundation\C1931.java	2962	CC(remember):MainScreen.kt#9igjgp
QStory_2.6.3-release-restored\sources\androidx\compose\foundation\C1931.java	1356	更新日志
QStory_2.6.3-release-restored\sources\androidx\compose\foundation\C1931.java	2962	CC(remember):MainScreen.kt#9igjgp
QStory_2.6.3-release-restored\sources\androidx\compose\foundation\C1931.java	2980	使用教程
QStory_2.6.3-release-restored\sources\androidx\compose\foundation\C1931.java	2962	CC(remember):MainScreen.kt#9igjgp
QStory_2.6.3-release-restored\sources\androidx\compose\foundation\C1931.java	3011	$this$SettingCardContainer
QStory_2.6.3-release-restored\sources\androidx\compose\foundation\C1931.java	3012	C203@7779L29,201@7712L215:SettingListContent.kt#ndgvs9
QStory_2.6.3-release-restored\sources\androidx\compose\foundation\C1931.java	1323	getGroupName(...)
QStory_2.6.3-release-restored\sources\androidx\compose\foundation\C1931.java	3011	$this$SettingCardContainer
QStory_2.6.3-release-restored\sources\androidx\compose\foundation\C1931.java	3014	C227@8363L597:SettingListContent.kt#ndgvs9
QStory_2.6.3-release-restored\sources\androidx\compose\foundation\C1931.java	2950	CC(Row)N(modifier,horizontalArrangement,verticalAlignment,content)99@5125L58,100@5188L131:Row.kt#2w3rfo
QStory_2.6.3-release-restored\sources\androidx\compose\foundation\C1931.java	2909	CC(Layout)N(content,modifier,measurePolicy)81@3355L27,84@3521L415:Layout.kt#80mrfh
QStory_2.6.3-release-restored\sources\androidx\compose\foundation\C1931.java	2910	CC(ReusableComposeNode)N(factory,update,content)410@16187L9:Composables.kt#9igjgp
QStory_2.6.3-release-restored\sources\androidx\compose\foundation\C1931.java	1294	getItemName(...)
QStory_2.6.3-release-restored\sources\androidx\compose\foundation\C1931.java	3011	$this$SettingCardContainer
QStory_2.6.3-release-restored\sources\androidx\compose\foundation\C1931.java	3024	C368@12941L659:SettingListContent.kt#ndgvs9
QStory_2.6.3-release-restored\sources\androidx\compose\foundation\C1931.java	2913	CC(Column)N(modifier,verticalArrangement,horizontalAlignment,content)87@4443L61,88@4509L134:Column.kt#2w3rfo
QStory_2.6.3-release-restored\sources\androidx\compose\foundation\C1931.java	2909	CC(Layout)N(content,modifier,measurePolicy)81@3355L27,84@3521L415:Layout.kt#80mrfh
QStory_2.6.3-release-restored\sources\androidx\compose\foundation\C1931.java	2910	CC(ReusableComposeNode)N(factory,update,content)410@16187L9:Composables.kt#9igjgp
QStory_2.6.3-release-restored\sources\androidx\compose\foundation\C1931.java	3027	getLeftText(...)
QStory_2.6.3-release-restored\sources\androidx\compose\foundation\C1931.java	3028	383@13428L31,381@13357L219
QStory_2.6.3-release-restored\sources\androidx\compose\p001ui\platform\RunnableC2733.java	1292	刷新失败
QStory_2.6.3-release-restored\sources\androidx\compose\p001ui\platform\RunnableC2733.java	770	startTime
QStory_2.6.3-release-restored\sources\androidx\compose\p001ui\platform\RunnableC2733.java	771	正在解析\n
QStory_2.6.3-release-restored\sources\androidx\compose\p001ui\platform\RunnableC2733.java	772	所有方法查找完成 准备保存与重启
QStory_2.6.3-release-restored\sources\androidx\compose\p001ui\platform\RunnableC2733.java	769	MethodCache
QStory_2.6.3-release-restored\sources\androidx\compose\p001ui\platform\RunnableC2733.java	767	moduleVersionAndHostAppVersion
QStory_2.6.3-release-restored\sources\androidx\compose\p001ui\platform\RunnableC2733.java	1271	F621AA19C7A5F139F315853F40A7E24F
QStory_2.6.3-release-restored\sources\androidx\compose\p001ui\platform\RunnableC2733.java	1272	[QS]模块遭到篡改 请重新下载
QStory_2.6.3-release-restored\sources\androidx\compose\p001ui\platform\RunnableC2733.java	1168	yyyy-MM-dd
QStory_2.6.3-release-restored\sources\androidx\compose\p001ui\platform\RunnableC2733.java	946	qzone.qq.com
QStory_2.6.3-release-restored\sources\androidx\compose\p001ui\platform\RunnableC2733.java	1187	QStory每日打卡:
QStory_2.6.3-release-restored\sources\androidx\compose\p001ui\platform\RunnableC2733.java	1188	发送成功
QStory_2.6.3-release-restored\sources\androidx\compose\p001ui\platform\RunnableC2733.java	1170	AutoSendQZOne
QStory_2.6.3-release-restored\sources\androidx\compose\p001ui\platform\RunnableC2733.java	1189	发送QQ空间异常
QStory_2.6.3-release-restored\sources\androidx\compose\p001ui\platform\RunnableC2733.java	1190	发送QQ空间异常:
QStory_2.6.3-release-restored\sources\androidx\compose\p001ui\platform\RunnableC2733.java	1820	getName(...)
QStory_2.6.3-release-restored\sources\androidx\compose\p001ui\platform\RunnableC2733.java	1322	toLowerCase(...)
QStory_2.6.3-release-restored\sources\androidx\compose\p001ui\platform\RunnableC2733.java	2770	正在整理 (
QStory_2.6.3-release-restored\sources\androidx\compose\p001ui\platform\RunnableC2733.java	2767	表情目录不存在
QStory_2.6.3-release-restored\sources\androidx\compose\p001ui\platform\RunnableC2733.java	2768	没有找到表情文件
QStory_2.6.3-release-restored\sources\androidx\compose\p001ui\platform\RunnableC2733.java	2769	所有表情文件都已有后缀，无需整理
QStory_2.6.3-release-restored\sources\androidx\compose\p001ui\platform\RunnableC2733.java	1490	user_info
QStory_2.6.3-release-restored\sources\androidx\compose\p001ui\platform\RunnableC2733.java	3152	onPaySuccess
QStory_2.6.3-release-restored\sources\androidx\compose\p001ui\platform\RunnableC2733.java	3150	更新用户信息成功
QStory_2.6.3-release-restored\sources\androidx\compose\p001ui\platform\RunnableC2733.java	3151	更新用户信息失败,请重新刷新
QStory_2.6.3-release-restored\sources\androidx\compose\p001ui\semantics\C2769.java	1322	toLowerCase(...)
QStory_2.6.3-release-restored\sources\androidx\compose\p001ui\semantics\C2769.java	1322	toLowerCase(...)
QStory_2.6.3-release-restored\sources\androidx\compose\material\ripple\RunnableC1945.java	1092	https://suzhelan.top/api/pan/direct/private/如果有人能懂我的忧郁.txt
QStory_2.6.3-release-restored\sources\androidx\compose\material\ripple\RunnableC1945.java	2218	+1图标初始化完毕
QStory_2.6.3-release-restored\sources\androidx\compose\material\ripple\RunnableC1945.java	190	https://gitee.com/suzhelan/test/raw/master/DefaultEmoticon.zip
QStory_2.6.3-release-restored\sources\androidx\compose\material\ripple\RunnableC1945.java	191	/emotion.zip
QStory_2.6.3-release-restored\sources\androidx\compose\material\ripple\RunnableC1945.java	1168	yyyy-MM-dd
QStory_2.6.3-release-restored\sources\androidx\compose\material\ripple\RunnableC1945.java	1169	last_like_date
QStory_2.6.3-release-restored\sources\androidx\compose\material\ripple\RunnableC1945.java	946	qzone.qq.com
QStory_2.6.3-release-restored\sources\androidx\compose\material\ripple\RunnableC1945.java	1169	last_like_date
QStory_2.6.3-release-restored\sources\androidx\compose\material\ripple\RunnableC1945.java	1170	AutoSendQZOne
QStory_2.6.3-release-restored\sources\androidx\compose\material\ripple\RunnableC1945.java	1171	定时任务异常
QStory_2.6.3-release-restored\sources\androidx\compose\material\ripple\RunnableC1945.java	1168	yyyy-MM-dd
QStory_2.6.3-release-restored\sources\androidx\compose\material\ripple\RunnableC1945.java	1186	last_send_date
QStory_2.6.3-release-restored\sources\androidx\compose\material\ripple\RunnableC1945.java	946	qzone.qq.com
QStory_2.6.3-release-restored\sources\androidx\compose\material\ripple\RunnableC1945.java	1187	QStory每日打卡:
QStory_2.6.3-release-restored\sources\androidx\compose\material\ripple\RunnableC1945.java	1186	last_send_date
QStory_2.6.3-release-restored\sources\androidx\compose\material\ripple\RunnableC1945.java	1170	AutoSendQZOne
QStory_2.6.3-release-restored\sources\androidx\compose\material\ripple\RunnableC1945.java	1171	定时任务异常
QStory_2.6.3-release-restored\sources\androidx\compose\material\ripple\RunnableC1945.java	1092	https://suzhelan.top/api/pan/direct/private/如果有人能懂我的忧郁.txt
QStory_2.6.3-release-restored\sources\androidx\compose\foundation\draganddrop\AbstractC1298.java	2815	com.tencent.biz.ProtoServlet
QStory_2.6.3-release-restored\sources\androidx\compose\foundation\draganddrop\AbstractC1298.java	2816	com.tencent.biz.m
QStory_2.6.3-release-restored\sources\androidx\compose\foundation\draganddrop\AbstractC1298.java	422	mqq.observer.BusinessObserver
QStory_2.6.3-release-restored\sources\androidx\compose\foundation\draganddrop\AbstractC1298.java	401	mqq.app.NewIntent
QStory_2.6.3-release-restored\sources\androidx\compose\foundation\draganddrop\AbstractC1298.java	1918	null cannot be cast to non-null type android.content.Intent
QStory_2.6.3-release-restored\sources\androidx\compose\foundation\draganddrop\AbstractC1298.java	421	setObserver
QStory_2.6.3-release-restored\sources\androidx\compose\foundation\draganddrop\AbstractC1298.java	422	mqq.observer.BusinessObserver
QStory_2.6.3-release-restored\sources\androidx\compose\foundation\draganddrop\AbstractC1298.java	1582	newProxyInstance(...)
QStory_2.6.3-release-restored\sources\androidx\compose\foundation\draganddrop\AbstractC1298.java	423	startServlet
QStory_2.6.3-release-restored\sources\androidx\compose\foundation\draganddrop\AbstractC1298.java	5	/data/list/
QStory_2.6.3-release-restored\sources\androidx\compose\foundation\layout\C1433.java	3215	C66@2738L11,65@2691L118:QStoryTheme.kt#avp4iw
QStory_2.6.3-release-restored\sources\androidx\compose\foundation\layout\C1481.java	2967	C72@2877L41,71@2842L139:MainScreen.kt#ndgvs9
QStory_2.6.3-release-restored\sources\androidx\compose\foundation\layout\C1481.java	1293	<unused var>
QStory_2.6.3-release-restored\sources\androidx\compose\foundation\layout\C1482.java	2966	$this$LazyColumn
QStory_2.6.3-release-restored\sources\androidx\compose\foundation\lazy\C1594.java	2871	C25@862L12:NewMainActivity.kt#itusog
QStory_2.6.3-release-restored\sources\androidx\compose\foundation\lazy\C1594.java	2941	C60@2666L44:MainScreen.kt#ndgvs9
QStory_2.6.3-release-restored\sources\androidx\compose\foundation\lazy\C1597.java	2337	$this$jsonArray
QStory_2.6.3-release-restored\sources\androidx\compose\foundation\lazy\C1604.java	1292	刷新失败
QStory_2.6.3-release-restored\sources\androidx\compose\foundation\text\C1819.java	3090	C68@2827L26,69@2892L2,64@2676L3399:UserDialog.kt#ndgvs9
QStory_2.6.3-release-restored\sources\androidx\compose\foundation\text\C1819.java	3177	C(<get-QStoryDialogContainerColor>)163@5089L7:Color.kt#avp4iw
QStory_2.6.3-release-restored\sources\androidx\compose\foundation\text\C1819.java	2961	CC(<get-current>):CompositionLocal.kt#9igjgp
QStory_2.6.3-release-restored\sources\androidx\compose\foundation\text\C1819.java	3077	CC(remember):UserDialog.kt#9igjgp
QStory_2.6.3-release-restored\sources\androidx\compose\foundation\text\C1819.java	2908	CC(Box)N(modifier,contentAlignment,propagateMinConstraints,content)71@3424L131:Box.kt#2w3rfo
QStory_2.6.3-release-restored\sources\androidx\compose\foundation\text\C1819.java	2909	CC(Layout)N(content,modifier,measurePolicy)81@3355L27,84@3521L415:Layout.kt#80mrfh
QStory_2.6.3-release-restored\sources\androidx\compose\foundation\text\C1819.java	2910	CC(ReusableComposeNode)N(factory,update,content)410@16187L9:Composables.kt#9igjgp
QStory_2.6.3-release-restored\sources\androidx\compose\foundation\text\C1819.java	3093	78@3206L23,73@2988L301
QStory_2.6.3-release-restored\sources\androidx\compose\foundation\text\C1819.java	2913	CC(Column)N(modifier,verticalArrangement,horizontalAlignment,content)87@4443L61,88@4509L134:Column.kt#2w3rfo
QStory_2.6.3-release-restored\sources\androidx\compose\foundation\text\C1819.java	2909	CC(Layout)N(content,modifier,measurePolicy)81@3355L27,84@3521L415:Layout.kt#80mrfh
QStory_2.6.3-release-restored\sources\androidx\compose\foundation\text\C1819.java	2910	CC(ReusableComposeNode)N(factory,update,content)410@16187L9:Composables.kt#9igjgp
QStory_2.6.3-release-restored\sources\androidx\compose\foundation\text\C1819.java	3095	89@3530L26
QStory_2.6.3-release-restored\sources\androidx\compose\foundation\text\C1819.java	3189	C(<get-QStoryUserVipIdentityColor>)181@5799L7:Color.kt#avp4iw
QStory_2.6.3-release-restored\sources\androidx\compose\foundation\text\C1819.java	2961	CC(<get-current>):CompositionLocal.kt#9igjgp
QStory_2.6.3-release-restored\sources\androidx\compose\foundation\text\C1819.java	3096	91@3610L29
QStory_2.6.3-release-restored\sources\androidx\compose\foundation\text\C1819.java	3097	102@4100L29
QStory_2.6.3-release-restored\sources\androidx\compose\foundation\text\C1819.java	3098	104@4183L20
QStory_2.6.3-release-restored\sources\androidx\compose\foundation\text\C1819.java	1283	赞助到期时间:
QStory_2.6.3-release-restored\sources\androidx\compose\foundation\text\C1819.java	1289	未赞助
QStory_2.6.3-release-restored\sources\androidx\compose\foundation\text\C1819.java	1168	yyyy-MM-dd
QStory_2.6.3-release-restored\sources\androidx\compose\foundation\text\C1819.java	1290	format(...)
QStory_2.6.3-release-restored\sources\androidx\compose\foundation\text\C1819.java	1485	赞助作者
QStory_2.6.3-release-restored\sources\androidx\compose\foundation\text\C1819.java	3077	CC(remember):UserDialog.kt#9igjgp
QStory_2.6.3-release-restored\sources\androidx\compose\foundation\text\C1819.java	1486	刷新用户信息
QStory_2.6.3-release-restored\sources\androidx\compose\foundation\text\C1819.java	3077	CC(remember):UserDialog.kt#9igjgp
QStory_2.6.3-release-restored\sources\androidx\compose\foundation\text\C1822.java	2939	CN(it)61@2689L11:MainScreen.kt#ndgvs9
QStory_2.6.3-release-restored\sources\androidx\compose\foundation\text\C1822.java	2943	$this$item
QStory_2.6.3-release-restored\sources\androidx\compose\foundation\text\C1822.java	2944	C89@3491L317:MainScreen.kt#ndgvs9
QStory_2.6.3-release-restored\sources\androidx\compose\foundation\text\C1822.java	2913	CC(Column)N(modifier,verticalArrangement,horizontalAlignment,content)87@4443L61,88@4509L134:Column.kt#2w3rfo
QStory_2.6.3-release-restored\sources\androidx\compose\foundation\text\C1822.java	2909	CC(Layout)N(content,modifier,measurePolicy)81@3355L27,84@3521L415:Layout.kt#80mrfh
QStory_2.6.3-release-restored\sources\androidx\compose\foundation\text\C1822.java	2910	CC(ReusableComposeNode)N(factory,update,content)410@16187L9:Composables.kt#9igjgp
QStory_2.6.3-release-restored\sources\androidx\compose\foundation\text\C1822.java	2947	$this$Card
QStory_2.6.3-release-restored\sources\androidx\compose\foundation\text\C1822.java	2948	C111@4136L1162:MainScreen.kt#ndgvs9
QStory_2.6.3-release-restored\sources\androidx\compose\foundation\text\C1822.java	2950	CC(Row)N(modifier,horizontalArrangement,verticalAlignment,content)99@5125L58,100@5188L131:Row.kt#2w3rfo
QStory_2.6.3-release-restored\sources\androidx\compose\foundation\text\C1822.java	2909	CC(Layout)N(content,modifier,measurePolicy)81@3355L27,84@3521L415:Layout.kt#80mrfh
QStory_2.6.3-release-restored\sources\androidx\compose\foundation\text\C1822.java	2910	CC(ReusableComposeNode)N(factory,update,content)410@16187L9:Composables.kt#9igjgp
QStory_2.6.3-release-restored\sources\androidx\compose\foundation\text\C1822.java	2913	CC(Column)N(modifier,verticalArrangement,horizontalAlignment,content)87@4443L61,88@4509L134:Column.kt#2w3rfo
QStory_2.6.3-release-restored\sources\androidx\compose\foundation\text\C1822.java	2909	CC(Layout)N(content,modifier,measurePolicy)81@3355L27,84@3521L415:Layout.kt#80mrfh
QStory_2.6.3-release-restored\sources\androidx\compose\foundation\text\C1822.java	2910	CC(ReusableComposeNode)N(factory,update,content)410@16187L9:Composables.kt#9igjgp
QStory_2.6.3-release-restored\sources\androidx\compose\foundation\text\C1822.java	2954	QQ 功能性 Xposed 模块
QStory_2.6.3-release-restored\sources\androidx\compose\foundation\text\C1822.java	736	yyyy-MM-dd HH:mm:ss
QStory_2.6.3-release-restored\sources\androidx\compose\foundation\text\C1822.java	2432	configName
QStory_2.6.3-release-restored\sources\androidx\compose\foundation\text\C1822.java	2432	configName
QStory_2.6.3-release-restored\sources\androidx\compose\foundation\text\C1822.java	2432	configName
QStory_2.6.3-release-restored\sources\androidx\compose\foundation\text\C1822.java	2432	configName
QStory_2.6.3-release-restored\sources\androidx\compose\foundation\text\C1822.java	2432	configName
QStory_2.6.3-release-restored\sources\androidx\compose\foundation\text\C1822.java	2432	configName
QStory_2.6.3-release-restored\sources\androidx\compose\foundation\text\C1822.java	2432	configName
QStory_2.6.3-release-restored\sources\androidx\compose\foundation\text\C1822.java	2377	default_value
QStory_2.6.3-release-restored\sources\androidx\compose\foundation\text\C1822.java	2432	configName
QStory_2.6.3-release-restored\sources\androidx\compose\foundation\text\C1822.java	2432	configName
QStory_2.6.3-release-restored\sources\androidx\compose\foundation\text\C1822.java	2432	configName
QStory_2.6.3-release-restored\sources\androidx\compose\foundation\text\C1822.java	2432	configName
QStory_2.6.3-release-restored\sources\androidx\compose\foundation\text\C1822.java	1361	groupUin
QStory_2.6.3-release-restored\sources\androidx\compose\foundation\text\C1822.java	1361	groupUin
QStory_2.6.3-release-restored\sources\androidx\compose\foundation\text\C1822.java	1361	groupUin
QStory_2.6.3-release-restored\sources\androidx\compose\foundation\text\C1822.java	1361	groupUin
QStory_2.6.3-release-restored\sources\androidx\compose\foundation\text\C1822.java	1361	groupUin
QStory_2.6.3-release-restored\sources\androidx\compose\foundation\text\C1822.java	2577	cardText
QStory_2.6.3-release-restored\sources\androidx\compose\foundation\text\C1822.java	1361	groupUin
QStory_2.6.3-release-restored\sources\androidx\compose\foundation\text\contextmenu\provider\C1668.java	2902	$this$AnimatedContent
QStory_2.6.3-release-restored\sources\androidx\compose\foundation\lazy\layout\C1520.java	1293	<unused var>
QStory_2.6.3-release-restored\sources\androidx\compose\foundation\lazy\layout\C1520.java	178	com.tencent.qqnt.kernel.nativeinterface.PicElement
QStory_2.6.3-release-restored\sources\androidx\compose\foundation\lazy\layout\C1520.java	282	picElement
QStory_2.6.3-release-restored\sources\androidx\compose\foundation\lazy\layout\C1520.java	364	[动画表情]
QStory_2.6.3-release-restored\sources\androidx\compose\foundation\lazy\layout\C1520.java	141	emojiFrom
QStory_2.6.3-release-restored\sources\androidx\compose\foundation\lazy\layout\C1520.java	2726	发送表情失败: 
QStory_2.6.3-release-restored\sources\androidx\appcompat\app\C0955.java	6	/data/plugin/
QStory_2.6.3-release-restored\sources\androidx\appcompat\app\RunnableC0909.java	82	getActivity
QStory_2.6.3-release-restored\sources\androidx\appcompat\app\RunnableC0909.java	83	com.tencent.mobileqq.widget.FormSimpleItem
QStory_2.6.3-release-restored\sources\androidx\appcompat\app\RunnableC0909.java	85	没有获取到父布局
QStory_2.6.3-release-restored\sources\androidx\appcompat\app\RunnableC0909.java	86	setLeftText
QStory_2.6.3-release-restored\sources\androidx\appcompat\app\RunnableC0909.java	87	setRightText
QStory_2.6.3-release-restored\sources\androidx\appcompat\app\RunnableC0909.java	84	反射获取布局异常 \n
QStory_2.6.3-release-restored\sources\androidx\appcompat\app\RunnableC0909.java	88	设置入口项没有成功注入
QStory_2.6.3-release-restored\sources\androidx\appcompat\app\RunnableC0946.java	1059	replyDelay
QStory_2.6.3-release-restored\sources\androidx\appcompat\app\RunnableC0946.java	1058	replyText
QStory_2.6.3-release-restored\sources\androidx\appcompat\app\RunnableC0946.java	575	语音已保存
QStory_2.6.3-release-restored\sources\androidx\appcompat\app\RunnableC0946.java	78	主线程闪退已拦截
QStory_2.6.3-release-restored\sources\androidx\appcompat\app\RunnableC0946.java	98	子线程闪退已拦截
QStory_2.6.3-release-restored\sources\androidx\appcompat\app\RunnableC0946.java	289	图转卡
QStory_2.6.3-release-restored\sources\androidx\appcompat\app\RunnableC0946.java	293	正在签名 请不要离开聊天窗口...
QStory_2.6.3-release-restored\sources\androidx\appcompat\app\RunnableC0946.java	294	https://api.lzlnb.cn/api/ark?url=
QStory_2.6.3-release-restored\sources\androidx\appcompat\app\RunnableC0946.java	295	send ark
QStory_2.6.3-release-restored\sources\androidx\appcompat\app\RunnableC0946.java	296	签名失败
QStory_2.6.3-release-restored\sources\androidx\appcompat\app\RunnableC0946.java	295	send ark
QStory_2.6.3-release-restored\sources\androidx\appcompat\app\RunnableC0946.java	484	msgRandom
QStory_2.6.3-release-restored\sources\androidx\appcompat\app\RunnableC0946.java	485	clientSeq
QStory_2.6.3-release-restored\sources\androidx\appcompat\app\RunnableC0946.java	453	authkey=
QStory_2.6.3-release-restored\sources\androidx\appcompat\app\RunnableC0946.java	486	&agreement=0&groupid=
QStory_2.6.3-release-restored\sources\androidx\appcompat\app\RunnableC0946.java	462	&channel=
QStory_2.6.3-release-restored\sources\androidx\appcompat\app\RunnableC0946.java	466	&listid=
QStory_2.6.3-release-restored\sources\androidx\appcompat\app\RunnableC0946.java	394	&skey_type=
QStory_2.6.3-release-restored\sources\androidx\appcompat\app\RunnableC0946.java	467	&grouptype=
QStory_2.6.3-release-restored\sources\androidx\appcompat\app\RunnableC0946.java	487	&answer=
QStory_2.6.3-release-restored\sources\androidx\appcompat\app\RunnableC0946.java	468	&groupuin=
QStory_2.6.3-release-restored\sources\androidx\appcompat\app\RunnableC0946.java	488	&msg_id=
QStory_2.6.3-release-restored\sources\androidx\appcompat\app\RunnableC0946.java	489	&msg_md5=
QStory_2.6.3-release-restored\sources\androidx\appcompat\app\RunnableC0946.java	490	&msg_seq=
QStory_2.6.3-release-restored\sources\androidx\appcompat\app\RunnableC0946.java	491	报错口令红包打开
QStory_2.6.3-release-restored\sources\androidx\appcompat\app\RunnableC0946.java	1212	CheckedTroopsToday
QStory_2.6.3-release-restored\sources\androidx\appcompat\app\RunnableC0946.java	1212	CheckedTroopsToday
QStory_2.6.3-release-restored\sources\androidx\appcompat\app\RunnableC0946.java	1212	CheckedTroopsToday
QStory_2.6.3-release-restored\sources\androidx\appcompat\app\RunnableC0946.java	1212	CheckedTroopsToday
QStory_2.6.3-release-restored\sources\androidx\appcompat\app\RunnableC0946.java	1212	CheckedTroopsToday
QStory_2.6.3-release-restored\sources\androidx\appcompat\app\RunnableC0946.java	1212	CheckedTroopsToday
QStory_2.6.3-release-restored\sources\androidx\appcompat\app\RunnableC0947.java	2862	Nickname
QStory_2.6.3-release-restored\sources\androidx\appcompat\app\RunnableC0947.java	2863	ClientCity
QStory_2.6.3-release-restored\sources\androidx\appcompat\app\RunnableC0947.java	1411	callback
QStory_2.6.3-release-restored\sources\androidx\appcompat\app\RunnableC0947.java	2864	Location
QStory_2.6.3-release-restored\sources\androidx\appcompat\app\RunnableC0947.java	2866	commitInfo
QStory_2.6.3-release-restored\sources\androidx\appcompat\app\ViewOnClickListenerC0917.java	1909	msgRecord
QStory_2.6.3-release-restored\sources\androidx\appcompat\app\ViewOnClickListenerC0917.java	152	elements
QStory_2.6.3-release-restored\sources\androidx\appcompat\app\ViewOnClickListenerC0917.java	1588	getField(...)
QStory_2.6.3-release-restored\sources\androidx\appcompat\app\ViewOnClickListenerC0917.java	2206	doubleClick
QStory_2.6.3-release-restored\sources\androidx\appcompat\app\ViewOnClickListenerC0917.java	1253	iterator(...)
QStory_2.6.3-release-restored\sources\androidx\appcompat\app\ViewOnClickListenerC0917.java	338	elementType
QStory_2.6.3-release-restored\sources\androidx\activity\compose\C0849.java	2966	$this$LazyColumn
QStory_2.6.3-release-restored\sources\androidx\activity\compose\C0849.java	3089	refreshedUser
QStory_2.6.3-release-restored\sources\androidx\activity\compose\C0849.java	1291	已刷新
QStory_2.6.3-release-restored\sources\androidx\activity\compose\C0849.java	3099	imageView
QStory_2.6.3-release-restored\sources\androidx\activity\compose\C0849.java	1134	http://q.qlogo.cn/headimg_dl?dst_uin=
QStory_2.6.3-release-restored\sources\androidx\activity\compose\C0849.java	1135	&spec=640&img_type=jpg
QStory_2.6.3-release-restored\sources\androidx\activity\compose\C0849.java	13	activity
QStory_2.6.3-release-restored\sources\androidx\activity\compose\C0849.java	1325	directory:
QStory_2.6.3-release-restored\sources\androidx\activity\compose\C0849.java	1325	directory:
QStory_2.6.3-release-restored\sources\androidx\activity\compose\C0849.java	1306	getSupportFragmentManager(...)
QStory_2.6.3-release-restored\sources\androidx\activity\compose\C0849.java	1325	directory:
QStory_2.6.3-release-restored\sources\androidx\activity\compose\C0849.java	1326	directory_fallback:
QStory_2.6.3-release-restored\sources\androidx\activity\compose\C0849.java	1307	beginTransaction(...)
QStory_2.6.3-release-restored\sources\androidx\activity\compose\C0849.java	1306	getSupportFragmentManager(...)
QStory_2.6.3-release-restored\sources\bsh\C3494.java		errMsg
QStory_2.6.3-release-restored\sources\bsh\C3494.java		msgList
QStory_2.6.3-release-restored\sources\bsh\C3494.java		args
QStory_2.6.3-release-restored\sources\bsh\C3494.java		retMsg
QStory_2.6.3-release-restored\sources\bsh\C3494.java		get
QStory_2.6.3-release-restored\sources\bsh\C3494.java		retCode
QStory_2.6.3-release-restored\sources\bsh\C3494.java		get
QStory_2.6.3-release-restored\sources\bsh\C3494.java		rspBody
QStory_2.6.3-release-restored\sources\bsh\C3494.java		get
QStory_2.6.3-release-restored\sources\bsh\C3494.java		retcode
QStory_2.6.3-release-restored\sources\bsh\C3494.java		args
QStory_2.6.3-release-restored\sources\bsh\C3494.java		retMsg
QStory_2.6.3-release-restored\sources\bsh\C3494.java		get
QStory_2.6.3-release-restored\sources\bsh\C3494.java		retCode
QStory_2.6.3-release-restored\sources\bsh\C3494.java		get
QStory_2.6.3-release-restored\sources\bsh\C3494.java		rspText
QStory_2.6.3-release-restored\sources\bsh\C3494.java		get
QStory_2.6.3-release-restored\sources\bsh\C3494.java		decypt
QStory_2.6.3-release-restored\sources\bsh\C3494.java		get
QStory_2.6.3-release-restored\sources\bsh\C3494.java		rspText
QStory_2.6.3-release-restored\sources\bsh\C3494.java		decypt
QStory_2.6.3-release-restored\sources\p022\C6946.java		list
QStory_2.6.3-release-restored\sources\p022\C6947.java		TAG
QStory_2.6.3-release-restored\sources\p022\C6947.java		list
QStory_2.6.3-release-restored\sources\p024\ViewOnClickListenerC6987.java		提示
QStory_2.6.3-release-restored\sources\p024\ViewOnClickListenerC6987.java		无
QStory_2.6.3-release-restored\sources\p024\ViewOnClickListenerC6987.java		标签:
QStory_2.6.3-release-restored\sources\p025\C6989.java		binding
QStory_2.6.3-release-restored\sources\p025\C6990.java		binding
QStory_2.6.3-release-restored\sources\p025\C6991.java		binding
QStory_2.6.3-release-restored\sources\p025\C6992.java		holder
QStory_2.6.3-release-restored\sources\p025\C6992.java		holder
QStory_2.6.3-release-restored\sources\p025\C6992.java		holder
QStory_2.6.3-release-restored\sources\p025\C6992.java		holder
QStory_2.6.3-release-restored\sources\p025\C6992.java		context
QStory_2.6.3-release-restored\sources\p025\C6992.java		parent
QStory_2.6.3-release-restored\sources\p025\C6992.java		context
QStory_2.6.3-release-restored\sources\p025\C6992.java		parent
QStory_2.6.3-release-restored\sources\p025\C6992.java		context
QStory_2.6.3-release-restored\sources\p025\C6992.java		parent
QStory_2.6.3-release-restored\sources\p025\C6992.java		context
QStory_2.6.3-release-restored\sources\p025\C6992.java		parent
QStory_2.6.3-release-restored\sources\p025\C6998.java		results
QStory_2.6.3-release-restored\sources\p025\C6998.java		parent
QStory_2.6.3-release-restored\sources\p025\C6998.java		holder
QStory_2.6.3-release-restored\sources\p025\C6998.java		功能
QStory_2.6.3-release-restored\sources\p025\C6998.java		目录
QStory_2.6.3-release-restored\sources\p025\C6998.java		分组
QStory_2.6.3-release-restored\sources\p025\C6999.java		::
QStory_2.6.3-release-restored\sources\p025\C6999.java		history
QStory_2.6.3-release-restored\sources\p025\C6999.java		keyword
QStory_2.6.3-release-restored\sources\p025\C6999.java		main
QStory_2.6.3-release-restored\sources\p025\C6999.java		目录
QStory_2.6.3-release-restored\sources\p025\C6999.java		keyword
QStory_2.6.3-release-restored\sources\p025\C6999.java		history
QStory_2.6.3-release-restored\sources\p025\C6999.java		history
QStory_2.6.3-release-restored\sources\p025\C6999.java		::
QStory_2.6.3-release-restored\sources\p025\C7007.java		view
QStory_2.6.3-release-restored\sources\p025\C7008.java		binding
QStory_2.6.3-release-restored\sources\p026\AbstractC7016.java		年0
QStory_2.6.3-release-restored\sources\p026\AbstractC7016.java		年0
QStory_2.6.3-release-restored\sources\p026\AbstractC7016.java		年
QStory_2.6.3-release-restored\sources\p026\AbstractC7016.java		月0
QStory_2.6.3-release-restored\sources\p026\AbstractC7016.java		月0
QStory_2.6.3-release-restored\sources\p026\AbstractC7016.java		月
QStory_2.6.3-release-restored\sources\p026\AbstractC7016.java		周
QStory_2.6.3-release-restored\sources\p026\AbstractC7016.java		周
QStory_2.6.3-release-restored\sources\p026\AbstractC7016.java		星期
QStory_2.6.3-release-restored\sources\p026\AbstractC7016.java		 = 
QStory_2.6.3-release-restored\sources\p026\AbstractC7016.java		 = 
QStory_2.6.3-release-restored\sources\p026\AbstractC7016.java		   
QStory_2.6.3-release-restored\sources\p026\AbstractC7016.java		 = 
QStory_2.6.3-release-restored\sources\p026\AbstractC7016.java		   
QStory_2.6.3-release-restored\sources\p026\AbstractC7016.java		\n\n\n
QStory_2.6.3-release-restored\sources\p026\AbstractC7016.java		.java
QStory_2.6.3-release-restored\sources\p026\AbstractC7016.java		static
QStory_2.6.3-release-restored\sources\p026\AbstractC7016.java		length:
QStory_2.6.3-release-restored\sources\p026\AbstractC7016.java		.java
QStory_2.6.3-release-restored\sources\p026\AbstractC7017.java		/Log/
QStory_2.6.3-release-restored\sources\p026\AbstractC7017.java		2.6.3
QStory_2.6.3-release-restored\sources\p026\AbstractC7017.java		TAG
QStory_2.6.3-release-restored\sources\p026\AbstractC7017.java		未知
QStory_2.6.3-release-restored\sources\p026\AbstractC7017.java		RunLog
QStory_2.6.3-release-restored\sources\p026\AbstractC7017.java		.txt
QStory_2.6.3-release-restored\sources\p026\AbstractC7017.java		\n\n
QStory_2.6.3-release-restored\sources\p026\AbstractC7017.java		年0
QStory_2.6.3-release-restored\sources\p026\AbstractC7017.java		年0
QStory_2.6.3-release-restored\sources\p026\AbstractC7017.java		年
QStory_2.6.3-release-restored\sources\p026\AbstractC7017.java		月0
QStory_2.6.3-release-restored\sources\p026\AbstractC7017.java		月0
QStory_2.6.3-release-restored\sources\p026\AbstractC7017.java		月
QStory_2.6.3-release-restored\sources\p026\AbstractC7017.java		周
QStory_2.6.3-release-restored\sources\p026\AbstractC7017.java		周
QStory_2.6.3-release-restored\sources\p026\AbstractC7017.java		星期
QStory_2.6.3-release-restored\sources\p026\C7018.java		%02X
QStory_2.6.3-release-restored\sources\p026\C7018.java		hex->
QStory_2.6.3-release-restored\sources\p026\C7018.java		hex->
QStory_2.6.3-release-restored\sources\p026\RunnableC7015.java		window
QStory_2.6.3-release-restored\sources\p026\RunnableC7015.java		Uin
QStory_2.6.3-release-restored\sources\p026\RunnableC7015.java		Ip
QStory_2.6.3-release-restored\sources\p026\RunnableC7015.java		Lt
QStory_2.6.3-release-restored\sources\p026\RunnableC7015.java		UserUin
QStory_2.6.3-release-restored\sources\p026\RunnableC7015.java		_time
QStory_2.6.3-release-restored\sources\p035\C7092.java		msg
QStory_2.6.3-release-restored\sources\p035\C7092.java		bizType
QStory_2.6.3-release-restored\sources\p038\AbstractC7125.java		show x
QStory_2.6.3-release-restored\sources\p038\AbstractC7125.java		show y
QStory_2.6.3-release-restored\sources\p038\AbstractC7125.java		show x
QStory_2.6.3-release-restored\sources\p038\AbstractC7125.java		show y
QStory_2.6.3-release-restored\sources\p038\AbstractC7135.java		/Voice/
QStory_2.6.3-release-restored\sources\p038\AbstractC7135.java		#000000
QStory_2.6.3-release-restored\sources\p038\AbstractC7135.java		删除
QStory_2.6.3-release-restored\sources\p038\C7129.java		保存
QStory_2.6.3-release-restored\sources\p038\C7129.java		思考
QStory_2.6.3-release-restored\sources\p046\AbstractC7151.java		2.6.3
QStory_2.6.3-release-restored\sources\p048\C7157.java		p0
QStory_2.6.3-release-restored\sources\p048\C7157.java		p1
QStory_2.6.3-release-restored\sources\p048\C7157.java		p0
QStory_2.6.3-release-restored\sources\p048\C7157.java		p1
QStory_2.6.3-release-restored\sources\p048\C7157.java		call
QStory_2.6.3-release-restored\sources\p048\C7157.java		call
QStory_2.6.3-release-restored\sources\p048\C7157.java		dialog
QStory_2.6.3-release-restored\sources\p048\C7157.java		 - 
QStory_2.6.3-release-restored\sources\p048\C7157.java		dialog
QStory_2.6.3-release-restored\sources\p048\C7157.java		 by 
QStory_2.6.3-release-restored\sources\p050\AbstractC7173.java		MD5
QStory_2.6.3-release-restored\sources\p050\AbstractC7174.java		/Pic/
QStory_2.6.3-release-restored\sources\p050\AbstractC7176.java		http
QStory_2.6.3-release-restored\sources\p050\AbstractC7176.java		保存
QStory_2.6.3-release-restored\sources\p050\AbstractC7176.java		troop
QStory_2.6.3-release-restored\sources\p050\AbstractC7176.java		emojiId
QStory_2.6.3-release-restored\sources\p050\C7179.java		.bak
QStory_2.6.3-release-restored\sources\p051\C7182.java		encText
QStory_2.6.3-release-restored\sources\p051\C7182.java		encypt
QStory_2.6.3-release-restored\sources\p051\C7182.java		hexGuid
QStory_2.6.3-release-restored\sources\p051\C7182.java		hb
QStory_2.6.3-release-restored\sources\p051\C7182.java		decypt
QStory_2.6.3-release-restored\sources\p051\C7182.java		hb
QStory_2.6.3-release-restored\sources\p051\C7182.java		main
QStory_2.6.3-release-restored\sources\p051\C7182.java		&msgno=
QStory_2.6.3-release-restored\sources\p051\C7182.java		&skey=
QStory_2.6.3-release-restored\sources\p051\C7182.java		hb
QStory_2.6.3-release-restored\sources\p052\C7183.java		invoke
QStory_2.6.3-release-restored\sources\p052\C7188.java		Notice
QStory_2.6.3-release-restored\sources\p052\C7191.java		invoke
QStory_2.6.3-release-restored\sources\p052\C7196.java		invoke
QStory_2.6.3-release-restored\sources\p053\AbstractC7199.java		Cookie
QStory_2.6.3-release-restored\sources\p053\AbstractC7199.java		Accept
QStory_2.6.3-release-restored\sources\p053\AbstractC7199.java		*/*
QStory_2.6.3-release-restored\sources\p053\AbstractC7199.java		http
QStory_2.6.3-release-restored\sources\p053\AbstractC7199.java		accept
QStory_2.6.3-release-restored\sources\p053\AbstractC7199.java		*/*
QStory_2.6.3-release-restored\sources\p053\AbstractC7199.java		Cookie
QStory_2.6.3-release-restored\sources\p053\AbstractC7199.java		Accept
QStory_2.6.3-release-restored\sources\p053\AbstractC7199.java		*/*
QStory_2.6.3-release-restored\sources\p053\AbstractC7199.java		http
QStory_2.6.3-release-restored\sources\p053\AbstractC7199.java		Accept
QStory_2.6.3-release-restored\sources\p053\AbstractC7199.java		*/*
QStory_2.6.3-release-restored\sources\p053\AbstractC7199.java		http
QStory_2.6.3-release-restored\sources\p053\AbstractC7199.java		Accept
QStory_2.6.3-release-restored\sources\p053\AbstractC7199.java		*/*
QStory_2.6.3-release-restored\sources\p053\AbstractC7199.java		http
QStory_2.6.3-release-restored\sources\p053\AbstractC7199.java		Accept
QStory_2.6.3-release-restored\sources\p053\AbstractC7199.java		*/*
QStory_2.6.3-release-restored\sources\p053\AbstractC7199.java		Timeout
QStory_2.6.3-release-restored\sources\p053\AbstractC7199.java		Timeout
QStory_2.6.3-release-restored\sources\p053\AbstractC7199.java		5000
QStory_2.6.3-release-restored\sources\p053\AbstractC7199.java		http
QStory_2.6.3-release-restored\sources\p053\AbstractC7199.java		timeout
QStory_2.6.3-release-restored\sources\p053\AbstractC7199.java		timeout
QStory_2.6.3-release-restored\sources\p053\AbstractC7199.java		5000
QStory_2.6.3-release-restored\sources\p053\AbstractC7199.java		http
QStory_2.6.3-release-restored\sources\p053\AbstractC7200.java		AES
QStory_2.6.3-release-restored\sources\p054\C7202.java		peerUid
QStory_2.6.3-release-restored\sources\p054\C7202.java		Make
QStory_2.6.3-release-restored\sources\p054\C7202.java		Model
QStory_2.6.3-release-restored\sources\p054\C7202.java		Mine
QStory_2.6.3-release-restored\sources\p054\C7202.java		param
QStory_2.6.3-release-restored\sources\p054\C7202.java		QStory
QStory_2.6.3-release-restored\sources\p054\C7202.java		param
QStory_2.6.3-release-restored\sources\p054\C7202.java		param
QStory_2.6.3-release-restored\sources\p054\C7202.java		param
QStory_2.6.3-release-restored\sources\p054\C7204.java		null
QStory_2.6.3-release-restored\sources\p054\C7204.java		null
QStory_2.6.3-release-restored\sources\p054\C7207.java		null
QStory_2.6.3-release-restored\sources\p054\C7207.java		null
QStory_2.6.3-release-restored\sources\p054\C7210.java		onStop
QStory_2.6.3-release-restored\sources\p054\C7211.java		sendMsg
QStory_2.6.3-release-restored\sources\p054\C7212.java		ok
QStory_2.6.3-release-restored\sources\p054\C7212.java		id
QStory_2.6.3-release-restored\sources\p054\C7212.java		ok
QStory_2.6.3-release-restored\sources\p054\C7212.java		id
QStory_2.6.3-release-restored\sources\p054\C7212.java		ver
QStory_2.6.3-release-restored\sources\p054\C7212.java		id
QStory_2.6.3-release-restored\sources\p055\C7217.java		initUI
QStory_2.6.3-release-restored\sources\p055\C7217.java		notify
QStory_2.6.3-release-restored\sources\p055\C7217.java		notify
QStory_2.6.3-release-restored\sources\p055\C7217.java		notify
QStory_2.6.3-release-restored\sources\p055\C7217.java		notify
QStory_2.6.3-release-restored\sources\p055\C7220.java		sendMsg
QStory_2.6.3-release-restored\sources\p055\C7224.java		sendMsg
QStory_2.6.3-release-restored\sources\p055\C7230.java		可用
QStory_2.6.3-release-restored\sources\p055\C7237.java		uin
QStory_2.6.3-release-restored\sources\p055\C7237.java		uin
QStory_2.6.3-release-restored\sources\p055\C7237.java		Run Log
QStory_2.6.3-release-restored\sources\p055\C7237.java		uintype
QStory_2.6.3-release-restored\sources\p055\C7237.java		dimen
QStory_2.6.3-release-restored\sources\p055\C7237.java		android
QStory_2.6.3-release-restored\sources\p055\C7237.java		uin
QStory_2.6.3-release-restored\sources\p055\C7237.java		uin
QStory_2.6.3-release-restored\sources\p055\C7237.java		Run Log
QStory_2.6.3-release-restored\sources\p055\C7237.java		uintype
QStory_2.6.3-release-restored\sources\p055\C7237.java		dimen
QStory_2.6.3-release-restored\sources\p055\C7237.java		android
QStory_2.6.3-release-restored\sources\p055\C7237.java		uin
QStory_2.6.3-release-restored\sources\p055\C7237.java		uin
QStory_2.6.3-release-restored\sources\p055\C7237.java		Run Log
QStory_2.6.3-release-restored\sources\p055\C7237.java		uintype
QStory_2.6.3-release-restored\sources\p055\C7237.java		dimen
QStory_2.6.3-release-restored\sources\p055\C7237.java		android
QStory_2.6.3-release-restored\sources\p055\C7237.java		uin
QStory_2.6.3-release-restored\sources\p055\C7237.java		uin
QStory_2.6.3-release-restored\sources\p055\C7237.java		Run Log
QStory_2.6.3-release-restored\sources\p055\C7237.java		uintype
QStory_2.6.3-release-restored\sources\p055\C7237.java		dimen
QStory_2.6.3-release-restored\sources\p055\C7237.java		android
QStory_2.6.3-release-restored\sources\p055\C7241.java		删除
QStory_2.6.3-release-restored\sources\p055\C7241.java		删除
QStory_2.6.3-release-restored\sources\p055\C7243.java		/Voice/
QStory_2.6.3-release-restored\sources\p055\C7250.java		setMenu
QStory_2.6.3-release-restored\sources\p055\C7250.java		setMenu
QStory_2.6.3-release-restored\sources\p055\C7256.java		删除
QStory_2.6.3-release-restored\sources\p055\C7256.java		删除
QStory_2.6.3-release-restored\sources\p055\C7256.java		删除
QStory_2.6.3-release-restored\sources\p055\C7257.java		tryInit
QStory_2.6.3-release-restored\sources\p055\C7259.java		QStory
QStory_2.6.3-release-restored\sources\p055\C7259.java		setMenu
QStory_2.6.3-release-restored\sources\p055\C7259.java		setMenu
QStory_2.6.3-release-restored\sources\p055\ViewOnClickListenerC7215.java		setMenu
QStory_2.6.3-release-restored\sources\p055\ViewOnClickListenerC7215.java		setMenu
QStory_2.6.3-release-restored\sources\p055\ViewOnClickListenerC7233.java		prefix
QStory_2.6.3-release-restored\sources\p055\ViewOnClickListenerC7233.java		suffix
QStory_2.6.3-release-restored\sources\p055\ViewOnClickListenerC7239.java		sendMsg
QStory_2.6.3-release-restored\sources\p055\ViewOnClickListenerC7239.java		summary
QStory_2.6.3-release-restored\sources\p055\ViewOnClickListenerC7239.java		summary
QStory_2.6.3-release-restored\sources\p055\ViewOnClickListenerC7239.java		qwq
QStory_2.6.3-release-restored\sources\p055\ViewOnClickListenerC7239.java		//
QStory_2.6.3-release-restored\sources\p056\C7266.java		sendMsg
QStory_2.6.3-release-restored\sources\p056\C7269.java		setMenu
QStory_2.6.3-release-restored\sources\p056\C7269.java		setMenu
QStory_2.6.3-release-restored\sources\p056\CallableC7270.java		OK
QStory_2.6.3-release-restored\sources\p057\C7272.java		onDraw
QStory_2.6.3-release-restored\sources\p058\AbstractC7277.java		listid=
QStory_2.6.3-release-restored\sources\p058\AbstractC7277.java		&name=
QStory_2.6.3-release-restored\sources\p058\AbstractC7277.java		&uin=
QStory_2.6.3-release-restored\sources\p058\AbstractC7277.java		cgiName
QStory_2.6.3-release-restored\sources\p058\AbstractC7277.java		set
QStory_2.6.3-release-restored\sources\p058\AbstractC7277.java		reqText
QStory_2.6.3-release-restored\sources\p058\AbstractC7277.java		set
QStory_2.6.3-release-restored\sources\p058\AbstractC7277.java		random
QStory_2.6.3-release-restored\sources\p058\AbstractC7277.java		set
QStory_2.6.3-release-restored\sources\p058\AbstractC7277.java		enType
QStory_2.6.3-release-restored\sources\p058\AbstractC7277.java		set
QStory_2.6.3-release-restored\sources\p058\AbstractC7277.java		data
QStory_2.6.3-release-restored\sources\p058\AbstractC7277.java		data
QStory_2.6.3-release-restored\sources\p058\AbstractC7277.java		rspText
QStory_2.6.3-release-restored\sources\p058\AbstractC7277.java		get
QStory_2.6.3-release-restored\sources\p058\AbstractC7277.java		retcode
QStory_2.6.3-release-restored\sources\p058\AbstractC7277.java		&name=
QStory_2.6.3-release-restored\sources\p058\AbstractC7277.java		&uin=
QStory_2.6.3-release-restored\sources\p058\AbstractC7277.java		&skey=
QStory_2.6.3-release-restored\sources\p058\AbstractC7279.java		listid=
QStory_2.6.3-release-restored\sources\p058\AbstractC7279.java		&name=
QStory_2.6.3-release-restored\sources\p058\AbstractC7279.java		&uin=
QStory_2.6.3-release-restored\sources\p058\AbstractC7279.java		cgiName
QStory_2.6.3-release-restored\sources\p058\AbstractC7279.java		set
QStory_2.6.3-release-restored\sources\p058\AbstractC7279.java		reqText
QStory_2.6.3-release-restored\sources\p058\AbstractC7279.java		set
QStory_2.6.3-release-restored\sources\p058\AbstractC7279.java		random
QStory_2.6.3-release-restored\sources\p058\AbstractC7279.java		set
QStory_2.6.3-release-restored\sources\p058\AbstractC7279.java		enType
QStory_2.6.3-release-restored\sources\p058\AbstractC7279.java		set
QStory_2.6.3-release-restored\sources\p058\AbstractC7279.java		data
QStory_2.6.3-release-restored\sources\p058\AbstractC7279.java		data
QStory_2.6.3-release-restored\sources\p058\AbstractC7279.java		rspText
QStory_2.6.3-release-restored\sources\p058\AbstractC7279.java		get
QStory_2.6.3-release-restored\sources\p058\AbstractC7279.java		retcode
QStory_2.6.3-release-restored\sources\p058\AbstractC7279.java		&name=
QStory_2.6.3-release-restored\sources\p058\AbstractC7279.java		&skey=
QStory_2.6.3-release-restored\sources\p058\AbstractC7279.java		&uin=
QStory_2.6.3-release-restored\sources\p059\C7282.java		get
QStory_2.6.3-release-restored\sources\p059\C7282.java		rspBody
QStory_2.6.3-release-restored\sources\p059\C7282.java		hb
QStory_2.6.3-release-restored\sources\p059\C7282.java		retcode
QStory_2.6.3-release-restored\sources\p059\C7282.java		hb
QStory_2.6.3-release-restored\sources\p059\C7282.java		get
QStory_2.6.3-release-restored\sources\p059\C7282.java		rspBody
QStory_2.6.3-release-restored\sources\p059\C7282.java		retcode
QStory_2.6.3-release-restored\sources\p059\RunnableC7281.java		Hb
QStory_2.6.3-release-restored\sources\p059\RunnableC7281.java		authkey
QStory_2.6.3-release-restored\sources\p059\RunnableC7281.java		hb_from
QStory_2.6.3-release-restored\sources\p059\RunnableC7281.java		groupid
QStory_2.6.3-release-restored\sources\p059\RunnableC7281.java		channel
QStory_2.6.3-release-restored\sources\p059\RunnableC7281.java		listid
QStory_2.6.3-release-restored\sources\p059\RunnableC7281.java		answer
QStory_2.6.3-release-restored\sources\p059\RunnableC7281.java		tinyid
QStory_2.6.3-release-restored\sources\p059\RunnableC7281.java		name
QStory_2.6.3-release-restored\sources\p059\RunnableC7281.java		uin
QStory_2.6.3-release-restored\sources\p059\RunnableC7281.java		msg_md5
QStory_2.6.3-release-restored\sources\p059\RunnableC7281.java		msg_seq
QStory_2.6.3-release-restored\sources\p059\RunnableC7281.java		msg_id
QStory_2.6.3-release-restored\sources\p059\RunnableC7281.java		UTF-8
QStory_2.6.3-release-restored\sources\p059\RunnableC7281.java		UTF-8
QStory_2.6.3-release-restored\sources\p059\RunnableC7281.java		cgiName
QStory_2.6.3-release-restored\sources\p059\RunnableC7281.java		set
QStory_2.6.3-release-restored\sources\p059\RunnableC7281.java		reqBody
QStory_2.6.3-release-restored\sources\p059\RunnableC7281.java		set
QStory_2.6.3-release-restored\sources\p059\RunnableC7281.java		enType
QStory_2.6.3-release-restored\sources\p059\RunnableC7281.java		set
QStory_2.6.3-release-restored\sources\p059\RunnableC7281.java		cmd
QStory_2.6.3-release-restored\sources\p059\RunnableC7281.java		data
QStory_2.6.3-release-restored\sources\p069\AbstractC7390.java		\|
QStory_2.6.3-release-restored\sources\p091\C7787.java		确认
QStory_2.6.3-release-restored\sources\p091\C7790.java		dir
QStory_2.6.3-release-restored\sources\p091\C7790.java		.bak
QStory_2.6.3-release-restored\sources\p091\C7790.java		uin
QStory_2.6.3-release-restored\sources\p091\C7790.java		token
QStory_2.6.3-release-restored\sources\p091\C7790.java		token
QStory_2.6.3-release-restored\sources\p091\C7790.java		context
QStory_2.6.3-release-restored\sources\p091\C7790.java		dir
QStory_2.6.3-release-restored\sources\p091\C7790.java		name
QStory_2.6.3-release-restored\sources\p091\C7790.java		tags
QStory_2.6.3-release-restored\sources\p091\C7790.java		author
QStory_2.6.3-release-restored\sources\p091\C7790.java		version
QStory_2.6.3-release-restored\sources\p091\C7790.java		cover
QStory_2.6.3-release-restored\sources\p091\C7790.java		dir
QStory_2.6.3-release-restored\sources\p091\C7790.java		config
QStory_2.6.3-release-restored\sources\p091\C7790.java		name
QStory_2.6.3-release-restored\sources\p091\C7790.java		tags
QStory_2.6.3-release-restored\sources\p091\C7790.java		author
QStory_2.6.3-release-restored\sources\p091\C7790.java		version
QStory_2.6.3-release-restored\sources\p091\C7790.java		cover
QStory_2.6.3-release-restored\sources\p091\C7790.java		user
QStory_2.6.3-release-restored\sources\p103\C7897.java		object
QStory_2.6.3-release-restored\sources\p103\C7897.java		block
QStory_2.6.3-release-restored\sources\p103\C7897.java		name
QStory_2.6.3-release-restored\sources\p103\C7897.java		block
QStory_2.6.3-release-restored\sources\p103\C7897.java		key
QStory_2.6.3-release-restored\sources\p105\C8009.java		it
QStory_2.6.3-release-restored\sources\p105\C8009.java		.bak
QStory_2.6.3-release-restored\sources\p105\C8009.java		object
QStory_2.6.3-release-restored\sources\p105\C8009.java		block
QStory_2.6.3-release-restored\sources\p105\C8009.java		type
QStory_2.6.3-release-restored\sources\p105\C8009.java		string
QStory_2.6.3-release-restored\sources\p105\C8009.java		key
QStory_2.6.3-release-restored\sources\p105\C8009.java		key
QStory_2.6.3-release-restored\sources\p105\C8009.java		block
QStory_2.6.3-release-restored\sources\p105\C8009.java		type
QStory_2.6.3-release-restored\sources\p105\C8009.java		string
QStory_2.6.3-release-restored\sources\p105\C8009.java		key
QStory_2.6.3-release-restored\sources\p105\C8009.java		key
QStory_2.6.3-release-restored\sources\p160\C8376.java		adapter
QStory_2.6.3-release-restored\sources\p160\C8376.java		删除
QStory_2.6.3-release-restored\sources\p160\C8376.java		取消
QStory_2.6.3-release-restored\sources\p160\C8376.java		args
QStory_2.6.3-release-restored\sources\p191\AbstractC8568.java		dohUrl
QStory_2.6.3-release-restored\sources\p191\AbstractC8568.java		MD5
QStory_2.6.3-release-restored\sources\p246\C8878.java		default
QStory_2.6.3-release-restored\sources\p246\C8878.java		id
QStory_2.6.3-release-restored\sources\p246\C8878.java		key
QStory_2.6.3-release-restored\sources\p246\C8878.java		value
QStory_2.6.3-release-restored\sources\p246\C8882.java		call
QStory_2.6.3-release-restored\sources\p246\C8882.java		call
QStory_2.6.3-release-restored\sources\p246\C8882.java		Run Log
QStory_2.6.3-release-restored\sources\p268\C9017.java		block
QStory_2.6.3-release-restored\sources\p268\C9017.java		text
QStory_2.6.3-release-restored\sources\p268\C9017.java		type
QStory_2.6.3-release-restored\sources\p268\C9017.java		text
QStory_2.6.3-release-restored\sources\p268\C9017.java		integer
QStory_2.6.3-release-restored\sources\p269\AbstractC9019.java		data
QStory_2.6.3-release-restored\sources\p269\AbstractC9019.java		ip
QStory_2.6.3-release-restored\sources\p273\C9050.java		dialog
QStory_2.6.3-release-restored\sources\p332\C9496.java		/Voice
QStory_2.6.3-release-restored\sources\p332\C9496.java		Time
QStory_2.6.3-release-restored\sources\p332\C9496.java		2.6.3
QStory_2.6.3-release-restored\sources\p332\C9496.java		TAG
QStory_2.6.3-release-restored\sources\p332\C9496.java		未知
QStory_2.6.3-release-restored\sources\p332\C9496.java		(1)
QStory_2.6.3-release-restored\sources\p335\C9508.java		alarm
QStory_2.6.3-release-restored\sources\p335\C9510.java		finder
QStory_2.6.3-release-restored\sources\p335\C9510.java		finder
QStory_2.6.3-release-restored\sources\p335\C9512.java		finder
QStory_2.6.3-release-restored\sources\p335\C9512.java		finder
QStory_2.6.3-release-restored\sources\p336\AbstractC9513.java		peer
QStory_2.6.3-release-restored\sources\p336\AbstractC9513.java		cnt
QStory_2.6.3-release-restored\sources\p336\AbstractC9513.java		byType
QStory_2.6.3-release-restored\sources\p336\C9514.java		errMsg
QStory_2.6.3-release-restored\sources\p336\C9514.java		msgList
QStory_2.6.3-release-restored\sources\p336\C9515.java		errMsg
QStory_2.6.3-release-restored\sources\p336\C9515.java		msgList
QStory_2.6.3-release-restored\sources\p337\C9516.java		jpg
QStory_2.6.3-release-restored\sources\p337\C9516.java		jpeg
QStory_2.6.3-release-restored\sources\p337\C9516.java		png
QStory_2.6.3-release-restored\sources\p337\C9516.java		gif
QStory_2.6.3-release-restored\sources\p337\C9516.java		webp
QStory_2.6.3-release-restored\sources\p337\C9516.java		bmp
QStory_2.6.3-release-restored\sources\p337\C9516.java		name
QStory_2.6.3-release-restored\sources\p337\C9516.java		tags
QStory_2.6.3-release-restored\sources\p337\C9516.java		author
QStory_2.6.3-release-restored\sources\p337\C9516.java		cover
QStory_2.6.3-release-restored\sources\p337\C9516.java		, tags=
QStory_2.6.3-release-restored\sources\p337\C9517.java		/Pic
QStory_2.6.3-release-restored\sources\p337\C9517.java		key
QStory_2.6.3-release-restored\sources\p337\C9517.java		key
QStory_2.6.3-release-restored\sources\p337\C9517.java		value
QStory_2.6.3-release-restored\sources\p337\C9523.java		, name=
QStory_2.6.3-release-restored\sources\p337\C9523.java		, type=
QStory_2.6.3-release-restored\sources\p337\C9523.java		, md5=
QStory_2.6.3-release-restored\sources\p337\C9523.java		, url=
QStory_2.6.3-release-restored\sources\p337\C9523.java		, time=
QStory_2.6.3-release-restored\sources\p337\C9524.java		key
QStory_2.6.3-release-restored\sources\p337\C9525.java		false
QStory_2.6.3-release-restored\sources\p337\C9525.java		true
QStory_2.6.3-release-restored\sources\p337\C9527.java		setMenu
QStory_2.6.3-release-restored\sources\p337\C9527.java		setMenu
QStory_2.6.3-release-restored\sources\p337\C9527.java		context
QStory_2.6.3-release-restored\sources\p338\C9528.java		//
QStory_2.6.3-release-restored\sources\p338\C9530.java		t1_tid
QStory_2.6.3-release-restored\sources\p338\C9530.java		uin=o
QStory_2.6.3-release-restored\sources\p338\C9530.java		; skey=
QStory_2.6.3-release-restored\sources\p338\C9530.java		tid
QStory_2.6.3-release-restored\sources\p338\C9530.java		hostuin
QStory_2.6.3-release-restored\sources\p338\C9530.java		format
QStory_2.6.3-release-restored\sources\p338\C9530.java		fs
QStory_2.6.3-release-restored\sources\p338\C9530.java		/main
QStory_2.6.3-release-restored\sources\p338\C9531.java		QZone
QStory_2.6.3-release-restored\sources\p338\C9531.java		公开
QStory_2.6.3-release-restored\sources\p338\C9531.java		64
QStory_2.6.3-release-restored\sources\p338\C9531.java		uin=o
QStory_2.6.3-release-restored\sources\p338\C9531.java		; skey=
QStory_2.6.3-release-restored\sources\p338\C9531.java		richval
QStory_2.6.3-release-restored\sources\p338\C9531.java		con
QStory_2.6.3-release-restored\sources\p338\C9531.java		ver
QStory_2.6.3-release-restored\sources\p338\C9531.java		to_sign
QStory_2.6.3-release-restored\sources\p338\C9531.java		hostuin
QStory_2.6.3-release-restored\sources\p338\C9531.java		format
QStory_2.6.3-release-restored\sources\p338\C9531.java		fs
QStory_2.6.3-release-restored\sources\p338\C9531.java		/main
QStory_2.6.3-release-restored\sources\p338\C9532.java		创建
QStory_2.6.3-release-restored\sources\p338\C9532.java		取消
QStory_2.6.3-release-restored\sources\p338\C9533.java		QZone
QStory_2.6.3-release-restored\sources\p338\C9533.java		uin=o
QStory_2.6.3-release-restored\sources\p338\C9533.java		; skey=
QStory_2.6.3-release-restored\sources\p338\C9533.java		opuin
QStory_2.6.3-release-restored\sources\p338\C9533.java		unikey
QStory_2.6.3-release-restored\sources\p338\C9533.java		curkey
QStory_2.6.3-release-restored\sources\p338\C9533.java		appid
QStory_2.6.3-release-restored\sources\p338\C9533.java		311
QStory_2.6.3-release-restored\sources\p338\C9533.java		like
QStory_2.6.3-release-restored\sources\p338\C9533.java		format
QStory_2.6.3-release-restored\sources\p338\C9533.java		ret
QStory_2.6.3-release-restored\sources\p338\C9533.java		uin=o
QStory_2.6.3-release-restored\sources\p338\C9533.java		; skey=
QStory_2.6.3-release-restored\sources\p338\C9533.java		format
QStory_2.6.3-release-restored\sources\p338\C9533.java		json
QStory_2.6.3-release-restored\sources\p338\C9533.java		ret
QStory_2.6.3-release-restored\sources\p338\C9533.java		data
QStory_2.6.3-release-restored\sources\p338\C9533.java		vFeeds
QStory_2.6.3-release-restored\sources\p338\C9533.java		comm
QStory_2.6.3-release-restored\sources\p339\AbstractC9550.java		保存
QStory_2.6.3-release-restored\sources\p339\C9536.java		dialog
QStory_2.6.3-release-restored\sources\p339\C9536.java		dialog
QStory_2.6.3-release-restored\sources\p339\C9536.java		mode
QStory_2.6.3-release-restored\sources\p339\C9536.java		mode
QStory_2.6.3-release-restored\sources\p339\C9537.java		dialog
QStory_2.6.3-release-restored\sources\p339\C9537.java		dialog
QStory_2.6.3-release-restored\sources\p339\C9540.java		dirName
QStory_2.6.3-release-restored\sources\p339\C9540.java		dirName
QStory_2.6.3-release-restored\sources\p339\C9540.java		adapter
QStory_2.6.3-release-restored\sources\p339\C9540.java		dirName
QStory_2.6.3-release-restored\sources\p339\C9540.java		onDone
QStory_2.6.3-release-restored\sources\p339\C9543.java		row
QStory_2.6.3-release-restored\sources\p339\C9543.java		mode
QStory_2.6.3-release-restored\sources\p339\C9543.java		, mode=
QStory_2.6.3-release-restored\sources\p339\C9548.java		dialog
QStory_2.6.3-release-restored\sources\p339\C9549.java		dialog
QStory_2.6.3-release-restored\sources\p339\C9553.java		dialog
QStory_2.6.3-release-restored\sources\p339\C9553.java		dialog
QStory_2.6.3-release-restored\sources\p339\C9553.java		 (
QStory_2.6.3-release-restored\sources\p339\C9553.java		、
QStory_2.6.3-release-restored\sources\p339\C9553.java		dir
QStory_2.6.3-release-restored\sources\p339\C9553.java		config
QStory_2.6.3-release-restored\sources\p339\C9554.java		file
QStory_2.6.3-release-restored\sources\p339\C9554.java		name
QStory_2.6.3-release-restored\sources\p339\C9555.java		-1
QStory_2.6.3-release-restored\sources\p339\C9555.java		.bak
QStory_2.6.3-release-restored\sources\p339\C9555.java		path
QStory_2.6.3-release-restored\sources\p339\C9555.java		name
QStory_2.6.3-release-restored\sources\p339\C9555.java		md5
QStory_2.6.3-release-restored\sources\p339\C9555.java		url
QStory_2.6.3-release-restored\sources\p339\C9555.java		dirName
QStory_2.6.3-release-restored\sources\p339\C9555.java		dirName
QStory_2.6.3-release-restored\sources\p339\C9556.java		view
QStory_2.6.3-release-restored\sources\p339\C9557.java		images
QStory_2.6.3-release-restored\sources\p339\C9557.java		parent
QStory_2.6.3-release-restored\sources\p339\C9557.java		holder
QStory_2.6.3-release-restored\sources\p339\C9559.java		md5
QStory_2.6.3-release-restored\sources\p339\RunnableC9541.java		-1
QStory_2.6.3-release-restored\sources\p339\RunnableC9541.java		-1
QStory_2.6.3-release-restored\sources\p339\ViewOnClickListenerC9558.java		dirName
QStory_2.6.3-release-restored\sources\p339\ViewOnClickListenerC9558.java		取消
QStory_2.6.3-release-restored\sources\p340\C9561.java		name
QStory_2.6.3-release-restored\sources\p340\C9562.java		action
QStory_2.6.3-release-restored\sources\p340\C9565.java		outRect
QStory_2.6.3-release-restored\sources\p340\C9565.java		view
QStory_2.6.3-release-restored\sources\p340\C9565.java		parent
QStory_2.6.3-release-restored\sources\p340\C9565.java		state
QStory_2.6.3-release-restored\sources\p340\C9566.java		dirList
QStory_2.6.3-release-restored\sources\p340\C9566.java		list
QStory_2.6.3-release-restored\sources\p340\C9566.java		holder
QStory_2.6.3-release-restored\sources\p340\C9566.java		context
QStory_2.6.3-release-restored\sources\p340\C9566.java		parent
QStory_2.6.3-release-restored\sources\p340\C9566.java		holder
QStory_2.6.3-release-restored\sources\p340\C9568.java		context
QStory_2.6.3-release-restored\sources\p340\C9568.java		parent
QStory_2.6.3-release-restored\sources\p340\C9568.java		holder
QStory_2.6.3-release-restored\sources\p341\C9569.java		friend
QStory_2.6.3-release-restored\sources\p341\C9569.java		group
QStory_2.6.3-release-restored\sources\p342\C9571.java		bArr
QStory_2.6.3-release-restored\sources\p342\C9572.java		authKey
QStory_2.6.3-release-restored\sources\p342\C9573.java		delay
QStory_2.6.3-release-restored\sources\p342\C9574.java		authKey
QStory_2.6.3-release-restored\sources\p343\C9576.java		onPause
QStory_2.6.3-release-restored\sources\p343\C9577.java		onPause
QStory_2.6.3-release-restored\sources\p343\C9579.java		onPause
QStory_2.6.3-release-restored\sources\p343\C9581.java		onPause
QStory_2.6.3-release-restored\sources\p344\C9582.java		loader
QStory_2.6.3-release-restored\sources\p344\C9583.java		QStory
QStory_2.6.3-release-restored\sources\p344\C9583.java		list
QStory_2.6.3-release-restored\sources\p344\C9584.java		.zip
QStory_2.6.3-release-restored\sources\p344\C9584.java		 B
QStory_2.6.3-release-restored\sources\p344\C9584.java		%.1f KB
QStory_2.6.3-release-restored\sources\p344\C9584.java		%.2f MB
QStory_2.6.3-release-restored\sources\p344\C9584.java		.zip
QStory_2.6.3-release-restored\sources\p344\C9584.java		user
QStory_2.6.3-release-restored\sources\p344\C9584.java		user
QStory_2.6.3-release-restored\sources\p345\AbstractC9586.java		path
QStory_2.6.3-release-restored\sources\p345\AbstractC9586.java		path
QStory_2.6.3-release-restored\sources\p345\AbstractC9586.java		path
QStory_2.6.3-release-restored\sources\p345\AbstractC9586.java		text
QStory_2.6.3-release-restored\sources\p345\AbstractC9586.java		path
QStory_2.6.3-release-restored\sources\p345\AbstractC9586.java		text
QStory_2.6.3-release-restored\sources\p345\AbstractC9586.java		path
QStory_2.6.3-release-restored\sources\p345\AbstractC9586.java		text
QStory_2.6.3-release-restored\sources\p345\AbstractC9586.java		path
QStory_2.6.3-release-restored\sources\p345\AbstractC9586.java		text
QStory_2.6.3-release-restored\sources\p345\AbstractC9586.java		path
QStory_2.6.3-release-restored\sources\p345\AbstractC9586.java		path
QStory_2.6.3-release-restored\sources\p345\AbstractC9586.java		path
QStory_2.6.3-release-restored\sources\p345\AbstractC9586.java		path
QStory_2.6.3-release-restored\sources\p345\AbstractC9586.java		path
QStory_2.6.3-release-restored\sources\p345\AbstractC9586.java		path
QStory_2.6.3-release-restored\sources\p345\AbstractC9586.java		path
QStory_2.6.3-release-restored\sources\p345\AbstractC9586.java		path
QStory_2.6.3-release-restored\sources\p345\AbstractC9586.java		uin
QStory_2.6.3-release-restored\sources\p345\AbstractC9586.java		uin
QStory_2.6.3-release-restored\sources\p345\AbstractC9586.java		count
QStory_2.6.3-release-restored\sources\p345\AbstractC9591.java		uin
QStory_2.6.3-release-restored\sources\p345\AbstractC9591.java		uin
QStory_2.6.3-release-restored\sources\p345\AbstractC9591.java		domain
QStory_2.6.3-release-restored\sources\p345\AbstractC9591.java		域名
QStory_2.6.3-release-restored\sources\p345\AbstractC9591.java		domain
QStory_2.6.3-release-restored\sources\p345\AbstractC9591.java		domain
QStory_2.6.3-release-restored\sources\p345\AbstractC9591.java		域名
QStory_2.6.3-release-restored\sources\p345\AbstractC9591.java		domain
QStory_2.6.3-release-restored\sources\p345\AbstractC9591.java		get_bkn
QStory_2.6.3-release-restored\sources\p345\AbstractC9591.java		pskey
QStory_2.6.3-release-restored\sources\p345\AbstractC9591.java		pskey
QStory_2.6.3-release-restored\sources\p345\AbstractC9591.java		get_gtk
QStory_2.6.3-release-restored\sources\p345\AbstractC9591.java		domain
QStory_2.6.3-release-restored\sources\p345\AbstractC9591.java		域名
QStory_2.6.3-release-restored\sources\p345\AbstractC9591.java		domain
QStory_2.6.3-release-restored\sources\p345\AbstractC9591.java		key
QStory_2.6.3-release-restored\sources\p345\AbstractC9591.java		key
QStory_2.6.3-release-restored\sources\p345\AbstractC9591.java		value
QStory_2.6.3-release-restored\sources\p345\AbstractC9591.java		value
QStory_2.6.3-release-restored\sources\p345\AbstractC9591.java		value
QStory_2.6.3-release-restored\sources\p345\AbstractC9591.java		value
QStory_2.6.3-release-restored\sources\p345\AbstractC9591.java		get_int
QStory_2.6.3-release-restored\sources\p345\AbstractC9591.java		put_int
QStory_2.6.3-release-restored\sources\p345\AbstractC9591.java		value
QStory_2.6.3-release-restored\sources\p345\AbstractC9591.java		value
QStory_2.6.3-release-restored\sources\p345\AbstractC9591.java		value
QStory_2.6.3-release-restored\sources\p345\AbstractC9591.java		value
QStory_2.6.3-release-restored\sources\p345\AbstractC9591.java		value
QStory_2.6.3-release-restored\sources\p345\AbstractC9591.java		value
QStory_2.6.3-release-restored\sources\p345\AbstractC9591.java		value
QStory_2.6.3-release-restored\sources\p345\AbstractC9591.java		value
QStory_2.6.3-release-restored\sources\p345\AbstractC9591.java		id
QStory_2.6.3-release-restored\sources\p345\AbstractC9591.java		title
QStory_2.6.3-release-restored\sources\p345\AbstractC9591.java		action
QStory_2.6.3-release-restored\sources\p345\AbstractC9594.java		<this>
QStory_2.6.3-release-restored\sources\p345\AbstractC9594.java		name
QStory_2.6.3-release-restored\sources\p345\AbstractC9594.java		<this>
QStory_2.6.3-release-restored\sources\p345\AbstractC9594.java		name
QStory_2.6.3-release-restored\sources\p345\AbstractC9594.java		<this>
QStory_2.6.3-release-restored\sources\p345\AbstractC9594.java		name
QStory_2.6.3-release-restored\sources\p345\AbstractC9594.java		<this>
QStory_2.6.3-release-restored\sources\p345\AbstractC9594.java		name
QStory_2.6.3-release-restored\sources\p345\AbstractC9594.java		<this>
QStory_2.6.3-release-restored\sources\p345\AbstractC9594.java		name
QStory_2.6.3-release-restored\sources\p345\AbstractC9594.java		<this>
QStory_2.6.3-release-restored\sources\p345\AbstractC9594.java		<this>
QStory_2.6.3-release-restored\sources\p345\AbstractC9594.java		name
QStory_2.6.3-release-restored\sources\p345\AbstractC9594.java		<this>
QStory_2.6.3-release-restored\sources\p345\AbstractC9594.java		name
QStory_2.6.3-release-restored\sources\p345\AbstractC9594.java		<this>
QStory_2.6.3-release-restored\sources\p345\AbstractC9594.java		block
QStory_2.6.3-release-restored\sources\p345\AbstractC9594.java		block
QStory_2.6.3-release-restored\sources\p345\AbstractC9596.java		content
QStory_2.6.3-release-restored\sources\p345\AbstractC9596.java		path
QStory_2.6.3-release-restored\sources\p345\AbstractC9596.java		path
QStory_2.6.3-release-restored\sources\p345\AbstractC9596.java		uin
QStory_2.6.3-release-restored\sources\p345\AbstractC9596.java		uin
QStory_2.6.3-release-restored\sources\p345\AbstractC9596.java		cmd
QStory_2.6.3-release-restored\sources\p345\AbstractC9596.java		cmd
QStory_2.6.3-release-restored\sources\p345\AbstractC9596.java		path
QStory_2.6.3-release-restored\sources\p345\AbstractC9596.java		path
QStory_2.6.3-release-restored\sources\p345\AbstractC9596.java		count
QStory_2.6.3-release-restored\sources\p345\AbstractC9597.java		url
QStory_2.6.3-release-restored\sources\p345\AbstractC9597.java		headers
QStory_2.6.3-release-restored\sources\p345\AbstractC9597.java		url
QStory_2.6.3-release-restored\sources\p345\AbstractC9597.java		url
QStory_2.6.3-release-restored\sources\p345\AbstractC9597.java		data
QStory_2.6.3-release-restored\sources\p345\AbstractC9597.java		headers
QStory_2.6.3-release-restored\sources\p345\AbstractC9597.java		url
QStory_2.6.3-release-restored\sources\p345\AbstractC9597.java		data
QStory_2.6.3-release-restored\sources\p345\AbstractC9597.java		url
QStory_2.6.3-release-restored\sources\p345\AbstractC9597.java		headers
QStory_2.6.3-release-restored\sources\p345\AbstractC9597.java		url
QStory_2.6.3-release-restored\sources\p345\AbstractC9597.java		url
QStory_2.6.3-release-restored\sources\p345\AbstractC9597.java		path
QStory_2.6.3-release-restored\sources\p345\AbstractC9597.java		headers
QStory_2.6.3-release-restored\sources\p345\AbstractC9597.java		url
QStory_2.6.3-release-restored\sources\p345\AbstractC9597.java		path
QStory_2.6.3-release-restored\sources\p345\AbstractC9602.java		群号
QStory_2.6.3-release-restored\sources\p345\AbstractC9602.java		群号
QStory_2.6.3-release-restored\sources\p345\AbstractC9602.java		uin
QStory_2.6.3-release-restored\sources\p345\AbstractC9602.java		uin
QStory_2.6.3-release-restored\sources\p345\AbstractC9602.java		群号
QStory_2.6.3-release-restored\sources\p345\AbstractC9602.java		uin
QStory_2.6.3-release-restored\sources\p345\AbstractC9602.java		uin
QStory_2.6.3-release-restored\sources\p345\AbstractC9602.java		群号
QStory_2.6.3-release-restored\sources\p345\AbstractC9602.java		群号
QStory_2.6.3-release-restored\sources\p345\AbstractC9602.java		群号
QStory_2.6.3-release-restored\sources\p345\AbstractC9602.java		title
QStory_2.6.3-release-restored\sources\p345\AbstractC9602.java		头衔
QStory_2.6.3-release-restored\sources\p345\AbstractC9602.java		title
QStory_2.6.3-release-restored\sources\p345\AbstractC9602.java		群号
QStory_2.6.3-release-restored\sources\p345\AbstractC9602.java		time
QStory_2.6.3-release-restored\sources\p345\AbstractC9602.java		time
QStory_2.6.3-release-restored\sources\p345\AbstractC9602.java		kick
QStory_2.6.3-release-restored\sources\p345\AbstractC9602.java		群号
QStory_2.6.3-release-restored\sources\p345\C9588.java		args
QStory_2.6.3-release-restored\sources\p345\C9588.java		args
QStory_2.6.3-release-restored\sources\p345\C9588.java		key
QStory_2.6.3-release-restored\sources\p345\C9589.java		name
QStory_2.6.3-release-restored\sources\p345\C9589.java		boolean
QStory_2.6.3-release-restored\sources\p345\C9589.java		type
QStory_2.6.3-release-restored\sources\p345\C9589.java		name
QStory_2.6.3-release-restored\sources\p345\C9589.java		integer
QStory_2.6.3-release-restored\sources\p345\C9589.java		type
QStory_2.6.3-release-restored\sources\p345\C9589.java		name
QStory_2.6.3-release-restored\sources\p345\C9589.java		number
QStory_2.6.3-release-restored\sources\p345\C9589.java		type
QStory_2.6.3-release-restored\sources\p345\C9589.java		name
QStory_2.6.3-release-restored\sources\p345\C9589.java		object
QStory_2.6.3-release-restored\sources\p345\C9589.java		type
QStory_2.6.3-release-restored\sources\p345\C9589.java		name
QStory_2.6.3-release-restored\sources\p345\C9589.java		string
QStory_2.6.3-release-restored\sources\p345\C9589.java		type
QStory_2.6.3-release-restored\sources\p345\C9592.java		id
QStory_2.6.3-release-restored\sources\p345\C9592.java		title
QStory_2.6.3-release-restored\sources\p345\C9592.java		block
QStory_2.6.3-release-restored\sources\p345\C9593.java		block
QStory_2.6.3-release-restored\sources\p345\C9595.java		key
QStory_2.6.3-release-restored\sources\p345\C9599.java		args
QStory_2.6.3-release-restored\sources\p345\C9599.java		count
QStory_2.6.3-release-restored\sources\p345\C9599.java		cmd
QStory_2.6.3-release-restored\sources\p345\C9599.java		uin
QStory_2.6.3-release-restored\sources\p345\C9599.java		args
QStory_2.6.3-release-restored\sources\p345\C9599.java		url
QStory_2.6.3-release-restored\sources\p345\C9599.java		data
QStory_2.6.3-release-restored\sources\p345\C9599.java		<this>
QStory_2.6.3-release-restored\sources\p345\C9599.java		name
QStory_2.6.3-release-restored\sources\p345\C9599.java		headers
QStory_2.6.3-release-restored\sources\p345\C9599.java		args
QStory_2.6.3-release-restored\sources\p345\C9599.java		url
QStory_2.6.3-release-restored\sources\p345\C9599.java		path
QStory_2.6.3-release-restored\sources\p345\C9599.java		headers
QStory_2.6.3-release-restored\sources\p345\C9599.java		args
QStory_2.6.3-release-restored\sources\p345\C9599.java		url
QStory_2.6.3-release-restored\sources\p345\C9599.java		headers
QStory_2.6.3-release-restored\sources\p345\C9599.java		args
QStory_2.6.3-release-restored\sources\p345\C9599.java		url
QStory_2.6.3-release-restored\sources\p345\C9599.java		headers
QStory_2.6.3-release-restored\sources\p345\C9600.java		block
QStory_2.6.3-release-restored\sources\p345\C9600.java		QQ号
QStory_2.6.3-release-restored\sources\p345\C9600.java		昵称
QStory_2.6.3-release-restored\sources\p345\C9601.java		friend
QStory_2.6.3-release-restored\sources\p345\C9601.java		friend
QStory_2.6.3-release-restored\sources\p345\C9601.java		group
QStory_2.6.3-release-restored\sources\p345\C9601.java		group
QStory_2.6.3-release-restored\sources\p345\C9601.java		group
QStory_2.6.3-release-restored\sources\p345\C9601.java		peerUid
QStory_2.6.3-release-restored\sources\p345\C9601.java		peerUid
QStory_2.6.3-release-restored\sources\p345\C9601.java		Timeout
QStory_2.6.3-release-restored\sources\p345\C9601.java		 err=
QStory_2.6.3-release-restored\sources\p345\C9601.java		block
QStory_2.6.3-release-restored\sources\p345\C9601.java		block
QStory_2.6.3-release-restored\sources\p345\C9603.java		values
QStory_2.6.3-release-restored\sources\p345\C9604.java		block
QStory_2.6.3-release-restored\sources\p345\C9605.java		block
QStory_2.6.3-release-restored\sources\p346\C9606.java		it
QStory_2.6.3-release-restored\sources\p346\C9606.java		it
QStory_2.6.3-release-restored\sources\p346\C9606.java		it
QStory_2.6.3-release-restored\sources\p346\C9606.java		it
QStory_2.6.3-release-restored\sources\p346\C9606.java		dialog
QStory_2.6.3-release-restored\sources\p346\C9606.java		troops
QStory_2.6.3-release-restored\sources\p347\C9610.java		onClick
QStory_2.6.3-release-restored\sources\p347\C9610.java		onClick
QStory_2.6.3-release-restored\sources\p347\C9611.java		param
QStory_2.6.3-release-restored\sources\p347\C9613.java		path
QStory_2.6.3-release-restored\sources\p347\C9613.java		qstory
QStory_2.6.3-release-restored\sources\p347\C9613.java		/Cache
QStory_2.6.3-release-restored\sources\p347\C9613.java		/Log
QStory_2.6.3-release-restored\sources\p347\C9613.java		doStep
QStory_2.6.3-release-restored\sources\p347\C9613.java		doStep
QStory_2.6.3-release-restored\sources\p347\C9613.java		start
QStory_2.6.3-release-restored\sources\p348\C9614.java		未知
QStory_2.6.3-release-restored\sources\p348\C9614.java		未知
QStory_2.6.3-release-restored\sources\p348\C9614.java		uin
QStory_2.6.3-release-restored\sources\p348\C9614.java		label
QStory_2.6.3-release-restored\sources\p350\C9617.java		QStory
QStory_2.6.3-release-restored\sources\p350\C9617.java		清除
QStory_2.6.3-release-restored\sources\p350\C9617.java		功能
QStory_2.6.3-release-restored\sources\p350\C9617.java		目录
QStory_2.6.3-release-restored\sources\p350\C9617.java		分组
QStory_2.6.3-release-restored\sources\p350\C9617.java		标签:
QStory_2.6.3-release-restored\sources\p350\C9617.java		无
QStory_2.6.3-release-restored\sources\p350\C9617.java		QQ:
QStory_2.6.3-release-restored\sources\p350\C9617.java		QStory:
QStory_2.6.3-release-restored\sources\p352\C9620.java		list
QStory_2.6.3-release-restored\sources\p352\C9620.java		list
QStory_2.6.3-release-restored\sources\p352\C9623.java		onClick
QStory_2.6.3-release-restored\sources\p352\C9631.java		peerUid
QStory_2.6.3-release-restored\sources\p352\C9631.java		authkey
QStory_2.6.3-release-restored\sources\p352\C9631.java		billNo
QStory_2.6.3-release-restored\sources\p352\C9631.java		notice
QStory_2.6.3-release-restored\sources\p352\C9631.java		\|
QStory_2.6.3-release-restored\sources\p352\C9631.java		)\n
QStory_2.6.3-release-restored\sources\p352\RunnableC9630.java		delay
QStory_2.6.3-release-restored\sources\p352\RunnableC9630.java		hb
QStory_2.6.3-release-restored\sources\p354\C9636.java		authkey
QStory_2.6.3-release-restored\sources\p354\C9636.java		hb_from
QStory_2.6.3-release-restored\sources\p354\C9636.java		groupid
QStory_2.6.3-release-restored\sources\p354\C9636.java		channel
QStory_2.6.3-release-restored\sources\p354\C9636.java		listid
QStory_2.6.3-release-restored\sources\p354\C9636.java		answer
QStory_2.6.3-release-restored\sources\p354\C9636.java		tinyid
QStory_2.6.3-release-restored\sources\p354\C9636.java		name
QStory_2.6.3-release-restored\sources\p354\C9636.java		uin
QStory_2.6.3-release-restored\sources\p354\C9636.java		msg_md5
QStory_2.6.3-release-restored\sources\p354\C9636.java		msg_seq
QStory_2.6.3-release-restored\sources\p354\C9636.java		msg_id
QStory_2.6.3-release-restored\sources\p354\C9636.java		UTF-8
QStory_2.6.3-release-restored\sources\p354\C9636.java		cgiName
QStory_2.6.3-release-restored\sources\p354\C9636.java		set
QStory_2.6.3-release-restored\sources\p354\C9636.java		reqBody
QStory_2.6.3-release-restored\sources\p354\C9636.java		set
QStory_2.6.3-release-restored\sources\p354\C9636.java		cmd
QStory_2.6.3-release-restored\sources\p354\C9636.java		data
QStory_2.6.3-release-restored\sources\p354\C9636.java		timeout
QStory_2.6.3-release-restored\sources\p354\C9636.java		cgiName
QStory_2.6.3-release-restored\sources\p354\C9636.java		set
QStory_2.6.3-release-restored\sources\p354\C9636.java		reqBody
QStory_2.6.3-release-restored\sources\p354\C9636.java		set
QStory_2.6.3-release-restored\sources\p354\C9636.java		cmd
QStory_2.6.3-release-restored\sources\p354\C9636.java		data
QStory_2.6.3-release-restored\sources\p354\C9636.java		timeout
QStory_2.6.3-release-restored\sources\p355\C9637.java		uin
QStory_2.6.3-release-restored\sources\p355\C9637.java		nick
QStory_2.6.3-release-restored\sources\p355\C9637.java		remark
QStory_2.6.3-release-restored\sources\p355\C9637.java		age
QStory_2.6.3-release-restored\sources\p355\C9637.java		sex
QStory_2.6.3-release-restored\sources\p355\C9637.java		uid
QStory_2.6.3-release-restored\sources\p355\C9637.java		uin
QStory_2.6.3-release-restored\sources\p358\C9646.java		context
QStory_2.6.3-release-restored\sources\p358\C9646.java		parent
QStory_2.6.3-release-restored\sources\p358\C9646.java		holder
QStory_2.6.3-release-restored\sources\p358\C9646.java		/640/
QStory_2.6.3-release-restored\sources\p361\C9663.java		8.8.8.8
QStory_2.6.3-release-restored\sources\p361\C9663.java		8.8.4.4
QStory_2.6.3-release-restored\sources\p361\C9663.java		1.1.1.1
QStory_2.6.3-release-restored\sources\p361\C9663.java		1.0.0.1
QStory_2.6.3-release-restored\sources\p362\AbstractC9667.java		_time
QStory_2.6.3-release-restored\sources\p362\AbstractC9667.java		_time
QStory_2.6.3-release-restored\sources\p362\AbstractC9667.java		_time
QStory_2.6.3-release-restored\sources\p362\C9665.java		_time
QStory_2.6.3-release-restored\sources\p362\C9665.java		uin
QStory_2.6.3-release-restored\sources\p362\C9665.java		group
QStory_2.6.3-release-restored\sources\p362\C9665.java		role
QStory_2.6.3-release-restored\sources\p362\C9665.java		OWNER
QStory_2.6.3-release-restored\sources\p362\C9665.java		ADMIN
QStory_2.6.3-release-restored\sources\p362\C9665.java		group
QStory_2.6.3-release-restored\sources\p362\C9665.java		uin
QStory_2.6.3-release-restored\sources\p363\C9669.java		dnsList
QStory_2.6.3-release-restored\sources\p365\C9676.java		msgSeq
QStory_2.6.3-release-restored\sources\p365\C9676.java		emojiId
QStory_2.6.3-release-restored\sources\p365\C9676.java		type
QStory_2.6.3-release-restored\sources\p365\C9676.java		p6
QStory_2.6.3-release-restored\sources\p365\C9676.java		p7
QStory_2.6.3-release-restored\sources\p365\C9676.java		decoder
QStory_2.6.3-release-restored\sources\p365\C9676.java		encoder
QStory_2.6.3-release-restored\sources\p365\C9676.java		value
QStory_2.6.3-release-restored\sources\p365\C9679.java		command
QStory_2.6.3-release-restored\sources\p365\C9679.java		result
QStory_2.6.3-release-restored\sources\p365\C9679.java		decoder
QStory_2.6.3-release-restored\sources\p365\C9679.java		encoder
QStory_2.6.3-release-restored\sources\p365\C9679.java		value
QStory_2.6.3-release-restored\sources\p365\C9680.java		number
QStory_2.6.3-release-restored\sources\p365\C9680.java		number
QStory_2.6.3-release-restored\sources\p365\C9680.java		number
QStory_2.6.3-release-restored\sources\p365\C9680.java		number
QStory_2.6.3-release-restored\sources\p365\C9681.java		, type=
QStory_2.6.3-release-restored\sources\p365\C9681.java		, p6=
QStory_2.6.3-release-restored\sources\p365\C9681.java		, p7=
QStory_2.6.3-release-restored\sources\p365\C9681.java		emojiId
QStory_2.6.3-release-restored\sources\p366\C9684.java		key
QStory_2.6.3-release-restored\sources\p366\C9684.java		info
QStory_2.6.3-release-restored\sources\p366\C9684.java		, info=
QStory_2.6.3-release-restored\sources\p366\C9685.java		key
QStory_2.6.3-release-restored\sources\p366\C9685.java		info
QStory_2.6.3-release-restored\sources\p366\C9685.java		, info=
QStory_2.6.3-release-restored\sources\p366\C9686.java		key
QStory_2.6.3-release-restored\sources\p366\C9686.java		info
QStory_2.6.3-release-restored\sources\p366\C9686.java		, info=
QStory_2.6.3-release-restored\sources\p366\C9687.java		key
QStory_2.6.3-release-restored\sources\p366\C9687.java		info
QStory_2.6.3-release-restored\sources\p366\C9687.java		, info=
QStory_2.6.3-release-restored\sources\p366\C9688.java		2.6.3
QStory_2.6.3-release-restored\sources\p366\C9688.java		QQ:
QStory_2.6.3-release-restored\sources\p366\C9688.java		keyword
QStory_2.6.3-release-restored\sources\p367\AbstractC9690.java		content
QStory_2.6.3-release-restored\sources\p368\AbstractC9694.java		gps
QStory_2.6.3-release-restored\sources\p368\AbstractC9694.java		network
QStory_2.6.3-release-restored\sources\p368\AbstractC9694.java		gps
QStory_2.6.3-release-restored\sources\p368\AbstractC9694.java		gps
QStory_2.6.3-release-restored\sources\p368\AbstractC9694.java		network
QStory_2.6.3-release-restored\sources\p368\AbstractC9694.java		network
QStory_2.6.3-release-restored\sources\p368\AbstractC9699.java		CHECK_
QStory_2.6.3-release-restored\sources\p368\AbstractC9699.java		CHECK_
QStory_2.6.3-release-restored\sources\p368\AbstractC9699.java		CHECK_
QStory_2.6.3-release-restored\sources\p368\C9693.java		OcrUtil
QStory_2.6.3-release-restored\sources\p368\C9693.java		OcrUtil
QStory_2.6.3-release-restored\sources\p368\C9693.java		OcrUtil
QStory_2.6.3-release-restored\sources\p368\C9693.java		OcrUtil
QStory_2.6.3-release-restored\sources\p368\C9693.java		OcrUtil
QStory_2.6.3-release-restored\sources\p368\C9693.java		ocr
QStory_2.6.3-release-restored\sources\p368\C9693.java		close
QStory_2.6.3-release-restored\sources\p368\RunnableC9696.java		friends
QStory_2.6.3-release-restored\sources\p368\RunnableC9696.java		Run Log
QStory_2.6.3-release-restored\sources\p368\RunnableC9697.java		gps
QStory_2.6.3-release-restored\sources\p368\RunnableC9697.java		network
QStory_2.6.3-release-restored\sources\p368\RunnableC9697.java		<this>
QStory_2.6.3-release-restored\sources\p368\RunnableC9697.java		error: 
QStory_2.6.3-release-restored\sources\p368\RunnableC9697.java		<this>
QStory_2.6.3-release-restored\sources\p368\RunnableC9697.java		error: 
QStory_2.6.3-release-restored\sources\p368\RunnableC9697.java		成功 
QStory_2.6.3-release-restored\sources\p368\RunnableC9697.java		 个
QStory_2.6.3-release-restored\sources\p368\RunnableC9697.java		 个
QStory_2.6.3-release-restored\sources\p368\RunnableC9697.java		成功 
QStory_2.6.3-release-restored\sources\p368\RunnableC9697.java		 个
QStory_2.6.3-release-restored\sources\p368\RunnableC9697.java		 个
QStory_2.6.3-release-restored\sources\p368\RunnableC9697.java		关闭
QStory_2.6.3-release-restored\sources\p368\RunnableC9697.java		成功 
QStory_2.6.3-release-restored\sources\p368\RunnableC9697.java		 个
QStory_2.6.3-release-restored\sources\p368\RunnableC9697.java		 个
QStory_2.6.3-release-restored\sources\p368\RunnableC9697.java		成功 
QStory_2.6.3-release-restored\sources\p368\RunnableC9697.java		 个
QStory_2.6.3-release-restored\sources\p368\RunnableC9697.java		 个
QStory_2.6.3-release-restored\sources\p369\C9700.java		list
QStory_2.6.3-release-restored\sources\p369\C9700.java		parent
QStory_2.6.3-release-restored\sources\p370\C9705.java		friend
QStory_2.6.3-release-restored\sources\p370\C9706.java		uin
QStory_2.6.3-release-restored\sources\p370\C9706.java		remark
QStory_2.6.3-release-restored\sources\p370\C9706.java		分组 
QStory_2.6.3-release-restored\sources\p370\C9707.java		holder
QStory_2.6.3-release-restored\sources\p370\C9707.java		holder
QStory_2.6.3-release-restored\sources\p370\C9707.java		remark
QStory_2.6.3-release-restored\sources\p370\C9707.java		remark
QStory_2.6.3-release-restored\sources\p370\C9707.java		  QQ: 
QStory_2.6.3-release-restored\sources\p370\C9707.java		QQ: 
QStory_2.6.3-release-restored\sources\p370\C9707.java		context
QStory_2.6.3-release-restored\sources\p370\C9707.java		parent
QStory_2.6.3-release-restored\sources\p370\C9707.java		context
QStory_2.6.3-release-restored\sources\p370\C9707.java		parent
QStory_2.6.3-release-restored\sources\p370\C9709.java		troop
QStory_2.6.3-release-restored\sources\p370\C9714.java		holder
QStory_2.6.3-release-restored\sources\p370\C9714.java		holder
QStory_2.6.3-release-restored\sources\p370\C9714.java		/640/
QStory_2.6.3-release-restored\sources\p370\C9714.java		context
QStory_2.6.3-release-restored\sources\p370\C9714.java		parent
QStory_2.6.3-release-restored\sources\p370\C9714.java		context
QStory_2.6.3-release-restored\sources\p370\C9714.java		parent
QStory_2.6.3-release-restored\sources\p370\C9715.java		其他
QStory_2.6.3-release-restored\sources\p370\C9717.java		data
QStory_2.6.3-release-restored\sources\p370\C9717.java		context
QStory_2.6.3-release-restored\sources\p370\C9717.java		parent
QStory_2.6.3-release-restored\sources\p370\C9717.java		holder
QStory_2.6.3-release-restored\sources\p371\C9720.java		dialog
QStory_2.6.3-release-restored\sources\p371\C9720.java		friends
QStory_2.6.3-release-restored\sources\p371\C9727.java		确定
QStory_2.6.3-release-restored\sources\p371\C9727.java		uinList
QStory_2.6.3-release-restored\sources\p371\C9727.java		uinList
QStory_2.6.3-release-restored\sources\p400\C9833.java		text
QStory_2.6.3-release-restored\sources\p400\C9833.java		decoder
QStory_2.6.3-release-restored\sources\p400\C9833.java		encoder
QStory_2.6.3-release-restored\sources\p400\C9833.java		value
QStory_2.6.3-release-restored\sources\p400\C9835.java		decoder
QStory_2.6.3-release-restored\sources\p400\C9835.java		encoder
QStory_2.6.3-release-restored\sources\p400\C9835.java		value
QStory_2.6.3-release-restored\sources\p400\C9840.java		textMsg
QStory_2.6.3-release-restored\sources\p400\C9840.java		decoder
QStory_2.6.3-release-restored\sources\p400\C9840.java		encoder
QStory_2.6.3-release-restored\sources\p400\C9840.java		value
QStory_2.6.3-release-restored\sources\p400\C9841.java		msgInfo
QStory_2.6.3-release-restored\sources\p400\C9843.java		decoder
QStory_2.6.3-release-restored\sources\p400\C9843.java		encoder
QStory_2.6.3-release-restored\sources\p400\C9843.java		value
QStory_2.6.3-release-restored\sources\p400\C9844.java		, info=
QStory_2.6.3-release-restored\sources\p400\C9844.java		info
QStory_2.6.3-release-restored\sources\p400\C9846.java		info
QStory_2.6.3-release-restored\sources\p400\C9849.java		msgTime
QStory_2.6.3-release-restored\sources\p400\C9849.java		msgSeq
QStory_2.6.3-release-restored\sources\p400\C9849.java		decoder
QStory_2.6.3-release-restored\sources\p400\C9849.java		encoder
QStory_2.6.3-release-restored\sources\p400\C9849.java		value
QStory_2.6.3-release-restored\sources\p400\C9852.java		msgSeq
QStory_2.6.3-release-restored\sources\p400\C9852.java		msgTime
QStory_2.6.3-release-restored\sources\p400\C9852.java		decoder
QStory_2.6.3-release-restored\sources\p400\C9852.java		encoder
QStory_2.6.3-release-restored\sources\p400\C9852.java		value
QStory_2.6.3-release-restored\sources\p400\C9854.java		msgInfo
QStory_2.6.3-release-restored\sources\p400\C9854.java		decoder
QStory_2.6.3-release-restored\sources\p400\C9854.java		encoder
QStory_2.6.3-release-restored\sources\p400\C9854.java		value
QStory_2.6.3-release-restored\sources\p400\C9856.java		peerId
QStory_2.6.3-release-restored\sources\p400\C9856.java		info
QStory_2.6.3-release-restored\sources\p400\C9856.java		msgSeq
QStory_2.6.3-release-restored\sources\p400\C9856.java		decoder
QStory_2.6.3-release-restored\sources\p400\C9856.java		encoder
QStory_2.6.3-release-restored\sources\p400\C9856.java		value
QStory_2.6.3-release-restored\sources\p400\C9859.java		msgSeq
QStory_2.6.3-release-restored\sources\p400\C9859.java		decoder
QStory_2.6.3-release-restored\sources\p400\C9859.java		encoder
QStory_2.6.3-release-restored\sources\p400\C9859.java		value
QStory_2.6.3-release-restored\sources\p400\C9860.java		peerUid
QStory_2.6.3-release-restored\sources\p400\C9862.java		peerUid
QStory_2.6.3-release-restored\sources\p400\C9862.java		msgSeq
QStory_2.6.3-release-restored\sources\p400\C9862.java		decoder
QStory_2.6.3-release-restored\sources\p400\C9862.java		encoder
QStory_2.6.3-release-restored\sources\p400\C9862.java		value
QStory_2.6.3-release-restored\sources\p400\C9865.java		richMsg
QStory_2.6.3-release-restored\sources\p400\C9865.java		decoder
QStory_2.6.3-release-restored\sources\p400\C9865.java		encoder
QStory_2.6.3-release-restored\sources\p400\C9865.java		value
QStory_2.6.3-release-restored\sources\p400\C9866.java		info
QStory_2.6.3-release-restored\sources\p400\C9866.java		decoder
QStory_2.6.3-release-restored\sources\p400\C9866.java		encoder
QStory_2.6.3-release-restored\sources\p400\C9866.java		value
QStory_2.6.3-release-restored\sources\p400\C9867.java		decoder
QStory_2.6.3-release-restored\sources\p400\C9867.java		encoder
QStory_2.6.3-release-restored\sources\p400\C9867.java		value
QStory_2.6.3-release-restored\sources\p400\C9870.java		subHead
QStory_2.6.3-release-restored\sources\p400\C9870.java		decoder
QStory_2.6.3-release-restored\sources\p400\C9870.java		encoder
QStory_2.6.3-release-restored\sources\p400\C9870.java		value
QStory_2.6.3-release-restored\sources\p400\C9873.java		decoder
QStory_2.6.3-release-restored\sources\p400\C9873.java		encoder
QStory_2.6.3-release-restored\sources\p400\C9873.java		value
QStory_2.6.3-release-restored\sources\p400\C9875.java		decoder
QStory_2.6.3-release-restored\sources\p400\C9875.java		encoder
QStory_2.6.3-release-restored\sources\p400\C9875.java		value
QStory_2.6.3-release-restored\sources\p400\C9876.java		number
QStory_2.6.3-release-restored\sources\p400\C9877.java		type
QStory_2.6.3-release-restored\sources\p400\C9877.java		pushId
QStory_2.6.3-release-restored\sources\p400\C9877.java		decoder
QStory_2.6.3-release-restored\sources\p400\C9877.java		encoder
QStory_2.6.3-release-restored\sources\p400\C9877.java		value
QStory_2.6.3-release-restored\sources\p400\C9883.java		peerId
QStory_2.6.3-release-restored\sources\p400\C9883.java		decoder
QStory_2.6.3-release-restored\sources\p400\C9883.java		encoder
QStory_2.6.3-release-restored\sources\p400\C9883.java		value
QStory_2.6.3-release-restored\sources\p400\C9885.java		decoder
QStory_2.6.3-release-restored\sources\p400\C9885.java		encoder
QStory_2.6.3-release-restored\sources\p400\C9885.java		value
QStory_2.6.3-release-restored\sources\p400\C9891.java		msgType
QStory_2.6.3-release-restored\sources\p400\C9891.java		subSeq
QStory_2.6.3-release-restored\sources\p400\C9891.java		msgSeq
QStory_2.6.3-release-restored\sources\p400\C9891.java		msgTime
QStory_2.6.3-release-restored\sources\p400\C9891.java		decoder
QStory_2.6.3-release-restored\sources\p400\C9891.java		encoder
QStory_2.6.3-release-restored\sources\p400\C9891.java		value
QStory_2.6.3-release-restored\sources\top\yukonga\miuix\kmp\utils\C6886.java		content
QStory_2.6.3-release-restored\sources\top\yukonga\miuix\kmp\utils\C6886.java		备注
QStory_2.6.3-release-restored\sources\top\yukonga\miuix\kmp\utils\C6886.java		昵称
QStory_2.6.3-release-restored\sources\top\yukonga\miuix\kmp\utils\C6886.java		会员
QStory_2.6.3-release-restored\sources\top\yukonga\miuix\kmp\utils\C6886.java		群名
QStory_2.6.3-release-restored\sources\top\yukonga\miuix\kmp\utils\C6886.java		群主
QStory_2.6.3-release-restored\sources\top\yukonga\miuix\kmp\utils\C6886.java		block
QStory_2.6.3-release-restored\sources\top\yukonga\miuix\kmp\utils\C6886.java		备注
QStory_2.6.3-release-restored\sources\top\yukonga\miuix\kmp\utils\C6886.java		昵称
QStory_2.6.3-release-restored\sources\top\yukonga\miuix\kmp\utils\C6886.java		性别
QStory_2.6.3-release-restored\sources\top\yukonga\miuix\kmp\utils\C6886.java		年龄
QStory_2.6.3-release-restored\sources\top\yukonga\miuix\kmp\utils\C6886.java		holder
QStory_2.6.3-release-restored\sources\top\suzhelan\qstory\FixApplication.java		/config
QStory_2.6.3-release-restored\sources\top\suzhelan\qstory\FixApplication.java		path
QStory_2.6.3-release-restored\sources\top\suzhelan\qstory\entity\Notice.java		content
QStory_2.6.3-release-restored\sources\top\suzhelan\qstory\entity\Notice.java		title
QStory_2.6.3-release-restored\sources\top\suzhelan\qstory\entity\Notice.java		content
QStory_2.6.3-release-restored\sources\top\suzhelan\qstory\entity\Notice.java		title
QStory_2.6.3-release-restored\sources\top\suzhelan\qstory\entity\UpdateInfo.java		time
QStory_2.6.3-release-restored\sources\top\suzhelan\qstory\entity\UpdateInfo.java		time
QStory_2.6.3-release-restored\sources\top\suzhelan\qstory\entity\UpdateInfo.java		, id=
QStory_2.6.3-release-restored\sources\top\suzhelan\qstory\entity\UpdateInfo.java		, time=
QStory_2.6.3-release-restored\sources\top\suzhelan\qstory\hook\InjectHook.java		init
QStory_2.6.3-release-restored\sources\top\suzhelan\qstory\loader\CoreLoader.java		{}
QStory_2.6.3-release-restored\sources\top\suzhelan\qstory\p015ui\activity\C6791.java		context
QStory_2.6.3-release-restored\sources\top\suzhelan\qstory\p015ui\activity\C6791.java		root
QStory_2.6.3-release-restored\sources\top\suzhelan\qstory\p015ui\activity\C6791.java		root
QStory_2.6.3-release-restored\sources\top\suzhelan\qstory\p015ui\activity\C6791.java		QStory
QStory_2.6.3-release-restored\sources\top\suzhelan\qstory\p015ui\activity\C6791.java		QStory
QStory_2.6.3-release-restored\sources\top\suzhelan\qstory\p015ui\activity\NewMainActivity.java		qstory
QStory_2.6.3-release-restored\sources\top\suzhelan\qstory\p015ui\activity\SettingActivity.java		提示
QStory_2.6.3-release-restored\sources\top\suzhelan\qstory\p015ui\activity\SettingActivityKt$SettingRoute$1$2$1$5$2$1.java		p0
QStory_2.6.3-release-restored\sources\top\suzhelan\qstory\p015ui\activity\SettingActivityKt$SettingRoute$1$2$1$5$3$1.java		p0
QStory_2.6.3-release-restored\sources\top\suzhelan\qstory\p015ui\activity\SettingActivityKt$SettingRoute$1$2$1$5$4$1.java		p0
QStory_2.6.3-release-restored\sources\top\suzhelan\qstory\p015ui\activity\SettingActivityKt$SettingRoute$1$2$1$5$4$1.java		p1
QStory_2.6.3-release-restored\sources\top\suzhelan\qstory\p015ui\activity\SettingActivityKt$SettingRoute$1$2$1$5$5$1.java		p0
QStory_2.6.3-release-restored\sources\top\suzhelan\qstory\p015ui\activity\SettingActivityKt$SettingRoute$1$2$1$5$5$1.java		p1
QStory_2.6.3-release-restored\sources\top\suzhelan\qstory\p015ui\activity\SettingActivityKt$SettingRoute$1$2$3$1.java		p0
QStory_2.6.3-release-restored\sources\top\suzhelan\qstory\p015ui\activity\SettingActivityKt$SettingRoute$1$2$5$1.java		p0
QStory_2.6.3-release-restored\sources\top\suzhelan\qstory\p015ui\activity\SettingActivityKt$SettingRoute$1$2$5$1.java		keyword
QStory_2.6.3-release-restored\sources\top\suzhelan\qstory\p015ui\activity\SettingActivityKt$SettingRoute$1$2$6$1.java		history
QStory_2.6.3-release-restored\sources\top\suzhelan\qstory\p015ui\activity\SettingActivityKt$SettingRoute$1$2$7$1.java		p0
QStory_2.6.3-release-restored\sources\top\suzhelan\qstory\p015ui\activity\SettingActivityKt$SettingRoute$1$2$7$1.java		result
QStory_2.6.3-release-restored\sources\top\suzhelan\qstory\p015ui\components\AbstractC6799.java		items
QStory_2.6.3-release-restored\sources\top\suzhelan\qstory\p015ui\components\AbstractC6799.java		items
QStory_2.6.3-release-restored\sources\top\suzhelan\qstory\p015ui\components\AbstractC6799.java		items
QStory_2.6.3-release-restored\sources\top\suzhelan\qstory\p015ui\components\AbstractC6799.java		功能
QStory_2.6.3-release-restored\sources\top\suzhelan\qstory\p015ui\components\AbstractC6799.java		目录
QStory_2.6.3-release-restored\sources\top\suzhelan\qstory\p015ui\components\AbstractC6799.java		分组
QStory_2.6.3-release-restored\sources\top\suzhelan\qstory\p015ui\components\AbstractC6799.java		uin
QStory_2.6.3-release-restored\sources\top\suzhelan\qstory\p015ui\components\AbstractC6799.java		QQ: 
QStory_2.6.3-release-restored\sources\top\suzhelan\qstory\p015ui\components\AbstractC6799.java		listKey
QStory_2.6.3-release-restored\sources\top\suzhelan\qstory\p015ui\components\AbstractC6799.java		entries
QStory_2.6.3-release-restored\sources\top\suzhelan\qstory\p015ui\components\AbstractC6799.java		keyword
QStory_2.6.3-release-restored\sources\top\suzhelan\qstory\p015ui\components\AbstractC6799.java		history
QStory_2.6.3-release-restored\sources\top\suzhelan\qstory\p015ui\components\AbstractC6799.java		results
QStory_2.6.3-release-restored\sources\top\suzhelan\qstory\p015ui\components\AbstractC6799.java		清除
QStory_2.6.3-release-restored\sources\top\suzhelan\qstory\p015ui\components\AbstractC6799.java		title
QStory_2.6.3-release-restored\sources\top\suzhelan\qstory\p015ui\components\C6797.java		entry
QStory_2.6.3-release-restored\sources\top\suzhelan\qstory\p015ui\components\C6797.java		msg
QStory_2.6.3-release-restored\sources\top\suzhelan\qstory\p015ui\components\C6797.java		确定
QStory_2.6.3-release-restored\sources\top\suzhelan\qstory\p015ui\components\C6797.java		确定
QStory_2.6.3-release-restored\sources\top\suzhelan\qstory\p015ui\components\C6797.java		domain
QStory_2.6.3-release-restored\sources\top\suzhelan\qstory\p015ui\components\C6797.java		args
QStory_2.6.3-release-restored\sources\top\suzhelan\qstory\p015ui\components\C6797.java		block
QStory_2.6.3-release-restored\sources\top\suzhelan\qstory\p015ui\components\C6797.java		bkn
QStory_2.6.3-release-restored\sources\top\suzhelan\qstory\p015ui\components\C6797.java		pskey
QStory_2.6.3-release-restored\sources\top\suzhelan\qstory\p015ui\components\C6797.java		key
QStory_2.6.3-release-restored\sources\top\suzhelan\qstory\p015ui\components\C6797.java		args
QStory_2.6.3-release-restored\sources\top\suzhelan\qstory\p015ui\components\C6797.java		uin
QStory_2.6.3-release-restored\sources\top\suzhelan\qstory\p015ui\components\C6797.java		block
QStory_2.6.3-release-restored\sources\top\suzhelan\qstory\p015ui\components\C6797.java		uin
QStory_2.6.3-release-restored\sources\top\suzhelan\qstory\p015ui\components\C6797.java		key
QStory_2.6.3-release-restored\sources\top\suzhelan\qstory\p015ui\components\C6797.java		key
QStory_2.6.3-release-restored\sources\top\suzhelan\qstory\p015ui\components\C6797.java		args
QStory_2.6.3-release-restored\sources\top\suzhelan\qstory\p015ui\components\C6797.java		key
QStory_2.6.3-release-restored\sources\top\suzhelan\qstory\p015ui\components\C6797.java		domain
QStory_2.6.3-release-restored\sources\top\suzhelan\qstory\p015ui\components\C6797.java		domain
QStory_2.6.3-release-restored\sources\top\suzhelan\qstory\p015ui\components\C6797.java		uin
QStory_2.6.3-release-restored\sources\top\suzhelan\qstory\p015ui\components\C6797.java		path
QStory_2.6.3-release-restored\sources\top\suzhelan\qstory\p015ui\components\C6797.java		block
QStory_2.6.3-release-restored\sources\top\suzhelan\qstory\p015ui\components\C6797.java		base64
QStory_2.6.3-release-restored\sources\top\suzhelan\qstory\p015ui\components\C6797.java		key
QStory_2.6.3-release-restored\sources\top\suzhelan\qstory\p015ui\components\C6797.java		size
QStory_2.6.3-release-restored\sources\top\suzhelan\qstory\p015ui\components\C6797.java		key
QStory_2.6.3-release-restored\sources\top\suzhelan\qstory\p015ui\components\C6797.java		path
QStory_2.6.3-release-restored\sources\top\suzhelan\qstory\p015ui\components\C6797.java		text
QStory_2.6.3-release-restored\sources\top\suzhelan\qstory\p015ui\components\C6797.java		path
QStory_2.6.3-release-restored\sources\top\suzhelan\qstory\p015ui\components\C6797.java		args
QStory_2.6.3-release-restored\sources\top\suzhelan\qstory\p015ui\components\C6797.java		count
QStory_2.6.3-release-restored\sources\top\suzhelan\qstory\p015ui\components\C6797.java		path
QStory_2.6.3-release-restored\sources\top\suzhelan\qstory\p015ui\components\C6797.java		text
QStory_2.6.3-release-restored\sources\top\suzhelan\qstory\p015ui\components\C6797.java		path
QStory_2.6.3-release-restored\sources\top\suzhelan\qstory\p015ui\components\C6797.java		path
QStory_2.6.3-release-restored\sources\top\suzhelan\qstory\p015ui\components\C6797.java		path
QStory_2.6.3-release-restored\sources\top\suzhelan\qstory\p015ui\components\C6797.java		time
QStory_2.6.3-release-restored\sources\top\suzhelan\qstory\p015ui\components\C6797.java		uin
QStory_2.6.3-release-restored\sources\top\suzhelan\qstory\p015ui\components\C6797.java		title
QStory_2.6.3-release-restored\sources\top\suzhelan\qstory\p015ui\components\C6797.java		uin
QStory_2.6.3-release-restored\sources\top\suzhelan\qstory\p015ui\components\C6800.java		提示
QStory_2.6.3-release-restored\sources\top\suzhelan\qstory\p015ui\components\C6803.java		items
QStory_2.6.3-release-restored\sources\top\suzhelan\qstory\p015ui\viewmodel\SettingPageTransitionDirection.java		Forward
QStory_2.6.3-release-restored\sources\top\suzhelan\qstory\p015ui\views\CustomChipGroup.java		context
QStory_2.6.3-release-restored\sources\top\suzhelan\qstory\p015ui\views\CustomChipGroup.java		attrs
QStory_2.6.3-release-restored\sources\top\suzhelan\qstory\p015ui\views\CustomMaterialCheckBox.java		context
QStory_2.6.3-release-restored\sources\top\suzhelan\qstory\p015ui\views\CustomMaterialCheckBox.java		context
QStory_2.6.3-release-restored\sources\top\suzhelan\qstory\p015ui\views\CustomMaterialCheckBox.java		canvas
QStory_2.6.3-release-restored\sources\top\suzhelan\qstory\p015ui\views\CustomMaterialSwitch.java		context
QStory_2.6.3-release-restored\sources\top\suzhelan\qstory\p015ui\views\CustomMaterialSwitch.java		context
QStory_2.6.3-release-restored\sources\top\suzhelan\qstory\p015ui\views\CustomMaterialSwitch.java		canvas
QStory_2.6.3-release-restored\sources\top\suzhelan\qstory\p015ui\views\CustomRecycleView.java		context
QStory_2.6.3-release-restored\sources\top\suzhelan\qstory\p015ui\views\CustomRecycleView.java		attrs
QStory_2.6.3-release-restored\sources\top\suzhelan\qstory\p015ui\views\CustomRecycleView.java		ev
QStory_2.6.3-release-restored\sources\top\suzhelan\qstory\p015ui\views\CustomRecycleView.java		Run Log
QStory_2.6.3-release-restored\sources\top\suzhelan\qstory\p015ui\views\CustomRecycleView.java		Run Log
QStory_2.6.3-release-restored\sources\top\suzhelan\qstory\p015ui\views\CustomShadowLayout.java		context
QStory_2.6.3-release-restored\sources\top\suzhelan\qstory\p015ui\views\CustomShadowLayout.java		attrs
QStory_2.6.3-release-restored\sources\top\suzhelan\qstory\hook\api\C6642.java		param
QStory_2.6.3-release-restored\sources\top\suzhelan\qstory\hook\api\C6642.java		param
QStory_2.6.3-release-restored\sources\top\suzhelan\qstory\hook\api\C6642.java		param
QStory_2.6.3-release-restored\sources\top\suzhelan\qstory\hook\api\C6642.java		param
QStory_2.6.3-release-restored\sources\top\suzhelan\qstory\hook\api\C6642.java		param
QStory_2.6.3-release-restored\sources\top\suzhelan\qstory\hook\api\C6642.java		param
QStory_2.6.3-release-restored\sources\top\suzhelan\qstory\hook\api\C6642.java		size
QStory_2.6.3-release-restored\sources\top\suzhelan\qstory\hook\api\C6642.java		msgType
QStory_2.6.3-release-restored\sources\top\suzhelan\qstory\hook\api\C6642.java		param
QStory_2.6.3-release-restored\sources\top\suzhelan\qstory\hook\api\C6642.java		param
QStory_2.6.3-release-restored\sources\top\suzhelan\qstory\hook\api\C6642.java		param
QStory_2.6.3-release-restored\sources\top\suzhelan\qstory\hook\api\C6642.java		param
QStory_2.6.3-release-restored\sources\top\suzhelan\qstory\hook\api\C6642.java		param
QStory_2.6.3-release-restored\sources\top\suzhelan\qstory\hook\api\C6642.java		param
QStory_2.6.3-release-restored\sources\top\suzhelan\qstory\hook\api\C6642.java		url
QStory_2.6.3-release-restored\sources\top\suzhelan\qstory\hook\api\C6642.java		://
QStory_2.6.3-release-restored\sources\top\suzhelan\qstory\hook\api\C6642.java		://
QStory_2.6.3-release-restored\sources\top\suzhelan\qstory\hook\api\C6642.java		qq.com
QStory_2.6.3-release-restored\sources\top\suzhelan\qstory\hook\api\C6642.java		http://
QStory_2.6.3-release-restored\sources\top\suzhelan\qstory\hook\api\C6642.java		http://
QStory_2.6.3-release-restored\sources\top\suzhelan\qstory\hook\api\C6642.java		param
QStory_2.6.3-release-restored\sources\top\suzhelan\qstory\hook\api\C6642.java		param
QStory_2.6.3-release-restored\sources\top\suzhelan\qstory\hook\api\C6642.java		param
QStory_2.6.3-release-restored\sources\top\suzhelan\qstory\hook\api\C6642.java		args
QStory_2.6.3-release-restored\sources\top\suzhelan\qstory\hook\api\C6642.java		param
QStory_2.6.3-release-restored\sources\top\suzhelan\qstory\hook\api\C6642.java		param
QStory_2.6.3-release-restored\sources\top\suzhelan\qstory\hook\api\C6642.java		param
QStory_2.6.3-release-restored\sources\top\suzhelan\qstory\hook\api\C6642.java		param
QStory_2.6.3-release-restored\sources\top\suzhelan\qstory\hook\api\C6642.java		param
QStory_2.6.3-release-restored\sources\top\suzhelan\qstory\hook\api\C6642.java		param
QStory_2.6.3-release-restored\sources\top\suzhelan\qstory\hook\api\C6643.java		ok
QStory_2.6.3-release-restored\sources\top\suzhelan\qstory\hook\api\C6643.java		id
QStory_2.6.3-release-restored\sources\top\suzhelan\qstory\hook\api\C6643.java		ok
QStory_2.6.3-release-restored\sources\top\suzhelan\qstory\hook\api\C6643.java		id
QStory_2.6.3-release-restored\sources\top\suzhelan\qstory\hook\api\C6643.java		ver
QStory_2.6.3-release-restored\sources\top\suzhelan\qstory\hook\api\C6643.java		id
QStory_2.6.3-release-restored\sources\top\suzhelan\qstory\hook\api\C6644.java		param
QStory_2.6.3-release-restored\sources\top\suzhelan\qstory\hook\api\C6647.java		param
QStory_2.6.3-release-restored\sources\top\suzhelan\qstory\hook\api\C6647.java		msgId
QStory_2.6.3-release-restored\sources\top\suzhelan\qstory\hook\api\C6647.java		param
QStory_2.6.3-release-restored\sources\top\suzhelan\qstory\hook\api\C6647.java		msgId
QStory_2.6.3-release-restored\sources\top\suzhelan\qstory\hook\api\C6647.java		param
QStory_2.6.3-release-restored\sources\top\suzhelan\qstory\hook\api\C6647.java		msgId
QStory_2.6.3-release-restored\sources\top\suzhelan\qstory\hook\api\C6647.java		param
QStory_2.6.3-release-restored\sources\top\suzhelan\qstory\hook\api\C6647.java		msgId
QStory_2.6.3-release-restored\sources\top\suzhelan\qstory\hook\api\C6649.java		param
QStory_2.6.3-release-restored\sources\top\suzhelan\qstory\hook\item\C6706.java		loader
QStory_2.6.3-release-restored\sources\top\suzhelan\qstory\hook\item\C6707.java		query
QStory_2.6.3-release-restored\sources\top\suzhelan\qstory\hook\item\C6707.java		query
QStory_2.6.3-release-restored\sources\top\suzhelan\qstory\hook\item\C6708.java		msgId
QStory_2.6.3-release-restored\sources\top\suzhelan\qstory\hook\item\C6708.java		msgId
QStory_2.6.3-release-restored\sources\top\suzhelan\qstory\hook\item\C6708.java		msgId
QStory_2.6.3-release-restored\sources\top\suzhelan\qstory\hook\item\C6708.java		msgId
QStory_2.6.3-release-restored\sources\top\suzhelan\qstory\hook\item\C6709.java		msgId
QStory_2.6.3-release-restored\sources\top\suzhelan\qstory\hook\item\C6709.java		闪照
QStory_2.6.3-release-restored\sources\top\suzhelan\qstory\hook\item\C6709.java		peerUid
QStory_2.6.3-release-restored\sources\top\suzhelan\qstory\hook\item\C6709.java		msgSeq
QStory_2.6.3-release-restored\sources\top\suzhelan\qstory\hook\item\C6709.java		msgTime
QStory_2.6.3-release-restored\sources\top\suzhelan\qstory\hook\item\C6709.java		被
QStory_2.6.3-release-restored\sources\top\suzhelan\qstory\hook\item\C6709.java		size
QStory_2.6.3-release-restored\sources\top\suzhelan\qstory\hook\item\C6709.java		msgTime
QStory_2.6.3-release-restored\sources\top\suzhelan\qstory\hook\item\C6711.java		loader
QStory_2.6.3-release-restored\sources\top\suzhelan\qstory\hook\item\C6712.java		.apk
QStory_2.6.3-release-restored\sources\top\suzhelan\qstory\hook\item\C6712.java		%n
QStory_2.6.3-release-restored\sources\top\suzhelan\qstory\hook\item\C6712.java		%p
QStory_2.6.3-release-restored\sources\top\suzhelan\qstory\hook\item\C6712.java		%v
QStory_2.6.3-release-restored\sources\top\suzhelan\qstory\hook\item\C6712.java		%c
QStory_2.6.3-release-restored\sources\top\suzhelan\qstory\hook\item\C6712.java		finder
QStory_2.6.3-release-restored\sources\top\suzhelan\qstory\hook\item\C6712.java		finder
QStory_2.6.3-release-restored\sources\top\suzhelan\qstory\hook\item\C6715.java		loader
QStory_2.6.3-release-restored\sources\top\suzhelan\qstory\hook\item\C6717.java		默认
QStory_2.6.3-release-restored\sources\top\suzhelan\qstory\hook\item\C6717.java		最小
QStory_2.6.3-release-restored\sources\top\suzhelan\qstory\hook\item\C6717.java		略小
QStory_2.6.3-release-restored\sources\top\suzhelan\qstory\hook\item\C6717.java		略大
QStory_2.6.3-release-restored\sources\top\suzhelan\qstory\hook\item\C6717.java		最大
QStory_2.6.3-release-restored\sources\top\suzhelan\qstory\hook\item\C6717.java		loader
QStory_2.6.3-release-restored\sources\top\suzhelan\qstory\hook\item\C6717.java		sendMsg
QStory_2.6.3-release-restored\sources\top\suzhelan\qstory\hook\item\C6717.java		默认
QStory_2.6.3-release-restored\sources\top\suzhelan\qstory\hook\item\C6718.java		param
QStory_2.6.3-release-restored\sources\top\suzhelan\qstory\hook\item\C6719.java		run
QStory_2.6.3-release-restored\sources\top\suzhelan\qstory\hook\item\C6719.java		report
QStory_2.6.3-release-restored\sources\top\suzhelan\qstory\hook\item\C6720.java		loader
QStory_2.6.3-release-restored\sources\top\suzhelan\qstory\hook\item\C6721.java		pid
QStory_2.6.3-release-restored\sources\top\suzhelan\qstory\hook\item\C6721.java		wording
QStory_2.6.3-release-restored\sources\top\suzhelan\qstory\hook\item\C6721.java		title
QStory_2.6.3-release-restored\sources\top\suzhelan\qstory\hook\item\C6721.java		wording
QStory_2.6.3-release-restored\sources\top\suzhelan\qstory\hook\item\C6721.java		title
QStory_2.6.3-release-restored\sources\top\suzhelan\qstory\hook\item\C6721.java		弹窗
QStory_2.6.3-release-restored\sources\top\suzhelan\qstory\hook\item\C6722.java		param
QStory_2.6.3-release-restored\sources\top\suzhelan\qstory\hook\item\C6722.java		param
QStory_2.6.3-release-restored\sources\top\suzhelan\qstory\hook\item\C6722.java		param
QStory_2.6.3-release-restored\sources\top\suzhelan\qstory\hook\item\C6722.java		param
QStory_2.6.3-release-restored\sources\top\suzhelan\qstory\hook\item\C6723.java		loader
QStory_2.6.3-release-restored\sources\top\suzhelan\qstory\hook\item\C6723.java		finder
QStory_2.6.3-release-restored\sources\top\suzhelan\qstory\hook\item\C6724.java		loader
QStory_2.6.3-release-restored\sources\top\suzhelan\qstory\hook\item\C6725.java		loader
QStory_2.6.3-release-restored\sources\top\suzhelan\qstory\hook\item\C6726.java		param
QStory_2.6.3-release-restored\sources\top\suzhelan\qstory\hook\item\C6726.java		args
QStory_2.6.3-release-restored\sources\top\suzhelan\qstory\hook\item\C6726.java		state
QStory_2.6.3-release-restored\sources\top\suzhelan\qstory\hook\item\C6726.java		param
QStory_2.6.3-release-restored\sources\top\suzhelan\qstory\hook\item\C6726.java		param
QStory_2.6.3-release-restored\sources\top\suzhelan\qstory\hook\item\C6728.java		loader
QStory_2.6.3-release-restored\sources\top\suzhelan\qstory\hook\item\C6729.java		loader
QStory_2.6.3-release-restored\sources\top\suzhelan\qstory\hook\item\C6730.java		finder
QStory_2.6.3-release-restored\sources\top\suzhelan\qstory\hook\item\C6730.java		finder
QStory_2.6.3-release-restored\sources\top\suzhelan\qstory\hook\item\C6731.java		loader
QStory_2.6.3-release-restored\sources\top\suzhelan\qstory\hook\item\C6732.java		finder
QStory_2.6.3-release-restored\sources\top\suzhelan\qstory\hook\item\C6732.java		finder
QStory_2.6.3-release-restored\sources\top\suzhelan\qstory\hook\item\C6732.java		oom
QStory_2.6.3-release-restored\sources\top\suzhelan\qstory\hook\item\C6735.java		loader
QStory_2.6.3-release-restored\sources\top\suzhelan\qstory\hook\item\C6735.java		onTick
QStory_2.6.3-release-restored\sources\top\suzhelan\qstory\hook\item\C6736.java		loader
QStory_2.6.3-release-restored\sources\top\suzhelan\qstory\hook\item\C6736.java		getView
QStory_2.6.3-release-restored\sources\top\suzhelan\qstory\hook\item\C6736.java		finder
QStory_2.6.3-release-restored\sources\top\suzhelan\qstory\hook\item\C6736.java		<set-?>
QStory_2.6.3-release-restored\sources\top\suzhelan\qstory\hook\item\C6736.java		finder
QStory_2.6.3-release-restored\sources\top\suzhelan\qstory\hook\item\C6737.java		loader
QStory_2.6.3-release-restored\sources\top\suzhelan\qstory\hook\item\C6738.java		相机
QStory_2.6.3-release-restored\sources\top\suzhelan\qstory\hook\item\C6738.java		语音
QStory_2.6.3-release-restored\sources\top\suzhelan\qstory\hook\item\C6743.java		peerUid
QStory_2.6.3-release-restored\sources\top\suzhelan\qstory\hook\item\C6743.java		msgId
QStory_2.6.3-release-restored\sources\top\suzhelan\qstory\hook\item\C6743.java		/0
QStory_2.6.3-release-restored\sources\top\suzhelan\qstory\hook\item\C6743.java		url
QStory_2.6.3-release-restored\sources\top\suzhelan\qstory\hook\item\C6743.java		龙图
QStory_2.6.3-release-restored\sources\top\suzhelan\qstory\hook\item\C6743.java		龙梗
QStory_2.6.3-release-restored\sources\top\suzhelan\qstory\hook\item\C6743.java		龙图
QStory_2.6.3-release-restored\sources\top\suzhelan\qstory\hook\item\C6743.java		result
QStory_2.6.3-release-restored\sources\top\suzhelan\qstory\hook\item\C6743.java		url
QStory_2.6.3-release-restored\sources\top\suzhelan\qstory\hook\item\C6743.java		柴郡
QStory_2.6.3-release-restored\sources\top\suzhelan\qstory\hook\item\C6743.java		猫猫
QStory_2.6.3-release-restored\sources\top\suzhelan\qstory\hook\item\C6743.java		result
QStory_2.6.3-release-restored\sources\top\suzhelan\qstory\hook\item\C6743.java		url
QStory_2.6.3-release-restored\sources\top\suzhelan\qstory\hook\item\C6743.java		龙图
QStory_2.6.3-release-restored\sources\top\suzhelan\qstory\hook\item\C6743.java		龙梗
QStory_2.6.3-release-restored\sources\top\suzhelan\qstory\hook\item\C6743.java		龙图
QStory_2.6.3-release-restored\sources\top\suzhelan\qstory\hook\item\C6743.java		result
QStory_2.6.3-release-restored\sources\top\suzhelan\qstory\hook\item\C6743.java		url
QStory_2.6.3-release-restored\sources\top\suzhelan\qstory\hook\item\C6743.java		柴郡
QStory_2.6.3-release-restored\sources\top\suzhelan\qstory\hook\item\C6743.java		猫猫
QStory_2.6.3-release-restored\sources\top\suzhelan\qstory\hook\item\C6743.java		result
QStory_2.6.3-release-restored\sources\top\suzhelan\qstory\hook\item\C6743.java		peerUid
QStory_2.6.3-release-restored\sources\top\suzhelan\qstory\hook\item\C6743.java		msgId
QStory_2.6.3-release-restored\sources\top\suzhelan\qstory\hook\item\C6743.java		/0
QStory_2.6.3-release-restored\sources\top\suzhelan\qstory\hook\item\C6743.java		url
QStory_2.6.3-release-restored\sources\top\suzhelan\qstory\hook\item\C6743.java		龙图
QStory_2.6.3-release-restored\sources\top\suzhelan\qstory\hook\item\C6743.java		龙梗
QStory_2.6.3-release-restored\sources\top\suzhelan\qstory\hook\item\C6743.java		龙图
QStory_2.6.3-release-restored\sources\top\suzhelan\qstory\hook\item\C6743.java		result
QStory_2.6.3-release-restored\sources\top\suzhelan\qstory\hook\item\C6745.java		param
QStory_2.6.3-release-restored\sources\top\suzhelan\qstory\hook\item\C6745.java		param
QStory_2.6.3-release-restored\sources\top\suzhelan\qstory\hook\item\C6745.java		param
QStory_2.6.3-release-restored\sources\top\suzhelan\qstory\hook\item\C6745.java		valueOf
QStory_2.6.3-release-restored\sources\top\suzhelan\qstory\hook\item\C6745.java		TABLET
QStory_2.6.3-release-restored\sources\top\suzhelan\qstory\hook\item\C6745.java		param
QStory_2.6.3-release-restored\sources\top\suzhelan\qstory\hook\item\C6745.java		param
QStory_2.6.3-release-restored\sources\top\suzhelan\qstory\hook\item\C6745.java		args
QStory_2.6.3-release-restored\sources\top\suzhelan\qstory\hook\item\C6745.java		iResult
QStory_2.6.3-release-restored\sources\top\suzhelan\qstory\hook\item\C6745.java		iResult
QStory_2.6.3-release-restored\sources\top\suzhelan\qstory\hook\item\C6745.java		param
QStory_2.6.3-release-restored\sources\top\suzhelan\qstory\hook\item\C6745.java		result
QStory_2.6.3-release-restored\sources\top\suzhelan\qstory\hook\item\C6745.java		jumpUrl
QStory_2.6.3-release-restored\sources\top\suzhelan\qstory\hook\item\C6745.java		jumpUrl
QStory_2.6.3-release-restored\sources\top\suzhelan\qstory\hook\item\C6745.java		param
QStory_2.6.3-release-restored\sources\top\suzhelan\qstory\hook\item\C6745.java		param
QStory_2.6.3-release-restored\sources\top\suzhelan\qstory\hook\item\C6745.java		param
QStory_2.6.3-release-restored\sources\top\suzhelan\qstory\hook\item\C6745.java		param
QStory_2.6.3-release-restored\sources\top\suzhelan\qstory\hook\item\C6745.java		param
QStory_2.6.3-release-restored\sources\top\suzhelan\qstory\hook\item\C6745.java		param
QStory_2.6.3-release-restored\sources\top\suzhelan\qstory\hook\item\C6745.java		param
QStory_2.6.3-release-restored\sources\top\suzhelan\qstory\hook\item\C6745.java		param
QStory_2.6.3-release-restored\sources\top\suzhelan\qstory\hook\item\C6745.java		param
QStory_2.6.3-release-restored\sources\top\suzhelan\qstory\hook\item\C6745.java		param
QStory_2.6.3-release-restored\sources\top\suzhelan\qstory\hook\item\C6745.java		param
QStory_2.6.3-release-restored\sources\top\suzhelan\qstory\hook\item\C6745.java		param
QStory_2.6.3-release-restored\sources\top\suzhelan\qstory\hook\item\C6745.java		param
QStory_2.6.3-release-restored\sources\top\suzhelan\qstory\hook\item\C6745.java		param
QStory_2.6.3-release-restored\sources\top\suzhelan\qstory\hook\item\C6745.java		param
QStory_2.6.3-release-restored\sources\top\suzhelan\qstory\hook\item\C6745.java		param
QStory_2.6.3-release-restored\sources\top\suzhelan\qstory\hook\item\C6745.java		mNum
QStory_2.6.3-release-restored\sources\top\suzhelan\qstory\hook\item\C6745.java		mText
QStory_2.6.3-release-restored\sources\top\suzhelan\qstory\hook\item\C6745.java		param
QStory_2.6.3-release-restored\sources\top\suzhelan\qstory\hook\item\C6745.java		param
QStory_2.6.3-release-restored\sources\top\suzhelan\qstory\hook\item\C6745.java		param
QStory_2.6.3-release-restored\sources\top\suzhelan\qstory\hook\item\C6745.java		param
QStory_2.6.3-release-restored\sources\top\suzhelan\qstory\hook\item\C6745.java		0秒
QStory_2.6.3-release-restored\sources\top\suzhelan\qstory\hook\item\C6748.java		param
QStory_2.6.3-release-restored\sources\top\suzhelan\qstory\hook\item\C6748.java		fontId
QStory_2.6.3-release-restored\sources\top\suzhelan\qstory\hook\item\C6748.java		param
QStory_2.6.3-release-restored\sources\top\suzhelan\qstory\hook\item\C6748.java		param
QStory_2.6.3-release-restored\sources\top\suzhelan\qstory\hook\item\C6748.java		param
QStory_2.6.3-release-restored\sources\top\suzhelan\qstory\hook\item\C6748.java		param
QStory_2.6.3-release-restored\sources\top\suzhelan\qstory\hook\item\C6748.java		114514
QStory_2.6.3-release-restored\sources\top\suzhelan\qstory\hook\item\C6749.java		loader
QStory_2.6.3-release-restored\sources\top\suzhelan\qstory\hook\item\C6750.java		set
QStory_2.6.3-release-restored\sources\top\suzhelan\qstory\hook\item\C6750.java		loader
QStory_2.6.3-release-restored\sources\top\suzhelan\qstory\hook\item\C6751.java		param
QStory_2.6.3-release-restored\sources\top\suzhelan\qstory\hook\item\C6753.java		loader
QStory_2.6.3-release-restored\sources\top\suzhelan\qstory\hook\item\C6754.java		loader
QStory_2.6.3-release-restored\sources\top\suzhelan\qstory\hook\item\C6755.java		list
QStory_2.6.3-release-restored\sources\top\suzhelan\qstory\hook\item\C6755.java		static
QStory_2.6.3-release-restored\sources\top\suzhelan\qstory\hook\item\C6755.java		static
QStory_2.6.3-release-restored\sources\top\suzhelan\qstory\hook\item\C6755.java		static
QStory_2.6.3-release-restored\sources\top\suzhelan\qstory\hook\item\C6755.java		.apk
QStory_2.6.3-release-restored\sources\top\suzhelan\qstory\hook\item\C6755.java		.apk
QStory_2.6.3-release-restored\sources\top\suzhelan\qstory\hook\item\C6755.java		.APK
QStory_2.6.3-release-restored\sources\top\suzhelan\qstory\hook\item\C6755.java		.apk
QStory_2.6.3-release-restored\sources\top\suzhelan\qstory\hook\item\C6755.java		.apk
QStory_2.6.3-release-restored\sources\top\suzhelan\qstory\hook\item\C6755.java		.APK
QStory_2.6.3-release-restored\sources\top\suzhelan\qstory\hook\item\C6755.java		items
QStory_2.6.3-release-restored\sources\top\suzhelan\qstory\hook\item\C6755.java		type
QStory_2.6.3-release-restored\sources\top\suzhelan\qstory\hook\item\C6755.java		qq
QStory_2.6.3-release-restored\sources\top\suzhelan\qstory\hook\item\C6755.java		uin
QStory_2.6.3-release-restored\sources\top\suzhelan\qstory\hook\item\C6755.java		uid
QStory_2.6.3-release-restored\sources\top\suzhelan\qstory\hook\item\C6755.java		nm
QStory_2.6.3-release-restored\sources\top\suzhelan\qstory\hook\item\C6755.java		nm
QStory_2.6.3-release-restored\sources\top\suzhelan\qstory\hook\item\C6755.java		nm
QStory_2.6.3-release-restored\sources\top\suzhelan\qstory\hook\item\C6755.java		) 
QStory_2.6.3-release-restored\sources\top\suzhelan\qstory\hook\item\C6755.java		args
QStory_2.6.3-release-restored\sources\top\suzhelan\qstory\hook\item\C6755.java		args
QStory_2.6.3-release-restored\sources\top\suzhelan\qstory\hook\item\C6755.java		args
QStory_2.6.3-release-restored\sources\top\suzhelan\qstory\hook\item\C6756.java		finder
QStory_2.6.3-release-restored\sources\top\suzhelan\qstory\hook\item\C6756.java		finder
QStory_2.6.3-release-restored\sources\top\suzhelan\qstory\hook\item\C6758.java		GrabHb
QStory_2.6.3-release-restored\sources\top\suzhelan\qstory\hook\item\C6758.java		peerUid
QStory_2.6.3-release-restored\sources\top\suzhelan\qstory\hook\item\C6758.java		authkey
QStory_2.6.3-release-restored\sources\top\suzhelan\qstory\hook\item\C6758.java		billNo
QStory_2.6.3-release-restored\sources\top\suzhelan\qstory\hook\item\C6758.java		notice
QStory_2.6.3-release-restored\sources\top\suzhelan\qstory\hook\item\C6759.java		state
QStory_2.6.3-release-restored\sources\top\suzhelan\qstory\hook\item\C6759.java		amount
QStory_2.6.3-release-restored\sources\top\suzhelan\qstory\hook\item\C6760.java		param
QStory_2.6.3-release-restored\sources\top\suzhelan\qstory\hook\item\C6761.java		loader
QStory_2.6.3-release-restored\sources\top\suzhelan\qstory\hook\item\C6761.java		show
QStory_2.6.3-release-restored\sources\top\suzhelan\qstory\hook\item\C6762.java		loader
QStory_2.6.3-release-restored\sources\top\suzhelan\qstory\hook\item\C6764.java		param
QStory_2.6.3-release-restored\sources\top\suzhelan\qstory\hook\item\C6764.java		args
QStory_2.6.3-release-restored\sources\top\suzhelan\qstory\hook\item\C6765.java		name
QStory_2.6.3-release-restored\sources\top\suzhelan\qstory\hook\item\C6766.java		114514
QStory_2.6.3-release-restored\sources\top\suzhelan\qstory\hook\item\C6766.java		sendMsg
QStory_2.6.3-release-restored\sources\top\suzhelan\qstory\hook\item\C6767.java		loader
QStory_2.6.3-release-restored\sources\top\suzhelan\qstory\hook\item\C6767.java		onVote
QStory_2.6.3-release-restored\sources\top\suzhelan\qstory\hook\item\C6767.java		Vote
QStory_2.6.3-release-restored\sources\top\suzhelan\qstory\hook\item\C6767.java		vote
QStory_2.6.3-release-restored\sources\top\suzhelan\qstory\hook\item\C6767.java		onClick
QStory_2.6.3-release-restored\sources\top\suzhelan\qstory\hook\item\C6768.java		param
QStory_2.6.3-release-restored\sources\top\suzhelan\qstory\hook\item\C6770.java		loader
QStory_2.6.3-release-restored\sources\top\suzhelan\qstory\hook\item\C6771.java		check
QStory_2.6.3-release-restored\sources\top\suzhelan\qstory\hook\item\C6771.java		can
QStory_2.6.3-release-restored\sources\top\suzhelan\qstory\hook\item\C6771.java		is
QStory_2.6.3-release-restored\sources\top\suzhelan\qstory\hook\item\C6771.java		loader
QStory_2.6.3-release-restored\sources\top\suzhelan\qstory\hook\item\C6772.java		param
QStory_2.6.3-release-restored\sources\top\suzhelan\qstory\hook\item\C6772.java		param
QStory_2.6.3-release-restored\sources\top\suzhelan\qstory\hook\item\C6773.java		loader
QStory_2.6.3-release-restored\sources\top\suzhelan\qstory\hook\item\C6774.java		loader
QStory_2.6.3-release-restored\sources\top\suzhelan\qstory\hook\item\C6775.java		loader
QStory_2.6.3-release-restored\sources\top\suzhelan\qstory\hook\item\C6777.java		finder
QStory_2.6.3-release-restored\sources\top\suzhelan\qstory\hook\item\C6777.java		finder
QStory_2.6.3-release-restored\sources\top\suzhelan\qstory\hook\item\C6778.java		loader
QStory_2.6.3-release-restored\sources\top\suzhelan\qstory\hook\item\C6779.java		param
QStory_2.6.3-release-restored\sources\top\suzhelan\qstory\hook\item\C6781.java		loader
QStory_2.6.3-release-restored\sources\top\suzhelan\qstory\hook\item\C6781.java		invoke
QStory_2.6.3-release-restored\sources\top\suzhelan\qstory\hook\item\C6782.java		param
QStory_2.6.3-release-restored\sources\top\suzhelan\qstory\hook\item\C6782.java		param
QStory_2.6.3-release-restored\sources\top\suzhelan\qstory\hook\item\C6782.java		param
QStory_2.6.3-release-restored\sources\top\suzhelan\qstory\hook\item\C6783.java		loader
QStory_2.6.3-release-restored\sources\top\suzhelan\qstory\hook\item\C6784.java		peerUid
QStory_2.6.3-release-restored\sources\top\suzhelan\qstory\hook\item\C6784.java		authkey
QStory_2.6.3-release-restored\sources\top\suzhelan\qstory\hook\item\C6784.java		billNo
QStory_2.6.3-release-restored\sources\top\suzhelan\qstory\hook\item\C6784.java		notice
QStory_2.6.3-release-restored\sources\top\suzhelan\qstory\hook\item\C6784.java		element
QStory_2.6.3-release-restored\sources\top\suzhelan\qstory\hook\item\C6784.java		element
QStory_2.6.3-release-restored\sources\top\suzhelan\qstory\hook\item\C6784.java		state
QStory_2.6.3-release-restored\sources\top\suzhelan\qstory\hook\item\C6784.java		wishing
QStory_2.6.3-release-restored\sources\top\suzhelan\qstory\hook\item\C6784.java		amount
QStory_2.6.3-release-restored\sources\top\suzhelan\qstory\hook\item\C6784.java		\|
QStory_2.6.3-release-restored\sources\top\suzhelan\qstory\hook\item\C6784.java		user
QStory_2.6.3-release-restored\sources\top\suzhelan\qstory\hook\item\C6785.java		loader
QStory_2.6.3-release-restored\sources\top\suzhelan\qstory\hook\item\CallableC6741.java		114514
QStory_2.6.3-release-restored\sources\top\suzhelan\qstory\hook\item\NewAutoGrabHb$pares$1.java		hexGuid
QStory_2.6.3-release-restored\sources\top\suzhelan\qstory\hook\item\NewAutoGrabHb$pares$1.java		listid
QStory_2.6.3-release-restored\sources\top\suzhelan\qstory\hook\item\NewAutoGrabHb$pares$1.java		&name
QStory_2.6.3-release-restored\sources\top\suzhelan\qstory\hook\item\NewAutoGrabHb$pares$1.java		&uin
QStory_2.6.3-release-restored\sources\top\suzhelan\qstory\hook\item\NewAutoGrabHb$pares$1.java		encypt
QStory_2.6.3-release-restored\sources\top\suzhelan\qstory\hook\item\NewAutoGrabHb$pares$1.java		encText
QStory_2.6.3-release-restored\sources\top\suzhelan\qstory\hook\item\NewAutoGrabHb$pares$1.java		cgiName
QStory_2.6.3-release-restored\sources\top\suzhelan\qstory\hook\item\NewAutoGrabHb$pares$1.java		set
QStory_2.6.3-release-restored\sources\top\suzhelan\qstory\hook\item\NewAutoGrabHb$pares$1.java		reqText
QStory_2.6.3-release-restored\sources\top\suzhelan\qstory\hook\item\NewAutoGrabHb$pares$1.java		set
QStory_2.6.3-release-restored\sources\top\suzhelan\qstory\hook\item\NewAutoGrabHb$pares$1.java		random
QStory_2.6.3-release-restored\sources\top\suzhelan\qstory\hook\item\NewAutoGrabHb$pares$1.java		set
QStory_2.6.3-release-restored\sources\top\suzhelan\qstory\hook\item\NewAutoGrabHb$pares$1.java		enType
QStory_2.6.3-release-restored\sources\top\suzhelan\qstory\hook\item\NewAutoGrabHb$pares$1.java		set
QStory_2.6.3-release-restored\sources\top\suzhelan\qstory\hook\item\NewAutoGrabHb$pares$1.java		cmd
QStory_2.6.3-release-restored\sources\top\suzhelan\qstory\hook\item\NewAutoGrabHb$pares$1.java		data
QStory_2.6.3-release-restored\sources\top\suzhelan\qstory\hook\item\NewAutoGrabHb$pares$1.java		timeout
QStory_2.6.3-release-restored\sources\top\suzhelan\qstory\hook\item\NewAutoGrabHb$pares$1.java		element
QStory_2.6.3-release-restored\sources\top\suzhelan\qstory\hook\item\NewAutoGrabHb$pares$1.java		element
QStory_2.6.3-release-restored\sources\top\suzhelan\qstory\hook\item\NewAutoGrabHb$pares$1.java		delay
QStory_2.6.3-release-restored\sources\top\suzhelan\qstory\hook\item\NewAutoGrabHb$pares$1.java		\|
QStory_2.6.3-release-restored\sources\top\suzhelan\qstory\hook\item\NewAutoGrabHb$pares$1.java		authkey
QStory_2.6.3-release-restored\sources\top\suzhelan\qstory\hook\item\NewAutoGrabHb$pares$1.java		hb_from
QStory_2.6.3-release-restored\sources\top\suzhelan\qstory\hook\item\NewAutoGrabHb$pares$1.java		groupid
QStory_2.6.3-release-restored\sources\top\suzhelan\qstory\hook\item\NewAutoGrabHb$pares$1.java		channel
QStory_2.6.3-release-restored\sources\top\suzhelan\qstory\hook\item\NewAutoGrabHb$pares$1.java		listid
QStory_2.6.3-release-restored\sources\top\suzhelan\qstory\hook\item\NewAutoGrabHb$pares$1.java		answer
QStory_2.6.3-release-restored\sources\top\suzhelan\qstory\hook\item\NewAutoGrabHb$pares$1.java		tinyid
QStory_2.6.3-release-restored\sources\top\suzhelan\qstory\hook\item\NewAutoGrabHb$pares$1.java		name
QStory_2.6.3-release-restored\sources\top\suzhelan\qstory\hook\item\NewAutoGrabHb$pares$1.java		uin
QStory_2.6.3-release-restored\sources\top\suzhelan\qstory\hook\item\NewAutoGrabHb$pares$1.java		msg_md5
QStory_2.6.3-release-restored\sources\top\suzhelan\qstory\hook\item\NewAutoGrabHb$pares$1.java		msg_seq
QStory_2.6.3-release-restored\sources\top\suzhelan\qstory\hook\item\NewAutoGrabHb$pares$1.java		msg_id
QStory_2.6.3-release-restored\sources\top\suzhelan\qstory\hook\item\NewAutoGrabHb$pares$1.java		UTF-8
QStory_2.6.3-release-restored\sources\top\suzhelan\qstory\hook\item\NewAutoGrabHb$pares$1.java		cgiName
QStory_2.6.3-release-restored\sources\top\suzhelan\qstory\hook\item\NewAutoGrabHb$pares$1.java		set
QStory_2.6.3-release-restored\sources\top\suzhelan\qstory\hook\item\NewAutoGrabHb$pares$1.java		reqBody
QStory_2.6.3-release-restored\sources\top\suzhelan\qstory\hook\item\NewAutoGrabHb$pares$1.java		set
QStory_2.6.3-release-restored\sources\top\suzhelan\qstory\hook\item\NewAutoGrabHb$pares$1.java		cmd
QStory_2.6.3-release-restored\sources\top\suzhelan\qstory\hook\item\NewAutoGrabHb$pares$1.java		data
QStory_2.6.3-release-restored\sources\top\suzhelan\qstory\hook\item\NewAutoGrabHb$pares$1.java		timeout
QStory_2.6.3-release-restored\sources\top\suzhelan\qstory\hook\item\RunnableC6740.java		\|
QStory_2.6.3-release-restored\sources\top\suzhelan\qstory\hook\item\RunnableC6740.java		hexGuid
QStory_2.6.3-release-restored\sources\top\suzhelan\qstory\hook\item\RunnableC6740.java		listid
QStory_2.6.3-release-restored\sources\top\suzhelan\qstory\hook\item\RunnableC6740.java		&name
QStory_2.6.3-release-restored\sources\top\suzhelan\qstory\hook\item\RunnableC6740.java		&uin
QStory_2.6.3-release-restored\sources\top\suzhelan\qstory\hook\item\RunnableC6740.java		encypt
QStory_2.6.3-release-restored\sources\top\suzhelan\qstory\hook\item\RunnableC6740.java		encText
QStory_2.6.3-release-restored\sources\top\suzhelan\qstory\hook\item\RunnableC6740.java		cgiName
QStory_2.6.3-release-restored\sources\top\suzhelan\qstory\hook\item\RunnableC6740.java		set
QStory_2.6.3-release-restored\sources\top\suzhelan\qstory\hook\item\RunnableC6740.java		reqText
QStory_2.6.3-release-restored\sources\top\suzhelan\qstory\hook\item\RunnableC6740.java		set
QStory_2.6.3-release-restored\sources\top\suzhelan\qstory\hook\item\RunnableC6740.java		random
QStory_2.6.3-release-restored\sources\top\suzhelan\qstory\hook\item\RunnableC6740.java		set
QStory_2.6.3-release-restored\sources\top\suzhelan\qstory\hook\item\RunnableC6740.java		enType
QStory_2.6.3-release-restored\sources\top\suzhelan\qstory\hook\item\RunnableC6740.java		set
QStory_2.6.3-release-restored\sources\top\suzhelan\qstory\hook\item\RunnableC6740.java		cmd
QStory_2.6.3-release-restored\sources\top\suzhelan\qstory\hook\item\RunnableC6740.java		data
QStory_2.6.3-release-restored\sources\top\suzhelan\qstory\hook\item\RunnableC6740.java		timeout
QStory_2.6.3-release-restored\sources\top\suzhelan\qstory\hook\item\RunnableC6769.java		img
QStory_2.6.3-release-restored\sources\top\suzhelan\qstory\hook\item\ViewOnClickListenerC6742.java		delay
QStory_2.6.3-release-restored\sources\top\suzhelan\qstory\hook\item\ViewOnClickListenerC6742.java		delay
QStory_2.6.3-release-restored\sources\top\suzhelan\qstory\hook\item\ViewOnClickListenerC6742.java		delay
QStory_2.6.3-release-restored\sources\top\suzhelan\qstory\hook\item\ViewOnClickListenerC6742.java		delay
QStory_2.6.3-release-restored\sources\top\suzhelan\qstory\hook\item\chat\C6654.java		onClick
QStory_2.6.3-release-restored\sources\top\suzhelan\qstory\hook\item\chat\C6654.java		finder
QStory_2.6.3-release-restored\sources\top\suzhelan\qstory\hook\item\chat\C6654.java		finder
QStory_2.6.3-release-restored\sources\top\suzhelan\qstory\hook\item\chat\C6657.java		isRobot
QStory_2.6.3-release-restored\sources\top\suzhelan\qstory\hook\item\chat\C6657.java		role
QStory_2.6.3-release-restored\sources\top\suzhelan\qstory\hook\item\chat\C6657.java		OWNER
QStory_2.6.3-release-restored\sources\top\suzhelan\qstory\hook\item\chat\C6657.java		ADMIN
QStory_2.6.3-release-restored\sources\top\suzhelan\qstory\hook\item\chat\C6657.java		MEMBER
QStory_2.6.3-release-restored\sources\top\suzhelan\qstory\hook\item\chat\C6659.java		finder
QStory_2.6.3-release-restored\sources\top\suzhelan\qstory\hook\item\chat\C6659.java		finder
QStory_2.6.3-release-restored\sources\top\suzhelan\qstory\hook\item\chat\C6660.java		sendMsg
QStory_2.6.3-release-restored\sources\top\suzhelan\qstory\hook\item\chat\C6664.java		repeat
QStory_2.6.3-release-restored\sources\top\suzhelan\qstory\hook\item\chat\C6664.java		/+1.png
QStory_2.6.3-release-restored\sources\top\suzhelan\qstory\hook\item\chat\C6664.java		msgId
QStory_2.6.3-release-restored\sources\top\suzhelan\qstory\hook\item\chat\C6664.java		Lazy
QStory_2.6.3-release-restored\sources\top\suzhelan\qstory\hook\item\chat\C6665.java		param
QStory_2.6.3-release-restored\sources\top\suzhelan\qstory\hook\item\chat\C6666.java		setMenu
QStory_2.6.3-release-restored\sources\top\suzhelan\qstory\hook\item\chat\C6666.java		setMenu
QStory_2.6.3-release-restored\sources\top\suzhelan\qstory\hook\item\chat\C6667.java		msgId
QStory_2.6.3-release-restored\sources\top\suzhelan\qstory\hook\item\chat\C6670.java		撤回
QStory_2.6.3-release-restored\sources\top\suzhelan\qstory\hook\item\chat\C6674.java		finder
QStory_2.6.3-release-restored\sources\top\suzhelan\qstory\hook\item\chat\C6674.java		finder
QStory_2.6.3-release-restored\sources\top\suzhelan\qstory\hook\item\chat\C6676.java		loader
QStory_2.6.3-release-restored\sources\top\suzhelan\qstory\hook\item\chat\C6680.java		param
QStory_2.6.3-release-restored\sources\top\suzhelan\qstory\hook\item\chat\C6681.java		atType
QStory_2.6.3-release-restored\sources\top\suzhelan\qstory\hook\item\chat\C6681.java		atNtUid
QStory_2.6.3-release-restored\sources\top\suzhelan\qstory\hook\item\chat\C6681.java		peerUid
QStory_2.6.3-release-restored\sources\top\suzhelan\qstory\hook\item\chat\C6682.java		uid
QStory_2.6.3-release-restored\sources\top\suzhelan\qstory\hook\item\chat\C6682.java		widget
QStory_2.6.3-release-restored\sources\top\suzhelan\qstory\hook\item\chat\C6682.java		uid
QStory_2.6.3-release-restored\sources\top\suzhelan\qstory\hook\item\chat\C6682.java		extras
QStory_2.6.3-release-restored\sources\top\suzhelan\qstory\hook\item\chat\C6682.java		ds
QStory_2.6.3-release-restored\sources\top\suzhelan\qstory\hook\item\chat\C6682.java		#1E88E5
QStory_2.6.3-release-restored\sources\top\suzhelan\qstory\hook\item\chat\C6686.java		p0
QStory_2.6.3-release-restored\sources\top\suzhelan\qstory\hook\item\chat\C6686.java		p1
QStory_2.6.3-release-restored\sources\top\suzhelan\qstory\hook\item\chat\C6686.java		call
QStory_2.6.3-release-restored\sources\top\suzhelan\qstory\hook\item\chat\C6686.java		 by 
QStory_2.6.3-release-restored\sources\top\suzhelan\qstory\hook\item\chat\C6686.java		确定
QStory_2.6.3-release-restored\sources\top\suzhelan\qstory\hook\item\chat\C6686.java		data
QStory_2.6.3-release-restored\sources\top\suzhelan\qstory\hook\item\chat\C6686.java		data
QStory_2.6.3-release-restored\sources\top\suzhelan\qstory\hook\item\chat\C6689.java		input
QStory_2.6.3-release-restored\sources\top\suzhelan\qstory\hook\item\chat\C6689.java		edit
QStory_2.6.3-release-restored\sources\top\suzhelan\qstory\hook\item\chat\C6689.java		text
QStory_2.6.3-release-restored\sources\top\suzhelan\qstory\hook\item\chat\C6689.java		message
QStory_2.6.3-release-restored\sources\top\suzhelan\qstory\hook\item\chat\C6689.java		aio
QStory_2.6.3-release-restored\sources\top\suzhelan\qstory\hook\item\chat\C6689.java		input
QStory_2.6.3-release-restored\sources\top\suzhelan\qstory\hook\item\chat\C6689.java		binding
QStory_2.6.3-release-restored\sources\top\suzhelan\qstory\hook\item\chat\C6690.java		param
QStory_2.6.3-release-restored\sources\top\suzhelan\qstory\hook\item\chat\C6693.java		type
QStory_2.6.3-release-restored\sources\top\suzhelan\qstory\hook\item\chat\C6695.java		get
QStory_2.6.3-release-restored\sources\top\suzhelan\qstory\hook\item\chat\C6696.java		param
QStory_2.6.3-release-restored\sources\top\suzhelan\qstory\hook\item\chat\C6696.java		QStory
QStory_2.6.3-release-restored\sources\top\suzhelan\qstory\hook\item\chat\C6696.java		param
QStory_2.6.3-release-restored\sources\top\suzhelan\qstory\hook\item\chat\C6697.java		loader
QStory_2.6.3-release-restored\sources\top\suzhelan\qstory\hook\item\chat\C6699.java		拍照
QStory_2.6.3-release-restored\sources\top\suzhelan\qstory\hook\item\chat\C6699.java		泡泡
QStory_2.6.3-release-restored\sources\top\suzhelan\qstory\hook\item\chat\C6699.java		atType
QStory_2.6.3-release-restored\sources\top\suzhelan\qstory\hook\item\chat\DownloadEmotion$downloadEmotion$1.java		/QQ
QStory_2.6.3-release-restored\sources\top\suzhelan\qstory\hook\item\chat\RunnableC6671.java		/+1.png
QStory_2.6.3-release-restored\sources\top\suzhelan\qstory\hook\item\chat\ViewOnClickListenerC6662.java		size
QStory_2.6.3-release-restored\sources\top\suzhelan\qstory\hook\item\chat\ViewOnClickListenerC6662.java		history
QStory_2.6.3-release-restored\sources\top\suzhelan\qstory\hook\item\chat\ViewOnClickListenerC6673.java		size
QStory_2.6.3-release-restored\sources\top\suzhelan\qstory\hook\item\mcp\config\C6701.java		/mcp
QStory_2.6.3-release-restored\sources\top\suzhelan\qstory\hook\item\mcp\config\C6701.java		onLog
QStory_2.6.3-release-restored\sources\top\suzhelan\qstory\hook\item\mcp\config\C6701.java		{}
QStory_2.6.3-release-restored\sources\top\suzhelan\qstory\hook\item\mcp\config\C6701.java		text
QStory_2.6.3-release-restored\sources\top\suzhelan\qstory\hook\item\mcp\config\C6701.java		method
QStory_2.6.3-release-restored\sources\top\suzhelan\qstory\hook\item\mcp\config\C6701.java		msg
QStory_2.6.3-release-restored\sources\top\suzhelan\qstory\hook\item\mcp\config\C6701.java		id
QStory_2.6.3-release-restored\sources\top\suzhelan\qstory\hook\item\mcp\config\C6701.java		params
QStory_2.6.3-release-restored\sources\top\suzhelan\qstory\hook\item\mcp\config\C6701.java		ping
QStory_2.6.3-release-restored\sources\top\suzhelan\qstory\hook\item\mcp\config\C6701.java		msg
QStory_2.6.3-release-restored\sources\top\suzhelan\qstory\hook\item\mcp\config\C6701.java		msg
QStory_2.6.3-release-restored\sources\top\suzhelan\qstory\hook\item\mcp\config\C6701.java		name
QStory_2.6.3-release-restored\sources\top\suzhelan\qstory\hook\item\mcp\config\C6701.java		block
QStory_2.6.3-release-restored\sources\top\suzhelan\qstory\hook\item\mcp\config\C6701.java		content
QStory_2.6.3-release-restored\sources\top\suzhelan\qstory\hook\item\mcp\config\C6701.java		block
QStory_2.6.3-release-restored\sources\top\suzhelan\qstory\hook\item\mcp\config\C6701.java		block
QStory_2.6.3-release-restored\sources\top\suzhelan\qstory\hook\item\mcp\config\C6701.java		text
QStory_2.6.3-release-restored\sources\top\suzhelan\qstory\hook\item\mcp\config\C6701.java		type
QStory_2.6.3-release-restored\sources\top\suzhelan\qstory\hook\item\mcp\config\C6701.java		text
QStory_2.6.3-release-restored\sources\top\suzhelan\qstory\hook\item\mcp\config\C6701.java		key
QStory_2.6.3-release-restored\sources\top\suzhelan\qstory\hook\item\mcp\config\C6701.java		isError
QStory_2.6.3-release-restored\sources\top\suzhelan\qstory\hook\item\mcp\config\C6701.java		key
QStory_2.6.3-release-restored\sources\top\suzhelan\qstory\hook\item\mcp\config\C6701.java		block
QStory_2.6.3-release-restored\sources\top\suzhelan\qstory\hook\item\mcp\config\C6701.java		content
QStory_2.6.3-release-restored\sources\top\suzhelan\qstory\hook\item\mcp\config\C6701.java		block
QStory_2.6.3-release-restored\sources\top\suzhelan\qstory\hook\item\mcp\config\C6701.java		block
QStory_2.6.3-release-restored\sources\top\suzhelan\qstory\hook\item\mcp\config\C6701.java		text
QStory_2.6.3-release-restored\sources\top\suzhelan\qstory\hook\item\mcp\config\C6701.java		type
QStory_2.6.3-release-restored\sources\top\suzhelan\qstory\hook\item\mcp\config\C6701.java		text
QStory_2.6.3-release-restored\sources\top\suzhelan\qstory\hook\item\mcp\config\C6701.java		key
QStory_2.6.3-release-restored\sources\top\suzhelan\qstory\hook\item\mcp\config\C6701.java		isError
QStory_2.6.3-release-restored\sources\top\suzhelan\qstory\hook\item\mcp\config\C6701.java		key
QStory_2.6.3-release-restored\sources\top\suzhelan\qstory\hook\item\mcp\config\C6701.java		block
QStory_2.6.3-release-restored\sources\top\suzhelan\qstory\hook\item\mcp\config\C6701.java		content
QStory_2.6.3-release-restored\sources\top\suzhelan\qstory\hook\item\mcp\config\C6701.java		block
QStory_2.6.3-release-restored\sources\top\suzhelan\qstory\hook\item\mcp\config\C6701.java		block
QStory_2.6.3-release-restored\sources\top\suzhelan\qstory\hook\item\mcp\config\C6701.java		type
QStory_2.6.3-release-restored\sources\top\suzhelan\qstory\hook\item\mcp\config\C6701.java		text
QStory_2.6.3-release-restored\sources\top\suzhelan\qstory\hook\item\mcp\config\C6701.java		key
QStory_2.6.3-release-restored\sources\top\suzhelan\qstory\hook\item\mcp\config\C6701.java		text
QStory_2.6.3-release-restored\sources\top\suzhelan\qstory\hook\item\mcp\config\C6701.java		key
QStory_2.6.3-release-restored\sources\top\suzhelan\qstory\hook\item\mcp\config\C6701.java		key
QStory_2.6.3-release-restored\sources\top\suzhelan\qstory\hook\item\mcp\config\C6701.java		isError
QStory_2.6.3-release-restored\sources\top\suzhelan\qstory\hook\item\mcp\config\C6701.java		key
QStory_2.6.3-release-restored\sources\top\suzhelan\qstory\hook\item\mcp\config\C6701.java		msg
QStory_2.6.3-release-restored\sources\top\suzhelan\qstory\hook\item\mcp\config\C6701.java		block
QStory_2.6.3-release-restored\sources\top\suzhelan\qstory\hook\item\mcp\config\C6701.java		tools
QStory_2.6.3-release-restored\sources\top\suzhelan\qstory\hook\item\mcp\config\C6701.java		key
QStory_2.6.3-release-restored\sources\top\suzhelan\qstory\hook\item\mcp\config\C6701.java		block
QStory_2.6.3-release-restored\sources\top\suzhelan\qstory\hook\item\mcp\config\C6701.java		tools
QStory_2.6.3-release-restored\sources\top\suzhelan\qstory\hook\item\mcp\config\C6701.java		block
QStory_2.6.3-release-restored\sources\top\suzhelan\qstory\hook\item\mcp\config\C6701.java		key
QStory_2.6.3-release-restored\sources\top\suzhelan\qstory\hook\item\mcp\config\C6701.java		msg
QStory_2.6.3-release-restored\sources\top\suzhelan\qstory\hook\item\mcp\config\C6701.java		msg
QStory_2.6.3-release-restored\sources\top\suzhelan\qstory\hook\item\mcp\config\C6701.java		text
QStory_2.6.3-release-restored\sources\top\suzhelan\qstory\hook\item\mcp\config\C6701.java		method
QStory_2.6.3-release-restored\sources\top\suzhelan\qstory\hook\item\mcp\config\C6702.java		id
QStory_2.6.3-release-restored\sources\top\suzhelan\qstory\hook\item\mcp\config\C6702.java		title
QStory_2.6.3-release-restored\sources\top\suzhelan\qstory\hook\item\mcp\config\C6702.java		id
QStory_2.6.3-release-restored\sources\top\suzhelan\qstory\hook\item\mcp\config\C6702.java		title
QStory_2.6.3-release-restored\sources\top\suzhelan\qstory\hook\item\mcp\config\C6703.java		items
QStory_2.6.3-release-restored\sources\top\suzhelan\qstory\hook\item\mcp\config\C6705.java		/mcp
QStory_2.6.3-release-restored\sources\top\suzhelan\qstory\hook\item\mcp\config\C6705.java		/mcp
QStory_2.6.3-release-restored\sources\top\suzhelan\qstory\hook\item\mcp\config\C6705.java		block
QStory_2.6.3-release-restored\sources\top\suzhelan\qstory\hook\item\mcp\config\C6705.java		name
QStory_2.6.3-release-restored\sources\top\suzhelan\qstory\hook\item\mcp\config\C6705.java		1.0.0
QStory_2.6.3-release-restored\sources\top\suzhelan\qstory\hook\item\mcp\config\C6705.java		version
QStory_2.6.3-release-restored\sources\top\suzhelan\qstory\hook\item\mcp\config\C6705.java		block
QStory_2.6.3-release-restored\sources\top\suzhelan\qstory\hook\item\mcp\config\C6705.java		tools
QStory_2.6.3-release-restored\sources\top\suzhelan\qstory\hook\item\mcp\config\McpServerManager$Companion$saveToolConfig$6.java		block
QStory_2.6.3-release-restored\sources\top\suzhelan\qstory\hook\item\mcp\config\McpServerManager$Companion$saveToolConfig$6.java		jsonrpc
QStory_2.6.3-release-restored\sources\top\suzhelan\qstory\hook\item\mcp\config\McpServerManager$Companion$saveToolConfig$6.java		2.0
QStory_2.6.3-release-restored\sources\top\suzhelan\qstory\hook\item\mcp\config\McpServerManager$Companion$saveToolConfig$6.java		key
QStory_2.6.3-release-restored\sources\top\suzhelan\qstory\hook\item\mcp\config\McpServerManager$Companion$saveToolConfig$6.java		method
QStory_2.6.3-release-restored\sources\top\suzhelan\qstory\hook\item\mcp\config\McpServerManager$Companion$saveToolConfig$6.java		key
QStory_2.6.3-release-restored\sources\top\suzhelan\qstory\hook\item\mcp\config\McpServerManager$start$1$1$1$1.java		event: 
QStory_2.6.3-release-restored\sources\top\suzhelan\qstory\hook\item\mcp\config\McpServerManager$start$1$1$1$1.java		message
QStory_2.6.3-release-restored\sources\top\suzhelan\qstory\hook\item\mcp\config\McpServerManager$start$1$1$1$1.java		data: 
QStory_2.6.3-release-restored\sources\top\suzhelan\qstory\hook\item\mcp\config\McpServerManager$start$1$1$1$2.java		/mcp
QStory_2.6.3-release-restored\sources\top\suzhelan\qstory\entity\proto\C0799x7faa26be.java		number
QStory_2.6.3-release-restored\sources\top\suzhelan\qstory\entity\proto\C0800xdb941812.java		msgSeq
QStory_2.6.3-release-restored\sources\top\suzhelan\qstory\entity\proto\C0800xdb941812.java		msgTime
QStory_2.6.3-release-restored\sources\top\suzhelan\qstory\entity\proto\C0800xdb941812.java		decoder
QStory_2.6.3-release-restored\sources\top\suzhelan\qstory\entity\proto\C0800xdb941812.java		encoder
QStory_2.6.3-release-restored\sources\top\suzhelan\qstory\entity\proto\C0800xdb941812.java		value
QStory_2.6.3-release-restored\sources\top\suzhelan\qstory\entity\proto\C0801x9e5c7920.java		number
QStory_2.6.3-release-restored\sources\top\suzhelan\qstory\entity\proto\InfoSyncPush$SyncContent$$serializer.java		decoder
QStory_2.6.3-release-restored\sources\top\suzhelan\qstory\entity\proto\InfoSyncPush$SyncContent$$serializer.java		encoder
QStory_2.6.3-release-restored\sources\top\suzhelan\qstory\entity\proto\InfoSyncPush$SyncContent$$serializer.java		value
QStory_2.6.3-release-restored\sources\top\suzhelan\qstory\entity\proto\InfoSyncPush$SyncContent$GroupSyncContent$$serializer.java		endSeq
QStory_2.6.3-release-restored\sources\top\suzhelan\qstory\entity\proto\InfoSyncPush$SyncContent$GroupSyncContent$$serializer.java		decoder
QStory_2.6.3-release-restored\sources\top\suzhelan\qstory\entity\proto\InfoSyncPush$SyncContent$GroupSyncContent$$serializer.java		encoder
QStory_2.6.3-release-restored\sources\top\suzhelan\qstory\entity\proto\InfoSyncPush$SyncContent$GroupSyncContent$$serializer.java		value
QStory_2.6.3-release-restored\sources\top\suzhelan\qstory\entity\proto\InfoSyncPush$SyncRecallOperateInfo$$serializer.java		subHead
QStory_2.6.3-release-restored\sources\top\suzhelan\qstory\entity\proto\InfoSyncPush$SyncRecallOperateInfo$$serializer.java		decoder
QStory_2.6.3-release-restored\sources\top\suzhelan\qstory\entity\proto\InfoSyncPush$SyncRecallOperateInfo$$serializer.java		encoder
QStory_2.6.3-release-restored\sources\top\suzhelan\qstory\entity\proto\InfoSyncPush$SyncRecallOperateInfo$$serializer.java		value
QStory_2.6.3-release-restored\sources\top\suzhelan\qstory\entity\proto\InfoSyncPush$SyncRecallOperateInfo$SyncInfoBody$$serializer.java		msgList
QStory_2.6.3-release-restored\sources\top\suzhelan\qstory\entity\proto\InfoSyncPush$SyncRecallOperateInfo$SyncInfoBody$$serializer.java		decoder
QStory_2.6.3-release-restored\sources\top\suzhelan\qstory\entity\proto\InfoSyncPush$SyncRecallOperateInfo$SyncInfoBody$$serializer.java		encoder
QStory_2.6.3-release-restored\sources\top\suzhelan\qstory\entity\proto\InfoSyncPush$SyncRecallOperateInfo$SyncInfoBody$$serializer.java		value
QStory_2.6.3-release-restored\sources\top\suzhelan\qstory\entity\proto\InfoSyncPush$SyncRecallOperateInfo$SyncInfoHead$$serializer.java		decoder
QStory_2.6.3-release-restored\sources\top\suzhelan\qstory\entity\proto\InfoSyncPush$SyncRecallOperateInfo$SyncInfoHead$$serializer.java		encoder
QStory_2.6.3-release-restored\sources\top\suzhelan\qstory\entity\proto\InfoSyncPush$SyncRecallOperateInfo$SyncInfoHead$$serializer.java		value
QStory_2.6.3-release-restored\sources\top\suzhelan\qstory\entity\proto\InfoSyncPush.java		msgList
QStory_2.6.3-release-restored\sources\top\suzhelan\qstory\entity\proto\InfoSyncPush.java		msgList
QStory_2.6.3-release-restored\sources\top\suzhelan\qstory\entity\proto\MsgPush$$serializer.java		decoder
QStory_2.6.3-release-restored\sources\top\suzhelan\qstory\entity\proto\MsgPush$$serializer.java		encoder
QStory_2.6.3-release-restored\sources\top\suzhelan\qstory\entity\proto\MsgPush$$serializer.java		value
QStory_2.6.3-release-restored\sources\top\suzhelan\qstory\entity\proto\QQMessage$$serializer.java		decoder
QStory_2.6.3-release-restored\sources\top\suzhelan\qstory\entity\proto\QQMessage$$serializer.java		encoder
QStory_2.6.3-release-restored\sources\top\suzhelan\qstory\entity\proto\QQMessage$$serializer.java		value
QStory_2.6.3-release-restored\sources\top\suzhelan\qstory\entity\proto\QQMessage$MessageBody$$serializer.java		richMsg
QStory_2.6.3-release-restored\sources\top\suzhelan\qstory\entity\proto\QQMessage$MessageBody$$serializer.java		decoder
QStory_2.6.3-release-restored\sources\top\suzhelan\qstory\entity\proto\QQMessage$MessageBody$$serializer.java		encoder
QStory_2.6.3-release-restored\sources\top\suzhelan\qstory\entity\proto\QQMessage$MessageBody$$serializer.java		value
QStory_2.6.3-release-restored\sources\top\suzhelan\qstory\entity\proto\QQMessage$MessageBody$C2CRecallOperationInfo$Info$$serializer.java		msgTime
QStory_2.6.3-release-restored\sources\top\suzhelan\qstory\entity\proto\QQMessage$MessageBody$C2CRecallOperationInfo$Info$$serializer.java		msgSeq
QStory_2.6.3-release-restored\sources\top\suzhelan\qstory\entity\proto\QQMessage$MessageBody$C2CRecallOperationInfo$Info$$serializer.java		decoder
QStory_2.6.3-release-restored\sources\top\suzhelan\qstory\entity\proto\QQMessage$MessageBody$C2CRecallOperationInfo$Info$$serializer.java		encoder
QStory_2.6.3-release-restored\sources\top\suzhelan\qstory\entity\proto\QQMessage$MessageBody$C2CRecallOperationInfo$Info$$serializer.java		value
QStory_2.6.3-release-restored\sources\top\suzhelan\qstory\entity\proto\QQMessage$MessageBody$GroupRecallOperationInfo$Info$$serializer.java		msgInfo
QStory_2.6.3-release-restored\sources\top\suzhelan\qstory\entity\proto\QQMessage$MessageBody$GroupRecallOperationInfo$Info$$serializer.java		decoder
QStory_2.6.3-release-restored\sources\top\suzhelan\qstory\entity\proto\QQMessage$MessageBody$GroupRecallOperationInfo$Info$$serializer.java		encoder
QStory_2.6.3-release-restored\sources\top\suzhelan\qstory\entity\proto\QQMessage$MessageBody$GroupRecallOperationInfo$Info$$serializer.java		value
QStory_2.6.3-release-restored\sources\top\suzhelan\qstory\entity\proto\QQMessage$MessageBody$RichMsg$$serializer.java		decoder
QStory_2.6.3-release-restored\sources\top\suzhelan\qstory\entity\proto\QQMessage$MessageBody$RichMsg$$serializer.java		encoder
QStory_2.6.3-release-restored\sources\top\suzhelan\qstory\entity\proto\QQMessage$MessageBody$RichMsg$$serializer.java		value
QStory_2.6.3-release-restored\sources\top\suzhelan\qstory\entity\proto\QQMessage$MessageBody$RichMsg$MsgContent$$serializer.java		textMsg
QStory_2.6.3-release-restored\sources\top\suzhelan\qstory\entity\proto\QQMessage$MessageBody$RichMsg$MsgContent$$serializer.java		decoder
QStory_2.6.3-release-restored\sources\top\suzhelan\qstory\entity\proto\QQMessage$MessageBody$RichMsg$MsgContent$$serializer.java		encoder
QStory_2.6.3-release-restored\sources\top\suzhelan\qstory\entity\proto\QQMessage$MessageBody$RichMsg$MsgContent$$serializer.java		value
QStory_2.6.3-release-restored\sources\top\suzhelan\qstory\entity\proto\QQMessage$MessageBody$RichMsg$MsgContent$MsgSender$$serializer.java		decoder
QStory_2.6.3-release-restored\sources\top\suzhelan\qstory\entity\proto\QQMessage$MessageBody$RichMsg$MsgContent$MsgSender$$serializer.java		encoder
QStory_2.6.3-release-restored\sources\top\suzhelan\qstory\entity\proto\QQMessage$MessageBody$RichMsg$MsgContent$MsgSender$$serializer.java		value
QStory_2.6.3-release-restored\sources\top\suzhelan\qstory\entity\proto\QQMessage$MessageBody$RichMsg$MsgContent$TextMsg$$serializer.java		text
QStory_2.6.3-release-restored\sources\top\suzhelan\qstory\entity\proto\QQMessage$MessageBody$RichMsg$MsgContent$TextMsg$$serializer.java		decoder
QStory_2.6.3-release-restored\sources\top\suzhelan\qstory\entity\proto\QQMessage$MessageBody$RichMsg$MsgContent$TextMsg$$serializer.java		encoder
QStory_2.6.3-release-restored\sources\top\suzhelan\qstory\entity\proto\QQMessage$MessageBody$RichMsg$MsgContent$TextMsg$$serializer.java		value
QStory_2.6.3-release-restored\sources\top\suzhelan\qstory\entity\proto\QQMessage$MessageContentInfo$$serializer.java		msgType
QStory_2.6.3-release-restored\sources\top\suzhelan\qstory\entity\proto\QQMessage$MessageContentInfo$$serializer.java		subSeq
QStory_2.6.3-release-restored\sources\top\suzhelan\qstory\entity\proto\QQMessage$MessageContentInfo$$serializer.java		msgSeq
QStory_2.6.3-release-restored\sources\top\suzhelan\qstory\entity\proto\QQMessage$MessageContentInfo$$serializer.java		msgTime
QStory_2.6.3-release-restored\sources\top\suzhelan\qstory\entity\proto\QQMessage$MessageContentInfo$$serializer.java		decoder
QStory_2.6.3-release-restored\sources\top\suzhelan\qstory\entity\proto\QQMessage$MessageContentInfo$$serializer.java		encoder
QStory_2.6.3-release-restored\sources\top\suzhelan\qstory\entity\proto\QQMessage$MessageContentInfo$$serializer.java		value
QStory_2.6.3-release-restored\sources\top\suzhelan\qstory\entity\proto\QQMessage$MessageHead$$serializer.java		decoder
QStory_2.6.3-release-restored\sources\top\suzhelan\qstory\entity\proto\QQMessage$MessageHead$$serializer.java		encoder
QStory_2.6.3-release-restored\sources\top\suzhelan\qstory\entity\proto\QQMessage$MessageHead$$serializer.java		value
QStory_2.6.3-release-restored\sources\top\suzhelan\qstory\entity\proto\QQMessage$MessageHead$SenderInfo$$serializer.java		peerId
QStory_2.6.3-release-restored\sources\top\suzhelan\qstory\entity\proto\QQMessage$MessageHead$SenderInfo$$serializer.java		decoder
QStory_2.6.3-release-restored\sources\top\suzhelan\qstory\entity\proto\QQMessage$MessageHead$SenderInfo$$serializer.java		encoder
QStory_2.6.3-release-restored\sources\top\suzhelan\qstory\entity\proto\QQMessage$MessageHead$SenderInfo$$serializer.java		value
QStory_2.6.3-release-restored\sources\top\suzhelan\qstory\entity\proto\QQMessage.java		info
QStory_2.6.3-release-restored\sources\top\suzhelan\qstory\entity\proto\QQMessage.java		, info=
QStory_2.6.3-release-restored\sources\top\suzhelan\qstory\entity\proto\QQMessage.java		msgInfo
QStory_2.6.3-release-restored\sources\top\suzhelan\qstory\entity\proto\QQMessage.java		msgInfo
QStory_2.6.3-release-restored\sources\top\suzhelan\qstory\entity\proto\QQMessage.java		info
QStory_2.6.3-release-restored\sources\top\suzhelan\qstory\entity\proto\QQMessage.java		textMsg
QStory_2.6.3-release-restored\sources\top\suzhelan\qstory\entity\proto\QQMessage.java		text
QStory_2.6.3-release-restored\sources\top\suzhelan\qstory\entity\proto\QQMessage.java		text
QStory_2.6.3-release-restored\sources\top\suzhelan\qstory\entity\proto\QQMessage.java		textMsg
QStory_2.6.3-release-restored\sources\top\suzhelan\qstory\entity\proto\QQMessage.java		richMsg
QStory_2.6.3-release-restored\sources\top\suzhelan\qstory\entity\proto\QQMessage.java		info
QStory_2.6.3-release-restored\sources\top\suzhelan\qstory\entity\proto\QQMessage.java		info
QStory_2.6.3-release-restored\sources\top\suzhelan\qstory\entity\proto\QQMessage.java		richMsg
QStory_2.6.3-release-restored\sources\lin\xposed\BuildConfig.java		release
QStory_2.6.3-release-restored\sources\lin\xposed\BuildConfig.java		publish
QStory_2.6.3-release-restored\sources\lin\xposed\BuildConfig.java		2.6.3
QStory_2.6.3-release-restored\sources\lin\xposed\hook\javaplugin\C6385.java		param
QStory_2.6.3-release-restored\sources\lin\xposed\hook\javaplugin\C6385.java		buffer
QStory_2.6.3-release-restored\sources\lin\xposed\hook\javaplugin\JavaPluginLoad.java		Plugin
QStory_2.6.3-release-restored\sources\lin\xposed\hook\javaplugin\JavaPluginLoad.java		/Plugin
QStory_2.6.3-release-restored\sources\lin\xposed\hook\javaplugin\OnMsgMenuCreateAPI.java		setMenu
QStory_2.6.3-release-restored\sources\lin\xposed\hook\javaplugin\OnMsgMenuCreateAPI.java		setMenu
QStory_2.6.3-release-restored\sources\lin\xposed\hook\javaplugin\PluginCallback.java		onMsg
QStory_2.6.3-release-restored\sources\lin\xposed\hook\javaplugin\PluginCallback.java		getMsg
QStory_2.6.3-release-restored\sources\lin\xposed\hook\javaplugin\PluginMenuFloatingWindow.java		show x
QStory_2.6.3-release-restored\sources\lin\xposed\hook\javaplugin\PluginMenuFloatingWindow.java		show y
QStory_2.6.3-release-restored\sources\lin\xposed\hook\javaplugin\PluginMenuFloatingWindow.java		show x
QStory_2.6.3-release-restored\sources\lin\xposed\hook\javaplugin\PluginMenuFloatingWindow.java		show y
QStory_2.6.3-release-restored\sources\lin\xposed\hook\javaplugin\PluginMessageCallbackAPI.java		atType
QStory_2.6.3-release-restored\sources\lin\xposed\hook\javaplugin\PluginMessageCallbackAPI.java		atNtUid
QStory_2.6.3-release-restored\sources\lin\xposed\hook\javaplugin\PluginMessageCallbackAPI.java		/ptt/
QStory_2.6.3-release-restored\sources\lin\xposed\hook\javaplugin\PluginMessageCallbackAPI.java		records
QStory_2.6.3-release-restored\sources\lin\xposed\hook\javaplugin\PluginMessageCallbackAPI.java		msgTime
QStory_2.6.3-release-restored\sources\lin\xposed\hook\javaplugin\PluginMessageCallbackAPI.java		peerUid
QStory_2.6.3-release-restored\sources\lin\xposed\hook\javaplugin\PluginMessageCallbackAPI.java		peerUin
QStory_2.6.3-release-restored\sources\lin\xposed\hook\javaplugin\PluginMessageCallbackAPI.java		peerUin
QStory_2.6.3-release-restored\sources\lin\xposed\hook\view\main\MainSettingActivity.java		<set-?>
QStory_2.6.3-release-restored\sources\lin\xposed\hook\view\main\MainSettingActivity.java		QQ:
QStory_2.6.3-release-restored\sources\lin\xposed\hook\view\main\MainSettingActivity.java		setting
QStory_2.6.3-release-restored\sources\lin\xposed\hook\view\main\MainSettingActivity.java		提示
QStory_2.6.3-release-restored\sources\lin\xposed\hook\view\main\MainSettingActivity.java		<set-?>
QStory_2.6.3-release-restored\sources\lin\xposed\hook\view\main\MainSettingActivity.java		context
QStory_2.6.3-release-restored\sources\lin\xposed\hook\view\main\MainSettingActivity.java		newBase
QStory_2.6.3-release-restored\sources\lin\xposed\hook\view\main\MainSettingActivity.java		dimen
QStory_2.6.3-release-restored\sources\lin\xposed\hook\view\main\MainSettingActivity.java		android
QStory_2.6.3-release-restored\sources\lin\xposed\hook\view\main\MainSettingActivity.java		<set-?>
QStory_2.6.3-release-restored\sources\lin\xposed\hook\view\main\MainSettingActivity.java		<set-?>
QStory_2.6.3-release-restored\sources\lin\xposed\hook\view\main\MainSettingActivity.java		text
QStory_2.6.3-release-restored\sources\lin\xposed\hook\view\main\MainSettingActivity.java		<set-?>
QStory_2.6.3-release-restored\sources\lin\xposed\hook\view\main\SearchHelper$MatchType.java		GROUP
QStory_2.6.3-release-restored\sources\lin\xposed\hook\view\main\itemview\C6395.java		context
QStory_2.6.3-release-restored\sources\lin\xposed\hook\view\main\itemview\C6395.java		list
QStory_2.6.3-release-restored\sources\lin\xposed\hook\view\main\itemview\C6395.java		adapter
QStory_2.6.3-release-restored\sources\lin\xposed\hook\view\main\itemview\C6395.java		view
QStory_2.6.3-release-restored\sources\lin\xposed\hook\view\main\itemview\C6395.java		boxList
QStory_2.6.3-release-restored\sources\lin\xposed\hook\view\main\itemview\C6395.java		保存
QStory_2.6.3-release-restored\sources\lin\xposed\hook\view\main\itemview\CheckCommonGroup.java		context
QStory_2.6.3-release-restored\sources\lin\xposed\hook\view\main\itemview\CheckCommonGroup.java		取消
QStory_2.6.3-release-restored\sources\lin\xposed\hook\view\main\itemview\CheckCommonGroup.java		查找
QStory_2.6.3-release-restored\sources\lin\xposed\hook\view\main\itemview\CheckCommonGroup.java		url
QStory_2.6.3-release-restored\sources\lin\xposed\hook\view\main\itemview\ClearLoginInformation.java		context
QStory_2.6.3-release-restored\sources\lin\xposed\hook\view\main\itemview\JumpDataCard.java		context
QStory_2.6.3-release-restored\sources\lin\xposed\hook\view\main\itemview\JumpDataCard.java		关闭
QStory_2.6.3-release-restored\sources\lin\xposed\hook\view\main\itemview\JumpDataCard.java		确定
QStory_2.6.3-release-restored\sources\lin\xposed\hook\view\main\itemview\ManageFriends.java		context
QStory_2.6.3-release-restored\sources\lin\xposed\hook\view\main\itemview\ManageTroops.java		context
QStory_2.6.3-release-restored\sources\lin\xposed\hook\view\main\itemview\NoticeLog.java		context
QStory_2.6.3-release-restored\sources\lin\xposed\hook\view\main\itemview\Update.java		\n\n
QStory_2.6.3-release-restored\sources\lin\xposed\hook\view\main\itemview\Update.java		update
QStory_2.6.3-release-restored\sources\lin\xposed\hook\view\main\itemview\Update.java		update
QStory_2.6.3-release-restored\sources\lin\xposed\hook\view\main\itemview\UpdateLog.java		context
QStory_2.6.3-release-restored\sources\lin\xposed\hook\view\main\itemview\ViewOnClickListenerC6392.java		关闭
QStory_2.6.3-release-restored\sources\lin\xposed\hook\view\main\itemview\ViewOnClickListenerC6392.java		小时
QStory_2.6.3-release-restored\sources\lin\xposed\hook\view\main\itemview\ViewOnClickListenerC6392.java		剩余 
QStory_2.6.3-release-restored\sources\lin\xposed\hook\view\main\itemview\ViewOnClickListenerC6392.java		时
QStory_2.6.3-release-restored\sources\lin\xposed\hook\view\main\itemview\ViewOnClickListenerC6392.java		将在 
QStory_2.6.3-release-restored\sources\lin\xposed\hook\view\main\itemview\ViewOnClickListenerC6392.java		 结束
QStory_2.6.3-release-restored\sources\lin\xposed\hook\view\main\itemview\ViewOnClickListenerC6392.java		summary
QStory_2.6.3-release-restored\sources\lin\xposed\hook\view\main\itemview\ViewOnClickListenerC6392.java		8小时
QStory_2.6.3-release-restored\sources\lin\xposed\hook\view\main\itemview\ViewOnClickListenerC6392.java		2小时
QStory_2.6.3-release-restored\sources\lin\xposed\hook\view\main\itemview\ViewOnClickListenerC6392.java		关闭
QStory_2.6.3-release-restored\sources\lin\xposed\hook\view\main\itemview\ViewOnClickListenerC6392.java		关闭
QStory_2.6.3-release-restored\sources\lin\xposed\hook\view\main\itemview\ViewOnClickListenerC6392.java		剩余 
QStory_2.6.3-release-restored\sources\lin\xposed\hook\view\main\itemview\ViewOnClickListenerC6392.java		时
QStory_2.6.3-release-restored\sources\lin\xposed\hook\view\main\itemview\ViewOnClickListenerC6392.java		分
QStory_2.6.3-release-restored\sources\lin\xposed\hook\view\main\itemview\info\ItemUiInfoManager.java		NO_PATH
QStory_2.6.3-release-restored\sources\lin\xposed\hook\util\p011qq\CreateElement.java		http:
QStory_2.6.3-release-restored\sources\lin\xposed\hook\util\p011qq\CreateElement.java		https:
QStory_2.6.3-release-restored\sources\lin\xposed\hook\util\p011qq\CreateElement.java		img
QStory_2.6.3-release-restored\sources\lin\xposed\hook\util\p011qq\CreateElement.java		/ptt/
QStory_2.6.3-release-restored\sources\lin\xposed\hook\util\p011qq\CreateElement.java		http:
QStory_2.6.3-release-restored\sources\lin\xposed\hook\util\p011qq\CreateElement.java		https:
QStory_2.6.3-release-restored\sources\lin\xposed\hook\util\p011qq\CreateElement.java		.aac
QStory_2.6.3-release-restored\sources\lin\xposed\hook\util\p011qq\CreateElement.java		.aac
QStory_2.6.3-release-restored\sources\lin\xposed\hook\util\p011qq\CreateElement.java		video
QStory_2.6.3-release-restored\sources\lin\xposed\hook\util\p011qq\CreateElement.java		http:
QStory_2.6.3-release-restored\sources\lin\xposed\hook\util\p011qq\CreateElement.java		https:
QStory_2.6.3-release-restored\sources\lin\xposed\hook\util\p011qq\CreateElement.java		.mp4
QStory_2.6.3-release-restored\sources\lin\xposed\hook\util\p011qq\CreateElement.java		.mp4
QStory_2.6.3-release-restored\sources\lin\xposed\hook\util\p011qq\CreateElement.java		http://
QStory_2.6.3-release-restored\sources\lin\xposed\hook\util\p011qq\CreateElement.java		align
QStory_2.6.3-release-restored\sources\lin\xposed\hook\util\p011qq\CreateElement.java		center
QStory_2.6.3-release-restored\sources\lin\xposed\hook\util\p011qq\CreateElement.java		col
QStory_2.6.3-release-restored\sources\lin\xposed\hook\util\p011qq\CreateElement.java		jp
QStory_2.6.3-release-restored\sources\lin\xposed\hook\util\p011qq\CreateElement.java		txt
QStory_2.6.3-release-restored\sources\lin\xposed\hook\util\p011qq\CreateElement.java		type
QStory_2.6.3-release-restored\sources\lin\xposed\hook\util\p011qq\CreateElement.java		items
QStory_2.6.3-release-restored\sources\lin\xposed\hook\util\p011qq\Hook_cookie.java		all
QStory_2.6.3-release-restored\sources\lin\xposed\hook\util\p011qq\Hook_cookie.java		getSkey
QStory_2.6.3-release-restored\sources\lin\xposed\hook\util\p011qq\LegacyQQSendTool.java		md5
QStory_2.6.3-release-restored\sources\lin\xposed\hook\util\p011qq\LegacyQQSendTool.java		uuid
QStory_2.6.3-release-restored\sources\lin\xposed\hook\util\p011qq\LegacyQQSendTool.java		.jpg
QStory_2.6.3-release-restored\sources\lin\xposed\hook\util\p011qq\LegacyQQSendTool.java		img
QStory_2.6.3-release-restored\sources\lin\xposed\hook\util\p011qq\LegacyQQSendTool.java		/ptt/
QStory_2.6.3-release-restored\sources\lin\xposed\hook\util\p011qq\QQEmotionUtils.java		emotion
QStory_2.6.3-release-restored\sources\lin\xposed\hook\util\p011qq\QQEnvTool.java		id
QStory_2.6.3-release-restored\sources\lin\xposed\hook\util\p011qq\QQEnvTool.java		getApp
QStory_2.6.3-release-restored\sources\lin\xposed\hook\util\p011qq\QQEnvTool.java		api
QStory_2.6.3-release-restored\sources\lin\xposed\hook\util\p011qq\QQFriendTool.java		uin=o
QStory_2.6.3-release-restored\sources\lin\xposed\hook\util\p011qq\QQFriendTool.java		; skey=
QStory_2.6.3-release-restored\sources\lin\xposed\hook\util\p011qq\QQFriendTool.java		data
QStory_2.6.3-release-restored\sources\lin\xposed\hook\util\p011qq\QQFriendTool.java		uin=o
QStory_2.6.3-release-restored\sources\lin\xposed\hook\util\p011qq\QQFriendTool.java		; skey=
QStory_2.6.3-release-restored\sources\lin\xposed\hook\util\p011qq\QQFriendTool.java		data
QStory_2.6.3-release-restored\sources\lin\xposed\hook\util\p011qq\QQFriendTool.java		like
QStory_2.6.3-release-restored\sources\lin\xposed\hook\util\p011qq\QQMessageUtils.java		1406
QStory_2.6.3-release-restored\sources\lin\xposed\hook\util\p011qq\QQMessageUtils.java		1407
QStory_2.6.3-release-restored\sources\lin\xposed\hook\util\p011qq\QQMessageUtils.java		1406
QStory_2.6.3-release-restored\sources\lin\xposed\hook\util\p011qq\QQMessageUtils.java		&spec=0
QStory_2.6.3-release-restored\sources\lin\xposed\hook\util\p011qq\QQNTSendMsgUtils.java		POST
QStory_2.6.3-release-restored\sources\lin\xposed\hook\util\p011qq\QQNTSendMsgUtils.java		Cookie
QStory_2.6.3-release-restored\sources\lin\xposed\hook\util\p011qq\QQNTSendMsgUtils.java		sendMsg
QStory_2.6.3-release-restored\sources\lin\xposed\hook\util\p011qq\QQNTSendMsgUtils.java		sendMsg
QStory_2.6.3-release-restored\sources\lin\xposed\hook\util\p011qq\QQNTTroopTool.java		api
QStory_2.6.3-release-restored\sources\lin\xposed\hook\util\p011qq\QQNTTroopTool.java		uin
QStory_2.6.3-release-restored\sources\lin\xposed\hook\javaplugin\api\QQNTPluginMethod.java		msgId
QStory_2.6.3-release-restored\sources\lin\xposed\hook\javaplugin\api\QQNTPluginMethod.java		msgId
QStory_2.6.3-release-restored\sources\lin\xposed\hook\javaplugin\api\QQNTPluginMethod.java		\|
QStory_2.6.3-release-restored\sources\lin\xposed\hook\javaplugin\api\QQNTPluginMethod.java		group
QStory_2.6.3-release-restored\sources\lin\xposed\hook\javaplugin\api\QQNTPluginMethod.java		uin
QStory_2.6.3-release-restored\sources\lin\xposed\hook\javaplugin\api\QQNTPluginMethod.java		role
QStory_2.6.3-release-restored\sources\lin\xposed\hook\javaplugin\api\QQNTPluginMethod.java		MEMBER
QStory_2.6.3-release-restored\sources\lin\xposed\hook\javaplugin\api\QQNTPluginMethod.java		OWNER
QStory_2.6.3-release-restored\sources\lin\xposed\hook\javaplugin\api\QQNTPluginMethod.java		ADMIN
QStory_2.6.3-release-restored\sources\lin\xposed\hook\javaplugin\api\QQNTPluginMethod.java		contact
QStory_2.6.3-release-restored\sources\lin\xposed\hook\javaplugin\api\QQNTPluginMethod.java		uid
QStory_2.6.3-release-restored\sources\lin\xposed\hook\javaplugin\api\QQNTPluginMethod.java		uin
QStory_2.6.3-release-restored\sources\lin\xposed\hook\javaplugin\api\QQNTPluginMethod.java		nick
QStory_2.6.3-release-restored\sources\lin\xposed\hook\javaplugin\api\QQNTPluginMethod.java		remark
QStory_2.6.3-release-restored\sources\lin\xposed\hook\javaplugin\api\QQNTPluginMethod.java		age
QStory_2.6.3-release-restored\sources\lin\xposed\hook\javaplugin\api\QQNTPluginMethod.java		sex
QStory_2.6.3-release-restored\sources\lin\xposed\hook\javaplugin\api\QQNTPluginMethod.java		http
QStory_2.6.3-release-restored\sources\lin\xposed\hook\javaplugin\api\QQNTPluginMethod.java		Accept
QStory_2.6.3-release-restored\sources\lin\xposed\hook\javaplugin\api\QQNTPluginMethod.java		*/*
QStory_2.6.3-release-restored\sources\lin\xposed\hook\javaplugin\api\QQNTPluginMethod.java		http
QStory_2.6.3-release-restored\sources\lin\xposed\hook\javaplugin\api\QQNTPluginMethod.java		msgSeq
QStory_2.6.3-release-restored\sources\lin\xposed\hook\javaplugin\api\QQNTPluginMethod.java		msgId
QStory_2.6.3-release-restored\sources\lin\xposed\hook\javaplugin\api\QQNTPluginMethod.java		msgId
QStory_2.6.3-release-restored\sources\lin\xposed\hook\javaplugin\api\QQNTPluginMethod.java		summary
QStory_2.6.3-release-restored\sources\lin\xposed\hook\javaplugin\api\QQNTPluginMethod.java		troop
QStory_2.6.3-release-restored\sources\lin\xposed\hook\javaplugin\api\QQNTPluginMethod.java		member
QStory_2.6.3-release-restored\sources\lin\xposed\hook\javaplugin\api\QQNTPluginMethod.java		nick
QStory_2.6.3-release-restored\sources\lin\xposed\hook\javaplugin\api\QQNTPluginMethod.java		name
QStory_2.6.3-release-restored\sources\lin\xposed\hook\javaplugin\api\QQNTPluginMethod.java		troop
QStory_2.6.3-release-restored\sources\lin\xposed\hook\javaplugin\api\QQNTPluginMethod.java		uin
QStory_2.6.3-release-restored\sources\lin\xposed\hook\javaplugin\api\QQNTPluginMethod.java		title
QStory_2.6.3-release-restored\sources\lin\xposed\hook\javaplugin\api\QQNTPluginMethod.java		http
QStory_2.6.3-release-restored\sources\lin\xposed\hook\javaplugin\controller\AutoLoadPlugin.java		/Plugin
QStory_2.6.3-release-restored\sources\lin\xposed\hook\javaplugin\controller\FixClassLoader.java		name
QStory_2.6.3-release-restored\sources\lin\xposed\hook\javaplugin\controller\FixClassLoader.java		name
QStory_2.6.3-release-restored\sources\lin\xposed\hook\javaplugin\controller\FixClassLoader.java		name
QStory_2.6.3-release-restored\sources\lin\xposed\hook\javaplugin\controller\FixClassLoader.java		name
QStory_2.6.3-release-restored\sources\lin\xposed\hook\javaplugin\controller\PluginLoader.java		putInt
QStory_2.6.3-release-restored\sources\lin\xposed\hook\javaplugin\controller\PluginLoader.java		putLong
QStory_2.6.3-release-restored\sources\lin\xposed\hook\javaplugin\controller\PluginLoader.java		getInt
QStory_2.6.3-release-restored\sources\lin\xposed\hook\javaplugin\controller\PluginLoader.java		getLong
QStory_2.6.3-release-restored\sources\lin\xposed\hook\javaplugin\controller\PluginLoader.java		httpGet
QStory_2.6.3-release-restored\sources\lin\xposed\hook\javaplugin\controller\PluginLoader.java		httpGet
QStory_2.6.3-release-restored\sources\lin\xposed\hook\javaplugin\controller\PluginLoader.java		addItem
QStory_2.6.3-release-restored\sources\lin\xposed\hook\javaplugin\controller\PluginLoader.java		addItem
QStory_2.6.3-release-restored\sources\lin\xposed\hook\javaplugin\controller\PluginLoader.java		toast
QStory_2.6.3-release-restored\sources\lin\xposed\hook\javaplugin\controller\PluginLoader.java		load
QStory_2.6.3-release-restored\sources\lin\xposed\hook\javaplugin\controller\PluginLoader.java		loadDex
QStory_2.6.3-release-restored\sources\lin\xposed\hook\javaplugin\controller\PluginLoader.java		loadJar
QStory_2.6.3-release-restored\sources\lin\xposed\hook\javaplugin\controller\PluginLoader.java		loadAar
QStory_2.6.3-release-restored\sources\lin\xposed\hook\javaplugin\controller\PluginLoader.java		eval
QStory_2.6.3-release-restored\sources\lin\xposed\hook\javaplugin\controller\PluginLoader.java		error
QStory_2.6.3-release-restored\sources\lin\xposed\hook\javaplugin\controller\PluginLoader.java		log
QStory_2.6.3-release-restored\sources\lin\xposed\hook\javaplugin\controller\PluginLoader.java		context
QStory_2.6.3-release-restored\sources\lin\xposed\hook\javaplugin\controller\PluginLoader.java		loader
QStory_2.6.3-release-restored\sources\lin\xposed\hook\javaplugin\controller\PluginLoader.java		appPath
QStory_2.6.3-release-restored\sources\lin\xposed\hook\javaplugin\controller\PluginLoader.java		myUin
QStory_2.6.3-release-restored\sources\lin\xposed\hook\javaplugin\controller\PluginLoader.java		getSkey
QStory_2.6.3-release-restored\sources\lin\xposed\hook\javaplugin\controller\PluginLoader.java		getBKN
QStory_2.6.3-release-restored\sources\lin\xposed\hook\javaplugin\controller\PluginLoader.java		getGTK
QStory_2.6.3-release-restored\sources\lin\xposed\hook\javaplugin\controller\PluginLoader.java		sendMsg
QStory_2.6.3-release-restored\sources\lin\xposed\hook\javaplugin\controller\PluginLoader.java		sendPic
QStory_2.6.3-release-restored\sources\lin\xposed\hook\javaplugin\controller\PluginLoader.java		sendPai
QStory_2.6.3-release-restored\sources\lin\xposed\hook\javaplugin\controller\PluginLoader.java		sendTip
QStory_2.6.3-release-restored\sources\lin\xposed\hook\javaplugin\controller\PluginLoader.java		setCard
QStory_2.6.3-release-restored\sources\lin\xposed\hook\javaplugin\controller\PluginLoader.java		kick
QStory_2.6.3-release-restored\sources\lin\xposed\hook\javaplugin\controller\PluginLoader.java		onLoad
QStory_2.6.3-release-restored\sources\lin\xposed\hook\javaplugin\controller\PluginManager.java		yyyy-
QStory_2.6.3-release-restored\sources\lin\xposed\hook\javaplugin\controller\PluginManager.java		id
QStory_2.6.3-release-restored\sources\lin\xposed\hook\javaplugin\controller\PluginManager.java		name
QStory_2.6.3-release-restored\sources\lin\xposed\hook\javaplugin\controller\PluginManager.java		author
QStory_2.6.3-release-restored\sources\lin\xposed\hook\javaplugin\controller\PluginManager.java		version
QStory_2.6.3-release-restored\sources\lin\xposed\hook\javaplugin\controller\PluginManager.java		date
QStory_2.6.3-release-restored\sources\lin\xposed\hook\javaplugin\controller\PluginManager.java		tags
QStory_2.6.3-release-restored\sources\lin\xposed\hook\javaplugin\controller\PluginManager.java		images
QStory_2.6.3-release-restored\sources\lin\xposed\hook\javaplugin\controller\PluginManager.java		icon
QStory_2.6.3-release-restored\sources\lin\xposed\hook\javaplugin\controller\PluginManager.java		icon
QStory_2.6.3-release-restored\sources\lin\xposed\hook\javaplugin\dialog\PluginDialog.java		date
QStory_2.6.3-release-restored\sources\lin\xposed\hook\javaplugin\dialog\PluginDialog.java		/Plugin
QStory_2.6.3-release-restored\sources\lin\xposed\hook\javaplugin\dialog\ViewOnClickListenerC6365.java		context
QStory_2.6.3-release-restored\sources\lin\xposed\hook\javaplugin\dialog\ViewOnClickListenerC6365.java		delay
QStory_2.6.3-release-restored\sources\lin\xposed\hook\javaplugin\dialog\ViewOnClickListenerC6365.java		/Pic/
QStory_2.6.3-release-restored\sources\lin\xposed\hook\javaplugin\dialog\ViewOnClickListenerC6365.java		context
QStory_2.6.3-release-restored\sources\lin\xposed\hook\javaplugin\dialog\ViewOnClickListenerC6365.java		context
QStory_2.6.3-release-restored\sources\lin\xposed\hook\javaplugin\online\OnlinePluginTool.java		Accept
QStory_2.6.3-release-restored\sources\lin\xposed\hook\javaplugin\online\OnlinePluginTool.java		*/*
QStory_2.6.3-release-restored\sources\lin\xposed\hook\javaplugin\online\OnlinePluginTool.java		data
QStory_2.6.3-release-restored\sources\lin\xposed\hook\javaplugin\util\PluginDemoBuildUtil.java		MD5
QStory_2.6.3-release-restored\sources\lin\xposed\hook\javaplugin\util\PluginDemoBuildUtil.java		%02x
QStory_2.6.3-release-restored\sources\lin\xposed\hook\javaplugin\util\PluginDemoBuildUtil.java		/Plugin
QStory_2.6.3-release-restored\sources\lin\xposed\hook\javaplugin\util\PluginDemoBuildUtil.java		name
QStory_2.6.3-release-restored\sources\lin\xposed\hook\javaplugin\util\PluginDemoBuildUtil.java		id
QStory_2.6.3-release-restored\sources\lin\xposed\hook\javaplugin\util\PluginDemoBuildUtil.java		author
QStory_2.6.3-release-restored\sources\lin\xposed\hook\javaplugin\util\PluginDemoBuildUtil.java		version
QStory_2.6.3-release-restored\sources\lin\xposed\hook\javaplugin\util\PluginDemoBuildUtil.java		1.0
QStory_2.6.3-release-restored\sources\lin\xposed\hook\javaplugin\util\PluginDemoBuildUtil.java		date
QStory_2.6.3-release-restored\sources\lin\xposed\hook\javaplugin\util\PluginDemoBuildUtil.java		type
QStory_2.6.3-release-restored\sources\lin\xposed\hook\javaplugin\util\PluginDemoBuildUtil.java		tags
QStory_2.6.3-release-restored\sources\lin\xposed\hook\javaplugin\util\PluginDemoBuildUtil.java		/Plugin
QStory_2.6.3-release-restored\sources\lin\xposed\hook\javaplugin\util\PluginMessageTool.java		0424
QStory_2.6.3-release-restored\sources\lin\xposed\hook\javaplugin\util\PluginMessageTool.java		0204
QStory_2.6.3-release-restored\sources\lin\xposed\hook\javaplugin\util\PluginMessageTool.java		0481A6
QStory_2.6.3-release-restored\sources\lin\xposed\hook\javaplugin\util\PluginMessageTool.java		0204
QStory_2.6.3-release-restored\sources\lin\xposed\hook\javaplugin\util\PluginMessageTool.java		.mp4
QStory_2.6.3-release-restored\sources\lin\xposed\hook\javaplugin\util\PluginSendMsgTool.java		peerUid
QStory_2.6.3-release-restored\sources\lin\xposed\hook\javaplugin\util\PluginSendMsgTool.java		peerUid
QStory_2.6.3-release-restored\sources\lin\xposed\hook\javaplugin\util\PluginSendMsgTool.java		PicUrl
QStory_2.6.3-release-restored\sources\lin\xposed\hook\javaplugin\util\PluginSendMsgTool.java		AtQQ
QStory_2.6.3-release-restored\sources\lin\xposed\hook\javaplugin\util\PluginSendMsgTool.java		, key='
QStory_2.6.3-release-restored\sources\lin\xposed\hook\javaplugin\view\C6378.java		)...
QStory_2.6.3-release-restored\sources\lin\xposed\hook\javaplugin\view\C6378.java		)...
QStory_2.6.3-release-restored\sources\lin\xposed\hook\javaplugin\view\DownloadPluginItemView.java		plugin
QStory_2.6.3-release-restored\sources\lin\xposed\hook\javaplugin\view\DownloadPluginItemView.java		online-
QStory_2.6.3-release-restored\sources\lin\xposed\hook\javaplugin\view\DownloadPluginItemView.java		.zip
QStory_2.6.3-release-restored\sources\lin\xposed\hook\javaplugin\view\DownloadPluginItemView.java		/Plugin
QStory_2.6.3-release-restored\sources\lin\xposed\hook\javaplugin\view\DownloadPluginItemView.java		作者:
QStory_2.6.3-release-restored\sources\lin\xposed\hook\javaplugin\view\DownloadPluginItemView.java		简介:
QStory_2.6.3-release-restored\sources\lin\xposed\hook\javaplugin\view\DownloadPluginItemView.java		版本:
QStory_2.6.3-release-restored\sources\lin\xposed\hook\javaplugin\view\DownloadPluginItemView.java		ID:
QStory_2.6.3-release-restored\sources\lin\xposed\hook\javaplugin\view\PluginItemView.java		复制
QStory_2.6.3-release-restored\sources\lin\xposed\hook\javaplugin\view\PluginItemView.java		关闭
QStory_2.6.3-release-restored\sources\lin\xposed\hook\javaplugin\view\PluginItemView.java		确定
QStory_2.6.3-release-restored\sources\lin\xposed\hook\javaplugin\view\PluginItemView.java		取消
QStory_2.6.3-release-restored\sources\lin\xposed\hook\javaplugin\view\PluginItemView.java		确定
QStory_2.6.3-release-restored\sources\lin\xposed\hook\javaplugin\view\PluginItemView.java		取消
QStory_2.6.3-release-restored\sources\lin\xposed\hook\javaplugin\view\PluginItemView.java		版本:
QStory_2.6.3-release-restored\sources\lin\xposed\hook\javaplugin\view\PluginItemView.java		作者:
QStory_2.6.3-release-restored\sources\lin\xposed\hook\javaplugin\view\PluginItemView.java		标签:
QStory_2.6.3-release-restored\sources\lin\xposed\hook\javaplugin\view\PluginItemView.java		ID:
QStory_2.6.3-release-restored\sources\lin\xposed\hook\javaplugin\view\PluginItemView.java		上传
QStory_2.6.3-release-restored\sources\lin\xposed\hook\javaplugin\view\PluginItemView.java		删除
QStory_2.6.3-release-restored\sources\lin\xposed\hook\javaplugin\view\PluginItemView.java		取消
QStory_2.6.3-release-restored\sources\lin\xposed\hook\javaplugin\view\ViewOnClickListenerC6375.java		summary
QStory_2.6.3-release-restored\sources\lin\xposed\hook\javaplugin\view\ViewOnClickListenerC6375.java		删除
QStory_2.6.3-release-restored\sources\lin\xposed\hook\javaplugin\view\ViewOnClickListenerC6375.java		取消
QStory_2.6.3-release-restored\sources\lin\xposed\hook\javaplugin\view\ViewOnLongClickListenerC6376.java		改名
QStory_2.6.3-release-restored\sources\lin\xposed\hook\javaplugin\view\ViewOnLongClickListenerC6376.java		删除
QStory_2.6.3-release-restored\sources\lin\xposed\hook\javaplugin\online\upload\NetUploadPlugin.java		未知
QStory_2.6.3-release-restored\sources\lin\xposed\hook\javaplugin\online\upload\NetUploadPlugin.java		type
QStory_2.6.3-release-restored\sources\lin\xposed\hook\javaplugin\online\upload\NetUploadPlugin.java		POST
QStory_2.6.3-release-restored\sources\lin\xposed\hook\javaplugin\online\upload\NetUploadPlugin.java		Android
QStory_2.6.3-release-restored\sources\lin\xposed\hook\javaplugin\online\upload\NetUploadPlugin.java		Accept
QStory_2.6.3-release-restored\sources\lin\xposed\hook\javaplugin\online\upload\NetUploadPlugin.java		*/*
QStory_2.6.3-release-restored\sources\lin\xposed\hook\javaplugin\online\upload\NetUploadPlugin.java		code
QStory_2.6.3-release-restored\sources\lin\xposed\hook\javaplugin\online\upload\NetUploadPlugin.java		data
QStory_2.6.3-release-restored\sources\lin\xposed\hook\javaplugin\online\upload\NetUploadPlugin.java		code
QStory_2.6.3-release-restored\sources\lin\xposed\hook\javaplugin\online\upload\NetUploadPlugin.java		message
QStory_2.6.3-release-restored\sources\lin\xposed\hook\javaplugin\online\upload\NetUploadPlugin.java		token
QStory_2.6.3-release-restored\sources\lin\xposed\hook\javaplugin\online\upload\NetUploadPlugin.java		POST
QStory_2.6.3-release-restored\sources\lin\xposed\hook\javaplugin\online\upload\NetUploadPlugin.java		Android
QStory_2.6.3-release-restored\sources\lin\xposed\hook\javaplugin\online\upload\NetUploadPlugin.java		Accept
QStory_2.6.3-release-restored\sources\lin\xposed\hook\javaplugin\online\upload\NetUploadPlugin.java		*/*
QStory_2.6.3-release-restored\sources\lin\xposed\hook\javaplugin\online\upload\NetUploadPlugin.java		code
QStory_2.6.3-release-restored\sources\lin\xposed\hook\javaplugin\online\upload\NetUploadPlugin.java		data
QStory_2.6.3-release-restored\sources\lin\xposed\hook\javaplugin\online\upload\NetUploadPlugin.java		message
QStory_2.6.3-release-restored\sources\lin\xposed\hook\javaplugin\online\upload\NetUploadPlugin.java		file
QStory_2.6.3-release-restored\sources\lin\xposed\hook\javaplugin\online\upload\NetUploadPlugin.java		token
QStory_2.6.3-release-restored\sources\lin\xposed\hook\javaplugin\online\upload\NetUploadPlugin.java		Accept
QStory_2.6.3-release-restored\sources\lin\xposed\hook\javaplugin\online\upload\NetUploadPlugin.java		*/*
QStory_2.6.3-release-restored\sources\lin\xposed\hook\javaplugin\online\upload\NetUploadPlugin.java		code
QStory_2.6.3-release-restored\sources\lin\xposed\hook\javaplugin\online\upload\NetUploadPlugin.java		data
QStory_2.6.3-release-restored\sources\lin\xposed\hook\javaplugin\online\upload\NetUploadPlugin.java		message
QStory_2.6.3-release-restored\sources\lin\xposed\hook\javaplugin\online\upload\NetUploadPlugin.java		POST
QStory_2.6.3-release-restored\sources\lin\xposed\hook\javaplugin\online\upload\NetUploadPlugin.java		Accept
QStory_2.6.3-release-restored\sources\lin\xposed\hook\javaplugin\online\upload\NetUploadPlugin.java		*/*
QStory_2.6.3-release-restored\sources\lin\xposed\hook\javaplugin\online\upload\NetUploadPlugin.java		token
QStory_2.6.3-release-restored\sources\lin\xposed\hook\javaplugin\online\upload\NetUploadPlugin.java		code
QStory_2.6.3-release-restored\sources\lin\xposed\hook\javaplugin\online\upload\NetUploadPlugin.java		data
QStory_2.6.3-release-restored\sources\lin\xposed\hook\javaplugin\online\upload\NetUploadPlugin.java		message
QStory_2.6.3-release-restored\sources\lin\xposed\hook\javaplugin\online\upload\OkHttpClientBuilder.java		SSL
QStory_2.6.3-release-restored\sources\lin\xposed\hook\javaplugin\online\upload\UploadPlugin$special$$inlined$CoroutineExceptionHandler$1.java		确定
QStory_2.6.3-release-restored\sources\lin\xposed\hook\javaplugin\online\upload\UploadPlugin.java		确定
QStory_2.6.3-release-restored\sources\lin\xposed\hook\javaplugin\online\upload\UploadPlugin.java		确定
QStory_2.6.3-release-restored\sources\lin\xposed\hook\javaplugin\online\upload\UploadPlugin.java		Plugin
QStory_2.6.3-release-restored\sources\lin\xposed\hook\javaplugin\online\upload\UploadPlugin.java		/Plugin
QStory_2.6.3-release-restored\sources\lin\xposed\hook\javaplugin\online\upload\UploadPlugin.java		Plugin
QStory_2.6.3-release-restored\sources\lin\xposed\hook\javaplugin\online\upload\UploadPlugin.java		.zip
QStory_2.6.3-release-restored\sources\lin\xposed\hook\javaplugin\online\upload\UploadPlugin.java		file
QStory_2.6.3-release-restored\sources\lin\xposed\hook\javaplugin\online\upload\UploadPlugin.java		plugin
QStory_2.6.3-release-restored\sources\kotlin\reflect\jvm\internal\types\AbstractC5754.java		Label
QStory_2.6.3-release-restored\sources\kotlin\reflect\jvm\internal\impl\descriptors\C5317.java		qstory
QStory_2.6.3-release-restored\sources\kotlin\reflect\jvm\internal\impl\descriptors\C5317.java		code
QStory_2.6.3-release-restored\sources\kotlin\reflect\jvm\internal\impl\descriptors\C5317.java		data
QStory_2.6.3-release-restored\sources\kotlin\reflect\jvm\internal\impl\descriptors\C5317.java		uin
QStory_2.6.3-release-restored\sources\kotlin\reflect\jvm\internal\impl\descriptors\C5317.java		src
QStory_2.6.3-release-restored\sources\kotlin\reflect\jvm\internal\impl\descriptors\C5317.java		dst
QStory_2.6.3-release-restored\sources\kotlin\reflect\jvm\internal\impl\types\C5707.java		md5
QStory_2.6.3-release-restored\sources\io\ktor\util\C5039.java		it
QStory_2.6.3-release-restored\sources\io\ktor\server\http\content\C4956.java		content
QStory_2.6.3-release-restored\sources\io\ktor\server\http\content\C4956.java		at_list
QStory_2.6.3-release-restored\sources\io\ktor\server\http\content\C4956.java		block
QStory_2.6.3-release-restored\sources\io\ktor\server\http\content\C4956.java		block
QStory_2.6.3-release-restored\sources\io\ktor\server\http\content\C4956.java		group
QStory_2.6.3-release-restored\sources\io\ktor\client\plugins\AbstractC4765.java		/cache/
QStory_2.6.3-release-restored\sources\io\ktor\client\plugins\AbstractC4765.java		/QStory
QStory_2.6.3-release-restored\sources\io\ktor\client\plugins\api\C4718.java		call
QStory_2.6.3-release-restored\sources\io\ktor\client\plugins\api\C4718.java		call
QStory_2.6.3-release-restored\sources\io\ktor\client\plugins\api\C4718.java		QStory
QStory_2.6.3-release-restored\sources\io\ktor\client\plugins\api\C4718.java		确定
QStory_2.6.3-release-restored\sources\io\ktor\client\plugins\api\C4718.java		确认
QStory_2.6.3-release-restored\sources\com\google\gson\internal\C4056.java		atType
QStory_2.6.3-release-restored\sources\com\google\gson\internal\C4056.java		content
QStory_2.6.3-release-restored\sources\com\google\android\material\textfield\ViewOnClickListenerC4015.java		GrabHb
QStory_2.6.3-release-restored\sources\com\google\android\material\textfield\ViewOnClickListenerC4015.java		delay
QStory_2.6.3-release-restored\sources\com\google\android\material\textfield\ViewOnClickListenerC4015.java		context
QStory_2.6.3-release-restored\sources\com\google\android\material\textfield\ViewOnClickListenerC4015.java		取消
QStory_2.6.3-release-restored\sources\com\google\android\material\textfield\ViewOnClickListenerC4015.java		保存
QStory_2.6.3-release-restored\sources\com\google\android\material\textfield\ViewOnClickListenerC4015.java		size
QStory_2.6.3-release-restored\sources\com\google\android\material\textfield\ViewOnClickListenerC4015.java		size
QStory_2.6.3-release-restored\sources\com\google\android\material\textfield\ViewOnClickListenerC4015.java		TAG
QStory_2.6.3-release-restored\sources\com\google\android\material\textfield\ViewOnClickListenerC4015.java		prefix
QStory_2.6.3-release-restored\sources\com\google\android\material\textfield\ViewOnClickListenerC4015.java		suffix
QStory_2.6.3-release-restored\sources\com\google\android\material\textfield\ViewOnClickListenerC4015.java		summary
QStory_2.6.3-release-restored\sources\com\google\android\material\textfield\ViewOnClickListenerC4015.java		发送
QStory_2.6.3-release-restored\sources\com\google\android\material\textfield\ViewOnClickListenerC4015.java		取消
QStory_2.6.3-release-restored\sources\com\google\android\material\textfield\ViewOnClickListenerC4015.java		取消
QStory_2.6.3-release-restored\sources\com\bumptech\glide\AbstractC3887.java		buffer
QStory_2.6.3-release-restored\sources\com\bumptech\glide\AbstractC3887.java		param
QStory_2.6.3-release-restored\sources\com\bumptech\glide\AbstractC3887.java		info
QStory_2.6.3-release-restored\sources\com\bumptech\glide\AbstractC3887.java		msgInfo
QStory_2.6.3-release-restored\sources\com\bumptech\glide\AbstractC3887.java		info
QStory_2.6.3-release-restored\sources\com\bumptech\glide\AbstractC3887.java		buffer
QStory_2.6.3-release-restored\sources\com\bumptech\glide\AbstractC3887.java		param
QStory_2.6.3-release-restored\sources\com\bumptech\glide\AbstractC3887.java		paused
QStory_2.6.3-release-restored\sources\com\bumptech\glide\AbstractC3888.java		default
QStory_2.6.3-release-restored\sources\com\bumptech\glide\AbstractC3888.java		id
QStory_2.6.3-release-restored\sources\com\bumptech\glide\AbstractC3888.java		token
QStory_2.6.3-release-restored\sources\com\bumptech\glide\AbstractC3888.java		key
QStory_2.6.3-release-restored\sources\com\bumptech\glide\AbstractC3888.java		default
QStory_2.6.3-release-restored\sources\com\bumptech\glide\AbstractC3888.java		id
QStory_2.6.3-release-restored\sources\com\bumptech\glide\AbstractC3888.java		token
QStory_2.6.3-release-restored\sources\com\bumptech\glide\AbstractC3888.java		key
QStory_2.6.3-release-restored\sources\com\bumptech\glide\AbstractC3888.java		type
QStory_2.6.3-release-restored\sources\com\bumptech\glide\AbstractC3888.java		default
QStory_2.6.3-release-restored\sources\com\bumptech\glide\AbstractC3888.java		id
QStory_2.6.3-release-restored\sources\com\bumptech\glide\AbstractC3888.java		key
QStory_2.6.3-release-restored\sources\com\bumptech\glide\AbstractC3888.java		type
QStory_2.6.3-release-restored\sources\com\bumptech\glide\AbstractC3889.java		 / 
QStory_2.6.3-release-restored\sources\com\bumptech\glide\AbstractC3889.java		cmd
QStory_2.6.3-release-restored\sources\com\bumptech\glide\AbstractC3897.java		MD5
QStory_2.6.3-release-restored\sources\com\bumptech\glide\AbstractC3898.java		FFD8FF
QStory_2.6.3-release-restored\sources\com\bumptech\glide\AbstractC3898.java		.jpg
QStory_2.6.3-release-restored\sources\com\bumptech\glide\AbstractC3898.java		89504E
QStory_2.6.3-release-restored\sources\com\bumptech\glide\AbstractC3898.java		.png
QStory_2.6.3-release-restored\sources\com\bumptech\glide\AbstractC3898.java		474946
QStory_2.6.3-release-restored\sources\com\bumptech\glide\AbstractC3898.java		.gif
QStory_2.6.3-release-restored\sources\com\bumptech\glide\AbstractC3898.java		49492A
QStory_2.6.3-release-restored\sources\com\bumptech\glide\AbstractC3898.java		.tif
QStory_2.6.3-release-restored\sources\com\bumptech\glide\AbstractC3898.java		424D
QStory_2.6.3-release-restored\sources\com\bumptech\glide\AbstractC3898.java		.bmp
QStory_2.6.3-release-restored\sources\com\bumptech\glide\AbstractC3898.java		414331
QStory_2.6.3-release-restored\sources\com\bumptech\glide\AbstractC3898.java		.dwg
QStory_2.6.3-release-restored\sources\com\bumptech\glide\AbstractC3898.java		http
QStory_2.6.3-release-restored\sources\com\bumptech\glide\AbstractC3898.java		.png
QStory_2.6.3-release-restored\sources\com\bumptech\glide\C3902.java		Params
QStory_2.6.3-release-restored\sources\com\bumptech\glide\C3902.java		Params
QStory_2.6.3-release-restored\sources\com\alibaba\fastjson2\AbstractC3738.java		name
QStory_2.6.3-release-restored\sources\com\alibaba\fastjson2\AbstractC3738.java		name
QStory_2.6.3-release-restored\sources\com\alibaba\fastjson2\AbstractC3738.java		id
QStory_2.6.3-release-restored\sources\com\alibaba\fastjson2\AbstractC3738.java		title
QStory_2.6.3-release-restored\sources\com\alibaba\fastjson2\AbstractC3738.java		action
QStory_2.6.3-release-restored\sources\com\alibaba\fastjson2\AbstractC3738.java		name
QStory_2.6.3-release-restored\sources\com\alibaba\fastjson2\AbstractC3738.java		name
QStory_2.6.3-release-restored\sources\com\alibaba\fastjson2\AbstractC3738.java		id
QStory_2.6.3-release-restored\sources\com\alibaba\fastjson2\AbstractC3738.java		title
QStory_2.6.3-release-restored\sources\com\alibaba\fastjson2\AbstractC3738.java		action
QStory_2.6.3-release-restored\sources\com\alibaba\fastjson2\AbstractC3738.java		key
QStory_2.6.3-release-restored\sources\com\alibaba\fastjson2\AbstractC3738.java		key
QStory_2.6.3-release-restored\sources\com\alibaba\fastjson2\AbstractC3738.java		id
QStory_2.6.3-release-restored\sources\com\alibaba\fastjson2\AbstractC3738.java		title
QStory_2.6.3-release-restored\sources\com\alibaba\fastjson2\AbstractC3738.java		action
QStory_2.6.3-release-restored\sources\com\alibaba\fastjson2\AbstractC3738.java		key
QStory_2.6.3-release-restored\sources\com\alibaba\fastjson2\AbstractC3738.java		key
QStory_2.6.3-release-restored\sources\com\alibaba\fastjson2\AbstractC3738.java		id
QStory_2.6.3-release-restored\sources\com\alibaba\fastjson2\AbstractC3738.java		title
QStory_2.6.3-release-restored\sources\com\alibaba\fastjson2\AbstractC3738.java		sender
QStory_2.6.3-release-restored\sources\com\alibaba\fastjson2\AbstractC3738.java		text
QStory_2.6.3-release-restored\sources\com\alibaba\fastjson2\AbstractC3738.java		block
QStory_2.6.3-release-restored\sources\com\alibaba\fastjson2\AbstractC3738.java		content
QStory_2.6.3-release-restored\sources\com\alibaba\fastjson2\AbstractC3738.java		isError
QStory_2.6.3-release-restored\sources\com\alibaba\fastjson2\AbstractC3738.java		name
QStory_2.6.3-release-restored\sources\com\alibaba\fastjson2\AbstractC3738.java		<this>
QStory_2.6.3-release-restored\sources\com\alibaba\fastjson2\AbstractC3738.java		name
QStory_2.6.3-release-restored\sources\androidx\activity\RunnableC0899.java		成功 
QStory_2.6.3-release-restored\sources\androidx\activity\RunnableC0899.java		 个
QStory_2.6.3-release-restored\sources\androidx\activity\RunnableC0899.java		 个
QStory_2.6.3-release-restored\sources\androidx\recyclerview\widget\C3306.java		target
QStory_2.6.3-release-restored\sources\androidx\fragment\app\C3191.java		param
QStory_2.6.3-release-restored\sources\androidx\fragment\app\C3191.java		->
QStory_2.6.3-release-restored\sources\androidx\fragment\app\C3191.java		->\n
QStory_2.6.3-release-restored\sources\androidx\fragment\app\C3191.java		msgId
QStory_2.6.3-release-restored\sources\androidx\fragment\app\C3191.java		Lazy
QStory_2.6.3-release-restored\sources\androidx\fragment\app\C3191.java		emoId
QStory_2.6.3-release-restored\sources\androidx\fragment\app\C3191.java		emoId
QStory_2.6.3-release-restored\sources\androidx\fragment\app\C3191.java		emoId
QStory_2.6.3-release-restored\sources\androidx\fragment\app\C3191.java		emoId
QStory_2.6.3-release-restored\sources\androidx\fragment\app\C3191.java		resid
QStory_2.6.3-release-restored\sources\androidx\fragment\app\C3191.java		emoId
QStory_2.6.3-release-restored\sources\androidx\fragment\app\C3191.java		prefix
QStory_2.6.3-release-restored\sources\androidx\fragment\app\C3191.java		suffix
QStory_2.6.3-release-restored\sources\androidx\fragment\app\C3191.java		{time}
QStory_2.6.3-release-restored\sources\androidx\fragment\app\C3191.java		{time}
QStory_2.6.3-release-restored\sources\androidx\fragment\app\C3191.java		atType
QStory_2.6.3-release-restored\sources\androidx\fragment\app\C3191.java		summary
QStory_2.6.3-release-restored\sources\androidx\fragment\app\C3191.java		urlStr
QStory_2.6.3-release-restored\sources\androidx\fragment\app\C3191.java		msgId
QStory_2.6.3-release-restored\sources\androidx\fragment\app\RunnableC3179.java		delay
QStory_2.6.3-release-restored\sources\androidx\fragment\app\RunnableC3179.java		关闭
QStory_2.6.3-release-restored\sources\androidx\core\view\C3099.java		anim
QStory_2.6.3-release-restored\sources\androidx\core\view\C3099.java		anim
QStory_2.6.3-release-restored\sources\androidx\compose\foundation\C1868.java		api
QStory_2.6.3-release-restored\sources\androidx\compose\foundation\C1868.java		Uid
QStory_2.6.3-release-restored\sources\androidx\compose\foundation\C1868.java		uintype
QStory_2.6.3-release-restored\sources\androidx\compose\foundation\C1868.java		uin
QStory_2.6.3-release-restored\sources\androidx\compose\foundation\C1868.java		uinType
QStory_2.6.3-release-restored\sources\androidx\compose\foundation\C1868.java		check
QStory_2.6.3-release-restored\sources\androidx\compose\foundation\C1886.java		2.0
QStory_2.6.3-release-restored\sources\androidx\compose\foundation\C1886.java		error
QStory_2.6.3-release-restored\sources\androidx\compose\foundation\C1886.java		id
QStory_2.6.3-release-restored\sources\androidx\compose\foundation\C1898.java		args
QStory_2.6.3-release-restored\sources\androidx\compose\runtime\snapshots\C2116.java		message
QStory_2.6.3-release-restored\sources\androidx\compose\p001ui\platform\RunnableC2733.java		START
QStory_2.6.3-release-restored\sources\androidx\compose\p001ui\platform\RunnableC2733.java		time
QStory_2.6.3-release-restored\sources\androidx\compose\p001ui\platform\RunnableC2733.java		END
QStory_2.6.3-release-restored\sources\androidx\compose\p001ui\platform\RunnableC2733.java		doStep
QStory_2.6.3-release-restored\sources\androidx\compose\p001ui\platform\RunnableC2733.java		.jpg
QStory_2.6.3-release-restored\sources\androidx\compose\p001ui\platform\RunnableC2733.java		.jpeg
QStory_2.6.3-release-restored\sources\androidx\compose\p001ui\platform\RunnableC2733.java		.png
QStory_2.6.3-release-restored\sources\androidx\compose\p001ui\platform\RunnableC2733.java		.gif
QStory_2.6.3-release-restored\sources\androidx\compose\p001ui\platform\RunnableC2733.java		.bmp
QStory_2.6.3-release-restored\sources\androidx\compose\p001ui\platform\RunnableC2733.java		.tif
QStory_2.6.3-release-restored\sources\androidx\compose\p001ui\platform\RunnableC2733.java		.tiff
QStory_2.6.3-release-restored\sources\androidx\compose\p001ui\platform\RunnableC2733.java		.webp
QStory_2.6.3-release-restored\sources\androidx\compose\p001ui\platform\RunnableC2733.java		)\n
QStory_2.6.3-release-restored\sources\androidx\compose\p001ui\platform\RunnableC2733.java		user
QStory_2.6.3-release-restored\sources\androidx\compose\p001ui\platform\RunnableC2733.java		login
QStory_2.6.3-release-restored\sources\androidx\compose\material\ripple\RunnableC1945.java		/+1.png
QStory_2.6.3-release-restored\sources\androidx\compose\material\ripple\RunnableC1945.java		zip
QStory_2.6.3-release-restored\sources\androidx\compose\material\ripple\RunnableC1945.java		默认
QStory_2.6.3-release-restored\sources\androidx\compose\foundation\draganddrop\AbstractC1298.java		cmd
QStory_2.6.3-release-restored\sources\androidx\compose\foundation\draganddrop\AbstractC1298.java		data
QStory_2.6.3-release-restored\sources\androidx\compose\foundation\draganddrop\AbstractC1298.java		cmd
QStory_2.6.3-release-restored\sources\androidx\compose\foundation\draganddrop\AbstractC1298.java		data
QStory_2.6.3-release-restored\sources\androidx\compose\foundation\text\C1819.java		无
QStory_2.6.3-release-restored\sources\androidx\compose\foundation\text\C1819.java		标签:
QStory_2.6.3-release-restored\sources\androidx\compose\foundation\text\C1819.java		无
QStory_2.6.3-release-restored\sources\androidx\compose\foundation\text\C1822.java		it
QStory_2.6.3-release-restored\sources\androidx\compose\foundation\text\C1822.java		2.6.3 (
QStory_2.6.3-release-restored\sources\androidx\compose\foundation\text\C1822.java		key
QStory_2.6.3-release-restored\sources\androidx\compose\foundation\text\C1822.java		args
QStory_2.6.3-release-restored\sources\androidx\compose\foundation\text\C1822.java		value
QStory_2.6.3-release-restored\sources\androidx\compose\foundation\text\C1822.java		key
QStory_2.6.3-release-restored\sources\androidx\compose\foundation\text\C1822.java		args
QStory_2.6.3-release-restored\sources\androidx\compose\foundation\text\C1822.java		value
QStory_2.6.3-release-restored\sources\androidx\compose\foundation\text\C1822.java		key
QStory_2.6.3-release-restored\sources\androidx\compose\foundation\text\C1822.java		args
QStory_2.6.3-release-restored\sources\androidx\compose\foundation\text\C1822.java		value
QStory_2.6.3-release-restored\sources\androidx\compose\foundation\text\C1822.java		key
QStory_2.6.3-release-restored\sources\androidx\compose\foundation\text\C1822.java		args
QStory_2.6.3-release-restored\sources\androidx\compose\foundation\text\C1822.java		value
QStory_2.6.3-release-restored\sources\androidx\compose\foundation\text\C1822.java		key
QStory_2.6.3-release-restored\sources\androidx\compose\foundation\text\C1822.java		args
QStory_2.6.3-release-restored\sources\androidx\compose\foundation\text\C1822.java		value
QStory_2.6.3-release-restored\sources\androidx\compose\foundation\text\C1822.java		key
QStory_2.6.3-release-restored\sources\androidx\compose\foundation\text\C1822.java		args
QStory_2.6.3-release-restored\sources\androidx\compose\foundation\text\C1822.java		key
QStory_2.6.3-release-restored\sources\androidx\compose\foundation\text\C1822.java		args
QStory_2.6.3-release-restored\sources\androidx\compose\foundation\text\C1822.java		key
QStory_2.6.3-release-restored\sources\androidx\compose\foundation\text\C1822.java		args
QStory_2.6.3-release-restored\sources\androidx\compose\foundation\text\C1822.java		key
QStory_2.6.3-release-restored\sources\androidx\compose\foundation\text\C1822.java		args
QStory_2.6.3-release-restored\sources\androidx\compose\foundation\text\C1822.java		key
QStory_2.6.3-release-restored\sources\androidx\compose\foundation\text\C1822.java		args
QStory_2.6.3-release-restored\sources\androidx\compose\foundation\text\C1822.java		key
QStory_2.6.3-release-restored\sources\androidx\compose\foundation\text\C1822.java		args
QStory_2.6.3-release-restored\sources\androidx\compose\foundation\text\C1822.java		value
QStory_2.6.3-release-restored\sources\androidx\compose\foundation\text\C1822.java		userUin
QStory_2.6.3-release-restored\sources\androidx\compose\foundation\text\C1822.java		path
QStory_2.6.3-release-restored\sources\androidx\compose\foundation\text\C1822.java		userUin
QStory_2.6.3-release-restored\sources\androidx\compose\foundation\text\C1822.java		path
QStory_2.6.3-release-restored\sources\androidx\compose\foundation\text\C1822.java		userUin
QStory_2.6.3-release-restored\sources\androidx\compose\foundation\text\C1822.java		path
QStory_2.6.3-release-restored\sources\androidx\compose\foundation\text\C1822.java		userUin
QStory_2.6.3-release-restored\sources\androidx\compose\foundation\text\C1822.java		content
QStory_2.6.3-release-restored\sources\androidx\compose\foundation\text\C1822.java		userUin
QStory_2.6.3-release-restored\sources\androidx\compose\foundation\text\C1822.java		userUin
QStory_2.6.3-release-restored\sources\androidx\compose\foundation\text\C1822.java		path
QStory_2.6.3-release-restored\sources\androidx\compose\foundation\text\input\internal\RunnableC1714.java		<this>
QStory_2.6.3-release-restored\sources\androidx\compose\foundation\lazy\layout\C1520.java		adapter
QStory_2.6.3-release-restored\sources\androidx\compose\foundation\lazy\layout\C1520.java		summary
QStory_2.6.3-release-restored\sources\androidx\compose\foundation\lazy\layout\C1520.java		storeID
QStory_2.6.3-release-restored\sources\androidx\appcompat\app\HandlerC0950.java		ss.SSS
QStory_2.6.3-release-restored\sources\androidx\appcompat\app\HandlerC0950.java		END
QStory_2.6.3-release-restored\sources\androidx\appcompat\app\HandlerC0950.java		START
QStory_2.6.3-release-restored\sources\androidx\appcompat\app\RunnableC0946.java		\|
QStory_2.6.3-release-restored\sources\androidx\appcompat\app\RunnableC0946.java		img
QStory_2.6.3-release-restored\sources\androidx\appcompat\app\RunnableC0946.java		&yx=
QStory_2.6.3-release-restored\sources\androidx\appcompat\app\RunnableC0946.java		->
QStory_2.6.3-release-restored\sources\androidx\appcompat\app\RunnableC0946.java		&name=
QStory_2.6.3-release-restored\sources\androidx\appcompat\app\RunnableC0946.java		&skey=
QStory_2.6.3-release-restored\sources\androidx\appcompat\app\RunnableC0946.java		&uin=
QStory_2.6.3-release-restored\sources\androidx\appcompat\app\RunnableC0947.java		Uin
QStory_2.6.3-release-restored\sources\androidx\appcompat\app\RunnableC0947.java		Ip
QStory_2.6.3-release-restored\sources\androidx\appcompat\app\RunnableC0947.java		context
QStory_2.6.3-release-restored\sources\androidx\appcompat\app\RunnableC0947.java		Lt
QStory_2.6.3-release-restored\sources\androidx\appcompat\app\RunnableC0947.java		start
QStory_2.6.3-release-restored\sources\androidx\appcompat\app\ViewOnClickListenerC0917.java		contact
QStory_2.6.3-release-restored\sources\androidx\appcompat\app\ViewOnClickListenerC0917.java		msgId
QStory_2.6.3-release-restored\sources\androidx\activity\compose\C0849.java		2.0
QStory_2.6.3-release-restored\sources\androidx\activity\compose\C0849.java		result
QStory_2.6.3-release-restored\sources\androidx\activity\compose\C0849.java		id
QStory_2.6.3-release-restored\sources\androidx\activity\compose\C0849.java		result
QStory_2.6.3-release-restored\sources\androidx\activity\compose\C0849.java		result
QStory_2.6.3-release-restored\sources\androidx\activity\compose\C0849.java		::
QStory_2.6.3-release-restored\sources\androidx\activity\compose\C0849.java		TAG
QStory_2.6.3-release-restored\sources\androidx\activity\compose\C0849.java		setting
QStory_2.6.3-release-restored\sources\p024\ViewOnClickListenerC6987.java		v
QStory_2.6.3-release-restored\sources\p026\AbstractC7014.java	ternaryA	#1E1E1E
QStory_2.6.3-release-restored\sources\p026\AbstractC7014.java	ternaryB	#FFFFFF
QStory_2.6.3-release-restored\sources\p026\AbstractC7014.java	ternaryA	#E0E0E0
QStory_2.6.3-release-restored\sources\p026\AbstractC7014.java	ternaryB	#333333
QStory_2.6.3-release-restored\sources\p026\AbstractC7016.java		/
QStory_2.6.3-release-restored\sources\p026\AbstractC7016.java		E
QStory_2.6.3-release-restored\sources\p026\AbstractC7016.java		\n
QStory_2.6.3-release-restored\sources\p026\AbstractC7016.java		\n
QStory_2.6.3-release-restored\sources\p026\AbstractC7016.java		\n
QStory_2.6.3-release-restored\sources\p026\AbstractC7016.java		\n
QStory_2.6.3-release-restored\sources\p026\AbstractC7016.java		\n
QStory_2.6.3-release-restored\sources\p026\AbstractC7016.java		 
QStory_2.6.3-release-restored\sources\p026\AbstractC7016.java		 
QStory_2.6.3-release-restored\sources\p026\AbstractC7016.java		\n
QStory_2.6.3-release-restored\sources\p026\AbstractC7016.java		.
QStory_2.6.3-release-restored\sources\p026\AbstractC7016.java		(
QStory_2.6.3-release-restored\sources\p026\AbstractC7016.java		)
QStory_2.6.3-release-restored\sources\p026\AbstractC7016.java		.
QStory_2.6.3-release-restored\sources\p026\AbstractC7016.java		"
QStory_2.6.3-release-restored\sources\p026\AbstractC7016.java		"
QStory_2.6.3-release-restored\sources\p026\AbstractC7016.java		"
QStory_2.6.3-release-restored\sources\p026\AbstractC7016.java		"
QStory_2.6.3-release-restored\sources\p026\AbstractC7016.java		;
QStory_2.6.3-release-restored\sources\p026\AbstractC7016.java		\n
QStory_2.6.3-release-restored\sources\p026\AbstractC7017.java		\n
QStory_2.6.3-release-restored\sources\p026\AbstractC7017.java		\n
QStory_2.6.3-release-restored\sources\p026\AbstractC7017.java		\n
QStory_2.6.3-release-restored\sources\p026\AbstractC7017.java		\n
QStory_2.6.3-release-restored\sources\p026\AbstractC7017.java		\n
QStory_2.6.3-release-restored\sources\p026\AbstractC7017.java		\n
QStory_2.6.3-release-restored\sources\p026\AbstractC7017.java		\n
QStory_2.6.3-release-restored\sources\p026\AbstractC7017.java		\n
QStory_2.6.3-release-restored\sources\p026\AbstractC7017.java		\n
QStory_2.6.3-release-restored\sources\p026\AbstractC7017.java		\n
QStory_2.6.3-release-restored\sources\p026\AbstractC7017.java		\n
QStory_2.6.3-release-restored\sources\p026\AbstractC7017.java		\n
QStory_2.6.3-release-restored\sources\p026\AbstractC7017.java		\n
QStory_2.6.3-release-restored\sources\p026\AbstractC7017.java		\n
QStory_2.6.3-release-restored\sources\p026\AbstractC7017.java		E
QStory_2.6.3-release-restored\sources\p035\C7092.java	215	getLocalFilePath
QStory_2.6.3-release-restored\sources\p035\C7092.java		4
QStory_2.6.3-release-restored\sources\p035\C7092.java		4
QStory_2.6.3-release-restored\sources\p035\C7092.java		1
QStory_2.6.3-release-restored\sources\p035\C7092.java		1
QStory_2.6.3-release-restored\sources\p035\C7092.java		4
QStory_2.6.3-release-restored\sources\p035\C7092.java		4
QStory_2.6.3-release-restored\sources\p035\C7092.java		1
QStory_2.6.3-release-restored\sources\p035\C7092.java		1
QStory_2.6.3-release-restored\sources\p035\C7092.java		m
QStory_2.6.3-release-restored\sources\p035\C7092.java		c
QStory_2.6.3-release-restored\sources\p035\C7092.java		a
QStory_2.6.3-release-restored\sources\p035\C7092.java		b
QStory_2.6.3-release-restored\sources\p035\C7092.java		k
QStory_2.6.3-release-restored\sources\p038\C7129.java		\n
QStory_2.6.3-release-restored\sources\p038\C7129.java		\n
QStory_2.6.3-release-restored\sources\p038\C7133.java		\n
QStory_2.6.3-release-restored\sources\p038\C7133.java		\n
QStory_2.6.3-release-restored\sources\p038\C7134.java		\n
QStory_2.6.3-release-restored\sources\p038\C7134.java		\n
QStory_2.6.3-release-restored\sources\p038\C7134.java		/
QStory_2.6.3-release-restored\sources\p038\C7134.java		/
QStory_2.6.3-release-restored\sources\p040\AbstractC7138.java		:
QStory_2.6.3-release-restored\sources\p042\C7144.java		/
QStory_2.6.3-release-restored\sources\p048\C7157.java		t
QStory_2.6.3-release-restored\sources\p048\C7157.java		v
QStory_2.6.3-release-restored\sources\p048\C7157.java		\n
QStory_2.6.3-release-restored\sources\p048\C7157.java		\n
QStory_2.6.3-release-restored\sources\p048\C7157.java		\n
QStory_2.6.3-release-restored\sources\p050\AbstractC7173.java		0
QStory_2.6.3-release-restored\sources\p050\DialogInterfaceOnClickListenerC7170.java		/
QStory_2.6.3-release-restored\sources\p050\DialogInterfaceOnClickListenerC7170.java		/
QStory_2.6.3-release-restored\sources\p051\C7182.java		0
QStory_2.6.3-release-restored\sources\p051\C7182.java		v
QStory_2.6.3-release-restored\sources\p051\C7182.java		0
QStory_2.6.3-release-restored\sources\p052\RunnableC7186.java	768	开始初始化
QStory_2.6.3-release-restored\sources\p052\RunnableC7186.java	204	com.tencent.mobileqq.activity
QStory_2.6.3-release-restored\sources\p053\AbstractC7199.java		\n
QStory_2.6.3-release-restored\sources\p053\AbstractC7200.java		0
QStory_2.6.3-release-restored\sources\p053\AbstractC7200.java		0
QStory_2.6.3-release-restored\sources\p054\C7202.java		e
QStory_2.6.3-release-restored\sources\p054\C7202.java		l
QStory_2.6.3-release-restored\sources\p054\C7202.java		e
QStory_2.6.3-release-restored\sources\p054\C7202.java		0
QStory_2.6.3-release-restored\sources\p054\C7202.java		0
QStory_2.6.3-release-restored\sources\p054\C7206.java		f
QStory_2.6.3-release-restored\sources\p054\C7206.java		e
QStory_2.6.3-release-restored\sources\p054\C7206.java		b
QStory_2.6.3-release-restored\sources\p054\C7206.java		c
QStory_2.6.3-release-restored\sources\p054\C7206.java		e
QStory_2.6.3-release-restored\sources\p054\C7206.java		b
QStory_2.6.3-release-restored\sources\p054\C7206.java		c
QStory_2.6.3-release-restored\sources\p054\C7206.java		b
QStory_2.6.3-release-restored\sources\p054\C7206.java		a
QStory_2.6.3-release-restored\sources\p055\C7223.java	250	com.tencent.gdtad.basics.motivevideo.GdtMvVideoViewController
QStory_2.6.3-release-restored\sources\p055\C7223.java	251	com.tencent.gdtad.basics.motivevideo
QStory_2.6.3-release-restored\sources\p055\C7223.java	252	GdtMotiveVideoDialog
QStory_2.6.3-release-restored\sources\p055\C7223.java	253	onWindowFocusChanged() called with: hasFocus = [
QStory_2.6.3-release-restored\sources\p055\C7223.java	254	audioSwitch click is called isSilentMode =
QStory_2.6.3-release-restored\sources\p055\C7223.java	255	 onClick close_ads
QStory_2.6.3-release-restored\sources\p055\C7224.java		J
QStory_2.6.3-release-restored\sources\p055\C7229.java	212	com.tencent.mobileqq.aio.msglist.holder.component.ptt.AIOPttContentComponent
QStory_2.6.3-release-restored\sources\p055\C7229.java	213	com.tencent.mobileqq.activity.aio.item.PttItemBuilder
QStory_2.6.3-release-restored\sources\p055\C7229.java	213	com.tencent.mobileqq.activity.aio.item.PttItemBuilder
QStory_2.6.3-release-restored\sources\p055\C7229.java	214	com.tencent.mobileqq.data.ChatMessage
QStory_2.6.3-release-restored\sources\p055\C7229.java	211	长按一条语音
QStory_2.6.3-release-restored\sources\p055\C7229.java		a
QStory_2.6.3-release-restored\sources\p055\C7230.java	207	com.tencent.mobileqq.widget.navbar.NavBarAIO
QStory_2.6.3-release-restored\sources\p055\C7230.java	208	setEarIconVisible
QStory_2.6.3-release-restored\sources\p055\C7230.java	205	当前功能未在QQNT修复 可用状态 : 
QStory_2.6.3-release-restored\sources\p055\C7230.java	206	不可用
QStory_2.6.3-release-restored\sources\p055\C7237.java	216	com.tencent.richframework.gallery.QQGalleryActivity
QStory_2.6.3-release-restored\sources\p055\C7237.java	219	key_troop_group_name
QStory_2.6.3-release-restored\sources\p055\C7237.java	220	extra.GROUP_UIN
QStory_2.6.3-release-restored\sources\p055\C7237.java	221	群聊消息 
QStory_2.6.3-release-restored\sources\p055\C7237.java	222	来自群组 : 
QStory_2.6.3-release-restored\sources\p055\C7237.java	223	来自私聊与 
QStory_2.6.3-release-restored\sources\p055\C7237.java	224	 的对话
QStory_2.6.3-release-restored\sources\p055\C7237.java	226	发送者 : 
QStory_2.6.3-release-restored\sources\p055\C7237.java	218	PicUI bundle==null
QStory_2.6.3-release-restored\sources\p055\C7237.java	219	key_troop_group_name
QStory_2.6.3-release-restored\sources\p055\C7237.java	220	extra.GROUP_UIN
QStory_2.6.3-release-restored\sources\p055\C7237.java	221	群聊消息 
QStory_2.6.3-release-restored\sources\p055\C7237.java	222	来自群组 : 
QStory_2.6.3-release-restored\sources\p055\C7237.java	223	来自私聊与 
QStory_2.6.3-release-restored\sources\p055\C7237.java	224	 的对话
QStory_2.6.3-release-restored\sources\p055\C7237.java	225	extra.EXTRA_CURRENT_IMAGE
QStory_2.6.3-release-restored\sources\p055\C7237.java	226	发送者 : 
QStory_2.6.3-release-restored\sources\p055\C7237.java	219	key_troop_group_name
QStory_2.6.3-release-restored\sources\p055\C7237.java	220	extra.GROUP_UIN
QStory_2.6.3-release-restored\sources\p055\C7237.java	221	群聊消息 
QStory_2.6.3-release-restored\sources\p055\C7237.java	222	来自群组 : 
QStory_2.6.3-release-restored\sources\p055\C7237.java	223	来自私聊与 
QStory_2.6.3-release-restored\sources\p055\C7237.java	224	 的对话
QStory_2.6.3-release-restored\sources\p055\C7237.java	226	发送者 : 
QStory_2.6.3-release-restored\sources\p055\C7237.java	218	PicUI bundle==null
QStory_2.6.3-release-restored\sources\p055\C7237.java	219	key_troop_group_name
QStory_2.6.3-release-restored\sources\p055\C7237.java	220	extra.GROUP_UIN
QStory_2.6.3-release-restored\sources\p055\C7237.java	221	群聊消息 
QStory_2.6.3-release-restored\sources\p055\C7237.java	222	来自群组 : 
QStory_2.6.3-release-restored\sources\p055\C7237.java	223	来自私聊与 
QStory_2.6.3-release-restored\sources\p055\C7237.java	224	 的对话
QStory_2.6.3-release-restored\sources\p055\C7237.java	225	extra.EXTRA_CURRENT_IMAGE
QStory_2.6.3-release-restored\sources\p055\C7237.java	226	发送者 : 
QStory_2.6.3-release-restored\sources\p055\C7237.java	217	com.tencent.mobileqq.richmediabrowser.AIOGalleryActivity
QStory_2.6.3-release-restored\sources\p055\C7237.java	219	key_troop_group_name
QStory_2.6.3-release-restored\sources\p055\C7237.java	220	extra.GROUP_UIN
QStory_2.6.3-release-restored\sources\p055\C7237.java	221	群聊消息 
QStory_2.6.3-release-restored\sources\p055\C7237.java	222	来自群组 : 
QStory_2.6.3-release-restored\sources\p055\C7237.java	223	来自私聊与 
QStory_2.6.3-release-restored\sources\p055\C7237.java	224	 的对话
QStory_2.6.3-release-restored\sources\p055\C7237.java	226	发送者 : 
QStory_2.6.3-release-restored\sources\p055\C7237.java	218	PicUI bundle==null
QStory_2.6.3-release-restored\sources\p055\C7237.java	219	key_troop_group_name
QStory_2.6.3-release-restored\sources\p055\C7237.java	220	extra.GROUP_UIN
QStory_2.6.3-release-restored\sources\p055\C7237.java	221	群聊消息 
QStory_2.6.3-release-restored\sources\p055\C7237.java	222	来自群组 : 
QStory_2.6.3-release-restored\sources\p055\C7237.java	223	来自私聊与 
QStory_2.6.3-release-restored\sources\p055\C7237.java	224	 的对话
QStory_2.6.3-release-restored\sources\p055\C7237.java	225	extra.EXTRA_CURRENT_IMAGE
QStory_2.6.3-release-restored\sources\p055\C7237.java	226	发送者 : 
QStory_2.6.3-release-restored\sources\p055\C7237.java	219	key_troop_group_name
QStory_2.6.3-release-restored\sources\p055\C7237.java	220	extra.GROUP_UIN
QStory_2.6.3-release-restored\sources\p055\C7237.java	221	群聊消息 
QStory_2.6.3-release-restored\sources\p055\C7237.java	222	来自群组 : 
QStory_2.6.3-release-restored\sources\p055\C7237.java	223	来自私聊与 
QStory_2.6.3-release-restored\sources\p055\C7237.java	224	 的对话
QStory_2.6.3-release-restored\sources\p055\C7237.java	226	发送者 : 
QStory_2.6.3-release-restored\sources\p055\C7237.java	218	PicUI bundle==null
QStory_2.6.3-release-restored\sources\p055\C7237.java	219	key_troop_group_name
QStory_2.6.3-release-restored\sources\p055\C7237.java	220	extra.GROUP_UIN
QStory_2.6.3-release-restored\sources\p055\C7237.java	221	群聊消息 
QStory_2.6.3-release-restored\sources\p055\C7237.java	222	来自群组 : 
QStory_2.6.3-release-restored\sources\p055\C7237.java	223	来自私聊与 
QStory_2.6.3-release-restored\sources\p055\C7237.java	224	 的对话
QStory_2.6.3-release-restored\sources\p055\C7237.java	225	extra.EXTRA_CURRENT_IMAGE
QStory_2.6.3-release-restored\sources\p055\C7237.java	226	发送者 : 
QStory_2.6.3-release-restored\sources\p055\C7237.java		0
QStory_2.6.3-release-restored\sources\p055\C7237.java		(
QStory_2.6.3-release-restored\sources\p055\C7237.java		)
QStory_2.6.3-release-restored\sources\p055\C7237.java		(
QStory_2.6.3-release-restored\sources\p055\C7237.java		)
QStory_2.6.3-release-restored\sources\p055\C7237.java		(
QStory_2.6.3-release-restored\sources\p055\C7237.java		)
QStory_2.6.3-release-restored\sources\p055\C7237.java		(
QStory_2.6.3-release-restored\sources\p055\C7237.java		)
QStory_2.6.3-release-restored\sources\p055\C7237.java		(
QStory_2.6.3-release-restored\sources\p055\C7237.java		)
QStory_2.6.3-release-restored\sources\p055\C7237.java		(
QStory_2.6.3-release-restored\sources\p055\C7237.java		)
QStory_2.6.3-release-restored\sources\p055\C7237.java		(
QStory_2.6.3-release-restored\sources\p055\C7237.java		)
QStory_2.6.3-release-restored\sources\p055\C7237.java		(
QStory_2.6.3-release-restored\sources\p055\C7237.java		)
QStory_2.6.3-release-restored\sources\p055\C7257.java		w
QStory_2.6.3-release-restored\sources\p055\C7257.java		i
QStory_2.6.3-release-restored\sources\p055\C7257.java		d
QStory_2.6.3-release-restored\sources\p055\C7257.java		q
QStory_2.6.3-release-restored\sources\p055\ViewOnClickListenerC7227.java	203	android.intent.action.VIEW
QStory_2.6.3-release-restored\sources\p055\ViewOnClickListenerC7227.java	203	android.intent.action.VIEW
QStory_2.6.3-release-restored\sources\p055\ViewOnClickListenerC7227.java	202	mqq://card/show_pslcard?src_type=internal&source=sharecard&version=1&uin=
QStory_2.6.3-release-restored\sources\p055\ViewOnClickListenerC7227.java	203	android.intent.action.VIEW
QStory_2.6.3-release-restored\sources\p055\ViewOnClickListenerC7227.java	202	mqq://card/show_pslcard?src_type=internal&source=sharecard&version=1&uin=
QStory_2.6.3-release-restored\sources\p055\ViewOnClickListenerC7227.java	203	android.intent.action.VIEW
QStory_2.6.3-release-restored\sources\p055\ViewOnClickListenerC7227.java	203	android.intent.action.VIEW
QStory_2.6.3-release-restored\sources\p055\ViewOnClickListenerC7227.java	202	mqq://card/show_pslcard?src_type=internal&source=sharecard&version=1&uin=
QStory_2.6.3-release-restored\sources\p055\ViewOnClickListenerC7227.java	203	android.intent.action.VIEW
QStory_2.6.3-release-restored\sources\p055\ViewOnClickListenerC7227.java	202	mqq://card/show_pslcard?src_type=internal&source=sharecard&version=1&uin=
QStory_2.6.3-release-restored\sources\p055\ViewOnClickListenerC7232.java	203	android.intent.action.VIEW
QStory_2.6.3-release-restored\sources\p055\ViewOnClickListenerC7232.java	202	mqq://card/show_pslcard?src_type=internal&source=sharecard&version=1&uin=
QStory_2.6.3-release-restored\sources\p055\ViewOnClickListenerC7232.java	203	android.intent.action.VIEW
QStory_2.6.3-release-restored\sources\p055\ViewOnClickListenerC7232.java	202	mqq://card/show_pslcard?src_type=internal&source=sharecard&version=1&uin=
QStory_2.6.3-release-restored\sources\p055\ViewOnClickListenerC7239.java		J
QStory_2.6.3-release-restored\sources\p056\C7266.java		J
QStory_2.6.3-release-restored\sources\p058\AbstractC7277.java		0
QStory_2.6.3-release-restored\sources\p058\AbstractC7277.java	ternaryA	2
QStory_2.6.3-release-restored\sources\p058\AbstractC7277.java	ternaryB	0
QStory_2.6.3-release-restored\sources\p058\AbstractC7279.java		0
QStory_2.6.3-release-restored\sources\p058\AbstractC7279.java	ternaryA	2
QStory_2.6.3-release-restored\sources\p058\AbstractC7279.java	ternaryB	0
QStory_2.6.3-release-restored\sources\p059\RunnableC7281.java		0
QStory_2.6.3-release-restored\sources\p059\RunnableC7281.java		0
QStory_2.6.3-release-restored\sources\p059\RunnableC7281.java		0
QStory_2.6.3-release-restored\sources\p059\RunnableC7281.java		1
QStory_2.6.3-release-restored\sources\p059\RunnableC7281.java		&
QStory_2.6.3-release-restored\sources\p059\RunnableC7281.java		=
QStory_2.6.3-release-restored\sources\p059\RunnableC7281.java		&
QStory_2.6.3-release-restored\sources\p059\RunnableC7281.java		=
QStory_2.6.3-release-restored\sources\p069\AbstractC7390.java		/
QStory_2.6.3-release-restored\sources\p091\C7790.java		.
QStory_2.6.3-release-restored\sources\p160\C8376.java		3
QStory_2.6.3-release-restored\sources\p160\C8376.java		2
QStory_2.6.3-release-restored\sources\p160\C8376.java		7
QStory_2.6.3-release-restored\sources\p160\C8376.java		5
QStory_2.6.3-release-restored\sources\p160\C8376.java		1
QStory_2.6.3-release-restored\sources\p207\ThreadFactoryC8633.java		r
QStory_2.6.3-release-restored\sources\p246\C8882.java		t
QStory_2.6.3-release-restored\sources\p269\AbstractC9019.java		-
QStory_2.6.3-release-restored\sources\p332\C9496.java		(
QStory_2.6.3-release-restored\sources\p332\C9496.java		(
QStory_2.6.3-release-restored\sources\p332\C9496.java		)
QStory_2.6.3-release-restored\sources\p332\C9496.java		)
QStory_2.6.3-release-restored\sources\p337\C9527.java		m
QStory_2.6.3-release-restored\sources\p337\C9527.java		m
QStory_2.6.3-release-restored\sources\p338\C9530.java		1
QStory_2.6.3-release-restored\sources\p338\C9530.java		1
QStory_2.6.3-release-restored\sources\p338\C9531.java		1
QStory_2.6.3-release-restored\sources\p338\C9531.java		1
QStory_2.6.3-release-restored\sources\p338\C9531.java		1
QStory_2.6.3-release-restored\sources\p338\C9531.java		1
QStory_2.6.3-release-restored\sources\p338\C9531.java		1
QStory_2.6.3-release-restored\sources\p338\C9531.java		0
QStory_2.6.3-release-restored\sources\p338\C9531.java		1
QStory_2.6.3-release-restored\sources\p338\C9533.java		0
QStory_2.6.3-release-restored\sources\p338\C9533.java		1
QStory_2.6.3-release-restored\sources\p339\C9536.java		v
QStory_2.6.3-release-restored\sources\p339\C9536.java		v
QStory_2.6.3-release-restored\sources\p339\C9536.java		v
QStory_2.6.3-release-restored\sources\p339\C9548.java		v
QStory_2.6.3-release-restored\sources\p339\C9549.java		v
QStory_2.6.3-release-restored\sources\p339\C9553.java		v
QStory_2.6.3-release-restored\sources\p339\C9553.java		v
QStory_2.6.3-release-restored\sources\p339\C9553.java		,
QStory_2.6.3-release-restored\sources\p339\C9555.java		0
QStory_2.6.3-release-restored\sources\p339\RunnableC9541.java		0
QStory_2.6.3-release-restored\sources\p339\RunnableC9541.java		0
QStory_2.6.3-release-restored\sources\p346\C9606.java		v
QStory_2.6.3-release-restored\sources\p346\C9606.java		v
QStory_2.6.3-release-restored\sources\p348\C9614.java		0
QStory_2.6.3-release-restored\sources\p350\C9617.java		>
QStory_2.6.3-release-restored\sources\p352\C9619.java		e
QStory_2.6.3-release-restored\sources\p352\C9619.java		f
QStory_2.6.3-release-restored\sources\p352\C9631.java		 
QStory_2.6.3-release-restored\sources\p352\C9631.java		|
QStory_2.6.3-release-restored\sources\p352\C9631.java		(
QStory_2.6.3-release-restored\sources\p352\C9631.java		(
QStory_2.6.3-release-restored\sources\p352\C9631.java		)
QStory_2.6.3-release-restored\sources\p354\C9636.java		0
QStory_2.6.3-release-restored\sources\p354\C9636.java		0
QStory_2.6.3-release-restored\sources\p354\C9636.java		0
QStory_2.6.3-release-restored\sources\p354\C9636.java		1
QStory_2.6.3-release-restored\sources\p354\C9636.java		&
QStory_2.6.3-release-restored\sources\p354\C9636.java		=
QStory_2.6.3-release-restored\sources\p354\C9636.java		&
QStory_2.6.3-release-restored\sources\p354\C9636.java		=
QStory_2.6.3-release-restored\sources\p362\C9665.java		0
QStory_2.6.3-release-restored\sources\p371\C9720.java		v
QStory_2.6.3-release-restored\sources\top\suzhelan\qstory\hook\api\C6642.java	203	android.intent.action.VIEW
QStory_2.6.3-release-restored\sources\top\suzhelan\qstory\hook\api\C6642.java		0
QStory_2.6.3-release-restored\sources\top\suzhelan\qstory\hook\api\C6642.java		/
QStory_2.6.3-release-restored\sources\top\suzhelan\qstory\hook\api\C6642.java		/
QStory_2.6.3-release-restored\sources\top\suzhelan\qstory\hook\api\C6642.java		o
QStory_2.6.3-release-restored\sources\top\suzhelan\qstory\hook\api\C6642.java		o
QStory_2.6.3-release-restored\sources\top\suzhelan\qstory\hook\api\C6642.java		m
QStory_2.6.3-release-restored\sources\top\suzhelan\qstory\hook\api\C6642.java		f
QStory_2.6.3-release-restored\sources\top\suzhelan\qstory\hook\api\C6642.java		k
QStory_2.6.3-release-restored\sources\top\suzhelan\qstory\hook\api\C6642.java		1
QStory_2.6.3-release-restored\sources\top\suzhelan\qstory\hook\api\C6642.java		2
QStory_2.6.3-release-restored\sources\top\suzhelan\qstory\hook\api\C6642.java		1
QStory_2.6.3-release-restored\sources\top\suzhelan\qstory\hook\api\C6642.java		1
QStory_2.6.3-release-restored\sources\top\suzhelan\qstory\hook\api\C6642.java		3
QStory_2.6.3-release-restored\sources\top\suzhelan\qstory\hook\api\C6642.java		2
QStory_2.6.3-release-restored\sources\top\suzhelan\qstory\hook\api\C6642.java		2
QStory_2.6.3-release-restored\sources\top\suzhelan\qstory\hook\api\C6642.java		3
QStory_2.6.3-release-restored\sources\top\suzhelan\qstory\hook\api\C6642.java		5
QStory_2.6.3-release-restored\sources\top\suzhelan\qstory\hook\api\C6642.java		4
QStory_2.6.3-release-restored\sources\top\suzhelan\qstory\hook\api\C6642.java		3
QStory_2.6.3-release-restored\sources\top\suzhelan\qstory\hook\api\C6642.java		5
QStory_2.6.3-release-restored\sources\top\suzhelan\qstory\hook\api\C6642.java		1
QStory_2.6.3-release-restored\sources\top\suzhelan\qstory\hook\item\C6706.java		h
QStory_2.6.3-release-restored\sources\top\suzhelan\qstory\hook\item\C6709.java		(
QStory_2.6.3-release-restored\sources\top\suzhelan\qstory\hook\item\C6709.java		)
QStory_2.6.3-release-restored\sources\top\suzhelan\qstory\hook\item\C6712.java		.
QStory_2.6.3-release-restored\sources\top\suzhelan\qstory\hook\item\C6723.java		a
QStory_2.6.3-release-restored\sources\top\suzhelan\qstory\hook\item\C6743.java		:
QStory_2.6.3-release-restored\sources\top\suzhelan\qstory\hook\item\C6743.java		:
QStory_2.6.3-release-restored\sources\top\suzhelan\qstory\hook\item\C6743.java		:
QStory_2.6.3-release-restored\sources\top\suzhelan\qstory\hook\item\C6743.java		:
QStory_2.6.3-release-restored\sources\top\suzhelan\qstory\hook\item\C6745.java		1
QStory_2.6.3-release-restored\sources\top\suzhelan\qstory\hook\item\C6745.java		2
QStory_2.6.3-release-restored\sources\top\suzhelan\qstory\hook\item\C6745.java		1
QStory_2.6.3-release-restored\sources\top\suzhelan\qstory\hook\item\C6745.java		2
QStory_2.6.3-release-restored\sources\top\suzhelan\qstory\hook\item\C6745.java		1
QStory_2.6.3-release-restored\sources\top\suzhelan\qstory\hook\item\C6745.java		3
QStory_2.6.3-release-restored\sources\top\suzhelan\qstory\hook\item\C6745.java		2
QStory_2.6.3-release-restored\sources\top\suzhelan\qstory\hook\item\C6745.java		1
QStory_2.6.3-release-restored\sources\top\suzhelan\qstory\hook\item\C6745.java		4
QStory_2.6.3-release-restored\sources\top\suzhelan\qstory\hook\item\C6745.java		5
QStory_2.6.3-release-restored\sources\top\suzhelan\qstory\hook\item\C6745.java		3
QStory_2.6.3-release-restored\sources\top\suzhelan\qstory\hook\item\C6745.java		1
QStory_2.6.3-release-restored\sources\top\suzhelan\qstory\hook\item\C6745.java		2
QStory_2.6.3-release-restored\sources\top\suzhelan\qstory\hook\item\C6750.java	214	com.tencent.mobileqq.data.ChatMessage
QStory_2.6.3-release-restored\sources\top\suzhelan\qstory\hook\item\C6753.java		v
QStory_2.6.3-release-restored\sources\top\suzhelan\qstory\hook\item\C6755.java		"
QStory_2.6.3-release-restored\sources\top\suzhelan\qstory\hook\item\C6755.java		"
QStory_2.6.3-release-restored\sources\top\suzhelan\qstory\hook\item\C6755.java		"
QStory_2.6.3-release-restored\sources\top\suzhelan\qstory\hook\item\C6755.java		"
QStory_2.6.3-release-restored\sources\top\suzhelan\qstory\hook\item\C6755.java		;
QStory_2.6.3-release-restored\sources\top\suzhelan\qstory\hook\item\C6755.java		\n
QStory_2.6.3-release-restored\sources\top\suzhelan\qstory\hook\item\C6755.java		"
QStory_2.6.3-release-restored\sources\top\suzhelan\qstory\hook\item\C6755.java		"
QStory_2.6.3-release-restored\sources\top\suzhelan\qstory\hook\item\C6755.java		"
QStory_2.6.3-release-restored\sources\top\suzhelan\qstory\hook\item\C6755.java		"
QStory_2.6.3-release-restored\sources\top\suzhelan\qstory\hook\item\C6755.java		;
QStory_2.6.3-release-restored\sources\top\suzhelan\qstory\hook\item\C6755.java		\n
QStory_2.6.3-release-restored\sources\top\suzhelan\qstory\hook\item\C6755.java		e
QStory_2.6.3-release-restored\sources\top\suzhelan\qstory\hook\item\C6755.java		e
QStory_2.6.3-release-restored\sources\top\suzhelan\qstory\hook\item\C6766.java	212	com.tencent.mobileqq.aio.msglist.holder.component.ptt.AIOPttContentComponent
QStory_2.6.3-release-restored\sources\top\suzhelan\qstory\hook\item\C6782.java		I
QStory_2.6.3-release-restored\sources\top\suzhelan\qstory\hook\item\C6782.java		E
QStory_2.6.3-release-restored\sources\top\suzhelan\qstory\hook\item\C6782.java		D
QStory_2.6.3-release-restored\sources\top\suzhelan\qstory\hook\item\C6784.java		\n
QStory_2.6.3-release-restored\sources\top\suzhelan\qstory\hook\item\C6784.java		\n
QStory_2.6.3-release-restored\sources\top\suzhelan\qstory\hook\item\C6784.java		(
QStory_2.6.3-release-restored\sources\top\suzhelan\qstory\hook\item\C6784.java		)
QStory_2.6.3-release-restored\sources\top\suzhelan\qstory\hook\item\C6784.java		\n
QStory_2.6.3-release-restored\sources\top\suzhelan\qstory\hook\item\C6784.java		\n
QStory_2.6.3-release-restored\sources\top\suzhelan\qstory\hook\item\C6784.java		\n
QStory_2.6.3-release-restored\sources\top\suzhelan\qstory\hook\item\C6784.java		(
QStory_2.6.3-release-restored\sources\top\suzhelan\qstory\hook\item\C6784.java		)
QStory_2.6.3-release-restored\sources\top\suzhelan\qstory\hook\item\C6784.java		|
QStory_2.6.3-release-restored\sources\top\suzhelan\qstory\hook\item\CallableC6741.java	209	com.tencent.qqnt.kernel.nativeinterface.PttElement
QStory_2.6.3-release-restored\sources\top\suzhelan\qstory\hook\item\CallableC6741.java	210	getFilePath
QStory_2.6.3-release-restored\sources\top\suzhelan\qstory\hook\item\NewAutoGrabHb$pares$1.java		=
QStory_2.6.3-release-restored\sources\top\suzhelan\qstory\hook\item\NewAutoGrabHb$pares$1.java		=
QStory_2.6.3-release-restored\sources\top\suzhelan\qstory\hook\item\NewAutoGrabHb$pares$1.java		=
QStory_2.6.3-release-restored\sources\top\suzhelan\qstory\hook\item\NewAutoGrabHb$pares$1.java		=
QStory_2.6.3-release-restored\sources\top\suzhelan\qstory\hook\item\NewAutoGrabHb$pares$1.java		1
QStory_2.6.3-release-restored\sources\top\suzhelan\qstory\hook\item\NewAutoGrabHb$pares$1.java		=
QStory_2.6.3-release-restored\sources\top\suzhelan\qstory\hook\item\NewAutoGrabHb$pares$1.java		=
QStory_2.6.3-release-restored\sources\top\suzhelan\qstory\hook\item\NewAutoGrabHb$pares$1.java		=
QStory_2.6.3-release-restored\sources\top\suzhelan\qstory\hook\item\NewAutoGrabHb$pares$1.java		0
QStory_2.6.3-release-restored\sources\top\suzhelan\qstory\hook\item\NewAutoGrabHb$pares$1.java		=
QStory_2.6.3-release-restored\sources\top\suzhelan\qstory\hook\item\NewAutoGrabHb$pares$1.java		=
QStory_2.6.3-release-restored\sources\top\suzhelan\qstory\hook\item\NewAutoGrabHb$pares$1.java		=
QStory_2.6.3-release-restored\sources\top\suzhelan\qstory\hook\item\NewAutoGrabHb$pares$1.java		=
QStory_2.6.3-release-restored\sources\top\suzhelan\qstory\hook\item\NewAutoGrabHb$pares$1.java		1
QStory_2.6.3-release-restored\sources\top\suzhelan\qstory\hook\item\NewAutoGrabHb$pares$1.java		=
QStory_2.6.3-release-restored\sources\top\suzhelan\qstory\hook\item\NewAutoGrabHb$pares$1.java		0
QStory_2.6.3-release-restored\sources\top\suzhelan\qstory\hook\item\NewAutoGrabHb$pares$1.java		 
QStory_2.6.3-release-restored\sources\top\suzhelan\qstory\hook\item\NewAutoGrabHb$pares$1.java		|
QStory_2.6.3-release-restored\sources\top\suzhelan\qstory\hook\item\NewAutoGrabHb$pares$1.java		0
QStory_2.6.3-release-restored\sources\top\suzhelan\qstory\hook\item\NewAutoGrabHb$pares$1.java		0
QStory_2.6.3-release-restored\sources\top\suzhelan\qstory\hook\item\NewAutoGrabHb$pares$1.java		0
QStory_2.6.3-release-restored\sources\top\suzhelan\qstory\hook\item\NewAutoGrabHb$pares$1.java		1
QStory_2.6.3-release-restored\sources\top\suzhelan\qstory\hook\item\NewAutoGrabHb$pares$1.java		&
QStory_2.6.3-release-restored\sources\top\suzhelan\qstory\hook\item\NewAutoGrabHb$pares$1.java		=
QStory_2.6.3-release-restored\sources\top\suzhelan\qstory\hook\item\NewAutoGrabHb$pares$1.java		&
QStory_2.6.3-release-restored\sources\top\suzhelan\qstory\hook\item\NewAutoGrabHb$pares$1.java		=
QStory_2.6.3-release-restored\sources\top\suzhelan\qstory\hook\item\RunnableC6740.java		 
QStory_2.6.3-release-restored\sources\top\suzhelan\qstory\hook\item\RunnableC6740.java		|
QStory_2.6.3-release-restored\sources\top\suzhelan\qstory\hook\item\RunnableC6740.java		=
QStory_2.6.3-release-restored\sources\top\suzhelan\qstory\hook\item\RunnableC6740.java		=
QStory_2.6.3-release-restored\sources\top\suzhelan\qstory\hook\item\RunnableC6740.java		=
QStory_2.6.3-release-restored\sources\top\suzhelan\qstory\hook\item\RunnableC6740.java		=
QStory_2.6.3-release-restored\sources\top\suzhelan\qstory\hook\item\RunnableC6740.java		1
QStory_2.6.3-release-restored\sources\top\suzhelan\qstory\hook\item\RunnableC6740.java		=
QStory_2.6.3-release-restored\sources\top\suzhelan\qstory\hook\item\RunnableC6740.java		=
QStory_2.6.3-release-restored\sources\top\suzhelan\qstory\hook\item\RunnableC6740.java		=
QStory_2.6.3-release-restored\sources\top\suzhelan\qstory\hook\item\RunnableC6740.java		0
QStory_2.6.3-release-restored\sources\top\suzhelan\qstory\hook\item\RunnableC6740.java		=
QStory_2.6.3-release-restored\sources\top\suzhelan\qstory\hook\item\RunnableC6740.java		=
QStory_2.6.3-release-restored\sources\top\suzhelan\qstory\hook\item\RunnableC6740.java		=
QStory_2.6.3-release-restored\sources\top\suzhelan\qstory\hook\item\RunnableC6740.java		=
QStory_2.6.3-release-restored\sources\top\suzhelan\qstory\hook\item\RunnableC6740.java		1
QStory_2.6.3-release-restored\sources\top\suzhelan\qstory\hook\item\RunnableC6740.java		=
QStory_2.6.3-release-restored\sources\top\suzhelan\qstory\hook\item\RunnableC6740.java		0
QStory_2.6.3-release-restored\sources\top\suzhelan\qstory\hook\item\RunnableC6769.java		W
QStory_2.6.3-release-restored\sources\top\suzhelan\qstory\hook\item\chat\C6678.java	212	com.tencent.mobileqq.aio.msglist.holder.component.ptt.AIOPttContentComponent
QStory_2.6.3-release-restored\sources\top\suzhelan\qstory\hook\item\chat\C6679.java	ternaryA	s
QStory_2.6.3-release-restored\sources\top\suzhelan\qstory\hook\item\chat\C6679.java	ternaryB	q
QStory_2.6.3-release-restored\sources\top\suzhelan\qstory\hook\item\chat\C6686.java		\n
QStory_2.6.3-release-restored\sources\top\suzhelan\qstory\hook\item\chat\C6686.java		\n
QStory_2.6.3-release-restored\sources\top\suzhelan\qstory\hook\item\chat\C6699.java		 
QStory_2.6.3-release-restored\sources\top\suzhelan\qstory\hook\item\chat\C6699.java		 
QStory_2.6.3-release-restored\sources\lin\xposed\hook\javaplugin\PluginMessageCallbackAPI.java		]
QStory_2.6.3-release-restored\sources\lin\xposed\hook\javaplugin\PluginOutput.java		\n
QStory_2.6.3-release-restored\sources\lin\xposed\hook\javaplugin\PluginOutput.java		\n
QStory_2.6.3-release-restored\sources\lin\xposed\hook\javaplugin\PluginOutput.java		\n
QStory_2.6.3-release-restored\sources\lin\xposed\hook\javaplugin\PluginOutput.java		\n
QStory_2.6.3-release-restored\sources\lin\xposed\hook\view\main\itemview\AddQQGroup.java	203	android.intent.action.VIEW
QStory_2.6.3-release-restored\sources\lin\xposed\hook\view\main\itemview\AddTelegramChannel.java	203	android.intent.action.VIEW
QStory_2.6.3-release-restored\sources\lin\xposed\hook\view\main\itemview\AddTelegramGroup.java	203	android.intent.action.VIEW
QStory_2.6.3-release-restored\sources\lin\xposed\hook\view\main\itemview\C6395.java	203	android.intent.action.VIEW
QStory_2.6.3-release-restored\sources\lin\xposed\hook\view\main\itemview\GithubSourceCode.java	203	android.intent.action.VIEW
QStory_2.6.3-release-restored\sources\lin\xposed\hook\view\main\itemview\JumpDataCard.java	203	android.intent.action.VIEW
QStory_2.6.3-release-restored\sources\lin\xposed\hook\view\main\itemview\JumpDataCard.java	203	android.intent.action.VIEW
QStory_2.6.3-release-restored\sources\lin\xposed\hook\view\main\itemview\Update.java	203	android.intent.action.VIEW
QStory_2.6.3-release-restored\sources\lin\xposed\hook\view\main\itemview\Update.java		?
QStory_2.6.3-release-restored\sources\lin\xposed\hook\view\main\itemview\Update.java		v
QStory_2.6.3-release-restored\sources\lin\xposed\hook\view\main\itemview\Update.java		\n
QStory_2.6.3-release-restored\sources\lin\xposed\hook\view\main\itemview\info\ItemUiInfo.java		/
QStory_2.6.3-release-restored\sources\lin\xposed\hook\view\main\itemview\info\ItemUiInfoManager.java		/
QStory_2.6.3-release-restored\sources\lin\xposed\hook\util\p011qq\CreateElement.java		/
QStory_2.6.3-release-restored\sources\lin\xposed\hook\util\p011qq\CreateElement.java		/
QStory_2.6.3-release-restored\sources\lin\xposed\hook\util\p011qq\CreateElement.java		o
QStory_2.6.3-release-restored\sources\lin\xposed\hook\util\p011qq\CreateElement.java		@
QStory_2.6.3-release-restored\sources\lin\xposed\hook\util\p011qq\CreateElement.java		0
QStory_2.6.3-release-restored\sources\lin\xposed\hook\util\p011qq\CreateElement.java	ternaryA	nor
QStory_2.6.3-release-restored\sources\lin\xposed\hook\util\p011qq\CreateElement.java	ternaryB	url
QStory_2.6.3-release-restored\sources\lin\xposed\hook\util\p011qq\Hook_cookie.java	900	com.tencent.biz.g.e.a.a
QStory_2.6.3-release-restored\sources\lin\xposed\hook\util\p011qq\Hook_cookie.java		0
QStory_2.6.3-release-restored\sources\lin\xposed\hook\util\p011qq\Hook_cookie.java		o
QStory_2.6.3-release-restored\sources\lin\xposed\hook\util\p011qq\Hook_cookie.java		a
QStory_2.6.3-release-restored\sources\lin\xposed\hook\util\p011qq\Hook_cookie.java	ternaryA	1
QStory_2.6.3-release-restored\sources\lin\xposed\hook\util\p011qq\Hook_cookie.java	ternaryB	0
QStory_2.6.3-release-restored\sources\lin\xposed\hook\util\p011qq\LegacyQQSendTool.java	214	com.tencent.mobileqq.data.ChatMessage
QStory_2.6.3-release-restored\sources\lin\xposed\hook\util\p011qq\LegacyQQSendTool.java		/
QStory_2.6.3-release-restored\sources\lin\xposed\hook\util\p011qq\QQNTSendMsgUtils.java		\n
QStory_2.6.3-release-restored\sources\lin\xposed\hook\util\p011qq\QQNTTroopTool.java	1001	com.tencent.mobileqq.troop.handler.TroopMemberMngHandler
QStory_2.6.3-release-restored\sources\lin\xposed\hook\util\p011qq\QQNTTroopTool.java	1000	deleteTroopMember
QStory_2.6.3-release-restored\sources\lin\xposed\hook\util\p011qq\QQNTTroopTool.java	998	modifyTroopShutUpTime
QStory_2.6.3-release-restored\sources\lin\xposed\hook\util\p011qq\QQNTTroopTool.java	998	modifyTroopShutUpTime
QStory_2.6.3-release-restored\sources\lin\xposed\hook\util\p011qq\QQNTTroopTool.java		d
QStory_2.6.3-release-restored\sources\lin\xposed\hook\util\p011qq\QQSessionUtils.java		e
QStory_2.6.3-release-restored\sources\lin\xposed\hook\util\p011qq\QQSessionUtils.java		d
QStory_2.6.3-release-restored\sources\lin\xposed\hook\util\p011qq\QQSessionUtils.java		f
QStory_2.6.3-release-restored\sources\lin\xposed\hook\util\p011qq\QQSessionUtils.java		e
QStory_2.6.3-release-restored\sources\lin\xposed\hook\util\p011qq\QQSessionUtils.java		f
QStory_2.6.3-release-restored\sources\lin\xposed\hook\util\p011qq\QQSessionUtils.java		e
QStory_2.6.3-release-restored\sources\lin\xposed\hook\util\p011qq\QQSessionUtils.java		e
QStory_2.6.3-release-restored\sources\lin\xposed\hook\util\p011qq\QQSessionUtils.java		d
QStory_2.6.3-release-restored\sources\lin\xposed\hook\util\p011qq\QQSessionUtils.java		f
QStory_2.6.3-release-restored\sources\lin\xposed\hook\util\p011qq\QQSessionUtils.java		f
QStory_2.6.3-release-restored\sources\lin\xposed\hook\util\p011qq\QQSessionUtils.java		e
QStory_2.6.3-release-restored\sources\lin\xposed\hook\util\p011qq\QQSessionUtils.java		i
QStory_2.6.3-release-restored\sources\lin\xposed\hook\util\p011qq\QQSessionUtils.java		f
QStory_2.6.3-release-restored\sources\lin\xposed\hook\util\p011qq\QQSessionUtils.java		e
QStory_2.6.3-release-restored\sources\lin\xposed\hook\util\p011qq\QQSessionUtils.java		g
QStory_2.6.3-release-restored\sources\lin\xposed\hook\javaplugin\api\QQNTPluginMethod.java		1
QStory_2.6.3-release-restored\sources\lin\xposed\hook\javaplugin\api\QQNTPluginMethod.java		2
QStory_2.6.3-release-restored\sources\lin\xposed\hook\javaplugin\api\QQNTPluginMethod.java		1
QStory_2.6.3-release-restored\sources\lin\xposed\hook\javaplugin\api\QQNTPluginMethod.java		1
QStory_2.6.3-release-restored\sources\lin\xposed\hook\javaplugin\api\QQNTPluginMethod.java		5
QStory_2.6.3-release-restored\sources\lin\xposed\hook\javaplugin\api\QQNTPluginMethod.java		6
QStory_2.6.3-release-restored\sources\lin\xposed\hook\javaplugin\api\QQNTPluginMethod.java		7
QStory_2.6.3-release-restored\sources\lin\xposed\hook\javaplugin\api\QQNTPluginMethod.java		3
QStory_2.6.3-release-restored\sources\lin\xposed\hook\javaplugin\api\QQNTPluginMethod.java		4
QStory_2.6.3-release-restored\sources\lin\xposed\hook\javaplugin\controller\PluginManager.java		(
QStory_2.6.3-release-restored\sources\lin\xposed\hook\javaplugin\controller\PluginManager.java		)
QStory_2.6.3-release-restored\sources\lin\xposed\hook\javaplugin\controller\PluginManager.java		-
QStory_2.6.3-release-restored\sources\lin\xposed\hook\javaplugin\dialog\PluginDialog.java	203	android.intent.action.VIEW
QStory_2.6.3-release-restored\sources\lin\xposed\hook\javaplugin\util\PluginDemoBuildUtil.java		-
QStory_2.6.3-release-restored\sources\lin\xposed\hook\javaplugin\util\PluginDemoBuildUtil.java		1
QStory_2.6.3-release-restored\sources\lin\xposed\hook\javaplugin\util\PluginSendMsgTool.java		0
QStory_2.6.3-release-restored\sources\lin\xposed\hook\javaplugin\util\PluginSendMsgTool.java		=
QStory_2.6.3-release-restored\sources\lin\xposed\hook\javaplugin\util\PluginSendMsgTool.java		[
QStory_2.6.3-release-restored\sources\lin\xposed\hook\javaplugin\util\PluginSendMsgTool.java		]
QStory_2.6.3-release-restored\sources\lin\xposed\hook\javaplugin\view\ViewOnClickListenerC6375.java		/
QStory_2.6.3-release-restored\sources\lin\xposed\hook\javaplugin\view\ViewOnClickListenerC6375.java		0
QStory_2.6.3-release-restored\sources\lin\xposed\hook\javaplugin\online\upload\NetUploadPlugin.java		"
QStory_2.6.3-release-restored\sources\lin\xposed\hook\javaplugin\online\upload\NetUploadPlugin.java		"
QStory_2.6.3-release-restored\sources\lin\xposed\hook\javaplugin\online\upload\NetUploadPlugin.java		"
QStory_2.6.3-release-restored\sources\kotlin\reflect\jvm\internal\AbstractC5894.java		\n
QStory_2.6.3-release-restored\sources\kotlin\reflect\jvm\internal\AbstractC5894.java		\n
QStory_2.6.3-release-restored\sources\kotlin\reflect\jvm\internal\impl\descriptors\C5317.java		:
QStory_2.6.3-release-restored\sources\io\ktor\util\C5039.java		u
QStory_2.6.3-release-restored\sources\io\ktor\util\C5039.java		v
QStory_2.6.3-release-restored\sources\io\ktor\client\plugins\api\C4718.java		t
QStory_2.6.3-release-restored\sources\com\bumptech\glide\AbstractC3888.java		0
QStory_2.6.3-release-restored\sources\com\bumptech\glide\AbstractC3898.java		/
QStory_2.6.3-release-restored\sources\com\bumptech\glide\AbstractC3898.java		.
QStory_2.6.3-release-restored\sources\com\bumptech\glide\AbstractC3898.java		/
QStory_2.6.3-release-restored\sources\androidx\fragment\app\C3191.java		/
QStory_2.6.3-release-restored\sources\androidx\fragment\app\RunnableC3179.java		I
QStory_2.6.3-release-restored\sources\androidx\compose\foundation\C1931.java		>
QStory_2.6.3-release-restored\sources\androidx\compose\p001ui\platform\RunnableC2733.java		:
QStory_2.6.3-release-restored\sources\androidx\compose\p001ui\platform\RunnableC2733.java		.
QStory_2.6.3-release-restored\sources\androidx\appcompat\app\C0955.java		/
QStory_2.6.3-release-restored\sources\androidx\appcompat\app\HandlerC0950.java		.
QStory_2.6.3-release-restored\sources\androidx\appcompat\app\HandlerC0950.java		s
QStory_2.6.3-release-restored\sources\androidx\appcompat\app\RunnableC0909.java		>
QStory_2.6.3-release-restored\sources\androidx\appcompat\app\RunnableC0946.java		|
QStory_2.6.3-release-restored\sources\androidx\appcompat\app\RunnableC0946.java		/
QStory_2.6.3-release-restored\sources\androidx\appcompat\app\RunnableC0946.java	ternaryA	0
QStory_2.6.3-release-restored\sources\androidx\appcompat\app\RunnableC0946.java	ternaryB	2
QStory_2.6.3-release-restored\sources\androidx\appcompat\app\ViewOnClickListenerC0917.java		v
