-3937834756763551143	jpg
-3937834709518910887	gif
-3937834692339041703	webp
-3937834670864205223	jpeg
-3937834657979303335	png
-3937834610734663079	bmp
-3937834593554793895	StickerInfo(path=
-3937834499065513383	, md5=
-3937834464705775015	, type=
-3937834387396363687	\u8868\u60c5\u9762\u677f#2\uff0c\u8868\u60c5\u4ee5\u6587\u4ef6\u5939\u7ec4\u4fdd\u5b58\u5728
-3937834361626559911	\u6ed1\u7a3d.png
-3937834297202050471	StickerPanelInject: PanelIconLinearLayout method not found
-3937834254252377511	\u6697\u9ed1\u6ed1\u7a3d.webp
-3937833966489568679	firstOrNull(...)
-3937833936424797607	null cannot be cast to non-null type android.widget.LinearLayout.LayoutParams
-3937833902065059239	\u81ea\u5b9a\u4e49\u8868\u60c5\u9762\u677f
-3937833584237479335	getFirstField(...)
-3937833528402904487	getMsgRecordMd5UrlMap(...)
-3937833403848852903	RECENT_USAGE
-3937833287884735911	recent_usage
-3937833262114932135	NAME_ASC
-3937833206280357287	\u6700\u8fd1\u4f7f\u7528
-3937833201985389991	\u6587\u4ef6\u540d A\u2192Z
-3937833163330684327	name_asc
-3937833107496109479	name_desc
-3937833098906174887	NAME_DESC
-3937833047366567335	TIME_ASC
-3937833013006828967	\u6587\u4ef6\u540d Z\u2192A
-3937832982942057895	time_asc
-3937832922812515751	TIME_DESC
-3937832884157810087	\u4fee\u6539\u65f6\u95f4 \u65e7\u2192\u65b0
-3937832836913169831	\u4fee\u6539\u65f6\u95f4 \u65b0\u2192\u65e7
-3937832793963496871	time_desc
-3937832738128922023	dirSortMode
-3937832708064150951	fileSortMode
-3937832686589314471	mode
-3937832592100033959	keepOpenAfterSend
-3937832557740295591	true
-3937832531970491815	false
-3937832510495655335	DirVisualState(fillColor=
-3937832476135916967	outRect
-3937832231322781095	, alpha=
-3937832154013369767	Action(action=
-3937832132538533287	, elevation=
-3937832080998925735	Directory(name=
-3937832012279448999	SORT_CONFIG
-3937831960739841447	ONLINE_STICKER
-3937831887725397415	animation
-3937831797531084199	payload_selection
-3937831793236116903	payloads
-3937831737401542055	dirList
-3937831672977032615	onClickStart
-3937831634322326951	animator
-3937831591372653991	onClickEnd
-3937831501178340775	stickerScrollPosition
-3937831458228667815	stickerScrollOffset
-3937831303609845159	dirScrollPosition
-3937831243480303015	dirScrollOffset
-3937831187645728167	\u53d1\u9001\u8868\u60c5\u5931\u8d25: 
-3937831174760826279	-1
-3937831153285989799	storeID
-3937831123221218727	initialCover
-3937831088861480359	adapter
-3937831041616840103	onSelect
-3937830972897363367	\u76ee\u5f55\u4e0d\u5b58\u5728
-3937830942832592295	onDone
-3937830921357755815	coverAdapter
-3937830895587952039	\u7f16\u8f91\u8868\u60c5\u5305
-3937830775328867751	\u6807\u7b7e\u4e0d\u80fd\u4e3a\u7a7a
-3937830728084227495	\u540d\u79f0\u4e0d\u80fd\u4e3a\u7a7a
-3937830667954685351	\u6807\u7b7e\u5df2\u5b58\u5728
-3937830655069783463	\u91cd\u547d\u540d\u5931\u8d25
-3937830620710045095	 \u6587\u4ef6\u5939\u5df2\u5b58\u5728
-3937830560580502951	\u5220\u9664\u6210\u529f
-3937830543400633767	\u540d\u79f0\u4e0d\u80fd\u4e3a\u7a7a\uff0c\u65e0\u6cd5\u4e0a\u4f20
-3937830521925797287	\u521b\u5efa\u65b0\u6587\u4ef6\u5939
-3937830478976124327	onCreated
-3937830444616385959	\u521b\u5efa
-3937830423141549479	\u6587\u4ef6\u5939\u540d\u4e0d\u80fd\u4e3a\u7a7a
-3937830414551614887	\u8f93\u5165\u6587\u4ef6\u5939\u540d
-3937830354422072743	\u521b\u5efa\u6210\u529f 
-3937830324357301671	\u6587\u4ef6\u5939\u5df2\u5b58\u5728
-3937830294292530599	onDeleteSuccess
-3937830277112661415	stickerInfo
-3937830225573053863	\u5220\u9664\u8868\u60c5
-3937830143968675239	\u786e\u5b9a\u8981\u5220\u9664\u8be5\u8868\u60c5\u5417?\u8fd9\u5c06\u65e0\u6cd5\u8fd8\u539f
-3937830088134100391	md5UrlMap
-3937830028004558247	\u4fdd\u5b58\u8868\u60c5
-3937830015119656359	\u6682\u65e0\u6587\u4ef6\u5939\uff0c\u8bf7\u5148\u521b\u5efa
-3937829959285081511	\u8bf7\u9009\u62e9\u81f3\u5c11\u4e00\u4e2a\u4fdd\u5b58\u76ee\u5f55
-3937829881975670183	 \u5f20\u56fe\u7247\u4fdd\u5b58\u5931\u8d25
-3937829839025997223	\u56fe\u7247\u8fd8\u6ca1\u52a0\u8f7d\u8bf7\u7a0d\u540e
-3937829808961226151	 \u4e2a\u6587\u4ef6\u5939
-3937829783191422375	\u5df2\u4fdd\u5b58\u5230 
-3937829731651814823	row
-3937829714471945639	checkBox
-3937829650047436199	CheckOption(row=
-3937829602802795943	, mode=
-3937829585622926759	, checkBox=
-3937829499723580839	onSettingsChanged
-3937829469658809767	\u6b63\u5728\u626b\u63cf\u8868\u60c5\u6587\u4ef6...
-3937829439594038695	\u8868\u60c5\u9762\u677f\u8bbe\u7f6e
-3937829418119202215	\u8868\u60c5\u76ee\u5f55\u4e0d\u5b58\u5728
-3937829332219856295	\u6240\u6709\u8868\u60c5\u6587\u4ef6\u90fd\u5df2\u6709\u540e\u7f00\uff0c\u65e0\u9700\u6574\u7406
-3937829315039987111	it
-3937829293565150631	\u6ca1\u6709\u627e\u5230\u8868\u60c5\u6587\u4ef6
-3937829267795346855	\u6b63\u5728\u6574\u7406 (
-3937829160421164455	\u6574\u7406\u5b8c\u6210\uff01(\u6ca1\u6709\u81ea\u52a8\u5173\u95ed\u7684\u8bdd\u5c31\u91cd\u542fQQ)\n
-3937829117471491495	\u5171\u5904\u7406 
-3937829078816785831	 \u4e2a
-3937829057341949351	\uff0c\u5931\u8d25 
-3937829035867112871	 \u4e2a\u6587\u4ef6\n
-3937829027277178279	\u6210\u529f 
-3937829001507374503	.tiff
-3937828992917439911	.webp
-3937828975737570727	.jpeg
-3937828872658355623	\u76ee\u5f55\u4e0d\u5b58\u5728\uff0c\u65e0\u6cd5\u4e0a\u4f20
-3937828748104304039	\u76ee\u5f55\u4e3a\u7a7a\uff0c\u65e0\u6cd5\u4e0a\u4f20
-3937828705154631079	" \u4e0a\u4f20\u5230\u5728\u7ebf\u8868\u60c5\u5e93\uff1f
-3937828687974761895	\u4e0a\u4f20\u8868\u60c5\u5305
-3937828653615023527	com.tencent.mobileqq.notification.modularize
-3937828400211953063	TianShuOfflineMsgCenter
-3937828365852214695	deal0x135Msg online:
-3937828215528359335	null cannot be cast to non-null type java.util.ArrayList<kotlin.Byte>
-3937827975010190759	\u9690\u85cf\u804a\u5929\u8f93\u5165\u6846\u4e0a\u65b9\u5feb\u6377\u680f\u5c55\u793a\u7684\u7fa4\u5e94\u7528
-3937827966420256167	7
-3937827884815877543	com.tencent.mobileqq.troop.shortcut.aio
-3937827644297708967	,isShowingCustomShortcut:
-3937827618527905191	com.tencent.mobileqq.activity.aio.helper
-3937827416664442279	isShortcutBarVisibleOrGoingToBeVisible return false for AIOIceBreakViewShowing
-3937827034412352935	\u79fb\u9664\u7fa4\u804a\u9876\u90e8\u7684\u98ce\u9669\u63d0\u9192\u6a2a\u5e45
-3937826957102941607	com.tencent.mobileqq.troop.tipsbar
-3937826866908628391	[doOnCreate]
-3937826750944511399	TroopSecurityTipsBar
-3937826738059609511	errMsg
-3937826630685427111	GetMsgsResult(result=
-3937826493246473639	\u83b7\u53d6 MsgService \u5931\u8d25
-3937826441706866087	com.tencent.qqnt.kernel.nativeinterface.MsgsReq
-3937826428821964199	getMsgsExt
-3937826235548435879	com.tencent.qqnt.kernel.nativeinterface.IMsgsRspOperateCallback
-3937825969260463527	http_post_json
-3937825939195692455	\u8868\u5355\u6570\u636e\uff0c\u952e\u503c\u90fd\u6309\u5b57\u7b26\u4e32\u5904\u7406
-3937825896246019495	HTTP POST JSON \u8bf7\u6c42
-3937825733037262247	\u53d1\u8d77 HTTP POST JSON \u8bf7\u6c42\uff0cjson_body \u5fc5\u586b\uff0cheaders \u53ef\u9009
-3937825617073145255	JSON \u5b57\u7b26\u4e32
-3937825518288897447	http_download
-3937825483929159079	\u4e0b\u8f7d\u8fdc\u7a0b\u6587\u4ef6\u5230\u6307\u5b9a\u8def\u5f84
-3937825440979486119	HTTP \u4e0b\u8f7d\u6587\u4ef6
-3937825432389551527	\u4e0b\u8f7d\u5730\u5740
-3937825419504649639	\u4fdd\u5b58\u8def\u5f84
-3937825367965042087	\u6027\u522b
-3937825346490205607	\u5e74\u9f84
-3937825256295892391	get_new_friend_list
-3937825213346219431	\u8bfb\u53d6\u5f53\u524d\u8d26\u53f7\u7684\u597d\u53cb\u5217\u8868\u5e76\u8fd4\u56de (QQ\u53f7)uin\u3001\u5907\u6ce8\u4e0e\u6635\u79f0\u3001\u6027\u522b\uff0c\u5e74\u9f84
-3937825170396546471	\u83b7\u53d6\u597d\u53cb\u5217\u8868(\u65b0)
-3937824998597854631	ConversationKey(chatType=
-3937824990007920039	targetUin
-3937824813914260903	McpMsgService
-3937824753784718759	group
-3937824543331321255	 err=
-3937824504676615591	 result=
-3937824461726942631	null cannot be cast to non-null type lin.xposed.hook.javaplugin.PluginMessageCallbackAPI
-3937824431662171559	friend
-3937824045115114919	messages
-3937824019345311143	message_count
-3937823980690605479	message_time
-3937823864726488487	message_type
-3937823830366750119	sender_nickname
-3937823817481848231	sender_uin
-3937823761647273383	file_name
-3937823667157992871	file_url
-3937823645683156391	local_path
-3937823602733483431	file_size
-3937823521129104807	reply_to_uin
-3937823508244202919	pic_url_list
-3937823473884464551	at_list
-3937823392280085927	reply_message
-3937823314970674599	friend_uin
-3937823173236753831	redPacketDesc
-3937823151761917351	newInstance(...)
-3937823130287080871	preGrabToken
-3937822984258192807	invokeFirst(...)
-3937822932718585255	findClass(...)
-3937822919833683367	sessionKey
-3937822894063879591	null cannot be cast to non-null type android.os.Bundle
-3937822602006103463	\u62a2\u7ea2\u5305\u53c2\u6570(\u65b0\u65b0)
-3937822580531266983	inflate(...)
-3937822541876561319	HbConfig
-3937822443092313511	LIN_XPOSED
-3937822086610027943	\u4e0d\u652f\u6301\u7684QQ\u7248\u672c
-3937822047955322279	GatewayRequestConfig(isSecure=
-3937822022185518503	bArr
-3937822009300616615	use(...)
-3937821906221401511	qwallet_pb_handle_trpc_error
-3937821790257284519	QWalletHttp-QWalletPbServlet
-3937821605573690791	com.tencent.mobileqq.vas.adv.qzone.logic.AlbumRecommendAdvController
-3937821352170620327	com.tencent.mobileqq.vas.adv.common.data.AlumBasicData
-3937821072997746087	initAndRenderData
-3937820978508465575	com.qzone.proxy.feedcomponent.model.gdt.QZoneAdFeedDataExtKt
-3937820725105395111	com.qzone.proxy.feedcomponent.model.BusinessFeedData
-3937820506062063015	isShowingRecommendAd
-3937820458817422759	advimageUrl
-3937820407277815207	videoUrl
-3937820308493567399	videoReportUrl
-3937820235479123367	negativeFeedbackUrl
-3937820188234483111	advLogoUrl
-3937820149579777447	clickUrl
-3937820132399908263	com.qzone.reborn.feedpro.itemview.ad.QZoneAdBaseMediaFeedProItemView
-3937819844637099431	com.qzone.reborn.feedx.itemview.ad.QZoneAdBaseFeedItemView
-3937819582644094375	com.qzone.reborn.feedpro.itemview.QzoneFeedProGeneralBigCardItemView
-3937819294881285543	com.qzone.reborn.feedpro.itemview.QZoneAdFeedProForwardMixPicVideoItemView
-3937818964168803751	com.qzone.reborn.feedpro.widget.comment.QZoneFeedProDetailBottomAdBlockView
-3937818569031812519	com.qzone.reborn.feedx.itemview.ad.QZoneAdRewardFeedItemView
-3937818315628742055	\u70b9\u51fb\u5e95\u680f\u52a8\u6001Tab\u65f6\u76f4\u63a5\u663e\u793a\u7a7a\u95f4\u52a8\u6001
-3937818225434428839	com.tencent.qzonehub.api.impl.QZoneApiProxyImpl
-3937818019275998631	needShowQzoneFrame
-3937817984916260263	currentSelection
-3937817963441423783	/Pic
-3937817920491750823	dirName
-3937817860362208679	stickerDirName
-3937817817412535719	\u521b\u5efa\u8868\u60c5\u6587\u4ef6\u5939\u6210\u529f
-3937817787347764647	config.json
-3937817735808157095	stickerPath
-3937817615549072807	recentUsedStickers
-3937817594074236327	defaultValue
-3937817533944694183	dir
-3937817516764824999	optString(...)
-3937817478110119335	\u8868\u60c5\u9762\u677f
-3937817443750380967	cover
-3937817396505740711	StickerDirConfig(name=
-3937817332081231271	config
-3937817323491296679	\u597d\u53cb QQ \u53f7\uff0c\u7fa4\u804a\u65f6\u53ef\u7559\u7a7a
-3937817284836591015	user_uin
-3937817250476852647	\u53d1\u9001\u5185\u5bb9
-3937817237591950759	action
-3937817027138553255	object
-3937816984188880295	integer
-3937816919764370855	string
-3937816881109665191	boolean
-3937816726490842535	read_file_text
-3937816683541169575	\u8bfb\u53d6\u6307\u5b9a\u6587\u672c\u6587\u4ef6\u5185\u5bb9
-3937816653476398503	\u8bfb\u53d6\u6587\u672c\u6587\u4ef6
-3937816627706594727	path
-3937816614821692839	\u6587\u4ef6\u8def\u5f84
-3937816533217314215	write_text_to_file
-3937816481677706663	\u5199\u5165\u5185\u5bb9
-3937816443023000999	\u8986\u76d6\u5199\u5165\u6587\u672c\u6587\u4ef6
-3937816400073328039	write_text_append_to_file
-3937816339943785895	\u8ffd\u52a0\u5199\u5165\u6587\u672c\u6587\u4ef6
-3937816241159538087	\u5411\u6587\u672c\u6587\u4ef6\u8ffd\u52a0\u5185\u5bb9
-3937816181029995943	read_file_bytes
-3937816146670257575	\u8bfb\u53d6\u4e8c\u8fdb\u5236\u6587\u4ef6\u5e76\u8fd4\u56de Base64 \u5b57\u7b26\u4e32
-3937816112310519207	\u8bfb\u53d6\u4e8c\u8fdb\u5236\u6587\u4ef6
-3937816069360846247	write_bytes_to_file
-3937815949101761959	\u5c06 Base64 \u5185\u5bb9\u5199\u5165\u4e8c\u8fdb\u5236\u6587\u4ef6
-3937815914742023591	\u5199\u5165\u4e8c\u8fdb\u5236\u6587\u4ef6
-3937815858907448743	bytes_base64
-3937815811662808487	Base64 \u7f16\u7801\u540e\u7684\u6587\u4ef6\u5185\u5bb9
-3937815742943331751	scan_image_text
-3937815674223855015	\u56fe\u7247 OCR \u6587\u672c\u8bc6\u522b
-3937815553964770727	\u8bc6\u522b\u56fe\u7247\u4e2d\u7684\u6587\u672c\u5185\u5bb9
-3937815498130195879	\u56fe\u7247\u8def\u5f84
-3937815485245293991	scan_image_text_detail
-3937815446590588327	\u56fe\u7247 OCR \u8be6\u7ec6\u8bc6\u522b
-3937815395050980775	\u8bc6\u522b\u56fe\u7247\u4e2d\u7684\u8be6\u7ec6\u6587\u672c\u7ed3\u6784
-3937815279086863783	get_new_friend_info
-3937815261906994599	\u83b7\u53d6\u5355\u4e2a\u597d\u53cb\u4fe1\u606f(\u65b0\u63a5\u53e3)
-3937815184597583271	\u8bfb\u53d6\u5355\u4e2a\u597d\u53cb\u7684\u8be6\u7ec6\u4fe1\u606f
-3937815098698237351	get_message_list
-3937815064338498983	\u597d\u53cb QQ \u53f7
-3937815034273727911	\u83b7\u53d6\u672c\u5730\u6d88\u606f\u5217\u8868
-3937814935489480103	\u8bfb\u53d6\u672c\u5730\u6d88\u606f\u5217\u8868\u3002\u7fa4\u804a\u65f6\u4f20 group_uin\uff0c\u79c1\u804a\u65f6\u4f20 user_uin
-3937814823820330407	count
-3937814746510919079	\u8fd4\u56de\u6570\u91cf\uff0c\u9ed8\u8ba4 20
-3937814557532358055	arguments
-3937814497402815911	target_uin
-3937814407208502695	message_limit
-3937814329899091367	\u53c2\u6570\u9519\u8bef: \u5f53\u524d\u4ec5\u652f\u6301\u6309 chat_type(friend/group) + target_uin \u67e5\u8be2\u6307\u5b9a\u4f1a\u8bdd\u5386\u53f2\u6d88\u606f
-3937814145215497639	\u4f1a\u8bdd\u7c7b\u578b\uff0c\u5fc5\u586b\uff0c\u53ef\u9009 friend \u6216 group
-3937814016366478759	\u76ee\u6807\u597d\u53cb QQ\u53f7(uin) \u6216\u7fa4\u53f7\uff0c\u5fc5\u586b
-3937813934762100135	\u8fd4\u56de\u6307\u5b9a\u4f1a\u8bdd\u7684\u6d88\u606f\u6570\u91cf\uff0c\u9ed8\u8ba4 20,\u6700\u5927\u65e0\u9650\u5236
-3937813762963408295	get_chat_list
-3937813732898637223	\u6309 chat_type \u4e0e target_uin \u5b9e\u65f6\u8bfb\u53d6\u6307\u5b9a\u597d\u53cb/\u7fa4\u804a\u7684\u6700\u8fd1\u6d88\u606f\uff0c\u6392\u5e8f\u4e3a\u7531\u65e7\u5230\u65b0
-3937813720013735335	\u83b7\u53d6\u6307\u5b9a\u4f1a\u8bdd\u804a\u5929\u8bb0\u5f55
-3937813432250926503	QQ\u53f7
-3937813427955959207	get_current_account_info
-3937813415071057319	\u6635\u79f0
-3937813337761645991	\u8bfb\u53d6\u5f53\u524d\u767b\u5f55\u8d26\u53f7\u7684 QQ \u53f7\u4e0e\u6635\u79f0
-3937813294811973031	\u83b7\u53d6\u5f53\u524dQQ\u548c\u6635\u79f0
-3937813191732757927	\u4f1a\u5458\u7b49\u7ea7
-3937813178847856039	get_friend_list
-3937813165962954151	\u5907\u6ce8
-3937813144488117671	\u4f1a\u5458
-3937813110128379303	\u83b7\u53d6\u597d\u53cb\u5217\u8868
-3937813002754196903	\u8bfb\u53d6\u5f53\u524d\u8d26\u53f7\u7684\u597d\u53cb\u5217\u8868\u5e76\u8fd4\u56de (QQ\u53f7)uin\u3001\u5907\u6ce8\u4e0e\u6635\u79f0\u3001\u662f\u5426\u6709\u4f1a\u5458\uff0c\u4f1a\u5458\u7b49\u7ea7
-3937812903969949095	AdminList
-3937812856725308839	\u7fa4\u540d
-3937812835250472359	\u7fa4\u4e3b
-3937812809480668583	\u7fa4\u53f7
-3937812745056159143	\u7ba1\u7406\u5458
-3937812727876289959	get_group_list
-3937812719286355367	\u8bfb\u53d6\u5f53\u524d\u8d26\u53f7\u7684\u7fa4\u804a\u5217\u8868\u5e76\u8fd4\u56de\u7fa4\u53f7\u3001\u7fa4\u540d\u3001\u7fa4\u4e3b\u4e0e\u7ba1\u7406\u5458\u4fe1\u606f
-3937812689221584295	\u83b7\u53d6\u7fa4\u804a\u5217\u8868
-3937812534602761639	get_group_info
-3937812487358121383	\u8bfb\u53d6\u6307\u5b9a\u7fa4\u7684\u57fa\u7840\u4fe1\u606f
-3937812461588317607	\u83b7\u53d6\u7fa4\u4fe1\u606f
-3937812397163808167	get_member_info
-3937812362804069799	\u8bfb\u53d6\u6307\u5b9a\u7fa4\u6210\u5458\u7684\u8be6\u7ec6\u4fe1\u606f
-3937812328444331431	\u83b7\u53d6\u7fa4\u6210\u5458\u4fe1\u606f
-3937812281199691175	\u6210\u5458 QQ \u53f7
-3937812178120476071	get_member_name
-3937812143760737703	\u8bfb\u53d6\u6307\u5b9a\u7fa4\u6210\u5458\u7684\u663e\u793a\u540d\u79f0
-3937812109400999335	\u83b7\u53d6\u7fa4\u6210\u5458\u540d\u79f0
-3937812096516097447	get_group_member_list
-3937812019206686119	\u83b7\u53d6\u7fa4\u6210\u5458\u5217\u8868
-3937811916127471015	\u8bfb\u53d6\u6307\u5b9a\u7fa4\u7684\u6210\u5458\u5217\u8868
-3937811860292896167	get_forbidden_list
-3937811804458321319	\u8bfb\u53d6\u6307\u5b9a\u7fa4\u7684\u7981\u8a00\u5217\u8868
-3937811770098582951	\u83b7\u53d6\u7fa4\u7981\u8a00\u5217\u8868
-3937811748623746471	set_title
-3937811688494204327	\u8bbe\u7f6e\u6307\u5b9a\u7fa4\u6210\u5458\u7684\u5934\u8854
-3937811654134465959	\u8bbe\u7f6e\u7fa4\u6210\u5458\u5934\u8854
-3937811611184792999	\u7fa4\u7981\u8a00
-3937811594004923815	\u6267\u884c\u7fa4\u7981\u8a00\u64cd\u4f5c\u3002user_uin \u4e3a\u7a7a\u65f6\u64cd\u4f5c\u5168\u4f53\u7981\u8a00
-3937811563940152743	\u5934\u8854
-3937811435091133863	\u6210\u5458 QQ \u53f7\uff0c\u5168\u4f53\u7981\u8a00\u65f6\u7559\u7a7a
-3937811366371657127	\u7981\u8a00\u79d2\u6570\uff1b\u5168\u4f53\u7981\u8a00\u65f6\u4f20 1 \u8868\u793a\u5f00\u542f\uff0c0 \u8868\u793a\u5173\u95ed
-3937811237522638247	\u8e22\u51fa\u7fa4\u6210\u5458
-3937811228932703655	\u5c06\u6307\u5b9a\u6210\u5458\u79fb\u51fa\u7fa4\u804a
-3937811207457867175	\u662f\u5426\u62c9\u9ed1\uff0c\u9ed8\u8ba4 false
-3937811168803161511	is_black
-3937811065723946407	block
-3937811057134011815	toJson(...)
-3937811035659175335	values
-3937810919695058343	\u53d1\u9001\u6587\u672c\u6d88\u606f
-3937810881040352679	send_msg
-3937810812320875943	\u53d1\u9001\u6587\u672c\u6d88\u606f\u3002\u7fa4\u804a\u65f6\u586b group_uin\uff0c\u79c1\u804a\u65f6\u586b user_uin
-3937810726421530023	send_pic
-3937810657702053287	\u53d1\u9001\u56fe\u7247\u6d88\u606f\uff0cpath \u4e3a\u56fe\u7247\u8def\u5f84
-3937810627637282215	\u53d1\u9001\u56fe\u7247\u6d88\u606f
-3937810563212772775	\u56fe\u7247\u6587\u4ef6\u8def\u5f84
-3937810498788263335	\u53d1\u9001\u5361\u7247\u6d88\u606f
-3937810490198328743	send_card
-3937810391414080935	\u53d1\u9001\u5361\u7247\u6d88\u606f\uff0ccard_text \u4e3a\u5361\u7247\u6587\u672c
-3937810387119113639	card_text
-3937810288334865831	send_file
-3937810258270094759	\u5361\u7247\u6587\u672c\u5185\u5bb9
-3937810249680160167	\u53d1\u9001\u6587\u4ef6\uff0cpath \u4e3a\u672c\u5730\u6587\u4ef6\u8def\u5f84
-3937810193845585319	\u53d1\u9001\u6587\u4ef6
-3937810155190879655	send_pai
-3937810082176435623	\u53d1\u9001\u62cd\u4e00\u62cd\u3002\u7fa4\u804a\u65f6 group_uin \u5fc5\u586b\uff0c\u79c1\u804a\u65f6\u7559\u7a7a
-3937810056406631847	\u53d1\u9001\u62cd\u4e00\u62cd
-3937809966212318631	send_proto
-3937809888902907303	\u53d1\u9001 Proto \u6570\u636e\u5305
-3937809841658267047	\u53d1\u9001 Proto \u5305
-3937809807298528679	\u534f\u8bae\u547d\u4ee4\u540d
-3937809738579051943	FunProtoData \u7684 JSON \u5b57\u7b26\u4e32
-3937809729989117351	json_body
-3937809614025000359	\u53d1\u9001\u8bed\u97f3
-3937809566780360103	send_voice
-3937809498060883367	\u53d1\u9001\u8bed\u97f3\u6d88\u606f\uff0cpath \u4e3a\u8bed\u97f3\u6587\u4ef6\u8def\u5f84
-3937809480881014183	\u8bed\u97f3\u6587\u4ef6\u8def\u5f84
-3937809476586046887	send_video
-3937809420751472039	\u53d1\u9001\u89c6\u9891
-3937809407866570151	\u53d1\u9001\u89c6\u9891\u6d88\u606f\uff0cpath \u4e3a\u89c6\u9891\u6587\u4ef6\u8def\u5f84
-3937809283312518567	send_like
-3937809253247747495	\u89c6\u9891\u6587\u4ef6\u8def\u5f84
-3937809210298074535	\u5411\u6307\u5b9a\u7528\u6237\u53d1\u9001\u70b9\u8d5e\uff0ccount \u9ed8\u8ba4 20
-3937809154463499687	\u53d1\u9001\u70b9\u8d5e
-3937809132988663207	\u70b9\u8d5e\u6b21\u6570\uff0c\u9ed8\u8ba4 20
-3937809012729578919	http_get
-3937808974074873255	cardText
-3937808879585592743	HTTP GET \u8bf7\u6c42
-3937808828045985191	\u53d1\u8d77 HTTP GET \u8bf7\u6c42\uff0c\u652f\u6301\u53ef\u9009\u8bf7\u6c42\u5934
-3937808776506377639	headers
-3937808755031541159	\u8bf7\u6c42\u5730\u5740
-3937808673427162535	\u8bf7\u6c42\u5934\uff0c\u952e\u503c\u90fd\u6309\u5b57\u7b26\u4e32\u5904\u7406
-3937808639067424167	HTTP POST \u8868\u5355\u8bf7\u6c42
-3937808630477489575	http_post
-3937808600412718503	\u53d1\u8d77 HTTP POST \u8868\u5355\u8bf7\u6c42\uff0cdata \u5fc5\u586b\uff0cheaders \u53ef\u9009
-3937808243930432935	tool_order
-3937808153736119719	tool_enabled_
-3937808093606577575	McpToolConfigItem(id=
-3937808076426708391	description
-3937807947577689511	, order=
-3937807913217951143	MCP \u5ba2\u6237\u7aef\u8fde\u63a5: /mcp
-3937807844498474407	no-cache
-3937807711354488231	text/event-stream
-3937807651224946087	MCP \u5ba2\u6237\u7aef\u65ad\u5f00: /mcp
-3937807582505469351	POST /mcp
-3937807522375927207	/mcp
-3937807509491025319	serverName
-3937807453656450471	onLog
-3937807445066515879	QStoryMCP
-3937807402116842919	MCP \u670d\u52a1 \u542f\u52a8\u6210\u529f: 
-3937807384936973735	MCP \u670d\u52a1 \u6b63\u5728\u542f\u52a8
-3937807359167169959	MCP \u670d\u52a1 \u542f\u52a8\u5931\u8d25: 
-3937807281857758631	MCP \u670d\u52a1 \u6b63\u5728\u505c\u6b62
-3937807161598674343	MCP \u670d\u52a1 \u505c\u6b62\u6210\u529f
-3937807110059066791	MCP \u670d\u52a1 \u505c\u6b62\u5931\u8d25: 
-3937806775051617703	method
-3937806246770640295	$this$embeddedServer
-3937806221000836519	$this$routing
-3937806010547439015	1.0.0
-3937806001957504423	tools
-3937805959007831463	2025-03-26
-3937805868813518247	serverInfo
-3937805834453779879	inputSchema
-3937805812978943399	capabilities
-3937805782914172327	$this$jsonArray
-3937805430726854055	notifications/tools/list_changed
-3937805297582867879	McpServerConfig
-3937805228863391143	is_friend
-3937805134374110631	\u68c0\u67e5\u6307\u5b9a QQ \u662f\u5426\u4e3a\u5f53\u524d\u8d26\u53f7\u597d\u53cb
-3937805100014372263	\u68c0\u67e5\u662f\u5426\u4e3a\u597d\u53cb
-3937805074244568487	\u76ee\u6807 QQ \u53f7
-3937804971165353383	get_group_rkey
-3937804936805615015	\u8bfb\u53d6\u7fa4\u76f8\u5173\u8bf7\u6c42\u4f7f\u7528\u7684 RKey
-3937804898150909351	\u83b7\u53d6\u7fa4 RKey
-3937804868086138279	get_friend_rkey
-3937804799366661543	\u83b7\u53d6\u79c1\u804a RKey
-3937804739237119399	\u8bfb\u53d6\u79c1\u804a\u76f8\u5173\u8bf7\u6c42\u4f7f\u7528\u7684 RKey
-3937804674812609959	get_skey
-3937804610388100519	\u8bfb\u53d6\u5f53\u524d\u767b\u5f55\u6001\u7684 SKey
-3937804576028362151	\u83b7\u53d6 SKey
-3937804533078689191	get_real_skey
-3937804421409539495	\u83b7\u53d6 Real SKey
-3937804374164899239	\u8bfb\u53d6\u5f53\u524d\u767b\u5f55\u6001\u7684\u771f\u5b9e SKey
-3937804314035357095	\u83b7\u53d6 PsKey
-3937804305445422503	get_pskey
-3937804215251109287	\u6309\u57df\u540d\u8bfb\u53d6 PsKey
-3937804193776272807	\u57df\u540d
-3937804172301436327	get_pt4_token
-3937804163711501735	domain
-3937804129351763367	\u83b7\u53d6 PT4Token
-3937804009092679079	\u6309\u57df\u540d\u8bfb\u53d6 PT4Token
-3937803970437973415	\u83b7\u53d6 BKN
-3937803936078235047	get_bkn
-3937803863063791015	\u6839\u636e pskey \u8ba1\u7b97 BKN
-3937803854473856423	\u7528\u4e8e\u8ba1\u7b97\u7684 pskey
-3937803794344314279	pskey
-3937803768574510503	\u83b7\u53d6 GTK
-3937803734214772135	get_gtk
-3937803704150001063	get_string
-3937803661200328103	\u6309\u57df\u540d\u8bfb\u53d6 GTK
-3937803648315426215	\u8bfb\u53d6\u5b57\u7b26\u4e32\u914d\u7f6e
-3937803545236211111	\u8bfb\u53d6\u5b57\u7b26\u4e32\u914d\u7f6e\uff0c\u4f7f\u7528 MCP \u5185\u7f6e\u547d\u540d\u7a7a\u95f4\u5b58\u50a8
-3937803510876472743	config_name
-3937803416387192231	key
-3937803390617388455	\u914d\u7f6e\u6587\u4ef6\u540d
-3937803330487846311	\u914d\u7f6e\u952e
-3937803313307977127	default_value
-3937803300423075239	put_string
-3937803270358304167	\u9ed8\u8ba4\u503c\uff0c\u53ef\u9009
-3937803210228762023	\u5199\u5165\u5b57\u7b26\u4e32\u914d\u7f6e\uff0c\u4f7f\u7528 MCP \u5185\u7f6e\u547d\u540d\u7a7a\u95f4\u5b58\u50a8
-3937803175869023655	\u5199\u5165\u5b57\u7b26\u4e32\u914d\u7f6e
-3937803094264645031	get_boolean
-3937803038430070183	\u5b57\u7b26\u4e32\u503c
-3937803004070331815	\u8bfb\u53d6\u5e03\u5c14\u914d\u7f6e\uff0c\u4f7f\u7528 MCP \u5185\u7f6e\u547d\u540d\u7a7a\u95f4\u5b58\u50a8
-3937802974005560743	\u8bfb\u53d6\u5e03\u5c14\u914d\u7f6e
-3937802862336411047	\u9ed8\u8ba4\u503c
-3937802845156541863	put_boolean
-3937802823681705383	\u5199\u5165\u5e03\u5c14\u914d\u7f6e\uff0c\u4f7f\u7528 MCP \u5185\u7f6e\u547d\u540d\u7a7a\u95f4\u5b58\u50a8
-3937802793616934311	\u5199\u5165\u5e03\u5c14\u914d\u7f6e
-3937802664767915431	\u8bfb\u53d6\u6574\u578b\u914d\u7f6e
-3937802647588046247	\u5e03\u5c14\u503c
-3937802630408177063	get_int
-3937802557393733031	\u8bfb\u53d6\u6574\u578b\u914d\u7f6e\uff0c\u4f7f\u7528 MCP \u5185\u7f6e\u547d\u540d\u7a7a\u95f4\u5b58\u50a8
-3937802553098765735	put_int
-3937802480084321703	\u5199\u5165\u6574\u578b\u914d\u7f6e\uff0c\u4f7f\u7528 MCP \u5185\u7f6e\u547d\u540d\u7a7a\u95f4\u5b58\u50a8
-3937802450019550631	\u5199\u5165\u6574\u578b\u914d\u7f6e
-3937802325465499047	\u8bfb\u53d6\u957f\u6574\u578b\u914d\u7f6e
-3937802303990662567	\u6574\u578b\u503c
-3937802286810793383	get_long
-3937802222386283943	\u8bfb\u53d6\u957f\u6574\u578b\u914d\u7f6e\uff0c\u4f7f\u7528 MCP \u5185\u7f6e\u547d\u540d\u7a7a\u95f4\u5b58\u50a8
-3937802188026545575	long \u9ed8\u8ba4\u503c
-3937802089242297767	put_long
-3937802059177526695	\u5199\u5165\u957f\u6574\u578b\u914d\u7f6e\uff0c\u4f7f\u7528 MCP \u5185\u7f6e\u547d\u540d\u7a7a\u95f4\u5b58\u50a8
-3937802024817788327	\u5199\u5165\u957f\u6574\u578b\u914d\u7f6e
-3937801887378834855	long \u503c
-3937801883083867559	get_float
-3937801853019096487	\u8bfb\u53d6\u6d6e\u70b9\u914d\u7f6e\uff0c\u4f7f\u7528 MCP \u5185\u7f6e\u547d\u540d\u7a7a\u95f4\u5b58\u50a8
-3937801822954325415	\u8bfb\u53d6\u6d6e\u70b9\u914d\u7f6e
-3937801780004652455	float \u9ed8\u8ba4\u503c
-3937801719875110311	put_float
-3937801655450600871	\u5199\u5165\u6d6e\u70b9\u914d\u7f6e\uff0c\u4f7f\u7528 MCP \u5185\u7f6e\u547d\u540d\u7a7a\u95f4\u5b58\u50a8
-3937801625385829799	\u5199\u5165\u6d6e\u70b9\u914d\u7f6e
-3937801513716680103	get_double
-3937801479356941735	float \u503c
-3937801423522366887	\u8bfb\u53d6\u53cc\u7cbe\u5ea6\u914d\u7f6e\uff0c\u4f7f\u7528 MCP \u5185\u7f6e\u547d\u540d\u7a7a\u95f4\u5b58\u50a8
-3937801389162628519	\u8bfb\u53d6\u53cc\u7cbe\u5ea6\u914d\u7f6e
-3937801298968315303	put_double
-3937801251723675047	double \u9ed8\u8ba4\u503c
-3937801243133740455	\u5199\u5165\u53cc\u7cbe\u5ea6\u914d\u7f6e
-3937801140054525351	\u5199\u5165\u53cc\u7cbe\u5ea6\u914d\u7f6e\uff0c\u4f7f\u7528 MCP \u5185\u7f6e\u547d\u540d\u7a7a\u95f4\u5b58\u50a8
-3937801105694786983	double \u503c
-3937801006910539175	get_chat_type
-3937800968255833511	\u8bfb\u53d6\u5f53\u524d\u4f1a\u8bdd\u7c7b\u578b
-3937800929601127847	\u83b7\u53d6\u5f53\u524d\u4f1a\u8bdd\u7c7b\u578b
-3937800869471585703	get_current_group_uin
-3937800826521912743	\u83b7\u53d6\u5f53\u524d\u7fa4\u53f7
-3937800766392370599	get_current_friend_uin
-3937800719147730343	\u8bfb\u53d6\u5f53\u524d\u4f1a\u8bdd\u4e2d\u7684\u7fa4\u53f7
-3937800598888646055	\u8bfb\u53d6\u5f53\u524d\u4f1a\u8bdd\u4e2d\u7684\u597d\u53cb QQ \u53f7
-3937800590298711463	\u83b7\u53d6\u5f53\u524d\u597d\u53cb QQ
-3937800229521458599	chat_type
-3937800169391916455	mcp_builtin_tools
-3937800109262374311	MCP Builtin Tools
-3937800062017734055	required
-3937800014773093799	properties
-3937799997593224615	 \u4e0d\u80fd\u4e3a\u7a7a
-3937799847269369255	group_uin
-3937799752780088743	\u7fa4\u53f7\uff0c\u79c1\u804a\u65f6\u53ef\u7559\u7a7a
-3937799653995840935	QQ\u81ea\u5e26\u7684\u590d\u8bfb\u4f4d\u7f6e \u504f\u4e0b \u5bb9\u6613\u574f \u8bf7\u52ff\u548c\u6d88\u606f\u590d\u8bfb\u540c\u65f6\u5f00\u542f \u5426\u5219\u4e0d\u4f1a\u53d1\u751f\u4ec0\u4e48 \u70b9\u51fb\u53ef\u4ee5\u914d\u7f6e\u4e00\u4e9b\u53c2\u6570
-3937799452132378023	RepetitionPlus
-3937799379117933991	createBitmap(...)
-3937799318988391847	repeat
-3937799211614209447	com.tencent.mobileqq.aio.input
-3937799069880288679	com.tencent.mvi.base.route.MsgIntent
-3937798958211138983	msgItem.msgRecord.senderUid
-3937798919556433319	mContext
-3937798837952054695	anonymousExtInfo
-3937798773527545255	com.tencent.mobileqq.aio.utils
-3937798631793624487	\u53d1\u9001\u6d88\u606f\u91cd\u65b0\u683c\u5f0f\u5316\u6392\u7248\uff0c\u5728\u82f1\u6587\u5355\u8bcd\u6570\u5b57\u4e0e\u4e2d\u6587\u4e4b\u95f4\u7528\u7a7a\u683c\u9694\u5f00\uff0c\u8ba9\u6d88\u606f\u66f4\u52a0\u7f8e\u89c2
-3937798382685521319	toCharArray(...)
-3937798356915717543	(?<=[({\\[/#])\\s|\\s(?=[)}\\]:;])|(?<=\\n)\\s
-3937798318261011879	[^\\n\\S]+
-3937798120692516263	null cannot be cast to non-null type java.util.ArrayList<*>
-3937797931713955239	bottomMargin
-3937797862994478503	com.tencent.qqnt.troop.impl.TroopGagUtils
-3937797850109576615	0\u79d2
-3937797665425982887	remainingTimeToStringCountDown
-3937797523692062119	\u5df2\u9000\u51fa\u8be5\u7fa4
-3937797515102127527	\u7528\u4e8e\u76f4\u63a5\u67e5\u770b\u5df2\u9000\u7fa4\u7528\u6237\u7684\u53d1\u8a00\u8bb0\u5f55\uff0c\u5728\u7fa4\u6210\u5458\u4fe1\u606f\u9875\u663e\u793a\u52a0\u5165\u65f6\u95f4
-3937797373368206759	com.tencent.mobileqq.profilecard.component.troop.ElegantProfileTroopMemInfoComponent
-3937796948166444455	getTroopMemeJoinTime
-3937796866562065831	com.tencent.mobileqq.aio.input.at.common.SubmitListEvent
-3937796613158995367	com.tencent.qqnt.kernel.nativeinterface.MemberInfo
-3937796595979126183	getItemList
-3937796419885467047	isRobot
-3937796338281088423	OWNER
-3937796316806251943	role
-3937796286741480871	MEMBER
-3937796282446513575	\u53d1\u9001\u6536\u85cf\u7684\u8868\u60c5\u540e\u4f18\u5148\u81ea\u52a8\u6392\u5e8f\u5728\u6700\u524d\u9762
-3937796260971677095	ADMIN
-3937796123532723623	com.tencent.mobileqq.app.FavEmoRoamingHandler
-3937795908784358823	com.tencent.mobileqq.emoticonview.FavoriteEmotionAdapter
-3937795741280634279	com.tencent.mobileqq.app
-3937795573776909735	moveEmotion exception =
-3937794207977309607	yyyyMMdd_HHmmss
-3937794195092407719	AutoBackup
-3937794139257832871	\u6bcf\u5929\u542f\u52a8QQ\u81ea\u52a8\u5907\u4efd\u6a21\u5757\u6570\u636e \u70b9\u51fb\u53ef\u8fdb\u884c\u624b\u52a8\u5907\u4efd\u6d4b\u8bd5
-3937793692581234087	AutoBackupModuleData
-3937793679696332199	\u521b\u5efa.nomedia\u6587\u4ef6\u5f02\u5e38
-3937793619566790055	%.1f KB
-3937793606681888167	 B
-3937793550847313319	\u624b\u52a8\u5907\u4efd\u6d4b\u8bd5
-3937793516487574951	%.2f MB
-3937793443473130919	\u624b\u52a8\u5907\u4efd\u4e0d\u4f1a\u541e\u566c\u4eca\u65e5\u65e7\u5907\u4efd \u4eca\u65e5\u5907\u4efd\u5c06\u5728\u7b2c\u4e8c\u5929\u81ea\u52a8\u5220\u9664\n\n\u5907\u4efd\u8def\u5f84\uff1a
-3937793340393915815	\u624b\u52a8\u5907\u4efd\u6210\u529f\n\u6587\u4ef6: %s\n\u5927\u5c0f: %s
-3937793284559340967	\u5f00\u59cb\u5907\u4efd
-3937793258789537191	\u5907\u4efd\u5931\u8d25: 
-3937793151415354791	last_backup_date
-3937793086990845351	\u81ea\u52a8\u5907\u4efd\u6267\u884c\u5f02\u5e38
-3937793061221041575	/Android/data/com.tencent.mobileqq/QStory
-3937793022566335911	\u542f\u52a8\u5907\u4efd\u68c0\u67e5\u5f02\u5e38
-3937792829292807591	/Download/QStory
-3937792704738756007	Android/data/com.tencent.mobileqq/files
-3937792661789083047	qs_config
-3937792464220587431	com.tencent.mobileqq.app.message.cleanup.CleanUpThoroughManager
-3937792189342680487	\u70b9\u51fb\u914d\u7f6e\u53ef\u7528 MCP\u3001\u5f00\u5173\u4e0e\u987a\u5e8f
-3937792124918171047	recyclerView
-3937792090558432679	target
-3937792043313792423	viewHolder
-3937792039018825127	 / 
-3937792021838955943	 \u4e2a MCP\uff0c\u957f\u6309\u53f3\u4fa7\u62d6\u52a8\u67c4\u53ef\u8c03\u6574\u987a\u5e8f
-3937791983184250279	\u5df2\u542f\u7528 
-3937791875810067879	null cannot be cast to non-null type android.content.ClipboardManager
-3937791867220133287	MCP \u914d\u7f6e\u5df2\u4fdd\u5b58
-3937791523622749607	QStory MCP Config
-3937791429133469095	MCP \u914d\u7f6e JSON \u5df2\u590d\u5236
-3937791360413992359	$this$jsonObject
-3937791330349221287	2.0
-3937791295989482919	jsonrpc
-3937791244449875367	\u5df2\u4e3a\u60a8\u542f\u52a8 QStory Mcp \u670d\u52a1
-3937791158550529447	{\n  "mcpServers": {\n    "QStoryMcp": {\n      "url": "http://localhost:9000/mcp",\n      "transport": "streamable-http"\n    }\n  }\n}
-3937790733348767143	getSpans(...)
-3937790656039355815	key_is_quality_raw
-3937790565845042599	\u9002\u914dQQNT \u4e0d\u652f\u6301\u9891\u9053
-3937790518600402343	com.tencent.mobileqq.aio.panel.photo.PhotoPanelVB
-3937790321031906727	com.tencent.qqnt.qbasealbum.model.Config
-3937790050448967079	com.tencent.qqnt.qbasealbum.WinkHomeActivity
-3937789865765373351	Array contains more than one matching element.
-3937789655311975847	Array contains no element matching the predicate.
-3937789457743480231	com.tencent.qqnt.kernel.nativeinterface.LinkInfo
-3937789255880017319	com.tencent.qqnt.kernel.nativeinterface.TextElement
-3937789032541717927	getElements
-3937788981002110375	null cannot be cast to non-null type android.widget.LinearLayout
-3937788688944334247	ChatInputHint
-3937788676059432359	\u62cd\u7167
-3937788611634922919	\u81ea\u5b9a\u4e49\u804a\u5929\u8f93\u5165\u6846\u7684\u63d0\u793a\u6587\u5b57
-3937788577275184551	com.tencent.mobileqq.activity.aio.core
-3937788568685249959	inputRoot
-3937788332462048679	com.tencent.mobileqq.activity.aio
-3937788203613029799	input set error
-3937788104828781991	Hello World.
-3937788061879109031	hint_text
-3937788023224403367	\u8bbe\u7f6e\u8f93\u5165\u6846\u63d0\u793a\u6587\u5b57
-3937787928735122855	\u8bbe\u7f6e\u65b0\u63d0\u793a\u8bcd\u540e\u9700\u8981\u91cd\u542f\u751f\u6548
-3937787851425711527	getHostAppContext(...)
-3937787847130744231	\u5df2\u6062\u590d\u9ed8\u8ba4\u63d0\u793a: Hello World.
-3937787701101856167	\u5220\u9664\u5728QQ9.0.50\u5de6\u53f3\u51fa\u73b0\u5728\u7ecf\u5178\u5c0f\u8868\u60c5 \u9009\u9879\u53f3\u4fa7\u7684\u5927\u8868\u60c5\u52a8\u753b\u9009\u9879\uff08\u597d\u50bb\u7684\u8868\u60c5\uff1a\u6c6a\u6c6a\u3001\u559c\u82b1\u6ce5\u7b49\uff09
-3937787666742117799	\u8bbe\u7f6e\u5df2\u4fdd\u5b58: 
-3937787503533360551	com.tencent.mobileqq.emoticonview.EmoticonPanelController
-3937787168525911463	getPanelDataList
-3937787104101402023	getExternalStoragePublicDirectory(...)
-3937786996727219623	/QQ
-3937786928007742887	\u957f\u6309\u8868\u60c5\u6d88\u606f\u51fa\u73b0,\u7528\u4e8e\u5f25\u8865\u57289.2.20\u4e0a\u65e0\u6cd5\u4e0b\u8f7d\u8868\u60c5\u7684\u95ee\u9898
-3937786910827873703	\u4e0b\u8f7d\u5931\u8d25!
-3937786902237939111	\u4e0b\u8f7d\u6210\u529f!
-3937786786273822119	\u5f3a\u5236\u542f\u7528'\u7acb\u5373\u603b\u7ed3'\u6309\u94ae\uff0c\u652f\u6301QQ 9.2.35+
-3937786623065064871	chat_summary.compose
-3937786610180162983	\u672a\u8bfb\u6d88\u606f\u8f83\u591a\u65f6\uff0c\u53ef\u4ee5\u8fdb\u884c\u7fa4\u804a\u603b\u7ed3
-3937786511395915175	\u7acb\u5373\u603b\u7ed3
-3937786429791536551	SummaryGenGuideViewKt
-3937786352482125223	\u5bf9\u7f16\u8f91\u7fa4\u6635\u79f0\u754c\u9762\u7684\u88c5\u626e\u5e03\u5c40\u8fdb\u884c\u9690\u85cf
-3937786326712321447	com.tencent.mobileqq.activity.editservice.EditTroopMemberNickService
-3937786038949512615	\u5373\u5c06\u5f7b\u5e95\u6d88\u5931
-3937785991704872359	\u6211\u4e5f\u8981\u6253\u5361
-3937785931575330215	\u52a0\u5165\u4e86\u7fa4\u804a
-3937785880035722663	\u4e00\u8d77\u6765\u73a9\u5427
-3937785871445788071	\u9690\u85cf\u804a\u5929\u754c\u9762\u4e2d\u7684\u7070\u8272\u63d0\u793a\u6587\u672c \u5982\u52a0\u5165\u7fa4\u804a \u6253\u5361
-3937785837086049703	com.tencent.mobileqq.aio.msglist.holder.component.graptips.common.CommonGrayTipsComponent
-3937785433359123879	com.tencent.mobileqq.paiyipai.PaiYiPaiHandler
-3937785227200693671	\u9632\u64a4\u56de\u6570\u636e\u5e93
-3937785184251020711	\u88ab
-3937785119826511271	\u9002\u914dQQNT
-3937785115531543975	friendCache
-3937785063991936423	groupCache
-3937784995272459687	\u64a4\u56de
-3937784960912721319	\u5bf9\u8868\u60c5\u56de\u5e94\u7070\u5b57 \u8868\u60c5\u56de\u5e94\u83dc\u5355 \u663e\u793a\u5728\u6d88\u606f\u4e0b\u65b9\u7684\u5df2\u56de\u5e94\u8868\u60c5\u8fdb\u884c\u9690\u85cf
-3937784793408996775	com.tencent.qqnt.aio.api.impl.AIOEmoReplyMenuApiImpl
-3937784505646187943	getSeparateEmoReplyMenuView
-3937784454106580391	getEmoReplyMenuView
-3937784299487757735	com.tencent.mobileqq.aio.msglist.holder.component.msgtail.AIOGeneralMsgTailContentComponent
-3937783973070243239	\u88ab\u4e91\u63a7\u540e\u51fa\u73b0(9250\u540e\u4e00\u5b9a\u51fa\u73b0)
-3937783912940701095	\u6ee4\u955c\u89c6\u9891
-3937783809861485991	\u89e3\u9664\u8f6c\u53d1\u8054\u7cfb\u4eba\u65f6\u6700\u591a\u9009\u62e99\u4eba\u7684\u9650\u5236
-3937783796976584103	\u6ce1\u6ce1
-3937783663832597927	getClass(...)
-3937783638062794151	friendClass
-3937783620882924967	recentClass
-3937783586523186599	troopClass
-3937783461969135015	ChatSelectorConfig
-3937783440494298535	contact
-3937783354594952615	getCurrentContact(...)
-3937783337415083431	doubleClick
-3937783178501293479	bottomToBottom
-3937783152731489703	startToEnd
-3937783139846587815	endToStart
-3937783096896914855	\u4f20\u7edf\u6d88\u606f\u5c45\u4e2d\u4f4d\u7f6e \u70b9\u51fb\u53ef\u8bbe\u7f6e\u4e00\u4e9b\u590d\u8bfb\u53c2\u6570
-3937783015292536231	size
-3937782946573059495	com.tencent.mobileqq.aio.msglist.holder.component.msgfollow.AIOMsgFollowComponent
-3937782933688157607	Repetition
-3937782525666264487	Lazy
-3937782508486395303	kotlin.Lazy
-3937782444061885863	getMethods(...)
-3937782413997114791	\u672a\u586b\u5199\u5927\u5c0f
-3937782375342409127	getValue
-3937782336687703463	+1\u56fe\u6807\u521d\u59cb\u5316\u5b8c\u6bd5
-3937782302327965095	/+1.png
-3937782242198422951	MultiForwardActivity
-3937782160594044327	createScaledBitmap(...)
-3937782091874567591	com.tencent.biz.qrcode.activity.QRLoginAuthActivity
-3937781937255744935	onFinish
-3937781868536268199	\u76f8\u673a
-3937781847061431719	android.permission.CAMERA
-3937781804111758759	onTick
-3937781731097314727	android.permission.RECORD_AUDIO
-3937781718212412839	\u8bed\u97f3
-3937781593658361255	\u5373\u65f6\u751f\u6548 \u5f00\u542f\u540e\u9700\u8981\u624b\u52a8\u5230\u5e94\u7528\u8be6\u60c5\u9875\u7ed9\u4e88\u6743\u9650 \u76ee\u524d\u4ec5\u652f\u6301\u4f2a\u88c5\u8bed\u97f3\u6743\u9650\u548c\u62cd\u7167\u6743\u9650 \u6b63\u5728\u5b8c\u5584\u53ef\u9009\u4e0e\u66f4\u591a\u529f\u80fd
-3937781370320061863	checkPermission
-3937781301600585127	checkSelfPermission
-3937781146981762471	com.tencent.mobileqq.text.EmotcationConstants
-3937780932233397671	getSingleEmoji
-3937780889283724711	str_file_name='([^']*)'
-3937780859218953639	getDoubleEmoji
-3937780717485032871	uint32_download_times=(\\d+)
-3937780627290719655	NewTarget
-3937780597225948583	 (\u4e0b\u8f7d\u6570\uff1a
-3937780498441700775	newTargetMethod
-3937780429722224039	\u5728\u7fa4\u6587\u4ef6\u5217\u8868\u4e2d\u663e\u793a\u6587\u4ef6\u7684\u4e0b\u8f7d\u6b21\u6570 \u5168\u7248\u672c\u901a\u7528
-3937780425427256743	com.tencent.mobileqq.troop.file.data.TroopFileShowAdapter
-3937780090419807655	com.tencent.mobileqq.troop.data.TroopFileShowAdapter
-3937779940095952295	getView
-3937779875671442855	$this$add
-3937779837016737191	(\u4e0b\u8f7d: 
-3937779746822423975	$this$methods
-3937779703872751015	$this$matcher
-3937779635153274279	$this$findClass
-3937779626563339687	u
-3937779596498568615	\u5728\u7fa4\u6587\u4ef6\u4e0b\u65b9\u663e\u793a\u6587\u4ef6\u4e0b\u8f7d\u6b21\u6570 \u4ec5\u652f\u6301 9.1.90 \u4ee5\u4e0b\u7248\u672c
-3937779566433797543	 \u4e0b\u8f7d\u6b21\u6570:
-3937779454764647847	com.tencent.mobileqq.filemanager.api.impl.QFileUtilsImpl
-3937779149821969831	setFileDescription
-3937779059627656615	mViewContainer
-3937778986613212583	com.tencent.mobileqq.profilecard.component.ProfileIntimateComponent
-3937778763274913191	initComponentViewContainer
-3937778604361123239	\u4e0a\u4f20\u4efb\u610f\u56fe\u7247\u4e3a\u5934\u50cf\u65f6 \u66ff\u6362\u4e3a\u5168\u900f\u660e\u5934\u50cf
-3937778518461777319	com.tencent.mobileqq.util
-3937778389612758439	image illegal, size must be square.
-3937778234993935783	com.tencent.mobileqq.pic.compress
-3937778106144916903	JpegCompressor.compress() error
-3937777968705963431	apply(...)
-3937777912871388583	\u53ef\u4ee5\u4e0a\u4f20\u81ea\u5b9a\u4e49\u534a\u900f\u660e\u7684PNG\u683c\u5f0f\u5934\u50cf \u4e0d\u8981\u548c\u4e0a\u4f20\u5168\u900f\u660e\u5934\u50cf\u4e00\u8d77\u6253\u5f00
-3937777788317336999	com.tencent.mobileqq.activity.photo
-3937777749662631335	compress
-3937777590748841383	sdcardfull
-3937777564979037607	StoreFileTask
-3937777534914266535	oom
-3937777517734397351	doInBackground
-3937777444719953319	compress.Utils
-3937777371705509287	compressQualityWithBaseline()
-3937777260036359591	com.tencent.mobileqq.pic.CompressInfo
-3937777006633289127	portrait
-3937776942208779687	null cannot be cast to non-null type java.io.File
-3937776744640284071	getAbsolutePath(...)
-3937776663035905447	Lcom/tencent/mobileqq/pluginsdk/PluginStatic;->getOrCreateClassLoader(Landroid/content/Context;Ljava/lang/String;)Ljava/lang/ClassLoader;
-3937776053150549415	Lcom/tencent/mobileqq/pluginsdk/IPluginAdapterProxy;->getProxy()Lcom/tencent/mobileqq/pluginsdk/IPluginAdapterProxy;
-3937775559229310375	Lcom/tencent/mobileqq/pluginsdk/IPluginAdapterProxy;->setProxy(Lcom/tencent/mobileqq/pluginsdk/IPluginAdapter;)V
-3937775082487940519	null cannot be cast to non-null type java.lang.ClassLoader
-3937774820494935463	cooperation.plugin
-3937774730300622247	com.tencent.mobileqq.pluginsdk.IPluginAdapter
-3937774554206963111	widget
-3937774549911995815	troopUin
-3937774481192519079	com.tencent.mobileqq.profilecard.data.AllInOne
-3937774279329056167	profileEntryType
-3937774270739121575	troopCode
-3937774214904546727	subSourceId
-3937774163364939175	extras
-3937774055990756775	enter_page_sourceid
-3937773970091410855	enter_page_subsourceid
-3937773965796443559	memberUin
-3937773875602130343	null cannot be cast to non-null type android.os.Parcelable
-3937773836947424679	AllInOne
-3937773613609125287	ds
-3937773592134288807	#1E88E5
-3937773489055073703	\u6d88\u606f\u6709\u827e\u7279\u65f6\u53ef\u70b9\u51fb\u8df3\u8f6c\u5230\u827e\u7279\u76ee\u6807\u8d44\u6599\u5361
-3937773471875204519	getAllChildViews(...)
-3937773394565793191	null cannot be cast to non-null type android.widget.TextView
-3937773287191610791	com.tencent.mobileqq.data.Card
-3937773145457690023	handleVoteBtnClickForGuestProfile
-3937773016608671143	handleVote
-3937772990838867367	Vote
-3937772977953965479	vote
-3937772960774096295	onVote
-3937772913529456039	114514
-3937772896349586855	ptt_forward
-3937772806155273639	\u957f\u6309\u8bed\u97f3\u6d88\u606f\u663e\u793a\u8f6c\u53d1\u6309\u94ae
-3937772771795535271	direct_send_if_dataline_forward
-3937772758910633383	pttElement
-3937772634356581799	forward_text
-3937772587111941543	forward_type
-3937772471147824551	forward_from_jump
-3937772445378020775	caller_name
-3937772325118936487	ChatActivity
-3937772277874296231	k_smartdevice
-3937772247809525159	is_need_show_toast
-3937772200564884903	k_dataline
-3937772157615211943	k_forward_title
-3937772088895735207	\u8bed\u97f3\u8f6c\u53d1
-3937772007291356583	PttForward: \u542f\u52a8\u8f6c\u53d1\u754c\u9762\u6210\u529f
-3937771960046716327	PttForward: \u542f\u52a8\u8f6c\u53d1\u754c\u9762\u5931\u8d25: 
-3937771887032272295	com.tencent.mobileqq.forward.ForwardBaseOption
-3937771676578874791	mExtraData
-3937771620744299943	isNeedShowToast
-3937771552024823207	PttForward: \u8f6c\u53d1\u903b\u8f91 Hook \u5931\u8d25: 
-3937771358751294887	voiceChangeType
-3937771285736850855	getMContext
-3937771225607308711	 \u5931\u8d25: 
-3937771165477766567	null cannot be cast to non-null type android.content.Context
-3937770933549532583	null cannot be cast to non-null type kotlin.collections.MutableList<kotlin.Any>
-3937770877714957735	\u8f6c\u53d1\u8bed\u97f3
-3937770340844045735	LandRegion(name=
-3937770224879928743	, minLon=
-3937770216289994151	, maxLat=
-3937770130390648231	, maxLon=
-3937770070261106087	getInterfaces(...)
-3937770014426531239	com.tencent.map.geolocation.TencentLocationListener
-3937769816858035623	\u65e5\u672c/\u97e9\u56fd
-3937769791088231847	\u4e2d\u56fd\u6838\u5fc3\u533a
-3937769756728493479	\u4e2d\u4e1c(\u8fea\u62dc/\u571f\u8033\u5176)
-3937769739548624295	\u4e1c\u5357\u4e9a(\u65b0\u9a6c\u6cf0/\u5370\u5c3c)
-3937769700893918631	\u6b27\u6d32\u5927\u9646
-3937769688009016743	\u5317\u7f8e\u70ed\u95e8\u533a
-3937769606404638119	\u5357\u7f8e\u6d32
-3937769576339867047	\u6fb3\u6d32/\u65b0\u897f\u5170
-3937769520505292199	\u975e\u6d32\u5927\u9646
-3937769507620390311	com.tencent.map.geolocation.internal.TencentLocationImpl
-3937769340116665767	com.tencent.map.geolocation.TencentLocationManager
-3937769043763922343	onLocationChanged
-3937768983634380199	com.tencent.map.geolocation.TencentLocation
-3937768863375295911	com.tencent.mobileqq.location.net.LocationShareLocationManager$a
-3937768511187977639	getLatitude
-3937768489713141159	getLongitude
-3937768459648370087	com.tencent.mobileqq.aio.helper.PttHelper$getPhoneLowVolumeListener$onLowVolume$1
-3937768124640920999	com.tencent.mobileqq.webview.swift.component.SwiftBrowserShareMenuHandler
-3937767720913995175	\u79fb\u9664\u5185\u7f6e\u6d4f\u89c8\u5668\u5206\u4eab\u83dc\u5355\u4e2d\u7684"\u7528QQ\u6d4f\u89c8\u5668\u6253\u5f00"\u9009\u9879
-3937767695144191399	\u5c4f\u853d\u67e5\u770b\u597d\u53cb\u9875\u9762\u81ea\u5b9a\u4e49\u7684\u540d\u7247
-3937767622129747367	com.tencent.mobileqq.profilecard.activity.FriendProfileCardActivity
-3937767261352494503	handleSwitchVasCard
-3937767175453148583	mSecurityBeat
-3937767098143737255	com.tencent.mobileqq.pluginsdk.PluginStatic
-3937766909165176231	getOrCreateClassLoader
-3937766836150732199	com.qqfav.FavoriteService
-3937766707301713319	com.qqfav.data.FavoriteData
-3937766655762105767	\u79fb\u9664\u957f\u6309\u6d88\u606f\u6c14\u6ce1\u83dc\u5355\u4e2d\u7684\u56fe\u6807
-3937766582747661735	\u626b\u63cf\u76f8\u518c\u91cc\u7684\u4e8c\u7ef4\u7801\u65f6\u4e0d\u518d\u62e6\u622a\u767b\u5f55
-3937766518323152295	com.tencent.open.agent.QrAgentLoginManager
-3937766325049623975	\u53bb\u9664QQ\u53ea\u5141\u8bb8\u53d1\u900120\u5f20\u56fe\u7247\u7684\u9650\u5236 \u91cd\u542f\u751f\u6548
-3937766252035179943	com.tencent.qqnt.qbasealbum.select.viewmodel.SelectedMediaViewModel
-3937765921322698151	\u79fb\u9664\u8bed\u97f3\u6d88\u606f\u4e0b\u65b9\u8bf1\u5bfc\u5f00\u901aSVIP\u7684\u81ea\u52a8\u8f6c\u6587\u672c\u7070\u5b57\u63d0\u793a
-3937765891257927079	can
-3937765874078057895	is
-3937765728049169831	com.tencent.mobileqq.vas.perception.api.impl.VipPerceptionImpl
-3937765448876295591	addSVipLocalGrayTip
-3937765431696426407	mNum
-3937765418811524519	mText
-3937765341502113191	com.tencent.mobileqq.quibadge.QUIBadge
-3937765234127930791	updateNum
-3937765105278911911	com.tencent.mobileqq.activity.framebusiness.controllerinject.FrameControllerInjectImpl
-3937764826106037671	com.tencent.mobileqq.utils.DialogUtil
-3937764576997934503	createCountdownDialog
-3937764327889831335	endToEnd
-3937764306414994855	startToStart
-3937764263465321895	topToTop
-3937764177565975975	null cannot be cast to non-null type android.content.Intent
-3937764164681074087	subMsgType
-3937763919867938215	lin.xposed.hook.item.browser.EXTRA_BYPASS_FQB_HOOK
-3937763726594409895	^(https?|ftp)://[^\\s/$.?#].[^\\s]*$|^www\\.[^.]+\\.[^.]+$|^[^.]+\\.[^.]+$
-3937763340047353255	\u81f4\u656c \u7ecf\u5178\u6a21\u5757:\u53bb\u4f60\u5927\u7237\u7684QQ\u6d4f\u89c8\u5668
-3937763249853040039	android.content.ContextWrapper
-3937763142478857639	startActivity
-3937763065169446311	startActivityForResult
-3937763026514740647	android.app.Activity
-3937762944910362023	QQBrowserActivity
-3937762884780819879	from_fqb
-3937762820356310439	://
-3937762803176441255	qq.com
-3937762730161997223	meeting.tencent.com
-3937762644262651303	qq-web.cdn-go.cn
-3937762609902912935	\u6bd4\u5982\u6253\u5361,\u64a4\u56de,\u6233\u4e00\u6233
-3937762558363305383	com.tencent.qqnt.kernel.nativeinterface.XmlElement
-3937762330730038695	getMembers
-3937762274895463847	getDeclaredMethod(...)
-3937762098801804711	com.tencent.qqnt.kernelpublic.nativeinterface.JsonGrayElement
-3937761918413178279	com.tencent.qqnt.kernelpublic.nativeinterface.XmlToJsonParam
-3937761665010107815	findConstructor(...)
-3937761493211415975	nm
-3937761480326514087	qq
-3937761471736579495	\u9690\u85cf\u65b0\u670b\u53cb\u5217\u8868\u4e2d\u7684\u901a\u8baf\u5f55\u63a8\u8350\u5361\u7247
-3937761407312070055	com.tencent.mobileqq.newfriend.ui.builder.NewFriendBindContactGuideBuilderV3
-3937761102369392039	\u5c4f\u853d\u597d\u53cb\u8d44\u6599\u5361\u5e95\u90e8\u5de5\u5177\u680f\u4e2d\u7684\u9001\u793c\u7269\u6309\u94ae
-3937761050829784487	\u9001\u793c\u7269
-3937761016470046119	com.tencent.mobileqq.profilecard.base.container.ProfileBottomContainer
-3937760668577695143	D
-3937760642807891367	finishRefresh
-3937760634217956775	com.tencent.qqnt.chats.view.MiniOldStyleHeaderNew
-3937760599858218407	\u9690\u85cf\u4e0b\u62c9\u5c0f\u7a0b\u5e8f
-3937760402289722791	com.tencent.qqnt.chats.view.MiniOldStyleHeader
-3937760191836325287	refreshLayout
-3937760148886652327	oldState
-3937760054397371815	initMiniAppEntryLayout.
-3937760050102404519	newState
-3937759882598679975	initMicroAppEntryLayout.
-3937759852533908903	init Mini App, cost=
-3937759702210053543	com.tencent.mobileqq.mini.api.IMiniAppService
-3937759487461688743	createMiniAppEntryManager
-3937759461691884967	null cannot be cast to non-null type kotlin.Long
-3937759259828422055	\u5c4f\u853d\u804a\u5929\u754c\u9762\u7684\u8d85\u7ea7QQ\u79c0 \u6b64\u529f\u80fd\u9002\u7528\u4e8e9.2.25+ \u91cd\u542f\u751f\u6548
-3937759122389468583	com.tencent.mobileqq.ai.avatar.api.impl.AIAvatarSwitchApiImpl
-3937758838921627047	isQQShowEnableForAIO
-3937758757317248423	isQQShowEnable
-3937758684302804391	parseObject(...)
-3937758619878294951	grabFailToast
-3937758542568883623	\u7ea2\u5305\u9884\u5904\u7406\u5931\u8d25: \u7ea2\u5305\u5df2\u88ab\u62a2\u5149
-3937758473849406887	element
-3937758409424897447	delayReply
-3937758370770191783	\u7ea2\u5305\u8df3\u8fc7\u9886\u53d6: 
-3937758353590322599	\u65b0\u7248QQ\u62a2\u7ea2\u5305\uff0c\u57289.2.0 ~ 9.2.95\u901a\u8fc7\u6d4b\u8bd5\uff0c\u70b9\u51fb\u53ef\u914d\u7f6e\u53c2\u6570
-3937758074417448359	\u7fa4\u53f7\u5728\u9ed1\u540d\u5355\u4e2d
-3937757971338233255	\u7ea2\u5305\u63cf\u8ff0\u5305\u542b\u5173\u952e\u8bcd: 
-3937757949863396775	\u5143\uff0c\u672a\u8fbe\u5230\u671f\u671b\u503c
-3937757863964050855	\u7ea2\u5305\u63cf\u8ff0:
-3937757851079148967	[QStory]: 
-3937757640625751463	com.tencent.mobileqq.profilecard.component.ProfileInStepComponent
-3937757339978040743	onDataUpdate
-3937757292733400487	com.tencent.mobileqq.profilecard.data.ProfileCardInfo
-3937757077985035687	com.tencent.biz.richframework.widget.listview.card.RFWCardListView
-3937756850351768999	getParent
-3937756721502750119	ParentLayout == null
-3937756103027459495	getDeclaredFields(...)
-3937756098732492199	com.tencent.mobileqq.profilecard.base.component.AbsProfileHeaderComponent
-3937755707890468263	com.tencent.mobileqq.activity.aio.anim.AioAnimationConfigHelper
-3937755454487397799	parseRules
-3937755433012561319	doParseRules
-3937755398652822951	parseAnimationRules
-3937755312753477031	loadRules
-3937755218264196519	com.tencent.rfix.lib.download.PatchDownloadTask
-3937755063645373863	com.tencent.rfix.lib.engine.PatchEngineBase
-3937755012105766311	run
-3937754805947336103	com.tencent.rfix.lib.config.PatchConfig
-3937754702868120999	com.tencent.mobileqq.msf.core.net.patch.PatchReporter
-3937754449465050535	\u5c4f\u853d\u90e8\u5206\u5173\u952e\u8bcd\u89e6\u53d1\u7684\u7279\u6b8a\u5f39\u7a97
-3937754385040541095	report
-3937754376450606503	com.tencent.mobileqq.springhb.ui.InteractivePopManager
-3937754062917993895	com.tencent.mobileqq.interactive.ui.InteractivePopManager
-3937753899709236647	com.tencent.mobileqq.aio.animation.pag.PagEasterEggPopManager
-3937753616241395111	com.tencent.mobileqq.animation.pag.PagEasterEggPopManager
-3937753315593684391	com.tencent.qqperf.monitor.crash.QQCrashReportManager
-3937753135205057959	null cannot be cast to non-null type kotlin.Int
-3937752929046627751	com.tencent.aio.frame.drawer.DrawerFrameViewGroup
-3937752731478132135	switchState
-3937752611219047847	com.tencent.mobileqq.troop.flame.api.impl.TroopFlameApiImpl
-3937752353521010087	getFlameViewDataFromPB
-3937752314866304423	com.tencent.mobileqq.data.troop.TroopInfoExt
-3937752061463233959	getGroupExtFlameData
-3937752014218593703	\u5f3a\u5236QQ\u5185\u7f6e\u6d4f\u89c8\u5668\u4f7f\u7528\u7cfb\u7edf\u539f\u751fWebView\uff0c\u4e0d\u52a0\u8f7d\u817e\u8bafX5\u5185\u6838
-3937751881074607527	com.tencent.smtt.sdk.QbSdk
-3937751756520555943	getIsSysWebViewForcedByOuter
-3937751571836962215	\u5206\u5c4f\u6a21\u5f0f\u4e0b\u4e5f\u80fd\u6b63\u5e38\u4f7f\u7528\u626b\u7801\u3001\u76f8\u673a\u7b49\u88ab\u9650\u5236\u7684\u529f\u80fd
-3937751537477223847	isInMultiWindowMode
-3937751421513106855	\u6700\u5927
-3937751400038270375	FakePicSize
-3937751382858401191	\u6700\u5c0f
-3937751374268466599	\u7565\u5927
-3937751361383564711	\u7565\u5c0f
-3937751348498662823	\u70b9\u51fb\u8bbe\u7f6e\u56fe\u7247\u663e\u793a\u5927\u5c0f
-3937751223944611239	com.tencent.qqnt.kernelpublic.nativeinterface.Contact
-3937751077915723175	com.tencent.qqnt.kernelpublic.nativeinterface.IOperateCallback
-3937750798742848935	com.tencent.qqnt.kernelpublic.nativeinterface.IKernelMsgService$CppProxy
-3937750463735399847	sizeIndex
-3937750425080694183	\u7be1\u6539\u56fe\u7247\u663e\u793a\u5927\u5c0f
-3937750334886380967	com.tencent.qqnt.kernelpublic.nativeinterface.MsgElement
-3937750167382656423	picSubType
-3937750111548081575	\u5df2\u8bbe\u7f6e\u4e3a: 
-3937750047123572135	\u56de\u5fc6\u4e4b\u6240\u4ee5\u7f8e\u4e3d \u662f\u56e0\u4e3a\u8c01\u90fd\u56de\u4e0d\u53bb,\u76ee\u524d\u652f\u6301\u7eaf\u6587\u5b57\u6536\u85cf\u8be6\u60c5
-3937750004173899175	qqfav.apk
-3937749862439978407	Lcom/qqfav/activity/BaseDetailActivity;->onCreate(Landroid/os/Bundle;)V
-3937749621921809831	thisObject
-3937749566087234983	Lcom/qqfav/data/FavoriteData
-3937749381403641255	sendLocalFileMethod
-3937749364223772071	\u4e0a\u4f20\u6587\u4ef6\u65f6\u91cd\u547d\u540dbase.apk\n\u4ee5\u53ca\u5c06\u4e0a\u4f20\u65f6\u7684.apk\u91cd\u547d\u540d\u4e3a.APK \u9632\u6b62QQ\u5728\u670d\u52a1\u5668\u5c06.apk\u53d8\u6210.apk.1
-3937749033511290279	sendLocalFileMethod is null
-3937748913252205991	com.tencent.mobileqq.troop.utils.Item
-3937748801583056295	com.tencent.mobileqq.troop.utils.TroopFileTransferManager$Item
-3937748488050443687	com.tencent.mobileqq.troop.filemanager.TroopFileTransferMgr
-3937748230352405927	sendLocalFileToNt strFilePath:
-3937748088618485159	^base(\\([0-9]+\\))?.apk$
-3937748054258746791	substring(...)
-3937747981244302759	.apk
-3937747968359400871	%n_%v.APK
-3937747921114760615	%p
-3937747908229858727	%n
-3937747899639924135	packageName
-3937747848100316583	%v
-3937747826625480103	%c
-3937747775085872551	strFilePath
-3937747736431166887	base.APK
-3937747693481493927	LocalFile
-3937747654826788263	FileName
-3937747633351951783	.APK
-3937747620467049895	msgItemView
-3937747568927442343	msgRecord
-3937747474438161831	\u95ea\u7167
-3937747452963325351	\u9002\u914dQQNT,\u5f00\u542f\u540e\u4f1a\u5bfc\u81f4\u804a\u5929\u754c\u9762\u4e25\u91cd\u6389\u5e27
-3937747410013652391	getSubMsgType
-3937747367063979431	androidx.constraintlayout.widget.ConstraintLayout$LayoutParams
-3937747087891105191	null cannot be cast to non-null type android.view.ViewGroup.LayoutParams
-3937746516660454823	com.tencent.mobileqq.springhb.interactive.ui.InteractivePopManager
-3937746254667449767	androidx.fragment.app.Fragment
-3937745335544448423	com.tencent.qqnt.audio.play.player.AudioPlayerDeviceHelper
-3937745142270920103	onNearToEarStatusChanged
-3937744974767195559	getMethod(...)
-3937744901752751527	com.tencent.mobileqq.qqaudio.audioplayer.impl.AudioDeviceServiceImpl
-3937744682709419431	notifyAllDeviceStatusChanged
-3937744498025825703	findMethod(...)
-3937744467961054631	subBubbleId
-3937744429306348967	bubbleId
-3937744416421447079	com.tencent.qqnt.kernel.nativeinterface.VASMsgBubble
-3937744111478769063	getSubBubbleId
-3937744094298899879	getBubbleId
-3937744072824063399	getDeclaredConstructors(...)
-3937743922500208039	com.tencent.mobileqq.activity.aio.AIOMsgItem
-3937743669097137575	setBubbleInfo
-3937743643327333799	setSubBubbleId
-3937743626147464615	setBubbleId
-3937743570312889767	setMsgBubble
-3937743523068249511	chmod 777 
-3937743398514197927	/bubble_info
-3937743351269557671	/files/bubble_info
-3937743261075244455	/files/bubble_paster
-3937743248190342567	/files/vas_material_folder/bubble_dir
-3937742917477860775	com.tencent.qqnt.kernel.nativeinterface.VASMsgFont
-3937742758564070823	getFontId
-3937742664074790311	getMagicFontType
-3937742565290542503	com.tencent.mobileqq.vas.font.api.impl.FontManagerServiceImpl
-3937742316182439335	enlargeTextMsg
-3937742243167995303	com.tencent.mobileqq.activity.aio.item.TextItemBuilder
-3937742067074336167	com.tencent.mobileqq.aio.item.TextItemBuilder
-3937741817966232999	getName(...)
-3937741783606494631	ChatMessage
-3937741770721592743	ViewHolder
-3937741732066887079	com.tencent.common.config.pad.DeviceType
-3937741504433620391	valueOf
-3937741495843685799	find(...)
-3937741431419176359	\u9700\u8981\u91cd\u542f\u751f\u6548
-3937741401354405287	TABLET
-3937741358404732327	com.tencent.common.config.pad.PadUtil
-3937741246735582631	methodFinder
-3937741001922446759	\u5c4f\u853d\u7248\u672c\u5347\u7ea7\u5f39\u7a97\u3001\u7070\u5ea6\u7248\u672c\u4f53\u9a8c\u5f39\u7a97\u3001\u793e\u4ea4\u5c01\u7981\u63d0\u9192\u5f39\u7a97
-3937740980447610279	com.tencent.mobileqq.upgrade.ui.dialog.UpgradeActivity
-3937740666914997671	com.tencent.biz.qui.noticebar.view.VQUINoticeBarLayout
-3937740490821338535	com.tencent.mobileqq.graycheck.business.GrayCheckHandler
-3937740185878660519	com.tencent.mobileqq.dt.api.impl.DTAPIImpl
-3937740061324608935	onSecDispatchToAppEvent
-3937739889525917095	android.app.ActivityManager
-3937739769266832807	getRunningAppProcesses
-3937739730612127143	wording
-3937739627532912039	\u6a21\u5757\u63d0\u9192\u60a8\uff0c\u6b64\u5f39\u7a97\u5728\u91cd\u65b0\u542f\u52a8QQ\u524d\u53ea\u4f1a\u5c55\u793a\u4e00\u6b21\u3002
-3937739597468140967	\u5f39\u7a97
-3937739533043631527	pid
-3937739515863762343	processName
-3937739464324154791	android.content.Context
-3937739292525462951	ACTIVITY_SERVICE
-3937739228100953511	getSystemService
-3937739129316705703	de.robv.android.xposed.XposedBridge
-3937739043417359783	currentThread
-3937738931748210087	mActivityThread
-3937738863028733351	\u5c4f\u853d\u4e00\u4e9b\u5173\u952e\u8bcd\u89e6\u53d1\u7684\u6389\u843d\u5c0f\u8868\u60c5 \u91cd\u542f\u751f\u6548
-3937738850143831463	com.tencent.mobileqq.aio.animation.util.b
-3937738583855859111	com.tencent.mobileqq.aio.animation.util.d
-3937738489366578599	com.tencent.mobileqq.aio.animation.util.AioAnimationConfigHelper
-3937738132884293031	\u8f85\u52a9\u529f\u80fd/\u7fa4\u804a/\u7fa4\u6587\u4ef6\u663e\u793a\u4e0b\u8f7d\u6b21\u6570(\u65b0)
-3937737982560437671	\u8f85\u52a9\u529f\u80fd/\u7fa4\u804a/\u7fa4\u6587\u4ef6\u663e\u793a\u4e0b\u8f7d\u6b21\u6570(\u65e7)
-3937737900956059047	\u51c0\u5316/\u8d44\u6599\u5361/\u9690\u85cf\u597d\u53cb\u4e92\u52a8\u6807\u8bc6
-3937737832236582311	\u8f85\u52a9\u529f\u80fd/\u8d44\u6599\u5361/\u4e0a\u4f20\u900f\u660e\u5934\u50cf
-3937737763517105575	\u8f85\u52a9\u529f\u80fd/\u8d44\u6599\u5361/\u4e0a\u4f20\u534a\u900f\u660e\u5934\u50cf
-3937737733452334503	\u8f85\u52a9\u529f\u80fd/\u804a\u5929/\u8bed\u97f3\u60ac\u6d6e\u7a97
-3937737699092596135	\u4e3b\u9875\u53f3\u4e0a\u89d2\u6ce8\u5165
-3937737656142923175	API-BuildMenuElement
-3937737518703969703	API-\u8fdb\u7fa4\u76d1\u542c\u5668
-3937737505819067815	API-\u7fa4\u7ec4\u7981\u8a00\u76d1\u542c
-3937737424214689191	API-ListenToChatWindowsAsTheyAppearAndClose
-3937737248121030055	API-\u76d1\u542c\u6d88\u606f\u53d1\u9001
-3937737235236128167	API-OnRKey
-3937737192286455207	API-Session_info_find_init
-3937737041962599847	\u51c0\u5316/\u4e3b\u9875/\u81ea\u52a8\u6e05\u7406\u4e3b\u9875\u9891\u9053\u6d88\u606f\uff08\u5c4f\u853d\u4e3b\u9875\u9891\u9053\u6d88\u606f\uff09
-3937736999012926887	API-\u9000\u7fa4\u76d1\u542c\u5668
-3937736917408548263	\u8f85\u52a9\u529f\u80fd/\u6d88\u606f\u901a\u77e5/\u5c4f\u853dAT\u5168\u4f53\u6d88\u606f\u7684\u7cfb\u7edf\u901a\u77e5
-3937736745609856423	\u8f85\u52a9\u529f\u80fd/\u804a\u5929/\u4fee\u6539\u804a\u5929\u6d88\u606f\u5185\u5bb9
-3937736681185346983	\u8f85\u52a9\u529f\u80fd/\u56fe\u7247\u4e0e\u8868\u60c5/\u56fe\u7247,\u8868\u60c5\u7684\u663e\u793a\u6587\u672c\u4fee\u6539
-3937736646825608615	\u8f85\u52a9\u529f\u80fd/\u56fe\u7247\u4e0e\u8868\u60c5/\u67e5\u770b\u56fe\u7247\u65f6\u80cc\u666f\u900f\u660e\u6a21\u7cca
-3937736470731949479	\u51c0\u5316/\u5b9e\u9a8c\u529f\u80fd/\u7981\u7528\u65e5\u5fd7\u5199\u5165\u7684\u7ebf\u7a0b
-3937736410602407335	\u8f85\u52a9\u529f\u80fd/\u804a\u5929/\u590d\u5236\u5361\u7247
-3937736328998028711	\u8f85\u52a9\u529f\u80fd/\u56fe\u7247\u4e0e\u8868\u60c5/\u590d\u5236\u56fe\u7247\u94fe\u63a5
-3937736268868486567	\u8f85\u52a9\u529f\u80fd/\u5b9e\u9a8c\u529f\u80fd/\u5220\u9664\u4e3b\u9875\u804a\u5929\u5217\u8868
-3937736178674173351	\u8f85\u52a9\u529f\u80fd/\u56fe\u7247\u4e0e\u8868\u60c5/\u5728\u65b0\u7684QQ\u4e2d\u4f9d\u7136\u53ef\u4ee5\u4e0b\u8f7d\u8868\u60c5
-3937736152904369575	\u8f85\u52a9\u529f\u80fd/\u56fe\u7247\u4e0e\u8868\u60c5/\u67e5\u770b\u8868\u60c5\u65f6\u80cc\u666f\u900f\u660e
-3937735968220775847	\u8f85\u52a9\u529f\u80fd/\u56fe\u7247\u4e0e\u8868\u60c5/\u8868\u60c5\u9762\u677f#1
-3937735908091233703	\u51c0\u5316/\u804a\u5929/\u5206\u4eab\u5f39\u7a97\u4e0d\u663e\u793a\u597d\u53cb\u548c\u7fa4
-3937735882321429927	\u8f85\u52a9\u529f\u80fd/\u5b9e\u9a8c\u529f\u80fd/\u83b7\u53d6\u6e38\u620f\u597d\u53cbQQ
-3937735826486855079	\u51c0\u5316/\u804a\u5929/\u53bb\u9664\u6807\u9898\u680f\u542c\u7b52\u6807\u8bc6
-3937735757767378343	\u8f85\u52a9\u529f\u80fd/\u804a\u5929/\u4fdd\u5b58\u8bed\u97f3
-3937735676162999719	\u8f85\u52a9\u529f\u80fd/\u56fe\u7247\u4e0e\u8868\u60c5/\u804a\u5929\u754c\u9762\u56fe\u7247\u663e\u793a\u53d1\u9001\u8005
-3937735603148555687	\u8f85\u52a9\u529f\u80fd/\u804a\u5929/\u53d1\u9001\u5361\u7247
-3937735521544177063	\u8f85\u52a9\u529f\u80fd/\u804a\u5929/\u6d88\u606f\u5c0f\u5c3e\u5df4
-3937735478594504103	\u8f85\u52a9\u529f\u80fd/\u5c0f\u7a0b\u5e8f/\u5c0f\u7a0b\u5e8f\u8df3\u8fc7\u5e7f\u544a
-3937735414169994663	\u51c0\u5316/\u4e3b\u9875/\u51c0\u5316\u4e3b\u9875\u6a2a\u5e45\u65b0\u5e74\u5e7f\u544a
-3937735315385746855	\u51c0\u5316/\u4fa7\u6ed1\u680f/\u4fa7\u6ed1\u680f\u53f3\u4e0a\u89d2\u8fd4\u56de-\u5931\u6548
-3937735259551172007	\u51c0\u5316/\u4fa7\u6ed1\u680f/\u7cbe\u7b80\u4fa7\u6ed1\u680f\u53f3\u4e0a\u89d2\u4e8c\u7ef4\u7801-\u5931\u6548
-3937735079162545575	\u8f85\u52a9\u529f\u80fd/\u6d88\u606f\u901a\u77e5/\u5feb\u6377\u514d\u6253\u6270
-3937735010443068839	\u8f85\u52a9\u529f\u80fd/\u56fe\u7247\u4e0e\u8868\u60c5/\u53d1\u9001\u539f\u56fe\u65f6\u64e6\u9664\u4f4d\u7f6e\u4fe1\u606f
-3937734971788363175	\u8f85\u52a9\u529f\u80fd/\u56fe\u7247\u4e0e\u8868\u60c5/\u56fe\u7247\u8f6c\u5927\u56fe\u5361\u7247-\u5df2\u5931\u6548
-3937734830054442407	\u8f85\u52a9\u529f\u80fd/\u7fa4\u804a/\u7fa4\u8bbe\u7f6e\u9875\u7fa4\u6587\u4ef6\u65e7\u7248\u6392\u5e8f
-3937734744155096487	\u8f85\u52a9\u529f\u80fd/\u5b9e\u9a8c\u529f\u80fd/\u9f99|\u732b\u56fe\u68c0\u6d4b\u7981\u8a00
-3937734722680260007	\u8f85\u52a9\u529f\u80fd/\u5b9e\u9a8c\u529f\u80fd/\u9f99\u56fe\u68c0\u6d4b\u5185\u6d4b\u7248
-3937734628190979495	\u6d4b\u8bd5\u4e13\u7528/Test/\u957f\u6309\u6d88\u606f\u9009\u9879\u8f93\u51faMsgRecord
-3937734507931895207	\u8f85\u52a9\u529f\u80fd/\u5b9e\u9a8c\u529f\u80fd/\u70ab\u9177\u5f69\u8272\u5b57\u4f53
-3937734443507385767	\u81ea\u52a8\u52a0\u8f7d\u811a\u672c
-3937734336133203367	Plugin-OnMsgMenuCreateAPI
-3937734310363399591	\u6ce8\u518c\u811a\u672c\u83dc\u5355\u60ac\u6d6e\u7a97
-3937734181514380711	Plugin-Message-Callback
-3937734147154642343	\u6ce8\u5165QQ\u8bbe\u7f6e\u9875\u9762
-3937734048370394535	\u8f85\u52a9\u529f\u80fd/\u5b9e\u9a8c\u529f\u80fd/\u963b\u6b62\u5b50\u7ebf\u7a0b\u95ea\u9000
-3937733988240852391	\u8f85\u52a9\u529f\u80fd/\u5b63\u8282\u4e13\u5c5e/\u81ea\u52a8\u62a2\u7ea2\u5305(2025)
-3937733945291179431	\u8f85\u52a9\u529f\u80fd/\u5b9e\u9a8c\u529f\u80fd/\u91cd\u5b9a\u5411\u6587\u4ef6\u4e0b\u8f7d\u4f4d\u7f6e
-3937733790672356775	\u8f85\u52a9\u529f\u80fd/\u56fe\u7247\u4e0e\u8868\u60c5/\u81ea\u5b9a\u4e49\u8868\u60c5\u5916\u663e\u6587\u6848
-3937733709067978151	\u8f85\u52a9\u529f\u80fd/\u56fe\u7247\u4e0e\u8868\u60c5/\u53d1\u9001\u56fe\u7247\u65f6\u534a\u5c4f\u6253\u5f00\u76f8\u518c(\u7981\u7528\u5f3a\u5236\u5168\u5c4f\u6253\u5f00\u76f8\u518c)
-3937733618873664935	\u8f85\u52a9\u529f\u80fd/\u7fa4\u804a/\u827e\u7279\u5168\u4f53-\u5f03\u7528
-3937733550154188199	\u51c0\u5316/\u804a\u5929/\u62e6\u622a\u5f02\u5e38GIF-\u5f03\u7528
-3937733485729678759	\u51c0\u5316/\u4fa7\u6ed1\u680f/\u542f\u7528\u65e7\u7248\u4fa7\u6ed1\u680f-\u5f03\u7528
-3937733391240398247	\u8f85\u52a9\u529f\u80fd/\u5b63\u8282\u4e13\u5c5e/\u81ea\u52a8\u62a2\u7ea2\u5305
-3937733322520921511	\u51c0\u5316/\u8054\u7cfb\u4eba/\u79fb\u9664\u8054\u7cfb\u4eba\u9875\u4e0a\u65b9\u7684\u6a2a\u5e45\u5e7f\u544a-\u5f03\u7528
-3937733150722229671	\u8f85\u52a9\u529f\u80fd/\u5b63\u8282\u4e13\u5c5e/\u67ab\u53f6\u98d8\u843d
-3937733112067524007	\u8f85\u52a9\u529f\u80fd/\u5b63\u8282\u4e13\u5c5e/\u96ea\u82b1\u98d8\u843d
-3937733039053079975	\u8f85\u52a9\u529f\u80fd/\u5b63\u8282\u4e13\u5c5e/\u65b0\u5e74\u4e2d\u56fd\u7ed3\u9876\u680f
-3937732944563799463	\u8f85\u52a9\u529f\u80fd/\u5b63\u8282\u4e13\u5c5e/\u592a\u9633\u98d8\u843d
-3937732905909093799	\u8f85\u52a9\u529f\u80fd/QQ\u7a7a\u95f4/\u81ea\u52a8\u70b9\u8d5eQQ\u7a7a\u95f4
-3937732815714780583	\u8f85\u52a9\u529f\u80fd/QQ\u7a7a\u95f4/\u6bcf\u5929\u81ea\u52a8\u53d1QQ\u7a7a\u95f4
-3937732798534911399	\u8f85\u52a9\u529f\u80fd/QQ\u7a7a\u95f4/\u81ea\u52a8\u5220\u9664\u53d1\u5e03\u7684\u7a7a\u95f4
-3937732712635565479	\u8f85\u52a9\u529f\u80fd/QQ\u7a7a\u95f4/\u53d1\u9001\u7a7a\u95f4\u4f7f\u7528\u81ea\u5b9a\u4e49\u7684\u5185\u5bb9
-3937732536541906343	\u8f85\u52a9\u529f\u80fd/QQ\u7a7a\u95f4/\u53d1\u9001QQ\u7a7a\u95f4\u65f6\u662f\u5426\u516c\u5f00\u53ef\u89c1
-3937732502182167975	\u8f85\u52a9\u529f\u80fd/\u7fa4\u804a/\u7fa4\u804a\u81ea\u52a8\u6253\u5361
-3937732429167723943	\u8f85\u52a9\u529f\u80fd/\u7fa4\u804a/\u7fa4\u804a\u81ea\u52a8\u6253\u5361-\u5b9a\u65f6\u7248
-3937732373333149095	\u8f85\u52a9\u529f\u80fd/\u7fa4\u804a/\u7fa4\u804a\u81ea\u52a8\u6253\u5361-\u6781\u901f\u7248
-3937732227304261031	isForbidAccount
-3937732214419359143	forbidCode
-3937732158584784295	args
-3937732111340144039	\u5ffd\u7565\u8d26\u53f7\u7684\u5f02\u5e38\u72b6\u6001\uff0c\u4f7f\u5176\u80fd\u591f\u6b63\u5e38\u67e5\u770b\u8d44\u6599\u5361
-3937732076980405671	iResult
-3937731930951517607	com.tencent.mobileqq.profilecard.api.impl.ProfileDataServiceImpl
-3937731660368577959	getProfileCard
-3937731587354133927	getProfileCardFromCache
-3937731552994395559	com.tencent.mobileqq.profilecard.processor.ProfileSecureProcessor
-3937731286706423207	android.os.Bundle
-3937731192217142695	SummaryCard.RespHead
-3937731041893287335	SummaryCard.RespSummaryCard
-3937730990353679783	processProfileCard
-3937730852914726311	cooperation.buscard.BuscardHelper
-3937730831439889831	\u7981\u6b62QQ\u5728\u540e\u53f0\u5e72\u6270NFC
-3937730724065707431	getParameterTypes(...)
-3937730547972048295	com.tencent.mobileqq.widget.QQToast
-3937730462072702375	show
-3937730449187800487	\u5728\u6ca1\u6709\u5f00\u542f\u4e34\u65f6\u4f1a\u8bdd\u7684\u60c5\u51b5\u4e0b\u67e5\u770b\u5df2\u5220\u9664\u597d\u53cb\u7684\u804a\u5929\u8bb0\u5f55 \u5219\u4e0d\u4f1a\u6709\u5f00\u542f\u4e34\u65f6\u4f1a\u8bdd\u5f39\u7a97
-3937730204374664615	com.tencent.mobileqq.managers.TempMsgManager
-3937730032575972775	jumpUrl
-3937730019691070887	jumpResult
-3937729929496757671	com.tencent.mobileqq.webview.WebSecurityPluginV2$1
-3937729770582967719	finder
-3937729663208785319	com.tencent.mobileqq.utils
-3937729641733948839	ForwardSendPicUtil
-3937729551539635623	\u901a\u8fc7QQ\u5206\u4eab\u56fe\u7247\u65f6\u4ee5\u539f\u56fe\u53d1\u9001
-3937729478525191591	\u672c\u5c0f\u59d0\u8ba9\u4f60\u6253\u5e7f\u544a\u4e86?
-3937729276661728679	com.tencent.qqnt.msg.MsgService$c
-3937729087683167655	onMsgInfoListUpdate
-3937729044733494695	onRecvMsg
-3937729001783821735	sendStatus
-3937728945949246887	isOnlineMsg
-3937728482092778919	newProxyInstance(...)
-3937728400488400295	getFriendsInfoService
-3937728241574610343	FriendsManager_getAllFriends
-3937728220099773863	getAllFriend
-3937728125610493351	null cannot be cast to non-null type kotlin.collections.List<*>
-3937727850732586407	getField(...)
-3937727773423175079	nick
-3937727760538273191	remark
-3937727704703698343	sex
-3937727687523829159	categoryId
-3937727653164090791	age
-3937727597329515943	AIOUtils
-3937727562969777575	getFriendNick
-3937727532905006503	getNickWithUid
-3937727485660366247	getStaticField(...)
-3937727258027099559	getFriendsCategoryBaseInfo
-3937727236552263079	FriendsManager
-3937727163537819047	categoryName
-3937727047573702055	categoryId=(\\d+)
-3937727017508930983	categoryName=([^,)]+)
-3937726940199519655	getFriendCategories
-3937726785580696999	getFriendSimpleInfoWithUid
-3937726729746122151	FriendUtils
-3937726678206514599	NewMsgViewIdAdapter-9230
-3937726532177626535	API-\u76d1\u542c\u6d88\u606f\u64a4\u56de-\u672a\u5b9e\u88c5
-3937726510702790055	API-\u76d1\u542cQQ\u8d26\u53f7\u53d8\u66f4
-3937726459163182503	OnNewQQViewUpdate-9230
-3937726283069523367	API-OnQQMessage
-3937726214350046631	\u8f85\u52a9\u529f\u80fd/\u8d44\u6599\u5361/\u5141\u8bb8\u67e5\u770b\u5f02\u5e38\u8d44\u6599\u5361
-3937726192875210151	\u8f85\u52a9\u529f\u80fd/\u5b9e\u9a8c\u529f\u80fd/\u7981\u7528QQ\u516c\u4ea4\u5361
-3937726132745668007	\u8f85\u52a9\u529f\u80fd/\u6d88\u606f\u901a\u77e5/QQ\u901a\u77e5\u4f18\u5316
-3937726068321158567	\u51c0\u5316/\u804a\u5929/\u5c4f\u853dQQToast
-3937725999601681831	\u51c0\u5316/\u804a\u5929/\u5c4f\u853d\u4e34\u65f6\u4f1a\u8bdd\u5f39\u7a97
-3937725926587237799	\u51c0\u5316/\u6d4f\u89c8\u5668/\u7981\u7528\u5185\u7f6e\u6d4f\u89c8\u5668\u7f51\u9875\u62e6\u622a
-3937725836392924583	\u8f85\u52a9\u529f\u80fd/\u56fe\u7247\u4e0e\u8868\u60c5/\u5206\u4eab\u56fe\u7247\u4e0d\u538b\u7f29
-3937725677479134631	\u8f85\u52a9\u529f\u80fd/\u804a\u5929/\u6d88\u606f\u663e\u793a\u827e\u7279\u5bf9\u8c61
-3937725613054625191	\u8f85\u52a9\u529f\u80fd/\u56fe\u7247\u4e0e\u8868\u60c5/\u804a\u5929\u81ea\u52a8\u52fe\u9009\u539f\u56fe
-3937725527155279271	\u8f85\u52a9\u529f\u80fd/\u804a\u5929/\u8bed\u97f3\u6d88\u606f\u81ea\u52a8\u8f6c\u6587\u672c
-3937725467025737127	\u51c0\u5316/\u804a\u5929/\u7cbe\u7b80\u804a\u5929\u754c\u9762\u76f8\u673a\u6309\u94ae
-3937725436960966055	\u8f85\u52a9\u529f\u80fd/\u804a\u5929/\u8f93\u5165\u6846\u589e\u52a0\u63d0\u793a
-3937725368241489319	\u51c0\u5316/\u804a\u5929/\u5220\u9664QQ\u8868\u60c5\u5e95\u680f\u4e2d\u7684QQ\u5927\u8868\u60c5\u9009\u9879
-3937725196442797479	\u8f85\u52a9\u529f\u80fd/\u56fe\u7247\u4e0e\u8868\u60c5/\u8868\u60c5\u53ef\u4e0b\u8f7d(\u65b0\u7248)
-3937725114838418855	\u51c0\u5316/\u7fa4\u804a/\u9690\u85cf\u7f16\u8f91\u7fa4\u6635\u79f0\u88c5\u626e
-3937725046118942119	\u51c0\u5316/\u804a\u5929/\u9690\u85cf\u7070\u8272\u63d0\u793a\u6587\u672c
-3937724973104498087	\u8f85\u52a9\u529f\u80fd/\u804a\u5929/\u89e3\u9664\u62cd\u4e00\u62cd\u9650\u5236
-3937724904385021351	\u8f85\u52a9\u529f\u80fd/\u804a\u5929/\u9632\u64a4\u56de
-3937724882910184871	\u51c0\u5316/\u804a\u5929/\u7cbe\u7b80\u804a\u5929\u754c\u9762\u6ee4\u955c\u89c6\u9891
-3937724852845413799	\u51c0\u5316/\u7fa4\u804a/\u79fb\u9664\u6d88\u606f\u8868\u60c5\u56de\u5e94
-3937724715406460327	\u8f85\u52a9\u529f\u80fd/\u804a\u5929/\u79fb\u9664\u8f6c\u53d1\u6570\u91cf\u9650\u5236
-3937724650981950887	\u51c0\u5316/\u804a\u5929/\u79fb\u9664\u8bed\u97f3\u8f6c\u6587\u672c\u7070\u5b57\u63d0\u793a
-3937724590852408743	\u8f85\u52a9\u529f\u80fd/\u804a\u5929/\u6d88\u606f\u590d\u8bfb
-3937724535017833895	\u8f85\u52a9\u529f\u80fd/\u804a\u5929/\u53d1\u9001\u6d88\u606f\u683c\u5f0f\u5316
-3937724509248030119	\u8f85\u52a9\u529f\u80fd/\u804a\u5929/\u53bb\u9664\u56de\u590d@
-3937724466298357159	\u8f85\u52a9\u529f\u80fd/\u804a\u5929/\u663e\u793a\u6d88\u606f\u65f6\u95f4
-3937724393283913127	\u8f85\u52a9\u529f\u80fd/\u804a\u5929/\u7981\u8a00\u65f6\u95f4\u7cbe\u786e\u5230\u79d2
-3937724328859403687	\u8f85\u52a9\u529f\u80fd/\u7fa4\u804a/\u663e\u793a\u5df2\u9000\u7fa4\u7528\u6237\u7684\u6d88\u606f
-3937724169945613735	\u8f85\u52a9\u529f\u80fd/\u7fa4\u804a/@\u5217\u8868\u91cd\u65b0\u6392\u5e8f
-3937724101226136999	\u8f85\u52a9\u529f\u80fd/\u56fe\u7247\u4e0e\u8868\u60c5/\u6536\u85cf\u8868\u60c5\u6309\u4f7f\u7528\u6392\u5e8f
-3937724019621758375	\u51c0\u5316/\u4e3b\u9875/\u963b\u6b62QQ\u6bcf\u65e5\u5e7f\u544a\u5f39\u7a97
-3937723955197248935	\u8f85\u52a9\u529f\u80fd/\u804a\u5929/\u7981\u7528\u542c\u8bed\u97f3\u65f6\u542c\u7b52\u6765\u56de\u81ea\u52a8\u5207\u6362
-3937723916542543271	\u51c0\u5316/\u804a\u5929/\u5f3a\u5236\u4f7f\u7528\u9ed8\u8ba4\u6c14\u6ce1
-3937723843528099239	\u51c0\u5316/\u804a\u5929/\u5f3a\u5236\u4f7f\u7528\u9ed8\u8ba4\u5b57\u4f53
-3937723770513655207	\u8f85\u52a9\u529f\u80fd/\u5b9e\u9a8c\u529f\u80fd/\u5e73\u677f\u6a21\u5f0f
-3937723731858949543	\u51c0\u5316/\u5b9e\u9a8c\u529f\u80fd/\u5c4f\u853d\u70e6\u4eba\u5f39\u7a97
-3937723658844505511	\u51c0\u5316/\u804a\u5929/\u5c4f\u853d\u6389\u843d\u5c0f\u8868\u60c5
-3937723581535094183	\u8f85\u52a9\u529f\u80fd/\u5b9e\u9a8c\u529f\u80fd/\u5c4f\u853d\u4e91\u63a7
-3937723474160911783	\u51c0\u5316/\u804a\u5929/\u7981\u7528\u7279\u5b9a\u6d88\u606f\u89e6\u53d1\u7684\u4ea4\u4e92\u5f0f\u5f39\u7a97
-3937723426916271527	\u8f85\u52a9\u529f\u80fd/\u5c0f\u7a0b\u5e8f/\u7981\u7528\u4e0b\u62c9\u5c0f\u7a0b\u5e8f
-3937723362491762087	\u51c0\u5316/\u5b9e\u9a8c\u529f\u80fd/\u7981\u7528\u5d29\u6e83\u65e5\u5fd7\u4e0a\u62a5
-3937723298067252647	\u51c0\u5316/\u804a\u5929/\u7981\u7528\u804a\u5929\u53f3\u6ed1
-3937723250822612391	\u51c0\u5316/\u6d4f\u89c8\u5668/\u7981\u7528X5\u5185\u6838
-3937723173513201063	\u8f85\u52a9\u529f\u80fd/\u5b9e\u9a8c\u529f\u80fd/\u6bcf\u5929\u81ea\u52a8\u5907\u4efd\u6a21\u5757\u6570\u636e
-3937723091908822439	\u4fdd\u62a4\u6a21\u5757\u6570\u636e\u4e0d\u88abqq\u6e05\u7406
-3937723044664182183	\u4fdd\u62a4\u6a21\u5757\u6570\u636e\u76ee\u5f55
-3937722911520196007	\u8f85\u52a9\u529f\u80fd/\u56fe\u7247\u4e0e\u8868\u60c5/\u4f2a\u88c5\u5904\u4e8e\u975e\u591a\u7a97\u53e3\u6a21\u5f0f
-3937722902930261415	\u8f85\u52a9\u529f\u80fd/\u56fe\u7247\u4e0e\u8868\u60c5/\u7be1\u6539\u56fe\u7247\u5927\u5c0f
-3937722808440980903	\u8f85\u52a9\u529f\u80fd/\u804a\u5929/\u6587\u4ef6\u4e0a\u4f20\u91cd\u547d\u540d
-3937722739721504167	\u8f85\u52a9\u529f\u80fd/\u56fe\u7247\u4e0e\u8868\u60c5/\u95ea\u7167\u7834\u89e3(\u4f1a\u53d8\u5361)
-3937722589397648807	\u51c0\u5316/\u6d4f\u89c8\u5668/\u53bb\u4f60\u5927\u7237\u7684QQ\u6d4f\u89c8\u5668
-3937722529268106663	\u8f85\u52a9\u529f\u80fd/\u804a\u5929/\u7070\u5b57\u63d0\u793a\u663e\u793aQQ\u53f7
-3937722434778826151	\u51c0\u5316/\u8054\u7cfb\u4eba/\u9690\u85cf\u901a\u8baf\u5f55\u5361\u7247
-3937722361764382119	\u8f85\u52a9\u529f\u80fd/\u8d44\u6599\u5361/\u5c4f\u853d\u597d\u53cb\u8d44\u6599\u5361\u9001\u793c\u7269
-3937722344584512935	\u51c0\u5316/\u804a\u5929/\u5c4f\u853d\u8d85\u7ea7QQ\u79c0
-3937722232915363239	\u8f85\u52a9\u529f\u80fd/\u5b9e\u9a8c\u529f\u80fd/MCP\u670d\u52a1
-3937722164195886503	\u8f85\u52a9\u529f\u80fd/\u5b63\u8282\u4e13\u5c5e/\u81ea\u52a8\u62a2\u7ea2\u5305(2026)
-3937722121246213543	\u51c0\u5316/\u8d44\u6599\u5361/\u964c\u751f\u4eba\u8d44\u6599\u5361\u4f60\u4eec\u7684\u5173\u7cfb\u6807\u8bc6
-3937721970922358183	\u8f85\u52a9\u529f\u80fd/\u8d44\u6599\u5361/\u4e00\u952e20\u8d5e
-3937721919382750631	\u8f85\u52a9\u529f\u80fd/QQ\u7a7a\u95f4/\u9690\u85cfQQ\u7a7a\u95f4\u5e7f\u544a
-3937721897907914151	\u8f85\u52a9\u529f\u80fd/\u804a\u5929/\u8bed\u97f3\u8f6c\u53d1
-3937721760468960679	\u8f85\u52a9\u529f\u80fd/QQ\u7a7a\u95f4/\u5e95\u680f\u76f4\u63a5\u6253\u5f00\u7a7a\u95f4\u52a8\u6001
-3937721678864582055	\u8f85\u52a9\u529f\u80fd/\u5b9e\u9a8c\u529f\u80fd/\u968f\u673a\u865a\u62df\u4f4d\u7f6e
-3937721614440072615	\u51c0\u5316/\u804a\u5929/\u79fb\u9664\u8bed\u97f3\u64ad\u653e\u5f39\u7a97
-3937721541425628583	\u51c0\u5316/\u6d4f\u89c8\u5668/\u79fb\u9664\u6d4f\u89c8\u5668\u83dc\u5355\u7684QQ\u6d4f\u89c8\u5668
-3937721528540726695	\u8f85\u52a9\u529f\u80fd/\u8d44\u6599\u5361/\u5c4f\u853dDIY\u540d\u7247
-3937721464116217255	\u8f85\u52a9\u529f\u80fd/\u5b9e\u9a8c\u529f\u80fd/\u79fb\u9664\u6536\u85cf\u9884\u89c8\u9650\u5236
-3937721373921904039	\u51c0\u5316/\u804a\u5929/\u79fb\u9664\u957f\u6309\u83dc\u5355\u56fe\u6807
-3937721300907460007	\u8f85\u52a9\u529f\u80fd/\u5b9e\u9a8c\u529f\u80fd/\u79fb\u9664\u626b\u7801\u767b\u5f55\u68c0\u67e5
-3937721141993670055	\u8f85\u52a9\u529f\u80fd/\u804a\u5929/\u53bb\u9664\u53d1\u9001\u56fe\u7247\u9650\u5236
-3937721077569160615	\u8f85\u52a9\u529f\u80fd/\u7fa4\u804a/\u663e\u793a\u5177\u4f53\u6d88\u606f\u6570\u91cf
-3937721013144651175	\u8f85\u52a9\u529f\u80fd/\u5b9e\u9a8c\u529f\u80fd/\u8df3\u8fc7\u626b\u7801\u767b\u5f55\u65f6\u95f4
-3937720922950337959	\u8f85\u52a9\u529f\u80fd/\u5b9e\u9a8c\u529f\u80fd/\u4f2a\u88c5\u5e94\u7528\u6743\u9650\u5df2\u6301\u6709
-3937720905770468775	\u8f85\u52a9\u529f\u80fd/\u56fe\u7247\u4e0e\u8868\u60c5/\u8868\u60c5\u9762\u677f#2
-3937720845640926631	\u8f85\u52a9\u529f\u80fd/\u804a\u5929/\u5f3a\u5236\u4f7f\u7528\u7cfb\u7edfEmoji
-3937720759741580711	\u8f85\u52a9\u529f\u80fd/\u6d88\u606f\u901a\u77e5/\u5c4f\u853d\u7fa4\u5f85\u529e
-3937720691022103975	\u51c0\u5316/\u7fa4\u804a/\u9690\u85cf\u804a\u5929\u5feb\u6377\u680f
-3937720613712692647	\u51c0\u5316/\u7fa4\u804a/\u9690\u85cf\u7fa4\u804a\u98ce\u9669\u63d0\u9192
-3937720368899556775	top.suzhelan.qstory.entity.proto.QQMessage.MessageBody.C2CRecallOperationInfo.Info
-3937719694589691303	top.suzhelan.qstory.entity.proto.QQMessage.MessageBody.GroupRecallOperationInfo.Info
-3937719372467144103	top.suzhelan.qstory.entity.proto.QQMessage.MessageBody.GroupRecallOperationInfo.Info.MsgInfo
-3937718981625120167	top.suzhelan.qstory.entity.proto.QQMessage.MessageBody.RichMsg
-3937718702452245927	top.suzhelan.qstory.entity.proto.QQMessage.MessageBody.RichMsg.MsgContent
-3937718333085058471	top.suzhelan.qstory.entity.proto.QQMessage.MessageBody.RichMsg.MsgContent.MsgSender
-3937717972307805607	top.suzhelan.qstory.entity.proto.QQMessage.MessageBody.RichMsg.MsgContent.TextMsg
-3937717671660094887	top.suzhelan.qstory.entity.proto.QQMessage.MessageContentInfo
-3937717353832514983	top.suzhelan.qstory.entity.proto.QQMessage.MessageHead
-3937717177738855847	top.suzhelan.qstory.entity.proto.QQMessage.MessageHead.SenderInfo
-3937716911450883495	error: 
-3937716808371668391	moduleApk
-3937716748242126247	applicationContext
-3937716722472322471	loadPackageParam
-3937716658047813031	qstory
-3937716623688074663	getTargetPackageName(...)
-3937716460479317415	startupParam
-3937716426119579047	null cannot be cast to non-null type android.content.ContextWrapper
-3937716413234677159	modulePath
-3937716065342326183	getBaseContext(...)
-3937715979442980263	null cannot be cast to non-null type java.util.ArrayList<kotlin.Any>
-3937715760399648167	\u6253\u5f00QStory
-3937715665910367655	null cannot be cast to non-null type android.view.View
-3937715627255661991	drawable
-3937715352377755047	\u6253\u5f00QStoryJava\u811a\u672c
-3937715313723049383	com.tencent.widget.PopupMenuDialog
-3937715154809259431	createAndAttachItemsView
-3937715124744488359	MsgViewIdAdapter
-3937714995895469479	first(...)
-3937714957240763815	get(...)
-3937714871341417895	handleUIState
-3937714828391744935	com.tencent.mvi.base.mvi.MviUIState
-3937714673772922279	[QStory]\u5df2\u5bf9MsgView\u8fdb\u884c\u9002\u914d,\u5efa\u8bae\u91cd\u542f\u4e00\u6b21QQ
-3937714532039001511	getAllRunningPluginLoader(...)
-3937714390305080743	[QStory] \u5df2\u5207\u6362QQ\u8d26\u53f7 \u8bf7\u91cd\u65b0\u5f00\u542f\u811a\u672c \u9632\u6b62\u811a\u672c\u5f00\u542f\u72b6\u6001\u6df7\u4e71
-3937714304405734823	getDeclaredMethods(...)
-3937714132607042983	com.tencent.qqnt.kernel.nativeinterface.IQQNTWrapperSession$CppProxy
-3937713844844234151	com.tencent.qqnt.kernel.nativeinterface.PushExtraInfo
-3937713698815346087	onMsfPush
-3937713569966327207	null cannot be cast to non-null type kotlin.String
-3937713411052537255	null cannot be cast to non-null type kotlin.ByteArray
-3937713196304172455	trpc.msg.register_proxy.RegisterProxy.InfoSyncPush
-3937712938606134695	onMsgViewUpdateListener
-3937712899951429031	hookItem
-3937712766807442855	<get-key>(...)
-3937712693792998823	<get-value>(...)
-3937712629368489383	onMsgListener
-3937712552059078055	OnMsgItem(hookItem=
-3937712466159732135	, onMsgListener=
-3937712401735222695	newCachedThreadPool(...)
-3937712371670451623	com.tencent.qqnt.msg.MsgService$a
-3937712139742217639	com.tencent.qqnt.msg.MsgService$d
-3937712010893198759	com.tencent.qqnt.kernel.api.impl.MsgService$b
-3937711796144833959	com.tencent.qqnt.kernel.api.impl.MsgService$d
-3937711748900193703	top.artmoe.inao.entries.QQMessage.MessageBody.RichMsg
-3937711478317254055	top.artmoe.inao.entries.QQMessage.MessageBody.RichMsg.MsgContent
-3937711465432352167	msgContent
-3937711207734314407	textMsg
-3937711104655099303	msgSender
-3937711044525557159	top.artmoe.inao.entries.QQMessage.MessageBody.RichMsg.MsgContent.MsgSender
-3937710782532552103	nickName
-3937710683748304295	MsgSender(nickName=
-3937710666568435111	top.artmoe.inao.entries.QQMessage.MessageBody.RichMsg.MsgContent.TextMsg
-3937710292906280359	TextMsg(text=
-3937710215596869031	MsgContent(textMsg=
-3937710129697523111	, msgSender=
-3937710082452882855	RichMsg(msgContent=
-3937709996553536935	null cannot be cast to non-null type top.artmoe.inao.entries.QQMessage.MessageBody
-3937709700200793511	MessageBody(richMsg=
-3937709618596414887	, operationInfo=
-3937709554171905447	top.artmoe.inao.entries.QQMessage.MessageContentInfo
-3937709206279554471	MessageContentInfo(msgType=
-3937708914221778343	top.artmoe.inao.entries.QQMessage.MessageHead
-3937708673703609767	top.artmoe.inao.entries.QQMessage.MessageHead.SenderInfo
-3937708368760931751	SenderInfo(peerId=
-3937708227027010983	MessageHead(senderPeerId=
-3937708063818253735	QQMessage(messageHead=
-3937707887724594599	, messageContentInfo=
-3937707844774921639	, messageBody=
-3937707771760477607	r
-3937707737400739239	/config
-3937707698746033575	newFixedThreadPool(...)
-3937707677271197095	appExecutor-
-3937707526947341735	qqVersion
-3937707466817799591	appVersion
-3937707436753028519	\u8f93\u5165\u5173\u952e\u8bcd\u641c\u7d22...
-3937707380918453671	\u641c\u7d22\u529f\u80fd
-3937707368033551783	\u6e05\u9664
-3937707346558715303	\u641c\u7d22\u7ed3\u679c
-3937707312198976935	\u641c\u7d22\u5386\u53f2
-3937707299314075047	\u8d5e\u52a9\u4f5c\u8005
-3937707286429173159	\u5237\u65b0\u7528\u6237\u4fe1\u606f
-3937707264954336679	\u672a\u627e\u5230\u76f8\u5173\u529f\u80fd
-3937707213414729127	getData(...)
-3937707179054990759	QStory:
-3937707166170088871	getBlacklist
-3937707050205971879	onKickBlacklist
-3937707007256298919	reason
-3937706981486495143	troop
-3937706899882116519	getMemberName(...)
-3937706844047541671	GroupUin
-3937706809687803303	\u672a\u540c\u6b65
-3937706779623032231	user
-3937706766738130343	user_info
-3937706723788457383	HasUpdate(hasUpdate=
-3937706676543817127	, isForceUpdate=
-3937706612119307687	, version=
-3937706534809896359	operator
-3937706470385386919	title
-3937706461795452327	now(...)
-3937706363011204519	Notice(content=
-3937706216982316455	, operator=
-3937706204097414567	updateLog
-3937706075248395687	versionName
-3937706023708788135	UpdateInfo(fileName=
-3937705869089965479	, id=
-3937705826140292519	, updateLog=
-3937705521197614503	top.suzhelan.qstory.entity.proto.InfoSyncPush.SyncContent
-3937705186190165415	top.suzhelan.qstory.entity.proto.InfoSyncPush.SyncContent.GroupSyncContent
-3937704855477683623	top.suzhelan.qstory.entity.proto.InfoSyncPush.SyncRecallOperateInfo
-3937704563419907495	syncInfoBodyList
-3937704498995398055	top.suzhelan.qstory.entity.proto.InfoSyncPush.SyncRecallOperateInfo.SyncInfoBody
-3937704159692981671	top.suzhelan.qstory.entity.proto.InfoSyncPush.SyncRecallOperateInfo.SyncInfoHead
-3937703820390565287	, syncInfoBodyList=
-3937703803210696103	top.suzhelan.qstory.entity.proto.MsgPush
-3937703532627756455	top.suzhelan.qstory.entity.proto.QQMessage
-3937703442433443239	top.suzhelan.qstory.entity.proto.QQMessage.MessageBody
-3937702974282007975	groupUin
-3937702892677629351	GroupChatMessageRecall(groupUin=
-3937702875497760167	operatorUid
-3937702497540638119	syncContent
-3937702433116128679	pushId
-3937702377281553831	syncRecallContent
-3937702149648287143	groupSyncContent
-3937702085223777703	number
-3937701977849595303	@kotlinx.serialization.protobuf.ProtoNumber(number=
-3937701522583061927	groupPeerId
-3937701440978683303	endSeq
-3937701402323977639	startSeq
-3937701376554173863	GroupSyncContent(groupPeerId=
-3937701333604500903	qqMessage
-3937701105971234215	SyncContent(groupSyncContent=
-3937700697949341095	syncInfoHead
-3937700581985224103	syncInfoBody
-3937700534740583847	subHead
-3937700212618036647	eventTime
-3937700191143200167	senderPeerId
-3937700152488494503	msgList
-3937700049409279399	SyncInfoBody(senderPeerId=
-3937699581257844135	syncTime
-3937699482473596327	SyncInfoHead(syncTime=
-3937699443818890663	SyncRecallOperateInfo(syncInfoHead=
-3937699220480591271	, syncInfoBody=
-3937699199005754791	InfoSyncPush(type=
-3937699151761114535	, subHead=
-3937698941307717031	, syncRecallContent=
-3937698894063076775	top.artmoe.inao.entries.MsgPush
-3937698756624123303	MsgPush(qqMessage=
-3937698700789548455	top.artmoe.inao.entries.NewSyncPush
-3937698477451249063	syncPushExtra
-3937698400141837735	top.artmoe.inao.entries.NewSyncPush.SyncRecallOperateInfo
-3937698236933080487	unknownFlag
-3937698116673996199	top.artmoe.inao.entries.NewSyncPush.SyncRecallOperateInfo.SyncInfoHead
-3937697871860860327	, unknownFlag=
-3937697798846416295	NewSyncPush(type=
-3937697738716874151	, syncPushExtra=
-3937697571213149607	ProtoVarInt(value=
-3937697472428901799	buffer
-3937697433774196135	callback
-3937697365054719399	param
-3937697292040275367	Check failed.
-3937697214730864039	top.artmoe.inao.entries.QQMessage
-3937697085881845159	messageHead
-3937697034342237607	messageContentInfo
-3937696944147924391	messageBody
-3937696892608316839	top.artmoe.inao.entries.QQMessage.MessageBody
-3937696712219690407	operationInfo
-3937696677859952039	richMsg
-3937696600550540711	top.artmoe.inao.entries.QQMessage.MessageBody.C2CRecallOperationInfo
-3937696381507208615	info
-3937696265543091623	top.artmoe.inao.entries.QQMessage.MessageBody.C2CRecallOperationInfo.Info
-3937695913355773351	Info(operatorUid=
-3937695745852048807	C2CRecallOperationInfo(info=
-3937695595528193447	top.artmoe.inao.entries.QQMessage.MessageBody.GroupRecallOperationInfo
-3937695277700613543	top.artmoe.inao.entries.QQMessage.MessageBody.GroupRecallOperationInfo.Info
-3937694916923360679	top.artmoe.inao.entries.QQMessage.MessageBody.GroupRecallOperationInfo.Info.MsgInfo
-3937694882563622311	msgInfo
-3937694496016565671	MsgInfo(msgSeq=
-3937694487426631079	senderUid
-3937694255498397095	GroupRecallOperationInfo(peerId=
-3937694169599051175	getMsg(...)
-3937694057929901479	ServiceValidCheck
-3937694049339966887	t
-3937694032160097703	ServiceValid
-3937693916195980711	iterator(...)
-3937693881836242343	enumeration(...)
-3937693873246307751	next(...)
-3937693817411732903	loadClass(...)
-3937693744397288871	classLoader
-3937693692857681319	\u4e0a\u4f20\u5931\u8d25
-3937693679972779431	exceptionHandler
-3937693615548269991	\u4e0a\u4f20\u6210\u529f
-3937693499584152999	call to 'resume' before 'invoke' with coroutine
-3937693293425722791	getModuleCachePath(...)
-3937693259065984423	getCurrentUin(...)
-3937693203231409575	getCurrentAccountNickName(...)
-3937693061497488807	\u4e0a\u4f20\u4e2d-\u8fd0\u884c\u811a\u672c\u4e2d...
-3937693014252848551	\u6267\u884c\u811a\u672c\u65f6\u51fa\u73b0\u5f02\u5e38
-3937692915468600743	\u4e0a\u4f20\u4e2d...
-3937692885403829671	\u538b\u7f29\u4e2d...
-3937692842454156711	UploadPlugin
-3937692808094418343	F621AA19C7A5F139F315853F40A7E24F
-3937692760849778087	build(...)
-3937692640590693799	[QS]\u6a21\u5757\u906d\u5230\u7be1\u6539 \u8bf7\u91cd\u65b0\u4e0b\u8f7d
-3937692576166184359	https://qstory.suzhelan.top/user/info
-3937692378597688743	System.exit returned normally, while it was supposed to halt JVM.
-3937692361417819559	[QS]\u8eab\u4efd\u6821\u9a8c\u4e0d\u901a\u8fc7
-3937692009230501287	getApkSignatureMD5(...)
-3937691974870762919	getDefault(...)
-3937691906151286183	toUpperCase(...)
-3937691841726776743	check
-3937691730057627047	null cannot be cast to non-null type android.view.ViewGroup
-3937691541079066023	findViewById(...)
-3937691480949523879	enterSponsorshipBtn
-3937691326330701223	tvSponsorEndDate
-3937691296265930151	userNameTextView
-3937691261906191783	\u8d5e\u52a9\u5230\u671f\u65f6\u95f4:
-3937691197481682343	userIdentityTextView
-3937691055747761575	userLabelTextView
-3937691047157826983	\u65e0
-3937690961258481063	refreshUserInformation
-3937690922603775399	userAvatar
-3937690883949069735	format(...)
-3937690832409462183	\u672a\u8d5e\u52a9
-3937690815229592999	\u5237\u65b0\u5931\u8d25
-3937690763689985447	\u5df2\u5237\u65b0
-3937690725035279783	<unused var>
-3937690699265476007	parent
-3937690694970508711	holder
-3937690677790639527	getItemName(...)
-3937690579006391719	getParentFragmentManager(...)
-3937690467337242023	binding
-3937690364258026919	view
-3937690351373125031	toString(...)
-3937690274063713703	null cannot be cast to non-null type androidx.recyclerview.widget.RecyclerView.LayoutParams
-3937689878926722471	list
-3937689866041820583	setting_bar_right
-3937689840272016807	<set-?>
-3937689754372670887	centerText
-3937689737192801703	titleLayout
-3937689664178357671	leftIcon
-3937689621228684711	newConfig
-3937689599753848231	text
-3937689586868946343	newBase
-3937689526739404199	SettingFragment
-3937689458019927463	 QStory:2.6.2
-3937689380710516135	getString(...)
-3937689307696072103	getSupportFragmentManager(...)
-3937689200321889703	beginTransaction(...)
-3937689157372216743	setting
-3937689067177903527	getContext(...)
-3937689054293001639	searchIcon
-3937688998458426791	FUNCTION
-3937688942623851943	GROUP
-3937688899674178983	DIRECTORY
-3937688830954702247	displayName
-3937688800889931175	matchType
-3937688779415094695	locationPath
-3937688740760389031	targetObject
-3937688624796272039	SearchResult(displayName=
-3937688599026468263	, description=
-3937688289788822951	, targetObject=
-3937688255429084583	history
-3937688221069346215	keyword
-3937688152349869479	toLowerCase(...)
-3937688122285098407	getGroupName(...)
-3937688062155556263	\u529f\u80fd\u7ec4
-3937688044975687079	\u76ee\u5f55
-3937687967666275751	::
-3937687954781373863	directory:
-3937687855997126055	SearchHistory
-3937687825932354983	<this>
-3937687778687714727	itemView
-3937687714263205287	onItemClick
-3937687679903466919	results
-3937687654133663143	\u67e5\u627e\u5171\u540c\u7fa4
-3937687641248761255	\u5206\u7ec4
-3937687594004120999	\u529f\u80fd
-3937687542464513447	com.tencent.mobileqq.activity.QQBrowserDelegationActivity
-3937687379255756199	fling_action_key
-3937687280471508391	fling_code_key
-3937687241816802727	useDefBackText
-3937687168802358695	param_force_internal_browser
-3937686984118764967	https://ti.qq.com/friends/recall?uin=
-3937686872449615271	\u6253\u5f00\u5931\u8d25: 
-3937686829499942311	\u8bf7\u8f93\u5165\u6709\u6548\u7684QQ\u53f7
-3937686765075432871	\u8bf7\u8f93\u5165QQ\u53f7
-3937686739305629095	\u67e5\u627e
-3937686700650923431	\u8bf7\u8f93\u5165\u5bf9\u65b9QQ\u53f7
-3937686679176086951	\u6b63\u5728\u5237\u65b0.... \u53ef\u80fd\u4f1a\u81ea\u52a8\u91cd\u542fQQ
-3937686649111315879	\u5237\u65b0\u767b\u5f55\u4fe1\u606f
-3937686623341512103	\u8df3\u8f6c\u8d44\u6599\u5361
-3937686546032100775	\u4e2a\u4eba\u8d44\u6599\u5361
-3937686537442166183	\u7fa4\u804a\u8d44\u6599\u5361
-3937686511672362407	\u9009\u62e9\u8d44\u6599\u5361\u7c7b\u578b
-3937686425773016487	mqqapi://card/show_pslcard?uin=
-3937686288334063015	&card_type=profile&version=1
-3937686202434717095	\u8bf7\u8f93\u5165QQ\u53f7\u6216\u7fa4\u53f7
-3937686172369946023	\u8f93\u5165\u4e0d\u80fd\u4e3a\u7a7a
-3937686138010207655	\u6279\u91cf\u7ba1\u7406\u7fa4
-3937686107945436583	\u6279\u91cf\u7ba1\u7406\u597d\u53cb
-3937686069290730919	encoder
-3937686026341057959	\u5386\u53f2\u516c\u544a
-3937686013456156071	\u66f4\u65b0\u65e5\u5fd7
-3937685991981319591	decoder
-3937685966211515815	value
-3937685888902104487	top.artmoe.inao.entries.FriendChatMessageRecall
-3937685682743674279	FriendChatMessageRecall(peerUid=
-3937685592549361063	top.artmoe.inao.entries.GroupChatMessageRecall
-3937685549599688103	, msgSeq=
-3937684986958972327	\u67af\u6811\u7ec8\u6709\u56de\u6625\u65e5 \u6545\u4eba\u96be\u56de\u90a3\u5e74\u79cb
-3937684918239495591	onWindowFocusChanged
-3937684905354593703	onPause
-3937684802275378599	\u60f3\u8981\u7559\u4f4f\u96ea\u82b1 \u53ef\u5728\u638c\u5fc3\u91cc \u53ea\u4f1a\u5316\u7684\u66f4\u5feb
-3937684716376032679	2024\u65b0\u5e74\u7eaa\u5ff5 (\u770b\u8d77\u6765\u6ca1\u4ec0\u4e48\u7528
-3937684690606228903	\u5149\u7167\u4eae\u4e86\u4e16\u754c \u800c\u4f60\u7167\u4eae\u4e86\u6211 \u6674\u6717\u7684\u4f60\u63a8\u8fdc\u4e86\u6240\u6709\u4e4c\u4e91
-3937684553167275431	\u6bcf\u5929\u81ea\u52a8\u70b9\u8d5e\u7a7a\u95f4,+0.5\u5929\u6210\u957f\u503c
-3937684527397471655	QZone
-3937684493037733287	https://h5.qzone.qq.com/proxy/domain/w.qzone.qq.com/cgi-bin/likes/internal_dolike_app?g_tk=
-3937684054951069095	unikey
-3937684029181265319	opuin
-3937684012001396135	appid
-3937683947576886695	curkey
-3937683921807082919	format
-3937683900332246439	311
-3937683883152377255	opr_type
-3937683853087606183	https://h5.qzone.qq.com/webapp/json/mqzone_feeds/getActiveFeeds?g_tk=
-3937683814432900519	purejson
-3937683505195255207	refresh_type
-3937683466540549543	res_type
-3937683457950614951	json
-3937683445065713063	vFeeds
-3937683367756301735	comm
-3937683337691530663	\u7a7a\u95f4\u5217\u8868\u4e3a0
-3937683299036824999	curlikekey
-3937683286151923111	orglikekey
-3937683243202250151	\u83b7\u53d6QQ\u7a7a\u95f4\u5217\u8868\u5931\u8d25:
-3937683122943165863	yyyy-MM-dd
-3937683097173362087	AutoSendQZOne
-3937683019863950759	\u5b9a\u65f6\u4efb\u52a1\u5f02\u5e38
-3937682946849506727	\u6bcf\u5929\u81ea\u52a8\u53d1QQ\u7a7a\u95f4,+0.5\u5929\u6210\u957f\u503c,\u70b9\u51fb\u53ef\u8fdb\u884c\u624b\u52a8\u53d1\u9001\u6d4b\u8bd5
-3937682843770291623	64
-3937682822295455143	https://user.qzone.qq.com/proxy/domain/taotao.qzone.qq.com/cgi-bin/emotion_cgi_publish_v6?g_tk=
-3937682805115585959	\u6b63\u5728\u53d1\u9001QQ\u7a7a\u95f4
-3937682409978594727	syn_tweet_verson
-3937682345554085287	paramstr
-3937682281129575847	pic_template
-3937682203820164519	richval
-3937682165165458855	richtype
-3937682100740949415	special_url
-3937682066381211047	con
-3937682049201341863	subrichtype
-3937681997661734311	ugc_right
-3937681980481865127	feedversion
-3937681937532192167	to_sign
-3937681868812715431	code_version
-3937681834452977063	hostuin
-3937681800093238695	qzreferrer
-3937681752848598439	fs
-3937681709898925479	https://user.qzone.qq.com/
-3937681654064350631	/main
-3937681520920364455	\u53d1\u9001\u6210\u529f
-3937681503740495271	QStory\u6bcf\u65e5\u6253\u5361:
-3937681443610953127	\u53d1\u9001QQ\u7a7a\u95f4\u5f02\u5e38:
-3937681404956247463	\u53d1\u9001QQ\u7a7a\u95f4\u5f02\u5e38
-3937681349121672615	\u624b\u52a8\u53d1\u9001\u8fdb\u884c\u6d4b\u8bd5
-3937681284697163175	\u70b9\u51fb\u53d1\u9001\u540e\u4f1a\u7acb\u523b\u53d1\u9001\u4e00\u6761QQ\u7a7a\u95f4\u8fdb\u884c\u6d4b\u8bd5,\u4e0e\u5176\u4ed6\u7a7a\u95f4\u529f\u80fd\u6709\u8054\u52a8\u8c03\u8bd5\u914d\u5408\u6027
-3937681194502849959	\u516c\u5f00
-3937681173028013479	frameElement.callback(
-3937681134373307815	\u4ec5\u81ea\u5df1\u53ef\u89c1
-3937680996934354343	\u672a\u627e\u5230 callback \u51fd\u6570
-3937680958279648679	https://user.qzone.qq.com/proxy/domain/taotao.qzone.qq.com/cgi-bin/emotion_cgi_delete_v6?g_tk=
-3937680928214877607	t1_tid
-3937680576027559335	tid
-3937680558847690151	t1_source
-3937680498718148007	\u914d\u5408\u81ea\u52a8\u53d1\u9001QQ\u7a7a\u95f4\u4f7f\u7528,\u53d1\u8868\u7a7a\u95f4\u540e\u81ea\u52a8\u5220\u9664\u81ea\u5df1\u53d1\u5e03\u7684\u7a7a\u95f4
-3937680318329521575	/QQ\u7a7a\u95f4\u6587\u6848.txt
-3937680266789914023	/QQ\u7a7a\u95f4\u6587\u6848V2.txt
-3937680215250306471	\u7a7a\u95f4\u6253\u5361
-3937680189480502695	/QQ\u7a7a\u95f4\u6587\u6848V3.txt
-3937680099286189479	QStory\u53d1\u9001\u7a7a\u95f4\u4f7f\u7528\u81ea\u5b9a\u4e49\u7684\u6587\u6848\u5185\u5bb9,\u6587\u6848\u6587\u4ef6\u5b58\u653e\u5728:
-3937679987617039783	\u5f00\u542f\u540eQStory\u5b9a\u65f6\u53d1\u9001\u7684\u7a7a\u95f4\u5c06\u516c\u5f00\u53ef\u89c1,\u914c\u60c5\u5f00\u542f
-3937679931782464935	AutoGroupCheckIn
-3937679867357955495	\u70b9\u51fb\u53ef\u4ee5\u914d\u7f6e\u5f00\u542f\u7684\u7fa4\u804a,\u5b9a\u65f6\u5e7f\u64ad\u5b9e\u73b0,\u4e0e\u53e6\u4e00\u4e2a\u6253\u5361\u4e0d\u51b2\u7a81
-3937679751393838503	TroopUinList
-3937679669789459879	\u5df2\u4fdd\u5b58 
-3937679656904557991	 \u4e2a\u7fa4\u804a
-3937679609659917735	alarm
-3937679497990768039	DAILY_CHECK_ACTION
-3937679442156193191	CheckedTroopsToday
-3937679351961879975	\u4eca\u65e5\u672a\u6253\u5361\u7684\u7fa4\u804a\u4f1a\u7acb\u523b\u6253\u5361
-3937679274652468647	AutoGroupCheckInCommon
-3937679270357501351	\u70b9\u51fb\u53ef\u4ee5\u914d\u7f6e\u5f00\u542f\u7684\u7fa4\u804a,\u5982\u679c\u57289.1.35\u9644\u8fd1\u7684\u7248\u672c,\u53ef\u4ee5\u4f7f\u7528\u6b64\u6253\u5361
-3937679111443711399	AutoGroupCheckInPro
-3937678956824888743	\u70b9\u51fb\u53ef\u4ee5\u914d\u7f6e\u5f00\u542f\u7684\u7fa4\u804a,\u65f6\u95f4\u8f6e\u8be2\u5b9e\u73b0,\u4f1a\u5927\u5e45\u589e\u52a0\u6253\u5361\u7cbe\u5ea6\u548c\u901f\u5ea6
-3937678858040640935	LastCheckDate
-3937678819385935271	yyyyMMdd
-3937678780731229607	\u6bcf\u65e5\u7fa4\u6253\u5361
-3937678772141295015	AdminCache_
-3937678720601687463	_time
-3937678608932537767	TroopAdminUtils
-3937678578867766695	isOwnerOrAdmin
-3937678540213061031	troopuin
-3937678072061625767	troopOwnerUid
-3937678063471691175	troopname
-3937678029111952807	Administrator
-3937677951802541479	troopowneruin
-3937677840133391783	getTroopInfoFromCache
-3937677797183718823	application/json; charset=UTF-8
-3937677457881302439	ip
-3937677419226596775	location
-3937677367686989223	https://myip.ipip.net/json
-3937677346212152743	CHECK_
-3937677238837970343	\u89e3\u5bc6\u5931\u8d25\uff1a\u6570\u636e\u6821\u9a8c\u672a\u901a\u8fc7:
-3937677187298362791	p0
-3937677161528559015	call
-3937677148643657127	response
-3937677140053722535	\u52a0\u8f7d\u4e2d
-3937677122873853351	\u786e\u8ba4
-3937677097104049575	p1
-3937677075629213095	\u5386\u53f2\u66f4\u65b0\u65e5\u5fd7
-3937677062744311207	updateInfoList
-3937677032679540135	dialog
-3937676989729867175	yyyy\u5e74MM\u6708dd\u65e5 HH:mm
-3937676929600325031	 - 
-3937676912420455847	\n---------------\n
-3937676766391567783	Notice
-3937676749211698599	CheckNotice
-3937676706262025639	 by 
-3937676693377123751	lastNotice
-3937676646132483495	\u67e5\u770b\u5386\u53f2\u516c\u544a
-3937676641837516199	disabled
-3937676624657647015	\u6709\u65b0\u516c\u544a
-3937676560233137575	sendRequest
-3937676302535099815	https://mqq.tenpay.com/cgi-bin/hongbao/qpay_hb_na_detail.cgi?
-3937675984707519911	qpay_hb_na_detail
-3937675864448435623	com.tenpay.sdk.basebl.DecytBean
-3937675297512752551	com.tenpay.sdk.basebl.EncryptRequest$Encrypt
-3937675112829158823	com.tencent.mobileqq.qwallet.e.p
-3937674945325434279	[QStory]\u672a\u9002\u914d\u6b64QQ\u7248\u672c\u62a2\u7ea2\u5305
-3937674795001578919	\u4f60\u7684\u8eab\u4efd\u6743\u9650\u65e0\u6cd5\u4f7f\u7528\u6b64\u529f\u80fd
-3937674683332429223	\u6b64\u529f\u80fd\u5728\u65b0\u7684QQ\u7248\u672c\u4e2d\u5df2\u88ab\u5f03\u7528\uff0c\u8bf7\u4f7f\u7528QQ\u81ea\u5e26\u7684\u534a\u5c4f/\u5168\u5c4f\u5f00\u5173
-3937674545893475751	com.tencent.mobileqq.aio.shortcurtbar.AIOShortcutBarVM$c
-3937674275310536103	com.tencent.input.base.panelcontainer.h$l
-3937674180821255591	experimentGroupId
-3937674086331975079	com.tencent.mobileqq.aio.api.impl.QQTabApiNtImpl
-3937673884468512167	QQNT_TABAPI
-3937673832928904615	com.tencent.mobileqq.aio.api.impl.QQTabApiImpl
-3937673622475507111	QQ_TABAPI
-3937673527986226599	exp_QQ_aio_photo_choose_B
-3937673467856684455	AIOShortcutBarVM
-3937673403432175015	sendMsgBtn
-3937673347597600167	\u0336\u0336\u0336\u0336\u0336\u0336\u0336\u0336\u0336\u0336\u0336\u0336\u0336\u0336\u0336\u0336\u0336\u0336\u0336\u0336\u0336\u0336\u0336\u0336\u0336\u0336\u0336\u0336\u0336\u0336\u0336\u0336\u0336\u0336\u0336\u0336\u0336\u0336\u0336\u0336\u0336\u0336\u0336\u0336\u0336\u0336\u0336\u0336\u0336\u0336\u0336\u0336\u0336\u0336\u0336\u0336\u0336\u0336\u0336\u0336\u0336\u0336\u0336\u0336\u0336\u0336\u0336\u0336\u0336\u0336\u0336\u0336\u0336\u0336\u0336\u0336\u0336\u0336\u0336\u0336\u0336\u0336\u0336\u0336\u0336\u0336\u0336\u0336\u0336\u0336\u0336\u0336\u0336\u0336\u0336\u0336\u0336\u0336\u0336\u0336\u0336\u0336\u0336\u0336\u0336\u0336\u0336\u0336\u0336\u0336\u0336\u0336\u0336\u0336\u0336\u0336\u0336\u0336\u0336\u0336\u0336\u0336\u0336\u0336\u0336\u0336\u0336\u0336\u0336\u0336\u0336\u0336\u0336\u0336\u0336\u0336\u0336\u0336\u0336\u0336\u0336\u0336\u0336\u0336\u0336\u0336\u0336\u0336\u0336\u0336\u0336\u0336\u0336\u0336\u0336\u0336\u0336\u0336\u0336\u0336\u0336\u0336\u0336\u0336\u0336\u0336\u0336\u0336\u0336\u0336\u0336\u0336\u0336\u0336\u0336\u0336\u0336\u0336\u0336\u0336\u0336\u0336\u0336\u0336\u0336\u0336\u0336\u0336\u0336\u0336\u0336\u0336\u0336\u0336\u0336\u0336\u0336\u0336\u0336\u0336\u0336\u0336\u0336\u0336\u0336\u0336\u0336\u0336\u0336\u0336\u0336\u0336\u0336\u0336\u0336\u0336\u0336\u0336\u0336\u0336\u0336\u0336\u0336\u0336\u0336\u0336\u0336\u0336\u0336\u0336\u0336\u0336\u0336\u0336\u0336\u0336\u0336\u0336\u0336\u0336\u0336\u0336\u0336\u0336\u0336\u0336\u0336\u0336\u0336\u0336\u0336\u0336\u0336\u0336\u0336\u0336\u0336\u0336\u0336\u0336\u0336\u0336\u0336\u0336\u0336\u0336\u0336\u0336\u0336\u0336\u0336\u0336\u0336\u0336\u0336\u0336\u0336\u0336\u0336\u0336\u0336\u0336\u0336\u0336\u0336\u0336\u0336\u0336\u0336\u0336\u0336\u0336\u0336\u0336\u0336\u0336\u0336\u0336\u0336\u0336\u0336\u0336\u0336\u0336\u0336\u0336\u0336\u0336\u0336\u0336\u0336\u0336\u0336\u0336\u0336\u0336\u0336\u0336\u0336\u0336\u0336\u0336\u0336\u0336\u0336\u0336\u0336\u0336\u0336\u0336\u0336\u0336\u0336\u0336\u0336\u0336\u0336\u0336\u0336\u0336\u0336\u0336\u0336\u0336\u0336\u0336\u0336\u0336\u0336\u0336\u0336\u0336\u0336\u0336\u0336\u0336\u0336\u0336\u0336\u0336\u0336\u0336\u0336\u0336\u0336\u0336\u0336\u0336\u0336\u0336\u0336\u0336\u0336\u0336\u0336\u0336\u0336\u0336\u0336\u0336\u0336\u0336\u0336\u0336\u0336\u0336\u0336\u0336\u0336\u0336\u0336\u0336\u0336\u0336\u0336\u0336\u0336\u0336\u0336\u0336\u0336\u0336\u0336\u0336\u0336\u0336\u0336\u0336\u0336\u0336\u0336\u0336\u0336\u0336\u0336\u0336\u0336\u0336\u0336\u0336\u0336\u0336\u0336\u0336\u0336\u0336\u0336\u0336\u0336\u0336\u0336\u0336\u0336\u0336\u0336\u0336\u0336\u0336\u0336\u0336\u0336\u0336\u0336\u0336\u0336\u0336\u0336\u0336\u0336\u0336\u0336\u0336\u0336\u0336\u0336\u0336\u0336\u0336\u0336\u0336\u0336\u0336\u0336\u0336\u0336\u0336\u0336\u0336\u0336\u0336\u0336\u0336\u0336\u0336\u0336\u0336\u0336\u0336\u0336\u0336\u0336\u0336\u0336\u0336\u0336\u0336\u0336\u0336\u0336\u0336\u0336\u0336\u0336\u0336\u0336\u0336\u0336\u0336\u0336\u0336\u0336\u0336\u0336\u0336\u0336\u0336\u0336\u0336\u0336\u0336\u0336\u0336\u0336\u0336\u0336\u0336\u0336\u0336\u0336\u0336\u0336\u0336\u0336\u0336\u0336\u0336\u0336\u0336\u0336\u0336\u0336\u0336\u0336\u0336\u0336\u0336\u0336\u0336\u0336\u0336\u0336\u0336\u0336\u0336\u0336\u0336\u0336\u0336\u0336\u0336\u0336\u0336\u0336\u0336\u0336\u0336\u0336\u0336\u0336\u0336\u0336\u0336\u0336\u0336\u0336\u0336\u0336\u0336\u0336\u0336\u0336\u0336\u0336\u0336\u0336\u0336\u0336\u0336\u0336\u0336\u0336\u0336\u0336\u0336\u0336\u0336\u0336\u0336\u0336\u0336\u0336\u0336\u0336\u0336\u0336\u0336\u0336\u0336\u0336\u0336\u0336\u0336\u0336\u0336\u0336\u0336\u0336\u0336\u0336\u0336\u0336\u0336\u0336\u0336\u0336\u0336\u0336\u0336\u0336\u0336\u0336\u0336\u0336\u0336\u0336\u0336\u0336\u0336\u0336\u0336\u0336\u0336\u0336\u0336\u0336\u0336\u0336\u0336\u0336\u0336\u0336\u0336\u0336\u0336\u0336\u0336\u0336\u0336\u0336\u0336\u0336\u0336\u0336\u0336\u0336\u0336\u0336\u0336\u0336\u0336\u0336\u0336\u0336\u0336\u0336\u0336\u0336\u0336\u0336\u0336\u0336\u0336\u0336\u0336\u0336\u0336\u0336\u0336\u0336\u0336\u0336\u0336\u0336\u0336\u0336\u0336\u0336\u0336\u0336\u0336\u0336\u0336\u0336\u0336\u0336\u0336\u0336\u0336\u0336\u0336\u0336\u0336\u0336\u0336\u0336\u0336\u0336\u0336\u0336\u0336\u0336\u0336\u0336\u0336\u0336\u0336\u0336\u0336\u0336\u0336\u0336\u0336\u0336\u0336\u0336\u0336\u0336\u0336\u0336\u0336\u0336\u0336\u0336\u0336\u0336\u0336\u0336\u0336\u0336\u0336\u0336\u0336\u0336\u0336\u0336\u0336\u0336\u0336\u0336\u0336\u0336\u0336\u0336\u0336\u0336\u0336\u0336\u0336\u0336\u0336\u0336\u0336\u0336\u0336\u0336\u0336\u0336\u0336\u0336\u0336\u0336\u0336\u0336\u0336\u0336\u0336\u0336\u0336\u0336\u0336\u0336\u0336\u0336\u0336\u0336\u0336\u0336\u0336\u0336\u0336\u0336\u0336\u0336\u0336\u0336\u0336\u0336\u0336\u0336\u0336\u0336\u0336\u0336\u0336\u0336\u0336\u0336\u0336\u0336\u0336\u0336\u0336\u0336\u0336\u0336
-3937669623860954535	\u963b\u6b62\u5f02\u5e38\u7684\u9ad8\u5206\u8fa8\u7387GIF\u52a0\u8f7d\u5bfc\u81f4\u7684\u5361\u5c4f
-3937669469242131879	http://q.qlogo.cn/headimg_dl?dst_uin=
-3937669323213243815	&spec=640&img_type=jpg
-3937669215839061415	picHeight
-3937669155709519271	picWidth
-3937669056925271463	com.tencent.mobileqq.activity.qqsettingme.utils.a
-3937668859356775847	onSensorChanged
-3937668799227233703	\u70b9\u51fb\u53ef\u4ee5\u8bbe\u7f6e\u4e00\u4e9b\u53c2\u6570 \u9002\u914d9.0.8\u53ca\u4ee5\u4e0b\u7684QQNT\u7248\u672c
-3937668790637299111	loadClass
-3937668683263116711	grabRedEnvelope
-3937668614543639975	passwordRedEnvelope
-3937668429860046247	\u8bf7\u4f7f\u7528\u65b0\u7684\u7ea2\u5305\u529f\u80fd \u6b64\u529f\u80fd\u5df2\u88ab\u5f03\u7528
-3937668416975144359	)\n
-3937668404090242471	(Banner)\u4f8b\u5982\uff1a2024/2/5\u53f7\u5de6\u53f3\uff0cQQ\u7684\u7b0b\u8a00\u7b0b\u8bed , \u9f99\u5e74\u5766\u767d\u8bf4
-3937668172162008487	com.tencent.mobileqq.aio.widget.AvatarContainer
-3937667966003578279	com.tencent.mobileqq.aio.msglist.holder.component.avatar.AIOAvatarContentComponent
-3937667643881031079	com.tencent.common.app.AppInterface
-3937667489262208423	com.tencent.mobileqq.troop.clockin.handler.TroopClockInHandler
-3937667244449072551	fetchTroopMemberInfo
-3937667059765478823	androidx.lifecycle.LifecycleOwner
-3937666930916459943	TroopMemberListActivity
-3937666896556721575	getShowName
-3937666776297637287	com.tencent.mobileqq.troop.api.ITroopMemberNameService
-3937666600203978151	getTroopMemberName
-3937666441290188199	com.tencent.biz.troop.EditUniqueTitleActivity
-3937666329621038503	com.tencent.mobileqq.search.api.ISearchPieceFetcher
-3937666059038098855	com.tencent.qqnt.kernel.api.IKernelService
-3937666037563262375	getTroopName
-3937665865764570535	getMsgService
-3937665788455159207	com.tencent.qqnt.kernel.nativeinterface.TempChatPrepareInfo
-3937665462037644711	com.tencent.qqnt.kernel.nativeinterface.TempChatGameSession
-3937665204339606951	prepareTempChat
-3937665135620130215	com.qwallet.temp.IContactUtils
-3937665096965424551	prepareTroopMemberStrangerTempChat
-3937664869332157863	h
-3937664852152288679	QQ:
-3937664843562354087	g
-3937664839267386791	\u52a0\u5165QQ\u7fa4
-3937664804907648423	\u83b7\u53d6\u7fa4\u5217\u8868\u5931\u8d25
-3937664766252942759	\u6b63\u5728\u83b7\u53d6\u7fa4\u5217\u8868...
-3937664727598237095	\u9009\u62e9\u52a0\u5165\u7684QQ\u7fa4
-3937664641698891175	https://t.me/WhenFlowersAreInBloom
-3937664551504577959	TG\u9891\u9053
-3937664538619676071	https://t.me/AnQChat
-3937664405475689895	\u6e05\u9664\u65b9\u6cd5\u4fe1\u606f\u5e76\u91cd\u542fQQ\u5f00\u59cb\u67e5\u627e\u65b9\u6cd5
-3937664388295820711	TG\u7fa4\u7ec4
-3937664375410918823	\u6e05\u9664\u65b9\u6cd5\u4fe1\u606f
-3937664242266932647	\u91cd\u542fQQ
-3937664229382030759	https://github.com/Suzhelan/NewQStory
-3937664152072619431	Github\u5f00\u6e90\u5730\u5740
-3937664027518567847	\u83b7\u53d6\u66f4\u65b0\u65e5\u5fd7\u5931\u8d25:
-3937663967389025703	update
-3937663963094058407	\u65e0\u66f4\u65b0 \u5f53\u524d\u662f\u6700\u65b0\u7248\u672c .. 
-3937663928734320039	https://qstory.suzhelan.top/update/download?version=
-3937663894374581671	\u68c0\u67e5\u66f4\u65b0\u5931\u8d25:
-3937663615201707431	\u8bf7\u524d\u5f80TG\u9891\u9053\u67e5\u770b\u66f4\u65b0\u65e5\u5fd7
-3937663606611772839	?
-3937663602316805543	\u68c0\u6d4b\u66f4\u65b0
-3937663537892296103	\u6709\u65b0\u66f4\u65b0 v
-3937663529302361511	t-update
-3937663486352688551	\u6b63\u5728\u68c0\u67e5\u66f4\u65b0...
-3937663430518113703	DirectoryUiInfo{rightText=
-3937663374683538855	, uiInfoList=
-3937663297374127527	, groupWrapperList=
-3937663142755304871	ItemUiInfo{item=
-3937663116985501095	ItemUiInfoGroupWrapper{groupName='
-3937663078330795431	, tips='
-3937662958071711143	, directoryUIInfoList=
-3937662816337790375	nickname
-3937662781978052007	NO_PATH
-3937662756208248231	label
-3937662717553542567	identity
-3937662644539098535	sponsorEndDate
-3937662610179360167	delay
-3937662605884392871	\u62a2\u7ea2\u5305\u53c2\u6570(\u65b0)
-3937662532869948839	blacklistTroop
-3937662485625308583	replyText
-3937662459855504807	blacklistText
-3937662425495766439	replyDelay
-3937662300941714855	expectAmount
-3937662296646747559	ordinary
-3937662253697074599	grabToast
-3937662163502761383	exclusiveRedEnvelopes
-3937662154912826791	\u57289.1.35\u901a\u8fc7\u6d4b\u8bd5 \u7248\u672c\u592a\u9ad8\u7528\u4e0d\u4e86 \u70b9\u51fb\u53ef\u4ee5\u8bbe\u7f6e\u4e00\u4e9b\u53c2\u6570
-3937662013178906023	\u8bf7\u4f7f\u7528\u65b0\u7248\u62a2\u7ea2\u5305
-3937661940164461991	GrabHb
-3937661935869494695	LIN_XPOSED_QQ
-3937661914394658215	\u7248\u672c\u5df2\u8fc7\u671f
-3937661858560083367	com.tencent.mobileqq.aio.qwallet.AIOQWalletComponent
-3937661600862045607	redChannel
-3937661570797274535	billNo
-3937661514962699687	notice
-3937661476307994023	receiver
-3937661463423092135	send_name
-3937661416178451879	\\|
-3937661407588517287	|
-3937661386113680807	amount
-3937661368933811623	recv_object
-3937661184250217895	grabHbLog
-3937661098350871975	total_amount
-3937661089760937383	total_num
-3937661051106231719	\u6253\u5f00\u7ea2\u5305
-3937661038221329831	getWalletElement
-3937660973796820391	/Download/QQ
-3937660892192441767	/Tencent/QQfile_recv/
-3937660754753488295	com.tencent.mobileqq.vfs.VFSAssistantUtils
-3937660746163553703	\u76ee\u524d\u53ea\u652f\u6301\u91cd\u5b9a\u5411\u5230
-3937660527120221607	getSDKPrivatePath
-3937660501350417831	/\u672a\u8bbe\u7f6e.txt
-3937660419746039207	/\u8868\u60c5\u5916\u663e\u6587\u6848V2.txt
-3937660402566170023	/\u8868\u60c5\u5916\u663e\u6587\u6848.txt
-3937660342436627879	qwq
-3937660269422183847	\u4f7f\u7528\u81ea\u5b9a\u4e49\u7684\u968f\u673a\u6587\u6848,\u6587\u6848\u6587\u4ef6\u5b58\u653e\u5728:
-3937660256537281959	//
-3937660183522837927	 \n\\\\\u5f00\u5934\u7684\u6587\u672c\u4e0d\u4f1a\u4f7f\u7528,\u5982\u679c\u4e0d\u4f7f\u7528\u9ed8\u8ba4\u6587\u6848\u8bf7\u81ea\u884c\u5907\u4efd,QS\u66f4\u65b0\u65f6\u53ef\u80fd\u4f1a\u8986\u76d6\u6389\u4f60\u81ea\u5b9a\u4e49\u6587\u6848
-3937659973069440423	https://suzhelan.top/api/pan/direct/private/\u5982\u679c\u6709\u4eba\u80fd\u61c2\u6211\u7684\u5fe7\u90c1.txt
-3937659711076435367	\u9886\u53d6\u6210\u529f
-3937659204270294439	com.tenpay.sdk.net.gateway.QWalletGatewayServlet
-3937658929392387495	com.tencent.mobileqq/Tencent/MobileQQ/
-3937658684579251623	QQSendUtils
-3937658435471148455	convertEmoServerIdToEmoCode
-3937658246492587431	Code is NULL!
-3937658203542914471	convertEmoServerIdToEmo
-3937658169183176103	com.tencent.mobileqq.emoticon.QQSysFaceUtil
-3937657911485138343	convertToLocal
-3937657881420367271	imageType
-3937657838470694311	faceIndex
-3937657821290825127	parseSmallEmo
-3937657709621675431	parseMarketSmallFaceElement
-3937657606542460327	emotion
-3937657589362591143	getFaceType
-3937657503463245223	getRuntimeService
-3937657477693441447	getUidFromUin
-3937657366024291751	com.tencent.mobileqq.qroute.QRoute
-3937657275829978535	api
-3937657258650109351	getLongAccountUin
-3937657095441352103	mqq.manager.Manager
-3937657009542006183	getCurrentNickname
-3937656953707431335	peekAppRuntime
-3937656910757758375	CARD_HANLDER
-3937656880692987303	getApp
-3937656863513118119	com.tencent.mobileqq.app.CardHandler
-3937656713189262759	like
-3937656597225145767	com.tencent.qqnt.ntrelation.friendsinfo.api.IFriendsInfoService
-3937656322347238823	qzone.qq.com
-3937656275102598567	uin=o
-3937656266512663975	; p_uin=o=
-3937656245037827495	; p_skey=
-3937656210678089127	; skey=
-3937656116188808615	https://h5.qzone.qq.com/proxy/domain/mobile.qzone.qq.com/friend/mfriend_list?g_tk=
-3937655785476326823	&res_uin=
-3937655725346784679	&res_type=normal&format=json&uin=
-3937655596497765799	FRIENDLIST_HANDLER
-3937655506303452583	delFriend
-3937655446173910439	ProfileCardMoreActivity
-3937655411814172071	deleteFriend
-3937655295850055079	getAllFriendWithCategories
-3937655201360774567	https://gchat.qpic.cn
-3937655171296003495	originImageUrl
-3937655063921821095	appid=1406
-3937655020972148135	/download
-3937655008087246247	1406
-3937654995202344359	1407
-3937654737504306599	/0?term=2&is_origin=1
-3937654557115680167	QQMessageUtils
-3937654333777380775	getMultiMsg
-3937654282237773223	com.tencent.qqnt.kernel.nativeinterface.IGetMultiMsgCallback
-3937654097554179495	getMsgsByMsgId
-3937654024539735463	com.tencent.qqnt.kernel.nativeinterface.IMsgOperateCallback
-3937653766841697703	recallMsg
-3937653672352417191	com.tencent.qqnt.kernel.nativeinterface.IForwardOperateCallback
-3937653397474510247	contact==null
-3937653320165098919	elementList==null
-3937653260035556775	application/json
-3937653161251308967	com.tencent.qqnt.troop.ITroopOperationRepoApi
-3937652989452617127	TroopSettingViewModel
-3937652980862682535	quitGroup
-3937652882078434727	com.tencent.mobileqq.app.QQManagerFactory
-3937652843423729063	onResult
-3937652615790462375	TROOP_MANAGER
-3937652572840789415	com.tencent.mobileqq.troop.api.ITroopInfoService
-3937652336617588135	getTroopInfo
-3937652289372947879	getTroopMember
-3937652117574256039	getJoinedTroopInfoFromCache
-3937651928595695015	getUiTroopListWithoutBlockedTroop
-3937651799746676135	com.tencent.mobileqq.troop.filemanager.data.TroopMemberListRefresher
-3937651546343605671	com.tencent.qqnt.troopmemberlist.ITroopMemberListRepoApi
-3937651241400927655	fetchGagTroopMemberInfo
-3937651207041189287	TROOP_GAG_MANAGER
-3937651146911647143	nickInfo
-3937651082487137703	friendNick
-3937650992292824487	gagTimeStamp
-3937650910688445863	com.tencent.qqnt.troop.ITroopMemberOperationRepoApi
-3937650687350146471	setMemberShutUp
-3937650618630669735	dwGagTimeStamp
-3937650579975964071	dwGagTimeStamp_me
-3937650485486683559	modifyTroopShutUpTime
-3937650476896748967	TROOP_GAG_HANDLER
-3937650382407468455	deleteTroopMember
-3937650322277926311	com.tencent.mobileqq.troop.handler.TroopMemberMngHandler
-3937650116119496103	static
-3937650008745313703	String|CharSequence
-3937649991565444519	length:
-3937649905666098599	\n-------------------------------------------------------------------\n\n
-3937649888486229415	\u52a8\u6001\u53cd\u5c04\u5c5e\u6027\u5f02\u5e38 : 
-3937649557773747623	.java
-3937649523414009255	\u5bf9\u8c61\u53cd\u5c04\u8bb0\u5f55/
-3937649480464336295	{\u9759\u6001\u65b9\u6cd5\u65e0\u8fd0\u884c\u65f6\u5bf9\u8c61}
-3937649446104597927	\u52a8\u6001\u53cd\u5c04\u5b57\u6bb5\u5f02\u5e38 
-3937649398859957671	\u9759\u6001\u65b9\u6cd5\u65e0\u8fd0\u884c\u65f6\u5bf9\u8c61
-3937649317255579047	\u8c03\u7528\u6808(\u4ece\u4e0a\u5f80\u4e0b\u8c03\u7528) : \n
-3937649248536102311	StackTraceElement[]\u4e3a\u7a7a
-3937649239946167719	\n\n-------------------------------------------------------------------
-3937648870578980263	   
-3937648853399111079	\n\n\n
-3937648836219241895	\u52a8\u6001\u53cd\u5c04\u8bb0\u5f55/
-3937648806154470823	 = 
-3937648793269568935	java.lang.
-3937648784679634343	 
-3937648754614863271	\n\u65b9\u6cd5\u8fd4\u56de:
-3937648720255124903	\u8c03\u7528\u6808 : \n
-3937648647240680871	\u65b9\u6cd5\u8fd0\u884c\u65f6\u53c2\u6570 : \n
-3937648569931269543	 <---\u540c\u4e00\u7c7b\u4e0b
-3937648509801727399	/Android/data/
-3937648471147021735	/cache/
-3937648436787283367	/QStory
-3937648213448983975	state
-3937647036627944871	window
-3937646791814808999	com.tencent.mobileqq.data.MessageRecord
-3937646688735593895	com.tencent.qqnt.kernel.nativeinterface.MsgRecord
-3937646491167098279	com.tencent.qqnt.msg.api.IMsgUtilApi
-3937646237764027815	createTextElement
-3937646177634485671	createPicElement
-3937646113209976231	createAtTextElement
-3937646070260303271	\u5168\u4f53\u6210\u5458
-3937646057375401383	createReplyElement
-3937646027310630311	@
-3937645898461611431	createFileElement
-3937645838332069287	createPttElement
-3937645739547821479	createVideoElement
-3937645718072984999	https://
-3937645683713246631	http://
-3937645653648475559	align
-3937645645058540967	center
-3937645589223966119	jp
-3937645567749129639	txt
-3937645537684358567	col
-3937645524799456679	com.tencent.qqnt.kernel.nativeinterface.JsonGrayElement
-3937645481849783719	nor
-3937645464669914535	items
-3937645215561811367	com.tencent.qqnt.kernel.nativeinterface.XmlToJsonParam
-3937645039468152231	com.tencent.qqnt.kernel.nativeinterface.GrayTipElement
-3937644756000310695	jsonGrayTipElement
-3937644725935539623	subElementType
-3937644597086520743	com.tencent.qqnt.kernel.nativeinterface.MsgElement
-3937644369453254055	setElementType
-3937644296438810023	setGrayTipElement
-3937644236309267879	\u62a5\u9519:createJsonGrayTipElement
-3937644116050183591	com.tencent.qqnt.msg.data.a
-3937644064510576039	com.tencent.qqnt.msg.data.b
-3937643944251491751	o
-3937643918481687975	\u5361\u7247\u683c\u5f0f\u6709\u95ee\u9898:
-3937643819697440167	createArkElement
-3937643781042734503	http:
-3937643755272930727	video
-3937643733798094247	.aac
-3937643720913192359	getApplication
-3937643703733323175	https:
-3937643647898748327	getRuntime
-3937643592064173479	\u62a5\u9519:getRuntime()
-3937643523344696743	com.tencent.biz.g.e.a.a
-3937643351546004903	\u62a5\u9519:getQQAppInterface
-3937643269941626279	com.tencent.mobileqq.qwallet.ipc.impl.ComIPCUtilsImpl
-3937643123912738215	getFriendNickName
-3937643029423457703	\u62a5\u9519:getName
-3937642973588882855	getCurrentAccountUin
-3937642891984504231	\u62a5\u9519:getMyuin()
-3937642849034831271	getManager
-3937642763135485351	\u62a5\u9519:getStweb()
-3937642724480779687	getStweb
-3937642685826074023	\u62a5\u9519:getSkey()
-3937642638581433767	com.tencent.mobileqq.pskey.api.IPskeyManager
-3937642436717970855	\u62a5\u9519:getPskey()
-3937642385178363303	all
-3937642359408559527	getPt4Token
-3937642239149475239	\u5f02\u5e38\uff1agetPskey()
-3937642196199802279	com.tencent.mobileqq.activity.ChatActivityFacade
-3937642011516208551	uuid
-3937641998631306663	localUUID
-3937641959976600999	md5
-3937641904142026151	prewrite
-3937641839717516711	com.tencent.mobileqq.data.PicMessageExtraData
-3937641728048367015	picExtraData
-3937641680803726759	textSummary
-3937641560544642471	com.tencent.mobileqq.data.MessageForPic
-3937641457465427367	find sendPic method == null
-3937641397335885223	\u62a5\u9519:\u83b7\u53d6\u89c6\u9891\u94fe\u63a5
-3937641341501310375	.mp4
-3937641302846604711	com.tencent.mobileqq.utils.HexUtil
-3937641143932814759	bytes2HexStr
-3937641096688174503	hexStr2Bytes
-3937641015083795879	FindResult{type=
-3937640967839155623	, key='
-3937640864759940519	plugin api
-3937640826105234855	@\u827e\u7279\u5931\u8d25
-3937640808925365671	PicUrl
-3937640804630398375	AtQQ
-3937640748795823527	\\[[^\\[\\]]*=[^\\[\\]]*\\]
-3937640714436085159	\u4f5c\u8005:
-3937640697256215975	\u7b80\u4ecb:
-3937640645716608423	yyyy-MM-dd HH:mm:ss
-3937640611356870055	\u7248\u672c:
-3937640594177000871	ID:
-3937640559817262503	\u4e0a\u4f20\u65f6\u95f4:
-3937640508277654951	\u6b63\u5728\u4e0b\u8f7d\u5230\u672c\u5730\u811a\u672c\u4e2d
-3937640448148112807	\u4e0b\u8f7d\u6b21\u6570:
-3937640383723603367	plugin cloud id :
-3937640345068897703	\u5df2\u89e3\u538b \u53ef\u5230\u672c\u5730\u811a\u672c\u67e5\u770b
-3937640323594061223	\u4e0b\u8f7d\u5b8c\u6210
-3937640297824257447	\u4e0b\u8f7d\u5df2\u5b8c\u6210
-3937640289234322855	plugin
-3937640216219878823	.zip
-3937640181860140455	online-
-3937640156090336679	\u6807\u7b7e:
-3937640138910467495	\u64cd\u4f5c - 
-3937640134615500199	\n\u65f6\u95f4:
-3937640087370859943	\u4e0a\u4f20\u811a\u672c
-3937640074485958055	\u786e\u5b9a
-3937640061601056167	\u4e0a\u4f20
-3937640040126219687	\u53d6\u6d88
-3937640005766481319	\uff1f\n\u8fd9\u5c06\u65e0\u6cd5\u6062\u590d
-3937639984291644839	\u786e\u8ba4\u5220\u9664
-3937639971406742951	\u786e\u8ba4\u5220\u9664\u811a\u672c 
-3937639906982233511	----------------\n\u540d\u79f0: 
-3937639864032560551	\n\u7248\u672c: 
-3937639812492952999	\n----------------\n\n\u4e0a\u4f20\u987b\u77e5:\n\u2022 \u8bf7\u52ff\u4e0a\u4f20\u4e0d\u5c5e\u4e8e\u81ea\u5df1\u7684\u811a\u672c\n\u2022 \u8bf7\u52ff\u4e0a\u4f20\u7ed9\u4e00\u5806\u670b\u53cb\u70b9\u8d5e\u7684\u811a\u672c\n\u2022 \u8bf7\u52ff\u4e0a\u4f20\u6076\u610f\u811a\u672c(\u67e5q/\u70b8\u7fa4/\u6076\u641e\u7b49)\n\u2022 \u8bf7\u52ff\u4e0a\u4f20\u9ad8\u5ea6\u52a0\u5bc6\u7684\u811a\u672c\n\u2022 \u8bf7\u52ff\u4e0a\u4f20\u4e0d\u52a0\u5f00\u5173\u7684\u811a\u672c\n\u2022 \u8bf7\u52ff\u9891\u7e41\u4e0a\u4f20\n\u2022 \u4e0a\u4f20\u5ba1\u6838\u901a\u8fc7\u4f1a\u51fa\u73b0\u5728\u5728\u7ebf\u811a\u672c\n\n\u811a\u672c\u4ea4\u6d41\u7fa4(QQ): 979938489\n\u811a\u672c\u4ea4\u6d41\u7fa4(TG): https://t.me/QStoryPluginBackupChat
-3937639786723149223	\n\u4f5c\u8005: 
-3937638927729690023	Plugin Description
-3937638893369951655	\u63cf\u8ff0\u5185\u5bb9
-3937638880485049767	\u590d\u5236
-3937638837535376807	\u590d\u5236\u6587\u672c\u5931\u8d25
-3937638764520932775	\u5bf9\u561b \u8fd8\u662f\u8981\u8003\u8651\u8003\u8651\u7684
-3937638730161194407	\u5df2\u590d\u5236\u5230\u526a\u8d34\u677f
-3937638712981325223	\u9884\u89c8\u56fe
-3937638695801456039	\u6765\u81ea\uff1a
-3937638648556815783	load plugin
-3937638609902110119	\u8bf7\u52ff\u9891\u7e41\u70b9\u51fb\u5f00\u5173
-3937638528297731495	\u6b63\u5728\u52a0\u8f7d\u4e2d......
-3937638515412829607	(\u52a0\u8f7d\u4e2d...\uff09
-3937638476758123943	(\u505c\u6b62\u4e2d...\uff09
-3937638442398385575	moduleVersionAndHostAppVersion
-3937638416628581799	\u52a0\u8f7d\u5f02\u5e38\uff1a
-3937638300664464807	END
-3937638283484595623	START
-3937638231944988071	MethodCache
-3937638154635576743	\u6b63\u5728\u89e3\u6790\n
-3937638111685903783	startTime
-3937638042966427047	\u6240\u6709\u65b9\u6cd5\u67e5\u627e\u5b8c\u6210 \u51c6\u5907\u4fdd\u5b58\u4e0e\u91cd\u542f
-3937638034376492455	[QStory]
-3937637978541917607	time
-3937637935592244647	BaseHookItem{itemPath='
-3937637901232506279	, hasUiPath=
-3937637819628127655	, isLoad=
-3937637725138847143	, exceptionCollectionTool=
-3937637669304272295	/data/item_config.json
-3937637527570351527	config read error
-3937637493210613159	\u914d\u7f6e\u6587\u4ef6\u5df2\u751f\u6210
-3937637467440809383	[QStory]\u52a0\u8f7d\u8bbe\u7f6e\u5931\u8d25qwq 
-3937637308527019431	HookItemConfig{itemPath='
-3937637282757215655	, enabled=
-3937637158203164071	, bypassDefaultLoad=
-3937637145318262183	MethodName
-3937637020764210599	DeclareClass
-3937636986404472231	Params
-3937636973519570343	ReturnType
-3937636879030289831	/storage/emulated/0/Pictures/
-3937636767361140135	/storage/emulated/0/DCIM/
-3937636707231597991	/storage/emulated/0/Download/
-3937636595562448295	/data/data/com.tencent.mobileqq/
-3937636428058723751	/data/user/0/com.tencent.mobileqq/
-3937636178950620583	identityName
-3937636127411013031	uid
-3937635702209250727	login
-3937634735841609127	\u7528\u6237\u4fe1\u606f\u83b7\u53d6\u5931\u8d25
-3937634637057361319	\u8bf7\u5c1d\u8bd5\u5237\u65b0\u767b\u5f55\u4fe1\u606f\u6216\n\u5f00\u542fVPN
-3937634594107688359	Unexpected wireType: 
-3937634538273113511	%02X
-3937634516798277031	hex->
-3937634405129127335	Unknown wireType: 
-3937634383654290855	FunProtoData.toBytes
-3937634302049912231	Unknown type: 
-3937634229035468199	FunProtoData-toBytes
-3937634078711612839	\u89e3\u6790\u5f02\u5e38
-3937634001402201511	onClick
-3937633911207888295	RunLog
-3937633842488411559	TAG
-3937633825308542375	/Download/ModuleLog.zip
-3937633803833705895	ErrorLog
-3937633687869588903	\u6253\u5305\u5f02\u5e38\u6587\u4ef6\u5939\u5931\u8d25
-3937633653509850535	 \u5df2\u8f93\u51fa\u6587\u4ef6\u5230
-3937633627740046759	QQVersion:
-3937633477416191399	DeviceBrand:
-3937633430171551143	AndroidVersion:
-3937633361452074407	AndroidSDK:
-3937633241192990119	DeviceName:
-3937633211128219047	Error Log
-3937633189653382567	SystemModel:
-3937633150998676903	Run Log
-3937633082279200167	yyyy\u5e74MM\u6708dd\u65e5
-3937633047919461799	.txt
-3937633035034559911	\n\n
-3937632970610050471	HH:mm:ss
-3937632962020115879	E
-3937632949135213991	\u5468
-3937632940545279399	\u6708
-3937632936250312103	/Log/
-3937632923365410215	\u661f\u671f
-3937632919070442919	\u5e74
-3937632906185541031	\u5e740
-3937632893300639143	\u67080
-3937632824581162407	\u5bf9\u8c61\u4e3a\u7a7a \u65e0\u6cd5\u8f93\u51fa\u5b57\u6bb5
-3937632558293190055	putFloat
-3937632536818353575	getGroupRKey
-3937632493868680615	putDouble
-3937632420854236583	getFriendRKey
-3937632343544825255	getRealSkey
-3937632326364956071	getPskey
-3937632292005217703	getSkey
-3937632244760577447	getPT4Token
-3937632227580708263	getSuperkey
-3937632193220969895	getBKN
-3937632115911558567	httpGet
-3937632085846787495	getGTK
-3937632051487049127	httpPostJson
-3937632012832343463	httpPost
-3937631935522932135	httpDownload
-3937631922638030247	sendSticker
-3937631888278291879	sendPic
-3937631802378945959	sendCard
-3937631776609142183	sendLike
-3937631737954436519	sendFile
-3937631686414828967	sendPai
-3937631677824894375	sendReply
-3937631630580254119	sendProto
-3937631583335613863	replyEmoji
-3937631570450711975	forwardMsg
-3937631493141300647	sendShake
-3937631445896660391	sendAntEmo
-3937631433011758503	sendShow
-3937631342817445287	sendVideo
-3937631334227510695	sendVoice
-3937631282687903143	toast
-3937631248328164775	sendTip
-3937631226853328295	loadDex
-3937631171018753447	load
-3937631158133851559	loadAar
-3937631123774113191	loadJar
-3937631067939538343	log
-3937631055054636455	eval
-3937631042169734567	error
-3937631003515028903	writeTextToFile
-3937630982040192423	readFileText
-3937630934795552167	writeTextAppendToFile
-3937630788766664103	readFileBytes
-3937630711457252775	writeBytesToFile
-3937630647032743335	scanImageText
-3937630569723332007	scanImageTextDetail
-3937630483823986087	lin.xposed.hook.javaplugin.bean
-3937630346385032615	PluginLoader{pluginInfo=
-3937630316320261543	, dialogItemMap=
-3937630251895752103	info.prop
-3937630200356144551	author
-3937630191766209959	-
-3937630127341700519	date
-3937630114456798631	tags
-3937630092981962151	version
-3937630037147387303	images
-3937630032852420007	desc.txt
-3937629985607779751	\u811a\u672c:'
-3937629972722877863	',\u672a\u9002\u914d\u65b0\u7248QStory,\u5728info.prop\u7684date
-3937629964132943271	icon
-3937629861053728167	\u52a0\u8f7d\u5931\u8d25 \u5df2\u6709\u76f8\u540c\u811a\u672cID\u5728\u52a0\u8f7d:
-3937629766564447655	yyyy-
-3937629702139938215	/Plugin/
-3937629689255036327	2025-11-30
-3937629603355690407	\u811a\u672c\u5b58\u653e\u4f4d\u7f6e(\u70b9\u51fb\u53ef\u590d\u5236)\uff1a
-3937629530341246375	\u5f53\u524d\u9ed8\u8ba4\u6309\u521b\u5efa\u65f6\u95f4\u6392\u5e8f
-3937629478801638823	https://artistic-sword-1d7.notion.site/QStory-Java-32d4a5bbff238047b09ec04d68e0299c
-3937629173858960807	create demo plugin
-3937629118024385959	\u521b\u5efa\u5931\u8d25
-3937629083664647591	\u521b\u5efa\u6210\u529f
-3937629014945170855	https://plugin.sacz.top
-3937629002060268967	\u590d\u5236\u811a\u672c\u5b58\u653e\u8def\u5f84\u6210\u529f
-3937628843146479015	/plugin/get-online-plugin-list/
-3937628581153473959	N5ETOHF7D5SCZ5X52BQV9OV5P0I603AR
-3937628448009487783	https://plugin.sacz.top/plugin-upload/confirmUploadStatus
-3937628250440992167	https://plugin.sacz.top/plugin-upload/uploadFile
-3937628048577529255	https://plugin.sacz.top/plugin-upload/readyToUpload
-3937627756519753127	https://plugin.sacz.top/plugin-upload/uploadInfo
-3937627554656290215	\u672a\u77e5
-3937627533181453735	uploaderUin
-3937627481641846183	uploaderNickName
-3937627417217336743	type
-3937627404332434855	text/plain
-3937627382857598375	server return json : null
-3937627348497860007	Android
-3937627241123677607	Don't upload frequently(\u8bf7\u52ff\u9891\u7e41\u4e0a\u4f20)
-3937627185289102759	code
-3937627103684724135	message
-3937627013490410919	pluginAuthor
-3937627000605509031	pluginName
-3937626966245770663	pluginVersion
-3937626854576620967	pluginDesc
-3937626811626948007	token
-3937626798742046119	pluginTime
-3937626755792373159	application/octet-stream
-3937626734317536679	file
-3937626588288648615	multipart/form-data; boundary=--------------------------237281582881051963083898
-3937626248986232231	SSL
-3937626231806363047	DemoPlugin
-3937626218921461159	main.java
-3937626175971788199	%02x
-3937626163086886311	QS\u793a\u4f8b
-3937626145907017127	1.0
-3937626128727147943	2025-12-1
-3937626090072442279	\u8a00\u5b50\u696a\u4e16
-3937626068597605799	\u7fa4\u804a\u8f85\u52a9,\u5a31\u4e50\u529f\u80fd
-3937625974108325287	3062020101045B30590201010201010204
-3937625871029110183	fileUuid
-3937625815194535335	0424
-3937625793719698855	041F0000000866696C6574797065000000013100000005636F64656300000001300400
-3937625772244862375	0204
-3937625514546824615	http://grouptalk.c2c.qq.com/?ver=0&rkey=%s&filetype=1&voice_codec=
-3937625158064539047	\u62a5\u9519:\u83b7\u53d6\u8bed\u97f3\u94fe\u63a5
-3937625149474604455	voiceType
-3937625063575258535	3081FD0201010481F53081F20201010201000204
-3937624964791010727	0481A6
-3937624857416828327	04350000000866696C657479706500000004313030330000000B646F776E656E63727970740000000130000000047175696300000001310400
-3937624423625131431	http://grouptalk.c2c.qq.com/qqdownload?ver=537101242&rkey=%s&filetype=1003&videotype=0&subvideotype=0&term=android&video_codec=0&filename=
-3937622632623768999	com.tencent.mobileqq.activity.ForwardRecentActivity
-3937622254666646951	initViews
-3937622190242137511	\u672c\u7fa4\u5f00\u542f\u4e86\u4e25\u683c\u68c0\u6d4b \u53d1\u9001\u9f99\u56fe/\u5f31\u667a\u62bd\u8c61\u8868\u60c5\n\n\u4f1a\u76f4\u63a5\u79fb\u51fa\u672c\u7fa4(\u5982\u679c\u8bef\u5224\u7b97\u4f60\u8fd0\u6c14\u4e0d\u597d)\n\u5f88\u9ad8\u5174\u4f60\u6765\u5230\u672c\u7fa4 \u4f46\u662f\u4f60\u53ef\u80fd\u4e0d\u9002\u5408\u5f85\u5728\u672c\u7fa4\n\n\u62dc\u62dc~
-3937621928249132455	OK
-3937621906774295975	\u5df2\u8e22\u51fa:
-3937621833759851943	\u7fa4\u7ec4\u804a\u5929\u754c\u9762 \u957f\u6309\u53f3\u4e0a\u89d2\u4e09\u6761\u6760\u51fa\u73b0 \u76ee\u524d\u6709\u5feb\u6377\u7684\u5168\u4f53\u89e3\u7981\u8a00
-3937621687730963879	\u4f7fQQ\u5b57\u4f53\u6dfb\u52a0\u5f69\u8272\u6548\u679c \u91cd\u542f\u751f\u6548
-3937621623306454439	onDetachedFromWindow
-3937621610421552551	onDraw
-3937621503047370151	FloatingWindows
-3937621464392664487	show y
-3937621460097697191	\u91cd\u547d\u540d\u5931\u8d25 \u53ef\u80fd\u5df2\u7ecf\u6709\u91cd\u540d\u6587\u4ef6\u6216\u683c\u5f0f\u9519\u8bef
-3937621434327893415	show x
-3937621335543645607	\u91cd\u547d\u540d
-3937621275414103463	\u5220\u9664\u6b64\u6587\u4ef6
-3937621249644299687	\u4e0a\u4e00\u7ea7:
-3937621202399659431	#80000000
-3937621168039921063	#000000
-3937621107910378919	/storage/emulated
-3937621073550640551	\u5f53\u524d\u76ee\u5f55\u65e0\u6587\u4ef6
-3937621047780836775	\u5df2\u662f\u6240\u80fd\u63a2\u7d22\u5230\u7684\u6781\u9650
-3937620991946261927	\u601d\u8003
-3937620970471425447	\u521b\u5efa\u4fdd\u5b58\u8bed\u97f3\u9762\u677f \u5df2\u629b\u51fa\u5f02\u5e38
-3937620897456981415	\u8bed\u97f3\u53ef\u80fd\u5c1a\u672a\u52a0\u8f7d\u5b8c\u6bd5
-3937620807262668199	yyyy-MM-dd-HH-mm-ss
-3937620790082799015	/Voice
-3937620704183453095	\u8986\u76d6\u6b64\u76ee\u6807\u6587\u4ef6
-3937620682708616615	\u6587\u4ef6\u540d\u91cd\u590d \u76ee\u5f55\u5df2\u5b58\u5728 
-3937620631169009063	(1)
-3937620601104237991	\u4fdd\u7559\u4e24\u4e2a\u6587\u4ef6
-3937620553859597735	\u5df2\u8986\u76d6\u8be5\u6587\u4ef6
-3937620545269663143	\u5df2\u751f\u6210\u65b0\u7684\u8bed\u97f3\u6587\u4ef6
-3937620506614957479	plugin dialog
-3937620480845153703	\u8bed\u97f3\u5df2\u4fdd\u5b58
-3937620425010578855	/Plugin
-3937620394945807783	Plugin
-3937620321931363751	onClickFloatingWindow
-3937620278981690791	getMsg
-3937620236032017831	onTroopEvent
-3937620205967246759	onJoin
-3937620120067900839	callbackOnRawMsg
-3937620090003129767	onForbiddenEvent
-3937620025578620327	onMsg
-3937620016988685735	onCreateMenu
-3937619935384307111	onMsgRetract
-3937619888139666855	PluginMenuFloatingWindow
-3937619754995680679	peerUin
-3937619720635942311	msgTime
-3937619690571171239	sendMemberName
-3937619651916465575	peerName
-3937619617556727207	sendNickName
-3937619535952348583	atNtUid
-3937619501592610215	records
-3937619432873133479	fileName
-3937619368448624039	/Android/data/com.tencent.mobileqq/Tencent/MobileQQ/photo/
-3937619209534834087	/Android/data/com.tencent.mobileqq/Tencent/QQ_Images/QQEditPic/
-3937618934656927143	[PicUrl=
-3937618810102875559	getFileElement
-3937618801512940967	]
-3937618775743137191	filePath
-3937618737088431527	fileSize
-3937618676958889383	getFaceElement
-3937618603944445351	getVideoElement
-3937618535224968615	getPttElement
-3937618457915557287	/Android/data/com.tencent.mobileqq/Tencent/MobileQQ/
-3937618307591701927	/ptt/
-3937618299001767335	/log.txt
-3937618234577257895	/error.txt
-3937618144382944679	com.tencent.mobileqq.app.BusinessHandlerFactory
-3937617938224514471	PAI_YI_PAI_HANDLER
-3937617848030201255	getBusinessHandler
-3937617826555364775	replyEmoji\u4e0d\u652f\u6301\u79c1\u804a\u4f7f\u7528
-3937617766425822631	msgSeq
-3937617659051640231	GroupMemberInfo{UserUin='
-3937617598922098087	, UserName='
-3937617551677457831	, NickName='
-3937617435713340839	, UserLevel=
-3937617216670008743	AutoLoadPluginV2
-3937617169425368487	, IsAdmin=
-3937617117885760935	getMemberName
-3937617074936087975	getGroupInfo
-3937616958971970983	getGroupList
-3937616877367592359	getMemberInfo
-3937616834417919399	getGroupMemberList
-3937616744223606183	getForbiddenList
-3937616679799096743	getCurrentFriendUin
-3937616662619227559	getCurrentGroupUin
-3937616572424914343	getFriendList
-3937616529475241383	isFriend
-3937616396331255207	getNewFriendInfo
-3937616331906745767	getNewFriendList
-3937616267482236327	getMessageList
-3937616194467792295	/main.java
-3937616138633217447	\u811a\u672cmain.java\u6587\u4ef6\u4e0d\u5b58\u5728
-3937616104273479079	onUnLoad
-3937616074208708007	onLoad
-3937616039848969639	pluginID
-3937616005489231271	context
-3937615971129492903	appPath
-3937615941064721831	loader
-3937615893820081575	setTitle
-3937615868050277799	myUin
-3937615859460343207	setCard
-3937615829395572135	revokeMsg
-3937615743496226215	forbidden
-3937615734906291623	deleteMsg
-3937615704841520551	addItem
-3937615649006945703	kick
-3937615601762305447	addTemporaryItem
-3937615550222697895	removeItemByName
-3937615502978057639	removeItem
-3937615399898842535	putString
-3937615382718973351	addMenuItem
-3937615335474333095	putBoolean
-3937615305409562023	putInt
-3937615279639758247	putLong
-3937615219510216103	getInt
-3937615176560543143	getString
-3937615125020935591	getLong
-3937615112136033703	getBoolean
-3937615060596426151	getDouble
-3937615021941720487	getFloat
-3937614893092701607	processEncrypt
-3937614820078257575	com.tenpay.sdk.net.core.processor.PsKeyProcessor
-3937614656869500327	qpay_hb_na_grap
-3937614618214794663	INSTANCE
-3937614588150023591	getPsKey
-3937614536610416039	OpenHbNetClient{encryptProcessor=
-3937614523725514151	Hb
-3937614373401658791	, redPacketType=
-3937614257437541799	, redPacketID='
-3937614188718065063	, redPacketDesc='
-3937614094228784551	, troopUin='
-3937614046984144295	, senderUin='
-3937613935314994599	, msgMd5='
-3937613879480419751	, msgSeq='
-3937613797876041127	\u8bf7\u6c42\u72b6\u6001  : 
-3937613776401204647	tencent.im.qqwallet.QWalletHbPreGrab$QQHBReply
-3937613733451531687	rsp_bytes
-3937613565947807143	mergeFrom
-3937613501523297703	get
-3937613484343428519	retCode
-3937613471458526631	retMsg
-3937613415623951783	toStringUtf8
-3937613381264213415	rspBody
-3937613368379311527	authkey=
-3937613029076895143	&agreement=
-3937612852983236007	&channel=
-3937612676889576871	&listid=
-3937612595285198247	&groupuin=
-3937612578105329063	&grouptype=
-3937612376241866151	&uin=
-3937612346177095079	&name=
-3937612298932454823	&pay_flag=
-3937612251687814567	&pre_grap_token=
-3937612084184090023	hb_pre_grapver=2.0&chv=3
-3937612054119318951	reqText
-3937611951040103847	random
-3937611903795463591	rspText
-3937611886615594407	&trans_seq=
-3937611800716248487	pre_grap_token
-3937611727701804455	send_object
-3937611710521935271	trans_seq
-3937611616032654759	&hb_from=0&grouptype=
-3937611487183635879	[QQ\u7ea2\u5305]
-3937611422759126439	msgRandom
-3937611379809453479	senderUin
-3937611362629584295	clientSeq
-3937611268140303783	&agreement=0&groupid=
-3937611225190630823	&answer=
-3937611165061088679	&msg_md5=
-3937611126406383015	&msg_id=
-3937611079161742759	\u62a5\u9519\u53e3\u4ee4\u7ea2\u5305\u6253\u5f00
-3937611036212069799	&msg_seq=
-3937610731269391783	\u8b66\u544a\u7ec4.json
-3937610718384489895	\u9700\u8981\u68c0\u6d4b\u7fa4.json
-3937610632485143975	\u529f\u80fd\u5df2\u5173\u95ed \u8bf7\u52ff\u4f7f\u7528 \n\u4ec5\u4f9b\u5a31\u4e50 \u4f7f\u7528\u65b9\u6cd5 \n\u5728
-3937610602420372903	\u91cc\u7f16\u8f91\u8981\u5f00\u542f\u6b64\u529f\u80fd\u7684\u7fa4\u7ec4(\u6309\u7167\u7559\u4e0b\u7684json\u683c\u5f0f\u6dfb\u52a0\u7fa4)\n\u5355\u51fb\u53ef\u590d\u5236\u8def\u5f84 \u4fee\u6539\u5b8c\u91cd\u542fQQ\u751f\u6548\n\u9f99\u56fe\u8b66\u544a\u6b21\u6570+1\n\u732b\u56fe\u8b66\u544a\u6b21\u6570-1\n\u8b66\u544a\u6b21\u65703\u6b21\u4f1a\u6267\u884c\u8e22\u51fa
-3937610245938087335	url
-3937610207283381671	\u732b\u7fbd\u96eb
-3937610194398479783	\u732b\u732b
-3937610190103512487	textList
-3937610160038741415	\u78a7\u84dd\u822a\u7ebf
-3937610147153839527	\u67f4\u90e1
-3937610125679003047	https://search.linl.top/google/v2/imageContain
-3937609910930638247	:
-3937609880865867175	result
-3937609816441357735	\u4f60\u53d1\u9001\u7684\u662f \u78a7\u84dd\u822a\u7ebf/\u732b\u732b\n\n\u62b5\u6d88\u4e86\u4e00\u6b21\u8b66\u544a\n\n\u5f53\u524d\u8b66\u544a\u6b21\u6570:
-3937609721952077223	\u8b66\u544a\u6b21\u6570\u5230\u8fbe3\u6b21 \u5df2\u79fb\u51fa\u7fa4\u804a
-3937609691887306151	\u9f99\u7389\u6d9b
-3937609679002404263	\u9f99\u56fe
-3937609674707436967	\u9f99\u6897
-3937609648937633191	\u6b64\u6d88\u606f\u88ab\u9274\u5b9a\u4e3a\u9f99\u56fe,\u5df2\u8fdb\u884c\u7981\u8a00\n\n\u5982\u679c\u8bef\u5224\u8bf7\u5728\u7fa4\u5185\u53d1\u9001 : \u8bf7\u7ed9\u6211\u89e3\u7981\n\u6211\u53ea\u662f\u673a\u5668\u4eba\u79c1\u804a\u6211\u662f\u6ca1\u6709\u7528\u7684\u54e6\n\n\u5f53\u524d\u8b66\u544a\u6b21\u6570:
-3937609326815085991	 \u8fbe\u52303\u6b21\u5c06\u4f1a\u8e22\u51fa
-3937609313930184103	638537273
-3937609266685543847	2971017318
-3937609185081165223	getChatType
-3937609133541557671	https://gchat.qpic.cn/gchatpic_new/0/0-0-
-3937609039052277159	/0
-3937609017577440679	\u7981\u6b62\u53d1\u9f99\u56fe
-3937608905908290983	AtTextSummaryChange
-3937608888728421799	\u70b9\u51fb\u53ef\u8bbe\u7f6e\u663e\u793a\u7684\u6587\u672c
-3937608798534108583	\u5df2\u4fdd\u5b58
-3937608781354239399	com.tencent.mobileqq.transfile.HttpDownloader
-3937608566605874599	downloadImage
-3937608523656201639	com.tencent.image.DownloadParams
-3937608356152477095	com.tencent.image.URLDrawableHandler
-3937607969605420455	\u53d1\u9001
-3937607836461434279	selection_mode
-3937607763446990247	mForwardTargetMap
-3937607321065358759	com.tencent.mobileqq.activity.ForwardFriendListActivity
-3937606882978694567	com.tencent.mobileqq.activity.ForwardTroopListFragment
-3937603683228059047	{}
-3937603678933091751	;
-3937603593033745831	hb
-3937603502839432615	yyyyMMddHHmmss
-3937603429824988583	main
-3937603416940086695	https://mqq.tenpay.com/cgi-bin/hongbao/qpay_hb_na_grap.cgi?ver=2.0&chv=3
-3937603180716885415	okhttp/3.12.10
-3937603107702441383	req_text=
-3937603047572899239	https://mqq.tenpay.com/cgi-bin/hongbao/qpay_hb_na_grap.cgi?ver2.0&chv=3
-3937602712565450151	v
-3937602686795646375	&skey_type=
-3937602669615777191	2&random=
-3937602635256038823	&msgno=
-3937602532176823719	&skey=
-3937602527881856423	https://mqq.tenpay.com/cgi-bin/hongbao/qpay_hb_na_grap.cgi?
-3937602270183818663	com.tenpay.sdk.basebl.EncryptRequest
-3937602154219701671	com.tencent.mobileqq.qwallet.api.INewQWalletApi
-3937601948061271463	hexGuid
-3937601844982056359	encypt
-3937601840687089063	tenpay.com
-3937601819212252583	\u62a5\u9519:\u83b7\u53d6getencText\u51fa\u9519
-3937601784852514215	encText
-3937601724722972071	decypt
-3937601664593429927	mqq.app.NewIntent
-3937601651708528039	decryptStr
-3937601544334345639	com.tencent.mobileqq.qwallet.e.a
-3937601501384672679	sMobileQQ
-3937601411190359463	cmd
-3937601394010490279	trpc.qqhb.qqhb_proxy.Handler.sso_handle
-3937601153492321703	com.tenpay.sdk.net.core.processor.EncryptProcessor
-3937600994578531751	\u9700\u8981\u4e00\u4e2a\u4e3apre_grap_token=rand=6e5f10e97975a3d35589a1b12c071c68&sign=267dcb90416a4c908da80c47802cfbf8&ts=1706363819&ver=1\u7684\u666e\u901a\u53c2\u6570 \u6211\u67e5\u627e\u4e0d\u5230
-3937600440527750567	com.tenpay.sdk.net.core.comm.SessionKey
-3937600200009581991	com.tenpay.sdk.net.core.statistic.StatisticInfo
-3937599993851151783	com.tenpay.sdk.net.core.encrypt.EncryptResult
-3937599882182002087	com.tenpay.sdk.net.core.encrypt.DecryptResult
-3937599667433637287	getEncryptResult
-3937599603009127847	processDecrypt
-3937599529994683815	getDecodedPlain
-3937599461275207079	retcode
-3937599358195991975	getBodyData
-3937599306656384423	tencent.im.qqwallet.QWalletHbPreGrab$QQHBRequest
-3937599104792921511	com.tencent.mobileqq.pb.ByteStringMicro
-3937599001713706407	copyFromUtf8
-3937598920109327783	set
-3937598885749589415	cgiName
-3937598851389851047	reqBody
-3937598834209981863	hb_pre_grap
-3937598778375407015	toByteArray
-3937598748310635943	enType
-3937598726835799463	com.tencent.mobileqq.qwallet.e.g
-3937598593691813287	setObserver
-3937598473432728999	mqq.observer.BusinessObserver
-3937598327403840935	startServlet
-3937598288749135271	authkey
-3937598280159200679	subchanne
-3937598220029658535	agreement
-3937598185669920167	hb_from
-3937598164195083687	groupid
-3937598125540378023	pay_flag
-3937598095475606951	senderuin
-3937598061115868583	channel
-3937598035346064807	listid
-3937597970921555367	sub_guild_id
-3937597927971882407	grouptype
-3937597885022209447	groupuin
-3937597854957438375	answer
-3937597816302732711	guild_id
-3937597786237961639	tinyid
-3937597738993321383	msg_md5
-3937597717518484903	name
-3937597670273844647	msg_id
-3937597635914106279	msg_seq
-3937597597259400615	=
-3937597571489596839	com.tenpay.sdk.net.core.processor.EncryptProcessor$ProcessResult
-3937597326676460967	onViewCreatedAfterPartInit
-3937597167762671015	com.tencent.mobileqq.troop.troopsetting.activity.TroopSettingActivity
-3937596235754767783	Menu_Item_Class
-3937596167035291047	f
-3937596115495683495	QQCustomMenuItem{title='
-3937596072546010535	generated
-3937595947991958951	com.tencent.qqnt.aio.menu.ui
-3937595844912743847	trpc.msg.olpush.OlPushService.MsgPush
-3937595797668103591	serviceCmd
-3937595638754313639	1
-3937595621574444455	3
-3937595612984509863	2
-3937595595804640679	wupBuffer
-3937595535675098535	5
-3937595527085163943	4
-3937595509905294759	mqq.app.MSFServlet
-3937595488430458279	onReceive
-3937595393941177767	com.tencent.qphone.base.remote.FromServiceMsg
-3937595179192812967	com.tencent.relation.common.api.IRelationNTUinAndUidApi
-3937595007394121127	isValidUin
-3937594917199807911	getUinFromUid
-3937594839890396583	null
-3937594827005494695	chat_show_method
-3937594762580985255	chat_hide_method
-3937594732516214183	com.tencent.mobileqq.aio.input.draft.InputDraftVMDelegate
-3937594461933274535	onEnterAioReport mIsAIOShowed
-3937594431868503463	onStop
-3937594281544648103	[hide]: nick is 
-3937594251479877031	loadBackgroundAsync: skip for mosaic is on
-3937594028141577639	com.tencent.mobileqq.aio.msglist.holder.AIOBubbleMsgItemVB
-3937594023846610343	doOnStop
-3937593203507856807	mqq.app.msghandle.MsgRespHandler
-3937593186327987623	getHostView
-3937593070363870631	dispatchRespMsg
-3937593001644393895	mqq.app.MobileQQ
-3937592937219884455	com.tencent.mobileqq.msf.sdk.MsfMessagePair
-3937592748241323431	com.tencent.mobileqq.msf.sdk.MsfRespHandleUtil
-3937592537787925927	com.tencent.mobileqq.msf.sdk.MsfServiceSdk
-3937592177010673063	peerUid
-3937592073931457959	setContent
-3937592030981784999	id
-3937592018096883111	ok
-3937592009506948519	com.tencent.qqnt.aio.holder.template.BubbleLayoutCompatPress
-3937591756103878055	[QStory]\u5df2\u5bf9MsgView\u8fdb\u884c\u9002\u914d
-3937591713154205095	ver
-3937591695974335911	com.tencent.aio.data.AIOParam
-3937591584305186215	com.tencent.aio.data.AIOSession
-3937591446866232743	com.tencent.aio.data.AIOContact
-3937591309427279271	com.tencent.mobileqq.activity.aio.SessionInfo
-3937591094678914471	AIO_doOnCreate_initUI
-3937591017369503143	QQNT_AIOCreate
-3937590944355059111	com.tencent.aio.base.chat.ChatPie
-3937590755376498087	rootVMBuild
-3937590712426825127	onDestroy
-3937590635117413799	com.tencent.mobileqq.troop.api.impl.TroopCreateInfoServiceImpl
-3937590355944539559	deleteInInviteList
-3937590334469703079	com.airbnb.lottie
-3937590274340160935	img
-3937590257160291751	\u662f\u5426\u4fdd\u5b58
-3937590175555913127	\u4fdd\u5b58
-3937590154081076647	\u9009\u62e9\u9700\u8981\u4fdd\u5b58\u7684\u56fe\u7247
-3937590111131403687	\u56fe\u7247\u5c1a\u672a\u52a0\u8f7d\u5b8c\u6bd5,\u4fdd\u5b58\u5931\u8d25
-3937590093951534503	\u6ca1\u6709\u9009\u62e9\u4efb\u4f55\u7684\u4fdd\u5b58\u5217\u8868
-3937590068181730727	\u5df2\u4fdd\u5b58\u5230:
-3937590003757221287	\u540d\u5b57\u4e0d\u80fd\u4e3a\u7a7a
-3937589956512581031	\u521b\u5efa\u65b0\u76ee\u5f55
-3937589947922646439	\u786e\u5b9a\u521b\u5efa
-3937589935037744551	[\u52a8\u753b\u8868\u60c5]
-3937589896383038887	\u8fd9\u4e2a\u540d\u5b57\u5df2\u7ecf\u5b58\u5728
-3937589862023300519	\u8f93\u5165\u540d\u5b57
-3937589849138398631	\u6539\u540d
-3937589827663562151	\u662f\u5426\u5220\u9664\u6b64\u56fe\u7247
-3937589758944085415	.bak
-3937589638685001127	&
-3937589582850426279	ret
-3937589565670557095	data
-3937588655137490343	user-agent
-3937588625072719271	com.tencent.mobileqq.data.ChatMessage
-3937588616482784679	a
-3937588320130041255	com.tencent.richframework.gallery.QQGalleryActivity
-3937588311540106663	c
-3937588096791741863	com.tencent.mobileqq.richmediabrowser.AIOGalleryActivity
-3937587826208802215	PicUI bundle==null
-3937587770374227367	key_troop_group_name
-3937587723129587111	uintype
-3937587620050372007	extra.GROUP_UIN
-3937587577100699047	(
-3937587551330895271	\u7fa4\u804a\u6d88\u606f 
-3937587521266124199	 \u7684\u5bf9\u8bdd
-3937587508381222311	extra.EXTRA_CURRENT_IMAGE
-3937587482611418535	)
-3937587379532203431	\u53d1\u9001\u8005 : 
-3937587375237236135	mqqapi://card/show_pslcard?src_type=internal&version=1&uin=
-3937587117539198375	&card_type=group&source=qrcode
-3937586975805277607	\u53ef\u80fd\u70b9\u65c1\u8fb9\u7684\u5b57\u4f1a\u6709\u4ec0\u4e48\u53cd\u5e94\u5462
-3937586902790833575	getIntent
-3937586808301553063	forward_source_uin_type
-3937586773941814695	extra.GROUP_CODE
-3937586675157566887	uin
-3937586597848155559	l
-3937586589258220967	e
-3937586572078351783	inputTextMethod
-3937586503358875047	\u957f\u6309\u53d1\u9001\u4ee5\u53d1\u9001\u8f93\u5165\u6846\u5185\u7684\u5361\u7247
-3937586464704169383	com.tencent.guild.aio.input.realinput.GuildAioDefaultInputViewBinder
-3937586211301098919	bindViewAndData
-3937586142581622183	com.tencent.mobileqq.aio.input.sendmsg
-3937586000847701415	AIOSendMsgVBDelegate
-3937585816164107687	handleRecallFailed no toast
-3937585695905023399	androidx.viewbinding.ViewBinding
-3937585562761037223	inputRoot.findViewById(R.id.input)
-3937585468271756711	prefix
-3937585403847247271	\u5361\u7247\u683c\u5f0f\u9519\u8bef
-3937585390962345383	time_format
-3937585360897574311	suffix
-3937585326537835943	MessagePrefixAndSuffixModification
-3937585270703261095	\u4fdd\u5b58\u6210\u529f
-3937585167624045991	\u70b9\u51fb\u8bbe\u7f6e\u6d88\u606f\u524d\u540e\u7f00
-3937585103199536551	GdtMvTitleHelper
-3937585038775027111	bar == null
-3937584987235419559	com.tencent.gdtad.basics.motivevideo.GdtMvVideoViewController
-3937584703767578023	com.tencent.gdtad.basics.motivevideo
-3937584553443722663	GdtMotiveVideoDialog
-3937584403119867303	onWindowFocusChanged() called with: hasFocus = [
-3937584166896666023	audioSwitch click is called isSilentMode =
-3937584076702352807	 onClick close_ads
-3937583917788562855	com.tencent.gdtad.basics.motivebrowsing.GdtMotiveBrowsingDialog
-3937583642910655911	GdtMotiveBrowsingDialog
-3937583608550917543	doOnBackEvent
-3937583531241506215	\u8106\u5f31\u7684\u529f\u80fd \u5f88\u5bb9\u6613\u574f
-3937583453932094887	k
-3937583445342160295	W
-3937583441047192999	I
-3937583415277389223	\u8df3\u5e7f\u544a\u9519\u8bef:
-3937583368032748967	com.tencent.mobileqq.springhb.entry.module.SpringTabBannerModule
-3937583359442814375	b
-3937583097449809319	com.tencent.mobileqq.springhb.entry.model.MsgTabBannerData
-3937582904176280999	onMsgTabBannerHide
-3937582745262491047	com.tencent.mobileqq.QQSettingMe
-3937582612118504871	com.tencent.mobileqq.QQSettingMeView
-3937582461794649511	com.tencent.mobileqq.BaseQQSettingMeView
-3937582259931186599	com.tencent.mobileqq.activity.QQSettingMe
-3937582165441906087	com.tencent.mobileqq.activity.BaseQQSettingMeView
-3937581933513672103	\u91cd\u542f\u751f\u6548,\u8be5\u9879\u4ec5\u5728\u65e7\u7248\u4fa7\u6ed1\u680f\u751f\u6548
-3937581783189816743	doNotDisturbData
-3937581757420012967	24\u5c0f\u65f6
-3937581718765307303	\u65e5\u671f\u683c\u5f0f\u5316\u5931\u8d25 
-3937581680110601639	2\u5c0f\u65f6
-3937581662930732455	\u5173\u95ed
-3937581641455895975	12\u5c0f\u65f6
-3937581628570994087	8\u5c0f\u65f6
-3937581619981059495	TaskName
-3937581572736419239	targetTime
-3937581529786746279	\u5269\u4f59 
-3937581486837073319	\u9700\u8981\u5c4f\u853d\u901a\u77e5\u7684\u65f6\u957f
-3937581443887400359	\u65f6
-3937581426707531175	\u529f\u80fd\u5df2\u5931\u6548
-3937581418117596583	\u5206
-3937581319333348775	\u5c0f\u65f6
-3937581289268577703	\u5173\u95ed\u4e86\u514d\u6253\u6270
-3937581229139035559	\u5c06\u5728 
-3937581211959166375	MM-dd hh:mm
-3937581190484329895	original
-3937581160419558823	 \u7ed3\u675f
-3937581143239689639	picElement
-3937581126059820455	sourcePath
-3937581035865507239	\u9632\u6b62\u6cc4\u9732\u9690\u79c1 \u5b9e\u9a8c\u6027\u529f\u80fd \u6548\u679c\u6ca1\u6d4b\u51fa\u6765 \u4ec5\u9002\u914dQQNT
-3937580984325899687	GPSLongitude
-3937580902721521063	GPSLatitude
-3937580851181913511	Make
-3937580838297011623	Model
-3937580782462436775	cannot save exif
-3937580760987600295	Mine
-3937580718037927335	\u56fe\u8f6c\u5361
-3937580614958712231	https://api.lzlnb.cn/api/ark
-3937580567714071975	\u957f\u6309\u56fe\u7247\u6d88\u606f\u4f1a\u51fa\u73b0\u56fe\u8f6c\u5361\u7684\u53ef\u9009\u9879
-3937580503289562535	\u6b63\u5728\u7b7e\u540d \u8bf7\u4e0d\u8981\u79bb\u5f00\u804a\u5929\u7a97\u53e3...
-3937580340080805287	https://api.lzlnb.cn/api/ark?url=
-3937580232706622887	send ark
-3937580211231786407	&yx=
-3937580168282113447	\u7fa4\u804a\u4fe1\u606f
-3937580155397211559	\u7fa4\u5e94\u7528
-3937580133922375079	->
-3937580112447538599	\u7b7e\u540d\u5931\u8d25
-3937580069497865639	\u5c06\u7fa4\u6587\u4ef6\u5361\u7247\u6240\u5728\u4f4d\u7f6e\u91cd\u65b0\u6392\u5e8f\u5230\u4e0a\u65b9
-3937579975008585127	com.tencent.mobileqq.troop.troopsetting.activity.TroopSettingFragmentV2
-3937579820389762471	\u70b9\u51fb\u4ee5\u8bbe\u7f6e\u56fe\u7247/\u8868\u60c5\u663e\u793a\u7684\u6587\u672c
-3937579786030024103	sendMsg
-3937579751670285735	summary
-3937579648591070631	\u8bbe\u7f6e\u4e3a:
-3937579635706168743	getPicElement
-3937579592756495783	emojiFrom
-3937579545511855527	com.tencent.richframework.gallery.part.RFWLayerAnimPart
-3937579262044013991	updateBackgroundAlpha
-3937579236274210215	initStartAnim
-3937578918446630311	w
-3937578832547284391	d
-3937578823957349799	i
-3937578815367415207	com.tencent.qphone.base.util.QLogItemManager$WriteHandler
-3937578806777480615	q
-3937578549079442855	tryInit
-3937578454590162343	getArkElement
-3937578377280751015	bytesData
-3937578312856241575	\u5df2\u590d\u5236
-3937578295676372391	\u4ec5\u652f\u6301QQNT
-3937578282791470503	\u957f\u6309\u590d\u5236\u5361\u7247
-3937578192597157287	com.tencent.mobileqq.aio.msglist.holder.component.pic.AIOPicContentComponent
-3937577870474610087	com.tencent.mobileqq.aio.msglist.holder.component.mix.AIOMixContentComponent
-3937577617071539623	\u590d\u5236\u56fe\u94fe
-3937577565531932071	\u5df2\u590d\u5236\u5230\u526a\u5207\u677f:
-3937577501107422631	QStory
-3937577282064090535	NT\u4e13\u7528_\u957f\u6309\u4e3b\u9875\u53f3\u4e0a\u89d2\u52a0\u53f7\u5220\u9664,\u8bf7\u52ff\u548cQA\u7684\u6e05\u7406\u6700\u8fd1\u804a\u5929\u4e00\u8d77\u5f00\u542f,\u5426\u5219\u5e76\u4e0d\u4f1a\u53d1\u751f\u4ec0\u4e48
-3937577243409384871	\u5f00\u59cb\u6e05\u7406
-3937577230524482983	\u5df2\u6e05\u7406
-3937577024366052775	com.tencent.mobileqq.activity.home.Conversation
-3937576818207622567	\u5728\u7248\u672c\u5927\u4e8e\u7b49\u4e8e8.9.80\u65f6QQ\u5173\u95ed\u4e86\u8868\u60c5\u4fdd\u5b58 \u6b64\u529f\u80fd\u53ef\u4ee5\u7ee7\u7eed\u4e0b\u8f7d\u8868\u60c5
-3937576732308276647	emotion_download_disable_8980_887036489
-3937576491790108071	com.tencent.mobileqq.activity.aio.panel.PanelIconLinearLayout
-3937576311401481639	com.tencent.mobileqq.activity.aio.core.BaseChatPie
-3937576015048738215	com.tencent.qqnt.aio.shortcutbar.PanelIconLinearLayout
-3937575838955079079	No method found
-3937575778825536935	com.tencent.qqnt.kernel.nativeinterface.PicElement
-3937575770235602343	m
-3937575551192270247	md5HexStr
-3937575491062728103	\u4fdd\u5b58\u5230QS
-3937575482472793511	/\u6ed1\u7a3d.png
-3937575379393578407	/\u6697\u9ed1\u6ed1\u7a3d.png
-3937575319264036263	 \u0336\u56e0\u0336\u4e3a\u0336F\u0336u\u0336n\u0336P\u0336a\u0336n\u0336e\u0336l\u0336\u7684\u0336Q\u0336T\u0336o\u0336o\u0336l\u0336\u8868\u0336\u60c5\u0336\u9762\u0336\u677f\u0336#\u03362\u0336\u96be\u0336\u7528\u0336 , \u6240\u4ee5\u6709\u4e86\u8fd9\u4e2a\u4eceQTool\u79fb\u690d\u9002\u914d\u6765\u7684\u8868\u60c5\u9762\u677f#1 , \u8868\u60c5\u4ee5\u6587\u4ef6\u5939\u7ec4\u4fdd\u5b58\u5728
-3937575022911292839	/Pic/\u5355\u51fb\u53ef\u4ee5\u590d\u5236
-3937574902652208551	\u8868\u60c5\u9762\u677f\u56fe\u6807\u521d\u59cb\u5316\u5b8c\u6bd5
-3937574851112600999	\u6df1\u8272\u6a21\u5f0f\u8868\u60c5\u9762\u677f\u56fe\u6807\u521d\u59cb\u5316\u5b8c\u6bd5
-3937574795278026151	com.tencent.mobileqq.aio.input.simpleui
-3937574782393124263	QStory\u8868\u60c5\u9762\u677f
-3937574554759857575	updateSimpleUI
-3937574185392670119	/Pic/
-3937574176802735527	com.tencent.mobileqq.emotionintegrate.AIOEmotionFragment
-3937574138148029863	\u9ed8\u8ba4
-3937573871860057511	com.tencent.mobileqq.widget.share.ShareActionSheetV2
-3937573687176463783	setIntentForStartForwardRecentActivity
-3937573476723066279	\u4e3b\u9875\u641c\u7d22-\u6e38\u620f\u6d88\u606f-\u804a\u5929\u754c\u9762\u53f3\u4e0a\u89d2
-3937573382233785767	com.tencent.mobileqq.activity.ChatSettingFragment
-3937573184665290151	onViewCreated
-3937573107355878823	com.tencent.mobileqq.activity.ChatSettingActivity
-3937572780938364327	mqq://card/show_pslcard?src_type=internal&source=sharecard&version=1&uin=
-3937572549010130343	android.intent.action.VIEW
-3937572209707713959	\u5f53\u524d\u529f\u80fd\u672a\u5728QQNT\u4fee\u590d \u53ef\u7528\u72b6\u6001 : 
-3937572089448629671	com.tencent.mobileqq.widget.navbar.NavBarAIO
-3937571973484512679	setEarIconVisible
-3937571913354970535	com.tencent.qqnt.kernel.nativeinterface.PttElement
-3937571634182096295	\u957f\u6309\u4e00\u6761\u8bed\u97f3
-3937571617002227111	getFilePath
-3937571526807913895	com.tencent.mobileqq.aio.msglist.holder.component.ptt.AIOPttContentComponent
-3937571204685366695	com.tencent.mobileqq.activity.aio.item.PttItemBuilder
-3937570908332623271	getActivity
-3937570547555370407	>
-3937570465950991783	com.tencent.mobileqq.setting.main.NewSettingConfigProvider
-3937570435886220711	invoke
-3937570203957986727	com.tencent.mobileqq.setting.main.b
-3937570049339164071	com.tencent.mobileqq.setting.main.MainSettingConfigProvider
-3937569791641126311	com.tencent.mobileqq.activity.QQSettingSettingActivity
-3937569525353153959	doOnCreateView
-3937569478108513703	doOnCreate
-3937569452338709927	Java\u811a\u672c
-3937569344964527527	\u5728\u7ebf\u811a\u672c
-3937569332079625639	/Log/Crash/ThreadCrash.log
-3937569246180279719	\u8bed\u97f3\u56fe\u6807\u521d\u59cb\u5316\u5b8c\u6210
-3937569207525574055	\u5b50\u7ebf\u7a0b\u95ea\u9000\u5df2\u62e6\u622a
-3937569177460802983	\u5355\u51fb\u53ef\u4ee5\u590d\u5236
-3937569117331260839	\u8bed\u97f3\u4fdd\u5b58\u5728
-3937569113036293543	/Voice/
-3937569070086620583	\u590d\u5236\u6210\u529f
-3937569057201718695	\u590d\u5236\u5931\u8d25
-3937569009957078439	/voice_icon.png
-3937568962712438183	com.tencent.qqnt.chats.biz.guild.GuildDiscoveryItemBuilder
-3937568941237601703	\u91cd\u542f\u751f\u6548
-3937568666359694759	com.tencent.qqnt.chats.core.adapter.
-3937568550395577767	com.tencent.qqnt.chats.core.adapter.holder.RecentContactItemHolder
-3937568288402572711	com.tencent.qqnt.chats.core.adapter.builder.
-3937568069359240615	com.tencent.qqnt.chats.core.ui.ChatsListVBS$
-3937567815956170151	findClass is null
-3937567755826628007	com.tencent.qqnt.chats.core.adapter.holder
-3937567562553099687	chatSwipeLayout
-3937567493833622951	com.tencent.qqnt.chats.core.adapter.holder.RecentContactItemBinding
-3937567201775846823	RecentContactChatItem
-3937567158826173863	contactType=16
-3937567120171468199	\u5220\u9664
-3937567098696631719	com.tencent.qqnt.notification.NotificationFacade
-3937566896833168807	mqq.app.AppRuntime
-3937566737919378855	com.tencent.qqnt.kernel.nativeinterface.NotificationCommonInfo
-3937566458746504615	com.tencent.qqnt.kernel.nativeinterface.RecentContactInfo
-3937566295537747367	\u59cb\u7ec8\u6ca1\u6709\u627e\u5230\u5408\u9002\u7684\u65b9\u6cd5
-3937566175278663079	com.tencent.mobileqq.app.QQAppInterface
-3937566072199447975	notifyMessageReceived
-3937565891810821543	com.tencent.imcore.message.Message
-3937565801616508327	chatType
-3937565732897031591	abstractContent
-3937565702832260519	atType
-3937565664177554855	content
-3937565561098339751	@\u5168\u4f53\u6210\u5458
-3937565500968797607	\u827e\u7279\u5168\u4f53
-3937565488083895719	chatType=2 atType=1
-3937565470904026535	content=[@\u5168\u4f53\u6210\u5458]
-3937565402184549799	abstractContent=@\u5168\u4f53\u6210\u5458
-3937565260450629031	com.tencent.qqnt.aio.widget.AIOMsgTextView
-3937565221795923367	msgId
-3937565213205988775	\u547d\u4e2d
-3937564998457623975	com.tencent.qqnt.aio.menu.ui.QQCustomMenuExpandableLayout
-3937564835248866727	setMenu
-3937564732169651623	com.tencent.qqnt.aio.menu.ui.QQCustomMenuNoIconLayout
-3937564551781025191	com.tencent.mobileqq.aio.msg.AIOMsgItem
-3937564311262856615	com.tencent.mobileqq.aio.msglist.holder.component.text.AIOTextContentComponent
-3937563963370505639	com.tencent.mobileqq.aio.msglist.holder.component.BaseContentComponent
-3937563752917108135	\u76ee\u524d\u652f\u6301\u6587\u672c\u6d88\u606f\u7684\u4fee\u6539 \u4ec5\u652f\u6301QQNT \u957f\u6309\u4e00\u6761\u6d88\u606f\u4f1a\u51fa\u73b0\u53ef\u4fee\u6539\u6d88\u606f\u7684\u53ef\u9009\u9879
-3937563508103972263	\u4fee\u6539\u6d88\u606f
-3937563495219070375	getMsgRecord
-3937563452269397415	elementType
-3937563413614691751	elements
-3937563400729789863	getTextElement
-3937563327715345831	getContent
-3937563246110967207	PictureSummary
-3937563237521032615	\u91cd\u65b0\u6253\u5f00\u6b64\u4f1a\u8bdd\u751f\u6548
-3937563181686457767	com.tencent.qqnt.kernel.nativeinterface.Contact
-3937563173096523175	J
-3937562975528027559	java.util.ArrayList
-3937562820909204903	java.util.HashMap
-3937562726419924391	com.tencent.qqnt.kernel.nativeinterface.IOperateCallback
-3937562558916199847	com.tencent.qqnt.kernel.nativeinterface.IKernelMsgService$CppProxy
-3937562241088619943	2.6.2
-3937562193843979687	lin.xposed
-3937562168074175911	s
-3937562159484241319	.
-3937562142304372135	release
-3937562129419470247	ss.SSS
-3937562039225157031	publish
-3937561983390582183	/data/list/
-3937561979095614887	
-3937561931850974631	/data/plugin/
-3937561880311367079	/data/simple/
-3937561863131497895	/databases/
-3937561854541563303	/
-3937561803001955751	AES/ECB/PKCS5Padding
-3937561678447904167	android.app.ActivityThread
-3937561652678100391	0
-3937561626908296615	AES
-3937561519534114215	sCurrentActivityThread
-3937561480879408551	mActivities
-3937561390685095335	activity
-3937561360620324263	paused
-3937561347735422375	.png
-3937561291900847527	http
-3937561231771305383	\u672a\u80fd\u8bfb\u53d6\u8db3\u591f\u7684\u5b57\u8282\u6765\u5224\u65ad\u56fe\u7247\u7c7b\u578b
-3937561197411567015	.jpg
-3937561184526665127	89504E
-3937561167346795943	FFD8FF
-3937561141576992167	.gif
-3937561077152482727	474946
-3937561042792744359	424D
-3937561025612875175	49492A
-3937561021317907879	.tif
-3937560978368234919	.dwg
-3937560961188365735	.bmp
-3937560948303463847	414331
-3937560909648758183	MD5
-3937560896763856295	\u975e\u8bb0\u5f55\u5728\u5185\u7684\u56fe\u50cf\u683c\u5f0f
-3937560823749412263	path No exists :
-3937560759324902823	Non-file type :
-3937560690605426087	\n
-3937560432907388327	path No exists(\u6e90\u6587\u4ef6\u4e0d\u5b58\u5728) : 
-3937560304058369447	Not a file, but a directory(\u4e0d\u662f\u6587\u4ef6) : 
-3937560153734514087	targetFile , Empty File object
-3937560012000593319	create File Fail :
-3937559956166018471	User-Agent
-3937559900331443623	Mozilla/5.0 (Windows NT 10.0; Win64; x64) AppleWebKit/537.36 (KHTML, like Gecko) Chrome/138.0.0.0 Safari/537.36
-3937559419295106471	Accept
-3937559311920924071	*/*
-3937559294741054887	Connection
-3937559286151120295	Mozilla/5.0 (Linux; Android 10; K) AppleWebKit/537.36 (KHTML, like Gecko) Chrome/121.0.0.0 Mobile Safari/537.36
-3937559238906480039	keep-alive
-3937558723510404519	Cookie
-3937558719215437223	Timeout
-3937558637611058599	timeout
-3937558332668380583	Mozilla/5.0 (Linux; Android 14; V2309) AppleWebKit/537.36 (KHTML, like Gecko) Chrome/120.0.0.0 Mobile Safari/537.36
-3937557903171650983	accept
-3937557843042108839	Keep-Alive
-3937557795797468583	connection
-3937557744257861031	multipart/form-data
-3937557589639038375	UTF-8
-3937557581049103783	POST
-3937557503739692455	Content-Type
-3937557258926556583	"
-3937556537372050855	Label
-3937556494422377895	clipboard
-3937556374163293607	android
-3937556348393489831	dimen
-3937556271084078503	status_bar_height
-3937556073515582887	\u521b\u5efa\u89e3\u538b\u76ee\u6807\u6587\u4ef6\u5939\u5931\u8d25
-3937555837292381607	\u4e0d\u662f\u6587\u4ef6\u5939
-3937555785752774055	\u4e0d\u5b58\u5728
-3937555592479245735	com.tencent.mobileqq|com.tencent.tim
-3937555476515128743	com.tencent.mobileqq
-3937555326191273383	com.tencent.tim
-3937555257471796647	com.tencent.mobileqq:MSF
-3937555227407025575	/Cache
-3937555145802646951	start
-3937555120032843175	/Log
-3937555107147941287	onResume
-3937555034133497255	com.tencent.mobileqq.app.automator.step.InitTabData
-3937554879514674599	doStep
-3937554815090165159	com.tencent.mobileqq.startup.step.LoadData
-3937554772140492199	delayHook
-3937554591751865767	[QStory] 
-3937554553097160103	.nomedia
-3937554531622323623	 startLoad
-3937554441428010407	 Loading Time 
-3937554381298468263	/data/xphelper
-3937554368413566375	/qs_config
-3937554308284024231	com.tencent.common.app.BaseApplicationImpl
-3937554080650757543	onCreate
-3937554016226248103	init
-3937554003341346215	attachBaseContext
-3937553943211804071	/Log/Crash/MainCrash.log
-3937553844427556263	 \u70b9\u51fb\u53ef\u4ee5\u590d\u5236\u5e76\u6d4b\u8bd5\u95ea\u9000 \u65e5\u5fd7\u4ec5\u4fdd\u7559\u6700\u65b0\u7684\u4e00\u4efd
-3937553810067817895	\u95ea\u9000\u65e5\u5fd7\u4fdd\u5b58\u5728
-3937553711283570087	\u8def\u5f84\u5df2\u590d\u5236
-3937553702693635495	kotlin.jvm.functions.Function0
-3937553672628864423	\u4e3b\u7ebf\u7a0b\u95ea\u9000\u5df2\u62e6\u622a
-3937553560959714727	com.tencent.mobileqq.setting.processor
-3937359905179305383	anchorView
-3937359892294403495	itemUiInfo
-3937359849344730535	otherViewItemInfo
-3937359789215188391	attrs
-3937359694725907879	null cannot be cast to non-null type kotlin.Float
-3937359677546038695	canvas
-3937359673251071399	anim
-3937359497157412263	ev
-3937359406963099047	onItemClickListener
-3937359321063753127	null cannot be cast to non-null type android.widget.ListView
-3937359067660682663	src
-3937359050480813479	encrypt(...)
-3937359003236173223	dst
-3937358986056304039	decrypt(...)
-3937358904451925415	default
-3937358878682121639	provider
-3937358779897873831	listener
-3937358715473364391	null cannot be cast to non-null type android.location.LocationManager
-3937358483545130407	network
-3937358432005522855	gps
-3937358380465915303	android.permission.ACCESS_FINE_LOCATION
-3937358277386700199	android.permission.ACCESS_COARSE_LOCATION
-3937358054048400807	OcrUtil
-3937358011098727847	imagePath
-3937357950969185703	OCR \u8df3\u8fc7\u8bc6\u522b\uff1a\u56fe\u7247\u8def\u5f84\u4e3a\u7a7a
-3937357882249708967	OCR \u8df3\u8fc7\u8bc6\u522b\uff1a\u56fe\u7247\u4e0d\u5b58\u5728\uff0cpath=
-3937357693271147943	PP_OCRv5_mobile_det.ncnn.param
-3937357551537227175	PP_OCRv5_mobile_det.ncnn.bin
-3937357504292586919	PP_OCRv5_mobile_rec.ncnn.param
-3937357362558666151	PP_OCRv5_mobile_rec.ncnn.bin
-3937357246594549159	OCR \u6a21\u578b\u521d\u59cb\u5316\u5931\u8d25
-3937357177875072423	paddleocr4/
-3937357126335464871	ocr
-3937357057615988135	addAssetPath
-3937357010371347879	addAssetPath failed: 
-3937356967421674919	close
-3937356885817296295	paddleocr4
-3937356748378342823	Time
-3937356675363898791	QStoryVersion
-3937356666773964199	QQVersion
-3937356632414225831	XPosedTag
-3937356503565206951	DeviceBrand
-3937356464910501287	AndroidVersion
-3937356452025599399	RomVersion
-3937356426255795623	AndroidSDK
-3937356301701744039	SystemModel
-3937350872863081895	C(<get-QStoryAccentTagColor>)175@5580L7:Color.kt#avp4iw
-3937350318812300711	C(<get-QStorySettingTagGroupColor>)178@5690L7:Color.kt#avp4iw
-3937349210710738343	C(<get-QStoryUserActionButtonDisabledColor>)184@5924L7:Color.kt#avp4iw
-3937348510631069095	QStoryColorPalette(brandPrimaryColor=
-3937348364602181031	, textPrimaryColor=
-3937348209983358375	, textSecondaryColor=
-3937348167033685415	, statusErrorColor=
-3937348081134339495	, statusOverlayTextColor=
-3937347917925582247	, listItemCardColor=
-3937347905040680359	, listLimitedCardColor=
-3937347733241988519	, switchCheckedThumbColor=
-3937347677407413671	, switchUncheckedThumbColor=
-3937347561443296679	, switchCheckedTrackColor=
-3937347368169768359	, switchUncheckedTrackColor=
-3937347252205651367	, dialogContainerColor=
-3937347217845912999	, searchInputContainerColor=
-3937347067522057639	, searchHistoryTagTextColor=
-3937346882838463911	, tagFunctionColor=
-3937346865658594727	, accentTagColor=
-3937346805529052583	, tagGroupColor=
-3937346706744804775	, userVipIdentityColor=
-3937346534946112935	, userActionButtonDisabledColor=
-3937346401802126759	C(QStoryTheme)N(darkTheme,dynamicColor,content)46@2032L7,61@2604L221,61@2531L294:QStoryTheme.kt#avp4iw
-3937346019550037415	42@1903L21
-3937345641592915367	C66@2738L11,65@2691L118:QStoryTheme.kt#avp4iw
-3937344658045404583	Directory(key=
-3937344585030960551	Function(key=
-3937344507721549223	Group(key=
-3937344417527236007	Other(key=
-3937344378872530343	getDirectoryUIInfoList(...)
-3937344361692661159	root-group-
-3937344258613446055	root
-3937344245728544167	OTHER_VIEW_ITEM_INFO_LIST
-3937344116879525287	root-other-
-3937343996620440999	directoryUiInfo
-3937343927900964263	groupWrapperList
-3937343863476454823	directory-group-
-3937343756102272423	-directory-
-3937343743217370535	uiInfoList
-3937343704562664871	-function-
-3937343614368351655	Backward
-3937343580008613287	Forward
-3937343515584103847	transitionDirection
-3937343498404234663	searchKeyword
-3937343386735084967	searchHistory
-3937343309425673639	searchResults
-3937343266476000679	getQQVersionName(...)
-3937343223526327719	SettingUiState(versionText=
-3937343017367897511	, pendingHighlightIndex=
-3937342738195023271	, transitionDirection=
-3937342665180579239	, searchKeyword=
-3937342433252345255	, searchResults=
-3937342368827835815	targetDirectory
-3937342020935484839	C(<get-QStorySettingTextSecondaryColor>)136@3953L7:Color.kt#avp4iw
-3937341389575292327	C(<get-QStorySettingStatusErrorColor>)139@4070L7:Color.kt#avp4iw
-3937340775394968999	C(<get-QStorySettingStatusOverlayTextColor>)142@4191L7:Color.kt#avp4iw
-3937340075315299751	C(<get-QStorySettingListItemCardColor>)145@4313L7:Color.kt#avp4iw
-3937339469724911015	C(<get-QStorySettingListLimitedCardColor>)148@4433L7:Color.kt#avp4iw
-3937338786825110951	C(<get-QStorySettingListSwitchCheckedThumbColor>)151@4563L7:Color.kt#avp4iw
-3937338095335376295	C(<get-QStorySettingListSwitchUncheckedThumbColor>)154@4698L7:Color.kt#avp4iw
-3937337352306034087	C(<get-QStorySettingListSwitchCheckedTrackColor>)157@4833L7:Color.kt#avp4iw
-3937336695176037799	C(<get-QStorySettingListSwitchUncheckedTrackColor>)160@4968L7:Color.kt#avp4iw
-3937334603526964647	C(<get-QStorySettingSearchHistoryTagTextColor>)169@5350L7:Color.kt#avp4iw
-3937333894857360807	C(<get-QStorySettingTagFunctionColor>)172@5474L7:Color.kt#avp4iw
-3937332821115536807	CC(remember):UserDialog.kt#9igjgp
-3937332657906779559	C(UserHeader)N(user)157@6138L577:UserDialog.kt#ndgvs9
-3937332206935213479	C161@6275L26,163@6311L398:UserDialog.kt#ndgvs9
-3937332030841554343	C166@6400L29,164@6332L145,172@6563L31,170@6491L208:UserDialog.kt#ndgvs9
-3937331652884432295	C(UserAvatar)N(uin)182@6800L7,185@6844L119,193@7067L264,184@6813L524:UserDialog.kt#ndgvs9
-3937331047294043559	C(DialogActionButton)N(text,modifier,enabled,onClick)210@7499L612:UserDialog.kt#ndgvs9
-3937330360099276199	216@7681L23
-3937330308559668647	218@7750L35
-3937330188300584359	C227@8030L35,225@7979L126:UserDialog.kt#ndgvs9
-3937328371529418151	\u6b63\u5728\u52a0\u8f7d\u597d\u53cb\u5217\u8868...
-3937328319989810599	categories
-3937328234090464679	\u52fe\u9009\u9700\u8981\u5220\u9664\u7684\u597d\u53cb
-3937328195435759015	\u6279\u91cf\u7ba1\u7406\u597d\u53cb (
-3937328173960922535	\u5df2\u9009: 
-3937328161076020647	\u5220\u9664\u9009\u4e2d (
-3937328083766609319	\u786e\u5b9a\u8981\u5220\u9664 
-3937328053701838247	\u8bf7\u5148\u9009\u62e9\u597d\u53cb
-3937328010752165287	 \u4f4d\u597d\u53cb\u5417\uff1f\n\u6b64\u64cd\u4f5c\u4e0d\u53ef\u64a4\u9500\uff01
-3937327954917590439	)...
-3937327942032688551	\u6b63\u5728\u5220\u9664\u597d\u53cb (0/
-3937327903377982887	\u52a0\u8f7d\u5931\u8d25: 
-3937327873313211815	\u597d\u53cb\u5217\u8868\u4e3a\u7a7a
-3937327834658506151	)\nQQ\u53f7: 
-3937327796003800487	\u6b63\u5728\u5220\u9664\u597d\u53cb (
-3937327761644062119	 \u4f4d\u597d\u53cb\n
-3937327753054127527	\u6b63\u5728\u52a0\u8f7d\u7fa4\u5217\u8868...
-3937327731579291047	\u5220\u9664\u5b8c\u6210\uff01\n
-3937327697219552679	\u7fa4\u5217\u8868: 
-3937327619910141351	\u52fe\u9009\u9700\u8981\u9000\u51fa\u7684\u7fa4\uff08\u6211\u521b\u5efa\u7684\u7fa4\u4e0d\u53ef\u52fe\u9009\uff09
-3937327585550402983	\u6279\u91cf\u7ba1\u7406\u7fa4 (
-3937327534010795431	\u9000\u51fa\u9009\u4e2d\u7fa4 (
-3937327491061122471	\u786e\u8ba4\u9000\u51fa
-3937327478176220583	\u786e\u5b9a\u8981\u9000\u51fa 
-3937327430931580327	\u8bf7\u5148\u9009\u62e9\u7fa4
-3937327370802038183	 \u4e2a\u7fa4\u5417\uff1f\n\u6b64\u64cd\u4f5c\u4e0d\u53ef\u64a4\u9500\uff01
-3937327340737267111	\u7fa4\u5217\u8868\u4e3a\u7a7a
-3937327297787594151	\u6b63\u5728\u9000\u51fa\u7fa4 (0/
-3937327263427855783	)\n\u7fa4\u53f7: 
-3937327229068117415	\u6b63\u5728\u9000\u51fa\u7fa4 (
-3937327220478182823	 \u4e2a\u7fa4\n
-3937327156053673383	\u9000\u51fa\u5b8c\u6210\uff01\n
-3937327104514065831	\u5386\u53f2\u516c\u544a\u65e5\u5fd7
-3937327100219098535	noticeList
-3937327065859360167	\u521b\u5efa\u8ba2\u5355\u9009\u9879\u5931\u8d25
-3937327044384523687	\u521b\u5efa\u8ba2\u5355\u9009\u9879\u5931\u8d25,\u8bf7\u91cd\u8bd5
-3937327001434850727	getPayUrl(...)
-3937326894060668327	\u67e5\u8be2\u652f\u4ed8\u7ed3\u679c\u5931\u8d25,\u60a8\u53ef\u5c1d\u8bd5\u518d\u6b21\u67e5\u8be2
-3937326868290864551	\u67e5\u8be2\u652f\u4ed8\u7ed3\u679c\u5931\u8d25,\u8bf7\u91cd\u8bd5
-3937326790981453223	\u63d0\u793a
-3937326752326747559	\u67e5\u8be2\u652f\u4ed8\u7ed3\u679c\u5931\u8d25
-3937326700787140007	\u53ef\u4ee5\u8d5e\u52a9\u4e00\u4e0b\u5417,\u8fd9\u4f1a\u5e2e\u52a9\u6a21\u5757\u5f00\u53d1\u66f4\u591a\u529f\u80fd\u8d70\u7684\u66f4\u8fdc,\u4e3a\u4f60\u63d0\u4f9b\u66f4\u591a\u670d\u52a1\n(\u4e0d\u8d5e\u52a9\u4e5f\u53ef\u4ee5\u6b63\u5e38\u4f7f\u7528\uff0c\u4f60\u7684\u652f\u6301\u662f\u6b64\u6a21\u5757\u7ef4\u62a4\u7684\u52a8\u529b\uff09\n\u8d5e\u52a9\u540e\u6b64\u5f39\u7a97\u5c06\u4e0d\u4f1a\u51fa\u73b0
-3937326464563938727	\u53bb\u8d5e\u52a9
-3937326447384069543	\u521b\u5efa\u8ba2\u5355\u9009\u9879\u4e2d
-3937326378664592807	\u652f\u4ed8\u5b8c\u6210
-3937326344304854439	\u8bf7\u9009\u62e9\u8d5e\u52a9\u9879\u76ee
-3937326318535050663	\u60a8\u5728\u652f\u4ed8\u5b8c\u6210\u540e\uff0c\u53ef\u4ee5\u70b9\u51fb\u652f\u4ed8\u5b8c\u6210\u67e5\u8be2\u652f\u4ed8\u7ed3\u679c\uff0c\u611f\u8c22\u60a8\u7684\u652f\u6301\uff0c\u8fd9\u4f1a\u8ba9\u9879\u76ee\u8d70\u7684\u66f4\u8fdc
-3937326262700475815	\u67e5\u8be2\u7ed3\u679c
-3937326112376620455	setCancelable
-3937326078016882087	\u66f4\u65b0\u7528\u6237\u4fe1\u606f\u4e2d
-3937326035067209127	\u67e5\u8be2\u4e2d
-3937326000707470759	boxList
-3937325953462830503	\u66f4\u65b0\u7528\u6237\u4fe1\u606f\u5931\u8d25,\u8bf7\u91cd\u65b0\u5237\u65b0
-3937325949167863207	\u66f4\u65b0\u7528\u6237\u4fe1\u606f\u6210\u529f
-3937325914808124839	onPaySuccess
-3937325833203746215	onSelectTroopDialogListener
-3937325708649694631	C(<get-QStoryBrandPrimaryColor>)130@3720L7:Color.kt#avp4iw
-3937325644225185191	\u9009\u62e9\u5f00\u542f\u7684\u7fa4
-3937325042929763751	C(<get-QStorySettingTextPrimaryColor>)133@3836L7:Color.kt#avp4iw
-3937323754439574951	C(SearchResultItem)N(result,onClick)227@8902L1210:SettingSearchDialog.kt#ndgvs9
-3937323067244807591	C234@9136L597,256@9822L38,260@10001L33,254@9743L363:SettingSearchDialog.kt#ndgvs9
-3937322732237358503	C239@9284L29,237@9211L196:SettingSearchDialog.kt#ndgvs9
-3937322422999713191	247@9561L31,245@9480L229
-3937322392934942119	C(resultTypeColor)N(matchType):SettingSearchDialog.kt#ndgvs9
-3937321791639520679	277@10605L29
-3937321710035142055	278@10679L20
-3937321594071025063	279@10740L26
-3937321546826384807	$this$FlowRow
-3937321469516973479	C*172@6977L38,176@7220L20,177@7285L37,170@6884L542:SettingSearchDialog.kt#ndgvs9
-3937318119442482599	versionText
-3937318067902875047	onBackClick
-3937317947643790759	onSearchClick
-3937317904694117799	onAvatarClick
-3937317827384706471	C(SettingTopBar)N(title,versionText,onBackClick,onSearchClick,onAvatarClick)43@1661L23,44@1710L23,37@1464L2370:SettingTopBar.kt#ndgvs9
-3937317024225822119	C50@1857L1971:SettingTopBar.kt#ndgvs9
-3937316809477457319	C59@2160L29,56@2026L351,66@2391L563,83@2968L850:SettingTopBar.kt#ndgvs9
-3937316568959288743	C72@2627L29,70@2559L205,78@2855L29,76@2781L159:SettingTopBar.kt#ndgvs9
-3937316186707199399	C91@3337L29,88@3200L322,96@3539L265:SettingTopBar.kt#ndgvs9
-3937315997728638375	C(UserDialog)N(onDismissRequest)57@2418L53,58@2496L34,63@2666L3415,60@2536L3545:UserDialog.kt#ndgvs9
-3937315731440666023	269@9779L29
-3937315611181581735	271@9830L29
-3937315581116810663	283@10138L30
-3937315559641974183	281@10075L33
-3937315533872170407	286@10268L35
-3937315417908053415	C(SettingOtherItem)N(entry,items,index,highlighted,modifier,onClick)358@12703L7,366@12889L35,367@12931L675,360@12716L890:SettingListContent.kt#ndgvs9
-3937313184525059495	$this$SettingCardContainer
-3937313059971007911	C203@7779L29,201@7712L215:SettingListContent.kt#ndgvs9
-3937312415725913511	C227@8363L597:SettingListContent.kt#ndgvs9
-3937311771480819111	C235@8653L29,233@8579L199,241@8873L29,239@8791L159:SettingListContent.kt#ndgvs9
-3937311427883435431	C291@10364L1704:SettingListContent.kt#ndgvs9
-3937310822293046695	C297@10580L685,327@11610L40,328@11694L42,329@11778L40,330@11862L42,326@11562L482,319@11279L779:SettingListContent.kt#ndgvs9
-3937310358436578727	C302@10730L148:SettingListContent.kt#ndgvs9
-3937310169458017703	312@11073L31,310@10994L239
-3937309976184489383	324@11454L48
-3937309928939849127	340@12201L35,338@12107L305
-3937309873105274279	C368@12941L659:SettingListContent.kt#ndgvs9
-3937309250335016359	C375@13174L29,373@13100L151:SettingListContent.kt#ndgvs9
-3937309048471553447	getLeftText(...)
-3937308984047044007	383@13428L31,381@13357L219
-3937308859492992423	CN(it)178@8834L22:LazyDsl.kt#428nma
-3937308344096916903	CN(result)*201@8207L28,199@8106L155:SettingSearchDialog.kt#ndgvs9
-3937308077808944551	CC(remember):SettingSearchDialog.kt#9igjgp
-3937307953254892967	onDismissRequest
-3937307888830383527	onKeywordChange
-3937307820110906791	onClearKeyword
-3937307747096462759	onHistorySelected
-3937307686966920615	onClearHistory
-3937307613952476583	onResultSelected
-3937307549527967143	C(SettingSearchDialog)N(keyword,history,results,onDismissRequest,onKeywordChange,onClearKeyword,onHistorySelected,onClearHistory,onResultSelected)64@2862L29,65@2917L45,65@2896L66,72@3098L5687,69@2968L5817:SettingSearchDialog.kt#ndgvs9
-3937306883808036263	C152@5466L787,150@5403L850:MainScreen.kt#ndgvs9
-3937306677649606055	$this$LazyColumn
-3937306166548497831	innerPadding
-3937306119303857575	CN(innerPadding)87@3454L378,80@3172L660:MainScreen.kt#ndgvs9
-3937305466468828583	https://github.com/Suzhelan
-3937305414929221031	https://suzhelan.top
-3937305264605365671	https://github.com/Xposed-Modules-Repo/lin.xposed
-3937305032677131687	https://deeply-raptor-37d.notion.site/Root-2c0ef1ecbe4a80939e39c3e53cd20525
-3937304706259617191	C155@5554L36,153@5480L124,159@5687L36,157@5617L120,163@5821L32,161@5750L117,167@5950L25,165@5880L109,171@6072L28,169@6002L112,175@6197L32,173@6127L116:MainScreen.kt#ndgvs9
-3937303623927858599	LSP\u4ed3\u5e93
-3937303585273152935	Telegram
-3937303546618447271	\u4f7f\u7528\u6559\u7a0b
-3937302756344464807	CC(remember):SettingListContent.kt#9igjgp
-3937302322552767911	C(SettingListContent)N(listKey,scrollStateMap,entries,highlightIndex,onHighlightConsumed,onDirectoryClick,onFunctionToggle,onFunctionClick,onOtherClick)77@3695L74,78@3795L43,80@3898L632,80@3844L686,110@4729L2613,104@4536L2806:SettingListContent.kt#ndgvs9
-3937302288193029543	entries
-3937300875148789159	C(SettingGroupItem)N(entry,items,index,highlighted,modifier)200@7702L231,194@7542L391:SettingListContent.kt#ndgvs9
-3937300059105002919	C(SettingDirectoryItem)N(entry,items,index,highlighted,modifier,onClick)226@8353L613,219@8166L800:SettingListContent.kt#ndgvs9
-3937299071262524839	C(SettingFunctionItem)N(entry,items,index,highlighted,modifier,onToggle,onClick)258@9285L7,290@10354L2074,274@9871L2557:SettingListContent.kt#ndgvs9
-3937297894441485735	setting_page_transition
-3937297860081747367	194@7914L34,195@7984L33,196@8052L40,197@8130L34,198@8199L33,199@8269L33,190@7711L605
-3937297400520246695	205@8417L26,204@8370L87
-3937297366160508327	\u6635\u79f0: 
-3937297314620900775	QQ: 
-3937297301735998887	\u5206\u7ec4 
-3937297250196391335	categoryMap
-3937297215836652967	friends
-3937297190066849191	FriendItem(friend=
-3937297129937307047	query
-3937297099872535975	GroupHeader(categoryId=
-3937296773455021479	https://p.qlogo.cn/gh/
-3937296623131166119	\u7fa4\u53f7: 
-3937296597361362343	/640/
-3937296588771427751	uinList
-3937296550116722087	  [\u7ba1\u7406\u5458]
-3937296507167049127	  [\u6211\u521b\u5efa\u7684\u7fa4]
-3937296447037506983	GroupName
-3937296408382801319	\u6211\u7ba1\u7406\u7684\u7fa4
-3937296386907964839	troops
-3937296382612997543	\u6211\u521b\u5efa\u7684\u7fa4
-3937296356843193767	\u5176\u4ed6
-3937296335368357287	TroopItem(troop=
-3937296331073389991	\u6211\u52a0\u5165\u7684\u7fa4
-3937296270943847847	, isOwner=
-3937296215109272999	CN(it)61@2689L11:MainScreen.kt#ndgvs9
-3937295506439669159	C60@2666L44:MainScreen.kt#ndgvs9
-3937294909439215015	$this$item
-3937294819244901799	C89@3491L317:MainScreen.kt#ndgvs9
-3937294230834382247	C94@3748L11,95@3780L10:MainScreen.kt#ndgvs9
-3937293973136344487	$this$Card
-3937293917301769639	C111@4136L1162:MainScreen.kt#ndgvs9
-3937293311711380903	CC(Row)N(modifier,horizontalArrangement,verticalAlignment,content)99@5125L58,100@5188L131:Row.kt#2w3rfo
-3937292796315305383	C101@5233L9:Row.kt#2w3rfo
-3937292770545501607	C118@4384L48,117@4352L228,123@4593L695:MainScreen.kt#ndgvs9
-3937292512847463847	C127@4725L41,126@4692L184,131@4893L29,132@4939L107,136@5063L29,137@5109L165:MainScreen.kt#ndgvs9
-3937292104825570727	QQ \u529f\u80fd\u6027 Xposed \u6a21\u5757
-3937292006041322919	2.6.2 (
-3937291902962107815	C(MainScreen)57@2571L145:MainScreen.kt#ndgvs9
-3937291447695574439	C(HomePager)68@2775L21,70@2828L163,76@3036L10,77@3077L13,79@3146L692,69@2801L1037:MainScreen.kt#ndgvs9
-3937290786270610855	C(AboutCard)104@3917L7,109@4080L39,105@3929L1375:MainScreen.kt#ndgvs9
-3937290227924862375	CC(<get-current>):CompositionLocal.kt#9igjgp
-3937290043241268647	CC(remember):MainScreen.kt#9igjgp
-3937289880032511399	C(LinkCard)148@5374L7,149@5386L873:MainScreen.kt#ndgvs9
-3937289343161599399	onFunctionToggle
-3937289278737089959	onFunctionToggle(Llin/xposed/hook/view/main/itemview/info/ItemUiInfo;Z)V
-3937288905074935207	onFunctionClick
-3937288836355458471	onFunctionClick(Llin/xposed/hook/view/main/itemview/info/ItemUiInfo;Landroid/view/View;)V
-3937288501348009383	onOtherClick
-3937288454103369127	onOtherClick(Llin/xposed/hook/view/main/itemview/base/OtherViewItemInfo;Landroid/view/View;)V
-3937287998836835751	onSearchDialogDismissed
-3937287964477097383	onSearchDialogDismissed()V
-3937287839923045799	onSearchKeywordChanged
-3937287663829386663	onSearchKeywordChanged(Ljava/lang/String;)V
-3937287543570302375	onSearchHistorySelected
-3937287371771610535	onSearchHistorySelected(Ljava/lang/String;)V
-3937287187088016807	onSearchHistoryCleared
-3937287148433311143	onSearchHistoryCleared()V
-3937286985224553895	onSearchResultSelected
-3937286946569848231	onSearchResultSelected(Llin/xposed/hook/view/main/SearchHelper$SearchResult;)V
-3937286598677497255	C(SettingRoute)N(activity,viewModel)113@4271L4204,113@4259L4216:SettingActivity.kt#itusog
-3937286177770702247	CC(viewModel)N(viewModelStoreOwner,key,factory,extras)56@2573L7,67@2981L63:ViewModel.kt#3tja67
-3937286160590833063	112@4243L11
-3937285761158874535	No ViewModelStoreOwner was provided via LocalViewModelStoreOwner
-3937285104028878247	$this$AnimatedContent
-3937285095438943655	CN(directoryUiInfo)168@6721L170,171@6922L115,180@7323L30,181@7394L27,182@7462L27,183@7529L26,184@7592L23,175@7055L578:SettingActivity.kt#itusog
-3937283884258166183	CC(remember):SettingActivity.kt#9igjgp
-3937283776883983783	C114@4310L16,115@4349L56,117@4484L34,118@4544L45,120@4643L43,120@4595L91,124@4692L3781:SettingActivity.kt#itusog
-3937282965135164839	CC(Box)N(modifier,contentAlignment,propagateMinConstraints,content)71@3424L131:Box.kt#2w3rfo
-3937282539933402535	CC(Layout)N(content,modifier,measurePolicy)81@3355L27,84@3521L415:Layout.kt#80mrfh
-3937282209220920743	CC(ReusableComposeNode)N(factory,update,content)410@16187L9:Composables.kt#9igjgp
-3937281839853733287	C72@3469L9:Box.kt#2w3rfo
-3937281672350008743	C126@4770L43,125@4741L214,132@4965L2692:SettingActivity.kt#itusog
-3937281440421774759	CC(Column)N(modifier,verticalArrangement,horizontalAlignment,content)87@4443L61,88@4509L134:Column.kt#2w3rfo
-3937280912140797351	C89@4557L9:Column.kt#2w3rfo
-3937280791881713063	C136@5156L139,141@5329L30,142@5393L25,133@5021L411,149@5643L985,166@6643L1004,145@5446L2201:SettingActivity.kt#itusog
-3937280602903152039	\u83b7\u53d6\u6d88\u606f\u5931\u8d25: \u83b7\u53d6\u7ed3\u679c\u4e3a\u7a7a
-3937280529888708007	getLastestMsgsSync error: 
-3937280370974918055	\u83b7\u53d6\u6d88\u606f\u5931\u8d25: 
-3937280306550408615	getMsgsSync timeout: 
-3937280259305768359	\u83b7\u53d6\u6d88\u606f\u5931\u8d25: \u7ed3\u679c\u4e3a\u7a7a
-3937280229240997287	\u83b7\u53d6\u6d88\u606f\u8d85\u65f6
-3937280212061128103	getMsgsSync interrupted: 
-3937280048852370855	getMsgs error: 
-3937280014492632487	\u83b7\u53d6\u6d88\u606f\u88ab\u4e2d\u65ad
-3937279980132894119	getKernelMsgService error: 
-3937279859873809831	peer
-3937279846988907943	cnt
-3937279791154333095	queryOrder
-3937279761089562023	byType
-3937279718139889063	includeDeleteMsg
-3937279700960019879	includeSelf
-3937279550636164519	com.tencent.biz.ProtoServlet
-3937279503391524263	com.tencent.biz.m
-3937279151204205991	top.suzhelan.qstory.hook.service.proto.OIDBSSOPkg
-3937278953635710375	serviceType
-3937278919275972007	command
-3937278902096102823	bodybuffer
-3937278820491724199	null cannot be cast to non-null type top.suzhelan.qstory.hook.service.proto.OIDBSSOPkg
-3937278777542051239	errorCode
-3937278369520158119	OIDBSSOPkg(command=
-3937278129001989543	top.suzhelan.qstory.hook.service.proto.TroopReplyEmoji
-3937278107527153063	, errorCode=
-3937277862714017191	p7
-3937277849829115303	p6
-3937277815469376935	emojiId
-3937277772519703975	TroopReplyEmoji(troopUin=
-3937277570656241063	OidbSvcTrpcTcp.0x9082_1
-3937277536296502695	fetchTroopMemberList
-3937277351612908967	TroopMemberUtils
-3937277330138072487	last_active_time
-3937277287188399527	join_time
-3937277231353824679	memberuin
-3937277136864544167	newRealLevel
-3937277098209838503	friendnick
-3937277089619903911	realLevel
-3937277042375263655	com.tencent.mobileqq.data.troop.TroopMemberNickInfo
-3937276819036964263	troopNick
-3937276724547683751	colorNick
-3937276664418141607	TroopMemberNameCache-
-3937276522684220839	com.tencent.mobileqq.troop.api.IBizTroopMemberInfoService
-3937276256396248487	getTroopMemberNickNoEmpty
-3937276230626444711	6
-3937276204856640935	OidbSvc.0x8fc_2
-3937276136137164199	toBytes(...)
-3937276088892523943	UserUin
-3937275985813308839	getTodayDate(...)
-3937275891324028327	PluginTroopCache
-3937275826899518887	newSetFromMap(...)
-3937275801129715111	com.tencent.mobileqq.data.troop.TroopMemberCardInfo
-3937275509071938983	com.tencent.mobileqq.troop.api.ITroopHandlerNameApi
-3937275285733639591	getTroopMemberCardHandlerName
-3937275139704751527	https://doh.pub/dns-query
-3937275113934947751	1.12.12.12
-3937275058100372903	120.53.53.53
-3937274942136255911	https://cloudflare-dns.com/dns-query
-3937274826172138919	1.1.1.1
-3937274757452662183	https://dns.google/dns-query
-3937274723092923815	1.0.0.1
-3937274641488545191	8.8.8.8
-3937274572769068455	https://qstory.suzhelan.top
-3937274538409330087	8.8.4.4
-3937274383790507431	create(...)
-3937274353725736359	Ip
-3937274332250899879	Uin
-3937274315071030695	Nickname
-3937274276416325031	Location
-3937274263531423143	ClientCity
-3937274224876717479	regularly
-3937274177632077223	Lt
-3937274143272338855	dnsList
-3937274130387436967	commitInfo
-3937274040193123751	hostname
-3937273932818941351	. Last error: 
-3937273894164235687	dohUrl
-3937273808264889767	C25@862L12:NewMainActivity.kt#itusog
-3937273786790053287	bootstrapIps
-3937273026580841895	C67@2750L29:SettingActivity.kt#itusog
-3937272455350191527	onSearchDialogShown
-3937272438170322343	onSearchDialogShown()V
-3937272365155878311	onHighlightConsumed
-3937272210537055655	onHighlightConsumed()V
-3937272171882349991	onDirectoryClick
-3937272107457840551	onDirectoryClick(Llin/xposed/hook/view/main/itemview/info/DirectoryUiInfo;)V